;FLAVOR:Marlin
;TIME:3320
;Filament used: 2.5973m
;Layer height: 0.2
;MINX:35.302
;MINY:146.815
;MINZ:0.2
;MAXX:141.7
;MAXY:253.185
;MAXZ:1
;Generated with Cura_SteamEngine 5.0.0
M140 S55
M105
M190 S55
M104 S195
M105
M109 S195
M82 ;absolute extrusion mode
M107 ;Start with the fan off
G21 ;Set units to millimeters
G91 ;Change to relative positioning mode for retract filament and nozzle lifting
G1 F200 E-3 ;Retract 3mm filament for a clean start
G92 E0 ;Zero the extruded length
G1 F1000 Z5 ;Lift the nozzle 5mm before homing axes
G90 ;Absolute positioning
M82 ;Set extruder to absolute mode too
G28 X0 Y0 ;First move X/Y to min endstops
G28 Z0 ;Then move Z to min endstops
G1 F1000 Z15 ;After homing lift the nozzle 15mm before start printing

G92 E0
G92 E0
G1 F2400 E-6
;LAYER_COUNT:5
;LAYER:0
M106 S255
M204 S3000
M205 X10 Y10
G1 F600 Z0.275
G0 F3000 X66.526 Y151.552 Z0.275
G1 F600 Z0.2
G0 F3000 X61.812 Y153.981
M204 S1800
M205 X8 Y8
;TYPE:SKIRT
G1 F2400 E0
G1 X61.991 Y153.877 E0.00964
G1 X64.136 Y152.708 E0.12339
G1 X66.526 Y151.552 E0.24701
G1 X68.967 Y150.518 E0.37045
G1 X69.162 Y150.441 E0.38021
G1 X71.656 Y149.539 E0.50371
G1 X73.992 Y148.818 E0.61755
G1 X76.563 Y148.159 E0.74113
G1 X79.157 Y147.628 E0.86442
G1 X81.783 Y147.227 E0.98812
G1 X84.422 Y146.958 E1.11164
G1 X84.63 Y146.942 E1.12135
G1 X87.28 Y146.815 E1.24489
G1 X89.722 Y146.815 E1.3586
G1 X92.373 Y146.942 E1.48218
G1 X95.011 Y147.201 E1.60561
G1 X97.635 Y147.591 E1.72914
G1 X97.842 Y147.627 E1.73892
G1 X100.238 Y148.112 E1.85275
G1 X102.809 Y148.762 E1.97623
G1 X105.345 Y149.539 E2.09974
G1 X107.839 Y150.44 E2.22322
G1 X108.036 Y150.517 E2.23306
G1 X110.477 Y151.552 E2.35652
G1 X112.677 Y152.612 E2.47023
G1 X115.008 Y153.875 E2.59368
G1 X115.192 Y153.981 E2.60357
G1 X117.451 Y155.368 E2.72701
G1 X119.641 Y156.867 E2.85058
G1 X121.753 Y158.473 E2.97413
G1 X123.624 Y160.044 E3.08789
G1 X125.57 Y161.842 E3.21126
G1 X127.428 Y163.74 E3.33494
G1 X129.185 Y165.723 E3.4583
G1 X130.844 Y167.795 E3.5819
G1 X130.971 Y167.962 E3.59167
G1 X132.516 Y170.119 E3.71522
G1 X133.841 Y172.172 E3.82899
G1 X135.171 Y174.467 E3.95251
G1 X136.386 Y176.823 E4.07594
G1 X137.482 Y179.241 E4.19956
G1 X138.455 Y181.704 E4.32287
G1 X138.528 Y181.903 E4.33274
G1 X139.306 Y184.22 E4.44655
G1 X140.029 Y186.773 E4.5701
G1 X140.624 Y189.354 E4.69344
G1 X141.09 Y191.968 E4.81708
G1 X141.425 Y194.597 E4.94048
G1 X141.628 Y197.245 E5.06415
G1 X141.639 Y197.453 E5.07385
G1 X141.7 Y200.105 E5.19737
G1 X141.639 Y202.547 E5.31111
G1 X141.446 Y205.191 E5.43455
G1 X141.121 Y207.825 E5.55813
G1 X141.091 Y208.03 E5.56778
G1 X140.668 Y210.437 E5.68158
G1 X140.08 Y213.028 E5.8053
G1 X139.367 Y215.58 E5.92868
G1 X138.528 Y218.096 E6.05218
G1 X137.562 Y220.568 E6.17576
G1 X137.482 Y220.76 E6.18544
G1 X136.478 Y222.986 E6.29915
G1 X135.273 Y225.348 E6.42262
G1 X135.172 Y225.534 E6.43248
G1 X133.841 Y227.827 E6.55593
G1 X132.398 Y230.054 E6.6795
G1 X130.845 Y232.204 E6.803
G1 X129.187 Y234.275 E6.92653
G1 X127.427 Y236.262 E7.05013
G1 X125.573 Y238.154 E7.17347
G1 X123.782 Y239.817 E7.28728
G1 X121.752 Y241.527 E7.41087
G1 X119.642 Y243.132 E7.53431
G1 X117.452 Y244.631 E7.65789
G1 X115.191 Y246.019 E7.78143
G1 X112.866 Y247.292 E7.90485
G1 X110.476 Y248.448 E8.02848
G1 X108.035 Y249.483 E8.15194
G1 X105.542 Y250.395 E8.27554
G1 X103.01 Y251.182 E8.39901
G1 X100.441 Y251.841 E8.5225
G1 X97.845 Y252.372 E8.64589
G1 X95.219 Y252.773 E8.76958
G1 X92.58 Y253.042 E8.8931
G1 X92.372 Y253.058 E8.90282
G1 X89.723 Y253.185 E9.02631
G1 X87.071 Y253.18 E9.1498
G1 X84.629 Y253.058 E9.26365
G1 X81.991 Y252.799 E9.38707
G1 X79.367 Y252.409 E9.5106
G1 X76.764 Y251.887 E9.63422
G1 X74.193 Y251.238 E9.75769
G1 X71.657 Y250.461 E9.8812
G1 X69.163 Y249.56 E10.00467
G1 X68.966 Y249.483 E10.01452
G1 X66.525 Y248.448 E10.13798
G1 X64.325 Y247.388 E10.25169
G1 X61.994 Y246.125 E10.37514
G1 X61.81 Y246.019 E10.38503
G1 X59.55 Y244.631 E10.50853
G1 X57.363 Y243.134 E10.63194
G1 X55.249 Y241.527 E10.75559
G1 X53.378 Y239.956 E10.86935
G1 X51.431 Y238.156 E10.99281
G1 X49.575 Y236.26 E11.11636
G1 X47.816 Y234.276 E11.23982
G1 X47.679 Y234.113 E11.24974
G1 X46.033 Y232.039 E11.37303
G1 X44.486 Y229.881 E11.49667
G1 X43.161 Y227.828 E11.61045
G1 X41.831 Y225.533 E11.73396
G1 X40.617 Y223.176 E11.85741
G1 X40.525 Y222.987 E11.8672
G1 X39.521 Y220.761 E11.98091
G1 X38.547 Y218.295 E12.10437
G1 X37.697 Y215.78 E12.22798
G1 X37.635 Y215.58 E12.23773
G1 X36.922 Y213.025 E12.36125
G1 X36.338 Y210.441 E12.48461
G1 X35.88 Y207.823 E12.60836
G1 X35.577 Y205.4 E12.72207
G1 X35.374 Y202.758 E12.84545
G1 X35.363 Y202.548 E12.85524
G1 X35.302 Y199.895 E12.97881
G1 X35.363 Y197.453 E13.09256
G1 X35.557 Y194.806 E13.21614
G1 X35.577 Y194.6 E13.22578
G1 X35.88 Y192.177 E13.33948
G1 X36.337 Y189.561 E13.46314
G1 X36.921 Y186.975 E13.58659
G1 X37.635 Y184.419 E13.71016
G1 X38.475 Y181.904 E13.83363
G1 X38.546 Y181.707 E13.84338
G1 X39.439 Y179.432 E13.95718
G1 X40.526 Y177.012 E14.08072
G1 X40.615 Y176.826 E14.09032
G1 X41.728 Y174.652 E14.20404
G1 X43.054 Y172.348 E14.32783
G1 X44.485 Y170.121 E14.45109
G1 X44.605 Y169.944 E14.46104
G1 X46.157 Y167.797 E14.5844
G1 X47.679 Y165.887 E14.69812
G1 X49.434 Y163.892 E14.82185
G1 X49.576 Y163.738 E14.8316
G1 X51.43 Y161.846 E14.95495
G1 X53.378 Y160.044 E15.07851
G1 X55.248 Y158.474 E15.19221
G1 X57.362 Y156.867 E15.31586
G1 X59.551 Y155.368 E15.4394
G1 X61.812 Y153.981 E15.56291
M204 S3000
M205 X10 Y10
G1 F2400 E9.56291
G0 F3000 X57.7 Y157.313
M204 S1800
M205 X8 Y8
G1 F2400 E15.56291
G1 X59.866 Y155.831 E15.68512
G1 X62.104 Y154.459 E15.80735
G1 X64.404 Y153.2 E15.92944
G1 X66.769 Y152.056 E16.05177
G1 X69.185 Y151.034 E16.17392
G1 X69.353 Y150.967 E16.18235
G1 X71.821 Y150.074 E16.30456
G1 X74.334 Y149.303 E16.42696
G1 X76.875 Y148.662 E16.54898
G1 X79.449 Y148.145 E16.67123
G1 X82.046 Y147.758 E16.7935
G1 X84.658 Y147.502 E16.91571
G1 X87.28 Y147.375 E17.03794
G1 X89.722 Y147.375 E17.15165
G1 X92.345 Y147.502 E17.27393
G1 X94.955 Y147.758 E17.39605
G1 X97.551 Y148.145 E17.51826
G1 X100.127 Y148.661 E17.64059
G1 X102.671 Y149.305 E17.76279
G1 X105.18 Y150.074 E17.88498
G1 X107.648 Y150.966 E18.00718
G1 X110.069 Y151.982 E18.12944
G1 X112.434 Y153.117 E18.25159
G1 X114.74 Y154.367 E18.37372
G1 X116.985 Y155.734 E18.49612
G1 X119.155 Y157.207 E18.61824
G1 X121.25 Y158.789 E18.74048
G1 X123.264 Y160.473 E18.86273
G1 X125.189 Y162.252 E18.98478
G1 X127.027 Y164.131 E19.10717
G1 X128.765 Y166.093 E19.22922
G1 X130.407 Y168.144 E19.35156
G1 X131.942 Y170.272 E19.47373
G1 X133.37 Y172.476 E19.59602
G1 X134.686 Y174.747 E19.71824
G1 X135.888 Y177.078 E19.84036
G1 X136.971 Y179.471 E19.96267
G1 X137.934 Y181.909 E20.08473
G1 X138.775 Y184.398 E20.20706
G1 X139.49 Y186.924 E20.32931
G1 X140.078 Y189.479 E20.45139
G1 X140.539 Y192.066 E20.57375
G1 X140.87 Y194.667 E20.69584
G1 X141.07 Y197.287 E20.81819
G1 X141.14 Y199.909 E20.94033
G1 X141.079 Y202.533 E21.06254
G1 X140.888 Y205.149 E21.18468
G1 X140.566 Y207.756 E21.30699
G1 X140.116 Y210.34 E21.42913
G1 X139.534 Y212.903 E21.55151
G1 X138.828 Y215.429 E21.67364
G1 X137.997 Y217.918 E21.79583
G1 X137.041 Y220.364 E21.91811
G1 X135.967 Y222.756 E22.04021
G1 X134.774 Y225.093 E22.16238
G1 X133.464 Y227.371 E22.28475
G1 X132.047 Y229.575 E22.40675
G1 X130.516 Y231.711 E22.52913
G1 X128.884 Y233.765 E22.65128
G1 X127.15 Y235.737 E22.77356
G1 X125.32 Y237.618 E22.89576
G1 X123.401 Y239.406 E23.01789
G1 X121.392 Y241.098 E23.14019
G1 X119.304 Y242.686 E23.26234
G1 X117.136 Y244.169 E23.38465
G1 X114.899 Y245.541 E23.50685
G1 X112.598 Y246.8 E23.62898
G1 X110.233 Y247.944 E23.75131
G1 X107.817 Y248.967 E23.87348
G1 X105.351 Y249.869 E23.99575
G1 X102.845 Y250.647 E24.11793
G1 X100.303 Y251.299 E24.24013
G1 X97.734 Y251.824 E24.36223
G1 X95.136 Y252.219 E24.48459
G1 X92.524 Y252.485 E24.60685
G1 X89.905 Y252.62 E24.72896
G1 X87.281 Y252.625 E24.85114
G1 X84.657 Y252.498 E24.97347
G1 X82.047 Y252.242 E25.09559
G1 X79.451 Y251.855 E25.2178
G1 X76.876 Y251.339 E25.34009
G1 X74.331 Y250.696 E25.46232
G1 X71.822 Y249.926 E25.58453
G1 X69.354 Y249.034 E25.70672
G1 X66.933 Y248.018 E25.82898
G1 X64.568 Y246.883 E25.95113
G1 X62.262 Y245.633 E26.07327
G1 X60.017 Y244.266 E26.19566
G1 X57.849 Y242.794 E26.31768
G1 X55.752 Y241.212 E26.44
G1 X53.738 Y239.527 E26.56227
G1 X51.812 Y237.746 E26.68442
G1 X49.976 Y235.869 E26.80668
G1 X48.236 Y233.906 E26.92883
G1 X46.595 Y231.854 E27.05117
G1 X45.06 Y229.729 E27.17324
G1 X43.632 Y227.524 E27.29556
G1 X42.316 Y225.253 E27.41778
G1 X41.115 Y222.921 E27.53992
G1 X40.032 Y220.531 E27.6621
G1 X39.068 Y218.09 E27.78431
G1 X38.227 Y215.602 E27.9066
G1 X37.513 Y213.077 E28.02879
G1 X36.925 Y210.518 E28.15105
G1 X36.464 Y207.936 E28.27318
G1 X36.133 Y205.331 E28.39545
G1 X35.932 Y202.716 E28.51758
G1 X35.862 Y200.091 E28.63985
G1 X35.923 Y197.467 E28.76207
G1 X36.115 Y194.848 E28.88435
G1 X36.436 Y192.246 E29.00643
G1 X36.888 Y189.658 E29.12876
G1 X37.467 Y187.099 E29.25093
G1 X38.174 Y184.57 E29.3732
G1 X39.006 Y182.082 E29.49536
G1 X39.961 Y179.637 E29.61759
G1 X41.036 Y177.243 E29.73979
G1 X42.227 Y174.907 E29.86188
G1 X43.539 Y172.629 E29.98429
G1 X44.955 Y170.425 E30.10627
G1 X46.488 Y168.288 E30.22874
G1 X48.117 Y166.236 E30.35073
G1 X49.854 Y164.262 E30.47317
G1 X51.683 Y162.382 E30.5953
G1 X53.602 Y160.594 E30.71744
G1 X55.608 Y158.903 E30.8396
G1 X57.7 Y157.313 E30.96196
M204 S3000
M205 X10 Y10
G1 F2400 E24.96196
G0 F3000 X54.459 Y161.331
M204 S1800
M205 X8 Y8
G1 F2400 E30.96196
G1 X56.428 Y159.682 E31.08155
G1 X58.478 Y158.133 E31.20119
G1 X60.603 Y156.687 E31.32088
G1 X62.795 Y155.352 E31.44039
G1 X65.053 Y154.125 E31.56005
G1 X67.37 Y153.014 E31.6797
G1 X69.736 Y152.02 E31.7992
G1 X72.152 Y151.144 E31.91886
G1 X74.61 Y150.389 E32.0386
G1 X77.097 Y149.759 E32.15806
G1 X79.616 Y149.252 E32.27771
G1 X82.157 Y148.872 E32.39734
G1 X84.714 Y148.62 E32.51698
G1 X87.28 Y148.495 E32.63661
G1 X89.722 Y148.495 E32.75032
G1 X92.289 Y148.62 E32.86999
G1 X94.968 Y148.888 E32.99536
G1 X97.509 Y149.274 E33.11504
G1 X100.027 Y149.787 E33.23469
G1 X102.516 Y150.424 E33.35433
G1 X104.968 Y151.184 E33.47386
G1 X107.383 Y152.065 E33.59356
G1 X109.748 Y153.066 E33.71314
G1 X112.058 Y154.182 E33.8326
G1 X114.316 Y155.414 E33.95238
G1 X116.505 Y156.757 E34.07196
G1 X118.627 Y158.206 E34.19161
G1 X120.672 Y159.76 E34.31121
G1 X122.636 Y161.413 E34.43074
G1 X124.519 Y163.163 E34.55044
G1 X126.31 Y165.005 E34.67007
G1 X128.006 Y166.931 E34.78957
G1 X129.607 Y168.943 E34.9093
G1 X131.104 Y171.03 E35.02889
G1 X132.494 Y173.19 E35.14849
G1 X133.776 Y175.417 E35.26815
G1 X134.946 Y177.704 E35.38777
G1 X135.998 Y180.046 E35.50732
G1 X136.935 Y182.438 E35.62694
G1 X137.75 Y184.875 E35.74659
G1 X138.443 Y187.348 E35.86618
G1 X139.012 Y189.853 E35.9858
G1 X139.454 Y192.383 E36.10539
G1 X139.771 Y194.932 E36.225
G1 X139.959 Y197.495 E36.34466
G1 X140.02 Y200.063 E36.46427
G1 X139.953 Y202.63 E36.58384
G1 X139.758 Y205.191 E36.70344
G1 X139.436 Y207.739 E36.82303
G1 X138.987 Y210.272 E36.94281
G1 X138.412 Y212.774 E37.06235
G1 X137.713 Y215.244 E37.18188
G1 X136.892 Y217.68 E37.30158
G1 X135.95 Y220.069 E37.42116
G1 X134.892 Y222.408 E37.5407
G1 X133.717 Y224.694 E37.66038
G1 X132.429 Y226.916 E37.77997
G1 X131.034 Y229.073 E37.89959
G1 X129.531 Y231.157 E38.01923
G1 X127.927 Y233.164 E38.13886
G1 X126.224 Y235.088 E38.25851
G1 X124.43 Y236.923 E38.378
G1 X122.544 Y238.669 E38.49768
G1 X120.574 Y240.319 E38.61734
G1 X118.525 Y241.866 E38.73689
G1 X116.4 Y243.311 E38.85654
G1 X114.207 Y244.648 E38.97614
G1 X111.949 Y245.875 E39.0958
G1 X109.633 Y246.986 E39.21541
G1 X107.264 Y247.981 E39.33506
G1 X104.85 Y248.856 E39.45462
G1 X102.392 Y249.611 E39.57435
G1 X99.905 Y250.241 E39.69382
G1 X97.386 Y250.748 E39.81346
G1 X94.845 Y251.128 E39.9331
G1 X92.288 Y251.38 E40.05274
G1 X89.723 Y251.505 E40.17232
G1 X87.155 Y251.502 E40.2919
G1 X84.588 Y251.37 E40.41158
G1 X82.034 Y251.112 E40.53111
G1 X79.493 Y250.726 E40.65079
G1 X76.976 Y250.213 E40.7704
G1 X74.486 Y249.576 E40.89008
G1 X72.034 Y248.816 E41.00961
G1 X69.619 Y247.935 E41.12932
G1 X67.254 Y246.934 E41.2489
G1 X64.944 Y245.818 E41.36836
G1 X62.686 Y244.586 E41.48813
G1 X60.497 Y243.243 E41.60771
G1 X58.378 Y241.795 E41.72722
G1 X56.33 Y240.24 E41.84696
G1 X54.365 Y238.587 E41.96653
G1 X52.483 Y236.836 E42.08622
G1 X50.693 Y234.996 E42.20576
G1 X48.993 Y233.066 E42.32552
G1 X47.397 Y231.058 E42.44495
G1 X45.898 Y228.97 E42.56464
G1 X44.508 Y226.81 E42.68425
G1 X43.226 Y224.583 E42.8039
G1 X42.057 Y222.296 E42.9235
G1 X41.005 Y219.956 E43.04296
G1 X40.067 Y217.561 E43.16273
G1 X39.252 Y215.125 E43.28234
G1 X38.56 Y212.652 E43.40192
G1 X37.993 Y210.148 E43.52147
G1 X37.547 Y207.615 E43.64123
G1 X37.232 Y205.068 E43.76073
G1 X37.043 Y202.506 E43.88035
G1 X36.982 Y199.937 E44.00001
G1 X37.049 Y197.369 E44.11963
G1 X37.244 Y194.808 E44.23922
G1 X37.566 Y192.26 E44.35881
G1 X38.016 Y189.731 E44.47842
G1 X38.59 Y187.225 E44.59813
G1 X39.289 Y184.754 E44.71771
G1 X40.11 Y182.321 E44.83728
G1 X41.052 Y179.93 E44.95694
G1 X42.111 Y177.592 E45.07645
G1 X43.285 Y175.305 E45.19616
G1 X44.573 Y173.084 E45.31571
G1 X45.969 Y170.926 E45.43539
G1 X47.471 Y168.844 E45.55493
G1 X49.075 Y166.836 E45.6746
G1 X50.779 Y164.912 E45.79427
G1 X52.573 Y163.077 E45.91377
G1 X54.459 Y161.331 E46.03344
M204 S3000
M205 X10 Y10
G1 F2400 E40.03344
G0 F3000 X51.179 Y165.303
M204 S1800
M205 X8 Y8
G1 F2400 E46.03344
G1 X52.954 Y163.488 E46.15166
G1 X54.819 Y161.76 E46.27004
G1 X56.766 Y160.129 E46.38831
G1 X58.794 Y158.596 E46.50669
G1 X60.895 Y157.165 E46.62506
G1 X63.063 Y155.844 E46.74327
G1 X65.296 Y154.63 E46.86162
G1 X67.587 Y153.53 E46.97996
G1 X69.928 Y152.546 E47.0982
G1 X72.317 Y151.679 E47.21654
G1 X74.748 Y150.931 E47.33498
G1 X77.209 Y150.308 E47.45319
G1 X79.699 Y149.806 E47.57147
G1 X82.213 Y149.43 E47.68983
G1 X84.742 Y149.179 E47.80817
G1 X87.28 Y149.055 E47.92649
G1 X89.722 Y149.055 E48.0402
G1 X92.261 Y149.179 E48.15857
G1 X94.885 Y149.442 E48.28137
G1 X97.398 Y149.823 E48.39972
G1 X99.889 Y150.33 E48.51809
G1 X102.351 Y150.959 E48.63641
G1 X104.777 Y151.71 E48.75466
G1 X107.166 Y152.581 E48.87307
G1 X109.505 Y153.57 E48.99132
G1 X111.791 Y154.674 E49.10953
G1 X114.024 Y155.892 E49.22797
G1 X116.19 Y157.219 E49.34625
G1 X118.289 Y158.653 E49.46462
G1 X120.312 Y160.189 E49.58289
G1 X122.255 Y161.824 E49.70114
G1 X124.118 Y163.554 E49.81952
G1 X125.891 Y165.375 E49.93787
G1 X127.568 Y167.28 E50.05605
G1 X129.152 Y169.27 E50.17448
G1 X130.634 Y171.334 E50.2928
G1 X132.009 Y173.47 E50.41108
G1 X133.278 Y175.672 E50.52943
G1 X134.436 Y177.934 E50.64776
G1 X135.477 Y180.25 E50.76599
G1 X136.404 Y182.616 E50.88432
G1 X137.211 Y185.026 E51.00266
G1 X137.897 Y187.473 E51.121
G1 X138.46 Y189.95 E51.23928
G1 X138.899 Y192.453 E51.35761
G1 X139.213 Y194.974 E51.4759
G1 X139.399 Y197.509 E51.59426
G1 X139.46 Y200.049 E51.71257
G1 X139.395 Y202.588 E51.83083
G1 X139.203 Y205.122 E51.94916
G1 X138.884 Y207.642 E52.06744
G1 X138.442 Y210.147 E52.18589
G1 X137.873 Y212.622 E52.30414
G1 X137.182 Y215.066 E52.4224
G1 X136.37 Y217.475 E52.54078
G1 X135.44 Y219.839 E52.65907
G1 X134.393 Y222.153 E52.77733
G1 X133.232 Y224.413 E52.89564
G1 X131.959 Y226.613 E53.014
G1 X130.579 Y228.746 E53.13229
G1 X129.093 Y230.808 E53.25064
G1 X127.507 Y232.793 E53.36895
G1 X125.824 Y234.697 E53.48728
G1 X124.049 Y236.512 E53.60549
G1 X122.184 Y238.24 E53.72388
G1 X120.235 Y239.872 E53.84225
G1 X118.21 Y241.404 E53.96049
G1 X116.108 Y242.833 E54.07884
G1 X113.939 Y244.156 E54.19714
G1 X111.706 Y245.37 E54.31549
G1 X109.415 Y246.47 E54.43383
G1 X107.073 Y247.455 E54.55214
G1 X104.685 Y248.321 E54.67042
G1 X102.254 Y249.068 E54.78884
G1 X99.794 Y249.692 E54.90702
G1 X97.303 Y250.194 E55.02534
G1 X94.789 Y250.57 E55.1437
G1 X92.26 Y250.821 E55.26204
G1 X89.723 Y250.945 E55.38032
G1 X87.183 Y250.943 E55.49859
G1 X84.644 Y250.813 E55.61697
G1 X82.117 Y250.558 E55.73524
G1 X79.604 Y250.177 E55.85359
G1 X77.115 Y249.67 E55.97187
G1 X74.651 Y249.041 E56.09028
G1 X72.225 Y248.29 E56.20854
G1 X69.836 Y247.419 E56.32694
G1 X67.497 Y246.43 E56.44519
G1 X65.211 Y245.326 E56.5634
G1 X62.978 Y244.108 E56.68184
G1 X60.812 Y242.78 E56.80014
G1 X58.716 Y241.348 E56.91835
G1 X56.69 Y239.811 E57.03676
G1 X54.746 Y238.176 E57.15504
G1 X52.884 Y236.445 E57.27342
G1 X51.113 Y234.625 E57.39167
G1 X49.431 Y232.717 E57.51011
G1 X47.851 Y230.731 E57.62828
G1 X46.368 Y228.666 E57.74666
G1 X44.993 Y226.53 E57.86495
G1 X43.724 Y224.327 E57.98333
G1 X42.567 Y222.066 E58.1016
G1 X41.526 Y219.751 E58.21979
G1 X40.598 Y217.383 E58.33822
G1 X39.791 Y214.973 E58.45656
G1 X39.106 Y212.527 E58.57484
G1 X38.544 Y210.051 E58.69307
G1 X38.103 Y207.545 E58.81155
G1 X37.791 Y205.026 E58.92974
G1 X37.603 Y202.492 E59.04806
G1 X37.542 Y199.951 E59.16641
G1 X37.608 Y197.411 E59.28473
G1 X37.8 Y194.878 E59.40301
G1 X38.118 Y192.357 E59.52133
G1 X38.562 Y189.856 E59.63961
G1 X39.129 Y187.377 E59.75802
G1 X39.82 Y184.933 E59.87629
G1 X40.632 Y182.526 E59.99457
G1 X41.562 Y180.161 E60.1129
G1 X42.609 Y177.847 E60.23117
G1 X43.77 Y175.585 E60.34956
G1 X45.043 Y173.387 E60.46784
G1 X46.423 Y171.253 E60.58617
G1 X47.909 Y169.193 E60.70445
G1 X49.495 Y167.207 E60.82279
G1 X51.179 Y165.303 E60.94115
M204 S3000
M205 X10 Y10
G1 F2400 E54.94115
G0 F3000 X48.347 Y169.542
M204 S1800
M205 X8 Y8
G1 F2400 E60.94115
G1 X49.915 Y167.577 E61.05821
G1 X51.58 Y165.694 E61.17525
G1 X53.335 Y163.898 E61.29218
G1 X55.179 Y162.189 E61.40925
G1 X57.104 Y160.575 E61.52622
G1 X59.109 Y159.058 E61.6433
G1 X61.187 Y157.643 E61.76036
G1 X63.331 Y156.336 E61.87728
G1 X65.539 Y155.135 E61.99432
G1 X67.804 Y154.046 E62.11135
G1 X70.119 Y153.072 E62.22829
G1 X72.482 Y152.214 E62.34535
G1 X74.886 Y151.474 E62.46248
G1 X77.32 Y150.857 E62.5794
G1 X79.783 Y150.36 E62.6964
G1 X82.269 Y149.987 E62.81345
G1 X84.77 Y149.739 E62.93048
G1 X87.28 Y149.615 E63.0475
G1 X89.722 Y149.615 E63.16121
G1 X92.302 Y149.744 E63.28149
G1 X94.802 Y149.996 E63.3985
G1 X97.287 Y150.372 E63.51552
G1 X99.75 Y150.872 E63.63255
G1 X102.186 Y151.494 E63.74962
G1 X104.585 Y152.236 E63.86655
G1 X106.948 Y153.097 E63.98366
G1 X109.262 Y154.075 E64.10064
G1 X111.523 Y155.166 E64.21753
G1 X113.731 Y156.37 E64.33464
G1 X115.874 Y157.682 E64.45164
G1 X117.95 Y159.099 E64.56868
G1 X119.952 Y160.618 E64.6857
G1 X121.875 Y162.234 E64.80266
G1 X123.717 Y163.945 E64.91973
G1 X125.471 Y165.746 E65.03679
G1 X127.13 Y167.629 E65.15364
G1 X128.698 Y169.597 E65.27081
G1 X130.163 Y171.638 E65.3878
G1 X131.524 Y173.75 E65.50479
G1 X132.78 Y175.928 E65.62186
G1 X133.925 Y178.165 E65.73888
G1 X134.956 Y180.455 E65.85582
G1 X135.873 Y182.794 E65.9728
G1 X136.672 Y185.178 E66.08988
G1 X137.351 Y187.598 E66.20692
G1 X137.909 Y190.047 E66.32388
G1 X138.343 Y192.523 E66.44093
G1 X138.654 Y195.016 E66.55791
G1 X138.84 Y197.523 E66.67497
G1 X138.901 Y200.035 E66.79197
G1 X138.836 Y202.546 E66.90894
G1 X138.647 Y205.052 E67.02596
G1 X138.333 Y207.545 E67.14296
G1 X137.896 Y210.022 E67.26008
G1 X137.334 Y212.47 E67.37703
G1 X136.651 Y214.888 E67.49403
G1 X135.849 Y217.271 E67.61111
G1 X134.929 Y219.609 E67.7281
G1 X133.895 Y221.897 E67.84502
G1 X132.747 Y224.133 E67.96205
G1 X131.488 Y226.309 E68.07911
G1 X130.125 Y228.419 E68.19608
G1 X128.656 Y230.459 E68.31314
G1 X127.088 Y232.422 E68.43012
G1 X125.423 Y234.306 E68.5472
G1 X123.668 Y236.102 E68.66413
G1 X121.824 Y237.811 E68.7812
G1 X119.897 Y239.426 E68.89827
G1 X117.895 Y240.941 E69.01518
G1 X115.816 Y242.356 E69.13228
G1 X113.671 Y243.664 E69.24927
G1 X111.463 Y244.865 E69.3663
G1 X109.198 Y245.954 E69.48333
G1 X106.881 Y246.929 E69.60038
G1 X104.52 Y247.786 E69.71734
G1 X102.116 Y248.526 E69.83446
G1 X99.683 Y249.143 E69.95134
G1 X97.219 Y249.64 E70.06838
G1 X94.733 Y250.013 E70.18544
G1 X92.232 Y250.261 E70.30247
G1 X89.723 Y250.385 E70.41944
G1 X87.211 Y250.383 E70.53641
G1 X84.7 Y250.256 E70.65348
G1 X82.2 Y250.004 E70.77048
G1 X79.715 Y249.628 E70.88751
G1 X77.253 Y249.128 E71.00449
G1 X74.816 Y248.506 E71.1216
G1 X72.417 Y247.764 E71.23853
G1 X70.054 Y246.903 E71.35564
G1 X67.74 Y245.925 E71.47262
G1 X65.479 Y244.834 E71.58952
G1 X63.271 Y243.63 E71.70662
G1 X61.127 Y242.318 E71.82366
G1 X59.054 Y240.902 E71.94056
G1 X57.05 Y239.382 E72.05768
G1 X55.127 Y237.765 E72.17467
G1 X53.285 Y236.054 E72.29174
G1 X51.533 Y234.255 E72.40867
G1 X49.869 Y232.368 E72.52582
G1 X48.306 Y230.404 E72.6427
G1 X46.839 Y228.362 E72.75977
G1 X45.478 Y226.25 E72.87677
G1 X44.222 Y224.072 E72.99384
G1 X43.078 Y221.836 E73.11079
G1 X42.047 Y219.546 E73.22774
G1 X41.129 Y217.205 E73.34482
G1 X40.33 Y214.822 E73.46186
G1 X39.652 Y212.403 E73.57884
G1 X39.095 Y209.953 E73.69583
G1 X38.659 Y207.476 E73.81294
G1 X38.349 Y204.984 E73.92987
G1 X38.162 Y202.478 E74.04689
G1 X38.101 Y199.965 E74.16394
G1 X38.166 Y197.453 E74.28095
G1 X38.356 Y194.947 E74.39797
G1 X38.669 Y192.455 E74.51492
G1 X39.108 Y189.98 E74.63197
G1 X39.668 Y187.529 E74.74904
G1 X40.351 Y185.111 E74.86603
G1 X41.153 Y182.73 E74.98302
G1 X42.073 Y180.391 E75.10006
G1 X43.108 Y178.102 E75.21704
G1 X44.255 Y175.865 E75.33409
G1 X45.514 Y173.691 E75.45107
G1 X46.878 Y171.58 E75.56811
G1 X48.347 Y169.542 E75.68509
M204 S3000
M205 X10 Y10
G1 F2400 E69.68509
G0 F3000 X45.984 Y173.995
M204 S1800
M205 X8 Y8
G1 F2400 E75.68509
G1 X47.332 Y171.907 E75.80081
G1 X48.785 Y169.891 E75.91653
G1 X50.334 Y167.948 E76.03223
G1 X51.981 Y166.085 E76.14802
G1 X53.716 Y164.308 E76.26367
G1 X55.539 Y162.618 E76.37942
G1 X57.442 Y161.021 E76.4951
G1 X59.425 Y159.521 E76.61088
G1 X61.479 Y158.121 E76.72662
G1 X63.599 Y156.827 E76.84228
G1 X65.782 Y155.639 E76.958
G1 X68.022 Y154.562 E77.07374
G1 X70.311 Y153.599 E77.18937
G1 X72.647 Y152.749 E77.30512
G1 X75.024 Y152.017 E77.42093
G1 X77.431 Y151.406 E77.53657
G1 X79.866 Y150.913 E77.65225
G1 X82.324 Y150.544 E77.76799
G1 X84.798 Y150.298 E77.88376
G1 X87.28 Y150.175 E77.99947
G1 X89.722 Y150.175 E78.11318
G1 X92.247 Y150.301 E78.2309
G1 X94.718 Y150.549 E78.34654
G1 X97.176 Y150.921 E78.4623
G1 X99.612 Y151.415 E78.57804
G1 X102.021 Y152.029 E78.6938
G1 X104.394 Y152.763 E78.80946
G1 X106.73 Y153.613 E78.92521
G1 X109.019 Y154.579 E79.0409
G1 X111.255 Y155.658 E79.1565
G1 X113.439 Y156.847 E79.27229
G1 X115.559 Y158.145 E79.38804
G1 X117.612 Y159.545 E79.50375
G1 X119.592 Y161.047 E79.61948
G1 X121.494 Y162.645 E79.73515
G1 X123.316 Y164.336 E79.8509
G1 X125.051 Y166.116 E79.96664
G1 X126.693 Y167.978 E80.08224
G1 X128.243 Y169.924 E80.19809
G1 X129.693 Y171.941 E80.31376
G1 X131.039 Y174.03 E80.42947
G1 X132.281 Y176.184 E80.54525
G1 X133.415 Y178.395 E80.66096
G1 X134.435 Y180.66 E80.77662
G1 X135.342 Y182.973 E80.89231
G1 X136.133 Y185.33 E81.00808
G1 X136.805 Y187.723 E81.12382
G1 X137.357 Y190.144 E81.23944
G1 X137.787 Y192.592 E81.35518
G1 X138.096 Y195.057 E81.47086
G1 X138.28 Y197.537 E81.58665
G1 X138.341 Y200.021 E81.70235
G1 X138.278 Y202.505 E81.81806
G1 X138.091 Y204.982 E81.93372
G1 X137.781 Y207.448 E82.04945
G1 X137.35 Y209.897 E82.16524
G1 X136.795 Y212.319 E82.28094
G1 X136.12 Y214.709 E82.39659
G1 X135.328 Y217.066 E82.51237
G1 X134.419 Y219.378 E82.62805
G1 X133.397 Y221.642 E82.74371
G1 X132.262 Y223.853 E82.85944
G1 X131.018 Y226.005 E82.97518
G1 X129.67 Y228.092 E83.09087
G1 X128.218 Y230.11 E83.20663
G1 X126.668 Y232.052 E83.32233
G1 X125.022 Y233.915 E83.43809
G1 X123.287 Y235.692 E83.55373
G1 X121.464 Y237.382 E83.66948
G1 X119.559 Y238.98 E83.78527
G1 X117.579 Y240.478 E83.90088
G1 X115.524 Y241.878 E84.01666
G1 X113.403 Y243.173 E84.13238
G1 X111.22 Y244.361 E84.2481
G1 X108.98 Y245.438 E84.36384
G1 X106.69 Y246.402 E84.47953
G1 X104.355 Y247.251 E84.59522
G1 X101.978 Y247.983 E84.71104
G1 X99.572 Y248.594 E84.82663
G1 X97.136 Y249.087 E84.94236
G1 X94.678 Y249.456 E85.05809
G1 X92.204 Y249.702 E85.17386
G1 X89.723 Y249.825 E85.28953
G1 X87.239 Y249.824 E85.40519
G1 X84.755 Y249.699 E85.52101
G1 X82.284 Y249.451 E85.63664
G1 X79.826 Y249.079 E85.7524
G1 X77.391 Y248.585 E85.8681
G1 X74.981 Y247.971 E85.9839
G1 X72.608 Y247.237 E86.09956
G1 X70.272 Y246.387 E86.21531
G1 X67.983 Y245.421 E86.331
G1 X65.747 Y244.342 E86.44661
G1 X63.563 Y243.153 E86.5624
G1 X61.443 Y241.855 E86.67815
G1 X59.392 Y240.456 E86.79375
G1 X57.41 Y238.953 E86.90958
G1 X55.508 Y237.355 E87.02525
G1 X53.686 Y235.663 E87.14103
G1 X51.952 Y233.884 E87.25671
G1 X50.307 Y232.019 E87.37251
G1 X48.76 Y230.077 E87.48812
G1 X47.309 Y228.059 E87.60386
G1 X45.963 Y225.97 E87.71957
G1 X44.721 Y223.816 E87.83535
G1 X43.588 Y221.605 E87.95103
G1 X42.568 Y219.341 E88.06666
G1 X41.66 Y217.026 E88.18245
G1 X40.869 Y214.67 E88.29817
G1 X40.198 Y212.279 E88.41381
G1 X39.647 Y209.855 E88.52956
G1 X39.214 Y207.406 E88.64537
G1 X38.907 Y204.942 E88.76099
G1 X38.722 Y202.464 E88.87669
G1 X38.661 Y199.979 E88.99244
G1 X38.724 Y197.495 E89.10814
G1 X38.911 Y195.017 E89.22386
G1 X39.221 Y192.552 E89.33954
G1 X39.654 Y190.104 E89.4553
G1 X40.207 Y187.68 E89.57107
G1 X40.882 Y185.289 E89.68676
G1 X41.674 Y182.935 E89.80241
G1 X42.583 Y180.621 E89.91817
G1 X43.606 Y178.357 E90.03386
G1 X44.74 Y176.146 E90.14956
G1 X45.984 Y173.995 E90.26527
M204 S3000
M205 X10 Y10
G1 F2400 E84.26527
G0 F3000 X43.763 Y178.437
G0 X44.105 Y178.612
M204 S1800
M205 X8 Y8
G1 F2400 E90.26527
G1 X45.225 Y176.426 E90.37964
G1 X46.455 Y174.298 E90.49409
G1 X47.787 Y172.234 E90.60847
G1 X49.223 Y170.24 E90.72289
G1 X50.754 Y168.319 E90.83728
G1 X52.382 Y166.476 E90.95178
G1 X54.097 Y164.719 E91.06611
G1 X55.899 Y163.047 E91.18057
G1 X57.78 Y161.468 E91.29493
G1 X59.74 Y159.984 E91.4094
G1 X61.771 Y158.599 E91.52387
G1 X63.867 Y157.319 E91.63823
G1 X66.025 Y156.144 E91.75265
G1 X68.239 Y155.078 E91.86707
G1 X70.502 Y154.125 E91.9814
G1 X72.812 Y153.284 E92.09587
G1 X75.162 Y152.56 E92.21037
G1 X77.542 Y151.955 E92.32472
G1 X79.949 Y151.467 E92.43908
G1 X82.38 Y151.101 E92.55356
G1 X84.826 Y150.857 E92.66802
G1 X87.266 Y150.735 E92.78178
G1 X89.736 Y150.735 E92.89679
G1 X92.191 Y150.858 E93.01125
G1 X94.635 Y151.103 E93.12562
G1 X97.065 Y151.47 E93.24005
G1 X99.474 Y151.958 E93.35451
G1 X101.856 Y152.564 E93.46896
G1 X104.203 Y153.289 E93.58334
G1 X106.513 Y154.129 E93.69779
G1 X108.776 Y155.084 E93.81216
G1 X110.988 Y156.15 E93.9265
G1 X113.147 Y157.325 E94.04096
G1 X115.244 Y158.608 E94.15543
G1 X117.274 Y159.992 E94.26983
G1 X119.232 Y161.476 E94.38423
G1 X121.113 Y163.056 E94.49862
G1 X122.915 Y164.727 E94.61305
G1 X124.631 Y166.487 E94.72751
G1 X126.255 Y168.327 E94.84179
G1 X127.788 Y170.251 E94.95634
G1 X129.222 Y172.245 E95.0707
G1 X130.554 Y174.31 E95.18513
G1 X131.783 Y176.439 E95.29959
G1 X132.904 Y178.625 E95.41399
G1 X133.914 Y180.865 E95.5284
G1 X134.811 Y183.151 E95.64275
G1 X135.594 Y185.481 E95.75721
G1 X136.259 Y187.848 E95.87169
G1 X136.806 Y190.241 E95.98599
G1 X137.232 Y192.662 E96.10046
G1 X137.537 Y195.099 E96.21482
G1 X137.72 Y197.551 E96.32931
G1 X137.781 Y200.007 E96.44371
G1 X137.719 Y202.463 E96.55811
G1 X137.536 Y204.913 E96.67251
G1 X137.23 Y207.351 E96.78692
G1 X136.804 Y209.772 E96.90139
G1 X136.256 Y212.167 E97.01579
G1 X135.589 Y214.531 E97.13017
G1 X134.807 Y216.861 E97.24461
G1 X133.908 Y219.148 E97.35903
G1 X132.898 Y221.387 E97.47341
G1 X131.777 Y223.573 E97.5878
G1 X130.547 Y225.702 E97.70229
G1 X129.215 Y227.765 E97.81663
G1 X127.78 Y229.761 E97.9311
G1 X126.248 Y231.681 E98.04548
G1 X124.621 Y233.524 E98.15995
G1 X122.906 Y235.281 E98.27428
G1 X121.104 Y236.953 E98.38874
G1 X119.221 Y238.533 E98.5032
G1 X117.264 Y240.015 E98.61751
G1 X115.232 Y241.4 E98.73202
G1 X113.135 Y242.681 E98.84644
G1 X110.977 Y243.856 E98.96085
G1 X108.763 Y244.922 E99.07527
G1 X106.499 Y245.876 E99.18967
G1 X104.19 Y246.716 E99.30408
G1 X101.84 Y247.44 E99.41858
G1 X99.461 Y248.045 E99.53289
G1 X97.053 Y248.533 E99.64729
G1 X94.622 Y248.899 E99.76177
G1 X92.176 Y249.143 E99.87623
G1 X89.737 Y249.265 E99.98994
G1 X87.267 Y249.265 E100.10495
G1 X84.811 Y249.142 E100.21946
G1 X82.367 Y248.897 E100.33383
G1 X79.937 Y248.53 E100.44827
G1 X77.529 Y248.042 E100.56267
G1 X75.146 Y247.436 E100.67717
G1 X72.799 Y246.711 E100.79155
G1 X70.489 Y245.871 E100.906
G1 X68.226 Y244.916 E101.02037
G1 X66.014 Y243.85 E101.13471
G1 X63.855 Y242.675 E101.24917
G1 X61.758 Y241.392 E101.36364
G1 X59.73 Y240.009 E101.47794
G1 X57.77 Y238.524 E101.59244
G1 X55.889 Y236.944 E101.70683
G1 X54.087 Y235.272 E101.82129
G1 X52.372 Y233.513 E101.93569
G1 X50.745 Y231.67 E102.05016
G1 X49.215 Y229.75 E102.16448
G1 X47.78 Y227.755 E102.27891
G1 X46.448 Y225.69 E102.39333
G1 X45.219 Y223.561 E102.5078
G1 X44.099 Y221.375 E102.62217
G1 X43.089 Y219.136 E102.73654
G1 X42.191 Y216.848 E102.851
G1 X41.408 Y214.519 E102.96541
G1 X40.744 Y212.154 E103.07979
G1 X40.198 Y209.758 E103.19422
G1 X39.77 Y207.337 E103.3087
G1 X39.466 Y204.9 E103.42306
G1 X39.282 Y202.45 E103.53746
G1 X39.221 Y199.993 E103.6519
G1 X39.283 Y197.537 E103.7663
G1 X39.467 Y195.086 E103.88075
G1 X39.772 Y192.649 E103.99511
G1 X40.2 Y190.229 E104.10955
G1 X40.746 Y187.832 E104.22402
G1 X41.413 Y185.468 E104.3384
G1 X42.195 Y183.14 E104.45275
G1 X43.094 Y180.852 E104.56722
G1 X44.105 Y178.612 E104.68165
M204 S3000
M205 X10 Y10
G1 F2400 E98.68165
G0 F3000 X43.754 Y178.455
G0 X39.536 Y182.261
M204 S1800
M205 X8 Y8
G1 F2400 E104.68165
G1 X40.482 Y179.842 E104.8026
G1 X41.547 Y177.473 E104.92354
G1 X42.725 Y175.162 E105.04433
G1 X44.023 Y172.909 E105.1654
G1 X45.426 Y170.728 E105.28616
G1 X46.942 Y168.615 E105.40725
G1 X48.555 Y166.585 E105.52798
G1 X50.273 Y164.633 E105.64906
G1 X52.084 Y162.773 E105.76995
G1 X53.983 Y161.004 E105.89079
G1 X55.969 Y159.332 E106.01168
G1 X58.039 Y157.76 E106.13271
G1 X60.182 Y156.293 E106.25364
G1 X62.395 Y154.937 E106.37449
G1 X64.672 Y153.692 E106.49533
G1 X67.012 Y152.561 E106.61635
G1 X69.402 Y151.55 E106.73719
G1 X71.842 Y150.658 E106.85816
G1 X74.323 Y149.888 E106.97912
G1 X76.839 Y149.244 E107.10005
G1 X79.379 Y148.725 E107.22077
G1 X81.949 Y148.334 E107.34182
G1 X84.534 Y148.072 E107.4628
G1 X87.126 Y147.939 E107.58366
G1 X89.722 Y147.935 E107.70454
G1 X92.317 Y148.061 E107.82551
G1 X94.899 Y148.315 E107.94632
G1 X97.468 Y148.698 E108.06727
G1 X100.016 Y149.21 E108.18829
G1 X102.533 Y149.847 E108.30918
G1 X105.015 Y150.609 E108.43008
G1 X107.456 Y151.492 E108.55095
G1 X109.851 Y152.498 E108.67191
G1 X112.191 Y153.621 E108.79277
G1 X114.473 Y154.858 E108.91364
G1 X116.693 Y156.211 E109.03469
G1 X118.84 Y157.67 E109.15557
G1 X120.912 Y159.235 E109.27647
G1 X122.904 Y160.902 E109.39742
G1 X124.809 Y162.663 E109.51822
G1 X126.626 Y164.522 E109.63927
G1 X128.345 Y166.464 E109.76003
G1 X129.969 Y168.493 E109.88105
G1 X131.488 Y170.599 E110.00196
G1 X132.9 Y172.78 E110.12294
G1 X134.201 Y175.027 E110.24384
G1 X135.389 Y177.334 E110.36467
G1 X136.461 Y179.701 E110.48567
G1 X137.413 Y182.114 E110.60645
G1 X138.244 Y184.577 E110.72749
G1 X138.951 Y187.076 E110.84842
G1 X139.533 Y189.604 E110.96922
G1 X139.987 Y192.163 E111.09024
G1 X140.314 Y194.737 E111.21106
G1 X140.511 Y197.329 E111.3321
G1 X140.58 Y199.923 E111.45293
G1 X140.519 Y202.519 E111.57384
G1 X140.329 Y205.107 E111.69468
G1 X140.01 Y207.686 E111.81568
G1 X139.565 Y210.243 E111.93653
G1 X138.988 Y212.778 E112.05759
G1 X138.289 Y215.277 E112.17842
G1 X137.466 Y217.739 E112.2993
G1 X136.52 Y220.159 E112.42029
G1 X135.457 Y222.525 E112.54107
G1 X134.276 Y224.838 E112.662
G1 X132.979 Y227.091 E112.78305
G1 X131.576 Y229.272 E112.9038
G1 X130.061 Y231.384 E113.02483
G1 X128.446 Y233.416 E113.1457
G1 X126.73 Y235.366 E113.26665
G1 X124.919 Y237.227 E113.38756
G1 X123.02 Y238.996 E113.50841
G1 X121.032 Y240.669 E113.6294
G1 X118.966 Y242.239 E113.75023
G1 X116.821 Y243.706 E113.87123
G1 X114.607 Y245.063 E113.99215
G1 X112.33 Y246.308 E114.11299
G1 X109.99 Y247.439 E114.23401
G1 X107.6 Y248.451 E114.35486
G1 X105.16 Y249.343 E114.47583
G1 X102.679 Y250.112 E114.59678
G1 X100.164 Y250.756 E114.71767
G1 X97.623 Y251.275 E114.83843
G1 X95.053 Y251.666 E114.95948
G1 X92.468 Y251.928 E115.08046
G1 X89.877 Y252.061 E115.20127
G1 X87.281 Y252.065 E115.32215
G1 X84.685 Y251.939 E115.44317
G1 X82.103 Y251.685 E115.56398
G1 X79.534 Y251.302 E115.68493
G1 X76.987 Y250.79 E115.8059
G1 X74.469 Y250.153 E115.92684
G1 X71.987 Y249.391 E116.04774
G1 X69.546 Y248.508 E116.16861
G1 X67.151 Y247.502 E116.28957
G1 X64.811 Y246.379 E116.41043
G1 X62.529 Y245.142 E116.53129
G1 X60.309 Y243.789 E116.65235
G1 X58.164 Y242.331 E116.77312
G1 X56.091 Y240.765 E116.8941
G1 X54.098 Y239.098 E117.01508
G1 X52.193 Y237.335 E117.13594
G1 X50.377 Y235.478 E117.25689
G1 X48.655 Y233.535 E117.37778
G1 X47.033 Y231.505 E117.49877
G1 X45.515 Y229.402 E117.61954
G1 X44.102 Y227.22 E117.74059
G1 X42.801 Y224.973 E117.86149
G1 X41.613 Y222.665 E117.98236
G1 X40.542 Y220.3 E118.10325
G1 X39.589 Y217.885 E118.22415
G1 X38.758 Y215.424 E118.3451
G1 X38.052 Y212.926 E118.46597
G1 X37.471 Y210.393 E118.58698
G1 X37.015 Y207.839 E118.70779
G1 X36.689 Y205.261 E118.82878
G1 X36.491 Y202.674 E118.9496
G1 X36.422 Y200.077 E119.07057
G1 X36.483 Y197.481 E119.19148
G1 X36.674 Y194.89 E119.31246
G1 X36.992 Y192.316 E119.43322
G1 X37.44 Y189.755 E119.55429
G1 X38.013 Y187.224 E119.67512
G1 X38.713 Y184.722 E119.7961
G1 X39.536 Y182.261 E119.91693
M204 S3000
M205 X10 Y10
G1 F2400 E113.91693
;MESH:8_10_1.stl
G0 F3000 X39.395 Y192.571
G0 X40.473 Y192.76
G0 X40.211 Y200
G1 F2400 E119.91693
G0 F3000 X39.782 Y200
M204 S1800
M205 X8 Y8
;TYPE:WALL-OUTER
G1 F1500 X39.833 Y202.103 E120.01489
G1 X39.866 Y202.75 E120.04505
G1 X40.024 Y204.849 E120.14307
G1 X40.325 Y207.26 E120.2562
G1 X40.748 Y209.651 E120.36927
G1 X41.289 Y212.02 E120.48242
G1 X41.943 Y214.346 E120.59493
G1 X42.719 Y216.663 E120.70871
G1 X43.608 Y218.923 E120.82179
G1 X44.607 Y221.138 E120.93494
G1 X45.714 Y223.299 E121.04799
G1 X46.928 Y225.402 E121.16106
G1 X48.247 Y227.443 E121.27422
G1 X49.666 Y229.415 E121.38735
G1 X51.179 Y231.314 E121.50041
G1 X52.788 Y233.136 E121.61359
G1 X54.485 Y234.876 E121.72677
G1 X56.264 Y236.529 E121.83985
G1 X58.123 Y238.09 E121.95288
G1 X60.061 Y239.557 E122.06606
G1 X62.066 Y240.923 E122.17903
G1 X64.141 Y242.191 E122.29226
G1 X66.275 Y243.354 E122.40543
G1 X68.463 Y244.408 E122.51851
G1 X70.716 Y245.359 E122.63239
G1 X72.984 Y246.181 E122.74472
G1 X75.306 Y246.898 E122.85788
G1 X77.66 Y247.496 E122.97097
G1 X80.041 Y247.98 E123.08411
G1 X82.442 Y248.342 E123.19717
G1 X84.86 Y248.583 E123.31032
G1 X87.286 Y248.705 E123.42343
G1 X89.715 Y248.705 E123.53653
G1 X92.142 Y248.583 E123.64969
G1 X94.558 Y248.342 E123.76274
G1 X96.961 Y247.98 E123.8759
G1 X99.341 Y247.496 E123.98899
G1 X101.696 Y246.898 E124.10213
G1 X104.003 Y246.186 E124.21455
G1 X106.3 Y245.352 E124.32834
G1 X108.242 Y244.534 E124.42647
G1 X108.825 Y244.27 E124.45627
G1 X110.727 Y243.354 E124.55457
G1 X112.283 Y242.507 E124.63706
G1 X112.861 Y242.191 E124.66773
G1 X114.658 Y241.095 E124.76574
G1 X115.199 Y240.745 E124.79575
G1 X116.942 Y239.557 E124.89397
G1 X118.877 Y238.092 E125.00698
G1 X120.737 Y236.529 E125.12011
G1 X122.518 Y234.876 E125.23326
G1 X124.215 Y233.136 E125.34643
G1 X125.821 Y231.316 E125.45945
G1 X127.337 Y229.415 E125.57267
G1 X128.755 Y227.445 E125.6857
G1 X130.073 Y225.402 E125.79891
G1 X131.287 Y223.301 E125.9119
G1 X132.396 Y221.138 E126.02508
G1 X133.394 Y218.925 E126.13812
G1 X134.288 Y216.649 E126.25198
G1 X135.055 Y214.36 E126.36439
G1 X135.713 Y212.02 E126.47758
G1 X136.255 Y209.653 E126.59065
G1 X136.677 Y207.26 E126.7038
G1 X136.979 Y204.851 E126.81685
G1 X137.135 Y202.747 E126.91509
G1 X137.168 Y202.106 E126.94498
G1 X137.22 Y200 E127.04307
G1 X137.169 Y197.892 E127.14126
G1 X137.136 Y197.25 E127.17119
G1 X136.979 Y195.149 E127.26929
G1 X136.677 Y192.738 E127.38244
G1 X136.255 Y190.347 E127.49549
G1 X135.785 Y188.287 E127.59388
G1 X135.628 Y187.671 E127.62348
G1 X135.057 Y185.642 E127.72163
G1 X134.283 Y183.337 E127.83485
G1 X133.394 Y181.077 E127.94793
G1 X132.396 Y178.864 E128.06097
G1 X131.287 Y176.701 E128.17416
G1 X130.076 Y174.603 E128.28696
G1 X128.755 Y172.555 E128.40044
G1 X127.337 Y170.583 E128.51354
G1 X125.823 Y168.684 E128.62663
G1 X124.215 Y166.862 E128.73978
G1 X122.52 Y165.124 E128.85282
G1 X120.736 Y163.469 E128.96614
G1 X118.877 Y161.911 E129.07908
G1 X116.94 Y160.443 E129.19225
G1 X114.934 Y159.075 E129.30531
G1 X112.861 Y157.809 E129.41842
G1 X110.727 Y156.646 E129.53158
G1 X108.537 Y155.592 E129.64475
G1 X106.3 Y154.648 E129.75781
G1 X104.003 Y153.812 E129.87163
G1 X101.696 Y153.102 E129.98403
G1 X99.341 Y152.504 E130.09717
G1 X96.961 Y152.02 E130.21026
G1 X94.558 Y151.658 E130.32342
G1 X92.142 Y151.417 E130.43647
G1 X89.715 Y151.296 E130.54962
G1 X87.288 Y151.295 E130.66264
G1 X84.862 Y151.417 E130.77574
G1 X82.444 Y151.658 E130.88889
G1 X80.043 Y152.02 E131.00196
G1 X77.662 Y152.504 E131.11509
G1 X75.32 Y153.098 E131.2276
G1 X72.986 Y153.817 E131.34132
G1 X70.704 Y154.648 E131.45441
G1 X68.465 Y155.592 E131.56755
G1 X66.275 Y156.646 E131.68072
G1 X64.43 Y157.65 E131.77853
G1 X63.865 Y157.976 E131.8089
G1 X62.07 Y159.075 E131.90691
G1 X60.063 Y160.443 E132.02001
G1 X58.129 Y161.908 E132.13298
G1 X56.264 Y163.472 E132.24632
G1 X54.483 Y165.124 E132.35943
G1 X52.788 Y166.862 E132.47248
G1 X51.179 Y168.684 E132.58566
G1 X49.666 Y170.583 E132.69872
G1 X48.243 Y172.56 E132.81215
G1 X46.931 Y174.597 E132.92497
G1 X45.715 Y176.702 E133.03817
G1 X44.607 Y178.862 E133.15121
G1 X43.608 Y181.077 E133.26435
G1 X42.719 Y183.337 E133.37744
G1 X41.945 Y185.642 E133.49066
G1 X41.289 Y187.978 E133.60364
G1 X40.748 Y190.347 E133.71679
G1 X40.325 Y192.738 E133.82985
G1 X40.024 Y195.149 E133.94299
G1 X39.842 Y197.571 E134.05609
G1 X39.782 Y200 E134.16922
M204 S3000
M205 X10 Y10
G0 F3000 X39.786 Y200.2
G0 X40.216 Y200.19
G0 X65.292 Y199.997
G0 X65.721 Y200.008
M204 S1800
M205 X8 Y8
G1 F1500 X65.749 Y198.857 E134.22284
G1 X65.835 Y197.726 E134.27565
G1 X65.976 Y196.598 E134.32859
G1 X66.171 Y195.493 E134.38083
G1 X66.426 Y194.371 E134.43441
G1 X66.736 Y193.277 E134.48736
G1 X67.093 Y192.217 E134.53944
G1 X67.512 Y191.143 E134.59312
G1 X67.979 Y190.11 E134.64591
G1 X68.497 Y189.099 E134.6988
G1 X69.011 Y188.214 E134.74646
G1 X69.683 Y187.162 E134.80459
G1 X70.346 Y186.239 E134.8575
G1 X71.055 Y185.352 E134.91038
G1 X71.802 Y184.506 E134.96293
G1 X72.601 Y183.687 E135.01621
G1 X73.432 Y182.916 E135.06899
G1 X74.303 Y182.185 E135.12194
G1 X75.21 Y181.499 E135.1749
G1 X76.146 Y180.861 E135.22764
G1 X77.118 Y180.267 E135.28068
G1 X78.015 Y179.779 E135.32823
G1 X79.14 Y179.232 E135.38648
G1 X80.185 Y178.792 E135.43928
G1 X81.245 Y178.407 E135.49179
G1 X82.337 Y178.068 E135.54503
G1 X83.451 Y177.785 E135.59855
G1 X84.552 Y177.565 E135.65083
G1 X85.676 Y177.396 E135.70376
G1 X86.805 Y177.283 E135.75659
G1 X87.941 Y177.227 E135.80956
G1 X89.077 Y177.227 E135.86245
G1 X90.211 Y177.284 E135.91532
G1 X91.342 Y177.398 E135.96825
G1 X92.464 Y177.567 E136.02109
G1 X93.565 Y177.789 E136.07339
G1 X94.677 Y178.072 E136.12682
G1 X95.763 Y178.409 E136.17977
G1 X96.83 Y178.797 E136.23263
G1 X97.877 Y179.238 E136.28553
G1 X98.9 Y179.732 E136.33843
G1 X99.899 Y180.276 E136.3914
G1 X100.867 Y180.868 E136.44423
G1 X101.806 Y181.507 E136.49712
G1 X102.711 Y182.195 E136.55006
G1 X103.579 Y182.924 E136.60284
G1 X104.412 Y183.696 E136.65572
G1 X105.205 Y184.511 E136.70867
G1 X105.958 Y185.362 E136.76158
G1 X106.665 Y186.251 E136.81447
G1 X107.326 Y187.173 E136.8673
G1 X107.944 Y188.127 E136.92023
G1 X108.511 Y189.111 E136.97311
G1 X109.029 Y190.122 E137.02601
G1 X109.495 Y191.157 E137.07886
G1 X109.916 Y192.229 E137.13249
G1 X110.273 Y193.292 E137.1847
G1 X110.579 Y194.386 E137.2376
G1 X110.835 Y195.506 E137.29109
G1 X111.028 Y196.613 E137.34342
G1 X111.169 Y197.739 E137.39626
G1 X111.253 Y198.872 E137.44916
G1 X111.281 Y200.006 E137.50198
G1 X111.253 Y201.143 E137.55494
G1 X111.167 Y202.274 E137.60776
G1 X111.026 Y203.402 E137.66069
G1 X110.831 Y204.507 E137.71294
G1 X110.576 Y205.629 E137.76652
G1 X110.267 Y206.723 E137.81945
G1 X109.909 Y207.783 E137.87155
G1 X109.49 Y208.857 E137.92523
G1 X109.023 Y209.89 E137.97802
G1 X108.505 Y210.903 E138.03099
G1 X107.936 Y211.885 E138.08384
G1 X107.319 Y212.838 E138.13671
G1 X106.657 Y213.762 E138.18963
G1 X105.947 Y214.648 E138.2425
G1 X105.2 Y215.494 E138.29506
G1 X104.401 Y216.313 E138.34833
G1 X103.57 Y217.084 E138.40112
G1 X102.7 Y217.815 E138.45403
G1 X101.792 Y218.501 E138.50702
G1 X100.856 Y219.139 E138.55977
G1 X99.884 Y219.733 E138.61281
G1 X98.987 Y220.221 E138.66036
G1 X97.862 Y220.768 E138.71861
G1 X96.817 Y221.208 E138.7714
G1 X95.757 Y221.593 E138.82392
G1 X94.665 Y221.932 E138.87716
G1 X93.551 Y222.215 E138.93068
G1 X92.45 Y222.435 E138.98296
G1 X91.326 Y222.604 E139.03589
G1 X90.197 Y222.717 E139.08872
G1 X89.061 Y222.773 E139.14168
G1 X87.925 Y222.773 E139.19458
G1 X86.905 Y222.721 E139.24213
G1 X85.66 Y222.602 E139.30037
G1 X84.538 Y222.433 E139.35321
G1 X83.437 Y222.211 E139.4055
G1 X82.325 Y221.928 E139.45893
G1 X81.239 Y221.591 E139.51188
G1 X80.172 Y221.203 E139.56475
G1 X79.125 Y220.762 E139.61765
G1 X78.102 Y220.268 E139.67055
G1 X77.103 Y219.724 E139.72352
G1 X76.135 Y219.132 E139.77635
G1 X75.196 Y218.492 E139.82926
G1 X74.292 Y217.804 E139.88216
G1 X73.422 Y217.075 E139.93502
G1 X72.589 Y216.303 E139.9879
G1 X71.797 Y215.489 E140.04078
G1 X71.043 Y214.637 E140.09376
G1 X70.337 Y213.748 E140.14662
G1 X69.676 Y212.827 E140.19941
G1 X69.057 Y211.872 E140.2524
G1 X68.49 Y210.888 E140.30528
G1 X67.973 Y209.878 E140.35812
G1 X67.507 Y208.842 E140.41101
G1 X67.086 Y207.77 E140.46464
G1 X66.73 Y206.707 E140.51684
G1 X66.423 Y205.613 E140.56975
G1 X66.167 Y204.494 E140.6232
G1 X65.974 Y203.386 E140.67557
G1 X65.833 Y202.26 E140.72841
G1 X65.749 Y201.127 E140.78131
G1 X65.721 Y200.008 E140.83344
M204 S3000
M205 X10 Y10
G0 F3000 X65.725 Y199.808
G0 X65.161 Y200.022
M204 S1800
M205 X8 Y8
;TYPE:WALL-INNER
G1 F1500 X65.189 Y198.857 E140.8877
G1 X65.275 Y197.698 E140.94182
G1 X65.418 Y196.542 E140.99605
G1 X65.617 Y195.408 E141.04966
G1 X65.876 Y194.262 E141.10437
G1 X66.193 Y193.138 E141.15875
G1 X66.564 Y192.03 E141.21316
G1 X67.002 Y190.913 E141.26903
G1 X67.481 Y189.855 E141.32311
G1 X68.013 Y188.818 E141.37738
G1 X68.539 Y187.912 E141.42616
G1 X69.228 Y186.836 E141.48566
G1 X69.908 Y185.89 E141.5399
G1 X70.635 Y184.982 E141.59407
G1 X71.401 Y184.115 E141.64794
G1 X72.22 Y183.277 E141.7025
G1 X73.072 Y182.487 E141.7566
G1 X73.964 Y181.739 E141.81081
G1 X74.894 Y181.037 E141.86506
G1 X75.854 Y180.383 E141.91915
G1 X76.85 Y179.775 E141.97349
G1 X77.77 Y179.275 E142.02225
G1 X78.922 Y178.716 E142.08187
G1 X79.993 Y178.266 E142.13596
G1 X81.079 Y177.872 E142.18976
G1 X82.199 Y177.525 E142.24436
G1 X83.339 Y177.236 E142.29912
G1 X84.468 Y177.011 E142.35272
G1 X85.62 Y176.839 E142.40696
G1 X86.777 Y176.724 E142.4611
G1 X87.941 Y176.667 E142.51537
G1 X89.105 Y176.668 E142.56957
G1 X90.267 Y176.727 E142.62374
G1 X91.426 Y176.844 E142.67799
G1 X92.574 Y177.018 E142.73205
G1 X93.703 Y177.246 E142.78568
G1 X94.842 Y177.536 E142.84041
G1 X95.954 Y177.883 E142.89465
G1 X97.047 Y178.281 E142.94882
G1 X98.101 Y178.725 E143.00207
G1 X99.168 Y179.24 E143.05724
G1 X100.191 Y179.798 E143.1115
G1 X101.182 Y180.405 E143.16562
G1 X102.145 Y181.061 E143.21987
G1 X103.071 Y181.766 E143.27407
G1 X103.959 Y182.513 E143.3281
G1 X104.813 Y183.305 E143.38233
G1 X105.625 Y184.14 E143.43657
G1 X106.382 Y184.996 E143.48978
G1 X107.12 Y185.924 E143.54499
G1 X107.796 Y186.869 E143.59909
G1 X108.429 Y187.847 E143.65334
G1 X109.009 Y188.855 E143.70749
G1 X109.539 Y189.892 E143.76172
G1 X110.016 Y190.952 E143.81584
G1 X110.447 Y192.051 E143.87081
G1 X110.812 Y193.14 E143.92429
G1 X111.125 Y194.261 E143.97849
G1 X111.387 Y195.41 E144.03336
G1 X111.584 Y196.543 E144.08691
G1 X111.727 Y197.697 E144.14106
G1 X111.813 Y198.858 E144.19527
G1 X111.841 Y200.02 E144.24939
G1 X111.811 Y201.185 E144.30365
G1 X111.723 Y202.344 E144.35778
G1 X111.578 Y203.5 E144.41203
G1 X111.377 Y204.631 E144.46552
G1 X111.115 Y205.781 E144.52044
G1 X110.798 Y206.902 E144.57468
G1 X110.431 Y207.987 E144.62802
G1 X110 Y209.087 E144.68303
G1 X109.522 Y210.145 E144.73709
G1 X108.989 Y211.184 E144.79146
G1 X108.406 Y212.189 E144.84557
G1 X107.775 Y213.164 E144.89964
G1 X107.108 Y214.094 E144.95293
G1 X106.367 Y215.018 E145.00809
G1 X105.601 Y215.885 E145.06196
G1 X104.782 Y216.723 E145.11652
G1 X103.93 Y217.512 E145.17059
G1 X103.038 Y218.262 E145.22486
G1 X102.125 Y218.951 E145.27812
G1 X101.148 Y219.617 E145.33317
G1 X100.152 Y220.225 E145.38751
G1 X99.232 Y220.725 E145.43627
G1 X98.08 Y221.284 E145.49589
G1 X97.009 Y221.734 E145.54998
G1 X95.923 Y222.128 E145.60378
G1 X94.803 Y222.475 E145.65838
G1 X93.663 Y222.764 E145.71314
G1 X92.533 Y222.989 E145.76679
G1 X91.382 Y223.161 E145.82098
G1 X90.225 Y223.276 E145.87512
G1 X89.061 Y223.333 E145.92938
G1 X87.897 Y223.332 E145.98359
G1 X86.852 Y223.279 E146.03231
G1 X85.597 Y223.159 E146.09101
G1 X84.428 Y222.982 E146.14607
G1 X83.299 Y222.754 E146.1997
G1 X82.18 Y222.469 E146.25347
G1 X81.066 Y222.124 E146.30777
G1 X79.955 Y221.719 E146.36283
G1 X78.882 Y221.266 E146.41707
G1 X77.834 Y220.76 E146.47126
G1 X76.811 Y220.202 E146.52552
G1 X75.82 Y219.595 E146.57963
G1 X74.857 Y218.938 E146.63391
G1 X73.932 Y218.233 E146.68807
G1 X73.042 Y217.486 E146.74217
G1 X72.188 Y216.694 E146.79641
G1 X71.377 Y215.86 E146.85058
G1 X70.619 Y215.002 E146.90389
G1 X69.895 Y214.092 E146.95803
G1 X69.216 Y213.147 E147.01222
G1 X68.572 Y212.153 E147.06737
G1 X67.992 Y211.143 E147.1216
G1 X67.463 Y210.108 E147.17573
G1 X66.986 Y209.047 E147.22989
G1 X66.555 Y207.948 E147.28486
G1 X66.191 Y206.859 E147.33833
G1 X65.877 Y205.738 E147.39254
G1 X65.615 Y204.59 E147.44737
G1 X65.418 Y203.456 E147.50096
G1 X65.275 Y202.302 E147.55511
G1 X65.189 Y201.141 E147.60932
G1 X65.161 Y200.022 E147.66144
M204 S3000
M205 X10 Y10
G0 F3000 X40.342 Y200
M204 S1800
M205 X8 Y8
G1 F1500 X40.393 Y202.089 E147.75874
G1 X40.424 Y202.708 E147.7876
G1 X40.582 Y204.793 E147.88496
G1 X40.879 Y207.176 E147.99678
G1 X41.297 Y209.54 E148.10857
G1 X41.832 Y211.882 E148.22043
G1 X42.396 Y213.889 E148.31751
G1 X42.574 Y214.468 E148.34571
G1 X43.245 Y216.471 E148.44407
G1 X44.124 Y218.705 E148.55586
G1 X44.984 Y220.614 E148.65336
G1 X45.251 Y221.168 E148.68199
G1 X46.206 Y223.031 E148.77948
G1 X47.406 Y225.11 E148.89125
G1 X48.71 Y227.127 E149.00309
G1 X50.112 Y229.077 E149.11492
G1 X51.608 Y230.954 E149.22669
G1 X53.198 Y232.755 E149.33855
G1 X54.876 Y234.475 E149.45045
G1 X56.635 Y236.109 E149.56224
G1 X58.472 Y237.652 E149.67395
G1 X60.388 Y239.102 E149.78583
G1 X62.37 Y240.453 E149.89753
G1 X64.421 Y241.706 E150.00944
G1 X66.531 Y242.856 E150.12134
G1 X68.693 Y243.898 E150.23309
G1 X70.92 Y244.837 E150.34563
G1 X73.162 Y245.65 E150.45668
G1 X75.458 Y246.359 E150.56857
G1 X77.187 Y246.797 E150.65162
G1 X77.785 Y246.95 E150.68037
G1 X80.139 Y247.428 E150.79221
G1 X82.512 Y247.786 E150.90396
G1 X84.902 Y248.025 E151.01581
G1 X87.3 Y248.145 E151.12761
G1 X89.701 Y248.145 E151.23941
G1 X92.1 Y248.025 E151.35125
G1 X94.488 Y247.786 E151.463
G1 X96.863 Y247.428 E151.57484
G1 X99.216 Y246.95 E151.68665
G1 X101.544 Y246.359 E151.79849
G1 X103.825 Y245.655 E151.90964
G1 X106.096 Y244.83 E152.02215
G1 X108.024 Y244.018 E152.11957
G1 X108.582 Y243.766 E152.14808
G1 X110.471 Y242.856 E152.24571
G1 X112.581 Y241.706 E152.35761
G1 X114.63 Y240.455 E152.46939
G1 X116.615 Y239.102 E152.58125
G1 X118.527 Y237.654 E152.69293
G1 X120.366 Y236.109 E152.80477
G1 X122.127 Y234.475 E152.91663
G1 X123.805 Y232.755 E153.02853
G1 X125.392 Y230.956 E153.14023
G1 X126.891 Y229.077 E153.25216
G1 X128.292 Y227.129 E153.36389
G1 X129.595 Y225.11 E153.47578
G1 X130.795 Y223.033 E153.58747
G1 X131.891 Y220.895 E153.69934
G1 X132.878 Y218.707 E153.81111
G1 X133.762 Y216.457 E153.92368
G1 X134.519 Y214.195 E154.03475
G1 X135.17 Y211.882 E154.14664
G1 X135.706 Y209.542 E154.25842
G1 X136.123 Y207.176 E154.37029
G1 X136.421 Y204.795 E154.48202
G1 X136.6 Y202.399 E154.5939
G1 X136.66 Y200 E154.70564
G1 X136.609 Y197.906 E154.80318
G1 X136.578 Y197.292 E154.8318
G1 X136.421 Y195.205 E154.92926
G1 X136.123 Y192.822 E155.04108
G1 X135.706 Y190.458 E155.15286
G1 X135.17 Y188.116 E155.26473
G1 X134.522 Y185.807 E155.37641
G1 X133.757 Y183.529 E155.4883
G1 X132.878 Y181.295 E155.60009
G1 X131.891 Y179.107 E155.71186
G1 X130.795 Y176.969 E155.82373
G1 X129.598 Y174.895 E155.93523
G1 X128.292 Y172.871 E156.0474
G1 X126.891 Y170.921 E156.1592
G1 X125.394 Y169.044 E156.271
G1 X123.805 Y167.243 E156.38283
G1 X122.129 Y165.525 E156.49459
G1 X120.366 Y163.889 E156.60658
G1 X118.528 Y162.349 E156.71824
G1 X116.613 Y160.898 E156.83012
G1 X114.887 Y159.722 E156.92737
G1 X114.366 Y159.384 E156.95629
G1 X112.581 Y158.294 E157.05367
G1 X110.471 Y157.144 E157.16557
G1 X108.307 Y156.102 E157.27741
G1 X106.095 Y155.17 E157.38918
G1 X103.825 Y154.343 E157.50167
G1 X101.544 Y153.642 E157.61279
G1 X99.216 Y153.05 E157.72464
G1 X96.863 Y152.572 E157.83644
G1 X94.488 Y152.214 E157.94828
G1 X92.1 Y151.975 E158.06003
G1 X89.701 Y151.856 E158.17188
G1 X87.302 Y151.855 E158.28359
G1 X84.904 Y151.975 E158.39539
G1 X82.514 Y152.214 E158.50723
G1 X80.141 Y152.572 E158.61898
G1 X77.787 Y153.05 E158.73083
G1 X75.472 Y153.637 E158.84203
G1 X73.164 Y154.348 E158.95449
G1 X70.909 Y155.17 E159.06625
G1 X68.695 Y156.102 E159.17811
G1 X66.531 Y157.144 E159.28994
G1 X64.423 Y158.292 E159.40171
G1 X62.374 Y159.545 E159.51355
G1 X60.39 Y160.898 E159.62537
G1 X58.478 Y162.346 E159.73705
G1 X56.634 Y163.892 E159.8491
G1 X54.874 Y165.525 E159.96089
G1 X53.198 Y167.243 E160.07265
G1 X51.608 Y169.044 E160.18452
G1 X50.112 Y170.921 E160.29629
G1 X48.706 Y172.876 E160.40842
G1 X47.409 Y174.889 E160.51992
G1 X46.207 Y176.97 E160.63182
G1 X45.112 Y179.105 E160.74355
G1 X44.124 Y181.295 E160.85542
G1 X43.245 Y183.529 E160.96721
G1 X42.481 Y185.807 E161.07909
G1 X41.832 Y188.116 E161.19077
G1 X41.297 Y190.458 E161.30264
G1 X40.935 Y192.513 E161.3998
G1 X40.841 Y193.133 E161.429
G1 X40.582 Y195.205 E161.52623
G1 X40.402 Y197.599 E161.63802
G1 X40.342 Y200 E161.74986
M204 S3000
M205 X10 Y10
G0 F3000 X40.902 Y200
M204 S1800
M205 X8 Y8
G1 F1500 X40.961 Y202.371 E161.86029
G1 X41.139 Y204.737 E161.97078
G1 X41.433 Y207.093 E162.08133
G1 X41.846 Y209.429 E162.19179
G1 X42.375 Y211.744 E162.30237
G1 X43.014 Y214.016 E162.41227
G1 X43.772 Y216.28 E162.52344
G1 X44.64 Y218.487 E162.63387
G1 X45.616 Y220.652 E162.74445
G1 X46.698 Y222.763 E162.85491
G1 X47.884 Y224.818 E162.96539
G1 X49.173 Y226.811 E163.07591
G1 X50.559 Y228.739 E163.18648
G1 X52.037 Y230.594 E163.29692
G1 X53.609 Y232.374 E163.4075
G1 X55.268 Y234.074 E163.5181
G1 X57.006 Y235.689 E163.62858
G1 X58.822 Y237.214 E163.739
G1 X60.715 Y238.647 E163.84955
G1 X62.674 Y239.982 E163.95994
G1 X64.701 Y241.221 E164.07056
G1 X66.787 Y242.357 E164.18116
G1 X68.924 Y243.387 E164.29163
G1 X71.125 Y244.315 E164.40285
G1 X73.34 Y245.119 E164.51258
G1 X75.61 Y245.819 E164.62319
G1 X77.909 Y246.404 E164.73365
G1 X80.236 Y246.876 E164.84421
G1 X82.582 Y247.23 E164.95469
G1 X84.944 Y247.466 E165.06522
G1 X87.018 Y247.569 E165.16191
G1 X87.61 Y247.585 E165.18949
G1 X89.687 Y247.585 E165.2862
G1 X92.058 Y247.466 E165.39675
G1 X94.418 Y247.23 E165.50719
G1 X96.766 Y246.876 E165.61775
G1 X99.092 Y246.404 E165.72827
G1 X101.104 Y245.894 E165.82492
G1 X101.677 Y245.732 E165.85265
G1 X103.647 Y245.124 E165.94865
G1 X105.891 Y244.309 E166.05982
G1 X107.806 Y243.502 E166.15658
G1 X108.339 Y243.261 E166.18382
G1 X110.216 Y242.357 E166.28083
G1 X112.301 Y241.221 E166.39139
G1 X114.326 Y239.984 E166.50188
G1 X116.288 Y238.647 E166.61244
G1 X118.178 Y237.216 E166.72282
G1 X119.995 Y235.689 E166.83334
G1 X121.736 Y234.074 E166.94392
G1 X123.394 Y232.374 E167.05449
G1 X124.963 Y230.596 E167.16491
G1 X126.444 Y228.739 E167.27551
G1 X127.829 Y226.814 E167.38594
G1 X129.117 Y224.818 E167.49655
G1 X130.303 Y222.765 E167.60695
G1 X131.387 Y220.652 E167.71753
G1 X132.362 Y218.489 E167.82801
G1 X133.235 Y216.266 E167.93922
G1 X133.984 Y214.03 E168.04902
G1 X134.627 Y211.743 E168.15964
G1 X135.157 Y209.431 E168.27009
G1 X135.569 Y207.093 E168.38064
G1 X135.826 Y205.034 E168.47726
G1 X135.885 Y204.442 E168.50496
G1 X136.041 Y202.371 E168.60167
G1 X136.1 Y200 E168.7121
G1 X136.041 Y197.627 E168.82264
G1 X135.864 Y195.261 E168.93311
G1 X135.569 Y192.905 E169.04368
G1 X135.157 Y190.569 E169.15413
G1 X134.627 Y188.254 E169.26471
G1 X134.067 Y186.256 E169.36133
G1 X133.892 Y185.693 E169.38879
G1 X133.231 Y183.721 E169.48563
G1 X132.362 Y181.513 E169.59612
G1 X131.387 Y179.35 E169.7066
G1 X130.303 Y177.237 E169.81718
G1 X129.12 Y175.187 E169.92739
G1 X127.829 Y173.186 E170.03828
G1 X126.444 Y171.259 E170.14878
G1 X124.965 Y169.404 E170.25925
G1 X123.394 Y167.624 E170.3698
G1 X121.738 Y165.926 E170.48024
G1 X119.995 Y164.309 E170.59095
G1 X118.179 Y162.787 E170.70128
G1 X116.286 Y161.353 E170.81186
G1 X114.326 Y160.016 E170.92234
G1 X112.301 Y158.779 E171.03283
G1 X110.215 Y157.643 E171.14344
G1 X108.076 Y156.613 E171.25398
G1 X105.891 Y155.691 E171.36441
G1 X103.647 Y154.874 E171.47561
G1 X101.393 Y154.181 E171.58542
G1 X99.092 Y153.596 E171.69597
G1 X96.766 Y153.124 E171.80649
G1 X94.418 Y152.77 E171.91705
G1 X92.058 Y152.534 E172.02749
G1 X89.687 Y152.416 E172.13803
G1 X87.316 Y152.415 E172.24844
G1 X84.946 Y152.534 E172.35893
G1 X82.584 Y152.77 E172.46947
G1 X80.238 Y153.124 E172.57994
G1 X77.911 Y153.596 E172.6905
G1 X75.623 Y154.177 E172.80042
G1 X73.342 Y154.879 E172.91155
G1 X71.113 Y155.691 E173.02202
G1 X68.925 Y156.613 E173.13258
G1 X66.786 Y157.643 E173.24312
G1 X64.703 Y158.777 E173.35356
G1 X62.678 Y160.016 E173.4641
G1 X60.717 Y161.353 E173.57462
G1 X58.827 Y162.784 E173.685
G1 X57.005 Y164.312 E173.79573
G1 X55.266 Y165.926 E173.9062
G1 X53.609 Y167.624 E174.01668
G1 X52.037 Y169.404 E174.12726
G1 X50.559 Y171.259 E174.2377
G1 X49.169 Y173.191 E174.34853
G1 X47.887 Y175.181 E174.45875
G1 X46.699 Y177.238 E174.56936
G1 X45.616 Y179.348 E174.6798
G1 X44.9 Y180.937 E174.76095
G1 X44.64 Y181.513 E174.79038
G1 X43.771 Y183.721 E174.90087
G1 X43.016 Y185.972 E175.01143
G1 X42.375 Y188.254 E175.1218
G1 X41.846 Y190.569 E175.23237
G1 X41.433 Y192.905 E175.34283
G1 X41.176 Y194.971 E175.43978
G1 X41.117 Y195.551 E175.46692
G1 X40.961 Y197.627 E175.56386
G1 X40.902 Y200 E175.67439
M204 S3000
M205 X10 Y10
G0 F3000 X64.601 Y200.036
M204 S1800
M205 X8 Y8
G1 F1500 X64.601 Y199.966 E175.67765
G1 X64.632 Y198.773 E175.73322
G1 X64.719 Y197.621 E175.78702
G1 X64.867 Y196.438 E175.84253
G1 X65.072 Y195.276 E175.89748
G1 X65.339 Y194.102 E175.95354
G1 X65.654 Y192.985 E176.00758
G1 X66.026 Y191.873 E176.06218
G1 X66.049 Y191.809 E176.06535
G1 X66.477 Y190.715 E176.12005
G1 X66.952 Y189.661 E176.17388
G1 X66.982 Y189.599 E176.17709
G1 X67.51 Y188.57 E176.23094
G1 X68.058 Y187.624 E176.28185
G1 X68.731 Y186.572 E176.34
G1 X68.773 Y186.51 E176.34349
G1 X69.449 Y185.568 E176.39747
G1 X70.172 Y184.663 E176.45141
G1 X70.952 Y183.776 E176.50641
G1 X71 Y183.724 E176.50971
G1 X71.814 Y182.89 E176.56397
G1 X72.686 Y182.081 E176.61936
G1 X73.626 Y181.292 E176.67651
G1 X74.579 Y180.574 E176.73207
G1 X75.562 Y179.905 E176.78743
G1 X76.552 Y179.3 E176.84146
G1 X77.509 Y178.779 E176.8922
G1 X78.672 Y178.214 E176.9524
G1 X79.769 Y177.752 E177.00783
G1 X80.913 Y177.337 E177.0645
G1 X82.028 Y176.992 E177.11884
G1 X83.194 Y176.695 E177.17487
G1 X84.351 Y176.463 E177.22982
G1 X85.529 Y176.285 E177.28529
G1 X86.715 Y176.166 E177.3408
G1 X87.906 Y176.107 E177.39632
G1 X89.133 Y176.108 E177.45346
G1 X90.288 Y176.166 E177.5073
G1 X91.474 Y176.285 E177.56281
G1 X92.651 Y176.463 E177.61824
G1 X93.775 Y176.688 E177.67161
G1 X94.94 Y176.982 E177.72756
G1 X96.082 Y177.335 E177.78322
G1 X97.233 Y177.752 E177.84022
G1 X98.331 Y178.214 E177.89569
G1 X99.405 Y178.731 E177.9512
G1 X100.483 Y179.32 E178.0084
G1 X101.469 Y179.923 E178.06221
G1 X102.482 Y180.614 E178.11931
G1 X103.431 Y181.337 E178.17486
G1 X104.34 Y182.102 E178.23019
G1 X105.189 Y182.889 E178.28409
G1 X106.022 Y183.744 E178.33968
G1 X106.811 Y184.636 E178.39513
G1 X107.575 Y185.598 E178.45233
G1 X108.248 Y186.536 E178.50609
G1 X108.896 Y187.537 E178.56161
G1 X109.475 Y188.54 E178.61554
G1 X110.035 Y189.63 E178.6726
G1 X110.525 Y190.716 E178.72808
G1 X110.966 Y191.838 E178.78421
G1 X111.352 Y192.99 E178.84079
G1 X111.663 Y194.103 E178.8946
G1 X111.932 Y195.276 E178.95064
G1 X112.14 Y196.474 E179.00725
G1 X112.283 Y197.62 E179.06103
G1 X112.372 Y198.808 E179.1165
G1 X112.402 Y200 E179.17203
G1 X112.37 Y201.227 E179.22918
G1 X112.283 Y202.379 E179.28297
G1 X112.135 Y203.562 E179.33849
G1 X111.93 Y204.724 E179.39343
G1 X111.663 Y205.897 E179.44945
G1 X111.349 Y207.014 E179.50348
G1 X110.964 Y208.161 E179.55981
G1 X110.525 Y209.285 E179.616
G1 X110.035 Y210.37 E179.67144
G1 X109.492 Y211.432 E179.72698
G1 X108.895 Y212.463 E179.78245
G1 X108.248 Y213.463 E179.83791
G1 X107.577 Y214.402 E179.89165
G1 X107.531 Y214.462 E179.89517
G1 X106.809 Y215.362 E179.9489
G1 X106.05 Y216.225 E180.00242
G1 X105.213 Y217.085 E180.0583
G1 X105.163 Y217.134 E180.06156
G1 X104.316 Y217.92 E180.11536
G1 X103.404 Y218.687 E180.17085
G1 X102.452 Y219.406 E180.2264
G1 X101.469 Y220.076 E180.2818
G1 X100.451 Y220.7 E180.33739
G1 X99.477 Y221.229 E180.38901
G1 X98.329 Y221.786 E180.44842
G1 X97.233 Y222.247 E180.50379
G1 X96.152 Y222.642 E180.55738
G1 X95.008 Y222.999 E180.61318
G1 X93.841 Y223.298 E180.66928
G1 X92.684 Y223.531 E180.72423
G1 X92.617 Y223.543 E180.7274
G1 X91.438 Y223.719 E180.78291
G1 X90.288 Y223.834 E180.83672
G1 X89.096 Y223.893 E180.8923
G1 X87.869 Y223.892 E180.94943
G1 X86.815 Y223.838 E180.99857
G1 X85.493 Y223.71 E181.06042
G1 X84.351 Y223.537 E181.1142
G1 X83.227 Y223.312 E181.16758
G1 X82.028 Y223.008 E181.22518
G1 X80.92 Y222.665 E181.27919
G1 X79.802 Y222.26 E181.33455
G1 X79.738 Y222.235 E181.33775
G1 X78.671 Y221.786 E181.39166
G1 X77.597 Y221.269 E181.44716
G1 X76.519 Y220.68 E181.50436
G1 X75.533 Y220.076 E181.5582
G1 X74.548 Y219.406 E181.61367
G1 X73.599 Y218.684 E181.6692
G1 X72.687 Y217.92 E181.7246
G1 X71.838 Y217.135 E181.77844
G1 X70.98 Y216.256 E181.83563
G1 X70.19 Y215.362 E181.89119
G1 X69.449 Y214.43 E181.94663
G1 X68.753 Y213.463 E182.00211
G1 X68.086 Y212.431 E182.05933
G1 X67.493 Y211.399 E182.11475
G1 X66.967 Y210.37 E182.16856
G1 X66.477 Y209.283 E182.22408
G1 X66.024 Y208.126 E182.28194
G1 X65.661 Y207.044 E182.33508
G1 X65.339 Y205.896 E182.3906
G1 X65.07 Y204.724 E182.44659
G1 X64.867 Y203.56 E182.50161
G1 X64.719 Y202.379 E182.55703
G1 X64.63 Y201.19 E182.61255
G1 X64.601 Y200.036 E182.6663
M204 S3000
M205 X10 Y10
G0 F3000 X64.061 Y200.052
M204 S1800
M205 X8 Y8
;TYPE:SKIN
G1 F1500 X64.089 Y198.817 E182.72382
G1 X64.179 Y197.603 E182.78051
G1 X64.328 Y196.392 E182.83732
G1 X64.534 Y195.217 E182.89287
G1 X64.806 Y194.003 E182.9508
G1 X65.139 Y192.825 E183.0078
G1 X65.514 Y191.702 E183.06293
G1 X65.966 Y190.54 E183.12099
G1 X66.465 Y189.427 E183.17779
G1 X67.019 Y188.342 E183.23451
G1 X67.573 Y187.381 E183.28616
G1 X68.284 Y186.268 E183.34766
G1 X68.999 Y185.268 E183.4049
G1 X69.758 Y184.317 E183.46156
G1 X70.551 Y183.414 E183.51752
G1 X71.413 Y182.529 E183.57505
G1 X72.302 Y181.7 E183.63165
G1 X73.233 Y180.917 E183.68829
G1 X74.207 Y180.176 E183.74528
G1 X75.219 Y179.484 E183.80237
G1 X76.25 Y178.85 E183.85873
G1 X77.22 Y178.321 E183.91017
G1 X78.413 Y177.738 E183.972
G1 X79.538 Y177.262 E184.02888
G1 X80.677 Y176.847 E184.08533
G1 X81.84 Y176.484 E184.14206
G1 X83.036 Y176.176 E184.19957
G1 X84.223 Y175.937 E184.25595
G1 X85.429 Y175.754 E184.31275
G1 X86.639 Y175.631 E184.36938
G1 X87.857 Y175.569 E184.42617
G1 X89.119 Y175.567 E184.48493
G1 X90.334 Y175.628 E184.54158
G1 X91.507 Y175.745 E184.59647
G1 X92.71 Y175.925 E184.65311
G1 X93.895 Y176.161 E184.70937
G1 X95.087 Y176.461 E184.76661
G1 X96.255 Y176.824 E184.82356
G1 X97.398 Y177.237 E184.88015
G1 X98.528 Y177.71 E184.9372
G1 X99.621 Y178.235 E184.99366
G1 X100.693 Y178.817 E185.05046
G1 X101.734 Y179.452 E185.10724
G1 X102.745 Y180.138 E185.16413
G1 X103.714 Y180.874 E185.22079
G1 X104.644 Y181.653 E185.27728
G1 X105.541 Y182.479 E185.33406
G1 X106.394 Y183.351 E185.39086
G1 X107.198 Y184.256 E185.44722
G1 X107.964 Y185.217 E185.50445
G1 X108.674 Y186.205 E185.5611
G1 X109.335 Y187.222 E185.61758
G1 X109.95 Y188.281 E185.6746
G1 X110.507 Y189.366 E185.73139
G1 X111.009 Y190.475 E185.78808
G1 X111.461 Y191.621 E185.84544
G1 X111.846 Y192.76 E185.90143
G1 X112.179 Y193.937 E185.95838
G1 X112.454 Y195.136 E186.01566
G1 X112.663 Y196.326 E186.07192
G1 X112.817 Y197.53 E186.12844
G1 X112.909 Y198.746 E186.18523
G1 X112.942 Y200.005 E186.24387
G1 X112.913 Y201.184 E186.29879
G1 X112.823 Y202.397 E186.35542
G1 X112.674 Y203.609 E186.41229
G1 X112.468 Y204.783 E186.46779
G1 X112.195 Y205.999 E186.52582
G1 X111.864 Y207.174 E186.58266
G1 X111.488 Y208.299 E186.63789
G1 X111.035 Y209.462 E186.69601
G1 X110.537 Y210.573 E186.7527
G1 X109.983 Y211.659 E186.80947
G1 X109.373 Y212.716 E186.8663
G1 X108.714 Y213.738 E186.92292
G1 X108.006 Y214.73 E186.97967
G1 X107.244 Y215.684 E187.03653
G1 X106.441 Y216.597 E187.09314
G1 X105.59 Y217.471 E187.14994
G1 X104.7 Y218.301 E187.20661
G1 X103.762 Y219.093 E187.26378
G1 X102.794 Y219.825 E187.32029
G1 X101.783 Y220.516 E187.37731
G1 X100.753 Y221.149 E187.4336
G1 X99.782 Y221.679 E187.48511
G1 X98.588 Y222.263 E187.547
G1 X97.462 Y222.737 E187.60389
G1 X96.323 Y223.154 E187.66037
G1 X95.154 Y223.519 E187.7174
G1 X93.96 Y223.825 E187.77479
G1 X92.779 Y224.063 E187.83089
G1 X91.573 Y224.246 E187.88769
G1 X90.364 Y224.369 E187.94427
G1 X89.145 Y224.431 E188.00111
G1 X87.882 Y224.433 E188.05992
G1 X86.822 Y224.379 E188.10934
G1 X85.502 Y224.255 E188.17108
G1 X84.21 Y224.061 E188.23191
G1 X83.107 Y223.839 E188.2843
G1 X81.917 Y223.539 E188.34145
G1 X80.746 Y223.176 E188.39853
G1 X79.606 Y222.763 E188.45499
G1 X78.481 Y222.293 E188.51177
G1 X77.381 Y221.765 E188.56858
G1 X76.309 Y221.183 E188.62538
G1 X75.269 Y220.548 E188.68212
G1 X74.263 Y219.865 E188.73874
G1 X73.286 Y219.125 E188.79581
G1 X72.355 Y218.348 E188.85228
G1 X71.464 Y217.523 E188.90882
G1 X70.608 Y216.649 E188.96578
G1 X69.798 Y215.736 E189.02262
G1 X69.036 Y214.783 E189.07943
G1 X68.328 Y213.797 E189.13596
G1 X67.665 Y212.778 E189.19256
G1 X67.051 Y211.718 E189.2496
G1 X66.495 Y210.635 E189.30629
G1 X65.994 Y209.525 E189.363
G1 X65.541 Y208.379 E189.42038
G1 X65.156 Y207.236 E189.47654
G1 X64.823 Y206.062 E189.53336
G1 X64.549 Y204.865 E189.59054
G1 X64.338 Y203.672 E189.64695
G1 X64.185 Y202.467 E189.70351
G1 X64.093 Y201.251 E189.7603
G1 X64.061 Y200.052 E189.81615
M204 S3000
M205 X10 Y10
G0 F3000 X41.443 Y200
M204 S1800
M205 X8 Y8
G1 F1500 X41.501 Y202.344 E189.92533
G1 X41.677 Y204.683 E190.03455
G1 X41.967 Y207.011 E190.14379
G1 X42.376 Y209.321 E190.25303
G1 X42.897 Y211.597 E190.36175
G1 X43.53 Y213.858 E190.47108
G1 X44.28 Y216.101 E190.5812
G1 X45.04 Y218.027 E190.67762
G1 X45.248 Y218.517 E190.7024
G1 X46.104 Y220.418 E190.79948
G1 X47.173 Y222.505 E190.90867
G1 X48.344 Y224.534 E191.01775
G1 X49.62 Y226.506 E191.12712
G1 X50.99 Y228.411 E191.23639
G1 X52.451 Y230.244 E191.34553
G1 X54.006 Y232.005 E191.45493
G1 X55.646 Y233.687 E191.56431
G1 X57.363 Y235.285 E191.67353
G1 X59.158 Y236.79 E191.78261
G1 X61.03 Y238.208 E191.89196
G1 X62.968 Y239.528 E192.00114
G1 X64.971 Y240.752 E192.11045
G1 X67.034 Y241.876 E192.21984
G1 X69.148 Y242.894 E192.3291
G1 X71.323 Y243.813 E192.43905
G1 X73.526 Y244.612 E192.54816
G1 X75.757 Y245.298 E192.65685
G1 X78.032 Y245.876 E192.76615
G1 X80.33 Y246.345 E192.87536
G1 X82.649 Y246.694 E192.98456
G1 X84.984 Y246.927 E193.09382
G1 X87.33 Y247.044 E193.2032
G1 X89.672 Y247.045 E193.31225
G1 X92.016 Y246.927 E193.42154
G1 X94.351 Y246.694 E193.53081
G1 X96.67 Y246.345 E193.64
G1 X98.97 Y245.875 E193.74931
G1 X101.233 Y245.302 E193.85801
G1 X103.475 Y244.611 E193.96726
G1 X105.692 Y243.806 E194.07709
G1 X107.853 Y242.894 E194.1863
G1 X109.97 Y241.876 E194.29569
G1 X112.03 Y240.752 E194.40496
G1 X114.032 Y239.53 E194.51417
G1 X115.973 Y238.208 E194.62353
G1 X117.84 Y236.794 E194.73258
G1 X119.637 Y235.285 E194.84185
G1 X121.357 Y233.686 E194.9512
G1 X122.998 Y232.005 E195.06059
G1 X124.547 Y230.248 E195.16966
G1 X126.013 Y228.41 E195.27913
G1 X127.383 Y226.509 E195.38824
G1 X128.656 Y224.535 E195.49761
G1 X129.828 Y222.507 E195.60668
G1 X130.67 Y220.863 E195.69269
G1 X130.899 Y220.417 E195.71603
G1 X131.864 Y218.28 E195.82522
G1 X132.733 Y216.066 E195.93597
G1 X133.466 Y213.87 E196.04377
G1 X134.102 Y211.608 E196.15318
G1 X134.627 Y209.322 E196.2624
G1 X135.035 Y207.012 E196.37162
G1 X135.326 Y204.684 E196.48087
G1 X135.479 Y202.626 E196.57696
G1 X135.508 Y202.064 E196.60317
G1 X135.559 Y200 E196.6993
G1 X135.546 Y199.409 E196.72683
G1 X135.501 Y197.654 E196.80858
G1 X135.326 Y195.315 E196.9178
G1 X135.035 Y192.987 E197.02704
G1 X134.627 Y190.677 E197.13627
G1 X134.163 Y188.651 E197.23305
G1 X134.03 Y188.131 E197.25804
G1 X133.47 Y186.131 E197.35475
G1 X132.723 Y183.906 E197.46404
G1 X131.863 Y181.723 E197.5733
G1 X130.899 Y179.585 E197.6825
G1 X129.827 Y177.494 E197.79192
G1 X128.659 Y175.47 E197.90073
G1 X127.382 Y173.492 E198.01036
G1 X126.013 Y171.587 E198.11959
G1 X124.725 Y169.971 E198.21582
G1 X124.365 Y169.543 E198.24186
G1 X122.997 Y167.993 E198.33813
G1 X121.359 Y166.312 E198.44742
G1 X119.638 Y164.714 E198.55677
G1 X117.841 Y163.209 E198.66592
G1 X115.97 Y161.792 E198.7752
G1 X114.035 Y160.472 E198.88427
G1 X112.031 Y159.248 E198.99362
G1 X109.969 Y158.124 E199.10297
G1 X107.854 Y157.106 E199.21227
G1 X105.678 Y156.187 E199.32226
G1 X103.476 Y155.388 E199.43133
G1 X101.246 Y154.703 E199.53996
G1 X98.971 Y154.124 E199.64927
G1 X96.671 Y153.656 E199.75856
G1 X94.353 Y153.306 E199.86772
G1 X92.017 Y153.073 E199.97704
G1 X89.672 Y152.957 E200.08636
G1 X87.33 Y152.955 E200.19542
G1 X84.989 Y153.073 E200.30456
G1 X82.651 Y153.306 E200.41397
G1 X80.334 Y153.655 E200.52307
G1 X78.033 Y154.125 E200.63243
G1 X75.783 Y154.694 E200.7405
G1 X73.516 Y155.391 E200.85094
G1 X71.313 Y156.195 E200.96014
G1 X69.149 Y157.106 E201.06946
G1 X67.032 Y158.124 E201.17885
G1 X64.975 Y159.245 E201.28793
G1 X62.973 Y160.47 E201.39722
G1 X61.033 Y161.792 E201.50653
G1 X59.164 Y163.209 E201.61574
G1 X57.363 Y164.717 E201.72512
G1 X55.643 Y166.314 E201.83441
G1 X54.005 Y167.992 E201.9436
G1 X52.45 Y169.753 E202.053
G1 X50.99 Y171.585 E202.16208
G1 X49.611 Y173.501 E202.272
G1 X48.35 Y175.463 E202.3806
G1 X47.174 Y177.499 E202.49008
G1 X46.338 Y179.13 E202.57543
G1 X46.104 Y179.584 E202.59921
G1 X45.138 Y181.723 E202.70849
G1 X44.274 Y183.921 E202.81847
G1 X43.534 Y186.132 E202.92703
G1 X42.899 Y188.388 E203.03616
G1 X42.376 Y190.677 E203.1455
G1 X41.967 Y192.987 E203.25473
G1 X41.677 Y195.315 E203.36397
G1 X41.523 Y197.373 E203.46007
G1 X41.494 Y197.939 E203.48646
G1 X41.443 Y200 E203.58246
M204 S3000
M205 X10 Y10
G0 F3000 X58.334 Y235.733
M204 S1800
M205 X8 Y8
G1 F1500 X52.676 Y230.075 E203.95505
G1 X52.606 Y230.005
M204 S3000
M205 X10 Y10
G0 F3000 X50.133 Y226.74
M204 S1800
M205 X8 Y8
G1 F1500 X61.756 Y238.363 E204.72044
G1 X61.826 Y238.433
M204 S3000
M205 X10 Y10
G0 F3000 X64.038 Y239.853
M204 S1800
M205 X8 Y8
G1 F1500 X48.603 Y224.418 E205.73686
G1 X48.533 Y224.348
M204 S3000
M205 X10 Y10
G0 F3000 X47.517 Y222.54
M204 S1800
M205 X8 Y8
G1 F1500 X65.933 Y240.956 E206.94959
G1 X66.003 Y241.026
M204 S3000
M205 X10 Y10
G0 F3000 X67.611 Y241.842
M204 S1800
M205 X8 Y8
G1 F1500 X46.662 Y220.893 E208.32911
G1 X46.592 Y220.823
M204 S3000
M205 X10 Y10
G0 F3000 X45.945 Y219.384
M204 S1800
M205 X8 Y8
G1 F1500 X69.14 Y242.579 E209.85654
G1 X69.21 Y242.649
M204 S3000
M205 X10 Y10
G0 F3000 X70.523 Y243.17
M204 S1800
M205 X8 Y8
G1 F1500 X45.317 Y217.964 E211.5164
G1 X45.247 Y217.894
M204 S3000
M205 X10 Y10
G0 F3000 X44.8 Y216.656
M204 S1800
M205 X8 Y8
G1 F1500 X71.85 Y243.705 E213.29766
G1 X71.92 Y243.775
M204 S3000
M205 X10 Y10
G0 F3000 X73.092 Y244.156
M204 S1800
M205 X8 Y8
G1 F1500 X44.343 Y215.406 E215.19086
G1 X44.273 Y215.336
M204 S3000
M205 X10 Y10
G0 F3000 X43.945 Y214.216
M204 S1800
M205 X8 Y8
G1 F1500 X74.277 Y244.548 E217.18828
G1 X74.347 Y244.618
M204 S3000
M205 X10 Y10
G0 F3000 X75.42 Y244.9
M204 S1800
M205 X8 Y8
G1 F1500 X43.603 Y213.083 E219.28348
G1 X43.533 Y213.013
M204 S3000
M205 X10 Y10
G0 F3000 X43.295 Y211.982
M204 S1800
M205 X8 Y8
G1 F1500 X76.511 Y245.199 E221.47084
M204 S3000
M205 X10 Y10
G0 F3000 X77.573 Y245.469
M204 S1800
M205 X8 Y8
G1 F1500 X43.03 Y210.925 E223.74559
M204 S3000
M205 X10 Y10
G0 F3000 X42.794 Y209.898
M204 S1800
M205 X8 Y8
G1 F1500 X78.601 Y245.705 E226.10354
M204 S3000
M205 X10 Y10
G0 F3000 X79.596 Y245.908
M204 S1800
M205 X8 Y8
G1 F1500 X42.584 Y208.896 E228.54085
M204 S3000
M205 X10 Y10
G0 F3000 X42.414 Y207.933
M204 S1800
M205 X8 Y8
G1 F1500 X80.578 Y246.097 E231.05401
M204 S3000
M205 X10 Y10
G0 F3000 X81.511 Y246.238
M204 S1800
M205 X8 Y8
G1 F1500 X42.243 Y206.971 E233.63984
M204 S3000
M205 X10 Y10
G0 F3000 X42.131 Y206.067
M204 S1800
M205 X8 Y8
G1 F1500 X82.442 Y246.378 E236.29439
M204 S3000
M205 X10 Y10
G0 F3000 X83.336 Y246.48
M204 S1800
M205 X8 Y8
G1 F1500 X42.019 Y205.162 E239.01522
M204 S3000
M205 X10 Y10
G0 F3000 X41.927 Y204.279
M204 S1800
M205 X8 Y8
G1 F1500 X84.216 Y246.568 E241.80002
M204 S3000
M205 X10 Y10
G0 F3000 X85.091 Y246.651
M204 S1800
M205 X8 Y8
G1 F1500 X41.862 Y203.422 E244.64673
M204 S3000
M205 X10 Y10
G0 F3000 X41.798 Y202.566
M204 S1800
M205 X8 Y8
G1 F1500 X85.924 Y246.692 E247.5525
M204 S3000
M205 X10 Y10
G0 F3000 X86.758 Y246.734
M204 S1800
M205 X8 Y8
G1 F1500 X41.765 Y201.741 E250.51536
M204 S3000
M205 X10 Y10
G0 F3000 X41.745 Y200.929
M204 S1800
M205 X8 Y8
G1 F1500 X87.579 Y246.763 E253.53361
M204 S3000
M205 X10 Y10
G0 F3000 X88.371 Y246.763
M204 S1800
M205 X8 Y8
G1 F1500 X41.725 Y200.117 E256.60533
M204 S3000
M205 X10 Y10
G0 F3000 X41.739 Y199.339
M204 S1800
M205 X8 Y8
G1 F1500 X89.163 Y246.763 E259.72828
M204 S3000
M205 X10 Y10
G0 F3000 X89.941 Y246.749
M204 S1800
M205 X8 Y8
G1 F1500 X41.758 Y198.566 E262.90121
M204 S3000
M205 X10 Y10
G0 F3000 X41.777 Y197.793
M204 S1800
M205 X8 Y8
G1 F1500 X90.695 Y246.711 E266.12255
M204 S3000
M205 X10 Y10
G0 F3000 X91.45 Y246.674
M204 S1800
M205 X8 Y8
G1 F1500 X41.826 Y197.05 E269.39037
M204 S3000
M205 X10 Y10
G0 F3000 X41.882 Y196.314
M204 S1800
M205 X8 Y8
G1 F1500 X92.194 Y246.626 E272.7035
M204 S3000
M205 X10 Y10
G0 F3000 X92.914 Y246.554
M204 S1800
M205 X8 Y8
G1 F1500 X41.937 Y195.577 E276.06043
M204 S3000
M205 X10 Y10
G0 F3000 X42.015 Y194.863
M204 S1800
M205 X8 Y8
G1 F1500 X93.634 Y246.482 E279.45963
M204 S3000
M205 X10 Y10
G0 F3000 X94.352 Y246.409
M204 S1800
M205 X8 Y8
G1 F1500 X42.103 Y194.159 E282.90034
M204 S3000
M205 X10 Y10
G0 F3000 X42.19 Y193.454
M204 S1800
M205 X8 Y8
G1 F1500 X95.04 Y246.305 E286.38064
M204 S3000
M205 X10 Y10
G0 F3000 X95.729 Y246.201
M204 S1800
M205 X8 Y8
G1 F1500 X42.29 Y192.762 E289.89969
M204 S3000
M205 X10 Y10
G0 F3000 X42.41 Y192.09
M204 S1800
M205 X8 Y8
G1 F1500 X96.418 Y246.098 E293.45621
M204 S3000
M205 X10 Y10
G0 F3000 X97.085 Y245.973
M204 S1800
M205 X8 Y8
G1 F1500 X42.528 Y191.417 E297.04885
M204 S3000
M205 X10 Y10
G0 F3000 X42.648 Y190.744
M204 S1800
M205 X8 Y8
G1 F1500 X97.742 Y245.839 E300.67691
M204 S3000
M205 X10 Y10
G0 F3000 X98.4 Y245.704
M204 S1800
M205 X8 Y8
G1 F1500 X42.794 Y190.099 E304.33863
M204 S3000
M205 X10 Y10
G0 F3000 X42.941 Y189.454
M204 S1800
M205 X8 Y8
G1 F1500 X99.052 Y245.564 E308.0336
M204 S3000
M205 X10 Y10
G0 F3000 X99.683 Y245.404
M204 S1800
M205 X8 Y8
G1 F1500 X74.946 Y220.667 E309.66258
G1 X74.876 Y220.597
M204 S3000
M205 X10 Y10
G0 F3000 X76.883 Y221.812
M204 S1800
M205 X8 Y8
G1 F1500 X100.315 Y245.243 E311.20558
M204 S3000
M205 X10 Y10
G0 F3000 X100.947 Y245.083
M204 S1800
M205 X8 Y8
G1 F1500 X78.442 Y222.579 E312.68754
G1 X78.372 Y222.509
M204 S3000
M205 X10 Y10
G0 F3000 X79.777 Y223.122
M204 S1800
M205 X8 Y8
G1 F1500 X101.561 Y244.905 E314.12202
M204 S3000
M205 X10 Y10
G0 F3000 X102.166 Y244.719
M204 S1800
M205 X8 Y8
G1 F1500 X80.992 Y223.544 E315.5164
G1 X80.922 Y223.474
M204 S3000
M205 X10 Y10
G0 F3000 X82.117 Y223.878
M204 S1800
M205 X8 Y8
G1 F1500 X102.772 Y244.533 E316.87657
M204 S3000
M205 X10 Y10
G0 F3000 X103.377 Y244.346
M204 S1800
M205 X8 Y8
G1 F1500 X83.167 Y224.136 E318.20743
M204 S3000
M205 X10 Y10
G0 F3000 X84.157 Y224.334
M204 S1800
M205 X8 Y8
G1 F1500 X103.958 Y244.135 E319.51136
M204 S3000
M205 X10 Y10
G0 F3000 X104.54 Y243.924
M204 S1800
M205 X8 Y8
G1 F1500 X85.09 Y224.475 E320.79214
M204 S3000
M205 X10 Y10
G0 F3000 X85.989 Y224.582
M204 S1800
M205 X8 Y8
G1 F1500 X105.12 Y243.713 E322.05195
M204 S3000
M205 X10 Y10
G0 F3000 X105.696 Y243.497
M204 S1800
M205 X8 Y8
G1 F1500 X86.86 Y224.661 E323.29233
M204 S3000
M205 X10 Y10
G0 F3000 X87.693 Y224.702
M204 S1800
M205 X8 Y8
G1 F1500 X106.254 Y243.263 E324.51461
M204 S3000
M205 X10 Y10
G0 F3000 X106.811 Y243.028
M204 S1800
M205 X8 Y8
G1 F1500 X88.494 Y224.711 E325.72081
M204 S3000
M205 X10 Y10
G0 F3000 X89.28 Y224.705
M204 S1800
M205 X8 Y8
G1 F1500 X107.368 Y242.793 E326.91194
M204 S3000
M205 X10 Y10
G0 F3000 X107.917 Y242.551
M204 S1800
M205 X8 Y8
G1 F1500 X90.033 Y224.666 E328.08966
M204 S3000
M205 X10 Y10
G0 F3000 X90.768 Y224.609
M204 S1800
M205 X8 Y8
G1 F1500 X108.452 Y242.293 E329.25418
M204 S3000
M205 X10 Y10
G0 F3000 X108.987 Y242.036
M204 S1800
M205 X8 Y8
G1 F1500 X91.486 Y224.535 E330.40666
M204 S3000
M205 X10 Y10
G0 F3000 X92.179 Y224.436
M204 S1800
M205 X8 Y8
G1 F1500 X109.522 Y241.779 E331.54872
M204 S3000
M205 X10 Y10
G0 F3000 X110.048 Y241.513
M204 S1800
M205 X8 Y8
G1 F1500 X92.865 Y224.331 E332.68022
M204 S3000
M205 X10 Y10
G0 F3000 X93.524 Y224.197
M204 S1800
M205 X8 Y8
G1 F1500 X110.56 Y241.233 E333.80207
M204 S3000
M205 X10 Y10
G0 F3000 X111.072 Y240.953
M204 S1800
M205 X8 Y8
G1 F1500 X94.176 Y224.058 E334.91467
M204 S3000
M205 X10 Y10
G0 F3000 X94.806 Y223.896
M204 S1800
M205 X8 Y8
G1 F1500 X111.584 Y240.674 E336.01953
M204 S3000
M205 X10 Y10
G0 F3000 X112.088 Y240.385
M204 S1800
M205 X8 Y8
G1 F1500 X95.429 Y223.726 E337.11655
M204 S3000
M205 X10 Y10
G0 F3000 X96.031 Y223.536
M204 S1800
M205 X8 Y8
G1 F1500 X112.58 Y240.086 E338.20636
M204 S3000
M205 X10 Y10
G0 F3000 X113.072 Y239.786
M204 S1800
M205 X8 Y8
G1 F1500 X96.626 Y223.34 E339.28936
M204 S3000
M205 X10 Y10
G0 F3000 X97.206 Y223.128
M204 S1800
M205 X8 Y8
G1 F1500 X113.564 Y239.486 E340.36656
M204 S3000
M205 X10 Y10
G0 F3000 X114.049 Y239.178
M204 S1800
M205 X8 Y8
G1 F1500 X97.778 Y222.908 E341.438
M204 S3000
M205 X10 Y10
G0 F3000 X98.335 Y222.672
M204 S1800
M205 X8 Y8
G1 F1500 X114.52 Y238.857 E342.50381
M204 S3000
M205 X10 Y10
G0 F3000 X114.991 Y238.537
M204 S1800
M205 X8 Y8
G1 F1500 X98.884 Y222.43 E343.56449
M204 S3000
M205 X10 Y10
G0 F3000 X99.415 Y222.169
M204 S1800
M205 X8 Y8
G1 F1500 X115.462 Y238.216 E344.62121
M204 S3000
M205 X10 Y10
G0 F3000 X115.928 Y237.89
M204 S1800
M205 X8 Y8
G1 F1500 X99.946 Y221.908 E345.67365
M204 S3000
M205 X10 Y10
G0 F3000 X100.458 Y221.628
M204 S1800
M205 X8 Y8
G1 F1500 X116.379 Y237.548 E346.72204
M204 S3000
M205 X10 Y10
G0 F3000 X116.829 Y237.207
M204 S1800
M205 X8 Y8
G1 F1500 X100.968 Y221.346 E347.76652
M204 S3000
M205 X10 Y10
G0 F3000 X101.458 Y221.044
M204 S1800
M205 X8 Y8
G1 F1500 X117.28 Y236.865 E348.80839
M204 S3000
M205 X10 Y10
G0 F3000 X117.727 Y236.521
M204 S1800
M205 X8 Y8
G1 F1500 X101.948 Y220.742 E349.84746
M204 S3000
M205 X10 Y10
G0 F3000 X102.418 Y220.42
M204 S1800
M205 X8 Y8
G1 F1500 X118.158 Y236.16 E350.88397
M204 S3000
M205 X10 Y10
G0 F3000 X118.588 Y235.798
M204 S1800
M205 X8 Y8
G1 F1500 X102.888 Y220.098 E351.91784
M204 S3000
M205 X10 Y10
G0 F3000 X103.342 Y219.76
M204 S1800
M205 X8 Y8
G1 F1500 X119.018 Y235.436 E352.95013
M204 S3000
M205 X10 Y10
G0 F3000 X119.449 Y235.075
M204 S1800
M205 X8 Y8
G1 F1500 X103.793 Y219.419 E353.98111
M204 S3000
M205 X10 Y10
G0 F3000 X104.23 Y219.064
M204 S1800
M205 X8 Y8
G1 F1500 X119.86 Y234.694 E355.01037
M204 S3000
M205 X10 Y10
G0 F3000 X120.27 Y234.312
M204 S1800
M205 X8 Y8
G1 F1500 X104.659 Y218.701 E356.03838
M204 S3000
M205 X10 Y10
G0 F3000 X105.08 Y218.33
M204 S1800
M205 X8 Y8
G1 F1500 X120.681 Y233.931 E357.06573
M204 S3000
M205 X10 Y10
G0 F3000 X121.091 Y233.549
M204 S1800
M205 X8 Y8
G1 F1500 X105.489 Y217.947 E358.09315
M204 S3000
M205 X10 Y10
G0 F3000 X105.893 Y217.559
M204 S1800
M205 X8 Y8
G1 F1500 X121.486 Y233.152 E359.11998
M204 S3000
M205 X10 Y10
G0 F3000 X121.877 Y232.751
M204 S1800
M205 X8 Y8
G1 F1500 X106.283 Y217.157 E360.14687
M204 S3000
M205 X10 Y10
G0 F3000 X106.672 Y216.755
M204 S1800
M205 X8 Y8
G1 F1500 X122.269 Y232.351 E361.17392
M204 S3000
M205 X10 Y10
G0 F3000 X122.66 Y231.95
M204 S1800
M205 X8 Y8
G1 F1500 X107.043 Y216.333 E362.20233
M204 S3000
M205 X10 Y10
G0 F3000 X107.413 Y215.912
M204 S1800
M205 X8 Y8
G1 F1500 X123.037 Y231.536 E363.2312
M204 S3000
M205 X10 Y10
G0 F3000 X123.409 Y231.115
M204 S1800
M205 X8 Y8
G1 F1500 X107.768 Y215.474 E364.26118
M204 S3000
M205 X10 Y10
G0 F3000 X108.119 Y215.034
M204 S1800
M205 X8 Y8
G1 F1500 X123.779 Y230.694 E365.29242
M204 S3000
M205 X10 Y10
G0 F3000 X124.15 Y230.273
M204 S1800
M205 X8 Y8
G1 F1500 X108.456 Y214.579 E366.3259
M204 S3000
M205 X10 Y10
G0 F3000 X108.786 Y214.116
M204 S1800
M205 X8 Y8
G1 F1500 X124.511 Y229.842 E367.36145
M204 S3000
M205 X10 Y10
G0 F3000 X124.863 Y229.401
M204 S1800
M205 X8 Y8
G1 F1500 X109.106 Y213.645 E368.39904
M204 S3000
M205 X10 Y10
G0 F3000 X109.416 Y213.163
M204 S1800
M205 X8 Y8
G1 F1500 X125.215 Y228.961 E369.4394
M204 S3000
M205 X10 Y10
G0 F3000 X125.566 Y228.521
M204 S1800
M205 X8 Y8
G1 F1500 X109.72 Y212.675 E370.48289
M204 S3000
M205 X10 Y10
G0 F3000 X110.009 Y212.172
M204 S1800
M205 X8 Y8
G1 F1500 X125.91 Y228.073 E371.52999
M204 S3000
M205 X10 Y10
G0 F3000 X126.242 Y227.613
M204 S1800
M205 X8 Y8
G1 F1500 X110.294 Y211.665 E372.5802
M204 S3000
M205 X10 Y10
G0 F3000 X110.561 Y211.139
M204 S1800
M205 X8 Y8
G1 F1500 X126.574 Y227.153 E373.63471
M204 S3000
M205 X10 Y10
G0 F3000 X126.905 Y226.692
M204 S1800
M205 X8 Y8
G1 F1500 X110.825 Y210.612 E374.69361
M204 S3000
M205 X10 Y10
G0 F3000 X111.07 Y210.065
M204 S1800
M205 X8 Y8
G1 F1500 X127.231 Y226.226 E375.75784
M204 S3000
M205 X10 Y10
G0 F3000 X127.542 Y225.745
M204 S1800
M205 X8 Y8
G1 F1500 X111.312 Y209.515 E376.82661
M204 S3000
M205 X10 Y10
G0 F3000 X111.534 Y208.945
M204 S1800
M205 X8 Y8
G1 F1500 X127.852 Y225.263 E377.90118
M204 S3000
M205 X10 Y10
G0 F3000 X128.163 Y224.782
M204 S1800
M205 X8 Y8
G1 F1500 X111.756 Y208.375 E378.98161
M204 S3000
M205 X10 Y10
G0 F3000 X111.955 Y207.782
M204 S1800
M205 X8 Y8
G1 F1500 X128.469 Y224.297 E380.06912
M204 S3000
M205 X10 Y10
G0 F3000 X128.759 Y223.795
M204 S1800
M205 X8 Y8
G1 F1500 X112.151 Y207.186 E381.16281
M204 S3000
M205 X10 Y10
G0 F3000 X112.325 Y206.568
M204 S1800
M205 X8 Y8
G1 F1500 X129.049 Y223.293 E382.26415
M204 S3000
M205 X10 Y10
G0 F3000 X129.34 Y222.791
M204 S1800
M205 X8 Y8
G1 F1500 X112.494 Y205.945 E383.37349
M204 S3000
M205 X10 Y10
G0 F3000 X112.638 Y205.297
M204 S1800
M205 X8 Y8
G1 F1500 X129.626 Y222.286 E384.49221
M204 S3000
M205 X10 Y10
G0 F3000 X129.894 Y221.762
M204 S1800
M205 X8 Y8
G1 F1500 X112.775 Y204.643 E385.61953
M204 S3000
M205 X10 Y10
G0 F3000 X112.893 Y203.969
M204 S1800
M205 X8 Y8
G1 F1500 X130.163 Y221.238 E386.75675
M204 S3000
M205 X10 Y10
G0 F3000 X130.431 Y220.714
M204 S1800
M205 X8 Y8
G1 F1500 X112.996 Y203.279 E387.90488
M204 S3000
M205 X10 Y10
G0 F3000 X113.083 Y202.574
M204 S1800
M205 X8 Y8
G1 F1500 X130.695 Y220.187 E389.06469
M204 S3000
M205 X10 Y10
G0 F3000 X130.942 Y219.641
M204 S1800
M205 X8 Y8
G1 F1500 X113.144 Y201.843 E390.23672
M204 S3000
M205 X10 Y10
G0 F3000 X113.194 Y201.101
M204 S1800
M205 X8 Y8
G1 F1500 X131.188 Y219.096 E391.42169
M204 S3000
M205 X10 Y10
G0 F3000 X131.434 Y218.55
M204 S1800
M205 X8 Y8
G1 F1500 X113.213 Y200.329 E392.62157
M204 S3000
M205 X10 Y10
G0 F3000 X113.209 Y199.533
M204 S1800
M205 X8 Y8
G1 F1500 X131.673 Y217.997 E393.83746
M204 S3000
M205 X10 Y10
G0 F3000 X131.897 Y217.428
M204 S1800
M205 X8 Y8
G1 F1500 X113.187 Y198.719 E395.06951
M204 S3000
M205 X10 Y10
G0 F3000 X113.121 Y197.861
M204 S1800
M205 X8 Y8
G1 F1500 X132.12 Y216.86 E396.32063
M204 S3000
M205 X10 Y10
G0 F3000 X132.344 Y216.291
M204 S1800
M205 X8 Y8
G1 F1500 X113.027 Y196.975 E397.59265
M204 S3000
M205 X10 Y10
G0 F3000 X112.9 Y196.055
M204 S1800
M205 X8 Y8
G1 F1500 X132.556 Y215.712 E398.88706
M204 S3000
M205 X10 Y10
G0 F3000 X132.754 Y215.118
M204 S1800
M205 X8 Y8
G1 F1500 X112.73 Y195.094 E400.20568
M204 S3000
M205 X10 Y10
G0 F3000 X112.496 Y194.068
M204 S1800
M205 X8 Y8
G1 F1500 X132.953 Y214.524 E401.55277
M204 S3000
M205 X10 Y10
G0 F3000 X133.151 Y213.93
M204 S1800
M205 X8 Y8
G1 F1500 X112.198 Y192.977 E402.93257
G1 X112.128 Y192.907
M204 S3000
M205 X10 Y10
G0 F3000 X111.817 Y191.805
M204 S1800
M205 X8 Y8
G1 F1500 X133.33 Y213.318 E404.34923
M204 S3000
M205 X10 Y10
G0 F3000 X133.504 Y212.7
M204 S1800
M205 X8 Y8
G1 F1500 X111.33 Y190.526 E405.80943
G1 X111.26 Y190.456
M204 S3000
M205 X10 Y10
G0 F3000 X110.674 Y189.078
M204 S1800
M205 X8 Y8
G1 F1500 X133.678 Y212.082 E407.32428
M204 S3000
M205 X10 Y10
G0 F3000 X133.848 Y211.46
M204 S1800
M205 X8 Y8
G1 F1500 X109.725 Y187.337 E408.91282
G1 X109.655 Y187.267
M204 S3000
M205 X10 Y10
G0 F3000 X108.034 Y184.854
M204 S1800
M205 X8 Y8
G1 F1500 X133.996 Y210.816 E410.62246
M204 S3000
M205 X10 Y10
G0 F3000 X134.144 Y210.172
M204 S1800
M205 X8 Y8
G1 F1500 X78.323 Y154.351 E414.29837
M204 S3000
M205 X10 Y10
G0 F3000 X77.682 Y154.502
M204 S1800
M205 X8 Y8
G1 F1500 X103.657 Y180.477 E416.00887
G1 X103.727 Y180.547
M204 S3000
M205 X10 Y10
G0 F3000 X101.162 Y178.774
M204 S1800
M205 X8 Y8
G1 F1500 X77.049 Y154.661 E417.59675
M204 S3000
M205 X10 Y10
G0 F3000 X76.418 Y154.822
M204 S1800
M205 X8 Y8
G1 F1500 X99.426 Y177.83 E419.11187
G1 X99.496 Y177.9
M204 S3000
M205 X10 Y10
G0 F3000 X97.981 Y177.177
M204 S1800
M205 X8 Y8
G1 F1500 X75.789 Y154.985 E420.57325
M204 S3000
M205 X10 Y10
G0 F3000 X75.183 Y155.171
M204 S1800
M205 X8 Y8
G1 F1500 X96.698 Y176.686 E421.99005
G1 X96.768 Y176.756
M204 S3000
M205 X10 Y10
G0 F3000 X95.523 Y176.302
M204 S1800
M205 X8 Y8
G1 F1500 X74.577 Y155.357 E423.36935
M204 S3000
M205 X10 Y10
G0 F3000 X73.971 Y155.543
M204 S1800
M205 X8 Y8
G1 F1500 X94.435 Y176.007 E424.71694
M204 S3000
M205 X10 Y10
G0 F3000 X93.415 Y175.778
M204 S1800
M205 X8 Y8
G1 F1500 X73.376 Y155.74 E426.03651
M204 S3000
M205 X10 Y10
G0 F3000 X72.795 Y155.951
M204 S1800
M205 X8 Y8
G1 F1500 X92.445 Y175.601 E427.33049
M204 S3000
M205 X10 Y10
G0 F3000 X91.515 Y175.463
M204 S1800
M205 X8 Y8
G1 F1500 X72.216 Y156.163 E428.6014
M204 S3000
M205 X10 Y10
G0 F3000 X71.636 Y156.375
M204 S1800
M205 X8 Y8
G1 F1500 X90.636 Y175.375 E429.85258
M204 S3000
M205 X10 Y10
G0 F3000 X89.787 Y175.318
M204 S1800
M205 X8 Y8
G1 F1500 X71.069 Y156.601 E431.08516
M204 S3000
M205 X10 Y10
G0 F3000 X70.512 Y156.836
M204 S1800
M205 X8 Y8
G1 F1500 X88.963 Y175.286 E432.30016
M204 S3000
M205 X10 Y10
G0 F3000 X88.171 Y175.287
M204 S1800
M205 X8 Y8
G1 F1500 X69.954 Y157.07 E433.49978
M204 S3000
M205 X10 Y10
G0 F3000 X69.397 Y157.305
M204 S1800
M205 X8 Y8
G1 F1500 X87.402 Y175.31 E434.68544
M204 S3000
M205 X10 Y10
G0 F3000 X86.649 Y175.349
M204 S1800
M205 X8 Y8
G1 F1500 X68.857 Y157.556 E435.8571
M204 S3000
M205 X10 Y10
G0 F3000 X68.322 Y157.813
M204 S1800
M205 X8 Y8
G1 F1500 X85.929 Y175.42 E437.01655
M204 S3000
M205 X10 Y10
G0 F3000 X85.218 Y175.501
M204 S1800
M205 X8 Y8
G1 F1500 X67.787 Y158.07 E438.16441
M204 S3000
M205 X10 Y10
G0 F3000 X67.252 Y158.328
M204 S1800
M205 X8 Y8
G1 F1500 X84.531 Y175.606 E439.30223
M204 S3000
M205 X10 Y10
G0 F3000 X83.856 Y175.723
M204 S1800
M205 X8 Y8
G1 F1500 X66.736 Y158.603 E440.42961
M204 S3000
M205 X10 Y10
G0 F3000 X66.224 Y158.883
M204 S1800
M205 X8 Y8
G1 F1500 X83.197 Y175.856 E441.54732
M204 S3000
M205 X10 Y10
G0 F3000 X82.557 Y176.008
M204 S1800
M205 X8 Y8
G1 F1500 X65.711 Y159.162 E442.65665
M204 S3000
M205 X10 Y10
G0 F3000 X65.198 Y159.441
M204 S1800
M205 X8 Y8
G1 F1500 X81.928 Y176.171 E443.75835
M204 S3000
M205 X10 Y10
G0 F3000 X81.317 Y176.352
M204 S1800
M205 X8 Y8
G1 F1500 X64.703 Y159.738 E444.85241
M204 S3000
M205 X10 Y10
G0 F3000 X64.212 Y160.039
M204 S1800
M205 X8 Y8
G1 F1500 X80.714 Y176.541 E445.9391
M204 S3000
M205 X10 Y10
G0 F3000 X80.128 Y176.747
M204 S1800
M205 X8 Y8
G1 F1500 X63.72 Y160.339 E447.01959
M204 S3000
M205 X10 Y10
G0 F3000 X63.229 Y160.64
M204 S1800
M205 X8 Y8
G1 F1500 X79.549 Y176.96 E448.09429
M204 S3000
M205 X10 Y10
G0 F3000 X78.987 Y177.19
M204 S1800
M205 X8 Y8
G1 F1500 X62.754 Y160.957 E449.16326
M204 S3000
M205 X10 Y10
G0 F3000 X62.283 Y161.278
M204 S1800
M205 X8 Y8
G1 F1500 X78.43 Y177.425 E450.22657
M204 S3000
M205 X10 Y10
G0 F3000 X77.892 Y177.679
M204 S1800
M205 X8 Y8
G1 F1500 X61.811 Y161.598 E451.28553
M204 S3000
M205 X10 Y10
G0 F3000 X61.34 Y161.919
M204 S1800
M205 X8 Y8
G1 F1500 X77.361 Y177.939 E452.34051
M204 S3000
M205 X10 Y10
G0 F3000 X76.838 Y178.209
M204 S1800
M205 X8 Y8
G1 F1500 X60.884 Y162.254 E453.39114
M204 S3000
M205 X10 Y10
G0 F3000 X60.434 Y162.597
M204 S1800
M205 X8 Y8
G1 F1500 X76.326 Y178.489 E454.43766
M204 S3000
M205 X10 Y10
G0 F3000 X75.825 Y178.78
M204 S1800
M205 X8 Y8
G1 F1500 X59.983 Y162.938 E455.48088
M204 S3000
M205 X10 Y10
G0 F3000 X59.534 Y163.28
M204 S1800
M205 X8 Y8
G1 F1500 X75.335 Y179.082 E456.52143
M204 S3000
M205 X10 Y10
G0 F3000 X74.853 Y179.392
M204 S1800
M205 X8 Y8
G1 F1500 X59.094 Y163.632 E457.55922
M204 S3000
M205 X10 Y10
G0 F3000 X58.662 Y163.993
M204 S1800
M205 X8 Y8
G1 F1500 X74.384 Y179.715 E458.59454
M204 S3000
M205 X10 Y10
G0 F3000 X73.919 Y180.042
M204 S1800
M205 X8 Y8
G1 F1500 X58.232 Y164.354 E459.62759
M204 S3000
M205 X10 Y10
G0 F3000 X57.801 Y164.715
M204 S1800
M205 X8 Y8
G1 F1500 X73.469 Y180.384 E460.65939
M204 S3000
M205 X10 Y10
G0 F3000 X73.02 Y180.727
M204 S1800
M205 X8 Y8
G1 F1500 X57.378 Y165.084 E461.68948
M204 S3000
M205 X10 Y10
G0 F3000 X56.968 Y165.466
M204 S1800
M205 X8 Y8
G1 F1500 X72.591 Y181.09 E462.71831
M204 S3000
M205 X10 Y10
G0 F3000 X72.161 Y181.452
M204 S1800
M205 X8 Y8
G1 F1500 X56.557 Y165.847 E463.74589
M204 S3000
M205 X10 Y10
G0 F3000 X56.147 Y166.229
M204 S1800
M205 X8 Y8
G1 F1500 X71.749 Y181.831 E464.77331
M204 S3000
M205 X10 Y10
G0 F3000 X71.339 Y182.213
M204 S1800
M205 X8 Y8
G1 F1500 X55.74 Y166.614 E465.80053
M204 S3000
M205 X10 Y10
G0 F3000 X55.349 Y167.015
M204 S1800
M205 X8 Y8
G1 F1500 X70.943 Y182.609 E466.82742
M204 S3000
M205 X10 Y10
G0 F3000 X70.552 Y183.011
M204 S1800
M205 X8 Y8
G1 F1500 X54.957 Y167.416 E467.85438
M204 S3000
M205 X10 Y10
G0 F3000 X54.566 Y167.816
M204 S1800
M205 X8 Y8
G1 F1500 X70.171 Y183.421 E468.882
M204 S3000
M205 X10 Y10
G0 F3000 X69.801 Y183.843
M204 S1800
M205 X8 Y8
G1 F1500 X54.177 Y168.219 E469.91086
M204 S3000
M205 X10 Y10
G0 F3000 X53.805 Y168.639
M204 S1800
M205 X8 Y8
G1 F1500 X69.436 Y184.27 E470.94019
M204 S3000
M205 X10 Y10
G0 F3000 X69.085 Y184.711
M204 S1800
M205 X8 Y8
G1 F1500 X53.433 Y169.06 E471.97087
M204 S3000
M205 X10 Y10
G0 F3000 X53.062 Y169.48
M204 S1800
M205 X8 Y8
G1 F1500 X68.735 Y185.153 E473.00296
M204 S3000
M205 X10 Y10
G0 F3000 X68.405 Y185.615
M204 S1800
M205 X8 Y8
G1 F1500 X52.691 Y169.901 E474.03776
M204 S3000
M205 X10 Y10
G0 F3000 X52.338 Y170.34
M204 S1800
M205 X8 Y8
G1 F1500 X68.075 Y186.077 E475.07407
M204 S3000
M205 X10 Y10
G0 F3000 X67.764 Y186.558
M204 S1800
M205 X8 Y8
G1 F1500 X51.987 Y170.781 E476.11301
M204 S3000
M205 X10 Y10
G0 F3000 X51.635 Y171.221
M204 S1800
M205 X8 Y8
G1 F1500 X67.457 Y187.043 E477.15491
M204 S3000
M205 X10 Y10
G0 F3000 X67.159 Y187.537
M204 S1800
M205 X8 Y8
G1 F1500 X51.285 Y171.662 E478.20028
M204 S3000
M205 X10 Y10
G0 F3000 X50.949 Y172.118
M204 S1800
M205 X8 Y8
G1 F1500 X66.87 Y188.04 E479.24874
M204 S3000
M205 X10 Y10
G0 F3000 X66.595 Y188.557
M204 S1800
M205 X8 Y8
G1 F1500 X50.618 Y172.58 E480.30085
M204 S3000
M205 X10 Y10
G0 F3000 X50.286 Y173.04
M204 S1800
M205 X8 Y8
G1 F1500 X66.327 Y189.081 E481.35718
M204 S3000
M205 X10 Y10
G0 F3000 X66.072 Y189.617
M204 S1800
M205 X8 Y8
G1 F1500 X49.954 Y173.5 E482.41854
M204 S3000
M205 X10 Y10
G0 F3000 X49.638 Y173.975
M204 S1800
M205 X8 Y8
G1 F1500 X65.827 Y190.165 E483.48465
M204 S3000
M205 X10 Y10
G0 F3000 X65.594 Y190.723
M204 S1800
M205 X8 Y8
G1 F1500 X49.327 Y174.457 E484.55582
M204 S3000
M205 X10 Y10
G0 F3000 X49.018 Y174.939
M204 S1800
M205 X8 Y8
G1 F1500 X65.372 Y191.294 E485.63279
M204 S3000
M205 X10 Y10
G0 F3000 X65.161 Y191.874
M204 S1800
M205 X8 Y8
G1 F1500 X48.708 Y175.421 E486.71625
M204 S3000
M205 X10 Y10
G0 F3000 X48.41 Y175.916
M204 S1800
M205 X8 Y8
G1 F1500 X64.963 Y192.468 E487.80626
M204 S3000
M205 X10 Y10
G0 F3000 X64.777 Y193.074
M204 S1800
M205 X8 Y8
G1 F1500 X48.12 Y176.418 E488.90312
M204 S3000
M205 X10 Y10
G0 F3000 X47.83 Y176.92
M204 S1800
M205 X8 Y8
G1 F1500 X64.603 Y193.692 E490.00762
M204 S3000
M205 X10 Y10
G0 F3000 X64.446 Y194.327
M204 S1800
M205 X8 Y8
G1 F1500 X47.54 Y177.422 E491.12088
M204 S3000
M205 X10 Y10
G0 F3000 X47.263 Y177.936
M204 S1800
M205 X8 Y8
G1 F1500 X64.302 Y194.975 E492.24292
M204 S3000
M205 X10 Y10
G0 F3000 X64.176 Y195.641
M204 S1800
M205 X8 Y8
G1 F1500 X46.994 Y178.459 E493.37439
M204 S3000
M205 X10 Y10
G0 F3000 X46.725 Y178.982
M204 S1800
M205 X8 Y8
G1 F1500 X64.058 Y196.315 E494.5158
M204 S3000
M205 X10 Y10
G0 F3000 X63.969 Y197.018
M204 S1800
M205 X8 Y8
G1 F1500 X46.456 Y179.506 E495.66902
M204 S3000
M205 X10 Y10
G0 F3000 X46.202 Y180.043
M204 S1800
M205 X8 Y8
G1 F1500 X63.888 Y197.729 E496.83368
M204 S3000
M205 X10 Y10
G0 F3000 X63.834 Y198.467
M204 S1800
M205 X8 Y8
G1 F1500 X45.956 Y180.589 E498.01097
M204 S3000
M205 X10 Y10
G0 F3000 X45.71 Y181.135
M204 S1800
M205 X8 Y8
G1 F1500 X63.8 Y199.225 E499.20223
M204 S3000
M205 X10 Y10
G0 F3000 X63.782 Y199.999
M204 S1800
M205 X8 Y8
G1 F1500 X45.463 Y181.68 E500.40857
M204 S3000
M205 X10 Y10
G0 F3000 X45.233 Y182.242
M204 S1800
M205 X8 Y8
G1 F1500 X63.801 Y200.81 E501.6313
M204 S3000
M205 X10 Y10
G0 F3000 X63.841 Y201.642
M204 S1800
M205 X8 Y8
G1 F1500 X45.01 Y182.811 E502.87136
M204 S3000
M205 X10 Y10
G0 F3000 X44.786 Y183.379
M204 S1800
M205 X8 Y8
G1 F1500 X63.908 Y202.501 E504.13057
M204 S3000
M205 X10 Y10
G0 F3000 X64.022 Y203.407
M204 S1800
M205 X8 Y8
G1 F1500 X44.563 Y183.948 E505.41198
M204 S3000
M205 X10 Y10
G0 F3000 X44.361 Y184.538
M204 S1800
M205 X8 Y8
G1 F1500 X64.174 Y204.351 E506.7167
M204 S3000
M205 X10 Y10
G0 F3000 X64.37 Y205.339
M204 S1800
M205 X8 Y8
G1 F1500 X44.163 Y185.131 E508.0474
M204 S3000
M205 X10 Y10
G0 F3000 X43.964 Y185.725
M204 S1800
M205 X8 Y8
G1 F1500 X64.623 Y206.383 E509.4078
G1 X64.693 Y206.453
M204 S3000
M205 X10 Y10
G0 F3000 X64.951 Y207.504
M204 S1800
M205 X8 Y8
G1 F1500 X43.77 Y186.323 E510.8026
M204 S3000
M205 X10 Y10
G0 F3000 X43.596 Y186.941
M204 S1800
M205 X8 Y8
G1 F1500 X65.374 Y208.719 E512.23672
G1 X65.444 Y208.789
M204 S3000
M205 X10 Y10
G0 F3000 X65.932 Y210.069
M204 S1800
M205 X8 Y8
G1 F1500 X43.422 Y187.559 E513.71904
M204 S3000
M205 X10 Y10
G0 F3000 X43.248 Y188.177
M204 S1800
M205 X8 Y8
G1 F1500 X66.683 Y211.612 E515.26228
G1 X66.753 Y211.682
M204 S3000
M205 X10 Y10
G0 F3000 X67.843 Y213.563
M204 S1800
M205 X8 Y8
G1 F1500 X43.088 Y188.809 E516.8924
G1 X43.018 Y188.739
M204 S3000
M205 X10 Y10
G0 F3000 X78.98 Y154.217
M204 S1800
M205 X8 Y8
G1 F1500 X134.292 Y209.528 E520.53476
M204 S3000
M205 X10 Y10
G0 F3000 X134.422 Y208.866
M204 S1800
M205 X8 Y8
G1 F1500 X79.638 Y154.082 E524.14238
M204 S3000
M205 X10 Y10
G0 F3000 X80.296 Y153.949
M204 S1800
M205 X8 Y8
G1 F1500 X134.541 Y208.194 E527.71451
M204 S3000
M205 X10 Y10
G0 F3000 X134.66 Y207.52
M204 S1800
M205 X8 Y8
G1 F1500 X80.98 Y153.84 E531.24943
M204 S3000
M205 X10 Y10
G0 F3000 X81.668 Y153.737
M204 S1800
M205 X8 Y8
G1 F1500 X134.774 Y206.842 E534.74651
M204 S3000
M205 X10 Y10
G0 F3000 X134.862 Y206.138
M204 S1800
M205 X8 Y8
G1 F1500 X82.357 Y153.633 E538.20406
M204 S3000
M205 X10 Y10
G0 F3000 X83.061 Y153.546
M204 S1800
M205 X8 Y8
G1 F1500 X134.95 Y205.435 E541.62104
M204 S3000
M205 X10 Y10
G0 F3000 X135.038 Y204.73
M204 S1800
M205 X8 Y8
G1 F1500 X83.782 Y153.474 E544.99633
M204 S3000
M205 X10 Y10
G0 F3000 X84.502 Y153.402
M204 S1800
M205 X8 Y8
G1 F1500 X135.096 Y203.997 E548.32807
M204 S3000
M205 X10 Y10
G0 F3000 X135.152 Y203.26
M204 S1800
M205 X8 Y8
G1 F1500 X85.232 Y153.341 E551.61535
M204 S3000
M205 X10 Y10
G0 F3000 X85.986 Y153.302
M204 S1800
M205 X8 Y8
G1 F1500 X135.207 Y202.523 E554.85664
M204 S3000
M205 X10 Y10
G0 F3000 X135.236 Y201.76
M204 S1800
M205 X8 Y8
G1 F1500 X86.74 Y153.264 E558.05018
M204 S3000
M205 X10 Y10
G0 F3000 X87.502 Y153.234
M204 S1800
M205 X8 Y8
G1 F1500 X135.255 Y200.988 E561.19483
M204 S3000
M205 X10 Y10
G0 F3000 X135.274 Y200.215
M204 S1800
M205 X8 Y8
G1 F1500 X88.295 Y153.235 E564.28851
M204 S3000
M205 X10 Y10
G0 F3000 X89.087 Y153.236
M204 S1800
M205 X8 Y8
G1 F1500 X135.265 Y199.414 E567.32941
M204 S3000
M205 X10 Y10
G0 F3000 X135.244 Y198.601
M204 S1800
M205 X8 Y8
G1 F1500 X89.89 Y153.247 E570.31605
M204 S3000
M205 X10 Y10
G0 F3000 X90.724 Y153.289
M204 S1800
M205 X8 Y8
G1 F1500 X135.224 Y197.789 E573.24645
M204 S3000
M205 X10 Y10
G0 F3000 X135.167 Y196.94
M204 S1800
M205 X8 Y8
G1 F1500 X91.557 Y153.33 E576.11824
M204 S3000
M205 X10 Y10
G0 F3000 X92.412 Y153.393
M204 S1800
M205 X8 Y8
G1 F1500 X135.103 Y196.084 E578.92952
M204 S3000
M205 X10 Y10
G0 F3000 X135.032 Y195.221
M204 S1800
M205 X8 Y8
G1 F1500 X93.292 Y153.481 E581.67817
M204 S3000
M205 X10 Y10
G0 F3000 X94.172 Y153.569
M204 S1800
M205 X8 Y8
G1 F1500 X134.919 Y194.316 E584.36143
M204 S3000
M205 X10 Y10
G0 F3000 X134.806 Y193.411
M204 S1800
M205 X8 Y8
G1 F1500 X95.096 Y153.701 E586.9764
M204 S3000
M205 X10 Y10
G0 F3000 X96.029 Y153.842
M204 S1800
M205 X8 Y8
G1 F1500 X134.66 Y192.473 E589.52032
M204 S3000
M205 X10 Y10
G0 F3000 X134.489 Y191.51
M204 S1800
M205 X8 Y8
G1 F1500 X96.983 Y154.005 E591.99012
M204 S3000
M205 X10 Y10
G0 F3000 X97.978 Y154.207
M204 S1800
M205 X8 Y8
G1 F1500 X134.307 Y190.536 E594.38245
M204 S3000
M205 X10 Y10
G0 F3000 X134.071 Y189.508
M204 S1800
M205 X8 Y8
G1 F1500 X98.975 Y154.413 E596.69354
M204 S3000
M205 X10 Y10
G0 F3000 X100.039 Y154.684
M204 S1800
M205 X8 Y8
G1 F1500 X133.836 Y188.481 E598.91913
G1 X133.906 Y188.551
M204 S3000
M205 X10 Y10
G0 F3000 X133.53 Y187.383
M204 S1800
M205 X8 Y8
G1 F1500 X101.102 Y154.955 E601.05457
G1 X101.032 Y154.885
M204 S3000
M205 X10 Y10
G0 F3000 X102.239 Y155.301
M204 S1800
M205 X8 Y8
G1 F1500 X133.221 Y186.283 E603.09479
G1 X133.291 Y186.353
M204 S3000
M205 X10 Y10
G0 F3000 X132.827 Y185.097
M204 S1800
M205 X8 Y8
G1 F1500 X103.383 Y155.652 E605.03376
G1 X103.313 Y155.582
M204 S3000
M205 X10 Y10
G0 F3000 X104.624 Y156.102
M204 S1800
M205 X8 Y8
G1 F1500 X132.419 Y183.896 E606.86408
G1 X132.489 Y183.966
M204 S3000
M205 X10 Y10
G0 F3000 X131.904 Y182.589
M204 S1800
M205 X8 Y8
G1 F1500 X105.897 Y156.582 E608.57668
G1 X105.827 Y156.512
M204 S3000
M205 X10 Y10
G0 F3000 X107.268 Y157.162
M204 S1800
M205 X8 Y8
G1 F1500 X131.333 Y181.226 E610.16137
G1 X131.403 Y181.296
M204 S3000
M205 X10 Y10
G0 F3000 X130.682 Y179.784
M204 S1800
M205 X8 Y8
G1 F1500 X108.742 Y157.843 E611.60619
G1 X108.672 Y157.773
M204 S3000
M205 X10 Y10
G0 F3000 X110.329 Y158.638
M204 S1800
M205 X8 Y8
G1 F1500 X129.858 Y178.167 E612.89221
G1 X129.928 Y178.237
M204 S3000
M205 X10 Y10
G0 F3000 X128.859 Y176.377
M204 S1800
M205 X8 Y8
G1 F1500 X112.101 Y159.619 E613.99575
G1 X112.031 Y159.549
M204 S3000
M205 X10 Y10
G0 F3000 X114.19 Y160.916
M204 S1800
M205 X8 Y8
G1 F1500 X127.565 Y174.291 E614.87652
G1 X127.635 Y174.361
M204 S3000
M205 X10 Y10
G0 F3000 X125.667 Y171.6
M204 S1800
M205 X8 Y8
G1 F1500 X116.954 Y162.888 E615.45025
G1 X116.884 Y162.818
M204 S3000
M205 X10 Y10
;MESH:NONMESH
G0 F600 X116.884 Y162.818 Z0.4
G0 F3000 X78.979 Y178.899
G0 X77.817 Y179.495
G0 X40.211 Y200
G0 X39.702 Y200
;TIME_ELAPSED:514.158526
;LAYER:1
M204 S1800
M205 X8 Y8
;TYPE:WALL-OUTER
;MESH:8_10_1.stl
G1 F2250 X39.753 Y202.105 E615.52028
G1 X39.786 Y202.756 E615.54196
G1 X39.945 Y204.857 E615.61204
G1 X40.246 Y207.272 E615.69299
G1 X40.612 Y209.348 E615.7631
G1 X40.742 Y209.981 E615.78459
G1 X41.067 Y211.409 E615.8333
G1 X41.211 Y212.04 E615.85483
G1 X41.867 Y214.37 E615.93534
G1 X42.536 Y216.369 E616.00545
G1 X42.767 Y217.003 E616.02789
G1 X43.534 Y218.954 E616.09762
G1 X44.535 Y221.173 E616.17858
G1 X45.643 Y223.337 E616.25945
G1 X46.86 Y225.444 E616.34037
G1 X48.181 Y227.488 E616.42132
G1 X49.602 Y229.464 E616.50227
G1 X51.118 Y231.366 E616.58317
G1 X52.729 Y233.19 E616.66411
G1 X54.429 Y234.933 E616.74509
G1 X56.211 Y236.589 E616.826
G1 X58.073 Y238.152 E616.90686
G1 X60.014 Y239.622 E616.98784
G1 X62.023 Y240.99 E617.06868
G1 X64.101 Y242.26 E617.14968
G1 X66.239 Y243.425 E617.23066
G1 X68.43 Y244.481 E617.31156
G1 X70.687 Y245.433 E617.39303
G1 X72.365 Y246.041 E617.45239
G1 X72.958 Y246.257 E617.47338
G1 X75.285 Y246.975 E617.55438
G1 X77.642 Y247.574 E617.63527
G1 X79.704 Y247.993 E617.70525
G1 X80.353 Y248.107 E617.72717
G1 X82.432 Y248.421 E617.7971
G1 X84.854 Y248.663 E617.87806
G1 X87.284 Y248.785 E617.95898
G1 X89.717 Y248.785 E618.0399
G1 X92.148 Y248.663 E618.12086
G1 X94.568 Y248.421 E618.20175
G1 X96.975 Y248.058 E618.28271
G1 X99.359 Y247.574 E618.36362
G1 X101.399 Y247.057 E618.43362
G1 X102.031 Y246.878 E618.45547
G1 X104.029 Y246.262 E618.52501
G1 X106.018 Y245.54 E618.59538
G1 X106.634 Y245.298 E618.6174
G1 X108.57 Y244.481 E618.68729
G1 X110.763 Y243.425 E618.76824
G1 X112.318 Y242.579 E618.82712
G1 X112.901 Y242.26 E618.84922
G1 X114.977 Y240.992 E618.93013
G1 X116.989 Y239.622 E619.01109
G1 X118.927 Y238.154 E619.09196
G1 X120.79 Y236.589 E619.17288
G1 X122.574 Y234.933 E619.25384
G1 X124.274 Y233.19 E619.33482
G1 X125.882 Y231.368 E619.41565
G1 X127.401 Y229.464 E619.49666
G1 X128.821 Y227.49 E619.57754
G1 X130.142 Y225.444 E619.65854
G1 X131.357 Y223.339 E619.73938
G1 X132.468 Y221.173 E619.82034
G1 X133.468 Y218.956 E619.90123
G1 X134.363 Y216.676 E619.9827
G1 X135.131 Y214.384 E620.0631
G1 X135.791 Y212.04 E620.14409
G1 X136.333 Y209.669 E620.22498
G1 X136.756 Y207.272 E620.30594
G1 X137.058 Y204.859 E620.38682
G1 X137.24 Y202.431 E620.46781
G1 X137.3 Y200 E620.54869
G1 X137.249 Y197.89 E620.61889
G1 X137.216 Y197.244 E620.6404
G1 X137.058 Y195.141 E620.71054
G1 X136.756 Y192.726 E620.79149
G1 X136.391 Y190.654 E620.86147
G1 X136.261 Y190.012 E620.88325
G1 X135.791 Y187.958 E620.95334
G1 X135.133 Y185.618 E621.03418
G1 X134.359 Y183.31 E621.11515
G1 X133.468 Y181.046 E621.19607
G1 X132.468 Y178.829 E621.27696
G1 X131.357 Y176.663 E621.35793
G1 X130.145 Y174.562 E621.4386
G1 X128.821 Y172.51 E621.51983
G1 X127.401 Y170.534 E621.60076
G1 X125.884 Y168.632 E621.68168
G1 X124.274 Y166.808 E621.76259
G1 X122.576 Y165.067 E621.84348
G1 X120.789 Y163.409 E621.92456
G1 X118.927 Y161.848 E622.00537
G1 X116.987 Y160.378 E622.08633
G1 X114.977 Y159.008 E622.16723
G1 X112.901 Y157.74 E622.24814
G1 X110.763 Y156.575 E622.32913
G1 X108.57 Y155.519 E622.41008
G1 X106.329 Y154.574 E622.49097
G1 X104.029 Y153.736 E622.57239
G1 X101.717 Y153.025 E622.65284
G1 X99.359 Y152.426 E622.73376
G1 X96.975 Y151.942 E622.81467
G1 X94.568 Y151.579 E622.89563
G1 X92.148 Y151.337 E622.97652
G1 X89.717 Y151.216 E623.05748
G1 X87.286 Y151.215 E623.13833
G1 X84.856 Y151.337 E623.21926
G1 X82.434 Y151.579 E623.30022
G1 X80.675 Y151.843 E623.35938
G1 X80.029 Y151.942 E623.38111
G1 X77.644 Y152.426 E623.46205
G1 X75.299 Y153.021 E623.54252
G1 X72.96 Y153.741 E623.62392
G1 X70.675 Y154.574 E623.70481
G1 X68.432 Y155.519 E623.78576
G1 X66.239 Y156.575 E623.86672
G1 X64.392 Y157.58 E623.93666
G1 X63.823 Y157.908 E623.9585
G1 X62.027 Y159.008 E624.02855
G1 X60.016 Y160.378 E624.10948
G1 X58.079 Y161.845 E624.1903
G1 X56.211 Y163.412 E624.27139
G1 X54.427 Y165.067 E624.35233
G1 X52.729 Y166.808 E624.43322
G1 X51.118 Y168.632 E624.51416
G1 X49.602 Y170.534 E624.59505
G1 X48.177 Y172.515 E624.67622
G1 X46.862 Y174.556 E624.75697
G1 X45.808 Y176.383 E624.82713
G1 X45.497 Y176.951 E624.84866
G1 X44.535 Y178.827 E624.91879
G1 X43.534 Y181.046 E624.99975
G1 X42.643 Y183.31 E625.08067
G1 X41.869 Y185.618 E625.16164
G1 X41.211 Y187.958 E625.24249
G1 X40.67 Y190.331 E625.32344
G1 X40.246 Y192.726 E625.40434
G1 X39.945 Y195.141 E625.48528
G1 X39.762 Y197.567 E625.5662
G1 X39.702 Y200 E625.64715
M204 S3000
M205 X10 Y10
G0 F4500 X39.706 Y200.2
G0 X40.216 Y200.188
G0 X65.292 Y199.993
G0 X65.801 Y200.006
M204 S1800
M205 X8 Y8
G1 F2250 X65.829 Y198.863 E625.68517
G1 X65.914 Y197.736 E625.72276
G1 X66.055 Y196.612 E625.76044
G1 X66.249 Y195.51 E625.79766
G1 X66.503 Y194.393 E625.83576
G1 X66.812 Y193.303 E625.87344
G1 X67.167 Y192.246 E625.91053
G1 X67.585 Y191.176 E625.94873
G1 X68.05 Y190.146 E625.98632
G1 X68.566 Y189.137 E626.02401
G1 X69.134 Y188.159 E626.06163
G1 X69.748 Y187.209 E626.09925
G1 X70.408 Y186.289 E626.13691
G1 X71.115 Y185.405 E626.17456
G1 X71.859 Y184.562 E626.21196
G1 X72.655 Y183.746 E626.24987
G1 X73.484 Y182.977 E626.28748
G1 X74.351 Y182.249 E626.32513
G1 X75.255 Y181.565 E626.36284
G1 X76.188 Y180.929 E626.40039
G1 X77.156 Y180.337 E626.43813
G1 X78.149 Y179.797 E626.47573
G1 X79.171 Y179.306 E626.51344
G1 X80.212 Y178.868 E626.551
G1 X81.269 Y178.483 E626.58842
G1 X82.357 Y178.146 E626.6263
G1 X83.467 Y177.863 E626.6644
G1 X84.564 Y177.644 E626.70161
G1 X85.684 Y177.475 E626.73928
G1 X86.809 Y177.363 E626.77688
G1 X87.941 Y177.307 E626.81458
G1 X89.073 Y177.307 E626.85223
G1 X90.203 Y177.363 E626.88986
G1 X91.33 Y177.477 E626.92754
G1 X92.448 Y177.645 E626.96514
G1 X93.546 Y177.867 E627.0024
G1 X94.654 Y178.148 E627.04042
G1 X95.736 Y178.485 E627.07811
G1 X96.799 Y178.871 E627.11572
G1 X97.842 Y179.31 E627.15336
G1 X98.862 Y179.802 E627.19103
G1 X99.857 Y180.344 E627.22871
G1 X100.822 Y180.934 E627.26633
G1 X101.757 Y181.571 E627.30396
G1 X102.659 Y182.256 E627.34163
G1 X103.524 Y182.983 E627.37921
G1 X104.355 Y183.752 E627.41687
G1 X105.145 Y184.564 E627.45455
G1 X105.895 Y185.412 E627.4922
G1 X106.6 Y186.298 E627.52986
G1 X107.259 Y187.217 E627.56748
G1 X107.875 Y188.167 E627.60513
G1 X108.439 Y189.147 E627.64274
G1 X108.956 Y190.155 E627.68042
G1 X109.421 Y191.186 E627.71804
G1 X109.84 Y192.255 E627.75623
G1 X110.196 Y193.314 E627.79339
G1 X110.501 Y194.404 E627.83103
G1 X110.757 Y195.52 E627.86911
G1 X110.949 Y196.623 E627.90635
G1 X111.089 Y197.745 E627.94396
G1 X111.173 Y198.874 E627.98161
G1 X111.201 Y200.004 E628.01921
G1 X111.173 Y201.137 E628.0569
G1 X111.088 Y202.264 E628.0945
G1 X110.947 Y203.388 E628.13217
G1 X110.753 Y204.49 E628.16939
G1 X110.499 Y205.607 E628.20749
G1 X110.191 Y206.697 E628.24516
G1 X109.835 Y207.754 E628.28226
G1 X109.417 Y208.824 E628.32047
G1 X108.952 Y209.854 E628.35805
G1 X108.436 Y210.863 E628.39575
G1 X107.868 Y211.841 E628.43336
G1 X107.254 Y212.791 E628.47099
G1 X106.595 Y213.712 E628.50865
G1 X105.887 Y214.595 E628.5463
G1 X105.143 Y215.438 E628.58369
G1 X104.347 Y216.254 E628.62161
G1 X103.518 Y217.023 E628.65922
G1 X102.652 Y217.751 E628.69684
G1 X101.747 Y218.435 E628.73457
G1 X100.814 Y219.071 E628.77213
G1 X99.846 Y219.663 E628.80987
G1 X98.853 Y220.203 E628.84746
G1 X97.831 Y220.694 E628.88518
G1 X96.79 Y221.132 E628.92274
G1 X95.733 Y221.517 E628.96016
G1 X94.645 Y221.854 E628.99804
G1 X93.535 Y222.137 E629.03614
G1 X92.438 Y222.356 E629.07334
G1 X91.318 Y222.525 E629.11102
G1 X90.193 Y222.637 E629.14862
G1 X89.061 Y222.693 E629.18632
G1 X87.929 Y222.693 E629.22397
G1 X86.8 Y222.637 E629.26156
G1 X85.672 Y222.523 E629.29927
G1 X84.554 Y222.355 E629.33687
G1 X83.456 Y222.133 E629.37413
G1 X82.348 Y221.852 E629.41215
G1 X81.266 Y221.515 E629.44984
G1 X80.203 Y221.129 E629.48746
G1 X79.16 Y220.69 E629.5251
G1 X78.14 Y220.198 E629.56276
G1 X77.145 Y219.656 E629.60045
G1 X76.18 Y219.066 E629.63807
G1 X75.244 Y218.429 E629.67572
G1 X74.343 Y217.743 E629.71339
G1 X73.477 Y217.016 E629.751
G1 X72.646 Y216.247 E629.78865
G1 X71.857 Y215.436 E629.82629
G1 X71.106 Y214.587 E629.86399
G1 X70.402 Y213.701 E629.90163
G1 X69.743 Y212.783 E629.93921
G1 X69.126 Y211.832 E629.97692
G1 X68.561 Y210.852 E630.01454
G1 X68.046 Y209.845 E630.05216
G1 X67.581 Y208.813 E630.08981
G1 X67.162 Y207.745 E630.12796
G1 X66.807 Y206.686 E630.16511
G1 X66.501 Y205.595 E630.2028
G1 X66.245 Y204.48 E630.24085
G1 X66.053 Y203.376 E630.27812
G1 X65.913 Y202.254 E630.31573
G1 X65.829 Y201.125 E630.35338
G1 X65.801 Y200.006 E630.39061
M204 S3000
M205 X10 Y10
G0 F4500 X65.805 Y199.806
G0 X65.401 Y200.016
M204 S1800
M205 X8 Y8
;TYPE:WALL-INNER
G1 F2250 X65.43 Y198.833 E630.42997
G1 X65.517 Y197.686 E630.46823
G1 X65.661 Y196.542 E630.50658
G1 X65.859 Y195.422 E630.54441
G1 X66.118 Y194.284 E630.58323
G1 X66.433 Y193.176 E630.62154
G1 X66.795 Y192.1 E630.6593
G1 X67.221 Y191.012 E630.69816
G1 X67.694 Y189.964 E630.7364
G1 X68.22 Y188.937 E630.77478
G1 X68.798 Y187.942 E630.81305
G1 X69.423 Y186.976 E630.85132
G1 X70.096 Y186.039 E630.88969
G1 X70.815 Y185.141 E630.92795
G1 X71.573 Y184.283 E630.96603
G1 X72.383 Y183.453 E631.0046
G1 X73.226 Y182.671 E631.04285
G1 X74.109 Y181.93 E631.08119
G1 X75.029 Y181.235 E631.11954
G1 X75.979 Y180.588 E631.15777
G1 X76.965 Y179.985 E631.19621
G1 X77.975 Y179.437 E631.23443
G1 X79.015 Y178.938 E631.27279
G1 X80.075 Y178.492 E631.31104
G1 X81.15 Y178.101 E631.34909
G1 X82.259 Y177.758 E631.3877
G1 X83.389 Y177.471 E631.42647
G1 X84.504 Y177.248 E631.46429
G1 X85.644 Y177.077 E631.50263
G1 X86.789 Y176.963 E631.54091
G1 X87.926 Y176.907 E631.57877
G1 X89.093 Y176.907 E631.61758
G1 X90.243 Y176.965 E631.65588
G1 X91.39 Y177.081 E631.69422
G1 X92.527 Y177.253 E631.73247
G1 X93.644 Y177.479 E631.77038
G1 X94.772 Y177.766 E631.80909
G1 X95.858 Y178.104 E631.84692
G1 X96.954 Y178.502 E631.8857
G1 X98.016 Y178.95 E631.92404
G1 X99.053 Y179.451 E631.96234
G1 X100.065 Y180.003 E632.00068
G1 X101.047 Y180.603 E632.03896
G1 X101.999 Y181.253 E632.0773
G1 X102.916 Y181.95 E632.11561
G1 X103.796 Y182.689 E632.15383
G1 X104.641 Y183.473 E632.19217
G1 X105.445 Y184.299 E632.23051
G1 X106.208 Y185.163 E632.26884
G1 X106.925 Y186.065 E632.30717
G1 X107.595 Y186.999 E632.3454
G1 X108.221 Y187.967 E632.38374
G1 X108.795 Y188.965 E632.42203
G1 X109.32 Y189.991 E632.46037
G1 X109.793 Y191.04 E632.49864
G1 X110.219 Y192.127 E632.53747
G1 X110.581 Y193.206 E632.57532
G1 X110.891 Y194.315 E632.61362
G1 X111.151 Y195.451 E632.65238
G1 X111.346 Y196.573 E632.69026
G1 X111.488 Y197.715 E632.72854
G1 X111.573 Y198.864 E632.76686
G1 X111.601 Y200.014 E632.80512
G1 X111.572 Y201.167 E632.84348
G1 X111.485 Y202.314 E632.88174
G1 X111.341 Y203.458 E632.92009
G1 X111.143 Y204.578 E632.95792
G1 X110.884 Y205.715 E632.9967
G1 X110.57 Y206.825 E633.03507
G1 X110.207 Y207.9 E633.07281
G1 X109.781 Y208.988 E633.11167
G1 X109.308 Y210.036 E633.14991
G1 X108.789 Y211.049 E633.18777
G1 X108.22 Y212.033 E633.22557
G1 X107.579 Y213.024 E633.26483
G1 X106.907 Y213.962 E633.30321
G1 X106.187 Y214.859 E633.34146
G1 X105.429 Y215.717 E633.37954
G1 X104.619 Y216.547 E633.41812
G1 X103.776 Y217.329 E633.45636
G1 X102.894 Y218.07 E633.49467
G1 X101.973 Y218.765 E633.53305
G1 X101.023 Y219.412 E633.57128
G1 X100.037 Y220.015 E633.60972
G1 X99.027 Y220.563 E633.64794
G1 X97.987 Y221.062 E633.68631
G1 X96.927 Y221.508 E633.72455
G1 X95.852 Y221.899 E633.7626
G1 X94.743 Y222.242 E633.80121
G1 X93.613 Y222.529 E633.83999
G1 X92.498 Y222.752 E633.87781
G1 X91.358 Y222.923 E633.91615
G1 X90.213 Y223.037 E633.95442
G1 X89.076 Y223.093 E633.99228
G1 X87.909 Y223.093 E634.0311
G1 X86.76 Y223.035 E634.06936
G1 X85.612 Y222.919 E634.10774
G1 X84.475 Y222.747 E634.14598
G1 X83.358 Y222.521 E634.18389
G1 X82.23 Y222.234 E634.2226
G1 X81.13 Y221.892 E634.26092
G1 X80.048 Y221.498 E634.29921
G1 X78.986 Y221.05 E634.33755
G1 X77.949 Y220.549 E634.37586
G1 X76.937 Y219.997 E634.4142
G1 X75.955 Y219.397 E634.45247
G1 X75.002 Y218.747 E634.49084
G1 X74.086 Y218.049 E634.52914
G1 X73.205 Y217.31 E634.56739
G1 X72.36 Y216.526 E634.60573
G1 X71.557 Y215.701 E634.64402
G1 X70.793 Y214.836 E634.68241
G1 X70.077 Y213.935 E634.72068
G1 X69.407 Y213.001 E634.75891
G1 X68.78 Y212.032 E634.7973
G1 X68.205 Y211.034 E634.83561
G1 X67.688 Y210.023 E634.87338
G1 X67.22 Y208.986 E634.91122
G1 X66.788 Y207.887 E634.95049
G1 X66.422 Y206.794 E634.98883
G1 X66.111 Y205.684 E635.02717
G1 X65.851 Y204.549 E635.0659
G1 X65.656 Y203.426 E635.10381
G1 X65.514 Y202.284 E635.14209
G1 X65.429 Y201.135 E635.18041
G1 X65.401 Y200.016 E635.21764
M204 S3000
M205 X10 Y10
G0 F4500 X65.291 Y200.018
G0 X40.211 Y200
G0 X40.102 Y200
M204 S1800
M205 X8 Y8
G1 F2250 X40.153 Y202.095 E635.28734
G1 X40.185 Y202.726 E635.30835
G1 X40.343 Y204.817 E635.3781
G1 X40.642 Y207.212 E635.45837
G1 X41.006 Y209.278 E635.52815
G1 X41.132 Y209.892 E635.54899
G1 X41.457 Y211.32 E635.5977
G1 X41.599 Y211.941 E635.61889
G1 X42.249 Y214.252 E635.69874
G1 X43.02 Y216.553 E635.77945
G1 X43.789 Y218.51 E635.84939
G1 X44.03 Y219.081 E635.87
G1 X44.627 Y220.407 E635.91837
G1 X44.895 Y220.999 E635.93998
G1 X45.995 Y223.146 E636.02022
G1 X47.202 Y225.235 E636.10046
G1 X48.511 Y227.262 E636.18071
G1 X49.921 Y229.222 E636.26102
G1 X51.424 Y231.109 E636.34126
G1 X53.022 Y232.918 E636.42154
G1 X54.709 Y234.647 E636.50188
G1 X56.476 Y236.289 E636.58211
G1 X58.323 Y237.839 E636.66231
G1 X60.248 Y239.297 E636.74263
G1 X62.24 Y240.654 E636.82279
G1 X64.301 Y241.914 E636.90314
G1 X66.421 Y243.069 E636.98344
G1 X68.594 Y244.116 E637.06366
G1 X70.833 Y245.061 E637.14449
G1 X72.501 Y245.665 E637.2035
G1 X73.085 Y245.877 E637.22416
G1 X75.393 Y246.59 E637.3045
G1 X77.731 Y247.184 E637.38474
G1 X80.097 Y247.664 E637.46503
G1 X82.482 Y248.024 E637.54526
G1 X84.884 Y248.264 E637.62555
G1 X86.978 Y248.368 E637.69528
G1 X87.61 Y248.385 E637.71631
G1 X89.707 Y248.385 E637.78605
G1 X92.118 Y248.264 E637.86634
G1 X94.518 Y248.024 E637.94657
G1 X96.905 Y247.664 E638.02686
G1 X99.27 Y247.184 E638.10712
G1 X101.609 Y246.59 E638.18738
G1 X103.902 Y245.883 E638.26719
G1 X106.183 Y245.054 E638.34791
G1 X108.117 Y244.239 E638.41772
G1 X108.686 Y243.982 E638.43848
G1 X110.581 Y243.069 E638.50845
G1 X112.126 Y242.228 E638.56695
G1 X112.701 Y241.914 E638.58874
G1 X114.76 Y240.656 E638.669
G1 X116.755 Y239.297 E638.74928
G1 X118.677 Y237.841 E638.82948
G1 X120.525 Y236.289 E638.90975
G1 X122.294 Y234.647 E638.99002
G1 X123.981 Y232.918 E639.07037
G1 X125.576 Y231.111 E639.15053
G1 X127.082 Y229.222 E639.23088
G1 X128.491 Y227.264 E639.31112
G1 X129.8 Y225.236 E639.3914
G1 X131.005 Y223.147 E639.47161
G1 X132.108 Y220.999 E639.55192
G1 X133.099 Y218.8 E639.63214
G1 X133.987 Y216.539 E639.71294
G1 X134.749 Y214.266 E639.79267
G1 X135.403 Y211.941 E639.873
G1 X135.941 Y209.589 E639.95325
G1 X136.36 Y207.212 E640.03353
G1 X136.66 Y204.819 E640.11374
G1 X136.84 Y202.411 E640.19406
G1 X136.9 Y200 E640.27427
G1 X136.849 Y197.9 E640.34414
G1 X136.817 Y197.274 E640.36499
G1 X136.66 Y195.181 E640.4348
G1 X136.36 Y192.786 E640.51508
G1 X135.997 Y190.724 E640.58471
G1 X135.871 Y190.101 E640.60586
G1 X135.403 Y188.057 E640.6756
G1 X134.751 Y185.736 E640.75578
G1 X133.983 Y183.447 E640.83609
G1 X133.1 Y181.202 E640.91632
G1 X132.108 Y179.003 E640.99656
G1 X131.148 Y177.131 E641.06653
G1 X130.851 Y176.586 E641.08718
G1 X129.803 Y174.77 E641.15691
G1 X128.49 Y172.735 E641.23746
G1 X127.082 Y170.776 E641.3177
G1 X125.578 Y168.889 E641.39796
G1 X123.981 Y167.08 E641.47822
G1 X122.296 Y165.353 E641.55847
G1 X120.524 Y163.709 E641.63887
G1 X118.677 Y162.161 E641.71902
G1 X116.753 Y160.703 E641.79931
G1 X114.76 Y159.344 E641.87954
G1 X112.701 Y158.086 E641.9598
G1 X110.581 Y156.931 E642.04009
G1 X108.406 Y155.884 E642.12038
G1 X106.183 Y154.946 E642.20063
G1 X103.902 Y154.116 E642.28136
G1 X101.609 Y153.41 E642.36116
G1 X99.27 Y152.816 E642.44143
G1 X96.905 Y152.336 E642.52169
G1 X94.518 Y151.976 E642.60198
G1 X92.118 Y151.736 E642.6822
G1 X89.707 Y151.616 E642.76249
G1 X87.296 Y151.615 E642.84268
G1 X84.886 Y151.736 E642.92294
G1 X82.484 Y151.976 E643.00323
G1 X80.099 Y152.336 E643.08345
G1 X77.733 Y152.816 E643.16375
G1 X75.407 Y153.406 E643.24356
G1 X73.088 Y154.12 E643.32427
G1 X70.821 Y154.946 E643.40452
G1 X68.596 Y155.884 E643.48483
G1 X66.421 Y156.931 E643.56511
G1 X64.303 Y158.084 E643.64532
G1 X62.244 Y159.344 E643.72561
G1 X60.25 Y160.703 E643.80587
G1 X58.329 Y162.158 E643.88602
G1 X56.476 Y163.712 E643.96645
G1 X54.707 Y165.353 E644.04671
G1 X53.022 Y167.08 E644.12696
G1 X51.424 Y168.889 E644.20724
G1 X49.921 Y170.776 E644.28748
G1 X48.508 Y172.74 E644.36795
G1 X47.204 Y174.764 E644.44803
G1 X45.997 Y176.855 E644.52833
G1 X44.895 Y179.001 E644.60857
G1 X43.902 Y181.202 E644.68888
G1 X43.019 Y183.447 E644.76912
G1 X42.251 Y185.736 E644.84942
G1 X41.599 Y188.057 E644.9296
G1 X41.062 Y190.411 E645.00991
G1 X40.642 Y192.786 E645.09013
G1 X40.343 Y195.181 E645.1704
G1 X40.162 Y197.587 E645.25065
G1 X40.102 Y200 E645.33094
M204 S3000
M205 X10 Y10
G0 F4500 X40.502 Y200
M204 S1800
M205 X8 Y8
G1 F2250 X40.553 Y202.085 E645.4003
G1 X40.584 Y202.696 E645.42065
G1 X40.741 Y204.777 E645.49006
G1 X40.999 Y206.845 E645.55938
G1 X41.091 Y207.457 E645.57996
G1 X41.454 Y209.508 E645.64924
G1 X41.987 Y211.843 E645.7289
G1 X42.55 Y213.846 E645.7981
G1 X42.726 Y214.417 E645.81797
G1 X43.396 Y216.417 E645.88813
G1 X44.271 Y218.643 E645.96768
G1 X45.256 Y220.826 E646.04734
G1 X46.346 Y222.954 E646.12686
G1 X47.219 Y224.466 E646.18493
G1 X47.543 Y225.027 E646.20647
G1 X48.842 Y227.037 E646.28607
G1 X50.24 Y228.981 E646.36571
G1 X51.319 Y230.334 E646.42327
G1 X51.731 Y230.851 E646.44526
G1 X53.114 Y232.419 E646.5148
G1 X53.527 Y232.862 E646.53494
G1 X54.988 Y234.361 E646.60456
G1 X56.741 Y235.989 E646.68414
G1 X58.572 Y237.526 E646.76365
G1 X60.481 Y238.972 E646.8433
G1 X62.457 Y240.318 E646.92282
G1 X64.501 Y241.567 E647.00249
G1 X66.604 Y242.713 E647.08215
G1 X68.759 Y243.752 E647.16172
G1 X70.979 Y244.688 E647.24185
G1 X73.213 Y245.498 E647.32089
G1 X75.501 Y246.205 E647.40054
G1 X77.226 Y246.642 E647.45972
G1 X77.82 Y246.794 E647.48012
G1 X79.863 Y247.209 E647.54946
G1 X80.473 Y247.316 E647.57005
G1 X82.532 Y247.627 E647.63931
G1 X84.914 Y247.865 E647.71893
G1 X87.304 Y247.985 E647.79852
G1 X89.697 Y247.985 E647.87812
G1 X92.088 Y247.865 E647.95774
G1 X94.468 Y247.627 E648.0373
G1 X96.527 Y247.318 E648.10654
G1 X97.14 Y247.209 E648.12725
G1 X99.181 Y246.794 E648.19653
G1 X101.501 Y246.204 E648.27615
G1 X103.774 Y245.503 E648.35526
G1 X105.745 Y244.788 E648.425
G1 X106.323 Y244.561 E648.44565
G1 X108.241 Y243.752 E648.51488
G1 X110.398 Y242.713 E648.59452
G1 X111.935 Y241.876 E648.65273
G1 X112.501 Y241.567 E648.67417
G1 X114.543 Y240.32 E648.75375
G1 X116.522 Y238.972 E648.83339
G1 X118.428 Y237.529 E648.91291
G1 X120.26 Y235.989 E648.99251
G1 X122.015 Y234.36 E649.07215
G1 X123.687 Y232.646 E649.15179
G1 X125.269 Y230.853 E649.23132
G1 X126.763 Y228.98 E649.31101
G1 X128.16 Y227.039 E649.39055
G1 X129.459 Y225.027 E649.4702
G1 X130.654 Y222.956 E649.54973
G1 X131.747 Y220.825 E649.62938
G1 X132.731 Y218.645 E649.70893
G1 X133.611 Y216.403 E649.78904
G1 X134.366 Y214.148 E649.86814
G1 X135.015 Y211.842 E649.94781
G1 X135.549 Y209.51 E650.02738
G1 X135.964 Y207.152 E650.10702
G1 X136.262 Y204.779 E650.18656
G1 X136.44 Y202.391 E650.26621
G1 X136.5 Y200 E650.34576
G1 X136.449 Y197.91 E650.41529
G1 X136.418 Y197.304 E650.43547
G1 X136.262 Y195.221 E650.50495
G1 X135.964 Y192.846 E650.58456
G1 X135.603 Y190.793 E650.65389
G1 X135.481 Y190.19 E650.67435
G1 X135.015 Y188.155 E650.74379
G1 X134.369 Y185.854 E650.82328
G1 X133.607 Y183.584 E650.90292
G1 X132.731 Y181.357 E650.98252
G1 X131.747 Y179.177 E651.06207
G1 X130.654 Y177.046 E651.14172
G1 X129.462 Y174.979 E651.22109
G1 X128.16 Y172.961 E651.30096
G1 X126.763 Y171.017 E651.38058
G1 X125.271 Y169.147 E651.46015
G1 X123.687 Y167.352 E651.53977
G1 X122.017 Y165.64 E651.61932
G1 X120.26 Y164.009 E651.69906
G1 X118.428 Y162.474 E651.77855
G1 X116.519 Y161.028 E651.8582
G1 X114.543 Y159.68 E651.93776
G1 X112.501 Y158.433 E652.01734
G1 X110.398 Y157.287 E652.097
G1 X108.241 Y156.248 E652.17663
G1 X106.037 Y155.319 E652.25618
G1 X103.774 Y154.495 E652.33628
G1 X101.501 Y153.796 E652.41538
G1 X99.181 Y153.206 E652.495
G1 X96.835 Y152.73 E652.57461
G1 X94.468 Y152.373 E652.65423
G1 X92.088 Y152.135 E652.73379
G1 X89.697 Y152.016 E652.81341
G1 X87.306 Y152.015 E652.89293
G1 X84.916 Y152.135 E652.97253
G1 X82.534 Y152.373 E653.05215
G1 X80.795 Y152.634 E653.11063
G1 X80.169 Y152.73 E653.1317
G1 X77.822 Y153.206 E653.21135
G1 X75.515 Y153.792 E653.29052
G1 X73.215 Y154.5 E653.37056
G1 X70.967 Y155.319 E653.45013
G1 X68.761 Y156.248 E653.52975
G1 X66.604 Y157.287 E653.60938
G1 X64.503 Y158.431 E653.68894
G1 X62.461 Y159.68 E653.76856
G1 X60.483 Y161.028 E653.84817
G1 X58.578 Y162.471 E653.92766
G1 X56.74 Y164.012 E654.00743
G1 X54.986 Y165.64 E654.08703
G1 X53.316 Y167.352 E654.16657
G1 X51.731 Y169.146 E654.24619
G1 X50.24 Y171.017 E654.32577
G1 X48.838 Y172.966 E654.40562
G1 X47.545 Y174.973 E654.48503
G1 X46.348 Y177.046 E654.56464
G1 X45.256 Y179.175 E654.64423
G1 X44.271 Y181.357 E654.72385
G1 X43.395 Y183.584 E654.80345
G1 X42.633 Y185.854 E654.88309
G1 X41.987 Y188.155 E654.96258
G1 X41.454 Y190.49 E655.04224
G1 X41.038 Y192.846 E655.12181
G1 X40.741 Y195.221 E655.20142
G1 X40.562 Y197.607 E655.281
G1 X40.502 Y200 E655.36062
M204 S3000
M205 X10 Y10
G0 F4500 X65.001 Y200.026
M204 S1800
M205 X8 Y8
G1 F2250 X65.029 Y198.853 E655.39964
G1 X65.031 Y198.803 E655.40131
G1 X65.12 Y197.637 E655.4402
G1 X65.263 Y196.497 E655.47841
G1 X65.469 Y195.333 E655.51773
G1 X65.726 Y194.201 E655.55634
G1 X66.053 Y193.048 E655.5962
G1 X66.422 Y191.955 E655.63457
G1 X66.856 Y190.847 E655.67415
G1 X67.338 Y189.782 E655.71303
G1 X67.861 Y188.76 E655.75121
G1 X68.448 Y187.746 E655.79018
G1 X69.098 Y186.743 E655.82994
G1 X69.782 Y185.79 E655.86895
G1 X70.515 Y184.876 E655.90792
G1 X71.27 Y184.021 E655.94586
G1 X72.093 Y183.177 E655.98507
G1 X72.969 Y182.365 E656.02479
G1 X73.868 Y181.611 E656.06382
G1 X74.804 Y180.904 E656.10283
G1 X75.75 Y180.259 E656.14091
G1 X76.774 Y179.634 E656.18082
G1 X77.802 Y179.076 E656.21972
G1 X78.837 Y178.579 E656.25791
G1 X79.915 Y178.124 E656.29682
G1 X81.032 Y177.719 E656.33634
G1 X82.16 Y177.37 E656.37561
G1 X83.308 Y177.079 E656.415
G1 X84.444 Y176.853 E656.45353
G1 X85.604 Y176.679 E656.49254
G1 X86.745 Y176.565 E656.53068
G1 X87.941 Y176.507 E656.57051
G1 X89.113 Y176.508 E656.60949
G1 X90.283 Y176.567 E656.64845
G1 X91.425 Y176.682 E656.68663
G1 X92.606 Y176.861 E656.72636
G1 X93.743 Y177.091 E656.76494
G1 X94.891 Y177.384 E656.80434
G1 X95.985 Y177.724 E656.84245
G1 X97.109 Y178.134 E656.88224
G1 X98.167 Y178.579 E656.92042
G1 X99.245 Y179.099 E656.96022
G1 X100.274 Y179.661 E656.99922
G1 X101.252 Y180.259 E657.03735
G1 X102.241 Y180.934 E657.07717
G1 X103.173 Y181.643 E657.11612
G1 X104.05 Y182.38 E657.15422
G1 X104.928 Y183.193 E657.19402
G1 X105.745 Y184.034 E657.23302
G1 X106.505 Y184.894 E657.27119
G1 X107.25 Y185.831 E657.31101
G1 X107.931 Y186.782 E657.34991
G1 X108.568 Y187.767 E657.38893
G1 X109.14 Y188.76 E657.42704
G1 X109.685 Y189.826 E657.46686
G1 X110.165 Y190.893 E657.50578
G1 X110.598 Y192 E657.54531
G1 X110.967 Y193.098 E657.58384
G1 X111.281 Y194.225 E657.62275
G1 X111.545 Y195.382 E657.66222
G1 X111.743 Y196.523 E657.70074
G1 X111.887 Y197.685 E657.73968
G1 X111.972 Y198.828 E657.7778
G1 X112.002 Y200 E657.8168
G1 X111.971 Y201.197 E657.85662
G1 X111.882 Y202.363 E657.89552
G1 X111.739 Y203.503 E657.93373
G1 X111.533 Y204.667 E657.97305
G1 X111.276 Y205.799 E658.01166
G1 X110.95 Y206.951 E658.05148
G1 X110.58 Y208.045 E658.08989
G1 X110.146 Y209.153 E658.12947
G1 X109.664 Y210.218 E658.16835
G1 X109.128 Y211.264 E658.20744
G1 X108.541 Y212.275 E658.24632
G1 X107.905 Y213.257 E658.28523
G1 X107.236 Y214.19 E658.32342
G1 X106.487 Y215.124 E658.36324
G1 X105.732 Y215.979 E658.40118
G1 X104.891 Y216.841 E658.44123
G1 X104.051 Y217.62 E658.47934
G1 X103.135 Y218.389 E658.51911
G1 X102.198 Y219.096 E658.55816
G1 X101.252 Y219.74 E658.59622
G1 X100.229 Y220.366 E658.63611
G1 X99.2 Y220.924 E658.67504
G1 X98.165 Y221.421 E658.71323
G1 X97.087 Y221.875 E658.75213
G1 X95.991 Y222.274 E658.79093
G1 X94.842 Y222.63 E658.83094
G1 X93.695 Y222.921 E658.87029
G1 X92.557 Y223.147 E658.90888
G1 X91.398 Y223.321 E658.94786
G1 X90.258 Y223.435 E658.98597
G1 X89.061 Y223.493 E659.02583
G1 X87.889 Y223.492 E659.06481
G1 X86.72 Y223.433 E659.10374
G1 X85.577 Y223.318 E659.14195
G1 X84.396 Y223.139 E659.18168
G1 X83.259 Y222.909 E659.22026
G1 X82.136 Y222.623 E659.2588
G1 X81.038 Y222.283 E659.29703
G1 X79.916 Y221.876 E659.33673
G1 X78.813 Y221.41 E659.37656
G1 X77.757 Y220.901 E659.41555
G1 X76.728 Y220.339 E659.45454
G1 X75.75 Y219.74 E659.49269
G1 X74.762 Y219.067 E659.53245
G1 X73.829 Y218.356 E659.57146
G1 X72.951 Y217.62 E659.60957
G1 X72.073 Y216.805 E659.64941
G1 X71.257 Y215.966 E659.68834
G1 X70.48 Y215.086 E659.72738
G1 X69.752 Y214.168 E659.76635
G1 X69.071 Y213.219 E659.8052
G1 X68.433 Y212.232 E659.84429
G1 X67.849 Y211.216 E659.88327
G1 X67.317 Y210.174 E659.92218
G1 X66.837 Y209.106 E659.96113
G1 X66.403 Y207.999 E660.00067
G1 X66.044 Y206.926 E660.03831
G1 X65.721 Y205.774 E660.0781
G1 X65.457 Y204.618 E660.11754
G1 X65.259 Y203.476 E660.15609
G1 X65.115 Y202.314 E660.19503
G1 X65.03 Y201.17 E660.23319
G1 X65.001 Y200.026 E660.27125
M204 S3000
M205 X10 Y10
G0 F4500 X64.621 Y200.038
M204 S1800
M205 X8 Y8
;TYPE:SKIN
G1 F1350 X64.649 Y198.835 E660.31127
G1 X64.737 Y197.647 E660.35089
G1 X64.883 Y196.467 E660.39044
G1 X65.087 Y195.304 E660.42971
G1 X65.351 Y194.131 E660.4697
G1 X65.677 Y192.983 E660.50939
G1 X66.044 Y191.885 E660.5479
G1 X66.487 Y190.747 E660.58851
G1 X66.974 Y189.66 E660.62813
G1 X67.514 Y188.6 E660.6677
G1 X68.112 Y187.567 E660.7074
G1 X68.756 Y186.568 E660.74693
G1 X69.467 Y185.575 E660.78755
G1 X70.194 Y184.667 E660.82624
G1 X70.972 Y183.781 E660.86546
G1 X71.809 Y182.921 E660.90537
G1 X72.68 Y182.113 E660.94489
G1 X73.59 Y181.348 E660.98443
G1 X74.541 Y180.626 E661.02414
G1 X75.522 Y179.954 E661.06369
G1 X76.539 Y179.33 E661.10337
G1 X77.584 Y178.76 E661.14297
G1 X78.66 Y178.242 E661.18268
G1 X79.753 Y177.781 E661.22214
G1 X80.864 Y177.376 E661.26147
G1 X82.007 Y177.018 E661.30131
G1 X83.18 Y176.717 E661.34158
G1 X84.331 Y176.487 E661.38062
G1 X85.508 Y176.309 E661.42022
G1 X86.69 Y176.188 E661.45974
G1 X87.881 Y176.128 E661.4994
G1 X89.103 Y176.127 E661.54004
G1 X90.262 Y176.184 E661.57864
G1 X91.448 Y176.302 E661.61828
G1 X92.623 Y176.478 E661.6578
G1 X93.768 Y176.707 E661.69663
G1 X94.943 Y177.003 E661.73693
G1 X96.085 Y177.357 E661.7767
G1 X97.203 Y177.763 E661.81626
G1 X98.304 Y178.223 E661.85595
G1 X99.374 Y178.738 E661.89544
G1 X100.423 Y179.308 E661.93515
G1 X101.439 Y179.928 E661.97474
G1 X102.426 Y180.599 E662.01443
G1 X103.373 Y181.317 E662.05396
G1 X104.283 Y182.078 E662.09342
G1 X105.158 Y182.886 E662.13303
G1 X105.99 Y183.74 E662.17269
G1 X106.776 Y184.628 E662.21213
G1 X107.523 Y185.562 E662.25191
G1 X108.218 Y186.53 E662.29154
G1 X108.864 Y187.524 E662.33097
G1 X109.461 Y188.556 E662.37062
G1 X110.006 Y189.615 E662.41024
G1 X110.497 Y190.699 E662.44982
G1 X110.938 Y191.823 E662.48998
G1 X111.315 Y192.934 E662.529
G1 X111.639 Y194.085 E662.56877
G1 X111.909 Y195.257 E662.60877
G1 X112.111 Y196.417 E662.64793
G1 X112.26 Y197.598 E662.68752
G1 X112.35 Y198.784 E662.72708
G1 X112.381 Y199.976 E662.76674
G1 X112.353 Y201.166 E662.80633
G1 X112.265 Y202.353 E662.84592
G1 X112.118 Y203.536 E662.88557
G1 X111.915 Y204.696 E662.92474
G1 X111.65 Y205.866 E662.96464
G1 X111.327 Y207.018 E663.00443
G1 X110.953 Y208.131 E663.04349
G1 X110.516 Y209.253 E663.08353
G1 X110.028 Y210.339 E663.12313
G1 X109.489 Y211.397 E663.16263
G1 X108.892 Y212.432 E663.20237
G1 X108.246 Y213.433 E663.24199
G1 X107.554 Y214.402 E663.2816
G1 X106.808 Y215.331 E663.32122
G1 X106.024 Y216.224 E663.36075
G1 X105.193 Y217.078 E663.40038
G1 X104.322 Y217.887 E663.43992
G1 X103.414 Y218.654 E663.47945
G1 X102.46 Y219.376 E663.51924
G1 X101.479 Y220.047 E663.55877
G1 X100.463 Y220.669 E663.5984
G1 X99.418 Y221.24 E663.638
G1 X98.348 Y221.755 E663.6775
G1 X97.25 Y222.219 E663.71714
G1 X96.137 Y222.625 E663.75655
G1 X94.995 Y222.981 E663.79634
G1 X93.826 Y223.283 E663.83649
G1 X92.67 Y223.513 E663.8757
G1 X91.494 Y223.691 E663.91525
G1 X90.313 Y223.812 E663.95474
G1 X89.121 Y223.872 E663.99444
G1 X87.899 Y223.873 E664.03508
G1 X86.741 Y223.816 E664.07364
G1 X85.554 Y223.698 E664.11332
G1 X84.379 Y223.522 E664.15283
G1 X83.219 Y223.29 E664.19218
G1 X82.058 Y222.996 E664.23201
G1 X80.917 Y222.643 E664.27174
G1 X79.801 Y222.237 E664.31124
G1 X78.706 Y221.782 E664.35067
G1 X77.628 Y221.263 E664.39047
G1 X76.579 Y220.692 E664.43019
G1 X75.565 Y220.072 E664.46972
G1 X74.58 Y219.405 E664.50929
G1 X73.628 Y218.682 E664.54905
G1 X72.715 Y217.917 E664.58867
G1 X71.845 Y217.116 E664.628
G1 X71.012 Y216.26 E664.66772
G1 X70.225 Y215.37 E664.70724
G1 X69.477 Y214.434 E664.74709
G1 X68.785 Y213.473 E664.78648
G1 X68.136 Y212.476 E664.82605
G1 X67.54 Y211.443 E664.86571
G1 X66.995 Y210.382 E664.90538
G1 X66.505 Y209.299 E664.94492
G1 X66.064 Y208.178 E664.98499
G1 X65.687 Y207.061 E665.0242
G1 X65.363 Y205.913 E665.06387
G1 X65.09 Y204.73 E665.10425
G1 X64.89 Y203.58 E665.14307
G1 X64.742 Y202.401 E665.1826
G1 X64.652 Y201.214 E665.22219
G1 X64.621 Y200.038 E665.26132
M204 S3000
M205 X10 Y10
G0 F4500 X40.883 Y200.001
M204 S1800
M205 X8 Y8
G1 F1350 X40.941 Y202.371 E665.34017
G1 X41.12 Y204.737 E665.41909
G1 X41.413 Y207.095 E665.49812
G1 X41.774 Y209.137 E665.56709
G1 X41.892 Y209.718 E665.5868
G1 X42.357 Y211.747 E665.65604
G1 X42.993 Y214.008 E665.73416
G1 X43.753 Y216.285 E665.814
G1 X44.623 Y218.494 E665.89296
G1 X45.599 Y220.659 E665.97195
G1 X46.68 Y222.77 E666.05083
G1 X47.867 Y224.826 E666.12979
G1 X49.156 Y226.82 E666.20877
G1 X50.543 Y228.75 E666.28781
G1 X52.024 Y230.607 E666.36682
G1 X53.595 Y232.386 E666.44575
G1 X55.254 Y234.087 E666.52478
G1 X56.992 Y235.703 E666.60372
G1 X58.809 Y237.228 E666.68261
G1 X60.703 Y238.663 E666.76165
G1 X62.665 Y239.998 E666.84058
G1 X64.691 Y241.237 E666.91956
G1 X66.778 Y242.374 E666.99861
G1 X68.917 Y243.404 E667.07757
G1 X71.119 Y244.334 E667.15708
G1 X73.348 Y245.143 E667.23595
G1 X75.606 Y245.837 E667.31451
G1 X77.906 Y246.422 E667.39345
G1 X80.233 Y246.895 E667.47243
G1 X82.581 Y247.249 E667.5514
G1 X84.653 Y247.455 E667.62066
G1 X85.235 Y247.499 E667.64007
G1 X87.316 Y247.604 E667.70937
G1 X89.686 Y247.605 E667.7882
G1 X92.058 Y247.485 E667.86719
G1 X94.42 Y247.249 E667.94615
G1 X96.466 Y246.942 E668.01496
G1 X97.066 Y246.836 E668.03522
G1 X99.095 Y246.421 E668.10411
G1 X101.096 Y245.915 E668.17275
G1 X101.668 Y245.754 E668.19252
G1 X103.653 Y245.143 E668.2616
G1 X105.614 Y244.431 E668.33099
G1 X106.173 Y244.211 E668.35097
G1 X108.084 Y243.404 E668.41996
G1 X110.225 Y242.374 E668.49898
G1 X112.055 Y241.377 E668.5683
G1 X112.557 Y241.087 E668.58758
G1 X114.336 Y240 E668.65692
G1 X116.3 Y238.663 E668.73594
G1 X118.19 Y237.231 E668.81481
G1 X120.008 Y235.704 E668.89378
G1 X121.749 Y234.086 E668.97283
G1 X123.409 Y232.386 E669.05185
G1 X124.976 Y230.609 E669.13065
G1 X126.46 Y228.749 E669.2098
G1 X127.846 Y226.824 E669.28869
G1 X129.135 Y224.827 E669.36775
G1 X130.319 Y222.774 E669.44657
G1 X131.404 Y220.661 E669.52557
G1 X132.38 Y218.496 E669.60456
G1 X133.259 Y216.257 E669.68456
G1 X134.001 Y214.035 E669.76248
G1 X134.645 Y211.747 E669.84153
G1 X135.176 Y209.434 E669.92047
G1 X135.588 Y207.096 E669.99943
G1 X135.883 Y204.74 E670.0784
G1 X136.061 Y202.373 E670.15735
G1 X136.119 Y200 E670.2363
G1 X136.105 Y199.361 E670.25756
G1 X136.061 Y197.626 E670.31528
G1 X135.883 Y195.259 E670.39423
G1 X135.589 Y192.903 E670.4732
G1 X135.176 Y190.566 E670.55213
G1 X134.709 Y188.525 E670.62177
G1 X134.569 Y187.977 E670.64058
G1 X134.004 Y185.966 E670.71006
G1 X133.251 Y183.715 E670.78901
G1 X132.38 Y181.505 E670.86801
G1 X131.404 Y179.341 E670.94697
G1 X130.318 Y177.227 E671.02602
G1 X129.138 Y175.178 E671.10466
G1 X127.844 Y173.176 E671.18395
G1 X126.46 Y171.248 E671.26288
G1 X124.978 Y169.391 E671.3419
G1 X123.409 Y167.612 E671.4208
G1 X121.75 Y165.912 E671.4998
G1 X120.008 Y164.294 E671.57888
G1 X118.19 Y162.77 E671.65778
G1 X116.298 Y161.336 E671.73674
G1 X114.338 Y160.002 E671.8156
G1 X112.311 Y158.763 E671.89461
G1 X110.224 Y157.626 E671.97366
G1 X108.085 Y156.596 E672.05262
G1 X105.883 Y155.666 E672.13213
G1 X103.654 Y154.857 E672.21099
G1 X101.677 Y154.25 E672.27978
G1 X101.115 Y154.091 E672.2992
G1 X99.096 Y153.578 E672.36849
G1 X96.77 Y153.105 E672.44744
G1 X94.421 Y152.751 E672.52645
G1 X92.059 Y152.515 E672.6054
G1 X89.687 Y152.397 E672.68439
G1 X87.316 Y152.395 E672.76325
G1 X84.944 Y152.515 E672.84224
G1 X82.582 Y152.751 E672.9212
G1 X80.535 Y153.058 E672.99004
G1 X79.936 Y153.165 E673.01028
G1 X77.92 Y153.576 E673.07871
G1 X76.152 Y154.022 E673.13936
G1 X75.617 Y154.158 E673.15772
G1 X73.335 Y154.86 E673.23713
G1 X71.107 Y155.673 E673.31601
G1 X68.918 Y156.596 E673.39502
G1 X66.777 Y157.626 E673.47404
G1 X64.96 Y158.615 E673.54285
G1 X64.439 Y158.916 E673.56286
G1 X62.67 Y160 E673.63187
G1 X60.706 Y161.337 E673.71089
G1 X58.819 Y162.767 E673.78964
G1 X56.992 Y164.298 E673.86892
G1 X55.251 Y165.914 E673.94793
G1 X53.594 Y167.61 E674.02679
G1 X52.021 Y169.391 E674.10582
G1 X50.543 Y171.246 E674.18471
G1 X49.149 Y173.185 E674.26414
G1 X47.87 Y175.172 E674.34273
G1 X46.683 Y177.229 E674.42172
G1 X45.599 Y179.339 E674.50062
G1 X44.621 Y181.506 E674.5797
G1 X43.752 Y183.714 E674.65862
G1 X42.998 Y185.968 E674.73767
G1 X42.356 Y188.249 E674.81648
G1 X41.827 Y190.566 E674.89553
G1 X41.413 Y192.901 E674.9744
G1 X41.12 Y195.259 E675.05343
G1 X40.942 Y197.625 E675.13235
G1 X40.883 Y200.001 E675.2114
M204 S3000
M205 X10 Y10
G0 F4500 X58.218 Y163.53
M204 S1800
M205 X8 Y8
G1 F1350 X51.958 Y169.789 E675.50583
G1 X51.888 Y169.859
M204 S3000
M205 X10 Y10
G0 F4500 X50.075 Y172.238
M204 S1800
M205 X8 Y8
G1 F1350 X60.794 Y161.52 E676.00999
G1 X60.864 Y161.45
M204 S3000
M205 X10 Y10
G0 F4500 X62.571 Y160.308
M204 S1800
M205 X8 Y8
G1 F1350 X48.828 Y174.051 E676.65642
G1 X48.758 Y174.121
M204 S3000
M205 X10 Y10
G0 F4500 X47.864 Y175.581
M204 S1800
M205 X8 Y8
G1 F1350 X64.068 Y159.376 E677.41863
G1 X64.138 Y159.306
M204 S3000
M205 X10 Y10
G0 F4500 X65.419 Y158.592
M204 S1800
M205 X8 Y8
G1 F1350 X47.094 Y176.916 E678.28056
G1 X47.024 Y176.986
M204 S3000
M205 X10 Y10
G0 F4500 X46.442 Y178.134
M204 S1800
M205 X8 Y8
G1 F1350 X66.66 Y157.916 E679.23155
G1 X66.73 Y157.846
M204 S3000
M205 X10 Y10
G0 F4500 X67.776 Y157.366
M204 S1800
M205 X8 Y8
G1 F1350 X45.843 Y179.298 E680.26319
G1 X45.773 Y179.368
M204 S3000
M205 X10 Y10
G0 F4500 X45.364 Y180.344
M204 S1800
M205 X8 Y8
G1 F1350 X68.867 Y156.841 E681.3687
G1 X68.937 Y156.771
M204 S3000
M205 X10 Y10
G0 F4500 X69.859 Y156.414
M204 S1800
M205 X8 Y8
G1 F1350 X44.899 Y181.374 E682.54274
G1 X44.829 Y181.444
M204 S3000
M205 X10 Y10
G0 F4500 X44.512 Y182.327
M204 S1800
M205 X8 Y8
G1 F1350 X70.837 Y156.002 E683.78099
G1 X70.907 Y155.932
M204 S3000
M205 X10 Y10
G0 F4500 X71.758 Y155.646
M204 S1800
M205 X8 Y8
G1 F1350 X44.144 Y183.26 E685.07987
G1 X44.074 Y183.33
M204 S3000
M205 X10 Y10
G0 F4500 X43.814 Y184.156
M204 S1800
M205 X8 Y8
G1 F1350 X72.648 Y155.322 E686.43613
G1 X72.718 Y155.252
M204 S3000
M205 X10 Y10
G0 F4500 X73.527 Y155.009
M204 S1800
M205 X8 Y8
G1 F1350 X43.53 Y185.006 E687.8471
G1 X43.46 Y185.076
M204 S3000
M205 X10 Y10
G0 F4500 X43.246 Y185.855
M204 S1800
M205 X8 Y8
G1 F1350 X74.344 Y154.758 E689.30983
G1 X74.414 Y154.688
M204 S3000
M205 X10 Y10
G0 F4500 X75.161 Y154.507
M204 S1800
M205 X8 Y8
G1 F1350 X43.012 Y186.655 E690.82199
G1 X42.942 Y186.725
M204 S3000
M205 X10 Y10
G0 F4500 X42.79 Y187.443
M204 S1800
M205 X8 Y8
G1 F1350 X75.955 Y154.278 E692.38197
M204 S3000
M205 X10 Y10
G0 F4500 X76.712 Y154.087
M204 S1800
M205 X8 Y8
G1 F1350 X42.569 Y188.23 E693.98796
M204 S3000
M205 X10 Y10
G0 F4500 X42.397 Y188.967
M204 S1800
M205 X8 Y8
G1 F1350 X77.47 Y153.894 E695.63768
M204 S3000
M205 X10 Y10
G0 F4500 X78.21 Y153.72
M204 S1800
M205 X8 Y8
G1 F1350 X42.229 Y189.701 E697.33012
M204 S3000
M205 X10 Y10
G0 F4500 X42.062 Y190.434
M204 S1800
M205 X8 Y8
G1 F1350 X78.921 Y153.575 E699.06385
M204 S3000
M205 X10 Y10
G0 F4500 X79.631 Y153.43
M204 S1800
M205 X8 Y8
G1 F1350 X41.929 Y191.133 E700.83726
M204 S3000
M205 X10 Y10
G0 F4500 X41.807 Y191.82
M204 S1800
M205 X8 Y8
G1 F1350 X80.337 Y153.29 E702.6496
M204 S3000
M205 X10 Y10
G0 F4500 X81.003 Y153.19
M204 S1800
M205 X8 Y8
G1 F1350 X41.686 Y192.507 E704.49895
M204 S3000
M205 X10 Y10
G0 F4500 X41.58 Y193.178
M204 S1800
M205 X8 Y8
G1 F1350 X81.669 Y153.09 E706.38459
M204 S3000
M205 X10 Y10
G0 F4500 X82.335 Y152.989
M204 S1800
M205 X8 Y8
G1 F1350 X41.5 Y193.825 E708.30536
M204 S3000
M205 X10 Y10
G0 F4500 X41.42 Y194.47
M204 S1800
M205 X8 Y8
G1 F1350 X82.978 Y152.911 E710.26015
M204 S3000
M205 X10 Y10
G0 F4500 X83.607 Y152.848
M204 S1800
M205 X8 Y8
G1 F1350 X41.339 Y195.116 E712.2483
M204 S3000
M205 X10 Y10
G0 F4500 X41.285 Y195.737
M204 S1800
M205 X8 Y8
G1 F1350 X84.236 Y152.785 E714.26861
M204 S3000
M205 X10 Y10
G0 F4500 X84.864 Y152.723
M204 S1800
M205 X8 Y8
G1 F1350 X41.238 Y196.349 E716.32065
M204 S3000
M205 X10 Y10
G0 F4500 X41.192 Y196.961
M204 S1800
M205 X8 Y8
G1 F1350 X85.465 Y152.687 E718.40313
M204 S3000
M205 X10 Y10
G0 F4500 X86.061 Y152.657
M204 S1800
M205 X8 Y8
G1 F1350 X41.146 Y197.572 E720.5158
M204 S3000
M205 X10 Y10
G0 F4500 X41.128 Y198.156
M204 S1800
M205 X8 Y8
G1 F1350 X86.657 Y152.627 E722.65734
M204 S3000
M205 X10 Y10
G0 F4500 X87.253 Y152.597
M204 S1800
M205 X8 Y8
G1 F1350 X41.114 Y198.735 E724.82756
M204 S3000
M205 X10 Y10
G0 F4500 X41.1 Y199.315
M204 S1800
M205 X8 Y8
G1 F1350 X87.821 Y152.594 E727.02517
M204 S3000
M205 X10 Y10
G0 F4500 X88.386 Y152.595
M204 S1800
M205 X8 Y8
G1 F1350 X41.086 Y199.895 E729.25002
M204 S3000
M205 X10 Y10
G0 F4500 X41.094 Y200.452
M204 S1800
M205 X8 Y8
G1 F1350 X88.951 Y152.595 E731.50106
M204 S3000
M205 X10 Y10
G0 F4500 X89.517 Y152.595
M204 S1800
M205 X8 Y8
G1 F1350 X41.108 Y201.005 E733.7781
M204 S3000
M205 X10 Y10
G0 F4500 X41.121 Y201.557
M204 S1800
M205 X8 Y8
G1 F1350 X90.064 Y152.614 E736.08023
M204 S3000
M205 X10 Y10
G0 F4500 X90.603 Y152.641
M204 S1800
M205 X8 Y8
G1 F1350 X41.135 Y202.109 E738.40705
M204 S3000
M205 X10 Y10
G0 F4500 X41.162 Y202.647
M204 S1800
M205 X8 Y8
G1 F1350 X91.141 Y152.668 E740.75791
M204 S3000
M205 X10 Y10
G0 F4500 X91.68 Y152.695
M204 S1800
M205 X8 Y8
G1 F1350 X41.203 Y203.172 E743.13219
M204 S3000
M205 X10 Y10
G0 F4500 X41.242 Y203.699
M204 S1800
M205 X8 Y8
G1 F1350 X92.211 Y152.73 E745.52962
M204 S3000
M205 X10 Y10
G0 F4500 X92.725 Y152.781
M204 S1800
M205 X8 Y8
G1 F1350 X41.282 Y204.225 E747.94936
M204 S3000
M205 X10 Y10
G0 F4500 X41.323 Y204.749
M204 S1800
M205 X8 Y8
G1 F1350 X93.239 Y152.833 E750.39133
M204 S3000
M205 X10 Y10
G0 F4500 X93.753 Y152.884
M204 S1800
M205 X8 Y8
G1 F1350 X41.386 Y205.252 E752.85454
M204 S3000
M205 X10 Y10
G0 F4500 X41.448 Y205.756
M204 S1800
M205 X8 Y8
G1 F1350 X94.268 Y152.935 E755.33905
M204 S3000
M205 X10 Y10
G0 F4500 X94.765 Y153.004
M204 S1800
M205 X8 Y8
G1 F1350 X41.511 Y206.258 E757.84396
M204 S3000
M205 X10 Y10
G0 F4500 X41.573 Y206.762
M204 S1800
M205 X8 Y8
G1 F1350 X95.257 Y153.078 E760.36909
M204 S3000
M205 X10 Y10
G0 F4500 X95.749 Y153.152
M204 S1800
M205 X8 Y8
G1 F1350 X41.645 Y207.255 E762.91395
M204 S3000
M205 X10 Y10
G0 F4500 X41.73 Y207.736
M204 S1800
M205 X8 Y8
G1 F1350 X96.241 Y153.225 E765.47798
M204 S3000
M205 X10 Y10
G0 F4500 X96.732 Y153.3
M204 S1800
M205 X8 Y8
G1 F1350 X41.815 Y208.217 E768.06111
M204 S3000
M205 X10 Y10
G0 F4500 X41.901 Y208.697
M204 S1800
M205 X8 Y8
G1 F1350 X97.203 Y153.395 E770.66234
M204 S3000
M205 X10 Y10
G0 F4500 X97.672 Y153.491
M204 S1800
M205 X8 Y8
G1 F1350 X41.985 Y209.178 E773.28169
M204 S3000
M205 X10 Y10
G0 F4500 X42.082 Y209.647
M204 S1800
M205 X8 Y8
G1 F1350 X98.142 Y153.587 E775.91858
M204 S3000
M205 X10 Y10
G0 F4500 X98.613 Y153.682
M204 S1800
M205 X8 Y8
G1 F1350 X42.188 Y210.107 E778.57264
M204 S3000
M205 X10 Y10
G0 F4500 X42.293 Y210.567
M204 S1800
M205 X8 Y8
G1 F1350 X99.081 Y153.779 E781.24377
M204 S3000
M205 X10 Y10
G0 F4500 X99.532 Y153.894
M204 S1800
M205 X8 Y8
G1 F1350 X42.398 Y211.028 E783.93118
M204 S3000
M205 X10 Y10
G0 F4500 X42.504 Y211.488
M204 S1800
M205 X8 Y8
G1 F1350 X99.983 Y154.009 E786.63482
M204 S3000
M205 X10 Y10
G0 F4500 X100.434 Y154.123
M204 S1800
M205 X8 Y8
G1 F1350 X72.85 Y181.708 E787.93231
G1 X72.78 Y181.778
M204 S3000
M205 X10 Y10
G0 F4500 X75.175 Y179.948
M204 S1800
M205 X8 Y8
G1 F1350 X100.885 Y154.238 E789.14163
M204 S3000
M205 X10 Y10
G0 F4500 X101.336 Y154.352
M204 S1800
M205 X8 Y8
G1 F1350 X76.646 Y179.043 E790.30299
G1 X76.576 Y179.113
M204 S3000
M205 X10 Y10
G0 F4500 X77.841 Y178.413
M204 S1800
M205 X8 Y8
G1 F1350 X101.769 Y154.485 E791.42849
M204 S3000
M205 X10 Y10
G0 F4500 X102.202 Y154.618
M204 S1800
M205 X8 Y8
G1 F1350 X78.896 Y177.924 E792.52474
G1 X78.826 Y177.994
M204 S3000
M205 X10 Y10
G0 F4500 X79.857 Y177.529
M204 S1800
M205 X8 Y8
G1 F1350 X102.635 Y154.751 E793.59614
M204 S3000
M205 X10 Y10
G0 F4500 X103.067 Y154.884
M204 S1800
M205 X8 Y8
G1 F1350 X80.748 Y177.204 E794.64598
G1 X80.678 Y177.274
M204 S3000
M205 X10 Y10
G0 F4500 X81.575 Y176.942
M204 S1800
M205 X8 Y8
G1 F1350 X103.5 Y155.017 E795.67727
M204 S3000
M205 X10 Y10
G0 F4500 X103.919 Y155.164
M204 S1800
M205 X8 Y8
G1 F1350 X82.364 Y176.719 E796.69115
M204 S3000
M205 X10 Y10
G0 F4500 X83.124 Y176.524
M204 S1800
M205 X8 Y8
G1 F1350 X104.334 Y155.315 E797.68878
M204 S3000
M205 X10 Y10
G0 F4500 X104.749 Y155.465
M204 S1800
M205 X8 Y8
G1 F1350 X83.833 Y176.382 E798.67263
M204 S3000
M205 X10 Y10
G0 F4500 X84.526 Y176.254
M204 S1800
M205 X8 Y8
G1 F1350 X105.164 Y155.616 E799.64338
M204 S3000
M205 X10 Y10
G0 F4500 X105.579 Y155.767
M204 S1800
M205 X8 Y8
G1 F1350 X85.193 Y176.153 E800.60227
M204 S3000
M205 X10 Y10
G0 F4500 X85.838 Y176.073
M204 S1800
M205 X8 Y8
G1 F1350 X105.986 Y155.925 E801.54997
M204 S3000
M205 X10 Y10
G0 F4500 X106.384 Y156.093
M204 S1800
M205 X8 Y8
G1 F1350 X86.469 Y176.008 E802.48671
M204 S3000
M205 X10 Y10
G0 F4500 X87.075 Y175.967
M204 S1800
M205 X8 Y8
G1 F1350 X106.782 Y156.261 E803.41364
M204 S3000
M205 X10 Y10
G0 F4500 X107.179 Y156.429
M204 S1800
M205 X8 Y8
G1 F1350 X87.672 Y175.936 E804.33119
M204 S3000
M205 X10 Y10
G0 F4500 X88.248 Y175.926
M204 S1800
M205 X8 Y8
G1 F1350 X107.577 Y156.597 E805.24037
M204 S3000
M205 X10 Y10
G0 F4500 X107.975 Y156.765
M204 S1800
M205 X8 Y8
G1 F1350 X88.814 Y175.926 E806.14165
M204 S3000
M205 X10 Y10
G0 F4500 X89.367 Y175.938
M204 S1800
M205 X8 Y8
G1 F1350 X108.358 Y156.948 E807.0349
M204 S3000
M205 X10 Y10
G0 F4500 X108.74 Y157.131
M204 S1800
M205 X8 Y8
G1 F1350 X89.906 Y175.965 E807.92079
M204 S3000
M205 X10 Y10
G0 F4500 X90.436 Y176
M204 S1800
M205 X8 Y8
G1 F1350 X109.122 Y157.315 E808.7997
M204 S3000
M205 X10 Y10
G0 F4500 X109.503 Y157.499
M204 S1800
M205 X8 Y8
G1 F1350 X90.952 Y176.051 E809.67231
M204 S3000
M205 X10 Y10
G0 F4500 X91.467 Y176.102
M204 S1800
M205 X8 Y8
G1 F1350 X109.885 Y157.683 E810.53866
M204 S3000
M205 X10 Y10
G0 F4500 X110.261 Y157.872
M204 S1800
M205 X8 Y8
G1 F1350 X91.959 Y176.175 E811.39955
M204 S3000
M205 X10 Y10
G0 F4500 X92.45 Y176.249
M204 S1800
M205 X8 Y8
G1 F1350 X110.628 Y158.072 E812.25457
M204 S3000
M205 X10 Y10
G0 F4500 X110.994 Y158.271
M204 S1800
M205 X8 Y8
G1 F1350 X92.93 Y176.335 E813.10424
M204 S3000
M205 X10 Y10
G0 F4500 X93.402 Y176.429
M204 S1800
M205 X8 Y8
G1 F1350 X111.36 Y158.471 E813.94893
M204 S3000
M205 X10 Y10
G0 F4500 X111.727 Y158.67
M204 S1800
M205 X8 Y8
G1 F1350 X93.871 Y176.526 E814.78882
M204 S3000
M205 X10 Y10
G0 F4500 X94.323 Y176.64
M204 S1800
M205 X8 Y8
G1 F1350 X112.092 Y158.87 E815.62464
M204 S3000
M205 X10 Y10
G0 F4500 X112.449 Y159.079
M204 S1800
M205 X8 Y8
G1 F1350 X94.774 Y176.754 E816.45602
M204 S3000
M205 X10 Y10
G0 F4500 X95.216 Y176.878
M204 S1800
M205 X8 Y8
G1 F1350 X112.799 Y159.294 E817.2831
M204 S3000
M205 X10 Y10
G0 F4500 X113.15 Y159.509
M204 S1800
M205 X8 Y8
G1 F1350 X95.648 Y177.012 E818.10636
M204 S3000
M205 X10 Y10
G0 F4500 X96.08 Y177.145
M204 S1800
M205 X8 Y8
G1 F1350 X113.501 Y159.724 E818.92579
M204 S3000
M205 X10 Y10
G0 F4500 X113.852 Y159.939
M204 S1800
M205 X8 Y8
G1 F1350 X96.497 Y177.294 E819.74212
M204 S3000
M205 X10 Y10
G0 F4500 X96.912 Y177.444
M204 S1800
M205 X8 Y8
G1 F1350 X114.204 Y160.153 E820.55546
M204 S3000
M205 X10 Y10
G0 F4500 X114.541 Y160.381
M204 S1800
M205 X8 Y8
G1 F1350 X97.325 Y177.597 E821.36524
M204 S3000
M205 X10 Y10
G0 F4500 X97.724 Y177.763
M204 S1800
M205 X8 Y8
G1 F1350 X114.877 Y160.61 E822.17207
M204 S3000
M205 X10 Y10
G0 F4500 X115.215 Y160.839
M204 S1800
M205 X8 Y8
G1 F1350 X98.123 Y177.93 E822.976
M204 S3000
M205 X10 Y10
G0 F4500 X98.516 Y178.103
M204 S1800
M205 X8 Y8
G1 F1350 X115.551 Y161.068 E823.77727
M204 S3000
M205 X10 Y10
G0 F4500 X115.888 Y161.297
M204 S1800
M205 X8 Y8
G1 F1350 X98.898 Y178.287 E824.57643
M204 S3000
M205 X10 Y10
G0 F4500 X99.281 Y178.47
M204 S1800
M205 X8 Y8
G1 F1350 X116.223 Y161.527 E825.37335
M204 S3000
M205 X10 Y10
G0 F4500 X116.545 Y161.771
M204 S1800
M205 X8 Y8
G1 F1350 X99.654 Y178.662 E826.16786
M204 S3000
M205 X10 Y10
G0 F4500 X100.02 Y178.861
M204 S1800
M205 X8 Y8
G1 F1350 X116.867 Y162.015 E826.96026
M204 S3000
M205 X10 Y10
G0 F4500 X117.188 Y162.259
M204 S1800
M205 X8 Y8
G1 F1350 X100.387 Y179.061 E827.75055
M204 S3000
M205 X10 Y10
G0 F4500 X100.744 Y179.269
M204 S1800
M205 X8 Y8
G1 F1350 X117.51 Y162.503 E828.53918
M204 S3000
M205 X10 Y10
G0 F4500 X117.832 Y162.747
M204 S1800
M205 X8 Y8
G1 F1350 X101.095 Y179.484 E829.32643
M204 S3000
M205 X10 Y10
G0 F4500 X101.447 Y179.698
M204 S1800
M205 X8 Y8
G1 F1350 X118.149 Y162.995 E830.11207
M204 S3000
M205 X10 Y10
G0 F4500 X118.457 Y163.253
M204 S1800
M205 X8 Y8
G1 F1350 X101.788 Y179.923 E830.89615
M204 S3000
M205 X10 Y10
G0 F4500 X102.124 Y180.152
M204 S1800
M205 X8 Y8
G1 F1350 X118.765 Y163.511 E831.67889
M204 S3000
M205 X10 Y10
G0 F4500 X119.073 Y163.769
M204 S1800
M205 X8 Y8
G1 F1350 X102.461 Y180.381 E832.46027
M204 S3000
M205 X10 Y10
G0 F4500 X102.786 Y180.621
M204 S1800
M205 X8 Y8
G1 F1350 X119.38 Y164.027 E833.2408
M204 S3000
M205 X10 Y10
G0 F4500 X119.688 Y164.285
M204 S1800
M205 X8 Y8
G1 F1350 X103.108 Y180.865 E834.02067
M204 S3000
M205 X10 Y10
G0 F4500 X103.429 Y181.109
M204 S1800
M205 X8 Y8
G1 F1350 X119.99 Y164.549 E834.79963
M204 S3000
M205 X10 Y10
G0 F4500 X120.283 Y164.821
M204 S1800
M205 X8 Y8
G1 F1350 X103.741 Y181.364 E835.57773
M204 S3000
M205 X10 Y10
G0 F4500 X104.049 Y181.621
M204 S1800
M205 X8 Y8
G1 F1350 X120.577 Y165.093 E836.35516
M204 S3000
M205 X10 Y10
G0 F4500 X120.87 Y165.366
M204 S1800
M205 X8 Y8
G1 F1350 X104.358 Y181.878 E837.13184
M204 S3000
M205 X10 Y10
G0 F4500 X104.654 Y182.147
M204 S1800
M205 X8 Y8
G1 F1350 X121.163 Y165.639 E837.90834
M204 S3000
M205 X10 Y10
G0 F4500 X121.456 Y165.911
M204 S1800
M205 X8 Y8
G1 F1350 X104.948 Y182.419 E838.68483
M204 S3000
M205 X10 Y10
G0 F4500 X105.242 Y182.691
M204 S1800
M205 X8 Y8
G1 F1350 X121.742 Y166.191 E839.46094
M204 S3000
M205 X10 Y10
G0 F4500 X122.021 Y166.477
M204 S1800
M205 X8 Y8
G1 F1350 X105.525 Y182.974 E840.23688
M204 S3000
M205 X10 Y10
G0 F4500 X105.804 Y183.26
M204 S1800
M205 X8 Y8
G1 F1350 X122.301 Y166.764 E841.01283
M204 S3000
M205 X10 Y10
G0 F4500 X122.58 Y167.05
M204 S1800
M205 X8 Y8
G1 F1350 X106.083 Y183.547 E841.7888
M204 S3000
M205 X10 Y10
G0 F4500 X106.351 Y183.844
M204 S1800
M205 X8 Y8
G1 F1350 X122.86 Y167.336 E842.56531
M204 S3000
M205 X10 Y10
G0 F4500 X123.139 Y167.622
M204 S1800
M205 X8 Y8
G1 F1350 X106.616 Y184.145 E843.3425
M204 S3000
M205 X10 Y10
G0 F4500 X106.882 Y184.445
M204 S1800
M205 X8 Y8
G1 F1350 X123.41 Y167.917 E844.11992
M204 S3000
M205 X10 Y10
G0 F4500 X123.675 Y168.217
M204 S1800
M205 X8 Y8
G1 F1350 X107.135 Y184.757 E844.89792
M204 S3000
M205 X10 Y10
G0 F4500 X107.387 Y185.071
M204 S1800
M205 X8 Y8
G1 F1350 X123.94 Y168.518 E845.67652
M204 S3000
M205 X10 Y10
G0 F4500 X124.206 Y168.818
M204 S1800
M205 X8 Y8
G1 F1350 X107.639 Y185.385 E846.45578
M204 S3000
M205 X10 Y10
G0 F4500 X107.878 Y185.712
M204 S1800
M205 X8 Y8
G1 F1350 X124.471 Y169.119 E847.23626
M204 S3000
M205 X10 Y10
G0 F4500 X124.736 Y169.419
M204 S1800
M205 X8 Y8
G1 F1350 X108.115 Y186.041 E848.01809
M204 S3000
M205 X10 Y10
G0 F4500 X108.352 Y186.37
M204 S1800
M205 X8 Y8
G1 F1350 X124.992 Y169.729 E848.8008
M204 S3000
M205 X10 Y10
G0 F4500 X125.243 Y170.044
M204 S1800
M205 X8 Y8
G1 F1350 X108.576 Y186.711 E849.58477
M204 S3000
M205 X10 Y10
G0 F4500 X108.798 Y187.054
M204 S1800
M205 X8 Y8
G1 F1350 X125.494 Y170.358 E850.3701
M204 S3000
M205 X10 Y10
G0 F4500 X125.745 Y170.673
M204 S1800
M205 X8 Y8
G1 F1350 X109.021 Y187.398 E851.15677
M204 S3000
M205 X10 Y10
G0 F4500 X109.229 Y187.755
M204 S1800
M205 X8 Y8
G1 F1350 X125.996 Y170.988 E851.94544
M204 S3000
M205 X10 Y10
G0 F4500 X126.247 Y171.302
M204 S1800
M205 X8 Y8
G1 F1350 X109.436 Y188.113 E852.73617
M204 S3000
M205 X10 Y10
G0 F4500 X109.643 Y188.472
M204 S1800
M205 X8 Y8
G1 F1350 X126.486 Y171.629 E853.52842
M204 S3000
M205 X10 Y10
G0 F4500 X126.723 Y171.958
M204 S1800
M205 X8 Y8
G1 F1350 X109.835 Y188.846 E854.32278
M204 S3000
M205 X10 Y10
G0 F4500 X110.027 Y189.219
M204 S1800
M205 X8 Y8
G1 F1350 X126.959 Y172.287 E855.11921
M204 S3000
M205 X10 Y10
G0 F4500 X127.195 Y172.617
M204 S1800
M205 X8 Y8
G1 F1350 X110.216 Y189.596 E855.91785
M204 S3000
M205 X10 Y10
G0 F4500 X110.393 Y189.985
M204 S1800
M205 X8 Y8
G1 F1350 X127.432 Y172.946 E856.71931
M204 S3000
M205 X10 Y10
G0 F4500 X127.668 Y173.275
M204 S1800
M205 X8 Y8
G1 F1350 X110.57 Y190.374 E857.52357
M204 S3000
M205 X10 Y10
G0 F4500 X110.739 Y190.77
M204 S1800
M205 X8 Y8
G1 F1350 X127.891 Y173.618 E858.33035
M204 S3000
M205 X10 Y10
G0 F4500 X128.113 Y173.962
M204 S1800
M205 X8 Y8
G1 F1350 X110.899 Y191.176 E859.14004
M204 S3000
M205 X10 Y10
G0 F4500 X111.059 Y191.582
M204 S1800
M205 X8 Y8
G1 F1350 X128.335 Y174.306 E859.95265
M204 S3000
M205 X10 Y10
G0 F4500 X128.557 Y174.649
M204 S1800
M205 X8 Y8
G1 F1350 X111.209 Y191.997 E860.76865
M204 S3000
M205 X10 Y10
G0 F4500 X111.352 Y192.42
M204 S1800
M205 X8 Y8
G1 F1350 X128.78 Y174.992 E861.58841
M204 S3000
M205 X10 Y10
G0 F4500 X128.999 Y175.339
M204 S1800
M205 X8 Y8
G1 F1350 X111.495 Y192.842 E862.41172
M204 S3000
M205 X10 Y10
G0 F4500 X111.621 Y193.283
M204 S1800
M205 X8 Y8
G1 F1350 X129.206 Y175.698 E863.23886
M204 S3000
M205 X10 Y10
G0 F4500 X129.413 Y176.056
M204 S1800
M205 X8 Y8
G1 F1350 X111.745 Y193.724 E864.06991
M204 S3000
M205 X10 Y10
G0 F4500 X111.864 Y194.171
M204 S1800
M205 X8 Y8
G1 F1350 X129.619 Y176.416 E864.90505
M204 S3000
M205 X10 Y10
G0 F4500 X129.826 Y176.775
M204 S1800
M205 X8 Y8
G1 F1350 X111.97 Y194.631 E865.74494
M204 S3000
M205 X10 Y10
G0 F4500 X112.076 Y195.09
M204 S1800
M205 X8 Y8
G1 F1350 X130.032 Y177.134 E866.58954
M204 S3000
M205 X10 Y10
G0 F4500 X130.232 Y177.5
M204 S1800
M205 X8 Y8
G1 F1350 X112.165 Y195.567 E867.43935
M204 S3000
M205 X10 Y10
G0 F4500 X112.25 Y196.048
M204 S1800
M205 X8 Y8
G1 F1350 X130.424 Y177.874 E868.2942
M204 S3000
M205 X10 Y10
G0 F4500 X130.616 Y178.247
M204 S1800
M205 X8 Y8
G1 F1350 X112.328 Y196.536 E869.15444
M204 S3000
M205 X10 Y10
G0 F4500 X112.391 Y197.038
M204 S1800
M205 X8 Y8
G1 F1350 X130.809 Y178.62 E870.02077
M204 S3000
M205 X10 Y10
G0 F4500 X131 Y178.994
M204 S1800
M205 X8 Y8
G1 F1350 X112.454 Y197.54 E870.89311
M204 S3000
M205 X10 Y10
G0 F4500 X112.495 Y198.065
M204 S1800
M205 X8 Y8
G1 F1350 X131.193 Y179.368 E871.77259
M204 S3000
M205 X10 Y10
G0 F4500 X131.371 Y179.755
M204 S1800
M205 X8 Y8
G1 F1350 X112.536 Y198.59 E872.65853
M204 S3000
M205 X10 Y10
G0 F4500 X112.559 Y199.133
M204 S1800
M205 X8 Y8
G1 F1350 X131.547 Y180.145 E873.55166
M204 S3000
M205 X10 Y10
G0 F4500 X131.723 Y180.534
M204 S1800
M205 X8 Y8
G1 F1350 X112.573 Y199.684 E874.45242
M204 S3000
M205 X10 Y10
G0 F4500 X112.574 Y200.249
M204 S1800
M205 X8 Y8
G1 F1350 X131.899 Y180.924 E875.36141
M204 S3000
M205 X10 Y10
G0 F4500 X132.074 Y181.314
M204 S1800
M205 X8 Y8
G1 F1350 X112.56 Y200.828 E876.27929
M204 S3000
M205 X10 Y10
G0 F4500 X112.533 Y201.421
M204 S1800
M205 X8 Y8
G1 F1350 X132.245 Y181.709 E877.20648
M204 S3000
M205 X10 Y10
G0 F4500 X132.405 Y182.115
M204 S1800
M205 X8 Y8
G1 F1350 X112.489 Y202.031 E878.14327
M204 S3000
M205 X10 Y10
G0 F4500 X112.428 Y202.658
M204 S1800
M205 X8 Y8
G1 F1350 X132.565 Y182.521 E879.09045
M204 S3000
M205 X10 Y10
G0 F4500 X132.725 Y182.927
M204 S1800
M205 X8 Y8
G1 F1350 X112.349 Y203.303 E880.04887
M204 S3000
M205 X10 Y10
G0 F4500 X112.245 Y203.972
M204 S1800
M205 X8 Y8
G1 F1350 X132.885 Y183.332 E881.01972
M204 S3000
M205 X10 Y10
G0 F4500 X133.044 Y183.738
M204 S1800
M205 X8 Y8
G1 F1350 X112.125 Y204.658 E882.00371
M204 S3000
M205 X10 Y10
G0 F4500 X111.964 Y205.384
M204 S1800
M205 X8 Y8
G1 F1350 X133.189 Y184.16 E883.00204
M204 S3000
M205 X10 Y10
G0 F4500 X133.33 Y184.584
M204 S1800
M205 X8 Y8
G1 F1350 X111.783 Y206.131 E884.01555
G1 X111.713 Y206.201
M204 S3000
M205 X10 Y10
G0 F4500 X111.563 Y206.917
M204 S1800
M205 X8 Y8
G1 F1350 X133.472 Y185.008 E885.04608
M204 S3000
M205 X10 Y10
G0 F4500 X133.614 Y185.432
M204 S1800
M205 X8 Y8
G1 F1350 X111.289 Y207.757 E886.09618
G1 X111.219 Y207.827
M204 S3000
M205 X10 Y10
G0 F4500 X110.966 Y208.645
M204 S1800
M205 X8 Y8
G1 F1350 X133.756 Y185.855 E887.16815
M204 S3000
M205 X10 Y10
G0 F4500 X133.887 Y186.29
M204 S1800
M205 X8 Y8
G1 F1350 X110.579 Y209.598 E888.26449
G1 X110.509 Y209.668
M204 S3000
M205 X10 Y10
G0 F4500 X110.092 Y210.651
M204 S1800
M205 X8 Y8
G1 F1350 X134.01 Y186.732 E889.38954
M204 S3000
M205 X10 Y10
G0 F4500 X134.135 Y187.173
M204 S1800
M205 X8 Y8
G1 F1350 X109.456 Y211.852 E890.55036
G1 X109.386 Y211.922
M204 S3000
M205 X10 Y10
G0 F4500 X108.56 Y213.314
M204 S1800
M205 X8 Y8
G1 F1350 X134.259 Y187.615 E891.75917
M204 S3000
M205 X10 Y10
G0 F4500 X134.382 Y188.057
M204 S1800
M205 X8 Y8
G1 F1350 X106.816 Y215.623 E893.05579
G1 X106.746 Y215.693
M204 S3000
M205 X10 Y10
G0 F4500 X104.132 Y218.307
M204 S1800
M205 X8 Y8
G1 F1350 X76.566 Y245.874 E894.35243
M204 S3000
M205 X10 Y10
G0 F4500 X77.017 Y245.989
M204 S1800
M205 X8 Y8
G1 F1350 X134.498 Y188.508 E897.05616
M204 S3000
M205 X10 Y10
G0 F4500 X134.604 Y188.967
M204 S1800
M205 X8 Y8
G1 F1350 X77.467 Y246.104 E899.74371
M204 S3000
M205 X10 Y10
G0 F4500 X77.918 Y246.218
M204 S1800
M205 X8 Y8
G1 F1350 X134.709 Y189.428 E902.41496
M204 S3000
M205 X10 Y10
G0 F4500 X134.815 Y189.887
M204 S1800
M205 X8 Y8
G1 F1350 X78.387 Y246.315 E905.06916
M204 S3000
M205 X10 Y10
G0 F4500 X78.857 Y246.411
M204 S1800
M205 X8 Y8
G1 F1350 X134.92 Y190.348 E907.70619
M204 S3000
M205 X10 Y10
G0 F4500 X135.017 Y190.817
M204 S1800
M205 X8 Y8
G1 F1350 X79.328 Y246.506 E910.32563
M204 S3000
M205 X10 Y10
G0 F4500 X79.798 Y246.602
M204 S1800
M205 X8 Y8
G1 F1350 X135.101 Y191.298 E912.92694
M204 S3000
M205 X10 Y10
G0 F4500 X135.186 Y191.779
M204 S1800
M205 X8 Y8
G1 F1350 X80.268 Y246.697 E915.51011
M204 S3000
M205 X10 Y10
G0 F4500 X80.76 Y246.771
M204 S1800
M205 X8 Y8
G1 F1350 X135.271 Y192.26 E918.07414
M204 S3000
M205 X10 Y10
G0 F4500 X135.356 Y192.741
M204 S1800
M205 X8 Y8
G1 F1350 X81.252 Y246.845 E920.61903
M204 S3000
M205 X10 Y10
G0 F4500 X81.743 Y246.919
M204 S1800
M205 X8 Y8
G1 F1350 X135.428 Y193.234 E923.14421
M204 S3000
M205 X10 Y10
G0 F4500 X135.49 Y193.738
M204 S1800
M205 X8 Y8
G1 F1350 X82.235 Y246.993 E925.64916
M204 S3000
M205 X10 Y10
G0 F4500 X82.732 Y247.062
M204 S1800
M205 X8 Y8
G1 F1350 X135.553 Y194.24 E928.13372
M204 S3000
M205 X10 Y10
G0 F4500 X135.616 Y194.743
M204 S1800
M205 X8 Y8
G1 F1350 X83.246 Y247.113 E930.59705
M204 S3000
M205 X10 Y10
G0 F4500 X83.761 Y247.164
M204 S1800
M205 X8 Y8
G1 F1350 X135.679 Y195.246 E933.03911
M204 S3000
M205 X10 Y10
G0 F4500 X135.72 Y195.77
M204 S1800
M205 X8 Y8
G1 F1350 X84.275 Y247.216 E935.45895
M204 S3000
M205 X10 Y10
G0 F4500 X84.789 Y247.268
M204 S1800
M205 X8 Y8
G1 F1350 X135.76 Y196.297 E937.85647
M204 S3000
M205 X10 Y10
G0 F4500 X135.799 Y196.823
M204 S1800
M205 X8 Y8
G1 F1350 X85.32 Y247.302 E940.23084
M204 S3000
M205 X10 Y10
G0 F4500 X85.858 Y247.33
M204 S1800
M205 X8 Y8
G1 F1350 X135.838 Y197.349 E942.58177
M204 S3000
M205 X10 Y10
G0 F4500 X135.866 Y197.888
M204 S1800
M205 X8 Y8
G1 F1350 X86.397 Y247.357 E944.90864
M204 S3000
M205 X10 Y10
G0 F4500 X86.935 Y247.384
M204 S1800
M205 X8 Y8
G1 F1350 X135.879 Y198.44 E947.21082
M204 S3000
M205 X10 Y10
G0 F4500 X135.893 Y198.991
M204 S1800
M205 X8 Y8
G1 F1350 X87.481 Y247.403 E949.48797
M204 S3000
M205 X10 Y10
G0 F4500 X88.047 Y247.403
M204 S1800
M205 X8 Y8
G1 F1350 X135.907 Y199.544 E951.73914
M204 S3000
M205 X10 Y10
G0 F4500 X135.915 Y200.101
M204 S1800
M205 X8 Y8
G1 F1350 X88.613 Y247.403 E953.96408
M204 S3000
M205 X10 Y10
G0 F4500 X89.178 Y247.403
M204 S1800
M205 X8 Y8
G1 F1350 X135.901 Y200.681 E956.16176
M204 S3000
M205 X10 Y10
G0 F4500 X135.887 Y201.26
M204 S1800
M205 X8 Y8
G1 F1350 X89.747 Y247.401 E958.33207
M204 S3000
M205 X10 Y10
G0 F4500 X90.343 Y247.37
M204 S1800
M205 X8 Y8
G1 F1350 X135.873 Y201.84 E960.47366
M204 S3000
M205 X10 Y10
G0 F4500 X135.855 Y202.424
M204 S1800
M205 X8 Y8
G1 F1350 X90.939 Y247.34 E962.58637
M204 S3000
M205 X10 Y10
G0 F4500 X91.534 Y247.31
M204 S1800
M205 X8 Y8
G1 F1350 X135.809 Y203.035 E964.66893
M204 S3000
M205 X10 Y10
G0 F4500 X135.763 Y203.647
M204 S1800
M205 X8 Y8
G1 F1350 X92.136 Y247.275 E966.72103
M204 S3000
M205 X10 Y10
G0 F4500 X92.763 Y247.213
M204 S1800
M205 X8 Y8
G1 F1350 X135.717 Y204.259 E968.74146
M204 S3000
M205 X10 Y10
G0 F4500 X135.663 Y204.879
M204 S1800
M205 X8 Y8
G1 F1350 X93.392 Y247.15 E970.72976
M204 S3000
M205 X10 Y10
G0 F4500 X94.021 Y247.087
M204 S1800
M205 X8 Y8
G1 F1350 X135.582 Y205.526 E972.68466
M204 S3000
M205 X10 Y10
G0 F4500 X135.501 Y206.172
M204 S1800
M205 X8 Y8
G1 F1350 X94.664 Y247.009 E974.60551
M204 S3000
M205 X10 Y10
G0 F4500 X95.33 Y246.908
M204 S1800
M205 X8 Y8
G1 F1350 X135.42 Y206.819 E976.49119
M204 S3000
M205 X10 Y10
G0 F4500 X135.314 Y207.49
M204 S1800
M205 X8 Y8
G1 F1350 X95.996 Y246.808 E978.34059
M204 S3000
M205 X10 Y10
G0 F4500 X96.662 Y246.708
M204 S1800
M205 X8 Y8
G1 F1350 X135.193 Y208.177 E980.15297
M204 S3000
M205 X10 Y10
G0 F4500 X135.072 Y208.863
M204 S1800
M205 X8 Y8
G1 F1350 X97.367 Y246.568 E981.9265
M204 S3000
M205 X10 Y10
G0 F4500 X98.078 Y246.423
M204 S1800
M205 X8 Y8
G1 F1350 X134.941 Y209.56 E983.66042
M204 S3000
M205 X10 Y10
G0 F4500 X134.772 Y210.295
M204 S1800
M205 X8 Y8
G1 F1350 X98.788 Y246.279 E985.353
M204 S3000
M205 X10 Y10
G0 F4500 X99.529 Y246.104
M204 S1800
M205 X8 Y8
G1 F1350 X134.603 Y211.03 E987.00277
M204 S3000
M205 X10 Y10
G0 F4500 X134.43 Y211.769
M204 S1800
M205 X8 Y8
G1 F1350 X100.287 Y245.911 E988.60873
M204 S3000
M205 X10 Y10
G0 F4500 X101.045 Y245.719
M204 S1800
M205 X8 Y8
G1 F1350 X134.208 Y212.556 E990.16862
G1 X134.278 Y212.486
M204 S3000
M205 X10 Y10
G0 F4500 X133.987 Y213.343
M204 S1800
M205 X8 Y8
G1 F1350 X101.84 Y245.49 E991.68071
G1 X101.77 Y245.56
M204 S3000
M205 X10 Y10
G0 F4500 X102.657 Y245.239
M204 S1800
M205 X8 Y8
G1 F1350 X133.753 Y214.143 E993.14337
G1 X133.823 Y214.073
M204 S3000
M205 X10 Y10
G0 F4500 X133.47 Y214.991
M204 S1800
M205 X8 Y8
G1 F1350 X103.474 Y244.987 E994.55429
G1 X103.404 Y245.057
M204 S3000
M205 X10 Y10
G0 F4500 X104.353 Y244.674
M204 S1800
M205 X8 Y8
G1 F1350 X133.187 Y215.84 E995.91056
G1 X133.257 Y215.77
M204 S3000
M205 X10 Y10
G0 F4500 X132.854 Y216.738
M204 S1800
M205 X8 Y8
G1 F1350 X105.242 Y244.351 E997.20936
G1 X105.172 Y244.421
M204 S3000
M205 X10 Y10
G0 F4500 X106.162 Y243.997
M204 S1800
M205 X8 Y8
G1 F1350 X132.489 Y217.67 E998.44771
G1 X132.559 Y217.6
M204 S3000
M205 X10 Y10
G0 F4500 X132.103 Y218.621
M204 S1800
M205 X8 Y8
G1 F1350 X107.14 Y243.584 E999.62189
G1 X107.07 Y243.654
M204 S3000
M205 X10 Y10
G0 F4500 X108.132 Y243.157
M204 S1800
M205 X8 Y8
G1 F1350 X131.639 Y219.651 E1000.72756
G1 X131.709 Y219.581
M204 S3000
M205 X10 Y10
G0 F4500 X131.161 Y220.695
M204 S1800
M205 X8 Y8
G1 F1350 X109.223 Y242.633 E1001.75946
G1 X109.153 Y242.703
M204 S3000
M205 X10 Y10
G0 F4500 X110.339 Y242.082
M204 S1800
M205 X8 Y8
G1 F1350 X130.563 Y221.858 E1002.71073
G1 X130.633 Y221.788
M204 S3000
M205 X10 Y10
G0 F4500 X129.915 Y223.072
M204 S1800
M205 X8 Y8
G1 F1350 X111.582 Y241.405 E1003.57306
G1 X111.512 Y241.475
M204 S3000
M205 X10 Y10
G0 F4500 X112.928 Y240.624
M204 S1800
M205 X8 Y8
G1 F1350 X129.145 Y224.408 E1004.33584
G1 X129.215 Y224.338
M204 S3000
M205 X10 Y10
G0 F4500 X128.175 Y225.943
M204 S1800
M205 X8 Y8
G1 F1350 X114.414 Y239.704 E1004.98311
G1 X114.344 Y239.774
M204 S3000
M205 X10 Y10
G0 F4500 X116.188 Y238.495
M204 S1800
M205 X8 Y8
G1 F1350 X126.924 Y227.759 E1005.4881
G1 X126.994 Y227.689
M204 S3000
M205 X10 Y10
G0 F4500 X125.029 Y230.221
M204 S1800
M205 X8 Y8
G1 F1350 X118.762 Y236.488 E1005.78288
G1 X118.692 Y236.558
M204 S3000
M205 X10 Y10
G0 F4500 X101.82 Y220.054
M204 S1800
M205 X8 Y8
G1 F1350 X76.115 Y245.759 E1006.99196
M204 S3000
M205 X10 Y10
G0 F4500 X75.664 Y245.644
M204 S1800
M205 X8 Y8
G1 F1350 X100.354 Y220.954 E1008.15331
G1 X100.424 Y220.884
M204 S3000
M205 X10 Y10
G0 F4500 X99.157 Y221.586
M204 S1800
M205 X8 Y8
G1 F1350 X75.231 Y245.511 E1009.27869
M204 S3000
M205 X10 Y10
G0 F4500 X74.799 Y245.378
M204 S1800
M205 X8 Y8
G1 F1350 X98.103 Y222.074 E1010.37484
G1 X98.173 Y222.004
M204 S3000
M205 X10 Y10
G0 F4500 X97.141 Y222.47
M204 S1800
M205 X8 Y8
G1 F1350 X74.366 Y245.245 E1011.4461
M204 S3000
M205 X10 Y10
G0 F4500 X73.933 Y245.112
M204 S1800
M205 X8 Y8
G1 F1350 X96.25 Y222.795 E1012.49583
G1 X96.32 Y222.725
M204 S3000
M205 X10 Y10
G0 F4500 X95.425 Y223.055
M204 S1800
M205 X8 Y8
G1 F1350 X73.5 Y244.979 E1013.52709
M204 S3000
M205 X10 Y10
G0 F4500 X73.082 Y244.832
M204 S1800
M205 X8 Y8
G1 F1350 X94.636 Y223.278 E1014.54092
M204 S3000
M205 X10 Y10
G0 F4500 X93.874 Y223.475
M204 S1800
M205 X8 Y8
G1 F1350 X72.666 Y244.682 E1015.53846
M204 S3000
M205 X10 Y10
G0 F4500 X72.251 Y244.532
M204 S1800
M205 X8 Y8
G1 F1350 X93.166 Y223.617 E1016.52224
M204 S3000
M205 X10 Y10
G0 F4500 X92.474 Y223.744
M204 S1800
M205 X8 Y8
G1 F1350 X71.836 Y244.381 E1017.49296
M204 S3000
M205 X10 Y10
G0 F4500 X71.421 Y244.231
M204 S1800
M205 X8 Y8
G1 F1350 X91.806 Y223.845 E1018.45183
M204 S3000
M205 X10 Y10
G0 F4500 X91.161 Y223.925
M204 S1800
M205 X8 Y8
G1 F1350 X71.014 Y244.072 E1019.39948
M204 S3000
M205 X10 Y10
G0 F4500 X70.615 Y243.905
M204 S1800
M205 X8 Y8
G1 F1350 X90.531 Y223.989 E1020.33627
M204 S3000
M205 X10 Y10
G0 F4500 X89.924 Y224.03
M204 S1800
M205 X8 Y8
G1 F1350 X70.218 Y243.736 E1021.26318
M204 S3000
M205 X10 Y10
G0 F4500 X69.82 Y243.569
M204 S1800
M205 X8 Y8
G1 F1350 X89.328 Y224.061 E1022.18078
M204 S3000
M205 X10 Y10
G0 F4500 X88.752 Y224.071
M204 S1800
M205 X8 Y8
G1 F1350 X69.423 Y243.401 E1023.08998
M204 S3000
M205 X10 Y10
G0 F4500 X69.024 Y243.233
M204 S1800
M205 X8 Y8
G1 F1350 X88.186 Y224.071 E1023.9913
M204 S3000
M205 X10 Y10
G0 F4500 X87.633 Y224.058
M204 S1800
M205 X8 Y8
G1 F1350 X68.642 Y243.05 E1024.8846
M204 S3000
M205 X10 Y10
G0 F4500 X68.26 Y242.866
M204 S1800
M205 X8 Y8
G1 F1350 X87.094 Y224.032 E1025.7705
M204 S3000
M205 X10 Y10
G0 F4500 X86.563 Y223.997
M204 S1800
M205 X8 Y8
G1 F1350 X67.879 Y242.681 E1026.64933
M204 S3000
M205 X10 Y10
G0 F4500 X67.497 Y242.498
M204 S1800
M205 X8 Y8
G1 F1350 X86.048 Y223.947 E1027.52192
M204 S3000
M205 X10 Y10
G0 F4500 X85.533 Y223.896
M204 S1800
M205 X8 Y8
G1 F1350 X67.115 Y242.314 E1028.38824
M204 S3000
M205 X10 Y10
G0 F4500 X66.739 Y242.124
M204 S1800
M205 X8 Y8
G1 F1350 X85.041 Y223.822 E1029.24911
M204 S3000
M205 X10 Y10
G0 F4500 X84.55 Y223.748
M204 S1800
M205 X8 Y8
G1 F1350 X66.373 Y241.925 E1030.1041
M204 S3000
M205 X10 Y10
G0 F4500 X66.007 Y241.725
M204 S1800
M205 X8 Y8
G1 F1350 X84.07 Y223.662 E1030.95373
M204 S3000
M205 X10 Y10
G0 F4500 X83.598 Y223.568
M204 S1800
M205 X8 Y8
G1 F1350 X65.64 Y241.526 E1031.79842
M204 S3000
M205 X10 Y10
G0 F4500 X65.274 Y241.327
M204 S1800
M205 X8 Y8
G1 F1350 X83.128 Y223.472 E1032.63824
M204 S3000
M205 X10 Y10
G0 F4500 X82.677 Y223.358
M204 S1800
M205 X8 Y8
G1 F1350 X64.908 Y241.127 E1033.47404
M204 S3000
M205 X10 Y10
G0 F4500 X64.552 Y240.917
M204 S1800
M205 X8 Y8
G1 F1350 X82.226 Y223.243 E1034.30537
M204 S3000
M205 X10 Y10
G0 F4500 X81.785 Y223.119
M204 S1800
M205 X8 Y8
G1 F1350 X64.201 Y240.702 E1035.13245
M204 S3000
M205 X10 Y10
G0 F4500 X63.85 Y240.488
M204 S1800
M205 X8 Y8
G1 F1350 X81.353 Y222.985 E1035.95573
M204 S3000
M205 X10 Y10
G0 F4500 X80.92 Y222.852
M204 S1800
M205 X8 Y8
G1 F1350 X63.499 Y240.273 E1036.77516
M204 S3000
M205 X10 Y10
G0 F4500 X63.148 Y240.059
M204 S1800
M205 X8 Y8
G1 F1350 X80.503 Y222.703 E1037.59151
M204 S3000
M205 X10 Y10
G0 F4500 X80.088 Y222.553
M204 S1800
M205 X8 Y8
G1 F1350 X62.797 Y239.844 E1038.40483
M204 S3000
M205 X10 Y10
G0 F4500 X62.459 Y239.616
M204 S1800
M205 X8 Y8
G1 F1350 X79.675 Y222.4 E1039.21462
M204 S3000
M205 X10 Y10
G0 F4500 X79.275 Y222.234
M204 S1800
M205 X8 Y8
G1 F1350 X62.122 Y239.387 E1040.02144
M204 S3000
M205 X10 Y10
G0 F4500 X61.786 Y239.158
M204 S1800
M205 X8 Y8
G1 F1350 X78.875 Y222.069 E1040.82525
M204 S3000
M205 X10 Y10
G0 F4500 X78.483 Y221.895
M204 S1800
M205 X8 Y8
G1 F1350 X61.449 Y238.929 E1041.62648
M204 S3000
M205 X10 Y10
G0 F4500 X61.113 Y238.7
M204 S1800
M205 X8 Y8
G1 F1350 X78.101 Y221.711 E1042.42557
M204 S3000
M205 X10 Y10
G0 F4500 X77.719 Y221.528
M204 S1800
M205 X8 Y8
G1 F1350 X60.777 Y238.469 E1043.22245
M204 S3000
M205 X10 Y10
G0 F4500 X60.456 Y238.225
M204 S1800
M205 X8 Y8
G1 F1350 X77.346 Y221.335 E1044.0169
M204 S3000
M205 X10 Y10
G0 F4500 X76.979 Y221.136
M204 S1800
M205 X8 Y8
G1 F1350 X60.134 Y237.981 E1044.80924
M204 S3000
M205 X10 Y10
G0 F4500 X59.812 Y237.737
M204 S1800
M205 X8 Y8
G1 F1350 X76.612 Y220.937 E1045.59946
M204 S3000
M205 X10 Y10
G0 F4500 X76.257 Y220.727
M204 S1800
M205 X8 Y8
G1 F1350 X59.491 Y237.493 E1046.38808
M204 S3000
M205 X10 Y10
G0 F4500 X59.169 Y237.249
M204 S1800
M205 X8 Y8
G1 F1350 X75.905 Y220.513 E1047.17529
M204 S3000
M205 X10 Y10
G0 F4500 X75.554 Y220.299
M204 S1800
M205 X8 Y8
G1 F1350 X58.851 Y237.002 E1047.96095
M204 S3000
M205 X10 Y10
G0 F4500 X58.543 Y236.744
M204 S1800
M205 X8 Y8
G1 F1350 X75.213 Y220.074 E1048.74505
M204 S3000
M205 X10 Y10
G0 F4500 X74.876 Y219.845
M204 S1800
M205 X8 Y8
G1 F1350 X58.235 Y236.486 E1049.52779
M204 S3000
M205 X10 Y10
G0 F4500 X57.928 Y236.228
M204 S1800
M205 X8 Y8
G1 F1350 X74.538 Y219.617 E1050.3091
M204 S3000
M205 X10 Y10
G0 F4500 X74.214 Y219.376
M204 S1800
M205 X8 Y8
G1 F1350 X57.62 Y235.97 E1051.08963
M204 S3000
M205 X10 Y10
G0 F4500 X57.313 Y235.711
M204 S1800
M205 X8 Y8
G1 F1350 X73.892 Y219.132 E1051.86946
M204 S3000
M205 X10 Y10
G0 F4500 X73.57 Y218.888
M204 S1800
M205 X8 Y8
G1 F1350 X57.011 Y235.448 E1052.64836
M204 S3000
M205 X10 Y10
G0 F4500 X56.718 Y235.175
M204 S1800
M205 X8 Y8
G1 F1350 X73.26 Y218.633 E1053.42645
M204 S3000
M205 X10 Y10
G0 F4500 X72.952 Y218.375
M204 S1800
M205 X8 Y8
G1 F1350 X56.424 Y234.902 E1054.20385
M204 S3000
M205 X10 Y10
G0 F4500 X56.132 Y234.63
M204 S1800
M205 X8 Y8
G1 F1350 X72.644 Y218.117 E1054.98055
M204 S3000
M205 X10 Y10
G0 F4500 X72.347 Y217.848
M204 S1800
M205 X8 Y8
G1 F1350 X55.838 Y234.357 E1055.75708
M204 S3000
M205 X10 Y10
G0 F4500 X55.546 Y234.084
M204 S1800
M205 X8 Y8
G1 F1350 X72.053 Y217.577 E1056.53352
M204 S3000
M205 X10 Y10
G0 F4500 X71.758 Y217.306
M204 S1800
M205 X8 Y8
G1 F1350 X55.26 Y233.804 E1057.30954
M204 S3000
M205 X10 Y10
G0 F4500 X54.981 Y233.518
M204 S1800
M205 X8 Y8
G1 F1350 X71.476 Y217.023 E1058.08541
M204 S3000
M205 X10 Y10
G0 F4500 X71.197 Y216.736
M204 S1800
M205 X8 Y8
G1 F1350 X54.701 Y233.232 E1058.86133
M204 S3000
M205 X10 Y10
G0 F4500 X54.422 Y232.945
M204 S1800
M205 X8 Y8
G1 F1350 X70.917 Y216.45 E1059.63721
M204 S3000
M205 X10 Y10
G0 F4500 X70.649 Y216.152
M204 S1800
M205 X8 Y8
G1 F1350 X54.142 Y232.66 E1060.41367
M204 S3000
M205 X10 Y10
G0 F4500 X53.863 Y232.373
M204 S1800
M205 X8 Y8
G1 F1350 X70.384 Y215.852 E1061.19077
M204 S3000
M205 X10 Y10
G0 F4500 X70.118 Y215.552
M204 S1800
M205 X8 Y8
G1 F1350 X53.592 Y232.078 E1061.9681
M204 S3000
M205 X10 Y10
G0 F4500 X53.327 Y231.778
M204 S1800
M205 X8 Y8
G1 F1350 X69.865 Y215.239 E1062.74602
M204 S3000
M205 X10 Y10
G0 F4500 X69.613 Y214.925
M204 S1800
M205 X8 Y8
G1 F1350 X53.061 Y231.478 E1063.5246
M204 S3000
M205 X10 Y10
G0 F4500 X52.796 Y231.177
M204 S1800
M205 X8 Y8
G1 F1350 X69.362 Y214.611 E1064.30381
M204 S3000
M205 X10 Y10
G0 F4500 X69.123 Y214.285
M204 S1800
M205 X8 Y8
G1 F1350 X52.53 Y230.877 E1065.08427
M204 S3000
M205 X10 Y10
G0 F4500 X52.265 Y230.576
M204 S1800
M205 X8 Y8
G1 F1350 X68.886 Y213.956 E1065.86605
M204 S3000
M205 X10 Y10
G0 F4500 X68.649 Y213.627
M204 S1800
M205 X8 Y8
G1 F1350 X52.01 Y230.266 E1066.6487
M204 S3000
M205 X10 Y10
G0 F4500 X51.759 Y229.951
M204 S1800
M205 X8 Y8
G1 F1350 X68.425 Y213.286 E1067.43259
M204 S3000
M205 X10 Y10
G0 F4500 X68.201 Y212.943
M204 S1800
M205 X8 Y8
G1 F1350 X51.508 Y229.637 E1068.2178
M204 S3000
M205 X10 Y10
G0 F4500 X51.257 Y229.322
M204 S1800
M205 X8 Y8
G1 F1350 X67.979 Y212.6 E1069.00435
M204 S3000
M205 X10 Y10
G0 F4500 X67.771 Y212.243
M204 S1800
M205 X8 Y8
G1 F1350 X51.006 Y229.007 E1069.7929
M204 S3000
M205 X10 Y10
G0 F4500 X50.755 Y228.693
M204 S1800
M205 X8 Y8
G1 F1350 X67.563 Y211.885 E1070.5835
M204 S3000
M205 X10 Y10
G0 F4500 X67.357 Y211.525
M204 S1800
M205 X8 Y8
G1 F1350 X50.515 Y228.367 E1071.3757
M204 S3000
M205 X10 Y10
G0 F4500 X50.279 Y228.037
M204 S1800
M205 X8 Y8
G1 F1350 X67.165 Y211.151 E1072.16996
M204 S3000
M205 X10 Y10
G0 F4500 X66.973 Y210.777
M204 S1800
M205 X8 Y8
G1 F1350 X50.042 Y227.708 E1072.96634
M204 S3000
M205 X10 Y10
G0 F4500 X49.806 Y227.379
M204 S1800
M205 X8 Y8
G1 F1350 X66.785 Y210.4 E1073.76498
M204 S3000
M205 X10 Y10
G0 F4500 X66.608 Y210.011
M204 S1800
M205 X8 Y8
G1 F1350 X49.569 Y227.05 E1074.56645
M204 S3000
M205 X10 Y10
G0 F4500 X49.332 Y226.721
M204 S1800
M205 X8 Y8
G1 F1350 X66.432 Y209.621 E1075.37078
M204 S3000
M205 X10 Y10
G0 F4500 X66.262 Y209.226
M204 S1800
M205 X8 Y8
G1 F1350 X49.109 Y226.378 E1076.17758
M204 S3000
M205 X10 Y10
G0 F4500 X48.887 Y226.035
M204 S1800
M205 X8 Y8
G1 F1350 X66.102 Y208.82 E1076.98732
M204 S3000
M205 X10 Y10
G0 F4500 X65.941 Y208.415
M204 S1800
M205 X8 Y8
G1 F1350 X48.665 Y225.691 E1077.79993
M204 S3000
M205 X10 Y10
G0 F4500 X48.443 Y225.347
M204 S1800
M205 X8 Y8
G1 F1350 X65.792 Y207.998 E1078.61597
M204 S3000
M205 X10 Y10
G0 F4500 X65.649 Y207.576
M204 S1800
M205 X8 Y8
G1 F1350 X48.221 Y225.004 E1079.43573
M204 S3000
M205 X10 Y10
G0 F4500 X48.001 Y224.658
M204 S1800
M205 X8 Y8
G1 F1350 X65.506 Y207.154 E1080.25909
M204 S3000
M205 X10 Y10
G0 F4500 X65.381 Y206.713
M204 S1800
M205 X8 Y8
G1 F1350 X47.794 Y224.299 E1081.08631
M204 S3000
M205 X10 Y10
G0 F4500 X47.588 Y223.94
M204 S1800
M205 X8 Y8
G1 F1350 X65.256 Y206.272 E1081.91736
M204 S3000
M205 X10 Y10
G0 F4500 X65.137 Y205.825
M204 S1800
M205 X8 Y8
G1 F1350 X47.381 Y223.582 E1082.75257
M204 S3000
M205 X10 Y10
G0 F4500 X47.173 Y223.223
M204 S1800
M205 X8 Y8
G1 F1350 X65.031 Y205.365 E1083.59255
M204 S3000
M205 X10 Y10
G0 F4500 X64.925 Y204.906
M204 S1800
M205 X8 Y8
G1 F1350 X46.966 Y222.865 E1084.43729
M204 S3000
M205 X10 Y10
G0 F4500 X46.766 Y222.499
M204 S1800
M205 X8 Y8
G1 F1350 X64.835 Y204.43 E1085.2872
M204 S3000
M205 X10 Y10
G0 F4500 X64.75 Y203.95
M204 S1800
M205 X8 Y8
G1 F1350 X46.575 Y222.125 E1086.1421
M204 S3000
M205 X10 Y10
G0 F4500 X46.383 Y221.751
M204 S1800
M205 X8 Y8
G1 F1350 X64.673 Y203.461 E1087.0024
M204 S3000
M205 X10 Y10
G0 F4500 X64.61 Y202.958
M204 S1800
M205 X8 Y8
G1 F1350 X46.191 Y221.377 E1087.86877
M204 S3000
M205 X10 Y10
G0 F4500 X46 Y221.002
M204 S1800
M205 X8 Y8
G1 F1350 X64.547 Y202.455 E1088.74117
M204 S3000
M205 X10 Y10
G0 F4500 X64.505 Y201.932
M204 S1800
M205 X8 Y8
G1 F1350 X45.809 Y220.628 E1089.62057
M204 S3000
M205 X10 Y10
G0 F4500 X45.63 Y220.241
M204 S1800
M205 X8 Y8
G1 F1350 X64.465 Y201.406 E1090.50651
M204 S3000
M205 X10 Y10
G0 F4500 X64.442 Y200.864
M204 S1800
M205 X8 Y8
G1 F1350 X45.454 Y219.851 E1091.39962
M204 S3000
M205 X10 Y10
G0 F4500 X45.278 Y219.461
M204 S1800
M205 X8 Y8
G1 F1350 X64.428 Y200.312 E1092.30036
M204 S3000
M205 X10 Y10
G0 F4500 X64.427 Y199.747
M204 S1800
M205 X8 Y8
G1 F1350 X45.102 Y219.072 E1093.20935
M204 S3000
M205 X10 Y10
G0 F4500 X44.927 Y218.681
M204 S1800
M205 X8 Y8
G1 F1350 X64.441 Y199.167 E1094.12723
M204 S3000
M205 X10 Y10
G0 F4500 X64.468 Y198.575
M204 S1800
M205 X8 Y8
G1 F1350 X44.756 Y218.287 E1095.05442
M204 S3000
M205 X10 Y10
G0 F4500 X44.596 Y217.881
M204 S1800
M205 X8 Y8
G1 F1350 X64.512 Y197.965 E1095.99121
M204 S3000
M205 X10 Y10
G0 F4500 X64.574 Y197.337
M204 S1800
M205 X8 Y8
G1 F1350 X44.436 Y217.475 E1096.93844
M204 S3000
M205 X10 Y10
G0 F4500 X44.277 Y217.069
M204 S1800
M205 X8 Y8
G1 F1350 X64.653 Y196.693 E1097.89686
M204 S3000
M205 X10 Y10
G0 F4500 X64.758 Y196.022
M204 S1800
M205 X8 Y8
G1 F1350 X44.117 Y216.663 E1098.86775
M204 S3000
M205 X10 Y10
G0 F4500 X43.958 Y216.257
M204 S1800
M205 X8 Y8
G1 F1350 X64.877 Y195.338 E1099.85172
M204 S3000
M205 X10 Y10
G0 F4500 X65.037 Y194.612
M204 S1800
M205 X8 Y8
G1 F1350 X43.814 Y215.835 E1100.84998
M204 S3000
M205 X10 Y10
G0 F4500 X43.672 Y215.411
M204 S1800
M205 X8 Y8
G1 F1350 X65.218 Y193.865 E1101.86344
G1 X65.288 Y193.795
M204 S3000
M205 X10 Y10
G0 F4500 X65.442 Y193.076
M204 S1800
M205 X8 Y8
G1 F1350 X43.53 Y214.987 E1102.89409
M204 S3000
M205 X10 Y10
G0 F4500 X43.389 Y214.563
M204 S1800
M205 X8 Y8
G1 F1350 X65.714 Y192.238 E1103.94419
G1 X65.784 Y192.168
M204 S3000
M205 X10 Y10
G0 F4500 X66.038 Y191.348
M204 S1800
M205 X8 Y8
G1 F1350 X43.248 Y214.138 E1105.01616
M204 S3000
M205 X10 Y10
G0 F4500 X43.115 Y213.705
M204 S1800
M205 X8 Y8
G1 F1350 X66.425 Y190.395 E1106.11259
G1 X66.495 Y190.325
M204 S3000
M205 X10 Y10
G0 F4500 X66.908 Y189.346
M204 S1800
M205 X8 Y8
G1 F1350 X42.992 Y213.263 E1107.23755
M204 S3000
M205 X10 Y10
G0 F4500 X42.867 Y212.822
M204 S1800
M205 X8 Y8
G1 F1350 X67.549 Y188.14 E1108.39851
G1 X67.619 Y188.07
M204 S3000
M205 X10 Y10
G0 F4500 X68.446 Y186.677
M204 S1800
M205 X8 Y8
G1 F1350 X42.743 Y212.38 E1109.6075
M204 S3000
M205 X10 Y10
G0 F4500 X42.62 Y211.938
M204 S1800
M205 X8 Y8
G1 F1350 X70.183 Y184.374 E1110.90401
G1 X70.253 Y184.304
M204 S3000
M205 X10 Y10
;MESH:NONMESH
G0 F600 X70.253 Y184.304 Z0.6
G0 F4500 X40.211 Y200
G0 X39.702 Y200
;TIME_ELAPSED:1166.454080
;LAYER:2
M204 S1800
M205 X8 Y8
;TYPE:WALL-OUTER
;MESH:8_10_1.stl
G1 F3000 X39.753 Y202.105 E1110.97404
G1 X39.786 Y202.756 E1110.99572
G1 X39.945 Y204.857 E1111.0658
G1 X40.246 Y207.272 E1111.14674
G1 X40.612 Y209.348 E1111.21686
G1 X40.742 Y209.981 E1111.23835
G1 X41.067 Y211.409 E1111.28706
G1 X41.211 Y212.04 E1111.30859
G1 X41.867 Y214.37 E1111.3891
G1 X42.536 Y216.369 E1111.45921
G1 X42.767 Y217.003 E1111.48165
G1 X43.534 Y218.954 E1111.55138
G1 X44.535 Y221.173 E1111.63234
G1 X45.643 Y223.337 E1111.7132
G1 X46.86 Y225.444 E1111.79413
G1 X48.181 Y227.488 E1111.87508
G1 X49.602 Y229.464 E1111.95603
G1 X51.118 Y231.366 E1112.03693
G1 X52.729 Y233.19 E1112.11787
G1 X54.429 Y234.933 E1112.19885
G1 X56.211 Y236.589 E1112.27976
G1 X58.073 Y238.152 E1112.36062
G1 X60.014 Y239.622 E1112.4416
G1 X62.023 Y240.99 E1112.52244
G1 X64.101 Y242.26 E1112.60344
G1 X66.239 Y243.425 E1112.68442
G1 X68.43 Y244.481 E1112.76532
G1 X70.687 Y245.433 E1112.84679
G1 X72.365 Y246.041 E1112.90615
G1 X72.958 Y246.257 E1112.92714
G1 X75.285 Y246.975 E1113.00814
G1 X77.642 Y247.574 E1113.08902
G1 X79.704 Y247.993 E1113.15901
G1 X80.353 Y248.107 E1113.18092
G1 X82.432 Y248.421 E1113.25086
G1 X84.854 Y248.663 E1113.33181
G1 X87.284 Y248.785 E1113.41274
G1 X89.717 Y248.785 E1113.49366
G1 X92.148 Y248.663 E1113.57462
G1 X94.568 Y248.421 E1113.65551
G1 X96.975 Y248.058 E1113.73647
G1 X99.359 Y247.574 E1113.81738
G1 X101.399 Y247.057 E1113.88737
G1 X102.031 Y246.878 E1113.90922
G1 X104.029 Y246.262 E1113.97876
G1 X106.018 Y245.54 E1114.04914
G1 X106.634 Y245.298 E1114.07115
G1 X108.57 Y244.481 E1114.14104
G1 X110.763 Y243.425 E1114.222
G1 X112.318 Y242.579 E1114.28088
G1 X112.901 Y242.26 E1114.30298
G1 X114.977 Y240.992 E1114.38389
G1 X116.989 Y239.622 E1114.46485
G1 X118.927 Y238.154 E1114.54571
G1 X120.79 Y236.589 E1114.62664
G1 X122.574 Y234.933 E1114.7076
G1 X124.274 Y233.19 E1114.78858
G1 X125.882 Y231.368 E1114.8694
G1 X127.401 Y229.464 E1114.95041
G1 X128.821 Y227.49 E1115.03129
G1 X130.142 Y225.444 E1115.11229
G1 X131.357 Y223.339 E1115.19313
G1 X132.468 Y221.173 E1115.2741
G1 X133.468 Y218.956 E1115.35499
G1 X134.363 Y216.676 E1115.43646
G1 X135.131 Y214.384 E1115.51685
G1 X135.791 Y212.04 E1115.59785
G1 X136.333 Y209.669 E1115.67874
G1 X136.756 Y207.272 E1115.7597
G1 X137.058 Y204.859 E1115.84058
G1 X137.24 Y202.431 E1115.92156
G1 X137.3 Y200 E1116.00244
G1 X137.249 Y197.89 E1116.07264
G1 X137.216 Y197.244 E1116.09416
G1 X137.058 Y195.141 E1116.1643
G1 X136.756 Y192.726 E1116.24525
G1 X136.391 Y190.654 E1116.31522
G1 X136.261 Y190.012 E1116.33701
G1 X135.791 Y187.958 E1116.40709
G1 X135.133 Y185.618 E1116.48794
G1 X134.359 Y183.31 E1116.56891
G1 X133.468 Y181.046 E1116.64983
G1 X132.468 Y178.829 E1116.73072
G1 X131.357 Y176.663 E1116.81169
G1 X130.145 Y174.562 E1116.89236
G1 X128.821 Y172.51 E1116.97358
G1 X127.401 Y170.534 E1117.05451
G1 X125.884 Y168.632 E1117.13543
G1 X124.274 Y166.808 E1117.21635
G1 X122.576 Y165.067 E1117.29724
G1 X120.789 Y163.409 E1117.37832
G1 X118.927 Y161.848 E1117.45913
G1 X116.987 Y160.378 E1117.54009
G1 X114.977 Y159.008 E1117.62099
G1 X112.901 Y157.74 E1117.7019
G1 X110.763 Y156.575 E1117.78288
G1 X108.57 Y155.519 E1117.86384
G1 X106.329 Y154.574 E1117.94473
G1 X104.029 Y153.736 E1118.02615
G1 X101.717 Y153.025 E1118.1066
G1 X99.359 Y152.426 E1118.18752
G1 X96.975 Y151.942 E1118.26843
G1 X94.568 Y151.579 E1118.34939
G1 X92.148 Y151.337 E1118.43028
G1 X89.717 Y151.216 E1118.51124
G1 X87.286 Y151.215 E1118.59209
G1 X84.856 Y151.337 E1118.67301
G1 X82.434 Y151.579 E1118.75397
G1 X80.675 Y151.843 E1118.81313
G1 X80.029 Y151.942 E1118.83487
G1 X77.644 Y152.426 E1118.91581
G1 X75.299 Y153.021 E1118.99628
G1 X72.96 Y153.741 E1119.07768
G1 X70.675 Y154.574 E1119.15857
G1 X68.432 Y155.519 E1119.23952
G1 X66.239 Y156.575 E1119.32048
G1 X64.392 Y157.58 E1119.39041
G1 X63.823 Y157.908 E1119.41226
G1 X62.027 Y159.008 E1119.48231
G1 X60.016 Y160.378 E1119.56324
G1 X58.079 Y161.845 E1119.64405
G1 X56.211 Y163.412 E1119.72515
G1 X54.427 Y165.067 E1119.80609
G1 X52.729 Y166.808 E1119.88697
G1 X51.118 Y168.632 E1119.96791
G1 X49.602 Y170.534 E1120.04881
G1 X48.177 Y172.515 E1120.12998
G1 X46.862 Y174.556 E1120.21073
G1 X45.808 Y176.383 E1120.28088
G1 X45.497 Y176.951 E1120.30242
G1 X44.535 Y178.827 E1120.37254
G1 X43.534 Y181.046 E1120.45351
G1 X42.643 Y183.31 E1120.53443
G1 X41.869 Y185.618 E1120.6154
G1 X41.211 Y187.958 E1120.69624
G1 X40.67 Y190.331 E1120.7772
G1 X40.246 Y192.726 E1120.85809
G1 X39.945 Y195.141 E1120.93904
G1 X39.762 Y197.567 E1121.01996
G1 X39.702 Y200 E1121.1009
M204 S3000
M205 X10 Y10
G0 F6000 X39.706 Y200.2
G0 X40.216 Y200.188
G0 X65.292 Y199.993
G0 X65.801 Y200.006
M204 S1800
M205 X8 Y8
G1 F3000 X65.829 Y198.863 E1121.13893
G1 X65.914 Y197.736 E1121.17652
G1 X66.055 Y196.612 E1121.2142
G1 X66.249 Y195.51 E1121.25141
G1 X66.503 Y194.393 E1121.28951
G1 X66.812 Y193.303 E1121.3272
G1 X67.167 Y192.246 E1121.36428
G1 X67.585 Y191.176 E1121.40249
G1 X68.05 Y190.146 E1121.44008
G1 X68.566 Y189.137 E1121.47777
G1 X69.134 Y188.159 E1121.51539
G1 X69.748 Y187.209 E1121.55301
G1 X70.408 Y186.289 E1121.59067
G1 X71.115 Y185.405 E1121.62832
G1 X71.859 Y184.562 E1121.66571
G1 X72.655 Y183.746 E1121.70363
G1 X73.484 Y182.977 E1121.74124
G1 X74.351 Y182.249 E1121.77889
G1 X75.255 Y181.565 E1121.81659
G1 X76.188 Y180.929 E1121.85415
G1 X77.156 Y180.337 E1121.89189
G1 X78.149 Y179.797 E1121.92948
G1 X79.171 Y179.306 E1121.9672
G1 X80.212 Y178.868 E1122.00476
G1 X81.269 Y178.483 E1122.04217
G1 X82.357 Y178.146 E1122.08006
G1 X83.467 Y177.863 E1122.11816
G1 X84.564 Y177.644 E1122.15536
G1 X85.684 Y177.475 E1122.19304
G1 X86.809 Y177.363 E1122.23064
G1 X87.941 Y177.307 E1122.26834
G1 X89.073 Y177.307 E1122.30599
G1 X90.203 Y177.363 E1122.34362
G1 X91.33 Y177.477 E1122.38129
G1 X92.448 Y177.645 E1122.41889
G1 X93.546 Y177.867 E1122.45615
G1 X94.654 Y178.148 E1122.49417
G1 X95.736 Y178.485 E1122.53186
G1 X96.799 Y178.871 E1122.56948
G1 X97.842 Y179.31 E1122.60712
G1 X98.862 Y179.802 E1122.64478
G1 X99.857 Y180.344 E1122.68247
G1 X100.822 Y180.934 E1122.72009
G1 X101.757 Y181.571 E1122.75772
G1 X102.659 Y182.256 E1122.79539
G1 X103.524 Y182.983 E1122.83297
G1 X104.355 Y183.752 E1122.87063
G1 X105.145 Y184.564 E1122.90831
G1 X105.895 Y185.412 E1122.94596
G1 X106.6 Y186.298 E1122.98362
G1 X107.259 Y187.217 E1123.02123
G1 X107.875 Y188.167 E1123.05889
G1 X108.439 Y189.147 E1123.0965
G1 X108.956 Y190.155 E1123.13418
G1 X109.421 Y191.186 E1123.17179
G1 X109.84 Y192.255 E1123.20998
G1 X110.196 Y193.314 E1123.24714
G1 X110.501 Y194.404 E1123.28479
G1 X110.757 Y195.52 E1123.32287
G1 X110.949 Y196.623 E1123.36011
G1 X111.089 Y197.745 E1123.39772
G1 X111.173 Y198.874 E1123.43537
G1 X111.201 Y200.004 E1123.47297
G1 X111.173 Y201.137 E1123.51066
G1 X111.088 Y202.264 E1123.54825
G1 X110.947 Y203.388 E1123.58593
G1 X110.753 Y204.49 E1123.62315
G1 X110.499 Y205.607 E1123.66125
G1 X110.191 Y206.697 E1123.69892
G1 X109.835 Y207.754 E1123.73602
G1 X109.417 Y208.824 E1123.77422
G1 X108.952 Y209.854 E1123.81181
G1 X108.436 Y210.863 E1123.8495
G1 X107.868 Y211.841 E1123.88712
G1 X107.254 Y212.791 E1123.92474
G1 X106.595 Y213.712 E1123.96241
G1 X105.887 Y214.595 E1124.00005
G1 X105.143 Y215.438 E1124.03745
G1 X104.347 Y216.254 E1124.07536
G1 X103.518 Y217.023 E1124.11297
G1 X102.652 Y217.751 E1124.1506
G1 X101.747 Y218.435 E1124.18833
G1 X100.814 Y219.071 E1124.22589
G1 X99.846 Y219.663 E1124.26363
G1 X98.853 Y220.203 E1124.30122
G1 X97.831 Y220.694 E1124.33893
G1 X96.79 Y221.132 E1124.3765
G1 X95.733 Y221.517 E1124.41391
G1 X94.645 Y221.854 E1124.4518
G1 X93.535 Y222.137 E1124.48989
G1 X92.438 Y222.356 E1124.5271
G1 X91.318 Y222.525 E1124.56477
G1 X90.193 Y222.637 E1124.60238
G1 X89.061 Y222.693 E1124.64007
G1 X87.929 Y222.693 E1124.67772
G1 X86.8 Y222.637 E1124.71532
G1 X85.672 Y222.523 E1124.75303
G1 X84.554 Y222.355 E1124.79063
G1 X83.456 Y222.133 E1124.82789
G1 X82.348 Y221.852 E1124.86591
G1 X81.266 Y221.515 E1124.9036
G1 X80.203 Y221.129 E1124.94122
G1 X79.16 Y220.69 E1124.97885
G1 X78.14 Y220.198 E1125.01652
G1 X77.145 Y219.656 E1125.0542
G1 X76.18 Y219.066 E1125.09182
G1 X75.244 Y218.429 E1125.12948
G1 X74.343 Y217.743 E1125.16715
G1 X73.477 Y217.016 E1125.20475
G1 X72.646 Y216.247 E1125.24241
G1 X71.857 Y215.436 E1125.28004
G1 X71.106 Y214.587 E1125.31774
G1 X70.402 Y213.701 E1125.35538
G1 X69.743 Y212.783 E1125.39297
G1 X69.126 Y211.832 E1125.43067
G1 X68.561 Y210.852 E1125.4683
G1 X68.046 Y209.845 E1125.50592
G1 X67.581 Y208.813 E1125.54356
G1 X67.162 Y207.745 E1125.58172
G1 X66.807 Y206.686 E1125.61887
G1 X66.501 Y205.595 E1125.65656
G1 X66.245 Y204.48 E1125.69461
G1 X66.053 Y203.376 E1125.73188
G1 X65.913 Y202.254 E1125.76948
G1 X65.829 Y201.125 E1125.80714
G1 X65.801 Y200.006 E1125.84437
M204 S3000
M205 X10 Y10
G0 F6000 X65.805 Y199.806
G0 X65.401 Y200.016
M204 S1800
M205 X8 Y8
;TYPE:WALL-INNER
G1 F3000 X65.43 Y198.833 E1125.88373
G1 X65.517 Y197.686 E1125.92199
G1 X65.661 Y196.542 E1125.96034
G1 X65.859 Y195.422 E1125.99817
G1 X66.118 Y194.284 E1126.03698
G1 X66.433 Y193.176 E1126.0753
G1 X66.795 Y192.1 E1126.11305
G1 X67.221 Y191.012 E1126.15192
G1 X67.694 Y189.964 E1126.19016
G1 X68.22 Y188.937 E1126.22854
G1 X68.798 Y187.942 E1126.26681
G1 X69.423 Y186.976 E1126.30508
G1 X70.096 Y186.039 E1126.34345
G1 X70.815 Y185.141 E1126.38171
G1 X71.573 Y184.283 E1126.41979
G1 X72.383 Y183.453 E1126.45836
G1 X73.226 Y182.671 E1126.49661
G1 X74.109 Y181.93 E1126.53494
G1 X75.029 Y181.235 E1126.57329
G1 X75.979 Y180.588 E1126.61152
G1 X76.965 Y179.985 E1126.64996
G1 X77.975 Y179.437 E1126.68818
G1 X79.015 Y178.938 E1126.72655
G1 X80.075 Y178.492 E1126.7648
G1 X81.15 Y178.101 E1126.80284
G1 X82.259 Y177.758 E1126.84145
G1 X83.389 Y177.471 E1126.88023
G1 X84.504 Y177.248 E1126.91805
G1 X85.644 Y177.077 E1126.95639
G1 X86.789 Y176.963 E1126.99466
G1 X87.926 Y176.907 E1127.03253
G1 X89.093 Y176.907 E1127.07134
G1 X90.243 Y176.965 E1127.10964
G1 X91.39 Y177.081 E1127.14798
G1 X92.527 Y177.253 E1127.18623
G1 X93.644 Y177.479 E1127.22413
G1 X94.772 Y177.766 E1127.26285
G1 X95.858 Y178.104 E1127.30068
G1 X96.954 Y178.502 E1127.33946
G1 X98.016 Y178.95 E1127.37779
G1 X99.053 Y179.451 E1127.4161
G1 X100.065 Y180.003 E1127.45444
G1 X101.047 Y180.603 E1127.49272
G1 X101.999 Y181.253 E1127.53106
G1 X102.916 Y181.95 E1127.56937
G1 X103.796 Y182.689 E1127.60759
G1 X104.641 Y183.473 E1127.64592
G1 X105.445 Y184.299 E1127.68426
G1 X106.208 Y185.163 E1127.7226
G1 X106.925 Y186.065 E1127.76093
G1 X107.595 Y186.999 E1127.79916
G1 X108.221 Y187.967 E1127.8375
G1 X108.795 Y188.965 E1127.87579
G1 X109.32 Y189.991 E1127.91412
G1 X109.793 Y191.04 E1127.9524
G1 X110.219 Y192.127 E1127.99123
G1 X110.581 Y193.206 E1128.02908
G1 X110.891 Y194.315 E1128.06738
G1 X111.151 Y195.451 E1128.10614
G1 X111.346 Y196.573 E1128.14402
G1 X111.488 Y197.715 E1128.18229
G1 X111.573 Y198.864 E1128.22061
G1 X111.601 Y200.014 E1128.25887
G1 X111.572 Y201.167 E1128.29724
G1 X111.485 Y202.314 E1128.33549
G1 X111.341 Y203.458 E1128.37384
G1 X111.143 Y204.578 E1128.41167
G1 X110.884 Y205.715 E1128.45046
G1 X110.57 Y206.825 E1128.48883
G1 X110.207 Y207.9 E1128.52656
G1 X109.781 Y208.988 E1128.56543
G1 X109.308 Y210.036 E1128.60367
G1 X108.789 Y211.049 E1128.64153
G1 X108.22 Y212.033 E1128.67933
G1 X107.579 Y213.024 E1128.71859
G1 X106.907 Y213.962 E1128.75696
G1 X106.187 Y214.859 E1128.79522
G1 X105.429 Y215.717 E1128.8333
G1 X104.619 Y216.547 E1128.87187
G1 X103.776 Y217.329 E1128.91012
G1 X102.894 Y218.07 E1128.94843
G1 X101.973 Y218.765 E1128.98681
G1 X101.023 Y219.412 E1129.02504
G1 X100.037 Y220.015 E1129.06348
G1 X99.027 Y220.563 E1129.1017
G1 X97.987 Y221.062 E1129.14006
G1 X96.927 Y221.508 E1129.17831
G1 X95.852 Y221.899 E1129.21636
G1 X94.743 Y222.242 E1129.25497
G1 X93.613 Y222.529 E1129.29374
G1 X92.498 Y222.752 E1129.33156
G1 X91.358 Y222.923 E1129.3699
G1 X90.213 Y223.037 E1129.40818
G1 X89.076 Y223.093 E1129.44604
G1 X87.909 Y223.093 E1129.48485
G1 X86.76 Y223.035 E1129.52312
G1 X85.612 Y222.919 E1129.56149
G1 X84.475 Y222.747 E1129.59974
G1 X83.358 Y222.521 E1129.63765
G1 X82.23 Y222.234 E1129.67636
G1 X81.13 Y221.892 E1129.71467
G1 X80.048 Y221.498 E1129.75297
G1 X78.986 Y221.05 E1129.79131
G1 X77.949 Y220.549 E1129.82961
G1 X76.937 Y219.997 E1129.86795
G1 X75.955 Y219.397 E1129.90623
G1 X75.002 Y218.747 E1129.9446
G1 X74.086 Y218.049 E1129.9829
G1 X73.205 Y217.31 E1130.02115
G1 X72.36 Y216.526 E1130.05949
G1 X71.557 Y215.701 E1130.09778
G1 X70.793 Y214.836 E1130.13616
G1 X70.077 Y213.935 E1130.17444
G1 X69.407 Y213.001 E1130.21267
G1 X68.78 Y212.032 E1130.25106
G1 X68.205 Y211.034 E1130.28937
G1 X67.688 Y210.023 E1130.32713
G1 X67.22 Y208.986 E1130.36498
G1 X66.788 Y207.887 E1130.40425
G1 X66.422 Y206.794 E1130.44259
G1 X66.111 Y205.684 E1130.48093
G1 X65.851 Y204.549 E1130.51966
G1 X65.656 Y203.426 E1130.55757
G1 X65.514 Y202.284 E1130.59584
G1 X65.429 Y201.135 E1130.63416
G1 X65.401 Y200.016 E1130.67139
M204 S3000
M205 X10 Y10
G0 F6000 X65.291 Y200.018
G0 X40.211 Y200
G0 X40.102 Y200
M204 S1800
M205 X8 Y8
G1 F3000 X40.153 Y202.095 E1130.74109
G1 X40.185 Y202.726 E1130.76211
G1 X40.343 Y204.817 E1130.83185
G1 X40.642 Y207.212 E1130.91213
G1 X41.006 Y209.278 E1130.9819
G1 X41.132 Y209.892 E1131.00275
G1 X41.457 Y211.32 E1131.05146
G1 X41.599 Y211.941 E1131.07265
G1 X42.249 Y214.252 E1131.15249
G1 X43.02 Y216.553 E1131.23321
G1 X43.789 Y218.51 E1131.30314
G1 X44.03 Y219.081 E1131.32376
G1 X44.627 Y220.407 E1131.37212
G1 X44.895 Y220.999 E1131.39374
G1 X45.995 Y223.146 E1131.47397
G1 X47.202 Y225.235 E1131.55422
G1 X48.511 Y227.262 E1131.63447
G1 X49.921 Y229.222 E1131.71478
G1 X51.424 Y231.109 E1131.79501
G1 X53.022 Y232.918 E1131.8753
G1 X54.709 Y234.647 E1131.95564
G1 X56.476 Y236.289 E1132.03587
G1 X58.323 Y237.839 E1132.11607
G1 X60.248 Y239.297 E1132.19638
G1 X62.24 Y240.654 E1132.27655
G1 X64.301 Y241.914 E1132.35689
G1 X66.421 Y243.069 E1132.43719
G1 X68.594 Y244.116 E1132.51742
G1 X70.833 Y245.061 E1132.59825
G1 X72.501 Y245.665 E1132.65725
G1 X73.085 Y245.877 E1132.67792
G1 X75.393 Y246.59 E1132.75826
G1 X77.731 Y247.184 E1132.83849
G1 X80.097 Y247.664 E1132.91879
G1 X82.482 Y248.024 E1132.99901
G1 X84.884 Y248.264 E1133.0793
G1 X86.978 Y248.368 E1133.14903
G1 X87.61 Y248.385 E1133.17006
G1 X89.707 Y248.385 E1133.23981
G1 X92.118 Y248.264 E1133.3201
G1 X94.518 Y248.024 E1133.40032
G1 X96.905 Y247.664 E1133.48061
G1 X99.27 Y247.184 E1133.56088
G1 X101.609 Y246.59 E1133.64114
G1 X103.902 Y245.883 E1133.72095
G1 X106.183 Y245.054 E1133.80167
G1 X108.117 Y244.239 E1133.87147
G1 X108.686 Y243.982 E1133.89224
G1 X110.581 Y243.069 E1133.9622
G1 X112.126 Y242.228 E1134.02071
G1 X112.701 Y241.914 E1134.0425
G1 X114.76 Y240.656 E1134.12275
G1 X116.755 Y239.297 E1134.20304
G1 X118.677 Y237.841 E1134.28324
G1 X120.525 Y236.289 E1134.3635
G1 X122.294 Y234.647 E1134.44378
G1 X123.981 Y232.918 E1134.52412
G1 X125.576 Y231.111 E1134.60429
G1 X127.082 Y229.222 E1134.68464
G1 X128.491 Y227.264 E1134.76487
G1 X129.8 Y225.236 E1134.84516
G1 X131.005 Y223.147 E1134.92537
G1 X132.108 Y220.999 E1135.00568
G1 X133.099 Y218.8 E1135.0859
G1 X133.987 Y216.539 E1135.16669
G1 X134.749 Y214.266 E1135.24643
G1 X135.403 Y211.941 E1135.32676
G1 X135.941 Y209.589 E1135.40701
G1 X136.36 Y207.212 E1135.48729
G1 X136.66 Y204.819 E1135.5675
G1 X136.84 Y202.411 E1135.64782
G1 X136.9 Y200 E1135.72803
G1 X136.849 Y197.9 E1135.7979
G1 X136.817 Y197.274 E1135.81875
G1 X136.66 Y195.181 E1135.88855
G1 X136.36 Y192.786 E1135.96883
G1 X135.997 Y190.724 E1136.03847
G1 X135.871 Y190.101 E1136.05961
G1 X135.403 Y188.057 E1136.12936
G1 X134.751 Y185.736 E1136.20954
G1 X133.983 Y183.447 E1136.28984
G1 X133.1 Y181.202 E1136.37008
G1 X132.108 Y179.003 E1136.45032
G1 X131.148 Y177.131 E1136.52029
G1 X130.851 Y176.586 E1136.54093
G1 X129.803 Y174.77 E1136.61067
G1 X128.49 Y172.735 E1136.69122
G1 X127.082 Y170.776 E1136.77146
G1 X125.578 Y168.889 E1136.85172
G1 X123.981 Y167.08 E1136.93198
G1 X122.296 Y165.353 E1137.01223
G1 X120.524 Y163.709 E1137.09262
G1 X118.677 Y162.161 E1137.17278
G1 X116.753 Y160.703 E1137.25307
G1 X114.76 Y159.344 E1137.3333
G1 X112.701 Y158.086 E1137.41355
G1 X110.581 Y156.931 E1137.49385
G1 X108.406 Y155.884 E1137.57414
G1 X106.183 Y154.946 E1137.65439
G1 X103.902 Y154.116 E1137.73512
G1 X101.609 Y153.41 E1137.81492
G1 X99.27 Y152.816 E1137.89518
G1 X96.905 Y152.336 E1137.97545
G1 X94.518 Y151.976 E1138.05574
G1 X92.118 Y151.736 E1138.13596
G1 X89.707 Y151.616 E1138.21625
G1 X87.296 Y151.615 E1138.29644
G1 X84.886 Y151.736 E1138.3767
G1 X82.484 Y151.976 E1138.45699
G1 X80.099 Y152.336 E1138.53721
G1 X77.733 Y152.816 E1138.61751
G1 X75.407 Y153.406 E1138.69732
G1 X73.088 Y154.12 E1138.77802
G1 X70.821 Y154.946 E1138.85827
G1 X68.596 Y155.884 E1138.93858
G1 X66.421 Y156.931 E1139.01887
G1 X64.303 Y158.084 E1139.09908
G1 X62.244 Y159.344 E1139.17936
G1 X60.25 Y160.703 E1139.25962
G1 X58.329 Y162.158 E1139.33977
G1 X56.476 Y163.712 E1139.42021
G1 X54.707 Y165.353 E1139.50046
G1 X53.022 Y167.08 E1139.58072
G1 X51.424 Y168.889 E1139.661
G1 X49.921 Y170.776 E1139.74123
G1 X48.508 Y172.74 E1139.82171
G1 X47.204 Y174.764 E1139.90179
G1 X45.997 Y176.855 E1139.98209
G1 X44.895 Y179.001 E1140.06232
G1 X43.902 Y181.202 E1140.14264
G1 X43.019 Y183.447 E1140.22287
G1 X42.251 Y185.736 E1140.30318
G1 X41.599 Y188.057 E1140.38336
G1 X41.062 Y190.411 E1140.46367
G1 X40.642 Y192.786 E1140.54389
G1 X40.343 Y195.181 E1140.62416
G1 X40.162 Y197.587 E1140.70441
G1 X40.102 Y200 E1140.78469
M204 S3000
M205 X10 Y10
G0 F6000 X40.502 Y200
M204 S1800
M205 X8 Y8
G1 F3000 X40.553 Y202.085 E1140.85406
G1 X40.584 Y202.696 E1140.87441
G1 X40.741 Y204.777 E1140.94382
G1 X40.999 Y206.845 E1141.01314
G1 X41.091 Y207.457 E1141.03372
G1 X41.454 Y209.508 E1141.103
G1 X41.987 Y211.843 E1141.18266
G1 X42.55 Y213.846 E1141.25186
G1 X42.726 Y214.417 E1141.27173
G1 X43.396 Y216.417 E1141.34189
G1 X44.271 Y218.643 E1141.42144
G1 X45.256 Y220.826 E1141.50109
G1 X46.346 Y222.954 E1141.58061
G1 X47.219 Y224.466 E1141.63868
G1 X47.543 Y225.027 E1141.66023
G1 X48.842 Y227.037 E1141.73983
G1 X50.24 Y228.981 E1141.81947
G1 X51.319 Y230.334 E1141.87703
G1 X51.731 Y230.851 E1141.89902
G1 X53.114 Y232.419 E1141.96856
G1 X53.527 Y232.862 E1141.9887
G1 X54.988 Y234.361 E1142.05832
G1 X56.741 Y235.989 E1142.13789
G1 X58.572 Y237.526 E1142.2174
G1 X60.481 Y238.972 E1142.29706
G1 X62.457 Y240.318 E1142.37658
G1 X64.501 Y241.567 E1142.45625
G1 X66.604 Y242.713 E1142.53591
G1 X68.759 Y243.752 E1142.61548
G1 X70.979 Y244.688 E1142.69561
G1 X73.213 Y245.498 E1142.77464
G1 X75.501 Y246.205 E1142.85429
G1 X77.226 Y246.642 E1142.91348
G1 X77.82 Y246.794 E1142.93387
G1 X79.863 Y247.209 E1143.00321
G1 X80.473 Y247.316 E1143.02381
G1 X82.532 Y247.627 E1143.09307
G1 X84.914 Y247.865 E1143.17269
G1 X87.304 Y247.985 E1143.25228
G1 X89.697 Y247.985 E1143.33187
G1 X92.088 Y247.865 E1143.4115
G1 X94.468 Y247.627 E1143.49105
G1 X96.527 Y247.318 E1143.5603
G1 X97.14 Y247.209 E1143.58101
G1 X99.181 Y246.794 E1143.65028
G1 X101.501 Y246.204 E1143.7299
G1 X103.774 Y245.503 E1143.80902
G1 X105.745 Y244.788 E1143.87875
G1 X106.323 Y244.561 E1143.89941
G1 X108.241 Y243.752 E1143.96864
G1 X110.398 Y242.713 E1144.04827
G1 X111.935 Y241.876 E1144.10648
G1 X112.501 Y241.567 E1144.12793
G1 X114.543 Y240.32 E1144.20751
G1 X116.522 Y238.972 E1144.28715
G1 X118.428 Y237.529 E1144.36666
G1 X120.26 Y235.989 E1144.44626
G1 X122.015 Y234.36 E1144.52591
G1 X123.687 Y232.646 E1144.60555
G1 X125.269 Y230.853 E1144.68508
G1 X126.763 Y228.98 E1144.76476
G1 X128.16 Y227.039 E1144.8443
G1 X129.459 Y225.027 E1144.92396
G1 X130.654 Y222.956 E1145.00348
G1 X131.747 Y220.825 E1145.08314
G1 X132.731 Y218.645 E1145.16269
G1 X133.611 Y216.403 E1145.2428
G1 X134.366 Y214.148 E1145.32189
G1 X135.015 Y211.842 E1145.40157
G1 X135.549 Y209.51 E1145.48114
G1 X135.964 Y207.152 E1145.56077
G1 X136.262 Y204.779 E1145.64032
G1 X136.44 Y202.391 E1145.71997
G1 X136.5 Y200 E1145.79952
G1 X136.449 Y197.91 E1145.86905
G1 X136.418 Y197.304 E1145.88923
G1 X136.262 Y195.221 E1145.95871
G1 X135.964 Y192.846 E1146.03832
G1 X135.603 Y190.793 E1146.10765
G1 X135.481 Y190.19 E1146.12811
G1 X135.015 Y188.155 E1146.19755
G1 X134.369 Y185.854 E1146.27704
G1 X133.607 Y183.584 E1146.35668
G1 X132.731 Y181.357 E1146.43627
G1 X131.747 Y179.177 E1146.51582
G1 X130.654 Y177.046 E1146.59548
G1 X129.462 Y174.979 E1146.67484
G1 X128.16 Y172.961 E1146.75472
G1 X126.763 Y171.017 E1146.83434
G1 X125.271 Y169.147 E1146.91391
G1 X123.687 Y167.352 E1146.99353
G1 X122.017 Y165.64 E1147.07308
G1 X120.26 Y164.009 E1147.15281
G1 X118.428 Y162.474 E1147.23231
G1 X116.519 Y161.028 E1147.31196
G1 X114.543 Y159.68 E1147.39152
G1 X112.501 Y158.433 E1147.4711
G1 X110.398 Y157.287 E1147.55075
G1 X108.241 Y156.248 E1147.63039
G1 X106.037 Y155.319 E1147.70994
G1 X103.774 Y154.495 E1147.79004
G1 X101.501 Y153.796 E1147.86913
G1 X99.181 Y153.206 E1147.94875
G1 X96.835 Y152.73 E1148.02837
G1 X94.468 Y152.373 E1148.10799
G1 X92.088 Y152.135 E1148.18754
G1 X89.697 Y152.016 E1148.26717
G1 X87.306 Y152.015 E1148.34669
G1 X84.916 Y152.135 E1148.42628
G1 X82.534 Y152.373 E1148.5059
G1 X80.795 Y152.634 E1148.56439
G1 X80.169 Y152.73 E1148.58545
G1 X77.822 Y153.206 E1148.66511
G1 X75.515 Y153.792 E1148.74427
G1 X73.215 Y154.5 E1148.82431
G1 X70.967 Y155.319 E1148.90389
G1 X68.761 Y156.248 E1148.9835
G1 X66.604 Y157.287 E1149.06313
G1 X64.503 Y158.431 E1149.1427
G1 X62.461 Y159.68 E1149.22232
G1 X60.483 Y161.028 E1149.30193
G1 X58.578 Y162.471 E1149.38141
G1 X56.74 Y164.012 E1149.46119
G1 X54.986 Y165.64 E1149.54078
G1 X53.316 Y167.352 E1149.62033
G1 X51.731 Y169.146 E1149.69995
G1 X50.24 Y171.017 E1149.77952
G1 X48.838 Y172.966 E1149.85938
G1 X47.545 Y174.973 E1149.93878
G1 X46.348 Y177.046 E1150.0184
G1 X45.256 Y179.175 E1150.09798
G1 X44.271 Y181.357 E1150.17761
G1 X43.395 Y183.584 E1150.2572
G1 X42.633 Y185.854 E1150.33684
G1 X41.987 Y188.155 E1150.41633
G1 X41.454 Y190.49 E1150.49599
G1 X41.038 Y192.846 E1150.57557
G1 X40.741 Y195.221 E1150.65518
G1 X40.562 Y197.607 E1150.73476
G1 X40.502 Y200 E1150.81437
M204 S3000
M205 X10 Y10
G0 F6000 X65.001 Y200.026
M204 S1800
M205 X8 Y8
G1 F3000 X65.029 Y198.853 E1150.8534
G1 X65.031 Y198.803 E1150.85506
G1 X65.12 Y197.637 E1150.89396
G1 X65.263 Y196.497 E1150.93217
G1 X65.469 Y195.333 E1150.97149
G1 X65.726 Y194.201 E1151.0101
G1 X66.053 Y193.048 E1151.04996
G1 X66.422 Y191.955 E1151.08833
G1 X66.856 Y190.847 E1151.12791
G1 X67.338 Y189.782 E1151.16679
G1 X67.861 Y188.76 E1151.20497
G1 X68.448 Y187.746 E1151.24394
G1 X69.098 Y186.743 E1151.28369
G1 X69.782 Y185.79 E1151.32271
G1 X70.515 Y184.876 E1151.36168
G1 X71.27 Y184.021 E1151.39961
G1 X72.093 Y183.177 E1151.43882
G1 X72.969 Y182.365 E1151.47855
G1 X73.868 Y181.611 E1151.51758
G1 X74.804 Y180.904 E1151.55659
G1 X75.75 Y180.259 E1151.59467
G1 X76.774 Y179.634 E1151.63457
G1 X77.802 Y179.076 E1151.67348
G1 X78.837 Y178.579 E1151.71166
G1 X79.915 Y178.124 E1151.75058
G1 X81.032 Y177.719 E1151.7901
G1 X82.16 Y177.37 E1151.82937
G1 X83.308 Y177.079 E1151.86876
G1 X84.444 Y176.853 E1151.90729
G1 X85.604 Y176.679 E1151.9463
G1 X86.745 Y176.565 E1151.98444
G1 X87.941 Y176.507 E1152.02426
G1 X89.113 Y176.508 E1152.06324
G1 X90.283 Y176.567 E1152.10221
G1 X91.425 Y176.682 E1152.14038
G1 X92.606 Y176.861 E1152.18011
G1 X93.743 Y177.091 E1152.21869
G1 X94.891 Y177.384 E1152.2581
G1 X95.985 Y177.724 E1152.2962
G1 X97.109 Y178.134 E1152.336
G1 X98.167 Y178.579 E1152.37417
G1 X99.245 Y179.099 E1152.41398
G1 X100.274 Y179.661 E1152.45298
G1 X101.252 Y180.259 E1152.49111
G1 X102.241 Y180.934 E1152.53093
G1 X103.173 Y181.643 E1152.56988
G1 X104.05 Y182.38 E1152.60798
G1 X104.928 Y183.193 E1152.64778
G1 X105.745 Y184.034 E1152.68678
G1 X106.505 Y184.894 E1152.72495
G1 X107.25 Y185.831 E1152.76477
G1 X107.931 Y186.782 E1152.80367
G1 X108.568 Y187.767 E1152.84268
G1 X109.14 Y188.76 E1152.8808
G1 X109.685 Y189.826 E1152.92062
G1 X110.165 Y190.893 E1152.95953
G1 X110.598 Y192 E1152.99907
G1 X110.967 Y193.098 E1153.0376
G1 X111.281 Y194.225 E1153.07651
G1 X111.545 Y195.382 E1153.11598
G1 X111.743 Y196.523 E1153.1545
G1 X111.887 Y197.685 E1153.19344
G1 X111.972 Y198.828 E1153.23156
G1 X112.002 Y200 E1153.27055
G1 X111.971 Y201.197 E1153.31038
G1 X111.882 Y202.363 E1153.34927
G1 X111.739 Y203.503 E1153.38749
G1 X111.533 Y204.667 E1153.4268
G1 X111.276 Y205.799 E1153.46541
G1 X110.95 Y206.951 E1153.50523
G1 X110.58 Y208.045 E1153.54364
G1 X110.146 Y209.153 E1153.58322
G1 X109.664 Y210.218 E1153.6221
G1 X109.128 Y211.264 E1153.6612
G1 X108.541 Y212.275 E1153.70008
G1 X107.905 Y213.257 E1153.73899
G1 X107.236 Y214.19 E1153.77718
G1 X106.487 Y215.124 E1153.817
G1 X105.732 Y215.979 E1153.85493
G1 X104.891 Y216.841 E1153.89499
G1 X104.051 Y217.62 E1153.93309
G1 X103.135 Y218.389 E1153.97287
G1 X102.198 Y219.096 E1154.01191
G1 X101.252 Y219.74 E1154.04998
G1 X100.229 Y220.366 E1154.08987
G1 X99.2 Y220.924 E1154.1288
G1 X98.165 Y221.421 E1154.16699
G1 X97.087 Y221.875 E1154.20589
G1 X95.991 Y222.274 E1154.24468
G1 X94.842 Y222.63 E1154.28469
G1 X93.695 Y222.921 E1154.32405
G1 X92.557 Y223.147 E1154.36264
G1 X91.398 Y223.321 E1154.40162
G1 X90.258 Y223.435 E1154.43973
G1 X89.061 Y223.493 E1154.47958
G1 X87.889 Y223.492 E1154.51857
G1 X86.72 Y223.433 E1154.5575
G1 X85.577 Y223.318 E1154.5957
G1 X84.396 Y223.139 E1154.63543
G1 X83.259 Y222.909 E1154.67402
G1 X82.136 Y222.623 E1154.71256
G1 X81.038 Y222.283 E1154.75079
G1 X79.916 Y221.876 E1154.79049
G1 X78.813 Y221.41 E1154.83031
G1 X77.757 Y220.901 E1154.8693
G1 X76.728 Y220.339 E1154.9083
G1 X75.75 Y219.74 E1154.94644
G1 X74.762 Y219.067 E1154.9862
G1 X73.829 Y218.356 E1155.02522
G1 X72.951 Y217.62 E1155.06332
G1 X72.073 Y216.805 E1155.10317
G1 X71.257 Y215.966 E1155.1421
G1 X70.48 Y215.086 E1155.18114
G1 X69.752 Y214.168 E1155.22011
G1 X69.071 Y213.219 E1155.25896
G1 X68.433 Y212.232 E1155.29805
G1 X67.849 Y211.216 E1155.33703
G1 X67.317 Y210.174 E1155.37594
G1 X66.837 Y209.106 E1155.41488
G1 X66.403 Y207.999 E1155.45443
G1 X66.044 Y206.926 E1155.49206
G1 X65.721 Y205.774 E1155.53186
G1 X65.457 Y204.618 E1155.57129
G1 X65.259 Y203.476 E1155.60984
G1 X65.115 Y202.314 E1155.64879
G1 X65.03 Y201.17 E1155.68694
G1 X65.001 Y200.026 E1155.725
M204 S3000
M205 X10 Y10
G0 F6000 X64.621 Y200.038
M204 S1800
M205 X8 Y8
;TYPE:SKIN
G1 F1200 X64.649 Y198.835 E1155.76503
G1 X64.737 Y197.647 E1155.80465
G1 X64.883 Y196.467 E1155.8442
G1 X65.087 Y195.304 E1155.88347
G1 X65.351 Y194.131 E1155.92346
G1 X65.677 Y192.983 E1155.96315
G1 X66.044 Y191.885 E1156.00166
G1 X66.487 Y190.747 E1156.04227
G1 X66.974 Y189.66 E1156.08189
G1 X67.514 Y188.6 E1156.12146
G1 X68.112 Y187.567 E1156.16115
G1 X68.756 Y186.568 E1156.20069
G1 X69.467 Y185.575 E1156.24131
G1 X70.194 Y184.667 E1156.28
G1 X70.972 Y183.781 E1156.31921
G1 X71.809 Y182.921 E1156.35913
G1 X72.68 Y182.113 E1156.39864
G1 X73.59 Y181.348 E1156.43818
G1 X74.541 Y180.626 E1156.4779
G1 X75.522 Y179.954 E1156.51745
G1 X76.539 Y179.33 E1156.55713
G1 X77.584 Y178.76 E1156.59672
G1 X78.66 Y178.242 E1156.63644
G1 X79.753 Y177.781 E1156.6759
G1 X80.864 Y177.376 E1156.71523
G1 X82.007 Y177.018 E1156.75506
G1 X83.18 Y176.717 E1156.79534
G1 X84.331 Y176.487 E1156.83438
G1 X85.508 Y176.309 E1156.87397
G1 X86.69 Y176.188 E1156.91349
G1 X87.881 Y176.128 E1156.95316
G1 X89.103 Y176.127 E1156.9938
G1 X90.262 Y176.184 E1157.03239
G1 X91.448 Y176.302 E1157.07204
G1 X92.623 Y176.478 E1157.11155
G1 X93.768 Y176.707 E1157.15039
G1 X94.943 Y177.003 E1157.19069
G1 X96.085 Y177.357 E1157.23046
G1 X97.203 Y177.763 E1157.27002
G1 X98.304 Y178.223 E1157.3097
G1 X99.374 Y178.738 E1157.3492
G1 X100.423 Y179.308 E1157.38891
G1 X101.439 Y179.928 E1157.4285
G1 X102.426 Y180.599 E1157.46819
G1 X103.373 Y181.317 E1157.50772
G1 X104.283 Y182.078 E1157.54717
G1 X105.158 Y182.886 E1157.58679
G1 X105.99 Y183.74 E1157.62644
G1 X106.776 Y184.628 E1157.66589
G1 X107.523 Y185.562 E1157.70566
G1 X108.218 Y186.53 E1157.7453
G1 X108.864 Y187.524 E1157.78473
G1 X109.461 Y188.556 E1157.82438
G1 X110.006 Y189.615 E1157.86399
G1 X110.497 Y190.699 E1157.90357
G1 X110.938 Y191.823 E1157.94373
G1 X111.315 Y192.934 E1157.98276
G1 X111.639 Y194.085 E1158.02253
G1 X111.909 Y195.257 E1158.06253
G1 X112.111 Y196.417 E1158.10169
G1 X112.26 Y197.598 E1158.14128
G1 X112.35 Y198.784 E1158.18084
G1 X112.381 Y199.976 E1158.2205
G1 X112.353 Y201.166 E1158.26009
G1 X112.265 Y202.353 E1158.29968
G1 X112.118 Y203.536 E1158.33933
G1 X111.915 Y204.696 E1158.3785
G1 X111.65 Y205.866 E1158.4184
G1 X111.327 Y207.018 E1158.45819
G1 X110.953 Y208.131 E1158.49724
G1 X110.516 Y209.253 E1158.53729
G1 X110.028 Y210.339 E1158.57689
G1 X109.489 Y211.397 E1158.61638
G1 X108.892 Y212.432 E1158.65612
G1 X108.246 Y213.433 E1158.69575
G1 X107.554 Y214.402 E1158.73535
G1 X106.808 Y215.331 E1158.77498
G1 X106.024 Y216.224 E1158.8145
G1 X105.193 Y217.078 E1158.85414
G1 X104.322 Y217.887 E1158.89367
G1 X103.414 Y218.654 E1158.93321
G1 X102.46 Y219.376 E1158.973
G1 X101.479 Y220.047 E1159.01253
G1 X100.463 Y220.669 E1159.05215
G1 X99.418 Y221.24 E1159.09176
G1 X98.348 Y221.755 E1159.13125
G1 X97.25 Y222.219 E1159.1709
G1 X96.137 Y222.625 E1159.21031
G1 X94.995 Y222.981 E1159.25009
G1 X93.826 Y223.283 E1159.29025
G1 X92.67 Y223.513 E1159.32945
G1 X91.494 Y223.691 E1159.36901
G1 X90.313 Y223.812 E1159.4085
G1 X89.121 Y223.872 E1159.44819
G1 X87.899 Y223.873 E1159.48884
G1 X86.741 Y223.816 E1159.5274
G1 X85.554 Y223.698 E1159.56707
G1 X84.379 Y223.522 E1159.60659
G1 X83.219 Y223.29 E1159.64594
G1 X82.058 Y222.996 E1159.68577
G1 X80.917 Y222.643 E1159.72549
G1 X79.801 Y222.237 E1159.76499
G1 X78.706 Y221.782 E1159.80443
G1 X77.628 Y221.263 E1159.84423
G1 X76.579 Y220.692 E1159.88395
G1 X75.565 Y220.072 E1159.92348
G1 X74.58 Y219.405 E1159.96305
G1 X73.628 Y218.682 E1160.00281
G1 X72.715 Y217.917 E1160.04242
G1 X71.845 Y217.116 E1160.08176
G1 X71.012 Y216.26 E1160.12148
G1 X70.225 Y215.37 E1160.161
G1 X69.477 Y214.434 E1160.20085
G1 X68.785 Y213.473 E1160.24023
G1 X68.136 Y212.476 E1160.2798
G1 X67.54 Y211.443 E1160.31947
G1 X66.995 Y210.382 E1160.35914
G1 X66.505 Y209.299 E1160.39868
G1 X66.064 Y208.178 E1160.43874
G1 X65.687 Y207.061 E1160.47795
G1 X65.363 Y205.913 E1160.51763
G1 X65.09 Y204.73 E1160.55801
G1 X64.89 Y203.58 E1160.59683
G1 X64.742 Y202.401 E1160.63635
G1 X64.652 Y201.214 E1160.67595
G1 X64.621 Y200.038 E1160.71507
M204 S3000
M205 X10 Y10
G0 F6000 X40.883 Y200.001
M204 S1800
M205 X8 Y8
G1 F1200 X40.941 Y202.371 E1160.79392
G1 X41.12 Y204.737 E1160.87284
G1 X41.413 Y207.095 E1160.95187
G1 X41.774 Y209.137 E1161.02084
G1 X41.892 Y209.718 E1161.04056
G1 X42.357 Y211.747 E1161.1098
G1 X42.993 Y214.008 E1161.18792
G1 X43.753 Y216.285 E1161.26776
G1 X44.623 Y218.494 E1161.34672
G1 X45.599 Y220.659 E1161.42571
G1 X46.68 Y222.77 E1161.50459
G1 X47.867 Y224.826 E1161.58355
G1 X49.156 Y226.82 E1161.66252
G1 X50.543 Y228.75 E1161.74157
G1 X52.024 Y230.607 E1161.82057
G1 X53.595 Y232.386 E1161.89951
G1 X55.254 Y234.087 E1161.97854
G1 X56.992 Y235.703 E1162.05747
G1 X58.809 Y237.228 E1162.13637
G1 X60.703 Y238.663 E1162.2154
G1 X62.665 Y239.998 E1162.29433
G1 X64.691 Y241.237 E1162.37332
G1 X66.778 Y242.374 E1162.45237
G1 X68.917 Y243.404 E1162.53133
G1 X71.119 Y244.334 E1162.61083
G1 X73.348 Y245.143 E1162.6897
G1 X75.606 Y245.837 E1162.76827
G1 X77.906 Y246.422 E1162.8472
G1 X80.233 Y246.895 E1162.92618
G1 X82.581 Y247.249 E1163.00516
G1 X84.653 Y247.455 E1163.07442
G1 X85.235 Y247.499 E1163.09383
G1 X87.316 Y247.604 E1163.16313
G1 X89.686 Y247.605 E1163.24196
G1 X92.058 Y247.485 E1163.32095
G1 X94.42 Y247.249 E1163.3999
G1 X96.466 Y246.942 E1163.46872
G1 X97.066 Y246.836 E1163.48898
G1 X99.095 Y246.421 E1163.55786
G1 X101.096 Y245.915 E1163.62651
G1 X101.668 Y245.754 E1163.64627
G1 X103.653 Y245.143 E1163.71535
G1 X105.614 Y244.431 E1163.78474
G1 X106.173 Y244.211 E1163.80472
G1 X108.084 Y243.404 E1163.87372
G1 X110.225 Y242.374 E1163.95274
G1 X112.055 Y241.377 E1164.02205
G1 X112.557 Y241.087 E1164.04133
G1 X114.336 Y240 E1164.11068
G1 X116.3 Y238.663 E1164.1897
G1 X118.19 Y237.231 E1164.26857
G1 X120.008 Y235.704 E1164.34753
G1 X121.749 Y234.086 E1164.42658
G1 X123.409 Y232.386 E1164.50561
G1 X124.976 Y230.609 E1164.58441
G1 X126.46 Y228.749 E1164.66355
G1 X127.846 Y226.824 E1164.74245
G1 X129.135 Y224.827 E1164.8215
G1 X130.319 Y222.774 E1164.90033
G1 X131.404 Y220.661 E1164.97933
G1 X132.38 Y218.496 E1165.05832
G1 X133.259 Y216.257 E1165.13832
G1 X134.001 Y214.035 E1165.21624
G1 X134.645 Y211.747 E1165.29529
G1 X135.176 Y209.434 E1165.37422
G1 X135.588 Y207.096 E1165.45318
G1 X135.883 Y204.74 E1165.53216
G1 X136.061 Y202.373 E1165.61111
G1 X136.119 Y200 E1165.69006
G1 X136.105 Y199.361 E1165.71131
G1 X136.061 Y197.626 E1165.76904
G1 X135.883 Y195.259 E1165.84799
G1 X135.589 Y192.903 E1165.92696
G1 X135.176 Y190.566 E1166.00589
G1 X134.709 Y188.525 E1166.07553
G1 X134.569 Y187.977 E1166.09434
G1 X134.004 Y185.966 E1166.16382
G1 X133.251 Y183.715 E1166.24276
G1 X132.38 Y181.505 E1166.32177
G1 X131.404 Y179.341 E1166.40073
G1 X130.318 Y177.227 E1166.47977
G1 X129.138 Y175.178 E1166.55842
G1 X127.844 Y173.176 E1166.6377
G1 X126.46 Y171.248 E1166.71664
G1 X124.978 Y169.391 E1166.79566
G1 X123.409 Y167.612 E1166.87456
G1 X121.75 Y165.912 E1166.95356
G1 X120.008 Y164.294 E1167.03264
G1 X118.19 Y162.77 E1167.11154
G1 X116.298 Y161.336 E1167.1905
G1 X114.338 Y160.002 E1167.26936
G1 X112.311 Y158.763 E1167.34837
G1 X110.224 Y157.626 E1167.42742
G1 X108.085 Y156.596 E1167.50638
G1 X105.883 Y155.666 E1167.58588
G1 X103.654 Y154.857 E1167.66475
G1 X101.677 Y154.25 E1167.73354
G1 X101.115 Y154.091 E1167.75296
G1 X99.096 Y153.578 E1167.82225
G1 X96.77 Y153.105 E1167.90119
G1 X94.421 Y152.751 E1167.9802
G1 X92.059 Y152.515 E1168.05916
G1 X89.687 Y152.397 E1168.13815
G1 X87.316 Y152.395 E1168.21701
G1 X84.944 Y152.515 E1168.296
G1 X82.582 Y152.751 E1168.37495
G1 X80.535 Y153.058 E1168.4438
G1 X79.936 Y153.165 E1168.46404
G1 X77.92 Y153.576 E1168.53247
G1 X76.152 Y154.022 E1168.59311
G1 X75.617 Y154.158 E1168.61147
G1 X73.335 Y154.86 E1168.69088
G1 X71.107 Y155.673 E1168.76977
G1 X68.918 Y156.596 E1168.84878
G1 X66.777 Y157.626 E1168.9278
G1 X64.96 Y158.615 E1168.99661
G1 X64.439 Y158.916 E1169.01662
G1 X62.67 Y160 E1169.08563
G1 X60.706 Y161.337 E1169.16465
G1 X58.819 Y162.767 E1169.2434
G1 X56.992 Y164.298 E1169.32268
G1 X55.251 Y165.914 E1169.40168
G1 X53.594 Y167.61 E1169.48055
G1 X52.021 Y169.391 E1169.55958
G1 X50.543 Y171.246 E1169.63847
G1 X49.149 Y173.185 E1169.71789
G1 X47.87 Y175.172 E1169.79649
G1 X46.683 Y177.229 E1169.87548
G1 X45.599 Y179.339 E1169.95438
G1 X44.621 Y181.506 E1170.03345
G1 X43.752 Y183.714 E1170.11237
G1 X42.998 Y185.968 E1170.19143
G1 X42.356 Y188.249 E1170.27024
G1 X41.827 Y190.566 E1170.34929
G1 X41.413 Y192.901 E1170.42816
G1 X41.12 Y195.259 E1170.50719
G1 X40.942 Y197.625 E1170.58611
G1 X40.883 Y200.001 E1170.66516
M204 S3000
M205 X10 Y10
G0 F6000 X58.599 Y236.79
M204 S1800
M205 X8 Y8
G1 F1200 X51.748 Y229.939 E1170.98741
G1 X51.678 Y229.869
M204 S3000
M205 X10 Y10
G0 F6000 X49.935 Y227.561
M204 S1800
M205 X8 Y8
G1 F1200 X60.991 Y238.616 E1171.50742
G1 X61.061 Y238.686
M204 S3000
M205 X10 Y10
G0 F6000 X62.76 Y239.82
M204 S1800
M205 X8 Y8
G1 F1200 X48.726 Y225.785 E1172.16756
G1 X48.656 Y225.715
M204 S3000
M205 X10 Y10
G0 F6000 X47.778 Y224.272
M204 S1800
M205 X8 Y8
G1 F1200 X64.219 Y240.713 E1172.9409
G1 X64.289 Y240.783
M204 S3000
M205 X10 Y10
G0 F6000 X65.545 Y241.474
M204 S1800
M205 X8 Y8
G1 F1200 X47.006 Y222.934 E1173.81294
G1 X46.936 Y222.864
M204 S3000
M205 X10 Y10
G0 F6000 X46.377 Y221.739
M204 S1800
M205 X8 Y8
G1 F1200 X66.787 Y242.15 E1174.77299
G1 X66.857 Y242.22
M204 S3000
M205 X10 Y10
G0 F6000 X67.89 Y242.686
M204 S1800
M205 X8 Y8
G1 F1200 X45.783 Y220.579 E1175.81283
G1 X45.713 Y220.509
M204 S3000
M205 X10 Y10
G0 F6000 X45.317 Y219.548
M204 S1800
M205 X8 Y8
G1 F1200 X68.981 Y243.212 E1176.92591
G1 X69.051 Y243.282
M204 S3000
M205 X10 Y10
G0 F6000 X69.963 Y243.628
M204 S1800
M205 X8 Y8
G1 F1200 X44.852 Y218.517 E1178.10706
G1 X44.782 Y218.447
M204 S3000
M205 X10 Y10
G0 F6000 X44.475 Y217.575
M204 S1800
M205 X8 Y8
G1 F1200 X70.941 Y244.041 E1179.35194
G1 X71.011 Y244.111
M204 S3000
M205 X10 Y10
G0 F6000 X71.852 Y244.386
M204 S1800
M205 X8 Y8
G1 F1200 X44.108 Y216.642 E1180.65693
G1 X44.038 Y216.572
M204 S3000
M205 X10 Y10
G0 F6000 X43.786 Y215.755
M204 S1800
M205 X8 Y8
G1 F1200 X72.74 Y244.708 E1182.01881
G1 X72.81 Y244.778
M204 S3000
M205 X10 Y10
G0 F6000 X73.61 Y245.013
M204 S1800
M205 X8 Y8
G1 F1200 X43.503 Y214.906 E1183.43495
G1 X43.433 Y214.836
M204 S3000
M205 X10 Y10
G0 F6000 X43.219 Y214.056
M204 S1800
M205 X8 Y8
G1 F1200 X74.427 Y245.264 E1184.90288
G1 X74.497 Y245.334
M204 S3000
M205 X10 Y10
G0 F6000 X75.243 Y245.514
M204 S1800
M205 X8 Y8
G1 F1200 X42.99 Y213.261 E1186.41997
G1 X42.92 Y213.191
M204 S3000
M205 X10 Y10
G0 F6000 X42.77 Y212.475
M204 S1800
M205 X8 Y8
G1 F1200 X76.031 Y245.737 E1187.98448
M204 S3000
M205 X10 Y10
G0 F6000 X76.791 Y245.931
M204 S1800
M205 X8 Y8
G1 F1200 X42.549 Y211.689 E1189.59512
M204 S3000
M205 X10 Y10
G0 F6000 X42.381 Y210.955
M204 S1800
M205 X8 Y8
G1 F1200 X77.549 Y246.124 E1191.24934
M204 S3000
M205 X10 Y10
G0 F6000 X78.285 Y246.294
M204 S1800
M205 X8 Y8
G1 F1200 X42.212 Y210.221 E1192.94611
M204 S3000
M205 X10 Y10
G0 F6000 X42.045 Y209.488
M204 S1800
M205 X8 Y8
G1 F1200 X78.995 Y246.438 E1194.68412
M204 S3000
M205 X10 Y10
G0 F6000 X79.705 Y246.582
M204 S1800
M205 X8 Y8
G1 F1200 X41.917 Y208.794 E1196.46155
M204 S3000
M205 X10 Y10
G0 F6000 X41.795 Y208.107
M204 S1800
M205 X8 Y8
G1 F1200 X80.405 Y246.717 E1198.27765
M204 S3000
M205 X10 Y10
G0 F6000 X81.071 Y246.817
M204 S1800
M205 X8 Y8
G1 F1200 X41.674 Y207.419 E1200.13079
M204 S3000
M205 X10 Y10
G0 F6000 X41.572 Y206.752
M204 S1800
M205 X8 Y8
G1 F1200 X81.738 Y246.918 E1202.02007
M204 S3000
M205 X10 Y10
G0 F6000 X82.404 Y247.018
M204 S1800
M205 X8 Y8
G1 F1200 X41.491 Y206.106 E1203.94447
M204 S3000
M205 X10 Y10
G0 F6000 X41.411 Y205.459
M204 S1800
M205 X8 Y8
G1 F1200 X83.044 Y247.092 E1205.90276
M204 S3000
M205 X10 Y10
G0 F6000 X83.672 Y247.155
M204 S1800
M205 X8 Y8
G1 F1200 X41.331 Y204.814 E1207.89435
M204 S3000
M205 X10 Y10
G0 F6000 X41.279 Y204.196
M204 S1800
M205 X8 Y8
G1 F1200 X84.301 Y247.218 E1209.91797
M204 S3000
M205 X10 Y10
G0 F6000 X84.929 Y247.28
M204 S1800
M205 X8 Y8
G1 F1200 X41.233 Y203.585 E1211.97327
M204 S3000
M205 X10 Y10
G0 F6000 X41.186 Y202.972
M204 S1800
M205 X8 Y8
G1 F1200 X85.526 Y247.312 E1214.05889
M204 S3000
M205 X10 Y10
G0 F6000 X86.122 Y247.342
M204 S1800
M205 X8 Y8
G1 F1200 X41.14 Y202.361 E1216.17468
M204 S3000
M205 X10 Y10
G0 F6000 X41.126 Y201.781
M204 S1800
M205 X8 Y8
G1 F1200 X86.718 Y247.372 E1218.31917
M204 S3000
M205 X10 Y10
G0 F6000 X87.313 Y247.402
M204 S1800
M205 X8 Y8
G1 F1200 X41.112 Y201.201 E1220.49232
M204 S3000
M205 X10 Y10
G0 F6000 X41.098 Y200.621
M204 S1800
M205 X8 Y8
G1 F1200 X87.879 Y247.403 E1222.69278
M204 S3000
M205 X10 Y10
G0 F6000 X88.445 Y247.403
M204 S1800
M205 X8 Y8
G1 F1200 X41.084 Y200.041 E1224.92052
M204 S3000
M205 X10 Y10
G0 F6000 X41.095 Y199.487
M204 S1800
M205 X8 Y8
G1 F1200 X89.011 Y247.403 E1227.17434
M204 S3000
M205 X10 Y10
G0 F6000 X89.576 Y247.403
M204 S1800
M205 X8 Y8
G1 F1200 X41.109 Y198.935 E1229.4541
M204 S3000
M205 X10 Y10
G0 F6000 X41.123 Y198.383
M204 S1800
M205 X8 Y8
G1 F1200 X90.12 Y247.381 E1231.7588
M204 S3000
M205 X10 Y10
G0 F6000 X90.658 Y247.353
M204 S1800
M205 X8 Y8
G1 F1200 X41.136 Y197.831 E1234.08816
M204 S3000
M205 X10 Y10
G0 F6000 X41.167 Y197.296
M204 S1800
M205 X8 Y8
G1 F1200 X91.197 Y247.326 E1236.44142
M204 S3000
M205 X10 Y10
G0 F6000 X91.735 Y247.299
M204 S1800
M205 X8 Y8
G1 F1200 X41.206 Y196.77 E1238.81815
M204 S3000
M205 X10 Y10
G0 F6000 X41.246 Y196.244
M204 S1800
M205 X8 Y8
G1 F1200 X92.263 Y247.261 E1241.21783
M204 S3000
M205 X10 Y10
G0 F6000 X92.778 Y247.21
M204 S1800
M205 X8 Y8
G1 F1200 X41.285 Y195.717 E1243.6399
M204 S3000
M205 X10 Y10
G0 F6000 X41.328 Y195.195
M204 S1800
M205 X8 Y8
G1 F1200 X93.292 Y247.159 E1246.08413
M204 S3000
M205 X10 Y10
G0 F6000 X93.806 Y247.107
M204 S1800
M205 X8 Y8
G1 F1200 X41.391 Y194.692 E1248.54957
M204 S3000
M205 X10 Y10
G0 F6000 X41.454 Y194.189
M204 S1800
M205 X8 Y8
G1 F1200 X94.321 Y247.056 E1251.03627
M204 S3000
M205 X10 Y10
G0 F6000 X94.816 Y246.986
M204 S1800
M205 X8 Y8
G1 F1200 X41.517 Y193.686 E1253.54332
M204 S3000
M205 X10 Y10
G0 F6000 X41.579 Y193.182
M204 S1800
M205 X8 Y8
G1 F1200 X95.308 Y246.911 E1256.07056
M204 S3000
M205 X10 Y10
G0 F6000 X95.799 Y246.837
M204 S1800
M205 X8 Y8
G1 F1200 X41.652 Y192.69 E1258.61747
M204 S3000
M205 X10 Y10
G0 F6000 X41.738 Y192.21
M204 S1800
M205 X8 Y8
G1 F1200 X96.29 Y246.763 E1261.18346
M204 S3000
M205 X10 Y10
G0 F6000 X96.78 Y246.687
M204 S1800
M205 X8 Y8
G1 F1200 X41.823 Y191.729 E1263.76849
M204 S3000
M205 X10 Y10
G0 F6000 X41.908 Y191.249
M204 S1800
M205 X8 Y8
G1 F1200 X97.25 Y246.591 E1266.37161
M204 S3000
M205 X10 Y10
G0 F6000 X97.72 Y246.496
M204 S1800
M205 X8 Y8
G1 F1200 X41.993 Y190.768 E1268.99286
M204 S3000
M205 X10 Y10
G0 F6000 X42.091 Y190.301
M204 S1800
M205 X8 Y8
G1 F1200 X98.19 Y246.4 E1271.63158
M204 S3000
M205 X10 Y10
G0 F6000 X98.66 Y246.304
M204 S1800
M205 X8 Y8
G1 F1200 X42.197 Y189.841 E1274.28743
M204 S3000
M205 X10 Y10
G0 F6000 X42.301 Y189.38
M204 S1800
M205 X8 Y8
G1 F1200 X99.127 Y246.206 E1276.96035
M204 S3000
M205 X10 Y10
G0 F6000 X99.579 Y246.091
M204 S1800
M205 X8 Y8
G1 F1200 X42.407 Y188.919 E1279.64954
M204 S3000
M205 X10 Y10
G0 F6000 X42.512 Y188.459
M204 S1800
M205 X8 Y8
G1 F1200 X100.03 Y245.976 E1282.35499
M204 S3000
M205 X10 Y10
G0 F6000 X100.481 Y245.862
M204 S1800
M205 X8 Y8
G1 F1200 X73.211 Y218.592 E1283.63769
G1 X73.141 Y218.522
M204 S3000
M205 X10 Y10
G0 F6000 X75.355 Y220.171
M204 S1800
M205 X8 Y8
G1 F1200 X100.932 Y245.747 E1284.84073
M204 S3000
M205 X10 Y10
G0 F6000 X101.381 Y245.631
M204 S1800
M205 X8 Y8
G1 F1200 X76.777 Y221.027 E1285.99803
G1 X76.707 Y220.957
M204 S3000
M205 X10 Y10
G0 F6000 X77.961 Y221.645
M204 S1800
M205 X8 Y8
G1 F1200 X101.814 Y245.498 E1287.12
M204 S3000
M205 X10 Y10
G0 F6000 X102.246 Y245.364
M204 S1800
M205 X8 Y8
G1 F1200 X79.004 Y222.122 E1288.21323
G1 X78.934 Y222.052
M204 S3000
M205 X10 Y10
G0 F6000 X79.951 Y222.504
M204 S1800
M205 X8 Y8
G1 F1200 X102.678 Y245.231 E1289.28224
M204 S3000
M205 X10 Y10
G0 F6000 X103.111 Y245.098
M204 S1800
M205 X8 Y8
G1 F1200 X80.839 Y222.826 E1290.32984
G1 X80.769 Y222.756
M204 S3000
M205 X10 Y10
G0 F6000 X81.659 Y223.08
M204 S1800
M205 X8 Y8
G1 F1200 X103.544 Y244.965 E1291.35925
M204 S3000
M205 X10 Y10
G0 F6000 X103.96 Y244.816
M204 S1800
M205 X8 Y8
G1 F1200 X82.443 Y223.299 E1292.37134
M204 S3000
M205 X10 Y10
G0 F6000 X83.2 Y223.49
M204 S1800
M205 X8 Y8
G1 F1200 X104.376 Y244.666 E1293.3674
M204 S3000
M205 X10 Y10
G0 F6000 X104.79 Y244.514
M204 S1800
M205 X8 Y8
G1 F1200 X83.905 Y223.63 E1294.34974
M204 S3000
M205 X10 Y10
G0 F6000 X84.597 Y223.756
M204 S1800
M205 X8 Y8
G1 F1200 X105.205 Y244.364 E1295.31908
M204 S3000
M205 X10 Y10
G0 F6000 X105.62 Y244.213
M204 S1800
M205 X8 Y8
G1 F1200 X85.263 Y223.856 E1296.27661
M204 S3000
M205 X10 Y10
G0 F6000 X85.907 Y223.934
M204 S1800
M205 X8 Y8
G1 F1200 X106.026 Y244.053 E1297.22294
M204 S3000
M205 X10 Y10
G0 F6000 X106.424 Y243.886
M204 S1800
M205 X8 Y8
G1 F1200 X86.534 Y223.995 E1298.15853
M204 S3000
M205 X10 Y10
G0 F6000 X87.139 Y224.035
M204 S1800
M205 X8 Y8
G1 F1200 X106.821 Y243.717 E1299.08431
M204 S3000
M205 X10 Y10
G0 F6000 X107.22 Y243.55
M204 S1800
M205 X8 Y8
G1 F1200 X87.733 Y224.063 E1300.00092
M204 S3000
M205 X10 Y10
G0 F6000 X88.307 Y224.072
M204 S1800
M205 X8 Y8
G1 F1200 X107.618 Y243.382 E1300.90923
M204 S3000
M205 X10 Y10
G0 F6000 X108.014 Y243.213
M204 S1800
M205 X8 Y8
G1 F1200 X88.873 Y224.072 E1301.80956
M204 S3000
M205 X10 Y10
G0 F6000 X89.424 Y224.057
M204 S1800
M205 X8 Y8
G1 F1200 X108.396 Y243.029 E1302.70195
M204 S3000
M205 X10 Y10
G0 F6000 X108.779 Y242.846
M204 S1800
M205 X8 Y8
G1 F1200 X89.961 Y224.029 E1303.58706
M204 S3000
M205 X10 Y10
G0 F6000 X90.492 Y223.994
M204 S1800
M205 X8 Y8
G1 F1200 X109.161 Y242.662 E1304.46517
M204 S3000
M205 X10 Y10
G0 F6000 X109.542 Y242.478
M204 S1800
M205 X8 Y8
G1 F1200 X91.006 Y223.942 E1305.33705
M204 S3000
M205 X10 Y10
G0 F6000 X91.519 Y223.889
M204 S1800
M205 X8 Y8
G1 F1200 X109.924 Y242.295 E1306.20279
M204 S3000
M205 X10 Y10
G0 F6000 X110.299 Y242.104
M204 S1800
M205 X8 Y8
G1 F1200 X92.01 Y223.815 E1307.06305
M204 S3000
M205 X10 Y10
G0 F6000 X92.501 Y223.74
M204 S1800
M205 X8 Y8
G1 F1200 X110.665 Y241.904 E1307.91742
M204 S3000
M205 X10 Y10
G0 F6000 X111.031 Y241.704
M204 S1800
M205 X8 Y8
G1 F1200 X92.981 Y223.655 E1308.76642
M204 S3000
M205 X10 Y10
G0 F6000 X93.452 Y223.56
M204 S1800
M205 X8 Y8
G1 F1200 X111.397 Y241.505 E1309.6105
M204 S3000
M205 X10 Y10
G0 F6000 X111.763 Y241.305
M204 S1800
M205 X8 Y8
G1 F1200 X93.922 Y223.464 E1310.44968
M204 S3000
M205 X10 Y10
G0 F6000 X94.371 Y223.348
M204 S1800
M205 X8 Y8
G1 F1200 X112.13 Y241.106 E1311.28499
M204 S3000
M205 X10 Y10
G0 F6000 X112.484 Y240.895
M204 S1800
M205 X8 Y8
G1 F1200 X94.821 Y223.232 E1312.1158
M204 S3000
M205 X10 Y10
G0 F6000 X95.262 Y223.107
M204 S1800
M205 X8 Y8
G1 F1200 X112.835 Y240.68 E1312.94238
M204 S3000
M205 X10 Y10
G0 F6000 X113.187 Y240.466
M204 S1800
M205 X8 Y8
G1 F1200 X95.693 Y222.972 E1313.76524
M204 S3000
M205 X10 Y10
G0 F6000 X96.124 Y222.837
M204 S1800
M205 X8 Y8
G1 F1200 X113.538 Y240.252 E1314.58437
M204 S3000
M205 X10 Y10
G0 F6000 X113.889 Y240.037
M204 S1800
M205 X8 Y8
G1 F1200 X96.541 Y222.689 E1315.40037
M204 S3000
M205 X10 Y10
G0 F6000 X96.956 Y222.538
M204 S1800
M205 X8 Y8
G1 F1200 X114.24 Y239.822 E1316.21335
M204 S3000
M205 X10 Y10
G0 F6000 X114.576 Y239.593
M204 S1800
M205 X8 Y8
G1 F1200 X97.369 Y222.385 E1317.02274
M204 S3000
M205 X10 Y10
G0 F6000 X97.766 Y222.217
M204 S1800
M205 X8 Y8
G1 F1200 X114.913 Y239.364 E1317.82928
M204 S3000
M205 X10 Y10
G0 F6000 X115.249 Y239.135
M204 S1800
M205 X8 Y8
G1 F1200 X98.164 Y222.049 E1318.63293
M204 S3000
M205 X10 Y10
G0 F6000 X98.557 Y221.876
M204 S1800
M205 X8 Y8
G1 F1200 X115.586 Y238.905 E1319.43392
M204 S3000
M205 X10 Y10
G0 F6000 X115.923 Y238.676
M204 S1800
M205 X8 Y8
G1 F1200 X98.938 Y221.692 E1320.23282
M204 S3000
M205 X10 Y10
G0 F6000 X99.32 Y221.508
M204 S1800
M205 X8 Y8
G1 F1200 X116.256 Y238.444 E1321.02944
M204 S3000
M205 X10 Y10
G0 F6000 X116.577 Y238.2
M204 S1800
M205 X8 Y8
G1 F1200 X99.694 Y221.316 E1321.82359
M204 S3000
M205 X10 Y10
G0 F6000 X100.059 Y221.116
M204 S1800
M205 X8 Y8
G1 F1200 X116.899 Y237.956 E1322.61569
M204 S3000
M205 X10 Y10
G0 F6000 X117.221 Y237.712
M204 S1800
M205 X8 Y8
G1 F1200 X100.425 Y220.916 E1323.40572
M204 S3000
M205 X10 Y10
G0 F6000 X100.782 Y220.707
M204 S1800
M205 X8 Y8
G1 F1200 X117.543 Y237.468 E1324.19411
M204 S3000
M205 X10 Y10
G0 F6000 X117.864 Y237.224
M204 S1800
M205 X8 Y8
G1 F1200 X101.133 Y220.492 E1324.98111
M204 S3000
M205 X10 Y10
G0 F6000 X101.483 Y220.277
M204 S1800
M205 X8 Y8
G1 F1200 X118.181 Y236.975 E1325.76653
M204 S3000
M205 X10 Y10
G0 F6000 X118.489 Y236.717
M204 S1800
M205 X8 Y8
G1 F1200 X101.824 Y220.052 E1326.5504
M204 S3000
M205 X10 Y10
G0 F6000 X102.159 Y219.822
M204 S1800
M205 X8 Y8
G1 F1200 X118.796 Y236.458 E1327.33293
M204 S3000
M205 X10 Y10
G0 F6000 X119.103 Y236.2
M204 S1800
M205 X8 Y8
G1 F1200 X102.495 Y219.592 E1328.11412
M204 S3000
M205 X10 Y10
G0 F6000 X102.821 Y219.353
M204 S1800
M205 X8 Y8
G1 F1200 X119.411 Y235.942 E1328.89444
M204 S3000
M205 X10 Y10
G0 F6000 X119.718 Y235.684
M204 S1800
M205 X8 Y8
G1 F1200 X103.143 Y219.109 E1329.67408
M204 S3000
M205 X10 Y10
G0 F6000 X103.465 Y218.865
M204 S1800
M205 X8 Y8
G1 F1200 X120.019 Y235.419 E1330.45273
M204 S3000
M205 X10 Y10
G0 F6000 X120.312 Y235.146
M204 S1800
M205 X8 Y8
G1 F1200 X103.776 Y218.61 E1331.23053
M204 S3000
M205 X10 Y10
G0 F6000 X104.082 Y218.351
M204 S1800
M205 X8 Y8
G1 F1200 X120.605 Y234.874 E1332.00772
M204 S3000
M205 X10 Y10
G0 F6000 X120.898 Y234.601
M204 S1800
M205 X8 Y8
G1 F1200 X104.388 Y218.091 E1332.7843
M204 S3000
M205 X10 Y10
G0 F6000 X104.685 Y217.822
M204 S1800
M205 X8 Y8
G1 F1200 X121.192 Y234.329 E1333.56074
M204 S3000
M205 X10 Y10
G0 F6000 X121.485 Y234.056
M204 S1800
M205 X8 Y8
G1 F1200 X104.978 Y217.549 E1334.33718
M204 S3000
M205 X10 Y10
G0 F6000 X105.271 Y217.276
M204 S1800
M205 X8 Y8
G1 F1200 X121.771 Y233.777 E1335.11331
M204 S3000
M205 X10 Y10
G0 F6000 X122.05 Y233.49
M204 S1800
M205 X8 Y8
G1 F1200 X105.552 Y216.992 E1335.88933
M204 S3000
M205 X10 Y10
G0 F6000 X105.831 Y216.706
M204 S1800
M205 X8 Y8
G1 F1200 X122.33 Y233.204 E1336.66536
M204 S3000
M205 X10 Y10
G0 F6000 X122.609 Y232.918
M204 S1800
M205 X8 Y8
G1 F1200 X106.11 Y216.419 E1337.44143
M204 S3000
M205 X10 Y10
G0 F6000 X106.378 Y216.121
M204 S1800
M205 X8 Y8
G1 F1200 X122.888 Y232.631 E1338.21801
M204 S3000
M205 X10 Y10
G0 F6000 X123.168 Y232.345
M204 S1800
M205 X8 Y8
G1 F1200 X106.643 Y215.82 E1338.99529
M204 S3000
M205 X10 Y10
G0 F6000 X106.908 Y215.519
M204 S1800
M205 X8 Y8
G1 F1200 X123.438 Y232.049 E1339.77281
M204 S3000
M205 X10 Y10
G0 F6000 X123.703 Y231.749
M204 S1800
M205 X8 Y8
G1 F1200 X107.162 Y215.208 E1340.55085
M204 S3000
M205 X10 Y10
G0 F6000 X107.413 Y214.893
M204 S1800
M205 X8 Y8
G1 F1200 X123.968 Y231.448 E1341.32955
M204 S3000
M205 X10 Y10
G0 F6000 X124.233 Y231.148
M204 S1800
M205 X8 Y8
G1 F1200 X107.665 Y214.58 E1342.10885
M204 S3000
M205 X10 Y10
G0 F6000 X107.904 Y214.253
M204 S1800
M205 X8 Y8
G1 F1200 X124.498 Y230.847 E1342.88939
M204 S3000
M205 X10 Y10
G0 F6000 X124.764 Y230.547
M204 S1800
M205 X8 Y8
G1 F1200 X108.139 Y213.923 E1343.67135
M204 S3000
M205 X10 Y10
G0 F6000 X108.376 Y213.593
M204 S1800
M205 X8 Y8
G1 F1200 X125.018 Y230.236 E1344.45416
M204 S3000
M205 X10 Y10
G0 F6000 X125.269 Y229.921
M204 S1800
M205 X8 Y8
G1 F1200 X108.6 Y213.252 E1345.23822
M204 S3000
M205 X10 Y10
G0 F6000 X108.821 Y212.907
M204 S1800
M205 X8 Y8
G1 F1200 X125.52 Y229.606 E1346.02369
M204 S3000
M205 X10 Y10
G0 F6000 X125.771 Y229.292
M204 S1800
M205 X8 Y8
G1 F1200 X109.042 Y212.563 E1346.81057
M204 S3000
M205 X10 Y10
G0 F6000 X109.251 Y212.206
M204 S1800
M205 X8 Y8
G1 F1200 X126.021 Y228.976 E1347.59938
M204 S3000
M205 X10 Y10
G0 F6000 X126.273 Y228.662
M204 S1800
M205 X8 Y8
G1 F1200 X109.458 Y211.847 E1348.39031
M204 S3000
M205 X10 Y10
G0 F6000 X109.665 Y211.489
M204 S1800
M205 X8 Y8
G1 F1200 X126.511 Y228.334 E1349.18267
M204 S3000
M205 X10 Y10
G0 F6000 X126.748 Y228.005
M204 S1800
M205 X8 Y8
G1 F1200 X109.856 Y211.114 E1349.97719
M204 S3000
M205 X10 Y10
G0 F6000 X110.047 Y210.739
M204 S1800
M205 X8 Y8
G1 F1200 X126.985 Y227.677 E1350.7739
M204 S3000
M205 X10 Y10
G0 F6000 X127.221 Y227.348
M204 S1800
M205 X8 Y8
G1 F1200 X110.235 Y210.362 E1351.57287
M204 S3000
M205 X10 Y10
G0 F6000 X110.411 Y209.971
M204 S1800
M205 X8 Y8
G1 F1200 X127.458 Y227.019 E1352.37474
M204 S3000
M205 X10 Y10
G0 F6000 X127.694 Y226.689
M204 S1800
M205 X8 Y8
G1 F1200 X110.586 Y209.581 E1353.17944
M204 S3000
M205 X10 Y10
G0 F6000 X110.756 Y209.185
M204 S1800
M205 X8 Y8
G1 F1200 X127.916 Y226.345 E1353.9866
M204 S3000
M205 X10 Y10
G0 F6000 X128.138 Y226.001
M204 S1800
M205 X8 Y8
G1 F1200 X110.914 Y208.778 E1354.79674
M204 S3000
M205 X10 Y10
G0 F6000 X111.073 Y208.37
M204 S1800
M205 X8 Y8
G1 F1200 X128.36 Y225.658 E1355.60989
M204 S3000
M205 X10 Y10
G0 F6000 X128.582 Y225.314
M204 S1800
M205 X8 Y8
G1 F1200 X111.222 Y207.955 E1356.42643
M204 S3000
M205 X10 Y10
G0 F6000 X111.364 Y207.53
M204 S1800
M205 X8 Y8
G1 F1200 X128.804 Y224.97 E1357.24675
M204 S3000
M205 X10 Y10
G0 F6000 X129.022 Y224.623
M204 S1800
M205 X8 Y8
G1 F1200 X111.506 Y207.107 E1358.07065
M204 S3000
M205 X10 Y10
G0 F6000 X111.632 Y206.667
M204 S1800
M205 X8 Y8
G1 F1200 X129.228 Y224.263 E1358.89831
M204 S3000
M205 X10 Y10
G0 F6000 X129.435 Y223.905
M204 S1800
M205 X8 Y8
G1 F1200 X111.756 Y206.225 E1359.7299
M204 S3000
M205 X10 Y10
G0 F6000 X111.874 Y205.778
M204 S1800
M205 X8 Y8
G1 F1200 X129.642 Y223.546 E1360.56565
M204 S3000
M205 X10 Y10
G0 F6000 X129.849 Y223.187
M204 S1800
M205 X8 Y8
G1 F1200 X111.978 Y205.316 E1361.40625
M204 S3000
M205 X10 Y10
G0 F6000 X112.082 Y204.855
M204 S1800
M205 X8 Y8
G1 F1200 X130.056 Y222.829 E1362.25169
M204 S3000
M205 X10 Y10
G0 F6000 X130.254 Y222.461
M204 S1800
M205 X8 Y8
G1 F1200 X112.173 Y204.38 E1363.10217
M204 S3000
M205 X10 Y10
G0 F6000 X112.257 Y203.898
M204 S1800
M205 X8 Y8
G1 F1200 X130.446 Y222.087 E1363.95772
M204 S3000
M205 X10 Y10
G0 F6000 X130.638 Y221.714
M204 S1800
M205 X8 Y8
G1 F1200 X112.335 Y203.411 E1364.81864
M204 S3000
M205 X10 Y10
G0 F6000 X112.397 Y202.907
M204 S1800
M205 X8 Y8
G1 F1200 X130.83 Y221.339 E1365.68565
M204 S3000
M205 X10 Y10
G0 F6000 X131.022 Y220.966
M204 S1800
M205 X8 Y8
G1 F1200 X112.458 Y202.402 E1366.55884
M204 S3000
M205 X10 Y10
G0 F6000 X112.499 Y201.878
M204 S1800
M205 X8 Y8
G1 F1200 X131.214 Y220.592 E1367.43911
M204 S3000
M205 X10 Y10
G0 F6000 X131.391 Y220.203
M204 S1800
M205 X8 Y8
G1 F1200 X112.538 Y201.351 E1368.32588
M204 S3000
M205 X10 Y10
G0 F6000 X112.56 Y200.807
M204 S1800
M205 X8 Y8
G1 F1200 X131.567 Y219.814 E1369.21991
M204 S3000
M205 X10 Y10
G0 F6000 X131.742 Y219.423
M204 S1800
M205 X8 Y8
G1 F1200 X112.573 Y200.254 E1370.12156
M204 S3000
M205 X10 Y10
G0 F6000 X112.572 Y199.688
M204 S1800
M205 X8 Y8
G1 F1200 X131.918 Y219.034 E1371.03154
M204 S3000
M205 X10 Y10
G0 F6000 X132.093 Y218.643
M204 S1800
M205 X8 Y8
G1 F1200 X112.557 Y199.107 E1371.95045
M204 S3000
M205 X10 Y10
G0 F6000 X112.529 Y198.513
M204 S1800
M205 X8 Y8
G1 F1200 X132.262 Y218.247 E1372.87865
M204 S3000
M205 X10 Y10
G0 F6000 X132.422 Y217.841
M204 S1800
M205 X8 Y8
G1 F1200 X112.482 Y197.9 E1373.81659
M204 S3000
M205 X10 Y10
G0 F6000 X112.42 Y197.272
M204 S1800
M205 X8 Y8
G1 F1200 X132.581 Y217.434 E1374.76493
M204 S3000
M205 X10 Y10
G0 F6000 X132.741 Y217.028
M204 S1800
M205 X8 Y8
G1 F1200 X112.338 Y196.625 E1375.72462
M204 S3000
M205 X10 Y10
G0 F6000 X112.233 Y195.954
M204 S1800
M205 X8 Y8
G1 F1200 X132.901 Y216.622 E1376.69678
M204 S3000
M205 X10 Y10
G0 F6000 X133.06 Y216.216
M204 S1800
M205 X8 Y8
G1 F1200 X112.112 Y195.268 E1377.68211
M204 S3000
M205 X10 Y10
G0 F6000 X111.947 Y194.537
M204 S1800
M205 X8 Y8
G1 F1200 X133.203 Y215.793 E1378.68193
M204 S3000
M205 X10 Y10
G0 F6000 X133.344 Y215.369
M204 S1800
M205 X8 Y8
G1 F1200 X111.763 Y193.787 E1379.69706
G1 X111.693 Y193.717
M204 S3000
M205 X10 Y10
G0 F6000 X111.539 Y192.998
M204 S1800
M205 X8 Y8
G1 F1200 X133.486 Y214.945 E1380.72938
M204 S3000
M205 X10 Y10
G0 F6000 X133.628 Y214.521
M204 S1800
M205 X8 Y8
G1 F1200 X111.261 Y192.154 E1381.78145
G1 X111.191 Y192.084
M204 S3000
M205 X10 Y10
G0 F6000 X110.931 Y191.258
M204 S1800
M205 X8 Y8
G1 F1200 X133.769 Y214.097 E1382.8557
M204 S3000
M205 X10 Y10
G0 F6000 X133.899 Y213.66
M204 S1800
M205 X8 Y8
G1 F1200 X110.532 Y190.294 E1383.95479
G1 X110.462 Y190.224
M204 S3000
M205 X10 Y10
G0 F6000 X110.03 Y189.226
M204 S1800
M205 X8 Y8
G1 F1200 X134.022 Y213.218 E1385.0833
M204 S3000
M205 X10 Y10
G0 F6000 X134.147 Y212.777
M204 S1800
M205 X8 Y8
G1 F1200 X109.371 Y188.002 E1386.24867
G1 X109.301 Y187.932
M204 S3000
M205 X10 Y10
G0 F6000 X108.443 Y186.507
M204 S1800
M205 X8 Y8
G1 F1200 X134.271 Y212.335 E1387.46354
M204 S3000
M205 X10 Y10
G0 F6000 X134.395 Y211.894
M204 S1800
M205 X8 Y8
G1 F1200 X106.383 Y183.882 E1388.78113
G1 X106.313 Y183.812
M204 S3000
M205 X10 Y10
G0 F6000 X104.572 Y182.071
M204 S1800
M205 X8 Y8
G1 F1200 X76.613 Y154.112 E1390.09624
M204 S3000
M205 X10 Y10
G0 F6000 X76.162 Y154.227
M204 S1800
M205 X8 Y8
G1 F1200 X102.007 Y180.072 E1391.31191
G1 X102.077 Y180.142
M204 S3000
M205 X10 Y10
G0 F6000 X100.48 Y179.11
M204 S1800
M205 X8 Y8
G1 F1200 X75.71 Y154.34 E1392.47701
M204 S3000
M205 X10 Y10
G0 F6000 X75.276 Y154.472
M204 S1800
M205 X8 Y8
G1 F1200 X99.267 Y178.463 E1393.60548
G1 X99.337 Y178.533
M204 S3000
M205 X10 Y10
G0 F6000 X98.199 Y177.961
M204 S1800
M205 X8 Y8
G1 F1200 X74.843 Y154.605 E1394.70407
M204 S3000
M205 X10 Y10
G0 F6000 X74.41 Y154.738
M204 S1800
M205 X8 Y8
G1 F1200 X97.232 Y177.56 E1395.77755
G1 X97.302 Y177.63
M204 S3000
M205 X10 Y10
G0 F6000 X96.345 Y177.238
M204 S1800
M205 X8 Y8
G1 F1200 X73.978 Y154.871 E1396.82962
M204 S3000
M205 X10 Y10
G0 F6000 X73.545 Y155.004
M204 S1800
M205 X8 Y8
G1 F1200 X95.51 Y176.969 E1397.86279
G1 X95.58 Y177.039
M204 S3000
M205 X10 Y10
G0 F6000 X94.713 Y176.737
M204 S1800
M205 X8 Y8
G1 F1200 X73.124 Y155.149 E1398.87825
M204 S3000
M205 X10 Y10
G0 F6000 X72.71 Y155.3
M204 S1800
M205 X8 Y8
G1 F1200 X93.956 Y176.546 E1399.87759
M204 S3000
M205 X10 Y10
G0 F6000 X93.24 Y176.396
M204 S1800
M205 X8 Y8
G1 F1200 X72.296 Y155.451 E1400.86276
M204 S3000
M205 X10 Y10
G0 F6000 X71.881 Y155.603
M204 S1800
M205 X8 Y8
G1 F1200 X92.541 Y176.262 E1401.83452
M204 S3000
M205 X10 Y10
G0 F6000 X91.875 Y176.162
M204 S1800
M205 X8 Y8
G1 F1200 X71.466 Y155.753 E1402.7945
M204 S3000
M205 X10 Y10
G0 F6000 X71.057 Y155.909
M204 S1800
M205 X8 Y8
G1 F1200 X91.223 Y176.076 E1403.74307
M204 S3000
M205 X10 Y10
G0 F6000 X90.597 Y176.015
M204 S1800
M205 X8 Y8
G1 F1200 X70.659 Y156.078 E1404.68086
M204 S3000
M205 X10 Y10
G0 F6000 X70.261 Y156.245
M204 S1800
M205 X8 Y8
G1 F1200 X89.984 Y175.969 E1405.6086
M204 S3000
M205 X10 Y10
G0 F6000 X89.389 Y175.939
M204 S1800
M205 X8 Y8
G1 F1200 X69.863 Y156.413 E1406.52704
M204 S3000
M205 X10 Y10
G0 F6000 X69.466 Y156.581
M204 S1800
M205 X8 Y8
G1 F1200 X88.81 Y175.926 E1407.43695
M204 S3000
M205 X10 Y10
G0 F6000 X88.244 Y175.926
M204 S1800
M205 X8 Y8
G1 F1200 X69.068 Y156.749 E1408.33895
M204 S3000
M205 X10 Y10
G0 F6000 X68.683 Y156.93
M204 S1800
M205 X8 Y8
G1 F1200 X87.688 Y175.935 E1409.23289
M204 S3000
M205 X10 Y10
G0 F6000 X87.15 Y175.963
M204 S1800
M205 X8 Y8
G1 F1200 X68.301 Y157.114 E1410.11949
M204 S3000
M205 X10 Y10
G0 F6000 X67.919 Y157.298
M204 S1800
M205 X8 Y8
G1 F1200 X86.614 Y175.993 E1410.99884
M204 S3000
M205 X10 Y10
G0 F6000 X86.102 Y176.046
M204 S1800
M205 X8 Y8
G1 F1200 X67.537 Y157.481 E1411.87208
M204 S3000
M205 X10 Y10
G0 F6000 X67.156 Y157.665
M204 S1800
M205 X8 Y8
G1 F1200 X85.588 Y176.098 E1412.73909
M204 S3000
M205 X10 Y10
G0 F6000 X85.092 Y176.167
M204 S1800
M205 X8 Y8
G1 F1200 X66.777 Y157.853 E1413.60055
M204 S3000
M205 X10 Y10
G0 F6000 X66.411 Y158.052
M204 S1800
M205 X8 Y8
G1 F1200 X84.601 Y176.242 E1414.45615
M204 S3000
M205 X10 Y10
G0 F6000 X84.117 Y176.324
M204 S1800
M205 X8 Y8
G1 F1200 X66.045 Y158.251 E1415.30623
M204 S3000
M205 X10 Y10
G0 F6000 X65.678 Y158.451
M204 S1800
M205 X8 Y8
G1 F1200 X83.646 Y176.418 E1416.15136
M204 S3000
M205 X10 Y10
G0 F6000 X83.175 Y176.513
M204 S1800
M205 X8 Y8
G1 F1200 X65.312 Y158.65 E1416.99158
M204 S3000
M205 X10 Y10
G0 F6000 X64.946 Y158.85
M204 S1800
M205 X8 Y8
G1 F1200 X82.723 Y176.626 E1417.82773
M204 S3000
M205 X10 Y10
G0 F6000 X82.272 Y176.742
M204 S1800
M205 X8 Y8
G1 F1200 X64.589 Y159.058 E1418.65951
M204 S3000
M205 X10 Y10
G0 F6000 X64.238 Y159.273
M204 S1800
M205 X8 Y8
G1 F1200 X81.827 Y176.862 E1419.48685
M204 S3000
M205 X10 Y10
G0 F6000 X81.397 Y176.998
M204 S1800
M205 X8 Y8
G1 F1200 X63.887 Y159.488 E1420.31046
M204 S3000
M205 X10 Y10
G0 F6000 X63.537 Y159.703
M204 S1800
M205 X8 Y8
G1 F1200 X80.966 Y177.133 E1421.13029
M204 S3000
M205 X10 Y10
G0 F6000 X80.545 Y177.278
M204 S1800
M205 X8 Y8
G1 F1200 X63.186 Y159.918 E1421.94683
M204 S3000
M205 X10 Y10
G0 F6000 X62.835 Y160.133
M204 S1800
M205 X8 Y8
G1 F1200 X80.13 Y177.428 E1422.76033
M204 S3000
M205 X10 Y10
G0 F6000 X79.716 Y177.579
M204 S1800
M205 X8 Y8
G1 F1200 X62.496 Y160.36 E1423.57029
M204 S3000
M205 X10 Y10
G0 F6000 X62.16 Y160.589
M204 S1800
M205 X8 Y8
G1 F1200 X79.316 Y177.746 E1424.37728
M204 S3000
M205 X10 Y10
G0 F6000 X78.919 Y177.914
M204 S1800
M205 X8 Y8
G1 F1200 X61.823 Y160.818 E1425.18142
M204 S3000
M205 X10 Y10
G0 F6000 X61.486 Y161.047
M204 S1800
M205 X8 Y8
G1 F1200 X78.523 Y178.084 E1425.98279
M204 S3000
M205 X10 Y10
G0 F6000 X78.141 Y178.267
M204 S1800
M205 X8 Y8
G1 F1200 X61.149 Y161.276 E1426.78201
M204 S3000
M205 X10 Y10
G0 F6000 X60.814 Y161.506
M204 S1800
M205 X8 Y8
G1 F1200 X77.76 Y178.452 E1427.5791
M204 S3000
M205 X10 Y10
G0 F6000 X77.382 Y178.64
M204 S1800
M205 X8 Y8
G1 F1200 X60.492 Y161.749 E1428.37358
M204 S3000
M205 X10 Y10
G0 F6000 X60.17 Y161.993
M204 S1800
M205 X8 Y8
G1 F1200 X77.016 Y178.84 E1429.16599
M204 S3000
M205 X10 Y10
G0 F6000 X76.651 Y179.04
M204 S1800
M205 X8 Y8
G1 F1200 X59.848 Y162.237 E1429.95635
M204 S3000
M205 X10 Y10
G0 F6000 X59.526 Y162.481
M204 S1800
M205 X8 Y8
G1 F1200 X76.291 Y179.245 E1430.7449
M204 S3000
M205 X10 Y10
G0 F6000 X75.941 Y179.461
M204 S1800
M205 X8 Y8
G1 F1200 X59.204 Y162.725 E1431.53213
M204 S3000
M205 X10 Y10
G0 F6000 X58.885 Y162.971
M204 S1800
M205 X8 Y8
G1 F1200 X75.59 Y179.676 E1432.31789
M204 S3000
M205 X10 Y10
G0 F6000 X75.246 Y179.898
M204 S1800
M205 X8 Y8
G1 F1200 X58.578 Y163.229 E1433.10192
M204 S3000
M205 X10 Y10
G0 F6000 X58.269 Y163.487
M204 S1800
M205 X8 Y8
G1 F1200 X74.911 Y180.129 E1433.88471
M204 S3000
M205 X10 Y10
G0 F6000 X74.575 Y180.358
M204 S1800
M205 X8 Y8
G1 F1200 X57.962 Y163.745 E1434.66613
M204 S3000
M205 X10 Y10
G0 F6000 X57.654 Y164.003
M204 S1800
M205 X8 Y8
G1 F1200 X74.247 Y180.596 E1435.44662
M204 S3000
M205 X10 Y10
G0 F6000 X73.925 Y180.84
M204 S1800
M205 X8 Y8
G1 F1200 X57.347 Y164.261 E1436.22642
M204 S3000
M205 X10 Y10
G0 F6000 X57.043 Y164.523
M204 S1800
M205 X8 Y8
G1 F1200 X73.604 Y181.084 E1437.0054
M204 S3000
M205 X10 Y10
G0 F6000 X73.29 Y181.336
M204 S1800
M205 X8 Y8
G1 F1200 X56.749 Y164.795 E1437.78344
M204 S3000
M205 X10 Y10
G0 F6000 X56.456 Y165.068
M204 S1800
M205 X8 Y8
G1 F1200 X72.983 Y181.594 E1438.56079
M204 S3000
M205 X10 Y10
G0 F6000 X72.676 Y181.853
M204 S1800
M205 X8 Y8
G1 F1200 X56.163 Y165.34 E1439.33751
M204 S3000
M205 X10 Y10
G0 F6000 X55.869 Y165.612
M204 S1800
M205 X8 Y8
G1 F1200 X72.377 Y182.12 E1440.114
M204 S3000
M205 X10 Y10
G0 F6000 X72.083 Y182.392
M204 S1800
M205 X8 Y8
G1 F1200 X55.576 Y165.885 E1440.89044
M204 S3000
M205 X10 Y10
G0 F6000 X55.287 Y166.161
M204 S1800
M205 X8 Y8
G1 F1200 X71.79 Y182.664 E1441.66669
M204 S3000
M205 X10 Y10
G0 F6000 X71.506 Y182.946
M204 S1800
M205 X8 Y8
G1 F1200 X55.007 Y166.447 E1442.44275
M204 S3000
M205 X10 Y10
G0 F6000 X54.727 Y166.733
M204 S1800
M205 X8 Y8
G1 F1200 X71.226 Y183.232 E1443.21881
M204 S3000
M205 X10 Y10
G0 F6000 X70.948 Y183.519
M204 S1800
M205 X8 Y8
G1 F1200 X54.448 Y167.02 E1443.9949
M204 S3000
M205 X10 Y10
G0 F6000 X54.168 Y167.305
M204 S1800
M205 X8 Y8
G1 F1200 X70.676 Y183.813 E1444.77138
M204 S3000
M205 X10 Y10
G0 F6000 X70.412 Y184.115
M204 S1800
M205 X8 Y8
G1 F1200 X53.889 Y167.592 E1445.54858
M204 S3000
M205 X10 Y10
G0 F6000 X53.616 Y167.884
M204 S1800
M205 X8 Y8
G1 F1200 X70.147 Y184.416 E1446.32617
M204 S3000
M205 X10 Y10
G0 F6000 X69.891 Y184.725
M204 S1800
M205 X8 Y8
G1 F1200 X53.351 Y168.185 E1447.10416
M204 S3000
M205 X10 Y10
G0 F6000 X53.086 Y168.485
M204 S1800
M205 X8 Y8
G1 F1200 X69.64 Y185.039 E1447.88281
M204 S3000
M205 X10 Y10
G0 F6000 X69.388 Y185.353
M204 S1800
M205 X8 Y8
G1 F1200 X52.82 Y168.786 E1448.66209
M204 S3000
M205 X10 Y10
G0 F6000 X52.555 Y169.086
M204 S1800
M205 X8 Y8
G1 F1200 X69.147 Y185.678 E1449.44253
M204 S3000
M205 X10 Y10
G0 F6000 X68.911 Y186.007
M204 S1800
M205 X8 Y8
G1 F1200 X52.29 Y169.387 E1450.22431
M204 S3000
M205 X10 Y10
G0 F6000 X52.033 Y169.695
M204 S1800
M205 X8 Y8
G1 F1200 X68.675 Y186.338 E1451.00712
M204 S3000
M205 X10 Y10
G0 F6000 X68.447 Y186.676
M204 S1800
M205 X8 Y8
G1 F1200 X51.782 Y170.01 E1451.79101
M204 S3000
M205 X10 Y10
G0 F6000 X51.531 Y170.325
M204 S1800
M205 X8 Y8
G1 F1200 X68.226 Y187.02 E1452.57629
M204 S3000
M205 X10 Y10
G0 F6000 X68.005 Y187.364
M204 S1800
M205 X8 Y8
G1 F1200 X51.28 Y170.64 E1453.36296
M204 S3000
M205 X10 Y10
G0 F6000 X51.029 Y170.955
M204 S1800
M205 X8 Y8
G1 F1200 X67.793 Y187.718 E1454.15147
M204 S3000
M205 X10 Y10
G0 F6000 X67.586 Y188.077
M204 S1800
M205 X8 Y8
G1 F1200 X50.779 Y171.27 E1454.94202
M204 S3000
M205 X10 Y10
G0 F6000 X50.538 Y171.595
M204 S1800
M205 X8 Y8
G1 F1200 X67.379 Y188.436 E1455.73417
M204 S3000
M205 X10 Y10
G0 F6000 X67.184 Y188.806
M204 S1800
M205 X8 Y8
G1 F1200 X50.301 Y171.923 E1456.52829
M204 S3000
M205 X10 Y10
G0 F6000 X50.064 Y172.252
M204 S1800
M205 X8 Y8
G1 F1200 X66.993 Y189.181 E1457.32458
M204 S3000
M205 X10 Y10
G0 F6000 X66.802 Y189.556
M204 S1800
M205 X8 Y8
G1 F1200 X49.828 Y172.582 E1458.12298
M204 S3000
M205 X10 Y10
G0 F6000 X49.591 Y172.91
M204 S1800
M205 X8 Y8
G1 F1200 X66.627 Y189.946 E1458.9243
M204 S3000
M205 X10 Y10
G0 F6000 X66.452 Y190.337
M204 S1800
M205 X8 Y8
G1 F1200 X49.354 Y173.239 E1459.72854
M204 S3000
M205 X10 Y10
G0 F6000 X49.13 Y173.581
M204 S1800
M205 X8 Y8
G1 F1200 X66.279 Y190.73 E1460.53518
M204 S3000
M205 X10 Y10
G0 F6000 X66.12 Y191.137
M204 S1800
M205 X8 Y8
G1 F1200 X48.909 Y173.925 E1461.34475
M204 S3000
M205 X10 Y10
G0 F6000 X48.687 Y174.269
M204 S1800
M205 X8 Y8
G1 F1200 X65.962 Y191.544 E1462.15732
M204 S3000
M205 X10 Y10
G0 F6000 X65.809 Y191.956
M204 S1800
M205 X8 Y8
G1 F1200 X48.465 Y174.613 E1462.9731
M204 S3000
M205 X10 Y10
G0 F6000 X48.244 Y174.958
M204 S1800
M205 X8 Y8
G1 F1200 X65.667 Y192.381 E1463.79263
M204 S3000
M205 X10 Y10
G0 F6000 X65.526 Y192.805
M204 S1800
M205 X8 Y8
G1 F1200 X48.023 Y175.303 E1464.61589
M204 S3000
M205 X10 Y10
G0 F6000 X47.817 Y175.662
M204 S1800
M205 X8 Y8
G1 F1200 X65.396 Y193.24 E1465.44273
M204 S3000
M205 X10 Y10
G0 F6000 X65.271 Y193.682
M204 S1800
M205 X8 Y8
G1 F1200 X47.61 Y176.02 E1466.27347
M204 S3000
M205 X10 Y10
G0 F6000 X47.403 Y176.38
M204 S1800
M205 X8 Y8
G1 F1200 X65.147 Y194.124 E1467.1081
M204 S3000
M205 X10 Y10
G0 F6000 X65.043 Y194.585
M204 S1800
M205 X8 Y8
G1 F1200 X47.196 Y176.738 E1467.94756
M204 S3000
M205 X10 Y10
G0 F6000 X46.99 Y177.097
M204 S1800
M205 X8 Y8
G1 F1200 X64.939 Y195.047 E1468.79185
M204 S3000
M205 X10 Y10
G0 F6000 X64.845 Y195.519
M204 S1800
M205 X8 Y8
G1 F1200 X46.788 Y177.461 E1469.64122
M204 S3000
M205 X10 Y10
G0 F6000 X46.596 Y177.835
M204 S1800
M205 X8 Y8
G1 F1200 X64.762 Y196.001 E1470.4957
M204 S3000
M205 X10 Y10
G0 F6000 X64.68 Y196.485
M204 S1800
M205 X8 Y8
G1 F1200 X46.403 Y178.208 E1471.35539
M204 S3000
M205 X10 Y10
G0 F6000 X46.211 Y178.581
M204 S1800
M205 X8 Y8
G1 F1200 X64.618 Y196.988 E1472.2212
M204 S3000
M205 X10 Y10
G0 F6000 X64.556 Y197.492
M204 S1800
M205 X8 Y8
G1 F1200 X46.019 Y178.955 E1473.09312
M204 S3000
M205 X10 Y10
G0 F6000 X45.827 Y179.329
M204 S1800
M205 X8 Y8
G1 F1200 X64.51 Y198.011 E1473.97189
M204 S3000
M205 X10 Y10
G0 F6000 X64.471 Y198.539
M204 S1800
M205 X8 Y8
G1 F1200 X45.647 Y179.714 E1474.85734
M204 S3000
M205 X10 Y10
G0 F6000 X45.471 Y180.105
M204 S1800
M205 X8 Y8
G1 F1200 X64.444 Y199.077 E1475.74974
M204 S3000
M205 X10 Y10
G0 F6000 X64.43 Y199.629
M204 S1800
M205 X8 Y8
G1 F1200 X45.295 Y180.494 E1476.6498
M204 S3000
M205 X10 Y10
G0 F6000 X45.119 Y180.884
M204 S1800
M205 X8 Y8
G1 F1200 X64.425 Y200.189 E1477.55787
M204 S3000
M205 X10 Y10
G0 F6000 X64.44 Y200.77
M204 S1800
M205 X8 Y8
G1 F1200 X44.944 Y181.274 E1478.4749
M204 S3000
M205 X10 Y10
G0 F6000 X44.771 Y181.667
M204 S1800
M205 X8 Y8
G1 F1200 X64.462 Y201.358 E1479.4011
M204 S3000
M205 X10 Y10
G0 F6000 X64.51 Y201.971
M204 S1800
M205 X8 Y8
G1 F1200 X44.612 Y182.073 E1480.33705
M204 S3000
M205 X10 Y10
G0 F6000 X44.452 Y182.479
M204 S1800
M205 X8 Y8
G1 F1200 X64.565 Y202.592 E1481.2831
M204 S3000
M205 X10 Y10
G0 F6000 X64.646 Y203.239
M204 S1800
M205 X8 Y8
G1 F1200 X44.291 Y182.884 E1482.24054
M204 S3000
M205 X10 Y10
G0 F6000 X44.131 Y183.29
M204 S1800
M205 X8 Y8
G1 F1200 X64.742 Y203.901 E1483.21001
M204 S3000
M205 X10 Y10
G0 F6000 X64.863 Y204.587
M204 S1800
M205 X8 Y8
G1 F1200 X43.972 Y183.696 E1484.19266
M204 S3000
M205 X10 Y10
G0 F6000 X43.827 Y184.117
M204 S1800
M205 X8 Y8
G1 F1200 X65.019 Y205.309 E1485.18947
M204 S3000
M205 X10 Y10
G0 F6000 X65.194 Y206.05
M204 S1800
M205 X8 Y8
G1 F1200 X43.685 Y184.54 E1486.20121
M204 S3000
M205 X10 Y10
G0 F6000 X43.543 Y184.964
M204 S1800
M205 X8 Y8
G1 F1200 X65.416 Y206.837 E1487.23005
G1 X65.486 Y206.907
M204 S3000
M205 X10 Y10
G0 F6000 X65.681 Y207.668
M204 S1800
M205 X8 Y8
G1 F1200 X43.402 Y185.389 E1488.27798
M204 S3000
M205 X10 Y10
G0 F6000 X43.26 Y185.812
M204 S1800
M205 X8 Y8
G1 F1200 X65.994 Y208.547 E1489.34735
G1 X66.064 Y208.617
M204 S3000
M205 X10 Y10
G0 F6000 X66.374 Y209.493
M204 S1800
M205 X8 Y8
G1 F1200 X43.127 Y186.245 E1490.44084
M204 S3000
M205 X10 Y10
G0 F6000 X43.002 Y186.686
M204 S1800
M205 X8 Y8
G1 F1200 X66.849 Y210.533 E1491.56253
G1 X66.919 Y210.603
M204 S3000
M205 X10 Y10
G0 F6000 X67.466 Y211.716
M204 S1800
M205 X8 Y8
G1 F1200 X42.878 Y187.128 E1492.71907
M204 S3000
M205 X10 Y10
G0 F6000 X42.754 Y187.569
M204 S1800
M205 X8 Y8
G1 F1200 X68.342 Y213.158 E1493.92268
G1 X68.412 Y213.228
M204 S3000
M205 X10 Y10
G0 F6000 X69.895 Y215.276
M204 S1800
M205 X8 Y8
G1 F1200 X42.63 Y188.011 E1495.20514
G1 X42.56 Y187.941
M204 S3000
M205 X10 Y10
G0 F6000 X77.065 Y153.998
M204 S1800
M205 X8 Y8
G1 F1200 X134.509 Y211.442 E1497.90713
M204 S3000
M205 X10 Y10
G0 F6000 X134.615 Y210.982
M204 S1800
M205 X8 Y8
G1 F1200 X77.516 Y153.884 E1500.59287
M204 S3000
M205 X10 Y10
G0 F6000 X77.967 Y153.769
M204 S1800
M205 X8 Y8
G1 F1200 X134.72 Y210.522 E1503.26235
M204 S3000
M205 X10 Y10
G0 F6000 X134.826 Y210.063
M204 S1800
M205 X8 Y8
G1 F1200 X78.437 Y153.674 E1505.91472
M204 S3000
M205 X10 Y10
G0 F6000 X78.908 Y153.578
M204 S1800
M205 X8 Y8
G1 F1200 X134.932 Y209.602 E1508.54992
M204 S3000
M205 X10 Y10
G0 F6000 X135.026 Y209.131
M204 S1800
M205 X8 Y8
G1 F1200 X79.378 Y153.483 E1511.16743
M204 S3000
M205 X10 Y10
G0 F6000 X79.848 Y153.387
M204 S1800
M205 X8 Y8
G1 F1200 X135.111 Y208.65 E1513.76683
M204 S3000
M205 X10 Y10
G0 F6000 X135.195 Y208.169
M204 S1800
M205 X8 Y8
G1 F1200 X80.32 Y153.294 E1516.34798
M204 S3000
M205 X10 Y10
G0 F6000 X80.812 Y153.22
M204 S1800
M205 X8 Y8
G1 F1200 X135.28 Y207.688 E1518.90999
M204 S3000
M205 X10 Y10
G0 F6000 X135.364 Y207.207
M204 S1800
M205 X8 Y8
G1 F1200 X81.303 Y153.145 E1521.45288
M204 S3000
M205 X10 Y10
G0 F6000 X81.795 Y153.071
M204 S1800
M205 X8 Y8
G1 F1200 X135.434 Y206.71 E1523.97589
M204 S3000
M205 X10 Y10
G0 F6000 X135.497 Y206.207
M204 S1800
M205 X8 Y8
G1 F1200 X82.287 Y152.998 E1526.4787
M204 S3000
M205 X10 Y10
G0 F6000 X82.786 Y152.931
M204 S1800
M205 X8 Y8
G1 F1200 X135.56 Y205.705 E1528.96103
M204 S3000
M205 X10 Y10
G0 F6000 X135.623 Y205.203
M204 S1800
M205 X8 Y8
G1 F1200 X83.3 Y152.88 E1531.42214
M204 S3000
M205 X10 Y10
G0 F6000 X83.814 Y152.828
M204 S1800
M205 X8 Y8
G1 F1200 X135.686 Y204.699 E1533.86202
M204 S3000
M205 X10 Y10
G0 F6000 X135.724 Y204.172
M204 S1800
M205 X8 Y8
G1 F1200 X84.329 Y152.777 E1536.27948
M204 S3000
M205 X10 Y10
G0 F6000 X84.843 Y152.725
M204 S1800
M205 X8 Y8
G1 F1200 X135.764 Y203.646 E1538.67465
M204 S3000
M205 X10 Y10
G0 F6000 X135.804 Y203.12
M204 S1800
M205 X8 Y8
G1 F1200 X85.376 Y152.693 E1541.0466
M204 S3000
M205 X10 Y10
G0 F6000 X85.914 Y152.665
M204 S1800
M205 X8 Y8
G1 F1200 X135.843 Y202.594 E1543.39511
M204 S3000
M205 X10 Y10
G0 F6000 X135.868 Y202.053
M204 S1800
M205 X8 Y8
G1 F1200 X86.453 Y152.638 E1545.71944
M204 S3000
M205 X10 Y10
G0 F6000 X86.991 Y152.611
M204 S1800
M205 X8 Y8
G1 F1200 X135.881 Y201.501 E1548.01908
M204 S3000
M205 X10 Y10
G0 F6000 X135.896 Y200.949
M204 S1800
M205 X8 Y8
G1 F1200 X87.541 Y152.595 E1550.29352
M204 S3000
M205 X10 Y10
G0 F6000 X88.106 Y152.595
M204 S1800
M205 X8 Y8
G1 F1200 X135.909 Y200.397 E1552.54201
M204 S3000
M205 X10 Y10
G0 F6000 X135.915 Y199.837
M204 S1800
M205 X8 Y8
G1 F1200 X88.673 Y152.595 E1554.76413
M204 S3000
M205 X10 Y10
G0 F6000 X89.239 Y152.596
M204 S1800
M205 X8 Y8
G1 F1200 X135.9 Y199.257 E1556.95892
M204 S3000
M205 X10 Y10
G0 F6000 X135.886 Y198.677
M204 S1800
M205 X8 Y8
G1 F1200 X89.812 Y152.603 E1559.1261
M204 S3000
M205 X10 Y10
G0 F6000 X90.407 Y152.632
M204 S1800
M205 X8 Y8
G1 F1200 X135.872 Y198.098 E1561.26465
M204 S3000
M205 X10 Y10
G0 F6000 X135.851 Y197.511
M204 S1800
M205 X8 Y8
G1 F1200 X91.002 Y152.662 E1563.37421
M204 S3000
M205 X10 Y10
G0 F6000 X91.597 Y152.691
M204 S1800
M205 X8 Y8
G1 F1200 X135.805 Y196.899 E1565.45362
M204 S3000
M205 X10 Y10
G0 F6000 X135.76 Y196.288
M204 S1800
M205 X8 Y8
G1 F1200 X92.201 Y152.73 E1567.50248
M204 S3000
M205 X10 Y10
G0 F6000 X92.83 Y152.793
M204 S1800
M205 X8 Y8
G1 F1200 X135.714 Y195.676 E1569.51959
M204 S3000
M205 X10 Y10
G0 F6000 X135.656 Y195.053
M204 S1800
M205 X8 Y8
G1 F1200 X93.459 Y152.855 E1571.50443
M204 S3000
M205 X10 Y10
G0 F6000 X94.087 Y152.918
M204 S1800
M205 X8 Y8
G1 F1200 X135.575 Y194.406 E1573.4559
M204 S3000
M205 X10 Y10
G0 F6000 X135.494 Y193.759
M204 S1800
M205 X8 Y8
G1 F1200 X94.734 Y153 E1575.3731
M204 S3000
M205 X10 Y10
G0 F6000 X95.4 Y153.1
M204 S1800
M205 X8 Y8
G1 F1200 X135.413 Y193.113 E1577.25519
M204 S3000
M205 X10 Y10
G0 F6000 X135.304 Y192.438
M204 S1800
M205 X8 Y8
G1 F1200 X96.066 Y153.2 E1579.10082
M204 S3000
M205 X10 Y10
G0 F6000 X96.732 Y153.3
M204 S1800
M205 X8 Y8
G1 F1200 X135.182 Y191.751 E1580.90942
M204 S3000
M205 X10 Y10
G0 F6000 X135.061 Y191.064
M204 S1800
M205 X8 Y8
G1 F1200 X97.442 Y153.444 E1582.67892
M204 S3000
M205 X10 Y10
G0 F6000 X98.152 Y153.589
M204 S1800
M205 X8 Y8
G1 F1200 X134.924 Y190.361 E1584.40857
M204 S3000
M205 X10 Y10
G0 F6000 X134.756 Y189.627
M204 S1800
M205 X8 Y8
G1 F1200 X98.862 Y153.734 E1586.09689
M204 S3000
M205 X10 Y10
G0 F6000 X99.608 Y153.914
M204 S1800
M205 X8 Y8
G1 F1200 X134.587 Y188.893 E1587.74219
M204 S3000
M205 X10 Y10
G0 F6000 X134.408 Y188.149
M204 S1800
M205 X8 Y8
G1 F1200 X100.366 Y154.106 E1589.34345
M204 S3000
M205 X10 Y10
G0 F6000 X101.125 Y154.299
M204 S1800
M205 X8 Y8
G1 F1200 X134.188 Y187.362 E1590.89863
G1 X134.258 Y187.432
M204 S3000
M205 X10 Y10
G0 F6000 X133.968 Y186.577
M204 S1800
M205 X8 Y8
G1 F1200 X101.925 Y154.534 E1592.40583
G1 X101.855 Y154.464
M204 S3000
M205 X10 Y10
G0 F6000 X102.742 Y154.785
M204 S1800
M205 X8 Y8
G1 F1200 X133.728 Y185.771 E1593.86332
G1 X133.798 Y185.841
M204 S3000
M205 X10 Y10
G0 F6000 X133.444 Y184.921
M204 S1800
M205 X8 Y8
G1 F1200 X103.559 Y155.036 E1595.26902
G1 X103.489 Y154.966
M204 S3000
M205 X10 Y10
G0 F6000 X104.444 Y155.356
M204 S1800
M205 X8 Y8
G1 F1200 X133.159 Y184.071 E1596.61968
G1 X133.229 Y184.141
M204 S3000
M205 X10 Y10
G0 F6000 X132.82 Y183.166
M204 S1800
M205 X8 Y8
G1 F1200 X105.332 Y155.678 E1597.91264
G1 X105.262 Y155.608
M204 S3000
M205 X10 Y10
G0 F6000 X106.262 Y156.042
M204 S1800
M205 X8 Y8
G1 F1200 X132.453 Y182.233 E1599.14458
G1 X132.523 Y182.303
M204 S3000
M205 X10 Y10
G0 F6000 X132.055 Y181.27
M204 S1800
M205 X8 Y8
G1 F1200 X107.241 Y156.456 E1600.31175
G1 X107.171 Y156.386
M204 S3000
M205 X10 Y10
G0 F6000 X108.246 Y156.894
M204 S1800
M205 X8 Y8
G1 F1200 X131.591 Y180.24 E1601.40985
G1 X131.661 Y180.31
M204 S3000
M205 X10 Y10
G0 F6000 X131.097 Y179.18
M204 S1800
M205 X8 Y8
G1 F1200 X109.337 Y157.42 E1602.43338
G1 X109.267 Y157.35
M204 S3000
M205 X10 Y10
G0 F6000 X110.469 Y157.986
M204 S1800
M205 X8 Y8
G1 F1200 X130.497 Y178.015 E1603.37546
G1 X130.567 Y178.085
M204 S3000
M205 X10 Y10
G0 F6000 X129.831 Y176.783
M204 S1800
M205 X8 Y8
G1 F1200 X111.71 Y158.662 E1604.22781
G1 X111.64 Y158.592
M204 S3000
M205 X10 Y10
G0 F6000 X113.081 Y159.468
M204 S1800
M205 X8 Y8
G1 F1200 X129.065 Y175.451 E1604.97963
G1 X129.135 Y175.521
M204 S3000
M205 X10 Y10
G0 F6000 X128.064 Y173.885
M204 S1800
M205 X8 Y8
G1 F1200 X114.604 Y160.424 E1605.61277
G1 X114.534 Y160.354
M204 S3000
M205 X10 Y10
G0 F6000 X116.432 Y161.687
M204 S1800
M205 X8 Y8
G1 F1200 X126.775 Y172.03 E1606.09927
G1 X126.845 Y172.1
M204 S3000
M205 X10 Y10
G0 F6000 X124.783 Y169.472
M204 S1800
M205 X8 Y8
G1 F1200 X119.124 Y163.813 E1606.36545
G1 X119.054 Y163.743
M204 S3000
M205 X10 Y10
;MESH:NONMESH
G0 F600 X119.054 Y163.743 Z0.8
G0 F6000 X80.044 Y178.45
G0 X78.341 Y179.219
G0 X40.211 Y200
G0 X39.702 Y200
;TIME_ELAPSED:1885.090666
;LAYER:3
M204 S1800
M205 X8 Y8
;TYPE:WALL-OUTER
;MESH:8_10_1.stl
G1 F3000 X39.753 Y202.105 E1606.43549
G1 X39.786 Y202.756 E1606.45717
G1 X39.945 Y204.857 E1606.52725
G1 X40.246 Y207.272 E1606.60819
G1 X40.612 Y209.348 E1606.6783
G1 X40.742 Y209.981 E1606.6998
G1 X41.067 Y211.409 E1606.74851
G1 X41.211 Y212.04 E1606.77003
G1 X41.867 Y214.37 E1606.85054
G1 X42.536 Y216.369 E1606.92066
G1 X42.767 Y217.003 E1606.9431
G1 X43.534 Y218.954 E1607.01282
G1 X44.535 Y221.173 E1607.09379
G1 X45.643 Y223.337 E1607.17465
G1 X46.86 Y225.444 E1607.25558
G1 X48.181 Y227.488 E1607.33652
G1 X49.602 Y229.464 E1607.41748
G1 X51.118 Y231.366 E1607.49837
G1 X52.729 Y233.19 E1607.57931
G1 X54.429 Y234.933 E1607.66029
G1 X56.211 Y236.589 E1607.74121
G1 X58.073 Y238.152 E1607.82206
G1 X60.014 Y239.622 E1607.90305
G1 X62.023 Y240.99 E1607.98389
G1 X64.101 Y242.26 E1608.06489
G1 X66.239 Y243.425 E1608.14587
G1 X68.43 Y244.481 E1608.22676
G1 X70.687 Y245.433 E1608.30824
G1 X72.365 Y246.041 E1608.3676
G1 X72.958 Y246.257 E1608.38859
G1 X75.285 Y246.975 E1608.46958
G1 X77.642 Y247.574 E1608.55047
G1 X79.704 Y247.993 E1608.62045
G1 X80.353 Y248.107 E1608.64237
G1 X82.432 Y248.421 E1608.7123
G1 X84.854 Y248.663 E1608.79326
G1 X87.284 Y248.785 E1608.87418
G1 X89.717 Y248.785 E1608.95511
G1 X92.148 Y248.663 E1609.03606
G1 X94.568 Y248.421 E1609.11695
G1 X96.975 Y248.058 E1609.19792
G1 X99.359 Y247.574 E1609.27883
G1 X101.399 Y247.057 E1609.34882
G1 X102.031 Y246.878 E1609.37067
G1 X104.029 Y246.262 E1609.44021
G1 X106.018 Y245.54 E1609.51059
G1 X106.634 Y245.298 E1609.5326
G1 X108.57 Y244.481 E1609.60249
G1 X110.763 Y243.425 E1609.68345
G1 X112.318 Y242.579 E1609.74232
G1 X112.901 Y242.26 E1609.76443
G1 X114.977 Y240.992 E1609.84534
G1 X116.989 Y239.622 E1609.9263
G1 X118.927 Y238.154 E1610.00716
G1 X120.79 Y236.589 E1610.08809
G1 X122.574 Y234.933 E1610.16905
G1 X124.274 Y233.19 E1610.25003
G1 X125.882 Y231.368 E1610.33085
G1 X127.401 Y229.464 E1610.41186
G1 X128.821 Y227.49 E1610.49274
G1 X130.142 Y225.444 E1610.57374
G1 X131.357 Y223.339 E1610.65458
G1 X132.468 Y221.173 E1610.73555
G1 X133.468 Y218.956 E1610.81644
G1 X134.363 Y216.676 E1610.8979
G1 X135.131 Y214.384 E1610.9783
G1 X135.791 Y212.04 E1611.0593
G1 X136.333 Y209.669 E1611.14019
G1 X136.756 Y207.272 E1611.22115
G1 X137.058 Y204.859 E1611.30203
G1 X137.24 Y202.431 E1611.38301
G1 X137.3 Y200 E1611.46389
G1 X137.249 Y197.89 E1611.53409
G1 X137.216 Y197.244 E1611.5556
G1 X137.058 Y195.141 E1611.62575
G1 X136.756 Y192.726 E1611.7067
G1 X136.391 Y190.654 E1611.77667
G1 X136.261 Y190.012 E1611.79846
G1 X135.791 Y187.958 E1611.86854
G1 X135.133 Y185.618 E1611.94939
G1 X134.359 Y183.31 E1612.03035
G1 X133.468 Y181.046 E1612.11128
G1 X132.468 Y178.829 E1612.19217
G1 X131.357 Y176.663 E1612.27313
G1 X130.145 Y174.562 E1612.35381
G1 X128.821 Y172.51 E1612.43503
G1 X127.401 Y170.534 E1612.51596
G1 X125.884 Y168.632 E1612.59688
G1 X124.274 Y166.808 E1612.6778
G1 X122.576 Y165.067 E1612.75869
G1 X120.789 Y163.409 E1612.83976
G1 X118.927 Y161.848 E1612.92058
G1 X116.987 Y160.378 E1613.00153
G1 X114.977 Y159.008 E1613.08244
G1 X112.901 Y157.74 E1613.16335
G1 X110.763 Y156.575 E1613.24433
G1 X108.57 Y155.519 E1613.32528
G1 X106.329 Y154.574 E1613.40618
G1 X104.029 Y153.736 E1613.48759
G1 X101.717 Y153.025 E1613.56805
G1 X99.359 Y152.426 E1613.64896
G1 X96.975 Y151.942 E1613.72987
G1 X94.568 Y151.579 E1613.81084
G1 X92.148 Y151.337 E1613.89173
G1 X89.717 Y151.216 E1613.97268
G1 X87.286 Y151.215 E1614.05354
G1 X84.856 Y151.337 E1614.13446
G1 X82.434 Y151.579 E1614.21542
G1 X80.675 Y151.843 E1614.27458
G1 X80.029 Y151.942 E1614.29632
G1 X77.644 Y152.426 E1614.37726
G1 X75.299 Y153.021 E1614.45773
G1 X72.96 Y153.741 E1614.53912
G1 X70.675 Y154.574 E1614.62001
G1 X68.432 Y155.519 E1614.70097
G1 X66.239 Y156.575 E1614.78192
G1 X64.392 Y157.58 E1614.85186
G1 X63.823 Y157.908 E1614.8737
G1 X62.027 Y159.008 E1614.94375
G1 X60.016 Y160.378 E1615.02469
G1 X58.079 Y161.845 E1615.1055
G1 X56.211 Y163.412 E1615.1866
G1 X54.427 Y165.067 E1615.26753
G1 X52.729 Y166.808 E1615.34842
G1 X51.118 Y168.632 E1615.42936
G1 X49.602 Y170.534 E1615.51026
G1 X48.177 Y172.515 E1615.59142
G1 X46.862 Y174.556 E1615.67218
G1 X45.808 Y176.383 E1615.74233
G1 X45.497 Y176.951 E1615.76387
G1 X44.535 Y178.827 E1615.83399
G1 X43.534 Y181.046 E1615.91496
G1 X42.643 Y183.31 E1615.99588
G1 X41.869 Y185.618 E1616.07684
G1 X41.211 Y187.958 E1616.15769
G1 X40.67 Y190.331 E1616.23864
G1 X40.246 Y192.726 E1616.31954
G1 X39.945 Y195.141 E1616.40048
G1 X39.762 Y197.567 E1616.4814
G1 X39.702 Y200 E1616.56235
M204 S3000
M205 X10 Y10
G0 F6000 X39.706 Y200.2
G0 X40.216 Y200.188
G0 X65.292 Y199.993
G0 X65.801 Y200.006
M204 S1800
M205 X8 Y8
G1 F3000 X65.829 Y198.863 E1616.60038
G1 X65.914 Y197.736 E1616.63797
G1 X66.055 Y196.612 E1616.67565
G1 X66.249 Y195.51 E1616.71286
G1 X66.503 Y194.393 E1616.75096
G1 X66.812 Y193.303 E1616.78864
G1 X67.167 Y192.246 E1616.82573
G1 X67.585 Y191.176 E1616.86394
G1 X68.05 Y190.146 E1616.90152
G1 X68.566 Y189.137 E1616.93922
G1 X69.134 Y188.159 E1616.97683
G1 X69.748 Y187.209 E1617.01446
G1 X70.408 Y186.289 E1617.05211
G1 X71.115 Y185.405 E1617.08976
G1 X71.859 Y184.562 E1617.12716
G1 X72.655 Y183.746 E1617.16507
G1 X73.484 Y182.977 E1617.20268
G1 X74.351 Y182.249 E1617.24034
G1 X75.255 Y181.565 E1617.27804
G1 X76.188 Y180.929 E1617.3156
G1 X77.156 Y180.337 E1617.35334
G1 X78.149 Y179.797 E1617.39093
G1 X79.171 Y179.306 E1617.42864
G1 X80.212 Y178.868 E1617.46621
G1 X81.269 Y178.483 E1617.50362
G1 X82.357 Y178.146 E1617.54151
G1 X83.467 Y177.863 E1617.57961
G1 X84.564 Y177.644 E1617.61681
G1 X85.684 Y177.475 E1617.65448
G1 X86.809 Y177.363 E1617.69209
G1 X87.941 Y177.307 E1617.72978
G1 X89.073 Y177.307 E1617.76743
G1 X90.203 Y177.363 E1617.80506
G1 X91.33 Y177.477 E1617.84274
G1 X92.448 Y177.645 E1617.88034
G1 X93.546 Y177.867 E1617.9176
G1 X94.654 Y178.148 E1617.95562
G1 X95.736 Y178.485 E1617.99331
G1 X96.799 Y178.871 E1618.03093
G1 X97.842 Y179.31 E1618.06856
G1 X98.862 Y179.802 E1618.10623
G1 X99.857 Y180.344 E1618.14392
G1 X100.822 Y180.934 E1618.18154
G1 X101.757 Y181.571 E1618.21916
G1 X102.659 Y182.256 E1618.25684
G1 X103.524 Y182.983 E1618.29442
G1 X104.355 Y183.752 E1618.33208
G1 X105.145 Y184.564 E1618.36976
G1 X105.895 Y185.412 E1618.40741
G1 X106.6 Y186.298 E1618.44507
G1 X107.259 Y187.217 E1618.48268
G1 X107.875 Y188.167 E1618.52034
G1 X108.439 Y189.147 E1618.55795
G1 X108.956 Y190.155 E1618.59562
G1 X109.421 Y191.186 E1618.63324
G1 X109.84 Y192.255 E1618.67143
G1 X110.196 Y193.314 E1618.70859
G1 X110.501 Y194.404 E1618.74624
G1 X110.757 Y195.52 E1618.78432
G1 X110.949 Y196.623 E1618.82156
G1 X111.089 Y197.745 E1618.85916
G1 X111.173 Y198.874 E1618.89682
G1 X111.201 Y200.004 E1618.93441
G1 X111.173 Y201.137 E1618.97211
G1 X111.088 Y202.264 E1619.0097
G1 X110.947 Y203.388 E1619.04738
G1 X110.753 Y204.49 E1619.08459
G1 X110.499 Y205.607 E1619.12269
G1 X110.191 Y206.697 E1619.16037
G1 X109.835 Y207.754 E1619.19746
G1 X109.417 Y208.824 E1619.23567
G1 X108.952 Y209.854 E1619.27326
G1 X108.436 Y210.863 E1619.31095
G1 X107.868 Y211.841 E1619.34857
G1 X107.254 Y212.791 E1619.38619
G1 X106.595 Y213.712 E1619.42386
G1 X105.887 Y214.595 E1619.4615
G1 X105.143 Y215.438 E1619.4989
G1 X104.347 Y216.254 E1619.53681
G1 X103.518 Y217.023 E1619.57442
G1 X102.652 Y217.751 E1619.61205
G1 X101.747 Y218.435 E1619.64978
G1 X100.814 Y219.071 E1619.68733
G1 X99.846 Y219.663 E1619.72507
G1 X98.853 Y220.203 E1619.76267
G1 X97.831 Y220.694 E1619.80038
G1 X96.79 Y221.132 E1619.83794
G1 X95.733 Y221.517 E1619.87536
G1 X94.645 Y221.854 E1619.91324
G1 X93.535 Y222.137 E1619.95134
G1 X92.438 Y222.356 E1619.98855
G1 X91.318 Y222.525 E1620.02622
G1 X90.193 Y222.637 E1620.06382
G1 X89.061 Y222.693 E1620.10152
G1 X87.929 Y222.693 E1620.13917
G1 X86.8 Y222.637 E1620.17677
G1 X85.672 Y222.523 E1620.21448
G1 X84.554 Y222.355 E1620.25208
G1 X83.456 Y222.133 E1620.28934
G1 X82.348 Y221.852 E1620.32736
G1 X81.266 Y221.515 E1620.36505
G1 X80.203 Y221.129 E1620.40266
G1 X79.16 Y220.69 E1620.4403
G1 X78.14 Y220.198 E1620.47797
G1 X77.145 Y219.656 E1620.51565
G1 X76.18 Y219.066 E1620.55327
G1 X75.244 Y218.429 E1620.59093
G1 X74.343 Y217.743 E1620.62859
G1 X73.477 Y217.016 E1620.6662
G1 X72.646 Y216.247 E1620.70386
G1 X71.857 Y215.436 E1620.74149
G1 X71.106 Y214.587 E1620.77919
G1 X70.402 Y213.701 E1620.81683
G1 X69.743 Y212.783 E1620.85442
G1 X69.126 Y211.832 E1620.89212
G1 X68.561 Y210.852 E1620.92974
G1 X68.046 Y209.845 E1620.96736
G1 X67.581 Y208.813 E1621.00501
G1 X67.162 Y207.745 E1621.04317
G1 X66.807 Y206.686 E1621.08032
G1 X66.501 Y205.595 E1621.118
G1 X66.245 Y204.48 E1621.15605
G1 X66.053 Y203.376 E1621.19332
G1 X65.913 Y202.254 E1621.23093
G1 X65.829 Y201.125 E1621.26859
G1 X65.801 Y200.006 E1621.30582
M204 S3000
M205 X10 Y10
G0 F6000 X65.805 Y199.806
G0 X65.401 Y200.016
M204 S1800
M205 X8 Y8
;TYPE:WALL-INNER
G1 F3000 X65.43 Y198.833 E1621.34517
G1 X65.517 Y197.686 E1621.38343
G1 X65.661 Y196.542 E1621.42178
G1 X65.859 Y195.422 E1621.45961
G1 X66.118 Y194.284 E1621.49843
G1 X66.433 Y193.176 E1621.53674
G1 X66.795 Y192.1 E1621.5745
G1 X67.221 Y191.012 E1621.61336
G1 X67.694 Y189.964 E1621.65161
G1 X68.22 Y188.937 E1621.68998
G1 X68.798 Y187.942 E1621.72826
G1 X69.423 Y186.976 E1621.76652
G1 X70.096 Y186.039 E1621.80489
G1 X70.815 Y185.141 E1621.84316
G1 X71.573 Y184.283 E1621.88124
G1 X72.383 Y183.453 E1621.91981
G1 X73.226 Y182.671 E1621.95805
G1 X74.109 Y181.93 E1621.99639
G1 X75.029 Y181.235 E1622.03474
G1 X75.979 Y180.588 E1622.07297
G1 X76.965 Y179.985 E1622.11141
G1 X77.975 Y179.437 E1622.14963
G1 X79.015 Y178.938 E1622.188
G1 X80.075 Y178.492 E1622.22625
G1 X81.15 Y178.101 E1622.26429
G1 X82.259 Y177.758 E1622.3029
G1 X83.389 Y177.471 E1622.34168
G1 X84.504 Y177.248 E1622.3795
G1 X85.644 Y177.077 E1622.41784
G1 X86.789 Y176.963 E1622.45611
G1 X87.926 Y176.907 E1622.49397
G1 X89.093 Y176.907 E1622.53279
G1 X90.243 Y176.965 E1622.57109
G1 X91.39 Y177.081 E1622.60943
G1 X92.527 Y177.253 E1622.64768
G1 X93.644 Y177.479 E1622.68558
G1 X94.772 Y177.766 E1622.72429
G1 X95.858 Y178.104 E1622.76212
G1 X96.954 Y178.502 E1622.80091
G1 X98.016 Y178.95 E1622.83924
G1 X99.053 Y179.451 E1622.87755
G1 X100.065 Y180.003 E1622.91589
G1 X101.047 Y180.603 E1622.95416
G1 X101.999 Y181.253 E1622.9925
G1 X102.916 Y181.95 E1623.03081
G1 X103.796 Y182.689 E1623.06903
G1 X104.641 Y183.473 E1623.10737
G1 X105.445 Y184.299 E1623.14571
G1 X106.208 Y185.163 E1623.18405
G1 X106.925 Y186.065 E1623.22237
G1 X107.595 Y186.999 E1623.2606
G1 X108.221 Y187.967 E1623.29895
G1 X108.795 Y188.965 E1623.33724
G1 X109.32 Y189.991 E1623.37557
G1 X109.793 Y191.04 E1623.41384
G1 X110.219 Y192.127 E1623.45267
G1 X110.581 Y193.206 E1623.49053
G1 X110.891 Y194.315 E1623.52883
G1 X111.151 Y195.451 E1623.56759
G1 X111.346 Y196.573 E1623.60547
G1 X111.488 Y197.715 E1623.64374
G1 X111.573 Y198.864 E1623.68206
G1 X111.601 Y200.014 E1623.72032
G1 X111.572 Y201.167 E1623.75868
G1 X111.485 Y202.314 E1623.79694
G1 X111.341 Y203.458 E1623.83529
G1 X111.143 Y204.578 E1623.87312
G1 X110.884 Y205.715 E1623.91191
G1 X110.57 Y206.825 E1623.95027
G1 X110.207 Y207.9 E1623.98801
G1 X109.781 Y208.988 E1624.02687
G1 X109.308 Y210.036 E1624.06512
G1 X108.789 Y211.049 E1624.10297
G1 X108.22 Y212.033 E1624.14078
G1 X107.579 Y213.024 E1624.18003
G1 X106.907 Y213.962 E1624.21841
G1 X106.187 Y214.859 E1624.25667
G1 X105.429 Y215.717 E1624.29475
G1 X104.619 Y216.547 E1624.33332
G1 X103.776 Y217.329 E1624.37156
G1 X102.894 Y218.07 E1624.40988
G1 X101.973 Y218.765 E1624.44825
G1 X101.023 Y219.412 E1624.48648
G1 X100.037 Y220.015 E1624.52492
G1 X99.027 Y220.563 E1624.56314
G1 X97.987 Y221.062 E1624.60151
G1 X96.927 Y221.508 E1624.63976
G1 X95.852 Y221.899 E1624.67781
G1 X94.743 Y222.242 E1624.71641
G1 X93.613 Y222.529 E1624.75519
G1 X92.498 Y222.752 E1624.79301
G1 X91.358 Y222.923 E1624.83135
G1 X90.213 Y223.037 E1624.86962
G1 X89.076 Y223.093 E1624.90749
G1 X87.909 Y223.093 E1624.9463
G1 X86.76 Y223.035 E1624.98457
G1 X85.612 Y222.919 E1625.02294
G1 X84.475 Y222.747 E1625.06119
G1 X83.358 Y222.521 E1625.09909
G1 X82.23 Y222.234 E1625.13781
G1 X81.13 Y221.892 E1625.17612
G1 X80.048 Y221.498 E1625.21442
G1 X78.986 Y221.05 E1625.25276
G1 X77.949 Y220.549 E1625.29106
G1 X76.937 Y219.997 E1625.3294
G1 X75.955 Y219.397 E1625.36768
G1 X75.002 Y218.747 E1625.40604
G1 X74.086 Y218.049 E1625.44435
G1 X73.205 Y217.31 E1625.48259
G1 X72.36 Y216.526 E1625.52093
G1 X71.557 Y215.701 E1625.55922
G1 X70.793 Y214.836 E1625.59761
G1 X70.077 Y213.935 E1625.63589
G1 X69.407 Y213.001 E1625.67412
G1 X68.78 Y212.032 E1625.71251
G1 X68.205 Y211.034 E1625.75081
G1 X67.688 Y210.023 E1625.78858
G1 X67.22 Y208.986 E1625.82642
G1 X66.788 Y207.887 E1625.8657
G1 X66.422 Y206.794 E1625.90404
G1 X66.111 Y205.684 E1625.94238
G1 X65.851 Y204.549 E1625.9811
G1 X65.656 Y203.426 E1626.01901
G1 X65.514 Y202.284 E1626.05729
G1 X65.429 Y201.135 E1626.09561
G1 X65.401 Y200.016 E1626.13284
M204 S3000
M205 X10 Y10
G0 F6000 X65.291 Y200.018
G0 X40.211 Y200
G0 X40.102 Y200
M204 S1800
M205 X8 Y8
G1 F3000 X40.153 Y202.095 E1626.20254
G1 X40.185 Y202.726 E1626.22355
G1 X40.343 Y204.817 E1626.2933
G1 X40.642 Y207.212 E1626.37358
G1 X41.006 Y209.278 E1626.44335
G1 X41.132 Y209.892 E1626.4642
G1 X41.457 Y211.32 E1626.51291
G1 X41.599 Y211.941 E1626.53409
G1 X42.249 Y214.252 E1626.61394
G1 X43.02 Y216.553 E1626.69465
G1 X43.789 Y218.51 E1626.76459
G1 X44.03 Y219.081 E1626.7852
G1 X44.627 Y220.407 E1626.83357
G1 X44.895 Y220.999 E1626.85518
G1 X45.995 Y223.146 E1626.93542
G1 X47.202 Y225.235 E1627.01566
G1 X48.511 Y227.262 E1627.09592
G1 X49.921 Y229.222 E1627.17622
G1 X51.424 Y231.109 E1627.25646
G1 X53.022 Y232.918 E1627.33674
G1 X54.709 Y234.647 E1627.41709
G1 X56.476 Y236.289 E1627.49732
G1 X58.323 Y237.839 E1627.57751
G1 X60.248 Y239.297 E1627.65783
G1 X62.24 Y240.654 E1627.738
G1 X64.301 Y241.914 E1627.81834
G1 X66.421 Y243.069 E1627.89864
G1 X68.594 Y244.116 E1627.97887
G1 X70.833 Y245.061 E1628.0597
G1 X72.501 Y245.665 E1628.1187
G1 X73.085 Y245.877 E1628.13936
G1 X75.393 Y246.59 E1628.21971
G1 X77.731 Y247.184 E1628.29994
G1 X80.097 Y247.664 E1628.38024
G1 X82.482 Y248.024 E1628.46046
G1 X84.884 Y248.264 E1628.54075
G1 X86.978 Y248.368 E1628.61048
G1 X87.61 Y248.385 E1628.63151
G1 X89.707 Y248.385 E1628.70126
G1 X92.118 Y248.264 E1628.78155
G1 X94.518 Y248.024 E1628.86177
G1 X96.905 Y247.664 E1628.94206
G1 X99.27 Y247.184 E1629.02232
G1 X101.609 Y246.59 E1629.10259
G1 X103.902 Y245.883 E1629.1824
G1 X106.183 Y245.054 E1629.26312
G1 X108.117 Y244.239 E1629.33292
G1 X108.686 Y243.982 E1629.35369
G1 X110.581 Y243.069 E1629.42365
G1 X112.126 Y242.228 E1629.48216
G1 X112.701 Y241.914 E1629.50395
G1 X114.76 Y240.656 E1629.5842
G1 X116.755 Y239.297 E1629.66449
G1 X118.677 Y237.841 E1629.74468
G1 X120.525 Y236.289 E1629.82495
G1 X122.294 Y234.647 E1629.90523
G1 X123.981 Y232.918 E1629.98557
G1 X125.576 Y231.111 E1630.06574
G1 X127.082 Y229.222 E1630.14609
G1 X128.491 Y227.264 E1630.22632
G1 X129.8 Y225.236 E1630.3066
G1 X131.005 Y223.147 E1630.38681
G1 X132.108 Y220.999 E1630.46713
G1 X133.099 Y218.8 E1630.54735
G1 X133.987 Y216.539 E1630.62814
G1 X134.749 Y214.266 E1630.70788
G1 X135.403 Y211.941 E1630.78821
G1 X135.941 Y209.589 E1630.86846
G1 X136.36 Y207.212 E1630.94873
G1 X136.66 Y204.819 E1631.02895
G1 X136.84 Y202.411 E1631.10926
G1 X136.9 Y200 E1631.18948
G1 X136.849 Y197.9 E1631.25934
G1 X136.817 Y197.274 E1631.28019
G1 X136.66 Y195.181 E1631.35
G1 X136.36 Y192.786 E1631.43028
G1 X135.997 Y190.724 E1631.49992
G1 X135.871 Y190.101 E1631.52106
G1 X135.403 Y188.057 E1631.5908
G1 X134.751 Y185.736 E1631.67099
G1 X133.983 Y183.447 E1631.75129
G1 X133.1 Y181.202 E1631.83153
G1 X132.108 Y179.003 E1631.91176
G1 X131.148 Y177.131 E1631.98174
G1 X130.851 Y176.586 E1632.00238
G1 X129.803 Y174.77 E1632.07212
G1 X128.49 Y172.735 E1632.15267
G1 X127.082 Y170.776 E1632.23291
G1 X125.578 Y168.889 E1632.31317
G1 X123.981 Y167.08 E1632.39342
G1 X122.296 Y165.353 E1632.47368
G1 X120.524 Y163.709 E1632.55407
G1 X118.677 Y162.161 E1632.63423
G1 X116.753 Y160.703 E1632.71452
G1 X114.76 Y159.344 E1632.79475
G1 X112.701 Y158.086 E1632.875
G1 X110.581 Y156.931 E1632.9553
G1 X108.406 Y155.884 E1633.03558
G1 X106.183 Y154.946 E1633.11583
G1 X103.902 Y154.116 E1633.19657
G1 X101.609 Y153.41 E1633.27637
G1 X99.27 Y152.816 E1633.35663
G1 X96.905 Y152.336 E1633.43689
G1 X94.518 Y151.976 E1633.51718
G1 X92.118 Y151.736 E1633.59741
G1 X89.707 Y151.616 E1633.6777
G1 X87.296 Y151.615 E1633.75789
G1 X84.886 Y151.736 E1633.83814
G1 X82.484 Y151.976 E1633.91843
G1 X80.099 Y152.336 E1633.99866
G1 X77.733 Y152.816 E1634.07895
G1 X75.407 Y153.406 E1634.15877
G1 X73.088 Y154.12 E1634.23947
G1 X70.821 Y154.946 E1634.31972
G1 X68.596 Y155.884 E1634.40003
G1 X66.421 Y156.931 E1634.48032
G1 X64.303 Y158.084 E1634.56052
G1 X62.244 Y159.344 E1634.64081
G1 X60.25 Y160.703 E1634.72107
G1 X58.329 Y162.158 E1634.80122
G1 X56.476 Y163.712 E1634.88166
G1 X54.707 Y165.353 E1634.96191
G1 X53.022 Y167.08 E1635.04216
G1 X51.424 Y168.889 E1635.12244
G1 X49.921 Y170.776 E1635.20268
G1 X48.508 Y172.74 E1635.28315
G1 X47.204 Y174.764 E1635.36323
G1 X45.997 Y176.855 E1635.44354
G1 X44.895 Y179.001 E1635.52377
G1 X43.902 Y181.202 E1635.60408
G1 X43.019 Y183.447 E1635.68432
G1 X42.251 Y185.736 E1635.76462
G1 X41.599 Y188.057 E1635.84481
G1 X41.062 Y190.411 E1635.92511
G1 X40.642 Y192.786 E1636.00533
G1 X40.343 Y195.181 E1636.08561
G1 X40.162 Y197.587 E1636.16586
G1 X40.102 Y200 E1636.24614
M204 S3000
M205 X10 Y10
G0 F6000 X40.502 Y200
M204 S1800
M205 X8 Y8
G1 F3000 X40.553 Y202.085 E1636.31551
G1 X40.584 Y202.696 E1636.33586
G1 X40.741 Y204.777 E1636.40527
G1 X40.999 Y206.845 E1636.47458
G1 X41.091 Y207.457 E1636.49517
G1 X41.454 Y209.508 E1636.56444
G1 X41.987 Y211.843 E1636.6441
G1 X42.55 Y213.846 E1636.71331
G1 X42.726 Y214.417 E1636.73318
G1 X43.396 Y216.417 E1636.80333
G1 X44.271 Y218.643 E1636.88288
G1 X45.256 Y220.826 E1636.96254
G1 X46.346 Y222.954 E1637.04206
G1 X47.219 Y224.466 E1637.10013
G1 X47.543 Y225.027 E1637.12168
G1 X48.842 Y227.037 E1637.20128
G1 X50.24 Y228.981 E1637.28092
G1 X51.319 Y230.334 E1637.33848
G1 X51.731 Y230.851 E1637.36047
G1 X53.114 Y232.419 E1637.43
G1 X53.527 Y232.862 E1637.45015
G1 X54.988 Y234.361 E1637.51977
G1 X56.741 Y235.989 E1637.59934
G1 X58.572 Y237.526 E1637.67885
G1 X60.481 Y238.972 E1637.7585
G1 X62.457 Y240.318 E1637.83802
G1 X64.501 Y241.567 E1637.9177
G1 X66.604 Y242.713 E1637.99735
G1 X68.759 Y243.752 E1638.07692
G1 X70.979 Y244.688 E1638.15706
G1 X73.213 Y245.498 E1638.23609
G1 X75.501 Y246.205 E1638.31574
G1 X77.226 Y246.642 E1638.37493
G1 X77.82 Y246.794 E1638.39532
G1 X79.863 Y247.209 E1638.46466
G1 X80.473 Y247.316 E1638.48526
G1 X82.532 Y247.627 E1638.55452
G1 X84.914 Y247.865 E1638.63414
G1 X87.304 Y247.985 E1638.71373
G1 X89.697 Y247.985 E1638.79332
G1 X92.088 Y247.865 E1638.87295
G1 X94.468 Y247.627 E1638.9525
G1 X96.527 Y247.318 E1639.02175
G1 X97.14 Y247.209 E1639.04246
G1 X99.181 Y246.794 E1639.11173
G1 X101.501 Y246.204 E1639.19135
G1 X103.774 Y245.503 E1639.27046
G1 X105.745 Y244.788 E1639.3402
G1 X106.323 Y244.561 E1639.36085
G1 X108.241 Y243.752 E1639.43009
G1 X110.398 Y242.713 E1639.50972
G1 X111.935 Y241.876 E1639.56793
G1 X112.501 Y241.567 E1639.58938
G1 X114.543 Y240.32 E1639.66896
G1 X116.522 Y238.972 E1639.7486
G1 X118.428 Y237.529 E1639.82811
G1 X120.26 Y235.989 E1639.90771
G1 X122.015 Y234.36 E1639.98735
G1 X123.687 Y232.646 E1640.06699
G1 X125.269 Y230.853 E1640.14652
G1 X126.763 Y228.98 E1640.22621
G1 X128.16 Y227.039 E1640.30575
G1 X129.459 Y225.027 E1640.3854
G1 X130.654 Y222.956 E1640.46493
G1 X131.747 Y220.825 E1640.54459
G1 X132.731 Y218.645 E1640.62414
G1 X133.611 Y216.403 E1640.70425
G1 X134.366 Y214.148 E1640.78334
G1 X135.015 Y211.842 E1640.86302
G1 X135.549 Y209.51 E1640.94259
G1 X135.964 Y207.152 E1641.02222
G1 X136.262 Y204.779 E1641.10177
G1 X136.44 Y202.391 E1641.18141
G1 X136.5 Y200 E1641.26096
G1 X136.449 Y197.91 E1641.3305
G1 X136.418 Y197.304 E1641.35068
G1 X136.262 Y195.221 E1641.42015
G1 X135.964 Y192.846 E1641.49977
G1 X135.603 Y190.793 E1641.5691
G1 X135.481 Y190.19 E1641.58956
G1 X135.015 Y188.155 E1641.659
G1 X134.369 Y185.854 E1641.73849
G1 X133.607 Y183.584 E1641.81813
G1 X132.731 Y181.357 E1641.89772
G1 X131.747 Y179.177 E1641.97727
G1 X130.654 Y177.046 E1642.05693
G1 X129.462 Y174.979 E1642.13629
G1 X128.16 Y172.961 E1642.21617
G1 X126.763 Y171.017 E1642.29579
G1 X125.271 Y169.147 E1642.37536
G1 X123.687 Y167.352 E1642.45498
G1 X122.017 Y165.64 E1642.53452
G1 X120.26 Y164.009 E1642.61426
G1 X118.428 Y162.474 E1642.69375
G1 X116.519 Y161.028 E1642.77341
G1 X114.543 Y159.68 E1642.85296
G1 X112.501 Y158.433 E1642.93254
G1 X110.398 Y157.287 E1643.0122
G1 X108.241 Y156.248 E1643.09183
G1 X106.037 Y155.319 E1643.17138
G1 X103.774 Y154.495 E1643.25149
G1 X101.501 Y153.796 E1643.33058
G1 X99.181 Y153.206 E1643.4102
G1 X96.835 Y152.73 E1643.48982
G1 X94.468 Y152.373 E1643.56944
G1 X92.088 Y152.135 E1643.64899
G1 X89.697 Y152.016 E1643.72861
G1 X87.306 Y152.015 E1643.80814
G1 X84.916 Y152.135 E1643.88773
G1 X82.534 Y152.373 E1643.96735
G1 X80.795 Y152.634 E1644.02584
G1 X80.169 Y152.73 E1644.0469
G1 X77.822 Y153.206 E1644.12655
G1 X75.515 Y153.792 E1644.20572
G1 X73.215 Y154.5 E1644.28576
G1 X70.967 Y155.319 E1644.36534
G1 X68.761 Y156.248 E1644.44495
G1 X66.604 Y157.287 E1644.52458
G1 X64.503 Y158.431 E1644.60415
G1 X62.461 Y159.68 E1644.68376
G1 X60.483 Y161.028 E1644.76338
G1 X58.578 Y162.471 E1644.84286
G1 X56.74 Y164.012 E1644.92264
G1 X54.986 Y165.64 E1645.00223
G1 X53.316 Y167.352 E1645.08178
G1 X51.731 Y169.146 E1645.1614
G1 X50.24 Y171.017 E1645.24097
G1 X48.838 Y172.966 E1645.32082
G1 X47.545 Y174.973 E1645.40023
G1 X46.348 Y177.046 E1645.47985
G1 X45.256 Y179.175 E1645.55943
G1 X44.271 Y181.357 E1645.63906
G1 X43.395 Y183.584 E1645.71865
G1 X42.633 Y185.854 E1645.79829
G1 X41.987 Y188.155 E1645.87778
G1 X41.454 Y190.49 E1645.95744
G1 X41.038 Y192.846 E1646.03701
G1 X40.741 Y195.221 E1646.11662
G1 X40.562 Y197.607 E1646.1962
G1 X40.502 Y200 E1646.27582
M204 S3000
M205 X10 Y10
G0 F6000 X65.001 Y200.026
M204 S1800
M205 X8 Y8
G1 F3000 X65.029 Y198.853 E1646.31485
G1 X65.031 Y198.803 E1646.31651
G1 X65.12 Y197.637 E1646.3554
G1 X65.263 Y196.497 E1646.39362
G1 X65.469 Y195.333 E1646.43293
G1 X65.726 Y194.201 E1646.47154
G1 X66.053 Y193.048 E1646.5114
G1 X66.422 Y191.955 E1646.54977
G1 X66.856 Y190.847 E1646.58935
G1 X67.338 Y189.782 E1646.62823
G1 X67.861 Y188.76 E1646.66642
G1 X68.448 Y187.746 E1646.70539
G1 X69.098 Y186.743 E1646.74514
G1 X69.782 Y185.79 E1646.78416
G1 X70.515 Y184.876 E1646.82312
G1 X71.27 Y184.021 E1646.86106
G1 X72.093 Y183.177 E1646.90027
G1 X72.969 Y182.365 E1646.94
G1 X73.868 Y181.611 E1646.97902
G1 X74.804 Y180.904 E1647.01804
G1 X75.75 Y180.259 E1647.05612
G1 X76.774 Y179.634 E1647.09602
G1 X77.802 Y179.076 E1647.13492
G1 X78.837 Y178.579 E1647.17311
G1 X79.915 Y178.124 E1647.21203
G1 X81.032 Y177.719 E1647.25155
G1 X82.16 Y177.37 E1647.29082
G1 X83.308 Y177.079 E1647.33021
G1 X84.444 Y176.853 E1647.36873
G1 X85.604 Y176.679 E1647.40775
G1 X86.745 Y176.565 E1647.44588
G1 X87.941 Y176.507 E1647.48571
G1 X89.113 Y176.508 E1647.52469
G1 X90.283 Y176.567 E1647.56366
G1 X91.425 Y176.682 E1647.60183
G1 X92.606 Y176.861 E1647.64156
G1 X93.743 Y177.091 E1647.68014
G1 X94.891 Y177.384 E1647.71955
G1 X95.985 Y177.724 E1647.75765
G1 X97.109 Y178.134 E1647.79745
G1 X98.167 Y178.579 E1647.83562
G1 X99.245 Y179.099 E1647.87543
G1 X100.274 Y179.661 E1647.91443
G1 X101.252 Y180.259 E1647.95255
G1 X102.241 Y180.934 E1647.99238
G1 X103.173 Y181.643 E1648.03133
G1 X104.05 Y182.38 E1648.06943
G1 X104.928 Y183.193 E1648.10923
G1 X105.745 Y184.034 E1648.14823
G1 X106.505 Y184.894 E1648.1864
G1 X107.25 Y185.831 E1648.22621
G1 X107.931 Y186.782 E1648.26512
G1 X108.568 Y187.767 E1648.30413
G1 X109.14 Y188.76 E1648.34225
G1 X109.685 Y189.826 E1648.38207
G1 X110.165 Y190.893 E1648.42098
G1 X110.598 Y192 E1648.46052
G1 X110.967 Y193.098 E1648.49904
G1 X111.281 Y194.225 E1648.53795
G1 X111.545 Y195.382 E1648.57743
G1 X111.743 Y196.523 E1648.61594
G1 X111.887 Y197.685 E1648.65489
G1 X111.972 Y198.828 E1648.69301
G1 X112.002 Y200 E1648.732
G1 X111.971 Y201.197 E1648.77183
G1 X111.882 Y202.363 E1648.81072
G1 X111.739 Y203.503 E1648.84894
G1 X111.533 Y204.667 E1648.88825
G1 X111.276 Y205.799 E1648.92686
G1 X110.95 Y206.951 E1648.96668
G1 X110.58 Y208.045 E1649.00509
G1 X110.146 Y209.153 E1649.04467
G1 X109.664 Y210.218 E1649.08355
G1 X109.128 Y211.264 E1649.12264
G1 X108.541 Y212.275 E1649.16153
G1 X107.905 Y213.257 E1649.20044
G1 X107.236 Y214.19 E1649.23862
G1 X106.487 Y215.124 E1649.27844
G1 X105.732 Y215.979 E1649.31638
G1 X104.891 Y216.841 E1649.35644
G1 X104.051 Y217.62 E1649.39454
G1 X103.135 Y218.389 E1649.43432
G1 X102.198 Y219.096 E1649.47336
G1 X101.252 Y219.74 E1649.51142
G1 X100.229 Y220.366 E1649.55131
G1 X99.2 Y220.924 E1649.59025
G1 X98.165 Y221.421 E1649.62843
G1 X97.087 Y221.875 E1649.66734
G1 X95.991 Y222.274 E1649.70613
G1 X94.842 Y222.63 E1649.74614
G1 X93.695 Y222.921 E1649.7855
G1 X92.557 Y223.147 E1649.82409
G1 X91.398 Y223.321 E1649.86307
G1 X90.258 Y223.435 E1649.90117
G1 X89.061 Y223.493 E1649.94103
G1 X87.889 Y223.492 E1649.98001
G1 X86.72 Y223.433 E1650.01894
G1 X85.577 Y223.318 E1650.05715
G1 X84.396 Y223.139 E1650.09688
G1 X83.259 Y222.909 E1650.13546
G1 X82.136 Y222.623 E1650.17401
G1 X81.038 Y222.283 E1650.21224
G1 X79.916 Y221.876 E1650.25193
G1 X78.813 Y221.41 E1650.29176
G1 X77.757 Y220.901 E1650.33075
G1 X76.728 Y220.339 E1650.36975
G1 X75.75 Y219.74 E1650.40789
G1 X74.762 Y219.067 E1650.44765
G1 X73.829 Y218.356 E1650.48667
G1 X72.951 Y217.62 E1650.52477
G1 X72.073 Y216.805 E1650.56462
G1 X71.257 Y215.966 E1650.60354
G1 X70.48 Y215.086 E1650.64259
G1 X69.752 Y214.168 E1650.68156
G1 X69.071 Y213.219 E1650.72041
G1 X68.433 Y212.232 E1650.7595
G1 X67.849 Y211.216 E1650.79847
G1 X67.317 Y210.174 E1650.83739
G1 X66.837 Y209.106 E1650.87633
G1 X66.403 Y207.999 E1650.91588
G1 X66.044 Y206.926 E1650.95351
G1 X65.721 Y205.774 E1650.9933
G1 X65.457 Y204.618 E1651.03274
G1 X65.259 Y203.476 E1651.07129
G1 X65.115 Y202.314 E1651.11024
G1 X65.03 Y201.17 E1651.14839
G1 X65.001 Y200.026 E1651.18645
M204 S3000
M205 X10 Y10
G0 F6000 X64.621 Y200.038
M204 S1800
M205 X8 Y8
;TYPE:SKIN
G1 F1200 X64.649 Y198.835 E1651.22647
G1 X64.737 Y197.647 E1651.2661
G1 X64.883 Y196.467 E1651.30564
G1 X65.087 Y195.304 E1651.34491
G1 X65.351 Y194.131 E1651.3849
G1 X65.677 Y192.983 E1651.4246
G1 X66.044 Y191.885 E1651.4631
G1 X66.487 Y190.747 E1651.50372
G1 X66.974 Y189.66 E1651.54334
G1 X67.514 Y188.6 E1651.5829
G1 X68.112 Y187.567 E1651.6226
G1 X68.756 Y186.568 E1651.66213
G1 X69.467 Y185.575 E1651.70276
G1 X70.194 Y184.667 E1651.74144
G1 X70.972 Y183.781 E1651.78066
G1 X71.809 Y182.921 E1651.82057
G1 X72.68 Y182.113 E1651.86009
G1 X73.59 Y181.348 E1651.89963
G1 X74.541 Y180.626 E1651.93934
G1 X75.522 Y179.954 E1651.97889
G1 X76.539 Y179.33 E1652.01858
G1 X77.584 Y178.76 E1652.05817
G1 X78.66 Y178.242 E1652.09789
G1 X79.753 Y177.781 E1652.13734
G1 X80.864 Y177.376 E1652.17667
G1 X82.007 Y177.018 E1652.21651
G1 X83.18 Y176.717 E1652.25679
G1 X84.331 Y176.487 E1652.29583
G1 X85.508 Y176.309 E1652.33542
G1 X86.69 Y176.188 E1652.37494
G1 X87.881 Y176.128 E1652.4146
G1 X89.103 Y176.127 E1652.45525
G1 X90.262 Y176.184 E1652.49384
G1 X91.448 Y176.302 E1652.53348
G1 X92.623 Y176.478 E1652.573
G1 X93.768 Y176.707 E1652.61184
G1 X94.943 Y177.003 E1652.65214
G1 X96.085 Y177.357 E1652.6919
G1 X97.203 Y177.763 E1652.73147
G1 X98.304 Y178.223 E1652.77115
G1 X99.374 Y178.738 E1652.81065
G1 X100.423 Y179.308 E1652.85036
G1 X101.439 Y179.928 E1652.88994
G1 X102.426 Y180.599 E1652.92964
G1 X103.373 Y181.317 E1652.96917
G1 X104.283 Y182.078 E1653.00862
G1 X105.158 Y182.886 E1653.04823
G1 X105.99 Y183.74 E1653.08789
G1 X106.776 Y184.628 E1653.12733
G1 X107.523 Y185.562 E1653.16711
G1 X108.218 Y186.53 E1653.20675
G1 X108.864 Y187.524 E1653.24617
G1 X109.461 Y188.556 E1653.28583
G1 X110.006 Y189.615 E1653.32544
G1 X110.497 Y190.699 E1653.36502
G1 X110.938 Y191.823 E1653.40518
G1 X111.315 Y192.934 E1653.4442
G1 X111.639 Y194.085 E1653.48397
G1 X111.909 Y195.257 E1653.52397
G1 X112.111 Y196.417 E1653.56314
G1 X112.26 Y197.598 E1653.60273
G1 X112.35 Y198.784 E1653.64229
G1 X112.381 Y199.976 E1653.68195
G1 X112.353 Y201.166 E1653.72154
G1 X112.265 Y202.353 E1653.76113
G1 X112.118 Y203.536 E1653.80078
G1 X111.915 Y204.696 E1653.83994
G1 X111.65 Y205.866 E1653.87984
G1 X111.327 Y207.018 E1653.91964
G1 X110.953 Y208.131 E1653.95869
G1 X110.516 Y209.253 E1653.99874
G1 X110.028 Y210.339 E1654.03834
G1 X109.489 Y211.397 E1654.07783
G1 X108.892 Y212.432 E1654.11757
G1 X108.246 Y213.433 E1654.1572
G1 X107.554 Y214.402 E1654.1968
G1 X106.808 Y215.331 E1654.23643
G1 X106.024 Y216.224 E1654.27595
G1 X105.193 Y217.078 E1654.31558
G1 X104.322 Y217.887 E1654.35512
G1 X103.414 Y218.654 E1654.39465
G1 X102.46 Y219.376 E1654.43445
G1 X101.479 Y220.047 E1654.47398
G1 X100.463 Y220.669 E1654.5136
G1 X99.418 Y221.24 E1654.55321
G1 X98.348 Y221.755 E1654.5927
G1 X97.25 Y222.219 E1654.63235
G1 X96.137 Y222.625 E1654.67175
G1 X94.995 Y222.981 E1654.71154
G1 X93.826 Y223.283 E1654.7517
G1 X92.67 Y223.513 E1654.7909
G1 X91.494 Y223.691 E1654.83046
G1 X90.313 Y223.812 E1654.86994
G1 X89.121 Y223.872 E1654.90964
G1 X87.899 Y223.873 E1654.95028
G1 X86.741 Y223.816 E1654.98885
G1 X85.554 Y223.698 E1655.02852
G1 X84.379 Y223.522 E1655.06804
G1 X83.219 Y223.29 E1655.10738
G1 X82.058 Y222.996 E1655.14722
G1 X80.917 Y222.643 E1655.18694
G1 X79.801 Y222.237 E1655.22644
G1 X78.706 Y221.782 E1655.26588
G1 X77.628 Y221.263 E1655.30567
G1 X76.579 Y220.692 E1655.3454
G1 X75.565 Y220.072 E1655.38493
G1 X74.58 Y219.405 E1655.42449
G1 X73.628 Y218.682 E1655.46425
G1 X72.715 Y217.917 E1655.50387
G1 X71.845 Y217.116 E1655.5432
G1 X71.012 Y216.26 E1655.58293
G1 X70.225 Y215.37 E1655.62244
G1 X69.477 Y214.434 E1655.66229
G1 X68.785 Y213.473 E1655.70168
G1 X68.136 Y212.476 E1655.74125
G1 X67.54 Y211.443 E1655.78092
G1 X66.995 Y210.382 E1655.82059
G1 X66.505 Y209.299 E1655.86012
G1 X66.064 Y208.178 E1655.90019
G1 X65.687 Y207.061 E1655.9394
G1 X65.363 Y205.913 E1655.97907
G1 X65.09 Y204.73 E1656.01946
G1 X64.89 Y203.58 E1656.05828
G1 X64.742 Y202.401 E1656.0978
G1 X64.652 Y201.214 E1656.13739
G1 X64.621 Y200.038 E1656.17652
M204 S3000
M205 X10 Y10
G0 F6000 X40.883 Y200.001
M204 S1800
M205 X8 Y8
G1 F1200 X40.941 Y202.371 E1656.25537
G1 X41.12 Y204.737 E1656.33429
G1 X41.413 Y207.095 E1656.41332
G1 X41.774 Y209.137 E1656.48229
G1 X41.892 Y209.718 E1656.50201
G1 X42.357 Y211.747 E1656.57124
G1 X42.993 Y214.008 E1656.64936
G1 X43.753 Y216.285 E1656.7292
G1 X44.623 Y218.494 E1656.80817
G1 X45.599 Y220.659 E1656.88716
G1 X46.68 Y222.77 E1656.96604
G1 X47.867 Y224.826 E1657.045
G1 X49.156 Y226.82 E1657.12397
G1 X50.543 Y228.75 E1657.20302
G1 X52.024 Y230.607 E1657.28202
G1 X53.595 Y232.386 E1657.36096
G1 X55.254 Y234.087 E1657.43999
G1 X56.992 Y235.703 E1657.51892
G1 X58.809 Y237.228 E1657.59782
G1 X60.703 Y238.663 E1657.67685
G1 X62.665 Y239.998 E1657.75578
G1 X64.691 Y241.237 E1657.83477
G1 X66.778 Y242.374 E1657.91382
G1 X68.917 Y243.404 E1657.99278
G1 X71.119 Y244.334 E1658.07228
G1 X73.348 Y245.143 E1658.15115
G1 X75.606 Y245.837 E1658.22972
G1 X77.906 Y246.422 E1658.30865
G1 X80.233 Y246.895 E1658.38763
G1 X82.581 Y247.249 E1658.46661
G1 X84.653 Y247.455 E1658.53586
G1 X85.235 Y247.499 E1658.55528
G1 X87.316 Y247.604 E1658.62458
G1 X89.686 Y247.605 E1658.7034
G1 X92.058 Y247.485 E1658.7824
G1 X94.42 Y247.249 E1658.86135
G1 X96.466 Y246.942 E1658.93016
G1 X97.066 Y246.836 E1658.95043
G1 X99.095 Y246.421 E1659.01931
G1 X101.096 Y245.915 E1659.08796
G1 X101.668 Y245.754 E1659.10772
G1 X103.653 Y245.143 E1659.1768
G1 X105.614 Y244.431 E1659.24619
G1 X106.173 Y244.211 E1659.26617
G1 X108.084 Y243.404 E1659.33516
G1 X110.225 Y242.374 E1659.41419
G1 X112.055 Y241.377 E1659.4835
G1 X112.557 Y241.087 E1659.50278
G1 X114.336 Y240 E1659.57212
G1 X116.3 Y238.663 E1659.65115
G1 X118.19 Y237.231 E1659.73001
G1 X120.008 Y235.704 E1659.80898
G1 X121.749 Y234.086 E1659.88803
G1 X123.409 Y232.386 E1659.96706
G1 X124.976 Y230.609 E1660.04586
G1 X126.46 Y228.749 E1660.125
G1 X127.846 Y226.824 E1660.2039
G1 X129.135 Y224.827 E1660.28295
G1 X130.319 Y222.774 E1660.36178
G1 X131.404 Y220.661 E1660.44078
G1 X132.38 Y218.496 E1660.51976
G1 X133.259 Y216.257 E1660.59977
G1 X134.001 Y214.035 E1660.67768
G1 X134.645 Y211.747 E1660.75674
G1 X135.176 Y209.434 E1660.83567
G1 X135.588 Y207.096 E1660.91463
G1 X135.883 Y204.74 E1660.9936
G1 X136.061 Y202.373 E1661.07255
G1 X136.119 Y200 E1661.1515
G1 X136.105 Y199.361 E1661.17276
G1 X136.061 Y197.626 E1661.23049
G1 X135.883 Y195.259 E1661.30944
G1 X135.589 Y192.903 E1661.3884
G1 X135.176 Y190.566 E1661.46734
G1 X134.709 Y188.525 E1661.53698
G1 X134.569 Y187.977 E1661.55579
G1 X134.004 Y185.966 E1661.62526
G1 X133.251 Y183.715 E1661.70421
G1 X132.38 Y181.505 E1661.78322
G1 X131.404 Y179.341 E1661.86217
G1 X130.318 Y177.227 E1661.94122
G1 X129.138 Y175.178 E1662.01986
G1 X127.844 Y173.176 E1662.09915
G1 X126.46 Y171.248 E1662.17809
G1 X124.978 Y169.391 E1662.25711
G1 X123.409 Y167.612 E1662.336
G1 X121.75 Y165.912 E1662.41501
G1 X120.008 Y164.294 E1662.49408
G1 X118.19 Y162.77 E1662.57299
G1 X116.298 Y161.336 E1662.65195
G1 X114.338 Y160.002 E1662.7308
G1 X112.311 Y158.763 E1662.80982
G1 X110.224 Y157.626 E1662.88886
G1 X108.085 Y156.596 E1662.96783
G1 X105.883 Y155.666 E1663.04733
G1 X103.654 Y154.857 E1663.1262
G1 X101.677 Y154.25 E1663.19498
G1 X101.115 Y154.091 E1663.21441
G1 X99.096 Y153.578 E1663.2837
G1 X96.77 Y153.105 E1663.36264
G1 X94.421 Y152.751 E1663.44165
G1 X92.059 Y152.515 E1663.5206
G1 X89.687 Y152.397 E1663.59959
G1 X87.316 Y152.395 E1663.67845
G1 X84.944 Y152.515 E1663.75745
G1 X82.582 Y152.751 E1663.8364
G1 X80.535 Y153.058 E1663.90524
G1 X79.936 Y153.165 E1663.92548
G1 X77.92 Y153.576 E1663.99391
G1 X76.152 Y154.022 E1664.05456
G1 X75.617 Y154.158 E1664.07292
G1 X73.335 Y154.86 E1664.15233
G1 X71.107 Y155.673 E1664.23121
G1 X68.918 Y156.596 E1664.31023
G1 X66.777 Y157.626 E1664.38925
G1 X64.96 Y158.615 E1664.45805
G1 X64.439 Y158.916 E1664.47807
G1 X62.67 Y160 E1664.54707
G1 X60.706 Y161.337 E1664.6261
G1 X58.819 Y162.767 E1664.70484
G1 X56.992 Y164.298 E1664.78412
G1 X55.251 Y165.914 E1664.86313
G1 X53.594 Y167.61 E1664.94199
G1 X52.021 Y169.391 E1665.02103
G1 X50.543 Y171.246 E1665.09991
G1 X49.149 Y173.185 E1665.17934
G1 X47.87 Y175.172 E1665.25794
G1 X46.683 Y177.229 E1665.33693
G1 X45.599 Y179.339 E1665.41582
G1 X44.621 Y181.506 E1665.4949
G1 X43.752 Y183.714 E1665.57382
G1 X42.998 Y185.968 E1665.65287
G1 X42.356 Y188.249 E1665.73169
G1 X41.827 Y190.566 E1665.81073
G1 X41.413 Y192.901 E1665.88961
G1 X41.12 Y195.259 E1665.96864
G1 X40.942 Y197.625 E1666.04755
G1 X40.883 Y200.001 E1666.1266
M204 S3000
M205 X10 Y10
G0 F6000 X58.218 Y163.53
M204 S1800
M205 X8 Y8
G1 F1200 X51.958 Y169.789 E1666.42103
G1 X51.888 Y169.859
M204 S3000
M205 X10 Y10
G0 F6000 X50.075 Y172.238
M204 S1800
M205 X8 Y8
G1 F1200 X60.794 Y161.52 E1666.9252
G1 X60.864 Y161.45
M204 S3000
M205 X10 Y10
G0 F6000 X62.571 Y160.308
M204 S1800
M205 X8 Y8
G1 F1200 X48.828 Y174.051 E1667.57163
G1 X48.758 Y174.121
M204 S3000
M205 X10 Y10
G0 F6000 X47.864 Y175.581
M204 S1800
M205 X8 Y8
G1 F1200 X64.068 Y159.376 E1668.33384
G1 X64.138 Y159.306
M204 S3000
M205 X10 Y10
G0 F6000 X65.419 Y158.592
M204 S1800
M205 X8 Y8
G1 F1200 X47.094 Y176.916 E1669.19576
G1 X47.024 Y176.986
M204 S3000
M205 X10 Y10
G0 F6000 X46.442 Y178.134
M204 S1800
M205 X8 Y8
G1 F1200 X66.66 Y157.916 E1670.14676
G1 X66.73 Y157.846
M204 S3000
M205 X10 Y10
G0 F6000 X67.776 Y157.366
M204 S1800
M205 X8 Y8
G1 F1200 X45.843 Y179.298 E1671.17839
G1 X45.773 Y179.368
M204 S3000
M205 X10 Y10
G0 F6000 X45.364 Y180.344
M204 S1800
M205 X8 Y8
G1 F1200 X68.867 Y156.841 E1672.2839
G1 X68.937 Y156.771
M204 S3000
M205 X10 Y10
G0 F6000 X69.859 Y156.414
M204 S1800
M205 X8 Y8
G1 F1200 X44.899 Y181.374 E1673.45794
G1 X44.829 Y181.444
M204 S3000
M205 X10 Y10
G0 F6000 X44.512 Y182.327
M204 S1800
M205 X8 Y8
G1 F1200 X70.837 Y156.002 E1674.69619
G1 X70.907 Y155.932
M204 S3000
M205 X10 Y10
G0 F6000 X71.758 Y155.646
M204 S1800
M205 X8 Y8
G1 F1200 X44.144 Y183.26 E1675.99507
G1 X44.074 Y183.33
M204 S3000
M205 X10 Y10
G0 F6000 X43.814 Y184.156
M204 S1800
M205 X8 Y8
G1 F1200 X72.648 Y155.322 E1677.35133
G1 X72.718 Y155.252
M204 S3000
M205 X10 Y10
G0 F6000 X73.527 Y155.009
M204 S1800
M205 X8 Y8
G1 F1200 X43.53 Y185.006 E1678.7623
G1 X43.46 Y185.076
M204 S3000
M205 X10 Y10
G0 F6000 X43.246 Y185.855
M204 S1800
M205 X8 Y8
G1 F1200 X74.344 Y154.758 E1680.22503
G1 X74.414 Y154.688
M204 S3000
M205 X10 Y10
G0 F6000 X75.161 Y154.507
M204 S1800
M205 X8 Y8
G1 F1200 X43.012 Y186.655 E1681.7372
G1 X42.942 Y186.725
M204 S3000
M205 X10 Y10
G0 F6000 X42.79 Y187.443
M204 S1800
M205 X8 Y8
G1 F1200 X75.955 Y154.278 E1683.29718
M204 S3000
M205 X10 Y10
G0 F6000 X76.712 Y154.087
M204 S1800
M205 X8 Y8
G1 F1200 X42.569 Y188.23 E1684.90316
M204 S3000
M205 X10 Y10
G0 F6000 X42.397 Y188.967
M204 S1800
M205 X8 Y8
G1 F1200 X77.47 Y153.894 E1686.55289
M204 S3000
M205 X10 Y10
G0 F6000 X78.21 Y153.72
M204 S1800
M205 X8 Y8
G1 F1200 X42.229 Y189.701 E1688.24532
M204 S3000
M205 X10 Y10
G0 F6000 X42.062 Y190.434
M204 S1800
M205 X8 Y8
G1 F1200 X78.921 Y153.575 E1689.97906
M204 S3000
M205 X10 Y10
G0 F6000 X79.631 Y153.43
M204 S1800
M205 X8 Y8
G1 F1200 X41.929 Y191.133 E1691.75247
M204 S3000
M205 X10 Y10
G0 F6000 X41.807 Y191.82
M204 S1800
M205 X8 Y8
G1 F1200 X80.337 Y153.29 E1693.5648
M204 S3000
M205 X10 Y10
G0 F6000 X81.003 Y153.19
M204 S1800
M205 X8 Y8
G1 F1200 X41.686 Y192.507 E1695.41415
M204 S3000
M205 X10 Y10
G0 F6000 X41.58 Y193.178
M204 S1800
M205 X8 Y8
G1 F1200 X81.669 Y153.09 E1697.29979
M204 S3000
M205 X10 Y10
G0 F6000 X82.335 Y152.989
M204 S1800
M205 X8 Y8
G1 F1200 X41.5 Y193.825 E1699.22057
M204 S3000
M205 X10 Y10
G0 F6000 X41.42 Y194.47
M204 S1800
M205 X8 Y8
G1 F1200 X82.978 Y152.911 E1701.17535
M204 S3000
M205 X10 Y10
G0 F6000 X83.607 Y152.848
M204 S1800
M205 X8 Y8
G1 F1200 X41.339 Y195.116 E1703.16351
M204 S3000
M205 X10 Y10
G0 F6000 X41.285 Y195.737
M204 S1800
M205 X8 Y8
G1 F1200 X84.236 Y152.785 E1705.18382
M204 S3000
M205 X10 Y10
G0 F6000 X84.864 Y152.723
M204 S1800
M205 X8 Y8
G1 F1200 X41.238 Y196.349 E1707.23585
M204 S3000
M205 X10 Y10
G0 F6000 X41.192 Y196.961
M204 S1800
M205 X8 Y8
G1 F1200 X85.465 Y152.687 E1709.31834
M204 S3000
M205 X10 Y10
G0 F6000 X86.061 Y152.657
M204 S1800
M205 X8 Y8
G1 F1200 X41.146 Y197.572 E1711.431
M204 S3000
M205 X10 Y10
G0 F6000 X41.128 Y198.156
M204 S1800
M205 X8 Y8
G1 F1200 X86.657 Y152.627 E1713.57255
M204 S3000
M205 X10 Y10
G0 F6000 X87.253 Y152.597
M204 S1800
M205 X8 Y8
G1 F1200 X41.114 Y198.735 E1715.74276
M204 S3000
M205 X10 Y10
G0 F6000 X41.1 Y199.315
M204 S1800
M205 X8 Y8
G1 F1200 X87.821 Y152.594 E1717.94037
M204 S3000
M205 X10 Y10
G0 F6000 X88.386 Y152.595
M204 S1800
M205 X8 Y8
G1 F1200 X41.086 Y199.895 E1720.16522
M204 S3000
M205 X10 Y10
G0 F6000 X41.094 Y200.452
M204 S1800
M205 X8 Y8
G1 F1200 X88.951 Y152.595 E1722.41627
M204 S3000
M205 X10 Y10
G0 F6000 X89.517 Y152.595
M204 S1800
M205 X8 Y8
G1 F1200 X41.108 Y201.005 E1724.6933
M204 S3000
M205 X10 Y10
G0 F6000 X41.121 Y201.557
M204 S1800
M205 X8 Y8
G1 F1200 X90.064 Y152.614 E1726.99543
M204 S3000
M205 X10 Y10
G0 F6000 X90.603 Y152.641
M204 S1800
M205 X8 Y8
G1 F1200 X41.135 Y202.109 E1729.32225
M204 S3000
M205 X10 Y10
G0 F6000 X41.162 Y202.647
M204 S1800
M205 X8 Y8
G1 F1200 X91.141 Y152.668 E1731.67311
M204 S3000
M205 X10 Y10
G0 F6000 X91.68 Y152.695
M204 S1800
M205 X8 Y8
G1 F1200 X41.203 Y203.172 E1734.0474
M204 S3000
M205 X10 Y10
G0 F6000 X41.242 Y203.699
M204 S1800
M205 X8 Y8
G1 F1200 X92.211 Y152.73 E1736.44482
M204 S3000
M205 X10 Y10
G0 F6000 X92.725 Y152.781
M204 S1800
M205 X8 Y8
G1 F1200 X41.282 Y204.225 E1738.86457
M204 S3000
M205 X10 Y10
G0 F6000 X41.323 Y204.749
M204 S1800
M205 X8 Y8
G1 F1200 X93.239 Y152.833 E1741.30654
M204 S3000
M205 X10 Y10
G0 F6000 X93.753 Y152.884
M204 S1800
M205 X8 Y8
G1 F1200 X41.386 Y205.252 E1743.76974
M204 S3000
M205 X10 Y10
G0 F6000 X41.448 Y205.756
M204 S1800
M205 X8 Y8
G1 F1200 X94.268 Y152.935 E1746.25426
M204 S3000
M205 X10 Y10
G0 F6000 X94.765 Y153.004
M204 S1800
M205 X8 Y8
G1 F1200 X41.511 Y206.258 E1748.75916
M204 S3000
M205 X10 Y10
G0 F6000 X41.573 Y206.762
M204 S1800
M205 X8 Y8
G1 F1200 X95.257 Y153.078 E1751.28429
M204 S3000
M205 X10 Y10
G0 F6000 X95.749 Y153.152
M204 S1800
M205 X8 Y8
G1 F1200 X41.645 Y207.255 E1753.82915
M204 S3000
M205 X10 Y10
G0 F6000 X41.73 Y207.736
M204 S1800
M205 X8 Y8
G1 F1200 X96.241 Y153.225 E1756.39318
M204 S3000
M205 X10 Y10
G0 F6000 X96.732 Y153.3
M204 S1800
M205 X8 Y8
G1 F1200 X41.815 Y208.217 E1758.97631
M204 S3000
M205 X10 Y10
G0 F6000 X41.901 Y208.697
M204 S1800
M205 X8 Y8
G1 F1200 X97.203 Y153.395 E1761.57755
M204 S3000
M205 X10 Y10
G0 F6000 X97.672 Y153.491
M204 S1800
M205 X8 Y8
G1 F1200 X41.985 Y209.178 E1764.19689
M204 S3000
M205 X10 Y10
G0 F6000 X42.082 Y209.647
M204 S1800
M205 X8 Y8
G1 F1200 X98.142 Y153.587 E1766.83378
M204 S3000
M205 X10 Y10
G0 F6000 X98.613 Y153.682
M204 S1800
M205 X8 Y8
G1 F1200 X42.188 Y210.107 E1769.48784
M204 S3000
M205 X10 Y10
G0 F6000 X42.293 Y210.567
M204 S1800
M205 X8 Y8
G1 F1200 X99.081 Y153.779 E1772.15898
M204 S3000
M205 X10 Y10
G0 F6000 X99.532 Y153.894
M204 S1800
M205 X8 Y8
G1 F1200 X42.398 Y211.028 E1774.84639
M204 S3000
M205 X10 Y10
G0 F6000 X42.504 Y211.488
M204 S1800
M205 X8 Y8
G1 F1200 X99.983 Y154.009 E1777.55002
M204 S3000
M205 X10 Y10
G0 F6000 X100.434 Y154.123
M204 S1800
M205 X8 Y8
G1 F1200 X72.85 Y181.708 E1778.84751
G1 X72.78 Y181.778
M204 S3000
M205 X10 Y10
G0 F6000 X75.175 Y179.948
M204 S1800
M205 X8 Y8
G1 F1200 X100.885 Y154.238 E1780.05683
M204 S3000
M205 X10 Y10
G0 F6000 X101.336 Y154.352
M204 S1800
M205 X8 Y8
G1 F1200 X76.646 Y179.043 E1781.2182
G1 X76.576 Y179.113
M204 S3000
M205 X10 Y10
G0 F6000 X77.841 Y178.413
M204 S1800
M205 X8 Y8
G1 F1200 X101.769 Y154.485 E1782.3437
M204 S3000
M205 X10 Y10
G0 F6000 X102.202 Y154.618
M204 S1800
M205 X8 Y8
G1 F1200 X78.896 Y177.924 E1783.43994
G1 X78.826 Y177.994
M204 S3000
M205 X10 Y10
G0 F6000 X79.857 Y177.529
M204 S1800
M205 X8 Y8
G1 F1200 X102.635 Y154.751 E1784.51135
M204 S3000
M205 X10 Y10
G0 F6000 X103.067 Y154.884
M204 S1800
M205 X8 Y8
G1 F1200 X80.748 Y177.204 E1785.56119
G1 X80.678 Y177.274
M204 S3000
M205 X10 Y10
G0 F6000 X81.575 Y176.942
M204 S1800
M205 X8 Y8
G1 F1200 X103.5 Y155.017 E1786.59247
M204 S3000
M205 X10 Y10
G0 F6000 X103.919 Y155.164
M204 S1800
M205 X8 Y8
G1 F1200 X82.364 Y176.719 E1787.60635
M204 S3000
M205 X10 Y10
G0 F6000 X83.124 Y176.524
M204 S1800
M205 X8 Y8
G1 F1200 X104.334 Y155.315 E1788.60398
M204 S3000
M205 X10 Y10
G0 F6000 X104.749 Y155.465
M204 S1800
M205 X8 Y8
G1 F1200 X83.833 Y176.382 E1789.58783
M204 S3000
M205 X10 Y10
G0 F6000 X84.526 Y176.254
M204 S1800
M205 X8 Y8
G1 F1200 X105.164 Y155.616 E1790.55858
M204 S3000
M205 X10 Y10
G0 F6000 X105.579 Y155.767
M204 S1800
M205 X8 Y8
G1 F1200 X85.193 Y176.153 E1791.51747
M204 S3000
M205 X10 Y10
G0 F6000 X85.838 Y176.073
M204 S1800
M205 X8 Y8
G1 F1200 X105.986 Y155.925 E1792.46517
M204 S3000
M205 X10 Y10
G0 F6000 X106.384 Y156.093
M204 S1800
M205 X8 Y8
G1 F1200 X86.469 Y176.008 E1793.40192
M204 S3000
M205 X10 Y10
G0 F6000 X87.075 Y175.967
M204 S1800
M205 X8 Y8
G1 F1200 X106.782 Y156.261 E1794.32885
M204 S3000
M205 X10 Y10
G0 F6000 X107.179 Y156.429
M204 S1800
M205 X8 Y8
G1 F1200 X87.672 Y175.936 E1795.2464
M204 S3000
M205 X10 Y10
G0 F6000 X88.248 Y175.926
M204 S1800
M205 X8 Y8
G1 F1200 X107.577 Y156.597 E1796.15557
M204 S3000
M205 X10 Y10
G0 F6000 X107.975 Y156.765
M204 S1800
M205 X8 Y8
G1 F1200 X88.814 Y175.926 E1797.05685
M204 S3000
M205 X10 Y10
G0 F6000 X89.367 Y175.938
M204 S1800
M205 X8 Y8
G1 F1200 X108.358 Y156.948 E1797.9501
M204 S3000
M205 X10 Y10
G0 F6000 X108.74 Y157.131
M204 S1800
M205 X8 Y8
G1 F1200 X89.906 Y175.965 E1798.836
M204 S3000
M205 X10 Y10
G0 F6000 X90.436 Y176
M204 S1800
M205 X8 Y8
G1 F1200 X109.122 Y157.315 E1799.71491
M204 S3000
M205 X10 Y10
G0 F6000 X109.503 Y157.499
M204 S1800
M205 X8 Y8
G1 F1200 X90.952 Y176.051 E1800.58751
M204 S3000
M205 X10 Y10
G0 F6000 X91.467 Y176.102
M204 S1800
M205 X8 Y8
G1 F1200 X109.885 Y157.683 E1801.45386
M204 S3000
M205 X10 Y10
G0 F6000 X110.261 Y157.872
M204 S1800
M205 X8 Y8
G1 F1200 X91.959 Y176.175 E1802.31476
M204 S3000
M205 X10 Y10
G0 F6000 X92.45 Y176.249
M204 S1800
M205 X8 Y8
G1 F1200 X110.628 Y158.072 E1803.16977
M204 S3000
M205 X10 Y10
G0 F6000 X110.994 Y158.271
M204 S1800
M205 X8 Y8
G1 F1200 X92.93 Y176.335 E1804.01944
M204 S3000
M205 X10 Y10
G0 F6000 X93.402 Y176.429
M204 S1800
M205 X8 Y8
G1 F1200 X111.36 Y158.471 E1804.86413
M204 S3000
M205 X10 Y10
G0 F6000 X111.727 Y158.67
M204 S1800
M205 X8 Y8
G1 F1200 X93.871 Y176.526 E1805.70403
M204 S3000
M205 X10 Y10
G0 F6000 X94.323 Y176.64
M204 S1800
M205 X8 Y8
G1 F1200 X112.092 Y158.87 E1806.53985
M204 S3000
M205 X10 Y10
G0 F6000 X112.449 Y159.079
M204 S1800
M205 X8 Y8
G1 F1200 X94.774 Y176.754 E1807.37123
M204 S3000
M205 X10 Y10
G0 F6000 X95.216 Y176.878
M204 S1800
M205 X8 Y8
G1 F1200 X112.799 Y159.294 E1808.1983
M204 S3000
M205 X10 Y10
G0 F6000 X113.15 Y159.509
M204 S1800
M205 X8 Y8
G1 F1200 X95.648 Y177.012 E1809.02156
M204 S3000
M205 X10 Y10
G0 F6000 X96.08 Y177.145
M204 S1800
M205 X8 Y8
G1 F1200 X113.501 Y159.724 E1809.84099
M204 S3000
M205 X10 Y10
G0 F6000 X113.852 Y159.939
M204 S1800
M205 X8 Y8
G1 F1200 X96.497 Y177.294 E1810.65732
M204 S3000
M205 X10 Y10
G0 F6000 X96.912 Y177.444
M204 S1800
M205 X8 Y8
G1 F1200 X114.204 Y160.153 E1811.47066
M204 S3000
M205 X10 Y10
G0 F6000 X114.541 Y160.381
M204 S1800
M205 X8 Y8
G1 F1200 X97.325 Y177.597 E1812.28045
M204 S3000
M205 X10 Y10
G0 F6000 X97.724 Y177.763
M204 S1800
M205 X8 Y8
G1 F1200 X114.877 Y160.61 E1813.08727
M204 S3000
M205 X10 Y10
G0 F6000 X115.215 Y160.839
M204 S1800
M205 X8 Y8
G1 F1200 X98.123 Y177.93 E1813.8912
M204 S3000
M205 X10 Y10
G0 F6000 X98.516 Y178.103
M204 S1800
M205 X8 Y8
G1 F1200 X115.551 Y161.068 E1814.69248
M204 S3000
M205 X10 Y10
G0 F6000 X115.888 Y161.297
M204 S1800
M205 X8 Y8
G1 F1200 X98.898 Y178.287 E1815.49164
M204 S3000
M205 X10 Y10
G0 F6000 X99.281 Y178.47
M204 S1800
M205 X8 Y8
G1 F1200 X116.223 Y161.527 E1816.28856
M204 S3000
M205 X10 Y10
G0 F6000 X116.545 Y161.771
M204 S1800
M205 X8 Y8
G1 F1200 X99.654 Y178.662 E1817.08306
M204 S3000
M205 X10 Y10
G0 F6000 X100.02 Y178.861
M204 S1800
M205 X8 Y8
G1 F1200 X116.867 Y162.015 E1817.87547
M204 S3000
M205 X10 Y10
G0 F6000 X117.188 Y162.259
M204 S1800
M205 X8 Y8
G1 F1200 X100.387 Y179.061 E1818.66576
M204 S3000
M205 X10 Y10
G0 F6000 X100.744 Y179.269
M204 S1800
M205 X8 Y8
G1 F1200 X117.51 Y162.503 E1819.45438
M204 S3000
M205 X10 Y10
G0 F6000 X117.832 Y162.747
M204 S1800
M205 X8 Y8
G1 F1200 X101.095 Y179.484 E1820.24164
M204 S3000
M205 X10 Y10
G0 F6000 X101.447 Y179.698
M204 S1800
M205 X8 Y8
G1 F1200 X118.149 Y162.995 E1821.02727
M204 S3000
M205 X10 Y10
G0 F6000 X118.457 Y163.253
M204 S1800
M205 X8 Y8
G1 F1200 X101.788 Y179.923 E1821.81135
M204 S3000
M205 X10 Y10
G0 F6000 X102.124 Y180.152
M204 S1800
M205 X8 Y8
G1 F1200 X118.765 Y163.511 E1822.59409
M204 S3000
M205 X10 Y10
G0 F6000 X119.073 Y163.769
M204 S1800
M205 X8 Y8
G1 F1200 X102.461 Y180.381 E1823.37547
M204 S3000
M205 X10 Y10
G0 F6000 X102.786 Y180.621
M204 S1800
M205 X8 Y8
G1 F1200 X119.38 Y164.027 E1824.156
M204 S3000
M205 X10 Y10
G0 F6000 X119.688 Y164.285
M204 S1800
M205 X8 Y8
G1 F1200 X103.108 Y180.865 E1824.93588
M204 S3000
M205 X10 Y10
G0 F6000 X103.429 Y181.109
M204 S1800
M205 X8 Y8
G1 F1200 X119.99 Y164.549 E1825.71483
M204 S3000
M205 X10 Y10
G0 F6000 X120.283 Y164.821
M204 S1800
M205 X8 Y8
G1 F1200 X103.741 Y181.364 E1826.49294
M204 S3000
M205 X10 Y10
G0 F6000 X104.049 Y181.621
M204 S1800
M205 X8 Y8
G1 F1200 X120.577 Y165.093 E1827.27037
M204 S3000
M205 X10 Y10
G0 F6000 X120.87 Y165.366
M204 S1800
M205 X8 Y8
G1 F1200 X104.358 Y181.878 E1828.04704
M204 S3000
M205 X10 Y10
G0 F6000 X104.654 Y182.147
M204 S1800
M205 X8 Y8
G1 F1200 X121.163 Y165.639 E1828.82355
M204 S3000
M205 X10 Y10
G0 F6000 X121.456 Y165.911
M204 S1800
M205 X8 Y8
G1 F1200 X104.948 Y182.419 E1829.60003
M204 S3000
M205 X10 Y10
G0 F6000 X105.242 Y182.691
M204 S1800
M205 X8 Y8
G1 F1200 X121.742 Y166.191 E1830.37614
M204 S3000
M205 X10 Y10
G0 F6000 X122.021 Y166.477
M204 S1800
M205 X8 Y8
G1 F1200 X105.525 Y182.974 E1831.15209
M204 S3000
M205 X10 Y10
G0 F6000 X105.804 Y183.26
M204 S1800
M205 X8 Y8
G1 F1200 X122.301 Y166.764 E1831.92803
M204 S3000
M205 X10 Y10
G0 F6000 X122.58 Y167.05
M204 S1800
M205 X8 Y8
G1 F1200 X106.083 Y183.547 E1832.704
M204 S3000
M205 X10 Y10
G0 F6000 X106.351 Y183.844
M204 S1800
M205 X8 Y8
G1 F1200 X122.86 Y167.336 E1833.48051
M204 S3000
M205 X10 Y10
G0 F6000 X123.139 Y167.622
M204 S1800
M205 X8 Y8
G1 F1200 X106.616 Y184.145 E1834.2577
M204 S3000
M205 X10 Y10
G0 F6000 X106.882 Y184.445
M204 S1800
M205 X8 Y8
G1 F1200 X123.41 Y167.917 E1835.03513
M204 S3000
M205 X10 Y10
G0 F6000 X123.675 Y168.217
M204 S1800
M205 X8 Y8
G1 F1200 X107.135 Y184.757 E1835.81312
M204 S3000
M205 X10 Y10
G0 F6000 X107.387 Y185.071
M204 S1800
M205 X8 Y8
G1 F1200 X123.94 Y168.518 E1836.59172
M204 S3000
M205 X10 Y10
G0 F6000 X124.206 Y168.818
M204 S1800
M205 X8 Y8
G1 F1200 X107.639 Y185.385 E1837.37098
M204 S3000
M205 X10 Y10
G0 F6000 X107.878 Y185.712
M204 S1800
M205 X8 Y8
G1 F1200 X124.471 Y169.119 E1838.15147
M204 S3000
M205 X10 Y10
G0 F6000 X124.736 Y169.419
M204 S1800
M205 X8 Y8
G1 F1200 X108.115 Y186.041 E1838.93329
M204 S3000
M205 X10 Y10
G0 F6000 X108.352 Y186.37
M204 S1800
M205 X8 Y8
G1 F1200 X124.992 Y169.729 E1839.71601
M204 S3000
M205 X10 Y10
G0 F6000 X125.243 Y170.044
M204 S1800
M205 X8 Y8
G1 F1200 X108.576 Y186.711 E1840.49997
M204 S3000
M205 X10 Y10
G0 F6000 X108.798 Y187.054
M204 S1800
M205 X8 Y8
G1 F1200 X125.494 Y170.358 E1841.2853
M204 S3000
M205 X10 Y10
G0 F6000 X125.745 Y170.673
M204 S1800
M205 X8 Y8
G1 F1200 X109.021 Y187.398 E1842.07197
M204 S3000
M205 X10 Y10
G0 F6000 X109.229 Y187.755
M204 S1800
M205 X8 Y8
G1 F1200 X125.996 Y170.988 E1842.86064
M204 S3000
M205 X10 Y10
G0 F6000 X126.247 Y171.302
M204 S1800
M205 X8 Y8
G1 F1200 X109.436 Y188.113 E1843.65138
M204 S3000
M205 X10 Y10
G0 F6000 X109.643 Y188.472
M204 S1800
M205 X8 Y8
G1 F1200 X126.486 Y171.629 E1844.44362
M204 S3000
M205 X10 Y10
G0 F6000 X126.723 Y171.958
M204 S1800
M205 X8 Y8
G1 F1200 X109.835 Y188.846 E1845.23798
M204 S3000
M205 X10 Y10
G0 F6000 X110.027 Y189.219
M204 S1800
M205 X8 Y8
G1 F1200 X126.959 Y172.287 E1846.03441
M204 S3000
M205 X10 Y10
G0 F6000 X127.195 Y172.617
M204 S1800
M205 X8 Y8
G1 F1200 X110.216 Y189.596 E1846.83305
M204 S3000
M205 X10 Y10
G0 F6000 X110.393 Y189.985
M204 S1800
M205 X8 Y8
G1 F1200 X127.432 Y172.946 E1847.63451
M204 S3000
M205 X10 Y10
G0 F6000 X127.668 Y173.275
M204 S1800
M205 X8 Y8
G1 F1200 X110.57 Y190.374 E1848.43877
M204 S3000
M205 X10 Y10
G0 F6000 X110.739 Y190.77
M204 S1800
M205 X8 Y8
G1 F1200 X127.891 Y173.618 E1849.24555
M204 S3000
M205 X10 Y10
G0 F6000 X128.113 Y173.962
M204 S1800
M205 X8 Y8
G1 F1200 X110.899 Y191.176 E1850.05524
M204 S3000
M205 X10 Y10
G0 F6000 X111.059 Y191.582
M204 S1800
M205 X8 Y8
G1 F1200 X128.335 Y174.306 E1850.86785
M204 S3000
M205 X10 Y10
G0 F6000 X128.557 Y174.649
M204 S1800
M205 X8 Y8
G1 F1200 X111.209 Y191.997 E1851.68385
M204 S3000
M205 X10 Y10
G0 F6000 X111.352 Y192.42
M204 S1800
M205 X8 Y8
G1 F1200 X128.78 Y174.992 E1852.50361
M204 S3000
M205 X10 Y10
G0 F6000 X128.999 Y175.339
M204 S1800
M205 X8 Y8
G1 F1200 X111.495 Y192.842 E1853.32692
M204 S3000
M205 X10 Y10
G0 F6000 X111.621 Y193.283
M204 S1800
M205 X8 Y8
G1 F1200 X129.206 Y175.698 E1854.15407
M204 S3000
M205 X10 Y10
G0 F6000 X129.413 Y176.056
M204 S1800
M205 X8 Y8
G1 F1200 X111.745 Y193.724 E1854.98512
M204 S3000
M205 X10 Y10
G0 F6000 X111.864 Y194.171
M204 S1800
M205 X8 Y8
G1 F1200 X129.619 Y176.416 E1855.82026
M204 S3000
M205 X10 Y10
G0 F6000 X129.826 Y176.775
M204 S1800
M205 X8 Y8
G1 F1200 X111.97 Y194.631 E1856.66015
M204 S3000
M205 X10 Y10
G0 F6000 X112.076 Y195.09
M204 S1800
M205 X8 Y8
G1 F1200 X130.032 Y177.134 E1857.50474
M204 S3000
M205 X10 Y10
G0 F6000 X130.232 Y177.5
M204 S1800
M205 X8 Y8
G1 F1200 X112.165 Y195.567 E1858.35456
M204 S3000
M205 X10 Y10
G0 F6000 X112.25 Y196.048
M204 S1800
M205 X8 Y8
G1 F1200 X130.424 Y177.874 E1859.20941
M204 S3000
M205 X10 Y10
G0 F6000 X130.616 Y178.247
M204 S1800
M205 X8 Y8
G1 F1200 X112.328 Y196.536 E1860.06964
M204 S3000
M205 X10 Y10
G0 F6000 X112.391 Y197.038
M204 S1800
M205 X8 Y8
G1 F1200 X130.809 Y178.62 E1860.93597
M204 S3000
M205 X10 Y10
G0 F6000 X131 Y178.994
M204 S1800
M205 X8 Y8
G1 F1200 X112.454 Y197.54 E1861.80832
M204 S3000
M205 X10 Y10
G0 F6000 X112.495 Y198.065
M204 S1800
M205 X8 Y8
G1 F1200 X131.193 Y179.368 E1862.68779
M204 S3000
M205 X10 Y10
G0 F6000 X131.371 Y179.755
M204 S1800
M205 X8 Y8
G1 F1200 X112.536 Y198.59 E1863.57373
M204 S3000
M205 X10 Y10
G0 F6000 X112.559 Y199.133
M204 S1800
M205 X8 Y8
G1 F1200 X131.547 Y180.145 E1864.46687
M204 S3000
M205 X10 Y10
G0 F6000 X131.723 Y180.534
M204 S1800
M205 X8 Y8
G1 F1200 X112.573 Y199.684 E1865.36762
M204 S3000
M205 X10 Y10
G0 F6000 X112.574 Y200.249
M204 S1800
M205 X8 Y8
G1 F1200 X131.899 Y180.924 E1866.27661
M204 S3000
M205 X10 Y10
G0 F6000 X132.074 Y181.314
M204 S1800
M205 X8 Y8
G1 F1200 X112.56 Y200.828 E1867.19449
M204 S3000
M205 X10 Y10
G0 F6000 X112.533 Y201.421
M204 S1800
M205 X8 Y8
G1 F1200 X132.245 Y181.709 E1868.12168
M204 S3000
M205 X10 Y10
G0 F6000 X132.405 Y182.115
M204 S1800
M205 X8 Y8
G1 F1200 X112.489 Y202.031 E1869.05847
M204 S3000
M205 X10 Y10
G0 F6000 X112.428 Y202.658
M204 S1800
M205 X8 Y8
G1 F1200 X132.565 Y182.521 E1870.00565
M204 S3000
M205 X10 Y10
G0 F6000 X132.725 Y182.927
M204 S1800
M205 X8 Y8
G1 F1200 X112.349 Y203.303 E1870.96408
M204 S3000
M205 X10 Y10
G0 F6000 X112.245 Y203.972
M204 S1800
M205 X8 Y8
G1 F1200 X132.885 Y183.332 E1871.93492
M204 S3000
M205 X10 Y10
G0 F6000 X133.044 Y183.738
M204 S1800
M205 X8 Y8
G1 F1200 X112.125 Y204.658 E1872.91891
M204 S3000
M205 X10 Y10
G0 F6000 X111.964 Y205.384
M204 S1800
M205 X8 Y8
G1 F1200 X133.189 Y184.16 E1873.91725
M204 S3000
M205 X10 Y10
G0 F6000 X133.33 Y184.584
M204 S1800
M205 X8 Y8
G1 F1200 X111.783 Y206.131 E1874.93075
G1 X111.713 Y206.201
M204 S3000
M205 X10 Y10
G0 F6000 X111.563 Y206.917
M204 S1800
M205 X8 Y8
G1 F1200 X133.472 Y185.008 E1875.96128
M204 S3000
M205 X10 Y10
G0 F6000 X133.614 Y185.432
M204 S1800
M205 X8 Y8
G1 F1200 X111.289 Y207.757 E1877.01138
G1 X111.219 Y207.827
M204 S3000
M205 X10 Y10
G0 F6000 X110.966 Y208.645
M204 S1800
M205 X8 Y8
G1 F1200 X133.756 Y185.855 E1878.08335
M204 S3000
M205 X10 Y10
G0 F6000 X133.887 Y186.29
M204 S1800
M205 X8 Y8
G1 F1200 X110.579 Y209.598 E1879.17969
G1 X110.509 Y209.668
M204 S3000
M205 X10 Y10
G0 F6000 X110.092 Y210.651
M204 S1800
M205 X8 Y8
G1 F1200 X134.01 Y186.732 E1880.30474
M204 S3000
M205 X10 Y10
G0 F6000 X134.135 Y187.173
M204 S1800
M205 X8 Y8
G1 F1200 X109.456 Y211.852 E1881.46557
G1 X109.386 Y211.922
M204 S3000
M205 X10 Y10
G0 F6000 X108.56 Y213.314
M204 S1800
M205 X8 Y8
G1 F1200 X134.259 Y187.615 E1882.67437
M204 S3000
M205 X10 Y10
G0 F6000 X134.382 Y188.057
M204 S1800
M205 X8 Y8
G1 F1200 X106.816 Y215.623 E1883.97099
G1 X106.746 Y215.693
M204 S3000
M205 X10 Y10
G0 F6000 X104.132 Y218.307
M204 S1800
M205 X8 Y8
G1 F1200 X76.566 Y245.874 E1885.26763
M204 S3000
M205 X10 Y10
G0 F6000 X77.017 Y245.989
M204 S1800
M205 X8 Y8
G1 F1200 X134.498 Y188.508 E1887.97136
M204 S3000
M205 X10 Y10
G0 F6000 X134.604 Y188.967
M204 S1800
M205 X8 Y8
G1 F1200 X77.467 Y246.104 E1890.65891
M204 S3000
M205 X10 Y10
G0 F6000 X77.918 Y246.218
M204 S1800
M205 X8 Y8
G1 F1200 X134.709 Y189.428 E1893.33016
M204 S3000
M205 X10 Y10
G0 F6000 X134.815 Y189.887
M204 S1800
M205 X8 Y8
G1 F1200 X78.387 Y246.315 E1895.98436
M204 S3000
M205 X10 Y10
G0 F6000 X78.857 Y246.411
M204 S1800
M205 X8 Y8
G1 F1200 X134.92 Y190.348 E1898.6214
M204 S3000
M205 X10 Y10
G0 F6000 X135.017 Y190.817
M204 S1800
M205 X8 Y8
G1 F1200 X79.328 Y246.506 E1901.24084
M204 S3000
M205 X10 Y10
G0 F6000 X79.798 Y246.602
M204 S1800
M205 X8 Y8
G1 F1200 X135.101 Y191.298 E1903.84214
M204 S3000
M205 X10 Y10
G0 F6000 X135.186 Y191.779
M204 S1800
M205 X8 Y8
G1 F1200 X80.268 Y246.697 E1906.42532
M204 S3000
M205 X10 Y10
G0 F6000 X80.76 Y246.771
M204 S1800
M205 X8 Y8
G1 F1200 X135.271 Y192.26 E1908.98935
M204 S3000
M205 X10 Y10
G0 F6000 X135.356 Y192.741
M204 S1800
M205 X8 Y8
G1 F1200 X81.252 Y246.845 E1911.53423
M204 S3000
M205 X10 Y10
G0 F6000 X81.743 Y246.919
M204 S1800
M205 X8 Y8
G1 F1200 X135.428 Y193.234 E1914.05941
M204 S3000
M205 X10 Y10
G0 F6000 X135.49 Y193.738
M204 S1800
M205 X8 Y8
G1 F1200 X82.235 Y246.993 E1916.56436
M204 S3000
M205 X10 Y10
G0 F6000 X82.732 Y247.062
M204 S1800
M205 X8 Y8
G1 F1200 X135.553 Y194.24 E1919.04893
M204 S3000
M205 X10 Y10
G0 F6000 X135.616 Y194.743
M204 S1800
M205 X8 Y8
G1 F1200 X83.246 Y247.113 E1921.51225
M204 S3000
M205 X10 Y10
G0 F6000 X83.761 Y247.164
M204 S1800
M205 X8 Y8
G1 F1200 X135.679 Y195.246 E1923.95431
M204 S3000
M205 X10 Y10
G0 F6000 X135.72 Y195.77
M204 S1800
M205 X8 Y8
G1 F1200 X84.275 Y247.216 E1926.37415
M204 S3000
M205 X10 Y10
G0 F6000 X84.789 Y247.268
M204 S1800
M205 X8 Y8
G1 F1200 X135.76 Y196.297 E1928.77167
M204 S3000
M205 X10 Y10
G0 F6000 X135.799 Y196.823
M204 S1800
M205 X8 Y8
G1 F1200 X85.32 Y247.302 E1931.14605
M204 S3000
M205 X10 Y10
G0 F6000 X85.858 Y247.33
M204 S1800
M205 X8 Y8
G1 F1200 X135.838 Y197.349 E1933.49698
M204 S3000
M205 X10 Y10
G0 F6000 X135.866 Y197.888
M204 S1800
M205 X8 Y8
G1 F1200 X86.397 Y247.357 E1935.82385
M204 S3000
M205 X10 Y10
G0 F6000 X86.935 Y247.384
M204 S1800
M205 X8 Y8
G1 F1200 X135.879 Y198.44 E1938.12602
M204 S3000
M205 X10 Y10
G0 F6000 X135.893 Y198.991
M204 S1800
M205 X8 Y8
G1 F1200 X87.481 Y247.403 E1940.40318
M204 S3000
M205 X10 Y10
G0 F6000 X88.047 Y247.403
M204 S1800
M205 X8 Y8
G1 F1200 X135.907 Y199.544 E1942.65434
M204 S3000
M205 X10 Y10
G0 F6000 X135.915 Y200.101
M204 S1800
M205 X8 Y8
G1 F1200 X88.613 Y247.403 E1944.87928
M204 S3000
M205 X10 Y10
G0 F6000 X89.178 Y247.403
M204 S1800
M205 X8 Y8
G1 F1200 X135.901 Y200.681 E1947.07696
M204 S3000
M205 X10 Y10
G0 F6000 X135.887 Y201.26
M204 S1800
M205 X8 Y8
G1 F1200 X89.747 Y247.401 E1949.24727
M204 S3000
M205 X10 Y10
G0 F6000 X90.343 Y247.37
M204 S1800
M205 X8 Y8
G1 F1200 X135.873 Y201.84 E1951.38886
M204 S3000
M205 X10 Y10
G0 F6000 X135.855 Y202.424
M204 S1800
M205 X8 Y8
G1 F1200 X90.939 Y247.34 E1953.50157
M204 S3000
M205 X10 Y10
G0 F6000 X91.534 Y247.31
M204 S1800
M205 X8 Y8
G1 F1200 X135.809 Y203.035 E1955.58413
M204 S3000
M205 X10 Y10
G0 F6000 X135.763 Y203.647
M204 S1800
M205 X8 Y8
G1 F1200 X92.136 Y247.275 E1957.63624
M204 S3000
M205 X10 Y10
G0 F6000 X92.763 Y247.213
M204 S1800
M205 X8 Y8
G1 F1200 X135.717 Y204.259 E1959.65666
M204 S3000
M205 X10 Y10
G0 F6000 X135.663 Y204.879
M204 S1800
M205 X8 Y8
G1 F1200 X93.392 Y247.15 E1961.64496
M204 S3000
M205 X10 Y10
G0 F6000 X94.021 Y247.087
M204 S1800
M205 X8 Y8
G1 F1200 X135.582 Y205.526 E1963.59986
M204 S3000
M205 X10 Y10
G0 F6000 X135.501 Y206.172
M204 S1800
M205 X8 Y8
G1 F1200 X94.664 Y247.009 E1965.52071
M204 S3000
M205 X10 Y10
G0 F6000 X95.33 Y246.908
M204 S1800
M205 X8 Y8
G1 F1200 X135.42 Y206.819 E1967.4064
M204 S3000
M205 X10 Y10
G0 F6000 X135.314 Y207.49
M204 S1800
M205 X8 Y8
G1 F1200 X95.996 Y246.808 E1969.2558
M204 S3000
M205 X10 Y10
G0 F6000 X96.662 Y246.708
M204 S1800
M205 X8 Y8
G1 F1200 X135.193 Y208.177 E1971.06818
M204 S3000
M205 X10 Y10
G0 F6000 X135.072 Y208.863
M204 S1800
M205 X8 Y8
G1 F1200 X97.367 Y246.568 E1972.8417
M204 S3000
M205 X10 Y10
G0 F6000 X98.078 Y246.423
M204 S1800
M205 X8 Y8
G1 F1200 X134.941 Y209.56 E1974.57563
M204 S3000
M205 X10 Y10
G0 F6000 X134.772 Y210.295
M204 S1800
M205 X8 Y8
G1 F1200 X98.788 Y246.279 E1976.2682
M204 S3000
M205 X10 Y10
G0 F6000 X99.529 Y246.104
M204 S1800
M205 X8 Y8
G1 F1200 X134.603 Y211.03 E1977.91798
M204 S3000
M205 X10 Y10
G0 F6000 X134.43 Y211.769
M204 S1800
M205 X8 Y8
G1 F1200 X100.287 Y245.911 E1979.52394
M204 S3000
M205 X10 Y10
G0 F6000 X101.045 Y245.719
M204 S1800
M205 X8 Y8
G1 F1200 X134.208 Y212.556 E1981.08382
G1 X134.278 Y212.486
M204 S3000
M205 X10 Y10
G0 F6000 X133.987 Y213.343
M204 S1800
M205 X8 Y8
G1 F1200 X101.84 Y245.49 E1982.59592
G1 X101.77 Y245.56
M204 S3000
M205 X10 Y10
G0 F6000 X102.657 Y245.239
M204 S1800
M205 X8 Y8
G1 F1200 X133.753 Y214.143 E1984.05858
G1 X133.823 Y214.073
M204 S3000
M205 X10 Y10
G0 F6000 X133.47 Y214.991
M204 S1800
M205 X8 Y8
G1 F1200 X103.474 Y244.987 E1985.4695
G1 X103.404 Y245.057
M204 S3000
M205 X10 Y10
G0 F6000 X104.353 Y244.674
M204 S1800
M205 X8 Y8
G1 F1200 X133.187 Y215.84 E1986.82576
G1 X133.257 Y215.77
M204 S3000
M205 X10 Y10
G0 F6000 X132.854 Y216.738
M204 S1800
M205 X8 Y8
G1 F1200 X105.242 Y244.351 E1988.12457
G1 X105.172 Y244.421
M204 S3000
M205 X10 Y10
G0 F6000 X106.162 Y243.997
M204 S1800
M205 X8 Y8
G1 F1200 X132.489 Y217.67 E1989.36291
G1 X132.559 Y217.6
M204 S3000
M205 X10 Y10
G0 F6000 X132.103 Y218.621
M204 S1800
M205 X8 Y8
G1 F1200 X107.14 Y243.584 E1990.53709
G1 X107.07 Y243.654
M204 S3000
M205 X10 Y10
G0 F6000 X108.132 Y243.157
M204 S1800
M205 X8 Y8
G1 F1200 X131.639 Y219.651 E1991.64277
G1 X131.709 Y219.581
M204 S3000
M205 X10 Y10
G0 F6000 X131.161 Y220.695
M204 S1800
M205 X8 Y8
G1 F1200 X109.223 Y242.633 E1992.67466
G1 X109.153 Y242.703
M204 S3000
M205 X10 Y10
G0 F6000 X110.339 Y242.082
M204 S1800
M205 X8 Y8
G1 F1200 X130.563 Y221.858 E1993.62594
G1 X130.633 Y221.788
M204 S3000
M205 X10 Y10
G0 F6000 X129.915 Y223.072
M204 S1800
M205 X8 Y8
G1 F1200 X111.582 Y241.405 E1994.48827
G1 X111.512 Y241.475
M204 S3000
M205 X10 Y10
G0 F6000 X112.928 Y240.624
M204 S1800
M205 X8 Y8
G1 F1200 X129.145 Y224.408 E1995.25104
G1 X129.215 Y224.338
M204 S3000
M205 X10 Y10
G0 F6000 X128.175 Y225.943
M204 S1800
M205 X8 Y8
G1 F1200 X114.414 Y239.704 E1995.89832
G1 X114.344 Y239.774
M204 S3000
M205 X10 Y10
G0 F6000 X116.188 Y238.495
M204 S1800
M205 X8 Y8
G1 F1200 X126.924 Y227.759 E1996.4033
G1 X126.994 Y227.689
M204 S3000
M205 X10 Y10
G0 F6000 X125.029 Y230.221
M204 S1800
M205 X8 Y8
G1 F1200 X118.762 Y236.488 E1996.69808
G1 X118.692 Y236.558
M204 S3000
M205 X10 Y10
G0 F6000 X101.82 Y220.054
M204 S1800
M205 X8 Y8
G1 F1200 X76.115 Y245.759 E1997.90717
M204 S3000
M205 X10 Y10
G0 F6000 X75.664 Y245.644
M204 S1800
M205 X8 Y8
G1 F1200 X100.354 Y220.954 E1999.06851
G1 X100.424 Y220.884
M204 S3000
M205 X10 Y10
G0 F6000 X99.157 Y221.586
M204 S1800
M205 X8 Y8
G1 F1200 X75.231 Y245.511 E2000.19389
M204 S3000
M205 X10 Y10
G0 F6000 X74.799 Y245.378
M204 S1800
M205 X8 Y8
G1 F1200 X98.103 Y222.074 E2001.29004
G1 X98.173 Y222.004
M204 S3000
M205 X10 Y10
G0 F6000 X97.141 Y222.47
M204 S1800
M205 X8 Y8
G1 F1200 X74.366 Y245.245 E2002.36131
M204 S3000
M205 X10 Y10
G0 F6000 X73.933 Y245.112
M204 S1800
M205 X8 Y8
G1 F1200 X96.25 Y222.795 E2003.41103
G1 X96.32 Y222.725
M204 S3000
M205 X10 Y10
G0 F6000 X95.425 Y223.055
M204 S1800
M205 X8 Y8
G1 F1200 X73.5 Y244.979 E2004.44229
M204 S3000
M205 X10 Y10
G0 F6000 X73.082 Y244.832
M204 S1800
M205 X8 Y8
G1 F1200 X94.636 Y223.278 E2005.45613
M204 S3000
M205 X10 Y10
G0 F6000 X93.874 Y223.475
M204 S1800
M205 X8 Y8
G1 F1200 X72.666 Y244.682 E2006.45366
M204 S3000
M205 X10 Y10
G0 F6000 X72.251 Y244.532
M204 S1800
M205 X8 Y8
G1 F1200 X93.166 Y223.617 E2007.43744
M204 S3000
M205 X10 Y10
G0 F6000 X92.474 Y223.744
M204 S1800
M205 X8 Y8
G1 F1200 X71.836 Y244.381 E2008.40816
M204 S3000
M205 X10 Y10
G0 F6000 X71.421 Y244.231
M204 S1800
M205 X8 Y8
G1 F1200 X91.806 Y223.845 E2009.36704
M204 S3000
M205 X10 Y10
G0 F6000 X91.161 Y223.925
M204 S1800
M205 X8 Y8
G1 F1200 X71.014 Y244.072 E2010.31469
M204 S3000
M205 X10 Y10
G0 F6000 X70.615 Y243.905
M204 S1800
M205 X8 Y8
G1 F1200 X90.531 Y223.989 E2011.25148
M204 S3000
M205 X10 Y10
G0 F6000 X89.924 Y224.03
M204 S1800
M205 X8 Y8
G1 F1200 X70.218 Y243.736 E2012.17839
M204 S3000
M205 X10 Y10
G0 F6000 X69.82 Y243.569
M204 S1800
M205 X8 Y8
G1 F1200 X89.328 Y224.061 E2013.09598
M204 S3000
M205 X10 Y10
G0 F6000 X88.752 Y224.071
M204 S1800
M205 X8 Y8
G1 F1200 X69.423 Y243.401 E2014.00518
M204 S3000
M205 X10 Y10
G0 F6000 X69.024 Y243.233
M204 S1800
M205 X8 Y8
G1 F1200 X88.186 Y224.071 E2014.9065
M204 S3000
M205 X10 Y10
G0 F6000 X87.633 Y224.058
M204 S1800
M205 X8 Y8
G1 F1200 X68.642 Y243.05 E2015.79981
M204 S3000
M205 X10 Y10
G0 F6000 X68.26 Y242.866
M204 S1800
M205 X8 Y8
G1 F1200 X87.094 Y224.032 E2016.6857
M204 S3000
M205 X10 Y10
G0 F6000 X86.563 Y223.997
M204 S1800
M205 X8 Y8
G1 F1200 X67.879 Y242.681 E2017.56454
M204 S3000
M205 X10 Y10
G0 F6000 X67.497 Y242.498
M204 S1800
M205 X8 Y8
G1 F1200 X86.048 Y223.947 E2018.43712
M204 S3000
M205 X10 Y10
G0 F6000 X85.533 Y223.896
M204 S1800
M205 X8 Y8
G1 F1200 X67.115 Y242.314 E2019.30345
M204 S3000
M205 X10 Y10
G0 F6000 X66.739 Y242.124
M204 S1800
M205 X8 Y8
G1 F1200 X85.041 Y223.822 E2020.16432
M204 S3000
M205 X10 Y10
G0 F6000 X84.55 Y223.748
M204 S1800
M205 X8 Y8
G1 F1200 X66.373 Y241.925 E2021.01931
M204 S3000
M205 X10 Y10
G0 F6000 X66.007 Y241.725
M204 S1800
M205 X8 Y8
G1 F1200 X84.07 Y223.662 E2021.86894
M204 S3000
M205 X10 Y10
G0 F6000 X83.598 Y223.568
M204 S1800
M205 X8 Y8
G1 F1200 X65.64 Y241.526 E2022.71362
M204 S3000
M205 X10 Y10
G0 F6000 X65.274 Y241.327
M204 S1800
M205 X8 Y8
G1 F1200 X83.128 Y223.472 E2023.55345
M204 S3000
M205 X10 Y10
G0 F6000 X82.677 Y223.358
M204 S1800
M205 X8 Y8
G1 F1200 X64.908 Y241.127 E2024.38924
M204 S3000
M205 X10 Y10
G0 F6000 X64.552 Y240.917
M204 S1800
M205 X8 Y8
G1 F1200 X82.226 Y223.243 E2025.22058
M204 S3000
M205 X10 Y10
G0 F6000 X81.785 Y223.119
M204 S1800
M205 X8 Y8
G1 F1200 X64.201 Y240.702 E2026.04765
M204 S3000
M205 X10 Y10
G0 F6000 X63.85 Y240.488
M204 S1800
M205 X8 Y8
G1 F1200 X81.353 Y222.985 E2026.87094
M204 S3000
M205 X10 Y10
G0 F6000 X80.92 Y222.852
M204 S1800
M205 X8 Y8
G1 F1200 X63.499 Y240.273 E2027.69037
M204 S3000
M205 X10 Y10
G0 F6000 X63.148 Y240.059
M204 S1800
M205 X8 Y8
G1 F1200 X80.503 Y222.703 E2028.50672
M204 S3000
M205 X10 Y10
G0 F6000 X80.088 Y222.553
M204 S1800
M205 X8 Y8
G1 F1200 X62.797 Y239.844 E2029.32003
M204 S3000
M205 X10 Y10
G0 F6000 X62.459 Y239.616
M204 S1800
M205 X8 Y8
G1 F1200 X79.675 Y222.4 E2030.12982
M204 S3000
M205 X10 Y10
G0 F6000 X79.275 Y222.234
M204 S1800
M205 X8 Y8
G1 F1200 X62.122 Y239.387 E2030.93664
M204 S3000
M205 X10 Y10
G0 F6000 X61.786 Y239.158
M204 S1800
M205 X8 Y8
G1 F1200 X78.875 Y222.069 E2031.74046
M204 S3000
M205 X10 Y10
G0 F6000 X78.483 Y221.895
M204 S1800
M205 X8 Y8
G1 F1200 X61.449 Y238.929 E2032.54169
M204 S3000
M205 X10 Y10
G0 F6000 X61.113 Y238.7
M204 S1800
M205 X8 Y8
G1 F1200 X78.101 Y221.711 E2033.34077
M204 S3000
M205 X10 Y10
G0 F6000 X77.719 Y221.528
M204 S1800
M205 X8 Y8
G1 F1200 X60.777 Y238.469 E2034.13765
M204 S3000
M205 X10 Y10
G0 F6000 X60.456 Y238.225
M204 S1800
M205 X8 Y8
G1 F1200 X77.346 Y221.335 E2034.9321
M204 S3000
M205 X10 Y10
G0 F6000 X76.979 Y221.136
M204 S1800
M205 X8 Y8
G1 F1200 X60.134 Y237.981 E2035.72444
M204 S3000
M205 X10 Y10
G0 F6000 X59.812 Y237.737
M204 S1800
M205 X8 Y8
G1 F1200 X76.612 Y220.937 E2036.51466
M204 S3000
M205 X10 Y10
G0 F6000 X76.257 Y220.727
M204 S1800
M205 X8 Y8
G1 F1200 X59.491 Y237.493 E2037.30328
M204 S3000
M205 X10 Y10
G0 F6000 X59.169 Y237.249
M204 S1800
M205 X8 Y8
G1 F1200 X75.905 Y220.513 E2038.09049
M204 S3000
M205 X10 Y10
G0 F6000 X75.554 Y220.299
M204 S1800
M205 X8 Y8
G1 F1200 X58.851 Y237.002 E2038.87615
M204 S3000
M205 X10 Y10
G0 F6000 X58.543 Y236.744
M204 S1800
M205 X8 Y8
G1 F1200 X75.213 Y220.074 E2039.66026
M204 S3000
M205 X10 Y10
G0 F6000 X74.876 Y219.845
M204 S1800
M205 X8 Y8
G1 F1200 X58.235 Y236.486 E2040.443
M204 S3000
M205 X10 Y10
G0 F6000 X57.928 Y236.228
M204 S1800
M205 X8 Y8
G1 F1200 X74.538 Y219.617 E2041.2243
M204 S3000
M205 X10 Y10
G0 F6000 X74.214 Y219.376
M204 S1800
M205 X8 Y8
G1 F1200 X57.62 Y235.97 E2042.00484
M204 S3000
M205 X10 Y10
G0 F6000 X57.313 Y235.711
M204 S1800
M205 X8 Y8
G1 F1200 X73.892 Y219.132 E2042.78466
M204 S3000
M205 X10 Y10
G0 F6000 X73.57 Y218.888
M204 S1800
M205 X8 Y8
G1 F1200 X57.011 Y235.448 E2043.56357
M204 S3000
M205 X10 Y10
G0 F6000 X56.718 Y235.175
M204 S1800
M205 X8 Y8
G1 F1200 X73.26 Y218.633 E2044.34165
M204 S3000
M205 X10 Y10
G0 F6000 X72.952 Y218.375
M204 S1800
M205 X8 Y8
G1 F1200 X56.424 Y234.902 E2045.11906
M204 S3000
M205 X10 Y10
G0 F6000 X56.132 Y234.63
M204 S1800
M205 X8 Y8
G1 F1200 X72.644 Y218.117 E2045.89575
M204 S3000
M205 X10 Y10
G0 F6000 X72.347 Y217.848
M204 S1800
M205 X8 Y8
G1 F1200 X55.838 Y234.357 E2046.67229
M204 S3000
M205 X10 Y10
G0 F6000 X55.546 Y234.084
M204 S1800
M205 X8 Y8
G1 F1200 X72.053 Y217.577 E2047.44873
M204 S3000
M205 X10 Y10
G0 F6000 X71.758 Y217.306
M204 S1800
M205 X8 Y8
G1 F1200 X55.26 Y233.804 E2048.22474
M204 S3000
M205 X10 Y10
G0 F6000 X54.981 Y233.518
M204 S1800
M205 X8 Y8
G1 F1200 X71.476 Y217.023 E2049.00061
M204 S3000
M205 X10 Y10
G0 F6000 X71.197 Y216.736
M204 S1800
M205 X8 Y8
G1 F1200 X54.701 Y233.232 E2049.77654
M204 S3000
M205 X10 Y10
G0 F6000 X54.422 Y232.945
M204 S1800
M205 X8 Y8
G1 F1200 X70.917 Y216.45 E2050.55241
M204 S3000
M205 X10 Y10
G0 F6000 X70.649 Y216.152
M204 S1800
M205 X8 Y8
G1 F1200 X54.142 Y232.66 E2051.32887
M204 S3000
M205 X10 Y10
G0 F6000 X53.863 Y232.373
M204 S1800
M205 X8 Y8
G1 F1200 X70.384 Y215.852 E2052.10597
M204 S3000
M205 X10 Y10
G0 F6000 X70.118 Y215.552
M204 S1800
M205 X8 Y8
G1 F1200 X53.592 Y232.078 E2052.8833
M204 S3000
M205 X10 Y10
G0 F6000 X53.327 Y231.778
M204 S1800
M205 X8 Y8
G1 F1200 X69.865 Y215.239 E2053.66122
M204 S3000
M205 X10 Y10
G0 F6000 X69.613 Y214.925
M204 S1800
M205 X8 Y8
G1 F1200 X53.061 Y231.478 E2054.4398
M204 S3000
M205 X10 Y10
G0 F6000 X52.796 Y231.177
M204 S1800
M205 X8 Y8
G1 F1200 X69.362 Y214.611 E2055.21902
M204 S3000
M205 X10 Y10
G0 F6000 X69.123 Y214.285
M204 S1800
M205 X8 Y8
G1 F1200 X52.53 Y230.877 E2055.99948
M204 S3000
M205 X10 Y10
G0 F6000 X52.265 Y230.576
M204 S1800
M205 X8 Y8
G1 F1200 X68.886 Y213.956 E2056.78125
M204 S3000
M205 X10 Y10
G0 F6000 X68.649 Y213.627
M204 S1800
M205 X8 Y8
G1 F1200 X52.01 Y230.266 E2057.5639
M204 S3000
M205 X10 Y10
G0 F6000 X51.759 Y229.951
M204 S1800
M205 X8 Y8
G1 F1200 X68.425 Y213.286 E2058.34779
M204 S3000
M205 X10 Y10
G0 F6000 X68.201 Y212.943
M204 S1800
M205 X8 Y8
G1 F1200 X51.508 Y229.637 E2059.13301
M204 S3000
M205 X10 Y10
G0 F6000 X51.257 Y229.322
M204 S1800
M205 X8 Y8
G1 F1200 X67.979 Y212.6 E2059.91956
M204 S3000
M205 X10 Y10
G0 F6000 X67.771 Y212.243
M204 S1800
M205 X8 Y8
G1 F1200 X51.006 Y229.007 E2060.70811
M204 S3000
M205 X10 Y10
G0 F6000 X50.755 Y228.693
M204 S1800
M205 X8 Y8
G1 F1200 X67.563 Y211.885 E2061.4987
M204 S3000
M205 X10 Y10
G0 F6000 X67.357 Y211.525
M204 S1800
M205 X8 Y8
G1 F1200 X50.515 Y228.367 E2062.2909
M204 S3000
M205 X10 Y10
G0 F6000 X50.279 Y228.037
M204 S1800
M205 X8 Y8
G1 F1200 X67.165 Y211.151 E2063.08517
M204 S3000
M205 X10 Y10
G0 F6000 X66.973 Y210.777
M204 S1800
M205 X8 Y8
G1 F1200 X50.042 Y227.708 E2063.88155
M204 S3000
M205 X10 Y10
G0 F6000 X49.806 Y227.379
M204 S1800
M205 X8 Y8
G1 F1200 X66.785 Y210.4 E2064.68019
M204 S3000
M205 X10 Y10
G0 F6000 X66.608 Y210.011
M204 S1800
M205 X8 Y8
G1 F1200 X49.569 Y227.05 E2065.48165
M204 S3000
M205 X10 Y10
G0 F6000 X49.332 Y226.721
M204 S1800
M205 X8 Y8
G1 F1200 X66.432 Y209.621 E2066.28598
M204 S3000
M205 X10 Y10
G0 F6000 X66.262 Y209.226
M204 S1800
M205 X8 Y8
G1 F1200 X49.109 Y226.378 E2067.09278
M204 S3000
M205 X10 Y10
G0 F6000 X48.887 Y226.035
M204 S1800
M205 X8 Y8
G1 F1200 X66.102 Y208.82 E2067.90252
M204 S3000
M205 X10 Y10
G0 F6000 X65.941 Y208.415
M204 S1800
M205 X8 Y8
G1 F1200 X48.665 Y225.691 E2068.71513
M204 S3000
M205 X10 Y10
G0 F6000 X48.443 Y225.347
M204 S1800
M205 X8 Y8
G1 F1200 X65.792 Y207.998 E2069.53118
M204 S3000
M205 X10 Y10
G0 F6000 X65.649 Y207.576
M204 S1800
M205 X8 Y8
G1 F1200 X48.221 Y225.004 E2070.35094
M204 S3000
M205 X10 Y10
G0 F6000 X48.001 Y224.658
M204 S1800
M205 X8 Y8
G1 F1200 X65.506 Y207.154 E2071.1743
M204 S3000
M205 X10 Y10
G0 F6000 X65.381 Y206.713
M204 S1800
M205 X8 Y8
G1 F1200 X47.794 Y224.299 E2072.00151
M204 S3000
M205 X10 Y10
G0 F6000 X47.588 Y223.94
M204 S1800
M205 X8 Y8
G1 F1200 X65.256 Y206.272 E2072.83256
M204 S3000
M205 X10 Y10
G0 F6000 X65.137 Y205.825
M204 S1800
M205 X8 Y8
G1 F1200 X47.381 Y223.582 E2073.66777
M204 S3000
M205 X10 Y10
G0 F6000 X47.173 Y223.223
M204 S1800
M205 X8 Y8
G1 F1200 X65.031 Y205.365 E2074.50776
M204 S3000
M205 X10 Y10
G0 F6000 X64.925 Y204.906
M204 S1800
M205 X8 Y8
G1 F1200 X46.966 Y222.865 E2075.35249
M204 S3000
M205 X10 Y10
G0 F6000 X46.766 Y222.499
M204 S1800
M205 X8 Y8
G1 F1200 X64.835 Y204.43 E2076.2024
M204 S3000
M205 X10 Y10
G0 F6000 X64.75 Y203.95
M204 S1800
M205 X8 Y8
G1 F1200 X46.575 Y222.125 E2077.0573
M204 S3000
M205 X10 Y10
G0 F6000 X46.383 Y221.751
M204 S1800
M205 X8 Y8
G1 F1200 X64.673 Y203.461 E2077.9176
M204 S3000
M205 X10 Y10
G0 F6000 X64.61 Y202.958
M204 S1800
M205 X8 Y8
G1 F1200 X46.191 Y221.377 E2078.78398
M204 S3000
M205 X10 Y10
G0 F6000 X46 Y221.002
M204 S1800
M205 X8 Y8
G1 F1200 X64.547 Y202.455 E2079.65637
M204 S3000
M205 X10 Y10
G0 F6000 X64.505 Y201.932
M204 S1800
M205 X8 Y8
G1 F1200 X45.809 Y220.628 E2080.53577
M204 S3000
M205 X10 Y10
G0 F6000 X45.63 Y220.241
M204 S1800
M205 X8 Y8
G1 F1200 X64.465 Y201.406 E2081.42172
M204 S3000
M205 X10 Y10
G0 F6000 X64.442 Y200.864
M204 S1800
M205 X8 Y8
G1 F1200 X45.454 Y219.851 E2082.31483
M204 S3000
M205 X10 Y10
G0 F6000 X45.278 Y219.461
M204 S1800
M205 X8 Y8
G1 F1200 X64.428 Y200.312 E2083.21556
M204 S3000
M205 X10 Y10
G0 F6000 X64.427 Y199.747
M204 S1800
M205 X8 Y8
G1 F1200 X45.102 Y219.072 E2084.12455
M204 S3000
M205 X10 Y10
G0 F6000 X44.927 Y218.681
M204 S1800
M205 X8 Y8
G1 F1200 X64.441 Y199.167 E2085.04243
M204 S3000
M205 X10 Y10
G0 F6000 X64.468 Y198.575
M204 S1800
M205 X8 Y8
G1 F1200 X44.756 Y218.287 E2085.96962
M204 S3000
M205 X10 Y10
G0 F6000 X44.596 Y217.881
M204 S1800
M205 X8 Y8
G1 F1200 X64.512 Y197.965 E2086.90641
M204 S3000
M205 X10 Y10
G0 F6000 X64.574 Y197.337
M204 S1800
M205 X8 Y8
G1 F1200 X44.436 Y217.475 E2087.85364
M204 S3000
M205 X10 Y10
G0 F6000 X44.277 Y217.069
M204 S1800
M205 X8 Y8
G1 F1200 X64.653 Y196.693 E2088.81206
M204 S3000
M205 X10 Y10
G0 F6000 X64.758 Y196.022
M204 S1800
M205 X8 Y8
G1 F1200 X44.117 Y216.663 E2089.78295
M204 S3000
M205 X10 Y10
G0 F6000 X43.958 Y216.257
M204 S1800
M205 X8 Y8
G1 F1200 X64.877 Y195.338 E2090.76692
M204 S3000
M205 X10 Y10
G0 F6000 X65.037 Y194.612
M204 S1800
M205 X8 Y8
G1 F1200 X43.814 Y215.835 E2091.76518
M204 S3000
M205 X10 Y10
G0 F6000 X43.672 Y215.411
M204 S1800
M205 X8 Y8
G1 F1200 X65.218 Y193.865 E2092.77864
G1 X65.288 Y193.795
M204 S3000
M205 X10 Y10
G0 F6000 X65.442 Y193.076
M204 S1800
M205 X8 Y8
G1 F1200 X43.53 Y214.987 E2093.80929
M204 S3000
M205 X10 Y10
G0 F6000 X43.389 Y214.563
M204 S1800
M205 X8 Y8
G1 F1200 X65.714 Y192.238 E2094.85939
G1 X65.784 Y192.168
M204 S3000
M205 X10 Y10
G0 F6000 X66.038 Y191.348
M204 S1800
M205 X8 Y8
G1 F1200 X43.248 Y214.138 E2095.93136
M204 S3000
M205 X10 Y10
G0 F6000 X43.115 Y213.705
M204 S1800
M205 X8 Y8
G1 F1200 X66.425 Y190.395 E2097.02779
G1 X66.495 Y190.325
M204 S3000
M205 X10 Y10
G0 F6000 X66.908 Y189.346
M204 S1800
M205 X8 Y8
G1 F1200 X42.992 Y213.263 E2098.15275
M204 S3000
M205 X10 Y10
G0 F6000 X42.867 Y212.822
M204 S1800
M205 X8 Y8
G1 F1200 X67.549 Y188.14 E2099.31372
G1 X67.619 Y188.07
M204 S3000
M205 X10 Y10
G0 F6000 X68.446 Y186.677
M204 S1800
M205 X8 Y8
G1 F1200 X42.743 Y212.38 E2100.52271
M204 S3000
M205 X10 Y10
G0 F6000 X42.62 Y211.938
M204 S1800
M205 X8 Y8
G1 F1200 X70.183 Y184.374 E2101.81921
G1 X70.253 Y184.304
M204 S3000
M205 X10 Y10
;MESH:NONMESH
G0 F600 X70.253 Y184.304 Z1
G0 F6000 X40.211 Y200
G0 X39.702 Y200
;TIME_ELAPSED:2602.907967
;LAYER:4
M204 S1800
M205 X8 Y8
;TYPE:WALL-OUTER
;MESH:8_10_1.stl
G1 F3000 X39.762 Y202.431 E2101.90009
G1 X39.945 Y204.857 E2101.98101
G1 X40.246 Y207.272 E2102.06195
G1 X40.612 Y209.347 E2102.13203
G1 X40.741 Y209.98 E2102.15352
G1 X41.211 Y212.04 E2102.2238
G1 X41.867 Y214.37 E2102.30431
G1 X42.644 Y216.69 E2102.38568
G1 X43.534 Y218.954 E2102.46659
G1 X44.535 Y221.173 E2102.54756
G1 X45.643 Y223.337 E2102.62842
G1 X46.86 Y225.444 E2102.70935
G1 X47.279 Y226.094 E2102.73507
G1 X48.004 Y227.213 E2102.77942
G1 X48.37 Y227.751 E2102.80106
G1 X49.602 Y229.464 E2102.87124
G1 X51.118 Y231.366 E2102.95214
G1 X52.729 Y233.19 E2103.03308
G1 X54.429 Y234.933 E2103.11406
G1 X56.211 Y236.589 E2103.19497
G1 X58.073 Y238.152 E2103.27583
G1 X60.014 Y239.622 E2103.35681
G1 X62.023 Y240.99 E2103.43765
G1 X64.101 Y242.26 E2103.51865
G1 X66.239 Y243.425 E2103.59963
G1 X68.43 Y244.481 E2103.68053
G1 X70.687 Y245.433 E2103.762
G1 X72.342 Y246.033 E2103.82055
G1 X72.958 Y246.257 E2103.84235
G1 X75.285 Y246.975 E2103.92335
G1 X77.642 Y247.574 E2104.00423
G1 X80.027 Y248.058 E2104.08518
G1 X82.432 Y248.421 E2104.16607
G1 X84.2 Y248.597 E2104.22517
G1 X84.854 Y248.663 E2104.24703
G1 X87.284 Y248.784 E2104.32795
G1 X89.717 Y248.785 E2104.40887
G1 X92.148 Y248.663 E2104.48983
G1 X94.568 Y248.421 E2104.57072
G1 X96.975 Y248.058 E2104.65168
G1 X99.359 Y247.574 E2104.73259
G1 X101.717 Y246.975 E2104.81351
G1 X104.029 Y246.262 E2104.89398
G1 X106.019 Y245.54 E2104.96439
G1 X106.634 Y245.298 E2104.98637
G1 X108.57 Y244.481 E2105.05627
G1 X110.763 Y243.425 E2105.13722
G1 X112.323 Y242.576 E2105.19629
G1 X112.901 Y242.26 E2105.2182
G1 X114.977 Y240.992 E2105.29911
G1 X116.989 Y239.622 E2105.38007
G1 X118.927 Y238.154 E2105.46093
G1 X120.79 Y236.589 E2105.54186
G1 X122.574 Y234.933 E2105.62282
G1 X124.274 Y233.19 E2105.7038
G1 X125.882 Y231.368 E2105.78462
G1 X127.401 Y229.464 E2105.86564
G1 X128.821 Y227.49 E2105.94651
G1 X130.142 Y225.444 E2106.02752
G1 X131.357 Y223.339 E2106.10835
G1 X132.468 Y221.173 E2106.18932
G1 X133.468 Y218.956 E2106.27021
G1 X134.363 Y216.676 E2106.35168
G1 X135.131 Y214.384 E2106.43208
G1 X135.791 Y212.04 E2106.51307
G1 X136.333 Y209.669 E2106.59396
G1 X136.756 Y207.272 E2106.67492
G1 X137.058 Y204.859 E2106.7558
G1 X137.24 Y202.431 E2106.83678
G1 X137.3 Y200 E2106.91766
G1 X137.249 Y197.89 E2106.98786
G1 X137.216 Y197.244 E2107.00938
G1 X137.058 Y195.141 E2107.07952
G1 X136.756 Y192.726 E2107.16047
G1 X136.333 Y190.331 E2107.24136
G1 X135.863 Y188.27 E2107.31167
G1 X135.705 Y187.65 E2107.33295
G1 X135.133 Y185.618 E2107.40316
G1 X134.359 Y183.31 E2107.48413
G1 X133.468 Y181.046 E2107.56505
G1 X132.468 Y178.829 E2107.64594
G1 X131.357 Y176.663 E2107.72691
G1 X130.145 Y174.562 E2107.80758
G1 X128.821 Y172.51 E2107.8888
G1 X127.401 Y170.534 E2107.96974
G1 X125.884 Y168.632 E2108.05065
G1 X124.274 Y166.808 E2108.13157
G1 X122.576 Y165.067 E2108.21246
G1 X120.789 Y163.409 E2108.29354
G1 X118.927 Y161.848 E2108.37435
G1 X116.987 Y160.378 E2108.45531
G1 X114.977 Y159.008 E2108.53621
G1 X112.901 Y157.74 E2108.61712
G1 X110.763 Y156.575 E2108.6981
G1 X108.57 Y155.519 E2108.77906
G1 X106.329 Y154.574 E2108.85995
G1 X104.029 Y153.736 E2108.94137
G1 X101.717 Y153.025 E2109.02182
G1 X99.359 Y152.426 E2109.10274
G1 X96.975 Y151.942 E2109.18365
G1 X94.568 Y151.579 E2109.26461
G1 X92.471 Y151.37 E2109.3347
G1 X91.824 Y151.321 E2109.35628
G1 X89.717 Y151.216 E2109.42645
G1 X87.286 Y151.215 E2109.5073
G1 X84.856 Y151.337 E2109.58823
G1 X82.434 Y151.579 E2109.66919
G1 X80.029 Y151.942 E2109.75008
G1 X77.644 Y152.426 E2109.83103
G1 X75.615 Y152.94 E2109.90064
G1 X74.987 Y153.117 E2109.92234
G1 X72.96 Y153.741 E2109.99288
G1 X70.675 Y154.574 E2110.07378
G1 X68.432 Y155.519 E2110.15473
G1 X66.239 Y156.575 E2110.23568
G1 X64.392 Y157.58 E2110.30562
G1 X63.823 Y157.908 E2110.32746
G1 X62.027 Y159.008 E2110.39751
G1 X60.016 Y160.378 E2110.47845
G1 X58.079 Y161.845 E2110.55926
G1 X56.211 Y163.412 E2110.64036
G1 X54.427 Y165.067 E2110.72129
G1 X52.729 Y166.808 E2110.80218
G1 X51.118 Y168.632 E2110.88312
G1 X49.602 Y170.534 E2110.96402
G1 X48.177 Y172.515 E2111.04518
G1 X46.862 Y174.556 E2111.12594
G1 X45.645 Y176.663 E2111.20687
G1 X44.535 Y178.827 E2111.28776
G1 X43.534 Y181.046 E2111.36872
G1 X42.643 Y183.31 E2111.44965
G1 X41.869 Y185.618 E2111.53061
G1 X41.211 Y187.958 E2111.61146
G1 X40.67 Y190.331 E2111.69241
G1 X40.246 Y192.726 E2111.77331
G1 X39.945 Y195.141 E2111.85425
G1 X39.762 Y197.567 E2111.93517
G1 X39.702 Y200 E2112.01612
M204 S3000
M205 X10 Y10
G0 F6000 X39.706 Y200.2
G0 X40.216 Y200.188
G0 X65.294 Y200.107
G0 X65.803 Y200.118
M204 S1800
M205 X8 Y8
G1 F3000 X65.829 Y198.864 E2112.05783
G1 X65.906 Y197.848 E2112.09172
G1 X66.053 Y196.624 E2112.13273
G1 X66.231 Y195.609 E2112.167
G1 X66.503 Y194.393 E2112.20844
G1 X66.813 Y193.298 E2112.2463
G1 X67.137 Y192.338 E2112.27999
G1 X67.585 Y191.178 E2112.32135
G1 X68.005 Y190.248 E2112.35529
G1 X68.566 Y189.138 E2112.39666
G1 X69.134 Y188.159 E2112.43431
G1 X69.748 Y187.209 E2112.47193
G1 X70.343 Y186.379 E2112.50589
G1 X71.115 Y185.405 E2112.54723
G1 X71.859 Y184.562 E2112.58463
G1 X72.577 Y183.827 E2112.6188
G1 X73.485 Y182.977 E2112.66017
G1 X74.265 Y182.32 E2112.69409
G1 X75.164 Y181.633 E2112.73172
G1 X76.102 Y180.986 E2112.76962
G1 X77.157 Y180.337 E2112.81082
G1 X78.148 Y179.797 E2112.84836
G1 X79.069 Y179.355 E2112.88233
G1 X80.108 Y178.911 E2112.91991
G1 X81.171 Y178.52 E2112.95758
G1 X82.251 Y178.178 E2112.99526
G1 X83.345 Y177.895 E2113.03285
G1 X84.454 Y177.665 E2113.07052
G1 X85.572 Y177.492 E2113.10815
G1 X86.698 Y177.373 E2113.14581
G1 X87.829 Y177.312 E2113.18348
G1 X88.96 Y177.307 E2113.22109
G1 X90.091 Y177.358 E2113.25875
G1 X91.329 Y177.477 E2113.30012
G1 X92.337 Y177.629 E2113.33402
G1 X93.56 Y177.87 E2113.37548
G1 X94.546 Y178.121 E2113.40932
G1 X95.738 Y178.485 E2113.45077
G1 X96.693 Y178.832 E2113.48457
G1 X97.842 Y179.309 E2113.52595
G1 X98.761 Y179.752 E2113.55988
G1 X99.856 Y180.343 E2113.60127
G1 X100.725 Y180.875 E2113.63515
G1 X101.757 Y181.571 E2113.67656
G1 X102.659 Y182.256 E2113.71423
G1 X103.524 Y182.983 E2113.75181
G1 X104.273 Y183.675 E2113.78573
G1 X105.067 Y184.483 E2113.8234
G1 X105.821 Y185.328 E2113.86107
G1 X106.53 Y186.21 E2113.89871
G1 X107.259 Y187.217 E2113.94006
G1 X107.814 Y188.072 E2113.97396
G1 X108.384 Y189.05 E2114.01161
G1 X108.905 Y190.055 E2114.04926
G1 X109.375 Y191.084 E2114.08689
G1 X109.8 Y192.15 E2114.12506
G1 X110.161 Y193.207 E2114.16221
G1 X110.471 Y194.295 E2114.19983
G1 X110.732 Y195.41 E2114.23792
G1 X110.93 Y196.512 E2114.27516
G1 X111.076 Y197.633 E2114.31276
G1 X111.173 Y198.874 E2114.35416
G1 X111.201 Y200.004 E2114.39176
G1 X111.173 Y201.137 E2114.42945
G1 X111.096 Y202.152 E2114.46331
G1 X110.949 Y203.376 E2114.50431
G1 X110.771 Y204.391 E2114.53859
G1 X110.499 Y205.607 E2114.58003
G1 X110.19 Y206.704 E2114.61794
G1 X109.865 Y207.661 E2114.65155
G1 X109.417 Y208.823 E2114.69297
G1 X108.997 Y209.752 E2114.72688
G1 X108.435 Y210.862 E2114.76826
G1 X107.923 Y211.744 E2114.80218
G1 X107.254 Y212.791 E2114.84351
G1 X106.66 Y213.621 E2114.87746
G1 X105.887 Y214.595 E2114.91881
G1 X105.143 Y215.438 E2114.95621
G1 X104.426 Y216.174 E2114.99038
G1 X103.518 Y217.023 E2115.03173
G1 X102.651 Y217.752 E2115.06941
G1 X101.838 Y218.367 E2115.10331
G1 X100.814 Y219.071 E2115.14464
G1 X99.846 Y219.663 E2115.18238
G1 X98.854 Y220.203 E2115.21995
G1 X97.933 Y220.645 E2115.25392
G1 X96.894 Y221.089 E2115.29151
G1 X95.831 Y221.481 E2115.32919
G1 X94.751 Y221.822 E2115.36686
G1 X93.657 Y222.105 E2115.40444
G1 X92.548 Y222.335 E2115.44211
G1 X91.43 Y222.508 E2115.47974
G1 X90.305 Y222.627 E2115.51737
G1 X89.173 Y222.688 E2115.55507
G1 X88.041 Y222.693 E2115.59272
G1 X86.8 Y222.637 E2115.63404
G1 X85.673 Y222.523 E2115.67171
G1 X84.665 Y222.371 E2115.70562
G1 X83.442 Y222.13 E2115.74708
G1 X82.456 Y221.879 E2115.78092
G1 X81.259 Y221.514 E2115.82254
G1 X80.203 Y221.129 E2115.85993
G1 X79.159 Y220.69 E2115.89759
G1 X78.241 Y220.248 E2115.93148
G1 X77.144 Y219.656 E2115.97294
G1 X76.277 Y219.125 E2116.00676
G1 X75.244 Y218.429 E2116.04819
G1 X74.343 Y217.743 E2116.08585
G1 X73.477 Y217.016 E2116.12346
G1 X72.728 Y216.324 E2116.15737
G1 X71.935 Y215.517 E2116.19501
G1 X71.18 Y214.671 E2116.23272
G1 X70.472 Y213.789 E2116.27034
G1 X69.743 Y212.783 E2116.31166
G1 X69.187 Y211.927 E2116.34561
G1 X68.562 Y210.852 E2116.38697
G1 X68.097 Y209.945 E2116.42087
G1 X67.627 Y208.915 E2116.45852
G1 X67.202 Y207.85 E2116.49666
G1 X66.842 Y206.793 E2116.5338
G1 X66.531 Y205.705 E2116.57144
G1 X66.27 Y204.59 E2116.60952
G1 X66.072 Y203.487 E2116.6468
G1 X65.926 Y202.366 E2116.6844
G1 X65.837 Y201.238 E2116.72203
G1 X65.803 Y200.118 E2116.7593
M204 S3000
M205 X10 Y10
G0 F6000 X65.807 Y199.918
G0 X65.403 Y200.13
M204 S1800
M205 X8 Y8
;TYPE:WALL-INNER
G1 F3000 X65.43 Y198.834 E2116.80241
G1 X65.509 Y197.8 E2116.8369
G1 X65.659 Y196.555 E2116.87861
G1 X65.841 Y195.522 E2116.9135
G1 X66.118 Y194.284 E2116.95569
G1 X66.434 Y193.17 E2116.99421
G1 X66.764 Y192.194 E2117.02847
G1 X67.221 Y191.014 E2117.07056
G1 X67.648 Y190.068 E2117.10508
G1 X68.22 Y188.938 E2117.14721
G1 X68.798 Y187.942 E2117.18551
G1 X69.423 Y186.976 E2117.22378
G1 X70.029 Y186.131 E2117.25836
G1 X70.815 Y185.141 E2117.30041
G1 X71.573 Y184.283 E2117.33848
G1 X72.303 Y183.535 E2117.37325
G1 X73.227 Y182.671 E2117.41532
G1 X74.022 Y182.002 E2117.44988
G1 X74.937 Y181.304 E2117.48816
G1 X75.892 Y180.646 E2117.52673
G1 X76.965 Y179.986 E2117.56863
G1 X77.974 Y179.437 E2117.60683
G1 X78.912 Y178.987 E2117.64144
G1 X79.97 Y178.535 E2117.6797
G1 X81.05 Y178.138 E2117.71797
G1 X82.125 Y177.798 E2117.75547
G1 X83.264 Y177.503 E2117.79461
G1 X84.393 Y177.27 E2117.83295
G1 X85.53 Y177.094 E2117.87122
G1 X86.676 Y176.973 E2117.90954
G1 X87.82 Y176.912 E2117.94765
G1 X88.978 Y176.907 E2117.98616
G1 X90.129 Y176.96 E2118.02449
G1 X91.389 Y177.081 E2118.06659
G1 X92.414 Y177.237 E2118.10107
G1 X93.659 Y177.482 E2118.14327
G1 X94.662 Y177.738 E2118.1777
G1 X95.874 Y178.109 E2118.21986
G1 X96.847 Y178.462 E2118.25429
G1 X98.016 Y178.949 E2118.29641
G1 X98.951 Y179.4 E2118.33093
G1 X100.065 Y180.002 E2118.37305
G1 X100.949 Y180.543 E2118.40752
G1 X101.999 Y181.252 E2118.44966
G1 X102.893 Y181.932 E2118.48702
G1 X103.796 Y182.689 E2118.52621
G1 X104.558 Y183.395 E2118.56076
G1 X105.365 Y184.217 E2118.59907
G1 X106.133 Y185.077 E2118.63742
G1 X106.854 Y185.975 E2118.67573
G1 X107.595 Y186.999 E2118.71777
G1 X108.16 Y187.87 E2118.7523
G1 X108.739 Y188.866 E2118.79062
G1 X109.269 Y189.889 E2118.82894
G1 X109.747 Y190.936 E2118.86722
G1 X110.178 Y192.02 E2118.90602
G1 X110.545 Y193.097 E2118.94386
G1 X110.861 Y194.204 E2118.98215
G1 X111.126 Y195.34 E2119.02095
G1 X111.326 Y196.46 E2119.05879
G1 X111.475 Y197.601 E2119.09706
G1 X111.573 Y198.848 E2119.13866
G1 X111.601 Y200.014 E2119.17746
G1 X111.572 Y201.167 E2119.21582
G1 X111.493 Y202.2 E2119.25027
G1 X111.343 Y203.445 E2119.29198
G1 X111.161 Y204.478 E2119.32687
G1 X110.884 Y205.715 E2119.36903
G1 X110.569 Y206.832 E2119.40763
G1 X110.238 Y207.805 E2119.44182
G1 X109.781 Y208.988 E2119.484
G1 X109.354 Y209.932 E2119.51846
G1 X108.781 Y211.063 E2119.56063
G1 X108.26 Y211.959 E2119.5951
G1 X107.58 Y213.024 E2119.63713
G1 X106.979 Y213.863 E2119.67145
G1 X106.187 Y214.859 E2119.71378
G1 X105.429 Y215.717 E2119.75185
G1 X104.699 Y216.466 E2119.78664
G1 X103.776 Y217.329 E2119.82867
G1 X102.893 Y218.071 E2119.86703
G1 X102.064 Y218.697 E2119.90158
G1 X101.023 Y219.412 E2119.94358
G1 X100.037 Y220.015 E2119.98203
G1 X99.028 Y220.563 E2120.02021
G1 X98.09 Y221.013 E2120.05482
G1 X97.032 Y221.464 E2120.09307
G1 X95.951 Y221.863 E2120.1314
G1 X94.851 Y222.209 E2120.16975
G1 X93.738 Y222.497 E2120.20799
G1 X92.609 Y222.73 E2120.24633
G1 X91.472 Y222.906 E2120.2846
G1 X90.327 Y223.027 E2120.32289
G1 X89.182 Y223.088 E2120.36103
G1 X88.023 Y223.093 E2120.39958
G1 X86.76 Y223.035 E2120.44163
G1 X85.613 Y222.919 E2120.47997
G1 X84.588 Y222.763 E2120.51446
G1 X83.343 Y222.518 E2120.55666
G1 X82.34 Y222.262 E2120.59109
G1 X81.123 Y221.891 E2120.63341
G1 X80.048 Y221.498 E2120.67147
G1 X78.985 Y221.05 E2120.70984
G1 X78.051 Y220.6 E2120.74432
G1 X76.949 Y220.005 E2120.78598
G1 X76.053 Y219.457 E2120.82091
G1 X75.002 Y218.747 E2120.8631
G1 X74.086 Y218.049 E2120.9014
G1 X73.205 Y217.31 E2120.93965
G1 X72.442 Y216.604 E2120.97422
G1 X71.637 Y215.783 E2121.01246
G1 X70.868 Y214.921 E2121.05088
G1 X70.148 Y214.024 E2121.08914
G1 X69.407 Y213.001 E2121.13115
G1 X68.841 Y212.128 E2121.16576
G1 X68.206 Y211.034 E2121.20783
G1 X67.733 Y210.111 E2121.24233
G1 X67.255 Y209.063 E2121.28064
G1 X66.826 Y207.987 E2121.31916
G1 X66.458 Y206.903 E2121.35724
G1 X66.141 Y205.796 E2121.39554
G1 X65.876 Y204.66 E2121.43434
G1 X65.676 Y203.539 E2121.47221
G1 X65.527 Y202.398 E2121.51048
G1 X65.437 Y201.25 E2121.54878
G1 X65.403 Y200.13 E2121.58605
M204 S3000
M205 X10 Y10
G0 F6000 X65.293 Y200.133
G0 X40.211 Y200
G0 X40.102 Y200
M204 S1800
M205 X8 Y8
G1 F3000 X40.162 Y202.411 E2121.66627
G1 X40.343 Y204.817 E2121.74652
G1 X40.642 Y207.212 E2121.82679
G1 X41.006 Y209.277 E2121.89653
G1 X41.131 Y209.891 E2121.91737
G1 X41.599 Y211.941 E2121.98731
G1 X42.249 Y214.252 E2122.06716
G1 X43.02 Y216.553 E2122.14787
G1 X43.902 Y218.798 E2122.2281
G1 X44.895 Y220.999 E2122.30841
G1 X45.995 Y223.146 E2122.38864
G1 X47.202 Y225.235 E2122.46889
G1 X47.615 Y225.877 E2122.49428
G1 X48.34 Y226.996 E2122.53862
G1 X48.695 Y227.517 E2122.55959
G1 X49.921 Y229.222 E2122.62944
G1 X51.424 Y231.109 E2122.70968
G1 X53.022 Y232.918 E2122.78996
G1 X54.709 Y234.647 E2122.8703
G1 X56.476 Y236.289 E2122.95053
G1 X58.323 Y237.839 E2123.03073
G1 X60.248 Y239.297 E2123.11105
G1 X62.24 Y240.654 E2123.19121
G1 X64.301 Y241.914 E2123.27156
G1 X66.421 Y243.069 E2123.35185
G1 X68.594 Y244.116 E2123.43208
G1 X70.833 Y245.061 E2123.51291
G1 X72.478 Y245.657 E2123.5711
G1 X73.085 Y245.877 E2123.59258
G1 X75.393 Y246.59 E2123.67292
G1 X77.731 Y247.184 E2123.75316
G1 X80.097 Y247.664 E2123.83345
G1 X82.482 Y248.024 E2123.91368
G1 X84.24 Y248.199 E2123.97244
G1 X84.884 Y248.264 E2123.99396
G1 X87.294 Y248.384 E2124.07422
G1 X89.707 Y248.385 E2124.15448
G1 X92.118 Y248.264 E2124.23477
G1 X94.518 Y248.024 E2124.31499
G1 X96.905 Y247.664 E2124.39528
G1 X99.27 Y247.184 E2124.47554
G1 X101.609 Y246.59 E2124.55581
G1 X103.902 Y245.883 E2124.63562
G1 X106.183 Y245.054 E2124.71634
G1 X108.406 Y244.116 E2124.79659
G1 X110.581 Y243.069 E2124.87688
G1 X112.701 Y241.914 E2124.95717
G1 X114.76 Y240.656 E2125.03743
G1 X115.286 Y240.299 E2125.05857
G1 X116.755 Y239.297 E2125.11771
G1 X118.677 Y237.841 E2125.19791
G1 X120.525 Y236.289 E2125.27818
G1 X122.294 Y234.647 E2125.35845
G1 X123.981 Y232.918 E2125.4388
G1 X125.576 Y231.111 E2125.51896
G1 X126.886 Y229.467 E2125.58888
G1 X127.264 Y228.968 E2125.6097
G1 X128.491 Y227.264 E2125.67954
G1 X129.8 Y225.236 E2125.75982
G1 X130.85 Y223.418 E2125.82965
G1 X131.147 Y222.871 E2125.85035
G1 X132.108 Y220.999 E2125.92034
G1 X133.099 Y218.8 E2126.00056
G1 X133.987 Y216.539 E2126.08136
G1 X134.749 Y214.266 E2126.16109
G1 X135.403 Y211.941 E2126.24142
G1 X135.941 Y209.589 E2126.32167
G1 X136.36 Y207.212 E2126.40195
G1 X136.66 Y204.819 E2126.48216
G1 X136.84 Y202.411 E2126.56248
G1 X136.9 Y200 E2126.64269
G1 X136.849 Y197.9 E2126.71256
G1 X136.817 Y197.274 E2126.73341
G1 X136.66 Y195.181 E2126.80322
G1 X136.36 Y192.786 E2126.8835
G1 X135.941 Y190.411 E2126.96371
G1 X135.473 Y188.359 E2127.03371
G1 X135.32 Y187.758 E2127.05434
G1 X134.751 Y185.736 E2127.1242
G1 X133.983 Y183.447 E2127.20451
G1 X133.1 Y181.202 E2127.28474
G1 X132.108 Y179.003 E2127.36498
G1 X131.005 Y176.855 E2127.44529
G1 X129.803 Y174.77 E2127.52534
G1 X128.49 Y172.735 E2127.60589
G1 X127.082 Y170.776 E2127.68613
G1 X125.578 Y168.889 E2127.76638
G1 X123.981 Y167.08 E2127.84664
G1 X122.296 Y165.353 E2127.92689
G1 X120.524 Y163.709 E2128.00729
G1 X118.677 Y162.161 E2128.08744
G1 X116.753 Y160.703 E2128.16774
G1 X114.76 Y159.344 E2128.24797
G1 X112.701 Y158.086 E2128.32822
G1 X110.581 Y156.931 E2128.40852
G1 X108.406 Y155.884 E2128.4888
G1 X106.183 Y154.946 E2128.56905
G1 X103.902 Y154.116 E2128.64979
G1 X101.609 Y153.41 E2128.72958
G1 X99.27 Y152.816 E2128.80985
G1 X96.905 Y152.336 E2128.89011
G1 X94.518 Y151.976 E2128.9704
G1 X92.431 Y151.768 E2129.04016
G1 X91.804 Y151.721 E2129.06107
G1 X89.707 Y151.616 E2129.13091
G1 X87.296 Y151.615 E2129.2111
G1 X84.886 Y151.736 E2129.29136
G1 X82.484 Y151.976 E2129.37164
G1 X80.099 Y152.336 E2129.45187
G1 X77.733 Y152.816 E2129.53216
G1 X75.407 Y153.406 E2129.61198
G1 X73.088 Y154.12 E2129.69268
G1 X70.821 Y154.946 E2129.77293
G1 X68.886 Y155.761 E2129.84276
G1 X68.313 Y156.02 E2129.86368
G1 X66.421 Y156.931 E2129.93352
G1 X64.303 Y158.084 E2130.01373
G1 X62.244 Y159.344 E2130.09402
G1 X60.25 Y160.703 E2130.17428
G1 X58.329 Y162.158 E2130.25443
G1 X56.72 Y163.507 E2130.32426
G1 X56.243 Y163.927 E2130.3454
G1 X54.707 Y165.353 E2130.41511
G1 X53.022 Y167.08 E2130.49536
G1 X51.424 Y168.889 E2130.57564
G1 X49.921 Y170.776 E2130.65588
G1 X48.508 Y172.74 E2130.73635
G1 X47.204 Y174.764 E2130.81643
G1 X45.997 Y176.855 E2130.89674
G1 X44.895 Y179.001 E2130.97697
G1 X43.903 Y181.202 E2131.05727
G1 X43.019 Y183.447 E2131.13752
G1 X42.251 Y185.736 E2131.21782
G1 X41.599 Y188.057 E2131.29801
G1 X41.062 Y190.411 E2131.37831
G1 X40.642 Y192.786 E2131.45853
G1 X40.343 Y195.181 E2131.53881
G1 X40.162 Y197.587 E2131.61906
G1 X40.102 Y200 E2131.69934
M204 S3000
M205 X10 Y10
G0 F6000 X40.502 Y200
M204 S1800
M205 X8 Y8
G1 F3000 X40.562 Y202.391 E2131.77889
G1 X40.741 Y204.777 E2131.85847
G1 X41.038 Y207.152 E2131.93808
G1 X41.4 Y209.208 E2132.00751
G1 X41.521 Y209.802 E2132.02768
G1 X41.987 Y211.843 E2132.09731
G1 X42.632 Y214.134 E2132.17647
G1 X43.396 Y216.417 E2132.25654
G1 X44.271 Y218.643 E2132.33609
G1 X45.256 Y220.826 E2132.41575
G1 X46.346 Y222.954 E2132.49527
G1 X47.543 Y225.027 E2132.57489
G1 X47.951 Y225.66 E2132.59993
G1 X48.676 Y226.779 E2132.64428
G1 X49.019 Y227.284 E2132.66459
G1 X50.24 Y228.981 E2132.73412
G1 X51.731 Y230.851 E2132.81367
G1 X53.114 Y232.419 E2132.88321
G1 X53.527 Y232.862 E2132.90335
G1 X54.988 Y234.361 E2132.97297
G1 X56.741 Y235.989 E2133.05254
G1 X58.572 Y237.526 E2133.13205
G1 X60.481 Y238.972 E2133.2117
G1 X62.457 Y240.318 E2133.29123
G1 X64.501 Y241.567 E2133.3709
G1 X66.604 Y242.713 E2133.45055
G1 X68.759 Y243.752 E2133.53013
G1 X70.979 Y244.688 E2133.61026
G1 X72.614 Y245.281 E2133.6681
G1 X73.213 Y245.498 E2133.68929
G1 X75.501 Y246.204 E2133.76893
G1 X77.82 Y246.794 E2133.84852
G1 X80.167 Y247.27 E2133.92817
G1 X82.532 Y247.627 E2134.00772
G1 X84.28 Y247.801 E2134.06615
G1 X84.914 Y247.865 E2134.08734
G1 X87.304 Y247.984 E2134.16693
G1 X89.697 Y247.985 E2134.24652
G1 X92.088 Y247.865 E2134.32615
G1 X94.468 Y247.627 E2134.4057
G1 X96.835 Y247.27 E2134.48532
G1 X99.181 Y246.794 E2134.56494
G1 X101.501 Y246.204 E2134.64456
G1 X103.488 Y245.592 E2134.71371
G1 X104.056 Y245.402 E2134.73363
G1 X106.037 Y244.681 E2134.80375
G1 X108.241 Y243.752 E2134.8833
G1 X110.398 Y242.713 E2134.96293
G1 X112.501 Y241.567 E2135.04259
G1 X114.543 Y240.32 E2135.12217
G1 X116.522 Y238.972 E2135.20181
G1 X118.428 Y237.529 E2135.28132
G1 X120.26 Y235.989 E2135.36092
G1 X122.015 Y234.36 E2135.44056
G1 X123.687 Y232.646 E2135.5202
G1 X125.269 Y230.853 E2135.59973
G1 X126.763 Y228.98 E2135.67942
G1 X128.16 Y227.039 E2135.75896
G1 X129.459 Y225.027 E2135.83861
G1 X130.654 Y222.956 E2135.91814
G1 X131.747 Y220.825 E2135.9978
G1 X132.731 Y218.645 E2136.07735
G1 X133.611 Y216.403 E2136.15746
G1 X134.366 Y214.148 E2136.23655
G1 X135.015 Y211.842 E2136.31623
G1 X135.549 Y209.51 E2136.3958
G1 X135.964 Y207.152 E2136.47543
G1 X136.262 Y204.779 E2136.55498
G1 X136.44 Y202.391 E2136.63462
G1 X136.5 Y200 E2136.71417
G1 X136.449 Y197.91 E2136.78371
G1 X136.418 Y197.304 E2136.80389
G1 X136.262 Y195.221 E2136.87336
G1 X135.964 Y192.846 E2136.95298
G1 X135.603 Y190.794 E2137.02227
G1 X135.481 Y190.19 E2137.04277
G1 X135.015 Y188.155 E2137.1122
G1 X134.369 Y185.854 E2137.1917
G1 X133.607 Y183.584 E2137.27134
G1 X132.731 Y181.357 E2137.35093
G1 X131.747 Y179.177 E2137.43048
G1 X130.654 Y177.046 E2137.51014
G1 X129.462 Y174.979 E2137.5895
G1 X128.16 Y172.961 E2137.66938
G1 X126.763 Y171.017 E2137.749
G1 X125.271 Y169.146 E2137.82859
G1 X123.687 Y167.352 E2137.90819
G1 X122.017 Y165.639 E2137.98776
G1 X120.26 Y164.009 E2138.06747
G1 X118.428 Y162.474 E2138.14697
G1 X116.519 Y161.028 E2138.22662
G1 X114.543 Y159.68 E2138.30618
G1 X112.501 Y158.433 E2138.38576
G1 X110.398 Y157.287 E2138.46541
G1 X108.241 Y156.248 E2138.54505
G1 X106.037 Y155.319 E2138.6246
G1 X103.774 Y154.495 E2138.7047
G1 X101.501 Y153.796 E2138.78379
G1 X99.181 Y153.206 E2138.86341
G1 X96.835 Y152.73 E2138.94303
G1 X94.468 Y152.373 E2139.02265
G1 X92.391 Y152.166 E2139.09207
G1 X91.784 Y152.12 E2139.11232
G1 X89.697 Y152.016 E2139.18182
G1 X87.306 Y152.015 E2139.26134
G1 X84.916 Y152.135 E2139.34093
G1 X82.534 Y152.373 E2139.42056
G1 X80.475 Y152.683 E2139.48981
G1 X79.865 Y152.791 E2139.51041
G1 X77.822 Y153.206 E2139.57975
G1 X75.515 Y153.792 E2139.65892
G1 X73.215 Y154.5 E2139.73896
G1 X70.967 Y155.319 E2139.81854
G1 X68.761 Y156.248 E2139.89815
G1 X66.604 Y157.287 E2139.97778
G1 X64.503 Y158.431 E2140.05735
G1 X62.461 Y159.68 E2140.13696
G1 X60.483 Y161.028 E2140.21658
G1 X58.578 Y162.471 E2140.29606
G1 X56.74 Y164.012 E2140.37584
G1 X54.986 Y165.64 E2140.45543
G1 X53.316 Y167.352 E2140.53498
G1 X51.731 Y169.146 E2140.6146
G1 X50.24 Y171.018 E2140.6942
G1 X48.838 Y172.966 E2140.77402
G1 X47.545 Y174.973 E2140.85343
G1 X46.348 Y177.046 E2140.93305
G1 X45.256 Y179.175 E2141.01263
G1 X44.271 Y181.357 E2141.09225
G1 X43.395 Y183.584 E2141.17185
G1 X43.164 Y184.277 E2141.19615
G1 X42.633 Y185.854 E2141.25149
G1 X41.987 Y188.155 E2141.33098
G1 X41.454 Y190.49 E2141.41064
G1 X41.038 Y192.846 E2141.49021
G1 X40.741 Y195.221 E2141.56982
G1 X40.562 Y197.607 E2141.6494
G1 X40.502 Y200 E2141.72902
M204 S3000
M205 X10 Y10
G0 F6000 X65.003 Y200.142
M204 S1800
M205 X8 Y8
G1 F3000 X65.029 Y198.853 E2141.7719
G1 X65.031 Y198.804 E2141.77353
G1 X65.11 Y197.763 E2141.80826
G1 X65.265 Y196.486 E2141.85104
G1 X65.448 Y195.446 E2141.88616
G1 X65.733 Y194.175 E2141.92949
G1 X66.054 Y193.043 E2141.96862
G1 X66.391 Y192.05 E2142.0035
G1 X66.856 Y190.849 E2142.04633
G1 X67.291 Y189.887 E2142.08145
G1 X67.861 Y188.76 E2142.12345
G1 X68.462 Y187.725 E2142.16326
G1 X69.098 Y186.743 E2142.20217
G1 X69.716 Y185.882 E2142.23742
G1 X70.515 Y184.876 E2142.28015
G1 X71.27 Y184.021 E2142.31809
G1 X72.021 Y183.251 E2142.35387
G1 X72.969 Y182.365 E2142.39702
G1 X73.779 Y181.684 E2142.43222
G1 X74.71 Y180.974 E2142.47116
G1 X75.682 Y180.305 E2142.51041
G1 X76.774 Y179.634 E2142.55304
G1 X77.801 Y179.076 E2142.59191
G1 X78.744 Y178.624 E2142.62669
G1 X79.832 Y178.16 E2142.66603
G1 X80.929 Y177.757 E2142.7049
G1 X82.007 Y177.416 E2142.74251
G1 X82.051 Y177.403 E2142.74404
G1 X83.182 Y177.111 E2142.78289
G1 X84.331 Y176.874 E2142.82191
G1 X85.488 Y176.696 E2142.86084
G1 X86.654 Y176.574 E2142.89983
G1 X87.813 Y176.512 E2142.93844
G1 X88.996 Y176.507 E2142.97778
G1 X90.156 Y176.561 E2143.01641
G1 X91.448 Y176.685 E2143.05958
G1 X92.491 Y176.844 E2143.09467
G1 X93.757 Y177.094 E2143.13759
G1 X94.767 Y177.352 E2143.17226
G1 X96.011 Y177.733 E2143.21553
G1 X97 Y178.093 E2143.25054
G1 X98.167 Y178.578 E2143.29257
G1 X99.141 Y179.048 E2143.32854
G1 X100.252 Y179.647 E2143.37052
G1 X101.173 Y180.211 E2143.40644
G1 X102.241 Y180.933 E2143.44932
G1 X103.173 Y181.643 E2143.48829
G1 X104.067 Y182.395 E2143.52714
G1 X104.844 Y183.115 E2143.56238
G1 X105.663 Y183.95 E2143.60128
G1 X106.445 Y184.827 E2143.64036
G1 X107.171 Y185.73 E2143.6789
G1 X107.901 Y186.739 E2143.72032
G1 X107.93 Y186.781 E2143.72202
G1 X108.506 Y187.669 E2143.75722
G1 X109.089 Y188.672 E2143.79581
G1 X109.633 Y189.723 E2143.83517
G1 X110.118 Y190.788 E2143.87409
G1 X110.557 Y191.891 E2143.91357
G1 X110.917 Y192.943 E2143.95056
G1 X111.248 Y194.102 E2143.99065
G1 X111.52 Y195.269 E2144.0305
G1 X111.723 Y196.408 E2144.06898
G1 X111.872 Y197.557 E2144.10752
G1 X111.973 Y198.854 E2144.15079
G1 X112.001 Y200.024 E2144.18971
G1 X111.971 Y201.197 E2144.22874
G1 X111.892 Y202.237 E2144.26343
G1 X111.737 Y203.514 E2144.30621
G1 X111.552 Y204.565 E2144.34171
G1 X111.269 Y205.823 E2144.38459
G1 X110.948 Y206.961 E2144.42392
G1 X110.612 Y207.949 E2144.45863
G1 X110.146 Y209.152 E2144.50154
G1 X109.711 Y210.113 E2144.53662
G1 X109.141 Y211.24 E2144.57863
G1 X108.597 Y212.175 E2144.61461
G1 X107.905 Y213.256 E2144.6573
G1 X107.287 Y214.118 E2144.69258
G1 X106.487 Y215.124 E2144.73533
G1 X105.732 Y215.979 E2144.77326
G1 X104.973 Y216.758 E2144.80944
G1 X104.051 Y217.62 E2144.85142
G1 X103.134 Y218.39 E2144.89124
G1 X102.291 Y219.027 E2144.92639
G1 X101.252 Y219.74 E2144.9683
G1 X100.229 Y220.366 E2145.00819
G1 X99.201 Y220.924 E2145.04709
G1 X98.258 Y221.376 E2145.08187
G1 X97.171 Y221.84 E2145.12118
G1 X96.112 Y222.231 E2145.15873
G1 X94.951 Y222.597 E2145.19922
G1 X93.82 Y222.889 E2145.23807
G1 X92.671 Y223.126 E2145.27709
G1 X91.514 Y223.304 E2145.31602
G1 X90.349 Y223.426 E2145.35498
G1 X89.189 Y223.488 E2145.39362
G1 X88.005 Y223.493 E2145.433
G1 X86.745 Y223.435 E2145.47495
G1 X85.578 Y223.318 E2145.51396
G1 X84.511 Y223.156 E2145.54986
G1 X83.245 Y222.906 E2145.59278
G1 X82.236 Y222.648 E2145.62742
G1 X80.985 Y222.266 E2145.67092
G1 X79.916 Y221.876 E2145.70877
G1 X78.812 Y221.411 E2145.74861
G1 X77.861 Y220.952 E2145.78374
G1 X76.749 Y220.352 E2145.82576
G1 X75.829 Y219.789 E2145.86164
G1 X74.802 Y219.096 E2145.90284
G1 X73.829 Y218.356 E2145.9435
G1 X72.934 Y217.604 E2145.98238
G1 X72.157 Y216.884 E2146.01761
G1 X71.339 Y216.05 E2146.05647
G1 X70.556 Y215.172 E2146.0956
G1 X69.824 Y214.259 E2146.13452
G1 X69.084 Y213.238 E2146.17646
G1 X68.495 Y212.329 E2146.21248
G1 X67.861 Y211.239 E2146.25442
G1 X67.369 Y210.277 E2146.29036
G1 X66.884 Y209.211 E2146.32931
G1 X66.445 Y208.108 E2146.3688
G1 X66.073 Y207.013 E2146.40726
G1 X65.752 Y205.888 E2146.44617
G1 X65.482 Y204.731 E2146.48569
G1 X65.279 Y203.591 E2146.5242
G1 X65.13 Y202.442 E2146.56274
G1 X65.037 Y201.262 E2146.60211
G1 X65.003 Y200.142 E2146.63938
M204 S3000
M205 X10 Y10
G0 F6000 X64.623 Y200.155
M204 S1800
M205 X8 Y8
;TYPE:SKIN
G1 F1200 X64.649 Y198.838 E2146.68319
G1 X64.729 Y197.758 E2146.71921
G1 X64.881 Y196.482 E2146.76195
G1 X65.068 Y195.405 E2146.7983
G1 X65.35 Y194.135 E2146.84157
G1 X65.678 Y192.978 E2146.88157
G1 X66.018 Y191.963 E2146.91717
G1 X66.484 Y190.754 E2146.96027
G1 X66.929 Y189.762 E2146.99643
G1 X67.511 Y188.607 E2147.03945
G1 X68.112 Y187.568 E2147.07937
G1 X68.757 Y186.569 E2147.11892
G1 X69.384 Y185.689 E2147.15486
G1 X70.19 Y184.673 E2147.19799
G1 X70.97 Y183.785 E2147.23731
G1 X71.733 Y183.003 E2147.27364
G1 X72.679 Y182.115 E2147.3168
G1 X73.505 Y181.417 E2147.35277
G1 X74.447 Y180.695 E2147.39224
G1 X75.436 Y180.011 E2147.43224
G1 X76.537 Y179.333 E2147.47524
G1 X77.582 Y178.761 E2147.51487
G1 X78.557 Y178.291 E2147.55087
G1 X79.644 Y177.826 E2147.59019
G1 X80.762 Y177.413 E2147.62983
G1 X81.895 Y177.051 E2147.66939
G1 X83.049 Y176.751 E2147.70905
G1 X84.216 Y176.509 E2147.74869
G1 X85.393 Y176.326 E2147.78831
G1 X86.573 Y176.199 E2147.82778
G1 X87.765 Y176.133 E2147.86749
G1 X88.998 Y176.127 E2147.9085
G1 X90.146 Y176.179 E2147.94672
G1 X91.443 Y176.302 E2147.99005
G1 X92.513 Y176.462 E2148.02603
G1 X93.795 Y176.713 E2148.06948
G1 X94.838 Y176.976 E2148.10526
G1 X96.085 Y177.356 E2148.14862
G1 X97.097 Y177.724 E2148.18443
G1 X98.299 Y178.22 E2148.22768
G1 X99.274 Y178.689 E2148.26367
G1 X100.416 Y179.303 E2148.30679
G1 X101.34 Y179.868 E2148.34281
G1 X102.416 Y180.592 E2148.38595
G1 X103.373 Y181.317 E2148.42588
G1 X104.282 Y182.077 E2148.46529
G1 X105.075 Y182.807 E2148.50114
G1 X105.909 Y183.657 E2148.54075
G1 X106.7 Y184.54 E2148.58018
G1 X107.45 Y185.469 E2148.61989
G1 X108.216 Y186.524 E2148.66325
G1 X108.806 Y187.429 E2148.69918
G1 X109.404 Y188.456 E2148.73871
G1 X109.953 Y189.511 E2148.77827
G1 X110.451 Y190.597 E2148.818
G1 X110.896 Y191.71 E2148.85787
G1 X111.278 Y192.823 E2148.89701
G1 X111.606 Y193.971 E2148.93672
G1 X111.886 Y195.154 E2148.97715
G1 X112.092 Y196.303 E2149.01598
G1 X112.246 Y197.478 E2149.05539
G1 X112.35 Y198.778 E2149.09877
G1 X112.381 Y199.976 E2149.13863
G1 X112.353 Y201.166 E2149.17822
G1 X112.273 Y202.24 E2149.21404
G1 X112.121 Y203.52 E2149.25691
G1 X111.934 Y204.598 E2149.2933
G1 X111.651 Y205.866 E2149.33651
G1 X111.327 Y207.025 E2149.37654
G1 X110.982 Y208.04 E2149.4122
G1 X110.517 Y209.254 E2149.45543
G1 X110.073 Y210.237 E2149.49131
G1 X109.492 Y211.391 E2149.53428
G1 X108.943 Y212.336 E2149.57063
G1 X108.249 Y213.427 E2149.61364
G1 X107.62 Y214.31 E2149.6497
G1 X106.809 Y215.332 E2149.69309
G1 X106.024 Y216.224 E2149.73261
G1 X105.274 Y216.997 E2149.76843
G1 X104.325 Y217.884 E2149.81164
G1 X103.413 Y218.655 E2149.85136
G1 X102.552 Y219.308 E2149.8873
G1 X101.485 Y220.043 E2149.93039
G1 X100.463 Y220.67 E2149.97027
G1 X99.417 Y221.241 E2150.00991
G1 X98.446 Y221.709 E2150.04576
G1 X97.358 Y222.173 E2150.0851
G1 X96.239 Y222.589 E2150.12481
G1 X95.114 Y222.945 E2150.16405
G1 X93.954 Y223.248 E2150.20393
G1 X92.786 Y223.491 E2150.24361
G1 X91.609 Y223.674 E2150.28323
G1 X90.43 Y223.801 E2150.32267
G1 X89.238 Y223.867 E2150.36237
G1 X88.048 Y223.873 E2150.40195
G1 X86.745 Y223.816 E2150.44533
G1 X85.555 Y223.698 E2150.48511
G1 X84.489 Y223.538 E2150.52096
G1 X83.206 Y223.287 E2150.56444
G1 X82.165 Y223.024 E2150.60015
G1 X80.919 Y222.645 E2150.64347
G1 X79.814 Y222.243 E2150.68258
G1 X78.703 Y221.779 E2150.72262
G1 X77.745 Y221.32 E2150.75795
G1 X76.583 Y220.695 E2150.80184
G1 X75.66 Y220.131 E2150.83782
G1 X74.583 Y219.407 E2150.88098
G1 X73.628 Y218.682 E2150.92086
G1 X72.715 Y217.917 E2150.96048
G1 X71.928 Y217.192 E2150.99607
G1 X71.093 Y216.343 E2151.03567
G1 X70.302 Y215.457 E2151.07518
G1 X69.552 Y214.528 E2151.11489
G1 X68.787 Y213.476 E2151.15815
G1 X68.197 Y212.57 E2151.19411
G1 X67.54 Y211.443 E2151.2375
G1 X67.037 Y210.466 E2151.27405
G1 X66.553 Y209.405 E2151.31283
G1 X66.106 Y208.288 E2151.35285
G1 X65.726 Y207.172 E2151.39206
G1 X65.396 Y206.029 E2151.43163
G1 X65.122 Y204.873 E2151.47114
G1 X64.91 Y203.694 E2151.51099
G1 X64.756 Y202.519 E2151.5504
G1 X64.66 Y201.335 E2151.58991
G1 X64.623 Y200.155 E2151.62918
M204 S3000
M205 X10 Y10
G0 F6000 X40.883 Y200.001
M204 S1800
M205 X8 Y8
G1 F1200 X40.933 Y202.073 E2151.69811
G1 X40.963 Y202.668 E2151.71793
G1 X41.12 Y204.737 E2151.78694
G1 X41.414 Y207.095 E2151.86597
G1 X41.775 Y209.14 E2151.93504
G1 X41.892 Y209.715 E2151.95456
G1 X42.357 Y211.747 E2152.02389
G1 X42.993 Y214.008 E2152.10201
G1 X43.753 Y216.285 E2152.18185
G1 X44.622 Y218.494 E2152.2608
G1 X45.599 Y220.66 E2152.33984
G1 X46.681 Y222.772 E2152.41876
G1 X47.868 Y224.827 E2152.49769
G1 X49.157 Y226.822 E2152.57669
G1 X50.542 Y228.75 E2152.65565
G1 X52.022 Y230.606 E2152.7346
G1 X53.594 Y232.386 E2152.81359
G1 X55.255 Y234.088 E2152.89269
G1 X56.993 Y235.703 E2152.9716
G1 X58.81 Y237.228 E2153.0505
G1 X60.705 Y238.664 E2153.12958
G1 X62.665 Y239.999 E2153.20845
G1 X64.691 Y241.237 E2153.28742
G1 X66.778 Y242.374 E2153.36647
G1 X68.917 Y243.404 E2153.44543
G1 X71.119 Y244.334 E2153.52493
G1 X73.348 Y245.143 E2153.6038
G1 X75.606 Y245.837 E2153.68237
G1 X77.907 Y246.422 E2153.76134
G1 X80.233 Y246.895 E2153.84028
G1 X82.581 Y247.249 E2153.91926
G1 X84.651 Y247.455 E2153.98845
G1 X85.237 Y247.499 E2154.008
G1 X87.316 Y247.603 E2154.07723
G1 X89.687 Y247.605 E2154.15609
G1 X92.058 Y247.485 E2154.23505
G1 X94.42 Y247.249 E2154.314
G1 X96.466 Y246.942 E2154.38281
G1 X97.067 Y246.835 E2154.40312
G1 X98.82 Y246.478 E2154.46262
G1 X99.367 Y246.353 E2154.48128
G1 X101.385 Y245.841 E2154.55053
G1 X103.653 Y245.144 E2154.62944
G1 X105.896 Y244.326 E2154.70885
G1 X108.084 Y243.404 E2154.78782
G1 X110.225 Y242.374 E2154.86684
G1 X112.06 Y241.374 E2154.93635
G1 X112.556 Y241.087 E2154.95541
G1 X114.337 Y240 E2155.02481
G1 X116.301 Y238.663 E2155.10383
G1 X118.191 Y237.231 E2155.1827
G1 X120.008 Y235.704 E2155.26164
G1 X121.748 Y234.087 E2155.34064
G1 X123.409 Y232.388 E2155.41967
G1 X124.979 Y230.609 E2155.49859
G1 X126.46 Y228.751 E2155.57761
G1 X127.846 Y226.824 E2155.65656
G1 X129.133 Y224.829 E2155.73553
G1 X130.32 Y222.773 E2155.81449
G1 X131.404 Y220.661 E2155.89344
G1 X132.377 Y218.502 E2155.97221
G1 X133.254 Y216.273 E2156.05188
G1 X134.008 Y214.022 E2156.13083
G1 X134.645 Y211.749 E2156.20935
G1 X135.176 Y209.433 E2156.28838
G1 X135.588 Y207.097 E2156.36727
G1 X135.883 Y204.741 E2156.44624
G1 X136.061 Y202.373 E2156.52523
G1 X136.119 Y200 E2156.60418
G1 X136.105 Y199.362 E2156.6254
G1 X136.061 Y197.627 E2156.68313
G1 X135.883 Y195.259 E2156.76211
G1 X135.589 Y192.903 E2156.84108
G1 X135.23 Y190.865 E2156.9099
G1 X135.11 Y190.271 E2156.93006
G1 X134.645 Y188.25 E2156.99904
G1 X134.007 Y185.98 E2157.07746
G1 X133.251 Y183.715 E2157.15688
G1 X132.38 Y181.505 E2157.23589
G1 X131.404 Y179.341 E2157.31485
G1 X130.318 Y177.227 E2157.39389
G1 X129.137 Y175.177 E2157.47258
G1 X127.844 Y173.175 E2157.55185
G1 X126.46 Y171.247 E2157.63079
G1 X124.979 Y169.391 E2157.70976
G1 X123.409 Y167.611 E2157.7887
G1 X121.751 Y165.912 E2157.86766
G1 X120.007 Y164.294 E2157.94678
G1 X118.19 Y162.772 E2158.02562
G1 X116.296 Y161.336 E2158.10467
G1 X114.336 Y160 E2158.18357
G1 X112.311 Y158.763 E2158.26249
G1 X110.224 Y157.626 E2158.34154
G1 X108.085 Y156.596 E2158.4205
G1 X105.883 Y155.666 E2158.5
G1 X103.654 Y154.857 E2158.57887
G1 X101.397 Y154.163 E2158.65741
G1 X99.096 Y153.578 E2158.73637
G1 X96.769 Y153.105 E2158.81535
G1 X94.421 Y152.751 E2158.89433
G1 X92.35 Y152.545 E2158.96355
G1 X91.764 Y152.501 E2158.9831
G1 X89.686 Y152.396 E2159.0523
G1 X87.317 Y152.396 E2159.13109
G1 X84.946 Y152.515 E2159.21005
G1 X82.582 Y152.751 E2159.28907
G1 X80.537 Y153.058 E2159.35785
G1 X79.938 Y153.164 E2159.37808
G1 X77.908 Y153.579 E2159.447
G1 X75.632 Y154.155 E2159.52508
G1 X73.337 Y154.859 E2159.60492
G1 X71.108 Y155.674 E2159.68386
G1 X68.918 Y156.596 E2159.76289
G1 X66.777 Y157.626 E2159.84192
G1 X64.695 Y158.76 E2159.92077
G1 X62.67 Y160 E2159.99974
G1 X60.706 Y161.337 E2160.07877
G1 X58.819 Y162.767 E2160.15751
G1 X56.991 Y164.298 E2160.23682
G1 X55.25 Y165.914 E2160.31583
G1 X53.594 Y167.61 E2160.39467
G1 X52.021 Y169.391 E2160.4737
G1 X50.543 Y171.246 E2160.55259
G1 X49.153 Y173.18 E2160.6318
G1 X47.871 Y175.172 E2160.71059
G1 X46.831 Y176.974 E2160.77979
G1 X46.549 Y177.49 E2160.79935
G1 X45.599 Y179.34 E2160.86852
G1 X44.622 Y181.506 E2160.94755
G1 X43.747 Y183.728 E2161.02698
G1 X42.999 Y185.966 E2161.10546
G1 X42.357 Y188.251 E2161.1844
G1 X41.827 Y190.568 E2161.26346
G1 X41.414 Y192.902 E2161.34229
G1 X41.12 Y195.259 E2161.42129
G1 X40.942 Y197.625 E2161.50021
G1 X40.883 Y200.001 E2161.57926
M204 S3000
M205 X10 Y10
G0 F6000 X58.592 Y236.783
M204 S1800
M205 X8 Y8
G1 F1200 X51.741 Y229.932 E2161.90151
G1 X51.671 Y229.862
M204 S3000
M205 X10 Y10
G0 F6000 X49.932 Y227.557
M204 S1800
M205 X8 Y8
G1 F1200 X60.99 Y238.616 E2162.42167
G1 X61.06 Y238.686
M204 S3000
M205 X10 Y10
G0 F6000 X62.764 Y239.824
M204 S1800
M205 X8 Y8
G1 F1200 X48.725 Y225.784 E2163.08204
G1 X48.655 Y225.714
M204 S3000
M205 X10 Y10
G0 F6000 X47.779 Y224.273
M204 S1800
M205 X8 Y8
G1 F1200 X64.22 Y240.713 E2163.85535
G1 X64.29 Y240.783
M204 S3000
M205 X10 Y10
G0 F6000 X65.545 Y241.474
M204 S1800
M205 X8 Y8
G1 F1200 X47.007 Y222.935 E2164.72735
G1 X46.937 Y222.865
M204 S3000
M205 X10 Y10
G0 F6000 X46.377 Y221.739
M204 S1800
M205 X8 Y8
G1 F1200 X66.787 Y242.15 E2165.6874
G1 X66.857 Y242.22
M204 S3000
M205 X10 Y10
G0 F6000 X67.89 Y242.686
M204 S1800
M205 X8 Y8
G1 F1200 X45.781 Y220.578 E2166.72731
G1 X45.711 Y220.508
M204 S3000
M205 X10 Y10
G0 F6000 X45.316 Y219.547
M204 S1800
M205 X8 Y8
G1 F1200 X68.981 Y243.212 E2167.84044
G1 X69.051 Y243.282
M204 S3000
M205 X10 Y10
G0 F6000 X69.963 Y243.628
M204 S1800
M205 X8 Y8
G1 F1200 X44.852 Y218.517 E2169.02159
G1 X44.782 Y218.447
M204 S3000
M205 X10 Y10
G0 F6000 X44.475 Y217.575
M204 S1800
M205 X8 Y8
G1 F1200 X70.941 Y244.041 E2170.26647
G1 X71.011 Y244.111
M204 S3000
M205 X10 Y10
G0 F6000 X71.852 Y244.386
M204 S1800
M205 X8 Y8
G1 F1200 X44.108 Y216.642 E2171.57146
G1 X44.038 Y216.572
M204 S3000
M205 X10 Y10
G0 F6000 X43.786 Y215.755
M204 S1800
M205 X8 Y8
G1 F1200 X72.74 Y244.708 E2172.93334
G1 X72.81 Y244.778
M204 S3000
M205 X10 Y10
G0 F6000 X73.61 Y245.013
M204 S1800
M205 X8 Y8
G1 F1200 X43.503 Y214.906 E2174.34948
G1 X43.433 Y214.836
M204 S3000
M205 X10 Y10
G0 F6000 X43.219 Y214.056
M204 S1800
M205 X8 Y8
G1 F1200 X74.427 Y245.264 E2175.81741
G1 X74.497 Y245.334
M204 S3000
M205 X10 Y10
G0 F6000 X75.243 Y245.514
M204 S1800
M205 X8 Y8
G1 F1200 X42.99 Y213.261 E2177.33449
G1 X42.92 Y213.191
M204 S3000
M205 X10 Y10
G0 F6000 X42.77 Y212.475
M204 S1800
M205 X8 Y8
G1 F1200 X76.031 Y245.737 E2178.89901
M204 S3000
M205 X10 Y10
G0 F6000 X76.791 Y245.931
M204 S1800
M205 X8 Y8
G1 F1200 X42.549 Y211.689 E2180.50965
M204 S3000
M205 X10 Y10
G0 F6000 X42.381 Y210.956
M204 S1800
M205 X8 Y8
G1 F1200 X77.549 Y246.124 E2182.16385
M204 S3000
M205 X10 Y10
G0 F6000 X78.285 Y246.293
M204 S1800
M205 X8 Y8
G1 F1200 X42.214 Y210.222 E2183.86052
M204 S3000
M205 X10 Y10
G0 F6000 X42.046 Y209.489
M204 S1800
M205 X8 Y8
G1 F1200 X78.995 Y246.438 E2185.59848
M204 S3000
M205 X10 Y10
G0 F6000 X79.705 Y246.582
M204 S1800
M205 X8 Y8
G1 F1200 X41.918 Y208.795 E2187.37587
M204 S3000
M205 X10 Y10
G0 F6000 X41.797 Y208.108
M204 S1800
M205 X8 Y8
G1 F1200 X80.405 Y246.717 E2189.19189
M204 S3000
M205 X10 Y10
G0 F6000 X81.071 Y246.817
M204 S1800
M205 X8 Y8
G1 F1200 X41.675 Y207.421 E2191.04496
M204 S3000
M205 X10 Y10
G0 F6000 X41.573 Y206.753
M204 S1800
M205 X8 Y8
G1 F1200 X81.738 Y246.918 E2192.9342
M204 S3000
M205 X10 Y10
G0 F6000 X82.404 Y247.018
M204 S1800
M205 X8 Y8
G1 F1200 X41.492 Y206.106 E2194.85857
M204 S3000
M205 X10 Y10
G0 F6000 X41.411 Y205.46
M204 S1800
M205 X8 Y8
G1 F1200 X83.044 Y247.092 E2196.81684
M204 S3000
M205 X10 Y10
G0 F6000 X83.672 Y247.155
M204 S1800
M205 X8 Y8
G1 F1200 X41.331 Y204.814 E2198.80843
M204 S3000
M205 X10 Y10
G0 F6000 X41.279 Y204.196
M204 S1800
M205 X8 Y8
G1 F1200 X84.301 Y247.218 E2200.83205
M204 S3000
M205 X10 Y10
G0 F6000 X84.929 Y247.28
M204 S1800
M205 X8 Y8
G1 F1200 X41.233 Y203.585 E2202.88736
M204 S3000
M205 X10 Y10
G0 F6000 X41.186 Y202.972
M204 S1800
M205 X8 Y8
G1 F1200 X85.526 Y247.312 E2204.97297
M204 S3000
M205 X10 Y10
G0 F6000 X86.122 Y247.342
M204 S1800
M205 X8 Y8
G1 F1200 X41.14 Y202.361 E2207.08876
M204 S3000
M205 X10 Y10
G0 F6000 X41.126 Y201.781
M204 S1800
M205 X8 Y8
G1 F1200 X86.717 Y247.372 E2209.23323
M204 S3000
M205 X10 Y10
G0 F6000 X87.312 Y247.401
M204 S1800
M205 X8 Y8
G1 F1200 X41.112 Y201.201 E2211.40633
M204 S3000
M205 X10 Y10
G0 F6000 X41.098 Y200.621
M204 S1800
M205 X8 Y8
G1 F1200 X87.879 Y247.402 E2213.60677
M204 S3000
M205 X10 Y10
G0 F6000 X88.445 Y247.403
M204 S1800
M205 X8 Y8
G1 F1200 X41.084 Y200.041 E2215.83451
M204 S3000
M205 X10 Y10
G0 F6000 X41.095 Y199.487
M204 S1800
M205 X8 Y8
G1 F1200 X89.012 Y247.403 E2218.08835
M204 S3000
M205 X10 Y10
G0 F6000 X89.577 Y247.403
M204 S1800
M205 X8 Y8
G1 F1200 X41.109 Y198.935 E2220.36814
M204 S3000
M205 X10 Y10
G0 F6000 X41.123 Y198.383
M204 S1800
M205 X8 Y8
G1 F1200 X90.121 Y247.382 E2222.67288
M204 S3000
M205 X10 Y10
G0 F6000 X90.659 Y247.354
M204 S1800
M205 X8 Y8
G1 F1200 X41.136 Y197.831 E2225.00229
M204 S3000
M205 X10 Y10
G0 F6000 X41.167 Y197.296
M204 S1800
M205 X8 Y8
G1 F1200 X91.197 Y247.326 E2227.35554
M204 S3000
M205 X10 Y10
G0 F6000 X91.736 Y247.299
M204 S1800
M205 X8 Y8
G1 F1200 X41.206 Y196.77 E2229.7323
M204 S3000
M205 X10 Y10
G0 F6000 X41.246 Y196.244
M204 S1800
M205 X8 Y8
G1 F1200 X92.263 Y247.261 E2232.13198
M204 S3000
M205 X10 Y10
G0 F6000 X92.778 Y247.21
M204 S1800
M205 X8 Y8
G1 F1200 X41.285 Y195.717 E2234.55405
M204 S3000
M205 X10 Y10
G0 F6000 X41.328 Y195.195
M204 S1800
M205 X8 Y8
G1 F1200 X93.292 Y247.159 E2236.99828
M204 S3000
M205 X10 Y10
G0 F6000 X93.806 Y247.107
M204 S1800
M205 X8 Y8
G1 F1200 X41.391 Y194.692 E2239.46372
M204 S3000
M205 X10 Y10
G0 F6000 X41.454 Y194.189
M204 S1800
M205 X8 Y8
G1 F1200 X94.321 Y247.056 E2241.95042
M204 S3000
M205 X10 Y10
G0 F6000 X94.816 Y246.986
M204 S1800
M205 X8 Y8
G1 F1200 X41.517 Y193.686 E2244.45747
M204 S3000
M205 X10 Y10
G0 F6000 X41.58 Y193.183
M204 S1800
M205 X8 Y8
G1 F1200 X95.308 Y246.911 E2246.98467
M204 S3000
M205 X10 Y10
G0 F6000 X95.799 Y246.837
M204 S1800
M205 X8 Y8
G1 F1200 X41.653 Y192.691 E2249.53153
M204 S3000
M205 X10 Y10
G0 F6000 X41.738 Y192.21
M204 S1800
M205 X8 Y8
G1 F1200 X96.29 Y246.763 E2252.09751
M204 S3000
M205 X10 Y10
G0 F6000 X96.78 Y246.687
M204 S1800
M205 X8 Y8
G1 F1200 X41.823 Y191.73 E2254.68252
M204 S3000
M205 X10 Y10
G0 F6000 X41.908 Y191.249
M204 S1800
M205 X8 Y8
G1 F1200 X97.25 Y246.591 E2257.28564
M204 S3000
M205 X10 Y10
G0 F6000 X97.72 Y246.496
M204 S1800
M205 X8 Y8
G1 F1200 X41.993 Y190.768 E2259.90689
M204 S3000
M205 X10 Y10
G0 F6000 X42.091 Y190.301
M204 S1800
M205 X8 Y8
G1 F1200 X98.19 Y246.4 E2262.54562
M204 S3000
M205 X10 Y10
G0 F6000 X98.66 Y246.304
M204 S1800
M205 X8 Y8
G1 F1200 X42.197 Y189.841 E2265.20146
M204 S3000
M205 X10 Y10
G0 F6000 X42.302 Y189.38
M204 S1800
M205 X8 Y8
G1 F1200 X99.127 Y246.206 E2267.87436
M204 S3000
M205 X10 Y10
G0 F6000 X99.579 Y246.091
M204 S1800
M205 X8 Y8
G1 F1200 X42.408 Y188.92 E2270.56351
M204 S3000
M205 X10 Y10
G0 F6000 X42.513 Y188.46
M204 S1800
M205 X8 Y8
G1 F1200 X100.03 Y245.976 E2273.26891
M204 S3000
M205 X10 Y10
G0 F6000 X100.481 Y245.862
M204 S1800
M205 X8 Y8
G1 F1200 X73.211 Y218.592 E2274.5516
G1 X73.141 Y218.522
M204 S3000
M205 X10 Y10
G0 F6000 X75.342 Y220.158
M204 S1800
M205 X8 Y8
G1 F1200 X100.932 Y245.747 E2275.75526
M204 S3000
M205 X10 Y10
G0 F6000 X101.381 Y245.631
M204 S1800
M205 X8 Y8
G1 F1200 X76.775 Y221.025 E2276.91265
G1 X76.705 Y220.955
M204 S3000
M205 X10 Y10
G0 F6000 X77.959 Y221.644
M204 S1800
M205 X8 Y8
G1 F1200 X101.814 Y245.498 E2278.03469
M204 S3000
M205 X10 Y10
G0 F6000 X102.246 Y245.365
M204 S1800
M205 X8 Y8
G1 F1200 X79.001 Y222.119 E2279.12809
G1 X78.931 Y222.049
M204 S3000
M205 X10 Y10
G0 F6000 X79.952 Y222.505
M204 S1800
M205 X8 Y8
G1 F1200 X102.679 Y245.232 E2280.1971
M204 S3000
M205 X10 Y10
G0 F6000 X103.112 Y245.099
M204 S1800
M205 X8 Y8
G1 F1200 X80.842 Y222.829 E2281.24461
G1 X80.772 Y222.759
M204 S3000
M205 X10 Y10
G0 F6000 X81.656 Y223.078
M204 S1800
M205 X8 Y8
G1 F1200 X103.545 Y244.966 E2282.27418
M204 S3000
M205 X10 Y10
G0 F6000 X103.961 Y244.817
M204 S1800
M205 X8 Y8
G1 F1200 X82.445 Y223.3 E2283.28625
M204 S3000
M205 X10 Y10
G0 F6000 X83.199 Y223.489
M204 S1800
M205 X8 Y8
G1 F1200 X104.376 Y244.666 E2284.28235
M204 S3000
M205 X10 Y10
G0 F6000 X104.791 Y244.515
M204 S1800
M205 X8 Y8
G1 F1200 X83.902 Y223.626 E2285.2649
M204 S3000
M205 X10 Y10
G0 F6000 X84.597 Y223.756
M204 S1800
M205 X8 Y8
G1 F1200 X105.205 Y244.364 E2286.23424
M204 S3000
M205 X10 Y10
G0 F6000 X105.619 Y244.212
M204 S1800
M205 X8 Y8
G1 F1200 X85.263 Y223.856 E2287.19172
M204 S3000
M205 X10 Y10
G0 F6000 X85.906 Y223.933
M204 S1800
M205 X8 Y8
G1 F1200 X106.025 Y244.052 E2288.13806
M204 S3000
M205 X10 Y10
G0 F6000 X106.423 Y243.885
M204 S1800
M205 X8 Y8
G1 F1200 X86.532 Y223.994 E2289.07367
M204 S3000
M205 X10 Y10
G0 F6000 X87.136 Y224.031
M204 S1800
M205 X8 Y8
G1 F1200 X106.821 Y243.717 E2289.99962
M204 S3000
M205 X10 Y10
G0 F6000 X107.22 Y243.55
M204 S1800
M205 X8 Y8
G1 F1200 X87.727 Y224.058 E2290.91648
M204 S3000
M205 X10 Y10
G0 F6000 X88.307 Y224.071
M204 S1800
M205 X8 Y8
G1 F1200 X107.617 Y243.381 E2291.82477
M204 S3000
M205 X10 Y10
G0 F6000 X108.014 Y243.213
M204 S1800
M205 X8 Y8
G1 F1200 X88.869 Y224.067 E2292.72531
M204 S3000
M205 X10 Y10
G0 F6000 X89.423 Y224.056
M204 S1800
M205 X8 Y8
G1 F1200 X108.396 Y243.029 E2293.61774
M204 S3000
M205 X10 Y10
G0 F6000 X108.779 Y242.846
M204 S1800
M205 X8 Y8
G1 F1200 X89.959 Y224.026 E2294.50298
M204 S3000
M205 X10 Y10
G0 F6000 X90.493 Y223.995
M204 S1800
M205 X8 Y8
G1 F1200 X109.161 Y242.662 E2295.38104
M204 S3000
M205 X10 Y10
G0 F6000 X109.542 Y242.478
M204 S1800
M205 X8 Y8
G1 F1200 X91.003 Y223.94 E2296.25304
M204 S3000
M205 X10 Y10
G0 F6000 X91.515 Y223.885
M204 S1800
M205 X8 Y8
G1 F1200 X109.924 Y242.295 E2297.11896
M204 S3000
M205 X10 Y10
G0 F6000 X110.299 Y242.104
M204 S1800
M205 X8 Y8
G1 F1200 X92.009 Y223.814 E2297.97927
M204 S3000
M205 X10 Y10
G0 F6000 X92.498 Y223.737
M204 S1800
M205 X8 Y8
G1 F1200 X110.665 Y241.904 E2298.83379
M204 S3000
M205 X10 Y10
G0 F6000 X111.031 Y241.704
M204 S1800
M205 X8 Y8
G1 F1200 X92.981 Y223.654 E2299.6828
M204 S3000
M205 X10 Y10
G0 F6000 X93.449 Y223.556
M204 S1800
M205 X8 Y8
G1 F1200 X111.397 Y241.505 E2300.52705
M204 S3000
M205 X10 Y10
G0 F6000 X111.763 Y241.305
M204 S1800
M205 X8 Y8
G1 F1200 X93.917 Y223.459 E2301.36647
M204 S3000
M205 X10 Y10
G0 F6000 X94.369 Y223.346
M204 S1800
M205 X8 Y8
G1 F1200 X112.13 Y241.106 E2302.20187
M204 S3000
M205 X10 Y10
G0 F6000 X112.484 Y240.895
M204 S1800
M205 X8 Y8
G1 F1200 X94.818 Y223.228 E2303.03284
M204 S3000
M205 X10 Y10
G0 F6000 X95.262 Y223.107
M204 S1800
M205 X8 Y8
G1 F1200 X112.835 Y240.68 E2303.85942
M204 S3000
M205 X10 Y10
G0 F6000 X113.187 Y240.466
M204 S1800
M205 X8 Y8
G1 F1200 X95.692 Y222.971 E2304.68234
M204 S3000
M205 X10 Y10
G0 F6000 X96.121 Y222.835
M204 S1800
M205 X8 Y8
G1 F1200 X113.538 Y240.251 E2305.50155
M204 S3000
M205 X10 Y10
G0 F6000 X113.889 Y240.037
M204 S1800
M205 X8 Y8
G1 F1200 X96.541 Y222.689 E2306.31755
M204 S3000
M205 X10 Y10
G0 F6000 X96.953 Y222.535
M204 S1800
M205 X8 Y8
G1 F1200 X114.24 Y239.822 E2307.13068
M204 S3000
M205 X10 Y10
G0 F6000 X114.576 Y239.593
M204 S1800
M205 X8 Y8
G1 F1200 X97.365 Y222.382 E2307.94023
M204 S3000
M205 X10 Y10
G0 F6000 X97.765 Y222.216
M204 S1800
M205 X8 Y8
G1 F1200 X114.913 Y239.364 E2308.74682
M204 S3000
M205 X10 Y10
G0 F6000 X115.249 Y239.135
M204 S1800
M205 X8 Y8
G1 F1200 X98.162 Y222.047 E2309.55056
M204 S3000
M205 X10 Y10
G0 F6000 X98.558 Y221.878
M204 S1800
M205 X8 Y8
G1 F1200 X115.587 Y238.906 E2310.35153
M204 S3000
M205 X10 Y10
G0 F6000 X115.923 Y238.677
M204 S1800
M205 X8 Y8
G1 F1200 X98.939 Y221.693 E2311.15041
M204 S3000
M205 X10 Y10
G0 F6000 X99.32 Y221.508
M204 S1800
M205 X8 Y8
G1 F1200 X116.256 Y238.444 E2311.94703
M204 S3000
M205 X10 Y10
G0 F6000 X116.578 Y238.2
M204 S1800
M205 X8 Y8
G1 F1200 X99.694 Y221.317 E2312.74117
M204 S3000
M205 X10 Y10
G0 F6000 X100.06 Y221.117
M204 S1800
M205 X8 Y8
G1 F1200 X116.9 Y237.956 E2313.53325
M204 S3000
M205 X10 Y10
G0 F6000 X117.222 Y237.713
M204 S1800
M205 X8 Y8
G1 F1200 X100.426 Y220.917 E2314.32328
M204 S3000
M205 X10 Y10
G0 F6000 X100.783 Y220.708
M204 S1800
M205 X8 Y8
G1 F1200 X117.543 Y237.469 E2315.11165
M204 S3000
M205 X10 Y10
G0 F6000 X117.865 Y237.225
M204 S1800
M205 X8 Y8
G1 F1200 X101.133 Y220.492 E2315.89869
M204 S3000
M205 X10 Y10
G0 F6000 X101.483 Y220.277
M204 S1800
M205 X8 Y8
G1 F1200 X118.182 Y236.976 E2316.68416
M204 S3000
M205 X10 Y10
G0 F6000 X118.489 Y236.717
M204 S1800
M205 X8 Y8
G1 F1200 X101.824 Y220.052 E2317.46803
M204 S3000
M205 X10 Y10
G0 F6000 X102.158 Y219.821
M204 S1800
M205 X8 Y8
G1 F1200 X118.796 Y236.459 E2318.25063
M204 S3000
M205 X10 Y10
G0 F6000 X119.104 Y236.201
M204 S1800
M205 X8 Y8
G1 F1200 X102.493 Y219.59 E2319.03196
M204 S3000
M205 X10 Y10
G0 F6000 X102.822 Y219.353
M204 S1800
M205 X8 Y8
G1 F1200 X119.411 Y235.942 E2319.81226
M204 S3000
M205 X10 Y10
G0 F6000 X119.718 Y235.684
M204 S1800
M205 X8 Y8
G1 F1200 X103.144 Y219.109 E2320.59187
M204 S3000
M205 X10 Y10
G0 F6000 X103.465 Y218.865
M204 S1800
M205 X8 Y8
G1 F1200 X120.019 Y235.419 E2321.37052
M204 S3000
M205 X10 Y10
G0 F6000 X120.312 Y235.146
M204 S1800
M205 X8 Y8
G1 F1200 X103.776 Y218.61 E2322.14833
M204 S3000
M205 X10 Y10
G0 F6000 X104.082 Y218.351
M204 S1800
M205 X8 Y8
G1 F1200 X120.605 Y234.874 E2322.92552
M204 S3000
M205 X10 Y10
G0 F6000 X120.898 Y234.601
M204 S1800
M205 X8 Y8
G1 F1200 X104.388 Y218.091 E2323.7021
M204 S3000
M205 X10 Y10
G0 F6000 X104.684 Y217.821
M204 S1800
M205 X8 Y8
G1 F1200 X121.192 Y234.329 E2324.47858
M204 S3000
M205 X10 Y10
G0 F6000 X121.485 Y234.056
M204 S1800
M205 X8 Y8
G1 F1200 X104.977 Y217.548 E2325.25507
M204 S3000
M205 X10 Y10
G0 F6000 X105.269 Y217.274
M204 S1800
M205 X8 Y8
G1 F1200 X121.771 Y233.777 E2326.03129
M204 S3000
M205 X10 Y10
G0 F6000 X122.05 Y233.49
M204 S1800
M205 X8 Y8
G1 F1200 X105.554 Y216.994 E2326.80722
M204 S3000
M205 X10 Y10
G0 F6000 X105.832 Y216.707
M204 S1800
M205 X8 Y8
G1 F1200 X122.33 Y233.205 E2327.58323
M204 S3000
M205 X10 Y10
G0 F6000 X122.61 Y232.918
M204 S1800
M205 X8 Y8
G1 F1200 X106.111 Y216.419 E2328.35929
M204 S3000
M205 X10 Y10
G0 F6000 X106.379 Y216.122
M204 S1800
M205 X8 Y8
G1 F1200 X122.89 Y232.633 E2329.13592
M204 S3000
M205 X10 Y10
G0 F6000 X123.169 Y232.346
M204 S1800
M205 X8 Y8
G1 F1200 X106.643 Y215.821 E2329.91323
M204 S3000
M205 X10 Y10
G0 F6000 X106.908 Y215.519
M204 S1800
M205 X8 Y8
G1 F1200 X123.439 Y232.051 E2330.69082
M204 S3000
M205 X10 Y10
G0 F6000 X123.704 Y231.75
M204 S1800
M205 X8 Y8
G1 F1200 X107.161 Y215.207 E2331.46895
M204 S3000
M205 X10 Y10
G0 F6000 X107.411 Y214.891
M204 S1800
M205 X8 Y8
G1 F1200 X123.969 Y231.45 E2332.24781
M204 S3000
M205 X10 Y10
G0 F6000 X124.235 Y231.149
M204 S1800
M205 X8 Y8
G1 F1200 X107.661 Y214.576 E2333.02738
M204 S3000
M205 X10 Y10
G0 F6000 X107.904 Y214.253
M204 S1800
M205 X8 Y8
G1 F1200 X124.5 Y230.849 E2333.80801
M204 S3000
M205 X10 Y10
G0 F6000 X124.765 Y230.548
M204 S1800
M205 X8 Y8
G1 F1200 X108.139 Y213.923 E2334.59002
M204 S3000
M205 X10 Y10
G0 F6000 X108.374 Y213.592
M204 S1800
M205 X8 Y8
G1 F1200 X125.02 Y230.237 E2335.37297
M204 S3000
M205 X10 Y10
G0 F6000 X125.271 Y229.922
M204 S1800
M205 X8 Y8
G1 F1200 X108.598 Y213.249 E2336.15722
M204 S3000
M205 X10 Y10
G0 F6000 X108.818 Y212.904
M204 S1800
M205 X8 Y8
G1 F1200 X125.522 Y229.608 E2336.94292
M204 S3000
M205 X10 Y10
G0 F6000 X125.773 Y229.293
M204 S1800
M205 X8 Y8
G1 F1200 X109.037 Y212.558 E2337.73011
M204 S3000
M205 X10 Y10
G0 F6000 X109.25 Y212.204
M204 S1800
M205 X8 Y8
G1 F1200 X126.023 Y228.978 E2338.51908
M204 S3000
M205 X10 Y10
G0 F6000 X126.274 Y228.663
M204 S1800
M205 X8 Y8
G1 F1200 X109.458 Y211.847 E2339.31006
M204 S3000
M205 X10 Y10
G0 F6000 X109.665 Y211.488
M204 S1800
M205 X8 Y8
G1 F1200 X126.512 Y228.336 E2340.10251
M204 S3000
M205 X10 Y10
G0 F6000 X126.749 Y228.007
M204 S1800
M205 X8 Y8
G1 F1200 X109.855 Y211.113 E2340.89715
M204 S3000
M205 X10 Y10
G0 F6000 X110.044 Y210.736
M204 S1800
M205 X8 Y8
G1 F1200 X126.985 Y227.677 E2341.69401
M204 S3000
M205 X10 Y10
G0 F6000 X127.222 Y227.348
M204 S1800
M205 X8 Y8
G1 F1200 X110.233 Y210.36 E2342.49309
M204 S3000
M205 X10 Y10
G0 F6000 X110.411 Y209.971
M204 S1800
M205 X8 Y8
G1 F1200 X127.458 Y227.019 E2343.29496
M204 S3000
M205 X10 Y10
G0 F6000 X127.694 Y226.689
M204 S1800
M205 X8 Y8
G1 F1200 X110.587 Y209.582 E2344.09962
M204 S3000
M205 X10 Y10
G0 F6000 X110.756 Y209.186
M204 S1800
M205 X8 Y8
G1 F1200 X127.916 Y226.345 E2344.90675
M204 S3000
M205 X10 Y10
G0 F6000 X128.138 Y226.001
M204 S1800
M205 X8 Y8
G1 F1200 X110.913 Y208.776 E2345.71696
M204 S3000
M205 X10 Y10
G0 F6000 X111.069 Y208.367
M204 S1800
M205 X8 Y8
G1 F1200 X128.36 Y225.658 E2346.53027
M204 S3000
M205 X10 Y10
G0 F6000 X128.581 Y225.313
M204 S1800
M205 X8 Y8
G1 F1200 X111.221 Y207.953 E2347.34683
M204 S3000
M205 X10 Y10
G0 F6000 X111.365 Y207.531
M204 S1800
M205 X8 Y8
G1 F1200 X128.803 Y224.97 E2348.16709
M204 S3000
M205 X10 Y10
G0 F6000 X129.021 Y224.622
M204 S1800
M205 X8 Y8
G1 F1200 X111.507 Y207.108 E2348.99089
M204 S3000
M205 X10 Y10
G0 F6000 X111.633 Y206.668
M204 S1800
M205 X8 Y8
G1 F1200 X129.228 Y224.263 E2349.81851
M204 S3000
M205 X10 Y10
G0 F6000 X129.435 Y223.905
M204 S1800
M205 X8 Y8
G1 F1200 X111.756 Y206.226 E2350.65007
M204 S3000
M205 X10 Y10
G0 F6000 X111.874 Y205.778
M204 S1800
M205 X8 Y8
G1 F1200 X129.642 Y223.546 E2351.48583
M204 S3000
M205 X10 Y10
G0 F6000 X129.849 Y223.187
M204 S1800
M205 X8 Y8
G1 F1200 X111.978 Y205.316 E2352.32642
M204 S3000
M205 X10 Y10
G0 F6000 X112.081 Y204.853
M204 S1800
M205 X8 Y8
G1 F1200 X130.056 Y222.829 E2353.17194
M204 S3000
M205 X10 Y10
G0 F6000 X130.255 Y222.462
M204 S1800
M205 X8 Y8
G1 F1200 X112.174 Y204.38 E2354.02243
M204 S3000
M205 X10 Y10
G0 F6000 X112.257 Y203.898
M204 S1800
M205 X8 Y8
G1 F1200 X130.447 Y222.088 E2354.87804
M204 S3000
M205 X10 Y10
G0 F6000 X130.638 Y221.714
M204 S1800
M205 X8 Y8
G1 F1200 X112.335 Y203.41 E2355.73898
M204 S3000
M205 X10 Y10
G0 F6000 X112.394 Y202.904
M204 S1800
M205 X8 Y8
G1 F1200 X130.831 Y221.34 E2356.60617
M204 S3000
M205 X10 Y10
G0 F6000 X131.022 Y220.966
M204 S1800
M205 X8 Y8
G1 F1200 X112.454 Y202.398 E2357.47955
M204 S3000
M205 X10 Y10
G0 F6000 X112.499 Y201.877
M204 S1800
M205 X8 Y8
G1 F1200 X131.214 Y220.592 E2358.35985
M204 S3000
M205 X10 Y10
G0 F6000 X131.391 Y220.203
M204 S1800
M205 X8 Y8
G1 F1200 X112.538 Y201.35 E2359.24664
M204 S3000
M205 X10 Y10
G0 F6000 X112.56 Y200.807
M204 S1800
M205 X8 Y8
G1 F1200 X131.567 Y219.814 E2360.14067
M204 S3000
M205 X10 Y10
G0 F6000 X131.742 Y219.423
M204 S1800
M205 X8 Y8
G1 F1200 X112.573 Y200.254 E2361.04232
M204 S3000
M205 X10 Y10
G0 F6000 X112.572 Y199.688
M204 S1800
M205 X8 Y8
G1 F1200 X131.918 Y219.034 E2361.9523
M204 S3000
M205 X10 Y10
G0 F6000 X132.093 Y218.643
M204 S1800
M205 X8 Y8
G1 F1200 X112.557 Y199.107 E2362.87121
M204 S3000
M205 X10 Y10
G0 F6000 X112.528 Y198.513
M204 S1800
M205 X8 Y8
G1 F1200 X132.262 Y218.247 E2363.79944
M204 S3000
M205 X10 Y10
G0 F6000 X132.422 Y217.841
M204 S1800
M205 X8 Y8
G1 F1200 X112.479 Y197.897 E2364.73752
M204 S3000
M205 X10 Y10
G0 F6000 X112.42 Y197.272
M204 S1800
M205 X8 Y8
G1 F1200 X132.581 Y217.434 E2365.68585
M204 S3000
M205 X10 Y10
G0 F6000 X132.741 Y217.028
M204 S1800
M205 X8 Y8
G1 F1200 X112.333 Y196.62 E2366.64578
M204 S3000
M205 X10 Y10
G0 F6000 X112.231 Y195.953
M204 S1800
M205 X8 Y8
G1 F1200 X132.901 Y216.622 E2367.61801
M204 S3000
M205 X10 Y10
G0 F6000 X133.061 Y216.216
M204 S1800
M205 X8 Y8
G1 F1200 X112.108 Y195.264 E2368.60355
M204 S3000
M205 X10 Y10
G0 F6000 X111.945 Y194.535
M204 S1800
M205 X8 Y8
G1 F1200 X133.203 Y215.793 E2369.60346
M204 S3000
M205 X10 Y10
G0 F6000 X133.345 Y215.369
M204 S1800
M205 X8 Y8
G1 F1200 X111.761 Y193.785 E2370.61871
G1 X111.691 Y193.715
M204 S3000
M205 X10 Y10
G0 F6000 X111.533 Y192.992
M204 S1800
M205 X8 Y8
G1 F1200 X133.487 Y214.946 E2371.65136
M204 S3000
M205 X10 Y10
G0 F6000 X133.629 Y214.522
M204 S1800
M205 X8 Y8
G1 F1200 X111.258 Y192.151 E2372.70362
G1 X111.188 Y192.081
M204 S3000
M205 X10 Y10
G0 F6000 X110.93 Y191.257
M204 S1800
M205 X8 Y8
G1 F1200 X133.771 Y214.099 E2373.77802
M204 S3000
M205 X10 Y10
G0 F6000 X133.901 Y213.662
M204 S1800
M205 X8 Y8
G1 F1200 X110.532 Y190.293 E2374.87722
G1 X110.462 Y190.223
M204 S3000
M205 X10 Y10
G0 F6000 X110.03 Y189.226
M204 S1800
M205 X8 Y8
G1 F1200 X134.025 Y213.22 E2376.00585
M204 S3000
M205 X10 Y10
G0 F6000 X134.148 Y212.779
M204 S1800
M205 X8 Y8
G1 F1200 X109.37 Y188 E2377.17135
G1 X109.3 Y187.93
M204 S3000
M205 X10 Y10
G0 F6000 X108.444 Y186.508
M204 S1800
M205 X8 Y8
G1 F1200 X134.272 Y212.337 E2378.38625
M204 S3000
M205 X10 Y10
G0 F6000 X134.396 Y211.895
M204 S1800
M205 X8 Y8
G1 F1200 X106.347 Y183.846 E2379.70559
G1 X106.277 Y183.776
M204 S3000
M205 X10 Y10
G0 F6000 X104.593 Y182.092
M204 S1800
M205 X8 Y8
G1 F1200 X76.613 Y154.112 E2381.02168
M204 S3000
M205 X10 Y10
G0 F6000 X76.162 Y154.227
M204 S1800
M205 X8 Y8
G1 F1200 X102.017 Y180.081 E2382.2378
G1 X102.087 Y180.151
M204 S3000
M205 X10 Y10
G0 F6000 X100.476 Y179.106
M204 S1800
M205 X8 Y8
G1 F1200 X75.711 Y154.341 E2383.40267
M204 S3000
M205 X10 Y10
G0 F6000 X75.277 Y154.473
M204 S1800
M205 X8 Y8
G1 F1200 X99.266 Y178.462 E2384.53104
G1 X99.336 Y178.532
M204 S3000
M205 X10 Y10
G0 F6000 X98.2 Y177.962
M204 S1800
M205 X8 Y8
G1 F1200 X74.844 Y154.606 E2385.62963
M204 S3000
M205 X10 Y10
G0 F6000 X74.411 Y154.739
M204 S1800
M205 X8 Y8
G1 F1200 X97.236 Y177.563 E2386.70322
G1 X97.306 Y177.633
M204 S3000
M205 X10 Y10
G0 F6000 X96.344 Y177.237
M204 S1800
M205 X8 Y8
G1 F1200 X73.978 Y154.871 E2387.75525
M204 S3000
M205 X10 Y10
G0 F6000 X73.545 Y155.004
M204 S1800
M205 X8 Y8
G1 F1200 X95.514 Y176.973 E2388.78861
G1 X95.584 Y177.043
M204 S3000
M205 X10 Y10
G0 F6000 X94.713 Y176.737
M204 S1800
M205 X8 Y8
G1 F1200 X73.124 Y155.149 E2389.80406
M204 S3000
M205 X10 Y10
G0 F6000 X72.711 Y155.301
M204 S1800
M205 X8 Y8
G1 F1200 X93.956 Y176.546 E2390.80336
M204 S3000
M205 X10 Y10
G0 F6000 X93.244 Y176.4
M204 S1800
M205 X8 Y8
G1 F1200 X72.296 Y155.452 E2391.78869
M204 S3000
M205 X10 Y10
G0 F6000 X71.882 Y155.603
M204 S1800
M205 X8 Y8
G1 F1200 X92.542 Y176.264 E2392.7605
M204 S3000
M205 X10 Y10
G0 F6000 X91.876 Y176.163
M204 S1800
M205 X8 Y8
G1 F1200 X71.467 Y155.755 E2393.72045
M204 S3000
M205 X10 Y10
G0 F6000 X71.058 Y155.911
M204 S1800
M205 X8 Y8
G1 F1200 X91.225 Y176.078 E2394.66905
M204 S3000
M205 X10 Y10
G0 F6000 X90.602 Y176.02
M204 S1800
M205 X8 Y8
G1 F1200 X70.66 Y156.078 E2395.60706
M204 S3000
M205 X10 Y10
G0 F6000 X70.262 Y156.246
M204 S1800
M205 X8 Y8
G1 F1200 X89.986 Y175.97 E2396.53481
M204 S3000
M205 X10 Y10
G0 F6000 X89.393 Y175.943
M204 S1800
M205 X8 Y8
G1 F1200 X69.864 Y156.414 E2397.4534
M204 S3000
M205 X10 Y10
G0 F6000 X69.466 Y156.581
M204 S1800
M205 X8 Y8
G1 F1200 X88.811 Y175.926 E2398.36333
M204 S3000
M205 X10 Y10
G0 F6000 X88.248 Y175.929
M204 S1800
M205 X8 Y8
G1 F1200 X69.068 Y156.749 E2399.2655
M204 S3000
M205 X10 Y10
G0 F6000 X68.683 Y156.93
M204 S1800
M205 X8 Y8
G1 F1200 X87.688 Y175.935 E2400.15943
M204 S3000
M205 X10 Y10
G0 F6000 X87.153 Y175.965
M204 S1800
M205 X8 Y8
G1 F1200 X68.301 Y157.114 E2401.04615
M204 S3000
M205 X10 Y10
G0 F6000 X67.919 Y157.298
M204 S1800
M205 X8 Y8
G1 F1200 X86.617 Y175.995 E2401.92562
M204 S3000
M205 X10 Y10
G0 F6000 X86.102 Y176.046
M204 S1800
M205 X8 Y8
G1 F1200 X67.537 Y157.481 E2402.79886
M204 S3000
M205 X10 Y10
G0 F6000 X67.156 Y157.665
M204 S1800
M205 X8 Y8
G1 F1200 X85.592 Y176.102 E2403.66606
M204 S3000
M205 X10 Y10
G0 F6000 X85.093 Y176.168
M204 S1800
M205 X8 Y8
G1 F1200 X66.777 Y157.853 E2404.52757
M204 S3000
M205 X10 Y10
G0 F6000 X66.411 Y158.052
M204 S1800
M205 X8 Y8
G1 F1200 X84.603 Y176.244 E2405.38326
M204 S3000
M205 X10 Y10
G0 F6000 X84.117 Y176.324
M204 S1800
M205 X8 Y8
G1 F1200 X66.045 Y158.251 E2406.23334
M204 S3000
M205 X10 Y10
G0 F6000 X65.678 Y158.451
M204 S1800
M205 X8 Y8
G1 F1200 X83.648 Y176.421 E2407.07859
M204 S3000
M205 X10 Y10
G0 F6000 X83.179 Y176.517
M204 S1800
M205 X8 Y8
G1 F1200 X65.312 Y158.65 E2407.919
M204 S3000
M205 X10 Y10
G0 F6000 X64.946 Y158.85
M204 S1800
M205 X8 Y8
G1 F1200 X82.723 Y176.627 E2408.75517
M204 S3000
M205 X10 Y10
G0 F6000 X82.274 Y176.744
M204 S1800
M205 X8 Y8
G1 F1200 X64.589 Y159.058 E2409.58705
M204 S3000
M205 X10 Y10
G0 F6000 X64.238 Y159.273
M204 S1800
M205 X8 Y8
G1 F1200 X81.826 Y176.861 E2410.41433
M204 S3000
M205 X10 Y10
G0 F6000 X81.397 Y176.998
M204 S1800
M205 X8 Y8
G1 F1200 X63.887 Y159.488 E2411.23795
M204 S3000
M205 X10 Y10
G0 F6000 X63.537 Y159.703
M204 S1800
M205 X8 Y8
G1 F1200 X80.969 Y177.135 E2412.0579
M204 S3000
M205 X10 Y10
G0 F6000 X80.545 Y177.278
M204 S1800
M205 X8 Y8
G1 F1200 X63.186 Y159.918 E2412.87443
M204 S3000
M205 X10 Y10
G0 F6000 X62.835 Y160.133
M204 S1800
M205 X8 Y8
G1 F1200 X80.132 Y177.43 E2413.68803
M204 S3000
M205 X10 Y10
G0 F6000 X79.72 Y177.584
M204 S1800
M205 X8 Y8
G1 F1200 X62.496 Y160.36 E2414.4982
M204 S3000
M205 X10 Y10
G0 F6000 X62.16 Y160.589
M204 S1800
M205 X8 Y8
G1 F1200 X79.317 Y177.746 E2415.30521
M204 S3000
M205 X10 Y10
G0 F6000 X78.921 Y177.916
M204 S1800
M205 X8 Y8
G1 F1200 X61.823 Y160.818 E2416.10945
M204 S3000
M205 X10 Y10
G0 F6000 X61.486 Y161.047
M204 S1800
M205 X8 Y8
G1 F1200 X78.524 Y178.085 E2416.91086
M204 S3000
M205 X10 Y10
G0 F6000 X78.141 Y178.267
M204 S1800
M205 X8 Y8
G1 F1200 X61.149 Y161.276 E2417.71009
M204 S3000
M205 X10 Y10
G0 F6000 X60.814 Y161.506
M204 S1800
M205 X8 Y8
G1 F1200 X77.76 Y178.452 E2418.50718
M204 S3000
M205 X10 Y10
G0 F6000 X77.382 Y178.64
M204 S1800
M205 X8 Y8
G1 F1200 X60.492 Y161.749 E2419.30165
M204 S3000
M205 X10 Y10
G0 F6000 X60.17 Y161.993
M204 S1800
M205 X8 Y8
G1 F1200 X77.017 Y178.84 E2420.09409
M204 S3000
M205 X10 Y10
G0 F6000 X76.651 Y179.04
M204 S1800
M205 X8 Y8
G1 F1200 X59.848 Y162.237 E2420.88445
M204 S3000
M205 X10 Y10
G0 F6000 X59.526 Y162.481
M204 S1800
M205 X8 Y8
G1 F1200 X76.292 Y179.247 E2421.67307
M204 S3000
M205 X10 Y10
G0 F6000 X75.942 Y179.462
M204 S1800
M205 X8 Y8
G1 F1200 X59.204 Y162.725 E2422.46035
M204 S3000
M205 X10 Y10
G0 F6000 X58.885 Y162.971
M204 S1800
M205 X8 Y8
G1 F1200 X75.592 Y179.678 E2423.2462
M204 S3000
M205 X10 Y10
G0 F6000 X75.246 Y179.897
M204 S1800
M205 X8 Y8
G1 F1200 X58.577 Y163.229 E2424.03023
M204 S3000
M205 X10 Y10
G0 F6000 X58.269 Y163.487
M204 S1800
M205 X8 Y8
G1 F1200 X74.911 Y180.129 E2424.81302
M204 S3000
M205 X10 Y10
G0 F6000 X74.577 Y180.36
M204 S1800
M205 X8 Y8
G1 F1200 X57.962 Y163.745 E2425.59454
M204 S3000
M205 X10 Y10
G0 F6000 X57.653 Y164.002
M204 S1800
M205 X8 Y8
G1 F1200 X74.246 Y180.595 E2426.37502
M204 S3000
M205 X10 Y10
G0 F6000 X73.925 Y180.84
M204 S1800
M205 X8 Y8
G1 F1200 X57.346 Y164.26 E2427.15487
M204 S3000
M205 X10 Y10
G0 F6000 X57.042 Y164.522
M204 S1800
M205 X8 Y8
G1 F1200 X73.606 Y181.086 E2427.93399
M204 S3000
M205 X10 Y10
G0 F6000 X73.289 Y181.335
M204 S1800
M205 X8 Y8
G1 F1200 X56.749 Y164.795 E2428.71198
M204 S3000
M205 X10 Y10
G0 F6000 X56.456 Y165.067
M204 S1800
M205 X8 Y8
G1 F1200 X72.983 Y181.594 E2429.48936
M204 S3000
M205 X10 Y10
G0 F6000 X72.677 Y181.854
M204 S1800
M205 X8 Y8
G1 F1200 X56.162 Y165.339 E2430.26618
M204 S3000
M205 X10 Y10
G0 F6000 X55.869 Y165.612
M204 S1800
M205 X8 Y8
G1 F1200 X72.378 Y182.121 E2431.04271
M204 S3000
M205 X10 Y10
G0 F6000 X72.086 Y182.395
M204 S1800
M205 X8 Y8
G1 F1200 X55.575 Y165.884 E2431.81934
M204 S3000
M205 X10 Y10
G0 F6000 X55.286 Y166.16
M204 S1800
M205 X8 Y8
G1 F1200 X71.794 Y182.669 E2432.59584
M204 S3000
M205 X10 Y10
G0 F6000 X71.506 Y182.946
M204 S1800
M205 X8 Y8
G1 F1200 X55.007 Y166.447 E2433.37191
M204 S3000
M205 X10 Y10
G0 F6000 X54.727 Y166.733
M204 S1800
M205 X8 Y8
G1 F1200 X71.228 Y183.233 E2434.14804
M204 S3000
M205 X10 Y10
G0 F6000 X70.949 Y183.521
M204 S1800
M205 X8 Y8
G1 F1200 X54.447 Y167.019 E2434.92424
M204 S3000
M205 X10 Y10
G0 F6000 X54.168 Y167.305
M204 S1800
M205 X8 Y8
G1 F1200 X70.678 Y183.815 E2435.70082
M204 S3000
M205 X10 Y10
G0 F6000 X70.413 Y184.116
M204 S1800
M205 X8 Y8
G1 F1200 X53.889 Y167.592 E2436.47806
M204 S3000
M205 X10 Y10
G0 F6000 X53.616 Y167.884
M204 S1800
M205 X8 Y8
G1 F1200 X70.149 Y184.417 E2437.25572
M204 S3000
M205 X10 Y10
G0 F6000 X69.891 Y184.725
M204 S1800
M205 X8 Y8
G1 F1200 X53.351 Y168.185 E2438.03371
M204 S3000
M205 X10 Y10
G0 F6000 X53.086 Y168.485
M204 S1800
M205 X8 Y8
G1 F1200 X69.642 Y185.042 E2438.81248
M204 S3000
M205 X10 Y10
G0 F6000 X69.391 Y185.357
M204 S1800
M205 X8 Y8
G1 F1200 X52.82 Y168.786 E2439.59193
M204 S3000
M205 X10 Y10
G0 F6000 X52.555 Y169.086
M204 S1800
M205 X8 Y8
G1 F1200 X69.145 Y185.677 E2440.3723
M204 S3000
M205 X10 Y10
G0 F6000 X68.911 Y186.007
M204 S1800
M205 X8 Y8
G1 F1200 X52.29 Y169.387 E2441.15407
M204 S3000
M205 X10 Y10
G0 F6000 X52.033 Y169.695
M204 S1800
M205 X8 Y8
G1 F1200 X68.675 Y186.338 E2441.93689
M204 S3000
M205 X10 Y10
G0 F6000 X68.448 Y186.676
M204 S1800
M205 X8 Y8
G1 F1200 X51.782 Y170.01 E2442.7208
M204 S3000
M205 X10 Y10
G0 F6000 X51.531 Y170.325
M204 S1800
M205 X8 Y8
G1 F1200 X68.227 Y187.021 E2443.50613
M204 S3000
M205 X10 Y10
G0 F6000 X68.005 Y187.365
M204 S1800
M205 X8 Y8
G1 F1200 X51.28 Y170.64 E2444.29282
M204 S3000
M205 X10 Y10
G0 F6000 X51.029 Y170.955
M204 S1800
M205 X8 Y8
G1 F1200 X67.793 Y187.719 E2445.08135
M204 S3000
M205 X10 Y10
G0 F6000 X67.586 Y188.077
M204 S1800
M205 X8 Y8
G1 F1200 X50.779 Y171.27 E2445.8719
M204 S3000
M205 X10 Y10
G0 F6000 X50.538 Y171.595
M204 S1800
M205 X8 Y8
G1 F1200 X67.379 Y188.436 E2446.66405
M204 S3000
M205 X10 Y10
G0 F6000 X67.185 Y188.808
M204 S1800
M205 X8 Y8
G1 F1200 X50.301 Y171.923 E2447.45825
M204 S3000
M205 X10 Y10
G0 F6000 X50.064 Y172.252
M204 S1800
M205 X8 Y8
G1 F1200 X66.996 Y189.185 E2448.2547
M204 S3000
M205 X10 Y10
G0 F6000 X66.807 Y189.561
M204 S1800
M205 X8 Y8
G1 F1200 X49.828 Y172.582 E2449.05334
M204 S3000
M205 X10 Y10
G0 F6000 X49.591 Y172.91
M204 S1800
M205 X8 Y8
G1 F1200 X66.627 Y189.946 E2449.85466
M204 S3000
M205 X10 Y10
G0 F6000 X66.451 Y190.336
M204 S1800
M205 X8 Y8
G1 F1200 X49.354 Y173.239 E2450.65885
M204 S3000
M205 X10 Y10
G0 F6000 X49.131 Y173.581
M204 S1800
M205 X8 Y8
G1 F1200 X66.278 Y190.729 E2451.46542
M204 S3000
M205 X10 Y10
G0 F6000 X66.121 Y191.138
M204 S1800
M205 X8 Y8
G1 F1200 X48.909 Y173.925 E2452.27504
M204 S3000
M205 X10 Y10
G0 F6000 X48.687 Y174.27
M204 S1800
M205 X8 Y8
G1 F1200 X65.963 Y191.546 E2453.08765
M204 S3000
M205 X10 Y10
G0 F6000 X65.808 Y191.956
M204 S1800
M205 X8 Y8
G1 F1200 X48.466 Y174.614 E2453.90336
M204 S3000
M205 X10 Y10
G0 F6000 X48.245 Y174.958
M204 S1800
M205 X8 Y8
G1 F1200 X65.666 Y192.38 E2454.72282
M204 S3000
M205 X10 Y10
G0 F6000 X65.525 Y192.804
M204 S1800
M205 X8 Y8
G1 F1200 X48.024 Y175.303 E2455.54601
M204 S3000
M205 X10 Y10
G0 F6000 X47.817 Y175.662
M204 S1800
M205 X8 Y8
G1 F1200 X65.396 Y193.24 E2456.37285
M204 S3000
M205 X10 Y10
G0 F6000 X65.27 Y193.681
M204 S1800
M205 X8 Y8
G1 F1200 X47.61 Y176.02 E2457.20355
M204 S3000
M205 X10 Y10
G0 F6000 X47.403 Y176.38
M204 S1800
M205 X8 Y8
G1 F1200 X65.147 Y194.123 E2458.03815
M204 S3000
M205 X10 Y10
G0 F6000 X65.044 Y194.586
M204 S1800
M205 X8 Y8
G1 F1200 X47.196 Y176.738 E2458.87766
M204 S3000
M205 X10 Y10
G0 F6000 X46.989 Y177.097
M204 S1800
M205 X8 Y8
G1 F1200 X64.942 Y195.049 E2459.72209
M204 S3000
M205 X10 Y10
G0 F6000 X64.845 Y195.518
M204 S1800
M205 X8 Y8
G1 F1200 X46.787 Y177.461 E2460.57146
M204 S3000
M205 X10 Y10
G0 F6000 X46.596 Y177.835
M204 S1800
M205 X8 Y8
G1 F1200 X64.761 Y196 E2461.42589
M204 S3000
M205 X10 Y10
G0 F6000 X64.679 Y196.483
M204 S1800
M205 X8 Y8
G1 F1200 X46.403 Y178.208 E2462.28551
M204 S3000
M205 X10 Y10
G0 F6000 X46.211 Y178.581
M204 S1800
M205 X8 Y8
G1 F1200 X64.619 Y196.99 E2463.15139
M204 S3000
M205 X10 Y10
G0 F6000 X64.559 Y197.495
M204 S1800
M205 X8 Y8
G1 F1200 X46.019 Y178.955 E2464.02345
M204 S3000
M205 X10 Y10
G0 F6000 X45.827 Y179.329
M204 S1800
M205 X8 Y8
G1 F1200 X64.51 Y198.012 E2464.90225
M204 S3000
M205 X10 Y10
G0 F6000 X64.471 Y198.539
M204 S1800
M205 X8 Y8
G1 F1200 X45.647 Y179.715 E2465.78767
M204 S3000
M205 X10 Y10
G0 F6000 X45.471 Y180.105
M204 S1800
M205 X8 Y8
G1 F1200 X64.445 Y199.078 E2466.68012
M204 S3000
M205 X10 Y10
G0 F6000 X64.433 Y199.632
M204 S1800
M205 X8 Y8
G1 F1200 X45.295 Y180.494 E2467.58032
M204 S3000
M205 X10 Y10
G0 F6000 X45.12 Y180.884
M204 S1800
M205 X8 Y8
G1 F1200 X64.424 Y200.189 E2468.48834
M204 S3000
M205 X10 Y10
G0 F6000 X64.442 Y200.773
M204 S1800
M205 X8 Y8
G1 F1200 X44.944 Y181.274 E2469.40549
M204 S3000
M205 X10 Y10
G0 F6000 X44.771 Y181.667
M204 S1800
M205 X8 Y8
G1 F1200 X64.461 Y201.357 E2470.33165
M204 S3000
M205 X10 Y10
G0 F6000 X64.512 Y201.973
M204 S1800
M205 X8 Y8
G1 F1200 X44.612 Y182.073 E2471.26768
M204 S3000
M205 X10 Y10
G0 F6000 X44.452 Y182.479
M204 S1800
M205 X8 Y8
G1 F1200 X64.564 Y202.591 E2472.21369
M204 S3000
M205 X10 Y10
G0 F6000 X64.65 Y203.242
M204 S1800
M205 X8 Y8
G1 F1200 X44.292 Y182.885 E2473.17124
M204 S3000
M205 X10 Y10
G0 F6000 X44.133 Y183.291
M204 S1800
M205 X8 Y8
G1 F1200 X64.744 Y203.903 E2474.14075
M204 S3000
M205 X10 Y10
G0 F6000 X64.869 Y204.593
M204 S1800
M205 X8 Y8
G1 F1200 X43.973 Y183.697 E2475.12363
M204 S3000
M205 X10 Y10
G0 F6000 X43.827 Y184.117
M204 S1800
M205 X8 Y8
G1 F1200 X65.02 Y205.31 E2476.12048
M204 S3000
M205 X10 Y10
G0 F6000 X65.197 Y206.053
M204 S1800
M205 X8 Y8
G1 F1200 X43.685 Y184.541 E2477.13234
M204 S3000
M205 X10 Y10
G0 F6000 X43.543 Y184.964
M204 S1800
M205 X8 Y8
G1 F1200 X65.425 Y206.846 E2478.1616
G1 X65.495 Y206.916
M204 S3000
M205 X10 Y10
G0 F6000 X65.686 Y207.673
M204 S1800
M205 X8 Y8
G1 F1200 X43.402 Y185.389 E2479.20978
M204 S3000
M205 X10 Y10
G0 F6000 X43.26 Y185.812
M204 S1800
M205 X8 Y8
G1 F1200 X65.995 Y208.548 E2480.27918
G1 X66.065 Y208.618
M204 S3000
M205 X10 Y10
G0 F6000 X66.374 Y209.493
M204 S1800
M205 X8 Y8
G1 F1200 X43.127 Y186.245 E2481.37267
M204 S3000
M205 X10 Y10
G0 F6000 X43.003 Y186.687
M204 S1800
M205 X8 Y8
G1 F1200 X66.846 Y210.53 E2482.49418
G1 X66.916 Y210.6
M204 S3000
M205 X10 Y10
G0 F6000 X67.469 Y211.719
M204 S1800
M205 X8 Y8
G1 F1200 X42.878 Y187.128 E2483.65086
M204 S3000
M205 X10 Y10
G0 F6000 X42.755 Y187.57
M204 S1800
M205 X8 Y8
G1 F1200 X68.341 Y213.156 E2484.85435
G1 X68.411 Y213.226
M204 S3000
M205 X10 Y10
G0 F6000 X69.918 Y215.299
M204 S1800
M205 X8 Y8
G1 F1200 X42.631 Y188.012 E2486.13785
G1 X42.561 Y187.942
M204 S3000
M205 X10 Y10
G0 F6000 X77.065 Y153.998
M204 S1800
M205 X8 Y8
G1 F1200 X134.51 Y211.443 E2488.83988
M204 S3000
M205 X10 Y10
G0 F6000 X134.615 Y210.982
M204 S1800
M205 X8 Y8
G1 F1200 X77.516 Y153.884 E2491.52562
M204 S3000
M205 X10 Y10
G0 F6000 X77.968 Y153.77
M204 S1800
M205 X8 Y8
G1 F1200 X134.72 Y210.522 E2494.19506
M204 S3000
M205 X10 Y10
G0 F6000 X134.826 Y210.063
M204 S1800
M205 X8 Y8
G1 F1200 X78.438 Y153.674 E2496.8474
M204 S3000
M205 X10 Y10
G0 F6000 X78.908 Y153.579
M204 S1800
M205 X8 Y8
G1 F1200 X134.932 Y209.602 E2499.48258
M204 S3000
M205 X10 Y10
G0 F6000 X135.026 Y209.131
M204 S1800
M205 X8 Y8
G1 F1200 X79.378 Y153.483 E2502.10009
M204 S3000
M205 X10 Y10
G0 F6000 X79.848 Y153.387
M204 S1800
M205 X8 Y8
G1 F1200 X135.111 Y208.65 E2504.69949
M204 S3000
M205 X10 Y10
G0 F6000 X135.195 Y208.169
M204 S1800
M205 X8 Y8
G1 F1200 X80.32 Y153.294 E2507.28064
M204 S3000
M205 X10 Y10
G0 F6000 X80.812 Y153.22
M204 S1800
M205 X8 Y8
G1 F1200 X135.28 Y207.688 E2509.84265
M204 S3000
M205 X10 Y10
G0 F6000 X135.364 Y207.207
M204 S1800
M205 X8 Y8
G1 F1200 X81.303 Y153.145 E2512.38554
M204 S3000
M205 X10 Y10
G0 F6000 X81.795 Y153.071
M204 S1800
M205 X8 Y8
G1 F1200 X135.434 Y206.711 E2514.90857
M204 S3000
M205 X10 Y10
G0 F6000 X135.497 Y206.208
M204 S1800
M205 X8 Y8
G1 F1200 X82.287 Y152.998 E2517.41141
M204 S3000
M205 X10 Y10
G0 F6000 X82.786 Y152.931
M204 S1800
M205 X8 Y8
G1 F1200 X135.56 Y205.705 E2519.89374
M204 S3000
M205 X10 Y10
G0 F6000 X135.623 Y205.203
M204 S1800
M205 X8 Y8
G1 F1200 X83.301 Y152.88 E2522.35483
M204 S3000
M205 X10 Y10
G0 F6000 X83.815 Y152.829
M204 S1800
M205 X8 Y8
G1 F1200 X135.686 Y204.699 E2524.79466
M204 S3000
M205 X10 Y10
G0 F6000 X135.725 Y204.173
M204 S1800
M205 X8 Y8
G1 F1200 X84.33 Y152.778 E2527.21212
M204 S3000
M205 X10 Y10
G0 F6000 X84.844 Y152.726
M204 S1800
M205 X8 Y8
G1 F1200 X135.764 Y203.646 E2529.60724
M204 S3000
M205 X10 Y10
G0 F6000 X135.804 Y203.12
M204 S1800
M205 X8 Y8
G1 F1200 X85.377 Y152.694 E2531.97915
M204 S3000
M205 X10 Y10
G0 F6000 X85.915 Y152.666
M204 S1800
M205 X8 Y8
G1 F1200 X135.843 Y202.594 E2534.32761
M204 S3000
M205 X10 Y10
G0 F6000 X135.868 Y202.053
M204 S1800
M205 X8 Y8
G1 F1200 X86.454 Y152.639 E2536.65189
M204 S3000
M205 X10 Y10
G0 F6000 X86.992 Y152.612
M204 S1800
M205 X8 Y8
G1 F1200 X135.881 Y201.501 E2538.95148
M204 S3000
M205 X10 Y10
G0 F6000 X135.896 Y200.949
M204 S1800
M205 X8 Y8
G1 F1200 X87.541 Y152.595 E2541.22593
M204 S3000
M205 X10 Y10
G0 F6000 X88.106 Y152.595
M204 S1800
M205 X8 Y8
G1 F1200 X135.909 Y200.397 E2543.47441
M204 S3000
M205 X10 Y10
G0 F6000 X135.915 Y199.837
M204 S1800
M205 X8 Y8
G1 F1200 X88.672 Y152.595 E2545.69655
M204 S3000
M205 X10 Y10
G0 F6000 X89.238 Y152.595
M204 S1800
M205 X8 Y8
G1 F1200 X135.9 Y199.257 E2547.89139
M204 S3000
M205 X10 Y10
G0 F6000 X135.886 Y198.677
M204 S1800
M205 X8 Y8
G1 F1200 X89.811 Y152.602 E2550.05862
M204 S3000
M205 X10 Y10
G0 F6000 X90.406 Y152.631
M204 S1800
M205 X8 Y8
G1 F1200 X135.871 Y198.097 E2552.19717
M204 S3000
M205 X10 Y10
G0 F6000 X135.851 Y197.511
M204 S1800
M205 X8 Y8
G1 F1200 X91.002 Y152.662 E2554.30673
M204 S3000
M205 X10 Y10
G0 F6000 X91.598 Y152.692
M204 S1800
M205 X8 Y8
G1 F1200 X135.805 Y196.899 E2556.3861
M204 S3000
M205 X10 Y10
G0 F6000 X135.76 Y196.288
M204 S1800
M205 X8 Y8
G1 F1200 X92.202 Y152.73 E2558.43493
M204 S3000
M205 X10 Y10
G0 F6000 X92.831 Y152.793
M204 S1800
M205 X8 Y8
G1 F1200 X135.714 Y195.676 E2560.45201
M204 S3000
M205 X10 Y10
G0 F6000 X135.656 Y195.053
M204 S1800
M205 X8 Y8
G1 F1200 X93.459 Y152.855 E2562.43686
M204 S3000
M205 X10 Y10
G0 F6000 X94.087 Y152.918
M204 S1800
M205 X8 Y8
G1 F1200 X135.575 Y194.406 E2564.38832
M204 S3000
M205 X10 Y10
G0 F6000 X135.494 Y193.759
M204 S1800
M205 X8 Y8
G1 F1200 X94.735 Y153 E2566.3055
M204 S3000
M205 X10 Y10
G0 F6000 X95.4 Y153.1
M204 S1800
M205 X8 Y8
G1 F1200 X135.413 Y193.113 E2568.18759
M204 S3000
M205 X10 Y10
G0 F6000 X135.304 Y192.438
M204 S1800
M205 X8 Y8
G1 F1200 X96.066 Y153.201 E2570.0332
M204 S3000
M205 X10 Y10
G0 F6000 X96.732 Y153.301
M204 S1800
M205 X8 Y8
G1 F1200 X135.182 Y191.751 E2571.84177
M204 S3000
M205 X10 Y10
G0 F6000 X135.061 Y191.064
M204 S1800
M205 X8 Y8
G1 F1200 X97.442 Y153.445 E2573.61126
M204 S3000
M205 X10 Y10
G0 F6000 X98.152 Y153.589
M204 S1800
M205 X8 Y8
G1 F1200 X134.924 Y190.361 E2575.3409
M204 S3000
M205 X10 Y10
G0 F6000 X134.756 Y189.627
M204 S1800
M205 X8 Y8
G1 F1200 X98.862 Y153.734 E2577.02922
M204 S3000
M205 X10 Y10
G0 F6000 X99.608 Y153.914
M204 S1800
M205 X8 Y8
G1 F1200 X134.587 Y188.893 E2578.67452
M204 S3000
M205 X10 Y10
G0 F6000 X134.408 Y188.149
M204 S1800
M205 X8 Y8
G1 F1200 X100.366 Y154.106 E2580.27578
M204 S3000
M205 X10 Y10
G0 F6000 X101.125 Y154.299
M204 S1800
M205 X8 Y8
G1 F1200 X134.187 Y187.362 E2581.83094
G1 X134.257 Y187.432
M204 S3000
M205 X10 Y10
G0 F6000 X133.967 Y186.575
M204 S1800
M205 X8 Y8
G1 F1200 X101.925 Y154.534 E2583.33807
G1 X101.855 Y154.464
M204 S3000
M205 X10 Y10
G0 F6000 X102.742 Y154.785
M204 S1800
M205 X8 Y8
G1 F1200 X133.725 Y185.768 E2584.79542
G1 X133.795 Y185.838
M204 S3000
M205 X10 Y10
G0 F6000 X133.443 Y184.92
M204 S1800
M205 X8 Y8
G1 F1200 X103.559 Y155.036 E2586.20107
G1 X103.489 Y154.966
M204 S3000
M205 X10 Y10
G0 F6000 X104.444 Y155.356
M204 S1800
M205 X8 Y8
G1 F1200 X133.159 Y184.071 E2587.55173
G1 X133.229 Y184.141
M204 S3000
M205 X10 Y10
G0 F6000 X132.82 Y183.166
M204 S1800
M205 X8 Y8
G1 F1200 X105.332 Y155.678 E2588.84468
G1 X105.262 Y155.608
M204 S3000
M205 X10 Y10
G0 F6000 X106.262 Y156.042
M204 S1800
M205 X8 Y8
G1 F1200 X132.453 Y182.233 E2590.07663
G1 X132.523 Y182.303
M204 S3000
M205 X10 Y10
G0 F6000 X132.055 Y181.27
M204 S1800
M205 X8 Y8
G1 F1200 X107.241 Y156.456 E2591.2438
G1 X107.171 Y156.386
M204 S3000
M205 X10 Y10
G0 F6000 X108.246 Y156.894
M204 S1800
M205 X8 Y8
G1 F1200 X131.591 Y180.24 E2592.3419
G1 X131.661 Y180.31
M204 S3000
M205 X10 Y10
G0 F6000 X131.097 Y179.18
M204 S1800
M205 X8 Y8
G1 F1200 X109.337 Y157.42 E2593.36543
G1 X109.267 Y157.35
M204 S3000
M205 X10 Y10
G0 F6000 X110.469 Y157.986
M204 S1800
M205 X8 Y8
G1 F1200 X130.497 Y178.015 E2594.30751
G1 X130.567 Y178.085
M204 S3000
M205 X10 Y10
G0 F6000 X129.831 Y176.783
M204 S1800
M205 X8 Y8
G1 F1200 X111.71 Y158.662 E2595.15986
G1 X111.64 Y158.592
M204 S3000
M205 X10 Y10
G0 F6000 X113.08 Y159.466
M204 S1800
M205 X8 Y8
G1 F1200 X129.064 Y175.45 E2595.9117
G1 X129.134 Y175.52
M204 S3000
M205 X10 Y10
G0 F6000 X128.066 Y173.886
M204 S1800
M205 X8 Y8
G1 F1200 X114.604 Y160.424 E2596.54491
G1 X114.534 Y160.354
M204 S3000
M205 X10 Y10
G0 F6000 X116.442 Y161.696
M204 S1800
M205 X8 Y8
G1 F1200 X126.779 Y172.034 E2597.03116
G1 X126.849 Y172.104
M204 S3000
M205 X10 Y10
G0 F6000 X124.795 Y169.484
M204 S1800
M205 X8 Y8
G1 F1200 X119.131 Y163.821 E2597.29755
G1 X119.061 Y163.751
;TIME_ELAPSED:3320.591913
G1 F2400 E2591.29755
M140 S0
M204 S4000
M205 X20 Y20
M107
G91 ;Change to relative positioning mode for filament retraction and nozzle lifting
G1 F200 E-4;Retract the filament a bit before lifting the nozzle
G1 F1000 Z5;Lift nozzle 5mm
G90 ;Change to absolute positioning mode to prepare for part rermoval
G1 X0 Y400 ;Move the print to max y pos for part rermoval
M104 S0 ; Turn off hotend
M106 S0 ; Turn off cooling fan
M140 S0 ; Turn off bed
M84 ; Disable motors

M82 ;absolute extrusion mode
M104 S0
;End of Gcode
;SETTING_3 {"global_quality": "[general]\\nversion = 4\\nname = Normal #2\\ndefi
;SETTING_3 nition = anycubic_chiron\\n\\n[metadata]\\ntype = quality_changes\\nq
;SETTING_3 uality_type = normal\\nsetting_version = 20\\n\\n[values]\\nadhesion_
;SETTING_3 type = brim\\nmaterial_bed_temperature = 55\\nsupport_enable = False\
;SETTING_3 \n\\n", "extruder_quality": ["[general]\\nversion = 4\\nname = Normal
;SETTING_3  #2\\ndefinition = anycubic_chiron\\n\\n[metadata]\\ntype = quality_c
;SETTING_3 hanges\\nquality_type = normal\\nsetting_version = 20\\nposition = 0\
;SETTING_3 \n\\n[values]\\ninfill_sparse_density = 10\\nmaterial_print_temperatu
;SETTING_3 re = 195\\n\\n"]}
