;FLAVOR:Marlin
;TIME:4500
;Filament used: 3.35904m
;Layer height: 0.2
;MINX:54.241
;MINY:164.816
;MINZ:0.2
;MAXX:139.635
;MAXY:235.185
;MAXZ:3
;Generated with Cura_SteamEngine 5.0.0
M140 S55
M105
M190 S55
M104 S195
M105
M109 S195
M82 ;absolute extrusion mode
M107 ;Start with the fan off
G21 ;Set units to millimeters
G91 ;Change to relative positioning mode for retract filament and nozzle lifting
G1 F200 E-3 ;Retract 3mm filament for a clean start
G92 E0 ;Zero the extruded length
G1 F1000 Z5 ;Lift the nozzle 5mm before homing axes
G90 ;Absolute positioning
M82 ;Set extruder to absolute mode too
G28 X0 Y0 ;First move X/Y to min endstops
G28 Z0 ;Then move Z to min endstops
G1 F1000 Z15 ;After homing lift the nozzle 15mm before start printing

G92 E0
G92 E0
G1 F2400 E-6
;LAYER_COUNT:15
;LAYER:0
M106 S255
M204 S3000
M205 X10 Y10
G1 F600 Z0.275
G0 F3000 X73.694 Y168.522 Z0.275
G1 F600 Z0.2
G0 F3000 X69.946 Y170.694
M204 S1800
M205 X8 Y8
;TYPE:SKIRT
G1 F2400 E0
G1 X70.333 Y170.44 E0.02155
G1 X73.282 Y168.731 E0.18027
G1 X73.694 Y168.522 E0.20178
G1 X76.813 Y167.147 E0.3605
G1 X77.246 Y166.984 E0.38204
G1 X80.499 Y165.96 E0.54084
G1 X80.945 Y165.846 E0.56228
G1 X84.293 Y165.184 E0.72119
G1 X84.752 Y165.119 E0.74278
G1 X88.149 Y164.83 E0.90153
G1 X88.608 Y164.816 E0.92291
G1 X92.016 Y164.9 E1.08165
G1 X92.478 Y164.937 E1.10323
G1 X95.858 Y165.396 E1.26206
G1 X96.313 Y165.484 E1.28364
G1 X99.619 Y166.312 E1.44234
G1 X100.06 Y166.448 E1.46383
G1 X103.26 Y167.635 E1.62275
G1 X103.684 Y167.82 E1.64429
G1 X106.729 Y169.349 E1.80295
G1 X107.13 Y169.578 E1.82446
G1 X109.993 Y171.435 E1.98336
G1 X110.364 Y171.706 E2.00475
G1 X113.003 Y173.862 E2.16343
G1 X113.346 Y174.175 E2.18505
G1 X115.732 Y176.61 E2.34379
G1 X116.037 Y176.958 E2.36534
G1 X118.141 Y179.641 E2.52411
G1 X118.405 Y180.019 E2.54558
G1 X120.203 Y182.918 E2.70442
G1 X120.481 Y183.429 E2.73151
G1 X120.877 Y184.262 E2.77446
G1 X135.435 Y184.26 E3.45234
G1 X136.012 Y184.3 E3.47927
G1 X136.579 Y184.419 E3.50625
G1 X137.125 Y184.615 E3.53326
G1 X137.638 Y184.884 E3.56023
G1 X138.109 Y185.221 E3.5872
G1 X138.529 Y185.62 E3.61417
G1 X138.89 Y186.072 E3.64111
G1 X139.186 Y186.571 E3.66813
G1 X139.41 Y187.105 E3.69509
G1 X139.559 Y187.665 E3.72207
G1 X139.635 Y188.46 E3.75926
G1 X139.635 Y211.54 E4.83396
G1 X139.595 Y212.118 E4.86094
G1 X139.476 Y212.685 E4.88792
G1 X139.28 Y213.23 E4.91489
G1 X139.011 Y213.743 E4.94186
G1 X138.674 Y214.214 E4.96883
G1 X138.275 Y214.634 E4.9958
G1 X137.822 Y214.996 E5.0228
G1 X137.324 Y215.291 E5.04975
G1 X136.79 Y215.516 E5.07674
G1 X136.23 Y215.664 E5.10371
G1 X135.436 Y215.74 E5.14085
G1 X120.872 Y215.743 E5.81901
G1 X120.428 Y216.674 E5.86704
G1 X120.21 Y217.074 E5.88825
G1 X118.476 Y219.88 E6.04184
G1 X118.144 Y220.355 E6.06883
G1 X116.041 Y223.038 E6.22757
G1 X115.735 Y223.387 E6.24918
G1 X113.348 Y225.823 E6.40799
G1 X113.005 Y226.135 E6.42958
G1 X110.365 Y228.292 E6.58832
G1 X109.994 Y228.564 E6.60974
G1 X107.133 Y230.42 E6.76854
G1 X106.732 Y230.649 E6.79004
G1 X103.685 Y232.179 E6.94881
G1 X103.261 Y232.364 E6.97035
G1 X100.061 Y233.551 E7.12927
G1 X99.62 Y233.687 E7.15076
G1 X96.314 Y234.515 E7.30946
G1 X95.859 Y234.603 E7.33104
G1 X92.479 Y235.062 E7.48987
G1 X92.02 Y235.099 E7.51131
G1 X88.611 Y235.185 E7.6701
G1 X88.149 Y235.171 E7.69162
G1 X84.753 Y234.882 E7.85033
G1 X84.294 Y234.817 E7.87191
G1 X80.946 Y234.155 E8.03083
G1 X80.5 Y234.041 E8.05226
G1 X77.247 Y233.017 E8.21106
G1 X76.814 Y232.854 E8.23261
G1 X73.695 Y231.479 E8.39133
G1 X73.283 Y231.27 E8.41284
G1 X70.334 Y229.561 E8.57155
G1 X69.947 Y229.307 E8.5931
G1 X67.202 Y227.282 E8.75194
G1 X66.846 Y226.988 E8.77344
G1 X64.339 Y224.674 E8.9323
G1 X64.018 Y224.343 E8.95377
G1 X61.781 Y221.769 E9.11257
G1 X61.497 Y221.403 E9.13414
G1 X59.558 Y218.6 E9.29284
G1 X59.317 Y218.207 E9.31431
G1 X57.696 Y215.206 E9.47313
G1 X57.499 Y214.79 E9.49456
G1 X56.216 Y211.629 E9.65341
G1 X56.066 Y211.19 E9.67502
G1 X55.14 Y207.911 E9.83367
G1 X55.039 Y207.459 E9.85524
G1 X54.479 Y204.093 E10.01413
G1 X54.428 Y203.634 E10.03563
G1 X54.241 Y200.231 E10.19433
G1 X54.241 Y199.772 E10.2157
G1 X54.427 Y196.368 E10.37444
G1 X54.478 Y195.908 E10.39599
G1 X55.038 Y192.542 E10.55488
G1 X55.139 Y192.088 E10.57654
G1 X56.066 Y188.809 E10.73521
G1 X56.216 Y188.373 E10.75668
G1 X57.498 Y185.212 E10.91551
G1 X57.694 Y184.796 E10.93693
G1 X59.314 Y181.794 E11.09577
G1 X59.557 Y181.398 E11.1174
G1 X61.497 Y178.596 E11.27609
G1 X61.78 Y178.232 E11.29756
G1 X64.017 Y175.658 E11.45636
G1 X64.338 Y175.327 E11.47783
G1 X66.845 Y173.013 E11.63669
G1 X67.201 Y172.719 E11.65819
G1 X69.946 Y170.694 E11.81702
M204 S3000
M205 X10 Y10
G1 F2400 E5.81702
G0 F3000 X67.225 Y173.424
M204 S1800
M205 X8 Y8
G1 F2400 E11.81702
G1 X67.533 Y173.17 E11.83561
G1 X70.278 Y171.145 E11.99445
G1 X70.614 Y170.925 E12.01315
G1 X73.563 Y169.216 E12.17186
G1 X73.92 Y169.034 E12.19052
G1 X77.039 Y167.659 E12.34924
G1 X77.414 Y167.518 E12.36789
G1 X80.667 Y166.494 E12.5267
G1 X81.054 Y166.395 E12.5453
G1 X84.402 Y165.733 E12.70421
G1 X84.799 Y165.677 E12.72288
G1 X88.196 Y165.388 E12.88163
G1 X88.595 Y165.376 E12.90022
G1 X92.003 Y165.46 E13.05896
G1 X92.403 Y165.492 E13.07764
G1 X95.783 Y165.951 E13.23647
G1 X96.177 Y166.027 E13.25516
G1 X99.483 Y166.855 E13.41385
G1 X99.865 Y166.973 E13.43247
G1 X103.065 Y168.16 E13.5914
G1 X103.432 Y168.32 E13.61004
G1 X106.477 Y169.849 E13.7687
G1 X106.825 Y170.048 E13.78737
G1 X109.688 Y171.905 E13.94627
G1 X110.01 Y172.14 E13.96483
G1 X112.649 Y174.296 E14.12351
G1 X112.946 Y174.567 E14.14223
G1 X115.332 Y177.002 E14.30097
G1 X115.596 Y177.304 E14.31965
G1 X117.7 Y179.987 E14.47841
G1 X117.929 Y180.314 E14.497
G1 X119.727 Y183.213 E14.65585
G1 X119.976 Y183.669 E14.68004
G1 X120.524 Y184.822 E14.73949
G1 X135.435 Y184.82 E15.4338
G1 X135.972 Y184.86 E15.45888
G1 X136.498 Y184.979 E15.48399
G1 X137.001 Y185.174 E15.50911
G1 X137.469 Y185.442 E15.53422
G1 X137.893 Y185.775 E15.55933
G1 X138.263 Y186.168 E15.58446
G1 X138.57 Y186.611 E15.60956
G1 X138.809 Y187.094 E15.63465
G1 X138.974 Y187.608 E15.65979
G1 X139.061 Y188.14 E15.68489
G1 X139.075 Y188.46 E15.6998
G1 X139.075 Y211.54 E16.77451
G1 X139.035 Y212.078 E16.79963
G1 X138.916 Y212.604 E16.82474
G1 X138.721 Y213.106 E16.84981
G1 X138.453 Y213.575 E16.87497
G1 X138.12 Y213.998 E16.90003
G1 X137.727 Y214.368 E16.92517
G1 X137.284 Y214.675 E16.95027
G1 X136.8 Y214.914 E16.9754
G1 X136.287 Y215.079 E17.00049
G1 X135.755 Y215.166 E17.02559
G1 X135.436 Y215.18 E17.04046
G1 X120.518 Y215.183 E17.73511
G1 X119.922 Y216.433 E17.79959
G1 X119.733 Y216.779 E17.81795
G1 X117.999 Y219.585 E17.97154
G1 X117.703 Y220.01 E17.99566
G1 X115.6 Y222.693 E18.1544
G1 X115.335 Y222.995 E18.1731
G1 X112.948 Y225.431 E18.33191
G1 X112.651 Y225.702 E18.35063
G1 X110.011 Y227.859 E18.50938
G1 X109.689 Y228.094 E18.52794
G1 X106.828 Y229.95 E18.68674
G1 X106.48 Y230.149 E18.7054
G1 X103.433 Y231.679 E18.86417
G1 X103.066 Y231.839 E18.88281
G1 X99.866 Y233.026 E19.04174
G1 X99.484 Y233.144 E19.06035
G1 X96.178 Y233.972 E19.21905
G1 X95.784 Y234.048 E19.23773
G1 X92.404 Y234.507 E19.39657
G1 X92.006 Y234.539 E19.41516
G1 X88.597 Y234.625 E19.57395
G1 X88.196 Y234.613 E19.59263
G1 X84.8 Y234.324 E19.75133
G1 X84.403 Y234.268 E19.77
G1 X81.055 Y233.606 E19.92891
G1 X80.668 Y233.507 E19.94751
G1 X77.415 Y232.483 E20.10632
G1 X77.04 Y232.342 E20.12497
G1 X73.921 Y230.967 E20.28369
G1 X73.564 Y230.785 E20.30235
G1 X70.615 Y229.076 E20.46106
G1 X70.279 Y228.856 E20.47976
G1 X67.534 Y226.831 E20.6386
G1 X67.226 Y226.577 E20.65719
G1 X64.719 Y224.263 E20.81605
G1 X64.441 Y223.976 E20.83465
G1 X62.204 Y221.402 E20.99345
G1 X61.957 Y221.085 E21.01216
G1 X60.018 Y218.282 E21.17087
G1 X59.809 Y217.941 E21.18949
G1 X58.188 Y214.94 E21.34831
G1 X58.018 Y214.579 E21.36689
G1 X56.735 Y211.418 E21.52574
G1 X56.605 Y211.038 E21.54444
G1 X55.679 Y207.759 E21.7031
G1 X55.591 Y207.367 E21.72181
G1 X55.031 Y204.001 E21.8807
G1 X54.987 Y203.604 E21.8993
G1 X54.8 Y200.201 E22.05799
G1 X54.8 Y199.802 E22.07657
G1 X54.986 Y196.398 E22.23531
G1 X55.03 Y196 E22.25396
G1 X55.59 Y192.634 E22.41285
G1 X55.678 Y192.241 E22.4316
G1 X56.605 Y188.962 E22.59027
G1 X56.735 Y188.584 E22.60888
G1 X58.017 Y185.423 E22.76772
G1 X58.187 Y185.062 E22.7863
G1 X59.807 Y182.06 E22.94514
G1 X60.017 Y181.717 E22.96386
G1 X61.957 Y178.915 E23.12256
G1 X62.203 Y178.599 E23.1412
G1 X64.44 Y176.025 E23.3
G1 X64.718 Y175.738 E23.3186
G1 X67.225 Y173.424 E23.47747
M204 S3000
M205 X10 Y10
G1 F2400 E17.47747
G0 F3000 X64.862 Y176.393
M204 S1800
M205 X8 Y8
G1 F2400 E23.47747
G1 X65.098 Y176.15 E23.49324
G1 X67.605 Y173.836 E23.6521
G1 X67.866 Y173.62 E23.66788
G1 X70.611 Y171.595 E23.82671
G1 X70.895 Y171.409 E23.84252
G1 X73.844 Y169.7 E24.00123
G1 X74.146 Y169.547 E24.017
G1 X77.265 Y168.172 E24.17572
G1 X77.582 Y168.052 E24.1915
G1 X80.835 Y167.028 E24.3503
G1 X81.163 Y166.944 E24.36607
G1 X84.511 Y166.282 E24.52498
G1 X84.847 Y166.235 E24.54078
G1 X88.244 Y165.946 E24.69953
G1 X88.581 Y165.936 E24.71523
G1 X91.989 Y166.02 E24.87397
G1 X92.327 Y166.047 E24.88976
G1 X95.707 Y166.506 E25.04859
G1 X96.041 Y166.57 E25.06442
G1 X99.347 Y167.398 E25.22312
G1 X99.67 Y167.498 E25.23886
G1 X102.87 Y168.685 E25.39779
G1 X103.181 Y168.821 E25.4136
G1 X106.226 Y170.35 E25.57225
G1 X106.52 Y170.518 E25.58802
G1 X109.383 Y172.375 E25.74692
G1 X109.656 Y172.574 E25.76265
G1 X112.295 Y174.73 E25.92133
G1 X112.546 Y174.959 E25.93715
G1 X114.932 Y177.394 E26.0959
G1 X115.156 Y177.649 E26.1117
G1 X117.26 Y180.332 E26.27047
G1 X117.453 Y180.61 E26.28622
G1 X119.344 Y183.669 E26.45368
G1 X119.47 Y183.91 E26.46635
G1 X120.17 Y185.382 E26.54224
G1 X135.435 Y185.38 E27.25305
G1 X135.929 Y185.42 E27.27612
G1 X136.411 Y185.539 E27.29924
G1 X136.867 Y185.733 E27.32232
G1 X137.286 Y185.998 E27.3454
G1 X137.657 Y186.327 E27.36849
G1 X137.971 Y186.712 E27.39163
G1 X138.218 Y187.141 E27.41468
G1 X138.394 Y187.605 E27.43778
G1 X138.493 Y188.091 E27.46088
G1 X138.515 Y188.46 E27.47809
G1 X138.515 Y211.54 E28.55279
G1 X138.475 Y212.034 E28.57587
G1 X138.356 Y212.516 E28.59899
G1 X138.162 Y212.972 E28.62206
G1 X137.897 Y213.391 E28.64515
G1 X137.567 Y213.762 E28.66827
G1 X137.183 Y214.076 E28.69137
G1 X136.753 Y214.324 E28.71448
G1 X136.29 Y214.499 E28.73753
G1 X135.803 Y214.598 E28.76067
G1 X135.436 Y214.62 E28.77779
G1 X120.165 Y214.623 E29.48887
G1 X119.417 Y216.192 E29.56981
G1 X119.257 Y216.485 E29.58535
G1 X117.523 Y219.291 E29.73895
G1 X117.262 Y219.664 E29.76014
G1 X115.159 Y222.347 E29.91888
G1 X114.935 Y222.603 E29.93472
G1 X112.548 Y225.039 E30.09353
G1 X112.297 Y225.268 E30.10935
G1 X109.657 Y227.425 E30.2681
G1 X109.384 Y227.624 E30.28383
G1 X106.523 Y229.48 E30.44262
G1 X106.229 Y229.648 E30.45839
G1 X103.182 Y231.178 E30.61715
G1 X102.871 Y231.314 E30.63296
G1 X99.671 Y232.501 E30.79189
G1 X99.348 Y232.601 E30.80763
G1 X96.042 Y233.429 E30.96633
G1 X95.708 Y233.493 E30.98216
G1 X92.328 Y233.952 E31.14099
G1 X91.992 Y233.979 E31.15669
G1 X88.583 Y234.065 E31.31548
G1 X88.244 Y234.055 E31.33127
G1 X84.848 Y233.766 E31.48997
G1 X84.512 Y233.719 E31.50577
G1 X81.164 Y233.057 E31.66469
G1 X80.836 Y232.973 E31.68045
G1 X77.583 Y231.949 E31.83925
G1 X77.266 Y231.829 E31.85504
G1 X74.147 Y230.454 E32.01376
G1 X73.845 Y230.301 E32.02952
G1 X70.896 Y228.592 E32.18823
G1 X70.612 Y228.406 E32.20404
G1 X67.867 Y226.381 E32.36287
G1 X67.606 Y226.165 E32.37865
G1 X65.099 Y223.851 E32.53751
G1 X64.863 Y223.608 E32.55328
G1 X62.626 Y221.034 E32.71208
G1 X62.418 Y220.766 E32.72788
G1 X60.479 Y217.963 E32.88658
G1 X60.302 Y217.675 E32.90232
G1 X58.681 Y214.674 E33.06114
G1 X58.537 Y214.368 E33.07689
G1 X57.254 Y211.207 E33.23574
G1 X57.144 Y210.886 E33.25154
G1 X56.218 Y207.607 E33.4102
G1 X56.144 Y207.275 E33.42604
G1 X55.584 Y203.909 E33.58493
G1 X55.547 Y203.573 E33.60067
G1 X55.36 Y200.17 E33.75936
G1 X55.36 Y199.833 E33.77506
G1 X55.546 Y196.429 E33.9338
G1 X55.583 Y196.092 E33.94958
G1 X56.143 Y192.726 E34.10847
G1 X56.217 Y192.393 E34.12436
G1 X57.144 Y189.114 E34.28302
G1 X57.254 Y188.794 E34.29878
G1 X58.536 Y185.633 E34.45761
G1 X58.679 Y185.328 E34.4733
G1 X60.299 Y182.326 E34.63214
G1 X60.478 Y182.036 E34.64801
G1 X62.418 Y179.234 E34.8067
G1 X62.625 Y178.967 E34.82243
G1 X64.862 Y176.393 E34.98123
M204 S3000
M205 X10 Y10
G1 F2400 E28.98123
G0 F3000 X62.878 Y179.553
M204 S1800
M205 X8 Y8
G1 F2400 E34.98123
G1 X63.048 Y179.334 E34.99414
G1 X65.285 Y176.76 E35.15293
G1 X65.478 Y176.561 E35.16584
G1 X67.985 Y174.247 E35.3247
G1 X68.198 Y174.071 E35.33757
G1 X70.943 Y172.046 E35.49641
G1 X71.175 Y171.894 E35.50932
G1 X74.124 Y170.185 E35.66803
G1 X74.371 Y170.059 E35.68094
G1 X77.49 Y168.684 E35.83966
G1 X77.75 Y168.586 E35.8526
G1 X81.003 Y167.562 E36.0114
G1 X81.271 Y167.494 E36.02428
G1 X84.619 Y166.832 E36.18319
G1 X84.894 Y166.793 E36.19612
G1 X88.291 Y166.504 E36.35487
G1 X88.567 Y166.496 E36.36773
G1 X91.975 Y166.58 E36.52647
G1 X92.252 Y166.602 E36.53941
G1 X95.632 Y167.061 E36.69824
G1 X95.905 Y167.114 E36.71119
G1 X99.211 Y167.942 E36.86989
G1 X99.475 Y168.023 E36.88274
G1 X102.675 Y169.21 E37.04167
G1 X102.93 Y169.321 E37.05462
G1 X105.975 Y170.85 E37.21328
G1 X106.215 Y170.988 E37.22617
G1 X109.078 Y172.845 E37.38507
G1 X109.301 Y173.007 E37.39791
G1 X111.94 Y175.163 E37.55658
G1 X112.146 Y175.351 E37.56957
G1 X114.532 Y177.786 E37.72831
G1 X114.715 Y177.995 E37.74125
G1 X116.819 Y180.678 E37.90001
G1 X116.978 Y180.905 E37.91292
G1 X118.851 Y183.935 E38.07879
G1 X118.964 Y184.15 E38.0901
G1 X119.816 Y185.942 E38.18249
G1 X135.435 Y185.94 E38.90978
G1 X135.881 Y185.98 E38.93063
G1 X136.314 Y186.098 E38.95153
G1 X136.719 Y186.292 E38.97244
G1 X137.083 Y186.554 E38.99332
G1 X137.395 Y186.876 E39.0142
G1 X137.645 Y187.249 E39.03511
G1 X137.824 Y187.659 E39.05594
G1 X137.929 Y188.096 E39.07687
G1 X137.955 Y188.46 E39.09386
G1 X137.955 Y211.54 E40.16856
G1 X137.915 Y211.987 E40.18946
G1 X137.797 Y212.419 E40.21031
G1 X137.603 Y212.824 E40.23122
G1 X137.341 Y213.188 E40.25211
G1 X137.019 Y213.5 E40.27298
G1 X136.646 Y213.75 E40.29389
G1 X136.235 Y213.93 E40.31478
G1 X135.799 Y214.034 E40.33566
G1 X135.435 Y214.06 E40.35265
G1 X119.813 Y214.063 E41.08007
G1 X118.912 Y215.951 E41.17749
G1 X118.781 Y216.191 E41.19022
G1 X117.047 Y218.997 E41.34381
G1 X116.821 Y219.319 E41.36213
G1 X114.718 Y222.002 E41.52087
G1 X114.535 Y222.211 E41.5338
G1 X112.148 Y224.647 E41.69261
G1 X111.942 Y224.834 E41.70557
G1 X109.302 Y226.991 E41.86431
G1 X109.079 Y227.154 E41.87717
G1 X106.218 Y229.01 E42.03597
G1 X105.978 Y229.148 E42.04886
G1 X102.931 Y230.678 E42.20762
G1 X102.676 Y230.789 E42.22057
G1 X99.476 Y231.976 E42.3795
G1 X99.212 Y232.057 E42.39236
G1 X95.906 Y232.885 E42.55105
G1 X95.633 Y232.938 E42.564
G1 X92.253 Y233.397 E42.72283
G1 X91.978 Y233.419 E42.73568
G1 X88.569 Y233.505 E42.89447
G1 X88.291 Y233.497 E42.90742
G1 X84.895 Y233.208 E43.06612
G1 X84.62 Y233.169 E43.07906
G1 X81.272 Y232.507 E43.23797
G1 X81.004 Y232.439 E43.25085
G1 X77.751 Y231.415 E43.40965
G1 X77.491 Y231.317 E43.42258
G1 X74.372 Y229.942 E43.5813
G1 X74.125 Y229.816 E43.59422
G1 X71.176 Y228.107 E43.75293
G1 X70.944 Y227.955 E43.76584
G1 X68.199 Y225.93 E43.92468
G1 X67.986 Y225.754 E43.93754
G1 X65.479 Y223.44 E44.09641
G1 X65.286 Y223.241 E44.10931
G1 X63.049 Y220.667 E44.26811
G1 X62.879 Y220.448 E44.28102
G1 X60.94 Y217.645 E44.43972
G1 X60.795 Y217.409 E44.45262
G1 X59.174 Y214.408 E44.61144
G1 X59.056 Y214.158 E44.62431
G1 X57.773 Y210.997 E44.78317
G1 X57.683 Y210.734 E44.79611
G1 X56.757 Y207.455 E44.95476
G1 X56.696 Y207.184 E44.9677
G1 X56.136 Y203.818 E45.12659
G1 X56.106 Y203.542 E45.13952
G1 X55.919 Y200.139 E45.29821
G1 X55.919 Y199.864 E45.31102
G1 X56.105 Y196.46 E45.46976
G1 X56.135 Y196.183 E45.48273
G1 X56.695 Y192.817 E45.64162
G1 X56.756 Y192.545 E45.6546
G1 X57.683 Y189.266 E45.81327
G1 X57.773 Y189.005 E45.82613
G1 X59.055 Y185.844 E45.98496
G1 X59.172 Y185.594 E45.99781
G1 X60.792 Y182.592 E46.15665
G1 X60.938 Y182.355 E46.16962
G1 X62.878 Y179.553 E46.32831
M204 S3000
M205 X10 Y10
G1 F2400 E40.32831
G0 F3000 X61.285 Y182.858
M204 S1800
M205 X8 Y8
G1 F2400 E46.32831
G1 X61.399 Y182.673 E46.33843
G1 X63.339 Y179.871 E46.49712
G1 X63.471 Y179.701 E46.50714
G1 X65.708 Y177.127 E46.66594
G1 X65.858 Y176.973 E46.67595
G1 X68.365 Y174.659 E46.83481
G1 X68.53 Y174.522 E46.8448
G1 X71.275 Y172.497 E47.00363
G1 X71.456 Y172.378 E47.01372
G1 X74.405 Y170.669 E47.17243
G1 X74.597 Y170.572 E47.18244
G1 X77.716 Y169.197 E47.34116
G1 X77.918 Y169.12 E47.35123
G1 X81.171 Y168.096 E47.51003
G1 X81.38 Y168.043 E47.52007
G1 X84.728 Y167.381 E47.67899
G1 X84.942 Y167.351 E47.68905
G1 X88.339 Y167.062 E47.8478
G1 X88.553 Y167.056 E47.85777
G1 X91.961 Y167.14 E48.01651
G1 X92.177 Y167.157 E48.0266
G1 X95.557 Y167.616 E48.18543
G1 X95.769 Y167.657 E48.19548
G1 X99.075 Y168.485 E48.35418
G1 X99.281 Y168.548 E48.36421
G1 X102.481 Y169.735 E48.52313
G1 X102.679 Y169.821 E48.53319
G1 X105.724 Y171.35 E48.69185
G1 X105.911 Y171.458 E48.7019
G1 X108.774 Y173.315 E48.8608
G1 X108.947 Y173.441 E48.87077
G1 X111.586 Y175.597 E49.02945
G1 X111.746 Y175.743 E49.03953
G1 X114.132 Y178.178 E49.19828
G1 X114.274 Y178.341 E49.20834
G1 X116.378 Y181.024 E49.36711
G1 X116.502 Y181.2 E49.37713
G1 X118.359 Y184.201 E49.54146
G1 X118.458 Y184.391 E49.55144
G1 X119.461 Y186.502 E49.66026
G1 X135.435 Y186.5 E50.40408
G1 X135.828 Y186.54 E50.42248
G1 X136.206 Y186.658 E50.44091
G1 X136.552 Y186.849 E50.45932
G1 X136.852 Y187.106 E50.47771
G1 X137.095 Y187.418 E50.49613
G1 X137.271 Y187.773 E50.51458
G1 X137.371 Y188.155 E50.53296
G1 X137.395 Y188.46 E50.54721
G1 X137.395 Y211.54 E51.62191
G1 X137.355 Y211.933 E51.64031
G1 X137.237 Y212.311 E51.65874
G1 X137.046 Y212.657 E51.67715
G1 X136.789 Y212.958 E51.69558
G1 X136.476 Y213.2 E51.714
G1 X136.122 Y213.376 E51.73241
G1 X135.739 Y213.476 E51.75084
G1 X135.435 Y213.5 E51.76504
G1 X119.459 Y213.503 E52.50895
G1 X118.406 Y215.71 E52.62281
G1 X118.304 Y215.896 E52.63269
G1 X116.504 Y218.803 E52.7919
G1 X116.381 Y218.973 E52.80167
G1 X114.278 Y221.656 E52.96041
G1 X114.135 Y221.819 E52.97051
G1 X111.748 Y224.255 E53.12932
G1 X111.588 Y224.401 E53.1394
G1 X108.948 Y226.558 E53.29815
G1 X108.775 Y226.684 E53.30811
G1 X105.914 Y228.54 E53.46691
G1 X105.727 Y228.648 E53.47696
G1 X102.68 Y230.178 E53.63573
G1 X102.482 Y230.264 E53.64578
G1 X99.282 Y231.451 E53.8047
G1 X99.076 Y231.514 E53.81474
G1 X95.77 Y232.342 E53.97343
G1 X95.558 Y232.383 E53.98349
G1 X92.178 Y232.842 E54.14232
G1 X91.963 Y232.859 E54.15236
G1 X88.554 Y232.945 E54.31115
G1 X88.339 Y232.939 E54.32116
G1 X84.943 Y232.65 E54.47987
G1 X84.729 Y232.62 E54.48993
G1 X81.381 Y231.958 E54.64884
G1 X81.172 Y231.905 E54.65888
G1 X77.919 Y230.881 E54.81769
G1 X77.717 Y230.804 E54.82775
G1 X74.598 Y229.429 E54.98647
G1 X74.406 Y229.332 E54.99649
G1 X71.457 Y227.623 E55.1552
G1 X71.276 Y227.504 E55.16528
G1 X68.531 Y225.479 E55.32412
G1 X68.366 Y225.342 E55.33411
G1 X65.859 Y223.028 E55.49297
G1 X65.709 Y222.874 E55.50298
G1 X63.472 Y220.3 E55.66177
G1 X63.339 Y220.129 E55.67186
G1 X61.4 Y217.326 E55.83057
G1 X61.287 Y217.142 E55.84062
G1 X59.666 Y214.141 E55.99944
G1 X59.575 Y213.947 E56.00942
G1 X58.292 Y210.786 E56.16827
G1 X58.222 Y210.582 E56.17831
G1 X57.296 Y207.303 E56.33697
G1 X57.249 Y207.092 E56.34704
G1 X56.689 Y203.726 E56.50593
G1 X56.665 Y203.512 E56.51595
G1 X56.478 Y200.109 E56.67465
G1 X56.478 Y199.894 E56.68466
G1 X56.664 Y196.49 E56.8434
G1 X56.688 Y196.275 E56.85348
G1 X57.248 Y192.909 E57.01236
G1 X57.295 Y192.698 E57.02243
G1 X58.222 Y189.419 E57.1811
G1 X58.292 Y189.215 E57.19114
G1 X59.574 Y186.054 E57.34998
G1 X59.665 Y185.86 E57.35995
G1 X61.285 Y182.858 E57.51879
M204 S3000
M205 X10 Y10
G1 F2400 E51.51879
G0 F3000 X60.093 Y186.265
M204 S1800
M205 X8 Y8
G1 F2400 E57.51879
G1 X60.158 Y186.126 E57.52594
G1 X61.778 Y183.124 E57.68478
G1 X61.859 Y182.992 E57.69199
G1 X63.799 Y180.19 E57.85068
G1 X63.893 Y180.069 E57.85782
G1 X66.13 Y177.495 E58.01661
G1 X66.237 Y177.384 E58.02379
G1 X68.744 Y175.07 E58.18265
G1 X68.863 Y174.972 E58.18983
G1 X71.608 Y172.947 E58.34867
G1 X71.737 Y172.863 E58.35584
G1 X74.686 Y171.154 E58.51455
G1 X74.823 Y171.084 E58.52171
G1 X77.942 Y169.709 E58.68043
G1 X78.087 Y169.655 E58.68764
G1 X81.34 Y168.631 E58.84644
G1 X81.488 Y168.593 E58.85355
G1 X84.836 Y167.931 E59.01247
G1 X84.989 Y167.909 E59.01966
G1 X88.386 Y167.62 E59.17841
G1 X88.539 Y167.615 E59.18554
G1 X91.947 Y167.699 E59.34428
G1 X92.101 Y167.712 E59.35148
G1 X95.481 Y168.171 E59.51031
G1 X95.633 Y168.2 E59.51751
G1 X98.939 Y169.028 E59.67621
G1 X99.086 Y169.073 E59.68337
G1 X102.286 Y170.26 E59.8423
G1 X102.427 Y170.322 E59.84947
G1 X105.472 Y171.851 E60.00813
G1 X105.606 Y171.927 E60.0153
G1 X108.469 Y173.784 E60.1742
G1 X108.593 Y173.875 E60.18136
G1 X111.232 Y176.031 E60.34004
G1 X111.346 Y176.135 E60.34723
G1 X113.732 Y178.57 E60.50597
G1 X113.834 Y178.686 E60.51316
G1 X115.938 Y181.369 E60.67193
G1 X116.026 Y181.495 E60.67908
G1 X117.866 Y184.467 E60.84185
G1 X117.952 Y184.631 E60.85047
G1 X119.107 Y187.062 E60.9758
G1 X135.435 Y187.06 E61.7361
G1 X135.767 Y187.1 E61.75167
G1 X136.079 Y187.217 E61.76718
G1 X136.355 Y187.405 E61.78273
G1 X136.579 Y187.653 E61.79829
G1 X136.738 Y187.947 E61.81386
G1 X136.835 Y188.46 E61.83817
G1 X136.835 Y211.54 E62.91287
G1 X136.795 Y211.872 E62.92844
G1 X136.678 Y212.184 E62.94396
G1 X136.49 Y212.461 E62.95954
G1 X136.242 Y212.684 E62.97507
G1 X135.948 Y212.843 E62.99064
G1 X135.435 Y212.94 E63.01495
G1 X119.106 Y212.943 E63.7753
G1 X117.901 Y215.469 E63.90561
G1 X117.828 Y215.602 E63.91268
G1 X116.046 Y218.48 E64.0703
G1 X115.94 Y218.628 E64.07878
G1 X113.837 Y221.311 E64.23751
G1 X113.735 Y221.427 E64.24471
G1 X111.348 Y223.863 E64.40352
G1 X111.234 Y223.967 E64.4107
G1 X108.594 Y226.124 E64.56944
G1 X108.47 Y226.215 E64.57661
G1 X105.609 Y228.071 E64.7354
G1 X105.475 Y228.147 E64.74258
G1 X102.428 Y229.677 E64.90134
G1 X102.287 Y229.739 E64.90851
G1 X99.087 Y230.926 E65.06744
G1 X98.94 Y230.971 E65.0746
G1 X95.634 Y231.799 E65.23329
G1 X95.482 Y231.828 E65.2405
G1 X92.102 Y232.287 E65.39933
G1 X91.949 Y232.3 E65.40648
G1 X88.54 Y232.386 E65.56527
G1 X88.386 Y232.381 E65.57244
G1 X84.99 Y232.092 E65.73115
G1 X84.837 Y232.07 E65.73834
G1 X81.489 Y231.408 E65.89726
G1 X81.341 Y231.37 E65.90437
G1 X78.088 Y230.346 E66.06318
G1 X77.943 Y230.292 E66.07038
G1 X74.824 Y228.917 E66.2291
G1 X74.687 Y228.847 E66.23626
G1 X71.738 Y227.138 E66.39497
G1 X71.609 Y227.054 E66.40214
G1 X68.864 Y225.029 E66.56098
G1 X68.745 Y224.931 E66.56816
G1 X66.238 Y222.617 E66.72702
G1 X66.131 Y222.506 E66.7342
G1 X63.894 Y219.932 E66.89299
G1 X63.8 Y219.81 E66.90016
G1 X61.861 Y217.007 E67.05887
G1 X61.78 Y216.876 E67.06604
G1 X60.159 Y213.875 E67.22486
G1 X60.094 Y213.737 E67.23196
G1 X58.811 Y210.576 E67.39082
G1 X58.761 Y210.429 E67.39805
G1 X57.835 Y207.15 E67.5567
G1 X57.801 Y207 E67.56386
G1 X57.241 Y203.634 E67.72275
G1 X57.224 Y203.481 E67.72992
G1 X57.037 Y200.078 E67.88862
G1 X57.037 Y199.925 E67.89574
G1 X57.223 Y196.521 E68.05448
G1 X57.24 Y196.367 E68.0617
G1 X57.8 Y193.001 E68.22059
G1 X57.834 Y192.85 E68.22779
G1 X58.761 Y189.571 E68.38646
G1 X58.811 Y189.426 E68.3936
G1 X60.093 Y186.265 E68.55244
M204 S3000
M205 X10 Y10
G1 F2400 E62.55244
G0 F3000 X59.3 Y189.723
M204 S1800
M205 X8 Y8
G1 F2400 E68.55244
G1 X60.612 Y186.475 E68.71555
G1 X62.271 Y183.39 E68.87866
G1 X62.319 Y183.311 E68.88296
G1 X64.259 Y180.509 E69.04165
G1 X66.553 Y177.862 E69.20476
G1 X69.124 Y175.482 E69.36789
G1 X69.195 Y175.423 E69.37219
G1 X71.94 Y173.398 E69.53103
G1 X74.967 Y171.638 E69.69407
G1 X75.049 Y171.596 E69.69836
G1 X78.168 Y170.221 E69.85708
G1 X81.508 Y169.165 E70.02019
G1 X81.597 Y169.142 E70.02447
G1 X85.037 Y168.467 E70.18771
G1 X88.526 Y168.175 E70.35074
G1 X91.934 Y168.259 E70.50948
G1 X95.406 Y168.726 E70.6726
G1 X95.497 Y168.743 E70.67692
G1 X98.891 Y169.598 E70.83989
G1 X102.176 Y170.822 E71.00313
G1 X105.301 Y172.397 E71.16608
G1 X108.238 Y174.308 E71.32924
G1 X110.946 Y176.527 E71.49226
G1 X113.332 Y178.962 E71.651
G1 X115.497 Y181.715 E71.81409
G1 X115.55 Y181.79 E71.81836
G1 X117.373 Y184.733 E71.97956
G1 X117.447 Y184.871 E71.98685
G1 X118.755 Y187.622 E72.12869
G1 X135.435 Y187.62 E72.90539
G1 X135.69 Y187.66 E72.9174
G1 X135.922 Y187.775 E72.92946
G1 X136.107 Y187.956 E72.94151
G1 X136.228 Y188.184 E72.95353
G1 X136.275 Y188.46 E72.96657
G1 X136.275 Y211.54 E74.04127
G1 X136.235 Y211.795 E74.05329
G1 X136.12 Y212.027 E74.06535
G1 X135.939 Y212.212 E74.0774
G1 X135.711 Y212.333 E74.08942
G1 X135.435 Y212.38 E74.10245
G1 X118.752 Y212.383 E74.87928
G1 X117.352 Y215.308 E75.03028
G1 X115.589 Y218.157 E75.18629
G1 X115.499 Y218.282 E75.19346
G1 X113.335 Y221.035 E75.35652
G1 X110.948 Y223.471 E75.51532
G1 X108.239 Y225.69 E75.67838
G1 X108.165 Y225.745 E75.68268
G1 X105.224 Y227.647 E75.84576
G1 X102.092 Y229.214 E76.00884
G1 X98.892 Y230.401 E76.16776
G1 X95.498 Y231.256 E76.33074
G1 X92.027 Y231.732 E76.49388
G1 X91.935 Y231.74 E76.49818
G1 X88.526 Y231.826 E76.65697
G1 X85.038 Y231.534 E76.81995
G1 X81.598 Y230.859 E76.98319
G1 X78.256 Y229.812 E77.14626
G1 X78.169 Y229.78 E77.15058
G1 X75.05 Y228.405 E77.3093
G1 X72.019 Y226.654 E77.47229
G1 X71.941 Y226.603 E77.47663
G1 X69.196 Y224.578 E77.63547
G1 X66.618 Y222.205 E77.79862
G1 X64.317 Y219.565 E77.96169
G1 X64.26 Y219.492 E77.966
G1 X62.321 Y216.689 E78.12471
G1 X60.652 Y213.609 E78.28783
G1 X59.33 Y210.365 E78.45095
G1 X58.374 Y206.998 E78.61392
G1 X58.353 Y206.908 E78.61823
G1 X57.783 Y203.45 E78.78142
G1 X57.596 Y199.955 E78.94439
G1 X57.792 Y196.459 E79.10744
G1 X58.352 Y193.093 E79.26633
G1 X59.3 Y189.723 E79.42934
M204 S3000
M205 X10 Y10
G0 F3000 X58.912 Y193.155
M204 S1800
M205 X8 Y8
G1 F2400 X59.849 Y189.847 E79.58943
G1 X61.144 Y186.658 E79.7497
G1 X62.78 Y183.63 E79.90996
G1 X64.739 Y180.803 E80.07012
G1 X66.997 Y178.207 E80.23033
G1 X69.528 Y175.874 E80.39061
G1 X72.299 Y173.832 E80.55089
G1 X75.275 Y172.109 E80.71101
G1 X78.423 Y170.723 E80.87118
G1 X81.706 Y169.691 E81.03142
G1 X85.084 Y169.025 E81.19174
G1 X88.512 Y168.735 E81.35194
G1 X91.951 Y168.822 E81.51212
G1 X95.361 Y169.286 E81.67237
G1 X98.696 Y170.123 E81.83248
G1 X101.925 Y171.323 E81.99288
G1 X104.996 Y172.867 E82.15293
G1 X107.884 Y174.742 E82.31327
G1 X110.546 Y176.919 E82.47339
G1 X112.952 Y179.377 E82.63356
G1 X115.074 Y182.085 E82.79375
G1 X116.88 Y184.999 E82.95339
G1 X116.941 Y185.112 E82.95937
G1 X118.365 Y188.11 E83.11391
G1 X118.392 Y188.182 E83.11749
G1 X135.435 Y188.18 E83.91109
G1 X135.578 Y188.219 E83.91799
G1 X135.681 Y188.326 E83.92491
G1 X135.715 Y188.46 E83.93134
G1 X135.715 Y211.54 E85.00604
G1 X135.676 Y211.683 E85.01295
G1 X135.569 Y211.786 E85.01986
G1 X135.435 Y211.82 E85.0263
G1 X118.391 Y211.823 E85.81994
G1 X118.358 Y211.909 E85.82423
G1 X116.875 Y215.013 E85.98441
G1 X115.132 Y217.834 E86.13882
G1 X115.058 Y217.937 E86.14473
G1 X112.935 Y220.643 E86.30488
G1 X110.525 Y223.1 E86.46514
G1 X107.86 Y225.275 E86.62531
G1 X104.973 Y227.146 E86.78551
G1 X101.897 Y228.689 E86.94575
G1 X98.668 Y229.885 E87.10609
G1 X95.332 Y230.718 E87.26619
G1 X91.921 Y231.18 E87.42647
G1 X88.481 Y231.265 E87.5867
G1 X85.055 Y230.972 E87.74682
G1 X81.677 Y230.302 E87.90717
G1 X78.395 Y229.267 E88.06742
G1 X75.249 Y227.878 E88.22755
G1 X72.274 Y226.152 E88.3877
G1 X69.505 Y224.108 E88.54796
G1 X66.977 Y221.772 E88.70824
G1 X64.721 Y219.173 E88.86849
G1 X62.766 Y216.344 E89.02862
G1 X61.132 Y213.315 E89.18888
G1 X59.839 Y210.125 E89.34915
G1 X58.906 Y206.816 E89.50924
G1 X58.342 Y203.419 E89.66959
G1 X58.155 Y199.986 E89.82968
G1 X58.345 Y196.551 E89.98987
G1 X58.912 Y193.155 E90.15019
M204 S3000
M205 X10 Y10
G1 F2400 E84.15019
;MESH:14_4_2.stl
G0 F3000 X61.402 Y200.966
G1 F2400 E90.15019
G0 F3000 X61.804 Y200.816
M204 S1800
M205 X8 Y8
;TYPE:WALL-OUTER
G1 F1500 X61.679 Y200.462 E90.16767
G1 X61.614 Y200.044 E90.18737
G1 X61.664 Y199.599 E90.20822
G1 X61.838 Y199.119 E90.232
G1 X62.062 Y198.809 E90.2498
G1 X62.43 Y198.481 E90.27276
G1 X62.77 Y198.309 E90.2905
G1 X63.248 Y198.188 E90.31346
G1 X63.633 Y198.195 E90.33139
G1 X64.117 Y198.309 E90.35454
G1 X64.45 Y198.494 E90.37228
G1 X64.822 Y198.819 E90.39528
G1 X65.032 Y199.135 E90.41295
G1 X65.213 Y199.598 E90.4361
G1 X65.251 Y199.978 E90.45388
G1 X65.196 Y200.469 E90.47689
G1 X65.053 Y200.825 E90.49475
G1 X64.777 Y201.231 E90.51761
G1 X64.484 Y201.483 E90.53561
G1 X64.05 Y201.717 E90.55857
G1 X63.659 Y201.804 E90.57722
G1 X63.18 Y201.805 E90.59952
G1 X62.802 Y201.705 E90.61773
G1 X62.375 Y201.482 E90.64016
G1 X62.087 Y201.22 E90.65829
G1 X61.804 Y200.816 E90.68126
M204 S3000
M205 X10 Y10
G0 F3000 X61.738 Y200.628
G0 X61.333 Y200.779
G0 X61.852 Y201.513
G0 X62.743 Y202.076
G0 X81.227 Y199.949
G0 X81.655 Y199.998
M204 S1800
M205 X8 Y8
G1 F1500 X81.773 Y198.924 E90.73157
G1 X81.846 Y198.284 E90.76156
G1 X82.116 Y197.5 E90.80017
G1 X82.419 Y196.635 E90.84285
G1 X82.777 Y196.058 E90.87447
G1 X83.338 Y195.166 E90.92354
G1 X83.761 Y194.737 E90.95159
G1 X84.578 Y193.921 E91.00536
G1 X84.998 Y193.654 E91.02853
G1 X86.05 Y192.995 E91.08634
G1 X86.449 Y192.852 E91.10607
G1 X87.693 Y192.417 E91.16744
G1 X88.035 Y192.376 E91.18348
G1 X89.421 Y192.22 E91.24842
G1 X90.506 Y192.338 E91.29924
G1 X91.155 Y192.412 E91.32966
G1 X91.988 Y192.7 E91.3707
G1 X92.791 Y192.982 E91.41033
G1 X93.401 Y193.359 E91.44372
G1 X94.277 Y193.909 E91.49188
G1 X94.903 Y194.532 E91.53301
G1 X95.514 Y195.144 E91.57328
G1 X95.97 Y195.865 E91.613
G1 X96.444 Y196.621 E91.65455
G1 X96.74 Y197.461 E91.69602
G1 X97.022 Y198.272 E91.736
G1 X97.214 Y199.966 E91.81539
G1 X97.121 Y200.864 E91.85742
G1 X97.025 Y201.713 E91.89721
G1 X96.736 Y202.551 E91.93849
G1 X96.451 Y203.362 E91.97851
G1 X95.982 Y204.117 E92.0199
G1 X95.525 Y204.842 E92.05981
G1 X94.904 Y205.467 E92.10083
G1 X94.294 Y206.077 E92.141
G1 X93.516 Y206.569 E92.18386
G1 X92.837 Y206.995 E92.22119
G1 X91.828 Y207.355 E92.27107
G1 X91.18 Y207.582 E92.30304
G1 X90.347 Y207.679 E92.34209
G1 X89.448 Y207.78 E92.38422
G1 X89.403 Y207.779 E92.38632
G1 X87.714 Y207.588 E92.46546
G1 X87.674 Y207.577 E92.4674
G1 X86.088 Y207.022 E92.54564
G1 X86.032 Y206.995 E92.54853
G1 X84.593 Y206.091 E92.62766
G1 X84.56 Y206.063 E92.62968
G1 X83.357 Y204.858 E92.70896
G1 X83.331 Y204.823 E92.71099
G1 X82.431 Y203.389 E92.78983
G1 X82.251 Y202.886 E92.8147
G1 X81.85 Y201.736 E92.87142
G1 X81.761 Y200.96 E92.90779
G1 X81.655 Y200.026 E92.95156
G1 X81.655 Y199.998 E92.95286
M204 S3000
M205 X10 Y10
G0 F3000 X81.676 Y199.8
G0 X81.249 Y199.751
G0 X81.487 Y198.187
G0 X82.088 Y196.463
G0 X83.06 Y194.917
G0 X100.402 Y178.449
G0 X100.804 Y178.299
M204 S1800
M205 X8 Y8
G1 F1500 X100.679 Y177.945 E92.97034
G1 X100.614 Y177.526 E92.99009
G1 X100.664 Y177.082 E93.01089
G1 X100.837 Y176.604 E93.03456
G1 X101.061 Y176.294 E93.05237
G1 X101.426 Y175.966 E93.07522
G1 X101.764 Y175.796 E93.09284
G1 X102.248 Y175.671 E93.11611
G1 X102.633 Y175.678 E93.13404
G1 X103.116 Y175.792 E93.15715
G1 X103.451 Y175.977 E93.17497
G1 X103.822 Y176.302 E93.19794
G1 X104.032 Y176.618 E93.21561
G1 X104.218 Y177.128 E93.24088
G1 X104.251 Y177.461 E93.25647
G1 X104.196 Y177.952 E93.27947
G1 X104.053 Y178.308 E93.29734
G1 X103.775 Y178.717 E93.32036
G1 X103.485 Y178.966 E93.33816
G1 X103.05 Y179.2 E93.36116
G1 X102.659 Y179.287 E93.37981
G1 X102.18 Y179.288 E93.40212
G1 X101.802 Y179.188 E93.42032
G1 X101.374 Y178.965 E93.4428
G1 X101.087 Y178.703 E93.46089
G1 X100.804 Y178.299 E93.48386
M204 S3000
M205 X10 Y10
G0 F3000 X100.738 Y178.111
G0 X100.333 Y178.262
G0 X100.852 Y178.995
G0 X117.755 Y189.104
G0 X118.176 Y188.741
M204 S1800
M205 X8 Y8
G1 F1500 X118.009 Y188.667 E93.49237
G1 X117.736 Y188.091 E93.52205
G1 X116.389 Y185.268 E93.66769
G1 X114.607 Y182.396 E93.82508
G1 X112.521 Y179.735 E93.98252
G1 X110.155 Y177.324 E94.13981
G1 X107.539 Y175.185 E94.29716
G1 X104.706 Y173.347 E94.45441
G1 X101.685 Y171.83 E94.61182
G1 X98.503 Y170.649 E94.76986
G1 X95.237 Y169.834 E94.9266
G1 X91.891 Y169.379 E95.08384
G1 X88.514 Y169.296 E95.24114
G1 X85.148 Y169.582 E95.39844
G1 X81.844 Y170.234 E95.55525
G1 X78.607 Y171.252 E95.71326
G1 X75.512 Y172.617 E95.87077
G1 X72.592 Y174.312 E96.02798
G1 X69.878 Y176.312 E96.18497
G1 X67.855 Y178.176 E96.31306
G1 X67.387 Y178.609 E96.34274
G1 X65.172 Y181.159 E96.50002
G1 X63.249 Y183.937 E96.65735
G1 X61.644 Y186.911 E96.81471
G1 X60.367 Y190.055 E96.97272
G1 X59.455 Y193.295 E97.12945
G1 X58.92 Y196.513 E97.28135
G1 X58.864 Y197.308 E97.31846
G1 X58.716 Y200.002 E97.4441
G1 X58.901 Y203.372 E97.60125
G1 X59.456 Y206.706 E97.75863
G1 X60.372 Y209.946 E97.91542
G1 X61.645 Y213.09 E98.07336
G1 X63.25 Y216.064 E98.23072
G1 X65.173 Y218.842 E98.38804
G1 X67.388 Y221.392 E98.54532
G1 X69.877 Y223.69 E98.70306
G1 X72.593 Y225.689 E98.86009
G1 X75.513 Y227.383 E99.01729
G1 X78.03 Y228.493 E99.14538
G1 X78.608 Y228.749 E99.17481
G1 X81.235 Y229.576 E99.30306
G1 X81.845 Y229.77 E99.33286
G1 X85.148 Y230.419 E99.48961
G1 X88.515 Y230.705 E99.64695
G1 X91.364 Y230.634 E99.77965
G1 X91.892 Y230.62 E99.80425
G1 X95.237 Y230.165 E99.96144
G1 X98.504 Y229.348 E100.11825
G1 X101.686 Y228.169 E100.27626
G1 X104.707 Y226.652 E100.43367
G1 X107.54 Y224.814 E100.59092
G1 X110.158 Y222.673 E100.7484
G1 X112.524 Y220.261 E100.90572
G1 X114.608 Y217.605 E101.06293
G1 X116.392 Y214.727 E101.2206
G1 X116.69 Y214.112 E101.25242
G1 X117.847 Y211.679 E101.37787
G1 X118.007 Y211.338 E101.3954
G1 X118.18 Y211.263 E101.40418
G1 X135.155 Y211.26 E102.19461
G1 X135.155 Y188.74 E103.24324
G1 X118.176 Y188.741 E104.03385
M204 S3000
M205 X10 Y10
G0 F3000 X118.009 Y188.667
G0 X118.002 Y188.651
G0 X117.573 Y188.812
G0 X129.902 Y200.966
G0 X130.304 Y200.816
M204 S1800
M205 X8 Y8
G1 F1500 X130.179 Y200.462 E104.05133
G1 X130.114 Y200.044 E104.07103
G1 X130.164 Y199.599 E104.09188
G1 X130.338 Y199.119 E104.11566
G1 X130.562 Y198.809 E104.13346
G1 X130.93 Y198.481 E104.15642
G1 X131.27 Y198.309 E104.17416
G1 X131.748 Y198.188 E104.19712
G1 X132.133 Y198.195 E104.21505
G1 X132.617 Y198.309 E104.2382
G1 X132.95 Y198.494 E104.25594
G1 X133.322 Y198.819 E104.27894
G1 X133.532 Y199.135 E104.29661
G1 X133.713 Y199.599 E104.3198
G1 X133.751 Y199.978 E104.33754
G1 F1502.7 X133.695 Y200.469 E104.36051
G1 X133.553 Y200.825 E104.37832
G1 F1500 X133.277 Y201.231 E104.40118
G1 X132.984 Y201.483 E104.41918
G1 X132.55 Y201.717 E104.44214
G1 X132.159 Y201.804 E104.46079
G1 X131.68 Y201.805 E104.48309
G1 X131.302 Y201.705 E104.5013
G1 X130.875 Y201.482 E104.52373
G1 X130.587 Y201.22 E104.54186
G1 X130.304 Y200.816 E104.56483
M204 S3000
M205 X10 Y10
G0 F3000 X130.238 Y200.628
G0 X129.833 Y200.779
G0 X101.188 Y220.708
G0 X100.489 Y221.494
G0 X100.247 Y222.433
G0 X100.402 Y223.483
G0 X100.804 Y223.333
M204 S1800
M205 X8 Y8
G1 F1500 X100.679 Y222.979 E104.58231
G1 X100.614 Y222.561 E104.60201
G1 X100.664 Y222.116 E104.62286
G1 X100.838 Y221.636 E104.64663
G1 X101.061 Y221.327 E104.66438
G1 X101.426 Y220.999 E104.68723
G1 X101.765 Y220.829 E104.70489
G1 X102.248 Y220.705 E104.72811
G1 X102.633 Y220.712 E104.74604
G1 X103.116 Y220.825 E104.76913
G1 X103.451 Y221.01 E104.78695
G1 X103.822 Y221.336 E104.80995
G1 X104.032 Y221.652 E104.82762
G1 X104.213 Y222.115 E104.85077
G1 X104.252 Y222.495 E104.86855
G1 X104.196 Y222.986 E104.89157
G1 X104.052 Y223.342 E104.90945
G1 X103.776 Y223.75 E104.93238
G1 X103.485 Y223.999 E104.95022
G1 X103.05 Y224.233 E104.97322
G1 X102.675 Y224.317 E104.99111
G1 X102.179 Y224.321 E105.01421
G1 X101.785 Y224.213 E105.03323
G1 X101.374 Y223.998 E105.05483
G1 X101.087 Y223.736 E105.07292
G1 X100.804 Y223.333 E105.09585
M204 S3000
M205 X10 Y10
G0 F3000 X100.738 Y223.145
G0 X100.168 Y223.227
M204 S1800
M205 X8 Y8
;TYPE:WALL-INNER
G1 F1500 X100.06 Y222.647 E105.12333
G1 X100.096 Y222.101 E105.14881
G1 X100.242 Y221.615 E105.17243
G1 X100.379 Y221.316 E105.18775
G1 X100.678 Y220.919 E105.21089
G1 X101.049 Y220.577 E105.23439
G1 X101.53 Y220.318 E105.25983
G1 X102.019 Y220.176 E105.28354
G1 X102.577 Y220.146 E105.30956
G1 X103.159 Y220.251 E105.33709
G1 X103.665 Y220.483 E105.36301
G1 X104.132 Y220.852 E105.39073
G1 X104.466 Y221.284 E105.41616
G1 X104.711 Y221.827 E105.44389
G1 X104.807 Y222.369 E105.46952
G1 X104.771 Y222.962 E105.49719
G1 X104.602 Y223.491 E105.52305
G1 X104.294 Y223.998 E105.55067
G1 X103.905 Y224.383 E105.57616
G1 X103.398 Y224.692 E105.6038
G1 X102.864 Y224.853 E105.62977
G1 X102.272 Y224.889 E105.65739
G1 X101.725 Y224.786 E105.68331
G1 X101.186 Y224.541 E105.71088
G1 X100.757 Y224.201 E105.73637
G1 X100.389 Y223.733 E105.76409
G1 X100.168 Y223.227 E105.7898
M204 S3000
M205 X10 Y10
G0 F3000 X100.329 Y221.915
G0 X100.853 Y221.004
G0 X118.09 Y210.709
M204 S1800
M205 X8 Y8
G1 F1500 X118.852 Y210.702 E105.82528
G1 X134.595 Y210.7 E106.55834
G1 X134.595 Y201.066 E107.00694
G1 F1155.4 X134.428 Y200.542 E107.04019
G1 X134.101 Y200.974 E107.07294
G1 F1500 X133.797 Y201.478 E107.10035
G1 X133.403 Y201.868 E107.12616
G1 X132.9 Y202.175 E107.1536
G1 X132.351 Y202.341 E107.18031
G1 X131.764 Y202.372 E107.20768
G1 X131.228 Y202.271 E107.23308
G1 X130.685 Y202.023 E107.26087
G1 X130.258 Y201.686 E107.2862
G1 X129.889 Y201.215 E107.31406
G1 X129.668 Y200.71 E107.33973
G1 X129.56 Y200.13 E107.3672
G1 X129.596 Y199.584 E107.39268
G1 X129.772 Y199.011 E107.42059
G1 X130.064 Y198.534 E107.44664
G1 X130.489 Y198.113 E107.47449
G1 X130.952 Y197.836 E107.49961
G1 X131.465 Y197.674 E107.52467
G1 X131.75 Y197.628 E107.53811
G1 X132.249 Y197.647 E107.56136
G1 X132.881 Y197.815 E107.59181
G1 X133.31 Y198.065 E107.61493
G1 X133.784 Y198.502 E107.64495
G1 F1381.6 X134.255 Y199.292 E107.69145
G1 F1088.1 X134.431 Y199.514 E107.70964
G1 X134.547 Y199.234 E107.72909
G1 F1381.6 X134.595 Y198.572 E107.76265
G1 F1500 X134.595 Y189.3 E108.19439
G1 X118.146 Y189.301 E108.96032
G1 X117.813 Y189.208 E108.97642
G1 X117.556 Y189.001 E108.99179
G1 X117.417 Y188.765 E109.00454
G1 X117.163 Y188.19 E109.03381
G1 X115.897 Y185.537 E109.17069
G1 X114.147 Y182.718 E109.32519
G1 X112.099 Y180.105 E109.47978
G1 X109.777 Y177.738 E109.63418
G1 X107.208 Y175.638 E109.78868
G1 X104.427 Y173.834 E109.94304
G1 X101.461 Y172.344 E110.0976
G1 X98.337 Y171.185 E110.25275
G1 X95.131 Y170.385 E110.40661
G1 X91.846 Y169.938 E110.56099
G1 X88.531 Y169.856 E110.71539
G1 X85.226 Y170.138 E110.86985
G1 X81.982 Y170.778 E111.02381
G1 X78.805 Y171.777 E111.17889
G1 X75.766 Y173.117 E111.33354
G1 X72.9 Y174.781 E111.48786
G1 X70.235 Y176.744 E111.64198
G1 X67.789 Y179 E111.79693
G1 X65.615 Y181.503 E111.9513
G1 X63.727 Y184.23 E112.10574
G1 X62.152 Y187.15 E112.26023
G1 X61.025 Y189.926 E112.39974
G1 X60.806 Y190.561 E112.43102
G1 X60.003 Y193.417 E112.56916
G1 X59.458 Y196.691 E112.72371
G1 X59.292 Y199.737 E112.86575
G1 X59.276 Y200.002 E112.87812
G1 X59.406 Y202.347 E112.98748
G1 X59.459 Y203.31 E113.03239
G1 X60.003 Y206.584 E113.18693
G1 X60.902 Y209.764 E113.3408
G1 X62.153 Y212.851 E113.4959
G1 X63.728 Y215.771 E113.65039
G1 X65.616 Y218.498 E113.80483
G1 X67.79 Y221.002 E113.95924
G1 X70.234 Y223.258 E114.11412
G1 X72.901 Y225.22 E114.26829
G1 X75.767 Y226.883 E114.42258
G1 X78.806 Y228.224 E114.57725
G1 X81.983 Y229.226 E114.73237
G1 X85.226 Y229.863 E114.88626
G1 X88.532 Y230.145 E115.04076
G1 X91.847 Y230.061 E115.19517
G1 X95.131 Y229.614 E115.3495
G1 X98.338 Y228.812 E115.50343
G1 X101.462 Y227.655 E115.65855
G1 X103.173 Y226.795 E115.74772
G1 X104.16 Y226.302 E115.7991
G1 X104.678 Y226.003 E115.82695
G1 X107.21 Y224.361 E115.96747
G1 X109.78 Y222.259 E116.12207
G1 X112.102 Y219.891 E116.2765
G1 X114.148 Y217.283 E116.43085
G1 X115.907 Y214.446 E116.58628
G1 X116.184 Y213.872 E116.61596
G1 X117.331 Y211.459 E116.74037
G1 X117.525 Y211.04 E116.76187
G1 X117.774 Y210.817 E116.77743
G1 X118.09 Y210.709 E116.79298
M204 S3000
M205 X10 Y10
G0 F3000 X133.247 Y201.749
G0 X134.428 Y200.542
M204 S1800
M205 X8 Y8
G1 F964.4 X134.451 Y200.041 E116.8293
G1 F967.7 X134.431 Y199.514 E116.86737
M204 S3000
M205 X10 Y10
G0 F3000 X133.58 Y198.543
G0 X101.187 Y179.292
G0 X100.599 Y178.663
G0 X100.06 Y177.612
M204 S1800
M205 X8 Y8
G1 F1500 X100.096 Y177.067 E116.8928
G1 X100.27 Y176.497 E116.92055
G1 X100.564 Y176.017 E116.94676
G1 X100.981 Y175.601 E116.97419
G1 X101.451 Y175.321 E116.99966
G1 X102.018 Y175.142 E117.02735
G1 X102.577 Y175.112 E117.05342
G1 X103.161 Y175.218 E117.08105
G1 X103.665 Y175.449 E117.10687
G1 X104.132 Y175.818 E117.13458
G1 X104.465 Y176.249 E117.15994
G1 X104.711 Y176.793 E117.18775
G1 X104.807 Y177.336 E117.21342
G1 X104.771 Y177.928 E117.24104
G1 X104.602 Y178.457 E117.2669
G1 X104.295 Y178.964 E117.2945
G1 X103.905 Y179.351 E117.32008
G1 X103.398 Y179.659 E117.3477
G1 X102.851 Y179.824 E117.37431
G1 X102.264 Y179.855 E117.40168
G1 X101.728 Y179.754 E117.42708
G1 X101.186 Y179.508 E117.45479
G1 X100.757 Y179.167 E117.48031
G1 X100.389 Y178.698 E117.50807
G1 X100.168 Y178.195 E117.53365
G1 X100.06 Y177.612 E117.56126
M204 S3000
M205 X10 Y10
G0 F3000 X83.06 Y194.917
G0 X82.088 Y196.463
G0 X81.602 Y197.858
G0 X81.095 Y199.99
M204 S1800
M205 X8 Y8
G1 F1500 X81.147 Y199.483 E117.58499
G1 X81.287 Y198.24 E117.64324
G1 X81.587 Y197.315 E117.68852
G1 X81.888 Y196.454 E117.73099
G1 X82.303 Y195.76 E117.76864
G1 X82.878 Y194.847 E117.81888
G1 X83.365 Y194.341 E117.85158
G1 X84.189 Y193.517 E117.90585
G1 X84.7 Y193.18 E117.93435
G1 X85.759 Y192.516 E117.99255
G1 X86.264 Y192.324 E118.01771
G1 X87.514 Y191.886 E118.07938
G1 X87.972 Y191.82 E118.10093
G1 X89.363 Y191.663 E118.16611
G1 X89.941 Y191.711 E118.19312
G1 X91.198 Y191.853 E118.25202
G1 X92.173 Y192.172 E118.29979
G1 X92.997 Y192.461 E118.34045
G1 X93.699 Y192.885 E118.37864
G1 X94.558 Y193.424 E118.42586
G1 X95.299 Y194.136 E118.47371
G1 X95.918 Y194.755 E118.51447
G1 X96.444 Y195.567 E118.55952
G1 X96.917 Y196.321 E118.60097
G1 X97.268 Y197.276 E118.64835
G1 X97.556 Y198.102 E118.68908
G1 X97.676 Y199.071 E118.73454
G1 X97.774 Y199.952 E118.77582
G1 X97.677 Y200.926 E118.8214
G1 X97.577 Y201.805 E118.86259
G1 X97.264 Y202.736 E118.90833
G1 X96.967 Y203.581 E118.95003
G1 X96.456 Y204.415 E118.99558
G1 X96.012 Y205.121 E119.03441
G1 X95.3 Y205.863 E119.0823
G1 X94.683 Y206.48 E119.12293
G1 X93.814 Y207.043 E119.17114
G1 X93.135 Y207.469 E119.20847
G1 X92.645 Y207.662 E119.23299
G1 X91.334 Y208.12 E119.29765
G1 X90.41 Y208.235 E119.34101
G1 X89.474 Y208.34 E119.38487
G1 X89.34 Y208.335 E119.39111
G1 X87.672 Y208.147 E119.46927
G1 X87.489 Y208.105 E119.47802
G1 X85.903 Y207.55 E119.55626
G1 X85.734 Y207.469 E119.56498
G1 X84.312 Y206.577 E119.64315
G1 X84.164 Y206.459 E119.65196
G1 X82.936 Y205.228 E119.73293
G1 X82.857 Y205.121 E119.73912
G1 X81.942 Y203.663 E119.81927
G1 X81.722 Y203.071 E119.84868
G1 X81.318 Y201.911 E119.90588
G1 X81.205 Y201.022 E119.94761
G1 X81.097 Y200.073 E119.99208
G1 X81.095 Y199.99 E119.99595
M204 S3000
M205 X10 Y10
G0 F3000 X63.615 Y202.181
G0 X62.581 Y202.016
G0 X61.741 Y201.384
G0 X61.061 Y200.13
M204 S1800
M205 X8 Y8
G1 F1500 X61.096 Y199.584 E120.02142
G1 X61.271 Y199.011 E120.04932
G1 X61.563 Y198.533 E120.0754
G1 X61.989 Y198.113 E120.10326
G1 X62.452 Y197.836 E120.12838
G1 X63.023 Y197.658 E120.15623
G1 X63.577 Y197.629 E120.18206
G1 X64.159 Y197.734 E120.2096
G1 X64.667 Y197.968 E120.23564
G1 X65.131 Y198.334 E120.26316
G1 X65.466 Y198.767 E120.28866
G1 X65.711 Y199.31 E120.31639
G1 X65.807 Y199.852 E120.34202
G1 X65.771 Y200.445 E120.36969
G1 X65.601 Y200.974 E120.39556
G1 X65.297 Y201.478 E120.42297
G1 X64.903 Y201.868 E120.44878
G1 X64.399 Y202.175 E120.47626
G1 X63.851 Y202.341 E120.50292
G1 X63.315 Y202.37 E120.52792
G1 X63.047 Y202.349 E120.54044
G1 X62.552 Y202.206 E120.56443
G1 X62.026 Y201.921 E120.59229
G1 X61.635 Y201.551 E120.61735
G1 X61.279 Y201.01 E120.64751
G1 X61.125 Y200.548 E120.67018
G1 X61.061 Y200.13 E120.68987
M204 S3000
M205 X10 Y10
G0 F3000 X60.561 Y199.227
M204 S1800
M205 X8 Y8
G1 F1390.7 X60.919 Y198.478 E120.73157
G1 F1500 X61.3 Y197.988 E120.76047
G1 X61.671 Y197.647 E120.78393
G1 X62.191 Y197.34 E120.81205
G1 X62.874 Y197.118 E120.84549
G1 X63.373 Y197.068 E120.86884
G1 X63.865 Y197.099 E120.8918
G1 X64.521 Y197.262 E120.92327
G1 X65.036 Y197.536 E120.95044
G1 X65.491 Y197.904 E120.97769
G1 X65.746 Y198.185 E120.99536
G1 X66.04 Y198.645 E121.02078
G1 X66.26 Y199.18 E121.04771
G1 X66.363 Y199.786 E121.07634
G1 X66.347 Y200.306 E121.10056
G1 X66.265 Y200.803 E121.12402
G1 X66.078 Y201.282 E121.14796
G1 X65.767 Y201.782 E121.17538
G1 X65.52 Y202.069 E121.19301
G1 X65.037 Y202.457 E121.22186
G1 X64.523 Y202.737 E121.24911
G1 X63.982 Y202.885 E121.27523
G1 X63.326 Y202.93 E121.30585
G1 X62.915 Y202.893 E121.32506
G1 X62.302 Y202.708 E121.35488
G1 X61.671 Y202.354 E121.38857
G1 X61.183 Y201.882 E121.42018
G1 X60.936 Y201.546 E121.4396
G1 F1455.8 X60.627 Y200.91 E121.47352
G1 F1372.5 X60.537 Y200.639 E121.48805
G1 F1354.8 X60.483 Y200.22 E121.50983
G1 F1381.6 X60.478 Y199.822 E121.52996
G1 F1339.7 X60.561 Y199.227 E121.56128
M204 S3000
M205 X10 Y10
G0 F3000 X62.578 Y197.987
G0 X63.514 Y197.829
G0 X80.535 Y199.983
M204 S1800
M205 X8 Y8
G1 F1500 X80.59 Y199.42 E121.58762
G1 X80.73 Y198.178 E121.64582
G1 X80.8 Y197.872 E121.66043
G1 X81.363 Y196.259 E121.73999
G1 X81.829 Y195.462 E121.78298
G1 X82.417 Y194.529 E121.83433
G1 X82.969 Y193.945 E121.87175
G1 X83.809 Y193.105 E121.92706
G1 X84.403 Y192.705 E121.96041
G1 X85.436 Y192.056 E122.01721
G1 X86.079 Y191.795 E122.04953
G1 X87.346 Y191.352 E122.11203
G1 X87.91 Y191.263 E122.13861
G1 X89.316 Y191.105 E122.20449
G1 X90.003 Y191.154 E122.23657
G1 X91.26 Y191.296 E122.29547
G1 X91.566 Y191.366 E122.31009
G1 X93.202 Y191.94 E122.39082
G1 X93.996 Y192.411 E122.43381
G1 X94.857 Y192.95 E122.4811
G1 X95.101 Y193.145 E122.49565
G1 X96.329 Y194.375 E122.57658
G1 X96.918 Y195.269 E122.62643
G1 X97.399 Y196.036 E122.66859
G1 X97.797 Y197.091 E122.72109
G1 X98.095 Y197.948 E122.76334
G1 X98.232 Y199.008 E122.81311
G1 X98.327 Y199.841 E122.85215
G1 X98.327 Y200.155 E122.86677
G1 X98.14 Y201.823 E122.94493
G1 X98.008 Y202.308 E122.96833
G1 X97.515 Y203.715 E123.03775
G1 X97.242 Y204.216 E123.06432
G1 X96.486 Y205.419 E123.13048
G1 X96.291 Y205.664 E123.14506
G1 X95.065 Y206.89 E123.2258
G1 X94.111 Y207.518 E123.27898
G1 X93.432 Y207.943 E123.31628
G1 X92.83 Y208.191 E123.3466
G1 X91.527 Y208.647 E123.41088
G1 X90.472 Y208.791 E123.46046
G1 X89.55 Y208.896 E123.50367
G1 X89.278 Y208.892 E123.51633
G1 X87.61 Y208.704 E123.59449
G1 X87.304 Y208.634 E123.60911
G1 X85.718 Y208.079 E123.68735
G1 X85.436 Y207.944 E123.70191
G1 X84.015 Y207.052 E123.78004
G1 X83.768 Y206.855 E123.79475
G1 X82.578 Y205.664 E123.87314
G1 X82.383 Y205.419 E123.88772
G1 X81.489 Y203.996 E123.96598
G1 X81.194 Y203.255 E124.00311
G1 X80.782 Y202.073 E124.0614
G1 X80.648 Y201.085 E124.10783
G1 X80.539 Y200.12 E124.15305
G1 X80.535 Y199.983 E124.15943
M204 S3000
M205 X10 Y10
G0 F3000 X82.088 Y203.537
G0 X82.962 Y204.928
G0 X99.507 Y222.733
M204 S1800
M205 X8 Y8
G1 F1500 X99.501 Y222.342 E124.17764
G1 X99.588 Y221.805 E124.20297
G1 X99.778 Y221.251 E124.23024
G1 X100.105 Y220.73 E124.25888
G1 X100.544 Y220.276 E124.28829
G1 X100.907 Y220.007 E124.30933
G1 X101.392 Y219.772 E124.33442
G1 X101.917 Y219.624 E124.35982
G1 X102.252 Y219.585 E124.37553
G1 X102.813 Y219.606 E124.40167
G1 X103.344 Y219.719 E124.42695
G1 X103.928 Y219.988 E124.45689
G1 X104.493 Y220.423 E124.49009
G1 X104.746 Y220.702 E124.50763
G1 X105.067 Y221.224 E124.53616
G1 X105.228 Y221.613 E124.55576
G1 X105.363 Y222.303 E124.5885
G1 X105.329 Y223.013 E124.6216
G1 X105.242 Y223.389 E124.63957
G1 X104.992 Y223.952 E124.66826
G1 F1402.3 X104.546 Y224.617 E124.70814
G1 F1352.7 X104.124 Y224.95 E124.7359
G1 F1383.9 X103.685 Y225.202 E124.76144
G1 F1352.7 X103.322 Y225.356 E124.7818
G1 F1409.4 X102.707 Y225.437 E124.81255
G1 F1500 X102.288 Y225.449 E124.83206
G1 X101.591 Y225.33 E124.86499
G1 X100.938 Y225.043 E124.8982
G1 X100.386 Y224.621 E124.93056
G1 X99.938 Y224.064 E124.96384
G1 X99.753 Y223.721 E124.98199
G1 X99.572 Y223.151 E125.00984
G1 X99.507 Y222.733 E125.02953
M204 S3000
M205 X10 Y10
G0 F3000 X117.374 Y189.593
M204 S1800
M205 X8 Y8
G1 F1500 X117.078 Y189.3 E125.04893
G1 X116.895 Y188.967 E125.06662
G1 X116.658 Y188.431 E125.09391
G1 X115.405 Y185.806 E125.22935
G1 X113.687 Y183.039 E125.38101
G1 X111.677 Y180.475 E125.53271
G1 X109.399 Y178.152 E125.68421
G1 X106.878 Y176.092 E125.83581
G1 X105.316 Y175.079 E125.9225
G1 F1402.3 X104.895 Y174.85 E125.94637
G1 F1354.8 X104.373 Y174.491 E125.97903
G1 F1386.1 X103.932 Y174.24 E126.0046
G1 F1435.9 X103.138 Y173.814 E126.04843
G1 F1500 X101.237 Y172.859 E126.14749
G1 X98.171 Y171.721 E126.29977
G1 X95.025 Y170.936 E126.45075
G1 X91.802 Y170.497 E126.60221
G1 X88.548 Y170.417 E126.75378
G1 X85.304 Y170.693 E126.90538
G1 X82.121 Y171.321 E127.05645
G1 X79.002 Y172.302 E127.2087
G1 X77.278 Y173.061 E127.29641
G1 X76.544 Y173.387 E127.33381
G1 X76.02 Y173.617 E127.36046
G1 X73.207 Y175.25 E127.51191
G1 X70.592 Y177.177 E127.66317
G1 X68.192 Y179.39 E127.81518
G1 X66.058 Y181.847 E127.96671
G1 X65.422 Y182.764 E128.01868
G1 X64.533 Y184.051 E128.09151
G1 X64.205 Y184.524 E128.11832
G1 X62.659 Y187.389 E128.26991
G1 X61.428 Y190.419 E128.4222
G1 X60.55 Y193.539 E128.57312
G1 X60.162 Y195.877 E128.68347
G1 X60.015 Y196.752 E128.72479
G1 X59.983 Y197.37 E128.7536
G1 X59.94 Y198.141 E128.78956
G1 X59.912 Y198.673 E128.81437
G1 F1390.7 X59.931 Y199.107 E128.83619
G1 F1339.7 X59.874 Y199.769 E128.87083
G1 F1383.9 X59.86 Y200.002 E128.88261
G1 F1359.2 X59.912 Y200.704 E128.91878
G1 F1411.8 X59.914 Y201.378 E128.95213
G1 F1500 X60.017 Y203.249 E129.03938
G1 X60.551 Y206.461 E129.191
G1 X61.433 Y209.582 E129.34202
G1 X62.66 Y212.613 E129.49428
G1 X64.206 Y215.477 E129.64583
G1 X66.059 Y218.154 E129.79743
G1 X66.941 Y219.171 E129.86011
G1 X68.193 Y220.611 E129.94896
G1 X70.591 Y222.825 E130.10094
G1 X73.208 Y224.751 E130.25224
G1 X76.021 Y226.383 E130.40367
G1 X79.004 Y227.699 E130.55549
G1 X82.122 Y228.683 E130.70774
G1 X85.304 Y229.308 E130.85874
G1 X88.548 Y229.584 E131.01034
G1 X91.802 Y229.502 E131.1619
G1 X95.025 Y229.064 E131.31336
G1 X98.172 Y228.276 E131.46442
G1 X101.238 Y227.14 E131.61667
G1 X102.922 Y226.295 E131.7044
G1 F1409.4 X103.537 Y225.945 E131.73947
G1 F1348.3 X104.121 Y225.663 E131.77307
G1 F1365.9 X104.667 Y225.31 E131.80632
G1 F1428.6 X105.356 Y224.896 E131.84562
G1 F1500 X106.879 Y223.908 E131.93015
G1 X109.402 Y221.845 E132.0819
G1 X111.681 Y219.521 E132.23347
G1 X113.688 Y216.962 E132.3849
G1 X115.422 Y214.165 E132.53814
G1 X115.678 Y213.631 E132.56572
G1 X116.816 Y211.239 E132.68906
G1 X117.031 Y210.77 E132.71308
G1 X117.31 Y210.461 E132.73247
G1 X117.69 Y210.238 E132.75299
G1 X118.107 Y210.145 E132.77288
G1 X118.852 Y210.142 E132.80757
G1 X134.035 Y210.14 E133.51455
G1 X134.035 Y202.052 E133.89117
G1 X133.537 Y202.457 E133.92106
G1 X133.176 Y202.662 E133.94039
G1 X132.813 Y202.805 E133.95855
G1 X132.181 Y202.924 E133.9885
G1 X131.415 Y202.893 E134.0242
G1 X130.802 Y202.707 E134.05403
G1 X130.276 Y202.432 E134.08166
G1 X129.888 Y202.106 E134.10526
G1 X129.437 Y201.546 E134.13874
G1 X129.253 Y201.204 E134.15683
G1 X129.072 Y200.634 E134.18467
G1 X128.994 Y200.105 E134.20957
G1 X129.04 Y199.514 E134.23717
G1 X129.241 Y198.832 E134.27028
G1 X129.419 Y198.478 E134.28873
G1 X129.8 Y197.989 E134.3176
G1 X130.247 Y197.589 E134.34553
G1 X130.691 Y197.34 E134.36923
G1 X131.316 Y197.134 E134.39987
G1 X131.752 Y197.068 E134.42041
G1 X132.365 Y197.099 E134.44899
G1 X132.775 Y197.186 E134.4685
G1 X133.145 Y197.321 E134.48684
G1 X133.669 Y197.635 E134.51529
G1 X134.035 Y197.953 E134.53787
G1 X134.035 Y189.86 E134.91471
G1 X118.202 Y189.862 E135.65196
G1 X117.767 Y189.794 E135.67246
G1 X117.374 Y189.593 E135.69302
M204 S3000
M205 X10 Y10
G0 F3000 X101.187 Y179.292
G0 X100.599 Y178.663
G0 X99.603 Y176.725
M204 S1800
M205 X8 Y8
G1 F1500 X99.857 Y176.059 E135.72621
G1 X100.295 Y175.477 E135.76012
G1 X100.598 Y175.193 E135.77946
G1 X101.192 Y174.825 E135.812
G1 X101.865 Y174.603 E135.845
G1 X102.579 Y174.552 E135.87833
G1 F1448.3 X103.283 Y174.651 E135.91262
G1 F1388.4 X103.653 Y174.781 E135.93234
G1 F1377 X104.188 Y175.101 E135.96396
G1 F1341.9 X104.574 Y175.403 E135.98947
G1 F1400 X104.926 Y175.931 E136.02113
G1 F1500 X105.229 Y176.579 E136.05444
G1 X105.363 Y177.27 E136.08722
G1 X105.329 Y177.979 E136.12027
G1 X105.124 Y178.659 E136.15334
G1 X104.765 Y179.269 E136.1863
G1 X104.519 Y179.554 E136.20383
G1 X104.036 Y179.942 E136.23268
G1 X103.548 Y180.209 E136.25858
G1 X102.982 Y180.368 E136.28596
G1 X102.275 Y180.415 E136.31895
G1 X101.915 Y180.376 E136.33581
G1 X101.397 Y180.234 E136.36082
G1 X100.938 Y180.01 E136.3846
G1 X100.633 Y179.805 E136.40172
G1 X100.204 Y179.393 E136.42941
G1 X99.875 Y178.936 E136.45563
G1 X99.643 Y178.39 E136.48326
G1 X99.507 Y177.698 E136.5161
G1 X99.501 Y177.308 E136.53426
G1 X99.603 Y176.725 E136.56182
M204 S3000
M205 X10 Y10
G0 F3000 X83.06 Y194.917
G0 X82.274 Y196.168
G0 X80.027 Y200.389
M204 S1800
M205 X8 Y8
;TYPE:SKIN
G1 F1500 X80.001 Y199.868 E136.58611
G1 X80.098 Y198.955 E136.62886
G1 X80.252 Y197.824 E136.68201
G1 X80.548 Y196.953 E136.72484
G1 X80.967 Y195.831 E136.78061
G1 X81.375 Y195.17 E136.81678
G1 X81.932 Y194.283 E136.86555
G1 X82.116 Y194.04 E136.87975
G1 X83.4 Y192.749 E136.96453
G1 X83.623 Y192.562 E136.97808
G1 X85.166 Y191.589 E137.06302
G1 X85.417 Y191.459 E137.07619
G1 X87.139 Y190.852 E137.16121
G1 X87.412 Y190.778 E137.17438
G1 X89.24 Y190.57 E137.26005
G1 X89.568 Y190.563 E137.27532
G1 X90.699 Y190.69 E137.32832
G1 X91.582 Y190.808 E137.3698
G1 X92.518 Y191.128 E137.41586
G1 X93.361 Y191.424 E137.45746
G1 X93.828 Y191.666 E137.48195
G1 X94.638 Y192.174 E137.52647
G1 X95.412 Y192.695 E137.56992
G1 X96.078 Y193.359 E137.61371
G1 X96.865 Y194.176 E137.66653
G1 X97.706 Y195.505 E137.73977
G1 X97.975 Y195.979 E137.76515
G1 X98.31 Y196.919 E137.81161
G1 X98.659 Y197.995 E137.86428
G1 X98.77 Y198.949 E137.90901
G1 X98.874 Y200.084 E137.96208
G1 X98.771 Y201.049 E138.00727
G1 X98.617 Y202.186 E138.0607
G1 X98.299 Y203.106 E138.10602
G1 X97.888 Y204.192 E138.16009
G1 X97.284 Y205.166 E138.21346
G1 X96.77 Y205.937 E138.2566
G1 X96.078 Y206.64 E138.30254
G1 X95.238 Y207.444 E138.35668
G1 X93.711 Y208.407 E138.44074
G1 X93.144 Y208.655 E138.46956
G1 X92.372 Y208.924 E138.50763
G1 X91.461 Y209.219 E138.55221
G1 X90.836 Y209.294 E138.58153
G1 X89.62 Y209.414 E138.63842
G1 X89.323 Y209.437 E138.65229
G1 X87.837 Y209.274 E138.7219
G1 X87.274 Y209.191 E138.7484
G1 X87.239 Y209.181 E138.7501
G1 X85.903 Y208.715 E138.81598
G1 X85.292 Y208.483 E138.84642
G1 X85.258 Y208.465 E138.84821
G1 X84.105 Y207.746 E138.91148
G1 X83.451 Y207.301 E138.94831
G1 X82.588 Y206.439 E139.00511
G1 X82.035 Y205.863 E139.04229
G1 X82.01 Y205.829 E139.04426
G1 X81.371 Y204.822 E139.09979
G1 X80.893 Y204.018 E139.14334
G1 X80.556 Y203.065 E139.19041
G1 X80.282 Y202.282 E139.22904
G1 X80.205 Y201.969 E139.24405
G1 X80.027 Y200.389 E139.31809
M204 S3000
M205 X10 Y10
G0 F3000 X83.06 Y205.083
G0 X84.351 Y206.375
G0 X85.897 Y207.346
G0 X87.621 Y207.948
G0 X88.648 Y208.064
G0 X117.141 Y209.917
M204 S1800
M205 X8 Y8
G1 F1500 X117.605 Y209.694 E139.34206
G1 X118.205 Y209.606 E139.3703
G1 X133.495 Y209.6 E140.08226
G1 X133.495 Y203.102 E140.38484
G1 X132.976 Y203.32 E140.41105
G1 X132.553 Y203.419 E140.43128
G1 X131.804 Y203.472 E140.46624
G1 X131.28 Y203.417 E140.49077
G1 X130.918 Y203.323 E140.50819
G1 X130.205 Y203.015 E140.54436
G1 X129.765 Y202.717 E140.5691
G1 X129.274 Y202.233 E140.6012
G1 X128.827 Y201.569 E140.63848
G1 X128.584 Y200.926 E140.67048
G1 X128.473 Y200.304 E140.6999
G1 X128.455 Y199.864 E140.72041
G1 X128.536 Y199.261 E140.74874
G1 X128.729 Y198.662 E140.77804
G1 X128.955 Y198.204 E140.80183
G1 X129.404 Y197.622 E140.83605
G1 X129.912 Y197.167 E140.86781
G1 X130.426 Y196.868 E140.8955
G1 X131.157 Y196.616 E140.9315
G1 X131.716 Y196.53 E140.95784
G1 X132.124 Y196.532 E140.97684
G1 X132.876 Y196.655 E141.01232
G1 X133.353 Y196.824 E141.03588
G1 X133.495 Y196.899 E141.04336
G1 X133.495 Y190.402 E141.34589
G1 X118.184 Y190.402 E142.05883
G1 X117.91 Y190.378 E142.07164
G1 X117.416 Y190.238 E142.09555
G1 X116.987 Y189.974 E142.119
G1 X116.607 Y189.564 E142.14503
G1 X116.335 Y189.014 E142.1736
G1 X114.929 Y186.065 E142.32573
G1 X113.244 Y183.351 E142.47448
G1 X111.27 Y180.832 E142.6235
G1 X109.033 Y178.552 E142.77223
G1 X106.559 Y176.529 E142.92104
G1 X105.466 Y175.819 E142.98173
G1 X105.722 Y176.355 E143.00939
G1 X105.856 Y176.979 E143.03911
G1 X105.902 Y177.248 E143.05182
G1 X105.868 Y178.017 E143.08766
G1 X105.754 Y178.52 E143.11168
G1 X105.467 Y179.173 E143.14489
G1 X105.074 Y179.757 E143.17767
G1 X104.573 Y180.227 E143.20966
G1 X103.948 Y180.612 E143.24384
G1 X103.479 Y180.803 E143.26742
G1 X102.735 Y180.943 E143.30267
G1 X102.066 Y180.946 E143.33382
G1 X101.475 Y180.825 E143.36191
G1 X101.056 Y180.672 E143.38268
G1 X100.422 Y180.327 E143.41629
G1 X100.03 Y179.984 E143.44055
G1 X99.732 Y179.651 E143.46135
G1 X99.39 Y179.157 E143.48933
G1 X99.284 Y178.965 E143.49954
G1 X99.075 Y178.38 E143.52847
G1 X98.973 Y177.783 E143.55667
G1 X98.963 Y177.283 E143.57996
G1 X99.081 Y176.59 E143.61269
G1 X99.369 Y175.827 E143.65067
G1 X99.658 Y175.39 E143.67506
G1 X100.219 Y174.807 E143.71274
G1 X100.655 Y174.495 E143.7377
G1 X101.06 Y174.292 E143.7588
G1 X101.705 Y174.085 E143.79034
G1 X102.222 Y174.012 E143.81465
G1 X102.328 Y174.011 E143.81959
G1 X101.809 Y173.753 E143.84658
G1 X101.02 Y173.356 E143.8877
G1 X97.997 Y172.232 E144.03788
G1 X94.921 Y171.467 E144.18548
G1 X91.758 Y171.037 E144.33411
G1 X88.565 Y170.958 E144.48284
G1 X85.381 Y171.229 E144.63163
G1 X82.268 Y171.843 E144.77938
G1 X79.193 Y172.807 E144.92944
G1 X76.262 Y174.101 E145.07863
G1 X73.504 Y175.704 E145.22717
G1 X70.942 Y177.591 E145.37533
G1 X68.979 Y179.399 E145.4996
G1 X68.579 Y179.769 E145.52497
G1 X66.484 Y182.18 E145.6737
G1 X64.666 Y184.807 E145.82246
G1 X63.149 Y187.621 E145.97132
G1 X61.937 Y190.608 E146.12142
G1 X61.079 Y193.659 E146.269
G1 X60.554 Y196.814 E146.41793
G1 X60.517 Y197.483 E146.44913
G1 X60.486 Y198.15 E146.48022
G1 X60.9 Y197.626 E146.51131
G1 X61.303 Y197.247 E146.53707
G1 X61.921 Y196.871 E146.57076
G1 X62.712 Y196.602 E146.60966
G1 X63.344 Y196.529 E146.63929
G1 X63.937 Y196.565 E146.66695
G1 X64.69 Y196.751 E146.70307
G1 X65.308 Y197.07 E146.73545
G1 X65.834 Y197.486 E146.76668
G1 X66.176 Y197.86 E146.79028
G1 X66.446 Y198.297 E146.8142
G1 X66.568 Y198.505 E146.82542
G1 X66.804 Y199.11 E146.85566
G1 X66.904 Y199.77 E146.88675
G1 X66.885 Y200.34 E146.9133
G1 X66.79 Y200.929 E146.94108
G1 X66.599 Y201.435 E146.96627
G1 X66.225 Y202.07 E147.00058
G1 X65.901 Y202.452 E147.02391
G1 X65.391 Y202.863 E147.05441
G1 X64.752 Y203.225 E147.0886
G1 X64.108 Y203.41 E147.1198
G1 X63.35 Y203.47 E147.15521
G1 X62.821 Y203.424 E147.17993
G1 X62.1 Y203.206 E147.21501
G1 X61.366 Y202.799 E147.25409
G1 X60.996 Y202.478 E147.2769
G1 X60.507 Y201.875 E147.31305
G1 X60.481 Y201.832 E147.31539
G1 X60.552 Y203.148 E147.37676
G1 X61.078 Y206.341 E147.52744
G1 X61.941 Y209.392 E147.67508
G1 X63.15 Y212.381 E147.82522
G1 X64.667 Y215.194 E147.97403
G1 X66.485 Y217.821 E148.12279
G1 X68.58 Y220.233 E148.27156
G1 X70.939 Y222.412 E148.42109
G1 X73.506 Y224.297 E148.56939
G1 X76.263 Y225.898 E148.71784
G1 X79.196 Y227.194 E148.86715
G1 X82.269 Y228.164 E149.0172
G1 X85.38 Y228.772 E149.16481
G1 X88.566 Y229.043 E149.31369
G1 X91.321 Y228.974 E149.44202
G1 X92.188 Y228.904 E149.48252
G1 X94.92 Y228.532 E149.61091
G1 X97.998 Y227.762 E149.75865
G1 X100.981 Y226.659 E149.90674
G1 X102.304 Y225.999 E149.97559
G1 X101.775 Y225.933 E150.00041
G1 X101.412 Y225.838 E150.01788
G1 X100.711 Y225.535 E150.05344
G1 X100.043 Y225.039 E150.09218
G1 X99.51 Y224.394 E150.13115
G1 X99.263 Y223.943 E150.15509
G1 X99.047 Y223.277 E150.18769
G1 X98.953 Y222.478 E150.22515
G1 X99.006 Y221.962 E150.24931
G1 X99.198 Y221.268 E150.28284
G1 X99.405 Y220.796 E150.30684
G1 X99.719 Y220.343 E150.3325
G1 X100.169 Y219.889 E150.36227
G1 X100.602 Y219.562 E150.38753
G1 X101.19 Y219.273 E150.41804
G1 X101.727 Y219.113 E150.44413
G1 X102.22 Y219.045 E150.4673
G1 X102.756 Y219.053 E150.49227
G1 X103.383 Y219.172 E150.52198
G1 X103.864 Y219.346 E150.5458
G1 X104.486 Y219.715 E150.57948
G1 X104.992 Y220.153 E150.61064
G1 X105.465 Y220.809 E150.6483
G1 X105.725 Y221.398 E150.67828
G1 X105.862 Y221.917 E150.70327
G1 X105.901 Y222.281 E150.72032
G1 X105.866 Y223.068 E150.757
G1 X105.737 Y223.604 E150.78267
G1 X105.483 Y224.17 E150.81156
G1 X106.561 Y223.47 E150.87141
G1 X109.035 Y221.446 E151.02025
G1 X111.275 Y219.163 E151.16918
G1 X113.244 Y216.65 E151.31784
G1 X114.943 Y213.911 E151.46792
G1 X116.235 Y211.201 E151.60772
G1 X116.453 Y210.695 E151.63337
G1 X116.752 Y210.252 E151.65826
G1 X117.141 Y209.917 E151.68216
M204 S3000
M205 X10 Y10
G0 F3000 X132.868 Y190.681
M204 S1800
M205 X8 Y8
G1 F1500 X133.214 Y191.027 E151.70495
M204 S3000
M205 X10 Y10
G0 F3000 X133.214 Y191.819
M204 S1800
M205 X8 Y8
G1 F1500 X132.076 Y190.681 E151.77989
M204 S3000
M205 X10 Y10
G0 F3000 X131.284 Y190.681
M204 S1800
M205 X8 Y8
G1 F1500 X133.214 Y192.611 E151.90698
M204 S3000
M205 X10 Y10
G0 F3000 X133.214 Y193.403
M204 S1800
M205 X8 Y8
G1 F1500 X130.492 Y190.681 E152.08623
M204 S3000
M205 X10 Y10
G0 F3000 X129.7 Y190.681
M204 S1800
M205 X8 Y8
G1 F1500 X133.214 Y194.195 E152.31763
M204 S3000
M205 X10 Y10
G0 F3000 X133.214 Y194.987
M204 S1800
M205 X8 Y8
G1 F1500 X128.908 Y190.681 E152.60119
M204 S3000
M205 X10 Y10
G0 F3000 X128.116 Y190.681
M204 S1800
M205 X8 Y8
G1 F1500 X133.214 Y195.779 E152.9369
M204 S3000
M205 X10 Y10
G0 F3000 X133.07 Y196.427
M204 S1800
M205 X8 Y8
G1 F1500 X127.324 Y190.681 E153.31528
M204 S3000
M205 X10 Y10
G0 F3000 X126.532 Y190.681
M204 S1800
M205 X8 Y8
G1 F1500 X132.105 Y196.254 E153.68228
M204 S3000
M205 X10 Y10
G0 F3000 X131.359 Y196.3
M204 S1800
M205 X8 Y8
G1 F1500 X125.74 Y190.681 E154.0523
M204 S3000
M205 X10 Y10
G0 F3000 X124.948 Y190.681
M204 S1800
M205 X8 Y8
G1 F1500 X130.731 Y196.463 E154.43308
M204 S3000
M205 X10 Y10
G0 F3000 X130.171 Y196.696
M204 S1800
M205 X8 Y8
G1 F1500 X124.156 Y190.681 E154.82918
M204 S3000
M205 X10 Y10
G0 F3000 X123.364 Y190.681
M204 S1800
M205 X8 Y8
G1 F1500 X129.686 Y197.003 E155.2455
M204 S3000
M205 X10 Y10
G0 F3000 X129.259 Y197.367
M204 S1800
M205 X8 Y8
G1 F1500 X122.572 Y190.681 E155.68581
M204 S3000
M205 X10 Y10
G0 F3000 X121.78 Y190.681
M204 S1800
M205 X8 Y8
G1 F1500 X128.906 Y197.807 E156.15507
M204 S3000
M205 X10 Y10
G0 F3000 X128.602 Y198.294
M204 S1800
M205 X8 Y8
G1 F1500 X120.988 Y190.681 E156.65644
M204 S3000
M205 X10 Y10
G0 F3000 X120.196 Y190.681
M204 S1800
M205 X8 Y8
G1 F1500 X128.374 Y198.858 E157.19494
M204 S3000
M205 X10 Y10
G0 F3000 X128.225 Y199.501
M204 S1800
M205 X8 Y8
G1 F1500 X119.404 Y190.681 E157.77578
M204 S3000
M205 X10 Y10
G0 F3000 X118.612 Y190.681
M204 S1800
M205 X8 Y8
G1 F1500 X128.194 Y200.262 E158.40674
M204 S3000
M205 X10 Y10
G0 F3000 X128.416 Y201.276
M204 S1800
M205 X8 Y8
G1 F1500 X117.765 Y190.625 E159.10813
G1 X117.695 Y190.555
M204 S3000
M205 X10 Y10
G0 F3000 X115.91 Y188.77
M204 S1800
M205 X8 Y8
G1 F1500 X105.939 Y178.799 E159.76474
M204 S3000
M205 X10 Y10
G0 F3000 X105.688 Y179.34
M204 S1800
M205 X8 Y8
G1 F1500 X133.214 Y206.866 E161.57737
M204 S3000
M205 X10 Y10
G0 F3000 X133.214 Y207.658
M204 S1800
M205 X8 Y8
G1 F1500 X105.364 Y179.808 E163.41134
M204 S3000
M205 X10 Y10
G0 F3000 X104.985 Y180.221
M204 S1800
M205 X8 Y8
G1 F1500 X133.214 Y208.45 E165.27027
M204 S3000
M205 X10 Y10
G0 F3000 X133.214 Y209.242
M204 S1800
M205 X8 Y8
G1 F1500 X104.546 Y180.574 E167.1581
M204 S3000
M205 X10 Y10
G0 F3000 X104.049 Y180.869
M204 S1800
M205 X8 Y8
G1 F1500 X132.499 Y209.319 E169.03159
M204 S3000
M205 X10 Y10
G0 F3000 X131.707 Y209.319
M204 S1800
M205 X8 Y8
G1 F1500 X103.479 Y181.091 E170.89045
M204 S3000
M205 X10 Y10
G0 F3000 X102.807 Y181.211
M204 S1800
M205 X8 Y8
G1 F1500 X130.916 Y209.32 E172.74147
M204 S3000
M205 X10 Y10
G0 F3000 X130.124 Y209.32
M204 S1800
M205 X8 Y8
G1 F1500 X102.028 Y181.224 E174.59164
G1 X101.958 Y181.154
M204 S3000
M205 X10 Y10
G0 F3000 X100.933 Y180.921
M204 S1800
M205 X8 Y8
G1 F1500 X129.333 Y209.321 E176.46183
M204 S3000
M205 X10 Y10
G0 F3000 X128.542 Y209.321
M204 S1800
M205 X8 Y8
G1 F1500 X90.506 Y171.286 E178.96653
M204 S3000
M205 X10 Y10
G0 F3000 X91.318 Y171.306
M204 S1800
M205 X8 Y8
G1 F1500 X98.993 Y178.981 E179.47195
M204 S3000
M205 X10 Y10
G0 F3000 X98.717 Y177.913
M204 S1800
M205 X8 Y8
G1 F1500 X92.181 Y171.377 E179.90235
M204 S3000
M205 X10 Y10
G0 F3000 X93.097 Y171.501
M204 S1800
M205 X8 Y8
G1 F1500 X98.705 Y177.109 E180.27165
M204 S3000
M205 X10 Y10
G0 F3000 X98.833 Y176.445
M204 S1800
M205 X8 Y8
G1 F1500 X94.014 Y171.626 E180.58899
M204 S3000
M205 X10 Y10
G0 F3000 X94.939 Y171.759
M204 S1800
M205 X8 Y8
G1 F1500 X99.06 Y175.88 E180.86036
M204 S3000
M205 X10 Y10
G0 F3000 X99.34 Y175.368
M204 S1800
M205 X8 Y8
G1 F1500 X95.993 Y172.022 E181.08074
M204 S3000
M205 X10 Y10
G0 F3000 X97.048 Y172.284
M204 S1800
M205 X8 Y8
G1 F1500 X99.702 Y174.938 E181.25551
M204 S3000
M205 X10 Y10
G0 F3000 X100.103 Y174.547
M204 S1800
M205 X8 Y8
G1 F1500 X98.139 Y172.583 E181.38484
G1 X98.069 Y172.513
M204 S3000
M205 X10 Y10
G0 F3000 X99.4 Y173.052
M204 S1800
M205 X8 Y8
G1 F1500 X100.574 Y174.226 E181.46215
M204 S3000
M205 X10 Y10
G0 F3000 X101.119 Y173.979
M204 S1800
M205 X8 Y8
G1 F1500 X100.66 Y173.52 E181.49237
M204 S3000
M205 X10 Y10
G0 F3000 X106.051 Y176.536
M204 S1800
M205 X8 Y8
G1 F1500 X112.968 Y183.452 E181.94784
G1 X113.038 Y183.522
M204 S3000
M205 X10 Y10
G0 F3000 X114.289 Y185.566
M204 S1800
M205 X8 Y8
G1 F1500 X106.171 Y177.447 E182.48246
M204 S3000
M205 X10 Y10
G0 F3000 X106.119 Y178.187
M204 S1800
M205 X8 Y8
G1 F1500 X115.186 Y187.255 E183.07957
G1 X115.256 Y187.325
M204 S3000
M205 X10 Y10
G0 F3000 X97.941 Y195.352
M204 S1800
M205 X8 Y8
G1 F1500 X115.235 Y212.646 E184.2184
M204 S3000
M205 X10 Y10
G0 F3000 X115.491 Y212.11
M204 S1800
M205 X8 Y8
G1 F1500 X77.32 Y173.939 E186.73203
M204 S3000
M205 X10 Y10
G0 F3000 X77.869 Y173.696
M204 S1800
M205 X8 Y8
G1 F1500 X115.747 Y211.574 E189.22636
M204 S3000
M205 X10 Y10
G0 F3000 X116 Y211.035
M204 S1800
M205 X8 Y8
G1 F1500 X78.419 Y173.454 E191.70113
M204 S3000
M205 X10 Y10
G0 F3000 X78.968 Y173.212
M204 S1800
M205 X8 Y8
G1 F1500 X116.249 Y210.492 E194.15612
M204 S3000
M205 X10 Y10
G0 F3000 X116.583 Y210.034
M204 S1800
M205 X8 Y8
G1 F1500 X79.54 Y172.991 E196.59546
M204 S3000
M205 X10 Y10
G0 F3000 X80.142 Y172.802
M204 S1800
M205 X8 Y8
G1 F1500 X117.014 Y209.673 E199.02351
M204 S3000
M205 X10 Y10
G0 F3000 X117.552 Y209.419
M204 S1800
M205 X8 Y8
G1 F1500 X80.745 Y172.613 E201.44729
M204 S3000
M205 X10 Y10
G0 F3000 X81.349 Y172.424
M204 S1800
M205 X8 Y8
G1 F1500 X118.253 Y209.328 E203.87748
M204 S3000
M205 X10 Y10
G0 F3000 X119.044 Y209.328
M204 S1800
M205 X8 Y8
G1 F1500 X81.951 Y172.234 E206.32015
M204 S3000
M205 X10 Y10
G0 F3000 X82.575 Y172.067
M204 S1800
M205 X8 Y8
G1 F1500 X119.836 Y209.327 E208.77382
M204 S3000
M205 X10 Y10
G0 F3000 X120.627 Y209.326
M204 S1800
M205 X8 Y8
G1 F1500 X83.237 Y171.936 E211.23601
M204 S3000
M205 X10 Y10
G0 F3000 X83.898 Y171.806
M204 S1800
M205 X8 Y8
G1 F1500 X121.418 Y209.326 E213.70677
M204 S3000
M205 X10 Y10
G0 F3000 X122.21 Y209.326
M204 S1800
M205 X8 Y8
G1 F1500 X84.56 Y171.675 E216.18612
M204 S3000
M205 X10 Y10
G0 F3000 X85.221 Y171.545
M204 S1800
M205 X8 Y8
G1 F1500 X123.001 Y209.325 E218.67399
M204 S3000
M205 X10 Y10
G0 F3000 X123.793 Y209.324
M204 S1800
M205 X8 Y8
G1 F1500 X85.931 Y171.462 E221.16727
M204 S3000
M205 X10 Y10
G0 F3000 X86.66 Y171.4
M204 S1800
M205 X8 Y8
G1 F1500 X124.584 Y209.324 E223.66463
M204 S3000
M205 X10 Y10
G0 F3000 X125.376 Y209.324
M204 S1800
M205 X8 Y8
G1 F1500 X87.39 Y171.338 E226.16607
M204 S3000
M205 X10 Y10
G0 F3000 X88.12 Y171.276
M204 S1800
M205 X8 Y8
G1 F1500 X126.167 Y209.323 E228.67153
M204 S3000
M205 X10 Y10
G0 F3000 X126.958 Y209.322
M204 S1800
M205 X8 Y8
G1 F1500 X88.881 Y171.244 E231.179
M204 S3000
M205 X10 Y10
G0 F3000 X89.693 Y171.265
M204 S1800
M205 X8 Y8
G1 F1500 X127.75 Y209.322 E233.68512
G1 X127.82 Y209.392
M204 S3000
M205 X10 Y10
G0 F3000 X133.214 Y206.074
M204 S1800
M205 X8 Y8
G1 F1500 X130.648 Y203.508 E233.8541
M204 S3000
M205 X10 Y10
G0 F3000 X131.668 Y203.736
M204 S1800
M205 X8 Y8
G1 F1500 X133.214 Y205.282 E233.9559
M204 S3000
M205 X10 Y10
G0 F3000 X133.214 Y204.491
M204 S1800
M205 X8 Y8
G1 F1500 X132.431 Y203.707 E234.0075
M204 S3000
M205 X10 Y10
G0 F3000 X133.09 Y203.574
M204 S1800
M205 X8 Y8
G1 F1500 X133.214 Y203.699 E234.0157
M204 S3000
M205 X10 Y10
G0 F3000 X117.757 Y210.901
G0 X114.98 Y213.183
M204 S1800
M205 X8 Y8
G1 F1500 X98.545 Y196.748 E235.09797
G1 X98.475 Y196.678
M204 S3000
M205 X10 Y10
G0 F3000 X98.93 Y197.925
M204 S1800
M205 X8 Y8
G1 F1500 X114.724 Y213.719 E236.13803
M204 S3000
M205 X10 Y10
G0 F3000 X114.426 Y214.213
M204 S1800
M205 X8 Y8
G1 F1500 X99.036 Y198.823 E237.15149
M204 S3000
M205 X10 Y10
G0 F3000 X99.118 Y199.697
M204 S1800
M205 X8 Y8
G1 F1500 X114.123 Y214.702 E238.13959
M204 S3000
M205 X10 Y10
G0 F3000 X113.82 Y215.19
M204 S1800
M205 X8 Y8
G1 F1500 X99.111 Y200.482 E239.10817
M204 S3000
M205 X10 Y10
G0 F3000 X99.032 Y201.195
M204 S1800
M205 X8 Y8
G1 F1500 X113.516 Y215.679 E240.06197
M204 S3000
M205 X10 Y10
G0 F3000 X113.213 Y216.168
M204 S1800
M205 X8 Y8
G1 F1500 X98.937 Y201.892 E241.00207
M204 S3000
M205 X10 Y10
G0 F3000 X98.79 Y202.537
M204 S1800
M205 X8 Y8
G1 F1500 X112.894 Y216.641 E241.93084
M204 S3000
M205 X10 Y10
G0 F3000 X112.546 Y217.085
M204 S1800
M205 X8 Y8
G1 F1500 X98.588 Y203.127 E242.85
M204 S3000
M205 X10 Y10
G0 F3000 X98.371 Y203.701
M204 S1800
M205 X8 Y8
G1 F1500 X112.198 Y217.529 E243.76056
M204 S3000
M205 X10 Y10
G0 F3000 X111.85 Y217.973
M204 S1800
M205 X8 Y8
G1 F1500 X98.152 Y204.275 E244.6626
M204 S3000
M205 X10 Y10
G0 F3000 X97.857 Y204.771
M204 S1800
M205 X8 Y8
G1 F1500 X111.502 Y218.417 E245.56118
M204 S3000
M205 X10 Y10
G0 F3000 X111.155 Y218.861
M204 S1800
M205 X8 Y8
G1 F1500 X97.553 Y205.259 E246.4569
M204 S3000
M205 X10 Y10
G0 F3000 X97.24 Y205.739
M204 S1800
M205 X8 Y8
G1 F1500 X110.774 Y219.273 E247.34813
M204 S3000
M205 X10 Y10
G0 F3000 X110.382 Y219.672
M204 S1800
M205 X8 Y8
G1 F1500 X96.908 Y206.198 E248.23542
M204 S3000
M205 X10 Y10
G0 F3000 X96.513 Y206.596
M204 S1800
M205 X8 Y8
G1 F1500 X109.99 Y220.072 E249.12287
M204 S3000
M205 X10 Y10
G0 F3000 X109.598 Y220.472
M204 S1800
M205 X8 Y8
G1 F1500 X96.115 Y206.989 E250.01075
M204 S3000
M205 X10 Y10
G0 F3000 X95.71 Y207.376
M204 S1800
M205 X8 Y8
G1 F1500 X109.205 Y220.871 E250.89942
M204 S3000
M205 X10 Y10
G0 F3000 X108.809 Y221.267
M204 S1800
M205 X8 Y8
G1 F1500 X95.284 Y207.743 E251.79003
M204 S3000
M205 X10 Y10
G0 F3000 X94.799 Y208.049
M204 S1800
M205 X8 Y8
G1 F1500 X108.373 Y221.623 E252.6839
M204 S3000
M205 X10 Y10
G0 F3000 X107.937 Y221.979
M204 S1800
M205 X8 Y8
G1 F1500 X94.314 Y208.356 E253.581
M204 S3000
M205 X10 Y10
G0 F3000 X93.825 Y208.659
M204 S1800
M205 X8 Y8
G1 F1500 X104.68 Y219.514 E254.29582
M204 S3000
M205 X10 Y10
G0 F3000 X105.401 Y220.235
M204 S1800
M205 X8 Y8
G1 F1500 X107.502 Y222.336 E254.43417
M204 S3000
M205 X10 Y10
G0 F3000 X107.065 Y222.691
M204 S1800
M205 X8 Y8
G1 F1500 X106.103 Y221.729 E254.49752
M204 S3000
M205 X10 Y10
G0 F3000 X106.167 Y222.585
M204 S1800
M205 X8 Y8
G1 F1500 X106.63 Y223.048 E254.52801
M204 S3000
M205 X10 Y10
G0 F3000 X106.174 Y223.384
M204 S1800
M205 X8 Y8
G1 F1500 X106.095 Y223.305 E254.53321
M204 S3000
M205 X10 Y10
G0 F3000 X103.235 Y218.861
M204 S1800
M205 X8 Y8
G1 F1500 X93.276 Y208.902 E255.18903
M204 S3000
M205 X10 Y10
G0 F3000 X92.69 Y209.108
M204 S1800
M205 X8 Y8
G1 F1500 X102.35 Y218.768 E255.82516
M204 S3000
M205 X10 Y10
G0 F3000 X101.635 Y218.846
M204 S1800
M205 X8 Y8
G1 F1500 X92.097 Y209.307 E256.45328
M204 S3000
M205 X10 Y10
G0 F3000 X91.493 Y209.495
M204 S1800
M205 X8 Y8
G1 F1500 X101.035 Y219.037 E257.08164
M204 S3000
M205 X10 Y10
G0 F3000 X100.498 Y219.292
M204 S1800
M205 X8 Y8
G1 F1500 X90.786 Y209.58 E257.72119
M204 S3000
M205 X10 Y10
G0 F3000 X90.065 Y209.651
M204 S1800
M205 X8 Y8
G1 F1500 X100.043 Y219.629 E258.37826
M204 S3000
M205 X10 Y10
G0 F3000 X99.641 Y220.019
M204 S1800
M205 X8 Y8
G1 F1500 X89.338 Y209.716 E259.05673
M204 S3000
M205 X10 Y10
G0 F3000 X88.452 Y209.622
M204 S1800
M205 X8 Y8
G1 F1500 X99.296 Y220.465 E259.77079
M204 S3000
M205 X10 Y10
G0 F3000 X99.018 Y220.98
M204 S1800
M205 X8 Y8
G1 F1500 X87.551 Y209.513 E260.52592
G1 X87.481 Y209.443
M204 S3000
M205 X10 Y10
G0 F3000 X86.444 Y209.198
M204 S1800
M205 X8 Y8
G1 F1500 X98.812 Y221.566 E261.34037
M204 S3000
M205 X10 Y10
G0 F3000 X98.693 Y222.238
M204 S1800
M205 X8 Y8
G1 F1500 X85.196 Y208.742 E262.22914
G1 X85.126 Y208.672
M204 S3000
M205 X10 Y10
G0 F3000 X80.711 Y204.257
M204 S1800
M205 X8 Y8
G1 F1500 X63.679 Y187.224 E263.35076
M204 S3000
M205 X10 Y10
G0 F3000 X63.956 Y186.71
M204 S1800
M205 X8 Y8
G1 F1500 X80.238 Y202.992 E264.42295
G1 X80.308 Y203.062
M204 S3000
M205 X10 Y10
G0 F3000 X79.918 Y201.88
M204 S1800
M205 X8 Y8
G1 F1500 X64.234 Y186.196 E265.45577
M204 S3000
M205 X10 Y10
G0 F3000 X64.511 Y185.681
M204 S1800
M205 X8 Y8
G1 F1500 X79.813 Y200.983 E266.46343
M204 S3000
M205 X10 Y10
G0 F3000 X79.734 Y200.111
M204 S1800
M205 X8 Y8
G1 F1500 X64.788 Y185.166 E267.44762
M204 S3000
M205 X10 Y10
G0 F3000 X65.093 Y184.679
M204 S1800
M205 X8 Y8
G1 F1500 X79.772 Y199.358 E268.41426
M204 S3000
M205 X10 Y10
G0 F3000 X79.854 Y198.648
M204 S1800
M205 X8 Y8
G1 F1500 X65.417 Y184.211 E269.36496
M204 S3000
M205 X10 Y10
G0 F3000 X65.741 Y183.743
M204 S1800
M205 X8 Y8
G1 F1500 X79.954 Y197.956 E270.30091
M204 S3000
M205 X10 Y10
G0 F3000 X80.121 Y197.331
M204 S1800
M205 X8 Y8
G1 F1500 X66.064 Y183.275 E271.22655
M204 S3000
M205 X10 Y10
G0 F3000 X66.388 Y182.806
M204 S1800
M205 X8 Y8
G1 F1500 X80.327 Y196.745 E272.14446
M204 S3000
M205 X10 Y10
G0 F3000 X80.543 Y196.169
M204 S1800
M205 X8 Y8
G1 F1500 X66.714 Y182.34 E273.05512
M204 S3000
M205 X10 Y10
G0 F3000 X67.081 Y181.915
M204 S1800
M205 X8 Y8
G1 F1500 X80.773 Y195.607 E273.95677
M204 S3000
M205 X10 Y10
G0 F3000 X81.078 Y195.12
M204 S1800
M205 X8 Y8
G1 F1500 X67.45 Y181.492 E274.85419
M204 S3000
M205 X10 Y10
G0 F3000 X67.818 Y181.068
M204 S1800
M205 X8 Y8
G1 F1500 X81.383 Y194.633 E275.74747
M204 S3000
M205 X10 Y10
G0 F3000 X81.687 Y194.146
M204 S1800
M205 X8 Y8
G1 F1500 X68.187 Y180.645 E276.6365
M204 S3000
M205 X10 Y10
G0 F3000 X68.554 Y180.221
M204 S1800
M205 X8 Y8
G1 F1500 X82.047 Y193.714 E277.52504
M204 S3000
M205 X10 Y10
G0 F3000 X82.442 Y193.316
M204 S1800
M205 X8 Y8
G1 F1500 X68.94 Y179.815 E278.41414
M204 S3000
M205 X10 Y10
G0 F3000 X69.353 Y179.435
M204 S1800
M205 X8 Y8
G1 F1500 X82.836 Y192.918 E279.30201
M204 S3000
M205 X10 Y10
G0 F3000 X83.233 Y192.523
M204 S1800
M205 X8 Y8
G1 F1500 X69.765 Y179.055 E280.18891
M204 S3000
M205 X10 Y10
G0 F3000 X70.177 Y178.675
M204 S1800
M205 X8 Y8
G1 F1500 X83.692 Y192.19 E281.07889
M204 S3000
M205 X10 Y10
G0 F3000 X84.176 Y191.883
M204 S1800
M205 X8 Y8
G1 F1500 X70.589 Y178.295 E281.97365
M204 S3000
M205 X10 Y10
G0 F3000 X71.001 Y177.915
M204 S1800
M205 X8 Y8
G1 F1500 X84.661 Y191.575 E282.87319
M204 S3000
M205 X10 Y10
G0 F3000 X85.155 Y191.278
M204 S1800
M205 X8 Y8
G1 F1500 X71.444 Y177.567 E283.77608
M204 S3000
M205 X10 Y10
G0 F3000 X71.9 Y177.231
M204 S1800
M205 X8 Y8
G1 F1500 X85.723 Y191.054 E284.68635
M204 S3000
M205 X10 Y10
G0 F3000 X86.308 Y190.847
M204 S1800
M205 X8 Y8
G1 F1500 X72.356 Y176.895 E285.60511
M204 S3000
M205 X10 Y10
G0 F3000 X72.813 Y176.56
M204 S1800
M205 X8 Y8
G1 F1500 X86.893 Y190.64 E286.5323
M204 S3000
M205 X10 Y10
G0 F3000 X87.528 Y190.483
M204 S1800
M205 X8 Y8
G1 F1500 X73.269 Y176.224 E287.47128
M204 S3000
M205 X10 Y10
G0 F3000 X73.732 Y175.894
M204 S1800
M205 X8 Y8
G1 F1500 X88.238 Y190.401 E288.42656
M204 S3000
M205 X10 Y10
G0 F3000 X88.948 Y190.319
M204 S1800
M205 X8 Y8
G1 F1500 X74.232 Y175.603 E289.39563
M204 S3000
M205 X10 Y10
G0 F3000 X74.734 Y175.312
M204 S1800
M205 X8 Y8
G1 F1500 X89.721 Y190.3 E290.38259
M204 S3000
M205 X10 Y10
G0 F3000 X90.61 Y190.397
M204 S1800
M205 X8 Y8
G1 F1500 X75.234 Y175.021 E291.39512
M204 S3000
M205 X10 Y10
G0 F3000 X75.735 Y174.73
M204 S1800
M205 X8 Y8
G1 F1500 X91.523 Y190.518 E292.43479
G1 X91.593 Y190.588
M204 S3000
M205 X10 Y10
G0 F3000 X92.69 Y190.893
M204 S1800
M205 X8 Y8
G1 F1500 X76.236 Y174.439 E293.51831
M204 S3000
M205 X10 Y10
G0 F3000 X76.77 Y174.181
M204 S1800
M205 X8 Y8
G1 F1500 X94.092 Y191.503 E294.659
G1 X94.162 Y191.573
M204 S3000
M205 X10 Y10
G0 F3000 X89.435 Y191.846
G0 X87.621 Y192.052
G0 X67.127 Y199.385
M204 S1800
M205 X8 Y8
G1 F1500 X95.771 Y228.029 E296.54525
M204 S3000
M205 X10 Y10
G0 F3000 X95.138 Y228.187
M204 S1800
M205 X8 Y8
G1 F1500 X67.167 Y200.216 E298.38719
M204 S3000
M205 X10 Y10
G0 F3000 X67.066 Y200.908
M204 S1800
M205 X8 Y8
G1 F1500 X94.468 Y228.309 E300.19163
M204 S3000
M205 X10 Y10
G0 F3000 X93.771 Y228.404
M204 S1800
M205 X8 Y8
G1 F1500 X66.866 Y201.499 E301.96337
M204 S3000
M205 X10 Y10
G0 F3000 X66.585 Y202.01
M204 S1800
M205 X8 Y8
G1 F1500 X93.074 Y228.499 E303.70771
M204 S3000
M205 X10 Y10
G0 F3000 X92.377 Y228.594
M204 S1800
M205 X8 Y8
G1 F1500 X66.25 Y202.467 E305.42822
M204 S3000
M205 X10 Y10
G0 F3000 X65.846 Y202.855
M204 S1800
M205 X8 Y8
G1 F1500 X91.674 Y228.683 E307.12904
M204 S3000
M205 X10 Y10
G0 F3000 X90.902 Y228.703
M204 S1800
M205 X8 Y8
G1 F1500 X65.395 Y203.196 E308.80872
M204 S3000
M205 X10 Y10
G0 F3000 X64.872 Y203.465
M204 S1800
M205 X8 Y8
G1 F1500 X90.129 Y228.722 E310.47193
M204 S3000
M205 X10 Y10
G0 F3000 X89.357 Y228.741
M204 S1800
M205 X8 Y8
G1 F1500 X64.263 Y203.648 E312.12438
M204 S3000
M205 X10 Y10
G0 F3000 X63.553 Y203.73
M204 S1800
M205 X8 Y8
G1 F1500 X88.584 Y228.761 E313.77272
M204 S3000
M205 X10 Y10
G0 F3000 X87.72 Y228.689
M204 S1800
M205 X8 Y8
G1 F1500 X62.714 Y203.683 E315.4194
G1 X62.644 Y203.613
M204 S3000
M205 X10 Y10
G0 F3000 X61.351 Y203.112
M204 S1800
M205 X8 Y8
G1 F1500 X86.854 Y228.615 E317.09882
M204 S3000
M205 X10 Y10
G0 F3000 X85.989 Y228.541
M204 S1800
M205 X8 Y8
G1 F1500 X60.884 Y203.436 E318.75203
M204 S3000
M205 X10 Y10
G0 F3000 X61.04 Y204.384
M204 S1800
M205 X8 Y8
G1 F1500 X85.083 Y228.428 E320.33533
M204 S3000
M205 X10 Y10
G0 F3000 X84.098 Y228.234
M204 S1800
M205 X8 Y8
G1 F1500 X61.195 Y205.332 E321.8435
M204 S3000
M205 X10 Y10
G0 F3000 X61.352 Y206.28
M204 S1800
M205 X8 Y8
G1 F1500 X83.114 Y228.042 E323.27657
M204 S3000
M205 X10 Y10
G0 F3000 X82.093 Y227.814
M204 S1800
M205 X8 Y8
G1 F1500 X61.664 Y207.385 E324.62185
G1 X61.594 Y207.315
M204 S3000
M205 X10 Y10
G0 F3000 X61.976 Y208.489
M204 S1800
M205 X8 Y8
G1 F1500 X80.936 Y227.449 E325.8704
G1 X81.006 Y227.519
M204 S3000
M205 X10 Y10
G0 F3000 X79.78 Y227.084
M204 S1800
M205 X8 Y8
G1 F1500 X62.349 Y209.653 E327.01826
G1 X62.279 Y209.583
M204 S3000
M205 X10 Y10
G0 F3000 X62.887 Y210.983
M204 S1800
M205 X8 Y8
G1 F1500 X78.47 Y226.566 E328.04443
G1 X78.54 Y226.636
M204 S3000
M205 X10 Y10
G0 F3000 X77.051 Y225.939
M204 S1800
M205 X8 Y8
G1 F1500 X63.44 Y212.328 E328.94074
G1 X63.37 Y212.258
M204 S3000
M205 X10 Y10
G0 F3000 X64.367 Y214.047
M204 S1800
M205 X8 Y8
G1 F1500 X75.381 Y225.061 E329.66603
G1 X75.451 Y225.131
M204 S3000
M205 X10 Y10
G0 F3000 X73.393 Y223.865
M204 S1800
M205 X8 Y8
G1 F1500 X65.652 Y216.124 E330.17578
G1 X65.582 Y216.054
M204 S3000
M205 X10 Y10
G0 F3000 X66.67 Y198.135
M204 S1800
M205 X8 Y8
G1 F1500 X96.405 Y227.87 E332.13389
M204 S3000
M205 X10 Y10
G0 F3000 X97.039 Y227.712
M204 S1800
M205 X8 Y8
G1 F1500 X61.724 Y192.397 E334.45944
M204 S3000
M205 X10 Y10
G0 F3000 X61.55 Y193.015
M204 S1800
M205 X8 Y8
G1 F1500 X65.278 Y196.743 E334.70493
G1 X65.348 Y196.813
M204 S3000
M205 X10 Y10
G0 F3000 X64.042 Y196.299
M204 S1800
M205 X8 Y8
G1 F1500 X61.376 Y193.633 E334.88049
M204 S3000
M205 X10 Y10
G0 F3000 X61.255 Y194.304
M204 S1800
M205 X8 Y8
G1 F1500 X63.216 Y196.265 E335.00963
M204 S3000
M205 X10 Y10
G0 F3000 X62.533 Y196.374
M204 S1800
M205 X8 Y8
G1 F1500 X61.142 Y194.983 E335.10123
M204 S3000
M205 X10 Y10
G0 F3000 X61.028 Y195.662
M204 S1800
M205 X8 Y8
G1 F1500 X61.931 Y196.565 E335.16069
M204 S3000
M205 X10 Y10
G0 F3000 X61.421 Y196.846
M204 S1800
M205 X8 Y8
G1 F1500 X60.915 Y196.34 E335.19401
M204 S3000
M205 X10 Y10
G0 F3000 X60.827 Y197.044
M204 S1800
M205 X8 Y8
G1 F1500 X60.965 Y197.182 E335.2031
M204 S3000
M205 X10 Y10
G0 F3000 X61.898 Y191.779
M204 S1800
M205 X8 Y8
G1 F1500 X97.671 Y227.553 E337.55885
M204 S3000
M205 X10 Y10
G0 F3000 X98.271 Y227.36
M204 S1800
M205 X8 Y8
G1 F1500 X62.071 Y191.161 E339.94265
M204 S3000
M205 X10 Y10
G0 F3000 X62.259 Y190.556
M204 S1800
M205 X8 Y8
G1 F1500 X98.849 Y227.147 E342.35219
M204 S3000
M205 X10 Y10
G0 F3000 X99.427 Y226.933
M204 S1800
M205 X8 Y8
G1 F1500 X62.487 Y189.993 E344.78476
M204 S3000
M205 X10 Y10
G0 F3000 X62.716 Y189.429
M204 S1800
M205 X8 Y8
G1 F1500 X100.006 Y226.719 E347.24037
M204 S3000
M205 X10 Y10
G0 F3000 X100.584 Y226.506
M204 S1800
M205 X8 Y8
G1 F1500 X62.945 Y188.866 E349.71899
M204 S3000
M205 X10 Y10
G0 F3000 X63.173 Y188.303
M204 S1800
M205 X8 Y8
G1 F1500 X99.108 Y224.238 E352.08537
G1 X99.178 Y224.308
M204 S3000
M205 X10 Y10
G0 F3000 X98.741 Y223.079
M204 S1800
M205 X8 Y8
G1 F1500 X63.402 Y187.739 E354.41254
G1 X63.332 Y187.669
M204 S3000
M205 X10 Y10
G0 F3000 X100.685 Y225.815
M204 S1800
M205 X8 Y8
G1 F1500 X101.136 Y226.265 E354.4422
M204 S3000
M205 X10 Y10
;MESH:NONMESH
G0 F600 X101.136 Y226.265 Z0.4
G0 F3000 X100.29 Y222.959
G0 X100.186 Y177.571
G0 X100.609 Y177.52
;TIME_ELAPSED:305.220340
;LAYER:1
M204 S1800
M205 X8 Y8
;TYPE:WALL-OUTER
;MESH:14_4_2.stl
G1 F2250 X100.641 Y177.184 E354.45343
G1 X100.801 Y176.665 E354.47149
G1 X100.994 Y176.376 E354.48305
G1 X101.366 Y176.002 E354.5006
G1 X101.673 Y175.836 E354.51221
G1 X102.176 Y175.675 E354.52977
G1 X102.525 Y175.669 E354.54138
G1 X103.072 Y175.768 E354.55987
G1 X103.361 Y175.921 E354.57075
G1 X103.792 Y176.257 E354.58892
G1 X103.979 Y176.526 E354.59982
G1 X104.2 Y177.011 E354.61755
G1 X104.246 Y177.354 E354.62906
G1 X104.218 Y177.883 E354.64668
G1 X104.084 Y178.236 E354.65923
G1 X103.825 Y178.667 E354.67596
G1 X103.568 Y178.904 E354.68759
G1 X103.097 Y179.19 E354.70591
G1 X102.767 Y179.268 E354.71719
G1 X102.232 Y179.301 E354.73502
G1 X101.904 Y179.219 E354.74626
G1 X101.426 Y179.007 E354.76366
G1 X101.162 Y178.78 E354.77524
G1 X100.823 Y178.351 E354.79342
G1 X100.706 Y178.046 E354.80429
G1 X100.609 Y177.52 E354.82208
M204 S3000
M205 X10 Y10
G0 F4500 X100.627 Y177.321
G0 X100.119 Y177.258
G0 X83.06 Y194.917
G0 X82.088 Y196.463
G0 X81.548 Y198.014
G0 X81.229 Y200.081
G0 X81.736 Y200.024
M204 S1800
M205 X8 Y8
G1 F2250 X81.851 Y198.95 E354.858
G1 X81.925 Y198.294 E354.87996
G1 X82.488 Y196.677 E354.93691
G1 X82.841 Y196.107 E354.95921
G1 X83.409 Y195.204 E354.99469
G1 X83.805 Y194.805 E355.01339
G1 X84.629 Y193.982 E355.05212
G1 X85.02 Y193.734 E355.06752
G1 X86.088 Y193.065 E355.10944
G1 X87.7 Y192.499 E355.16626
G1 X88.066 Y192.453 E355.17853
G1 X89.437 Y192.299 E355.22442
G1 X91.126 Y192.489 E355.28095
G1 X92.046 Y192.806 E355.31331
G1 X92.778 Y193.063 E355.33912
G1 X94.229 Y193.973 E355.39608
G1 X94.847 Y194.588 E355.42508
G1 X95.454 Y195.197 E355.45368
G1 X95.938 Y195.965 E355.48387
G1 X96.372 Y196.657 E355.51104
G1 X96.944 Y198.289 E355.56856
G1 X97.135 Y199.987 E355.62539
G1 X97.041 Y200.854 E355.6544
G1 X96.944 Y201.71 E355.68305
G1 X96.452 Y203.121 E355.73275
G1 X96.275 Y203.5 E355.74666
G1 X95.461 Y204.794 E355.79751
G1 X94.848 Y205.411 E355.82644
G1 X94.236 Y206.021 E355.85518
G1 X93.25 Y206.642 E355.89393
G1 X92.775 Y206.938 E355.91255
G1 X91.151 Y207.507 E355.96978
G1 X89.44 Y207.7 E356.02705
G1 X89.412 Y207.699 E356.02798
G1 X87.728 Y207.509 E356.08435
G1 X87.7 Y207.501 E356.08532
G1 X86.1 Y206.941 E356.1417
G1 X86.074 Y206.927 E356.14268
G1 X84.64 Y206.027 E356.19899
G1 X84.617 Y206.007 E356.2
G1 X83.409 Y204.796 E356.2569
G1 X82.501 Y203.35 E356.31368
G1 X82.19 Y202.467 E356.34482
G1 X81.926 Y201.708 E356.37155
G1 X81.736 Y200.024 E356.42792
M204 S3000
M205 X10 Y10
G0 F4500 X81.757 Y199.826
G0 X81.247 Y199.768
G0 X63.531 Y202.267
G0 X62.467 Y202.053
G0 X61.625 Y201.367
G0 X61.103 Y200.096
G0 X61.609 Y200.037
M204 S1800
M205 X8 Y8
G1 F2250 X61.641 Y199.701 E356.43914
G1 X61.801 Y199.182 E356.45721
G1 X61.995 Y198.891 E356.46884
G1 X62.378 Y198.507 E356.48688
G1 X62.671 Y198.352 E356.4979
G1 X63.176 Y198.191 E356.51553
G1 X63.525 Y198.186 E356.52714
G1 X64.07 Y198.283 E356.54555
G1 X64.36 Y198.438 E356.55649
G1 X64.795 Y198.777 E356.57483
G1 X64.987 Y199.063 E356.58629
G1 X65.207 Y199.542 E356.60382
G1 X65.246 Y199.871 E356.61484
G1 X65.216 Y200.422 E356.63319
G1 X65.106 Y200.716 E356.64363
G1 X64.816 Y201.198 E356.66234
G1 X64.579 Y201.413 E356.67298
G1 X64.105 Y201.703 E356.69147
G1 X63.767 Y201.785 E356.70303
G1 X63.241 Y201.818 E356.72056
G1 X62.904 Y201.736 E356.7321
G1 X62.429 Y201.525 E356.74939
G1 X62.161 Y201.297 E356.76109
G1 X61.835 Y200.883 E356.77862
G1 X61.706 Y200.563 E356.79009
G1 X61.609 Y200.037 E356.80788
M204 S3000
M205 X10 Y10
G0 F4500 X61.627 Y199.838
G0 X61.119 Y199.775
G0 X61.282 Y200.713
G0 X61.859 Y201.631
G0 X100.103 Y222.613
G0 X100.609 Y222.554
M204 S1800
M205 X8 Y8
G1 F2250 X100.641 Y222.218 E356.81911
G1 X100.808 Y221.679 E356.83788
G1 X100.994 Y221.409 E356.84878
G1 X101.386 Y221.016 E356.86724
G1 X101.673 Y220.869 E356.87797
G1 X102.196 Y220.703 E356.89622
G1 X102.526 Y220.703 E356.90719
G1 X103.066 Y220.799 E356.92544
G1 X103.361 Y220.954 E356.93652
G1 X103.779 Y221.28 E356.95415
G1 X103.978 Y221.56 E356.96558
G1 X104.2 Y222.044 E356.98329
G1 X104.246 Y222.388 E356.99483
G1 X104.217 Y222.93 E357.01288
G1 X104.098 Y223.247 E357.02414
G1 X103.825 Y223.701 E357.04176
G1 X103.568 Y223.937 E357.05337
G1 X103.104 Y224.219 E357.07143
G1 X102.78 Y224.3 E357.08254
G1 X102.25 Y224.334 E357.1002
G1 X101.894 Y224.248 E357.11238
G1 X101.426 Y224.04 E357.12942
G1 X101.162 Y223.813 E357.141
G1 X100.821 Y223.38 E357.15933
G1 X100.706 Y223.08 E357.17001
G1 X100.609 Y222.554 E357.1878
M204 S3000
M205 X10 Y10
G0 F4500 X100.627 Y222.355
G0 X100.119 Y222.292
G0 X100.413 Y221.454
G0 X101.017 Y220.744
G0 X117.697 Y210.86
G0 X118.173 Y211.042
M204 S1800
M205 X8 Y8
G1 F2250 X118.308 Y210.941 E357.19341
G1 X119.184 Y210.936 E357.22255
G1 X135.235 Y210.926 E357.75641
G1 X135.235 Y189.075 E358.48317
G1 X118.324 Y189.079 E359.04563
G1 X118.187 Y188.994 E359.051
G1 X117.882 Y188.205 E359.07913
G1 X116.569 Y185.442 E359.18088
G1 X116.311 Y184.984 E359.19836
G1 X114.808 Y182.555 E359.29337
G1 X114.496 Y182.12 E359.31117
G1 X112.739 Y179.875 E359.40599
G1 X112.383 Y179.478 E359.42372
G1 X110.39 Y177.439 E359.51856
G1 X109.536 Y176.709 E359.55592
G1 X107.762 Y175.258 E359.63215
G1 X106.908 Y174.675 E359.66654
G1 X104.944 Y173.401 E359.74441
G1 X104.479 Y173.141 E359.76213
G1 X101.952 Y171.869 E359.85622
G1 X101.396 Y171.635 E359.87628
G1 X98.778 Y170.659 E359.96921
G1 X98.346 Y170.528 E359.98423
G1 X95.514 Y169.816 E360.08135
G1 X94.955 Y169.713 E360.10026
G1 X92.168 Y169.331 E360.19382
G1 X91.606 Y169.29 E360.21256
G1 X88.786 Y169.217 E360.30639
G1 X88.226 Y169.237 E360.32502
G1 X85.337 Y169.482 E360.42146
G1 X84.541 Y169.618 E360.44832
G1 X82.018 Y170.116 E360.53385
G1 X81.526 Y170.247 E360.55079
G1 X78.853 Y171.087 E360.64398
G1 X78.319 Y171.292 E360.663
G1 X75.694 Y172.447 E360.75839
G1 X75.222 Y172.693 E360.77609
G1 X72.521 Y174.263 E360.88
G1 X70.314 Y175.891 E360.97121
G1 X69.804 Y176.269 E360.99233
G1 X67.311 Y178.572 E361.10521
G1 X65.095 Y181.126 E361.21768
G1 X63.171 Y183.91 E361.33023
G1 X61.566 Y186.891 E361.44284
G1 X60.288 Y190.04 E361.55587
G1 X59.376 Y193.285 E361.66798
G1 X58.821 Y196.623 E361.78053
G1 X58.636 Y200.002 E361.89308
G1 X58.814 Y203.259 E362.00157
G1 X58.96 Y204.21 E362.03357
G1 X59.377 Y206.716 E362.11807
G1 X60.293 Y209.961 E362.23022
G1 X61.567 Y213.11 E362.3432
G1 X63.172 Y216.091 E362.45581
G1 X65.096 Y218.875 E362.56836
G1 X67.312 Y221.429 E362.68083
G1 X69.803 Y223.733 E362.79368
G1 X72.522 Y225.738 E362.90605
G1 X75.452 Y227.441 E363.01876
G1 X76.089 Y227.728 E363.042
G1 X78.544 Y228.81 E363.13124
G1 X79.206 Y229.024 E363.15438
G1 X81.77 Y229.829 E363.24376
G1 X82.471 Y229.975 E363.26757
G1 X85.09 Y230.491 E363.35636
G1 X85.797 Y230.558 E363.37998
G1 X88.462 Y230.784 E363.46893
G1 X89.164 Y230.774 E363.49228
G1 X91.845 Y230.703 E363.58149
G1 X92.448 Y230.63 E363.60169
G1 X95.199 Y230.253 E363.69404
G1 X95.739 Y230.127 E363.71249
G1 X98.485 Y229.438 E363.80665
G1 X99.219 Y229.177 E363.83256
G1 X101.659 Y228.267 E363.91917
G1 X102.328 Y227.943 E363.9439
G1 X104.685 Y226.757 E364.03166
G1 X105.156 Y226.463 E364.05012
G1 X107.53 Y224.92 E364.1443
G1 X108.196 Y224.389 E364.17263
G1 X110.155 Y222.784 E364.25686
G1 X110.811 Y222.132 E364.28762
G1 X112.531 Y220.374 E364.36942
G1 X113.022 Y219.767 E364.39539
G1 X114.626 Y217.717 E364.48196
G1 X114.976 Y217.175 E364.50342
G1 X116.417 Y214.845 E364.59454
G1 X116.759 Y214.16 E364.62001
G1 X117.883 Y211.796 E364.70707
G1 X118.173 Y211.042 E364.73394
M204 S3000
M205 X10 Y10
G0 F4500 X118.308 Y210.941
G0 X118.34 Y210.941
G0 X118.341 Y210.428
G0 X129.603 Y200.096
G0 X130.109 Y200.037
M204 S1800
M205 X8 Y8
G1 F2250 X130.141 Y199.701 E364.74516
G1 X130.308 Y199.164 E364.76387
G1 X130.495 Y198.891 E364.77487
G1 X130.866 Y198.518 E364.79237
G1 X131.171 Y198.352 E364.80392
G1 X131.69 Y198.187 E364.82203
G1 X132.025 Y198.186 E364.83318
G1 X132.549 Y198.279 E364.85088
G1 X132.86 Y198.438 E364.8625
G1 X133.278 Y198.763 E364.88011
G1 X133.478 Y199.043 E364.89155
G1 X133.7 Y199.527 E364.90926
G1 X133.746 Y199.871 E364.9208
G1 X133.716 Y200.424 E364.93922
G1 X133.606 Y200.716 E364.9496
G1 X133.327 Y201.182 E364.96767
G1 X133.079 Y201.413 E364.97894
G1 X132.619 Y201.695 E364.99689
G1 X132.267 Y201.785 E365.00897
G1 X131.75 Y201.818 E365.0262
G1 X131.404 Y201.736 E365.03803
G1 X130.929 Y201.525 E365.05531
G1 X130.662 Y201.296 E365.06701
G1 X130.322 Y200.865 E365.08527
G1 X130.206 Y200.563 E365.09603
G1 X130.109 Y200.037 E365.11382
M204 S3000
M205 X10 Y10
G0 F4500 X130.127 Y199.838
G0 X129.715 Y200.109
M204 S1800
M205 X8 Y8
;TYPE:WALL-INNER
G1 F2250 X129.745 Y199.639 E365.12949
G1 X129.919 Y199.064 E365.14947
G1 X130.143 Y198.691 E365.16394
G1 X130.582 Y198.236 E365.18497
G1 X130.954 Y198.011 E365.19943
G1 X131.554 Y197.81 E365.22047
G1 X131.993 Y197.783 E365.2351
G1 X132.619 Y197.885 E365.2562
G1 X133.022 Y198.067 E365.2709
G1 X133.524 Y198.447 E365.29185
G1 X133.792 Y198.788 E365.30627
G1 X134.064 Y199.36 E365.32734
G1 F1871.1 X134.195 Y199.535 E365.33608
G1 F1607.1 X134.197 Y200.426 E365.37757
G1 F1717.6 X134.122 Y200.616 E365.38647
G1 F2027 X133.67 Y201.388 E365.4195
G1 F2250 X133.378 Y201.687 E365.4334
G1 X132.828 Y202.036 E365.45506
G1 X132.391 Y202.17 E365.47026
G1 X131.776 Y202.217 E365.49078
G1 X131.335 Y202.134 E365.5057
G1 X130.767 Y201.891 E365.52625
G1 X130.421 Y201.622 E365.54083
G1 X130.021 Y201.13 E365.56192
G1 X129.824 Y200.687 E365.57804
G1 X129.715 Y200.109 E365.59761
M204 S3000
M205 X10 Y10
G0 F4500 X129.606 Y200.121
G0 X117.908 Y210.495
G0 X117.803 Y210.888
M204 S1800
M205 X8 Y8
G1 F2250 X117.979 Y210.665 E365.60706
G1 X118.226 Y210.549 E365.61613
G1 X119.184 Y210.536 E365.648
G1 X134.835 Y210.526 E366.16855
G1 X134.835 Y200.976 E366.48619
G1 F1878.9 X134.756 Y200.44 E366.50777
G1 F1633.4 X134.763 Y199.86 E366.53434
G1 F1627.5 X134.754 Y199.504 E366.55072
G1 F1871.1 X134.835 Y199.192 E366.56361
G1 F2250 X134.835 Y189.475 E366.8868
G1 X118.309 Y189.479 E367.43645
G1 X118.031 Y189.388 E367.44618
G1 X117.839 Y189.192 E367.45531
G1 X117.514 Y188.362 E367.48496
G1 X116.211 Y185.621 E367.5859
G1 X115.805 Y184.926 E367.61267
G1 X114.472 Y182.772 E367.69692
G1 X114.065 Y182.218 E367.71978
G1 X112.429 Y180.127 E367.80809
G1 X112.072 Y179.732 E367.8258
G1 X110.062 Y177.678 E367.92138
G1 X109.282 Y177.019 E367.95534
G1 X107.518 Y175.575 E368.03117
G1 X106.69 Y175.011 E368.06449
G1 X104.738 Y173.743 E368.14191
G1 X104.299 Y173.499 E368.15861
G1 X103.821 Y173.257 E368.17643
G1 X101.754 Y172.218 E368.25338
G1 X101.256 Y172.01 E368.27133
G1 X98.646 Y171.037 E368.36397
G1 X98.248 Y170.916 E368.37781
G1 X95.422 Y170.205 E368.47473
G1 X94.901 Y170.109 E368.49235
G1 X92.12 Y169.728 E368.58571
G1 X91.596 Y169.69 E368.60318
G1 X88.782 Y169.617 E368.69681
G1 X88.26 Y169.636 E368.71418
G1 X85.452 Y169.873 E368.80791
G1 X84.925 Y169.95 E368.82562
G1 X82.168 Y170.493 E368.91908
G1 X81.646 Y170.629 E368.93703
G1 X78.978 Y171.467 E369.03004
G1 X78.48 Y171.658 E369.04778
G1 X75.862 Y172.81 E369.14291
G1 X75.143 Y173.202 E369.17015
G1 X72.741 Y174.598 E369.26255
G1 X70.059 Y176.578 E369.37343
G1 X67.599 Y178.851 E369.48483
G1 X65.411 Y181.372 E369.59585
G1 X63.513 Y184.119 E369.70691
G1 X61.928 Y187.061 E369.81806
G1 X60.667 Y190.17 E369.92964
G1 X59.767 Y193.372 E370.04027
G1 X59.219 Y196.667 E370.15137
G1 X59.037 Y200.002 E370.26245
G1 X59.22 Y203.334 E370.37344
G1 X59.768 Y206.628 E370.48451
G1 X60.672 Y209.831 E370.5952
G1 X61.929 Y212.94 E370.70674
G1 X63.514 Y215.882 E370.81789
G1 X65.412 Y218.629 E370.92894
G1 X67.6 Y221.15 E371.03997
G1 X70.058 Y223.424 E371.15134
G1 X72.742 Y225.403 E371.26225
G1 X75.637 Y227.086 E371.37363
G1 X76.25 Y227.362 E371.39599
G1 X78.688 Y228.436 E371.4846
G1 X79.326 Y228.642 E371.5069
G1 X81.874 Y229.443 E371.59573
G1 X82.548 Y229.583 E371.61863
G1 X85.15 Y230.095 E371.70683
G1 X85.831 Y230.16 E371.72958
G1 X88.478 Y230.384 E371.81794
G1 X89.154 Y230.374 E371.84042
G1 X91.818 Y230.303 E371.92906
G1 X92.394 Y230.234 E371.94836
G1 X95.129 Y229.859 E372.04017
G1 X95.642 Y229.739 E372.0577
G1 X98.373 Y229.054 E372.15134
G1 X99.079 Y228.802 E372.17628
G1 X101.505 Y227.897 E372.2624
G1 X102.148 Y227.585 E372.28617
G1 X104.491 Y226.407 E372.37339
G1 X104.938 Y226.127 E372.39093
G1 X107.299 Y224.593 E372.48458
G1 X107.942 Y224.079 E372.51196
G1 X109.89 Y222.484 E372.5957
G1 X110.525 Y221.852 E372.6255
G1 X112.235 Y220.104 E372.70683
G1 X112.707 Y219.521 E372.73178
G1 X114.302 Y217.481 E372.81791
G1 X114.636 Y216.965 E372.83835
G1 X116.07 Y214.646 E372.92903
G1 X116.398 Y213.988 E372.95349
G1 X117.515 Y211.638 E373.04003
G1 X117.803 Y210.888 E373.06675
M204 S3000
M205 X10 Y10
G0 F4500 X117.701 Y210.849
G0 X101.138 Y220.636
G0 X100.413 Y221.454
G0 X100.106 Y222.638
G0 X100.215 Y222.626
M204 S1800
M205 X8 Y8
G1 F2250 X100.243 Y222.163 E373.08218
G1 X100.419 Y221.58 E373.10243
G1 X100.67 Y221.172 E373.11837
G1 X101.082 Y220.753 E373.13791
G1 X101.517 Y220.5 E373.15465
G1 X102.054 Y220.327 E373.17341
G1 X102.547 Y220.302 E373.18983
G1 X103.119 Y220.402 E373.20914
G1 X103.563 Y220.607 E373.22541
G1 X104.025 Y220.964 E373.24483
G1 X104.328 Y221.366 E373.26157
G1 X104.564 Y221.877 E373.28029
G1 X104.643 Y222.309 E373.2949
G1 X104.62 Y222.899 E373.31454
G1 X104.578 Y223.122 E373.32209
G1 X104.441 Y223.453 E373.334
G1 X104.168 Y223.907 E373.35162
G1 X103.791 Y224.27 E373.36903
G1 X103.284 Y224.577 E373.38874
G1 X102.806 Y224.699 E373.40515
G1 X102.276 Y224.734 E373.42281
G1 X101.835 Y224.65 E373.43775
G1 X101.264 Y224.406 E373.4584
G1 X100.92 Y224.138 E373.4729
G1 X100.521 Y223.647 E373.49395
G1 X100.342 Y223.258 E373.50819
G1 X100.215 Y222.626 E373.52963
M204 S3000
M205 X10 Y10
G0 F4500 X100.106 Y222.638
G0 X83.06 Y205.083
G0 X82.088 Y203.537
G0 X81.548 Y201.986
G0 X81.229 Y200.08
G0 X81.338 Y200.068
M204 S1800
M205 X8 Y8
G1 F2250 X81.382 Y199.542 E373.54718
G1 X81.525 Y198.267 E373.58986
G1 X81.835 Y197.334 E373.62256
G1 X82.114 Y196.536 E373.65067
G1 X82.502 Y195.894 E373.67562
G1 X83.075 Y194.984 E373.71139
G1 X83.522 Y194.522 E373.73277
G1 X84.351 Y193.694 E373.77174
G1 X84.808 Y193.395 E373.78991
G1 X85.879 Y192.724 E373.83194
G1 X86.372 Y192.54 E373.84944
G1 X87.609 Y192.108 E373.89302
G1 X88.021 Y192.055 E373.90684
G1 X89.406 Y191.9 E373.95319
G1 X89.974 Y191.956 E373.97218
G1 X91.171 Y192.091 E374.01224
G1 X92.178 Y192.428 E374.04756
G1 X92.906 Y192.683 E374.07321
G1 X93.007 Y192.734 E374.07698
G1 X94.466 Y193.651 E374.13429
G1 X95.13 Y194.306 E374.16531
G1 X95.743 Y194.92 E374.19417
G1 X96.277 Y195.752 E374.22705
G1 X96.711 Y196.444 E374.25422
G1 X97.067 Y197.428 E374.28903
G1 X97.317 Y198.142 E374.31419
G1 X97.438 Y199.098 E374.34624
G1 X97.535 Y199.965 E374.37525
G1 X97.439 Y200.898 E374.40645
G1 X97.34 Y201.766 E374.43551
G1 X97.073 Y202.557 E374.46327
G1 X96.758 Y203.456 E374.49496
G1 X96.091 Y204.545 E374.53743
G1 X95.795 Y205.014 E374.55588
G1 X95.131 Y205.693 E374.58746
G1 X94.513 Y206.311 E374.61653
G1 X93.678 Y206.845 E374.6495
G1 X93.007 Y207.266 E374.67585
G1 X92.159 Y207.579 E374.70591
G1 X91.261 Y207.892 E374.73754
G1 X90.338 Y208.002 E374.76846
G1 X89.49 Y208.098 E374.79684
G1 X89.367 Y208.097 E374.80093
G1 X87.699 Y207.909 E374.85676
G1 X87.568 Y207.879 E374.86123
G1 X85.982 Y207.324 E374.91712
G1 X85.862 Y207.266 E374.92155
G1 X84.44 Y206.374 E374.97738
G1 X84.334 Y206.29 E374.98188
G1 X83.144 Y205.099 E375.03788
G1 X83.06 Y204.994 E375.04235
G1 X82.152 Y203.546 E375.0992
G1 X81.812 Y202.599 E375.13266
G1 X81.546 Y201.836 E375.15954
G1 X81.432 Y200.901 E375.19087
G1 X81.338 Y200.068 E375.21875
M204 S3000
M205 X10 Y10
G0 F4500 X81.229 Y200.08
G0 X63.531 Y202.267
G0 X62.467 Y202.053
G0 X61.625 Y201.367
G0 X61.106 Y200.121
G0 X61.215 Y200.109
M204 S1800
M205 X8 Y8
G1 F2250 X61.236 Y199.692 E375.23264
G1 X61.419 Y199.064 E375.25439
G1 X61.643 Y198.691 E375.26886
G1 X62.082 Y198.236 E375.28989
G1 X62.454 Y198.011 E375.30435
G1 X63.054 Y197.81 E375.3254
G1 X63.493 Y197.783 E375.34003
G1 X64.119 Y197.885 E375.36112
G1 X64.566 Y198.093 E375.37752
G1 X65.024 Y198.447 E375.39677
G1 X65.319 Y198.83 E375.41285
G1 X65.564 Y199.36 E375.43227
G1 X65.645 Y199.812 E375.44755
G1 X65.618 Y200.421 E375.46782
G1 X65.473 Y200.879 E375.4838
G1 X65.17 Y201.387 E375.50347
G1 X64.827 Y201.728 E375.51956
G1 X64.328 Y202.036 E375.53906
G1 X63.892 Y202.17 E375.55423
G1 X63.276 Y202.217 E375.57478
G1 X62.835 Y202.134 E375.58971
G1 X62.267 Y201.891 E375.61025
G1 X61.921 Y201.622 E375.62483
G1 X61.521 Y201.131 E375.6459
G1 X61.318 Y200.662 E375.66289
G1 X61.215 Y200.109 E375.6816
M204 S3000
M205 X10 Y10
G0 F4500 X61.106 Y200.121
G0 X61.28 Y199.287
G0 X61.86 Y198.368
G0 X100.106 Y177.604
G0 X100.215 Y177.592
M204 S1800
M205 X8 Y8
G1 F2250 X100.238 Y177.163 E375.69589
G1 X100.419 Y176.547 E375.71725
G1 X100.644 Y176.174 E375.73173
G1 X101.082 Y175.72 E375.75272
G1 X101.503 Y175.473 E375.76895
G1 X102.054 Y175.294 E375.78822
G1 X102.595 Y175.275 E375.80622
G1 X103.119 Y175.369 E375.82393
G1 X103.571 Y175.579 E375.84051
G1 X104.025 Y175.931 E375.85961
G1 X104.291 Y176.269 E375.87392
G1 X104.564 Y176.845 E375.89512
G1 X104.643 Y177.275 E375.90966
G1 X104.618 Y177.904 E375.9306
G1 X104.497 Y178.307 E375.94459
G1 X104.168 Y178.873 E375.96637
G1 X103.836 Y179.204 E375.98196
G1 X103.327 Y179.52 E376.00189
G1 X102.844 Y179.662 E376.01863
G1 X102.276 Y179.7 E376.03757
G1 X101.793 Y179.605 E376.05394
G1 X101.264 Y179.373 E376.07315
G1 X100.881 Y179.067 E376.08946
G1 X100.521 Y178.614 E376.1087
G1 X100.327 Y178.18 E376.12451
G1 X100.215 Y177.592 E376.14442
M204 S3000
M205 X10 Y10
G0 F4500 X99.822 Y177.665
M204 S1800
M205 X8 Y8
G1 F2250 X99.812 Y177.371 E376.15421
G1 X99.877 Y176.948 E376.16844
G1 X100.037 Y176.429 E376.1865
G1 X100.172 Y176.152 E376.19675
G1 X100.426 Y175.812 E376.21087
G1 X100.798 Y175.438 E376.22841
G1 X101.277 Y175.137 E376.24723
G1 X101.932 Y174.913 E376.27025
G1 X102.494 Y174.867 E376.28901
G1 X103.189 Y174.975 E376.3124
G1 X103.485 Y175.077 E376.32281
G1 X103.853 Y175.29 E376.33696
G1 X104.339 Y175.669 E376.35746
G1 X104.707 Y176.193 E376.37875
G1 X104.928 Y176.678 E376.39648
G1 X105.041 Y177.23 E376.41522
G1 X105.017 Y177.925 E376.43835
G1 X104.871 Y178.448 E376.45641
G1 X104.511 Y179.079 E376.48057
G1 X104.318 Y179.312 E376.49063
G1 X103.985 Y179.587 E376.505
G1 X103.535 Y179.861 E376.52252
G1 X103.243 Y179.981 E376.53302
G1 X102.818 Y180.067 E376.54744
G1 X102.259 Y180.101 E376.56607
G1 X101.735 Y180.005 E376.58379
G1 X101.102 Y179.739 E376.60663
G1 X100.843 Y179.572 E376.61688
G1 X100.534 Y179.276 E376.63111
G1 X100.207 Y178.862 E376.64865
G1 X100.057 Y178.599 E376.65873
G1 X99.919 Y178.191 E376.67305
G1 X99.822 Y177.665 E376.69084
M204 S3000
M205 X10 Y10
G0 F4500 X83.06 Y194.917
G0 X82.088 Y196.463
G0 X81.748 Y197.439
G0 X80.941 Y200.112
M204 S1800
M205 X8 Y8
G1 F2250 X80.985 Y199.497 E376.71135
G1 X81.128 Y198.222 E376.75402
G1 X81.457 Y197.202 E376.78967
G1 X81.74 Y196.395 E376.81811
G1 X82.164 Y195.682 E376.8457
G1 X82.746 Y194.757 E376.88205
G1 X83.239 Y194.24 E376.90581
G1 X84.08 Y193.4 E376.94534
G1 X84.595 Y193.056 E376.96594
G1 X85.678 Y192.378 E377.00844
G1 X86.24 Y192.163 E377.02845
G1 X87.467 Y191.733 E377.0717
G1 X87.977 Y191.658 E377.08884
G1 X89.35 Y191.503 E377.1348
G1 X90.019 Y191.559 E377.15713
G1 X91.216 Y191.694 E377.19719
G1 X92.31 Y192.051 E377.23547
G1 X93.051 Y192.311 E377.26159
G1 X93.22 Y192.395 E377.26786
G1 X94.648 Y193.291 E377.32393
G1 X95.413 Y194.023 E377.35915
G1 X96.038 Y194.65 E377.38859
G1 X96.615 Y195.54 E377.42387
G1 X97.056 Y196.241 E377.45142
G1 X97.444 Y197.296 E377.48881
G1 X97.71 Y198.058 E377.51565
G1 X97.835 Y199.053 E377.549
G1 X97.934 Y199.943 E377.57879
G1 X97.836 Y200.943 E377.61221
G1 X97.735 Y201.832 E377.64197
G1 X97.45 Y202.689 E377.672
G1 X97.134 Y203.592 E377.70382
G1 X96.429 Y204.757 E377.74911
G1 X96.125 Y205.24 E377.7681
G1 X95.414 Y205.976 E377.80213
G1 X94.781 Y206.608 E377.83188
G1 X93.891 Y207.184 E377.86714
G1 X93.22 Y207.605 E377.89349
G1 X92.291 Y207.956 E377.92652
G1 X91.399 Y208.268 E377.95795
G1 X90.382 Y208.399 E377.99206
G1 X89.526 Y208.497 E378.02071
G1 X89.323 Y208.494 E378.02747
G1 X87.654 Y208.306 E378.08333
G1 X87.436 Y208.256 E378.09077
G1 X85.85 Y207.701 E378.14665
G1 X85.649 Y207.605 E378.15406
G1 X84.227 Y206.713 E378.20989
G1 X84.051 Y206.572 E378.21739
G1 X82.815 Y205.333 E378.2756
G1 X82.722 Y205.206 E378.28084
G1 X81.803 Y203.741 E378.33836
G1 X81.613 Y203.244 E378.35605
G1 X81.162 Y201.95 E378.40163
G1 X81.035 Y200.946 E378.43529
G1 X80.941 Y200.112 E378.46321
M204 S3000
M205 X10 Y10
G0 F4500 X63.531 Y202.267
G0 X62.467 Y202.053
G0 X61.723 Y201.465
G0 X60.822 Y200.182
M204 S1800
M205 X8 Y8
G1 F2250 X60.811 Y199.888 E378.47299
G1 X60.877 Y199.465 E378.48723
G1 X61.037 Y198.946 E378.50529
G1 X61.314 Y198.463 E378.52381
G1 X61.798 Y197.954 E378.54717
G1 X62.044 Y197.773 E378.55733
G1 X62.428 Y197.589 E378.5715
G1 X62.933 Y197.429 E378.58911
G1 X63.494 Y197.383 E378.60784
G1 X64.189 Y197.491 E378.63123
G1 X64.488 Y197.595 E378.64176
G1 X64.851 Y197.806 E378.65572
G1 X65.269 Y198.131 E378.67333
G1 X65.481 Y198.356 E378.68362
G1 X65.715 Y198.73 E378.69829
G1 X65.928 Y199.194 E378.71527
G1 X66.012 Y199.499 E378.72579
G1 X66.045 Y199.913 E378.73961
G1 X66.016 Y200.456 E378.75769
G1 X65.955 Y200.741 E378.76739
G1 X65.792 Y201.128 E378.78135
G1 X65.494 Y201.623 E378.80057
G1 X65.146 Y201.984 E378.81725
G1 X64.537 Y202.377 E378.84135
G1 X64.243 Y202.498 E378.85193
G1 X63.818 Y202.584 E378.86635
G1 X63.301 Y202.617 E378.88358
G1 X62.986 Y202.587 E378.89411
G1 X62.579 Y202.467 E378.90822
G1 X62.104 Y202.257 E378.92549
G1 X61.655 Y201.921 E378.94414
G1 X61.207 Y201.379 E378.96753
G1 X60.968 Y200.885 E378.98578
G1 X60.822 Y200.182 E379.00967
M204 S3000
M205 X10 Y10
G0 F4500 X61.859 Y201.631
G0 X99.822 Y222.699
M204 S1800
M205 X8 Y8
G1 F2250 X99.812 Y222.405 E379.01945
G1 X99.877 Y221.982 E379.03368
G1 X100.043 Y221.441 E379.05251
G1 X100.172 Y221.185 E379.06204
G1 X100.426 Y220.845 E379.07616
G1 X100.818 Y220.451 E379.09464
G1 X101.051 Y220.286 E379.10414
G1 X101.429 Y220.107 E379.11805
G1 X101.982 Y219.931 E379.13735
G1 X102.494 Y219.9 E379.15441
G1 X103.189 Y220.008 E379.1778
G1 X103.485 Y220.11 E379.18822
G1 X103.853 Y220.323 E379.20236
G1 X104.271 Y220.649 E379.21999
G1 X104.481 Y220.873 E379.2302
G1 X104.706 Y221.227 E379.24415
G1 X104.928 Y221.711 E379.26186
G1 X105.041 Y222.265 E379.28067
G1 X105.019 Y222.92 E379.30247
G1 X104.952 Y223.266 E379.31419
G1 X104.784 Y223.659 E379.3284
G1 X104.51 Y224.113 E379.34604
G1 X104.128 Y224.514 E379.36446
G1 X103.598 Y224.856 E379.38544
G1 X103.251 Y225.012 E379.39809
G1 X102.832 Y225.099 E379.41233
G1 X102.301 Y225.133 E379.43003
G1 X101.735 Y225.038 E379.44911
G1 X101.102 Y224.772 E379.47195
G1 X100.654 Y224.437 E379.49056
G1 X100.207 Y223.895 E379.51392
G1 X100.058 Y223.634 E379.52392
G1 X99.919 Y223.225 E379.53829
G1 X99.822 Y222.699 E379.55608
M204 S3000
M205 X10 Y10
G0 F4500 X100.413 Y221.454
G0 X101.017 Y220.744
G0 X117.594 Y210.481
M204 S1800
M205 X8 Y8
G1 F2250 X117.86 Y210.265 E379.56747
G1 X118.21 Y210.146 E379.57977
G1 X119.184 Y210.136 E379.61217
G1 X134.435 Y210.126 E380.11942
G1 X134.435 Y200.793 E380.42983
G1 X134.292 Y201.128 E380.44195
G1 X134.014 Y201.594 E380.46
G1 X133.646 Y201.984 E380.47783
G1 X133.037 Y202.377 E380.50194
G1 X132.483 Y202.559 E380.52133
G1 X131.801 Y202.616 E380.54409
G1 X131.486 Y202.587 E380.55462
G1 X131.08 Y202.468 E380.56869
G1 X130.605 Y202.256 E380.58599
G1 X130.347 Y202.091 E380.59617
G1 X130.034 Y201.792 E380.61057
G1 X129.707 Y201.378 E380.62812
G1 X129.558 Y201.117 E380.63811
G1 X129.419 Y200.708 E380.65248
G1 X129.322 Y200.182 E380.67027
G1 X129.312 Y199.888 E380.68006
G1 X129.377 Y199.465 E380.69429
G1 X129.537 Y198.946 E380.71235
G1 X129.67 Y198.671 E380.72251
G1 X129.927 Y198.327 E380.7368
G1 X130.298 Y197.954 E380.75429
G1 X130.545 Y197.773 E380.76448
G1 X130.928 Y197.59 E380.7786
G1 X131.433 Y197.429 E380.79623
G1 X131.742 Y197.382 E380.80662
G1 X132.165 Y197.398 E380.8207
G1 X132.689 Y197.491 E380.8384
G1 X133.211 Y197.715 E380.85729
G1 X133.769 Y198.131 E380.88044
G1 X134.122 Y198.562 E380.89897
G1 X134.431 Y199.192 E380.92231
G1 X134.435 Y198.465 E380.94649
G1 X134.435 Y189.875 E381.2322
G1 X118.351 Y189.88 E381.76715
G1 X118.02 Y189.824 E381.77832
G1 X117.688 Y189.629 E381.79112
G1 X117.468 Y189.35 E381.80294
G1 X117.146 Y188.519 E381.83258
G1 X115.853 Y185.8 E381.93272
G1 X115.465 Y185.137 E381.95827
G1 X114.136 Y182.99 E382.04225
G1 X113.75 Y182.465 E382.06393
G1 X112.119 Y180.38 E382.15197
G1 X111.52 Y179.739 E382.18115
G1 X109.786 Y177.968 E382.26359
G1 X109.029 Y177.328 E382.29656
G1 X107.274 Y175.891 E382.372
G1 X106.472 Y175.346 E382.40425
G1 X104.531 Y174.086 E382.48122
G1 X104.083 Y173.836 E382.49828
G1 X101.585 Y172.581 E382.59126
G1 X101.116 Y172.384 E382.60818
G1 X98.514 Y171.415 E382.70053
G1 X98.15 Y171.304 E382.71319
G1 X95.329 Y170.595 E382.80993
G1 X94.799 Y170.498 E382.82785
G1 X92.071 Y170.125 E382.91943
G1 X91.385 Y170.085 E382.94229
G1 X88.777 Y170.017 E383.02906
G1 X87.981 Y170.06 E383.05557
G1 X85.425 Y170.278 E383.1409
G1 X84.695 Y170.403 E383.16553
G1 X82.191 Y170.897 E383.25042
G1 X81.472 Y171.103 E383.27529
G1 X79.102 Y171.847 E383.35791
G1 X78.354 Y172.15 E383.38475
G1 X76.03 Y173.173 E383.46921
G1 X75.344 Y173.548 E383.49521
G1 X72.961 Y174.933 E383.58688
G1 X70.315 Y176.886 E383.69627
G1 X67.887 Y179.13 E383.80623
G1 X65.728 Y181.617 E383.91577
G1 X63.855 Y184.328 E384.02537
G1 X62.291 Y187.232 E384.13507
G1 X61.046 Y190.3 E384.24519
G1 X60.158 Y193.459 E384.35433
G1 X59.617 Y196.711 E384.46398
G1 X59.575 Y197.503 E384.49036
G1 X59.443 Y199.871 E384.56924
G1 X59.437 Y200.002 E384.57361
G1 X59.486 Y200.878 E384.60279
G1 X59.516 Y201.445 E384.62167
G1 X59.618 Y203.29 E384.68313
G1 X60.159 Y206.541 E384.79275
G1 X61.051 Y209.701 E384.90196
G1 X61.642 Y211.163 E384.9544
G1 X62.292 Y212.77 E385.01206
G1 X63.856 Y215.673 E385.12174
G1 X65.729 Y218.384 E385.23133
G1 X67.888 Y220.872 E385.34089
G1 X70.314 Y223.116 E385.45081
G1 X72.962 Y225.068 E385.56023
G1 X75.822 Y226.73 E385.67025
G1 X76.412 Y226.996 E385.69177
G1 X78.833 Y228.063 E385.77977
G1 X79.446 Y228.26 E385.80118
G1 X81.978 Y229.056 E385.88946
G1 X82.625 Y229.19 E385.91144
G1 X85.211 Y229.699 E385.9991
G1 X85.865 Y229.761 E386.02095
G1 X88.494 Y229.984 E386.1087
G1 X89.144 Y229.974 E386.13032
G1 X91.792 Y229.904 E386.21843
G1 X92.34 Y229.838 E386.23679
G1 X95.058 Y229.465 E386.32803
G1 X96.062 Y229.221 E386.3624
G1 X98.261 Y228.67 E386.4378
G1 X98.939 Y228.428 E386.46174
G1 X101.351 Y227.528 E386.54737
G1 X101.968 Y227.228 E386.57019
G1 X104.083 Y226.165 E386.64892
G1 X104.528 Y225.915 E386.6659
G1 X107.069 Y224.266 E386.76665
G1 X107.689 Y223.769 E386.79307
G1 X109.625 Y222.184 E386.87629
G1 X110.239 Y221.572 E386.90513
G1 X111.939 Y219.835 E386.98596
G1 X112.392 Y219.274 E387.00995
G1 X113.979 Y217.245 E387.09562
G1 X114.296 Y216.755 E387.11503
G1 X115.723 Y214.446 E387.20531
G1 X116.036 Y213.816 E387.22871
G1 X117.147 Y211.481 E387.31472
G1 X117.415 Y210.78 E387.33968
G1 X117.594 Y210.481 E387.35127
M204 S3000
M205 X10 Y10
G0 F4500 X117.345 Y189.821
M204 S1800
M205 X8 Y8
;TYPE:SKIN
G1 F1350 X117.089 Y189.436 E387.36665
G1 X116.795 Y188.667 E387.39403
G1 X115.691 Y186.345 E387.47954
G1 X115.39 Y185.74 E387.50202
G1 X113.917 Y183.359 E387.59514
G1 X113.445 Y182.693 E387.62229
G1 X112.427 Y181.392 E387.67723
G1 X111.654 Y180.421 E387.71851
G1 X109.96 Y178.689 E387.79909
G1 X109.37 Y178.1 E387.82682
G1 X106.879 Y176.069 E387.93372
G1 X105.268 Y175.019 E387.99768
G1 F1156.3 X104.851 Y174.826 E388.01552
G1 F1042.5 X104.298 Y174.458 E388.04413
G1 F1063 X103.703 Y174.139 E388.07265
G1 F1181.6 X102.999 Y173.719 E388.1038
G1 F1350 X102.486 Y173.459 E388.12293
G1 X101.246 Y172.842 E388.169
G1 X99.912 Y172.344 E388.21636
G1 X98.795 Y171.925 E388.25604
G1 X98.153 Y171.698 E388.27868
G1 X95.297 Y170.98 E388.37663
G1 X94.735 Y170.874 E388.39565
G1 X92.163 Y170.524 E388.48199
G1 X91.365 Y170.465 E388.5086
G1 X89.1 Y170.407 E388.58396
G1 X88.514 Y170.398 E388.60345
G1 X85.837 Y170.624 E388.69281
G1 X85.268 Y170.679 E388.71182
G1 X82.624 Y171.199 E388.80144
G1 X82.086 Y171.312 E388.81973
G1 X81.052 Y171.632 E388.85573
G1 X78.972 Y172.292 E388.92831
G1 X76.522 Y173.372 E389.01736
G1 X75.999 Y173.609 E389.03646
G1 X73.17 Y175.253 E389.14529
G1 X70.563 Y177.177 E389.25305
G1 X68.158 Y179.396 E389.36189
G1 X66.403 Y181.42 E389.45099
G1 X66.028 Y181.851 E389.46999
G1 X64.179 Y184.528 E389.5782
G1 X62.636 Y187.395 E389.68649
G1 X61.4 Y190.437 E389.7957
G1 X60.53 Y193.544 E389.90302
G1 X59.996 Y196.755 E390.01128
G1 X59.89 Y198.7 E390.07607
G1 F1200 X59.91 Y199.251 E390.0967
G1 F1075.7 X59.878 Y199.849 E390.1217
G1 F1073.6 X59.872 Y199.974 E390.12693
G1 F1034.5 X59.936 Y200.829 E390.16415
G1 F1148.9 X59.896 Y201.399 E390.18648
G1 F1350 X59.997 Y203.246 E390.248
G1 X60.504 Y206.297 E390.35087
G1 X60.628 Y206.799 E390.36807
G1 X61.405 Y209.563 E390.46356
G1 X62.637 Y212.606 E390.57275
G1 X64.18 Y215.473 E390.68104
G1 X66.029 Y218.149 E390.78923
G1 X68.16 Y220.605 E390.89738
G1 X70.56 Y222.826 E391.00614
G1 X73.172 Y224.749 E391.11402
G1 X75.993 Y226.389 E391.22255
G1 X78.969 Y227.708 E391.33081
G1 X81.592 Y228.537 E391.42231
G1 X82.272 Y228.732 E391.44584
G1 X84.638 Y229.198 E391.52604
G1 X85.47 Y229.345 E391.55414
G1 X87.867 Y229.548 E391.63415
G1 X88.72 Y229.603 E391.66258
G1 X91.256 Y229.539 E391.74696
G1 X91.962 Y229.503 E391.77047
G1 X94.059 Y229.219 E391.84085
G1 X95.178 Y229.048 E391.8785
G1 X97.233 Y228.536 E391.94894
G1 X98.262 Y228.27 E391.98429
G1 X100.876 Y227.299 E392.07704
G1 X101.427 Y227.072 E392.09686
G1 X103.137 Y226.213 E392.16051
G1 F1171.4 X103.585 Y225.917 E392.18109
G1 F1050.6 X104.049 Y225.681 E392.20334
G1 F1056.8 X104.681 Y225.292 E392.23487
G1 F1179 X105.324 Y224.944 E392.26272
G1 F1350 X106.372 Y224.264 E392.30427
G1 X107.015 Y223.828 E392.33011
G1 X108.841 Y222.333 E392.4086
G1 X109.527 Y221.751 E392.43852
G1 X111.386 Y219.853 E392.52688
G1 X111.771 Y219.445 E392.54554
G1 X113.569 Y217.15 E392.64251
G1 X113.884 Y216.691 E392.66102
G1 X115.148 Y214.653 E392.74079
G1 X115.517 Y214.02 E392.76516
G1 X116.797 Y211.331 E392.86421
G1 X117.124 Y210.5 E392.89391
G1 X117.437 Y210.101 E392.91078
G1 X117.841 Y209.855 E392.92651
G1 X118.362 Y209.76 E392.94413
G1 X122.052 Y209.758 E393.06685
G1 X127.431 Y209.752 E393.24576
G1 X134.055 Y209.746 E393.46608
G1 X134.055 Y202.125 E393.71955
G1 X133.696 Y202.42 E393.73501
G1 X133.24 Y202.701 E393.75282
G1 X132.82 Y202.87 E393.76788
G1 X132.336 Y202.963 E393.78427
G1 X131.633 Y202.993 E393.80767
G1 X130.953 Y202.824 E393.83098
G1 X130.28 Y202.513 E393.85564
G1 X129.755 Y202.05 E393.87892
G1 X129.274 Y201.404 E393.90571
G1 X129.053 Y200.808 E393.92685
G1 X128.928 Y200.035 E393.95289
G1 X129.005 Y199.387 E393.9746
G1 X129.265 Y198.613 E394.00176
G1 X129.637 Y198.082 E394.02332
G1 X130.161 Y197.57 E394.04769
G1 X130.784 Y197.239 E394.07115
G1 X131.315 Y197.065 E394.08974
G1 X131.753 Y197.002 E394.10445
G1 X132.232 Y197.024 E394.1204
G1 X132.756 Y197.117 E394.1381
G1 X133.178 Y197.266 E394.15299
G1 X133.587 Y197.506 E394.16876
G1 X134.001 Y197.831 E394.18627
G1 X134.055 Y197.889 E394.1889
G1 X134.055 Y190.256 E394.44278
G1 X118.337 Y190.26 E394.96556
G1 X118.127 Y190.241 E394.97257
G1 X117.698 Y190.091 E394.98769
G1 X117.345 Y189.821 E395.00247
M204 S3000
M205 X10 Y10
G0 F4500 X104.217 Y181.35
G0 X99.547 Y178.272
M204 S1800
M205 X8 Y8
G1 F1350 X99.428 Y177.488 E395.02884
G1 X99.506 Y176.865 E395.04973
G1 X99.799 Y176.036 E395.07897
G1 X100.137 Y175.566 E395.09823
G1 X100.528 Y175.171 E395.11671
G1 X100.881 Y174.91 E395.13131
G1 X101.215 Y174.748 E395.14366
G1 X101.81 Y174.552 E395.1645
G1 X102.257 Y174.486 E395.17952
G1 F1270.6 X102.83 Y174.534 E395.19984
G1 F1134.5 X103.404 Y174.582 E395.22264
G1 F1065.1 X103.861 Y174.793 E395.24386
G1 F1032.5 X104.545 Y175.261 E395.2799
G1 F1156.3 X105.04 Y176.009 E395.31473
G1 F1350 X105.273 Y176.515 E395.33326
G1 X105.389 Y176.928 E395.34753
G1 X105.426 Y177.419 E395.36391
G1 X105.397 Y177.942 E395.38133
G1 X105.307 Y178.371 E395.39591
G1 X105.099 Y178.838 E395.41291
G1 X104.722 Y179.436 E395.43642
G1 X104.21 Y179.892 E395.45923
G1 X103.606 Y180.255 E395.48267
G1 X103.013 Y180.421 E395.50315
G1 X102.327 Y180.479 E395.52604
G1 X101.953 Y180.454 E395.53851
G1 X101.426 Y180.3 E395.55677
G1 X100.794 Y180.006 E395.57996
G1 X100.391 Y179.669 E395.59743
G1 X99.909 Y179.098 E395.62228
G1 X99.725 Y178.791 E395.63419
G1 X99.547 Y178.272 E395.65244
M204 S3000
M205 X10 Y10
G0 F4500 X83.06 Y194.917
G0 X82.186 Y196.308
G0 X80.586 Y200.281
M204 S1800
M205 X8 Y8
G1 F1350 X80.555 Y199.977 E395.6626
G1 X80.639 Y199.17 E395.68959
G1 X80.789 Y197.981 E395.72944
G1 X81.1 Y197.076 E395.76127
G1 X81.437 Y196.137 E395.79445
G1 X81.86 Y195.454 E395.82118
G1 X82.408 Y194.579 E395.85551
G1 X82.983 Y193.961 E395.88359
G1 X83.794 Y193.147 E395.92181
G1 X84.409 Y192.728 E395.94656
G1 X85.459 Y192.067 E395.98783
G1 X86.093 Y191.815 E396.01052
G1 X87.32 Y191.383 E396.05378
G1 X87.945 Y191.281 E396.07485
G1 X89.297 Y191.127 E396.1201
G1 X89.836 Y191.156 E396.13806
G1 X90.667 Y191.248 E396.16587
G1 X91.496 Y191.365 E396.19371
G1 X92.437 Y191.693 E396.22686
G1 X93.297 Y192.002 E396.25725
G1 X94.092 Y192.495 E396.28836
G1 X94.538 Y192.78 E396.30597
G1 X95 Y193.08 E396.32429
G1 X95.682 Y193.755 E396.3562
G1 X96.397 Y194.487 E396.39024
G1 X97.08 Y195.563 E396.43263
G1 X97.44 Y196.155 E396.45567
G1 X97.802 Y197.17 E396.49151
G1 X98.11 Y198.106 E396.52429
G1 X98.214 Y199.013 E396.55465
G1 X98.314 Y200.054 E396.58943
G1 X98.214 Y200.985 E396.62058
G1 X98.095 Y201.974 E396.65371
G1 X97.809 Y202.814 E396.68322
G1 X97.392 Y203.937 E396.72307
G1 X96.752 Y204.96 E396.7632
G1 X96.331 Y205.594 E396.78851
G1 X95.659 Y206.269 E396.82019
G1 X94.923 Y206.98 E396.85423
G1 X94.085 Y207.511 E396.88723
G1 X93.612 Y207.796 E396.90559
G1 X93.163 Y208.055 E396.92283
G1 X92.413 Y208.316 E396.94925
G1 X91.342 Y208.672 E396.98678
G1 X90.423 Y208.778 E397.01755
G1 X89.385 Y208.879 E397.05224
G1 X89.356 Y208.878 E397.0532
G1 X87.927 Y208.721 E397.10102
G1 X87.42 Y208.649 E397.11805
G1 X87.394 Y208.642 E397.11895
G1 X86.095 Y208.19 E397.16469
G1 X85.553 Y207.986 E397.18395
G1 X85.529 Y207.973 E397.18486
G1 X84.389 Y207.264 E397.22951
G1 X83.876 Y206.926 E397.24995
G1 X82.973 Y206.032 E397.29221
G1 X82.469 Y205.511 E397.31632
G1 X81.841 Y204.521 E397.35531
G1 X81.407 Y203.797 E397.38339
G1 X81.076 Y202.854 E397.41663
G1 X80.763 Y201.902 E397.44996
G1 X80.695 Y201.321 E397.46942
G1 X80.586 Y200.281 E397.5042
M204 S3000
M205 X10 Y10
G0 F4500 X63.531 Y202.267
G0 X62.467 Y202.053
G0 X60.377 Y199.972
M204 S1800
M205 X8 Y8
G1 F1046.5 X60.442 Y199.384 E397.52958
G1 F1166.3 X60.672 Y198.839 E397.55235
G1 F1350 X60.863 Y198.443 E397.56697
G1 X61.156 Y198.059 E397.58304
G1 X61.529 Y197.686 E397.60058
G1 X61.874 Y197.434 E397.61479
G1 X62.327 Y197.22 E397.63146
G1 X62.813 Y197.067 E397.6484
G1 X63.304 Y197.002 E397.66488
G1 X63.734 Y197.024 E397.6792
G1 X64.378 Y197.144 E397.70099
G1 X64.972 Y197.428 E397.72288
G1 X65.501 Y197.83 E397.74498
G1 X65.76 Y198.095 E397.75731
G1 X66.051 Y198.552 E397.77533
G1 X66.348 Y199.237 E397.80016
G1 X66.425 Y199.809 E397.81936
G1 X66.403 Y200.351 E397.8374
G1 X66.324 Y200.833 E397.85364
G1 X66.13 Y201.301 E397.87049
G1 X65.732 Y201.923 E397.89505
G1 X65.649 Y202.036 E397.89972
G1 X65.212 Y202.409 E397.91883
G1 X64.556 Y202.792 E397.94409
G1 X63.872 Y202.958 E397.9675
G1 X63.325 Y202.996 E397.98574
G1 X62.879 Y202.952 E398.00065
G1 X62.423 Y202.813 E398.0165
G1 X61.929 Y202.593 E398.03449
G1 X61.602 Y202.382 E398.04743
G1 X61.232 Y202.026 E398.06451
G1 X60.907 Y201.613 E398.08199
G1 F1168.8 X60.493 Y200.822 E398.11629
G1 F1050.6 X60.377 Y199.972 E398.15295
M204 S3000
M205 X10 Y10
G0 F4500 X62.136 Y201.878
G0 X99.428 Y222.514
M204 S1800
M205 X8 Y8
G1 F1350 X99.499 Y221.917 E398.17295
G1 X99.675 Y221.344 E398.19288
G1 X99.82 Y221.03 E398.20439
G1 X100.131 Y220.604 E398.22193
G1 X100.579 Y220.168 E398.24272
G1 X100.749 Y220.03 E398.25
G1 X101.212 Y219.783 E398.26746
G1 X101.814 Y219.583 E398.28856
G1 X102.247 Y219.519 E398.30312
G1 X102.633 Y219.527 E398.31596
G1 X103.256 Y219.634 E398.33698
G1 X103.602 Y219.743 E398.34905
G1 X104.064 Y220.006 E398.36673
G1 X104.456 Y220.32 E398.38343
G1 X104.668 Y220.501 E398.3927
G1 X105.008 Y220.983 E398.41232
G1 X105.272 Y221.545 E398.43297
G1 X105.415 Y222.202 E398.45534
G1 X105.399 Y222.934 E398.47969
G1 X105.303 Y223.418 E398.4961
G1 X105.108 Y223.86 E398.51217
G1 X104.84 Y224.305 E398.52945
G1 F1168.8 X104.452 Y224.82 E398.55422
G1 F1036.5 X104.029 Y225.1 E398.57619
G1 F1040.5 X103.403 Y225.424 E398.60661
G1 F1171.4 X102.881 Y225.474 E398.62671
G1 F1350 X102.33 Y225.513 E398.64509
G1 X101.878 Y225.468 E398.66019
G1 X101.417 Y225.328 E398.67622
G1 X100.946 Y225.12 E398.69334
G1 X100.582 Y224.883 E398.70779
G1 X100.231 Y224.54 E398.72411
G1 X99.816 Y223.999 E398.74679
G1 X99.557 Y223.343 E398.77025
G1 X99.428 Y222.514 E398.79815
M204 S3000
M205 X10 Y10
G0 F4500 X101.138 Y220.636
G0 X117.908 Y210.495
G0 X133.259 Y209.546
M204 S1800
M205 X8 Y8
G1 F1350 X133.854 Y208.95 E398.82616
M204 S3000
M205 X10 Y10
G0 F4500 X133.854 Y208.385
M204 S1800
M205 X8 Y8
G1 F1350 X132.692 Y209.546 E398.8808
M204 S3000
M205 X10 Y10
G0 F4500 X132.126 Y209.547
M204 S1800
M205 X8 Y8
G1 F1350 X133.854 Y207.819 E398.96208
M204 S3000
M205 X10 Y10
G0 F4500 X133.854 Y207.253
M204 S1800
M205 X8 Y8
G1 F1350 X131.56 Y209.548 E399.07
M204 S3000
M205 X10 Y10
G0 F4500 X130.993 Y209.548
M204 S1800
M205 X8 Y8
G1 F1350 X133.854 Y206.688 E399.20455
M204 S3000
M205 X10 Y10
G0 F4500 X133.854 Y206.122
M204 S1800
M205 X8 Y8
G1 F1350 X130.427 Y209.548 E399.36572
M204 S3000
M205 X10 Y10
G0 F4500 X129.861 Y209.549
M204 S1800
M205 X8 Y8
G1 F1350 X133.854 Y205.556 E399.55354
M204 S3000
M205 X10 Y10
G0 F4500 X133.854 Y204.99
M204 S1800
M205 X8 Y8
G1 F1350 X129.295 Y209.55 E399.76801
M204 S3000
M205 X10 Y10
G0 F4500 X128.728 Y209.551
M204 S1800
M205 X8 Y8
G1 F1350 X133.854 Y204.425 E400.00912
M204 S3000
M205 X10 Y10
G0 F4500 X133.854 Y203.859
M204 S1800
M205 X8 Y8
G1 F1350 X128.162 Y209.551 E400.27685
M204 S3000
M205 X10 Y10
G0 F4500 X127.596 Y209.551
M204 S1800
M205 X8 Y8
G1 F1350 X133.854 Y203.293 E400.57121
M204 S3000
M205 X10 Y10
G0 F4500 X133.854 Y202.728
M204 S1800
M205 X8 Y8
G1 F1350 X127.03 Y209.552 E400.89219
M204 S3000
M205 X10 Y10
G0 F4500 X126.463 Y209.553
M204 S1800
M205 X8 Y8
G1 F1350 X133.004 Y203.012 E401.19986
M204 S3000
M205 X10 Y10
G0 F4500 X132.291 Y203.16
M204 S1800
M205 X8 Y8
G1 F1350 X125.897 Y209.553 E401.50059
M204 S3000
M205 X10 Y10
G0 F4500 X125.331 Y209.553
M204 S1800
M205 X8 Y8
G1 F1350 X131.695 Y203.189 E401.79993
M204 S3000
M205 X10 Y10
G0 F4500 X131.221 Y203.098
M204 S1800
M205 X8 Y8
G1 F1350 X124.765 Y209.554 E402.1036
M204 S3000
M205 X10 Y10
G0 F4500 X124.199 Y209.555
M204 S1800
M205 X8 Y8
G1 F1350 X130.785 Y202.968 E402.41341
M204 S3000
M205 X10 Y10
G0 F4500 X130.407 Y202.781
M204 S1800
M205 X8 Y8
G1 F1350 X123.632 Y209.556 E402.73209
M204 S3000
M205 X10 Y10
G0 F4500 X123.066 Y209.556
M204 S1800
M205 X8 Y8
G1 F1350 X130.044 Y202.578 E403.06031
M204 S3000
M205 X10 Y10
G0 F4500 X129.75 Y202.306
M204 S1800
M205 X8 Y8
G1 F1350 X122.5 Y209.556 E403.40133
M204 S3000
M205 X10 Y10
G0 F4500 X121.934 Y209.557
M204 S1800
M205 X8 Y8
G1 F1350 X129.479 Y202.012 E403.75622
M204 S3000
M205 X10 Y10
G0 F4500 X129.244 Y201.681
M204 S1800
M205 X8 Y8
G1 F1350 X121.367 Y209.558 E404.12673
M204 S3000
M205 X10 Y10
G0 F4500 X120.801 Y209.558
M204 S1800
M205 X8 Y8
G1 F1350 X129.027 Y201.332 E404.51366
M204 S3000
M205 X10 Y10
G0 F4500 X128.882 Y200.911
M204 S1800
M205 X8 Y8
G1 F1350 X120.235 Y209.559 E404.92041
M204 S3000
M205 X10 Y10
G0 F4500 X119.669 Y209.559
M204 S1800
M205 X8 Y8
G1 F1350 X128.795 Y200.433 E405.34967
M204 S3000
M205 X10 Y10
G0 F4500 X128.731 Y199.931
M204 S1800
M205 X8 Y8
G1 F1350 X119.102 Y209.56 E405.80259
M204 S3000
M205 X10 Y10
G0 F4500 X118.536 Y209.56
M204 S1800
M205 X8 Y8
G1 F1350 X128.831 Y199.266 E406.28681
G1 X128.901 Y199.196
M204 S3000
M205 X10 Y10
G0 F4500 X129.244 Y198.287
M204 S1800
M205 X8 Y8
G1 F1350 X117.887 Y209.644 E406.82101
G1 X117.817 Y209.714
M204 S3000
M205 X10 Y10
G0 F4500 X116.831 Y210.7
M204 S1800
M205 X8 Y8
G1 F1350 X105.563 Y221.967 E407.351
M204 S3000
M205 X10 Y10
G0 F4500 X105.462 Y221.503
M204 S1800
M205 X8 Y8
G1 F1350 X133.855 Y193.11 E408.68652
M204 S3000
M205 X10 Y10
G0 F4500 X133.855 Y192.545
M204 S1800
M205 X8 Y8
G1 F1350 X105.289 Y221.11 E410.03015
M204 S3000
M205 X10 Y10
G0 F4500 X105.084 Y220.75
M204 S1800
M205 X8 Y8
G1 F1350 X133.855 Y191.979 E411.38345
M204 S3000
M205 X10 Y10
G0 F4500 X133.855 Y191.413
M204 S1800
M205 X8 Y8
G1 F1350 X104.853 Y220.415 E412.74761
M204 S3000
M205 X10 Y10
G0 F4500 X104.553 Y220.149
M204 S1800
M205 X8 Y8
G1 F1350 X133.855 Y190.848 E414.12587
M204 S3000
M205 X10 Y10
G0 F4500 X133.682 Y190.454
M204 S1800
M205 X8 Y8
G1 F1350 X104.234 Y219.903 E415.51103
M204 S3000
M205 X10 Y10
G0 F4500 X103.886 Y219.685
M204 S1800
M205 X8 Y8
G1 F1350 X133.117 Y190.454 E416.88597
M204 S3000
M205 X10 Y10
G0 F4500 X132.551 Y190.454
M204 S1800
M205 X8 Y8
G1 F1350 X103.494 Y219.511 E418.25272
M204 S3000
M205 X10 Y10
G0 F4500 X103.045 Y219.394
M204 S1800
M205 X8 Y8
G1 F1350 X131.985 Y190.454 E419.61397
M204 S3000
M205 X10 Y10
G0 F4500 X131.42 Y190.454
M204 S1800
M205 X8 Y8
G1 F1350 X102.55 Y219.324 E420.97193
M204 S3000
M205 X10 Y10
G0 F4500 X101.948 Y219.36
M204 S1800
M205 X8 Y8
G1 F1350 X130.853 Y190.455 E422.33153
M204 S3000
M205 X10 Y10
G0 F4500 X130.287 Y190.455
M204 S1800
M205 X8 Y8
G1 F1350 X101.15 Y219.592 E423.70205
G1 X101.08 Y219.662
M204 S3000
M205 X10 Y10
G0 F4500 X99.524 Y221.219
M204 S1800
M205 X8 Y8
G1 F1350 X91.413 Y229.33 E424.08356
M204 S3000
M205 X10 Y10
G0 F4500 X90.828 Y229.349
M204 S1800
M205 X8 Y8
G1 F1350 X129.722 Y190.455 E425.91302
M204 S3000
M205 X10 Y10
G0 F4500 X129.156 Y190.455
M204 S1800
M205 X8 Y8
G1 F1350 X90.248 Y229.364 E427.74315
M204 S3000
M205 X10 Y10
G0 F4500 X89.668 Y229.378
M204 S1800
M205 X8 Y8
G1 F1350 X128.59 Y190.456 E429.57393
M204 S3000
M205 X10 Y10
G0 F4500 X128.024 Y190.456
M204 S1800
M205 X8 Y8
G1 F1350 X89.087 Y229.393 E431.4054
M204 S3000
M205 X10 Y10
G0 F4500 X88.525 Y229.389
M204 S1800
M205 X8 Y8
G1 F1350 X127.458 Y190.456 E433.23669
M204 S3000
M205 X10 Y10
G0 F4500 X126.893 Y190.456
M204 S1800
M205 X8 Y8
G1 F1350 X87.993 Y229.355 E435.0664
M204 S3000
M205 X10 Y10
G0 F4500 X87.47 Y229.313
M204 S1800
M205 X8 Y8
G1 F1350 X126.327 Y190.456 E436.89412
M204 S3000
M205 X10 Y10
G0 F4500 X125.761 Y190.457
M204 S1800
M205 X8 Y8
G1 F1350 X86.949 Y229.268 E438.71969
M204 S3000
M205 X10 Y10
G0 F4500 X86.427 Y229.224
M204 S1800
M205 X8 Y8
G1 F1350 X125.195 Y190.457 E440.5432
M204 S3000
M205 X10 Y10
G0 F4500 X124.629 Y190.457
M204 S1800
M205 X8 Y8
G1 F1350 X85.906 Y229.18 E442.36461
M204 S3000
M205 X10 Y10
G0 F4500 X85.393 Y229.127
M204 S1800
M205 X8 Y8
G1 F1350 X124.064 Y190.457 E444.18355
M204 S3000
M205 X10 Y10
G0 F4500 X123.497 Y190.457
M204 S1800
M205 X8 Y8
G1 F1350 X84.914 Y229.041 E445.9984
M204 S3000
M205 X10 Y10
G0 F4500 X84.435 Y228.954
M204 S1800
M205 X8 Y8
G1 F1350 X122.931 Y190.457 E447.80916
M204 S3000
M205 X10 Y10
G0 F4500 X122.366 Y190.457
M204 S1800
M205 X8 Y8
G1 F1350 X83.963 Y228.86 E449.61552
M204 S3000
M205 X10 Y10
G0 F4500 X83.49 Y228.767
M204 S1800
M205 X8 Y8
G1 F1350 X121.8 Y190.457 E451.4175
M204 S3000
M205 X10 Y10
G0 F4500 X121.234 Y190.457
M204 S1800
M205 X8 Y8
G1 F1350 X83.017 Y228.674 E453.21511
M204 S3000
M205 X10 Y10
G0 F4500 X82.545 Y228.581
M204 S1800
M205 X8 Y8
G1 F1350 X120.668 Y190.458 E455.0083
M204 S3000
M205 X10 Y10
G0 F4500 X120.102 Y190.458
M204 S1800
M205 X8 Y8
G1 F1350 X82.09 Y228.47 E456.79627
M204 S3000
M205 X10 Y10
G0 F4500 X81.653 Y228.342
M204 S1800
M205 X8 Y8
G1 F1350 X119.537 Y190.458 E458.57822
M204 S3000
M205 X10 Y10
G0 F4500 X118.971 Y190.458
M204 S1800
M205 X8 Y8
G1 F1350 X81.22 Y228.209 E460.35391
M204 S3000
M205 X10 Y10
G0 F4500 X80.79 Y228.073
M204 S1800
M205 X8 Y8
G1 F1350 X118.405 Y190.458 E462.1232
M204 S3000
M205 X10 Y10
G0 F4500 X117.919 Y190.378
M204 S1800
M205 X8 Y8
G1 F1350 X80.361 Y227.937 E463.88984
M204 S3000
M205 X10 Y10
G0 F4500 X79.931 Y227.801
M204 S1800
M205 X8 Y8
G1 F1350 X117.526 Y190.206 E465.65819
M204 S3000
M205 X10 Y10
G0 F4500 X117.205 Y189.961
M204 S1800
M205 X8 Y8
G1 F1350 X79.501 Y227.665 E467.43167
M204 S3000
M205 X10 Y10
G0 F4500 X79.071 Y227.529
M204 S1800
M205 X8 Y8
G1 F1350 X116.973 Y189.628 E469.21444
M204 S3000
M205 X10 Y10
G0 F4500 X116.801 Y189.234
M204 S1800
M205 X8 Y8
G1 F1350 X78.676 Y227.359 E471.00773
M204 S3000
M205 X10 Y10
G0 F4500 X78.284 Y227.185
M204 S1800
M205 X8 Y8
G1 F1350 X116.642 Y188.827 E472.81197
M204 S3000
M205 X10 Y10
G0 F4500 X116.464 Y188.439
M204 S1800
M205 X8 Y8
G1 F1350 X77.892 Y227.011 E474.62628
M204 S3000
M205 X10 Y10
G0 F4500 X77.5 Y226.838
M204 S1800
M205 X8 Y8
G1 F1350 X116.282 Y188.056 E476.45046
M204 S3000
M205 X10 Y10
G0 F4500 X116.1 Y187.672
M204 S1800
M205 X8 Y8
G1 F1350 X77.108 Y226.664 E478.28453
M204 S3000
M205 X10 Y10
G0 F4500 X76.716 Y226.49
M204 S1800
M205 X8 Y8
G1 F1350 X115.918 Y187.289 E480.12845
M204 S3000
M205 X10 Y10
G0 F4500 X115.735 Y186.905
M204 S1800
M205 X8 Y8
G1 F1350 X76.324 Y226.317 E481.98224
M204 S3000
M205 X10 Y10
G0 F4500 X75.946 Y226.129
M204 S1800
M205 X8 Y8
G1 F1350 X94.753 Y207.323 E482.86684
G1 X94.823 Y207.253
M204 S3000
M205 X10 Y10
G0 F4500 X93.31 Y208.199
M204 S1800
M205 X8 Y8
G1 F1350 X75.588 Y225.922 E483.70045
M204 S3000
M205 X10 Y10
G0 F4500 X75.23 Y225.714
M204 S1800
M205 X8 Y8
G1 F1350 X92.424 Y208.52 E484.50921
G1 X92.494 Y208.45
M204 S3000
M205 X10 Y10
G0 F4500 X91.573 Y208.805
M204 S1800
M205 X8 Y8
G1 F1350 X74.872 Y225.506 E485.29477
M204 S3000
M205 X10 Y10
G0 F4500 X74.514 Y225.298
M204 S1800
M205 X8 Y8
G1 F1350 X90.89 Y208.922 E486.06505
M204 S3000
M205 X10 Y10
G0 F4500 X90.255 Y208.992
M204 S1800
M205 X8 Y8
G1 F1350 X74.157 Y225.09 E486.82225
M204 S3000
M205 X10 Y10
G0 F4500 X73.799 Y224.882
M204 S1800
M205 X8 Y8
G1 F1350 X89.626 Y209.055 E487.5667
M204 S3000
M205 X10 Y10
G0 F4500 X89.073 Y209.042
M204 S1800
M205 X8 Y8
G1 F1350 X73.441 Y224.674 E488.30198
M204 S3000
M205 X10 Y10
G0 F4500 X73.101 Y224.449
M204 S1800
M205 X8 Y8
G1 F1350 X88.562 Y208.988 E489.02922
M204 S3000
M205 X10 Y10
G0 F4500 X88.051 Y208.933
M204 S1800
M205 X8 Y8
G1 F1350 X72.775 Y224.209 E489.74776
M204 S3000
M205 X10 Y10
G0 F4500 X72.45 Y223.969
M204 S1800
M205 X8 Y8
G1 F1350 X87.55 Y208.868 E490.45804
M204 S3000
M205 X10 Y10
G0 F4500 X87.104 Y208.749
M204 S1800
M205 X8 Y8
G1 F1350 X72.124 Y223.729 E491.16265
M204 S3000
M205 X10 Y10
G0 F4500 X71.798 Y223.489
M204 S1800
M205 X8 Y8
G1 F1350 X86.684 Y208.603 E491.86284
M204 S3000
M205 X10 Y10
G0 F4500 X86.263 Y208.458
M204 S1800
M205 X8 Y8
G1 F1350 X71.472 Y223.249 E492.55857
M204 S3000
M205 X10 Y10
G0 F4500 X71.146 Y223.009
M204 S1800
M205 X8 Y8
G1 F1350 X85.847 Y208.308 E493.25006
M204 S3000
M205 X10 Y10
G0 F4500 X85.441 Y208.148
M204 S1800
M205 X8 Y8
G1 F1350 X70.82 Y222.769 E493.93778
M204 S3000
M205 X10 Y10
G0 F4500 X70.514 Y222.51
M204 S1800
M205 X8 Y8
G1 F1350 X85.092 Y207.932 E494.62349
M204 S3000
M205 X10 Y10
G0 F4500 X84.742 Y207.716
M204 S1800
M205 X8 Y8
G1 F1350 X70.22 Y222.238 E495.30656
M204 S3000
M205 X10 Y10
G0 F4500 X69.926 Y221.967
M204 S1800
M205 X8 Y8
G1 F1350 X84.393 Y207.5 E495.98704
M204 S3000
M205 X10 Y10
G0 F4500 X84.049 Y207.278
M204 S1800
M205 X8 Y8
G1 F1350 X69.633 Y221.694 E496.66513
M204 S3000
M205 X10 Y10
G0 F4500 X69.338 Y221.423
M204 S1800
M205 X8 Y8
G1 F1350 X83.716 Y207.045 E497.34142
M204 S3000
M205 X10 Y10
G0 F4500 X83.432 Y206.764
M204 S1800
M205 X8 Y8
G1 F1350 X69.045 Y221.151 E498.01814
M204 S3000
M205 X10 Y10
G0 F4500 X68.751 Y220.879
M204 S1800
M205 X8 Y8
G1 F1350 X83.147 Y206.483 E498.69529
M204 S3000
M205 X10 Y10
G0 F4500 X82.863 Y206.202
M204 S1800
M205 X8 Y8
G1 F1350 X68.457 Y220.607 E499.37288
M204 S3000
M205 X10 Y10
G0 F4500 X68.179 Y220.32
M204 S1800
M205 X8 Y8
G1 F1350 X82.583 Y205.916 E500.0504
M204 S3000
M205 X10 Y10
G0 F4500 X82.308 Y205.625
M204 S1800
M205 X8 Y8
G1 F1350 X67.916 Y220.017 E500.72735
M204 S3000
M205 X10 Y10
G0 F4500 X67.653 Y219.714
M204 S1800
M205 X8 Y8
G1 F1350 X82.088 Y205.28 E501.40631
M204 S3000
M205 X10 Y10
G0 F4500 X81.867 Y204.935
M204 S1800
M205 X8 Y8
G1 F1350 X67.39 Y219.411 E502.08724
M204 S3000
M205 X10 Y10
G0 F4500 X67.127 Y219.109
M204 S1800
M205 X8 Y8
G1 F1350 X81.648 Y204.588 E502.77026
M204 S3000
M205 X10 Y10
G0 F4500 X81.436 Y204.235
M204 S1800
M205 X8 Y8
G1 F1350 X66.864 Y218.806 E503.45566
M204 S3000
M205 X10 Y10
G0 F4500 X66.602 Y218.503
M204 S1800
M205 X8 Y8
G1 F1350 X81.227 Y203.877 E504.1436
M204 S3000
M205 X10 Y10
G0 F4500 X81.078 Y203.461
M204 S1800
M205 X8 Y8
G1 F1350 X66.339 Y218.2 E504.83688
M204 S3000
M205 X10 Y10
G0 F4500 X66.089 Y217.884
M204 S1800
M205 X8 Y8
G1 F1350 X80.931 Y203.042 E505.535
M204 S3000
M205 X10 Y10
G0 F4500 X80.789 Y202.618
M204 S1800
M205 X8 Y8
G1 F1350 X65.858 Y217.549 E506.23731
M204 S3000
M205 X10 Y10
G0 F4500 X65.627 Y217.214
M204 S1800
M205 X8 Y8
G1 F1350 X80.649 Y202.193 E506.94387
M204 S3000
M205 X10 Y10
G0 F4500 X80.542 Y201.734
M204 S1800
M205 X8 Y8
G1 F1350 X65.396 Y216.88 E507.65629
M204 S3000
M205 X10 Y10
G0 F4500 X65.165 Y216.545
M204 S1800
M205 X8 Y8
G1 F1350 X80.483 Y201.227 E508.37681
M204 S3000
M205 X10 Y10
G0 F4500 X80.43 Y200.715
M204 S1800
M205 X8 Y8
G1 F1350 X64.934 Y216.211 E509.10569
M204 S3000
M205 X10 Y10
G0 F4500 X64.703 Y215.876
M204 S1800
M205 X8 Y8
G1 F1350 X80.378 Y200.201 E509.84299
M204 S3000
M205 X10 Y10
G0 F4500 X80.39 Y199.623
M204 S1800
M205 X8 Y8
G1 F1350 X64.471 Y215.542 E510.59178
M204 S3000
M205 X10 Y10
G0 F4500 X64.256 Y215.191
M204 S1800
M205 X8 Y8
G1 F1350 X80.458 Y198.99 E511.35384
M204 S3000
M205 X10 Y10
G0 F4500 X80.538 Y198.344
M204 S1800
M205 X8 Y8
G1 F1350 X64.058 Y214.823 E512.12899
M204 S3000
M205 X10 Y10
G0 F4500 X63.86 Y214.456
M204 S1800
M205 X8 Y8
G1 F1350 X80.703 Y197.613 E512.92123
G1 X80.773 Y197.543
M204 S3000
M205 X10 Y10
G0 F4500 X81.005 Y196.746
M204 S1800
M205 X8 Y8
G1 F1350 X63.662 Y214.088 E513.73697
M204 S3000
M205 X10 Y10
G0 F4500 X63.464 Y213.72
M204 S1800
M205 X8 Y8
G1 F1350 X81.45 Y195.734 E514.58298
G1 X81.52 Y195.664
M204 S3000
M205 X10 Y10
G0 F4500 X85.181 Y192.004
M204 S1800
M205 X8 Y8
G1 F1350 X99.294 Y177.891 E515.24681
M204 S3000
M205 X10 Y10
G0 F4500 X99.376 Y178.374
M204 S1800
M205 X8 Y8
G1 F1350 X86.175 Y191.576 E515.86777
G1 X86.105 Y191.646
M204 S3000
M205 X10 Y10
G0 F4500 X87.053 Y191.263
M204 S1800
M205 X8 Y8
G1 F1350 X99.517 Y178.799 E516.45404
M204 S3000
M205 X10 Y10
G0 F4500 X99.718 Y179.164
M204 S1800
M205 X8 Y8
G1 F1350 X87.782 Y191.1 E517.01547
M204 S3000
M205 X10 Y10
G0 F4500 X88.422 Y191.026
M204 S1800
M205 X8 Y8
G1 F1350 X99.963 Y179.484 E517.55835
M204 S3000
M205 X10 Y10
G0 F4500 X100.226 Y179.787
M204 S1800
M205 X8 Y8
G1 F1350 X89.062 Y190.952 E518.08349
M204 S3000
M205 X10 Y10
G0 F4500 X89.645 Y190.934
M204 S1800
M205 X8 Y8
G1 F1350 X100.532 Y180.047 E518.59558
M204 S3000
M205 X10 Y10
G0 F4500 X100.882 Y180.262
M204 S1800
M205 X8 Y8
G1 F1350 X90.155 Y190.99 E519.10017
M204 S3000
M205 X10 Y10
G0 F4500 X90.665 Y191.046
M204 S1800
M205 X8 Y8
G1 F1350 X101.266 Y180.444 E519.59883
M204 S3000
M205 X10 Y10
G0 F4500 X101.693 Y180.583
M204 S1800
M205 X8 Y8
G1 F1350 X91.158 Y191.118 E520.09436
M204 S3000
M205 X10 Y10
G0 F4500 X91.64 Y191.202
M204 S1800
M205 X8 Y8
G1 F1350 X102.176 Y180.666 E520.58995
M204 S3000
M205 X10 Y10
G0 F4500 X102.763 Y180.645
M204 S1800
M205 X8 Y8
G1 F1350 X92.057 Y191.35 E521.0935
M204 S3000
M205 X10 Y10
G0 F4500 X92.474 Y191.499
M204 S1800
M205 X8 Y8
G1 F1350 X103.473 Y180.5 E521.61086
G1 X103.543 Y180.43
M204 S3000
M205 X10 Y10
G0 F4500 X105.463 Y178.51
M204 S1800
M205 X8 Y8
G1 F1350 X107.302 Y176.671 E521.69736
M204 S3000
M205 X10 Y10
G0 F4500 X107.614 Y176.925
M204 S1800
M205 X8 Y8
G1 F1350 X92.892 Y191.647 E522.38984
M204 S3000
M205 X10 Y10
G0 F4500 X93.309 Y191.795
M204 S1800
M205 X8 Y8
G1 F1350 X107.925 Y177.179 E523.07733
M204 S3000
M205 X10 Y10
G0 F4500 X108.237 Y177.433
M204 S1800
M205 X8 Y8
G1 F1350 X93.67 Y192 E523.76252
M204 S3000
M205 X10 Y10
G0 F4500 X94.02 Y192.216
M204 S1800
M205 X8 Y8
G1 F1350 X108.549 Y177.687 E524.44592
M204 S3000
M205 X10 Y10
G0 F4500 X108.86 Y177.942
M204 S1800
M205 X8 Y8
G1 F1350 X94.367 Y192.434 E525.1276
M204 S3000
M205 X10 Y10
G0 F4500 X94.712 Y192.656
M204 S1800
M205 X8 Y8
G1 F1350 X109.172 Y178.195 E525.80778
M204 S3000
M205 X10 Y10
G0 F4500 X109.46 Y178.473
M204 S1800
M205 X8 Y8
G1 F1350 X95.055 Y192.878 E526.48534
M204 S3000
M205 X10 Y10
G0 F4500 X95.351 Y193.147
M204 S1800
M205 X8 Y8
G1 F1350 X109.742 Y178.757 E527.16223
M204 S3000
M205 X10 Y10
G0 F4500 X110.024 Y179.04
M204 S1800
M205 X8 Y8
G1 F1350 X95.636 Y193.428 E527.839
M204 S3000
M205 X10 Y10
G0 F4500 X95.92 Y193.71
M204 S1800
M205 X8 Y8
G1 F1350 X110.303 Y179.327 E528.51553
M204 S3000
M205 X10 Y10
G0 F4500 X110.583 Y179.612
M204 S1800
M205 X8 Y8
G1 F1350 X96.199 Y193.996 E529.19211
M204 S3000
M205 X10 Y10
G0 F4500 X96.479 Y194.283
M204 S1800
M205 X8 Y8
G1 F1350 X110.863 Y179.898 E529.86871
M204 S3000
M205 X10 Y10
G0 F4500 X111.143 Y180.184
M204 S1800
M205 X8 Y8
G1 F1350 X96.714 Y194.613 E530.54741
M204 S3000
M205 X10 Y10
G0 F4500 X96.934 Y194.959
M204 S1800
M205 X8 Y8
G1 F1350 X111.423 Y180.47 E531.22892
M204 S3000
M205 X10 Y10
G0 F4500 X111.681 Y180.778
M204 S1800
M205 X8 Y8
G1 F1350 X97.154 Y195.305 E531.91223
M204 S3000
M205 X10 Y10
G0 F4500 X97.37 Y195.654
M204 S1800
M205 X8 Y8
G1 F1350 X111.931 Y181.093 E532.59713
M204 S3000
M205 X10 Y10
G0 F4500 X112.181 Y181.409
M204 S1800
M205 X8 Y8
G1 F1350 X97.584 Y196.006 E533.28373
M204 S3000
M205 X10 Y10
G0 F4500 X97.743 Y196.413
M204 S1800
M205 X8 Y8
G1 F1350 X112.431 Y181.725 E533.97461
M204 S3000
M205 X10 Y10
G0 F4500 X112.681 Y182.041
M204 S1800
M205 X8 Y8
G1 F1350 X97.892 Y196.829 E534.67022
M204 S3000
M205 X10 Y10
G0 F4500 X98.038 Y197.248
M204 S1800
M205 X8 Y8
G1 F1350 X112.929 Y182.357 E535.37064
M204 S3000
M205 X10 Y10
G0 F4500 X113.178 Y182.675
M204 S1800
M205 X8 Y8
G1 F1350 X98.179 Y197.673 E536.07613
M204 S3000
M205 X10 Y10
G0 F4500 X98.309 Y198.11
M204 S1800
M205 X8 Y8
G1 F1350 X113.426 Y182.992 E536.78721
M204 S3000
M205 X10 Y10
G0 F4500 X113.656 Y183.328
M204 S1800
M205 X8 Y8
G1 F1350 X98.368 Y198.616 E537.50631
M204 S3000
M205 X10 Y10
G0 F4500 X98.425 Y199.125
M204 S1800
M205 X8 Y8
G1 F1350 X113.877 Y183.673 E538.23312
M204 S3000
M205 X10 Y10
G0 F4500 X114.093 Y184.022
M204 S1800
M205 X8 Y8
G1 F1350 X98.473 Y199.643 E538.96786
M204 S3000
M205 X10 Y10
G0 F4500 X98.504 Y200.177
M204 S1800
M205 X8 Y8
G1 F1350 X114.309 Y184.372 E539.71128
M204 S3000
M205 X10 Y10
G0 F4500 X114.525 Y184.721
M204 S1800
M205 X8 Y8
G1 F1350 X98.434 Y200.813 E540.46818
M204 S3000
M205 X10 Y10
G0 F4500 X98.357 Y201.455
M204 S1800
M205 X8 Y8
G1 F1350 X114.741 Y185.071 E541.23883
M204 S3000
M205 X10 Y10
G0 F4500 X114.957 Y185.421
M204 S1800
M205 X8 Y8
G1 F1350 X98.256 Y202.122 E542.02439
G1 X98.186 Y202.192
M204 S3000
M205 X10 Y10
G0 F4500 X97.958 Y202.986
M204 S1800
M205 X8 Y8
G1 F1350 X115.173 Y185.771 E542.83414
M204 S3000
M205 X10 Y10
G0 F4500 X115.366 Y186.143
M204 S1800
M205 X8 Y8
G1 F1350 X97.622 Y203.887 E543.66876
G1 X97.552 Y203.957
M204 S3000
M205 X10 Y10
G0 F4500 X96.746 Y205.329
M204 S1800
M205 X8 Y8
G1 F1350 X115.553 Y186.522 E544.55338
G1 X115.623 Y186.452
M204 S3000
M205 X10 Y10
G0 F4500 X105.604 Y177.803
M204 S1800
M205 X8 Y8
G1 F1350 X106.99 Y176.417 E544.61858
M204 S3000
M205 X10 Y10
G0 F4500 X106.671 Y176.171
M204 S1800
M205 X8 Y8
G1 F1350 X105.612 Y177.23 E544.66839
M204 S3000
M205 X10 Y10
G0 F4500 X105.544 Y176.732
M204 S1800
M205 X8 Y8
G1 F1350 X106.329 Y175.947 E544.70531
M204 S3000
M205 X10 Y10
G0 F4500 X105.986 Y175.725
M204 S1800
M205 X8 Y8
G1 F1350 X105.399 Y176.311 E544.7329
M204 S3000
M205 X10 Y10
G0 F4500 X105.22 Y175.925
M204 S1800
M205 X8 Y8
G1 F1350 X105.643 Y175.501 E544.75282
M204 S3000
M205 X10 Y10
G0 F4500 X105.301 Y175.278
M204 S1800
M205 X8 Y8
G1 F1350 X104.998 Y175.58 E544.76705
M204 S3000
M205 X10 Y10
G0 F4500 X104.807 Y175.206
M204 S1800
M205 X8 Y8
G1 F1350 X104.897 Y175.117 E544.77126
M204 S3000
M205 X10 Y10
G0 F4500 X103.129 Y174.056
M204 S1800
M205 X8 Y8
G1 F1350 X102.872 Y174.313 E544.78335
M204 S3000
M205 X10 Y10
G0 F4500 X102.785 Y173.835
M204 S1800
M205 X8 Y8
G1 F1350 X102.331 Y174.289 E544.8047
M204 S3000
M205 X10 Y10
G0 F4500 X102.408 Y173.646
M204 S1800
M205 X8 Y8
G1 F1350 X101.665 Y174.388 E544.83963
G1 X101.595 Y174.458
M204 S3000
M205 X10 Y10
G0 F4500 X102.03 Y173.458
M204 S1800
M205 X8 Y8
G1 F1350 X100.689 Y174.798 E544.90268
G1 X100.619 Y174.868
M204 S3000
M205 X10 Y10
G0 F4500 X99.789 Y175.699
M204 S1800
M205 X8 Y8
G1 F1350 X62.87 Y212.617 E546.63921
M204 S3000
M205 X10 Y10
G0 F4500 X63.068 Y212.985
M204 S1800
M205 X8 Y8
G1 F1350 X99.344 Y176.709 E548.34552
M204 S3000
M205 X10 Y10
G0 F4500 X99.23 Y177.389
M204 S1800
M205 X8 Y8
G1 F1350 X63.266 Y213.353 E550.03716
G1 X63.196 Y213.423
M204 S3000
M205 X10 Y10
G0 F4500 X62.698 Y212.224
M204 S1800
M205 X8 Y8
G1 F1350 X101.653 Y173.269 E551.86948
M204 S3000
M205 X10 Y10
G0 F4500 X101.276 Y173.08
M204 S1800
M205 X8 Y8
G1 F1350 X62.535 Y211.821 E553.69174
M204 S3000
M205 X10 Y10
G0 F4500 X62.372 Y211.419
M204 S1800
M205 X8 Y8
G1 F1350 X100.872 Y172.919 E555.50266
M204 S3000
M205 X10 Y10
G0 F4500 X100.461 Y172.764
M204 S1800
M205 X8 Y8
G1 F1350 X62.209 Y211.016 E557.30192
M204 S3000
M205 X10 Y10
G0 F4500 X62.046 Y210.613
M204 S1800
M205 X8 Y8
G1 F1350 X100.05 Y172.609 E559.08951
M204 S3000
M205 X10 Y10
G0 F4500 X99.639 Y172.454
M204 S1800
M205 X8 Y8
G1 F1350 X61.883 Y210.21 E560.86544
M204 S3000
M205 X10 Y10
G0 F4500 X61.721 Y209.807
M204 S1800
M205 X8 Y8
G1 F1350 X99.229 Y172.3 E562.62968
M204 S3000
M205 X10 Y10
G0 F4500 X98.815 Y172.147
M204 S1800
M205 X8 Y8
G1 F1350 X61.567 Y209.396 E564.38173
M204 S3000
M205 X10 Y10
G0 F4500 X61.443 Y208.954
M204 S1800
M205 X8 Y8
G1 F1350 X98.399 Y171.998 E566.12003
M204 S3000
M205 X10 Y10
G0 F4500 X97.973 Y171.858
M204 S1800
M205 X8 Y8
G1 F1350 X61.319 Y208.512 E567.84412
M204 S3000
M205 X10 Y10
G0 F4500 X61.195 Y208.07
M204 S1800
M205 X8 Y8
G1 F1350 X97.522 Y171.744 E569.55281
M204 S3000
M205 X10 Y10
G0 F4500 X97.069 Y171.631
M204 S1800
M205 X8 Y8
G1 F1350 X61.072 Y207.627 E571.24597
M204 S3000
M205 X10 Y10
G0 F4500 X60.949 Y207.185
M204 S1800
M205 X8 Y8
G1 F1350 X96.616 Y171.517 E572.92366
M204 S3000
M205 X10 Y10
G0 F4500 X96.163 Y171.405
M204 S1800
M205 X8 Y8
G1 F1350 X66.395 Y201.173 E574.32386
M204 S3000
M205 X10 Y10
G0 F4500 X66.595 Y200.408
M204 S1800
M205 X8 Y8
G1 F1350 X95.711 Y171.292 E575.69339
M204 S3000
M205 X10 Y10
G0 F4500 X95.257 Y171.179
M204 S1800
M205 X8 Y8
G1 F1350 X66.625 Y199.812 E577.04017
M204 S3000
M205 X10 Y10
G0 F4500 X66.563 Y199.308
M204 S1800
M205 X8 Y8
G1 F1350 X94.79 Y171.081 E578.36788
M204 S3000
M205 X10 Y10
G0 F4500 X94.292 Y171.013
M204 S1800
M205 X8 Y8
G1 F1350 X66.412 Y198.893 E579.67927
M204 S3000
M205 X10 Y10
G0 F4500 X66.246 Y198.494
M204 S1800
M205 X8 Y8
G1 F1350 X93.794 Y170.945 E580.97507
M204 S3000
M205 X10 Y10
G0 F4500 X93.297 Y170.878
M204 S1800
M205 X8 Y8
G1 F1350 X66.029 Y198.145 E582.25765
M204 S3000
M205 X10 Y10
G0 F4500 X65.779 Y197.83
M204 S1800
M205 X8 Y8
G1 F1350 X92.797 Y170.811 E583.52852
M204 S3000
M205 X10 Y10
G0 F4500 X92.297 Y170.745
M204 S1800
M205 X8 Y8
G1 F1350 X65.48 Y197.562 E584.7899
M204 S3000
M205 X10 Y10
G0 F4500 X65.16 Y197.317
M204 S1800
M205 X8 Y8
G1 F1350 X91.798 Y170.68 E586.04285
M204 S3000
M205 X10 Y10
G0 F4500 X91.251 Y170.66
M204 S1800
M205 X8 Y8
G1 F1350 X64.793 Y197.118 E587.28735
M204 S3000
M205 X10 Y10
G0 F4500 X64.395 Y196.951
M204 S1800
M205 X8 Y8
G1 F1350 X90.699 Y170.646 E588.52464
M204 S3000
M205 X10 Y10
G0 F4500 X90.148 Y170.632
M204 S1800
M205 X8 Y8
G1 F1350 X63.923 Y196.857 E589.75818
M204 S3000
M205 X10 Y10
G0 F4500 X63.403 Y196.811
M204 S1800
M205 X8 Y8
G1 F1350 X89.596 Y170.619 E590.9902
M204 S3000
M205 X10 Y10
G0 F4500 X89.041 Y170.607
M204 S1800
M205 X8 Y8
G1 F1350 X62.777 Y196.871 E592.22557
G1 X62.707 Y196.941
M204 S3000
M205 X10 Y10
G0 F4500 X61.859 Y197.224
M204 S1800
M205 X8 Y8
G1 F1350 X88.483 Y170.6 E593.47789
M204 S3000
M205 X10 Y10
G0 F4500 X87.866 Y170.651
M204 S1800
M205 X8 Y8
G1 F1350 X60.106 Y198.411 E594.78363
M204 S3000
M205 X10 Y10
G0 F4500 X60.629 Y198.454
M204 S1800
M205 X8 Y8
G1 F1350 X60.125 Y198.958 E594.80734
M204 S3000
M205 X10 Y10
G0 F4500 X60.14 Y197.811
M204 S1800
M205 X8 Y8
G1 F1350 X87.249 Y170.703 E596.08244
M204 S3000
M205 X10 Y10
G0 F4500 X86.631 Y170.754
M204 S1800
M205 X8 Y8
G1 F1350 X60.175 Y197.211 E597.32687
M204 S3000
M205 X10 Y10
G0 F4500 X60.225 Y196.595
M204 S1800
M205 X8 Y8
G1 F1350 X86.014 Y170.806 E598.53991
M204 S3000
M205 X10 Y10
G0 F4500 X85.388 Y170.867
M204 S1800
M205 X8 Y8
G1 F1350 X60.338 Y195.917 E599.71818
M204 S3000
M205 X10 Y10
G0 F4500 X60.45 Y195.239
M204 S1800
M205 X8 Y8
G1 F1350 X84.695 Y170.994 E600.85859
M204 S3000
M205 X10 Y10
G0 F4500 X83.99 Y171.133
M204 S1800
M205 X8 Y8
G1 F1350 X60.563 Y194.56 E601.96053
M204 S3000
M205 X10 Y10
G0 F4500 X60.676 Y193.882
M204 S1800
M205 X8 Y8
G1 F1350 X83.285 Y171.272 E603.02401
M204 S3000
M205 X10 Y10
G0 F4500 X82.58 Y171.412
M204 S1800
M205 X8 Y8
G1 F1350 X60.849 Y193.143 E604.04617
G1 X60.779 Y193.213
M204 S3000
M205 X10 Y10
G0 F4500 X61.069 Y192.357
M204 S1800
M205 X8 Y8
G1 F1350 X81.817 Y171.609 E605.02209
G1 X81.887 Y171.539
M204 S3000
M205 X10 Y10
G0 F4500 X81.001 Y171.859
M204 S1800
M205 X8 Y8
G1 F1350 X61.289 Y191.571 E605.94928
G1 X61.219 Y191.641
M204 S3000
M205 X10 Y10
G0 F4500 X61.51 Y190.785
M204 S1800
M205 X8 Y8
G1 F1350 X80.175 Y172.12 E606.82723
G1 X80.245 Y172.05
M204 S3000
M205 X10 Y10
G0 F4500 X79.348 Y172.381
M204 S1800
M205 X8 Y8
G1 F1350 X61.836 Y189.893 E607.65094
G1 X61.766 Y189.963
M204 S3000
M205 X10 Y10
G0 F4500 X62.223 Y188.941
M204 S1800
M205 X8 Y8
G1 F1350 X78.402 Y172.761 E608.41197
G1 X78.472 Y172.691
M204 S3000
M205 X10 Y10
G0 F4500 X77.386 Y173.212
M204 S1800
M205 X8 Y8
G1 F1350 X62.61 Y187.988 E609.10699
G1 X62.54 Y188.058
M204 S3000
M205 X10 Y10
G0 F4500 X63.124 Y186.908
M204 S1800
M205 X8 Y8
G1 F1350 X76.371 Y173.661 E609.73009
G1 X76.441 Y173.591
M204 S3000
M205 X10 Y10
G0 F4500 X75.113 Y174.354
M204 S1800
M205 X8 Y8
G1 F1350 X63.784 Y185.682 E610.26294
G1 X63.714 Y185.752
M204 S3000
M205 X10 Y10
G0 F4500 X64.53 Y184.371
M204 S1800
M205 X8 Y8
G1 F1350 X73.763 Y175.138 E610.69724
G1 X73.833 Y175.068
M204 S3000
M205 X10 Y10
G0 F4500 X71.891 Y176.444
M204 S1800
M205 X8 Y8
G1 F1350 X65.792 Y182.543 E610.98411
G1 X65.722 Y182.613
M204 S3000
M205 X10 Y10
G0 F4500 X60.321 Y201.024
M204 S1800
M205 X8 Y8
G1 F1350 X60.135 Y201.211 E610.99289
M204 S3000
M205 X10 Y10
G0 F4500 X60.543 Y201.368
M204 S1800
M205 X8 Y8
G1 F1350 X60.118 Y201.793 E611.01288
M204 S3000
M205 X10 Y10
G0 F4500 X60.147 Y202.33
M204 S1800
M205 X8 Y8
G1 F1350 X60.746 Y201.731 E611.04105
M204 S3000
M205 X10 Y10
G0 F4500 X60.997 Y202.046
M204 S1800
M205 X8 Y8
G1 F1350 X60.176 Y202.866 E611.07965
M204 S3000
M205 X10 Y10
G0 F4500 X60.226 Y203.383
M204 S1800
M205 X8 Y8
G1 F1350 X61.27 Y202.339 E611.12875
M204 S3000
M205 X10 Y10
G0 F4500 X61.574 Y202.6
M204 S1800
M205 X8 Y8
G1 F1350 X60.306 Y203.868 E611.1884
M204 S3000
M205 X10 Y10
G0 F4500 X60.386 Y204.354
M204 S1800
M205 X8 Y8
G1 F1350 X61.929 Y202.811 E611.26097
M204 S3000
M205 X10 Y10
G0 F4500 X62.322 Y202.984
M204 S1800
M205 X8 Y8
G1 F1350 X60.466 Y204.84 E611.34827
M204 S3000
M205 X10 Y10
G0 F4500 X60.546 Y205.325
M204 S1800
M205 X8 Y8
G1 F1350 X62.755 Y203.117 E611.45216
M204 S3000
M205 X10 Y10
G0 F4500 X63.25 Y203.187
M204 S1800
M205 X8 Y8
G1 F1350 X60.626 Y205.811 E611.57558
M204 S3000
M205 X10 Y10
G0 F4500 X60.715 Y206.288
M204 S1800
M205 X8 Y8
G1 F1350 X63.84 Y203.163 E611.72257
M204 S3000
M205 X10 Y10
G0 F4500 X64.58 Y202.988
M204 S1800
M205 X8 Y8
G1 F1350 X60.825 Y206.743 E611.8992
G1 X60.755 Y206.813
M204 S3000
M205 X10 Y10
G0 F4500 X92.016 Y229.292
M204 S1800
M205 X8 Y8
G1 F1350 X99.283 Y222.025 E612.24101
M204 S3000
M205 X10 Y10
G0 F4500 X99.248 Y222.626
M204 S1800
M205 X8 Y8
G1 F1350 X92.67 Y229.204 E612.55042
M204 S3000
M205 X10 Y10
G0 F4500 X93.324 Y229.116
M204 S1800
M205 X8 Y8
G1 F1350 X99.318 Y223.122 E612.83236
M204 S3000
M205 X10 Y10
G0 F4500 X99.436 Y223.569
M204 S1800
M205 X8 Y8
G1 F1350 X93.979 Y229.026 E613.08904
M204 S3000
M205 X10 Y10
G0 F4500 X94.645 Y228.926
M204 S1800
M205 X8 Y8
G1 F1350 X99.591 Y223.981 E613.32166
M204 S3000
M205 X10 Y10
G0 F4500 X99.819 Y224.318
M204 S1800
M205 X8 Y8
G1 F1350 X95.335 Y228.802 E613.53258
M204 S3000
M205 X10 Y10
G0 F4500 X96.092 Y228.611
M204 S1800
M205 X8 Y8
G1 F1350 X100.059 Y224.644 E613.71917
M204 S3000
M205 X10 Y10
G0 F4500 X100.341 Y224.927
M204 S1800
M205 X8 Y8
G1 F1350 X96.848 Y228.42 E613.88347
M204 S3000
M205 X10 Y10
G0 F4500 X97.606 Y228.228
M204 S1800
M205 X8 Y8
G1 F1350 X100.664 Y225.17 E614.02731
M204 S3000
M205 X10 Y10
G0 F4500 X101.027 Y225.372
M204 S1800
M205 X8 Y8
G1 F1350 X98.393 Y228.007 E614.15123
G1 X98.323 Y228.077
M204 S3000
M205 X10 Y10
G0 F4500 X99.292 Y227.673
M204 S1800
M205 X8 Y8
G1 F1350 X101.425 Y225.54 E614.25156
M204 S3000
M205 X10 Y10
G0 F4500 X101.866 Y225.665
M204 S1800
M205 X8 Y8
G1 F1350 X100.192 Y227.339 E614.3303
G1 X100.122 Y227.409
M204 S3000
M205 X10 Y10
G0 F4500 X101.113 Y226.984
M204 S1800
M205 X8 Y8
G1 F1350 X102.389 Y225.707 E614.39034
M204 S3000
M205 X10 Y10
G0 F4500 X102.992 Y225.671
M204 S1800
M205 X8 Y8
G1 F1350 X102.209 Y226.453 E614.42715
G1 X102.139 Y226.523
M204 S3000
M205 X10 Y10
G0 F4500 X104.894 Y224.9
M204 S1800
M205 X8 Y8
G1 F1350 X114.539 Y215.254 E614.88084
G1 X114.609 Y215.184
M204 S3000
M205 X10 Y10
G0 F4500 X115.372 Y213.855
M204 S1800
M205 X8 Y8
G1 F1350 X105.289 Y223.939 E615.35514
G1 X105.219 Y224.009
M204 S3000
M205 X10 Y10
G0 F4500 X105.572 Y223.09
M204 S1800
M205 X8 Y8
G1 F1350 X115.885 Y212.777 E615.84023
G1 X115.955 Y212.707
M204 S3000
M205 X10 Y10
G0 F4500 X116.398 Y211.698
M204 S1800
M205 X8 Y8
G1 F1350 X105.612 Y222.484 E616.34757
G1 X105.542 Y222.554
M204 S3000
M205 X10 Y10
G0 F4500 X106.273 Y224.086
M204 S1800
M205 X8 Y8
G1 F1350 X113.611 Y216.748 E616.69273
G1 X113.681 Y216.678
M204 S3000
M205 X10 Y10
G0 F4500 X111.644 Y219.281
M204 S1800
M205 X8 Y8
G1 F1350 X108.943 Y221.982 E616.81978
G1 X108.873 Y222.052
M204 S3000
M205 X10 Y10
G0 F4500 X117.908 Y210.495
G0 X130.228 Y197.303
M204 S1800
M205 X8 Y8
G1 F1350 X133.855 Y193.676 E616.99038
M204 S3000
M205 X10 Y10
G0 F4500 X133.855 Y194.242
M204 S1800
M205 X8 Y8
G1 F1350 X131.207 Y196.89 E617.11493
M204 S3000
M205 X10 Y10
G0 F4500 X131.852 Y196.81
M204 S1800
M205 X8 Y8
G1 F1350 X133.855 Y194.807 E617.20915
M204 S3000
M205 X10 Y10
G0 F4500 X133.855 Y195.373
M204 S1800
M205 X8 Y8
G1 F1350 X132.379 Y196.849 E617.27857
M204 S3000
M205 X10 Y10
G0 F4500 X132.852 Y196.941
M204 S1800
M205 X8 Y8
G1 F1350 X133.855 Y195.939 E617.32573
M204 S3000
M205 X10 Y10
G0 F4500 X133.855 Y196.504
M204 S1800
M205 X8 Y8
G1 F1350 X133.27 Y197.089 E617.35325
M204 S3000
M205 X10 Y10
G0 F4500 X133.616 Y197.309
M204 S1800
M205 X8 Y8
G1 F1350 X133.855 Y197.07 E617.36449
M204 S3000
M205 X10 Y10
;MESH:NONMESH
G0 F600 X133.855 Y197.07 Z0.6
G0 F4500 X117.905 Y189.522
G0 X101.137 Y179.362
G0 X100.506 Y178.678
G0 X100.125 Y177.767
G0 X100.548 Y177.718
;TIME_ELAPSED:658.608077
;LAYER:2
M204 S1800
M205 X8 Y8
;TYPE:WALL-OUTER
;MESH:14_4_2.stl
G1 F3000 X100.549 Y177.247 E617.38015
G1 X100.723 Y176.631 E617.40144
G1 X101.17 Y176.064 E617.42546
G1 X101.555 Y175.8 E617.44098
G1 X102.16 Y175.591 E617.46227
G1 X102.886 Y175.636 E617.48647
G1 X103.323 Y175.804 E617.50204
G1 X103.856 Y176.201 E617.52414
G1 X104.218 Y176.82 E617.54799
G1 X104.321 Y177.258 E617.56296
G1 X104.301 Y177.899 E617.58429
G1 X104.09 Y178.378 E617.6017
G1 X103.971 Y178.604 E617.61019
G1 X103.69 Y178.911 E617.62403
G1 X103.153 Y179.256 E617.64526
G1 X102.872 Y179.33 E617.65493
G1 X102.233 Y179.386 E617.67626
G1 X101.569 Y179.174 E617.69945
G1 X101.169 Y178.902 E617.71553
G1 X100.761 Y178.409 E617.73682
G1 X100.548 Y177.718 E617.76087
M204 S3000
M205 X10 Y10
G0 F6000 X100.548 Y177.518
G0 X100.017 Y177.579
G0 X100.336 Y178.585
G0 X101.087 Y179.432
G0 X118.057 Y189.941
G0 X118.486 Y189.499
M204 S1800
M205 X8 Y8
G1 F3000 X118.341 Y189.416 E617.76643
G1 X118.098 Y188.79 E617.78876
G1 X117.845 Y188.121 E617.81255
G1 X116.63 Y185.563 E617.90674
G1 X116.374 Y185.079 E617.92495
G1 X114.987 Y182.839 E618.01258
G1 X114.575 Y182.216 E618.03742
G1 X112.829 Y179.985 E618.13165
G1 X112.475 Y179.567 E618.14986
G1 X110.494 Y177.541 E618.24411
G1 X110.097 Y177.165 E618.2623
G1 X107.905 Y175.369 E618.35655
G1 X107.469 Y175.037 E618.37478
G1 X105.075 Y173.482 E618.46972
G1 X104.625 Y173.211 E618.48719
G1 X102.067 Y171.925 E618.58242
G1 X101.597 Y171.706 E618.59967
G1 X98.929 Y170.713 E618.69435
G1 X98.423 Y170.545 E618.71208
G1 X95.675 Y169.854 E618.80633
G1 X95.142 Y169.735 E618.82449
G1 X92.457 Y169.37 E618.91462
G1 X91.79 Y169.292 E618.93695
G1 X88.958 Y169.219 E619.03118
G1 X88.411 Y169.219 E619.04937
G1 X85.588 Y169.458 E619.1436
G1 X85.043 Y169.517 E619.16183
G1 X82.262 Y170.064 E619.2561
G1 X81.725 Y170.183 E619.27439
G1 X79.14 Y170.993 E619.36449
G1 X78.508 Y171.206 E619.38668
G1 X75.915 Y172.347 E619.4809
G1 X75.416 Y172.578 E619.49919
G1 X72.881 Y174.046 E619.59662
G1 X72.136 Y174.545 E619.62644
G1 X70.215 Y175.959 E619.70578
G1 X69.777 Y176.292 E619.72408
G1 X67.645 Y178.259 E619.82056
G1 X66.983 Y178.95 E619.85239
G1 X65.437 Y180.725 E619.93068
G1 X65.083 Y181.144 E619.94892
G1 X63.161 Y183.927 E620.06141
G1 X61.56 Y186.904 E620.17384
G1 X60.284 Y190.05 E620.28676
G1 X59.374 Y193.292 E620.39875
G1 X58.82 Y196.627 E620.51119
G1 X58.636 Y200.002 E620.62361
G1 X58.813 Y203.257 E620.73204
G1 X58.92 Y203.974 E620.75615
G1 X59.375 Y206.709 E620.84836
G1 X60.289 Y209.951 E620.9604
G1 X61.561 Y213.097 E621.07326
G1 X63.162 Y216.074 E621.18569
G1 X65.083 Y218.858 E621.29819
G1 X65.478 Y219.322 E621.31846
G1 X67.296 Y221.412 E621.41059
G1 X67.809 Y221.896 E621.43405
G1 X69.782 Y223.715 E621.5233
G1 X70.337 Y224.131 E621.54637
G1 X72.496 Y225.72 E621.63553
G1 X73.043 Y226.048 E621.65675
G1 X75.419 Y227.424 E621.74807
G1 X75.916 Y227.654 E621.76628
G1 X78.507 Y228.796 E621.86046
G1 X79.115 Y228.998 E621.88177
G1 X81.727 Y229.818 E621.97282
G1 X82.265 Y229.938 E621.99116
G1 X84.625 Y230.401 E622.07115
G1 X85.464 Y230.53 E622.09938
G1 X85.797 Y230.56 E622.1105
G1 X88.41 Y230.781 E622.19772
G1 X88.958 Y230.781 E622.21595
G1 X91.79 Y230.707 E622.31017
G1 X92.335 Y230.647 E622.32841
G1 X95.141 Y230.264 E622.4226
G1 X95.678 Y230.145 E622.44089
G1 X98.423 Y229.456 E622.53503
G1 X98.942 Y229.281 E622.55324
G1 X101.597 Y228.293 E622.64746
G1 X102.125 Y228.048 E622.66682
G1 X104.625 Y226.79 E622.75991
G1 X105.114 Y226.494 E622.77892
G1 X107.469 Y224.962 E622.87236
G1 X107.937 Y224.605 E622.89194
G1 X110.097 Y222.835 E622.98482
G1 X110.496 Y222.457 E623.0031
G1 X112.477 Y220.434 E623.09728
G1 X112.832 Y220.014 E623.11557
G1 X114.576 Y217.784 E623.20973
G1 X114.886 Y217.33 E623.22801
G1 X116.017 Y215.497 E623.29965
G1 X116.373 Y214.922 E623.32214
G1 X116.632 Y214.435 E623.34049
G1 X117.846 Y211.88 E623.43457
G1 X118.321 Y210.643 E623.47864
G1 X118.442 Y210.539 E623.48395
G1 X118.522 Y210.531 E623.48662
G1 X135.235 Y210.512 E624.0425
G1 X135.235 Y189.489 E624.74173
G1 X130.892 Y189.49 E624.88618
G1 X127.957 Y189.493 E624.9838
G1 X118.486 Y189.499 E625.2988
M204 S3000
M205 X10 Y10
G0 F6000 X118.341 Y189.416
G0 X118.33 Y189.386
G0 X117.844 Y189.568
G0 X129.554 Y200.357
G0 X130.048 Y200.235
M204 S1800
M205 X8 Y8
G1 F3000 X130.049 Y199.764 E625.31447
G1 X130.23 Y199.128 E625.33646
G1 X130.67 Y198.58 E625.35984
G1 X131.07 Y198.31 E625.37589
G1 X131.661 Y198.107 E625.39667
G1 X132.386 Y198.153 E625.42083
G1 X132.822 Y198.321 E625.43637
G1 X133.339 Y198.703 E625.45775
G1 X133.718 Y199.336 E625.48229
G1 X133.821 Y199.774 E625.49726
G1 X133.799 Y200.444 E625.51955
G1 X133.502 Y201.076 E625.54278
G1 X133.191 Y201.426 E625.55835
G1 X132.653 Y201.773 E625.57965
G1 X132.372 Y201.847 E625.58931
G1 X131.744 Y201.903 E625.61028
G1 X131.069 Y201.691 E625.63381
G1 X130.669 Y201.419 E625.6499
G1 X130.248 Y200.908 E625.67192
G1 X130.048 Y200.235 E625.69527
M204 S3000
M205 X10 Y10
G0 F6000 X130.048 Y200.035
G0 X129.517 Y200.096
G0 X100.865 Y220.766
G0 X100.338 Y221.413
G0 X100.119 Y222.305
G0 X100.548 Y222.752
M204 S1800
M205 X8 Y8
G1 F3000 X100.549 Y222.281 E625.71094
G1 X100.726 Y221.655 E625.73258
G1 X101.17 Y221.097 E625.75629
G1 X101.555 Y220.833 E625.77182
G1 X102.172 Y220.621 E625.79352
G1 X102.439 Y220.617 E625.8024
G1 X103.097 Y220.719 E625.82455
G1 X103.69 Y221.088 E625.84778
G1 X103.999 Y221.439 E625.86333
G1 X104.281 Y222.02 E625.88481
G1 X104.322 Y222.74 E625.9088
G1 X104.217 Y223.182 E625.92391
G1 X103.891 Y223.754 E625.94581
G1 X103.453 Y224.1 E625.96437
G1 X103.273 Y224.224 E625.97164
G1 X102.885 Y224.363 E625.98535
G1 X102.244 Y224.419 E626.00675
G1 X101.569 Y224.207 E626.03028
G1 X101.169 Y223.935 E626.04637
G1 X100.754 Y223.432 E626.06806
G1 X100.548 Y222.752 E626.09169
M204 S3000
M205 X10 Y10
G0 F6000 X100.548 Y222.552
G0 X100.017 Y222.613
G0 X83.06 Y205.083
G0 X82.088 Y203.537
G0 X81.548 Y201.986
G0 X81.23 Y200.081
G0 X81.736 Y200.025
M204 S1800
M205 X8 Y8
G1 F3000 X81.804 Y199.369 E626.11363
G1 X81.924 Y198.3 E626.1494
G1 X82.096 Y197.801 E626.16696
G1 X82.496 Y196.659 E626.20721
G1 X83.404 Y195.212 E626.26402
G1 X83.828 Y194.783 E626.28409
G1 X84.63 Y193.982 E626.32179
G1 X85.063 Y193.708 E626.33883
G1 X86.088 Y193.065 E626.37907
G1 X86.506 Y192.917 E626.39382
G1 X87.714 Y192.494 E626.43639
G1 X89.418 Y192.3 E626.49343
G1 X90.291 Y192.394 E626.52264
G1 X91.145 Y192.492 E626.55123
G1 X92.178 Y192.852 E626.58761
G1 X92.768 Y193.059 E626.60841
G1 X93.505 Y193.518 E626.63729
G1 X94.234 Y193.977 E626.66594
G1 X94.847 Y194.588 E626.69472
G1 X95.457 Y195.201 E626.72349
G1 X96.372 Y196.656 E626.78066
G1 X96.944 Y198.289 E626.8382
G1 X97.136 Y199.999 E626.89544
G1 X96.946 Y201.7 E626.95236
G1 X96.937 Y201.733 E626.9535
G1 X96.374 Y203.338 E627.01007
G1 X95.99 Y203.953 E627.03419
G1 X95.459 Y204.797 E627.06735
G1 X94.252 Y206.007 E627.1242
G1 X93.506 Y206.481 E627.15359
G1 X92.78 Y206.935 E627.18207
G1 X92.181 Y207.147 E627.20321
G1 X91.155 Y207.506 E627.23936
G1 X90.292 Y207.605 E627.26825
G1 X89.437 Y207.701 E627.29687
G1 X88.065 Y207.548 E627.34279
G1 X87.7 Y207.501 E627.35503
G1 X86.1 Y206.941 E627.41141
G1 X86.074 Y206.927 E627.41239
G1 X84.64 Y206.027 E627.4687
G1 X84.617 Y206.007 E627.46971
G1 X83.418 Y204.806 E627.52616
G1 X83.399 Y204.781 E627.5272
G1 X82.498 Y203.344 E627.58361
G1 X82.266 Y202.685 E627.60685
G1 X81.926 Y201.708 E627.64126
G1 X81.736 Y200.025 E627.69759
M204 S3000
M205 X10 Y10
G0 F6000 X81.756 Y199.826
G0 X81.247 Y199.768
G0 X63.448 Y202.352
G0 X62.087 Y201.947
G0 X61.412 Y201.185
G0 X61.054 Y200.357
G0 X61.548 Y200.235
M204 S1800
M205 X8 Y8
G1 F3000 X61.549 Y199.764 E627.71326
G1 X61.724 Y199.146 E627.73462
G1 X62.17 Y198.58 E627.75859
G1 X62.57 Y198.31 E627.77464
G1 X63.161 Y198.107 E627.79542
G1 X63.886 Y198.153 E627.81958
G1 X64.323 Y198.321 E627.83516
G1 X64.849 Y198.711 E627.85693
G1 X65.218 Y199.336 E627.88107
G1 X65.321 Y199.774 E627.89604
G1 X65.299 Y200.442 E627.91827
G1 X65.002 Y201.076 E627.94156
G1 X64.691 Y201.426 E627.95713
G1 X64.153 Y201.773 E627.97842
G1 X63.872 Y201.847 E627.98809
G1 X63.244 Y201.903 E628.00906
G1 X62.569 Y201.691 E628.03259
G1 X62.169 Y201.419 E628.04868
G1 X61.761 Y200.926 E628.06996
G1 X61.548 Y200.235 E628.09401
M204 S3000
M205 X10 Y10
G0 F6000 X61.548 Y200.035
G0 X61.163 Y200.344
M204 S1800
M205 X8 Y8
;TYPE:WALL-INNER
G1 F3000 X61.142 Y199.817 E628.11155
G1 X61.339 Y199.037 E628.13831
G1 X61.454 Y198.818 E628.14654
G1 X61.862 Y198.325 E628.16782
G1 X62.3 Y198.001 E628.18594
G1 X63.031 Y197.729 E628.21188
G1 X63.279 Y197.699 E628.22019
G1 X63.921 Y197.755 E628.24163
G1 X64.419 Y197.922 E628.2591
G1 X65.077 Y198.381 E628.28578
G1 X65.241 Y198.567 E628.29403
G1 X65.581 Y199.166 E628.31694
G1 X65.715 Y199.673 E628.33438
G1 X65.701 Y200.428 E628.35949
G1 X65.642 Y200.671 E628.36781
G1 X65.362 Y201.25 E628.3892
G1 X65.031 Y201.656 E628.40663
G1 X64.37 Y202.109 E628.43328
G1 X63.987 Y202.233 E628.44667
G1 X63.28 Y202.301 E628.47029
G1 X63.032 Y202.271 E628.4786
G1 X62.44 Y202.069 E628.4994
G1 X61.987 Y201.788 E628.51713
G1 X61.453 Y201.181 E628.54402
G1 X61.338 Y200.962 E628.55225
G1 X61.163 Y200.344 E628.57361
M204 S3000
M205 X10 Y10
G0 F6000 X61.057 Y200.37
G0 X62.087 Y201.947
G0 X63.147 Y202.352
G0 X81.23 Y200.082
G0 X81.338 Y200.07
M204 S1800
M205 X8 Y8
G1 F3000 X81.406 Y199.325 E628.5985
G1 X81.525 Y198.267 E628.63391
G1 X81.718 Y197.669 E628.65481
G1 X82.122 Y196.515 E628.69547
G1 X82.494 Y195.908 E628.71915
G1 X83.06 Y195.006 E628.75457
G1 X83.545 Y194.5 E628.77788
G1 X84.352 Y193.693 E628.81584
G1 X84.851 Y193.369 E628.83563
G1 X85.88 Y192.723 E628.87604
G1 X86.374 Y192.539 E628.89357
G1 X87.609 Y192.108 E628.93708
G1 X88.021 Y192.055 E628.95089
G1 X89.406 Y191.9 E628.99725
G1 X90.336 Y191.997 E629.02835
G1 X91.199 Y192.095 E629.05723
G1 X91.731 Y192.271 E629.07587
G1 X92.887 Y192.676 E629.11661
G1 X93.717 Y193.18 E629.14891
G1 X94.446 Y193.637 E629.17753
G1 X95.13 Y194.306 E629.20935
G1 X95.749 Y194.927 E629.23851
G1 X96.305 Y195.797 E629.27285
G1 X96.711 Y196.444 E629.29826
G1 X96.964 Y197.134 E629.3227
G1 X97.321 Y198.152 E629.35858
G1 X97.438 Y199.099 E629.39032
G1 X97.535 Y199.965 E629.4193
G1 X97.439 Y200.899 E629.45053
G1 X97.34 Y201.766 E629.47955
G1 X97.315 Y201.865 E629.48295
G1 X96.756 Y203.461 E629.5392
G1 X96.329 Y204.166 E629.56661
G1 X95.8 Y205.007 E629.59966
G1 X95.13 Y205.693 E629.63155
G1 X94.535 Y206.29 E629.65958
G1 X93.718 Y206.82 E629.69197
G1 X92.987 Y207.278 E629.72066
G1 X92.313 Y207.525 E629.74454
G1 X91.29 Y207.883 E629.78059
G1 X90.337 Y208.002 E629.81253
G1 X89.473 Y208.099 E629.84145
G1 X89.367 Y208.097 E629.84497
G1 X87.699 Y207.909 E629.9008
G1 X87.568 Y207.879 E629.90527
G1 X85.982 Y207.324 E629.96116
G1 X85.862 Y207.266 E629.96559
G1 X84.44 Y206.374 E630.02142
G1 X84.334 Y206.29 E630.02592
G1 X83.117 Y205.07 E630.08324
G1 X83.06 Y204.994 E630.0864
G1 X82.151 Y203.544 E630.14332
G1 X81.888 Y202.817 E630.16903
G1 X81.549 Y201.846 E630.20324
G1 X81.432 Y200.901 E630.23491
G1 X81.338 Y200.07 E630.26272
M204 S3000
M205 X10 Y10
G0 F6000 X81.23 Y200.082
G0 X81.487 Y198.187
G0 X82.088 Y196.463
G0 X83.06 Y194.917
G0 X100.057 Y177.853
G0 X100.163 Y177.827
M204 S1800
M205 X8 Y8
G1 F3000 X100.142 Y177.3 E630.28027
G1 X100.338 Y176.522 E630.30695
G1 X100.453 Y176.303 E630.31518
G1 X100.862 Y175.809 E630.33651
G1 X101.282 Y175.494 E630.35397
G1 X102.029 Y175.213 E630.38052
G1 X102.278 Y175.182 E630.38886
G1 X102.92 Y175.238 E630.4103
G1 X103.419 Y175.404 E630.42779
G1 X104.077 Y175.865 E630.45451
G1 X104.241 Y176.051 E630.46276
G1 X104.566 Y176.622 E630.48461
G1 X104.706 Y177.115 E630.50165
G1 X104.701 Y177.911 E630.52813
G1 X104.642 Y178.154 E630.53645
G1 X104.362 Y178.733 E630.55784
G1 X104.031 Y179.14 E630.57529
G1 X103.369 Y179.592 E630.60195
G1 X102.987 Y179.716 E630.61531
G1 X102.28 Y179.784 E630.63893
G1 X102.032 Y179.754 E630.64724
G1 X101.407 Y179.54 E630.66921
G1 X100.952 Y179.246 E630.68723
G1 X100.57 Y178.806 E630.70661
G1 X100.364 Y178.517 E630.71841
G1 X100.163 Y177.827 E630.74232
M204 S3000
M205 X10 Y10
G0 F6000 X100.057 Y177.853
G0 X101.087 Y179.432
G0 X118.057 Y189.941
G0 X118.457 Y189.898
M204 S1800
M205 X8 Y8
G1 F3000 X118.192 Y189.812 E630.75158
G1 X117.997 Y189.621 E630.76066
G1 X117.724 Y188.931 E630.78534
G1 X117.477 Y188.278 E630.80856
G1 X116.272 Y185.743 E630.90192
G1 X116.027 Y185.278 E630.9194
G1 X114.548 Y182.889 E631.01285
G1 X114.251 Y182.452 E631.03043
G1 X112.597 Y180.336 E631.11975
G1 X112.179 Y179.837 E631.1414
G1 X110.213 Y177.826 E631.23494
G1 X109.832 Y177.465 E631.2524
G1 X107.633 Y175.665 E631.34692
G1 X107.188 Y175.331 E631.36542
G1 X104.9 Y173.844 E631.45618
G1 X104.432 Y173.561 E631.47437
G1 X103.95 Y173.32 E631.4923
G1 X101.898 Y172.288 E631.56869
G1 X101.443 Y172.076 E631.58539
G1 X98.796 Y171.091 E631.67932
G1 X98.311 Y170.929 E631.69633
G1 X95.583 Y170.243 E631.78989
G1 X95.071 Y170.129 E631.80734
G1 X92.286 Y169.749 E631.90082
G1 X91.763 Y169.692 E631.91832
G1 X88.953 Y169.619 E632.01181
G1 X88.428 Y169.619 E632.02928
G1 X85.747 Y169.845 E632.11876
G1 X85.103 Y169.913 E632.1403
G1 X82.344 Y170.456 E632.23383
G1 X81.828 Y170.57 E632.2514
G1 X79.151 Y171.41 E632.34472
G1 X78.653 Y171.579 E632.36221
G1 X76.079 Y172.711 E632.45574
G1 X75.6 Y172.933 E632.4733
G1 X73.088 Y174.388 E632.56985
G1 X72.373 Y174.867 E632.59847
G1 X70.455 Y176.279 E632.67769
G1 X70.034 Y176.599 E632.69528
G1 X67.92 Y178.549 E632.79093
G1 X67.285 Y179.213 E632.82149
G1 X65.741 Y180.985 E632.89966
G1 X65.401 Y181.388 E632.9172
G1 X63.503 Y184.136 E633.02828
G1 X62.154 Y186.645 E633.12303
G1 X61.922 Y187.074 E633.13925
G1 X60.663 Y190.18 E633.25072
G1 X59.765 Y193.379 E633.36123
G1 X59.218 Y196.671 E633.47222
G1 X59.036 Y200.002 E633.58318
G1 X59.219 Y203.33 E633.69404
G1 X59.733 Y206.428 E633.79848
G1 X59.921 Y207.172 E633.82401
G1 X60.668 Y209.821 E633.91555
G1 X61.739 Y212.472 E634.01065
G1 X61.924 Y212.927 E634.02698
G1 X63.504 Y215.865 E634.13794
G1 X65.401 Y218.614 E634.24902
G1 X65.78 Y219.06 E634.26849
G1 X67.585 Y221.135 E634.35996
G1 X68.08 Y221.602 E634.3826
G1 X70.038 Y223.407 E634.47117
G1 X70.574 Y223.809 E634.49345
G1 X72.718 Y225.387 E634.582
G1 X73.171 Y225.66 E634.59959
G1 X75.604 Y227.069 E634.6931
G1 X76.081 Y227.29 E634.71059
G1 X78.651 Y228.422 E634.80399
G1 X79.147 Y228.589 E634.8214
G1 X81.831 Y229.431 E634.91496
G1 X82.347 Y229.546 E634.93254
G1 X85.103 Y230.088 E635.02596
G1 X85.627 Y230.145 E635.04349
G1 X88.426 Y230.381 E635.13692
G1 X88.952 Y230.381 E635.15441
G1 X91.763 Y230.307 E635.24794
G1 X92.286 Y230.25 E635.26544
G1 X95.071 Y229.87 E635.35892
G1 X95.586 Y229.755 E635.37647
G1 X98.31 Y229.072 E635.46988
G1 X98.808 Y228.904 E635.48736
G1 X101.443 Y227.923 E635.58088
G1 X101.945 Y227.69 E635.59928
G1 X104.431 Y226.44 E635.69183
G1 X104.896 Y226.158 E635.70992
G1 X107.239 Y224.635 E635.80287
G1 X107.684 Y224.295 E635.82149
G1 X109.832 Y222.535 E635.91385
G1 X110.216 Y222.172 E635.93143
G1 X112.181 Y220.164 E636.02487
G1 X112.522 Y219.761 E636.04243
G1 X114.253 Y217.548 E636.13588
G1 X114.55 Y217.112 E636.15343
G1 X116.026 Y214.723 E636.24683
G1 X116.274 Y214.255 E636.26444
G1 X117.478 Y211.722 E636.35772
G1 X117.94 Y210.516 E636.40068
G1 X118.113 Y210.272 E636.41063
G1 X118.367 Y210.145 E636.42007
G1 X118.522 Y210.131 E636.42525
G1 X134.835 Y210.112 E636.96782
G1 X134.835 Y201.472 E637.25519
G1 F2857.1 X134.815 Y200.829 E637.27765
G1 F2505.2 X134.777 Y200.438 E637.2933
G1 F2343.8 X134.782 Y199.767 E637.32187
G1 F2597.4 X134.827 Y199.219 E637.34299
G1 F2941.2 X134.835 Y198.278 E637.37492
G1 F3000 X134.835 Y189.889 E637.65394
G1 X130.892 Y189.89 E637.78508
G1 X127.957 Y189.893 E637.8827
G1 X118.457 Y189.898 E638.19867
M204 S3000
M205 X10 Y10
G0 F6000 X118.456 Y190.009
G0 X129.557 Y200.37
G0 X129.663 Y200.344
M204 S1800
M205 X8 Y8
G1 F3000 X129.642 Y199.817 E638.21621
G1 X129.839 Y199.037 E638.24297
G1 X129.954 Y198.818 E638.2512
G1 X130.362 Y198.325 E638.27248
G1 X130.8 Y198.001 E638.2906
G1 X131.531 Y197.729 E638.31654
G1 X131.779 Y197.699 E638.32485
G1 X132.421 Y197.755 E638.34629
G1 X132.919 Y197.922 E638.36376
G1 X133.577 Y198.381 E638.39044
G1 X133.741 Y198.567 E638.39869
G1 X134.066 Y199.138 E638.42054
G1 F2614.4 X134.263 Y199.617 E638.44031
G1 F2316.6 X134.259 Y200.43 E638.47532
G1 F2307.7 X134.254 Y200.523 E638.47935
G1 F2603 X133.862 Y201.25 E638.51101
G1 F3000 X133.531 Y201.656 E638.52843
G1 X132.87 Y202.109 E638.55509
G1 X132.487 Y202.233 E638.56848
G1 X131.78 Y202.301 E638.5921
G1 X131.532 Y202.271 E638.60041
G1 X130.94 Y202.069 E638.62121
G1 X130.487 Y201.788 E638.63894
G1 X129.953 Y201.181 E638.66583
G1 X129.838 Y200.962 E638.67406
G1 X129.663 Y200.344 E638.69542
M204 S3000
M205 X10 Y10
G0 F6000 X129.557 Y200.37
G0 X100.865 Y220.766
G0 X100.338 Y221.413
G0 X100.119 Y222.305
G0 X100.163 Y222.861
M204 S1800
M205 X8 Y8
G1 F3000 X100.142 Y222.334 E638.71297
G1 X100.338 Y221.556 E638.73965
G1 X100.453 Y221.336 E638.74791
G1 X100.862 Y220.842 E638.76924
G1 X101.282 Y220.527 E638.7867
G1 X102.03 Y220.246 E638.81328
G1 X102.458 Y220.216 E638.82755
G1 X103.136 Y220.319 E638.85036
G1 X103.368 Y220.407 E638.85861
G1 X103.906 Y220.751 E638.87985
G1 X104.271 Y221.131 E638.89737
G1 X104.641 Y221.845 E638.92412
G1 X104.701 Y222.088 E638.93244
G1 X104.722 Y222.727 E638.95371
G1 X104.628 Y223.22 E638.9704
G1 X104.239 Y223.952 E638.99797
G1 X104.075 Y224.137 E639.00619
G1 X103.56 Y224.519 E639.02752
G1 X103.08 Y224.725 E639.04489
G1 X102.279 Y224.817 E639.07171
G1 X102.032 Y224.788 E639.07998
G1 X101.413 Y224.575 E639.10176
G1 X100.987 Y224.304 E639.11855
G1 X100.453 Y223.697 E639.14544
G1 X100.338 Y223.478 E639.15366
G1 X100.163 Y222.861 E639.175
M204 S3000
M205 X10 Y10
G0 F6000 X99.76 Y222.144
M204 S1800
M205 X8 Y8
G1 F3000 X99.953 Y221.447 E639.19905
G1 X100.112 Y221.123 E639.21105
G1 X100.554 Y220.587 E639.23416
G1 X100.761 Y220.398 E639.24348
G1 X101.243 Y220.096 E639.2624
G1 X101.899 Y219.868 E639.2855
G1 X102.232 Y219.814 E639.29672
G1 X102.848 Y219.87 E639.31729
G1 X103.382 Y219.97 E639.33536
G1 X104.121 Y220.414 E639.36404
G1 X104.334 Y220.597 E639.37338
G1 X104.706 Y221.064 E639.39324
G1 X105.001 Y221.671 E639.41568
G1 X105.101 Y222.075 E639.42953
G1 X105.122 Y222.714 E639.45079
G1 X105.017 Y223.312 E639.47098
G1 X104.912 Y223.578 E639.4805
G1 X104.587 Y224.15 E639.50238
G1 X104.314 Y224.458 E639.51607
G1 X103.798 Y224.84 E639.53742
G1 X103.557 Y224.972 E639.54656
G1 X102.955 Y225.16 E639.56754
G1 X102.313 Y225.216 E639.58897
G1 X101.902 Y225.166 E639.60274
G1 X101.31 Y224.964 E639.62354
G1 X100.763 Y224.636 E639.64476
G1 X100.553 Y224.445 E639.6542
G1 X100.106 Y223.903 E639.67757
G1 X99.953 Y223.587 E639.68924
G1 X99.778 Y222.97 E639.71057
G1 X99.741 Y222.694 E639.71984
G1 X99.76 Y222.144 E639.73814
M204 S3000
M205 X10 Y10
G0 F6000 X83.06 Y205.083
G0 X82.088 Y203.537
G0 X80.941 Y200.114
M204 S1800
M205 X8 Y8
G1 F3000 X81.009 Y199.28 E639.76597
G1 X81.128 Y198.222 E639.80138
G1 X81.34 Y197.537 E639.82523
G1 X81.731 Y196.418 E639.86466
G1 X82.156 Y195.696 E639.89252
G1 X82.746 Y194.757 E639.92941
G1 X83.262 Y194.218 E639.95422
G1 X84.081 Y193.399 E639.99275
G1 X84.638 Y193.03 E640.01497
G1 X85.68 Y192.377 E640.05587
G1 X86.242 Y192.162 E640.07588
G1 X87.467 Y191.733 E640.11905
G1 X87.977 Y191.658 E640.1362
G1 X89.35 Y191.503 E640.18216
G1 X90.38 Y191.599 E640.21656
G1 X91.263 Y191.7 E640.24612
G1 X91.863 Y191.894 E640.26709
G1 X93.019 Y192.299 E640.30784
G1 X93.93 Y192.841 E640.34309
G1 X94.669 Y193.305 E640.37211
G1 X95.413 Y194.023 E640.4065
G1 X96.048 Y194.661 E640.43644
G1 X96.643 Y195.585 E640.473
G1 X97.056 Y196.241 E640.49878
G1 X97.341 Y197.002 E640.52581
G1 X97.71 Y198.058 E640.56301
G1 X97.835 Y199.054 E640.5964
G1 X97.929 Y199.886 E640.62425
G1 X97.836 Y200.944 E640.65957
G1 X97.735 Y201.832 E640.6893
G1 X97.692 Y201.997 E640.69497
G1 X97.132 Y203.599 E640.75141
G1 X96.667 Y204.378 E640.78159
G1 X96.132 Y205.229 E640.81502
G1 X95.413 Y205.976 E640.84951
G1 X94.774 Y206.614 E640.87954
G1 X93.931 Y207.158 E640.91291
G1 X93.22 Y207.605 E640.94084
G1 X92.445 Y207.902 E640.96845
G1 X91.415 Y208.263 E641.00475
G1 X90.381 Y208.4 E641.03944
G1 X89.498 Y208.499 E641.06899
G1 X89.323 Y208.494 E641.07481
G1 X87.655 Y208.306 E641.13064
G1 X87.436 Y208.256 E641.13811
G1 X85.85 Y207.701 E641.194
G1 X85.649 Y207.605 E641.20141
G1 X84.227 Y206.713 E641.25724
G1 X84.051 Y206.572 E641.26474
G1 X82.816 Y205.334 E641.3229
G1 X82.722 Y205.206 E641.32818
G1 X81.801 Y203.738 E641.38582
G1 X81.51 Y202.949 E641.41379
G1 X81.167 Y201.965 E641.44845
G1 X81.035 Y200.946 E641.48263
G1 X80.941 Y200.114 E641.51048
M204 S3000
M205 X10 Y10
G0 F6000 X63.449 Y197.649
G0 X62.089 Y198.051
G0 X60.779 Y199.546
M204 S1800
M205 X8 Y8
G1 F3000 X60.954 Y198.928 E641.53184
G1 X61.146 Y198.563 E641.54556
G1 X61.554 Y198.07 E641.56684
G1 X61.767 Y197.877 E641.5764
G1 X62.31 Y197.553 E641.59743
G1 X62.901 Y197.351 E641.61821
G1 X63.228 Y197.297 E641.62923
G1 X63.955 Y197.356 E641.65349
G1 X64.402 Y197.486 E641.66897
G1 X64.799 Y197.678 E641.68364
G1 X65.365 Y198.099 E641.7071
G1 X65.589 Y198.369 E641.71877
G1 X65.914 Y198.94 E641.74062
G1 X66.019 Y199.209 E641.75023
G1 X66.121 Y199.74 E641.76821
G1 X66.101 Y200.441 E641.79154
G1 X66.038 Y200.759 E641.80232
G1 X65.722 Y201.424 E641.82681
G1 X65.569 Y201.653 E641.83597
G1 X65.224 Y202.024 E641.85282
G1 X64.587 Y202.445 E641.87821
G1 X64.265 Y202.58 E641.88983
G1 X63.315 Y202.7 E641.92167
G1 X62.903 Y202.65 E641.93548
G1 X62.31 Y202.448 E641.95631
G1 X61.762 Y202.12 E641.97756
G1 X61.553 Y201.929 E641.98697
G1 X61.145 Y201.436 E642.00826
G1 X60.953 Y201.071 E642.02197
G1 X60.778 Y200.453 E642.04334
G1 X60.741 Y200.003 E642.05835
G1 X60.779 Y199.546 E642.07361
M204 S3000
M205 X10 Y10
G0 F6000 X61.865 Y198.248
G0 X99.778 Y177.936
M204 S1800
M205 X8 Y8
G1 F3000 X99.741 Y177.66 E642.08287
G1 X99.752 Y177.154 E642.0997
G1 X99.953 Y176.414 E642.12521
G1 X100.106 Y176.098 E642.13688
G1 X100.554 Y175.554 E642.16032
G1 X101.057 Y175.163 E642.18151
G1 X101.61 Y174.934 E642.20142
G1 X101.899 Y174.835 E642.21158
G1 X102.312 Y174.784 E642.22542
G1 X102.954 Y174.839 E642.24685
G1 X103.228 Y174.902 E642.2562
G1 X103.72 Y175.106 E642.27392
G1 X104.316 Y175.544 E642.29852
G1 X104.589 Y175.853 E642.31223
G1 X104.914 Y176.424 E642.33409
G1 X105.086 Y176.985 E642.3536
G1 X105.121 Y177.283 E642.36358
G1 X105.101 Y177.924 E642.38491
G1 X105.002 Y178.328 E642.39875
G1 X104.708 Y178.934 E642.42115
G1 X104.33 Y179.406 E642.44126
G1 X104.122 Y179.584 E642.45037
G1 X103.585 Y179.929 E642.4716
G1 X103.265 Y180.063 E642.48313
G1 X102.943 Y180.127 E642.49405
G1 X102.315 Y180.183 E642.51502
G1 X101.961 Y180.151 E642.52685
G1 X101.311 Y179.931 E642.54967
G1 X101.073 Y179.812 E642.55852
G1 X100.65 Y179.513 E642.57575
G1 X100.262 Y179.061 E642.59556
G1 X99.996 Y178.675 E642.61115
G1 X99.778 Y177.936 E642.63678
M204 S3000
M205 X10 Y10
G0 F6000 X100.864 Y179.233
G0 X117.617 Y189.762
M204 S1800
M205 X8 Y8
G1 F3000 X117.35 Y189.072 E642.66139
G1 X117.108 Y188.434 E642.68408
G1 X115.914 Y185.922 E642.77659
G1 X115.679 Y185.477 E642.79333
G1 X114.212 Y183.107 E642.88603
G1 X113.928 Y182.688 E642.90287
G1 X112.209 Y180.491 E642.99565
G1 X111.883 Y180.107 E643.0124
G1 X109.933 Y178.111 E643.10521
G1 X109.568 Y177.765 E643.12194
G1 X108.618 Y176.988 E643.16276
G1 X107.409 Y175.997 E643.21476
G1 X107.008 Y175.692 E643.23151
G1 X104.663 Y174.167 E643.32455
G1 X104.217 Y173.901 E643.34182
G1 X103.66 Y173.618 E643.3626
G1 X102.767 Y173.172 E643.3958
G1 X101.729 Y172.65 E643.43445
G1 X101.236 Y172.426 E643.45246
G1 X98.663 Y171.468 E643.54377
G1 X98.08 Y171.283 E643.56412
G1 X95.49 Y170.633 E643.65293
G1 X95 Y170.523 E643.66964
G1 X92.237 Y170.146 E643.76238
G1 X91.736 Y170.091 E643.77915
G1 X88.948 Y170.019 E643.87191
G1 X88.445 Y170.019 E643.88864
G1 X85.665 Y170.254 E643.98143
G1 X85.164 Y170.309 E643.99819
G1 X82.426 Y170.847 E644.091
G1 X81.931 Y170.957 E644.10787
G1 X79.275 Y171.79 E644.20045
G1 X78.799 Y171.952 E644.21717
G1 X76.244 Y173.076 E644.31001
G1 X75.785 Y173.289 E644.32684
G1 X73.374 Y174.683 E644.41947
G1 X72.942 Y174.945 E644.43628
G1 X70.695 Y176.599 E644.52908
G1 X70.292 Y176.906 E644.54593
G1 X68.196 Y178.839 E644.64076
G1 X67.587 Y179.475 E644.67005
G1 X66.003 Y181.295 E644.75029
G1 X65.469 Y181.992 E644.7795
G1 X63.845 Y184.345 E644.87459
G1 X62.285 Y187.245 E644.98411
G1 X61.042 Y190.31 E645.09412
G1 X60.156 Y193.466 E645.20315
G1 X59.616 Y196.715 E645.31269
G1 X59.474 Y199.329 E645.39976
G1 X59.437 Y200.002 E645.42218
G1 X59.617 Y203.286 E645.53157
G1 X60.157 Y206.534 E645.64108
G1 X61.047 Y209.691 E645.75018
G1 X62.286 Y212.757 E645.86017
G1 X63.846 Y215.656 E645.96966
G1 X65.719 Y218.371 E646.07936
G1 X66.082 Y218.797 E646.09798
G1 X67.875 Y220.858 E646.18884
G1 X68.351 Y221.308 E646.21063
G1 X70.295 Y223.1 E646.29856
G1 X70.811 Y223.487 E646.32002
G1 X72.94 Y225.054 E646.40794
G1 X73.444 Y225.356 E646.42748
G1 X75.788 Y226.713 E646.51757
G1 X76.245 Y226.925 E646.53432
G1 X78.796 Y228.049 E646.62704
G1 X79.355 Y228.234 E646.64662
G1 X81.934 Y229.045 E646.73654
G1 X82.429 Y229.155 E646.75341
G1 X85.164 Y229.692 E646.84611
G1 X85.666 Y229.747 E646.86291
G1 X88.443 Y229.981 E646.9556
G1 X88.947 Y229.981 E646.97236
G1 X91.736 Y229.908 E647.06516
G1 X92.237 Y229.853 E647.08192
G1 X95 Y229.476 E647.17467
G1 X95.494 Y229.366 E647.1915
G1 X98.197 Y228.688 E647.28419
G1 X98.716 Y228.512 E647.30242
G1 X101.289 Y227.554 E647.39373
G1 X101.766 Y227.333 E647.41122
G1 X103.345 Y226.538 E647.47002
G1 X104.237 Y226.089 E647.50323
G1 X104.678 Y225.823 E647.52036
G1 X107.009 Y224.307 E647.61284
G1 X107.43 Y223.985 E647.63047
G1 X109.568 Y222.235 E647.72237
G1 X109.935 Y221.887 E647.73919
G1 X111.885 Y219.894 E647.83193
G1 X112.212 Y219.509 E647.84873
G1 X113.929 Y217.312 E647.94147
G1 X114.214 Y216.894 E647.9583
G1 X115.679 Y214.524 E648.05097
G1 X115.917 Y214.075 E648.06787
G1 X117.11 Y211.564 E648.16033
G1 X117.567 Y210.373 E648.20276
G1 X117.766 Y210.052 E648.21532
G1 X118.032 Y209.847 E648.22649
G1 X118.35 Y209.742 E648.23763
G1 X118.521 Y209.731 E648.24333
G1 X134.435 Y209.713 E648.77263
G1 X134.435 Y200.983 E649.06299
G1 X134.223 Y201.424 E649.07927
G1 X133.831 Y201.922 E649.10035
G1 X133.624 Y202.098 E649.10938
G1 X133.086 Y202.445 E649.13068
G1 X132.575 Y202.623 E649.14867
G1 X131.815 Y202.7 E649.17408
G1 X131.402 Y202.65 E649.18792
G1 X130.811 Y202.448 E649.20869
G1 X130.263 Y202.12 E649.22993
G1 X130.053 Y201.929 E649.23938
G1 X129.645 Y201.436 E649.26066
G1 X129.483 Y201.16 E649.2713
G1 X129.278 Y200.453 E649.29579
G1 X129.241 Y200.041 E649.30955
G1 X129.279 Y199.546 E649.32606
G1 X129.454 Y198.928 E649.34742
G1 X129.579 Y198.654 E649.35744
G1 X130.054 Y198.07 E649.38248
G1 X130.267 Y197.877 E649.39204
G1 X130.688 Y197.605 E649.40871
G1 X131.401 Y197.351 E649.43388
G1 X131.814 Y197.3 E649.44772
G1 X132.455 Y197.356 E649.46912
G1 X133.063 Y197.548 E649.49033
G1 X133.815 Y198.059 E649.52057
G1 X134.088 Y198.369 E649.53431
G1 X134.413 Y198.94 E649.55616
G1 X134.435 Y198.998 E649.55822
G1 X134.435 Y190.289 E649.84789
G1 X130.892 Y190.29 E649.96573
G1 X127.957 Y190.293 E650.06334
G1 X118.502 Y190.299 E650.37782
G1 X118.148 Y190.234 E650.38979
G1 X117.856 Y190.062 E650.40106
G1 X117.617 Y189.762 E650.41382
M204 S3000
M205 X10 Y10
G0 F6000 X117.525 Y190.272
M204 S1800
M205 X8 Y8
;TYPE:SKIN
G1 F1200 X117.27 Y189.917 E650.42836
G1 X116.758 Y188.584 E650.47585
G1 X115.654 Y186.263 E650.56134
G1 X115.348 Y185.665 E650.58368
G1 X113.985 Y183.462 E650.66984
G1 X113.619 Y182.912 E650.69181
G1 X111.983 Y180.819 E650.78017
G1 X111.601 Y180.364 E650.79993
G1 X109.667 Y178.386 E650.89194
G1 X109.239 Y177.99 E650.91133
G1 X107.361 Y176.452 E650.99207
G1 X106.818 Y176.027 E651.015
G1 X105.372 Y175.085 E651.0724
G1 F1076.2 X104.897 Y174.829 E651.09241
G1 F1006.3 X104.184 Y174.362 E651.12622
G1 F1010.5 X103.594 Y174.065 E651.15231
G1 F1030 X103.097 Y173.79 E651.17432
G1 F1137.4 X102.6 Y173.515 E651.19425
G1 F1200 X101.848 Y173.137 E651.22224
G1 X101.145 Y172.799 E651.24819
G1 X98.545 Y171.831 E651.34046
G1 X97.963 Y171.645 E651.36078
G1 X95.419 Y171.009 E651.448
G1 X94.691 Y170.865 E651.47268
G1 X92.299 Y170.539 E651.55298
G1 X91.709 Y170.471 E651.57273
G1 X89.154 Y170.404 E651.65774
G1 X88.462 Y170.4 E651.68076
G1 X85.903 Y170.615 E651.76617
G1 X85.221 Y170.685 E651.78897
G1 X82.687 Y171.184 E651.87487
G1 X82.028 Y171.326 E651.89729
G1 X79.676 Y172.062 E651.97926
G1 X78.939 Y172.307 E652.00509
G1 X76.496 Y173.382 E652.09387
G1 X75.96 Y173.627 E652.11347
G1 X73.647 Y174.966 E652.20236
G1 X73.156 Y175.261 E652.22141
G1 X71.57 Y176.428 E652.2869
G1 X70.535 Y177.2 E652.32985
G1 X68.57 Y179.012 E652.41875
G1 X68.15 Y179.408 E652.43795
G1 X66.918 Y180.821 E652.5003
G1 X66.02 Y181.865 E652.5461
G1 X64.169 Y184.545 E652.65443
G1 X62.63 Y187.408 E652.76254
G1 X61.4 Y190.446 E652.87156
G1 X60.528 Y193.551 E652.97882
G1 X59.995 Y196.759 E653.08698
G1 X59.888 Y198.71 E653.15197
G1 F1083.5 X59.896 Y199.349 E653.17551
G1 F1004.2 X59.854 Y199.976 E653.20049
G1 F1012.7 X59.889 Y200.557 E653.22343
G1 F1095.9 X59.889 Y201.287 E653.25002
G1 F1200 X59.996 Y203.243 E653.31517
G1 X60.407 Y205.724 E653.39881
G1 X60.573 Y206.605 E653.42863
G1 X61.401 Y209.555 E653.53054
G1 X62.632 Y212.594 E653.6396
G1 X64.17 Y215.455 E653.74763
G1 X65.776 Y217.782 E653.84167
G1 X66.301 Y218.468 E653.8704
G1 X67.867 Y220.271 E653.94983
G1 X68.459 Y220.889 E653.9783
G1 X70.542 Y222.811 E654.07256
G1 X72.821 Y224.493 E654.16677
G1 X73.504 Y224.948 E654.19407
G1 X75.424 Y226.059 E654.26785
G1 X75.929 Y226.335 E654.28699
G1 X76.646 Y226.684 E654.31351
G1 X78.568 Y227.532 E654.38338
G1 X79.31 Y227.819 E654.40984
G1 X81.671 Y228.562 E654.49217
G1 X82.401 Y228.759 E654.51732
G1 X84.849 Y229.242 E654.60031
G1 X85.595 Y229.357 E654.62541
G1 X88.078 Y229.569 E654.7083
G1 X88.948 Y229.6 E654.73725
G1 X90.475 Y229.562 E654.78806
G1 X91.363 Y229.538 E654.8176
G1 X92.053 Y229.49 E654.84061
G1 X94.699 Y229.134 E654.92941
G1 X95.338 Y229.01 E654.95106
G1 X97.97 Y228.351 E655.0413
G1 X98.509 Y228.182 E655.06009
G1 X101.097 Y227.219 E655.15193
G1 X101.58 Y226.999 E655.16958
G1 X102.602 Y226.485 E655.20763
G1 F1073.8 X103.153 Y226.155 E655.2315
G1 F989.7 X103.868 Y225.806 E655.26359
G1 F1016.9 X104.305 Y225.563 E655.28321
G1 F1002.1 X104.841 Y225.208 E655.30882
G1 F1078.7 X105.369 Y224.919 E655.33109
G1 F1200 X106.756 Y224.018 E655.3861
G1 X107.174 Y223.702 E655.40353
G1 X109.236 Y222.015 E655.49214
G1 X109.628 Y221.652 E655.50991
G1 X111.468 Y219.776 E655.59731
G1 X111.846 Y219.35 E655.61625
G1 X113.455 Y217.301 E655.7029
G1 X113.897 Y216.685 E655.72812
G1 X115.348 Y214.334 E655.82001
G1 X115.664 Y213.721 E655.84295
G1 X116.76 Y211.415 E655.92787
G1 X117.25 Y210.144 E655.97317
G1 X117.552 Y209.728 E655.99027
G1 X117.99 Y209.455 E656.00744
G1 X118.429 Y209.354 E656.02242
G1 X122.306 Y209.35 E656.15137
G1 X134.055 Y209.333 E656.54214
G1 X134.055 Y202.201 E656.77935
G1 X133.831 Y202.419 E656.78975
G1 X133.294 Y202.765 E656.811
G1 X132.841 Y202.954 E656.82732
G1 X131.85 Y203.079 E656.86054
G1 X131.318 Y203.018 E656.87835
G1 X130.538 Y202.747 E656.90582
G1 X130.051 Y202.437 E656.92502
G1 X129.757 Y202.168 E656.93827
G1 X129.27 Y201.567 E656.964
G1 X129.089 Y201.175 E656.97836
G1 X128.911 Y200.558 E656.99972
G1 X128.861 Y200.171 E657.0127
G1 X128.883 Y199.566 E657.03283
G1 X129.123 Y198.719 E657.06211
G1 X129.355 Y198.318 E657.07752
G1 X129.875 Y197.707 E657.10421
G1 X130.36 Y197.357 E657.1241
G1 X130.684 Y197.194 E657.13616
G1 X131.277 Y196.99 E657.15702
G1 X131.804 Y196.922 E657.1747
G1 X132.501 Y196.978 E657.19795
G1 X132.877 Y197.07 E657.21083
G1 X133.49 Y197.353 E657.23328
G1 X134.043 Y197.754 E657.256
G1 X134.055 Y197.106 E657.27756
G1 X134.055 Y190.672 E657.49156
G1 X118.388 Y190.675 E658.01264
G1 X117.904 Y190.543 E658.02933
G1 X117.525 Y190.272 E658.04482
M204 S3000
M205 X10 Y10
G0 F6000 X101.087 Y179.432
G0 X99.362 Y177.686
M204 S1800
M205 X8 Y8
G1 F1200 X99.377 Y177.09 E658.06465
G1 X99.586 Y176.312 E658.09145
G1 X99.805 Y175.865 E658.108
G1 X100.257 Y175.314 E658.13171
G1 X100.555 Y175.044 E658.14508
G1 X101.085 Y174.721 E658.16573
G1 X101.772 Y174.477 E658.18997
G1 X102.305 Y174.405 E658.20786
G1 X102.985 Y174.46 E658.23055
G1 F1081.1 X103.39 Y174.509 E658.24561
G1 F1006.3 X103.904 Y174.736 E658.2679
G1 F1004.2 X104.568 Y175.2 E658.3001
G1 F1078.7 X104.897 Y175.632 E658.32019
G1 F1200 X105.244 Y176.233 E658.34327
G1 X105.394 Y176.62 E658.35708
G1 X105.499 Y177.254 E658.37845
G1 X105.445 Y178.199 E658.40993
G1 X105.344 Y178.493 E658.42027
G1 X105.044 Y179.111 E658.44312
G1 X104.622 Y179.65 E658.46589
G1 X104.325 Y179.905 E658.47891
G1 X103.623 Y180.34 E658.50638
G1 X103.084 Y180.488 E658.52497
G1 X102.352 Y180.562 E658.54944
G1 X101.843 Y180.515 E658.56644
G1 X101.174 Y180.285 E658.58997
G1 X100.851 Y180.121 E658.60202
G1 X100.339 Y179.741 E658.62322
G1 X99.88 Y179.197 E658.6469
G1 X99.62 Y178.754 E658.66398
G1 X99.411 Y178.038 E658.68879
G1 X99.362 Y177.686 E658.70061
M204 S3000
M205 X10 Y10
G0 F6000 X83.06 Y194.917
G0 X82.186 Y196.308
G0 X80.556 Y199.959
M204 S1800
M205 X8 Y8
G1 F1200 X80.699 Y198.626 E658.7452
G1 X80.777 Y198.012 E658.76579
G1 X81.201 Y196.786 E658.80893
G1 X81.466 Y196.085 E658.83386
G1 X81.843 Y195.479 E658.8576
G1 X82.407 Y194.579 E658.89292
G1 X82.998 Y193.945 E658.92175
G1 X83.794 Y193.147 E658.95924
G1 X84.457 Y192.697 E658.98589
G1 X85.462 Y192.064 E659.02539
G1 X86.129 Y191.802 E659.04923
G1 X87.32 Y191.383 E659.09122
G1 X87.939 Y191.281 E659.11209
G1 X89.295 Y191.127 E659.15748
G1 X90.393 Y191.219 E659.19412
G1 X91.27 Y191.318 E659.22348
G1 X92.111 Y191.58 E659.25278
G1 X93.302 Y192.008 E659.29487
G1 X94.011 Y192.445 E659.32257
G1 X94.543 Y192.787 E659.34361
G1 X95.019 Y193.095 E659.36246
G1 X95.682 Y193.755 E659.39358
G1 X96.424 Y194.524 E659.42912
G1 X97.071 Y195.55 E659.46946
G1 X97.44 Y196.155 E659.49303
G1 X98.055 Y197.892 E659.55432
G1 X98.213 Y199.013 E659.59197
G1 X98.314 Y200.042 E659.62636
G1 X98.214 Y200.986 E659.65794
G1 X98.08 Y202.022 E659.69268
G1 X98.071 Y202.056 E659.69385
G1 X97.71 Y203.097 E659.7305
G1 X97.427 Y203.873 E659.75797
G1 X96.981 Y204.59 E659.78605
G1 X96.653 Y205.115 E659.80664
G1 X96.326 Y205.597 E659.82602
G1 X95.678 Y206.247 E659.85654
G1 X94.888 Y207.005 E659.89296
G1 X94.134 Y207.481 E659.92262
G1 X93.26 Y208.011 E659.95661
G1 X92.985 Y208.113 E659.96637
G1 X91.988 Y208.464 E660.00152
G1 X91.332 Y208.673 E660.02442
G1 X90.421 Y208.778 E660.05492
G1 X89.379 Y208.88 E660.08975
G1 X87.927 Y208.721 E660.13833
G1 X87.42 Y208.649 E660.15536
G1 X86.097 Y208.191 E660.20192
G1 X85.541 Y207.982 E660.22168
G1 X84.426 Y207.287 E660.26538
G1 X83.877 Y206.927 E660.28722
G1 X82.984 Y206.043 E660.32901
G1 X82.474 Y205.516 E660.3534
G1 X81.835 Y204.511 E660.39301
G1 X81.41 Y203.803 E660.42048
G1 X81.151 Y203.073 E660.44624
G1 X80.774 Y201.965 E660.48517
G1 X80.656 Y200.984 E660.51803
G1 X80.556 Y199.959 E660.55228
M204 S3000
M205 X10 Y10
G0 F6000 X63.448 Y202.352
G0 X62.087 Y201.947
G0 X60.327 Y200.023
M204 S1800
M205 X8 Y8
G1 F1012.7 X60.367 Y199.472 E660.57406
G1 F1090.9 X60.587 Y198.825 E660.59906
G1 F1200 X60.831 Y198.352 E660.61676
G1 X61.258 Y197.828 E660.63924
G1 X61.565 Y197.555 E660.65291
G1 X62.154 Y197.209 E660.67563
G1 X62.777 Y196.99 E660.69759
G1 X63.246 Y196.917 E660.71338
G1 X63.987 Y196.977 E660.73811
G1 X64.522 Y197.125 E660.75657
G1 X64.995 Y197.353 E660.77403
G1 X65.601 Y197.802 E660.79912
G1 X65.916 Y198.171 E660.81525
G1 X66.305 Y198.873 E660.84195
G1 X66.465 Y199.446 E660.86173
G1 X66.501 Y199.814 E660.87403
G1 X66.466 Y200.617 E660.90077
G1 X66.343 Y201.014 E660.91459
G1 X65.979 Y201.74 E660.9416
G1 X65.619 Y202.171 E660.96028
G1 X65.326 Y202.422 E660.97311
G1 X64.571 Y202.878 E661.00245
G1 X64.002 Y203.018 E661.02194
G1 X63.246 Y203.083 E661.04717
G1 X62.778 Y203.009 E661.06293
G1 X62.192 Y202.809 E661.08353
G1 X61.561 Y202.442 E661.10781
G1 X61.257 Y202.17 E661.12137
G1 X60.851 Y201.678 E661.14259
G1 X60.6 Y201.21 E661.16025
G1 F1086 X60.371 Y200.57 E661.18524
G1 F1008.4 X60.327 Y200.023 E661.20696
M204 S3000
M205 X10 Y10
G0 F6000 X62.087 Y201.947
G0 X99.411 Y223.076
M204 S1800
M205 X8 Y8
G1 F1200 X99.362 Y222.721 E661.21887
G1 X99.384 Y222.101 E661.23951
G1 X99.587 Y221.344 E661.26558
G1 X99.809 Y220.891 E661.28236
G1 X100.261 Y220.345 E661.30593
G1 X100.64 Y220.027 E661.32239
G1 X101.084 Y219.751 E661.33977
G1 X101.784 Y219.506 E661.36444
G1 X102.234 Y219.434 E661.3796
G1 X102.989 Y219.507 E661.40483
G1 X103.354 Y219.568 E661.41714
G1 X103.8 Y219.756 E661.43323
G1 X104.449 Y220.181 E661.45904
G1 X104.854 Y220.61 E661.47866
G1 X105.111 Y221.039 E661.49529
G1 X105.427 Y221.726 E661.52044
G1 X105.481 Y222.059 E661.53166
G1 X105.502 Y222.7 E661.55299
G1 X105.456 Y223.111 E661.56675
G1 X105.259 Y223.73 E661.58835
G1 X104.92 Y224.334 E661.61139
G1 F1069 X104.603 Y224.773 E661.63161
G1 F985.6 X104.172 Y225.085 E661.65315
G1 F1014.8 X103.734 Y225.347 E661.67323
G1 F954.3 X103.049 Y225.594 E661.70368
G1 F1027.8 X102.35 Y225.595 E661.73083
G1 F1200 X101.819 Y225.535 E661.7486
G1 X101.149 Y225.312 E661.77209
G1 X100.558 Y224.957 E661.79502
G1 X100.26 Y224.689 E661.80835
G1 X99.798 Y224.125 E661.83259
G1 X99.587 Y223.691 E661.84864
G1 X99.411 Y223.076 E661.86992
M204 S3000
M205 X10 Y10
G0 F6000 X65.666 Y217.269
M204 S1800
M205 X8 Y8
G1 F1200 X72.131 Y223.734 E662.17401
G1 X72.201 Y223.804
M204 S3000
M205 X10 Y10
G0 F6000 X73.915 Y224.954
M204 S1800
M205 X8 Y8
G1 F1200 X64.403 Y215.442 E662.62143
G1 X64.333 Y215.372
M204 S3000
M205 X10 Y10
G0 F6000 X63.715 Y214.188
M204 S1800
M205 X8 Y8
G1 F1200 X75.261 Y225.733 E663.1645
G1 X75.331 Y225.803
M204 S3000
M205 X10 Y10
G0 F6000 X76.488 Y226.395
M204 S1800
M205 X8 Y8
G1 F1200 X63.057 Y212.964 E663.79625
G1 X62.987 Y212.894
M204 S3000
M205 X10 Y10
G0 F6000 X62.571 Y211.912
M204 S1800
M205 X8 Y8
G1 F1200 X77.5 Y226.841 E664.49846
G1 X77.57 Y226.911
M204 S3000
M205 X10 Y10
G0 F6000 X78.512 Y227.287
M204 S1800
M205 X8 Y8
G1 F1200 X62.186 Y210.961 E665.26639
G1 X62.116 Y210.891
M204 S3000
M205 X10 Y10
G0 F6000 X61.802 Y210.012
M204 S1800
M205 X8 Y8
G1 F1200 X79.439 Y227.649 E666.09598
G1 X79.509 Y227.719
M204 S3000
M205 X10 Y10
G0 F6000 X80.265 Y227.909
M204 S1800
M205 X8 Y8
G1 F1200 X61.491 Y209.135 E666.97905
G1 X61.421 Y209.065
M204 S3000
M205 X10 Y10
G0 F6000 X61.27 Y208.349
M204 S1800
M205 X8 Y8
G1 F1200 X81.091 Y228.169 E667.91134
G1 X81.161 Y228.239
M204 S3000
M205 X10 Y10
G0 F6000 X81.904 Y228.417
M204 S1800
M205 X8 Y8
G1 F1200 X61.049 Y207.562 E668.8923
G1 X60.979 Y207.492
M204 S3000
M205 X10 Y10
G0 F6000 X60.828 Y206.775
M204 S1800
M205 X8 Y8
G1 F1200 X82.658 Y228.605 E669.91912
M204 S3000
M205 X10 Y10
G0 F6000 X83.362 Y228.744
M204 S1800
M205 X8 Y8
G1 F1200 X60.675 Y206.056 E670.98627
M204 S3000
M205 X10 Y10
G0 F6000 X60.55 Y205.365
M204 S1800
M205 X8 Y8
G1 F1200 X84.067 Y228.883 E672.09246
M204 S3000
M205 X10 Y10
G0 F6000 X84.772 Y229.022
M204 S1800
M205 X8 Y8
G1 F1200 X60.439 Y204.689 E673.23701
M204 S3000
M205 X10 Y10
G0 F6000 X60.328 Y204.012
M204 S1800
M205 X8 Y8
G1 F1200 X85.446 Y229.13 E674.41848
M204 S3000
M205 X10 Y10
G0 F6000 X86.077 Y229.195
M204 S1800
M205 X8 Y8
G1 F1200 X60.217 Y203.335 E675.63486
M204 S3000
M205 X10 Y10
G0 F6000 X60.166 Y202.719
M204 S1800
M205 X8 Y8
G1 F1200 X86.696 Y229.248 E676.88272
M204 S3000
M205 X10 Y10
G0 F6000 X87.314 Y229.302
M204 S1800
M205 X8 Y8
G1 F1200 X60.133 Y202.12 E678.16126
M204 S3000
M205 X10 Y10
G0 F6000 X60.101 Y201.523
M204 S1800
M205 X8 Y8
G1 F1200 X87.933 Y229.355 E679.47039
M204 S3000
M205 X10 Y10
G0 F6000 X88.527 Y229.383
M204 S1800
M205 X8 Y8
G1 F1200 X62.138 Y202.994 E680.71165
G1 X62.068 Y202.924
M204 S3000
M205 X10 Y10
G0 F6000 X62.943 Y203.233
M204 S1800
M205 X8 Y8
G1 F1200 X89.104 Y229.394 E681.94218
M204 S3000
M205 X10 Y10
G0 F6000 X89.656 Y229.38
M204 S1800
M205 X8 Y8
G1 F1200 X63.533 Y203.257 E683.17093
M204 S3000
M205 X10 Y10
G0 F6000 X64.053 Y203.211
M204 S1800
M205 X8 Y8
G1 F1200 X90.207 Y229.366 E684.40115
M204 S3000
M205 X10 Y10
G0 F6000 X90.759 Y229.352
M204 S1800
M205 X8 Y8
G1 F1200 X64.51 Y203.103 E685.63583
M204 S3000
M205 X10 Y10
G0 F6000 X64.887 Y202.914
M204 S1800
M205 X8 Y8
G1 F1200 X91.31 Y229.338 E686.87871
M204 S3000
M205 X10 Y10
G0 F6000 X91.841 Y229.303
M204 S1800
M205 X8 Y8
G1 F1200 X65.242 Y202.704 E688.12984
M204 S3000
M205 X10 Y10
G0 F6000 X65.573 Y202.469
M204 S1800
M205 X8 Y8
G1 F1200 X92.351 Y229.247 E689.3894
M204 S3000
M205 X10 Y10
G0 F6000 X92.85 Y229.18
M204 S1800
M205 X8 Y8
G1 F1200 X65.861 Y202.191 E690.65888
M204 S3000
M205 X10 Y10
G0 F6000 X66.119 Y201.883
M204 S1800
M205 X8 Y8
G1 F1200 X93.348 Y229.113 E691.93967
M204 S3000
M205 X10 Y10
G0 F6000 X93.847 Y229.046
M204 S1800
M205 X8 Y8
G1 F1200 X66.313 Y201.512 E693.23478
M204 S3000
M205 X10 Y10
G0 F6000 X66.504 Y201.137
M204 S1800
M205 X8 Y8
G1 F1200 X94.345 Y228.978 E694.54434
M204 S3000
M205 X10 Y10
G0 F6000 X94.835 Y228.903
M204 S1800
M205 X8 Y8
G1 F1200 X66.639 Y200.707 E695.87059
M204 S3000
M205 X10 Y10
G0 F6000 X66.682 Y200.184
M204 S1800
M205 X8 Y8
G1 F1200 X95.308 Y228.81 E697.21707
M204 S3000
M205 X10 Y10
G0 F6000 X95.76 Y228.696
M204 S1800
M205 X8 Y8
G1 F1200 X66.682 Y199.619 E698.58479
M204 S3000
M205 X10 Y10
G0 F6000 X66.518 Y198.888
M204 S1800
M205 X8 Y8
G1 F1200 X96.213 Y228.583 E699.98155
M204 S3000
M205 X10 Y10
G0 F6000 X96.665 Y228.47
M204 S1800
M205 X8 Y8
G1 F1200 X60.957 Y192.762 E701.66114
M204 S3000
M205 X10 Y10
G0 F6000 X60.833 Y193.203
M204 S1800
M205 X8 Y8
G1 F1200 X64.562 Y196.932 E701.83655
M204 S3000
M205 X10 Y10
G0 F6000 X63.832 Y196.768
M204 S1800
M205 X8 Y8
G1 F1200 X60.714 Y193.65 E701.98321
M204 S3000
M205 X10 Y10
G0 F6000 X60.633 Y194.135
M204 S1800
M205 X8 Y8
G1 F1200 X63.221 Y196.722 E702.10491
M204 S3000
M205 X10 Y10
G0 F6000 X62.73 Y196.797
M204 S1800
M205 X8 Y8
G1 F1200 X60.553 Y194.62 E702.20731
M204 S3000
M205 X10 Y10
G0 F6000 X60.472 Y195.105
M204 S1800
M205 X8 Y8
G1 F1200 X62.306 Y196.939 E702.29358
M204 S3000
M205 X10 Y10
G0 F6000 X61.92 Y197.119
M204 S1800
M205 X8 Y8
G1 F1200 X60.391 Y195.59 E702.3655
M204 S3000
M205 X10 Y10
G0 F6000 X60.311 Y196.075
M204 S1800
M205 X8 Y8
G1 F1200 X61.56 Y197.325 E702.42427
M204 S3000
M205 X10 Y10
G0 F6000 X61.244 Y197.574
M204 S1800
M205 X8 Y8
G1 F1200 X60.23 Y196.56 E702.47197
M204 S3000
M205 X10 Y10
G0 F6000 X60.181 Y197.077
M204 S1800
M205 X8 Y8
G1 F1200 X60.968 Y197.864 E702.50899
M204 S3000
M205 X10 Y10
G0 F6000 X60.713 Y198.175
M204 S1800
M205 X8 Y8
G1 F1200 X60.15 Y197.612 E702.53547
M204 S3000
M205 X10 Y10
G0 F6000 X60.12 Y198.147
M204 S1800
M205 X8 Y8
G1 F1200 X60.51 Y198.537 E702.55381
M204 S3000
M205 X10 Y10
G0 F6000 X60.327 Y198.92
M204 S1800
M205 X8 Y8
G1 F1200 X60.089 Y198.682 E702.56501
M204 S3000
M205 X10 Y10
G0 F6000 X60.111 Y200.967
M204 S1800
M205 X8 Y8
G1 F1200 X60.405 Y201.26 E702.57881
M204 S3000
M205 X10 Y10
G0 F6000 X61.081 Y192.32
M204 S1800
M205 X8 Y8
G1 F1200 X97.118 Y228.357 E704.27388
M204 S3000
M205 X10 Y10
G0 F6000 X97.57 Y228.244
M204 S1800
M205 X8 Y8
G1 F1200 X61.205 Y191.879 E705.98438
M204 S3000
M205 X10 Y10
G0 F6000 X61.329 Y191.437
M204 S1800
M205 X8 Y8
G1 F1200 X98.015 Y228.123 E707.70998
M204 S3000
M205 X10 Y10
G0 F6000 X98.446 Y227.988
M204 S1800
M205 X8 Y8
G1 F1200 X61.453 Y190.995 E709.45001
M204 S3000
M205 X10 Y10
G0 F6000 X61.577 Y190.553
M204 S1800
M205 X8 Y8
G1 F1200 X98.858 Y227.834 E711.2036
M204 S3000
M205 X10 Y10
G0 F6000 X99.271 Y227.682
M204 S1800
M205 X8 Y8
G1 F1200 X61.736 Y190.147 E712.96913
M204 S3000
M205 X10 Y10
G0 F6000 X61.899 Y189.744
M204 S1800
M205 X8 Y8
G1 F1200 X99.683 Y227.528 E714.74637
M204 S3000
M205 X10 Y10
G0 F6000 X100.096 Y227.375
M204 S1800
M205 X8 Y8
G1 F1200 X62.062 Y189.341 E716.53538
M204 S3000
M205 X10 Y10
G0 F6000 X62.225 Y188.938
M204 S1800
M205 X8 Y8
G1 F1200 X100.508 Y227.222 E718.33611
M204 S3000
M205 X10 Y10
G0 F6000 X100.921 Y227.069
M204 S1800
M205 X8 Y8
G1 F1200 X62.388 Y188.535 E720.14861
M204 S3000
M205 X10 Y10
G0 F6000 X62.551 Y188.133
M204 S1800
M205 X8 Y8
G1 F1200 X101.315 Y226.897 E721.97195
M204 S3000
M205 X10 Y10
G0 F6000 X101.697 Y226.713
M204 S1800
M205 X8 Y8
G1 F1200 X62.714 Y187.73 E723.80559
M204 S3000
M205 X10 Y10
G0 F6000 X62.891 Y187.342
M204 S1800
M205 X8 Y8
G1 F1200 X99.49 Y223.941 E725.5271
G1 X99.56 Y224.011
M204 S3000
M205 X10 Y10
G0 F6000 X99.214 Y223.099
M204 S1800
M205 X8 Y8
G1 F1200 X63.088 Y186.973 E727.22635
M204 S3000
M205 X10 Y10
G0 F6000 X63.286 Y186.606
M204 S1800
M205 X8 Y8
G1 F1200 X82.323 Y205.642 E728.12177
G1 X82.393 Y205.712
M204 S3000
M205 X10 Y10
G0 F6000 X81.368 Y204.121
M204 S1800
M205 X8 Y8
G1 F1200 X63.484 Y186.238 E728.96296
M204 S3000
M205 X10 Y10
G0 F6000 X63.682 Y185.87
M204 S1800
M205 X8 Y8
G1 F1200 X80.968 Y203.156 E729.77604
G1 X81.038 Y203.226
M204 S3000
M205 X10 Y10
G0 F6000 X80.677 Y202.299
M204 S1800
M205 X8 Y8
G1 F1200 X63.88 Y185.502 E730.56612
M204 S3000
M205 X10 Y10
G0 F6000 X64.078 Y185.134
M204 S1800
M205 X8 Y8
G1 F1200 X80.528 Y201.584 E731.33987
M204 S3000
M205 X10 Y10
G0 F6000 X80.451 Y200.942
M204 S1800
M205 X8 Y8
G1 F1200 X64.276 Y184.767 E732.1007
M204 S3000
M205 X10 Y10
G0 F6000 X64.496 Y184.421
M204 S1800
M205 X8 Y8
G1 F1200 X80.391 Y200.316 E732.84835
M204 S3000
M205 X10 Y10
G0 F6000 X80.378 Y199.738
M204 S1800
M205 X8 Y8
G1 F1200 X64.727 Y184.086 E733.58455
M204 S3000
M205 X10 Y10
G0 F6000 X64.958 Y183.752
M204 S1800
M205 X8 Y8
G1 F1200 X80.433 Y199.227 E734.31244
M204 S3000
M205 X10 Y10
G0 F6000 X80.488 Y198.716
M204 S1800
M205 X8 Y8
G1 F1200 X65.189 Y183.417 E735.03206
M204 S3000
M205 X10 Y10
G0 F6000 X65.42 Y183.083
M204 S1800
M205 X8 Y8
G1 F1200 X80.55 Y198.213 E735.74373
M204 S3000
M205 X10 Y10
G0 F6000 X80.656 Y197.753
M204 S1800
M205 X8 Y8
G1 F1200 X65.651 Y182.748 E736.44952
M204 S3000
M205 X10 Y10
G0 F6000 X65.882 Y182.413
M204 S1800
M205 X8 Y8
G1 F1200 X80.801 Y197.332 E737.15126
M204 S3000
M205 X10 Y10
G0 F6000 X80.946 Y196.911
M204 S1800
M205 X8 Y8
G1 F1200 X66.113 Y182.079 E737.84894
M204 S3000
M205 X10 Y10
G0 F6000 X66.366 Y181.766
M204 S1800
M205 X8 Y8
G1 F1200 X81.098 Y196.497 E738.54186
M204 S3000
M205 X10 Y10
G0 F6000 X81.251 Y196.085
M204 S1800
M205 X8 Y8
G1 F1200 X66.629 Y181.463 E739.22964
M204 S3000
M205 X10 Y10
G0 F6000 X66.891 Y181.16
M204 S1800
M205 X8 Y8
G1 F1200 X81.457 Y195.725 E739.91475
M204 S3000
M205 X10 Y10
G0 F6000 X81.674 Y195.377
M204 S1800
M205 X8 Y8
G1 F1200 X67.153 Y180.855 E740.5978
M204 S3000
M205 X10 Y10
G0 F6000 X67.415 Y180.552
M204 S1800
M205 X8 Y8
G1 F1200 X81.891 Y195.028 E741.27871
M204 S3000
M205 X10 Y10
G0 F6000 X82.107 Y194.679
M204 S1800
M205 X8 Y8
G1 F1200 X67.678 Y180.25 E741.9574
M204 S3000
M205 X10 Y10
G0 F6000 X67.942 Y179.948
M204 S1800
M205 X8 Y8
G1 F1200 X82.335 Y194.341 E742.63441
M204 S3000
M205 X10 Y10
G0 F6000 X82.612 Y194.052
M204 S1800
M205 X8 Y8
G1 F1200 X68.206 Y179.646 E743.31202
M204 S3000
M205 X10 Y10
G0 F6000 X68.491 Y179.365
M204 S1800
M205 X8 Y8
G1 F1200 X82.894 Y193.769 E743.98952
M204 S3000
M205 X10 Y10
G0 F6000 X83.176 Y193.484
M204 S1800
M205 X8 Y8
G1 F1200 X68.784 Y179.093 E744.66645
M204 S3000
M205 X10 Y10
G0 F6000 X69.078 Y178.821
M204 S1800
M205 X8 Y8
G1 F1200 X83.457 Y193.2 E745.34279
M204 S3000
M205 X10 Y10
G0 F6000 X83.746 Y192.924
M204 S1800
M205 X8 Y8
G1 F1200 X69.372 Y178.549 E746.01893
M204 S3000
M205 X10 Y10
G0 F6000 X69.665 Y178.277
M204 S1800
M205 X8 Y8
G1 F1200 X84.085 Y192.697 E746.6972
M204 S3000
M205 X10 Y10
G0 F6000 X84.432 Y192.478
M204 S1800
M205 X8 Y8
G1 F1200 X69.959 Y178.005 E747.37796
M204 S3000
M205 X10 Y10
G0 F6000 X70.253 Y177.733
M204 S1800
M205 X8 Y8
G1 F1200 X84.778 Y192.258 E748.06118
M204 S3000
M205 X10 Y10
G0 F6000 X85.124 Y192.038
M204 S1800
M205 X8 Y8
G1 F1200 X70.546 Y177.461 E748.74686
M204 S3000
M205 X10 Y10
G0 F6000 X70.859 Y177.208
M204 S1800
M205 X8 Y8
G1 F1200 X85.479 Y191.828 E749.43454
M204 S3000
M205 X10 Y10
G0 F6000 X85.892 Y191.675
M204 S1800
M205 X8 Y8
G1 F1200 X71.184 Y176.967 E750.12636
M204 S3000
M205 X10 Y10
G0 F6000 X71.509 Y176.727
M204 S1800
M205 X8 Y8
G1 F1200 X86.309 Y191.526 E750.82248
M204 S3000
M205 X10 Y10
G0 F6000 X86.727 Y191.379
M204 S1800
M205 X8 Y8
G1 F1200 X71.834 Y176.486 E751.523
M204 S3000
M205 X10 Y10
G0 F6000 X72.159 Y176.245
M204 S1800
M205 X8 Y8
G1 F1200 X87.144 Y191.23 E752.22785
M204 S3000
M205 X10 Y10
G0 F6000 X87.6 Y191.121
M204 S1800
M205 X8 Y8
G1 F1200 X72.484 Y176.005 E752.93886
M204 S3000
M205 X10 Y10
G0 F6000 X72.809 Y175.764
M204 S1800
M205 X8 Y8
G1 F1200 X88.107 Y191.062 E753.65843
M204 S3000
M205 X10 Y10
G0 F6000 X88.613 Y191.002
M204 S1800
M205 X8 Y8
G1 F1200 X73.145 Y175.535 E754.38597
M204 S3000
M205 X10 Y10
G0 F6000 X73.484 Y175.308
M204 S1800
M205 X8 Y8
G1 F1200 X89.12 Y190.943 E755.12142
M204 S3000
M205 X10 Y10
G0 F6000 X89.679 Y190.937
M204 S1800
M205 X8 Y8
G1 F1200 X73.832 Y175.09 E755.86681
M204 S3000
M205 X10 Y10
G0 F6000 X74.191 Y174.883
M204 S1800
M205 X8 Y8
G1 F1200 X90.315 Y191.007 E756.62524
M204 S3000
M205 X10 Y10
G0 F6000 X90.96 Y191.087
M204 S1800
M205 X8 Y8
G1 F1200 X74.548 Y174.675 E757.39721
M204 S3000
M205 X10 Y10
G0 F6000 X74.907 Y174.467
M204 S1800
M205 X8 Y8
G1 F1200 X91.648 Y191.209 E758.18468
G1 X91.718 Y191.279
M204 S3000
M205 X10 Y10
G0 F6000 X92.512 Y191.507
M204 S1800
M205 X8 Y8
G1 F1200 X75.265 Y174.26 E758.99592
M204 S3000
M205 X10 Y10
G0 F6000 X75.623 Y174.052
M204 S1800
M205 X8 Y8
G1 F1200 X93.405 Y191.835 E759.83236
G1 X93.475 Y191.905
M204 S3000
M205 X10 Y10
G0 F6000 X94.946 Y192.809
M204 S1800
M205 X8 Y8
G1 F1200 X75.981 Y173.845 E760.72439
M204 S3000
M205 X10 Y10
G0 F6000 X76.366 Y173.664
M204 S1800
M205 X8 Y8
G1 F1200 X115.759 Y213.056 E762.57729
M204 S3000
M205 X10 Y10
G0 F6000 X115.94 Y212.672
M204 S1800
M205 X8 Y8
G1 F1200 X76.757 Y173.489 E764.42034
M204 S3000
M205 X10 Y10
G0 F6000 X77.148 Y173.314
M204 S1800
M205 X8 Y8
G1 F1200 X116.123 Y212.289 E766.2536
M204 S3000
M205 X10 Y10
G0 F6000 X116.305 Y211.906
M204 S1800
M205 X8 Y8
G1 F1200 X77.539 Y173.14 E768.07704
M204 S3000
M205 X10 Y10
G0 F6000 X77.932 Y172.967
M204 S1800
M205 X8 Y8
G1 F1200 X116.482 Y211.517 E769.89031
M204 S3000
M205 X10 Y10
G0 F6000 X116.652 Y211.121
M204 S1800
M205 X8 Y8
G1 F1200 X78.325 Y172.794 E771.6931
M204 S3000
M205 X10 Y10
G0 F6000 X78.718 Y172.622
M204 S1800
M205 X8 Y8
G1 F1200 X116.815 Y210.719 E773.48506
M204 S3000
M205 X10 Y10
G0 F6000 X116.975 Y210.313
M204 S1800
M205 X8 Y8
G1 F1200 X79.119 Y172.457 E775.26569
M204 S3000
M205 X10 Y10
G0 F6000 X79.544 Y172.316
M204 S1800
M205 X8 Y8
G1 F1200 X117.155 Y209.927 E777.0348
M204 S3000
M205 X10 Y10
G0 F6000 X117.398 Y209.605
M204 S1800
M205 X8 Y8
G1 F1200 X79.972 Y172.179 E778.7952
M204 S3000
M205 X10 Y10
G0 F6000 X80.402 Y172.044
M204 S1800
M205 X8 Y8
G1 F1200 X117.728 Y209.369 E780.55088
M204 S3000
M205 X10 Y10
G0 F6000 X118.137 Y209.213
M204 S1800
M205 X8 Y8
G1 F1200 X80.834 Y171.909 E782.30552
M204 S3000
M205 X10 Y10
G0 F6000 X81.264 Y171.774
M204 S1800
M205 X8 Y8
G1 F1200 X118.647 Y209.157 E784.0639
M204 S3000
M205 X10 Y10
G0 F6000 X119.211 Y209.155
M204 S1800
M205 X8 Y8
G1 F1200 X81.695 Y171.639 E785.82854
M204 S3000
M205 X10 Y10
G0 F6000 X82.13 Y171.508
M204 S1800
M205 X8 Y8
G1 F1200 X119.776 Y209.155 E787.59932
M204 S3000
M205 X10 Y10
G0 F6000 X120.341 Y209.154
M204 S1800
M205 X8 Y8
G1 F1200 X82.596 Y171.409 E789.37473
M204 S3000
M205 X10 Y10
G0 F6000 X83.065 Y171.312
M204 S1800
M205 X8 Y8
G1 F1200 X120.906 Y209.153 E791.15465
M204 S3000
M205 X10 Y10
G0 F6000 X121.471 Y209.152
M204 S1800
M205 X8 Y8
G1 F1200 X83.539 Y171.22 E792.93886
M204 S3000
M205 X10 Y10
G0 F6000 X84.011 Y171.126
M204 S1800
M205 X8 Y8
G1 F1200 X122.036 Y209.151 E794.72743
M204 S3000
M205 X10 Y10
G0 F6000 X122.601 Y209.15
M204 S1800
M205 X8 Y8
G1 F1200 X84.483 Y171.033 E796.52037
M204 S3000
M205 X10 Y10
G0 F6000 X84.956 Y170.94
M204 S1800
M205 X8 Y8
G1 F1200 X123.165 Y209.149 E798.3176
M204 S3000
M205 X10 Y10
G0 F6000 X123.73 Y209.148
M204 S1800
M205 X8 Y8
G1 F1200 X85.444 Y170.863 E800.11843
M204 S3000
M205 X10 Y10
G0 F6000 X85.958 Y170.811
M204 S1800
M205 X8 Y8
G1 F1200 X124.295 Y209.148 E801.92169
M204 S3000
M205 X10 Y10
G0 F6000 X124.859 Y209.146
M204 S1800
M205 X8 Y8
G1 F1200 X86.479 Y170.766 E803.72696
M204 S3000
M205 X10 Y10
G0 F6000 X87.001 Y170.723
M204 S1800
M205 X8 Y8
G1 F1200 X125.424 Y209.145 E805.53424
M204 S3000
M205 X10 Y10
G0 F6000 X125.989 Y209.145
M204 S1800
M205 X8 Y8
G1 F1200 X87.523 Y170.679 E807.34356
M204 S3000
M205 X10 Y10
G0 F6000 X88.045 Y170.635
M204 S1800
M205 X8 Y8
G1 F1200 X126.553 Y209.143 E809.15486
M204 S3000
M205 X10 Y10
G0 F6000 X127.118 Y209.143
M204 S1800
M205 X8 Y8
G1 F1200 X88.576 Y170.6 E810.96778
M204 S3000
M205 X10 Y10
G0 F6000 X89.149 Y170.608
M204 S1800
M205 X8 Y8
G1 F1200 X127.683 Y209.142 E812.7803
M204 S3000
M205 X10 Y10
G0 F6000 X128.248 Y209.141
M204 S1800
M205 X8 Y8
G1 F1200 X89.725 Y170.618 E814.59231
M204 S3000
M205 X10 Y10
G0 F6000 X90.306 Y170.634
M204 S1800
M205 X8 Y8
G1 F1200 X128.812 Y209.14 E816.40351
M204 S3000
M205 X10 Y10
G0 F6000 X129.377 Y209.139
M204 S1800
M205 X8 Y8
G1 F1200 X90.887 Y170.648 E818.21399
M204 S3000
M205 X10 Y10
G0 F6000 X91.468 Y170.664
M204 S1800
M205 X8 Y8
G1 F1200 X99.35 Y178.546 E818.58473
M204 S3000
M205 X10 Y10
G0 F6000 X99.178 Y177.809
M204 S1800
M205 X8 Y8
G1 F1200 X92.086 Y170.716 E818.91834
M204 S3000
M205 X10 Y10
G0 F6000 X92.735 Y170.8
M204 S1800
M205 X8 Y8
G1 F1200 X99.175 Y177.239 E819.22124
M204 S3000
M205 X10 Y10
G0 F6000 X99.257 Y176.756
M204 S1800
M205 X8 Y8
G1 F1200 X93.39 Y170.889 E819.4972
M204 S3000
M205 X10 Y10
G0 F6000 X94.045 Y170.979
M204 S1800
M205 X8 Y8
G1 F1200 X99.378 Y176.312 E819.74805
M204 S3000
M205 X10 Y10
G0 F6000 X99.552 Y175.919
M204 S1800
M205 X8 Y8
G1 F1200 X94.7 Y171.068 E819.97625
M204 S3000
M205 X10 Y10
G0 F6000 X95.412 Y171.213
M204 S1800
M205 X8 Y8
G1 F1200 X99.781 Y175.583 E820.18178
M204 S3000
M205 X10 Y10
G0 F6000 X100.034 Y175.27
M204 S1800
M205 X8 Y8
G1 F1200 X96.164 Y171.4 E820.36381
M204 S3000
M205 X10 Y10
G0 F6000 X96.918 Y171.588
M204 S1800
M205 X8 Y8
G1 F1200 X100.319 Y174.989 E820.52378
M204 S3000
M205 X10 Y10
G0 F6000 X100.649 Y174.754
M204 S1800
M205 X8 Y8
G1 F1200 X97.671 Y171.776 E820.66386
G1 X97.601 Y171.706
M204 S3000
M205 X10 Y10
G0 F6000 X98.485 Y172.024
M204 S1800
M205 X8 Y8
G1 F1200 X101.003 Y174.542 E820.7823
M204 S3000
M205 X10 Y10
G0 F6000 X101.418 Y174.391
M204 S1800
M205 X8 Y8
G1 F1200 X99.382 Y172.355 E820.87807
G1 X99.312 Y172.285
M204 S3000
M205 X10 Y10
G0 F6000 X100.286 Y172.694
M204 S1800
M205 X8 Y8
G1 F1200 X101.852 Y174.26 E820.95172
M204 S3000
M205 X10 Y10
G0 F6000 X102.362 Y174.204
M204 S1800
M205 X8 Y8
G1 F1200 X101.209 Y173.051 E821.00596
G1 X101.139 Y172.981
M204 S3000
M205 X10 Y10
G0 F6000 X102.321 Y173.598
M204 S1800
M205 X8 Y8
G1 F1200 X102.981 Y174.257 E821.03698
G1 X103.051 Y174.327
M204 S3000
M205 X10 Y10
G0 F6000 X105.002 Y175.147
M204 S1800
M205 X8 Y8
G1 F1200 X114.454 Y184.599 E821.48157
G1 X114.524 Y184.669
M204 S3000
M205 X10 Y10
G0 F6000 X115.299 Y186.01
M204 S1800
M205 X8 Y8
G1 F1200 X105.412 Y176.123 E821.94663
G1 X105.342 Y176.053
M204 S3000
M205 X10 Y10
G0 F6000 X105.641 Y176.918
M204 S1800
M205 X8 Y8
G1 F1200 X115.837 Y187.113 E822.42619
G1 X115.907 Y187.183
M204 S3000
M205 X10 Y10
G0 F6000 X116.35 Y188.192
M204 S1800
M205 X8 Y8
G1 F1200 X105.687 Y177.529 E822.92775
M204 S3000
M205 X10 Y10
G0 F6000 X105.653 Y178.061
M204 S1800
M205 X8 Y8
G1 F1200 X116.776 Y189.184 E823.45094
G1 X116.846 Y189.254
M204 S3000
M205 X10 Y10
G0 F6000 X117.235 Y190.208
M204 S1800
M205 X8 Y8
G1 F1200 X105.547 Y178.52 E824.00071
M204 S3000
M205 X10 Y10
G0 F6000 X105.365 Y178.904
M204 S1800
M205 X8 Y8
G1 F1200 X133.855 Y207.394 E825.34079
M204 S3000
M205 X10 Y10
G0 F6000 X133.855 Y207.96
M204 S1800
M205 X8 Y8
G1 F1200 X105.167 Y179.272 E826.69018
M204 S3000
M205 X10 Y10
G0 F6000 X104.92 Y179.59
M204 S1800
M205 X8 Y8
G1 F1200 X133.855 Y208.525 E828.0512
M204 S3000
M205 X10 Y10
G0 F6000 X133.855 Y209.091
M204 S1800
M205 X8 Y8
G1 F1200 X104.649 Y179.885 E829.42496
M204 S3000
M205 X10 Y10
G0 F6000 X104.332 Y180.134
M204 S1800
M205 X8 Y8
G1 F1200 X133.331 Y209.133 E830.78898
M204 S3000
M205 X10 Y10
G0 F6000 X132.766 Y209.133
M204 S1800
M205 X8 Y8
G1 F1200 X103.98 Y180.347 E832.14299
M204 S3000
M205 X10 Y10
G0 F6000 X103.616 Y180.549
M204 S1800
M205 X8 Y8
G1 F1200 X132.201 Y209.134 E833.48754
M204 S3000
M205 X10 Y10
G0 F6000 X131.637 Y209.136
M204 S1800
M205 X8 Y8
G1 F1200 X103.169 Y180.668 E834.82659
M204 S3000
M205 X10 Y10
G0 F6000 X102.666 Y180.731
M204 S1800
M205 X8 Y8
G1 F1200 X131.072 Y209.136 E836.16269
M204 S3000
M205 X10 Y10
G0 F6000 X130.507 Y209.137
M204 S1800
M205 X8 Y8
G1 F1200 X102.111 Y180.742 E837.49833
M204 S3000
M205 X10 Y10
G0 F6000 X101.365 Y180.561
M204 S1800
M205 X8 Y8
G1 F1200 X129.942 Y209.138 E838.84251
G1 X130.012 Y209.208
M204 S3000
M205 X10 Y10
G0 F6000 X133.855 Y206.828
M204 S1800
M205 X8 Y8
G1 F1200 X117.596 Y190.569 E839.60728
G1 X117.526 Y190.499
M204 S3000
M205 X10 Y10
G0 F6000 X118.467 Y190.874
M204 S1800
M205 X8 Y8
G1 F1200 X128.954 Y201.362 E840.10058
G1 X129.024 Y201.432
M204 S3000
M205 X10 Y10
G0 F6000 X128.711 Y200.553
M204 S1800
M205 X8 Y8
G1 F1200 X119.032 Y190.874 E840.55585
M204 S3000
M205 X10 Y10
G0 F6000 X119.598 Y190.874
M204 S1800
M205 X8 Y8
G1 F1200 X128.672 Y199.948 E840.98266
M204 S3000
M205 X10 Y10
G0 F6000 X128.713 Y199.424
M204 S1800
M205 X8 Y8
G1 F1200 X120.164 Y190.874 E841.3848
M204 S3000
M205 X10 Y10
G0 F6000 X120.729 Y190.874
M204 S1800
M205 X8 Y8
G1 F1200 X128.841 Y198.986 E841.76637
M204 S3000
M205 X10 Y10
G0 F6000 X128.981 Y198.561
M204 S1800
M205 X8 Y8
G1 F1200 X121.295 Y190.874 E842.12792
M204 S3000
M205 X10 Y10
G0 F6000 X121.86 Y190.874
M204 S1800
M205 X8 Y8
G1 F1200 X129.192 Y198.206 E842.47279
M204 S3000
M205 X10 Y10
G0 F6000 X129.453 Y197.901
M204 S1800
M205 X8 Y8
G1 F1200 X122.426 Y190.874 E842.80332
M204 S3000
M205 X10 Y10
G0 F6000 X122.992 Y190.874
M204 S1800
M205 X8 Y8
G1 F1200 X129.718 Y197.6 E843.11969
M204 S3000
M205 X10 Y10
G0 F6000 X130.028 Y197.345
M204 S1800
M205 X8 Y8
G1 F1200 X123.557 Y190.874 E843.42407
M204 S3000
M205 X10 Y10
G0 F6000 X124.123 Y190.874
M204 S1800
M205 X8 Y8
G1 F1200 X130.375 Y197.126 E843.71814
M204 S3000
M205 X10 Y10
G0 F6000 X130.768 Y196.953
M204 S1800
M205 X8 Y8
G1 F1200 X124.688 Y190.873 E844.00413
M204 S3000
M205 X10 Y10
G0 F6000 X125.254 Y190.873
M204 S1800
M205 X8 Y8
G1 F1200 X131.194 Y196.813 E844.28353
M204 S3000
M205 X10 Y10
G0 F6000 X131.685 Y196.739
M204 S1800
M205 X8 Y8
G1 F1200 X125.819 Y190.873 E844.55944
M204 S3000
M205 X10 Y10
G0 F6000 X126.385 Y190.873
M204 S1800
M205 X8 Y8
G1 F1200 X132.268 Y196.756 E844.83616
M204 S3000
M205 X10 Y10
G0 F6000 X132.968 Y196.891
M204 S1800
M205 X8 Y8
G1 F1200 X126.951 Y190.873 E845.11921
M204 S3000
M205 X10 Y10
G0 F6000 X127.516 Y190.873
M204 S1800
M205 X8 Y8
G1 F1200 X133.855 Y197.212 E845.41737
M204 S3000
M205 X10 Y10
G0 F6000 X133.855 Y196.646
M204 S1800
M205 X8 Y8
G1 F1200 X128.081 Y190.872 E845.68897
M204 S3000
M205 X10 Y10
G0 F6000 X128.647 Y190.872
M204 S1800
M205 X8 Y8
G1 F1200 X133.855 Y196.08 E845.93393
M204 S3000
M205 X10 Y10
G0 F6000 X133.855 Y195.515
M204 S1800
M205 X8 Y8
G1 F1200 X129.213 Y190.872 E846.1523
M204 S3000
M205 X10 Y10
G0 F6000 X129.778 Y190.872
M204 S1800
M205 X8 Y8
G1 F1200 X133.855 Y194.949 E846.34407
M204 S3000
M205 X10 Y10
G0 F6000 X133.855 Y194.383
M204 S1800
M205 X8 Y8
G1 F1200 X130.344 Y190.872 E846.50922
M204 S3000
M205 X10 Y10
G0 F6000 X130.909 Y190.872
M204 S1800
M205 X8 Y8
G1 F1200 X133.855 Y193.817 E846.64777
M204 S3000
M205 X10 Y10
G0 F6000 X133.855 Y193.252
M204 S1800
M205 X8 Y8
G1 F1200 X131.475 Y190.872 E846.75971
M204 S3000
M205 X10 Y10
G0 F6000 X132.04 Y190.872
M204 S1800
M205 X8 Y8
G1 F1200 X133.855 Y192.686 E846.84506
M204 S3000
M205 X10 Y10
G0 F6000 X133.855 Y192.12
M204 S1800
M205 X8 Y8
G1 F1200 X132.606 Y190.872 E846.90379
M204 S3000
M205 X10 Y10
G0 F6000 X133.172 Y190.872
M204 S1800
M205 X8 Y8
G1 F1200 X133.855 Y191.555 E846.93592
M204 S3000
M205 X10 Y10
G0 F6000 X133.855 Y190.989
M204 S1800
M205 X8 Y8
G1 F1200 X133.737 Y190.872 E846.94144
M204 S3000
M205 X10 Y10
G0 F6000 X134.271 Y200.271
G0 X133.716 Y202.729
M204 S1800
M205 X8 Y8
G1 F1200 X133.855 Y202.868 E846.94798
M204 S3000
M205 X10 Y10
G0 F6000 X133.368 Y202.947
M204 S1800
M205 X8 Y8
G1 F1200 X133.855 Y203.434 E846.97089
M204 S3000
M205 X10 Y10
G0 F6000 X133.855 Y204
M204 S1800
M205 X8 Y8
G1 F1200 X132.974 Y203.119 E847.01233
M204 S3000
M205 X10 Y10
G0 F6000 X132.507 Y203.218
M204 S1800
M205 X8 Y8
G1 F1200 X133.855 Y204.565 E847.07571
M204 S3000
M205 X10 Y10
G0 F6000 X133.855 Y205.131
M204 S1800
M205 X8 Y8
G1 F1200 X131.983 Y203.259 E847.16376
M204 S3000
M205 X10 Y10
G0 F6000 X131.377 Y203.219
M204 S1800
M205 X8 Y8
G1 F1200 X133.855 Y205.697 E847.28032
M204 S3000
M205 X10 Y10
G0 F6000 X133.855 Y206.263
M204 S1800
M205 X8 Y8
G1 F1200 X130.543 Y202.95 E847.43613
G1 X130.473 Y202.88
M204 S3000
M205 X10 Y10
G0 F6000 X118.059 Y210.089
G0 X115.576 Y213.44
M204 S1800
M205 X8 Y8
G1 F1200 X96.657 Y194.521 E848.32602
G1 X96.587 Y194.451
M204 S3000
M205 X10 Y10
G0 F6000 X97.595 Y196.024
M204 S1800
M205 X8 Y8
G1 F1200 X115.393 Y213.822 E849.16318
M204 S3000
M205 X10 Y10
G0 F6000 X115.189 Y214.184
M204 S1800
M205 X8 Y8
G1 F1200 X97.922 Y196.917 E849.97537
G1 X97.852 Y196.847
M204 S3000
M205 X10 Y10
G0 F6000 X98.211 Y197.772
M204 S1800
M205 X8 Y8
G1 F1200 X114.983 Y214.543 E850.76425
M204 S3000
M205 X10 Y10
G0 F6000 X114.767 Y214.893
M204 S1800
M205 X8 Y8
G1 F1200 X98.35 Y198.477 E851.53643
M204 S3000
M205 X10 Y10
G0 F6000 X98.423 Y199.115
M204 S1800
M205 X8 Y8
G1 F1200 X114.551 Y215.243 E852.29504
M204 S3000
M205 X10 Y10
G0 F6000 X114.335 Y215.593
M204 S1800
M205 X8 Y8
G1 F1200 X98.484 Y199.742 E853.04063
M204 S3000
M205 X10 Y10
G0 F6000 X98.485 Y200.308
M204 S1800
M205 X8 Y8
G1 F1200 X114.119 Y215.943 E853.77603
M204 S3000
M205 X10 Y10
G0 F6000 X113.904 Y216.293
M204 S1800
M205 X8 Y8
G1 F1200 X98.432 Y200.821 E854.50378
M204 S3000
M205 X10 Y10
G0 F6000 X98.37 Y201.325
M204 S1800
M205 X8 Y8
G1 F1200 X113.683 Y216.638 E855.22406
M204 S3000
M205 X10 Y10
G0 F6000 X113.447 Y216.967
M204 S1800
M205 X8 Y8
G1 F1200 X98.304 Y201.825 E855.93631
M204 S3000
M205 X10 Y10
G0 F6000 X98.2 Y202.286
M204 S1800
M205 X8 Y8
G1 F1200 X113.207 Y217.293 E856.6422
M204 S3000
M205 X10 Y10
G0 F6000 X112.958 Y217.609
M204 S1800
M205 X8 Y8
G1 F1200 X98.055 Y202.707 E857.34317
M204 S3000
M205 X10 Y10
G0 F6000 X97.909 Y203.127
M204 S1800
M205 X8 Y8
G1 F1200 X112.709 Y217.926 E858.03929
M204 S3000
M205 X10 Y10
G0 F6000 X112.46 Y218.243
M204 S1800
M205 X8 Y8
G1 F1200 X97.758 Y203.542 E858.7308
M204 S3000
M205 X10 Y10
G0 F6000 X97.608 Y203.957
M204 S1800
M205 X8 Y8
G1 F1200 X112.211 Y218.56 E859.41768
M204 S3000
M205 X10 Y10
G0 F6000 X111.962 Y218.877
M204 S1800
M205 X8 Y8
G1 F1200 X97.391 Y204.305 E860.10308
M204 S3000
M205 X10 Y10
G0 F6000 X97.174 Y204.654
M204 S1800
M205 X8 Y8
G1 F1200 X111.713 Y219.193 E860.78695
M204 S3000
M205 X10 Y10
G0 F6000 X111.447 Y219.493
M204 S1800
M205 X8 Y8
G1 F1200 X96.957 Y205.002 E861.46854
M204 S3000
M205 X10 Y10
G0 F6000 X96.735 Y205.347
M204 S1800
M205 X8 Y8
G1 F1200 X111.176 Y219.787 E862.14778
M204 S3000
M205 X10 Y10
G0 F6000 X110.896 Y220.073
M204 S1800
M205 X8 Y8
G1 F1200 X96.508 Y205.685 E862.82454
M204 S3000
M205 X10 Y10
G0 F6000 X96.23 Y205.973
M204 S1800
M205 X8 Y8
G1 F1200 X110.615 Y220.358 E863.50117
M204 S3000
M205 X10 Y10
G0 F6000 X110.335 Y220.644
M204 S1800
M205 X8 Y8
G1 F1200 X95.948 Y206.257 E864.17789
M204 S3000
M205 X10 Y10
G0 F6000 X95.663 Y206.538
M204 S1800
M205 X8 Y8
G1 F1200 X110.054 Y220.929 E864.8548
M204 S3000
M205 X10 Y10
G0 F6000 X109.774 Y221.214
M204 S1800
M205 X8 Y8
G1 F1200 X95.374 Y206.814 E865.53213
M204 S3000
M205 X10 Y10
G0 F6000 X95.086 Y207.091
M204 S1800
M205 X8 Y8
G1 F1200 X109.494 Y221.499 E866.20984
M204 S3000
M205 X10 Y10
G0 F6000 X109.199 Y221.77
M204 S1800
M205 X8 Y8
G1 F1200 X94.753 Y207.325 E866.88931
M204 S3000
M205 X10 Y10
G0 F6000 X94.407 Y207.544
M204 S1800
M205 X8 Y8
G1 F1200 X108.895 Y222.032 E867.57078
M204 S3000
M205 X10 Y10
G0 F6000 X108.584 Y222.287
M204 S1800
M205 X8 Y8
G1 F1200 X94.057 Y207.76 E868.25409
M204 S3000
M205 X10 Y10
G0 F6000 X93.705 Y207.974
M204 S1800
M205 X8 Y8
G1 F1200 X108.273 Y222.542 E868.93932
M204 S3000
M205 X10 Y10
G0 F6000 X107.962 Y222.796
M204 S1800
M205 X8 Y8
G1 F1200 X93.353 Y208.187 E869.62649
M204 S3000
M205 X10 Y10
G0 F6000 X92.939 Y208.339
M204 S1800
M205 X8 Y8
G1 F1200 X107.651 Y223.051 E870.31849
M204 S3000
M205 X10 Y10
G0 F6000 X107.34 Y223.305
M204 S1800
M205 X8 Y8
G1 F1200 X105.553 Y221.518 E870.40255
M204 S3000
M205 X10 Y10
G0 F6000 X105.683 Y222.214
M204 S1800
M205 X8 Y8
G1 F1200 X107.029 Y223.56 E870.46586
M204 S3000
M205 X10 Y10
G0 F6000 X106.703 Y223.8
M204 S1800
M205 X8 Y8
G1 F1200 X105.69 Y222.787 E870.51351
M204 S3000
M205 X10 Y10
G0 F6000 X105.612 Y223.275
M204 S1800
M205 X8 Y8
G1 F1200 X106.367 Y224.029 E870.549
M204 S3000
M205 X10 Y10
G0 F6000 X106.024 Y224.252
M204 S1800
M205 X8 Y8
G1 F1200 X105.472 Y223.7 E870.57496
M204 S3000
M205 X10 Y10
G0 F6000 X105.289 Y224.083
M204 S1800
M205 X8 Y8
G1 F1200 X105.681 Y224.475 E870.5934
M204 S3000
M205 X10 Y10
G0 F6000 X105.338 Y224.698
M204 S1800
M205 X8 Y8
G1 F1200 X105.08 Y224.439 E870.60556
M204 S3000
M205 X10 Y10
G0 F6000 X104.871 Y224.797
M204 S1800
M205 X8 Y8
G1 F1200 X104.948 Y224.874 E870.60918
M204 S3000
M205 X10 Y10
G0 F6000 X102.783 Y226.103
M204 S1800
M205 X8 Y8
G1 F1200 X102.483 Y225.803 E870.62329
M204 S3000
M205 X10 Y10
G0 F6000 X102.45 Y226.335
M204 S1800
M205 X8 Y8
G1 F1200 X101.847 Y225.732 E870.65166
G1 X101.777 Y225.662
M204 S3000
M205 X10 Y10
G0 F6000 X102.073 Y226.524
M204 S1800
M205 X8 Y8
G1 F1200 X101.013 Y225.463 E870.70154
G1 X100.943 Y225.393
M204 S3000
M205 X10 Y10
G0 F6000 X99.168 Y222.488
M204 S1800
M205 X8 Y8
G1 F1200 X83.783 Y207.103 E871.4252
G1 X83.713 Y207.033
M204 S3000
M205 X10 Y10
G0 F6000 X85.326 Y208.08
M204 S1800
M205 X8 Y8
G1 F1200 X99.212 Y221.965 E872.07833
M204 S3000
M205 X10 Y10
G0 F6000 X99.332 Y221.52
M204 S1800
M205 X8 Y8
G1 F1200 X86.274 Y208.462 E872.69254
G1 X86.204 Y208.392
M204 S3000
M205 X10 Y10
G0 F6000 X87.138 Y208.76
M204 S1800
M205 X8 Y8
G1 F1200 X99.481 Y221.103 E873.27312
M204 S3000
M205 X10 Y10
G0 F6000 X99.68 Y220.736
M204 S1800
M205 X8 Y8
G1 F1200 X87.854 Y208.911 E873.82935
M204 S3000
M205 X10 Y10
G0 F6000 X88.492 Y208.983
M204 S1800
M205 X8 Y8
G1 F1200 X99.934 Y220.425 E874.36755
M204 S3000
M205 X10 Y10
G0 F6000 X100.211 Y220.137
M204 S1800
M205 X8 Y8
G1 F1200 X89.127 Y209.052 E874.88893
M204 S3000
M205 X10 Y10
G0 F6000 X89.69 Y209.049
M204 S1800
M205 X8 Y8
G1 F1200 X100.511 Y219.871 E875.39794
M204 S3000
M205 X10 Y10
G0 F6000 X100.86 Y219.654
M204 S1800
M205 X8 Y8
G1 F1200 X90.205 Y208.999 E875.89912
M204 S3000
M205 X10 Y10
G0 F6000 X90.716 Y208.945
M204 S1800
M205 X8 Y8
G1 F1200 X101.252 Y219.48 E876.39468
M204 S3000
M205 X10 Y10
G0 F6000 X101.669 Y219.332
M204 S1800
M205 X8 Y8
G1 F1200 X91.223 Y208.886 E876.88602
M204 S3000
M205 X10 Y10
G0 F6000 X91.675 Y208.772
M204 S1800
M205 X8 Y8
G1 F1200 X102.145 Y219.241 E877.37848
M204 S3000
M205 X10 Y10
G0 F6000 X102.738 Y219.269
M204 S1800
M205 X8 Y8
G1 F1200 X92.104 Y208.635 E877.87867
M204 S3000
M205 X10 Y10
G0 F6000 X92.522 Y208.487
M204 S1800
M205 X8 Y8
G1 F1200 X103.413 Y219.379 E878.39097
G1 X103.483 Y219.449
M204 S3000
M205 X10 Y10
G0 F6000 X113.473 Y183.052
M204 S1800
M205 X8 Y8
G1 F1200 X106.447 Y176.026 E878.72145
G1 X106.377 Y175.956
M204 S3000
M205 X10 Y10
G0 F6000 X109.311 Y178.325
M204 S1800
M205 X8 Y8
G1 F1200 X110.139 Y179.153 E878.7604
G1 X110.209 Y179.223
M204 S3000
M205 X10 Y10
;MESH:NONMESH
G0 F600 X110.209 Y179.223 Z0.8
G0 F6000 X102.147 Y179.835
G0 X101.087 Y179.432
G0 X100.336 Y178.585
G0 X100.029 Y177.688
G0 X100.452 Y177.64
;TIME_ELAPSED:1039.369322
;LAYER:3
M204 S1800
M205 X8 Y8
;TYPE:WALL-OUTER
;MESH:14_4_2.stl
G1 F3000 X100.453 Y177.326 E878.77084
G1 X100.614 Y176.67 E878.79331
G1 X100.753 Y176.423 E878.80274
G1 X101.181 Y175.94 E878.8242
G1 X101.439 Y175.764 E878.83459
G1 X102.147 Y175.507 E878.85964
G1 X102.349 Y175.498 E878.86636
G1 X102.993 Y175.574 E878.88793
G1 X103.283 Y175.685 E878.89826
G1 X103.814 Y176.049 E878.91967
G1 X104.019 Y176.283 E878.93002
G1 X104.33 Y176.872 E878.95217
G1 X104.395 Y177.221 E878.96398
G1 X104.396 Y177.805 E878.9834
G1 X104.327 Y178.095 E878.99332
G1 X104.022 Y178.68 E879.01526
G1 X103.823 Y178.906 E879.02528
G1 X103.268 Y179.291 E879.04774
G1 X102.979 Y179.395 E879.05796
G1 X102.333 Y179.471 E879.07959
G1 X102.034 Y179.431 E879.08963
G1 X101.418 Y179.195 E879.11157
G1 X101.18 Y179.026 E879.12128
G1 X100.742 Y178.531 E879.14326
G1 X100.607 Y178.266 E879.15315
G1 X100.452 Y177.64 E879.1746
M204 S3000
M205 X10 Y10
G0 F6000 X100.452 Y177.44
G0 X99.933 Y177.373
G0 X83.06 Y194.917
G0 X82.088 Y196.463
G0 X81.548 Y198.014
G0 X81.23 Y200.081
G0 X81.736 Y200.025
M204 S1800
M205 X8 Y8
G1 F3000 X81.802 Y199.382 E879.1961
G1 X81.924 Y198.3 E879.23232
G1 X82.199 Y197.505 E879.26029
G1 X82.492 Y196.668 E879.28979
G1 X82.849 Y196.095 E879.31224
G1 X83.409 Y195.204 E879.34725
G1 X84.623 Y193.987 E879.40442
G1 X85.156 Y193.649 E879.42541
G1 X86.089 Y193.064 E879.46204
G1 X87.7 Y192.499 E879.51882
G1 X88.17 Y192.441 E879.53457
G1 X89.433 Y192.3 E879.57684
G1 X90.174 Y192.381 E879.60163
G1 X91.147 Y192.492 E879.6342
G1 X92.755 Y193.054 E879.69086
G1 X93.451 Y193.484 E879.71807
G1 X94.227 Y193.972 E879.74856
G1 X94.734 Y194.476 E879.77234
G1 X95.453 Y195.196 E879.80618
G1 X95.915 Y195.928 E879.83497
G1 X96.374 Y196.661 E879.86373
G1 X96.944 Y198.289 E879.9211
G1 X97.135 Y199.987 E879.97794
G1 X97.041 Y200.855 E880.00697
G1 X96.944 Y201.711 E880.03563
G1 X96.381 Y203.323 E880.09242
G1 X95.917 Y204.069 E880.12164
G1 X95.462 Y204.792 E880.15005
G1 X94.848 Y205.411 E880.17905
G1 X94.232 Y206.025 E880.20798
G1 X92.782 Y206.934 E880.2649
G1 X91.954 Y207.226 E880.2941
G1 X91.149 Y207.507 E880.32246
G1 X89.448 Y207.7 E880.3794
G1 X89.412 Y207.699 E880.3806
G1 X87.728 Y207.509 E880.43696
G1 X87.7 Y207.501 E880.43793
G1 X86.1 Y206.941 E880.49431
G1 X86.074 Y206.927 E880.49529
G1 X84.64 Y206.027 E880.5516
G1 X83.819 Y205.209 E880.59015
G1 X83.411 Y204.798 E880.60941
G1 X82.503 Y203.354 E880.66615
G1 X82.18 Y202.438 E880.69845
G1 X81.927 Y201.712 E880.72402
G1 X81.736 Y200.025 E880.78049
M204 S3000
M205 X10 Y10
G0 F6000 X81.756 Y199.826
G0 X81.247 Y199.768
G0 X63.364 Y202.437
G0 X62.034 Y202.017
G0 X61.259 Y201.14
G0 X60.957 Y200.276
G0 X61.452 Y200.154
M204 S1800
M205 X8 Y8
G1 F3000 X61.453 Y199.843 E880.79083
G1 X61.607 Y199.21 E880.8125
G1 X61.753 Y198.94 E880.82271
G1 X62.181 Y198.457 E880.84417
G1 X62.439 Y198.28 E880.85458
G1 X63.147 Y198.023 E880.87963
G1 X63.349 Y198.014 E880.88636
G1 X63.993 Y198.091 E880.90793
G1 X64.283 Y198.203 E880.91827
G1 X64.828 Y198.577 E880.94025
G1 X65.019 Y198.8 E880.95002
G1 X65.336 Y199.4 E880.97259
G1 X65.395 Y199.674 E880.98191
G1 X65.396 Y200.338 E881.004
G1 X65.327 Y200.612 E881.01339
G1 X65.022 Y201.197 E881.03534
G1 X64.814 Y201.431 E881.04575
G1 X64.263 Y201.81 E881.06799
G1 X63.979 Y201.912 E881.07803
G1 X63.348 Y201.987 E881.09917
G1 X63.034 Y201.948 E881.10969
G1 X62.449 Y201.725 E881.13051
G1 X62.18 Y201.542 E881.14133
G1 X61.752 Y201.059 E881.1628
G1 X61.61 Y200.79 E881.17291
G1 X61.452 Y200.154 E881.19471
M204 S3000
M205 X10 Y10
G0 F6000 X61.452 Y199.954
G0 X60.933 Y199.888
G0 X61.259 Y201.14
G0 X62.034 Y202.017
G0 X99.958 Y222.796
G0 X100.452 Y222.674
M204 S1800
M205 X8 Y8
G1 F3000 X100.453 Y222.36 E881.20515
G1 X100.607 Y221.727 E881.22682
G1 X100.753 Y221.456 E881.23706
G1 X101.195 Y220.959 E881.25918
G1 X101.439 Y220.797 E881.26892
G1 X102.16 Y220.536 E881.29443
G1 X102.993 Y220.608 E881.32224
G1 X103.283 Y220.719 E881.33256
G1 X103.828 Y221.093 E881.35455
G1 X104.028 Y221.335 E881.36499
G1 X104.33 Y221.905 E881.38645
G1 X104.395 Y222.191 E881.3962
G1 X104.396 Y222.838 E881.41772
G1 X104.327 Y223.128 E881.42763
G1 X104.022 Y223.714 E881.44961
G1 X103.823 Y223.939 E881.4596
G1 X103.272 Y224.322 E881.48192
G1 X102.993 Y224.425 E881.49181
G1 X102.349 Y224.503 E881.51338
G1 X102.034 Y224.464 E881.52394
G1 X101.435 Y224.235 E881.54527
G1 X101.18 Y224.059 E881.55558
G1 X100.744 Y223.566 E881.57747
G1 X100.61 Y223.307 E881.58716
G1 X100.452 Y222.674 E881.60886
M204 S3000
M205 X10 Y10
G0 F6000 X100.452 Y222.474
G0 X99.933 Y222.407
G0 X100.261 Y221.373
G0 X100.962 Y220.583
G0 X117.995 Y210.061
G0 X118.47 Y210.243
M204 S1800
M205 X8 Y8
G1 F3000 X118.59 Y210.133 E881.61428
G1 X118.678 Y210.123 E881.61722
G1 X135.235 Y210.098 E882.16791
G1 X135.235 Y189.903 E882.8396
G1 X118.637 Y189.917 E883.39165
G1 X118.494 Y189.837 E883.3971
G1 X118.467 Y189.788 E883.39896
G1 X117.808 Y188.036 E883.46122
G1 X116.69 Y185.684 E883.54784
G1 X116.33 Y185.002 E883.57349
G1 X114.959 Y182.788 E883.6601
G1 X114.525 Y182.147 E883.68585
G1 X112.919 Y180.096 E883.77249
G1 X112.42 Y179.507 E883.79816
G1 X110.599 Y177.644 E883.88481
G1 X110.039 Y177.114 E883.91046
G1 X108.023 Y175.463 E883.99712
G1 X107.409 Y174.994 E884.02282
G1 X105.226 Y173.576 E884.1094
G1 X104.563 Y173.177 E884.13514
G1 X102.209 Y171.993 E884.22278
G1 X101.536 Y171.681 E884.24745
G1 X99.025 Y170.748 E884.33655
G1 X98.363 Y170.527 E884.35976
G1 X95.835 Y169.892 E884.44645
G1 X95.084 Y169.725 E884.47204
G1 X92.502 Y169.372 E884.55872
G1 X91.735 Y169.288 E884.58438
G1 X89.13 Y169.22 E884.67105
G1 X88.359 Y169.221 E884.6967
G1 X85.763 Y169.441 E884.78335
G1 X84.995 Y169.524 E884.80904
G1 X82.438 Y170.028 E884.89572
G1 X81.682 Y170.195 E884.92148
G1 X79.333 Y170.93 E885.00334
G1 X78.47 Y171.221 E885.03363
G1 X76.086 Y172.27 E885.12026
G1 X75.383 Y172.595 E885.14602
G1 X73.038 Y173.953 E885.23615
G1 X72.469 Y174.297 E885.25826
G1 X70.303 Y175.894 E885.34777
G1 X69.754 Y176.311 E885.3707
G1 X67.683 Y178.225 E885.46449
G1 X67.279 Y178.608 E885.48301
G1 X65.528 Y180.62 E885.57172
G1 X65.067 Y181.162 E885.59539
G1 X63.56 Y183.343 E885.68356
G1 X63.153 Y183.942 E885.70765
G1 X61.553 Y186.917 E885.82
G1 X60.281 Y190.061 E885.9328
G1 X59.373 Y193.299 E886.04465
G1 X58.82 Y196.631 E886.15699
G1 X58.636 Y200.002 E886.26928
G1 X58.814 Y203.257 E886.3777
G1 X58.916 Y203.946 E886.40087
G1 X59.374 Y206.702 E886.49379
G1 X60.286 Y209.94 E886.60568
G1 X61.554 Y213.084 E886.71843
G1 X63.154 Y216.06 E886.83081
G1 X63.618 Y216.744 E886.8583
G1 X65.069 Y218.84 E886.94309
G1 X65.609 Y219.474 E886.97079
G1 X67.278 Y221.393 E887.05538
G1 X67.895 Y221.977 E887.08363
G1 X69.759 Y223.696 E887.16797
G1 X70.427 Y224.199 E887.19578
G1 X72.468 Y225.702 E887.28009
G1 X73.214 Y226.149 E887.30901
G1 X75.386 Y227.407 E887.39249
G1 X76.182 Y227.773 E887.42163
G1 X78.469 Y228.781 E887.50476
G1 X79.197 Y229.026 E887.53031
G1 X81.684 Y229.806 E887.617
G1 X82.44 Y229.974 E887.64276
G1 X84.507 Y230.38 E887.71282
G1 X85.488 Y230.53 E887.74583
G1 X85.902 Y230.571 E887.75966
G1 X88.358 Y230.779 E887.84164
G1 X89.13 Y230.779 E887.86732
G1 X91.735 Y230.711 E887.95399
G1 X92.502 Y230.627 E887.97966
G1 X95.083 Y230.274 E888.0663
G1 X95.839 Y230.107 E888.09205
G1 X98.363 Y229.474 E888.1786
G1 X99.094 Y229.227 E888.20426
G1 X101.537 Y228.318 E888.29096
G1 X102.267 Y227.98 E888.31771
G1 X104.563 Y226.824 E888.40321
G1 X105.242 Y226.413 E888.42961
G1 X107.409 Y225.005 E888.51556
G1 X108.056 Y224.511 E888.54264
G1 X110.039 Y222.886 E888.62791
G1 X110.601 Y222.354 E888.65365
G1 X112.264 Y220.656 E888.7327
G1 X112.839 Y220.001 E888.76169
G1 X113.519 Y219.14 E888.79818
G1 X114.526 Y217.854 E888.8525
G1 X114.961 Y217.213 E888.87827
G1 X116.125 Y215.327 E888.95198
G1 X116.509 Y214.66 E888.97758
G1 X116.797 Y214.092 E888.99876
G1 X117.81 Y211.965 E889.07712
G1 X118.47 Y210.243 E889.13846
M204 S3000
M205 X10 Y10
G0 F6000 X118.59 Y210.133
G0 X118.628 Y210.129
G0 X118.629 Y209.615
G0 X129.458 Y200.279
G0 X129.952 Y200.157
M204 S1800
M205 X8 Y8
G1 F3000 X129.953 Y199.843 E889.1489
G1 X130.107 Y199.21 E889.17057
G1 X130.253 Y198.94 E889.18078
G1 X130.698 Y198.44 E889.20304
G1 X130.939 Y198.281 E889.21264
G1 X131.647 Y198.023 E889.23771
G1 X131.849 Y198.014 E889.24443
G1 X132.493 Y198.091 E889.266
G1 X132.783 Y198.203 E889.27634
G1 X133.314 Y198.567 E889.29776
G1 X133.519 Y198.8 E889.30808
G1 X133.83 Y199.388 E889.3302
G1 X133.895 Y199.674 E889.33996
G1 X133.897 Y200.323 E889.36154
G1 X133.827 Y200.612 E889.37143
G1 X133.522 Y201.197 E889.39338
G1 X133.314 Y201.431 E889.40379
G1 X132.782 Y201.798 E889.42529
G1 X132.479 Y201.912 E889.43605
G1 X131.848 Y201.987 E889.45719
G1 X131.534 Y201.948 E889.46771
G1 X130.949 Y201.725 E889.48854
G1 X130.68 Y201.542 E889.49936
G1 X130.236 Y201.039 E889.52167
G1 X130.11 Y200.79 E889.53095
G1 X129.952 Y200.157 E889.55265
M204 S3000
M205 X10 Y10
G0 F6000 X129.952 Y199.957
G0 X129.564 Y200.254
M204 S1800
M205 X8 Y8
;TYPE:WALL-INNER
G1 F3000 X129.555 Y199.798 E889.56782
G1 X129.718 Y199.116 E889.59114
G1 X129.91 Y198.729 E889.60551
G1 X130.381 Y198.192 E889.62927
G1 X130.669 Y197.973 E889.6413
G1 X131.511 Y197.647 E889.67134
G1 X131.831 Y197.613 E889.68204
G1 X132.541 Y197.694 E889.70581
G1 X133.009 Y197.873 E889.72247
G1 X133.54 Y198.237 E889.74388
G1 X133.873 Y198.613 E889.76059
G1 X134.184 Y199.201 E889.78271
G1 F2727.3 X134.321 Y199.539 E889.79606
G1 F2531.6 X134.331 Y200.323 E889.82696
G1 F2684.6 X134.246 Y200.662 E889.83995
G1 F2905.6 X133.877 Y201.382 E889.86773
G1 F3000 X133.649 Y201.665 E889.87982
G1 X133.009 Y202.127 E889.90607
G1 X132.666 Y202.275 E889.9185
G1 X131.895 Y202.384 E889.9444
G1 X131.532 Y202.357 E889.9565
G1 X130.807 Y202.099 E889.9821
G1 X130.433 Y201.86 E889.99686
G1 X129.952 Y201.324 E890.02081
G1 X129.743 Y200.952 E890.03501
G1 X129.564 Y200.254 E890.05897
M204 S3000
M205 X10 Y10
G0 F6000 X129.458 Y200.28
G0 X118.212 Y209.682
G0 X118.092 Y210.109
M204 S1800
M205 X8 Y8
G1 F3000 X118.249 Y209.88 E890.06821
G1 X118.509 Y209.741 E890.07801
G1 X118.678 Y209.723 E890.08367
G1 X134.835 Y209.698 E890.62105
G1 X134.835 Y200.957 E890.91178
G1 F2765 X134.801 Y200.323 E890.93469
G1 F2558.6 X134.8 Y199.674 E890.96
G1 F2758.6 X134.835 Y199.04 E890.98297
G1 F3000 X134.835 Y190.303 E891.27356
G1 X118.653 Y190.317 E891.81178
G1 X118.39 Y190.256 E891.82076
G1 X118.172 Y190.075 E891.83018
G1 X118.093 Y189.929 E891.8357
G1 X117.44 Y188.192 E891.89742
G1 X116.332 Y185.863 E891.9832
G1 X115.982 Y185.201 E892.00811
G1 X114.623 Y183.006 E892.09398
G1 X114.201 Y182.383 E892.119
G1 X112.609 Y180.348 E892.20494
G1 X112.124 Y179.777 E892.22986
G1 X110.318 Y177.929 E892.3158
G1 X109.775 Y177.414 E892.34069
G1 X108.935 Y176.728 E892.37676
G1 X107.775 Y175.777 E892.42665
G1 X107.178 Y175.321 E892.45164
G1 X104.999 Y173.907 E892.53803
G1 X104.37 Y173.527 E892.56247
G1 X102.041 Y172.356 E892.64918
G1 X101.382 Y172.051 E892.67333
G1 X98.898 Y171.127 E892.76148
G1 X98.251 Y170.911 E892.78417
G1 X95.743 Y170.281 E892.87017
G1 X95.013 Y170.119 E892.89504
G1 X92.453 Y169.769 E892.98098
G1 X91.708 Y169.688 E893.00591
G1 X89.125 Y169.62 E893.09185
G1 X88.376 Y169.621 E893.11676
G1 X85.801 Y169.839 E893.20271
G1 X85.055 Y169.92 E893.22767
G1 X82.52 Y170.42 E893.31361
G1 X81.785 Y170.582 E893.33864
G1 X79.325 Y171.353 E893.42438
G1 X78.615 Y171.594 E893.44932
G1 X76.25 Y172.634 E893.53525
G1 X75.567 Y172.951 E893.5603
G1 X73.244 Y174.295 E893.64956
G1 X72.691 Y174.63 E893.67106
G1 X70.545 Y176.212 E893.75974
G1 X70.011 Y176.618 E893.78205
G1 X67.958 Y178.515 E893.87502
G1 X67.568 Y178.885 E893.8929
G1 X65.832 Y180.879 E893.98083
G1 X65.385 Y181.406 E894.00382
G1 X63.818 Y183.674 E894.09551
G1 X63.495 Y184.15 E894.11464
G1 X61.916 Y187.087 E894.22555
G1 X60.66 Y190.191 E894.33692
G1 X59.764 Y193.386 E894.44728
G1 X59.218 Y196.675 E894.55817
G1 X59.067 Y199.454 E894.65074
G1 X59.036 Y200.002 E894.66899
G1 X59.219 Y203.326 E894.77972
G1 X59.765 Y206.615 E894.89061
G1 X60.665 Y209.81 E895.00101
G1 X61.917 Y212.914 E895.11233
G1 X63.496 Y215.852 E895.22327
G1 X63.947 Y216.516 E895.24997
G1 X65.387 Y218.596 E895.33411
G1 X65.911 Y219.212 E895.36101
G1 X67.567 Y221.116 E895.44493
G1 X68.166 Y221.683 E895.47237
G1 X70.016 Y223.389 E895.55607
G1 X70.664 Y223.877 E895.58305
G1 X72.69 Y225.369 E895.66673
G1 X73.414 Y225.803 E895.69481
G1 X75.57 Y227.052 E895.77768
G1 X76.251 Y227.367 E895.80264
G1 X78.614 Y228.408 E895.88852
G1 X79.321 Y228.646 E895.91333
G1 X81.787 Y229.419 E895.99929
G1 X82.522 Y229.582 E896.02433
G1 X85.055 Y230.081 E896.11019
G1 X85.802 Y230.162 E896.13518
G1 X88.374 Y230.379 E896.22103
G1 X89.124 Y230.379 E896.24598
G1 X91.708 Y230.311 E896.33195
G1 X92.453 Y230.23 E896.35688
G1 X95.013 Y229.88 E896.44282
G1 X95.747 Y229.718 E896.46782
G1 X98.25 Y229.09 E896.55365
G1 X98.96 Y228.85 E896.57857
G1 X101.383 Y227.948 E896.66457
G1 X102.087 Y227.622 E896.69037
G1 X104.369 Y226.474 E896.77533
G1 X105.024 Y226.077 E896.80081
G1 X107.179 Y224.677 E896.88628
G1 X107.777 Y224.221 E896.91129
G1 X108.258 Y223.829 E896.93193
G1 X109.774 Y222.586 E896.99714
G1 X110.321 Y222.069 E897.02217
G1 X112.126 Y220.224 E897.10802
G1 X112.612 Y219.651 E897.13301
G1 X114.202 Y217.618 E897.21885
G1 X114.625 Y216.995 E897.24389
G1 X115.982 Y214.8 E897.32973
G1 X116.334 Y214.134 E897.35478
G1 X117.442 Y211.807 E897.4405
G1 X118.092 Y210.109 E897.50097
M204 S3000
M205 X10 Y10
G0 F6000 X117.991 Y210.07
G0 X101.04 Y220.495
G0 X100.261 Y221.373
G0 X100.034 Y222.297
G0 X100.064 Y222.771
M204 S1800
M205 X8 Y8
G1 F3000 X100.057 Y222.301 E897.51661
G1 X100.218 Y221.633 E897.53946
G1 X100.425 Y221.225 E897.55468
G1 X100.881 Y220.708 E897.57761
G1 X101.247 Y220.445 E897.5926
G1 X102.011 Y220.164 E897.61967
G1 X102.365 Y220.131 E897.6315
G1 X103.043 Y220.211 E897.6542
G1 X103.468 Y220.362 E897.66921
G1 X104.054 Y220.762 E897.6928
G1 X104.373 Y221.13 E897.709
G1 X104.684 Y221.718 E897.73113
G1 X104.782 Y222.064 E897.74309
G1 X104.796 Y222.779 E897.76687
G1 X104.733 Y223.175 E897.78021
G1 X104.377 Y223.898 E897.80701
G1 X104.052 Y224.267 E897.82337
G1 X103.48 Y224.664 E897.84653
G1 X103.041 Y224.822 E897.86204
G1 X102.397 Y224.9 E897.88362
G1 X101.907 Y224.844 E897.90002
G1 X101.292 Y224.609 E897.92192
G1 X100.88 Y224.324 E897.93858
G1 X100.428 Y223.812 E897.9613
G1 X100.222 Y223.404 E897.9765
G1 X100.064 Y222.771 E897.9982
M204 S3000
M205 X10 Y10
G0 F6000 X99.958 Y222.797
G0 X83.06 Y205.083
G0 X82.088 Y203.537
G0 X81.548 Y201.986
G0 X81.23 Y200.082
G0 X81.338 Y200.07
M204 S1800
M205 X8 Y8
G1 F3000 X81.404 Y199.338 E898.02265
G1 X81.525 Y198.267 E898.05849
G1 X81.821 Y197.373 E898.08982
G1 X82.109 Y196.55 E898.11882
G1 X82.51 Y195.882 E898.14473
G1 X83.06 Y195.006 E898.17913
G1 X83.533 Y194.512 E898.20188
G1 X84.352 Y193.693 E898.2404
G1 X84.831 Y193.381 E898.25942
G1 X85.88 Y192.723 E898.3006
G1 X86.353 Y192.546 E898.3174
G1 X87.587 Y192.115 E898.36087
G1 X88.125 Y192.043 E898.37893
G1 X89.405 Y191.9 E898.42177
G1 X90.219 Y191.984 E898.44898
G1 X91.171 Y192.091 E898.48085
G1 X92.083 Y192.394 E898.51281
G1 X92.887 Y192.676 E898.54115
G1 X93.663 Y193.145 E898.57131
G1 X94.459 Y193.646 E898.60259
G1 X95.017 Y194.193 E898.62858
G1 X95.725 Y194.901 E898.66188
G1 X96.254 Y195.715 E898.69417
G1 X96.713 Y196.447 E898.72291
G1 X96.76 Y196.549 E898.72664
G1 X97.325 Y198.168 E898.78367
G1 X97.438 Y199.099 E898.81487
G1 X97.535 Y199.965 E898.84385
G1 X97.439 Y200.899 E898.87508
G1 X97.34 Y201.766 E898.9041
G1 X97.12 Y202.423 E898.92715
G1 X96.755 Y203.465 E898.96387
G1 X96.256 Y204.282 E898.99571
G1 X95.808 Y204.995 E899.02372
G1 X95.131 Y205.693 E899.05606
G1 X94.506 Y206.317 E899.08543
G1 X93.718 Y206.82 E899.11653
G1 X92.984 Y207.28 E899.14534
G1 X92.086 Y207.604 E899.17709
G1 X91.271 Y207.889 E899.20581
G1 X90.318 Y208.005 E899.23774
G1 X89.503 Y208.097 E899.26502
G1 X89.367 Y208.097 E899.26954
G1 X87.699 Y207.909 E899.32537
G1 X87.568 Y207.879 E899.32984
G1 X85.982 Y207.324 E899.38573
G1 X85.862 Y207.266 E899.39016
G1 X84.44 Y206.374 E899.44599
G1 X83.634 Y205.589 E899.48341
G1 X83.144 Y205.099 E899.50646
G1 X82.58 Y204.23 E899.54092
G1 X82.151 Y203.544 E899.56783
G1 X81.802 Y202.57 E899.60224
G1 X81.545 Y201.834 E899.62817
G1 X81.415 Y200.751 E899.66445
G1 X81.338 Y200.07 E899.68724
M204 S3000
M205 X10 Y10
G0 F6000 X81.23 Y200.082
G0 X63.136 Y202.437
G0 X62.034 Y202.017
G0 X61.259 Y201.14
G0 X60.956 Y200.27
G0 X61.062 Y200.244
M204 S1800
M205 X8 Y8
G1 F3000 X61.064 Y199.748 E899.70374
G1 X61.218 Y199.116 E899.72537
G1 X61.453 Y198.674 E899.74202
G1 X61.881 Y198.191 E899.76349
G1 X62.169 Y197.973 E899.7755
G1 X63.011 Y197.647 E899.80553
G1 X63.331 Y197.613 E899.81624
G1 X64.041 Y197.694 E899.84
G1 X64.454 Y197.839 E899.85456
G1 X64.939 Y198.167 E899.87404
G1 X65.152 Y198.336 E899.88308
G1 X65.373 Y198.613 E899.89486
G1 X65.702 Y199.238 E899.91836
G1 X65.795 Y199.674 E899.93318
G1 X65.795 Y200.368 E899.95627
G1 X65.682 Y200.797 E899.97102
G1 X65.377 Y201.382 E899.99297
G1 X65.082 Y201.729 E900.00811
G1 X64.509 Y202.127 E900.03132
G1 X64.101 Y202.296 E900.04601
G1 X63.395 Y202.384 E900.06967
G1 X63.032 Y202.357 E900.08178
G1 X62.307 Y202.099 E900.10737
G1 X61.944 Y201.869 E900.12166
G1 X61.452 Y201.325 E900.14606
G1 X61.222 Y200.887 E900.16251
G1 X61.062 Y200.244 E900.18455
M204 S3000
M205 X10 Y10
G0 F6000 X60.956 Y200.27
G0 X61.262 Y198.857
G0 X62.038 Y197.981
G0 X99.958 Y177.762
G0 X100.064 Y177.736
M204 S1800
M205 X8 Y8
G1 F3000 X100.056 Y177.275 E900.19989
G1 X100.218 Y176.599 E900.22301
G1 X100.428 Y176.188 E900.23836
G1 X100.881 Y175.675 E900.26112
G1 X101.171 Y175.456 E900.27321
G1 X101.919 Y175.165 E900.2999
G1 X102.222 Y175.095 E900.31025
G1 X103.04 Y175.176 E900.33759
G1 X103.479 Y175.336 E900.35313
G1 X104.04 Y175.719 E900.37572
G1 X104.294 Y175.981 E900.38786
G1 X104.684 Y176.685 E900.41462
G1 X104.796 Y177.158 E900.43079
G1 X104.796 Y177.805 E900.45231
G1 X104.682 Y178.28 E900.46856
G1 X104.376 Y178.865 E900.49052
G1 X104.06 Y179.228 E900.50652
G1 X103.468 Y179.638 E900.53048
G1 X103.026 Y179.792 E900.54604
G1 X102.35 Y179.871 E900.56868
G1 X101.891 Y179.805 E900.5841
G1 X101.28 Y179.571 E900.60586
G1 X100.922 Y179.334 E900.62014
G1 X100.452 Y178.808 E900.64361
G1 X100.226 Y178.389 E900.65944
G1 X100.064 Y177.736 E900.68182
M204 S3000
M205 X10 Y10
G0 F6000 X99.676 Y177.832
M204 S1800
M205 X8 Y8
G1 F3000 X99.648 Y177.369 E900.69724
G1 X99.83 Y176.504 E900.72664
G1 X100.038 Y176.053 E900.74316
G1 X100.582 Y175.409 E900.7712
G1 X100.946 Y175.125 E900.78656
G1 X101.782 Y174.788 E900.81654
G1 X102.226 Y174.695 E900.83163
G1 X103.087 Y174.779 E900.8604
G1 X103.614 Y174.954 E900.87887
G1 X104.123 Y175.291 E900.89917
G1 X104.453 Y175.555 E900.91323
G1 X104.727 Y175.91 E900.92814
G1 X105.038 Y176.499 E900.9503
G1 X105.173 Y176.946 E900.96583
G1 X105.196 Y177.804 E900.99437
G1 X105.122 Y178.236 E901.00895
G1 X104.731 Y179.05 E901.03899
G1 X104.458 Y179.403 E901.05383
G1 X103.74 Y179.938 E901.08361
G1 X103.227 Y180.159 E901.10219
G1 X102.443 Y180.265 E901.1285
G1 X101.907 Y180.225 E901.14638
G1 X101.271 Y179.997 E901.16885
G1 X100.939 Y179.839 E901.18108
G1 X100.581 Y179.557 E901.19624
G1 X100.14 Y179.058 E901.21839
G1 X99.883 Y178.614 E901.23545
G1 X99.676 Y177.832 E901.26235
M204 S3000
M205 X10 Y10
G0 F6000 X83.06 Y194.917
G0 X82.088 Y196.463
G0 X81.748 Y197.439
G0 X80.941 Y200.114
M204 S1800
M205 X8 Y8
G1 F3000 X81.007 Y199.293 E901.28975
G1 X81.128 Y198.222 E901.3256
G1 X81.443 Y197.241 E901.35987
G1 X81.731 Y196.418 E901.38887
G1 X82.172 Y195.67 E901.41775
G1 X82.746 Y194.757 E901.45362
G1 X83.25 Y194.23 E901.47787
G1 X84.08 Y193.399 E901.51693
G1 X84.618 Y193.042 E901.53841
G1 X85.68 Y192.377 E901.58009
G1 X86.221 Y192.169 E901.59936
G1 X87.467 Y191.733 E901.64327
G1 X88.081 Y191.646 E901.6639
G1 X89.35 Y191.503 E901.70637
G1 X90.264 Y191.586 E901.73689
G1 X91.216 Y191.694 E901.76876
G1 X92.215 Y192.017 E901.80368
G1 X93.019 Y192.299 E901.83202
G1 X93.876 Y192.807 E901.86516
G1 X94.642 Y193.287 E901.89522
G1 X95.3 Y193.911 E901.92538
G1 X96.008 Y194.619 E901.95868
G1 X96.592 Y195.503 E901.99392
G1 X97.059 Y196.246 E902.02311
G1 X97.137 Y196.417 E902.02936
G1 X97.692 Y198.003 E902.08525
G1 X97.835 Y199.054 E902.12053
G1 X97.929 Y199.886 E902.14838
G1 X97.836 Y200.944 E902.1837
G1 X97.735 Y201.832 E902.21343
G1 X97.497 Y202.555 E902.23874
G1 X97.129 Y203.606 E902.27578
G1 X96.594 Y204.494 E902.31026
G1 X96.146 Y205.209 E902.33833
G1 X95.414 Y205.976 E902.37359
G1 X94.818 Y206.572 E902.40162
G1 X94.38 Y206.876 E902.41936
G1 X93.22 Y207.605 E902.46492
G1 X92.218 Y207.981 E902.50052
G1 X91.382 Y208.273 E902.52997
G1 X90.362 Y208.402 E902.56417
G1 X89.496 Y208.499 E902.59315
G1 X89.322 Y208.494 E902.59894
G1 X87.655 Y208.306 E902.65474
G1 X87.436 Y208.256 E902.66221
G1 X85.85 Y207.701 E902.7181
G1 X85.649 Y207.605 E902.72551
G1 X84.227 Y206.713 E902.78134
G1 X83.351 Y205.871 E902.82175
G1 X82.861 Y205.381 E902.8448
G1 X82.242 Y204.442 E902.8822
G1 X81.801 Y203.738 E902.90983
G1 X81.424 Y202.702 E902.9465
G1 X81.161 Y201.946 E902.97312
G1 X81.018 Y200.796 E903.01167
G1 X80.941 Y200.114 E903.0345
M204 S3000
M205 X10 Y10
G0 F6000 X63.136 Y202.437
G0 X62.034 Y202.017
G0 X61.407 Y201.307
G0 X60.676 Y200.351
M204 S1800
M205 X8 Y8
G1 F3000 X60.672 Y200.334 E903.03508
G1 X60.649 Y199.836 E903.05166
G1 X60.83 Y199.021 E903.07943
G1 X61.025 Y198.593 E903.09507
G1 X61.582 Y197.926 E903.12397
G1 X61.943 Y197.643 E903.13923
G1 X62.874 Y197.271 E903.17257
G1 X63.226 Y197.212 E903.18444
G1 X64.088 Y197.296 E903.21325
G1 X64.533 Y197.436 E903.22877
G1 X65.165 Y197.837 E903.25366
G1 X65.453 Y198.072 E903.26602
G1 X65.727 Y198.426 E903.28091
G1 X66.044 Y199.028 E903.30354
G1 X66.186 Y199.531 E903.32093
G1 X66.196 Y200.321 E903.3472
G1 X66.103 Y200.82 E903.36409
G1 X65.731 Y201.567 E903.39184
G1 X65.411 Y201.97 E903.40896
G1 X64.736 Y202.457 E903.43664
G1 X64.307 Y202.65 E903.45229
G1 X63.443 Y202.782 E903.48136
G1 X62.983 Y202.754 E903.49668
G1 X62.164 Y202.473 E903.52548
G1 X61.687 Y202.176 E903.54417
G1 X61.153 Y201.59 E903.57054
G1 X60.919 Y201.206 E903.5855
G1 X60.676 Y200.351 E903.61506
M204 S3000
M205 X10 Y10
G0 F6000 X61.392 Y201.328
G0 X61.969 Y201.948
G0 X99.676 Y222.868
M204 S1800
M205 X8 Y8
G1 F3000 X99.651 Y222.321 E903.63327
G1 X99.772 Y221.773 E903.65194
G1 X99.923 Y221.297 E903.66855
G1 X100.154 Y220.925 E903.68311
G1 X100.582 Y220.442 E903.70458
G1 X100.985 Y220.133 E903.72147
G1 X101.874 Y219.788 E903.75318
G1 X102.226 Y219.729 E903.76506
G1 X103.088 Y219.814 E903.79386
G1 X103.574 Y219.969 E903.81083
G1 X104.266 Y220.423 E903.83836
G1 X104.596 Y220.754 E903.8539
G1 X105 Y221.459 E903.88093
G1 X105.131 Y221.786 E903.89265
G1 X105.195 Y222.19 E903.90625
G1 X105.196 Y222.837 E903.92777
G1 X105.122 Y223.269 E903.94235
G1 X104.732 Y224.083 E903.97237
G1 X104.456 Y224.439 E903.98735
G1 X103.74 Y224.971 E904.01702
G1 X103.324 Y225.162 E904.03224
G1 X102.445 Y225.298 E904.06183
G1 X101.983 Y225.27 E904.07722
G1 X101.191 Y224.999 E904.10506
G1 X100.762 Y224.75 E904.12156
G1 X100.153 Y224.107 E904.15102
G1 X99.919 Y223.723 E904.16597
G1 X99.676 Y222.868 E904.19554
M204 S3000
M205 X10 Y10
G0 F6000 X100.261 Y221.373
G0 X100.962 Y220.583
G0 X118.49 Y209.337
M204 S1800
M205 X8 Y8
G1 F3000 X118.677 Y209.323 E904.20177
G1 X134.435 Y209.299 E904.72589
G1 X134.435 Y201.174 E904.99613
G1 X134.091 Y201.769 E905.01899
G1 X133.768 Y202.089 E905.03411
G1 X133.236 Y202.457 E905.05562
G1 X132.807 Y202.65 E905.07127
G1 X131.942 Y202.781 E905.10037
G1 X131.483 Y202.754 E905.11566
G1 X130.664 Y202.473 E905.14446
G1 X130.168 Y202.16 E905.16397
G1 X129.653 Y201.59 E905.18952
G1 X129.419 Y201.206 E905.20447
G1 X129.176 Y200.351 E905.23404
G1 X129.15 Y199.813 E905.25195
G1 X129.33 Y199.021 E905.27897
G1 X129.525 Y198.593 E905.29461
G1 X130.082 Y197.926 E905.32351
G1 X130.443 Y197.643 E905.33877
G1 X131.374 Y197.271 E905.37211
G1 X131.726 Y197.212 E905.38398
G1 X132.588 Y197.297 E905.41279
G1 X133.033 Y197.436 E905.4283
G1 X133.766 Y197.907 E905.45728
G1 X134.094 Y198.235 E905.47271
G1 X134.435 Y198.822 E905.49529
G1 X134.435 Y190.703 E905.76532
G1 X118.653 Y190.717 E906.29024
G1 X118.276 Y190.643 E906.30301
G1 X117.98 Y190.456 E906.31466
G1 X117.759 Y190.163 E906.32687
G1 X117.718 Y190.07 E906.33025
G1 X117.071 Y188.349 E906.3914
G1 X115.974 Y186.043 E906.47633
G1 X115.635 Y185.4 E906.50051
G1 X114.287 Y183.223 E906.58567
G1 X113.878 Y182.619 E906.60994
G1 X112.299 Y180.601 E906.69516
G1 X111.828 Y180.046 E906.71937
G1 X110.038 Y178.214 E906.80456
G1 X109.51 Y177.714 E906.82875
G1 X107.508 Y176.077 E906.91476
G1 X106.947 Y175.649 E906.93823
G1 X104.792 Y174.249 E907.0237
G1 X104.176 Y173.878 E907.04762
G1 X101.872 Y172.719 E907.1334
G1 X101.228 Y172.42 E907.15701
G1 X98.814 Y171.521 E907.24269
G1 X98.139 Y171.295 E907.26637
G1 X95.582 Y170.655 E907.35404
G1 X94.943 Y170.513 E907.37581
G1 X92.405 Y170.166 E907.46101
G1 X91.681 Y170.087 E907.48523
G1 X89.12 Y170.02 E907.57044
G1 X88.393 Y170.021 E907.59462
G1 X85.84 Y170.237 E907.67984
G1 X85.116 Y170.316 E907.70406
G1 X82.719 Y170.788 E907.78531
G1 X81.888 Y170.969 E907.8136
G1 X79.449 Y171.733 E907.89861
G1 X78.76 Y171.967 E907.92281
G1 X76.415 Y172.999 E908.00803
G1 X75.752 Y173.306 E908.03233
G1 X73.537 Y174.586 E908.11741
G1 X72.914 Y174.963 E908.14163
G1 X70.85 Y176.483 E908.22689
G1 X70.269 Y176.925 E908.25117
G1 X68.336 Y178.709 E908.33866
G1 X67.857 Y179.162 E908.36059
G1 X66.137 Y181.139 E908.44774
G1 X65.703 Y181.65 E908.47004
G1 X64.222 Y183.792 E908.55666
G1 X63.838 Y184.357 E908.57938
G1 X62.278 Y187.257 E908.6889
G1 X61.577 Y188.992 E908.75114
G1 X61.04 Y190.32 E908.79878
G1 X60.155 Y193.473 E908.90771
G1 X59.616 Y196.719 E909.01715
G1 X59.466 Y199.476 E909.10898
G1 X59.437 Y200.002 E909.1265
G1 X59.617 Y203.282 E909.23576
G1 X60.038 Y205.823 E909.32143
G1 X60.156 Y206.527 E909.34517
G1 X61.044 Y209.681 E909.45415
G1 X62.279 Y212.744 E909.56399
G1 X63.839 Y215.645 E909.67355
G1 X64.276 Y216.288 E909.6994
G1 X65.705 Y218.352 E909.7829
G1 X66.213 Y218.949 E909.80897
G1 X67.856 Y220.839 E909.89227
G1 X68.438 Y221.389 E909.9189
G1 X70.272 Y223.081 E910.00189
G1 X70.849 Y223.517 E910.02595
G1 X72.912 Y225.036 E910.11116
G1 X73.538 Y225.412 E910.13544
G1 X75.755 Y226.696 E910.22066
G1 X76.505 Y227.041 E910.24811
G1 X78.759 Y228.034 E910.33004
G1 X79.445 Y228.265 E910.35411
G1 X81.891 Y229.032 E910.43937
G1 X82.604 Y229.191 E910.46367
G1 X85.116 Y229.685 E910.54882
G1 X85.841 Y229.764 E910.57307
G1 X88.391 Y229.979 E910.65819
G1 X89.119 Y229.979 E910.6824
G1 X91.681 Y229.912 E910.76764
G1 X92.405 Y229.833 E910.79187
G1 X94.702 Y229.52 E910.86897
G1 X95.583 Y229.344 E910.89885
G1 X96.458 Y229.127 E910.92884
G1 X98.137 Y228.706 E910.98641
G1 X98.864 Y228.459 E911.01195
G1 X101.229 Y227.578 E911.09589
G1 X101.907 Y227.265 E911.12072
G1 X104.175 Y226.123 E911.20518
G1 X104.806 Y225.741 E911.22971
G1 X106.948 Y224.35 E911.31466
G1 X107.529 Y223.907 E911.33896
G1 X109.51 Y222.286 E911.4241
G1 X110.083 Y221.74 E911.45042
G1 X111.83 Y219.955 E911.5335
G1 X112.302 Y219.398 E911.55778
G1 X113.879 Y217.382 E911.64291
G1 X114.289 Y216.778 E911.66719
G1 X115.634 Y214.601 E911.7523
G1 X115.977 Y213.954 E911.77666
G1 X117.074 Y211.649 E911.86156
G1 X117.719 Y209.966 E911.92151
G1 X117.894 Y209.672 E911.93289
G1 X118.156 Y209.456 E911.94418
G1 X118.49 Y209.337 E911.95597
M204 S3000
M205 X10 Y10
G0 F6000 X117.697 Y190.709
M204 S1800
M205 X8 Y8
;TYPE:SKIN
G1 F1200 X117.415 Y190.324 E911.97185
G1 X116.871 Y188.892 E912.0228
G1 X116.54 Y188.117 E912.05083
G1 X115.633 Y186.213 E912.12097
G1 X115.303 Y185.588 E912.14448
G1 X114.054 Y183.571 E912.22338
G1 X113.725 Y183.07 E912.24332
G1 X113.4 Y182.625 E912.26165
G1 X112.072 Y180.928 E912.33332
G1 X111.546 Y180.302 E912.36051
G1 X109.773 Y178.489 E912.44486
G1 X109.257 Y178 E912.4685
G1 X107.293 Y176.391 E912.55295
G1 X106.759 Y175.984 E912.57528
G1 X105.517 Y175.175 E912.62458
G1 F1140.1 X104.998 Y174.86 E912.64583
G1 F1111.1 X104.169 Y174.333 E912.68112
G1 F1108.5 X103.597 Y174.039 E912.70427
G1 F1137.4 X102.724 Y173.575 E912.73896
G1 F1200 X101.746 Y173.082 E912.77539
G1 X101.125 Y172.792 E912.79819
G1 X98.756 Y171.906 E912.88231
G1 X98.134 Y171.696 E912.90414
G1 X97.161 Y171.443 E912.93758
G1 X95.649 Y171.064 E912.98943
G1 X95.111 Y170.942 E913.00778
G1 X93.984 Y170.767 E913.04571
G1 X92.463 Y170.559 E913.09677
G1 X91.657 Y170.467 E913.12375
G1 X89.258 Y170.405 E913.20357
G1 X88.41 Y170.402 E913.23177
G1 X86.005 Y170.605 E913.31205
G1 X85.173 Y170.692 E913.33987
G1 X82.692 Y171.183 E913.42399
G1 X81.985 Y171.338 E913.44806
G1 X79.689 Y172.056 E913.52808
G1 X78.901 Y172.322 E913.55574
G1 X76.581 Y173.343 E913.64004
G1 X75.928 Y173.645 E913.66397
G1 X73.817 Y174.864 E913.74505
G1 X73.128 Y175.279 E913.7718
G1 X71.628 Y176.383 E913.83375
G1 X70.513 Y177.218 E913.88008
G1 X68.656 Y178.932 E913.96413
G1 X68.132 Y179.427 E913.98811
G1 X66.947 Y180.785 E914.04805
G1 X66.002 Y181.884 E914.09626
G1 X64.163 Y184.557 E914.20417
G1 X62.624 Y187.421 E914.31231
G1 X61.393 Y190.458 E914.42131
G1 X60.528 Y193.558 E914.52835
G1 X59.995 Y196.763 E914.63641
G1 X59.881 Y198.843 E914.7057
G1 F1151.1 X59.863 Y199.495 E914.72831
G1 F1113.7 X59.834 Y199.989 E914.74605
G1 F1078.7 X59.881 Y200.572 E914.76769
G1 F1002.1 X59.929 Y201.155 E914.79099
G1 F1071.4 X59.914 Y201.737 E914.81268
G1 F1200 X59.996 Y203.238 E914.86267
G1 X60.528 Y206.443 E914.97073
G1 X61.402 Y209.543 E915.07786
G1 X62.625 Y212.582 E915.18681
G1 X64.163 Y215.446 E915.29494
G1 X66.006 Y218.12 E915.40295
G1 X66.417 Y218.602 E915.42402
G1 X68.13 Y220.574 E915.5109
G1 X68.618 Y221.035 E915.53323
G1 X70.521 Y222.794 E915.61942
G1 X71 Y223.152 E915.63931
G1 X72.73 Y224.429 E915.71083
G1 X73.54 Y224.968 E915.74319
G1 X75.517 Y226.116 E915.81922
G1 X76.363 Y226.558 E915.85097
G1 X78.463 Y227.488 E915.92736
G1 X79.342 Y227.83 E915.95873
G1 X82.002 Y228.67 E916.05151
G1 X82.56 Y228.791 E916.0705
G1 X83.349 Y228.946 E916.09724
G1 X85.175 Y229.309 E916.15917
G1 X85.75 Y229.371 E916.1784
G1 X88.408 Y229.599 E916.26713
G1 X89.115 Y229.599 E916.29065
G1 X91.655 Y229.532 E916.37516
G1 X92.25 Y229.467 E916.39506
G1 X94.873 Y229.111 E916.4831
G1 X95.497 Y228.972 E916.50437
G1 X98.017 Y228.343 E916.59075
G1 X98.66 Y228.129 E916.61329
G1 X100.999 Y227.258 E916.69631
G1 X101.623 Y226.976 E916.71908
G1 X102.446 Y226.564 E916.7497
G1 F1126.8 X103.27 Y226.121 E916.78283
G1 F1088.4 X103.91 Y225.813 E916.80888
G1 F1103.4 X104.573 Y225.414 E916.83687
G1 F1061.9 X105.01 Y225.115 E916.85677
G1 F1111.1 X105.536 Y224.812 E916.87857
G1 F1200 X106.718 Y224.043 E916.92547
G1 X107.231 Y223.655 E916.94687
G1 X109.258 Y221.999 E917.03392
G1 X109.729 Y221.553 E917.0555
G1 X111.549 Y219.698 E917.14193
G1 X111.936 Y219.24 E917.16188
G1 X113.571 Y217.156 E917.24998
G1 X113.971 Y216.57 E917.27357
G1 X115.305 Y214.412 E917.35796
G1 X115.637 Y213.783 E917.38161
G1 X116.724 Y211.499 E917.46574
G1 X117.368 Y209.819 E917.52558
G1 X117.443 Y209.664 E917.53131
G1 X117.759 Y209.277 E917.54793
G1 X118.157 Y209.038 E917.56337
G1 X118.575 Y208.947 E917.5776
G1 X134.055 Y208.919 E918.09247
G1 X134.055 Y202.345 E918.31112
G1 X133.177 Y202.915 E918.34594
G1 X132.653 Y203.077 E918.36418
G1 X131.695 Y203.159 E918.39616
G1 X131.14 Y203.058 E918.41492
G1 X130.282 Y202.701 E918.44583
G1 X129.821 Y202.347 E918.46516
G1 X129.366 Y201.842 E918.48777
G1 X129.171 Y201.554 E918.49934
G1 X128.963 Y201.072 E918.5168
G1 X128.774 Y200.236 E918.5453
G1 X128.798 Y199.614 E918.56601
G1 X128.959 Y198.933 E918.58928
G1 X129.096 Y198.584 E918.60175
G1 X129.369 Y198.158 E918.61858
G1 X129.813 Y197.657 E918.64085
G1 X130.063 Y197.442 E918.65181
G1 X130.504 Y197.187 E918.66876
G1 X131.443 Y196.859 E918.70184
G1 X131.961 Y196.841 E918.71908
G1 X132.635 Y196.919 E918.74164
G1 X132.99 Y197.01 E918.75383
G1 X133.452 Y197.23 E918.77085
G1 X133.979 Y197.589 E918.79206
G1 X134.055 Y197.66 E918.79552
G1 X134.055 Y191.085 E919.01421
G1 X118.53 Y191.092 E919.53057
G1 X118.089 Y190.971 E919.54578
G1 X117.697 Y190.709 E919.56146
M204 S3000
M205 X10 Y10
G0 F6000 X100.868 Y179.35
G0 X99.397 Y178.289
M204 S1800
M205 X8 Y8
G1 F1200 X99.275 Y177.739 E919.5802
G1 X99.295 Y177.112 E919.60106
G1 X99.458 Y176.417 E919.62481
G1 X99.656 Y175.972 E919.64101
G1 X99.873 Y175.636 E919.65431
G1 X100.512 Y174.963 E919.68518
G1 X101.005 Y174.67 E919.70425
G1 X101.652 Y174.431 E919.72719
G1 X102.192 Y174.318 E919.74554
G1 F1179.4 X102.768 Y174.373 E919.76512
G1 F1137.4 X103.345 Y174.429 E919.78547
G1 F1121.5 X103.925 Y174.682 E919.80798
G1 F1100.9 X104.491 Y175.064 E919.83274
G1 F1081.1 X104.678 Y175.211 E919.84152
G1 F1140.1 X105.042 Y175.697 E919.86278
G1 F1200 X105.382 Y176.333 E919.88676
G1 X105.515 Y176.761 E919.90167
G1 X105.576 Y177.24 E919.91773
G1 X105.577 Y177.802 E919.93642
G1 X105.496 Y178.314 E919.95366
G1 X105.321 Y178.741 E919.96901
G1 X104.897 Y179.479 E919.99732
G1 X104.523 Y179.853 E920.01491
G1 X103.787 Y180.35 E920.04445
G1 X103.266 Y180.541 E920.06291
G1 X102.489 Y180.642 E920.08897
G1 X102.14 Y180.639 E920.10058
G1 X101.628 Y180.538 E920.11793
G1 X100.9 Y180.255 E920.14391
G1 X100.412 Y179.924 E920.16352
G1 X99.87 Y179.327 E920.19034
G1 X99.583 Y178.867 E920.20838
G1 X99.397 Y178.289 E920.22857
M204 S3000
M205 X10 Y10
G0 F6000 X83.06 Y194.917
G0 X82.186 Y196.308
G0 X80.555 Y199.975
M204 S1800
M205 X8 Y8
G1 F1200 X80.626 Y199.294 E920.25135
G1 X80.715 Y198.491 E920.27822
G1 X80.78 Y198.006 E920.29449
G1 X81.086 Y197.114 E920.32586
G1 X81.447 Y196.116 E920.36116
G1 X81.92 Y195.353 E920.39101
G1 X82.518 Y194.431 E920.42756
G1 X83.084 Y193.859 E920.45433
G1 X83.938 Y193.025 E920.49403
G1 X85.446 Y192.074 E920.55333
G1 X86.107 Y191.808 E920.57703
G1 X87.321 Y191.381 E920.61983
G1 X87.901 Y191.286 E920.63938
G1 X89.296 Y191.127 E920.68608
G1 X90.457 Y191.227 E920.72483
G1 X91.402 Y191.336 E920.75647
G1 X92.34 Y191.658 E920.78946
G1 X93.302 Y192.006 E920.82348
G1 X94.077 Y192.484 E920.85377
G1 X94.987 Y193.07 E920.88977
G1 X95.362 Y193.437 E920.90722
G1 X95.727 Y193.798 E920.92429
G1 X96.411 Y194.505 E920.95701
G1 X96.914 Y195.3 E920.9883
G1 X97.477 Y196.239 E921.02472
G1 X97.846 Y197.29 E921.06177
G1 X98.106 Y198.086 E921.08962
G1 X98.214 Y199.014 E921.12069
G1 X98.315 Y200.061 E921.15568
G1 X98.214 Y200.988 E921.18669
G1 X98.095 Y201.976 E921.21979
G1 X97.846 Y202.698 E921.24519
G1 X97.489 Y203.724 E921.28132
G1 X97.378 Y203.964 E921.29012
G1 X96.914 Y204.7 E921.31906
G1 X96.328 Y205.597 E921.35469
G1 X95.078 Y206.85 E921.41356
G1 X94.133 Y207.479 E921.45132
G1 X93.263 Y208.01 E921.48522
G1 X92.663 Y208.226 E921.50643
G1 X91.977 Y208.462 E921.53055
G1 X91.363 Y208.668 E921.5521
G1 X90.402 Y208.781 E921.58428
G1 X89.388 Y208.881 E921.61817
G1 X88.034 Y208.733 E921.66347
G1 X87.421 Y208.651 E921.68404
G1 X86.049 Y208.173 E921.73236
G1 X85.549 Y207.986 E921.75012
G1 X84.367 Y207.248 E921.79647
G1 X83.876 Y206.926 E921.81599
G1 X82.983 Y206.042 E921.85779
G1 X82.479 Y205.521 E921.8819
G1 X82.462 Y205.498 E921.88285
G1 X81.851 Y204.536 E921.92075
G1 X81.417 Y203.817 E921.94869
G1 X81.124 Y202.992 E921.9778
G1 X80.932 Y202.421 E921.99784
G1 X80.762 Y201.905 E922.01591
G1 X80.639 Y200.834 E922.05177
G1 X80.555 Y199.975 E922.08047
M204 S3000
M205 X10 Y10
G0 F6000 X63.364 Y202.437
G0 X62.034 Y202.017
G0 X60.262 Y200.223
M204 S1800
M205 X8 Y8
G1 F1126.8 X60.286 Y199.595 E922.10273
G1 F1156.6 X60.459 Y198.927 E922.12655
G1 F1200 X60.597 Y198.583 E922.13887
G1 X60.87 Y198.155 E922.15576
G1 X61.294 Y197.674 E922.17708
G1 X61.564 Y197.441 E922.18895
G1 X62.004 Y197.186 E922.20586
G1 X62.746 Y196.913 E922.23216
G1 X63.238 Y196.832 E922.24874
G1 X64.132 Y196.919 E922.27862
G1 X64.47 Y197.004 E922.29021
G1 X64.934 Y197.218 E922.3072
G1 X65.682 Y197.766 E922.33804
G1 X66.044 Y198.217 E922.35728
G1 X66.409 Y198.908 E922.38327
G1 X66.558 Y199.451 E922.402
G1 X66.575 Y200.023 E922.42103
G1 X66.544 Y200.61 E922.44058
G1 X66.387 Y201.13 E922.45865
G1 X66.094 Y201.688 E922.47961
G1 X65.985 Y201.878 E922.4869
G1 X65.591 Y202.322 E922.50664
G1 X64.95 Y202.773 E922.53271
G1 X64.642 Y202.929 E922.54419
G1 X64.149 Y203.077 E922.56131
G1 X63.485 Y203.159 E922.58356
G1 X63.14 Y203.157 E922.59504
G1 X62.64 Y203.058 E922.61199
G1 X61.78 Y202.7 E922.64298
G1 X61.32 Y202.347 E922.66226
G1 X60.868 Y201.845 E922.68473
G1 F1100.9 X60.443 Y201.128 E922.71495
G1 F1073.8 X60.262 Y200.223 E922.74925
M204 S3000
M205 X10 Y10
G0 F6000 X62.034 Y202.017
G0 X99.299 Y222.866
M204 S1800
M205 X8 Y8
G1 F1200 X99.275 Y222.762 E922.7528
G1 X99.298 Y222.118 E922.77423
G1 X99.531 Y221.239 E922.80448
G1 X99.846 Y220.702 E922.82518
G1 X100.216 Y220.297 E922.84343
G1 X100.488 Y220.012 E922.85653
G1 X100.971 Y219.714 E922.87541
G1 X101.823 Y219.404 E922.90556
G1 X102.384 Y219.352 E922.9243
G1 X103.232 Y219.451 E922.9527
G1 X103.821 Y219.668 E922.97358
G1 X104.483 Y220.109 E923.00003
G1 X104.755 Y220.355 E923.01223
G1 X105.061 Y220.762 E923.02917
G1 X105.345 Y221.3 E923.0494
G1 X105.501 Y221.709 E923.06396
G1 X105.575 Y222.195 E923.08031
G1 X105.544 Y223.127 E923.11133
G1 X105.393 Y223.627 E923.1287
G1 X105.069 Y224.258 E923.15229
G1 F1134.8 X104.77 Y224.692 E923.17083
G1 F1083.5 X104.356 Y225.03 E923.19051
G1 F1108.5 X103.791 Y225.396 E923.21475
G1 F1069 X103.186 Y225.624 E923.23889
G1 F1098.4 X102.197 Y225.676 E923.27488
G1 F1200 X101.645 Y225.576 E923.29354
G1 X101.009 Y225.311 E923.31645
G1 X100.709 Y225.176 E923.32739
G1 X100.318 Y224.864 E923.34403
G1 X99.742 Y224.182 E923.37372
G1 X99.477 Y223.629 E923.39412
G1 X99.299 Y222.866 E923.42018
M204 S3000
M205 X10 Y10
G0 F6000 X100.393 Y221.186
G0 X101.04 Y220.495
G0 X118.212 Y209.682
G0 X133.854 Y208.385
M204 S1800
M205 X8 Y8
G1 F1200 X133.52 Y208.718 E923.43586
M204 S3000
M205 X10 Y10
G0 F6000 X132.953 Y208.72
M204 S1800
M205 X8 Y8
G1 F1200 X133.854 Y207.819 E923.47824
M204 S3000
M205 X10 Y10
G0 F6000 X133.854 Y207.253
M204 S1800
M205 X8 Y8
G1 F1200 X132.386 Y208.721 E923.54729
M204 S3000
M205 X10 Y10
G0 F6000 X131.82 Y208.722
M204 S1800
M205 X8 Y8
G1 F1200 X133.854 Y206.688 E923.64297
M204 S3000
M205 X10 Y10
G0 F6000 X133.854 Y206.122
M204 S1800
M205 X8 Y8
G1 F1200 X131.253 Y208.723 E923.76531
M204 S3000
M205 X10 Y10
G0 F6000 X130.686 Y208.724
M204 S1800
M205 X8 Y8
G1 F1200 X133.854 Y205.556 E923.91432
M204 S3000
M205 X10 Y10
G0 F6000 X133.854 Y204.99
M204 S1800
M205 X8 Y8
G1 F1200 X130.119 Y208.725 E924.09001
M204 S3000
M205 X10 Y10
G0 F6000 X129.552 Y208.727
M204 S1800
M205 X8 Y8
G1 F1200 X133.854 Y204.425 E924.29236
M204 S3000
M205 X10 Y10
G0 F6000 X133.854 Y203.859
M204 S1800
M205 X8 Y8
G1 F1200 X128.986 Y208.728 E924.52136
M204 S3000
M205 X10 Y10
G0 F6000 X128.419 Y208.729
M204 S1800
M205 X8 Y8
G1 F1200 X133.854 Y203.293 E924.77703
M204 S3000
M205 X10 Y10
G0 F6000 X133.854 Y202.728
M204 S1800
M205 X8 Y8
G1 F1200 X127.852 Y208.73 E925.05934
M204 S3000
M205 X10 Y10
G0 F6000 X127.285 Y208.731
M204 S1800
M205 X8 Y8
G1 F1200 X132.774 Y203.242 E925.31753
M204 S3000
M205 X10 Y10
G0 F6000 X132.135 Y203.315
M204 S1800
M205 X8 Y8
G1 F1200 X126.719 Y208.732 E925.5723
M204 S3000
M205 X10 Y10
G0 F6000 X126.152 Y208.733
M204 S1800
M205 X8 Y8
G1 F1200 X131.546 Y203.339 E925.82602
M204 S3000
M205 X10 Y10
G0 F6000 X131.079 Y203.24
M204 S1800
M205 X8 Y8
G1 F1200 X125.584 Y208.735 E926.08449
M204 S3000
M205 X10 Y10
G0 F6000 X125.018 Y208.735
M204 S1800
M205 X8 Y8
G1 F1200 X130.676 Y203.077 E926.35062
M204 S3000
M205 X10 Y10
G0 F6000 X130.283 Y202.904
M204 S1800
M205 X8 Y8
G1 F1200 X124.451 Y208.737 E926.62497
M204 S3000
M205 X10 Y10
G0 F6000 X123.885 Y208.737
M204 S1800
M205 X8 Y8
G1 F1200 X129.935 Y202.687 E926.90954
M204 S3000
M205 X10 Y10
G0 F6000 X129.624 Y202.432
M204 S1800
M205 X8 Y8
G1 F1200 X123.318 Y208.739 E927.20618
M204 S3000
M205 X10 Y10
G0 F6000 X122.75 Y208.74
M204 S1800
M205 X8 Y8
G1 F1200 X129.358 Y202.133 E927.51698
M204 S3000
M205 X10 Y10
G0 F6000 X129.109 Y201.816
M204 S1800
M205 X8 Y8
G1 F1200 X122.184 Y208.741 E927.84271
M204 S3000
M205 X10 Y10
G0 F6000 X121.617 Y208.742
M204 S1800
M205 X8 Y8
G1 F1200 X128.909 Y201.45 E928.1857
M204 S3000
M205 X10 Y10
G0 F6000 X128.752 Y201.042
M204 S1800
M205 X8 Y8
G1 F1200 X121.051 Y208.743 E928.54793
M204 S3000
M205 X10 Y10
G0 F6000 X120.483 Y208.744
M204 S1800
M205 X8 Y8
G1 F1200 X128.648 Y200.58 E928.93196
M204 S3000
M205 X10 Y10
G0 F6000 X128.577 Y200.085
M204 S1800
M205 X8 Y8
G1 F1200 X119.916 Y208.746 E929.33935
M204 S3000
M205 X10 Y10
G0 F6000 X119.35 Y208.747
M204 S1800
M205 X8 Y8
G1 F1200 X128.622 Y199.474 E929.7755
G1 X128.692 Y199.404
M204 S3000
M205 X10 Y10
G0 F6000 X128.835 Y198.696
M204 S1800
M205 X8 Y8
G1 F1200 X118.783 Y208.748 E930.24832
M204 S3000
M205 X10 Y10
G0 F6000 X118.112 Y208.853
M204 S1800
M205 X8 Y8
G1 F1200 X133.854 Y193.111 E930.98877
M204 S3000
M205 X10 Y10
G0 F6000 X133.854 Y193.677
M204 S1800
M205 X8 Y8
G1 F1200 X130.589 Y196.942 E931.14235
G1 X130.519 Y197.012
M204 S3000
M205 X10 Y10
G0 F6000 X131.444 Y196.652
M204 S1800
M205 X8 Y8
G1 F1200 X133.854 Y194.242 E931.25571
M204 S3000
M205 X10 Y10
G0 F6000 X133.854 Y194.808
M204 S1800
M205 X8 Y8
G1 F1200 X132.016 Y196.647 E931.34218
M204 S3000
M205 X10 Y10
G0 F6000 X132.524 Y196.704
M204 S1800
M205 X8 Y8
G1 F1200 X133.854 Y195.374 E931.40474
M204 S3000
M205 X10 Y10
G0 F6000 X133.854 Y195.939
M204 S1800
M205 X8 Y8
G1 F1200 X132.993 Y196.801 E931.44527
M204 S3000
M205 X10 Y10
G0 F6000 X133.383 Y196.976
M204 S1800
M205 X8 Y8
G1 F1200 X133.854 Y196.505 E931.46742
M204 S3000
M205 X10 Y10
G0 F6000 X133.854 Y197.071
M204 S1800
M205 X8 Y8
G1 F1200 X133.739 Y197.186 E931.47283
M204 S3000
M205 X10 Y10
G0 F6000 X133.854 Y192.545
M204 S1800
M205 X8 Y8
G1 F1200 X105.408 Y220.992 E932.81087
M204 S3000
M205 X10 Y10
G0 F6000 X105.209 Y220.625
M204 S1800
M205 X8 Y8
G1 F1200 X133.854 Y191.98 E934.15824
M204 S3000
M205 X10 Y10
G0 F6000 X133.854 Y191.414
M204 S1800
M205 X8 Y8
G1 F1200 X104.963 Y220.305 E935.51718
M204 S3000
M205 X10 Y10
G0 F6000 X104.682 Y220.02
M204 S1800
M205 X8 Y8
G1 F1200 X133.419 Y191.284 E936.86886
M204 S3000
M205 X10 Y10
G0 F6000 X132.853 Y191.284
M204 S1800
M205 X8 Y8
G1 F1200 X104.354 Y219.782 E938.20934
M204 S3000
M205 X10 Y10
G0 F6000 X104.015 Y219.556
M204 S1800
M205 X8 Y8
G1 F1200 X132.287 Y191.284 E939.53917
M204 S3000
M205 X10 Y10
G0 F6000 X131.721 Y191.285
M204 S1800
M205 X8 Y8
G1 F1200 X103.625 Y219.381 E940.86072
M204 S3000
M205 X10 Y10
G0 F6000 X103.192 Y219.248
M204 S1800
M205 X8 Y8
G1 F1200 X131.155 Y191.285 E942.17601
M204 S3000
M205 X10 Y10
G0 F6000 X130.589 Y191.285
M204 S1800
M205 X8 Y8
G1 F1200 X102.69 Y219.184 E943.4883
M204 S3000
M205 X10 Y10
G0 F6000 X102.135 Y219.173
M204 S1800
M205 X8 Y8
G1 F1200 X130.024 Y191.285 E944.80009
M204 S3000
M205 X10 Y10
G0 F6000 X129.457 Y191.285
M204 S1800
M205 X8 Y8
G1 F1200 X101.396 Y219.346 E946.11999
G1 X101.326 Y219.416
M204 S3000
M205 X10 Y10
G0 F6000 X99.26 Y221.483
M204 S1800
M205 X8 Y8
G1 F1200 X91.409 Y229.334 E946.48928
M204 S3000
M205 X10 Y10
G0 F6000 X90.823 Y229.354
M204 S1800
M205 X8 Y8
G1 F1200 X128.892 Y191.285 E948.27993
M204 S3000
M205 X10 Y10
G0 F6000 X128.326 Y191.285
M204 S1800
M205 X8 Y8
G1 F1200 X90.243 Y229.369 E950.07126
M204 S3000
M205 X10 Y10
G0 F6000 X89.662 Y229.384
M204 S1800
M205 X8 Y8
G1 F1200 X127.76 Y191.286 E951.86327
M204 S3000
M205 X10 Y10
G0 F6000 X127.194 Y191.286
M204 S1800
M205 X8 Y8
G1 F1200 X89.082 Y229.398 E953.65594
M204 S3000
M205 X10 Y10
G0 F6000 X88.517 Y229.398
M204 S1800
M205 X8 Y8
G1 F1200 X126.628 Y191.286 E955.44859
M204 S3000
M205 X10 Y10
G0 F6000 X126.062 Y191.287
M204 S1800
M205 X8 Y8
G1 F1200 X87.988 Y229.361 E957.23947
M204 S3000
M205 X10 Y10
G0 F6000 X87.467 Y229.316
M204 S1800
M205 X8 Y8
G1 F1200 X125.496 Y191.287 E959.02824
M204 S3000
M205 X10 Y10
G0 F6000 X124.93 Y191.287
M204 S1800
M205 X8 Y8
G1 F1200 X86.947 Y229.27 E960.81484
M204 S3000
M205 X10 Y10
G0 F6000 X86.426 Y229.225
M204 S1800
M205 X8 Y8
G1 F1200 X124.365 Y191.287 E962.59936
M204 S3000
M205 X10 Y10
G0 F6000 X123.798 Y191.287
M204 S1800
M205 X8 Y8
G1 F1200 X85.905 Y229.181 E964.38175
M204 S3000
M205 X10 Y10
G0 F6000 X85.4 Y229.12
M204 S1800
M205 X8 Y8
G1 F1200 X123.233 Y191.287 E966.1613
M204 S3000
M205 X10 Y10
G0 F6000 X122.667 Y191.287
M204 S1800
M205 X8 Y8
G1 F1200 X84.91 Y229.044 E967.93727
M204 S3000
M205 X10 Y10
G0 F6000 X84.433 Y228.956
M204 S1800
M205 X8 Y8
G1 F1200 X122.101 Y191.288 E969.70906
M204 S3000
M205 X10 Y10
G0 F6000 X121.535 Y191.288
M204 S1800
M205 X8 Y8
G1 F1200 X83.961 Y228.862 E971.47642
M204 S3000
M205 X10 Y10
G0 F6000 X83.489 Y228.768
M204 S1800
M205 X8 Y8
G1 F1200 X120.969 Y191.288 E973.23937
M204 S3000
M205 X10 Y10
G0 F6000 X120.403 Y191.289
M204 S1800
M205 X8 Y8
G1 F1200 X83.017 Y228.675 E974.99789
M204 S3000
M205 X10 Y10
G0 F6000 X82.545 Y228.581
M204 S1800
M205 X8 Y8
G1 F1200 X119.837 Y191.289 E976.75199
M204 S3000
M205 X10 Y10
G0 F6000 X119.271 Y191.289
M204 S1800
M205 X8 Y8
G1 F1200 X82.096 Y228.464 E978.50059
M204 S3000
M205 X10 Y10
G0 F6000 X81.649 Y228.345
M204 S1800
M205 X8 Y8
G1 F1200 X118.706 Y191.289 E980.24361
M204 S3000
M205 X10 Y10
G0 F6000 X118.216 Y191.212
M204 S1800
M205 X8 Y8
G1 F1200 X81.217 Y228.212 E981.98396
M204 S3000
M205 X10 Y10
G0 F6000 X80.787 Y228.076
M204 S1800
M205 X8 Y8
G1 F1200 X117.827 Y191.036 E983.72621
M204 S3000
M205 X10 Y10
G0 F6000 X117.51 Y190.788
M204 S1800
M205 X8 Y8
G1 F1200 X80.357 Y227.94 E985.47375
M204 S3000
M205 X10 Y10
G0 F6000 X79.927 Y227.805
M204 S1800
M205 X8 Y8
G1 F1200 X117.265 Y190.467 E987.23001
M204 S3000
M205 X10 Y10
G0 F6000 X117.106 Y190.061
M204 S1800
M205 X8 Y8
G1 F1200 X79.497 Y227.669 E988.999
M204 S3000
M205 X10 Y10
G0 F6000 X79.086 Y227.515
M204 S1800
M205 X8 Y8
G1 F1200 X116.949 Y189.652 E990.77996
M204 S3000
M205 X10 Y10
G0 F6000 X116.792 Y189.243
M204 S1800
M205 X8 Y8
G1 F1200 X78.679 Y227.356 E992.57268
M204 S3000
M205 X10 Y10
G0 F6000 X78.281 Y227.188
M204 S1800
M205 X8 Y8
G1 F1200 X116.635 Y188.834 E994.37673
M204 S3000
M205 X10 Y10
G0 F6000 X116.468 Y188.435
M204 S1800
M205 X8 Y8
G1 F1200 X77.889 Y227.015 E996.19139
M204 S3000
M205 X10 Y10
G0 F6000 X77.497 Y226.841
M204 S1800
M205 X8 Y8
G1 F1200 X116.286 Y188.052 E998.01591
M204 S3000
M205 X10 Y10
G0 F6000 X116.104 Y187.668
M204 S1800
M205 X8 Y8
G1 F1200 X77.105 Y226.668 E999.85033
M204 S3000
M205 X10 Y10
G0 F6000 X76.712 Y226.494
M204 S1800
M205 X8 Y8
G1 F1200 X115.921 Y187.285 E1001.6946
M204 S3000
M205 X10 Y10
G0 F6000 X115.739 Y186.902
M204 S1800
M205 X8 Y8
G1 F1200 X76.327 Y226.314 E1003.54842
M204 S3000
M205 X10 Y10
G0 F6000 X75.955 Y226.12
M204 S1800
M205 X8 Y8
G1 F1200 X94.754 Y207.321 E1004.43266
G1 X94.824 Y207.251
M204 S3000
M205 X10 Y10
G0 F6000 X93.301 Y208.209
M204 S1800
M205 X8 Y8
G1 F1200 X75.585 Y225.924 E1005.26595
M204 S3000
M205 X10 Y10
G0 F6000 X75.227 Y225.716
M204 S1800
M205 X8 Y8
G1 F1200 X92.42 Y208.524 E1006.07463
G1 X92.49 Y208.454
M204 S3000
M205 X10 Y10
G0 F6000 X91.571 Y208.807
M204 S1800
M205 X8 Y8
G1 F1200 X74.869 Y225.509 E1006.86024
M204 S3000
M205 X10 Y10
G0 F6000 X74.512 Y225.301
M204 S1800
M205 X8 Y8
G1 F1200 X90.89 Y208.922 E1007.63063
M204 S3000
M205 X10 Y10
G0 F6000 X90.252 Y208.995
M204 S1800
M205 X8 Y8
G1 F1200 X74.154 Y225.093 E1008.38784
M204 S3000
M205 X10 Y10
G0 F6000 X73.796 Y224.885
M204 S1800
M205 X8 Y8
G1 F1200 X89.625 Y209.056 E1009.13238
M204 S3000
M205 X10 Y10
G0 F6000 X89.07 Y209.045
M204 S1800
M205 X8 Y8
G1 F1200 X73.449 Y224.666 E1009.86715
M204 S3000
M205 X10 Y10
G0 F6000 X73.109 Y224.441
M204 S1800
M205 X8 Y8
G1 F1200 X88.56 Y208.989 E1010.59394
M204 S3000
M205 X10 Y10
G0 F6000 X88.05 Y208.934
M204 S1800
M205 X8 Y8
G1 F1200 X72.772 Y224.212 E1011.31257
M204 S3000
M205 X10 Y10
G0 F6000 X72.448 Y223.971
M204 S1800
M205 X8 Y8
G1 F1200 X87.55 Y208.868 E1012.02294
M204 S3000
M205 X10 Y10
G0 F6000 X87.104 Y208.749
M204 S1800
M205 X8 Y8
G1 F1200 X72.122 Y223.73 E1012.72763
M204 S3000
M205 X10 Y10
G0 F6000 X71.797 Y223.49
M204 S1800
M205 X8 Y8
G1 F1200 X86.684 Y208.603 E1013.42787
M204 S3000
M205 X10 Y10
G0 F6000 X86.264 Y208.457
M204 S1800
M205 X8 Y8
G1 F1200 X71.472 Y223.249 E1014.12364
M204 S3000
M205 X10 Y10
G0 F6000 X71.147 Y223.008
M204 S1800
M205 X8 Y8
G1 F1200 X85.848 Y208.308 E1014.8151
M204 S3000
M205 X10 Y10
G0 F6000 X85.441 Y208.148
M204 S1800
M205 X8 Y8
G1 F1200 X70.822 Y222.768 E1015.50276
M204 S3000
M205 X10 Y10
G0 F6000 X70.511 Y222.513
M204 S1800
M205 X8 Y8
G1 F1200 X85.092 Y207.932 E1016.1886
M204 S3000
M205 X10 Y10
G0 F6000 X84.742 Y207.716
M204 S1800
M205 X8 Y8
G1 F1200 X70.218 Y222.24 E1016.87177
M204 S3000
M205 X10 Y10
G0 F6000 X69.924 Y221.969
M204 S1800
M205 X8 Y8
G1 F1200 X84.393 Y207.499 E1017.55237
M204 S3000
M205 X10 Y10
G0 F6000 X84.051 Y207.276
M204 S1800
M205 X8 Y8
G1 F1200 X69.63 Y221.697 E1018.23069
M204 S3000
M205 X10 Y10
G0 F6000 X69.336 Y221.425
M204 S1800
M205 X8 Y8
G1 F1200 X83.717 Y207.045 E1018.9071
M204 S3000
M205 X10 Y10
G0 F6000 X83.432 Y206.764
M204 S1800
M205 X8 Y8
G1 F1200 X69.043 Y221.153 E1019.58392
M204 S3000
M205 X10 Y10
G0 F6000 X68.749 Y220.881
M204 S1800
M205 X8 Y8
G1 F1200 X83.147 Y206.483 E1020.26116
M204 S3000
M205 X10 Y10
G0 F6000 X82.863 Y206.202
M204 S1800
M205 X8 Y8
G1 F1200 X68.463 Y220.601 E1020.93847
M204 S3000
M205 X10 Y10
G0 F6000 X68.187 Y220.312
M204 S1800
M205 X8 Y8
G1 F1200 X82.583 Y205.915 E1021.61563
M204 S3000
M205 X10 Y10
G0 F6000 X82.31 Y205.623
M204 S1800
M205 X8 Y8
G1 F1200 X67.914 Y220.019 E1022.29278
M204 S3000
M205 X10 Y10
G0 F6000 X67.651 Y219.716
M204 S1800
M205 X8 Y8
G1 F1200 X82.089 Y205.278 E1022.9719
M204 S3000
M205 X10 Y10
G0 F6000 X81.868 Y204.934
M204 S1800
M205 X8 Y8
G1 F1200 X67.388 Y219.413 E1023.65297
M204 S3000
M205 X10 Y10
G0 F6000 X67.125 Y219.111
M204 S1800
M205 X8 Y8
G1 F1200 X81.648 Y204.587 E1024.33611
M204 S3000
M205 X10 Y10
G0 F6000 X81.436 Y204.235
M204 S1800
M205 X8 Y8
G1 F1200 X66.862 Y218.808 E1025.0216
M204 S3000
M205 X10 Y10
G0 F6000 X66.599 Y218.505
M204 S1800
M205 X8 Y8
G1 F1200 X81.228 Y203.877 E1025.70968
M204 S3000
M205 X10 Y10
G0 F6000 X81.078 Y203.46
M204 S1800
M205 X8 Y8
G1 F1200 X66.345 Y218.194 E1026.4027
M204 S3000
M205 X10 Y10
G0 F6000 X66.099 Y217.874
M204 S1800
M205 X8 Y8
G1 F1200 X80.93 Y203.043 E1027.1003
M204 S3000
M205 X10 Y10
G0 F6000 X80.789 Y202.619
M204 S1800
M205 X8 Y8
G1 F1200 X65.857 Y217.55 E1027.80264
M204 S3000
M205 X10 Y10
G0 F6000 X65.626 Y217.216
M204 S1800
M205 X8 Y8
G1 F1200 X80.647 Y202.195 E1028.50918
M204 S3000
M205 X10 Y10
G0 F6000 X80.543 Y201.733
M204 S1800
M205 X8 Y8
G1 F1200 X65.396 Y216.88 E1029.22165
M204 S3000
M205 X10 Y10
G0 F6000 X65.165 Y216.545
M204 S1800
M205 X8 Y8
G1 F1200 X80.483 Y201.227 E1029.94216
M204 S3000
M205 X10 Y10
G0 F6000 X80.427 Y200.718
M204 S1800
M205 X8 Y8
G1 F1200 X64.934 Y216.211 E1030.6709
M204 S3000
M205 X10 Y10
G0 F6000 X64.703 Y215.876
M204 S1800
M205 X8 Y8
G1 F1200 X80.378 Y200.201 E1031.4082
M204 S3000
M205 X10 Y10
G0 F6000 X80.389 Y199.624
M204 S1800
M205 X8 Y8
G1 F1200 X64.472 Y215.541 E1032.15689
M204 S3000
M205 X10 Y10
G0 F6000 X64.255 Y215.193
M204 S1800
M205 X8 Y8
G1 F1200 X80.458 Y198.99 E1032.91903
M204 S3000
M205 X10 Y10
G0 F6000 X80.532 Y198.35
M204 S1800
M205 X8 Y8
G1 F1200 X64.057 Y214.825 E1033.69396
M204 S3000
M205 X10 Y10
G0 F6000 X63.86 Y214.457
M204 S1800
M205 X8 Y8
G1 F1200 X80.703 Y197.613 E1034.48623
G1 X80.773 Y197.543
M204 S3000
M205 X10 Y10
G0 F6000 X81.005 Y196.746
M204 S1800
M205 X8 Y8
G1 F1200 X63.662 Y214.089 E1035.30199
M204 S3000
M205 X10 Y10
G0 F6000 X63.464 Y213.721
M204 S1800
M205 X8 Y8
G1 F1200 X81.448 Y195.737 E1036.1479
G1 X81.518 Y195.667
M204 S3000
M205 X10 Y10
G0 F6000 X85.156 Y192.028
M204 S1800
M205 X8 Y8
G1 F1200 X99.14 Y178.045 E1036.80565
M204 S3000
M205 X10 Y10
G0 F6000 X99.253 Y178.498
M204 S1800
M205 X8 Y8
G1 F1200 X86.177 Y191.573 E1037.42068
G1 X86.107 Y191.643
M204 S3000
M205 X10 Y10
G0 F6000 X87.054 Y191.262
M204 S1800
M205 X8 Y8
G1 F1200 X99.388 Y178.928 E1038.00083
M204 S3000
M205 X10 Y10
G0 F6000 X99.603 Y179.279
M204 S1800
M205 X8 Y8
G1 F1200 X87.782 Y191.1 E1038.55685
M204 S3000
M205 X10 Y10
G0 F6000 X88.422 Y191.025
M204 S1800
M205 X8 Y8
G1 F1200 X99.848 Y179.6 E1039.09427
M204 S3000
M205 X10 Y10
G0 F6000 X100.115 Y179.899
M204 S1800
M205 X8 Y8
G1 F1200 X89.062 Y190.951 E1039.61415
M204 S3000
M205 X10 Y10
G0 F6000 X89.644 Y190.935
M204 S1800
M205 X8 Y8
G1 F1200 X100.419 Y180.16 E1040.12097
M204 S3000
M205 X10 Y10
G0 F6000 X100.749 Y180.395
M204 S1800
M205 X8 Y8
G1 F1200 X90.152 Y190.993 E1040.61945
M204 S3000
M205 X10 Y10
G0 F6000 X90.66 Y191.05
M204 S1800
M205 X8 Y8
G1 F1200 X101.149 Y180.561 E1041.11282
M204 S3000
M205 X10 Y10
G0 F6000 X101.558 Y180.718
M204 S1800
M205 X8 Y8
G1 F1200 X91.168 Y191.108 E1041.60153
M204 S3000
M205 X10 Y10
G0 F6000 X91.636 Y191.205
M204 S1800
M205 X8 Y8
G1 F1200 X102.024 Y180.817 E1042.09015
M204 S3000
M205 X10 Y10
G0 F6000 X102.577 Y180.83
M204 S1800
M205 X8 Y8
G1 F1200 X92.058 Y191.35 E1042.58496
M204 S3000
M205 X10 Y10
G0 F6000 X92.478 Y191.495
M204 S1800
M205 X8 Y8
G1 F1200 X103.226 Y180.747 E1043.09051
G1 X103.296 Y180.677
M204 S3000
M205 X10 Y10
G0 F6000 X104.289 Y180.25
M204 S1800
M205 X8 Y8
G1 F1200 X92.894 Y191.645 E1043.6265
M204 S3000
M205 X10 Y10
G0 F6000 X93.309 Y191.796
M204 S1800
M205 X8 Y8
G1 F1200 X107.931 Y177.174 E1044.31427
M204 S3000
M205 X10 Y10
G0 F6000 X108.241 Y177.429
M204 S1800
M205 X8 Y8
G1 F1200 X93.671 Y191.999 E1044.9996
M204 S3000
M205 X10 Y10
G0 F6000 X94.021 Y192.214
M204 S1800
M205 X8 Y8
G1 F1200 X108.552 Y177.684 E1045.68307
M204 S3000
M205 X10 Y10
G0 F6000 X108.862 Y177.939
M204 S1800
M205 X8 Y8
G1 F1200 X94.368 Y192.434 E1046.36484
M204 S3000
M205 X10 Y10
G0 F6000 X94.712 Y192.656
M204 S1800
M205 X8 Y8
G1 F1200 X109.173 Y178.195 E1047.04505
M204 S3000
M205 X10 Y10
G0 F6000 X109.462 Y178.47
M204 S1800
M205 X8 Y8
G1 F1200 X95.055 Y192.878 E1047.72273
M204 S3000
M205 X10 Y10
G0 F6000 X95.352 Y193.146
M204 S1800
M205 X8 Y8
G1 F1200 X109.75 Y178.749 E1048.39994
M204 S3000
M205 X10 Y10
G0 F6000 X110.029 Y179.035
M204 S1800
M205 X8 Y8
G1 F1200 X95.637 Y193.427 E1049.0769
M204 S3000
M205 X10 Y10
G0 F6000 X95.921 Y193.709
M204 S1800
M205 X8 Y8
G1 F1200 X110.309 Y179.321 E1049.75367
M204 S3000
M205 X10 Y10
G0 F6000 X110.588 Y179.607
M204 S1800
M205 X8 Y8
G1 F1200 X96.199 Y193.997 E1050.43051
M204 S3000
M205 X10 Y10
G0 F6000 X96.476 Y194.285
M204 S1800
M205 X8 Y8
G1 F1200 X110.867 Y179.894 E1051.10741
M204 S3000
M205 X10 Y10
G0 F6000 X111.147 Y180.18
M204 S1800
M205 X8 Y8
G1 F1200 X96.715 Y194.612 E1051.78625
M204 S3000
M205 X10 Y10
G0 F6000 X96.935 Y194.958
M204 S1800
M205 X8 Y8
G1 F1200 X111.425 Y180.468 E1052.46782
M204 S3000
M205 X10 Y10
G0 F6000 X111.682 Y180.776
M204 S1800
M205 X8 Y8
G1 F1200 X97.152 Y195.307 E1053.15129
M204 S3000
M205 X10 Y10
G0 F6000 X97.363 Y195.661
M204 S1800
M205 X8 Y8
G1 F1200 X111.939 Y181.085 E1053.8369
M204 S3000
M205 X10 Y10
G0 F6000 X112.188 Y181.401
M204 S1800
M205 X8 Y8
G1 F1200 X97.575 Y196.014 E1054.52425
M204 S3000
M205 X10 Y10
G0 F6000 X97.747 Y196.408
M204 S1800
M205 X8 Y8
G1 F1200 X112.437 Y181.718 E1055.21522
M204 S3000
M205 X10 Y10
G0 F6000 X112.685 Y182.036
M204 S1800
M205 X8 Y8
G1 F1200 X97.894 Y196.827 E1055.91094
M204 S3000
M205 X10 Y10
G0 F6000 X98.041 Y197.246
M204 S1800
M205 X8 Y8
G1 F1200 X112.934 Y182.353 E1056.61146
M204 S3000
M205 X10 Y10
G0 F6000 X113.183 Y182.67
M204 S1800
M205 X8 Y8
G1 F1200 X98.181 Y197.672 E1057.31711
M204 S3000
M205 X10 Y10
G0 F6000 X98.308 Y198.11
M204 S1800
M205 X8 Y8
G1 F1200 X113.429 Y182.99 E1058.02833
M204 S3000
M205 X10 Y10
G0 F6000 X113.657 Y183.327
M204 S1800
M205 X8 Y8
G1 F1200 X98.368 Y198.616 E1058.74748
M204 S3000
M205 X10 Y10
G0 F6000 X98.425 Y199.124
M204 S1800
M205 X8 Y8
G1 F1200 X113.88 Y183.669 E1059.47444
M204 S3000
M205 X10 Y10
G0 F6000 X114.097 Y184.018
M204 S1800
M205 X8 Y8
G1 F1200 X98.475 Y199.64 E1060.20925
M204 S3000
M205 X10 Y10
G0 F6000 X98.499 Y200.182
M204 S1800
M205 X8 Y8
G1 F1200 X114.313 Y184.368 E1060.95309
M204 S3000
M205 X10 Y10
G0 F6000 X114.529 Y184.718
M204 S1800
M205 X8 Y8
G1 F1200 X98.433 Y200.814 E1061.7102
M204 S3000
M205 X10 Y10
G0 F6000 X98.359 Y201.454
M204 S1800
M205 X8 Y8
G1 F1200 X114.745 Y185.067 E1062.48097
M204 S3000
M205 X10 Y10
G0 F6000 X114.961 Y185.417
M204 S1800
M205 X8 Y8
G1 F1200 X98.251 Y202.127 E1063.26696
G1 X98.181 Y202.197
M204 S3000
M205 X10 Y10
G0 F6000 X97.954 Y202.99
M204 S1800
M205 X8 Y8
G1 F1200 X115.172 Y185.771 E1064.07686
M204 S3000
M205 X10 Y10
G0 F6000 X115.368 Y186.141
M204 S1800
M205 X8 Y8
G1 F1200 X97.642 Y203.867 E1064.91064
G1 X97.572 Y203.937
M204 S3000
M205 X10 Y10
G0 F6000 X96.726 Y205.349
M204 S1800
M205 X8 Y8
G1 F1200 X115.556 Y186.519 E1065.79634
G1 X115.626 Y186.449
M204 S3000
M205 X10 Y10
G0 F6000 X107.621 Y176.918
M204 S1800
M205 X8 Y8
G1 F1200 X105.192 Y179.347 E1065.9106
G1 X105.122 Y179.417
M204 S3000
M205 X10 Y10
G0 F6000 X105.706 Y178.267
M204 S1800
M205 X8 Y8
G1 F1200 X107.311 Y176.662 E1065.98609
M204 S3000
M205 X10 Y10
G0 F6000 X106.994 Y176.413
M204 S1800
M205 X8 Y8
G1 F1200 X105.775 Y177.633 E1066.04345
M204 S3000
M205 X10 Y10
G0 F6000 X105.768 Y177.074
M204 S1800
M205 X8 Y8
G1 F1200 X106.674 Y176.168 E1066.08607
M204 S3000
M205 X10 Y10
G0 F6000 X106.332 Y175.944
M204 S1800
M205 X8 Y8
G1 F1200 X105.684 Y176.592 E1066.11655
M204 S3000
M205 X10 Y10
G0 F6000 X105.528 Y176.182
M204 S1800
M205 X8 Y8
G1 F1200 X105.99 Y175.72 E1066.13828
M204 S3000
M205 X10 Y10
G0 F6000 X105.648 Y175.497
M204 S1800
M205 X8 Y8
G1 F1200 X105.332 Y175.812 E1066.15312
M204 S3000
M205 X10 Y10
G0 F6000 X105.119 Y175.46
M204 S1800
M205 X8 Y8
G1 F1200 X105.298 Y175.281 E1066.16154
M204 S3000
M205 X10 Y10
G0 F6000 X103.149 Y174.036
M204 S1800
M205 X8 Y8
G1 F1200 X103.004 Y174.181 E1066.16836
M204 S3000
M205 X10 Y10
G0 F6000 X102.784 Y173.835
M204 S1800
M205 X8 Y8
G1 F1200 X102.493 Y174.127 E1066.18207
M204 S3000
M205 X10 Y10
G0 F6000 X102.413 Y173.641
M204 S1800
M205 X8 Y8
G1 F1200 X101.873 Y174.18 E1066.20745
M204 S3000
M205 X10 Y10
G0 F6000 X102.037 Y173.451
M204 S1800
M205 X8 Y8
G1 F1200 X101.054 Y174.434 E1066.25368
G1 X100.984 Y174.504
M204 S3000
M205 X10 Y10
G0 F6000 X101.659 Y173.263
M204 S1800
M205 X8 Y8
G1 F1200 X62.697 Y212.225 E1068.08634
M204 S3000
M205 X10 Y10
G0 F6000 X62.871 Y212.617
M204 S1800
M205 X8 Y8
G1 F1200 X99.358 Y176.13 E1069.80257
G1 X99.428 Y176.06
M204 S3000
M205 X10 Y10
G0 F6000 X99.13 Y176.923
M204 S1800
M205 X8 Y8
G1 F1200 X63.068 Y212.985 E1071.49882
M204 S3000
M205 X10 Y10
G0 F6000 X63.266 Y213.353
M204 S1800
M205 X8 Y8
G1 F1200 X99.079 Y177.541 E1073.18333
G1 X99.149 Y177.471
M204 S3000
M205 X10 Y10
G0 F6000 X100.876 Y172.915
M204 S1800
M205 X8 Y8
G1 F1200 X62.373 Y211.418 E1074.99439
M204 S3000
M205 X10 Y10
G0 F6000 X62.21 Y211.015
M204 S1800
M205 X8 Y8
G1 F1200 X100.465 Y172.76 E1076.79379
M204 S3000
M205 X10 Y10
G0 F6000 X100.054 Y172.606
M204 S1800
M205 X8 Y8
G1 F1200 X62.048 Y210.611 E1078.58145
M204 S3000
M205 X10 Y10
G0 F6000 X61.885 Y210.208
M204 S1800
M205 X8 Y8
G1 F1200 X99.643 Y172.451 E1080.35745
M204 S3000
M205 X10 Y10
G0 F6000 X99.231 Y172.297
M204 S1800
M205 X8 Y8
G1 F1200 X61.724 Y209.804 E1082.12166
M204 S3000
M205 X10 Y10
G0 F6000 X61.569 Y209.394
M204 S1800
M205 X8 Y8
G1 F1200 X98.821 Y172.142 E1083.87388
M204 S3000
M205 X10 Y10
G0 F6000 X98.4 Y171.996
M204 S1800
M205 X8 Y8
G1 F1200 X61.444 Y208.952 E1085.61218
M204 S3000
M205 X10 Y10
G0 F6000 X61.32 Y208.511
M204 S1800
M205 X8 Y8
G1 F1200 X97.977 Y171.854 E1087.33641
M204 S3000
M205 X10 Y10
G0 F6000 X97.525 Y171.74
M204 S1800
M205 X8 Y8
G1 F1200 X61.195 Y208.07 E1089.04526
M204 S3000
M205 X10 Y10
G0 F6000 X61.071 Y207.629
M204 S1800
M205 X8 Y8
G1 F1200 X97.073 Y171.626 E1090.73871
M204 S3000
M205 X10 Y10
G0 F6000 X96.621 Y171.512
M204 S1800
M205 X8 Y8
G1 F1200 X66.167 Y201.967 E1092.1712
G1 X66.097 Y202.037
M204 S3000
M205 X10 Y10
G0 F6000 X65.524 Y202.61
M204 S1800
M205 X8 Y8
G1 F1200 X60.946 Y207.187 E1092.38651
M204 S3000
M205 X10 Y10
G0 F6000 X60.822 Y206.746
M204 S1800
M205 X8 Y8
G1 F1200 X64.347 Y203.221 E1092.55231
M204 S3000
M205 X10 Y10
G0 F6000 X63.665 Y203.338
M204 S1800
M205 X8 Y8
G1 F1200 X60.707 Y206.295 E1092.69143
M204 S3000
M205 X10 Y10
G0 F6000 X60.627 Y205.81
M204 S1800
M205 X8 Y8
G1 F1200 X63.088 Y203.349 E1092.80718
M204 S3000
M205 X10 Y10
G0 F6000 X62.622 Y203.249
M204 S1800
M205 X8 Y8
G1 F1200 X60.547 Y205.324 E1092.90479
M204 S3000
M205 X10 Y10
G0 F6000 X60.466 Y204.839
M204 S1800
M205 X8 Y8
G1 F1200 X62.213 Y203.093 E1092.98694
M204 S3000
M205 X10 Y10
G0 F6000 X61.82 Y202.92
M204 S1800
M205 X8 Y8
G1 F1200 X60.386 Y204.353 E1093.05436
M204 S3000
M205 X10 Y10
G0 F6000 X60.306 Y203.868
M204 S1800
M205 X8 Y8
G1 F1200 X61.463 Y202.711 E1093.10879
M204 S3000
M205 X10 Y10
G0 F6000 X61.15 Y202.458
M204 S1800
M205 X8 Y8
G1 F1200 X60.226 Y203.383 E1093.15227
M204 S3000
M205 X10 Y10
G0 F6000 X60.175 Y202.868
M204 S1800
M205 X8 Y8
G1 F1200 X60.882 Y202.161 E1093.18553
M204 S3000
M205 X10 Y10
G0 F6000 X60.628 Y201.849
M204 S1800
M205 X8 Y8
G1 F1200 X60.146 Y202.331 E1093.2082
M204 S3000
M205 X10 Y10
G0 F6000 X60.118 Y201.794
M204 S1800
M205 X8 Y8
G1 F1200 X60.404 Y201.507 E1093.22167
M204 S3000
M205 X10 Y10
G0 F6000 X60.083 Y199
M204 S1800
M205 X8 Y8
G1 F1200 X60.323 Y198.76 E1093.23296
M204 S3000
M205 X10 Y10
G0 F6000 X60.106 Y198.412
M204 S1800
M205 X8 Y8
G1 F1200 X87.872 Y170.646 E1094.53899
M204 S3000
M205 X10 Y10
G0 F6000 X88.483 Y170.6
M204 S1800
M205 X8 Y8
G1 F1200 X62.176 Y196.907 E1095.77639
G1 X62.106 Y196.977
M204 S3000
M205 X10 Y10
G0 F6000 X62.979 Y196.669
M204 S1800
M205 X8 Y8
G1 F1200 X89.043 Y170.606 E1097.00234
M204 S3000
M205 X10 Y10
G0 F6000 X89.601 Y170.613
M204 S1800
M205 X8 Y8
G1 F1200 X63.564 Y196.65 E1098.22704
M204 S3000
M205 X10 Y10
G0 F6000 X64.07 Y196.71
M204 S1800
M205 X8 Y8
G1 F1200 X90.153 Y170.627 E1099.4539
M204 S3000
M205 X10 Y10
G0 F6000 X90.704 Y170.641
M204 S1800
M205 X8 Y8
G1 F1200 X64.533 Y196.813 E1100.68493
M204 S3000
M205 X10 Y10
G0 F6000 X64.921 Y196.99
M204 S1800
M205 X8 Y8
G1 F1200 X91.256 Y170.655 E1101.92365
M204 S3000
M205 X10 Y10
G0 F6000 X91.794 Y170.683
M204 S1800
M205 X8 Y8
G1 F1200 X65.265 Y197.212 E1103.17149
M204 S3000
M205 X10 Y10
G0 F6000 X65.586 Y197.457
M204 S1800
M205 X8 Y8
G1 F1200 X92.301 Y170.742 E1104.42808
M204 S3000
M205 X10 Y10
G0 F6000 X92.802 Y170.806
M204 S1800
M205 X8 Y8
G1 F1200 X65.9 Y197.708 E1105.69347
M204 S3000
M205 X10 Y10
G0 F6000 X66.146 Y198.028
M204 S1800
M205 X8 Y8
G1 F1200 X93.3 Y170.874 E1106.97071
M204 S3000
M205 X10 Y10
G0 F6000 X93.799 Y170.941
M204 S1800
M205 X8 Y8
G1 F1200 X66.359 Y198.381 E1108.2614
M204 S3000
M205 X10 Y10
G0 F6000 X66.552 Y198.753
M204 S1800
M205 X8 Y8
G1 F1200 X94.296 Y171.009 E1109.5664
M204 S3000
M205 X10 Y10
G0 F6000 X94.794 Y171.077
M204 S1800
M205 X8 Y8
G1 F1200 X66.691 Y199.18 E1110.88828
M204 S3000
M205 X10 Y10
G0 F6000 X66.766 Y199.671
M204 S1800
M205 X8 Y8
G1 F1200 X95.257 Y171.179 E1112.22843
M204 S3000
M205 X10 Y10
G0 F6000 X95.718 Y171.285
M204 S1800
M205 X8 Y8
G1 F1200 X66.761 Y200.242 E1113.59048
M204 S3000
M205 X10 Y10
G0 F6000 X66.668 Y200.9
M204 S1800
M205 X8 Y8
G1 F1200 X96.17 Y171.399 E1114.97814
G1 X96.24 Y171.329
M204 S3000
M205 X10 Y10
G0 F6000 X101.273 Y173.083
M204 S1800
M205 X8 Y8
G1 F1200 X62.535 Y211.822 E1116.80028
G1 X62.465 Y211.892
M204 S3000
M205 X10 Y10
G0 F6000 X60.14 Y197.812
M204 S1800
M205 X8 Y8
G1 F1200 X87.254 Y170.698 E1118.07564
M204 S3000
M205 X10 Y10
G0 F6000 X86.636 Y170.75
M204 S1800
M205 X8 Y8
G1 F1200 X60.173 Y197.213 E1119.32038
M204 S3000
M205 X10 Y10
G0 F6000 X60.224 Y196.596
M204 S1800
M205 X8 Y8
G1 F1200 X86.016 Y170.804 E1120.53355
M204 S3000
M205 X10 Y10
G0 F6000 X85.385 Y170.87
M204 S1800
M205 X8 Y8
G1 F1200 X60.338 Y195.917 E1121.71169
M204 S3000
M205 X10 Y10
G0 F6000 X60.45 Y195.239
M204 S1800
M205 X8 Y8
G1 F1200 X84.702 Y170.987 E1122.85243
M204 S3000
M205 X10 Y10
G0 F6000 X83.997 Y171.126
M204 S1800
M205 X8 Y8
G1 F1200 X60.563 Y194.56 E1123.95469
M204 S3000
M205 X10 Y10
G0 F6000 X60.676 Y193.881
M204 S1800
M205 X8 Y8
G1 F1200 X83.292 Y171.265 E1125.01848
M204 S3000
M205 X10 Y10
G0 F6000 X82.579 Y171.413
M204 S1800
M205 X8 Y8
G1 F1200 X60.852 Y193.14 E1126.04045
G1 X60.782 Y193.21
M204 S3000
M205 X10 Y10
G0 F6000 X61.07 Y192.356
M204 S1800
M205 X8 Y8
G1 F1200 X81.832 Y171.594 E1127.01703
G1 X81.902 Y171.524
M204 S3000
M205 X10 Y10
G0 F6000 X81.009 Y171.851
M204 S1800
M205 X8 Y8
G1 F1200 X61.289 Y191.571 E1127.9446
G1 X61.219 Y191.641
M204 S3000
M205 X10 Y10
G0 F6000 X61.509 Y190.786
M204 S1800
M205 X8 Y8
G1 F1200 X80.187 Y172.108 E1128.82315
G1 X80.257 Y172.038
M204 S3000
M205 X10 Y10
G0 F6000 X79.347 Y172.382
M204 S1800
M205 X8 Y8
G1 F1200 X61.838 Y189.891 E1129.64672
G1 X61.768 Y189.961
M204 S3000
M205 X10 Y10
G0 F6000 X62.223 Y188.94
M204 S1800
M205 X8 Y8
G1 F1200 X78.407 Y172.756 E1130.40797
G1 X78.477 Y172.686
M204 S3000
M205 X10 Y10
G0 F6000 X77.397 Y173.2
M204 S1800
M205 X8 Y8
G1 F1200 X62.609 Y187.989 E1131.10357
G1 X62.539 Y188.059
M204 S3000
M205 X10 Y10
G0 F6000 X63.127 Y186.905
M204 S1800
M205 X8 Y8
G1 F1200 X76.372 Y173.66 E1131.72658
G1 X76.442 Y173.59
M204 S3000
M205 X10 Y10
G0 F6000 X75.133 Y174.333
M204 S1800
M205 X8 Y8
G1 F1200 X63.785 Y185.681 E1132.26035
G1 X63.715 Y185.751
M204 S3000
M205 X10 Y10
G0 F6000 X64.54 Y184.361
M204 S1800
M205 X8 Y8
G1 F1200 X73.783 Y175.117 E1132.69514
G1 X73.853 Y175.047
M204 S3000
M205 X10 Y10
G0 F6000 X71.908 Y176.427
M204 S1800
M205 X8 Y8
G1 F1200 X65.787 Y182.548 E1132.98305
G1 X65.717 Y182.618
M204 S3000
M205 X10 Y10
G0 F6000 X83.06 Y205.083
G0 X99.095 Y222.213
M204 S1800
M205 X8 Y8
G1 F1200 X92.022 Y229.287 E1133.31577
M204 S3000
M205 X10 Y10
G0 F6000 X92.668 Y229.206
M204 S1800
M205 X8 Y8
G1 F1200 X99.088 Y222.786 E1133.61775
M204 S3000
M205 X10 Y10
G0 F6000 X99.187 Y223.252
M204 S1800
M205 X8 Y8
G1 F1200 X93.321 Y229.118 E1133.89366
M204 S3000
M205 X10 Y10
G0 F6000 X93.975 Y229.03
M204 S1800
M205 X8 Y8
G1 F1200 X99.3 Y223.705 E1134.14414
M204 S3000
M205 X10 Y10
G0 F6000 X99.471 Y224.1
M204 S1800
M205 X8 Y8
G1 F1200 X94.629 Y228.942 E1134.37189
M204 S3000
M205 X10 Y10
G0 F6000 X95.336 Y228.801
M204 S1800
M205 X8 Y8
G1 F1200 X99.704 Y224.432 E1134.57737
M204 S3000
M205 X10 Y10
G0 F6000 X99.958 Y224.744
M204 S1800
M205 X8 Y8
G1 F1200 X96.088 Y228.615 E1134.75943
M204 S3000
M205 X10 Y10
G0 F6000 X96.84 Y228.428
M204 S1800
M205 X8 Y8
G1 F1200 X100.229 Y225.039 E1134.91883
M204 S3000
M205 X10 Y10
G0 F6000 X100.539 Y225.294
M204 S1800
M205 X8 Y8
G1 F1200 X97.592 Y228.242 E1135.05748
G1 X97.522 Y228.312
M204 S3000
M205 X10 Y10
G0 F6000 X98.393 Y228.006
M204 S1800
M205 X8 Y8
G1 F1200 X100.921 Y225.479 E1135.17636
M204 S3000
M205 X10 Y10
G0 F6000 X101.313 Y225.652
M204 S1800
M205 X8 Y8
G1 F1200 X99.284 Y227.681 E1135.2718
G1 X99.214 Y227.751
M204 S3000
M205 X10 Y10
G0 F6000 X100.185 Y227.346
M204 S1800
M205 X8 Y8
G1 F1200 X101.739 Y225.791 E1135.34492
M204 S3000
M205 X10 Y10
G0 F6000 X102.232 Y225.865
M204 S1800
M205 X8 Y8
G1 F1200 X101.112 Y226.985 E1135.3976
G1 X101.042 Y227.055
M204 S3000
M205 X10 Y10
G0 F6000 X102.202 Y226.46
M204 S1800
M205 X8 Y8
G1 F1200 X102.807 Y225.855 E1135.42606
G1 X102.877 Y225.785
M204 S3000
M205 X10 Y10
G0 F6000 X104.899 Y224.895
M204 S1800
M205 X8 Y8
G1 F1200 X114.561 Y215.232 E1135.88055
G1 X114.631 Y215.162
M204 S3000
M205 X10 Y10
G0 F6000 X115.369 Y213.859
M204 S1800
M205 X8 Y8
G1 F1200 X105.597 Y223.631 E1136.3402
M204 S3000
M205 X10 Y10
G0 F6000 X105.741 Y222.921
M204 S1800
M205 X8 Y8
G1 F1200 X115.899 Y212.763 E1136.818
G1 X115.969 Y212.693
M204 S3000
M205 X10 Y10
G0 F6000 X116.413 Y211.684
M204 S1800
M205 X8 Y8
G1 F1200 X105.769 Y222.328 E1137.31866
M204 S3000
M205 X10 Y10
G0 F6000 X105.718 Y221.813
M204 S1800
M205 X8 Y8
G1 F1200 X116.804 Y210.727 E1137.84011
G1 X116.874 Y210.657
M204 S3000
M205 X10 Y10
G0 F6000 X117.156 Y209.809
M204 S1800
M205 X8 Y8
G1 F1200 X105.586 Y221.379 E1138.38433
G1 X105.516 Y221.449
M204 S3000
M205 X10 Y10
G0 F6000 X106.254 Y224.106
M204 S1800
M205 X8 Y8
G1 F1200 X113.595 Y216.764 E1138.72965
G1 X113.665 Y216.694
M204 S3000
M205 X10 Y10
G0 F6000 X111.563 Y219.362
M204 S1800
M205 X8 Y8
G1 F1200 X108.863 Y222.062 E1138.85665
G1 X108.793 Y222.132
M204 S3000
M205 X10 Y10
;MESH:NONMESH
G0 F600 X108.793 Y222.132 Z1
G0 F6000 X99.931 Y177.584
G0 X100.353 Y177.533
;TIME_ELAPSED:1418.917365
;LAYER:4
M204 S1800
M205 X8 Y8
;TYPE:WALL-OUTER
;MESH:14_4_2.stl
G1 F3000 X100.569 Y176.557 E1138.8899
G1 X101.213 Y175.798 E1138.923
G1 X102.174 Y175.424 E1138.9573
G1 X103.13 Y175.52 E1138.98926
G1 X103.83 Y175.976 E1139.01704
G1 X104.026 Y176.141 E1139.02557
G1 X104.449 Y176.975 E1139.05667
G1 X104.467 Y177.936 E1139.08864
G1 X104.061 Y178.73 E1139.1183
G1 X103.932 Y178.922 E1139.12599
G1 X103.198 Y179.427 E1139.15562
G1 X102.231 Y179.554 E1139.18806
G1 X101.616 Y179.338 E1139.20974
G1 X101.189 Y179.145 E1139.22533
G1 X100.598 Y178.474 E1139.25507
G1 X100.353 Y177.533 E1139.28741
M204 S3000
M205 X10 Y10
G0 F6000 X100.396 Y177.338
G0 X99.881 Y177.208
G0 X83.06 Y194.917
G0 X82.088 Y196.463
G0 X81.548 Y198.014
G0 X81.23 Y200.081
G0 X81.736 Y200.025
M204 S1800
M205 X8 Y8
G1 F3000 X81.829 Y199.146 E1139.31681
G1 X81.926 Y198.29 E1139.34546
G1 X82.491 Y196.67 E1139.40253
G1 X82.84 Y196.109 E1139.4245
G1 X83.409 Y195.204 E1139.46006
G1 X83.796 Y194.814 E1139.47833
G1 X84.64 Y193.973 E1139.51796
G1 X86.092 Y193.063 E1139.57495
G1 X87.7 Y192.499 E1139.63163
G1 X88.343 Y192.422 E1139.65317
G1 X89.432 Y192.3 E1139.68962
G1 X90.291 Y192.394 E1139.71836
G1 X91.147 Y192.492 E1139.74701
G1 X92.011 Y192.793 E1139.77744
G1 X92.775 Y193.062 E1139.80438
G1 X93.824 Y193.718 E1139.84553
G1 X94.252 Y193.993 E1139.86245
G1 X95.452 Y195.195 E1139.91895
G1 X95.947 Y195.979 E1139.94978
G1 X96.368 Y196.649 E1139.9761
G1 X96.382 Y196.681 E1139.97726
G1 X96.944 Y198.289 E1140.03392
G1 X97.135 Y199.987 E1140.09075
G1 X97.041 Y200.855 E1140.11979
G1 X96.944 Y201.711 E1140.14844
G1 X96.38 Y203.325 E1140.20531
G1 X95.965 Y203.993 E1140.23146
G1 X95.47 Y204.781 E1140.26242
G1 X94.848 Y205.411 E1140.29186
G1 X94.233 Y206.024 E1140.32074
G1 X92.795 Y206.927 E1140.37722
G1 X92.074 Y207.184 E1140.40268
G1 X91.147 Y207.508 E1140.43534
G1 X89.449 Y207.7 E1140.49217
G1 X89.412 Y207.699 E1140.4934
G1 X87.728 Y207.509 E1140.54977
G1 X86.765 Y207.174 E1140.58368
G1 X86.092 Y206.937 E1140.60741
G1 X84.64 Y206.027 E1140.66441
G1 X84.054 Y205.443 E1140.69192
G1 X83.409 Y204.796 E1140.72231
G1 X82.496 Y203.341 E1140.77944
G1 X81.929 Y201.722 E1140.8365
G1 X81.83 Y200.857 E1140.86545
G1 X81.736 Y200.025 E1140.8933
M204 S3000
M205 X10 Y10
G0 F6000 X81.757 Y199.826
G0 X81.247 Y199.768
G0 X63.127 Y202.535
G0 X62.092 Y202.148
G0 X61.192 Y201.209
G0 X60.858 Y200.169
G0 X61.353 Y200.05
M204 S1800
M205 X8 Y8
G1 F3000 X61.569 Y199.074 E1140.92655
G1 X62.213 Y198.315 E1140.95966
G1 X63.174 Y197.94 E1140.99397
G1 X64.13 Y198.037 E1141.02593
G1 X64.644 Y198.365 E1141.04621
G1 X65.026 Y198.658 E1141.06222
G1 X65.457 Y199.51 E1141.09398
G1 X65.467 Y200.453 E1141.12534
G1 X64.994 Y201.37 E1141.15966
G1 X64.219 Y201.93 E1141.19146
G1 X63.231 Y202.071 E1141.22466
G1 X62.265 Y201.716 E1141.25889
G1 X61.612 Y201.009 E1141.2909
G1 X61.353 Y200.05 E1141.32394
M204 S3000
M205 X10 Y10
G0 F6000 X61.396 Y199.855
G0 X60.881 Y199.725
G0 X61.192 Y201.209
G0 X61.901 Y202.015
G0 X99.858 Y222.686
G0 X100.353 Y222.567
M204 S1800
M205 X8 Y8
G1 F3000 X100.472 Y221.984 E1141.34373
G1 X100.614 Y221.505 E1141.36034
G1 X101.225 Y220.819 E1141.3909
G1 X102.174 Y220.457 E1141.42468
G1 X102.949 Y220.53 E1141.45057
G1 X103.219 Y220.587 E1141.45975
G1 X103.976 Y221.112 E1141.49039
G1 X104.373 Y221.859 E1141.51853
G1 X104.471 Y222.1 E1141.52718
G1 X104.466 Y222.97 E1141.55612
G1 X103.994 Y223.887 E1141.59042
G1 X103.219 Y224.447 E1141.62222
G1 X102.231 Y224.587 E1141.65541
G1 X101.438 Y224.3 E1141.68346
G1 X101.189 Y224.178 E1141.69268
G1 X100.613 Y223.526 E1141.72162
G1 X100.421 Y222.84 E1141.74531
G1 X100.353 Y222.567 E1141.75467
M204 S3000
M205 X10 Y10
G0 F6000 X100.393 Y222.372
G0 X99.881 Y222.243
G0 X100.167 Y221.353
G0 X100.902 Y220.51
G0 X118.148 Y209.649
G0 X118.623 Y209.831
M204 S1800
M205 X8 Y8
G1 F3000 X118.747 Y209.726 E1141.76007
G1 X118.837 Y209.717 E1141.76308
G1 X125.448 Y209.705 E1141.98296
G1 X127.797 Y209.7 E1142.06109
G1 X135.235 Y209.684 E1142.30848
G1 X135.235 Y190.317 E1142.95263
G1 X123.205 Y190.33 E1143.35275
G1 X118.789 Y190.335 E1143.49963
G1 X118.649 Y190.259 E1143.50493
G1 X118.619 Y190.206 E1143.50695
G1 X117.771 Y187.951 E1143.58708
G1 X116.751 Y185.804 E1143.66614
G1 X116.286 Y184.925 E1143.69921
G1 X115.035 Y182.904 E1143.77827
G1 X114.475 Y182.079 E1143.81143
G1 X113.009 Y180.206 E1143.89054
G1 X112.366 Y179.447 E1143.92363
G1 X110.857 Y177.904 E1143.99541
G1 X110.075 Y177.152 E1144.03149
G1 X109.259 Y176.47 E1144.06687
G1 X108.142 Y175.556 E1144.11487
G1 X107.403 Y174.995 E1144.14573
G1 X106.973 Y174.708 E1144.16292
G1 X105.335 Y173.645 E1144.22787
G1 X104.502 Y173.144 E1144.2602
G1 X102.379 Y172.074 E1144.33927
G1 X101.475 Y171.655 E1144.37241
G1 X99.233 Y170.821 E1144.45198
G1 X98.302 Y170.509 E1144.48463
G1 X95.996 Y169.93 E1144.56371
G1 X95.026 Y169.714 E1144.59676
G1 X92.669 Y169.393 E1144.67588
G1 X91.68 Y169.284 E1144.70898
G1 X89.302 Y169.223 E1144.78809
G1 X88.308 Y169.223 E1144.82115
G1 X85.938 Y169.424 E1144.90026
G1 X84.948 Y169.531 E1144.93338
G1 X82.614 Y169.991 E1145.01251
G1 X81.64 Y170.206 E1145.04568
G1 X79.499 Y170.877 E1145.12031
G1 X78.914 Y171.073 E1145.14083
G1 X78.432 Y171.236 E1145.15775
G1 X76.256 Y172.193 E1145.23681
G1 X75.351 Y172.612 E1145.26998
G1 X73.294 Y173.801 E1145.34901
G1 X72.442 Y174.316 E1145.38212
G1 X70.454 Y175.781 E1145.46425
G1 X69.732 Y176.33 E1145.49442
G1 X67.931 Y177.992 E1145.57593
G1 X67.261 Y178.626 E1145.60661
G1 X65.655 Y180.472 E1145.68799
G1 X65.054 Y181.179 E1145.71886
G1 X63.677 Y183.172 E1145.79943
G1 X63.143 Y183.958 E1145.83103
G1 X61.547 Y186.931 E1145.94326
G1 X60.277 Y190.071 E1146.05592
G1 X59.371 Y193.306 E1146.16765
G1 X58.819 Y196.634 E1146.27986
G1 X58.636 Y200.002 E1146.39204
G1 X58.813 Y203.256 E1146.50043
G1 X58.985 Y204.364 E1146.53772
G1 X59.372 Y206.695 E1146.61631
G1 X60.282 Y209.93 E1146.72809
G1 X61.548 Y213.071 E1146.84072
G1 X63.144 Y216.044 E1146.95295
G1 X63.733 Y216.911 E1146.98782
G1 X65.056 Y218.823 E1147.06515
G1 X65.745 Y219.633 E1147.10052
G1 X67.26 Y221.375 E1147.1773
G1 X68.038 Y222.111 E1147.21292
G1 X69.737 Y223.677 E1147.28977
G1 X70.527 Y224.275 E1147.32273
G1 X72.441 Y225.683 E1147.40176
G1 X73.295 Y226.198 E1147.43493
G1 X75.354 Y227.39 E1147.51406
G1 X76.257 Y227.808 E1147.54715
G1 X78.431 Y228.766 E1147.62617
G1 X79.481 Y229.117 E1147.66299
G1 X81.642 Y229.795 E1147.73832
G1 X82.485 Y229.981 E1147.76704
G1 X83.272 Y230.139 E1147.79373
G1 X84.948 Y230.47 E1147.85055
G1 X85.939 Y230.577 E1147.88371
G1 X88.307 Y230.777 E1147.96275
G1 X89.302 Y230.777 E1147.99584
G1 X91.288 Y230.726 E1148.06192
G1 X92.069 Y230.673 E1148.08795
G1 X92.669 Y230.606 E1148.10803
G1 X95.025 Y230.285 E1148.18712
G1 X96 Y230.069 E1148.22033
G1 X98.302 Y229.492 E1148.29927
G1 X99.293 Y229.156 E1148.33407
G1 X101.475 Y228.344 E1148.41151
G1 X102.407 Y227.913 E1148.44566
G1 X104.502 Y226.857 E1148.52369
G1 X105.373 Y226.331 E1148.55753
G1 X107.348 Y225.047 E1148.63588
G1 X108.144 Y224.442 E1148.66914
G1 X109.981 Y222.937 E1148.74812
G1 X110.705 Y222.252 E1148.78127
G1 X112.368 Y220.554 E1148.86032
G1 X113.012 Y219.793 E1148.89348
G1 X114.476 Y217.922 E1148.9725
G1 X115.037 Y217.097 E1149.00568
G1 X116.032 Y215.485 E1149.06869
G1 X116.462 Y214.741 E1149.09727
G1 X116.753 Y214.194 E1149.11788
G1 X117.773 Y212.05 E1149.19684
G1 X118.623 Y209.831 E1149.27588
M204 S3000
M205 X10 Y10
G0 F6000 X118.747 Y209.726
G0 X118.785 Y209.723
G0 X118.785 Y209.208
G0 X129.358 Y200.169
G0 X129.853 Y200.05
M204 S1800
M205 X8 Y8
G1 F3000 X130.069 Y199.074 E1149.30912
G1 X130.713 Y198.316 E1149.34221
G1 X131.674 Y197.94 E1149.37653
G1 X132.63 Y198.037 E1149.40849
G1 X133.461 Y198.584 E1149.44158
G1 X133.949 Y199.491 E1149.47583
G1 X133.966 Y200.453 E1149.50784
G1 X133.494 Y201.37 E1149.54214
G1 X132.719 Y201.93 E1149.57394
G1 X131.731 Y202.071 E1149.60713
G1 X130.765 Y201.716 E1149.64136
G1 X130.113 Y201.009 E1149.67335
G1 X129.853 Y200.05 E1149.7064
M204 S3000
M205 X10 Y10
G0 F6000 X129.896 Y199.855
G0 X129.465 Y200.146
M204 S1800
M205 X8 Y8
;TYPE:WALL-INNER
G1 F3000 X129.465 Y199.858 E1149.71598
G1 X129.681 Y198.978 E1149.74612
G1 X129.815 Y198.723 E1149.7557
G1 X130.414 Y198.05 E1149.78566
G1 X130.657 Y197.885 E1149.79543
G1 X131.537 Y197.564 E1149.82659
G1 X131.818 Y197.532 E1149.83599
G1 X132.68 Y197.64 E1149.86489
G1 X132.947 Y197.742 E1149.8744
G1 X133.689 Y198.255 E1149.9044
G1 X133.882 Y198.477 E1149.91418
G1 X134.306 Y199.309 E1149.94524
G1 F2884.6 X134.386 Y199.585 E1149.95518
G1 F2765 X134.383 Y200.455 E1149.98658
G1 F2746 X134.378 Y200.56 E1149.9904
G1 F2790.7 X134.112 Y201.06 E1150.01065
G1 F2926.8 X133.846 Y201.561 E1150.02998
G1 F3000 X133.659 Y201.769 E1150.03929
G1 X132.946 Y202.26 E1150.06808
G1 X132.676 Y202.361 E1150.07767
G1 X131.778 Y202.468 E1150.10775
G1 X131.486 Y202.43 E1150.11754
G1 X130.618 Y202.088 E1150.14857
G1 X130.388 Y201.926 E1150.15793
G1 X129.813 Y201.273 E1150.18687
G1 X129.68 Y201.02 E1150.19637
G1 X129.465 Y200.146 E1150.22631
M204 S3000
M205 X10 Y10
G0 F6000 X129.359 Y200.171
G0 X118.76 Y190.845
G0 X118.761 Y190.734
M204 S1800
M205 X8 Y8
G1 F3000 X118.503 Y190.653 E1150.2353
G1 X118.293 Y190.447 E1150.24509
G1 X118.245 Y190.347 E1150.24878
G1 X117.403 Y188.107 E1150.32837
G1 X116.393 Y185.984 E1150.40656
G1 X115.939 Y185.124 E1150.43891
G1 X114.699 Y183.122 E1150.51723
G1 X114.151 Y182.315 E1150.54968
G1 X112.699 Y180.459 E1150.62806
G1 X112.07 Y179.717 E1150.66041
G1 X110.475 Y178.085 E1150.73631
G1 X109.8 Y177.442 E1150.76731
G1 X109.005 Y176.78 E1150.80172
G1 X107.867 Y175.85 E1150.85061
G1 X107.118 Y175.28 E1150.88191
G1 X105.129 Y173.988 E1150.9608
G1 X104.308 Y173.494 E1150.99267
G1 X102.205 Y172.434 E1151.07099
G1 X101.321 Y172.025 E1151.10339
G1 X99.053 Y171.183 E1151.18386
G1 X98.19 Y170.893 E1151.21414
G1 X95.904 Y170.319 E1151.29253
G1 X94.956 Y170.108 E1151.32483
G1 X92.62 Y169.79 E1151.40324
G1 X91.653 Y169.684 E1151.4356
G1 X89.297 Y169.623 E1151.51399
G1 X88.325 Y169.623 E1151.54631
G1 X85.976 Y169.822 E1151.62472
G1 X85.008 Y169.927 E1151.65711
G1 X82.696 Y170.383 E1151.73549
G1 X81.743 Y170.593 E1151.76794
G1 X79.5 Y171.297 E1151.84613
G1 X78.577 Y171.609 E1151.87854
G1 X76.42 Y172.557 E1151.9569
G1 X75.535 Y172.968 E1151.98936
G1 X73.498 Y174.145 E1152.06761
G1 X72.664 Y174.649 E1152.10002
G1 X70.696 Y176.099 E1152.18132
G1 X69.989 Y176.637 E1152.21087
G1 X68.206 Y178.282 E1152.29156
G1 X67.55 Y178.903 E1152.3216
G1 X65.96 Y180.731 E1152.40218
G1 X65.372 Y181.423 E1152.43239
G1 X64.008 Y183.397 E1152.51219
G1 X63.485 Y184.166 E1152.54312
G1 X61.91 Y187.101 E1152.65391
G1 X60.656 Y190.2 E1152.7651
G1 X59.762 Y193.393 E1152.87538
G1 X59.217 Y196.678 E1152.98614
G1 X59.037 Y200.002 E1153.09685
G1 X59.218 Y203.323 E1153.20748
G1 X59.763 Y206.608 E1153.31823
G1 X60.661 Y209.801 E1153.42855
G1 X61.911 Y212.901 E1153.53972
G1 X63.486 Y215.836 E1153.65051
G1 X64.062 Y216.683 E1153.68458
G1 X65.374 Y218.579 E1153.76126
G1 X66.047 Y219.371 E1153.79583
G1 X67.549 Y221.098 E1153.87196
G1 X68.309 Y221.817 E1153.90675
G1 X69.994 Y223.37 E1153.98297
G1 X70.827 Y223.999 E1154.01769
G1 X72.663 Y225.35 E1154.0935
G1 X73.499 Y225.854 E1154.12597
G1 X75.538 Y227.035 E1154.20434
G1 X76.422 Y227.444 E1154.23674
G1 X78.575 Y228.392 E1154.31498
G1 X79.496 Y228.702 E1154.3473
G1 X81.745 Y229.408 E1154.4257
G1 X82.698 Y229.619 E1154.45817
G1 X85.008 Y230.074 E1154.53648
G1 X85.977 Y230.179 E1154.56889
G1 X88.324 Y230.377 E1154.64723
G1 X89.296 Y230.377 E1154.67956
G1 X91.278 Y230.326 E1154.7455
G1 X92.025 Y230.275 E1154.77041
G1 X92.62 Y230.209 E1154.79032
G1 X94.955 Y229.891 E1154.8687
G1 X95.908 Y229.68 E1154.90116
G1 X98.189 Y229.108 E1154.97938
G1 X99.154 Y228.781 E1155.01327
G1 X101.321 Y227.974 E1155.09018
G1 X102.227 Y227.555 E1155.12338
G1 X104.308 Y226.507 E1155.20087
G1 X105.155 Y225.995 E1155.23379
G1 X107.118 Y224.719 E1155.31166
G1 X107.614 Y224.344 E1155.33234
G1 X108.346 Y223.759 E1155.36351
G1 X109.717 Y222.637 E1155.42243
G1 X110.425 Y221.967 E1155.45485
G1 X112.072 Y220.284 E1155.53318
G1 X112.702 Y219.541 E1155.56558
G1 X114.152 Y217.686 E1155.64389
G1 X114.701 Y216.879 E1155.67635
G1 X115.938 Y214.877 E1155.75462
G1 X116.281 Y214.228 E1155.77904
G1 X116.842 Y213.075 E1155.82168
G1 X117.405 Y211.892 E1155.86526
G1 X118.246 Y209.695 E1155.9435
G1 X118.407 Y209.467 E1155.95279
G1 X118.634 Y209.342 E1155.9614
G1 X118.836 Y209.317 E1155.96817
G1 X125.447 Y209.305 E1156.18806
G1 X127.796 Y209.3 E1156.26619
G1 X134.835 Y209.285 E1156.5003
G1 X134.835 Y201.813 E1156.74882
G1 F2963 X134.83 Y200.877 E1156.78034
G1 F2884.6 X134.825 Y200.231 E1156.80269
G1 F2810.3 X134.819 Y199.585 E1156.82563
G1 F2830.2 X134.827 Y198.917 E1156.84918
G1 F2941.2 X134.835 Y198.249 E1156.87184
G1 F3000 X134.835 Y190.717 E1157.12236
G1 X118.761 Y190.734 E1157.65698
M204 S3000
M205 X10 Y10
G0 F6000 X118.76 Y190.845
G0 X100.899 Y179.496
G0 X100.192 Y178.693
G0 X99.859 Y177.654
G0 X99.965 Y177.629
M204 S1800
M205 X8 Y8
G1 F3000 X99.965 Y177.341 E1157.66656
G1 X100.181 Y176.461 E1157.6967
G1 X100.315 Y176.206 E1157.70628
G1 X100.914 Y175.532 E1157.73627
G1 X101.157 Y175.368 E1157.74602
G1 X102.048 Y175.044 E1157.77756
G1 X102.317 Y175.016 E1157.78655
G1 X103.18 Y175.123 E1157.81547
G1 X103.447 Y175.224 E1157.82497
G1 X104.189 Y175.738 E1157.85499
G1 X104.383 Y175.96 E1157.8648
G1 X104.806 Y176.794 E1157.8959
G1 X104.87 Y177.069 E1157.90529
G1 X104.867 Y177.938 E1157.93419
G1 X104.787 Y178.235 E1157.94442
G1 X104.346 Y179.045 E1157.9751
G1 X104.159 Y179.251 E1157.98435
G1 X103.446 Y179.743 E1158.01317
G1 X103.176 Y179.845 E1158.02277
G1 X102.235 Y179.955 E1158.05428
G1 X101.986 Y179.914 E1158.06267
G1 X101.112 Y179.568 E1158.09393
G1 X100.889 Y179.41 E1158.10302
G1 X100.289 Y178.729 E1158.13321
G1 X100.18 Y178.504 E1158.14153
G1 X99.965 Y177.629 E1158.17149
M204 S3000
M205 X10 Y10
G0 F6000 X99.859 Y177.654
G0 X83.06 Y194.917
G0 X82.088 Y196.463
G0 X81.548 Y198.014
G0 X81.229 Y200.081
G0 X81.338 Y200.069
M204 S1800
M205 X8 Y8
G1 F3000 X81.431 Y199.102 E1158.20381
G1 X81.525 Y198.267 E1158.23175
G1 X81.82 Y197.376 E1158.26297
G1 X82.122 Y196.515 E1158.29332
G1 X82.501 Y195.896 E1158.31746
G1 X83.075 Y194.984 E1158.3533
G1 X83.513 Y194.531 E1158.37426
G1 X84.37 Y193.677 E1158.4145
G1 X84.805 Y193.397 E1158.4317
G1 X85.899 Y192.712 E1158.47463
G1 X86.645 Y192.444 E1158.501
G1 X87.606 Y192.109 E1158.53485
G1 X88.298 Y192.024 E1158.55804
G1 X89.402 Y191.9 E1158.59499
G1 X90.336 Y191.996 E1158.62622
G1 X91.202 Y192.096 E1158.65521
G1 X92.143 Y192.415 E1158.68826
G1 X92.887 Y192.676 E1158.71448
G1 X93.557 Y193.079 E1158.74049
G1 X94.462 Y193.648 E1158.77604
G1 X95.13 Y194.306 E1158.80723
G1 X95.725 Y194.901 E1158.83522
G1 X96.286 Y195.767 E1158.86953
G1 X96.716 Y196.453 E1158.89646
G1 X96.76 Y196.549 E1158.89998
G1 X97.327 Y198.174 E1158.95722
G1 X97.438 Y199.098 E1158.98817
G1 X97.535 Y199.965 E1159.01719
G1 X97.439 Y200.899 E1159.04842
G1 X97.34 Y201.766 E1159.07744
G1 X97.263 Y202.015 E1159.08611
G1 X96.753 Y203.469 E1159.13736
G1 X96.304 Y204.206 E1159.16606
G1 X95.809 Y204.994 E1159.19701
G1 X95.131 Y205.693 E1159.2294
G1 X94.507 Y206.316 E1159.25873
G1 X94.064 Y206.603 E1159.27629
G1 X93.007 Y207.266 E1159.31778
G1 X92.206 Y207.562 E1159.34619
G1 X91.268 Y207.89 E1159.37924
G1 X90.337 Y208.002 E1159.41043
G1 X89.475 Y208.099 E1159.43928
G1 X89.367 Y208.097 E1159.44287
G1 X87.699 Y207.909 E1159.4987
G1 X86.633 Y207.552 E1159.53609
G1 X85.939 Y207.307 E1159.56057
G1 X85.107 Y206.792 E1159.59311
G1 X84.411 Y206.355 E1159.62045
G1 X83.771 Y205.726 E1159.65029
G1 X83.123 Y205.076 E1159.68082
G1 X82.688 Y204.401 E1159.70753
G1 X82.152 Y203.546 E1159.74109
G1 X81.922 Y202.915 E1159.76343
G1 X81.545 Y201.834 E1159.80151
G1 X81.432 Y200.901 E1159.83277
G1 X81.338 Y200.069 E1159.86062
M204 S3000
M205 X10 Y10
G0 F6000 X81.229 Y200.081
G0 X63.127 Y202.535
G0 X62.092 Y202.148
G0 X61.192 Y201.209
G0 X60.859 Y200.171
G0 X60.965 Y200.146
M204 S1800
M205 X8 Y8
G1 F3000 X60.965 Y199.858 E1159.87019
G1 X61.181 Y198.978 E1159.90033
G1 X61.315 Y198.723 E1159.90991
G1 X61.914 Y198.049 E1159.9399
G1 X62.157 Y197.885 E1159.94965
G1 X63.037 Y197.564 E1159.98081
G1 X63.318 Y197.532 E1159.99022
G1 X64.18 Y197.64 E1160.01911
G1 X64.447 Y197.742 E1160.02862
G1 X65.189 Y198.255 E1160.05862
G1 X65.383 Y198.477 E1160.06843
G1 X65.806 Y199.31 E1160.0995
G1 X65.871 Y199.585 E1160.1089
G1 X65.866 Y200.489 E1160.13897
G1 X65.793 Y200.74 E1160.14766
G1 X65.328 Y201.592 E1160.17994
G1 X65.159 Y201.769 E1160.18808
G1 X64.446 Y202.26 E1160.21688
G1 X64.176 Y202.361 E1160.22646
G1 X63.279 Y202.468 E1160.25651
G1 X62.986 Y202.431 E1160.26633
G1 X62.118 Y202.088 E1160.29737
G1 X61.888 Y201.927 E1160.30671
G1 X61.312 Y201.274 E1160.33567
G1 X61.18 Y201.02 E1160.34519
G1 X60.965 Y200.146 E1160.37513
M204 S3000
M205 X10 Y10
G0 F6000 X60.859 Y200.171
G0 X61.192 Y201.209
G0 X61.901 Y202.015
G0 X99.859 Y222.688
G0 X99.965 Y222.663
M204 S1800
M205 X8 Y8
G1 F3000 X99.965 Y222.376 E1160.38468
G1 X100.188 Y221.469 E1160.41574
G1 X100.315 Y221.239 E1160.42448
G1 X100.914 Y220.566 E1160.45445
G1 X101.157 Y220.401 E1160.46422
G1 X102.075 Y220.068 E1160.49669
G1 X102.317 Y220.049 E1160.50477
G1 X103.22 Y220.162 E1160.53504
G1 X103.447 Y220.258 E1160.54323
G1 X104.189 Y220.772 E1160.57326
G1 X104.383 Y220.994 E1160.58306
G1 X104.806 Y221.827 E1160.61413
G1 X104.871 Y222.102 E1160.62353
G1 X104.866 Y222.972 E1160.65247
G1 X104.793 Y223.257 E1160.66226
G1 X104.345 Y224.079 E1160.69339
G1 X104.059 Y224.354 E1160.70659
G1 X103.416 Y224.797 E1160.73256
G1 X103.176 Y224.878 E1160.74098
G1 X102.278 Y224.984 E1160.77106
G1 X101.986 Y224.947 E1160.78085
G1 X101.118 Y224.604 E1160.81189
G1 X100.889 Y224.443 E1160.8212
G1 X100.313 Y223.791 E1160.85014
G1 X100.18 Y223.537 E1160.85967
G1 X99.965 Y222.663 E1160.88961
M204 S3000
M205 X10 Y10
G0 F6000 X99.644 Y223.031
M204 S1800
M205 X8 Y8
G1 F3000 X99.576 Y222.758 E1160.89897
G1 X99.555 Y222.397 E1160.91099
G1 X99.695 Y221.793 E1160.93162
G1 X99.847 Y221.237 E1160.95079
G1 X100.016 Y220.973 E1160.96121
G1 X100.615 Y220.3 E1160.99118
G1 X100.852 Y220.105 E1161.00139
G1 X101.901 Y219.705 E1161.03873
G1 X102.208 Y219.645 E1161.04913
G1 X103.048 Y219.736 E1161.07723
G1 X103.441 Y219.809 E1161.09053
G1 X103.675 Y219.929 E1161.09927
G1 X104.417 Y220.443 E1161.1293
G1 X104.661 Y220.682 E1161.14066
G1 X105.086 Y221.497 E1161.17123
G1 X105.24 Y221.851 E1161.18407
G1 X105.269 Y222.654 E1161.21079
G1 X105.232 Y223.231 E1161.23002
G1 X104.697 Y224.27 E1161.26889
G1 X104.286 Y224.684 E1161.2883
G1 X103.623 Y225.14 E1161.31506
G1 X103.223 Y225.276 E1161.32911
G1 X102.325 Y225.381 E1161.35918
G1 X101.839 Y225.319 E1161.37548
G1 X100.971 Y224.976 E1161.40652
G1 X100.752 Y224.856 E1161.41483
G1 X100.084 Y224.137 E1161.44747
G1 X99.837 Y223.772 E1161.46213
G1 X99.644 Y223.031 E1161.48759
M204 S3000
M205 X10 Y10
G0 F6000 X100.167 Y221.353
G0 X100.902 Y220.51
G0 X118.716 Y208.921
M204 S1800
M205 X8 Y8
G1 F3000 X118.835 Y208.917 E1161.49155
G1 X125.447 Y208.905 E1161.71147
G1 X127.796 Y208.9 E1161.7896
G1 X134.435 Y208.885 E1162.01041
G1 X134.435 Y201.314 E1162.26223
G1 X134.197 Y201.753 E1162.27884
G1 X133.885 Y202.098 E1162.29431
G1 X133.172 Y202.589 E1162.3231
G1 X132.724 Y202.758 E1162.33903
G1 X131.826 Y202.865 E1162.3691
G1 X131.483 Y202.847 E1162.38053
G1 X130.471 Y202.46 E1162.41656
G1 X130.195 Y202.295 E1162.42726
G1 X129.513 Y201.538 E1162.46115
G1 X129.323 Y201.218 E1162.47353
G1 X129.077 Y200.241 E1162.50704
G1 X129.05 Y199.929 E1162.51745
G1 X129.292 Y198.883 E1162.55316
G1 X129.434 Y198.563 E1162.56481
G1 X130.115 Y197.784 E1162.59922
G1 X130.364 Y197.582 E1162.60988
G1 X131.4 Y197.188 E1162.64675
G1 X131.663 Y197.131 E1162.6557
G1 X132.73 Y197.243 E1162.69138
G1 X133.174 Y197.413 E1162.7072
G1 X133.916 Y197.926 E1162.7372
G1 X134.239 Y198.296 E1162.75353
G1 X134.435 Y198.682 E1162.76793
G1 X134.435 Y191.118 E1163.01951
G1 X123.206 Y191.13 E1163.39299
G1 X118.804 Y191.135 E1163.5394
G1 X118.461 Y191.074 E1163.55099
G1 X118.146 Y190.886 E1163.56319
G1 X117.924 Y190.605 E1163.5751
G1 X117.87 Y190.487 E1163.57942
G1 X117.034 Y188.264 E1163.65841
G1 X116.035 Y186.163 E1163.73579
G1 X115.591 Y185.323 E1163.76739
G1 X114.363 Y183.34 E1163.84497
G1 X113.828 Y182.551 E1163.87667
G1 X112.389 Y180.711 E1163.95436
G1 X111.774 Y179.986 E1163.98598
G1 X110.142 Y178.316 E1164.06365
G1 X109.452 Y177.663 E1164.09524
G1 X107.625 Y176.168 E1164.17376
G1 X106.887 Y175.607 E1164.2046
G1 X104.923 Y174.331 E1164.28249
G1 X104.097 Y173.836 E1164.31452
G1 X103.579 Y173.575 E1164.33381
G1 X101.982 Y172.772 E1164.39327
G1 X101.167 Y172.394 E1164.42315
G1 X98.926 Y171.562 E1164.50266
G1 X98.077 Y171.277 E1164.53244
G1 X97.22 Y171.061 E1164.56184
G1 X96.485 Y170.879 E1164.58702
G1 X95.812 Y170.709 E1164.61011
G1 X94.885 Y170.502 E1164.6417
G1 X92.571 Y170.187 E1164.71937
G1 X91.626 Y170.083 E1164.75099
G1 X89.292 Y170.023 E1164.82865
G1 X88.342 Y170.023 E1164.86025
G1 X86.015 Y170.22 E1164.93792
G1 X85.069 Y170.323 E1164.96957
G1 X82.778 Y170.775 E1165.04724
G1 X81.846 Y170.98 E1165.07898
G1 X79.624 Y171.677 E1165.15643
G1 X78.722 Y171.983 E1165.18811
G1 X76.585 Y172.922 E1165.26575
G1 X75.72 Y173.323 E1165.29746
G1 X73.701 Y174.489 E1165.375
G1 X72.887 Y174.982 E1165.40666
G1 X70.938 Y176.417 E1165.48716
G1 X70.247 Y176.944 E1165.51606
G1 X68.481 Y178.573 E1165.59597
G1 X67.839 Y179.181 E1165.62538
G1 X66.265 Y180.99 E1165.70513
G1 X65.69 Y181.667 E1165.73468
G1 X64.339 Y183.621 E1165.81369
G1 X63.828 Y184.373 E1165.84393
G1 X62.272 Y187.271 E1165.95333
G1 X61.036 Y190.33 E1166.06307
G1 X60.153 Y193.48 E1166.17187
G1 X59.615 Y196.722 E1166.28118
G1 X59.459 Y199.598 E1166.37697
G1 X59.437 Y200.002 E1166.39043
G1 X59.616 Y203.279 E1166.49959
G1 X60.154 Y206.521 E1166.60889
G1 X61.04 Y209.671 E1166.71773
G1 X62.274 Y212.731 E1166.82747
G1 X63.829 Y215.629 E1166.93685
G1 X64.391 Y216.455 E1166.97008
G1 X65.692 Y218.335 E1167.04612
G1 X66.349 Y219.108 E1167.07986
G1 X67.838 Y220.821 E1167.15536
G1 X68.581 Y221.523 E1167.18935
G1 X70.251 Y223.063 E1167.26491
G1 X71.064 Y223.677 E1167.29879
G1 X72.885 Y225.017 E1167.37399
G1 X73.702 Y225.509 E1167.40571
G1 X75.723 Y226.679 E1167.48338
G1 X76.586 Y227.079 E1167.51502
G1 X78.72 Y228.019 E1167.59258
G1 X79.62 Y228.321 E1167.62415
G1 X81.849 Y229.021 E1167.70186
G1 X82.78 Y229.228 E1167.73358
G1 X85.068 Y229.678 E1167.81114
G1 X85.887 Y229.766 E1167.83853
G1 X86.144 Y229.791 E1167.84712
G1 X88.34 Y229.977 E1167.92042
G1 X89.291 Y229.977 E1167.95205
G1 X91.626 Y229.916 E1168.02974
G1 X92.571 Y229.812 E1168.06136
G1 X94.884 Y229.497 E1168.139
G1 X95.881 Y229.275 E1168.17298
G1 X98.076 Y228.724 E1168.24825
G1 X99.014 Y228.406 E1168.28119
G1 X101.167 Y227.604 E1168.35761
G1 X102.047 Y227.198 E1168.38984
G1 X104.114 Y226.156 E1168.46683
G1 X104.921 Y225.67 E1168.49816
G1 X106.888 Y224.392 E1168.57618
G1 X107.668 Y223.798 E1168.60879
G1 X109.452 Y222.337 E1168.68548
G1 X110.189 Y221.636 E1168.71931
G1 X111.776 Y220.014 E1168.79479
G1 X112.392 Y219.288 E1168.82646
G1 X113.829 Y217.45 E1168.90406
G1 X114.365 Y216.661 E1168.93578
G1 X115.59 Y214.678 E1169.01331
G1 X116.038 Y213.834 E1169.04509
G1 X116.855 Y212.114 E1169.10842
G1 X117.187 Y211.343 E1169.13634
G1 X117.875 Y209.547 E1169.20031
G1 X118.065 Y209.243 E1169.21223
G1 X118.346 Y209.028 E1169.224
G1 X118.716 Y208.921 E1169.23681
M204 S3000
M205 X10 Y10
G0 F6000 X99.694 Y178.202
M204 S1800
M205 X8 Y8
G1 F3000 X99.576 Y177.724 E1169.25319
G1 X99.549 Y177.433 E1169.26291
G1 X99.792 Y176.366 E1169.2993
G1 X99.913 Y176.078 E1169.30969
G1 X100.615 Y175.266 E1169.34539
G1 X100.788 Y175.113 E1169.35308
G1 X101.107 Y174.96 E1169.36484
G1 X101.918 Y174.666 E1169.39353
G1 X102.367 Y174.618 E1169.40855
G1 X103.229 Y174.726 E1169.43745
G1 X103.622 Y174.859 E1169.45125
G1 X104.417 Y175.408 E1169.48338
G1 X104.531 Y175.497 E1169.48819
G1 X104.74 Y175.779 E1169.49987
G1 X105.162 Y176.613 E1169.53095
G1 X105.232 Y176.788 E1169.53722
G1 X105.27 Y177.328 E1169.55523
G1 X105.267 Y177.94 E1169.57558
G1 X105.23 Y178.204 E1169.58445
G1 X104.763 Y179.113 E1169.61844
G1 X104.585 Y179.4 E1169.62967
G1 X104.386 Y179.581 E1169.63862
G1 X103.673 Y180.073 E1169.66743
G1 X103.36 Y180.217 E1169.67889
G1 X102.325 Y180.349 E1169.71359
G1 X101.992 Y180.332 E1169.72468
G1 X101.322 Y180.082 E1169.74847
G1 X100.831 Y179.874 E1169.7662
G1 X100.589 Y179.675 E1169.77663
G1 X100.011 Y179.021 E1169.80565
G1 X99.817 Y178.687 E1169.8185
G1 X99.694 Y178.202 E1169.83514
M204 S3000
M205 X10 Y10
G0 F6000 X83.06 Y194.917
G0 X82.088 Y196.463
G0 X81.748 Y197.439
G0 X80.941 Y200.114
M204 S1800
M205 X8 Y8
G1 F3000 X81.034 Y199.057 E1169.87044
G1 X81.128 Y198.222 E1169.89838
G1 X81.442 Y197.244 E1169.93255
G1 X81.731 Y196.418 E1169.96165
G1 X82.018 Y195.915 E1169.98091
G1 X82.746 Y194.757 E1170.02641
G1 X83.23 Y194.249 E1170.04975
G1 X84.081 Y193.399 E1170.08975
G1 X84.592 Y193.058 E1170.11018
G1 X85.68 Y192.377 E1170.15287
G1 X86.174 Y192.186 E1170.17049
G1 X87.467 Y191.733 E1170.21606
G1 X88.254 Y191.627 E1170.24247
G1 X89.35 Y191.503 E1170.27916
G1 X90.38 Y191.599 E1170.31356
G1 X91.267 Y191.701 E1170.34326
G1 X92.275 Y192.038 E1170.37861
G1 X93.019 Y192.299 E1170.40483
G1 X93.77 Y192.741 E1170.43382
G1 X94.642 Y193.287 E1170.46804
G1 X95.413 Y194.023 E1170.50349
G1 X96.008 Y194.619 E1170.5315
G1 X96.624 Y195.554 E1170.56874
G1 X97.065 Y196.257 E1170.59634
G1 X97.137 Y196.417 E1170.60218
G1 X97.71 Y198.058 E1170.65999
G1 X97.835 Y199.053 E1170.69334
G1 X97.929 Y199.886 E1170.72122
G1 X97.836 Y200.944 E1170.75655
G1 X97.735 Y201.832 E1170.78627
G1 X97.64 Y202.147 E1170.79722
G1 X97.126 Y203.614 E1170.84892
G1 X96.642 Y204.418 E1170.88013
G1 X96.147 Y205.206 E1170.91108
G1 X95.414 Y205.976 E1170.94644
G1 X94.772 Y206.616 E1170.97659
G1 X94.277 Y206.941 E1170.99629
G1 X93.22 Y207.605 E1171.0378
G1 X92.338 Y207.94 E1171.06918
G1 X91.377 Y208.274 E1171.10302
G1 X90.381 Y208.4 E1171.13641
G1 X89.501 Y208.498 E1171.16586
G1 X89.322 Y208.494 E1171.17182
G1 X87.655 Y208.306 E1171.22761
G1 X86.501 Y207.929 E1171.26799
G1 X85.794 Y207.68 E1171.29292
G1 X84.894 Y207.131 E1171.32799
G1 X84.227 Y206.713 E1171.35417
G1 X83.488 Y206.008 E1171.38814
G1 X82.825 Y205.344 E1171.41935
G1 X82.35 Y204.613 E1171.44834
G1 X81.803 Y203.741 E1171.48258
G1 X81.544 Y203.047 E1171.50722
G1 X81.161 Y201.946 E1171.54599
G1 X81.035 Y200.946 E1171.57951
G1 X80.941 Y200.114 E1171.60736
M204 S3000
M205 X10 Y10
G0 F6000 X63.127 Y202.535
G0 X62.092 Y202.148
G0 X61.327 Y201.363
G0 X60.577 Y200.242
M204 S1800
M205 X8 Y8
G1 F3000 X60.549 Y199.947 E1171.61722
G1 X60.792 Y198.883 E1171.65352
G1 X61.016 Y198.457 E1171.66952
G1 X61.615 Y197.783 E1171.69951
G1 X62.02 Y197.509 E1171.71578
G1 X62.9 Y197.188 E1171.74693
G1 X63.203 Y197.128 E1171.75721
G1 X64.23 Y197.243 E1171.79158
G1 X64.606 Y197.369 E1171.80477
G1 X65.099 Y197.707 E1171.82465
G1 X65.533 Y198.021 E1171.84247
G1 X65.739 Y198.296 E1171.85389
G1 X66.162 Y199.129 E1171.88497
G1 X66.258 Y199.421 E1171.89519
G1 X66.269 Y199.929 E1171.91209
G1 X66.266 Y200.484 E1171.93055
G1 X66.198 Y200.816 E1171.94182
G1 X65.697 Y201.753 E1171.97716
G1 X65.451 Y202.049 E1171.98996
G1 X64.673 Y202.589 E1172.02146
G1 X64.336 Y202.738 E1172.03372
G1 X63.326 Y202.866 E1172.06758
G1 X63.014 Y202.854 E1172.07796
G1 X61.971 Y202.46 E1172.11505
G1 X61.588 Y202.191 E1172.13061
G1 X61.012 Y201.538 E1172.15957
G1 X60.791 Y201.116 E1172.17542
G1 X60.577 Y200.242 E1172.20535
M204 S3000
M205 X10 Y10
G0 F6000 X60.186 Y200.113
M204 S1800
M205 X8 Y8
;TYPE:SKIN
G1 F1263.2 X60.214 Y199.671 E1172.21934
G1 F1221.4 X60.421 Y198.795 E1172.24875
G1 F1200 X60.705 Y198.242 E1172.26943
G1 X61.33 Y197.53 E1172.30094
G1 X61.848 Y197.173 E1172.32187
G1 X62.767 Y196.831 E1172.35448
G1 X63.209 Y196.748 E1172.36944
G1 X63.417 Y196.758 E1172.37636
G1 X64.411 Y196.889 E1172.40971
G1 X64.803 Y197.045 E1172.42374
G1 X65.319 Y197.396 E1172.4445
G1 X65.795 Y197.743 E1172.46409
G1 X66.079 Y198.124 E1172.4799
G1 X66.557 Y199.083 E1172.51554
G1 X66.648 Y199.509 E1172.53002
G1 X66.645 Y200.538 E1172.56425
G1 X66.522 Y201.027 E1172.58102
G1 X66.019 Y201.955 E1172.61613
G1 X65.749 Y202.292 E1172.63049
G1 X65.333 Y202.597 E1172.64765
G1 X64.764 Y202.979 E1172.67044
G1 X64.264 Y203.136 E1172.68787
G1 X63.194 Y203.251 E1172.72366
G1 X62.696 Y203.156 E1172.74053
G1 X61.834 Y202.816 E1172.77135
G1 X61.39 Y202.533 E1172.78886
G1 X60.73 Y201.796 E1172.82176
G1 F1132.1 X60.416 Y201.257 E1172.84376
G1 F1045.8 X60.385 Y201.206 E1172.84603
G1 F1076.2 X60.286 Y200.66 E1172.86661
G1 F1206 X60.186 Y200.113 E1172.88502
M204 S3000
M205 X10 Y10
G0 F6000 X61.901 Y202.015
G0 X63.127 Y202.535
G0 X80.556 Y199.967
M204 S1800
M205 X8 Y8
G1 F1200 X80.656 Y199.014 E1172.91689
G1 X80.771 Y198.049 E1172.94921
G1 X81.084 Y197.12 E1172.98181
G1 X81.434 Y196.142 E1173.01636
G1 X81.853 Y195.465 E1173.04284
G1 X82.509 Y194.443 E1173.08324
G1 X82.967 Y193.977 E1173.10497
G1 X83.92 Y193.04 E1173.14942
G1 X84.422 Y192.718 E1173.16926
G1 X84.693 Y192.546 E1173.17993
G1 X85.623 Y191.98 E1173.21614
G1 X86.388 Y191.708 E1173.24315
G1 X87.503 Y191.331 E1173.28229
G1 X89.291 Y191.127 E1173.34215
G1 X90.316 Y191.211 E1173.37635
G1 X91.386 Y191.333 E1173.41217
G1 X92.401 Y191.679 E1173.44784
G1 X93.41 Y192.067 E1173.48379
G1 X94.535 Y192.772 E1173.52795
G1 X94.994 Y193.075 E1173.54625
G1 X95.525 Y193.601 E1173.5711
G1 X96.286 Y194.36 E1173.60685
G1 X96.946 Y195.352 E1173.64648
G1 X97.478 Y196.244 E1173.68103
G1 X97.993 Y197.712 E1173.73277
G1 X98.123 Y198.221 E1173.75024
G1 X98.214 Y199.013 E1173.77676
G1 X98.315 Y200.061 E1173.81178
G1 X98.211 Y201.019 E1173.84383
G1 X98.081 Y202.022 E1173.87746
G1 X97.993 Y202.282 E1173.88659
G1 X97.49 Y203.722 E1173.93733
G1 X97.394 Y203.938 E1173.94519
G1 X96.56 Y205.265 E1173.99732
G1 X96.278 Y205.65 E1174.01319
G1 X95.453 Y206.47 E1174.05188
G1 X94.965 Y206.949 E1174.07462
G1 X94.086 Y207.509 E1174.10929
G1 X93.155 Y208.058 E1174.14523
G1 X92.464 Y208.298 E1174.16956
G1 X91.341 Y208.672 E1174.20893
G1 X90.422 Y208.777 E1174.2397
G1 X89.407 Y208.88 E1174.27363
G1 X89.384 Y208.879 E1174.2744
G1 X88.207 Y208.752 E1174.31377
G1 X87.413 Y208.646 E1174.34041
G1 X87.386 Y208.639 E1174.34134
G1 X86.366 Y208.286 E1174.37724
G1 X85.584 Y208.003 E1174.4049
G1 X85.558 Y207.989 E1174.40588
G1 X84.379 Y207.257 E1174.45204
G1 X83.873 Y206.924 E1174.47219
G1 X83.22 Y206.28 E1174.50269
G1 X82.47 Y205.511 E1174.53842
G1 X81.692 Y204.283 E1174.58677
G1 X81.407 Y203.798 E1174.60548
G1 X81.184 Y203.17 E1174.62764
G1 X80.763 Y201.909 E1174.67186
G1 X80.656 Y200.986 E1174.70277
G1 X80.556 Y199.967 E1174.73682
M204 S3000
M205 X10 Y10
G0 F6000 X82.088 Y196.463
G0 X82.962 Y195.072
G0 X99.188 Y177.736
M204 S1800
M205 X8 Y8
G1 F1200 X99.192 Y177.228 E1174.75372
G1 X99.423 Y176.277 E1174.78627
G1 X99.601 Y175.861 E1174.80132
G1 X99.791 Y175.62 E1174.81152
G1 X100.536 Y174.83 E1174.84764
G1 X101.018 Y174.588 E1174.86558
G1 X101.782 Y174.311 E1174.89261
G1 X102.369 Y174.241 E1174.91227
G1 X102.421 Y174.241 E1174.914
G1 F1194 X103.464 Y174.386 E1174.9492
G1 F1221.4 X103.89 Y174.59 E1174.96463
G1 F1209.1 X104.507 Y175.008 E1174.98923
G1 F1165 X104.82 Y175.239 E1175.00256
G1 F1179.4 X105.08 Y175.608 E1175.01784
G1 F1200 X105.585 Y176.648 E1175.05629
G1 X105.65 Y177.071 E1175.07052
G1 X105.648 Y177.938 E1175.09936
G1 X105.589 Y178.33 E1175.11255
G1 X105.471 Y178.613 E1175.12274
G1 X104.899 Y179.616 E1175.16115
G1 X104.602 Y179.895 E1175.1747
G1 X103.684 Y180.502 E1175.2113
G1 X103.265 Y180.62 E1175.22578
G1 X102.258 Y180.734 E1175.25949
G1 X101.791 Y180.671 E1175.27516
G1 X101.17 Y180.431 E1175.29731
G1 X100.639 Y180.203 E1175.31653
G1 X100.296 Y179.917 E1175.33138
G1 X99.678 Y179.214 E1175.36251
G1 X99.45 Y178.794 E1175.37841
G1 X99.188 Y177.736 E1175.41466
M204 S3000
M205 X10 Y10
G0 F6000 X118.279 Y208.644
M204 S1800
M205 X8 Y8
G1 F1200 X118.744 Y208.542 E1175.43049
G1 X134.055 Y208.506 E1175.93974
G1 X134.055 Y202.443 E1176.1414
G1 X133.395 Y202.899 E1176.16808
G1 X132.813 Y203.125 E1176.18884
G1 X132.763 Y203.136 E1176.19055
G1 X131.644 Y203.249 E1176.22795
G1 X131.209 Y203.16 E1176.24272
G1 X130.151 Y202.723 E1176.28079
G1 X129.796 Y202.433 E1176.29604
G1 X129.13 Y201.663 E1176.3299
G1 X128.921 Y201.205 E1176.34665
G1 X128.687 Y200.23 E1176.38
G1 X128.696 Y199.725 E1176.39679
G1 X128.703 Y199.679 E1176.39834
G1 X129.015 Y198.54 E1176.43762
G1 X129.234 Y198.203 E1176.45099
G1 X129.966 Y197.4 E1176.48713
G1 X130.392 Y197.152 E1176.50352
G1 X131.47 Y196.777 E1176.54149
G1 X131.916 Y196.758 E1176.55633
G1 X132.773 Y196.866 E1176.58506
G1 X133.353 Y197.08 E1176.60562
G1 X134.055 Y197.559 E1176.63389
G1 X134.055 Y191.501 E1176.83538
G1 X118.692 Y191.511 E1177.34636
G1 X118.216 Y191.381 E1177.36277
G1 X117.818 Y191.096 E1177.37905
G1 X117.552 Y190.712 E1177.39459
G1 X116.683 Y188.414 E1177.4763
G1 X115.695 Y186.334 E1177.55289
G1 X115.262 Y185.514 E1177.58373
G1 X114.137 Y183.697 E1177.65481
G1 X113.519 Y182.776 E1177.6917
G1 X112.171 Y181.052 E1177.76449
G1 X111.492 Y180.243 E1177.79962
G1 X109.918 Y178.633 E1177.8745
G1 X109.2 Y177.949 E1177.90749
G1 X107.41 Y176.485 E1177.9844
G1 X106.674 Y175.927 E1178.01512
G1 X105.472 Y175.142 E1178.06287
G1 F1176.5 X105.007 Y174.848 E1178.08153
G1 F1179.4 X104.553 Y174.559 E1178.09974
G1 F1227.6 X104.099 Y174.269 E1178.11726
G1 X103.641 Y174.03 E1178.13406
G1 F1197 X103.583 Y174.006 E1178.13615
G1 F1194 X101.868 Y173.139 E1178.20038
G1 F1200 X101.097 Y172.782 E1178.22864
G1 X100.45 Y172.537 E1178.25165
G1 X98.838 Y171.935 E1178.30889
G1 X97.969 Y171.644 E1178.33937
G1 X95.784 Y171.095 E1178.4143
G1 X94.817 Y170.877 E1178.44727
G1 X92.541 Y170.57 E1178.52365
G1 X91.6 Y170.463 E1178.55515
G1 X89.536 Y170.409 E1178.62383
G1 X88.359 Y170.404 E1178.66297
G1 X86.178 Y170.588 E1178.73577
G1 X85.126 Y170.699 E1178.77096
G1 X82.97 Y171.124 E1178.84404
G1 X81.943 Y171.349 E1178.87901
G1 X79.856 Y172.003 E1178.95175
G1 X78.862 Y172.337 E1178.98663
G1 X76.75 Y173.267 E1179.06339
G1 X75.896 Y173.662 E1179.09468
G1 X73.987 Y174.764 E1179.16799
G1 X73.101 Y175.298 E1179.2024
G1 X71.243 Y176.666 E1179.27914
G1 X70.491 Y177.237 E1179.31055
G1 X68.739 Y178.855 E1179.38987
G1 X68.114 Y179.445 E1179.41845
G1 X67.01 Y180.711 E1179.47432
G1 X65.99 Y181.901 E1179.52645
G1 X64.153 Y184.573 E1179.6343
G1 X62.618 Y187.433 E1179.74226
G1 X61.393 Y190.466 E1179.85105
G1 X60.524 Y193.564 E1179.95807
G1 X59.995 Y196.766 E1180.06601
G1 X59.889 Y198.717 E1180.131
G1 F1221.4 X59.833 Y199.615 E1180.1604
G1 F1259.8 X59.809 Y199.993 E1180.1724
G1 F1280 X59.817 Y200.163 E1180.17771
G1 F1206 X59.869 Y200.716 E1180.19609
G1 F1076.2 X59.922 Y201.27 E1180.21673
G1 F1103.4 X59.926 Y201.967 E1180.24194
G1 F1200 X59.991 Y203.189 E1180.28264
G1 X60.107 Y203.915 E1180.30709
G1 X60.526 Y206.436 E1180.39209
G1 X61.397 Y209.534 E1180.49913
G1 X62.619 Y212.569 E1180.60795
G1 X64.154 Y215.43 E1180.71594
G1 X64.502 Y215.942 E1180.73653
G1 X65.994 Y218.103 E1180.82387
G1 X66.398 Y218.579 E1180.84463
G1 X68.112 Y220.556 E1180.93166
G1 X68.877 Y221.278 E1180.96665
G1 X70.499 Y222.775 E1181.04006
G1 X70.974 Y223.131 E1181.0598
G1 X72.711 Y224.415 E1181.13165
G1 X73.509 Y224.948 E1181.16356
G1 X75.899 Y226.342 E1181.25559
G1 X76.653 Y226.69 E1181.28321
G1 X78.858 Y227.665 E1181.3634
G1 X79.638 Y227.926 E1181.39075
G1 X81.946 Y228.652 E1181.47123
G1 X82.739 Y228.829 E1181.49825
G1 X85.126 Y229.302 E1181.57919
G1 X85.926 Y229.388 E1181.60595
G1 X88.356 Y229.597 E1181.68707
G1 X89.285 Y229.597 E1181.71797
G1 X91.6 Y229.536 E1181.79499
G1 X92.424 Y229.446 E1181.82256
G1 X94.817 Y229.122 E1181.90288
G1 X95.664 Y228.934 E1181.93173
G1 X97.969 Y228.359 E1182.01075
G1 X98.744 Y228.097 E1182.03796
G1 X100.977 Y227.268 E1182.11718
G1 X101.853 Y226.867 E1182.14923
G1 X102.59 Y226.496 E1182.17667
G1 F1176.5 X103.395 Y226.085 E1182.20733
G1 F1191.1 X103.882 Y225.854 E1182.22539
G1 F1206 X104.715 Y225.345 E1182.2577
G1 F1191.1 X105.372 Y224.922 E1182.28388
G1 F1200 X106.255 Y224.348 E1182.31891
G1 X106.828 Y223.956 E1182.342
G1 X107.425 Y223.503 E1182.36693
G1 X109.199 Y222.051 E1182.44318
G1 X109.855 Y221.428 E1182.47327
G1 X111.495 Y219.759 E1182.55109
G1 X112.023 Y219.134 E1182.57831
G1 X113.521 Y217.225 E1182.65901
G1 X114.047 Y216.454 E1182.69006
G1 X114.618 Y215.527 E1182.72627
G1 X115.26 Y214.489 E1182.76686
G1 X115.698 Y213.662 E1182.79799
G1 X116.687 Y211.585 E1182.8745
G1 X117.518 Y209.415 E1182.95179
G1 X117.75 Y209.054 E1182.96606
G1 X117.964 Y208.833 E1182.97629
G1 X118.279 Y208.644 E1182.98851
M204 S3000
M205 X10 Y10
G0 F6000 X100.984 Y220.416
G0 X100.323 Y221.174
G0 X99.187 Y222.764
M204 S1800
M205 X8 Y8
G1 F1200 X99.192 Y222.256 E1183.00541
G1 X99.325 Y221.699 E1183.02445
G1 X99.458 Y221.192 E1183.04189
G1 X99.68 Y220.779 E1183.05748
G1 X100.408 Y219.965 E1183.0938
G1 X100.789 Y219.71 E1183.10905
G1 X101.793 Y219.34 E1183.14464
G1 X102.215 Y219.265 E1183.1589
G1 X103.194 Y219.379 E1183.19168
G1 X103.488 Y219.428 E1183.20159
G1 X103.896 Y219.62 E1183.21659
G1 X104.832 Y220.299 E1183.25505
G1 X105.081 Y220.645 E1183.26923
G1 X105.596 Y221.723 E1183.30896
G1 X105.652 Y222.104 E1183.32177
G1 X105.649 Y222.669 E1183.34056
G1 X105.606 Y223.294 E1183.3614
G1 X105.479 Y223.629 E1183.37332
G1 X105.03 Y224.451 E1183.40447
G1 F1179.4 X104.642 Y224.902 E1183.4246
G1 F1209.1 X103.825 Y225.451 E1183.4571
G1 F1200 X103.312 Y225.654 E1183.47545
G1 F1170.7 X102.371 Y225.759 E1183.50773
G1 F1200 X101.822 Y225.711 E1183.52605
G1 X101.003 Y225.398 E1183.55522
G1 X100.511 Y225.148 E1183.57357
G1 X100.301 Y224.955 E1183.58306
G1 X99.606 Y224.143 E1183.61861
G1 X99.421 Y223.723 E1183.63387
G1 X99.187 Y222.764 E1183.6667
M204 S3000
M205 X10 Y10
G0 F6000 X65.656 Y217.26
M204 S1800
M205 X8 Y8
G1 F1200 X72.131 Y223.734 E1183.97124
G1 X72.201 Y223.804
M204 S3000
M205 X10 Y10
G0 F6000 X73.913 Y224.951
M204 S1800
M205 X8 Y8
G1 F1200 X64.409 Y215.447 E1184.41828
G1 X64.339 Y215.377
M204 S3000
M205 X10 Y10
G0 F6000 X63.713 Y214.186
M204 S1800
M205 X8 Y8
G1 F1200 X75.269 Y225.741 E1184.96182
G1 X75.339 Y225.811
M204 S3000
M205 X10 Y10
G0 F6000 X76.482 Y226.389
M204 S1800
M205 X8 Y8
G1 F1200 X63.059 Y212.965 E1185.59322
G1 X62.989 Y212.895
M204 S3000
M205 X10 Y10
G0 F6000 X62.569 Y211.91
M204 S1800
M205 X8 Y8
G1 F1200 X77.503 Y226.844 E1186.29567
G1 X77.573 Y226.914
M204 S3000
M205 X10 Y10
G0 F6000 X78.52 Y227.295
M204 S1800
M205 X8 Y8
G1 F1200 X62.188 Y210.963 E1187.06388
G1 X62.118 Y210.893
M204 S3000
M205 X10 Y10
G0 F6000 X61.807 Y210.017
M204 S1800
M205 X8 Y8
G1 F1200 X79.436 Y227.645 E1187.89307
G1 X79.506 Y227.715
M204 S3000
M205 X10 Y10
G0 F6000 X80.264 Y227.908
M204 S1800
M205 X8 Y8
G1 F1200 X61.493 Y209.137 E1188.776
G1 X61.423 Y209.067
M204 S3000
M205 X10 Y10
G0 F6000 X61.272 Y208.35
M204 S1800
M205 X8 Y8
G1 F1200 X81.093 Y228.171 E1189.70832
G1 X81.163 Y228.241
M204 S3000
M205 X10 Y10
G0 F6000 X81.921 Y228.433
M204 S1800
M205 X8 Y8
G1 F1200 X61.051 Y207.564 E1190.68995
G1 X60.981 Y207.494
M204 S3000
M205 X10 Y10
G0 F6000 X60.83 Y206.777
M204 S1800
M205 X8 Y8
G1 F1200 X82.656 Y228.603 E1191.71658
M204 S3000
M205 X10 Y10
G0 F6000 X83.363 Y228.744
M204 S1800
M205 X8 Y8
G1 F1200 X60.664 Y206.045 E1192.78427
M204 S3000
M205 X10 Y10
G0 F6000 X60.552 Y205.367
M204 S1800
M205 X8 Y8
G1 F1200 X84.07 Y228.886 E1193.89051
M204 S3000
M205 X10 Y10
G0 F6000 X84.777 Y229.027
M204 S1800
M205 X8 Y8
G1 F1200 X60.44 Y204.69 E1195.03525
M204 S3000
M205 X10 Y10
G0 F6000 X60.328 Y204.013
M204 S1800
M205 X8 Y8
G1 F1200 X85.45 Y229.134 E1196.21689
M204 S3000
M205 X10 Y10
G0 F6000 X86.076 Y229.195
M204 S1800
M205 X8 Y8
G1 F1200 X60.216 Y203.334 E1197.43329
M204 S3000
M205 X10 Y10
G0 F6000 X60.166 Y202.719
M204 S1800
M205 X8 Y8
G1 F1200 X86.696 Y229.249 E1198.68118
M204 S3000
M205 X10 Y10
G0 F6000 X87.317 Y229.304
M204 S1800
M205 X8 Y8
G1 F1200 X60.134 Y202.121 E1199.95978
M204 S3000
M205 X10 Y10
G0 F6000 X60.137 Y201.558
M204 S1800
M205 X8 Y8
G1 F1200 X61.209 Y202.63 E1200.0102
G1 X61.237 Y202.658
G1 X87.936 Y229.357 E1201.26604
M204 S3000
M205 X10 Y10
G0 F6000 X88.54 Y229.396
M204 S1800
M205 X8 Y8
G1 F1200 X62.393 Y203.249 E1202.49592
M204 S3000
M205 X10 Y10
G0 F6000 X63.161 Y203.451
M204 S1800
M205 X8 Y8
G1 F1200 X89.106 Y229.396 E1203.71629
M204 S3000
M205 X10 Y10
G0 F6000 X89.661 Y229.386
M204 S1800
M205 X8 Y8
G1 F1200 X63.674 Y203.398 E1204.93866
M204 S3000
M205 X10 Y10
G0 F6000 X64.186 Y203.344
M204 S1800
M205 X8 Y8
G1 F1200 X90.212 Y229.371 E1206.16287
M204 S3000
M205 X10 Y10
G0 F6000 X90.764 Y229.357
M204 S1800
M205 X8 Y8
G1 F1200 X64.639 Y203.232 E1207.39171
M204 S3000
M205 X10 Y10
G0 F6000 X65.012 Y203.039
M204 S1800
M205 X8 Y8
G1 F1200 X91.315 Y229.342 E1208.62892
M204 S3000
M205 X10 Y10
G0 F6000 X91.845 Y229.306
M204 S1800
M205 X8 Y8
G1 F1200 X65.356 Y202.818 E1209.87486
M204 S3000
M205 X10 Y10
G0 F6000 X65.685 Y202.581
M204 S1800
M205 X8 Y8
G1 F1200 X92.354 Y229.25 E1211.12929
M204 S3000
M205 X10 Y10
G0 F6000 X92.853 Y229.183
M204 S1800
M205 X8 Y8
G1 F1200 X65.984 Y202.314 E1212.39312
M204 S3000
M205 X10 Y10
G0 F6000 X66.223 Y201.987
M204 S1800
M205 X8 Y8
G1 F1200 X93.351 Y229.116 E1213.66917
M204 S3000
M205 X10 Y10
G0 F6000 X93.85 Y229.048
M204 S1800
M205 X8 Y8
G1 F1200 X66.424 Y201.623 E1214.95918
M204 S3000
M205 X10 Y10
G0 F6000 X66.621 Y201.254
M204 S1800
M205 X8 Y8
G1 F1200 X94.349 Y228.982 E1216.26342
M204 S3000
M205 X10 Y10
G0 F6000 X94.842 Y228.91
M204 S1800
M205 X8 Y8
G1 F1200 X66.774 Y200.842 E1217.58365
M204 S3000
M205 X10 Y10
G0 F6000 X66.842 Y200.343
M204 S1800
M205 X8 Y8
G1 F1200 X95.305 Y228.807 E1218.92249
M204 S3000
M205 X10 Y10
G0 F6000 X95.765 Y228.701
M204 S1800
M205 X8 Y8
G1 F1200 X66.844 Y199.781 E1220.28282
M204 S3000
M205 X10 Y10
G0 F6000 X66.768 Y199.138
M204 S1800
M205 X8 Y8
G1 F1200 X96.218 Y228.588 E1221.66805
M204 S3000
M205 X10 Y10
G0 F6000 X96.67 Y228.475
M204 S1800
M205 X8 Y8
G1 F1200 X66.276 Y198.081 E1223.09769
G1 X66.206 Y198.011
M204 S3000
M205 X10 Y10
G0 F6000 X65.412 Y197.217
M204 S1800
M205 X8 Y8
G1 F1200 X60.956 Y192.761 E1223.30729
M204 S3000
M205 X10 Y10
G0 F6000 X60.832 Y193.202
M204 S1800
M205 X8 Y8
G1 F1200 X64.302 Y196.672 E1223.47051
M204 S3000
M205 X10 Y10
G0 F6000 X63.65 Y196.586
M204 S1800
M205 X8 Y8
G1 F1200 X60.712 Y193.648 E1223.6087
M204 S3000
M205 X10 Y10
G0 F6000 X60.632 Y194.134
M204 S1800
M205 X8 Y8
G1 F1200 X63.064 Y196.565 E1223.72307
M204 S3000
M205 X10 Y10
G0 F6000 X62.607 Y196.674
M204 S1800
M205 X8 Y8
G1 F1200 X60.551 Y194.619 E1223.81976
M204 S3000
M205 X10 Y10
G0 F6000 X60.471 Y195.104
M204 S1800
M205 X8 Y8
G1 F1200 X62.192 Y196.826 E1223.90073
M204 S3000
M205 X10 Y10
G0 F6000 X61.786 Y196.985
M204 S1800
M205 X8 Y8
G1 F1200 X60.391 Y195.589 E1223.96637
M204 S3000
M205 X10 Y10
G0 F6000 X60.311 Y196.075
M204 S1800
M205 X8 Y8
G1 F1200 X61.442 Y197.207 E1224.0196
M204 S3000
M205 X10 Y10
G0 F6000 X61.133 Y197.463
M204 S1800
M205 X8 Y8
G1 F1200 X60.23 Y196.56 E1224.06207
M204 S3000
M205 X10 Y10
G0 F6000 X60.181 Y197.077
M204 S1800
M205 X8 Y8
G1 F1200 X60.864 Y197.76 E1224.0942
M204 S3000
M205 X10 Y10
G0 F6000 X60.595 Y198.057
M204 S1800
M205 X8 Y8
G1 F1200 X60.15 Y197.612 E1224.11513
M204 S3000
M205 X10 Y10
G0 F6000 X60.12 Y198.147
M204 S1800
M205 X8 Y8
G1 F1200 X60.391 Y198.418 E1224.12787
M204 S3000
M205 X10 Y10
G0 F6000 X60.089 Y198.682
M204 S1800
M205 X8 Y8
G1 F1200 X60.222 Y198.815 E1224.13413
M204 S3000
M205 X10 Y10
G0 F6000 X60.053 Y199.211
M204 S1800
M205 X8 Y8
G1 F1200 X60.111 Y199.27 E1224.13688
M204 S3000
M205 X10 Y10
G0 F6000 X61.08 Y192.319
M204 S1800
M205 X8 Y8
G1 F1200 X97.123 Y228.362 E1225.83223
M204 S3000
M205 X10 Y10
G0 F6000 X97.576 Y228.249
M204 S1800
M205 X8 Y8
G1 F1200 X61.204 Y191.877 E1227.54306
M204 S3000
M205 X10 Y10
G0 F6000 X61.328 Y191.435
M204 S1800
M205 X8 Y8
G1 F1200 X98.021 Y228.128 E1229.26899
M204 S3000
M205 X10 Y10
G0 F6000 X98.444 Y227.986
M204 S1800
M205 X8 Y8
G1 F1200 X61.452 Y190.994 E1231.00898
M204 S3000
M205 X10 Y10
G0 F6000 X61.576 Y190.552
M204 S1800
M205 X8 Y8
G1 F1200 X98.861 Y227.837 E1232.76275
M204 S3000
M205 X10 Y10
G0 F6000 X99.274 Y227.684
M204 S1800
M205 X8 Y8
G1 F1200 X61.736 Y190.147 E1234.5284
M204 S3000
M205 X10 Y10
G0 F6000 X61.899 Y189.744
M204 S1800
M205 X8 Y8
G1 F1200 X99.686 Y227.531 E1236.30578
M204 S3000
M205 X10 Y10
G0 F6000 X100.099 Y227.378
M204 S1800
M205 X8 Y8
G1 F1200 X62.062 Y189.341 E1238.09493
M204 S3000
M205 X10 Y10
G0 F6000 X62.224 Y188.938
M204 S1800
M205 X8 Y8
G1 F1200 X100.512 Y227.225 E1239.89585
M204 S3000
M205 X10 Y10
G0 F6000 X100.921 Y227.069
M204 S1800
M205 X8 Y8
G1 F1200 X62.387 Y188.535 E1241.70838
M204 S3000
M205 X10 Y10
G0 F6000 X62.549 Y188.132
M204 S1800
M205 X8 Y8
G1 F1200 X101.31 Y226.892 E1243.53155
M204 S3000
M205 X10 Y10
G0 F6000 X101.7 Y226.716
M204 S1800
M205 X8 Y8
G1 F1200 X62.712 Y187.729 E1245.3654
M204 S3000
M205 X10 Y10
G0 F6000 X62.892 Y187.342
M204 S1800
M205 X8 Y8
G1 F1200 X99.198 Y223.649 E1247.07315
M204 S3000
M205 X10 Y10
G0 F6000 X99.02 Y222.905
M204 S1800
M205 X8 Y8
G1 F1200 X63.089 Y186.974 E1248.76323
M204 S3000
M205 X10 Y10
G0 F6000 X63.287 Y186.606
M204 S1800
M205 X8 Y8
G1 F1200 X82.319 Y205.639 E1249.65846
G1 X82.389 Y205.709
M204 S3000
M205 X10 Y10
G0 F6000 X81.363 Y204.116
M204 S1800
M205 X8 Y8
G1 F1200 X63.484 Y186.238 E1250.49941
M204 S3000
M205 X10 Y10
G0 F6000 X63.682 Y185.87
M204 S1800
M205 X8 Y8
G1 F1200 X80.969 Y203.157 E1251.31254
G1 X81.039 Y203.227
M204 S3000
M205 X10 Y10
G0 F6000 X80.686 Y202.308
M204 S1800
M205 X8 Y8
G1 F1200 X63.88 Y185.502 E1252.10304
M204 S3000
M205 X10 Y10
G0 F6000 X64.078 Y185.134
M204 S1800
M205 X8 Y8
G1 F1200 X80.524 Y201.581 E1252.87664
M204 S3000
M205 X10 Y10
G0 F6000 X80.451 Y200.942
M204 S1800
M205 X8 Y8
G1 F1200 X64.275 Y184.766 E1253.63751
M204 S3000
M205 X10 Y10
G0 F6000 X64.498 Y184.423
M204 S1800
M205 X8 Y8
G1 F1200 X80.391 Y200.316 E1254.38506
M204 S3000
M205 X10 Y10
G0 F6000 X80.378 Y199.737
M204 S1800
M205 X8 Y8
G1 F1200 X64.728 Y184.088 E1255.12117
M204 S3000
M205 X10 Y10
G0 F6000 X64.959 Y183.753
M204 S1800
M205 X8 Y8
G1 F1200 X80.432 Y199.226 E1255.84897
M204 S3000
M205 X10 Y10
G0 F6000 X80.49 Y198.718
M204 S1800
M205 X8 Y8
G1 F1200 X65.189 Y183.417 E1256.56868
M204 S3000
M205 X10 Y10
G0 F6000 X65.42 Y183.082
M204 S1800
M205 X8 Y8
G1 F1200 X80.551 Y198.214 E1257.28042
M204 S3000
M205 X10 Y10
G0 F6000 X80.657 Y197.754
M204 S1800
M205 X8 Y8
G1 F1200 X65.65 Y182.747 E1257.98631
M204 S3000
M205 X10 Y10
G0 F6000 X65.881 Y182.412
M204 S1800
M205 X8 Y8
G1 F1200 X80.801 Y197.332 E1258.6881
M204 S3000
M205 X10 Y10
G0 F6000 X80.946 Y196.912
M204 S1800
M205 X8 Y8
G1 F1200 X66.111 Y182.077 E1259.38589
M204 S3000
M205 X10 Y10
G0 F6000 X66.367 Y181.767
M204 S1800
M205 X8 Y8
G1 F1200 X81.095 Y196.495 E1260.07865
M204 S3000
M205 X10 Y10
G0 F6000 X81.245 Y196.079
M204 S1800
M205 X8 Y8
G1 F1200 X66.629 Y181.464 E1260.76612
M204 S3000
M205 X10 Y10
G0 F6000 X66.891 Y181.16
M204 S1800
M205 X8 Y8
G1 F1200 X81.457 Y195.725 E1261.45123
M204 S3000
M205 X10 Y10
G0 F6000 X81.672 Y195.375
M204 S1800
M205 X8 Y8
G1 F1200 X67.153 Y180.855 E1262.13419
M204 S3000
M205 X10 Y10
G0 F6000 X67.414 Y180.551
M204 S1800
M205 X8 Y8
G1 F1200 X81.894 Y195.031 E1262.81528
M204 S3000
M205 X10 Y10
G0 F6000 X82.114 Y194.686
M204 S1800
M205 X8 Y8
G1 F1200 X67.677 Y180.248 E1263.49438
M204 S3000
M205 X10 Y10
G0 F6000 X67.94 Y179.946
M204 S1800
M205 X8 Y8
G1 F1200 X82.336 Y194.341 E1264.1715
M204 S3000
M205 X10 Y10
G0 F6000 X82.611 Y194.052
M204 S1800
M205 X8 Y8
G1 F1200 X68.203 Y179.644 E1264.84921
M204 S3000
M205 X10 Y10
G0 F6000 X68.49 Y179.364
M204 S1800
M205 X8 Y8
G1 F1200 X82.893 Y193.767 E1265.52668
M204 S3000
M205 X10 Y10
G0 F6000 X83.175 Y193.484
M204 S1800
M205 X8 Y8
G1 F1200 X68.782 Y179.091 E1266.20368
M204 S3000
M205 X10 Y10
G0 F6000 X69.073 Y178.816
M204 S1800
M205 X8 Y8
G1 F1200 X83.462 Y193.205 E1266.8805
M204 S3000
M205 X10 Y10
G0 F6000 X83.749 Y192.927
M204 S1800
M205 X8 Y8
G1 F1200 X69.367 Y178.545 E1267.55698
M204 S3000
M205 X10 Y10
G0 F6000 X69.662 Y178.274
M204 S1800
M205 X8 Y8
G1 F1200 X84.084 Y192.696 E1268.23535
M204 S3000
M205 X10 Y10
G0 F6000 X84.429 Y192.475
M204 S1800
M205 X8 Y8
G1 F1200 X69.956 Y178.002 E1268.91611
M204 S3000
M205 X10 Y10
G0 F6000 X70.251 Y177.731
M204 S1800
M205 X8 Y8
G1 F1200 X84.777 Y192.258 E1269.5994
M204 S3000
M205 X10 Y10
G0 F6000 X85.129 Y192.043
M204 S1800
M205 X8 Y8
G1 F1200 X70.545 Y177.459 E1270.28538
M204 S3000
M205 X10 Y10
G0 F6000 X70.86 Y177.209
M204 S1800
M205 X8 Y8
G1 F1200 X85.481 Y191.83 E1270.97311
M204 S3000
M205 X10 Y10
G0 F6000 X85.89 Y191.673
M204 S1800
M205 X8 Y8
G1 F1200 X71.182 Y176.965 E1271.66493
M204 S3000
M205 X10 Y10
G0 F6000 X71.504 Y176.722
M204 S1800
M205 X8 Y8
G1 F1200 X86.309 Y191.526 E1272.36129
M204 S3000
M205 X10 Y10
G0 F6000 X86.73 Y191.382
M204 S1800
M205 X8 Y8
G1 F1200 X71.83 Y176.481 E1273.06216
M204 S3000
M205 X10 Y10
G0 F6000 X72.156 Y176.242
M204 S1800
M205 X8 Y8
G1 F1200 X87.152 Y191.238 E1273.76753
M204 S3000
M205 X10 Y10
G0 F6000 X87.6 Y191.121
M204 S1800
M205 X8 Y8
G1 F1200 X72.481 Y176.002 E1274.47868
M204 S3000
M205 X10 Y10
G0 F6000 X72.807 Y175.762
M204 S1800
M205 X8 Y8
G1 F1200 X88.105 Y191.06 E1275.19825
M204 S3000
M205 X10 Y10
G0 F6000 X88.618 Y191.007
M204 S1800
M205 X8 Y8
G1 F1200 X73.133 Y175.522 E1275.92662
M204 S3000
M205 X10 Y10
G0 F6000 X73.48 Y175.303
M204 S1800
M205 X8 Y8
G1 F1200 X89.135 Y190.958 E1276.66298
M204 S3000
M205 X10 Y10
G0 F6000 X89.678 Y190.936
M204 S1800
M205 X8 Y8
G1 F1200 X73.833 Y175.09 E1277.4083
M204 S3000
M205 X10 Y10
G0 F6000 X74.186 Y174.878
M204 S1800
M205 X8 Y8
G1 F1200 X90.318 Y191.01 E1278.1671
M204 S3000
M205 X10 Y10
G0 F6000 X90.957 Y191.084
M204 S1800
M205 X8 Y8
G1 F1200 X74.545 Y174.671 E1278.9391
M204 S3000
M205 X10 Y10
G0 F6000 X74.904 Y174.465
M204 S1800
M205 X8 Y8
G1 F1200 X91.648 Y191.208 E1279.72666
G1 X91.718 Y191.278
M204 S3000
M205 X10 Y10
G0 F6000 X92.511 Y191.506
M204 S1800
M205 X8 Y8
G1 F1200 X75.263 Y174.257 E1280.53798
M204 S3000
M205 X10 Y10
G0 F6000 X75.622 Y174.051
M204 S1800
M205 X8 Y8
G1 F1200 X93.429 Y191.858 E1281.37556
G1 X93.499 Y191.928
M204 S3000
M205 X10 Y10
G0 F6000 X94.925 Y192.789
M204 S1800
M205 X8 Y8
G1 F1200 X75.98 Y173.844 E1282.26668
M204 S3000
M205 X10 Y10
G0 F6000 X76.367 Y173.665
M204 S1800
M205 X8 Y8
G1 F1200 X115.762 Y213.06 E1284.1197
M204 S3000
M205 X10 Y10
G0 F6000 X115.58 Y213.443
M204 S1800
M205 X8 Y8
G1 F1200 X96.645 Y194.509 E1285.01032
G1 X96.575 Y194.439
M204 S3000
M205 X10 Y10
G0 F6000 X97.559 Y195.988
M204 S1800
M205 X8 Y8
G1 F1200 X115.389 Y213.818 E1285.84899
M204 S3000
M205 X10 Y10
G0 F6000 X115.192 Y214.187
M204 S1800
M205 X8 Y8
G1 F1200 X97.927 Y196.922 E1286.66108
G1 X97.857 Y196.852
M204 S3000
M205 X10 Y10
G0 F6000 X98.223 Y197.784
M204 S1800
M205 X8 Y8
G1 F1200 X114.988 Y214.548 E1287.44963
M204 S3000
M205 X10 Y10
G0 F6000 X114.771 Y214.898
M204 S1800
M205 X8 Y8
G1 F1200 X98.351 Y198.477 E1288.222
M204 S3000
M205 X10 Y10
G0 F6000 X98.423 Y199.115
M204 S1800
M205 X8 Y8
G1 F1200 X114.556 Y215.248 E1288.98085
M204 S3000
M205 X10 Y10
G0 F6000 X114.339 Y215.597
M204 S1800
M205 X8 Y8
G1 F1200 X98.484 Y199.742 E1289.72662
M204 S3000
M205 X10 Y10
G0 F6000 X98.485 Y200.309
M204 S1800
M205 X8 Y8
G1 F1200 X114.124 Y215.947 E1290.4622
M204 S3000
M205 X10 Y10
G0 F6000 X113.908 Y216.297
M204 S1800
M205 X8 Y8
G1 F1200 X98.433 Y200.822 E1291.1901
M204 S3000
M205 X10 Y10
G0 F6000 X98.369 Y201.324
M204 S1800
M205 X8 Y8
G1 F1200 X113.68 Y216.635 E1291.91028
M204 S3000
M205 X10 Y10
G0 F6000 X113.451 Y216.971
M204 S1800
M205 X8 Y8
G1 F1200 X98.306 Y201.826 E1292.62266
M204 S3000
M205 X10 Y10
G0 F6000 X98.199 Y202.285
M204 S1800
M205 X8 Y8
G1 F1200 X113.209 Y217.296 E1293.32871
M204 S3000
M205 X10 Y10
G0 F6000 X112.961 Y217.612
M204 S1800
M205 X8 Y8
G1 F1200 X98.053 Y202.705 E1294.02991
M204 S3000
M205 X10 Y10
G0 F6000 X97.908 Y203.125
M204 S1800
M205 X8 Y8
G1 F1200 X112.712 Y217.929 E1294.72624
M204 S3000
M205 X10 Y10
G0 F6000 X112.462 Y218.245
M204 S1800
M205 X8 Y8
G1 F1200 X97.762 Y203.545 E1295.41769
M204 S3000
M205 X10 Y10
G0 F6000 X97.605 Y203.954
M204 S1800
M205 X8 Y8
G1 F1200 X112.213 Y218.562 E1296.1048
M204 S3000
M205 X10 Y10
G0 F6000 X111.964 Y218.879
M204 S1800
M205 X8 Y8
G1 F1200 X97.392 Y204.307 E1296.79022
M204 S3000
M205 X10 Y10
G0 F6000 X97.174 Y204.655
M204 S1800
M205 X8 Y8
G1 F1200 X111.711 Y219.191 E1297.47398
M204 S3000
M205 X10 Y10
G0 F6000 X111.452 Y219.498
M204 S1800
M205 X8 Y8
G1 F1200 X96.957 Y205.003 E1298.15578
M204 S3000
M205 X10 Y10
G0 F6000 X96.74 Y205.352
M204 S1800
M205 X8 Y8
G1 F1200 X111.18 Y219.792 E1298.83499
M204 S3000
M205 X10 Y10
G0 F6000 X110.899 Y220.077
M204 S1800
M205 X8 Y8
G1 F1200 X96.503 Y205.681 E1299.51213
M204 S3000
M205 X10 Y10
G0 F6000 X96.232 Y205.975
M204 S1800
M205 X8 Y8
G1 F1200 X110.619 Y220.362 E1300.18885
M204 S3000
M205 X10 Y10
G0 F6000 X110.339 Y220.647
M204 S1800
M205 X8 Y8
G1 F1200 X95.948 Y206.257 E1300.86574
M204 S3000
M205 X10 Y10
G0 F6000 X95.664 Y206.538
M204 S1800
M205 X8 Y8
G1 F1200 X110.058 Y220.932 E1301.54279
M204 S3000
M205 X10 Y10
G0 F6000 X109.777 Y221.217
M204 S1800
M205 X8 Y8
G1 F1200 X95.38 Y206.82 E1302.21998
M204 S3000
M205 X10 Y10
G0 F6000 X95.092 Y207.098
M204 S1800
M205 X8 Y8
G1 F1200 X109.49 Y221.496 E1302.89722
M204 S3000
M205 X10 Y10
G0 F6000 X109.198 Y221.769
M204 S1800
M205 X8 Y8
G1 F1200 X94.751 Y207.323 E1303.57674
M204 S3000
M205 X10 Y10
G0 F6000 X94.402 Y207.539
M204 S1800
M205 X8 Y8
G1 F1200 X108.899 Y222.036 E1304.25863
M204 S3000
M205 X10 Y10
G0 F6000 X108.587 Y222.29
M204 S1800
M205 X8 Y8
G1 F1200 X94.051 Y207.754 E1304.94236
M204 S3000
M205 X10 Y10
G0 F6000 X93.698 Y207.967
M204 S1800
M205 X8 Y8
G1 F1200 X108.276 Y222.544 E1305.62804
M204 S3000
M205 X10 Y10
G0 F6000 X107.964 Y222.798
M204 S1800
M205 X8 Y8
G1 F1200 X93.34 Y208.174 E1306.31591
M204 S3000
M205 X10 Y10
G0 F6000 X92.942 Y208.342
M204 S1800
M205 X8 Y8
G1 F1200 X104.191 Y219.591 E1306.84503
G1 X104.261 Y219.661
M204 S3000
M205 X10 Y10
G0 F6000 X103.214 Y219.18
M204 S1800
M205 X8 Y8
G1 F1200 X92.519 Y208.485 E1307.34809
M204 S3000
M205 X10 Y10
G0 F6000 X92.097 Y208.628
M204 S1800
M205 X8 Y8
G1 F1200 X102.563 Y219.094 E1307.84038
M204 S3000
M205 X10 Y10
G0 F6000 X102 Y219.097
M204 S1800
M205 X8 Y8
G1 F1200 X91.674 Y208.771 E1308.32608
M204 S3000
M205 X10 Y10
G0 F6000 X91.221 Y208.883
M204 S1800
M205 X8 Y8
G1 F1200 X101.551 Y219.213 E1308.81197
M204 S3000
M205 X10 Y10
G0 F6000 X101.138 Y219.367
M204 S1800
M205 X8 Y8
G1 F1200 X90.714 Y208.942 E1309.30231
M204 S3000
M205 X10 Y10
G0 F6000 X90.203 Y208.997
M204 S1800
M205 X8 Y8
G1 F1200 X100.727 Y219.521 E1309.79732
M204 S3000
M205 X10 Y10
G0 F6000 X100.385 Y219.744
M204 S1800
M205 X8 Y8
G1 F1200 X89.692 Y209.051 E1310.30029
M204 S3000
M205 X10 Y10
G0 F6000 X89.122 Y209.047
M204 S1800
M205 X8 Y8
G1 F1200 X100.093 Y220.018 E1310.81633
M204 S3000
M205 X10 Y10
G0 F6000 X99.827 Y220.318
M204 S1800
M205 X8 Y8
G1 F1200 X88.49 Y208.981 E1311.34959
M204 S3000
M205 X10 Y10
G0 F6000 X87.848 Y208.904
M204 S1800
M205 X8 Y8
G1 F1200 X99.561 Y220.618 E1311.90056
M204 S3000
M205 X10 Y10
G0 F6000 X99.351 Y220.973
M204 S1800
M205 X8 Y8
G1 F1200 X87.137 Y208.759 E1312.47507
G1 X87.067 Y208.689
M204 S3000
M205 X10 Y10
G0 F6000 X86.276 Y208.464
M204 S1800
M205 X8 Y8
G1 F1200 X99.2 Y221.388 E1313.08297
M204 S3000
M205 X10 Y10
G0 F6000 X99.086 Y221.839
M204 S1800
M205 X8 Y8
G1 F1200 X85.316 Y208.07 E1313.73065
G1 X85.246 Y208
M204 S3000
M205 X10 Y10
G0 F6000 X83.785 Y207.104
M204 S1800
M205 X8 Y8
G1 F1200 X98.989 Y222.308 E1314.4458
G1 X99.059 Y222.378
M204 S3000
M205 X10 Y10
G0 F6000 X101.264 Y225.714
M204 S1800
M205 X8 Y8
G1 F1200 X102.077 Y226.528 E1314.48406
M204 S3000
M205 X10 Y10
G0 F6000 X102.454 Y226.339
M204 S1800
M205 X8 Y8
G1 F1200 X102.043 Y225.929 E1314.50337
M204 S3000
M205 X10 Y10
G0 F6000 X102.611 Y225.93
M204 S1800
M205 X8 Y8
G1 F1200 X102.825 Y226.144 E1314.51344
M204 S3000
M205 X10 Y10
G0 F6000 X103.127 Y225.881
M204 S1800
M205 X8 Y8
G1 F1200 X103.195 Y225.948 E1314.51661
M204 S3000
M205 X10 Y10
G0 F6000 X105.191 Y224.55
M204 S1800
M205 X8 Y8
G1 F1200 X105.341 Y224.701 E1314.52369
M204 S3000
M205 X10 Y10
G0 F6000 X105.684 Y224.478
M204 S1800
M205 X8 Y8
G1 F1200 X105.394 Y224.188 E1314.53733
M204 S3000
M205 X10 Y10
G0 F6000 X105.597 Y223.825
M204 S1800
M205 X8 Y8
G1 F1200 X106.027 Y224.256 E1314.55758
M204 S3000
M205 X10 Y10
G0 F6000 X106.37 Y224.033
M204 S1800
M205 X8 Y8
G1 F1200 X105.762 Y223.425 E1314.58618
M204 S3000
M205 X10 Y10
G0 F6000 X105.83 Y222.927
M204 S1800
M205 X8 Y8
G1 F1200 X106.701 Y223.798 E1314.62715
M204 S3000
M205 X10 Y10
G0 F6000 X107.024 Y223.555
M204 S1800
M205 X8 Y8
G1 F1200 X105.848 Y222.38 E1314.68244
M204 S3000
M205 X10 Y10
G0 F6000 X105.797 Y221.762
M204 S1800
M205 X8 Y8
G1 F1200 X107.341 Y223.307 E1314.75509
M204 S3000
M205 X10 Y10
G0 F6000 X107.653 Y223.053
M204 S1800
M205 X8 Y8
G1 F1200 X105.353 Y220.753 E1314.86327
G1 X105.283 Y220.683
M204 S3000
M205 X10 Y10
G0 F6000 X115.945 Y212.677
M204 S1800
M205 X8 Y8
G1 F1200 X76.754 Y173.486 E1316.7067
M204 S3000
M205 X10 Y10
G0 F6000 X77.143 Y173.31
M204 S1800
M205 X8 Y8
G1 F1200 X116.128 Y212.294 E1318.54041
M204 S3000
M205 X10 Y10
G0 F6000 X116.31 Y211.911
M204 S1800
M205 X8 Y8
G1 F1200 X77.536 Y173.137 E1320.36422
M204 S3000
M205 X10 Y10
G0 F6000 X77.929 Y172.964
M204 S1800
M205 X8 Y8
G1 F1200 X116.493 Y211.528 E1322.17815
M204 S3000
M205 X10 Y10
G0 F6000 X116.65 Y211.12
M204 S1800
M205 X8 Y8
G1 F1200 X78.322 Y172.792 E1323.98098
M204 S3000
M205 X10 Y10
G0 F6000 X78.715 Y172.619
M204 S1800
M205 X8 Y8
G1 F1200 X116.806 Y210.71 E1325.77267
M204 S3000
M205 X10 Y10
G0 F6000 X116.963 Y210.302
M204 S1800
M205 X8 Y8
G1 F1200 X79.122 Y172.46 E1327.55261
M204 S3000
M205 X10 Y10
G0 F6000 X79.546 Y172.319
M204 S1800
M205 X8 Y8
G1 F1200 X117.12 Y209.892 E1329.31996
M204 S3000
M205 X10 Y10
G0 F6000 X117.277 Y209.483
M204 S1800
M205 X8 Y8
G1 F1200 X79.97 Y172.177 E1331.07474
M204 S3000
M205 X10 Y10
G0 F6000 X80.4 Y172.041
M204 S1800
M205 X8 Y8
G1 F1200 X117.459 Y209.1 E1332.81788
M204 S3000
M205 X10 Y10
G0 F6000 X117.711 Y208.786
M204 S1800
M205 X8 Y8
G1 F1200 X80.831 Y171.906 E1334.5526
M204 S3000
M205 X10 Y10
G0 F6000 X81.262 Y171.771
M204 S1800
M205 X8 Y8
G1 F1200 X118.041 Y208.551 E1336.2826
M204 S3000
M205 X10 Y10
G0 F6000 X118.452 Y208.396
M204 S1800
M205 X8 Y8
G1 F1200 X81.692 Y171.636 E1338.01168
M204 S3000
M205 X10 Y10
G0 F6000 X82.133 Y171.512
M204 S1800
M205 X8 Y8
G1 F1200 X118.965 Y208.343 E1339.74412
M204 S3000
M205 X10 Y10
G0 F6000 X119.529 Y208.341
M204 S1800
M205 X8 Y8
G1 F1200 X82.598 Y171.411 E1341.48122
M204 S3000
M205 X10 Y10
G0 F6000 X83.063 Y171.31
M204 S1800
M205 X8 Y8
G1 F1200 X120.093 Y208.34 E1343.22299
M204 S3000
M205 X10 Y10
G0 F6000 X120.657 Y208.339
M204 S1800
M205 X8 Y8
G1 F1200 X83.535 Y171.216 E1344.96912
M204 S3000
M205 X10 Y10
G0 F6000 X84.007 Y171.123
M204 S1800
M205 X8 Y8
G1 F1200 X121.222 Y208.337 E1346.71958
M204 S3000
M205 X10 Y10
G0 F6000 X121.786 Y208.336
M204 S1800
M205 X8 Y8
G1 F1200 X84.48 Y171.03 E1348.47434
M204 S3000
M205 X10 Y10
G0 F6000 X84.952 Y170.936
M204 S1800
M205 X8 Y8
G1 F1200 X122.35 Y208.334 E1350.23342
M204 S3000
M205 X10 Y10
G0 F6000 X122.914 Y208.333
M204 S1800
M205 X8 Y8
G1 F1200 X85.447 Y170.865 E1351.99578
M204 S3000
M205 X10 Y10
G0 F6000 X85.96 Y170.812
M204 S1800
M205 X8 Y8
G1 F1200 X123.479 Y208.332 E1353.76058
M204 S3000
M205 X10 Y10
G0 F6000 X124.043 Y208.33
M204 S1800
M205 X8 Y8
G1 F1200 X86.475 Y170.762 E1355.52767
M204 S3000
M205 X10 Y10
G0 F6000 X86.997 Y170.718
M204 S1800
M205 X8 Y8
G1 F1200 X124.607 Y208.329 E1357.29675
M204 S3000
M205 X10 Y10
G0 F6000 X125.171 Y208.327
M204 S1800
M205 X8 Y8
G1 F1200 X87.519 Y170.675 E1359.06778
M204 S3000
M205 X10 Y10
G0 F6000 X88.041 Y170.631
M204 S1800
M205 X8 Y8
G1 F1200 X125.735 Y208.325 E1360.84079
M204 S3000
M205 X10 Y10
G0 F6000 X126.299 Y208.324
M204 S1800
M205 X8 Y8
G1 F1200 X88.58 Y170.605 E1362.61498
M204 S3000
M205 X10 Y10
G0 F6000 X89.149 Y170.608
M204 S1800
M205 X8 Y8
G1 F1200 X126.864 Y208.322 E1364.38895
M204 S3000
M205 X10 Y10
G0 F6000 X127.428 Y208.321
M204 S1800
M205 X8 Y8
G1 F1200 X89.72 Y170.613 E1366.16262
M204 S3000
M205 X10 Y10
G0 F6000 X90.301 Y170.628
M204 S1800
M205 X8 Y8
G1 F1200 X127.992 Y208.32 E1367.93552
M204 S3000
M205 X10 Y10
G0 F6000 X128.556 Y208.318
M204 S1800
M205 X8 Y8
G1 F1200 X100.675 Y180.436 E1369.24698
G1 X100.605 Y180.366
M204 S3000
M205 X10 Y10
G0 F6000 X101.619 Y180.815
M204 S1800
M205 X8 Y8
G1 F1200 X129.121 Y208.317 E1370.54059
M204 S3000
M205 X10 Y10
G0 F6000 X129.685 Y208.315
M204 S1800
M205 X8 Y8
G1 F1200 X102.3 Y180.93 E1371.82869
M204 S3000
M205 X10 Y10
G0 F6000 X102.806 Y180.87
M204 S1800
M205 X8 Y8
G1 F1200 X130.249 Y208.314 E1373.11955
M204 S3000
M205 X10 Y10
G0 F6000 X130.814 Y208.312
M204 S1800
M205 X8 Y8
G1 F1200 X103.312 Y180.811 E1374.41314
M204 S3000
M205 X10 Y10
G0 F6000 X103.745 Y180.679
M204 S1800
M205 X8 Y8
G1 F1200 X131.378 Y208.311 E1375.71288
M204 S3000
M205 X10 Y10
G0 F6000 X131.942 Y208.31
M204 S1800
M205 X8 Y8
G1 F1200 X104.098 Y180.466 E1377.02258
M204 S3000
M205 X10 Y10
G0 F6000 X104.438 Y180.24
M204 S1800
M205 X8 Y8
G1 F1200 X132.506 Y208.308 E1378.34281
M204 S3000
M205 X10 Y10
G0 F6000 X133.07 Y208.306
M204 S1800
M205 X8 Y8
G1 F1200 X104.774 Y180.011 E1379.67375
M204 S3000
M205 X10 Y10
G0 F6000 X105.058 Y179.728
M204 S1800
M205 X8 Y8
G1 F1200 X133.634 Y208.305 E1381.0179
M204 S3000
M205 X10 Y10
G0 F6000 X133.855 Y207.96
M204 S1800
M205 X8 Y8
G1 F1200 X105.266 Y179.371 E1382.36264
M204 S3000
M205 X10 Y10
G0 F6000 X105.471 Y179.01
M204 S1800
M205 X8 Y8
G1 F1200 X117.629 Y191.168 E1382.93451
M204 S3000
M205 X10 Y10
G0 F6000 X117.773 Y191.312
M204 S1800
M205 X8 Y8
G1 F1200 X133.855 Y207.394 E1383.69096
M204 S3000
M205 X10 Y10
G0 F6000 X133.855 Y206.828
M204 S1800
M205 X8 Y8
G1 F1200 X118.737 Y191.71 E1384.40206
M204 S3000
M205 X10 Y10
G0 F6000 X119.303 Y191.71
M204 S1800
M205 X8 Y8
G1 F1200 X128.691 Y201.099 E1384.84367
M204 S3000
M205 X10 Y10
G0 F6000 X128.512 Y200.354
M204 S1800
M205 X8 Y8
G1 F1200 X119.868 Y191.71 E1385.25026
M204 S3000
M205 X10 Y10
G0 F6000 X120.433 Y191.71
M204 S1800
M205 X8 Y8
G1 F1200 X128.496 Y199.773 E1385.62952
M204 S3000
M205 X10 Y10
G0 F6000 X128.599 Y199.31
M204 S1800
M205 X8 Y8
G1 F1200 X120.998 Y191.709 E1385.98704
M204 S3000
M205 X10 Y10
G0 F6000 X121.564 Y191.709
M204 S1800
M205 X8 Y8
G1 F1200 X128.72 Y198.865 E1386.32364
M204 S3000
M205 X10 Y10
G0 F6000 X128.854 Y198.433
M204 S1800
M205 X8 Y8
G1 F1200 X122.129 Y191.708 E1386.63996
M204 S3000
M205 X10 Y10
G0 F6000 X122.695 Y191.708
M204 S1800
M205 X8 Y8
G1 F1200 X129.073 Y198.087 E1386.93999
M204 S3000
M205 X10 Y10
G0 F6000 X129.342 Y197.79
M204 S1800
M205 X8 Y8
G1 F1200 X123.26 Y191.707 E1387.22609
M204 S3000
M205 X10 Y10
G0 F6000 X123.825 Y191.707
M204 S1800
M205 X8 Y8
G1 F1200 X129.611 Y197.493 E1387.49825
M204 S3000
M205 X10 Y10
G0 F6000 X129.899 Y197.215
M204 S1800
M205 X8 Y8
G1 F1200 X124.39 Y191.707 E1387.75735
M204 S3000
M205 X10 Y10
G0 F6000 X124.955 Y191.706
M204 S1800
M205 X8 Y8
G1 F1200 X130.254 Y197.004 E1388.00658
M204 S3000
M205 X10 Y10
G0 F6000 X130.66 Y196.845
M204 S1800
M205 X8 Y8
G1 F1200 X125.521 Y191.706 E1388.2483
M204 S3000
M205 X10 Y10
G0 F6000 X126.086 Y191.705
M204 S1800
M205 X8 Y8
G1 F1200 X131.079 Y196.699 E1388.48318
M204 S3000
M205 X10 Y10
G0 F6000 X131.526 Y196.58
M204 S1800
M205 X8 Y8
G1 F1200 X126.652 Y191.705 E1388.71246
M204 S3000
M205 X10 Y10
G0 F6000 X127.216 Y191.705
M204 S1800
M205 X8 Y8
G1 F1200 X132.091 Y196.579 E1388.94174
M204 S3000
M205 X10 Y10
G0 F6000 X132.747 Y196.669
M204 S1800
M205 X8 Y8
G1 F1200 X127.782 Y191.705 E1389.17526
M204 S3000
M205 X10 Y10
G0 F6000 X128.347 Y191.704
M204 S1800
M205 X8 Y8
G1 F1200 X133.75 Y197.107 E1389.4294
M204 S3000
M205 X10 Y10
G0 F6000 X133.854 Y196.645
M204 S1800
M205 X8 Y8
G1 F1200 X128.912 Y191.703 E1389.66185
M204 S3000
M205 X10 Y10
G0 F6000 X129.478 Y191.703
M204 S1800
M205 X8 Y8
G1 F1200 X133.854 Y196.08 E1389.86771
M204 S3000
M205 X10 Y10
G0 F6000 X133.854 Y195.514
M204 S1800
M205 X8 Y8
G1 F1200 X130.043 Y191.703 E1390.04697
M204 S3000
M205 X10 Y10
G0 F6000 X130.608 Y191.703
M204 S1800
M205 X8 Y8
G1 F1200 X133.854 Y194.948 E1390.19963
M204 S3000
M205 X10 Y10
G0 F6000 X133.854 Y194.382
M204 S1800
M205 X8 Y8
G1 F1200 X131.173 Y191.702 E1390.32571
M204 S3000
M205 X10 Y10
G0 F6000 X131.739 Y191.702
M204 S1800
M205 X8 Y8
G1 F1200 X133.854 Y193.817 E1390.42519
M204 S3000
M205 X10 Y10
G0 F6000 X133.854 Y193.251
M204 S1800
M205 X8 Y8
G1 F1200 X132.304 Y191.701 E1390.4981
M204 S3000
M205 X10 Y10
G0 F6000 X132.869 Y191.7
M204 S1800
M205 X8 Y8
G1 F1200 X133.854 Y192.685 E1390.54443
M204 S3000
M205 X10 Y10
G0 F6000 X133.854 Y192.12
M204 S1800
M205 X8 Y8
G1 F1200 X133.435 Y191.7 E1390.56416
M204 S3000
M205 X10 Y10
G0 F6000 X134.419 Y199.507
G0 X134.414 Y200.5
G0 X133.487 Y203.066
M204 S1800
M205 X8 Y8
G1 F1200 X133.855 Y203.434 E1390.58147
M204 S3000
M205 X10 Y10
G0 F6000 X133.855 Y204
M204 S1800
M205 X8 Y8
G1 F1200 X133.083 Y203.228 E1390.61778
M204 S3000
M205 X10 Y10
G0 F6000 X132.638 Y203.349
M204 S1800
M205 X8 Y8
G1 F1200 X133.855 Y204.565 E1390.675
M204 S3000
M205 X10 Y10
G0 F6000 X133.855 Y205.131
M204 S1800
M205 X8 Y8
G1 F1200 X132.124 Y203.4 E1390.75643
M204 S3000
M205 X10 Y10
G0 F6000 X131.59 Y203.432
M204 S1800
M205 X8 Y8
G1 F1200 X133.855 Y205.697 E1390.86296
M204 S3000
M205 X10 Y10
G0 F6000 X133.855 Y206.263
M204 S1800
M205 X8 Y8
G1 F1200 X130.798 Y203.206 E1391.00676
G1 X130.728 Y203.136
M204 S3000
M205 X10 Y10
G0 F6000 X117.101 Y190.075
M204 S1800
M205 X8 Y8
G1 F1200 X105.674 Y178.647 E1391.54427
M204 S3000
M205 X10 Y10
G0 F6000 X105.811 Y178.219
M204 S1800
M205 X8 Y8
G1 F1200 X116.754 Y189.162 E1392.059
G1 X116.824 Y189.232
M204 S3000
M205 X10 Y10
G0 F6000 X116.363 Y188.205
M204 S1800
M205 X8 Y8
G1 F1200 X105.846 Y177.688 E1392.55368
M204 S3000
M205 X10 Y10
G0 F6000 X105.846 Y177.123
M204 S1800
M205 X8 Y8
G1 F1200 X115.85 Y187.127 E1393.02424
G1 X115.92 Y187.197
M204 S3000
M205 X10 Y10
G0 F6000 X115.296 Y186.007
M204 S1800
M205 X8 Y8
G1 F1200 X105.684 Y176.394 E1393.47638
G1 X105.614 Y176.324
M204 S3000
M205 X10 Y10
G0 F6000 X106.425 Y176.004
M204 S1800
M205 X8 Y8
G1 F1200 X113.446 Y183.026 E1393.80665
G1 X113.516 Y183.096
M204 S3000
M205 X10 Y10
G0 F6000 X114.472 Y184.617
M204 S1800
M205 X8 Y8
G1 F1200 X105.008 Y175.153 E1394.25181
G1 X104.938 Y175.083
M204 S3000
M205 X10 Y10
G0 F6000 X102.816 Y174.092
M204 S1800
M205 X8 Y8
G1 F1200 X102.311 Y173.587 E1394.27556
M204 S3000
M205 X10 Y10
G0 F6000 X102.22 Y174.062
M204 S1800
M205 X8 Y8
G1 F1200 X101.216 Y173.058 E1394.32279
G1 X101.146 Y172.988
M204 S3000
M205 X10 Y10
G0 F6000 X100.279 Y172.687
M204 S1800
M205 X8 Y8
G1 F1200 X101.72 Y174.128 E1394.39057
M204 S3000
M205 X10 Y10
G0 F6000 X101.301 Y174.274
M204 S1800
M205 X8 Y8
G1 F1200 X99.373 Y172.347 E1394.48123
G1 X99.303 Y172.277
M204 S3000
M205 X10 Y10
G0 F6000 X98.491 Y172.03
M204 S1800
M205 X8 Y8
G1 F1200 X100.887 Y174.426 E1394.59393
M204 S3000
M205 X10 Y10
G0 F6000 X100.503 Y174.607
M204 S1800
M205 X8 Y8
G1 F1200 X97.669 Y171.774 E1394.72721
M204 S3000
M205 X10 Y10
G0 F6000 X96.914 Y171.585
M204 S1800
M205 X8 Y8
G1 F1200 X100.212 Y174.883 E1394.88234
M204 S3000
M205 X10 Y10
G0 F6000 X99.938 Y175.174
M204 S1800
M205 X8 Y8
G1 F1200 X96.158 Y171.394 E1395.06014
M204 S3000
M205 X10 Y10
G0 F6000 X95.415 Y171.217
M204 S1800
M205 X8 Y8
G1 F1200 X99.664 Y175.466 E1395.26
M204 S3000
M205 X10 Y10
G0 F6000 X99.419 Y175.787
M204 S1800
M205 X8 Y8
G1 F1200 X94.694 Y171.061 E1395.48227
M204 S3000
M205 X10 Y10
G0 F6000 X94.04 Y170.973
M204 S1800
M205 X8 Y8
G1 F1200 X99.248 Y176.181 E1395.72724
M204 S3000
M205 X10 Y10
G0 F6000 X99.131 Y176.63
M204 S1800
M205 X8 Y8
G1 F1200 X93.385 Y170.884 E1395.99752
M204 S3000
M205 X10 Y10
G0 F6000 X92.731 Y170.795
M204 S1800
M205 X8 Y8
G1 F1200 X99.021 Y177.085 E1396.29338
M204 S3000
M205 X10 Y10
G0 F6000 X98.985 Y177.615
M204 S1800
M205 X8 Y8
G1 F1200 X92.09 Y170.721 E1396.61767
M204 S3000
M205 X10 Y10
G0 F6000 X91.463 Y170.659
M204 S1800
M205 X8 Y8
G1 F1200 X99.127 Y178.323 E1396.97817
G1 X99.197 Y178.393
M204 S3000
M205 X10 Y10
G0 F6000 X99.446 Y179.207
M204 S1800
M205 X8 Y8
G1 F1200 X90.882 Y170.643 E1397.38099
G1 X90.812 Y170.573
M204 S3000
M205 X10 Y10
G0 F6000 X103.484 Y175.189
G0 X109.441 Y178.454
M204 S1800
M205 X8 Y8
G1 F1200 X110.549 Y179.562 E1397.43311
G1 X110.619 Y179.632
M204 S3000
M205 X10 Y10
;MESH:NONMESH
G0 F600 X110.619 Y179.632 Z1.2
G0 F6000 X102.127 Y180.018
G0 X101.088 Y179.631
G0 X100.192 Y178.693
G0 X99.853 Y177.631
G0 X100.267 Y177.532
;TIME_ELAPSED:1795.219743
;LAYER:5
M204 S1800
M205 X8 Y8
;TYPE:WALL-OUTER
;MESH:14_4_2.stl
G1 F3000 X100.396 Y176.911 E1397.4542
G1 X100.538 Y176.434 E1397.47076
G1 X101.164 Y175.728 E1397.50214
G1 X102.127 Y175.34 E1397.53667
G1 X103.158 Y175.441 E1397.57113
G1 X104.005 Y175.996 E1397.60481
G1 X104.088 Y176.082 E1397.60878
G1 X104.526 Y176.917 E1397.64014
G1 X104.549 Y177.447 E1397.65779
G1 X104.548 Y177.957 E1397.67475
G1 X104.088 Y178.884 E1397.70917
G1 X103.247 Y179.493 E1397.7437
G1 X102.222 Y179.638 E1397.77814
G1 X101.462 Y179.376 E1397.80487
G1 X101.165 Y179.238 E1397.81577
G1 X100.524 Y178.514 E1397.84793
G1 X100.381 Y177.99 E1397.86599
G1 X100.267 Y177.532 E1397.88169
M204 S3000
M205 X10 Y10
G0 F6000 X100.307 Y177.337
G0 X99.799 Y177.212
G0 X83.06 Y194.917
G0 X82.088 Y196.463
G0 X81.548 Y198.014
G0 X81.23 Y200.081
G0 X81.736 Y200.025
M204 S1800
M205 X8 Y8
G1 F3000 X81.829 Y199.145 E1397.91112
G1 X81.927 Y198.288 E1397.93981
G1 X82.26 Y197.33 E1397.97355
G1 X82.496 Y196.659 E1397.9972
G1 X83.399 Y195.219 E1398.05374
G1 X83.779 Y194.832 E1398.07178
G1 X84.629 Y193.982 E1398.11176
G1 X85.477 Y193.448 E1398.14509
G1 X86.086 Y193.066 E1398.169
G1 X86.948 Y192.762 E1398.1994
G1 X87.712 Y192.495 E1398.22632
G1 X88.517 Y192.402 E1398.25327
G1 X89.43 Y192.3 E1398.28382
G1 X90.291 Y192.394 E1398.31263
G1 X91.147 Y192.492 E1398.34129
G1 X92.057 Y192.809 E1398.37334
G1 X92.775 Y193.062 E1398.39866
G1 X93.843 Y193.73 E1398.44056
G1 X94.252 Y193.993 E1398.45673
G1 X95.453 Y195.196 E1398.51327
G1 X95.968 Y196.012 E1398.54536
G1 X96.369 Y196.651 E1398.57045
G1 X96.382 Y196.681 E1398.57154
G1 X96.944 Y198.291 E1398.62826
G1 X97.135 Y199.986 E1398.68499
G1 X97.041 Y200.854 E1398.71403
G1 X96.944 Y201.711 E1398.74272
G1 X96.38 Y203.324 E1398.79955
G1 X95.969 Y203.986 E1398.82547
G1 X95.462 Y204.793 E1398.85716
G1 X94.848 Y205.411 E1398.88614
G1 X94.242 Y206.016 E1398.91462
G1 X93.412 Y206.54 E1398.94727
G1 X92.775 Y206.938 E1398.97225
G1 X91.147 Y207.508 E1399.02962
G1 X89.448 Y207.7 E1399.08649
G1 X88.52 Y207.599 E1399.11754
G1 X87.722 Y207.507 E1399.14425
G1 X86.948 Y207.238 E1399.17151
G1 X86.095 Y206.938 E1399.20158
G1 X84.98 Y206.241 E1399.24532
G1 X84.617 Y206.007 E1399.25968
G1 X83.415 Y204.803 E1399.31627
G1 X82.506 Y203.359 E1399.37302
G1 X82.262 Y202.674 E1399.3972
G1 X81.924 Y201.7 E1399.43149
G1 X81.736 Y200.025 E1399.48755
M204 S3000
M205 X10 Y10
G0 F6000 X81.757 Y199.826
G0 X81.247 Y199.768
G0 X64.371 Y202.469
G0 X63.117 Y202.62
G0 X61.936 Y202.171
G0 X61.098 Y201.226
G0 X60.773 Y200.171
G0 X61.267 Y200.049
M204 S1800
M205 X8 Y8
G1 F3000 X61.494 Y199.036 E1399.52208
G1 X62.164 Y198.245 E1399.55656
G1 X63.127 Y197.856 E1399.5911
G1 X64.158 Y197.958 E1399.62556
G1 X64.628 Y198.254 E1399.64404
G1 X65.047 Y198.546 E1399.66102
G1 X65.526 Y199.432 E1399.69452
G1 X65.548 Y200.002 E1399.7135
G1 X65.546 Y200.505 E1399.73023
G1 X65.088 Y201.401 E1399.76369
G1 X64.6 Y201.766 E1399.78396
G1 X64.158 Y202.044 E1399.80133
G1 X63.222 Y202.155 E1399.83268
G1 X62.244 Y201.809 E1399.86718
G1 X61.539 Y201.048 E1399.90169
G1 X61.267 Y200.049 E1399.93612
M204 S3000
M205 X10 Y10
G0 F6000 X61.31 Y199.854
G0 X60.799 Y199.727
G0 X61.098 Y201.226
G0 X61.936 Y202.171
G0 X99.773 Y222.688
G0 X100.267 Y222.566
M204 S1800
M205 X8 Y8
G1 F3000 X100.38 Y222.011 E1399.95496
G1 X100.506 Y221.52 E1399.97182
G1 X101.164 Y220.761 E1400.00523
G1 X102.127 Y220.373 E1400.03976
G1 X102.961 Y220.449 E1400.06762
G1 X103.247 Y220.507 E1400.07732
G1 X104.024 Y221.045 E1400.10876
G1 X104.526 Y221.948 E1400.14312
G1 X104.549 Y222.548 E1400.16309
G1 X104.538 Y223.053 E1400.17989
G1 X104.088 Y223.918 E1400.21232
G1 X103.248 Y224.525 E1400.24679
G1 X102.222 Y224.671 E1400.28126
G1 X101.346 Y224.365 E1400.31212
G1 X101.165 Y224.271 E1400.3189
G1 X100.539 Y223.565 E1400.35029
G1 X100.267 Y222.566 E1400.38472
M204 S3000
M205 X10 Y10
G0 F6000 X100.306 Y222.37
G0 X99.799 Y222.244
G0 X100.098 Y221.29
G0 X100.935 Y220.344
G0 X118.48 Y208.772
G0 X118.958 Y209.215
M204 S1800
M205 X8 Y8
G1 F3000 X134.58 Y209.25 E1400.90432
G1 X135.235 Y209.246 E1400.9261
G1 X135.235 Y190.754 E1401.54115
G1 X118.94 Y190.754 E1402.08312
G1 X118.796 Y190.672 E1402.08863
G1 X118.679 Y190.383 E1402.099
G1 X117.734 Y187.867 E1402.18839
G1 X116.812 Y185.925 E1402.25989
G1 X116.242 Y184.848 E1402.30042
G1 X115.111 Y183.021 E1402.37189
G1 X114.425 Y182.01 E1402.41253
G1 X113.099 Y180.317 E1402.48405
G1 X112.311 Y179.387 E1402.52459
G1 X110.807 Y177.849 E1402.59614
G1 X109.923 Y177.011 E1402.63666
G1 X108.26 Y175.649 E1402.70815
G1 X107.288 Y174.909 E1402.74878
G1 X105.467 Y173.728 E1402.82097
G1 X104.441 Y173.11 E1402.86081
G1 X102.519 Y172.143 E1402.93237
G1 X101.413 Y171.629 E1402.97293
G1 X99.385 Y170.874 E1403.04491
G1 X98.242 Y170.492 E1403.08499
G1 X96.156 Y169.967 E1403.15653
G1 X94.968 Y169.704 E1403.197
G1 X92.836 Y169.413 E1403.26857
G1 X91.624 Y169.28 E1403.30913
G1 X89.474 Y169.224 E1403.38066
G1 X88.256 Y169.225 E1403.42117
G1 X86.113 Y169.407 E1403.4927
G1 X84.9 Y169.538 E1403.53328
G1 X82.789 Y169.954 E1403.60484
G1 X81.597 Y170.217 E1403.64544
G1 X79.67 Y170.821 E1403.71261
G1 X78.879 Y171.086 E1403.74036
G1 X78.394 Y171.25 E1403.75739
G1 X76.325 Y172.162 E1403.83259
G1 X75.318 Y172.629 E1403.86951
G1 X73.366 Y173.759 E1403.94453
G1 X72.414 Y174.334 E1403.98152
G1 X70.681 Y175.61 E1404.0531
G1 X69.709 Y176.349 E1404.09371
G1 X68.074 Y177.858 E1404.16771
G1 X67.243 Y178.645 E1404.20578
G1 X65.831 Y180.266 E1404.27728
G1 X65.04 Y181.197 E1404.31791
G1 X63.794 Y183.001 E1404.39083
G1 X63.133 Y183.974 E1404.42995
G1 X61.988 Y186.1 E1404.51027
G1 X61.541 Y186.943 E1404.542
G1 X60.273 Y190.082 E1404.6546
G1 X59.369 Y193.313 E1404.7662
G1 X58.819 Y196.638 E1404.87829
G1 X58.636 Y200.002 E1404.99034
G1 X58.813 Y203.255 E1405.0987
G1 X58.837 Y203.468 E1405.10582
G1 X59.37 Y206.688 E1405.21438
G1 X60.278 Y209.919 E1405.32601
G1 X61.542 Y213.058 E1405.43856
G1 X63.134 Y216.028 E1405.55064
G1 X63.847 Y217.078 E1405.59285
G1 X65.042 Y218.805 E1405.6627
G1 X65.877 Y219.787 E1405.70557
G1 X67.242 Y221.356 E1405.77474
G1 X68.186 Y222.248 E1405.81794
G1 X69.714 Y223.658 E1405.88709
G1 X70.745 Y224.437 E1405.93007
G1 X72.413 Y225.665 E1405.99896
G1 X73.459 Y226.295 E1406.03958
G1 X75.314 Y227.37 E1406.11088
G1 X76.425 Y227.885 E1406.15161
G1 X78.393 Y228.752 E1406.22314
G1 X79.548 Y229.141 E1406.26368
G1 X81.613 Y229.791 E1406.33568
G1 X82.791 Y230.048 E1406.37578
G1 X84.415 Y230.366 E1406.43082
G1 X85.395 Y230.516 E1406.4638
G1 X86.114 Y230.594 E1406.48785
G1 X88.257 Y230.775 E1406.55938
G1 X89.476 Y230.775 E1406.59993
G1 X91.624 Y230.719 E1406.67139
G1 X92.838 Y230.586 E1406.71201
G1 X94.965 Y230.295 E1406.78342
G1 X96.158 Y230.032 E1406.82405
G1 X98.08 Y229.55 E1406.88995
G1 X99.018 Y229.248 E1406.92273
G1 X100.012 Y228.892 E1406.95785
G1 X101.413 Y228.37 E1407.00757
G1 X102.545 Y227.845 E1407.04907
G1 X104.443 Y226.889 E1407.11976
G1 X105.527 Y226.236 E1407.16185
G1 X107.288 Y225.09 E1407.23173
G1 X108.228 Y224.374 E1407.27103
G1 X108.684 Y224.004 E1407.29056
G1 X109.925 Y222.987 E1407.34393
G1 X110.809 Y222.149 E1407.38444
G1 X112.313 Y220.612 E1407.45596
G1 X113.1 Y219.682 E1407.49649
G1 X114.426 Y217.988 E1407.56804
G1 X115.113 Y216.98 E1407.60861
G1 X115.634 Y216.134 E1407.64166
G1 X116.243 Y215.151 E1407.68012
G1 X116.814 Y214.073 E1407.72069
G1 X117.735 Y212.133 E1407.79212
G1 X118.629 Y209.808 E1407.87497
G1 X118.776 Y209.328 E1407.89166
G1 X118.896 Y209.224 E1407.89694
G1 X118.958 Y209.215 E1407.89903
M204 S3000
M205 X10 Y10
G0 F6000 X119.158 Y209.215
G0 X119.159 Y208.706
G0 X129.272 Y200.168
G0 X129.767 Y200.048
M204 S1800
M205 X8 Y8
G1 F3000 X129.993 Y199.036 E1407.93352
G1 X130.665 Y198.246 E1407.96801
G1 X131.627 Y197.856 E1408.00254
G1 X132.658 Y197.958 E1408.037
G1 X133.525 Y198.526 E1408.07147
G1 X134.026 Y199.433 E1408.10593
G1 X134.049 Y200.475 E1408.1406
G1 X133.587 Y201.401 E1408.17502
G1 X132.749 Y202.01 E1408.20947
G1 X131.722 Y202.155 E1408.24397
G1 X130.744 Y201.809 E1408.27847
G1 X130.038 Y201.049 E1408.31298
G1 X129.767 Y200.048 E1408.34747
M204 S3000
M205 X10 Y10
G0 F6000 X129.81 Y199.853
G0 X129.379 Y200.144
M204 S1800
M205 X8 Y8
;TYPE:WALL-INNER
G1 F3000 X129.379 Y199.856 E1408.35705
G1 X129.605 Y198.94 E1408.38843
G1 X129.739 Y198.685 E1408.39801
G1 X130.366 Y197.98 E1408.42939
G1 X130.602 Y197.817 E1408.43893
G1 X131.485 Y197.482 E1408.47034
G1 X131.77 Y197.448 E1408.47988
G1 X132.706 Y197.561 E1408.51124
G1 X132.974 Y197.662 E1408.52077
G1 X133.751 Y198.196 E1408.55213
G1 X133.943 Y198.412 E1408.56174
G1 F3007.5 X134.38 Y199.248 E1408.59303
G1 F3030.3 X134.445 Y199.525 E1408.6024
G1 F3053.4 X134.445 Y200.475 E1408.63345
G1 F3030.3 X134.379 Y200.755 E1408.64292
G1 F3007.5 X133.941 Y201.587 E1408.67411
G1 F3000 X133.752 Y201.801 E1408.68361
G1 X132.977 Y202.339 E1408.71499
G1 X132.705 Y202.441 E1408.72465
G1 X131.769 Y202.552 E1408.756
G1 X131.485 Y202.518 E1408.76551
G1 X130.602 Y202.183 E1408.79693
G1 X130.366 Y202.02 E1408.80647
G1 X129.739 Y201.315 E1408.83785
G1 X129.605 Y201.06 E1408.84743
G1 X129.379 Y200.144 E1408.87881
M204 S3000
M205 X10 Y10
G0 F6000 X129.273 Y200.169
G0 X118.818 Y208.705
G0 X118.817 Y208.831
M204 S1800
M205 X8 Y8
G1 F3000 X118.959 Y208.815 E1408.88356
G1 X134.578 Y208.85 E1409.40305
G1 X134.835 Y208.848 E1409.4116
G1 F3007.5 X134.835 Y204.73 E1409.54822
G1 X134.836 Y200.612 E1409.68484
G1 F3030.3 X134.838 Y199.525 E1409.72064
G1 F3022.7 X134.835 Y198.193 E1409.76461
G1 F3000 X134.835 Y191.154 E1409.99872
G1 X118.91 Y191.153 E1410.52839
G1 X118.636 Y191.061 E1410.53801
G1 X118.435 Y190.849 E1410.54772
G1 X118.305 Y190.523 E1410.5594
G1 X117.366 Y188.023 E1410.64822
G1 X116.454 Y186.105 E1410.71886
G1 X115.895 Y185.047 E1410.75865
G1 X114.775 Y183.239 E1410.82939
G1 X114.101 Y182.246 E1410.86931
G1 X112.789 Y180.57 E1410.9401
G1 X112.015 Y179.657 E1410.97991
G1 X110.526 Y178.134 E1411.05075
G1 X109.658 Y177.311 E1411.09054
G1 X107.986 Y175.943 E1411.16239
G1 X107.058 Y175.236 E1411.20119
G1 X105.953 Y174.52 E1411.24499
G1 X105.275 Y174.079 E1411.27189
G1 X104.248 Y173.46 E1411.31177
G1 X102.327 Y172.495 E1411.38327
G1 X101.259 Y171.999 E1411.42244
G1 X99.252 Y171.251 E1411.49367
G1 X98.13 Y170.876 E1411.53302
G1 X96.064 Y170.357 E1411.60387
G1 X94.898 Y170.098 E1411.6436
G1 X92.787 Y169.81 E1411.71446
G1 X91.597 Y169.68 E1411.75428
G1 X89.469 Y169.624 E1411.82508
G1 X88.273 Y169.625 E1411.86486
G1 X86.151 Y169.805 E1411.93569
G1 X84.96 Y169.934 E1411.97553
G1 X82.871 Y170.346 E1412.04635
G1 X81.7 Y170.604 E1412.08623
G1 X79.673 Y171.24 E1412.15689
G1 X78.539 Y171.623 E1412.1967
G1 X76.59 Y172.48 E1412.26752
G1 X75.502 Y172.985 E1412.30741
G1 X73.572 Y174.101 E1412.38156
G1 X72.636 Y174.667 E1412.41794
G1 X70.854 Y175.981 E1412.49158
G1 X69.966 Y176.656 E1412.52868
G1 X68.349 Y178.148 E1412.60186
G1 X67.532 Y178.922 E1412.63929
G1 X66.09 Y180.58 E1412.71238
G1 X65.358 Y181.441 E1412.74996
G1 X64.125 Y183.226 E1412.82212
G1 X63.475 Y184.182 E1412.86057
G1 X62.341 Y186.288 E1412.94013
G1 X61.904 Y187.112 E1412.97115
G1 X60.652 Y190.211 E1413.08232
G1 X59.76 Y193.4 E1413.19245
G1 X59.217 Y196.682 E1413.3031
G1 X59.037 Y200.002 E1413.41368
G1 X59.218 Y203.319 E1413.52417
G1 X59.761 Y206.601 E1413.63481
G1 X60.657 Y209.79 E1413.74499
G1 X61.905 Y212.888 E1413.85607
G1 X63.476 Y215.82 E1413.96671
G1 X64.176 Y216.85 E1414.00813
G1 X65.36 Y218.561 E1414.07733
G1 X66.179 Y219.525 E1414.11941
G1 X67.531 Y221.079 E1414.18792
G1 X68.457 Y221.954 E1414.23029
G1 X69.971 Y223.351 E1414.29881
G1 X70.982 Y224.115 E1414.34095
G1 X72.635 Y225.332 E1414.40923
G1 X73.663 Y225.951 E1414.44914
G1 X75.499 Y227.015 E1414.51972
G1 X76.59 Y227.521 E1414.55972
G1 X78.538 Y228.379 E1414.63051
G1 X79.672 Y228.761 E1414.67031
G1 X81.716 Y229.404 E1414.74158
G1 X82.872 Y229.656 E1414.78093
G1 X84.962 Y230.067 E1414.85178
G1 X86.152 Y230.196 E1414.89159
G1 X88.274 Y230.375 E1414.96242
G1 X89.47 Y230.375 E1415.0022
G1 X91.227 Y230.33 E1415.06066
G1 X91.964 Y230.28 E1415.08522
G1 X92.789 Y230.189 E1415.11283
G1 X94.895 Y229.901 E1415.18353
G1 X96.066 Y229.643 E1415.22341
G1 X98.117 Y229.127 E1415.29375
G1 X99.312 Y228.726 E1415.33568
G1 X101.259 Y228 E1415.40479
G1 X102.328 Y227.506 E1415.44396
G1 X104.249 Y226.539 E1415.51549
G1 X105.309 Y225.9 E1415.55665
G1 X107.058 Y224.763 E1415.62604
G1 X108.039 Y224.015 E1415.66707
G1 X109.66 Y222.687 E1415.73677
G1 X110.476 Y221.914 E1415.77415
G1 X111.229 Y221.148 E1415.80988
G1 X112.017 Y220.342 E1415.84737
G1 X112.79 Y219.429 E1415.88716
G1 X114.103 Y217.752 E1415.958
G1 X114.777 Y216.762 E1415.99783
G1 X115.896 Y214.952 E1416.06861
G1 X116.456 Y213.893 E1416.10845
G1 X117.367 Y211.975 E1416.17907
G1 X118.25 Y209.678 E1416.26092
G1 X118.402 Y209.185 E1416.27808
G1 X118.562 Y208.963 E1416.28718
G1 X118.817 Y208.831 E1416.29673
M204 S3000
M205 X10 Y10
G0 F6000 X118.818 Y208.705
G0 X100.935 Y220.344
G0 X100.098 Y221.29
G0 X99.773 Y222.688
G0 X99.879 Y222.662
M204 S1800
M205 X8 Y8
G1 F3000 X99.879 Y222.372 E1416.30638
G1 X100.113 Y221.43 E1416.33866
G1 X100.25 Y221.191 E1416.34782
G1 X100.864 Y220.496 E1416.37867
G1 X101.102 Y220.332 E1416.38828
G1 X102.026 Y219.985 E1416.42111
G1 X102.269 Y219.965 E1416.42922
G1 X103.204 Y220.076 E1416.46054
G1 X103.475 Y220.178 E1416.47017
G1 X104.252 Y220.716 E1416.5016
G1 X104.441 Y220.929 E1416.51107
G1 X104.885 Y221.77 E1416.5427
G1 X104.95 Y222.043 E1416.55204
G1 X104.949 Y222.991 E1416.58357
G1 X104.88 Y223.269 E1416.59309
G1 X104.442 Y224.104 E1416.62446
G1 X104.233 Y224.333 E1416.63477
G1 X103.444 Y224.876 E1416.66662
G1 X103.206 Y224.956 E1416.67497
G1 X102.27 Y225.068 E1416.70633
G1 X101.985 Y225.034 E1416.71587
G1 X101.102 Y224.7 E1416.74727
G1 X100.866 Y224.537 E1416.75681
G1 X100.24 Y223.831 E1416.7882
G1 X100.106 Y223.577 E1416.79775
G1 X99.879 Y222.662 E1416.8291
M204 S3000
M205 X10 Y10
G0 F6000 X99.773 Y222.688
G0 X83.06 Y205.083
G0 X82.088 Y203.537
G0 X81.548 Y201.986
G0 X81.23 Y200.082
G0 X81.338 Y200.07
M204 S1800
M205 X8 Y8
G1 F3000 X81.431 Y199.101 E1416.86148
G1 X81.53 Y198.232 E1416.89057
G1 X81.882 Y197.198 E1416.9269
G1 X82.122 Y196.515 E1416.95098
G1 X82.405 Y196.049 E1416.96911
G1 X83.075 Y194.984 E1417.01096
G1 X83.496 Y194.549 E1417.0311
G1 X84.352 Y193.693 E1417.07136
G1 X84.773 Y193.417 E1417.0881
G1 X85.898 Y192.713 E1417.13224
G1 X86.816 Y192.384 E1417.16468
G1 X87.603 Y192.11 E1417.19239
G1 X88.472 Y192.004 E1417.22151
G1 X89.384 Y191.902 E1417.25203
G1 X90.336 Y191.996 E1417.28385
G1 X91.202 Y192.096 E1417.31285
G1 X92.189 Y192.431 E1417.34751
G1 X92.887 Y192.676 E1417.37212
G1 X93.618 Y193.118 E1417.40053
G1 X94.429 Y193.626 E1417.43236
G1 X95.13 Y194.306 E1417.46484
G1 X95.725 Y194.901 E1417.49283
G1 X96.307 Y195.799 E1417.52842
G1 X96.72 Y196.459 E1417.55431
G1 X96.76 Y196.549 E1417.55759
G1 X97.319 Y198.148 E1417.61393
G1 X97.438 Y199.099 E1417.64581
G1 X97.535 Y199.964 E1417.67476
G1 X97.439 Y200.898 E1417.70599
G1 X97.34 Y201.766 E1417.73504
G1 X97.152 Y202.332 E1417.75488
G1 X96.751 Y203.473 E1417.7951
G1 X96.308 Y204.199 E1417.82339
G1 X95.809 Y204.994 E1417.85461
G1 X95.131 Y205.693 E1417.887
G1 X94.505 Y206.318 E1417.91642
G1 X94.055 Y206.608 E1417.93423
G1 X93.007 Y207.266 E1417.97538
G1 X92.177 Y207.572 E1418.00481
G1 X91.267 Y207.89 E1418.03687
G1 X90.337 Y208.003 E1418.06803
G1 X89.474 Y208.099 E1418.09691
G1 X88.475 Y207.997 E1418.13031
G1 X87.665 Y207.904 E1418.15743
G1 X86.816 Y207.616 E1418.18724
G1 X85.953 Y207.313 E1418.21766
G1 X85.268 Y206.893 E1418.24439
G1 X84.44 Y206.374 E1418.27689
G1 X83.914 Y205.869 E1418.30114
G1 X83.144 Y205.099 E1418.33736
G1 X82.797 Y204.574 E1418.35829
G1 X82.152 Y203.546 E1418.39866
G1 X81.884 Y202.806 E1418.42483
G1 X81.545 Y201.834 E1418.45907
G1 X81.432 Y200.901 E1418.49033
G1 X81.338 Y200.07 E1418.51815
M204 S3000
M205 X10 Y10
G0 F6000 X81.23 Y200.082
G0 X63.117 Y202.62
G0 X61.936 Y202.171
G0 X61.098 Y201.226
G0 X60.773 Y200.171
G0 X60.879 Y200.145
M204 S1800
M205 X8 Y8
G1 F3000 X60.879 Y199.855 E1418.52779
G1 X61.106 Y198.94 E1418.55915
G1 X61.239 Y198.687 E1418.56866
G1 X61.887 Y197.955 E1418.60117
G1 X62.101 Y197.816 E1418.60966
G1 X62.985 Y197.482 E1418.64109
G1 X63.27 Y197.448 E1418.65064
G1 X64.206 Y197.561 E1418.68199
G1 X64.475 Y197.662 E1418.69155
G1 X65.263 Y198.206 E1418.7234
G1 X65.442 Y198.412 E1418.73247
G1 X65.881 Y199.25 E1418.76394
G1 X65.948 Y199.526 E1418.77339
G1 X65.947 Y200.511 E1418.80615
G1 X65.88 Y200.754 E1418.81453
G1 X65.442 Y201.587 E1418.84583
G1 X65.252 Y201.801 E1418.85535
G1 X64.476 Y202.339 E1418.88676
G1 X64.205 Y202.441 E1418.89639
G1 X63.269 Y202.552 E1418.92774
G1 X62.985 Y202.518 E1418.93725
G1 X62.102 Y202.183 E1418.96866
G1 X61.865 Y202.02 E1418.97823
G1 X61.239 Y201.314 E1419.00961
G1 X61.106 Y201.06 E1419.01915
G1 X60.879 Y200.145 E1419.0505
M204 S3000
M205 X10 Y10
G0 F6000 X60.773 Y200.171
G0 X61.098 Y198.774
G0 X61.935 Y197.828
G0 X99.773 Y177.654
G0 X99.879 Y177.628
M204 S1800
M205 X8 Y8
G1 F3000 X99.879 Y177.339 E1419.06012
G1 X100.105 Y176.423 E1419.0915
G1 X100.239 Y176.168 E1419.10108
G1 X100.865 Y175.462 E1419.13246
G1 X101.102 Y175.299 E1419.14203
G1 X101.986 Y174.966 E1419.17345
G1 X102.27 Y174.932 E1419.18296
G1 X103.206 Y175.044 E1419.21431
G1 X103.475 Y175.145 E1419.22387
G1 X104.251 Y175.68 E1419.25522
G1 X104.442 Y175.896 E1419.26481
G1 X104.88 Y176.731 E1419.29617
G1 X104.948 Y177.01 E1419.30572
G1 X104.948 Y177.957 E1419.33722
G1 X104.88 Y178.237 E1419.3468
G1 X104.441 Y179.072 E1419.37818
G1 X104.252 Y179.284 E1419.38763
G1 X103.475 Y179.822 E1419.41906
G1 X103.204 Y179.924 E1419.42869
G1 X102.226 Y180.039 E1419.46144
G1 X101.985 Y180.001 E1419.46956
G1 X101.088 Y179.661 E1419.50146
G1 X100.866 Y179.504 E1419.51051
G1 X100.217 Y178.77 E1419.54309
G1 X100.106 Y178.544 E1419.55147
G1 X99.879 Y177.628 E1419.58286
M204 S3000
M205 X10 Y10
G0 F6000 X99.605 Y178.182
M204 S1800
M205 X8 Y8
G1 F3000 X99.491 Y177.724 E1419.59855
G1 X99.464 Y177.412 E1419.60897
G1 X99.62 Y176.719 E1419.6326
G1 X99.762 Y176.187 E1419.65091
G1 X99.939 Y175.903 E1419.66204
G1 X100.565 Y175.197 E1419.69342
G1 X100.734 Y175.045 E1419.70098
G1 X101.06 Y174.887 E1419.71303
G1 X101.845 Y174.591 E1419.74094
G1 X102.317 Y174.534 E1419.75675
G1 X103.254 Y174.647 E1419.78814
G1 X103.651 Y174.78 E1419.80206
G1 X104.479 Y175.351 E1419.83552
G1 X104.593 Y175.44 E1419.84033
G1 X104.797 Y175.71 E1419.85158
G1 X105.234 Y176.545 E1419.88293
G1 X105.298 Y176.697 E1419.88841
G1 X105.348 Y177.01 E1419.89896
G1 X105.348 Y177.957 E1419.93045
G1 X105.317 Y178.207 E1419.93883
G1 X104.796 Y179.256 E1419.97779
G1 X104.572 Y179.54 E1419.98982
G1 X103.703 Y180.151 E1420.02515
G1 X103.383 Y180.297 E1420.03685
G1 X102.316 Y180.433 E1420.07263
G1 X101.979 Y180.415 E1420.08385
G1 X101.179 Y180.124 E1420.11216
G1 X100.71 Y179.903 E1420.12941
G1 X99.941 Y179.063 E1420.16729
G1 X99.744 Y178.729 E1420.18018
G1 X99.605 Y178.182 E1420.19896
M204 S3000
M205 X10 Y10
G0 F6000 X83.06 Y194.917
G0 X82.088 Y196.463
G0 X81.748 Y197.439
G0 X80.941 Y200.114
M204 S1800
M205 X8 Y8
G1 F3000 X81.034 Y199.056 E1420.23428
G1 X81.136 Y198.164 E1420.26414
G1 X81.504 Y197.066 E1420.30266
G1 X81.731 Y196.418 E1420.32549
G1 X82.067 Y195.837 E1420.34782
G1 X82.746 Y194.757 E1420.39025
G1 X83.213 Y194.267 E1420.41276
G1 X84.081 Y193.399 E1420.45359
G1 X84.56 Y193.078 E1420.47277
G1 X85.68 Y192.377 E1420.51671
G1 X86.684 Y192.007 E1420.5523
G1 X87.467 Y191.733 E1420.57989
G1 X88.428 Y191.607 E1420.61213
G1 X89.376 Y191.501 E1420.64386
G1 X90.38 Y191.599 E1420.67741
G1 X91.267 Y191.701 E1420.70711
G1 X92.321 Y192.054 E1420.74408
G1 X93.019 Y192.299 E1420.76868
G1 X93.831 Y192.779 E1420.80005
G1 X94.642 Y193.287 E1420.83188
G1 X95.413 Y194.023 E1420.86733
G1 X96.008 Y194.619 E1420.89534
G1 X96.645 Y195.587 E1420.93389
G1 X97.049 Y196.23 E1420.95914
G1 X97.137 Y196.417 E1420.96602
G1 X97.699 Y198.024 E1421.02264
G1 X97.835 Y199.054 E1421.05719
G1 X97.934 Y199.942 E1421.08691
G1 X97.836 Y200.943 E1421.12037
G1 X97.735 Y201.832 E1421.15012
G1 X97.529 Y202.464 E1421.17223
G1 X97.123 Y203.621 E1421.21302
G1 X96.646 Y204.411 E1421.24371
G1 X96.147 Y205.206 E1421.27493
G1 X95.414 Y205.976 E1421.31029
G1 X94.818 Y206.572 E1421.33832
G1 X94.268 Y206.947 E1421.36046
G1 X93.22 Y207.605 E1421.40162
G1 X92.309 Y207.949 E1421.43401
G1 X91.376 Y208.275 E1421.46688
G1 X90.381 Y208.4 E1421.50023
G1 X89.5 Y208.498 E1421.52972
G1 X88.43 Y208.394 E1421.56547
G1 X87.598 Y208.298 E1421.59333
G1 X86.684 Y207.993 E1421.62538
G1 X85.802 Y207.683 E1421.65647
G1 X85.055 Y207.232 E1421.68549
G1 X84.227 Y206.713 E1421.71799
G1 X83.631 Y206.151 E1421.74524
G1 X82.861 Y205.381 E1421.78146
G1 X82.459 Y204.786 E1421.80534
G1 X81.803 Y203.741 E1421.84638
G1 X81.506 Y202.938 E1421.87486
G1 X81.161 Y201.946 E1421.90979
G1 X81.035 Y200.946 E1421.94331
G1 X80.941 Y200.114 E1421.97116
M204 S3000
M205 X10 Y10
G0 F6000 X63.117 Y202.62
G0 X61.936 Y202.171
G0 X61.258 Y201.406
G0 X60.49 Y200.241
M204 S1800
M205 X8 Y8
G1 F3000 X60.463 Y199.945 E1421.98105
G1 X60.718 Y198.843 E1422.01867
G1 X60.939 Y198.422 E1422.03448
G1 X61.603 Y197.673 E1422.06777
G1 X61.96 Y197.442 E1422.08192
G1 X62.844 Y197.108 E1422.11335
G1 X63.15 Y197.045 E1422.12374
G1 X64.254 Y197.164 E1422.16067
G1 X64.63 Y197.288 E1422.17384
G1 X65.082 Y197.595 E1422.19201
G1 X65.498 Y197.882 E1422.20882
G1 X65.761 Y198.165 E1422.22167
G1 X66.234 Y199.06 E1422.25534
G1 X66.337 Y199.371 E1422.26624
G1 X66.348 Y200.002 E1422.28723
G1 X66.347 Y200.536 E1422.30499
G1 X66.26 Y200.887 E1422.31702
G1 X65.796 Y201.773 E1422.35028
G1 X65.595 Y202.037 E1422.36132
G1 X65.056 Y202.423 E1422.38337
G1 X64.632 Y202.713 E1422.40045
G1 X64.252 Y202.839 E1422.41377
G1 X63.316 Y202.95 E1422.44512
G1 X63.15 Y202.955 E1422.45064
G1 X62.843 Y202.892 E1422.46106
G1 X61.96 Y202.557 E1422.49248
G1 X61.566 Y202.285 E1422.5084
G1 X60.94 Y201.579 E1422.53978
G1 X60.718 Y201.157 E1422.55564
G1 X60.49 Y200.241 E1422.58704
M204 S3000
M205 X10 Y10
G0 F6000 X61.098 Y201.226
G0 X61.936 Y202.171
G0 X99.491 Y222.758
M204 S1800
M205 X8 Y8
G1 F3000 X99.468 Y222.399 E1422.599
G1 X99.604 Y221.819 E1422.61882
G1 X99.73 Y221.317 E1422.63603
G1 X99.901 Y220.984 E1422.64848
G1 X100.564 Y220.231 E1422.68185
G1 X100.803 Y220.033 E1422.69217
G1 X101.845 Y219.625 E1422.72939
G1 X102.164 Y219.561 E1422.74021
G1 X103.055 Y219.654 E1422.77001
G1 X103.472 Y219.73 E1422.78411
G1 X103.703 Y219.849 E1422.79275
G1 X104.48 Y220.387 E1422.82418
G1 X104.687 Y220.579 E1422.83357
G1 X105.234 Y221.575 E1422.87137
G1 X105.319 Y221.793 E1422.87915
G1 X105.349 Y222.549 E1422.90432
G1 X105.349 Y222.991 E1422.91902
G1 X105.298 Y223.303 E1422.92953
G1 X104.796 Y224.29 E1422.96636
G1 X104.46 Y224.663 E1422.98306
G1 X103.651 Y225.219 E1423.01571
G1 X103.254 Y225.353 E1423.02964
G1 X102.317 Y225.466 E1423.06103
G1 X101.844 Y225.408 E1423.07688
G1 X100.961 Y225.074 E1423.10828
G1 X100.734 Y224.953 E1423.11684
G1 X100.17 Y224.356 E1423.14416
G1 X99.838 Y223.959 E1423.16137
G1 X99.718 Y223.673 E1423.17168
G1 X99.491 Y222.758 E1423.20304
M204 S3000
M205 X10 Y10
G0 F6000 X100.098 Y221.29
G0 X100.851 Y220.439
G0 X118.228 Y208.73
M204 S1800
M205 X8 Y8
G1 F3000 X118.526 Y208.512 E1423.21532
G1 X118.877 Y208.417 E1423.22742
G1 X118.96 Y208.415 E1423.23018
G1 X134.435 Y208.449 E1423.74488
G1 X134.435 Y201.506 E1423.9758
G1 X134.294 Y201.774 E1423.98588
G1 X133.98 Y202.129 E1424.00164
G1 X133.205 Y202.667 E1424.03302
G1 X132.752 Y202.838 E1424.04912
G1 X131.816 Y202.95 E1424.08048
G1 X131.515 Y202.94 E1424.09049
G1 X130.46 Y202.557 E1424.12782
G1 X130.177 Y202.392 E1424.13872
G1 X129.44 Y201.581 E1424.17517
G1 X129.248 Y201.26 E1424.18761
G1 X128.991 Y200.24 E1424.22259
G1 X128.964 Y199.924 E1424.23314
G1 X129.217 Y198.844 E1424.27003
G1 X129.358 Y198.525 E1424.28164
G1 X130.067 Y197.714 E1424.31746
G1 X130.308 Y197.516 E1424.32784
G1 X131.343 Y197.108 E1424.36484
G1 X131.695 Y197.044 E1424.37674
G1 X132.754 Y197.164 E1424.41219
G1 X133.201 Y197.332 E1424.42807
G1 X133.978 Y197.866 E1424.45943
G1 X134.298 Y198.226 E1424.47545
G1 X134.435 Y198.489 E1424.48531
G1 X134.435 Y191.554 E1424.71597
G1 X118.958 Y191.554 E1425.23074
G1 X118.588 Y191.484 E1425.24326
G1 X118.267 Y191.278 E1425.25595
G1 X118.046 Y190.966 E1425.26866
G1 X117.93 Y190.664 E1425.27942
G1 X116.997 Y188.18 E1425.36768
G1 X116.097 Y186.284 E1425.43748
G1 X115.547 Y185.246 E1425.47655
G1 X114.439 Y183.457 E1425.54654
G1 X113.778 Y182.482 E1425.58572
G1 X112.479 Y180.822 E1425.65583
G1 X111.719 Y179.926 E1425.69491
G1 X110.246 Y178.419 E1425.765
G1 X109.394 Y177.611 E1425.80405
G1 X107.743 Y176.261 E1425.87498
G1 X106.827 Y175.564 E1425.91327
G1 X105.055 Y174.413 E1425.98355
G1 X104.055 Y173.811 E1426.02237
G1 X102.158 Y172.858 E1426.09298
G1 X101.105 Y172.368 E1426.13161
G1 X99.118 Y171.628 E1426.20213
G1 X98.017 Y171.26 E1426.24074
G1 X95.972 Y170.746 E1426.31087
G1 X94.827 Y170.492 E1426.34988
G1 X92.739 Y170.207 E1426.41997
G1 X91.57 Y170.079 E1426.45909
G1 X89.464 Y170.024 E1426.52916
G1 X88.29 Y170.025 E1426.5682
G1 X86.19 Y170.203 E1426.6383
G1 X85.02 Y170.33 E1426.67744
G1 X82.953 Y170.738 E1426.74752
G1 X82.262 Y170.889 E1426.77104
G1 X81.356 Y171.131 E1426.80223
G1 X79.797 Y171.62 E1426.85658
G1 X78.684 Y171.997 E1426.89566
G1 X76.755 Y172.845 E1426.96575
G1 X75.687 Y173.34 E1427.0049
G1 X73.865 Y174.393 E1427.07489
G1 X72.858 Y175 E1427.114
G1 X71.161 Y176.25 E1427.1841
G1 X70.224 Y176.963 E1427.22326
G1 X68.624 Y178.439 E1427.29566
G1 X67.821 Y179.199 E1427.33243
G1 X66.438 Y180.788 E1427.4025
G1 X65.676 Y181.685 E1427.44165
G1 X64.456 Y183.451 E1427.51304
G1 X63.817 Y184.39 E1427.55081
G1 X62.695 Y186.475 E1427.62956
G1 X62.267 Y187.281 E1427.65992
G1 X61.032 Y190.341 E1427.76967
G1 X60.151 Y193.486 E1427.8783
G1 X59.626 Y196.662 E1427.98537
G1 X59.554 Y197.854 E1428.02508
G1 X59.437 Y200.002 E1428.09663
G1 X59.606 Y203.089 E1428.19946
G1 X59.626 Y203.338 E1428.20777
G1 X59.946 Y205.263 E1428.27267
G1 X60.152 Y206.514 E1428.31484
G1 X61.036 Y209.66 E1428.42353
G1 X62.268 Y212.718 E1428.53319
G1 X63.819 Y215.613 E1428.64242
G1 X64.505 Y216.623 E1428.68303
G1 X65.678 Y218.317 E1428.75156
G1 X66.481 Y219.262 E1428.79281
G1 X67.82 Y220.802 E1428.86068
G1 X68.675 Y221.612 E1428.89985
G1 X70.228 Y223.044 E1428.97011
G1 X71.219 Y223.793 E1429.01143
G1 X72.857 Y224.999 E1429.07908
G1 X73.944 Y225.651 E1429.12124
G1 X75.684 Y226.659 E1429.18813
G1 X76.754 Y227.156 E1429.22737
G1 X78.682 Y228.005 E1429.29743
G1 X79.796 Y228.381 E1429.33654
G1 X81.819 Y229.017 E1429.40707
G1 X82.953 Y229.264 E1429.44567
G1 X85.022 Y229.671 E1429.51581
G1 X86.062 Y229.783 E1429.5506
G1 X87.214 Y229.884 E1429.58906
G1 X88.29 Y229.975 E1429.62498
G1 X89.465 Y229.975 E1429.66406
G1 X91.57 Y229.92 E1429.73409
G1 X92.74 Y229.792 E1429.77324
G1 X93.714 Y229.66 E1429.80593
G1 X94.825 Y229.507 E1429.84323
G1 X95.974 Y229.253 E1429.88237
G1 X98.005 Y228.743 E1429.95202
G1 X99.173 Y228.351 E1429.993
G1 X101.105 Y227.631 E1430.06157
G1 X102.186 Y227.13 E1430.1012
G1 X104.072 Y226.178 E1430.17147
G1 X105.063 Y225.582 E1430.20993
G1 X106.796 Y224.456 E1430.27867
G1 X107.392 Y224.005 E1430.30353
G1 X108.177 Y223.384 E1430.33682
G1 X109.396 Y222.387 E1430.38919
G1 X110.248 Y221.579 E1430.42825
G1 X111.721 Y220.073 E1430.49831
G1 X112.48 Y219.177 E1430.53737
G1 X113.78 Y217.516 E1430.60752
G1 X114.441 Y216.544 E1430.64662
G1 X115.548 Y214.753 E1430.71665
G1 X116.098 Y213.714 E1430.75575
G1 X116.999 Y211.817 E1430.8256
G1 X117.872 Y209.548 E1430.90646
G1 X118.032 Y209.032 E1430.92443
G1 X118.228 Y208.73 E1430.9364
M204 S3000
M205 X10 Y10
G0 F6000 X118.04 Y208.383
M204 S1800
M205 X8 Y8
;TYPE:SKIN
G1 F1200 X118.473 Y208.124 E1430.95318
G1 X118.864 Y208.038 E1430.9665
G1 X134.055 Y208.068 E1431.47176
G1 X134.055 Y202.54 E1431.65562
G1 X133.427 Y202.977 E1431.68106
G1 X132.84 Y203.205 E1431.70201
G1 X132.792 Y203.216 E1431.70365
G1 X131.72 Y203.335 E1431.73952
G1 X131.206 Y203.248 E1431.75686
G1 X130.143 Y202.828 E1431.79488
G1 X129.78 Y202.535 E1431.81039
G1 X129.058 Y201.708 E1431.8469
G1 X128.846 Y201.247 E1431.86378
G1 X128.596 Y200.2 E1431.89958
G1 X128.612 Y199.7 E1431.91622
G1 X128.617 Y199.676 E1431.91704
G1 X128.939 Y198.502 E1431.95753
G1 X129.157 Y198.165 E1431.97088
G1 X129.915 Y197.331 E1432.00836
G1 X130.327 Y197.087 E1432.02429
G1 X131.416 Y196.693 E1432.0628
G1 X131.864 Y196.673 E1432.07772
G1 X132.798 Y196.786 E1432.10901
G1 X133.38 Y196.999 E1432.12962
G1 X134.055 Y197.485 E1432.15729
G1 X134.055 Y191.936 E1432.34185
G1 X118.837 Y191.93 E1432.848
G1 X118.345 Y191.792 E1432.865
G1 X117.978 Y191.526 E1432.88007
G1 X117.713 Y191.152 E1432.89532
G1 X116.646 Y188.329 E1432.99569
G1 X115.756 Y186.455 E1433.0647
G1 X115.216 Y185.435 E1433.10308
G1 X114.12 Y183.664 E1433.17235
G1 X113.47 Y182.705 E1433.21089
G1 X112.255 Y181.154 E1433.27642
G1 X111.437 Y180.181 E1433.3187
G1 X110.022 Y178.733 E1433.38603
G1 X109.138 Y177.895 E1433.42655
G1 X107.53 Y176.578 E1433.49568
G1 X106.632 Y175.893 E1433.53324
G1 X105.465 Y175.134 E1433.57954
G1 F1237.1 X105.036 Y174.84 E1433.59632
G1 F1304.3 X104.564 Y174.542 E1433.6134
G1 F1371.4 X104.092 Y174.243 E1433.62966
G1 F1367.5 X103.609 Y173.992 E1433.64555
G1 F1297.3 X103.091 Y173.743 E1433.66323
G1 F1230.8 X102.573 Y173.493 E1433.68189
G1 F1200 X102.008 Y173.209 E1433.70292
G1 X101 Y172.739 E1433.73991
G1 X99.061 Y172.013 E1433.80877
G1 X98.382 Y171.784 E1433.83261
G1 X97.806 Y171.6 E1433.85272
G1 X95.947 Y171.133 E1433.91647
G1 X94.761 Y170.867 E1433.9569
G1 X92.788 Y170.598 E1434.02313
G1 X91.545 Y170.459 E1434.06473
G1 X89.598 Y170.408 E1434.12951
G1 X88.308 Y170.406 E1434.17241
G1 X86.353 Y170.571 E1434.23767
G1 X85.079 Y170.706 E1434.28028
G1 X83.144 Y171.088 E1434.34588
G1 X81.9 Y171.36 E1434.38823
G1 X80.027 Y171.947 E1434.45351
G1 X78.824 Y172.351 E1434.49572
G1 X76.926 Y173.188 E1434.56472
G1 X75.863 Y173.679 E1434.60366
G1 X74.147 Y174.669 E1434.66955
G1 X73.073 Y175.317 E1434.71127
G1 X71.616 Y176.389 E1434.77144
G1 X70.468 Y177.256 E1434.81928
G1 X68.866 Y178.736 E1434.89182
G1 X68.096 Y179.464 E1434.92707
G1 X66.879 Y180.861 E1434.98869
G1 X65.976 Y181.919 E1435.03496
G1 X65.275 Y182.935 E1435.07601
G1 X64.143 Y184.589 E1435.14267
G1 X62.613 Y187.444 E1435.25041
G1 X61.389 Y190.478 E1435.35922
G1 X60.523 Y193.571 E1435.46605
G1 X59.995 Y196.769 E1435.57386
G1 X59.891 Y198.687 E1435.63774
G1 F884 X59.982 Y199.631 E1435.68056
G1 X60.346 Y198.754 E1435.72343
G1 F1200 X60.624 Y198.213 E1435.74367
G1 X60.652 Y198.173 E1435.74529
G1 X61.333 Y197.406 E1435.7794
G1 X61.786 Y197.106 E1435.79748
G1 X62.707 Y196.752 E1435.83029
G1 X63.155 Y196.665 E1435.84547
G1 X63.367 Y196.673 E1435.85253
G1 X64.537 Y196.837 E1435.89182
G1 X64.842 Y196.971 E1435.9029
G1 X65.303 Y197.284 E1435.92144
G1 X65.846 Y197.675 E1435.94369
G1 X66.133 Y198.049 E1435.95937
G1 X66.634 Y199.027 E1435.99592
G1 X66.728 Y199.459 E1436.01062
G1 X66.728 Y200.527 E1436.04615
G1 X66.705 Y200.719 E1436.05258
G1 X66.57 Y201.12 E1436.06665
G1 X66.084 Y202.035 E1436.10111
G1 X65.772 Y202.386 E1436.11673
G1 X65.269 Y202.738 E1436.13715
G1 X64.739 Y203.084 E1436.1582
G1 X64.28 Y203.217 E1436.17409
G1 X63.166 Y203.334 E1436.21135
G1 X62.705 Y203.247 E1436.22695
G1 X61.824 Y202.913 E1436.25829
G1 X61.365 Y202.618 E1436.27644
G1 X61.325 Y202.584 E1436.27818
G1 X60.655 Y201.832 E1436.31168
G1 F1167.9 X60.354 Y201.295 E1436.33272
G1 F1221.4 X60.19 Y200.482 E1436.35982
G1 F935.7 X59.96 Y200.143 E1436.3773
G1 X59.83 Y200.531 E1436.39475
G1 F1206 X59.905 Y201.304 E1436.42046
G1 F1156.6 X59.927 Y201.985 E1436.44397
G1 F1200 X59.994 Y203.231 E1436.48547
G1 X60.525 Y206.429 E1436.59329
G1 X61.394 Y209.523 E1436.70018
G1 X62.613 Y212.556 E1436.8089
G1 X64.144 Y215.414 E1436.91674
G1 X64.488 Y215.92 E1436.93709
G1 X65.98 Y218.085 E1437.02454
G1 X66.727 Y218.965 E1437.06293
G1 X68.094 Y220.537 E1437.13222
G1 X68.934 Y221.333 E1437.17071
G1 X70.476 Y222.756 E1437.2405
G1 X71.377 Y223.434 E1437.278
G1 X73.069 Y224.68 E1437.34789
G1 X74.051 Y225.27 E1437.386
G1 X75.855 Y226.319 E1437.4554
G1 X76.904 Y226.805 E1437.49386
G1 X78.821 Y227.652 E1437.56356
G1 X79.813 Y227.985 E1437.59837
G1 X81.93 Y228.654 E1437.67221
G1 X82.927 Y228.869 E1437.70613
G1 X84.639 Y229.206 E1437.76417
G1 X85.529 Y229.343 E1437.79412
G1 X86.101 Y229.405 E1437.81325
G1 X88.308 Y229.594 E1437.88693
G1 X89.461 Y229.594 E1437.92527
G1 X91.207 Y229.55 E1437.98337
G1 X91.879 Y229.504 E1438.00577
G1 X92.594 Y229.425 E1438.02969
G1 X94.755 Y229.132 E1438.10223
G1 X95.82 Y228.897 E1438.1385
G1 X97.897 Y228.378 E1438.20971
G1 X98.969 Y228.021 E1438.24729
G1 X100.914 Y227.295 E1438.31634
G1 X102.003 Y226.795 E1438.35619
G1 X102.563 Y226.512 E1438.37706
G1 F1224.5 X103.409 Y226.095 E1438.4078
G1 F1307.9 X103.87 Y225.882 E1438.4233
G1 F1352.1 X104.365 Y225.58 E1438.44042
G1 F1315.1 X104.861 Y225.277 E1438.45806
G1 F1246.8 X105.437 Y224.885 E1438.48036
G1 F1200 X106.6 Y224.128 E1438.52652
G1 X107.527 Y223.427 E1438.56517
G1 X109.074 Y222.159 E1438.6317
G1 X109.929 Y221.357 E1438.67069
G1 X111.44 Y219.815 E1438.7425
G1 X112.111 Y219.022 E1438.77705
G1 X113.472 Y217.289 E1438.85034
G1 X114.123 Y216.336 E1438.88872
G1 X115.22 Y214.563 E1438.95807
G1 X115.759 Y213.543 E1438.99644
G1 X116.646 Y211.673 E1439.06528
G1 X117.513 Y209.421 E1439.14554
G1 X117.733 Y208.779 E1439.16811
G1 X118.04 Y208.383 E1439.18478
M204 S3000
M205 X10 Y10
G0 F6000 X100.935 Y220.344
G0 X99.235 Y221.721
M204 S1800
M205 X8 Y8
G1 F1200 X99.419 Y221.059 E1439.20763
G1 X99.653 Y220.685 E1439.2223
G1 X100.359 Y219.895 E1439.25754
G1 X100.73 Y219.643 E1439.27246
G1 X101.741 Y219.26 E1439.30842
G1 X102.171 Y219.181 E1439.32296
G1 X102.741 Y219.238 E1439.34201
G1 X103.462 Y219.331 E1439.36619
G1 X103.922 Y219.538 E1439.38297
G1 X104.826 Y220.176 E1439.41977
G1 X105.155 Y220.609 E1439.43786
G1 X105.582 Y221.42 E1439.46834
G1 X105.693 Y221.727 E1439.4792
G1 X105.73 Y222.573 E1439.50736
G1 X105.727 Y223.019 E1439.5222
G1 X105.652 Y223.444 E1439.53655
G1 X105.137 Y224.463 E1439.57453
G1 F1237.1 X104.722 Y224.922 E1439.59449
G1 F1307.9 X104.283 Y225.217 E1439.61063
G1 F1383.3 X103.844 Y225.512 E1439.62589
G1 F1340.8 X103.336 Y225.712 E1439.64214
G1 F1230.8 X102.362 Y225.843 E1439.67401
G1 F1200 X101.879 Y225.815 E1439.6901
G1 X100.927 Y225.468 E1439.72381
G1 X100.497 Y225.249 E1439.73986
G1 X99.857 Y224.576 E1439.77074
G1 X99.527 Y224.146 E1439.78877
G1 X99.402 Y223.929 E1439.7971
G1 X99.25 Y223.367 E1439.81647
G1 X99.088 Y222.648 E1439.84098
G1 X99.107 Y222.241 E1439.85453
G1 X99.235 Y221.721 E1439.87234
M204 S3000
M205 X10 Y10
G0 F6000 X83.06 Y205.083
G0 X82.186 Y203.692
G0 X80.556 Y199.955
M204 S1800
M205 X8 Y8
G1 F1200 X80.656 Y199.012 E1439.90388
G1 X80.774 Y198.029 E1439.93681
G1 X80.784 Y197.987 E1439.93825
G1 X81.148 Y196.936 E1439.97524
G1 X81.464 Y196.086 E1440.0054
G1 X81.753 Y195.621 E1440.02361
G1 X82.136 Y195.009 E1440.04763
G1 X82.504 Y194.447 E1440.06997
G1 X82.965 Y193.979 E1440.09182
G1 X83.363 Y193.578 E1440.11061
G1 X83.907 Y193.048 E1440.13587
G1 X84.853 Y192.447 E1440.17315
G1 X85.624 Y191.979 E1440.20315
G1 X86.561 Y191.646 E1440.23622
G1 X87.5 Y191.333 E1440.26914
G1 X88.396 Y191.228 E1440.29915
G1 X89.453 Y191.12 E1440.33448
G1 X90.43 Y191.221 E1440.36715
G1 X91.52 Y191.374 E1440.40376
G1 X91.559 Y191.384 E1440.4051
G1 X93.285 Y191.995 E1440.466
G1 X93.91 Y192.382 E1440.49045
G1 X94.509 Y192.755 E1440.51392
G1 X95.006 Y193.084 E1440.53374
G1 X95.542 Y193.616 E1440.55886
G1 X96.397 Y194.49 E1440.59953
G1 X96.967 Y195.382 E1440.63473
G1 X97.44 Y196.15 E1440.66473
G1 X98.055 Y197.893 E1440.72621
G1 X98.193 Y198.84 E1440.75804
G1 X98.214 Y199.016 E1440.76393
G1 X98.308 Y200.127 E1440.80102
G1 X98.183 Y201.241 E1440.8383
G1 X98.098 Y201.973 E1440.86281
G1 X97.49 Y203.723 E1440.92443
G1 X97.4 Y203.926 E1440.93182
G1 X96.968 Y204.616 E1440.95889
G1 X96.358 Y205.56 E1440.99627
G1 X95.848 Y206.075 E1441.02038
G1 X95.077 Y206.849 E1441.05672
G1 X94.527 Y207.23 E1441.07897
G1 X93.403 Y207.938 E1441.12315
G1 X92.581 Y208.256 E1441.15247
G1 X91.67 Y208.563 E1441.18444
G1 X91.321 Y208.675 E1441.19663
G1 X89.575 Y208.873 E1441.25508
G1 X89.387 Y208.879 E1441.26133
G1 X88.345 Y208.768 E1441.29619
G1 X87.454 Y208.659 E1441.32604
G1 X86.559 Y208.352 E1441.35751
G1 X85.554 Y207.988 E1441.39306
G1 X84.775 Y207.505 E1441.42355
G1 X84.349 Y207.238 E1441.44027
G1 X83.87 Y206.92 E1441.45939
G1 X83.303 Y206.357 E1441.48597
G1 X82.584 Y205.64 E1441.51974
G1 X82.458 Y205.493 E1441.52618
G1 X81.741 Y204.363 E1441.57069
G1 X81.404 Y203.791 E1441.59278
G1 X81.148 Y203.062 E1441.61847
G1 X80.765 Y201.92 E1441.65854
G1 X80.656 Y200.986 E1441.68981
G1 X80.556 Y199.955 E1441.72426
M204 S3000
M205 X10 Y10
G0 F6000 X63.118 Y197.38
G0 X61.935 Y197.828
G0 X59.982 Y199.631
M204 S1800
M205 X8 Y8
G1 F712.2 X59.96 Y200.143 E1441.75298
M204 S3000
M205 X10 Y10
G0 F6000 X61.935 Y197.828
G0 X99.235 Y178.274
M204 S1800
M205 X8 Y8
G1 F1200 X99.095 Y177.666 E1441.77374
G1 X99.11 Y177.193 E1441.78948
G1 X99.347 Y176.237 E1441.82223
G1 X99.531 Y175.817 E1441.83749
G1 X99.878 Y175.399 E1441.85555
G1 X100.485 Y174.76 E1441.88487
G1 X100.929 Y174.53 E1441.9015
G1 X101.866 Y174.188 E1441.93468
G1 X102.367 Y174.157 E1441.95137
G1 F1230.8 X102.935 Y174.244 E1441.97001
G1 F1297.3 X103.504 Y174.331 E1441.98771
G1 F1367.5 X103.905 Y174.528 E1442.00075
G1 F1344.5 X104.686 Y175.057 E1442.02876
G1 F1273.2 X104.868 Y175.191 E1442.03584
G1 F1230.8 X105.137 Y175.537 E1442.05005
G1 F1200 X105.647 Y176.545 E1442.08763
G1 X105.728 Y177.007 E1442.10323
G1 X105.693 Y178.257 E1442.14482
G1 X105.57 Y178.604 E1442.15706
G1 X105.004 Y179.632 E1442.19609
G1 X104.621 Y179.977 E1442.21324
G1 X103.812 Y180.53 E1442.24583
G1 X103.363 Y180.691 E1442.2617
G1 X102.26 Y180.818 E1442.29862
G1 X101.784 Y180.756 E1442.31459
G1 X100.792 Y180.384 E1442.34983
G1 X100.365 Y180.109 E1442.36672
G1 X99.609 Y179.262 E1442.40448
G1 X99.373 Y178.816 E1442.42126
G1 X99.235 Y178.274 E1442.43987
M204 S3000
M205 X10 Y10
G0 F6000 X65.782 Y182.553
M204 S1800
M205 X8 Y8
G1 F1200 X71.933 Y176.401 E1442.72921
G1 X72.003 Y176.331
M204 S3000
M205 X10 Y10
G0 F6000 X73.772 Y175.129
M204 S1800
M205 X8 Y8
G1 F1200 X64.543 Y184.357 E1443.16329
G1 X64.473 Y184.427
M204 S3000
M205 X10 Y10
G0 F6000 X63.782 Y185.684
M204 S1800
M205 X8 Y8
G1 F1200 X75.143 Y174.323 E1443.69768
G1 X75.213 Y174.253
M204 S3000
M205 X10 Y10
G0 F6000 X76.363 Y173.668
M204 S1800
M205 X8 Y8
G1 F1200 X63.129 Y186.903 E1444.32019
G1 X63.059 Y186.973
M204 S3000
M205 X10 Y10
G0 F6000 X62.608 Y187.989
M204 S1800
M205 X8 Y8
G1 F1200 X77.404 Y173.194 E1445.01613
G1 X77.474 Y173.124
M204 S3000
M205 X10 Y10
G0 F6000 X78.416 Y172.748
M204 S1800
M205 X8 Y8
G1 F1200 X62.226 Y188.938 E1445.77765
G1 X62.156 Y189.008
M204 S3000
M205 X10 Y10
G0 F6000 X61.844 Y189.885
M204 S1800
M205 X8 Y8
G1 F1200 X79.342 Y172.387 E1446.60071
G1 X79.412 Y172.317
M204 S3000
M205 X10 Y10
G0 F6000 X80.19 Y172.104
M204 S1800
M205 X8 Y8
G1 F1200 X61.511 Y190.783 E1447.47931
G1 X61.441 Y190.853
M204 S3000
M205 X10 Y10
G0 F6000 X61.292 Y191.569
M204 S1800
M205 X8 Y8
G1 F1200 X81.015 Y171.846 E1448.40702
G1 X81.085 Y171.776
M204 S3000
M205 X10 Y10
G0 F6000 X81.838 Y171.588
M204 S1800
M205 X8 Y8
G1 F1200 X61.071 Y192.355 E1449.38383
G1 X61.001 Y192.425
M204 S3000
M205 X10 Y10
G0 F6000 X60.851 Y193.141
M204 S1800
M205 X8 Y8
G1 F1200 X82.575 Y171.417 E1450.40566
M204 S3000
M205 X10 Y10
G0 F6000 X83.297 Y171.26
M204 S1800
M205 X8 Y8
G1 F1200 X60.674 Y193.883 E1451.46978
M204 S3000
M205 X10 Y10
G0 F6000 X60.562 Y194.561
M204 S1800
M205 X8 Y8
G1 F1200 X84.002 Y171.121 E1452.57233
M204 S3000
M205 X10 Y10
G0 F6000 X84.707 Y170.982
M204 S1800
M205 X8 Y8
G1 F1200 X60.45 Y195.239 E1453.7133
M204 S3000
M205 X10 Y10
G0 F6000 X60.338 Y195.917
M204 S1800
M205 X8 Y8
G1 F1200 X85.381 Y170.874 E1454.89125
M204 S3000
M205 X10 Y10
G0 F6000 X86.013 Y170.808
M204 S1800
M205 X8 Y8
G1 F1200 X60.226 Y196.594 E1456.10417
M204 S3000
M205 X10 Y10
G0 F6000 X60.174 Y197.212
M204 S1800
M205 X8 Y8
G1 F1200 X86.641 Y170.745 E1457.34909
M204 S3000
M205 X10 Y10
G0 F6000 X87.259 Y170.693
M204 S1800
M205 X8 Y8
G1 F1200 X60.14 Y197.811 E1458.62466
M204 S3000
M205 X10 Y10
G0 F6000 X60.681 Y197.837
M204 S1800
M205 X8 Y8
G1 F1200 X60.107 Y198.41 E1458.65164
G1 X60.037 Y198.48
M204 S3000
M205 X10 Y10
G0 F6000 X61.391 Y197.126
M204 S1800
M205 X8 Y8
G1 F1200 X87.876 Y170.641 E1459.89741
M204 S3000
M205 X10 Y10
G0 F6000 X88.478 Y170.605
M204 S1800
M205 X8 Y8
G1 F1200 X62.448 Y196.635 E1461.12178
M204 S3000
M205 X10 Y10
G0 F6000 X63.178 Y196.471
M204 S1800
M205 X8 Y8
G1 F1200 X89.041 Y170.607 E1462.33832
M204 S3000
M205 X10 Y10
G0 F6000 X89.604 Y170.61
M204 S1800
M205 X8 Y8
G1 F1200 X63.696 Y196.519 E1463.55698
M204 S3000
M205 X10 Y10
G0 F6000 X64.193 Y196.587
M204 S1800
M205 X8 Y8
G1 F1200 X90.158 Y170.622 E1464.77829
M204 S3000
M205 X10 Y10
G0 F6000 X90.709 Y170.636
M204 S1800
M205 X8 Y8
G1 F1200 X64.664 Y196.681 E1466.00337
M204 S3000
M205 X10 Y10
G0 F6000 X65.045 Y196.867
M204 S1800
M205 X8 Y8
G1 F1200 X91.261 Y170.651 E1467.23649
M204 S3000
M205 X10 Y10
G0 F6000 X91.79 Y170.687
M204 S1800
M205 X8 Y8
G1 F1200 X65.382 Y197.095 E1468.47864
M204 S3000
M205 X10 Y10
G0 F6000 X65.712 Y197.331
M204 S1800
M205 X8 Y8
G1 F1200 X92.298 Y170.745 E1469.72917
M204 S3000
M205 X10 Y10
G0 F6000 X92.806 Y170.803
M204 S1800
M205 X8 Y8
G1 F1200 X66.021 Y197.588 E1470.98905
M204 S3000
M205 X10 Y10
G0 F6000 X66.275 Y197.899
M204 S1800
M205 X8 Y8
G1 F1200 X93.304 Y170.87 E1472.26041
M204 S3000
M205 X10 Y10
G0 F6000 X93.803 Y170.937
M204 S1800
M205 X8 Y8
G1 F1200 X66.469 Y198.271 E1473.54612
M204 S3000
M205 X10 Y10
G0 F6000 X66.662 Y198.643
M204 S1800
M205 X8 Y8
G1 F1200 X94.301 Y171.005 E1474.84615
M204 S3000
M205 X10 Y10
G0 F6000 X94.794 Y171.078
M204 S1800
M205 X8 Y8
G1 F1200 X66.832 Y199.039 E1476.16137
M204 S3000
M205 X10 Y10
G0 F6000 X66.926 Y199.51
M204 S1800
M205 X8 Y8
G1 F1200 X95.255 Y171.182 E1477.49386
M204 S3000
M205 X10 Y10
G0 F6000 X95.716 Y171.286
M204 S1800
M205 X8 Y8
G1 F1200 X66.924 Y200.078 E1478.84815
M204 S3000
M205 X10 Y10
G0 F6000 X66.914 Y200.654
M204 S1800
M205 X8 Y8
G1 F1200 X96.174 Y171.394 E1480.22445
M204 S3000
M205 X10 Y10
G0 F6000 X96.626 Y171.508
M204 S1800
M205 X8 Y8
G1 F1200 X66.545 Y201.589 E1481.63937
G1 X66.475 Y201.659
M204 S3000
M205 X10 Y10
G0 F6000 X64.96 Y203.174
M204 S1800
M205 X8 Y8
G1 F1200 X60.946 Y207.188 E1481.82817
M204 S3000
M205 X10 Y10
G0 F6000 X61.07 Y207.629
M204 S1800
M205 X8 Y8
G1 F1200 X97.077 Y171.622 E1483.52183
M204 S3000
M205 X10 Y10
G0 F6000 X97.529 Y171.736
M204 S1800
M205 X8 Y8
G1 F1200 X61.195 Y208.071 E1485.23089
M204 S3000
M205 X10 Y10
G0 F6000 X61.318 Y208.513
M204 S1800
M205 X8 Y8
G1 F1200 X97.973 Y171.858 E1486.95503
M204 S3000
M205 X10 Y10
G0 F6000 X98.397 Y172
M204 S1800
M205 X8 Y8
G1 F1200 X61.443 Y208.954 E1488.69324
M204 S3000
M205 X10 Y10
G0 F6000 X61.567 Y209.396
M204 S1800
M205 X8 Y8
G1 F1200 X98.82 Y172.143 E1490.4455
M204 S3000
M205 X10 Y10
G0 F6000 X99.237 Y172.291
M204 S1800
M205 X8 Y8
G1 F1200 X61.724 Y209.804 E1492.21
M204 S3000
M205 X10 Y10
G0 F6000 X61.885 Y210.208
M204 S1800
M205 X8 Y8
G1 F1200 X99.649 Y172.445 E1493.98628
M204 S3000
M205 X10 Y10
G0 F6000 X100.059 Y172.6
M204 S1800
M205 X8 Y8
G1 F1200 X62.048 Y210.611 E1495.7742
M204 S3000
M205 X10 Y10
G0 F6000 X62.21 Y211.015
M204 S1800
M205 X8 Y8
G1 F1200 X100.471 Y172.754 E1497.57388
M204 S3000
M205 X10 Y10
G0 F6000 X100.882 Y172.909
M204 S1800
M205 X8 Y8
G1 F1200 X62.372 Y211.419 E1499.38527
M204 S3000
M205 X10 Y10
G0 F6000 X62.534 Y211.823
M204 S1800
M205 X8 Y8
G1 F1200 X101.271 Y173.086 E1501.20734
M204 S3000
M205 X10 Y10
G0 F6000 X101.656 Y173.266
M204 S1800
M205 X8 Y8
G1 F1200 X62.696 Y212.226 E1503.0399
M204 S3000
M205 X10 Y10
G0 F6000 X62.872 Y212.616
M204 S1800
M205 X8 Y8
G1 F1200 X99.104 Y176.384 E1504.74414
M204 S3000
M205 X10 Y10
G0 F6000 X98.919 Y177.135
M204 S1800
M205 X8 Y8
G1 F1200 X63.07 Y212.984 E1506.43037
M204 S3000
M205 X10 Y10
G0 F6000 X63.267 Y213.352
M204 S1800
M205 X8 Y8
G1 F1200 X98.902 Y177.717 E1508.10653
M204 S3000
M205 X10 Y10
G0 F6000 X99.007 Y178.178
M204 S1800
M205 X8 Y8
G1 F1200 X85.161 Y192.024 E1508.7578
G1 X85.091 Y192.094
M204 S3000
M205 X10 Y10
G0 F6000 X86.181 Y191.57
M204 S1800
M205 X8 Y8
G1 F1200 X99.118 Y178.632 E1509.36634
M204 S3000
M205 X10 Y10
G0 F6000 X99.27 Y179.047
M204 S1800
M205 X8 Y8
G1 F1200 X87.042 Y191.274 E1509.94149
M204 S3000
M205 X10 Y10
G0 F6000 X87.784 Y191.098
M204 S1800
M205 X8 Y8
G1 F1200 X99.475 Y179.407 E1510.4914
M204 S3000
M205 X10 Y10
G0 F6000 X99.74 Y179.707
M204 S1800
M205 X8 Y8
G1 F1200 X88.425 Y191.022 E1511.02362
M204 S3000
M205 X10 Y10
G0 F6000 X89.052 Y190.961
M204 S1800
M205 X8 Y8
G1 F1200 X100.007 Y180.006 E1511.53891
M204 S3000
M205 X10 Y10
G0 F6000 X100.287 Y180.292
M204 S1800
M205 X8 Y8
G1 F1200 X89.643 Y190.936 E1512.03957
M204 S3000
M205 X10 Y10
G0 F6000 X90.154 Y190.99
M204 S1800
M205 X8 Y8
G1 F1200 X100.626 Y180.518 E1512.53214
M204 S3000
M205 X10 Y10
G0 F6000 X101.028 Y180.682
M204 S1800
M205 X8 Y8
G1 F1200 X90.659 Y191.051 E1513.01987
M204 S3000
M205 X10 Y10
G0 F6000 X91.154 Y191.122
M204 S1800
M205 X8 Y8
G1 F1200 X101.438 Y180.838 E1513.5036
M204 S3000
M205 X10 Y10
G0 F6000 X101.872 Y180.97
M204 S1800
M205 X8 Y8
G1 F1200 X91.639 Y191.203 E1513.98492
M204 S3000
M205 X10 Y10
G0 F6000 X92.058 Y191.35
M204 S1800
M205 X8 Y8
G1 F1200 X102.407 Y181 E1514.47173
M204 S3000
M205 X10 Y10
G0 F6000 X103.047 Y180.926
M204 S1800
M205 X8 Y8
G1 F1200 X92.476 Y191.497 E1514.96896
M204 S3000
M205 X10 Y10
G0 F6000 X92.894 Y191.645
M204 S1800
M205 X8 Y8
G1 F1200 X103.787 Y180.752 E1515.48133
G1 X103.857 Y180.682
M204 S3000
M205 X10 Y10
G0 F6000 X105.624 Y178.915
M204 S1800
M205 X8 Y8
G1 F1200 X107.625 Y176.913 E1515.57548
M204 S3000
M205 X10 Y10
G0 F6000 X107.31 Y176.663
M204 S1800
M205 X8 Y8
G1 F1200 X105.901 Y178.072 E1515.64175
M204 S3000
M205 X10 Y10
G0 F6000 X105.928 Y177.479
M204 S1800
M205 X8 Y8
G1 F1200 X106.99 Y176.418 E1515.69168
M204 S3000
M205 X10 Y10
G0 F6000 X106.669 Y176.172
M204 S1800
M205 X8 Y8
G1 F1200 X105.919 Y176.923 E1515.72698
M204 S3000
M205 X10 Y10
G0 F6000 X105.824 Y176.452
M204 S1800
M205 X8 Y8
G1 F1200 X106.336 Y175.94 E1515.75107
M204 S3000
M205 X10 Y10
G0 F6000 X105.994 Y175.716
M204 S1800
M205 X8 Y8
G1 F1200 X105.633 Y176.078 E1515.76807
M204 S3000
M205 X10 Y10
G0 F6000 X105.441 Y175.704
M204 S1800
M205 X8 Y8
G1 F1200 X105.652 Y175.493 E1515.778
M204 S3000
M205 X10 Y10
G0 F6000 X105.313 Y175.266
M204 S1800
M205 X8 Y8
G1 F1200 X105.242 Y175.337 E1515.78134
M204 S3000
M205 X10 Y10
G0 F6000 X103.189 Y173.996
M204 S1800
M205 X8 Y8
G1 F1200 X103.105 Y174.08 E1515.78529
M204 S3000
M205 X10 Y10
G0 F6000 X102.802 Y173.818
M204 S1800
M205 X8 Y8
G1 F1200 X102.623 Y173.997 E1515.79371
M204 S3000
M205 X10 Y10
G0 F6000 X102.416 Y173.637
M204 S1800
M205 X8 Y8
G1 F1200 X102.081 Y173.973 E1515.80949
M204 S3000
M205 X10 Y10
G0 F6000 X102.04 Y173.448
M204 S1800
M205 X8 Y8
G1 F1200 X101.308 Y174.18 E1515.84392
G1 X101.238 Y174.25
M204 S3000
M205 X10 Y10
G0 F6000 X102.964 Y174.869
G0 X107.937 Y177.168
M204 S1800
M205 X8 Y8
G1 F1200 X93.312 Y191.792 E1516.53181
M204 S3000
M205 X10 Y10
G0 F6000 X93.671 Y191.999
M204 S1800
M205 X8 Y8
G1 F1200 X108.248 Y177.422 E1517.21747
M204 S3000
M205 X10 Y10
G0 F6000 X108.559 Y177.677
M204 S1800
M205 X8 Y8
G1 F1200 X94.02 Y192.216 E1517.90134
M204 S3000
M205 X10 Y10
G0 F6000 X94.369 Y192.432
M204 S1800
M205 X8 Y8
G1 F1200 X108.87 Y177.932 E1518.5834
M204 S3000
M205 X10 Y10
G0 F6000 X109.169 Y178.198
M204 S1800
M205 X8 Y8
G1 F1200 X94.715 Y192.652 E1519.26327
M204 S3000
M205 X10 Y10
G0 F6000 X95.057 Y192.876
M204 S1800
M205 X8 Y8
G1 F1200 X109.459 Y178.474 E1519.94069
M204 S3000
M205 X10 Y10
G0 F6000 X109.749 Y178.75
M204 S1800
M205 X8 Y8
G1 F1200 X95.352 Y193.146 E1520.61786
M204 S3000
M205 X10 Y10
G0 F6000 X95.636 Y193.428
M204 S1800
M205 X8 Y8
G1 F1200 X110.034 Y179.03 E1521.2951
M204 S3000
M205 X10 Y10
G0 F6000 X110.313 Y179.317
M204 S1800
M205 X8 Y8
G1 F1200 X95.918 Y193.712 E1521.9722
M204 S3000
M205 X10 Y10
G0 F6000 X96.197 Y193.998
M204 S1800
M205 X8 Y8
G1 F1200 X110.593 Y179.603 E1522.64932
M204 S3000
M205 X10 Y10
G0 F6000 X110.872 Y179.889
M204 S1800
M205 X8 Y8
G1 F1200 X96.477 Y194.284 E1523.32641
M204 S3000
M205 X10 Y10
G0 F6000 X96.715 Y194.612
M204 S1800
M205 X8 Y8
G1 F1200 X111.152 Y180.175 E1524.00548
M204 S3000
M205 X10 Y10
G0 F6000 X111.42 Y180.472
M204 S1800
M205 X8 Y8
G1 F1200 X96.935 Y194.958 E1524.68684
M204 S3000
M205 X10 Y10
G0 F6000 X97.155 Y195.304
M204 S1800
M205 X8 Y8
G1 F1200 X111.678 Y180.781 E1525.36996
M204 S3000
M205 X10 Y10
G0 F6000 X111.936 Y181.088
M204 S1800
M205 X8 Y8
G1 F1200 X97.37 Y195.655 E1526.05512
M204 S3000
M205 X10 Y10
G0 F6000 X97.584 Y196.005
M204 S1800
M205 X8 Y8
G1 F1200 X112.192 Y181.398 E1526.74221
M204 S3000
M205 X10 Y10
G0 F6000 X112.44 Y181.715
M204 S1800
M205 X8 Y8
G1 F1200 X97.744 Y196.412 E1527.43349
M204 S3000
M205 X10 Y10
G0 F6000 X97.891 Y196.83
M204 S1800
M205 X8 Y8
G1 F1200 X112.689 Y182.032 E1528.12954
M204 S3000
M205 X10 Y10
G0 F6000 X112.937 Y182.35
M204 S1800
M205 X8 Y8
G1 F1200 X98.04 Y197.247 E1528.83025
M204 S3000
M205 X10 Y10
G0 F6000 X98.188 Y197.665
M204 S1800
M205 X8 Y8
G1 F1200 X113.185 Y182.667 E1529.53569
M204 S3000
M205 X10 Y10
G0 F6000 X113.424 Y182.994
M204 S1800
M205 X8 Y8
G1 F1200 X98.309 Y198.11 E1530.24667
M204 S3000
M205 X10 Y10
G0 F6000 X98.369 Y198.615
M204 S1800
M205 X8 Y8
G1 F1200 X113.653 Y183.331 E1530.96559
M204 S3000
M205 X10 Y10
G0 F6000 X113.881 Y183.668
M204 S1800
M205 X8 Y8
G1 F1200 X98.424 Y199.126 E1531.69266
M204 S3000
M205 X10 Y10
G0 F6000 X98.467 Y199.648
M204 S1800
M205 X8 Y8
G1 F1200 X114.101 Y184.014 E1532.42804
M204 S3000
M205 X10 Y10
G0 F6000 X114.317 Y184.363
M204 S1800
M205 X8 Y8
G1 F1200 X98.505 Y200.176 E1533.17181
M204 S3000
M205 X10 Y10
G0 F6000 X98.432 Y200.815
M204 S1800
M205 X8 Y8
G1 F1200 X114.533 Y184.713 E1533.92917
M204 S3000
M205 X10 Y10
G0 F6000 X114.749 Y185.063
M204 S1800
M205 X8 Y8
G1 F1200 X98.358 Y201.454 E1534.70015
M204 S3000
M205 X10 Y10
G0 F6000 X98.256 Y202.122
M204 S1800
M205 X8 Y8
G1 F1200 X114.966 Y185.412 E1535.48614
M204 S3000
M205 X10 Y10
G0 F6000 X115.169 Y185.775
M204 S1800
M205 X8 Y8
G1 F1200 X97.956 Y202.987 E1536.29577
G1 X97.886 Y203.057
M204 S3000
M205 X10 Y10
G0 F6000 X97.645 Y203.864
M204 S1800
M205 X8 Y8
G1 F1200 X115.365 Y186.145 E1537.12924
M204 S3000
M205 X10 Y10
G0 F6000 X115.561 Y186.514
M204 S1800
M205 X8 Y8
G1 F1200 X96.739 Y205.336 E1538.01457
G1 X96.669 Y205.406
M204 S3000
M205 X10 Y10
G0 F6000 X94.765 Y207.31
M204 S1800
M205 X8 Y8
G1 F1200 X75.939 Y226.136 E1538.90008
M204 S3000
M205 X10 Y10
G0 F6000 X75.581 Y225.928
M204 S1800
M205 X8 Y8
G1 F1200 X93.31 Y208.199 E1539.734
G1 X93.38 Y208.129
M204 S3000
M205 X10 Y10
G0 F6000 X92.43 Y208.513
M204 S1800
M205 X8 Y8
G1 F1200 X75.224 Y225.719 E1540.54332
M204 S3000
M205 X10 Y10
G0 F6000 X74.867 Y225.511
M204 S1800
M205 X8 Y8
G1 F1200 X91.575 Y208.803 E1541.32921
M204 S3000
M205 X10 Y10
G0 F6000 X90.89 Y208.922
M204 S1800
M205 X8 Y8
G1 F1200 X74.509 Y225.304 E1542.09975
M204 S3000
M205 X10 Y10
G0 F6000 X74.152 Y225.095
M204 S1800
M205 X8 Y8
G1 F1200 X90.253 Y208.993 E1542.85711
M204 S3000
M205 X10 Y10
G0 F6000 X89.622 Y209.058
M204 S1800
M205 X8 Y8
G1 F1200 X73.797 Y224.884 E1543.60149
M204 S3000
M205 X10 Y10
G0 F6000 X73.444 Y224.671
M204 S1800
M205 X8 Y8
G1 F1200 X89.073 Y209.042 E1544.33663
M204 S3000
M205 X10 Y10
G0 F6000 X88.56 Y208.99
M204 S1800
M205 X8 Y8
G1 F1200 X73.098 Y224.451 E1545.0639
M204 S3000
M205 X10 Y10
G0 F6000 X72.773 Y224.211
M204 S1800
M205 X8 Y8
G1 F1200 X88.052 Y208.932 E1545.78257
M204 S3000
M205 X10 Y10
G0 F6000 X87.548 Y208.87
M204 S1800
M205 X8 Y8
G1 F1200 X72.448 Y223.971 E1546.49285
M204 S3000
M205 X10 Y10
G0 F6000 X72.122 Y223.73
M204 S1800
M205 X8 Y8
G1 F1200 X87.105 Y208.747 E1547.19761
M204 S3000
M205 X10 Y10
G0 F6000 X86.683 Y208.604
M204 S1800
M205 X8 Y8
G1 F1200 X71.797 Y223.49 E1547.8978
M204 S3000
M205 X10 Y10
G0 F6000 X71.472 Y223.249
M204 S1800
M205 X8 Y8
G1 F1200 X86.265 Y208.456 E1548.59362
M204 S3000
M205 X10 Y10
G0 F6000 X85.85 Y208.305
M204 S1800
M205 X8 Y8
G1 F1200 X71.146 Y223.009 E1549.28525
M204 S3000
M205 X10 Y10
G0 F6000 X70.823 Y222.766
M204 S1800
M205 X8 Y8
G1 F1200 X85.44 Y208.15 E1549.97276
M204 S3000
M205 X10 Y10
G0 F6000 X85.091 Y207.933
M204 S1800
M205 X8 Y8
G1 F1200 X70.509 Y222.515 E1550.65866
M204 S3000
M205 X10 Y10
G0 F6000 X70.216 Y222.242
M204 S1800
M205 X8 Y8
G1 F1200 X84.741 Y207.717 E1551.34187
M204 S3000
M205 X10 Y10
G0 F6000 X84.393 Y207.5
M204 S1800
M205 X8 Y8
G1 F1200 X69.922 Y221.971 E1552.02254
M204 S3000
M205 X10 Y10
G0 F6000 X69.628 Y221.699
M204 S1800
M205 X8 Y8
G1 F1200 X84.048 Y207.279 E1552.70081
M204 S3000
M205 X10 Y10
G0 F6000 X83.716 Y207.045
M204 S1800
M205 X8 Y8
G1 F1200 X69.333 Y221.428 E1553.37735
M204 S3000
M205 X10 Y10
G0 F6000 X69.039 Y221.156
M204 S1800
M205 X8 Y8
G1 F1200 X83.432 Y206.764 E1554.05432
M204 S3000
M205 X10 Y10
G0 F6000 X83.148 Y206.482
M204 S1800
M205 X8 Y8
G1 F1200 X68.749 Y220.881 E1554.73161
M204 S3000
M205 X10 Y10
G0 F6000 X68.458 Y220.606
M204 S1800
M205 X8 Y8
G1 F1200 X82.864 Y206.2 E1555.40922
M204 S3000
M205 X10 Y10
G0 F6000 X82.583 Y205.915
M204 S1800
M205 X8 Y8
G1 F1200 X68.175 Y220.323 E1556.08693
M204 S3000
M205 X10 Y10
G0 F6000 X67.912 Y220.021
M204 S1800
M205 X8 Y8
G1 F1200 X82.31 Y205.623 E1556.76417
M204 S3000
M205 X10 Y10
G0 F6000 X82.089 Y205.278
M204 S1800
M205 X8 Y8
G1 F1200 X67.649 Y219.718 E1557.44338
M204 S3000
M205 X10 Y10
G0 F6000 X67.386 Y219.415
M204 S1800
M205 X8 Y8
G1 F1200 X81.868 Y204.933 E1558.12457
M204 S3000
M205 X10 Y10
G0 F6000 X81.648 Y204.588
M204 S1800
M205 X8 Y8
G1 F1200 X67.123 Y219.113 E1558.80778
M204 S3000
M205 X10 Y10
G0 F6000 X66.86 Y218.81
M204 S1800
M205 X8 Y8
G1 F1200 X81.436 Y204.235 E1559.49337
M204 S3000
M205 X10 Y10
G0 F6000 X81.226 Y203.878
M204 S1800
M205 X8 Y8
G1 F1200 X66.6 Y218.505 E1560.18136
M204 S3000
M205 X10 Y10
G0 F6000 X66.34 Y218.199
M204 S1800
M205 X8 Y8
G1 F1200 X81.077 Y203.462 E1560.87454
M204 S3000
M205 X10 Y10
G0 F6000 X80.931 Y203.042
M204 S1800
M205 X8 Y8
G1 F1200 X66.087 Y217.886 E1561.57275
M204 S3000
M205 X10 Y10
G0 F6000 X65.857 Y217.551
M204 S1800
M205 X8 Y8
G1 F1200 X80.789 Y202.618 E1562.27513
M204 S3000
M205 X10 Y10
G0 F6000 X80.646 Y202.195
M204 S1800
M205 X8 Y8
G1 F1200 X65.626 Y217.216 E1562.98165
M204 S3000
M205 X10 Y10
G0 F6000 X65.396 Y216.88
M204 S1800
M205 X8 Y8
G1 F1200 X80.543 Y201.733 E1563.69412
M204 S3000
M205 X10 Y10
G0 F6000 X80.483 Y201.227
M204 S1800
M205 X8 Y8
G1 F1200 X65.165 Y216.545 E1564.41463
M204 S3000
M205 X10 Y10
G0 F6000 X64.935 Y216.21
M204 S1800
M205 X8 Y8
G1 F1200 X80.429 Y200.715 E1565.14345
M204 S3000
M205 X10 Y10
G0 F6000 X80.381 Y200.198
M204 S1800
M205 X8 Y8
G1 F1200 X64.704 Y215.875 E1565.88084
M204 S3000
M205 X10 Y10
G0 F6000 X64.473 Y215.54
M204 S1800
M205 X8 Y8
G1 F1200 X80.388 Y199.625 E1566.62944
M204 S3000
M205 X10 Y10
G0 F6000 X80.456 Y198.992
M204 S1800
M205 X8 Y8
G1 F1200 X64.254 Y215.194 E1567.39153
M204 S3000
M205 X10 Y10
G0 F6000 X64.056 Y214.826
M204 S1800
M205 X8 Y8
G1 F1200 X80.535 Y198.347 E1568.16665
M204 S3000
M205 X10 Y10
G0 F6000 X80.702 Y197.615
M204 S1800
M205 X8 Y8
G1 F1200 X63.859 Y214.457 E1568.95887
M204 S3000
M205 X10 Y10
G0 F6000 X63.662 Y214.089
M204 S1800
M205 X8 Y8
G1 F1200 X81.006 Y196.745 E1569.77468
G1 X81.076 Y196.675
M204 S3000
M205 X10 Y10
G0 F6000 X81.446 Y195.739
M204 S1800
M205 X8 Y8
G1 F1200 X63.464 Y213.72 E1570.62047
G1 X63.394 Y213.79
M204 S3000
M205 X10 Y10
G0 F6000 X60.822 Y206.746
M204 S1800
M205 X8 Y8
G1 F1200 X64.137 Y203.431 E1570.7764
M204 S3000
M205 X10 Y10
G0 F6000 X63.508 Y203.495
M204 S1800
M205 X8 Y8
G1 F1200 X60.705 Y206.297 E1570.90822
M204 S3000
M205 X10 Y10
G0 F6000 X60.625 Y205.811
M204 S1800
M205 X8 Y8
G1 F1200 X62.941 Y203.496 E1571.01714
M204 S3000
M205 X10 Y10
G0 F6000 X62.494 Y203.378
M204 S1800
M205 X8 Y8
G1 F1200 X60.546 Y205.326 E1571.10876
M204 S3000
M205 X10 Y10
G0 F6000 X60.466 Y204.84
M204 S1800
M205 X8 Y8
G1 F1200 X62.086 Y203.219 E1571.18499
M204 S3000
M205 X10 Y10
G0 F6000 X61.679 Y203.061
M204 S1800
M205 X8 Y8
G1 F1200 X60.386 Y204.354 E1571.24581
M204 S3000
M205 X10 Y10
G0 F6000 X60.306 Y203.868
M204 S1800
M205 X8 Y8
G1 F1200 X61.341 Y202.833 E1571.29449
M204 S3000
M205 X10 Y10
G0 F6000 X61.042 Y202.567
M204 S1800
M205 X8 Y8
G1 F1200 X60.226 Y203.383 E1571.33287
M204 S3000
M205 X10 Y10
G0 F6000 X60.175 Y202.868
M204 S1800
M205 X8 Y8
G1 F1200 X60.775 Y202.267 E1571.36112
M204 S3000
M205 X10 Y10
G0 F6000 X60.509 Y201.968
M204 S1800
M205 X8 Y8
G1 F1200 X60.147 Y202.33 E1571.37814
M204 S3000
M205 X10 Y10
G0 F6000 X60.125 Y201.787
M204 S1800
M205 X8 Y8
G1 F1200 X60.299 Y201.613 E1571.38633
M204 S3000
M205 X10 Y10
G0 F6000 X76.325 Y226.316
M204 S1800
M205 X8 Y8
G1 F1200 X115.744 Y186.896 E1573.2405
M204 S3000
M205 X10 Y10
G0 F6000 X115.926 Y187.28
M204 S1800
M205 X8 Y8
G1 F1200 X76.711 Y226.496 E1575.08508
M204 S3000
M205 X10 Y10
G0 F6000 X77.101 Y226.671
M204 S1800
M205 X8 Y8
G1 F1200 X116.109 Y187.664 E1576.91987
M204 S3000
M205 X10 Y10
G0 F6000 X116.291 Y188.047
M204 S1800
M205 X8 Y8
G1 F1200 X77.493 Y226.845 E1578.74481
M204 S3000
M205 X10 Y10
G0 F6000 X77.885 Y227.018
M204 S1800
M205 X8 Y8
G1 F1200 X116.471 Y188.432 E1580.55978
M204 S3000
M205 X10 Y10
G0 F6000 X116.627 Y188.842
M204 S1800
M205 X8 Y8
G1 F1200 X78.277 Y227.192 E1582.36364
M204 S3000
M205 X10 Y10
G0 F6000 X78.669 Y227.365
M204 S1800
M205 X8 Y8
G1 F1200 X116.782 Y189.252 E1584.15636
M204 S3000
M205 X10 Y10
G0 F6000 X116.938 Y189.663
M204 S1800
M205 X8 Y8
G1 F1200 X79.075 Y227.525 E1585.9373
M204 S3000
M205 X10 Y10
G0 F6000 X79.499 Y227.667
M204 S1800
M205 X8 Y8
G1 F1200 X117.094 Y190.073 E1587.70563
M204 S3000
M205 X10 Y10
G0 F6000 X117.249 Y190.483
M204 S1800
M205 X8 Y8
G1 F1200 X79.924 Y227.807 E1589.46126
M204 S3000
M205 X10 Y10
G0 F6000 X80.354 Y227.944
M204 S1800
M205 X8 Y8
G1 F1200 X117.405 Y190.893 E1591.20402
M204 S3000
M205 X10 Y10
G0 F6000 X117.567 Y191.297
M204 S1800
M205 X8 Y8
G1 F1200 X80.784 Y228.08 E1592.93418
M204 S3000
M205 X10 Y10
G0 F6000 X81.213 Y228.216
M204 S1800
M205 X8 Y8
G1 F1200 X117.806 Y191.623 E1594.65541
M204 S3000
M205 X10 Y10
G0 F6000 X118.121 Y191.874
M204 S1800
M205 X8 Y8
G1 F1200 X81.643 Y228.352 E1596.37122
M204 S3000
M205 X10 Y10
G0 F6000 X82.08 Y228.481
M204 S1800
M205 X8 Y8
G1 F1200 X118.513 Y192.047 E1598.08494
M204 S3000
M205 X10 Y10
G0 F6000 X118.996 Y192.13
M204 S1800
M205 X8 Y8
G1 F1200 X82.546 Y228.58 E1599.79944
M204 S3000
M205 X10 Y10
G0 F6000 X83.013 Y228.679
M204 S1800
M205 X8 Y8
G1 F1200 X119.562 Y192.13 E1601.51859
M204 S3000
M205 X10 Y10
G0 F6000 X120.128 Y192.13
M204 S1800
M205 X8 Y8
G1 F1200 X83.485 Y228.773 E1603.24216
M204 S3000
M205 X10 Y10
G0 F6000 X83.956 Y228.867
M204 S1800
M205 X8 Y8
G1 F1200 X120.693 Y192.13 E1604.97016
M204 S3000
M205 X10 Y10
G0 F6000 X121.258 Y192.13
M204 S1800
M205 X8 Y8
G1 F1200 X84.429 Y228.96 E1606.70251
M204 S3000
M205 X10 Y10
G0 F6000 X84.9 Y229.054
M204 S1800
M205 X8 Y8
G1 F1200 X121.824 Y192.13 E1608.4393
M204 S3000
M205 X10 Y10
G0 F6000 X122.39 Y192.13
M204 S1800
M205 X8 Y8
G1 F1200 X85.394 Y229.126 E1610.17948
M204 S3000
M205 X10 Y10
G0 F6000 X85.904 Y229.181
M204 S1800
M205 X8 Y8
G1 F1200 X122.955 Y192.13 E1611.92224
M204 S3000
M205 X10 Y10
G0 F6000 X123.52 Y192.131
M204 S1800
M205 X8 Y8
G1 F1200 X86.424 Y229.228 E1613.66715
M204 S3000
M205 X10 Y10
G0 F6000 X86.944 Y229.273
M204 S1800
M205 X8 Y8
G1 F1200 X124.086 Y192.131 E1615.41419
M204 S3000
M205 X10 Y10
G0 F6000 X124.652 Y192.131
M204 S1800
M205 X8 Y8
G1 F1200 X87.464 Y229.319 E1617.1634
M204 S3000
M205 X10 Y10
G0 F6000 X87.984 Y229.364
M204 S1800
M205 X8 Y8
G1 F1200 X125.218 Y192.131 E1618.91475
M204 S3000
M205 X10 Y10
G0 F6000 X125.782 Y192.132
M204 S1800
M205 X8 Y8
G1 F1200 X88.521 Y229.393 E1620.6674
M204 S3000
M205 X10 Y10
G0 F6000 X89.087 Y229.393
M204 S1800
M205 X8 Y8
G1 F1200 X126.348 Y192.132 E1622.42004
M204 S3000
M205 X10 Y10
G0 F6000 X126.914 Y192.132
M204 S1800
M205 X8 Y8
G1 F1200 X89.658 Y229.388 E1624.17245
M204 S3000
M205 X10 Y10
G0 F6000 X90.238 Y229.373
M204 S1800
M205 X8 Y8
G1 F1200 X127.479 Y192.132 E1625.92415
M204 S3000
M205 X10 Y10
G0 F6000 X128.045 Y192.132
M204 S1800
M205 X8 Y8
G1 F1200 X100.758 Y219.419 E1627.20765
G1 X100.688 Y219.489
M204 S3000
M205 X10 Y10
G0 F6000 X101.671 Y219.072
M204 S1800
M205 X8 Y8
G1 F1200 X128.61 Y192.132 E1628.4748
M204 S3000
M205 X10 Y10
G0 F6000 X129.176 Y192.132
M204 S1800
M205 X8 Y8
G1 F1200 X102.314 Y218.994 E1629.7383
M204 S3000
M205 X10 Y10
G0 F6000 X102.826 Y219.048
M204 S1800
M205 X8 Y8
G1 F1200 X129.741 Y192.133 E1631.0043
M204 S3000
M205 X10 Y10
G0 F6000 X130.307 Y192.133
M204 S1800
M205 X8 Y8
G1 F1200 X103.322 Y219.118 E1632.27359
M204 S3000
M205 X10 Y10
G0 F6000 X103.761 Y219.244
M204 S1800
M205 X8 Y8
G1 F1200 X130.872 Y192.133 E1633.54881
M204 S3000
M205 X10 Y10
G0 F6000 X131.438 Y192.133
M204 S1800
M205 X8 Y8
G1 F1200 X104.131 Y219.44 E1634.83325
M204 S3000
M205 X10 Y10
G0 F6000 X104.462 Y219.675
M204 S1800
M205 X8 Y8
G1 F1200 X132.003 Y192.134 E1636.12869
M204 S3000
M205 X10 Y10
G0 F6000 X132.569 Y192.134
M204 S1800
M205 X8 Y8
G1 F1200 X104.793 Y219.909 E1637.43517
M204 S3000
M205 X10 Y10
G0 F6000 X105.084 Y220.184
M204 S1800
M205 X8 Y8
G1 F1200 X133.134 Y192.134 E1638.75455
M204 S3000
M205 X10 Y10
G0 F6000 X133.7 Y192.134
M204 S1800
M205 X8 Y8
G1 F1200 X105.328 Y220.506 E1640.08909
M204 S3000
M205 X10 Y10
G0 F6000 X105.523 Y220.876
M204 S1800
M205 X8 Y8
G1 F1200 X117.472 Y208.928 E1640.65111
G1 X117.542 Y208.858
M204 S3000
M205 X10 Y10
G0 F6000 X117.142 Y209.823
M204 S1800
M205 X8 Y8
G1 F1200 X105.719 Y221.246 E1641.18841
M204 S3000
M205 X10 Y10
G0 F6000 X105.875 Y221.656
M204 S1800
M205 X8 Y8
G1 F1200 X116.789 Y210.742 E1641.70177
G1 X116.859 Y210.672
M204 S3000
M205 X10 Y10
G0 F6000 X116.423 Y211.674
M204 S1800
M205 X8 Y8
G1 F1200 X105.928 Y222.168 E1642.1954
M204 S3000
M205 X10 Y10
G0 F6000 X105.928 Y222.734
M204 S1800
M205 X8 Y8
G1 F1200 X115.913 Y212.75 E1642.66504
G1 X115.983 Y212.68
M204 S3000
M205 X10 Y10
G0 F6000 X115.359 Y213.869
M204 S1800
M205 X8 Y8
G1 F1200 X105.874 Y223.354 E1643.11119
G1 X105.804 Y223.424
M204 S3000
M205 X10 Y10
G0 F6000 X106.229 Y224.13
M204 S1800
M205 X8 Y8
G1 F1200 X113.57 Y216.789 E1643.45648
G1 X113.64 Y216.719
M204 S3000
M205 X10 Y10
G0 F6000 X114.58 Y215.213
M204 S1800
M205 X8 Y8
G1 F1200 X105.372 Y224.422 E1643.88962
G1 X105.302 Y224.492
M204 S3000
M205 X10 Y10
G0 F6000 X102.659 Y226.004
M204 S1800
M205 X8 Y8
G1 F1200 X102.186 Y226.476 E1643.91185
M204 S3000
M205 X10 Y10
G0 F6000 X102.07 Y226.027
M204 S1800
M205 X8 Y8
G1 F1200 X101.116 Y226.98 E1643.9567
G1 X101.046 Y227.05
M204 S3000
M205 X10 Y10
G0 F6000 X100.174 Y227.357
M204 S1800
M205 X8 Y8
G1 F1200 X101.597 Y225.934 E1644.02363
M204 S3000
M205 X10 Y10
G0 F6000 X101.186 Y225.779
M204 S1800
M205 X8 Y8
G1 F1200 X99.274 Y227.691 E1644.11357
G1 X99.204 Y227.761
M204 S3000
M205 X10 Y10
G0 F6000 X98.402 Y227.998
M204 S1800
M205 X8 Y8
G1 F1200 X100.782 Y225.617 E1644.22554
M204 S3000
M205 X10 Y10
G0 F6000 X100.412 Y225.422
M204 S1800
M205 X8 Y8
G1 F1200 X97.586 Y228.248 E1644.35846
M204 S3000
M205 X10 Y10
G0 F6000 X96.833 Y228.435
M204 S1800
M205 X8 Y8
G1 F1200 X100.109 Y225.159 E1644.51256
M204 S3000
M205 X10 Y10
G0 F6000 X99.844 Y224.859
M204 S1800
M205 X8 Y8
G1 F1200 X96.079 Y228.623 E1644.68963
M204 S3000
M205 X10 Y10
G0 F6000 X95.339 Y228.797
M204 S1800
M205 X8 Y8
G1 F1200 X99.579 Y224.558 E1644.88904
M204 S3000
M205 X10 Y10
G0 F6000 X99.347 Y224.224
M204 S1800
M205 X8 Y8
G1 F1200 X94.624 Y228.947 E1645.1112
M204 S3000
M205 X10 Y10
G0 F6000 X93.97 Y229.035
M204 S1800
M205 X8 Y8
G1 F1200 X99.168 Y223.837 E1645.35569
M204 S3000
M205 X10 Y10
G0 F6000 X99.05 Y223.39
M204 S1800
M205 X8 Y8
G1 F1200 X93.316 Y229.123 E1645.62538
M204 S3000
M205 X10 Y10
G0 F6000 X92.663 Y229.211
M204 S1800
M205 X8 Y8
G1 F1200 X98.945 Y222.929 E1645.92087
M204 S3000
M205 X10 Y10
G0 F6000 X98.898 Y222.41
M204 S1800
M205 X8 Y8
G1 F1200 X92.023 Y229.285 E1646.24425
M204 S3000
M205 X10 Y10
G0 F6000 X91.4 Y229.343
M204 S1800
M205 X8 Y8
G1 F1200 X99.032 Y221.711 E1646.60323
G1 X99.102 Y221.641
M204 S3000
M205 X10 Y10
G0 F6000 X99.311 Y220.866
M204 S1800
M205 X8 Y8
G1 F1200 X90.819 Y229.358 E1647.00267
G1 X90.749 Y229.428
M204 S3000
M205 X10 Y10
G0 F6000 X103.37 Y224.985
G0 X108.81 Y222.115
M204 S1800
M205 X8 Y8
G1 F1200 X111.543 Y219.382 E1647.13122
G1 X111.613 Y219.312
M204 S3000
M205 X10 Y10
G0 F6000 X118.465 Y207.934
M204 S1800
M205 X8 Y8
G1 F1200 X133.855 Y192.545 E1647.8551
M204 S3000
M205 X10 Y10
G0 F6000 X133.855 Y193.11
M204 S1800
M205 X8 Y8
G1 F1200 X129.777 Y197.188 E1648.04691
G1 X129.727 Y197.238
G1 X119.126 Y207.839 E1648.54555
M204 S3000
M205 X10 Y10
G0 F6000 X119.69 Y207.841
M204 S1800
M205 X8 Y8
G1 F1200 X128.619 Y198.911 E1648.96557
M204 S3000
M205 X10 Y10
G0 F6000 X128.413 Y199.684
M204 S1800
M205 X8 Y8
G1 F1200 X120.255 Y207.842 E1649.34929
M204 S3000
M205 X10 Y10
G0 F6000 X120.819 Y207.843
M204 S1800
M205 X8 Y8
G1 F1200 X128.405 Y200.257 E1649.70612
M204 S3000
M205 X10 Y10
G0 F6000 X128.513 Y200.715
M204 S1800
M205 X8 Y8
G1 F1200 X121.384 Y207.844 E1650.04144
M204 S3000
M205 X10 Y10
G0 F6000 X121.949 Y207.845
M204 S1800
M205 X8 Y8
G1 F1200 X128.622 Y201.172 E1650.35532
M204 S3000
M205 X10 Y10
G0 F6000 X128.777 Y201.582
M204 S1800
M205 X8 Y8
G1 F1200 X122.514 Y207.846 E1650.64994
M204 S3000
M205 X10 Y10
G0 F6000 X123.078 Y207.847
M204 S1800
M205 X8 Y8
G1 F1200 X128.993 Y201.932 E1650.92816
M204 S3000
M205 X10 Y10
G0 F6000 X129.255 Y202.236
M204 S1800
M205 X8 Y8
G1 F1200 X123.643 Y207.848 E1651.19213
M204 S3000
M205 X10 Y10
G0 F6000 X124.207 Y207.849
M204 S1800
M205 X8 Y8
G1 F1200 X129.518 Y202.538 E1651.44194
M204 S3000
M205 X10 Y10
G0 F6000 X129.812 Y202.81
M204 S1800
M205 X8 Y8
G1 F1200 X124.772 Y207.85 E1651.67901
M204 S3000
M205 X10 Y10
G0 F6000 X125.336 Y207.851
M204 S1800
M205 X8 Y8
G1 F1200 X130.145 Y203.042 E1651.90521
M204 S3000
M205 X10 Y10
G0 F6000 X130.551 Y203.202
M204 S1800
M205 X8 Y8
G1 F1200 X125.901 Y207.852 E1652.12393
M204 S3000
M205 X10 Y10
G0 F6000 X126.466 Y207.854
M204 S1800
M205 X8 Y8
G1 F1200 X130.956 Y203.363 E1652.33515
M204 S3000
M205 X10 Y10
G0 F6000 X131.4 Y203.484
M204 S1800
M205 X8 Y8
G1 F1200 X127.031 Y207.854 E1652.54068
M204 S3000
M205 X10 Y10
G0 F6000 X127.595 Y207.856
M204 S1800
M205 X8 Y8
G1 F1200 X131.941 Y203.51 E1652.7451
M204 S3000
M205 X10 Y10
G0 F6000 X132.576 Y203.44
M204 S1800
M205 X8 Y8
G1 F1200 X128.16 Y207.856 E1652.95282
M204 S3000
M205 X10 Y10
G0 F6000 X128.724 Y207.858
M204 S1800
M205 X8 Y8
G1 F1200 X133.363 Y203.218 E1653.17105
M204 S3000
M205 X10 Y10
G0 F6000 X133.854 Y203.293
M204 S1800
M205 X8 Y8
G1 F1200 X129.289 Y207.858 E1653.38577
M204 S3000
M205 X10 Y10
G0 F6000 X129.853 Y207.86
M204 S1800
M205 X8 Y8
G1 F1200 X133.854 Y203.859 E1653.57396
M204 S3000
M205 X10 Y10
G0 F6000 X133.854 Y204.425
M204 S1800
M205 X8 Y8
G1 F1200 X130.418 Y207.861 E1653.73558
M204 S3000
M205 X10 Y10
G0 F6000 X130.983 Y207.862
M204 S1800
M205 X8 Y8
G1 F1200 X133.854 Y204.99 E1653.87065
M204 S3000
M205 X10 Y10
G0 F6000 X133.854 Y205.556
M204 S1800
M205 X8 Y8
G1 F1200 X131.548 Y207.863 E1653.97914
M204 S3000
M205 X10 Y10
G0 F6000 X132.112 Y207.864
M204 S1800
M205 X8 Y8
G1 F1200 X133.854 Y206.122 E1654.06108
M204 S3000
M205 X10 Y10
G0 F6000 X133.854 Y206.688
M204 S1800
M205 X8 Y8
G1 F1200 X132.677 Y207.865 E1654.11644
M204 S3000
M205 X10 Y10
G0 F6000 X133.241 Y207.866
M204 S1800
M205 X8 Y8
G1 F1200 X133.854 Y207.253 E1654.14527
G1 X133.924 Y207.183
M204 S3000
M205 X10 Y10
G0 F6000 X134.497 Y200.632
G0 X134.496 Y199.369
G0 X133.508 Y196.851
M204 S1800
M205 X8 Y8
G1 F1200 X133.855 Y196.504 E1654.1616
M204 S3000
M205 X10 Y10
G0 F6000 X133.855 Y195.939
M204 S1800
M205 X8 Y8
G1 F1200 X133.111 Y196.683 E1654.19659
M204 S3000
M205 X10 Y10
G0 F6000 X132.653 Y196.574
M204 S1800
M205 X8 Y8
G1 F1200 X133.855 Y195.373 E1654.25311
M204 S3000
M205 X10 Y10
G0 F6000 X133.855 Y194.807
M204 S1800
M205 X8 Y8
G1 F1200 X132.154 Y196.508 E1654.33312
M204 S3000
M205 X10 Y10
G0 F6000 X131.608 Y196.489
M204 S1800
M205 X8 Y8
G1 F1200 X133.855 Y194.242 E1654.43881
M204 S3000
M205 X10 Y10
G0 F6000 X133.855 Y193.676
M204 S1800
M205 X8 Y8
G1 F1200 X130.845 Y196.685 E1654.58037
G1 X130.775 Y196.755
M204 S3000
M205 X10 Y10
;MESH:NONMESH
G0 F600 X130.775 Y196.755 Z1.4
G0 F6000 X131.444 Y196.541
;TIME_ELAPSED:2169.348426
;LAYER:6
M204 S1800
M205 X8 Y8
;TYPE:FILL
;MESH:14_4_2.stl
G1 F2040.8 X131.824 Y196.534 E1654.59895
G1 F1926.2 X132.506 Y196.574 E1654.63434
M204 S3000
M205 X10 Y10
G0 F6000 X132.914 Y196.437
M204 S1800
M205 X8 Y8
G1 F3000 X132.895 Y196.766 E1654.6453
G1 X133.409 Y196.961 E1654.66358
G1 X134.094 Y197.431 E1654.69121
G1 X134.095 Y196.432 E1654.72444
M204 S3000
M205 X10 Y10
G0 F6000 X129.08 Y198.198
M204 S1800
M205 X8 Y8
G1 F3000 X127.344 Y196.463 E1654.80607
M204 S3000
M205 X10 Y10
G0 F6000 X118.719 Y195.381
M204 S1800
M205 X8 Y8
G1 F3000 X103.873 Y180.535 E1655.50438
G1 X103.548 Y180.691 E1655.51637
G1 X103.052 Y180.77 E1655.53308
G1 X102.14 Y180.863 E1655.56357
G1 X101.715 Y180.776 E1655.578
G1 X100.58 Y180.325 E1655.61862
G1 X100.262 Y180.064 E1655.6323
G1 X99.513 Y179.204 E1655.67023
G1 X99.327 Y178.817 E1655.68452
G1 X99.074 Y177.8 E1655.71937
G1 X99.039 Y177.408 E1655.73246
G1 X99.012 Y177.408 E1655.73336
G1 X99.369 Y176.031 E1655.78067
M204 S3000
M205 X10 Y10
G0 F6000 X101.722 Y174.183
M204 S1800
M205 X8 Y8
G1 F3000 X102.018 Y174.109 E1655.79082
G1 X102.338 Y174.108 E1655.80146
G1 X103.554 Y174.276 E1655.84229
G1 X103.859 Y174.41 E1655.85337
G1 X104.808 Y175.066 E1655.89174
G1 X105.154 Y175.483 E1655.90977
G1 X105.684 Y176.508 E1655.94815
G1 X105.771 Y176.976 E1655.96398
G1 X105.773 Y177.554 E1655.9832
G1 X105.737 Y178.284 E1656.00751
G1 X105.643 Y178.533 E1656.01636
G1 X117.433 Y190.323 E1656.57093
G1 X117.601 Y190.771 E1656.58684
G1 X117.902 Y191.69 E1656.61901
G1 X117.922 Y191.874 E1656.62516
G1 X118.353 Y193.424 E1656.67867
G1 X118.719 Y195.381 E1656.74489
G1 X118.885 Y196.103 E1656.76953
G1 X119.05 Y196.313 E1656.77841
G1 X119.279 Y196.451 E1656.78731
G1 X119.534 Y196.498 E1656.79593
G1 X119.836 Y196.497 E1656.80598
G1 X126.866 Y203.528 E1657.13667
G1 X130.671 Y203.561 E1657.26323
G1 X123.59 Y196.48 E1657.5963
G1 X131.041 Y196.446 E1657.84412
G1 X131.047 Y196.767 E1657.8548
G1 X130.284 Y197.055 E1657.88192
G1 X129.995 Y197.209 E1657.89282
G1 X129.77 Y197.409 E1657.90283
G1 X129.102 Y198.161 E1657.93628
G1 X128.868 Y198.542 E1657.95115
G1 X128.581 Y199.653 E1657.98932
G1 X128.537 Y200.001 E1658.00099
G1 X128.574 Y200.316 E1658.01154
G1 X128.81 Y201.277 E1658.04445
G1 X128.969 Y201.655 E1658.05809
G1 X129.104 Y201.837 E1658.06562
G1 X129.768 Y202.586 E1658.09892
G1 X129.996 Y202.79 E1658.10909
G1 X130.505 Y203.027 E1658.12777
G1 X131.217 Y203.295 E1658.15307
G1 X131.693 Y203.38 E1658.16915
G1 X131.845 Y203.37 E1658.17422
G1 X132.842 Y203.252 E1658.20761
G1 X133.414 Y203.035 E1658.22796
G1 X134.095 Y202.562 E1658.25554
M204 S3000
M205 X10 Y10
G0 F6000 X133.711 Y202.83
M204 S1800
M205 X8 Y8
G1 F3000 X134.095 Y203.213 E1658.27357
M204 S3000
M205 X10 Y10
G0 F6000 X131.607 Y202.705
G0 X130.387 Y202.242
G0 X118.623 Y191.729
G0 X113.308 Y182.426
M204 S1800
M205 X8 Y8
G1 F3000 X107.035 Y176.153 E1658.56864
M204 S3000
M205 X10 Y10
G0 F6000 X112.379 Y181.24
M204 S1800
M205 X8 Y8
G1 F3000 X111.417 Y180.1 E1658.61825
G1 X110.153 Y178.807 E1658.67839
G1 X109.104 Y177.811 E1658.7265
G1 X107.685 Y176.648 E1658.78752
G1 X106.586 Y175.812 E1658.83345
G1 X105.112 Y174.851 E1658.89198
G1 X103.83 Y174.075 E1658.94182
G1 X102.159 Y173.234 E1659.00404
G1 X100.947 Y172.673 E1659.04846
G1 X99.092 Y171.982 E1659.1143
G1 X101.41 Y174.3 E1659.22333
G1 X100.784 Y174.537 E1659.24559
G1 X100.489 Y174.695 E1659.25672
G1 X99.986 Y175.212 E1659.28071
G1 X99.603 Y175.645 E1659.29994
G1 X99.369 Y176.031 E1659.31495
G1 X94.067 Y170.728 E1659.56437
G1 X92.959 Y170.576 E1659.60156
G1 X91.491 Y170.415 E1659.65068
G1 X89.941 Y170.375 E1659.70225
G1 X123.062 Y203.495 E1661.26014
G1 X121.92 Y203.486 E1661.29812
G1 X119.494 Y203.486 E1661.37881
G1 X119.314 Y203.519 E1661.3849
G1 X86.328 Y170.533 E1662.93646
G1 X85.017 Y170.675 E1662.98032
G1 X83.082 Y171.059 E1663.04593
G1 X118.373 Y206.35 E1664.70591
G1 X118.226 Y207.059 E1664.73
G1 X117.935 Y208.111 E1664.7663
G1 X117.688 Y208.969 E1664.796
G1 X117.568 Y209.317 E1664.80824
G1 X80.125 Y171.873 E1666.56947
G1 X78.77 Y172.327 E1666.617
G1 X77.406 Y172.926 E1666.66655
G1 X116.519 Y212.04 E1668.50632
G1 X115.859 Y213.434 E1668.55762
G1 X115.264 Y214.555 E1668.59983
G1 X97.694 Y196.986 E1669.42625
M204 S3000
M205 X10 Y10
G0 F6000 X92.985 Y191.926
M204 S1800
M205 X8 Y8
G1 F3000 X92.984 Y191.873 E1669.42801
G1 X93.493 Y192.166 E1669.44755
G1 X94.965 Y193.091 E1669.50537
G1 X95.653 Y193.782 E1669.5378
G1 X96.382 Y194.532 E1669.57259
G1 X97.403 Y196.169 E1669.63676
G1 X98.118 Y198.178 E1669.70768
G1 X98.079 Y198.177 E1669.70898
G1 X98.267 Y199.847 E1669.76488
G1 X98.267 Y200.144 E1669.77475
G1 X98.145 Y201.208 E1669.81037
G1 X113.805 Y216.868 E1670.54697
G1 X113.451 Y217.39 E1670.56795
G1 X112.175 Y219.01 E1670.63654
G1 X97.25 Y204.085 E1671.33857
G1 X96.342 Y205.528 E1671.39527
G1 X95.631 Y206.239 E1671.42871
G1 X110.364 Y220.971 E1672.12169
G1 X110.015 Y221.326 E1672.13824
G1 X109.114 Y222.179 E1672.17951
G1 X108.39 Y222.769 E1672.21057
G1 X93.469 Y207.848 E1672.91241
G1 X93.132 Y208.02 E1672.925
G1 X92.418 Y208.27 E1672.95016
G1 X91.486 Y208.614 E1672.9832
G1 X90.569 Y208.72 E1673.0139
G1 X101.247 Y219.397 E1673.51614
G1 X100.759 Y219.582 E1673.5335
G1 X100.452 Y219.758 E1673.54527
G1 X99.647 Y220.629 E1673.58471
G1 X99.439 Y220.914 E1673.59645
G1 X99.313 Y221.236 E1673.60795
G1 X99.057 Y222.278 E1673.64364
G1 X99.041 Y222.641 E1673.65572
G1 X99.27 Y223.624 E1673.68929
G1 X99.373 Y223.984 E1673.70175
G1 X99.604 Y224.352 E1673.7162
G1 X100.267 Y225.102 E1673.74949
G1 X100.489 Y225.301 E1673.75941
G1 X100.882 Y225.497 E1673.77402
G1 X101.723 Y225.815 E1673.80392
G1 X102.022 Y225.888 E1673.81416
G1 X102.336 Y225.889 E1673.8246
G1 X103.336 Y225.769 E1673.8581
M204 S3000
M205 X10 Y10
G0 F6000 X103.716 Y225.638
M204 S1800
M205 X8 Y8
G1 F3000 X103.936 Y225.858 E1673.86845
G1 X104.916 Y225.269 E1673.90648
G1 X106.253 Y224.403 E1673.95946
G1 X105.572 Y223.722 E1673.99149
G1 X105.684 Y223.488 E1674.00012
G1 X105.771 Y223.025 E1674.01579
G1 X105.773 Y222.019 E1674.04925
G1 X105.738 Y221.714 E1674.05946
G1 X105.619 Y221.396 E1674.07075
G1 X105.145 Y220.501 E1674.10444
G1 X104.885 Y220.166 E1674.11854
G1 X103.923 Y219.487 E1674.15771
G1 X103.626 Y219.333 E1674.16883
G1 X103.098 Y219.222 E1674.18678
G1 X102.343 Y219.144 E1674.21202
G1 X102.141 Y219.135 E1674.21875
G1 X101.715 Y219.22 E1674.2332
M204 S3000
M205 X10 Y10
G0 F6000 X99.313 Y221.236
M204 S1800
M205 X8 Y8
G1 F3000 X86.283 Y208.206 E1674.84609
M204 S3000
M205 X10 Y10
G0 F6000 X85.545 Y207.936
M204 S1800
M205 X8 Y8
G1 F3000 X85.037 Y207.619 E1674.866
G1 X84.017 Y207.009 E1674.90553
G1 X82.955 Y205.958 E1674.95523
G1 X82.498 Y205.48 E1674.97722
G1 X81.827 Y204.421 E1675.01892
G1 X81.438 Y203.769 E1675.04417
G1 X81.218 Y203.141 E1675.0663
M204 S3000
M205 X10 Y10
G0 F6000 X81.281 Y200
G0 X81.487 Y198.187
G0 X82.088 Y196.463
G0 X83.06 Y194.917
G0 X84.351 Y193.625
G0 X85.897 Y192.654
G0 X87.621 Y192.052
G0 X89.089 Y191.886
G0 X92.445 Y191.737
M204 S1800
M205 X8 Y8
G1 F3000 X74.896 Y174.187 E1675.89178
G1 X74.287 Y174.539 E1675.91517
G1 X73.013 Y175.305 E1675.96462
G1 X72.569 Y175.633 E1675.98298
G1 X88.223 Y191.287 E1676.71929
G1 X87.366 Y191.407 E1676.74808
G1 X85.92 Y191.914 E1676.79904
G1 X85.512 Y192.069 E1676.81356
G1 X85.343 Y192.178 E1676.82025
G1 X70.412 Y177.248 E1677.52253
G1 X69.396 Y178.185 E1677.5685
G1 X68.459 Y179.067 E1677.6113
G1 X83.196 Y193.803 E1678.30446
G1 X82.546 Y194.457 E1678.33513
G1 X81.585 Y195.964 E1678.39457
G1 X66.666 Y181.044 E1679.09634
G1 X65.929 Y181.912 E1679.13421
G1 X65.046 Y183.196 E1679.18604
G1 X80.711 Y198.862 E1679.9229
G1 X80.596 Y199.922 E1679.95836
G1 X80.696 Y200.982 E1679.99378
G1 X80.833 Y202.04 E1680.02926
G1 X81.218 Y203.141 E1680.06805
G1 X63.593 Y185.515 E1680.8971
G1 X62.757 Y187.087 E1680.95632
G1 X62.33 Y188.023 E1680.99054
G1 X101.413 Y227.107 E1682.82891
G1 X100.88 Y227.353 E1682.84843
G1 X99.139 Y228 E1682.91021
G1 X98.686 Y228.152 E1682.9261
G1 X61.273 Y190.739 E1684.68589
G1 X60.482 Y193.568 E1684.78359
G1 X60.46 Y193.697 E1684.78795
G1 X63.395 Y196.632 E1684.926
G1 X63.099 Y196.619 E1684.93585
G1 X62.72 Y196.701 E1684.94875
G1 X61.777 Y197.056 E1684.98226
G1 X61.3 Y197.373 E1685.00131
G1 X60.862 Y197.871 E1685.02337
G1 X59.947 Y196.956 E1685.06641
G1 X59.778 Y199.991 E1685.16751
G1 X59.81 Y200.591 E1685.1875
G1 X60.251 Y201.032 E1685.20824
G1 X60.316 Y201.292 E1685.21715
G1 X60.596 Y201.828 E1685.23727
G1 X61.302 Y202.624 E1685.27266
G1 X61.776 Y202.94 E1685.2916
M204 S3000
M205 X10 Y10
G0 F6000 X61.022 Y201.265
G0 X60.709 Y200
G0 X61.022 Y198.736
G0 X61.886 Y197.757
G0 X64.333 Y196.747
M204 S1800
M205 X8 Y8
G1 F3000 X64.827 Y196.905 E1685.30885
G1 X65.736 Y197.53 E1685.34554
G1 X66.108 Y197.881 E1685.36255
G1 X66.159 Y198.007 E1685.36708
G1 X66.67 Y198.958 E1685.40298
G1 X66.77 Y199.43 E1685.41903
G1 X66.771 Y200.008 E1685.43825
G1 X95.719 Y228.956 E1686.79988
G1 X94.709 Y229.18 E1686.83429
G1 X92.767 Y229.444 E1686.89947
G1 X92.467 Y229.476 E1686.90951
G1 X65.571 Y202.58 E1688.17461
G1 X65.221 Y202.824 E1688.1888
G1 X64.703 Y203.151 E1688.20918
G1 X64.329 Y203.254 E1688.22208
G1 X63.1 Y203.378 E1688.26317
G1 X62.718 Y203.296 E1688.27616
G1 X62.392 Y203.172 E1688.28776
G1 X88.85 Y229.631 E1689.53229
G1 X88.248 Y229.631 E1689.55231
G1 X86.269 Y229.462 E1689.61837
G1 X85.021 Y229.324 E1689.66013
G1 X84.71 Y229.263 E1689.67067
G1 X60.205 Y204.758 E1690.82331
G1 X60.482 Y206.426 E1690.87955
G1 X61.354 Y209.546 E1690.9873
G1 X61.442 Y209.766 E1690.99518
G1 X79.642 Y227.966 E1691.85125
G1 X78.763 Y227.67 E1691.8821
G1 X76.87 Y226.832 E1691.95096
G1 X75.809 Y226.341 E1691.98984
G1 X74.127 Y225.363 E1692.05456
G1 X73.022 Y224.698 E1692.09745
G1 X71.431 Y223.527 E1692.16315
G1 X70.42 Y222.76 E1692.20536
G1 X69.002 Y221.45 E1692.26957
G1 X68.047 Y220.543 E1692.31338
G1 X66.704 Y218.998 E1692.38146
G1 X65.937 Y218.095 E1692.42087
G1 X65.799 Y217.894 E1692.42898
G1 X71.431 Y223.527 E1692.69391
M204 S3000
M205 X10 Y10
G0 F6000 X61.022 Y201.265
G0 X60.688 Y200.169
G0 X61.182 Y200.049
M204 S1800
M205 X8 Y8
;TYPE:WALL-OUTER
G1 F3000 X61.418 Y198.998 E1692.72974
G1 X62.115 Y198.174 E1692.76564
G1 X63.117 Y197.771 E1692.80156
G1 X64.189 Y197.878 E1692.83739
G1 X65.088 Y198.47 E1692.87319
G1 X65.61 Y199.412 E1692.90901
G1 X65.632 Y200.002 E1692.92865
G1 X65.632 Y200.507 E1692.94545
G1 X65.151 Y201.458 E1692.98089
G1 X64.571 Y201.887 E1693.00489
G1 X64.188 Y202.124 E1693.01987
G1 X63.212 Y202.24 E1693.05256
G1 X62.195 Y201.88 E1693.08844
G1 X61.463 Y201.087 E1693.12433
G1 X61.182 Y200.049 E1693.1601
M204 S3000
M205 X10 Y10
G0 F6000 X61.225 Y199.854
G0 X60.714 Y199.727
G0 X61.022 Y198.736
G0 X61.886 Y197.757
G0 X63.108 Y197.295
G0 X81.229 Y200.076
G0 X81.735 Y200.02
M204 S1800
M205 X8 Y8
G1 F3000 X81.829 Y199.146 E1693.18934
G1 X81.927 Y198.288 E1693.21806
G1 X82.491 Y196.67 E1693.27505
G1 X82.792 Y196.185 E1693.29404
G1 X83.409 Y195.205 E1693.33255
G1 X84.336 Y194.274 E1693.37625
G1 X84.652 Y193.965 E1693.39095
G1 X86.1 Y193.059 E1693.44776
G1 X87.728 Y192.491 E1693.50511
G1 X89.438 Y192.3 E1693.56234
G1 X91.136 Y192.49 E1693.61917
G1 X92.052 Y192.808 E1693.65142
G1 X92.775 Y193.062 E1693.6769
G1 X94.217 Y193.965 E1693.73349
G1 X94.847 Y194.588 E1693.76296
G1 X95.453 Y195.196 E1693.79151
G1 X95.988 Y196.044 E1693.82486
G1 X96.37 Y196.653 E1693.84877
G1 X96.382 Y196.681 E1693.84979
G1 X96.942 Y198.281 E1693.90617
G1 X97.134 Y199.975 E1693.96287
G1 X97.041 Y200.855 E1693.9923
G1 X96.944 Y201.711 E1694.02096
G1 X96.382 Y203.319 E1694.07761
G1 X95.99 Y203.954 E1694.10243
G1 X95.462 Y204.792 E1694.13537
G1 X94.848 Y205.411 E1694.16437
G1 X94.242 Y206.016 E1694.19285
G1 X93.406 Y206.544 E1694.22574
G1 X92.775 Y206.938 E1694.25048
G1 X91.157 Y207.505 E1694.30751
G1 X90.293 Y207.604 E1694.33643
G1 X89.438 Y207.7 E1694.36505
G1 X88.696 Y207.619 E1694.38987
G1 X87.724 Y207.508 E1694.42241
G1 X87.121 Y207.299 E1694.44364
G1 X86.096 Y206.939 E1694.47977
G1 X85.642 Y206.656 E1694.49756
G1 X84.638 Y206.025 E1694.53701
G1 X83.763 Y205.153 E1694.57809
G1 X83.409 Y204.795 E1694.59484
G1 X82.501 Y203.35 E1694.6516
G1 X82.283 Y202.732 E1694.6734
G1 X81.927 Y201.712 E1694.70933
G1 X81.735 Y200.02 E1694.76597
M204 S3000
M205 X10 Y10
G0 F6000 X81.756 Y199.822
G0 X81.248 Y199.764
G0 X81.487 Y198.187
G0 X82.088 Y196.463
G0 X82.962 Y195.072
G0 X99.688 Y177.651
G0 X100.182 Y177.531
M204 S1800
M205 X8 Y8
G1 F3000 X100.376 Y176.646 E1694.7961
G1 X100.462 Y176.395 E1694.80492
G1 X101.115 Y175.657 E1694.8377
G1 X102.117 Y175.254 E1694.87362
G1 X103.188 Y175.361 E1694.90942
G1 X104.088 Y175.953 E1694.94525
G1 X104.61 Y176.895 E1694.98107
G1 X104.633 Y177.555 E1695.00303
G1 X104.614 Y178.062 E1695.01991
G1 X104.15 Y178.944 E1695.05306
G1 X103.277 Y179.573 E1695.08884
G1 X102.212 Y179.723 E1695.12462
G1 X101.427 Y179.451 E1695.15225
G1 X101.116 Y179.308 E1695.16363
G1 X100.449 Y178.553 E1695.19714
G1 X100.298 Y177.998 E1695.21627
G1 X100.182 Y177.531 E1695.23227
M204 S3000
M205 X10 Y10
G0 F6000 X100.224 Y177.336
G0 X99.714 Y177.211
G0 X100.022 Y178.749
G0 X100.887 Y179.725
G0 X118.623 Y191.729
G0 X119.093 Y191.287
M204 S1800
M205 X8 Y8
G1 F3000 X118.952 Y191.209 E1695.23763
G1 X118.763 Y190.661 E1695.25691
G1 X118.585 Y190.149 E1695.27494
G1 X117.697 Y187.782 E1695.35903
G1 X116.873 Y186.046 E1695.42294
G1 X116.198 Y184.772 E1695.47089
G1 X115.186 Y183.138 E1695.53482
G1 X114.375 Y181.941 E1695.58291
G1 X113.19 Y180.427 E1695.64686
G1 X112.256 Y179.327 E1695.69485
G1 X110.911 Y177.952 E1695.75883
G1 X109.864 Y176.96 E1695.8068
G1 X108.41 Y175.768 E1695.86933
G1 X107.228 Y174.867 E1695.91876
G1 X105.598 Y173.809 E1695.9834
G1 X104.379 Y173.076 E1696.03071
G1 X102.637 Y172.2 E1696.09556
G1 X101.352 Y171.604 E1696.14267
G1 X99.489 Y170.912 E1696.20877
G1 X98.182 Y170.474 E1696.25462
G1 X96.317 Y170.005 E1696.31858
G1 X94.909 Y169.694 E1696.36654
G1 X93.004 Y169.433 E1696.43049
G1 X91.569 Y169.277 E1696.4785
G1 X89.647 Y169.227 E1696.54245
G1 X88.204 Y169.229 E1696.59044
G1 X86.288 Y169.39 E1696.6544
G1 X85.343 Y169.492 E1696.68601
G1 X84.37 Y169.641 E1696.71875
G1 X82.965 Y169.917 E1696.76637
G1 X81.554 Y170.229 E1696.81444
G1 X79.847 Y170.763 E1696.87392
G1 X78.838 Y171.102 E1696.90933
G1 X78.356 Y171.265 E1696.92625
G1 X76.596 Y172.039 E1696.9902
G1 X75.285 Y172.646 E1697.03825
G1 X73.529 Y173.663 E1697.10574
G1 X72.386 Y174.353 E1697.15015
G1 X70.837 Y175.493 E1697.21412
G1 X69.686 Y176.368 E1697.26221
G1 X68.221 Y177.721 E1697.32853
G1 X67.225 Y178.664 E1697.37415
G1 X65.963 Y180.113 E1697.43806
G1 X65.027 Y181.214 E1697.48613
G1 X63.908 Y182.834 E1697.55161
G1 X63.124 Y183.989 E1697.59804
G1 X62.196 Y185.71 E1697.66307
G1 X61.535 Y186.956 E1697.70999
G1 X60.804 Y188.757 E1697.77463
G1 X60.271 Y190.092 E1697.82244
G1 X59.368 Y193.321 E1697.93396
G1 X58.819 Y196.642 E1698.04592
G1 X58.636 Y200.002 E1698.15784
G1 X58.813 Y203.254 E1698.26616
G1 X58.836 Y203.462 E1698.27312
G1 X59.369 Y206.68 E1698.38161
G1 X60.271 Y209.909 E1698.49312
G1 X61.536 Y213.045 E1698.60559
G1 X62.229 Y214.351 E1698.65476
G1 X63.125 Y216.013 E1698.71756
G1 X63.965 Y217.25 E1698.76729
G1 X65.029 Y218.788 E1698.8295
G1 X66.01 Y219.942 E1698.87987
G1 X67.224 Y221.337 E1698.94138
G1 X68.328 Y222.382 E1698.99194
G1 X69.691 Y223.639 E1699.05361
G1 X70.903 Y224.556 E1699.10416
G1 X72.385 Y225.646 E1699.16535
G1 X73.708 Y226.441 E1699.21668
G1 X75.281 Y227.353 E1699.27716
G1 X76.595 Y227.962 E1699.32533
G1 X78.355 Y228.737 E1699.38929
G1 X79.722 Y229.198 E1699.43727
G1 X81.57 Y229.779 E1699.5017
G1 X82.967 Y230.085 E1699.54927
G1 X84.228 Y230.331 E1699.592
G1 X84.855 Y230.455 E1699.61326
G1 X86.289 Y230.611 E1699.66123
G1 X88.205 Y230.772 E1699.72519
G1 X89.649 Y230.771 E1699.77321
G1 X91.188 Y230.733 E1699.82442
G1 X91.948 Y230.681 E1699.84975
G1 X93.006 Y230.566 E1699.88515
G1 X94.906 Y230.305 E1699.94894
G1 X96.318 Y229.994 E1699.99703
G1 X98.169 Y229.529 E1700.0605
G1 X99.551 Y229.066 E1700.10898
G1 X101.352 Y228.395 E1700.1729
G1 X102.686 Y227.777 E1700.2218
G1 X104.38 Y226.924 E1700.28489
G1 X105.634 Y226.169 E1700.33357
G1 X107.228 Y225.132 E1700.39682
G1 X108.411 Y224.231 E1700.44628
G1 X109.865 Y223.039 E1700.50881
G1 X110.913 Y222.046 E1700.55683
G1 X112.258 Y220.673 E1700.62076
G1 X113.192 Y219.572 E1700.66878
G1 X114.376 Y218.059 E1700.73268
G1 X115.188 Y216.863 E1700.78076
G1 X116.002 Y215.543 E1700.83234
G1 X116.371 Y214.902 E1700.85694
G1 X116.875 Y213.952 E1700.89271
G1 X117.697 Y212.219 E1700.9565
G1 X118.429 Y210.31 E1701.0245
G1 X118.63 Y209.81 E1701.04243
G1 X118.926 Y208.819 E1701.07683
G1 X119.045 Y208.709 E1701.08222
G1 X119.112 Y208.698 E1701.08447
G1 X129.687 Y208.722 E1701.4362
G1 X135.235 Y208.699 E1701.62073
G1 X135.235 Y191.302 E1702.19936
G1 X119.093 Y191.287 E1702.73624
M204 S3000
M205 X10 Y10
G0 F6000 X118.952 Y191.209
G0 X118.94 Y191.173
G0 X118.436 Y191.312
G0 X129.187 Y200.168
G0 X129.682 Y200.048
M204 S1800
M205 X8 Y8
G1 F3000 X129.917 Y198.997 E1702.77206
G1 X130.616 Y198.175 E1702.80795
G1 X131.617 Y197.771 E1702.84385
G1 X132.689 Y197.878 E1702.87968
G1 X133.589 Y198.469 E1702.9155
G1 X134.11 Y199.413 E1702.95136
G1 X134.133 Y200.495 E1702.98735
G1 X133.651 Y201.458 E1703.02317
G1 X132.778 Y202.09 E1703.05902
G1 X131.712 Y202.24 E1703.09482
G1 X130.91 Y201.962 E1703.12305
G1 X130.616 Y201.825 E1703.13384
G1 X129.962 Y201.088 E1703.16661
G1 X129.682 Y200.048 E1703.20244
M204 S3000
M205 X10 Y10
G0 F6000 X129.725 Y199.853
G0 X129.214 Y199.727
G0 X100.886 Y220.274
G0 X100.022 Y221.251
G0 X99.688 Y222.686
G0 X100.182 Y222.566
M204 S1800
M205 X8 Y8
G1 F3000 X100.297 Y222.002 E1703.22158
G1 X100.424 Y221.495 E1703.23896
G1 X101.115 Y220.691 E1703.27423
G1 X102.117 Y220.288 E1703.31015
G1 X102.916 Y220.36 E1703.33683
G1 X103.277 Y220.427 E1703.34904
G1 X104.088 Y220.988 E1703.38184
G1 X104.61 Y221.928 E1703.4176
G1 X104.634 Y222.44 E1703.43465
G1 X104.632 Y223.012 E1703.45367
G1 X104.152 Y223.976 E1703.48949
G1 X103.278 Y224.605 E1703.52531
G1 X102.212 Y224.757 E1703.56112
G1 X101.286 Y224.432 E1703.59376
G1 X101.116 Y224.342 E1703.60016
G1 X100.463 Y223.604 E1703.63293
G1 X100.182 Y222.566 E1703.6687
M204 S3000
M205 X10 Y10
G0 F6000 X100.222 Y222.37
G0 X99.794 Y222.662
M204 S1800
M205 X8 Y8
;TYPE:WALL-INNER
G1 F3000 X99.794 Y222.373 E1703.67831
G1 X100.037 Y221.39 E1703.71199
G1 X100.203 Y221.119 E1703.72256
G1 X100.815 Y220.426 E1703.75331
G1 X101.053 Y220.262 E1703.76293
G1 X102.015 Y219.901 E1703.7971
G1 X102.259 Y219.88 E1703.80525
G1 X103.234 Y219.996 E1703.8379
G1 X103.505 Y220.098 E1703.84753
G1 X104.316 Y220.659 E1703.88033
G1 X104.505 Y220.872 E1703.8898
G1 X104.978 Y221.769 E1703.92353
G1 X105.034 Y222.023 E1703.93218
G1 X105.032 Y223.012 E1703.96508
G1 X104.964 Y223.291 E1703.97463
G1 X104.506 Y224.162 E1704.00736
G1 X104.315 Y224.376 E1704.0169
G1 X103.474 Y224.955 E1704.05086
G1 X103.236 Y225.037 E1704.05923
G1 X102.26 Y225.154 E1704.09193
G1 X101.975 Y225.12 E1704.10147
G1 X101.053 Y224.771 E1704.13426
G1 X100.816 Y224.607 E1704.14385
G1 X100.163 Y223.869 E1704.17662
G1 X100.03 Y223.616 E1704.18613
G1 X99.794 Y222.662 E1704.21882
M204 S3000
M205 X10 Y10
G0 F6000 X99.688 Y222.687
G0 X83.06 Y205.083
G0 X82.088 Y203.537
G0 X81.548 Y201.986
G0 X81.228 Y200.066
G0 X81.337 Y200.054
M204 S1800
M205 X8 Y8
G1 F3000 X81.431 Y199.102 E1704.25063
G1 X81.53 Y198.232 E1704.27976
G1 X81.903 Y197.139 E1704.31817
G1 X82.122 Y196.515 E1704.34016
G1 X82.453 Y195.972 E1704.36132
G1 X83.075 Y194.984 E1704.40015
G1 X83.477 Y194.568 E1704.41939
G1 X84.352 Y193.693 E1704.46054
G1 X85.426 Y193.008 E1704.50291
G1 X85.896 Y192.714 E1704.52135
G1 X86.987 Y192.325 E1704.55988
G1 X87.587 Y192.115 E1704.58102
G1 X88.648 Y191.985 E1704.61657
G1 X89.397 Y191.901 E1704.64164
G1 X90.337 Y191.997 E1704.67307
G1 X91.201 Y192.095 E1704.70199
G1 X92.184 Y192.43 E1704.73653
G1 X92.887 Y192.676 E1704.7613
G1 X93.612 Y193.115 E1704.78949
G1 X94.429 Y193.626 E1704.82154
G1 X95.13 Y194.306 E1704.85403
G1 X95.725 Y194.901 E1704.88201
G1 X96.327 Y195.831 E1704.91886
G1 X96.709 Y196.44 E1704.94277
G1 X96.76 Y196.549 E1704.94677
G1 X97.319 Y198.148 E1705.00311
G1 X97.438 Y199.098 E1705.03496
G1 X97.535 Y199.964 E1705.06394
G1 X97.439 Y200.899 E1705.0952
G1 X97.34 Y201.766 E1705.12422
G1 X97.16 Y202.309 E1705.14325
G1 X96.754 Y203.467 E1705.18406
G1 X96.329 Y204.167 E1705.2113
G1 X95.809 Y204.994 E1705.24379
G1 X95.131 Y205.693 E1705.27618
G1 X94.506 Y206.317 E1705.30556
G1 X94.044 Y206.615 E1705.32384
G1 X93.007 Y207.266 E1705.36457
G1 X92.174 Y207.573 E1705.39409
G1 X91.298 Y207.88 E1705.42497
G1 X90.338 Y208.002 E1705.45715
G1 X89.473 Y208.099 E1705.4861
G1 X88.651 Y208.017 E1705.51358
G1 X87.699 Y207.909 E1705.54545
G1 X86.989 Y207.677 E1705.57029
G1 X85.982 Y207.324 E1705.60578
G1 X85.43 Y206.995 E1705.62715
G1 X84.403 Y206.349 E1705.66751
G1 X83.48 Y205.436 E1705.71069
G1 X83.116 Y205.068 E1705.7279
G1 X82.48 Y204.07 E1705.76727
G1 X82.152 Y203.546 E1705.78783
G1 X81.905 Y202.864 E1705.81195
G1 X81.545 Y201.834 E1705.84824
G1 X81.432 Y200.901 E1705.8795
G1 X81.337 Y200.054 E1705.90785
M204 S3000
M205 X10 Y10
G0 F6000 X81.228 Y200.066
G0 X63.107 Y202.705
G0 X61.887 Y202.242
G0 X61.022 Y201.265
G0 X60.688 Y200.17
G0 X60.794 Y200.145
M204 S1800
M205 X8 Y8
G1 F3000 X60.794 Y199.855 E1705.91749
G1 X61.03 Y198.902 E1705.95015
G1 X61.163 Y198.648 E1705.95968
G1 X61.829 Y197.894 E1705.99314
G1 X62.053 Y197.745 E1706.00209
G1 X62.976 Y197.397 E1706.0349
G1 X63.26 Y197.363 E1706.04441
G1 X64.237 Y197.481 E1706.07715
G1 X64.505 Y197.582 E1706.08667
G1 X65.331 Y198.152 E1706.12005
G1 X65.506 Y198.355 E1706.12897
G1 X65.98 Y199.259 E1706.16291
G1 X66.033 Y199.506 E1706.17132
G1 X66.032 Y200.531 E1706.20541
G1 X65.963 Y200.774 E1706.21381
G1 X65.487 Y201.677 E1706.24776
G1 X65.316 Y201.858 E1706.25604
G1 X64.506 Y202.419 E1706.28881
G1 X64.235 Y202.521 E1706.29845
G1 X63.259 Y202.637 E1706.33114
G1 X62.975 Y202.603 E1706.34065
G1 X62.053 Y202.254 E1706.37344
G1 X61.816 Y202.09 E1706.38302
G1 X61.163 Y201.352 E1706.4158
G1 X61.03 Y201.099 E1706.42531
G1 X60.794 Y200.145 E1706.45799
M204 S3000
M205 X10 Y10
G0 F6000 X60.688 Y200.17
G0 X61.022 Y198.736
G0 X61.886 Y197.757
G0 X99.688 Y177.652
G0 X99.794 Y177.627
M204 S1800
M205 X8 Y8
G1 F3000 X99.794 Y177.339 E1706.46757
G1 X100.029 Y176.384 E1706.50028
G1 X100.162 Y176.13 E1706.50982
G1 X100.815 Y175.392 E1706.54259
G1 X101.053 Y175.228 E1706.55221
G1 X101.976 Y174.88 E1706.58502
G1 X102.261 Y174.845 E1706.59457
G1 X103.236 Y174.963 E1706.62723
G1 X103.505 Y175.065 E1706.6368
G1 X104.35 Y175.649 E1706.67096
G1 X104.506 Y175.838 E1706.67911
G1 X104.964 Y176.709 E1706.71185
G1 X105.032 Y176.989 E1706.72143
G1 X105.032 Y177.977 E1706.75429
G1 X104.963 Y178.257 E1706.76388
G1 X104.501 Y179.136 E1706.79691
G1 X104.316 Y179.341 E1706.80609
G1 X103.505 Y179.902 E1706.83889
G1 X103.234 Y180.004 E1706.84852
G1 X102.215 Y180.124 E1706.88265
G1 X101.975 Y180.086 E1706.89073
G1 X101.039 Y179.731 E1706.92403
G1 X100.816 Y179.573 E1706.93312
G1 X100.141 Y178.81 E1706.967
G1 X100.03 Y178.582 E1706.97543
G1 X99.794 Y177.627 E1707.00815
M204 S3000
M205 X10 Y10
G0 F6000 X99.688 Y177.652
G0 X100.022 Y178.749
G0 X100.887 Y179.725
G0 X118.623 Y191.729
G0 X119.11 Y191.688
M204 S1800
M205 X8 Y8
G1 F3000 X118.833 Y191.619 E1707.01765
G1 X118.634 Y191.452 E1707.02629
G1 X118.462 Y191.031 E1707.04141
G1 X118.302 Y190.534 E1707.05878
G1 X117.329 Y187.938 E1707.15099
G1 X116.515 Y186.226 E1707.21404
G1 X115.851 Y184.971 E1707.26126
G1 X114.85 Y183.356 E1707.32446
G1 X114.051 Y182.177 E1707.37183
G1 X112.88 Y180.68 E1707.43504
G1 X111.96 Y179.597 E1707.48231
G1 X110.63 Y178.237 E1707.54557
G1 X109.599 Y177.26 E1707.59282
G1 X108.102 Y176.034 E1707.65717
G1 X106.998 Y175.195 E1707.70329
G1 X105.405 Y174.16 E1707.76648
G1 X104.185 Y173.426 E1707.81383
G1 X102.469 Y172.563 E1707.87772
G1 X101.198 Y171.974 E1707.92431
G1 X99.361 Y171.291 E1707.9895
G1 X98.07 Y170.858 E1708.03479
G1 X96.156 Y170.379 E1708.10041
G1 X94.839 Y170.088 E1708.14527
G1 X92.955 Y169.83 E1708.20852
G1 X91.542 Y169.677 E1708.25579
G1 X89.642 Y169.627 E1708.319
G1 X88.221 Y169.629 E1708.36627
G1 X86.464 Y169.775 E1708.42491
G1 X85.387 Y169.89 E1708.46093
G1 X84.447 Y170.033 E1708.49255
G1 X83.047 Y170.309 E1708.54001
G1 X81.657 Y170.616 E1708.58736
G1 X79.847 Y171.183 E1708.65045
G1 X78.501 Y171.638 E1708.6977
G1 X76.76 Y172.403 E1708.76095
G1 X75.469 Y173.002 E1708.80829
G1 X73.735 Y174.005 E1708.87491
G1 X72.608 Y174.686 E1708.91871
G1 X71.077 Y175.813 E1708.98194
G1 X69.943 Y176.675 E1709.02932
G1 X68.496 Y178.011 E1709.09482
G1 X67.514 Y178.941 E1709.13981
G1 X66.224 Y180.425 E1709.2052
G1 X65.345 Y181.458 E1709.25032
G1 X64.239 Y183.059 E1709.31504
G1 X63.466 Y184.197 E1709.36079
G1 X62.55 Y185.898 E1709.42505
G1 X61.898 Y187.126 E1709.47129
G1 X61.183 Y188.886 E1709.53448
G1 X60.651 Y190.22 E1709.58225
G1 X59.759 Y193.408 E1709.69235
G1 X59.217 Y196.686 E1709.80286
G1 X59.059 Y199.596 E1709.89979
G1 X59.036 Y200.002 E1709.91331
G1 X59.218 Y203.315 E1710.02367
G1 X59.76 Y206.593 E1710.13418
G1 X60.65 Y209.78 E1710.24423
G1 X61.899 Y212.876 E1710.35527
G1 X62.581 Y214.161 E1710.40366
G1 X63.467 Y215.805 E1710.46577
G1 X64.294 Y217.022 E1710.51471
G1 X65.347 Y218.544 E1710.57627
G1 X66.312 Y219.68 E1710.62584
G1 X67.513 Y221.06 E1710.68669
G1 X68.599 Y222.088 E1710.73643
G1 X69.948 Y223.332 E1710.79746
G1 X71.14 Y224.234 E1710.84718
G1 X72.607 Y225.313 E1710.90775
G1 X73.827 Y226.048 E1710.95512
G1 X75.466 Y226.998 E1711.01813
G1 X76.76 Y227.598 E1711.06557
G1 X78.5 Y228.364 E1711.1288
G1 X79.846 Y228.818 E1711.17605
G1 X81.673 Y229.392 E1711.23974
G1 X83.048 Y229.693 E1711.28656
G1 X84.915 Y230.059 E1711.34983
G1 X86.327 Y230.213 E1711.39708
G1 X88.221 Y230.372 E1711.46029
G1 X89.644 Y230.371 E1711.50762
G1 X91.178 Y230.333 E1711.55866
G1 X91.905 Y230.283 E1711.5829
G1 X92.957 Y230.169 E1711.61809
G1 X94.836 Y229.911 E1711.68117
G1 X96.154 Y229.621 E1711.72606
G1 X97.193 Y229.363 E1711.76166
G1 X98.057 Y229.145 E1711.7913
G1 X99.417 Y228.689 E1711.83901
G1 X101.137 Y228.048 E1711.90006
G1 X102.064 Y227.625 E1711.93395
G1 X102.886 Y227.228 E1711.96431
G1 X104.187 Y226.573 E1712.01276
G1 X105.416 Y225.833 E1712.06047
G1 X106.998 Y224.805 E1712.12322
G1 X108.157 Y223.921 E1712.17171
G1 X109.6 Y222.739 E1712.23375
G1 X110.633 Y221.761 E1712.28106
G1 X111.962 Y220.403 E1712.34426
G1 X112.882 Y219.319 E1712.39155
G1 X114.052 Y217.823 E1712.45471
G1 X114.852 Y216.645 E1712.50208
G1 X115.851 Y215.029 E1712.56526
G1 X116.401 Y213.989 E1712.60439
G1 X116.854 Y213.062 E1712.63871
G1 X117.329 Y212.061 E1712.67556
G1 X118.058 Y210.161 E1712.74325
G1 X118.252 Y209.678 E1712.76056
G1 X118.535 Y208.727 E1712.79356
G1 X118.677 Y208.483 E1712.80295
G1 X118.913 Y208.331 E1712.81229
G1 X119.113 Y208.298 E1712.81903
G1 X129.685 Y208.322 E1713.17066
G1 X134.835 Y208.301 E1713.34195
G1 X134.835 Y201.85 E1713.55651
G1 F3069.1 X134.844 Y200.867 E1713.58847
G1 F3208.6 X134.851 Y200.186 E1713.60965
G1 F3342.6 X134.859 Y199.505 E1713.62998
G1 F3296.7 X134.847 Y198.828 E1713.65047
G1 F3092.8 X134.835 Y198.151 E1713.67232
G1 F3000 X134.835 Y191.702 E1713.88681
G1 X119.11 Y191.688 E1714.40983
M204 S3000
M205 X10 Y10
G0 F6000 X119.11 Y191.798
G0 X129.187 Y200.169
G0 X129.294 Y200.144
M204 S1800
M205 X8 Y8
G1 F3000 X129.294 Y199.856 E1714.41941
G1 X129.529 Y198.901 E1714.45212
G1 X129.663 Y198.646 E1714.4617
G1 X130.317 Y197.909 E1714.49447
G1 X130.553 Y197.746 E1714.50401
G1 X131.475 Y197.397 E1714.5368
G1 X131.761 Y197.363 E1714.54638
G1 X132.737 Y197.481 E1714.57908
G1 X133.004 Y197.582 E1714.58857
G1 X133.816 Y198.139 E1714.62132
G1 X134.007 Y198.355 E1714.63091
G1 F3015.1 X134.462 Y199.228 E1714.66349
G1 F3208.6 X134.508 Y199.505 E1714.67222
G1 F3418.8 X134.508 Y200.495 E1714.70112
G1 F3278.7 X134.456 Y200.771 E1714.70967
G1 F3069.1 X134.005 Y201.645 E1714.74164
G1 F3000 X133.816 Y201.857 E1714.75109
G1 X133.006 Y202.419 E1714.78388
G1 X132.735 Y202.521 E1714.79351
G1 X131.741 Y202.639 E1714.8268
G1 X131.475 Y202.603 E1714.83573
G1 X130.553 Y202.254 E1714.86852
G1 X130.317 Y202.091 E1714.87806
G1 X129.663 Y201.354 E1714.91083
G1 X129.529 Y201.099 E1714.92041
G1 X129.294 Y200.144 E1714.95312
M204 S3000
M205 X10 Y10
G0 F6000 X129.187 Y200.169
G0 X118.217 Y191.536
M204 S1800
M205 X8 Y8
G1 F3000 X118.002 Y190.906 E1714.97526
G1 X117.836 Y190.429 E1714.99206
G1 X116.96 Y188.094 E1715.07501
G1 X116.158 Y186.405 E1715.1372
G1 X115.504 Y185.17 E1715.18368
G1 X114.514 Y183.574 E1715.24614
G1 X113.728 Y182.413 E1715.29278
G1 X112.57 Y180.933 E1715.35528
G1 X111.664 Y179.867 E1715.40181
G1 X110.35 Y178.522 E1715.46435
G1 X109.335 Y177.56 E1715.51086
G1 X107.859 Y176.353 E1715.57428
G1 X106.767 Y175.522 E1715.61992
G1 X105.186 Y174.495 E1715.68262
G1 X104.25 Y173.932 E1715.71895
G1 X103.584 Y173.572 E1715.74413
G1 X102.301 Y172.926 E1715.79191
G1 X101.044 Y172.344 E1715.83798
G1 X99.234 Y171.67 E1715.90222
G1 X97.957 Y171.242 E1715.94702
G1 X96.133 Y170.784 E1716.00957
G1 X94.768 Y170.482 E1716.05606
G1 X92.907 Y170.227 E1716.11854
G1 X91.863 Y170.115 E1716.15346
G1 X91.167 Y170.067 E1716.17667
G1 X89.637 Y170.027 E1716.22757
G1 X88.238 Y170.029 E1716.2741
G1 X86.365 Y170.186 E1716.33662
G1 X84.974 Y170.338 E1716.38316
G1 X83.129 Y170.701 E1716.4457
G1 X81.76 Y171.003 E1716.49233
G1 X79.971 Y171.563 E1716.55468
G1 X78.646 Y172.012 E1716.60121
G1 X76.925 Y172.768 E1716.66373
G1 X75.654 Y173.357 E1716.71032
G1 X74.029 Y174.296 E1716.77274
G1 X72.83 Y175.019 E1716.81931
G1 X71.317 Y176.133 E1716.8818
G1 X70.201 Y176.982 E1716.92844
G1 X69.517 Y177.611 E1716.95935
G1 X68.874 Y178.206 E1716.98848
G1 X67.803 Y179.219 E1717.03752
G1 X66.528 Y180.684 E1717.10211
G1 X65.663 Y181.702 E1717.14654
G1 X64.57 Y183.283 E1717.21047
G1 X63.809 Y184.405 E1717.25556
G1 X62.903 Y186.085 E1717.31905
G1 X62.261 Y187.295 E1717.3646
G1 X61.547 Y189.053 E1717.42771
G1 X61.03 Y190.348 E1717.47409
G1 X60.15 Y193.494 E1717.58274
G1 X59.615 Y196.73 E1717.69184
G1 X59.459 Y199.618 E1717.78803
G1 X59.437 Y200.002 E1717.80082
G1 X59.616 Y203.271 E1717.90971
G1 X60.151 Y206.507 E1718.0188
G1 X61.03 Y209.651 E1718.12738
G1 X62.262 Y212.707 E1718.23698
G1 X62.933 Y213.971 E1718.28457
G1 X63.809 Y215.597 E1718.346
G1 X64.623 Y216.794 E1718.39415
G1 X65.665 Y218.3 E1718.45506
G1 X66.614 Y219.417 E1718.50381
G1 X67.802 Y220.783 E1718.56402
G1 X68.871 Y221.794 E1718.61296
G1 X70.205 Y223.025 E1718.67333
G1 X71.377 Y223.912 E1718.72222
G1 X72.829 Y224.98 E1718.78217
G1 X74.03 Y225.704 E1718.82881
G1 X75.651 Y226.642 E1718.8911
G1 X76.924 Y227.233 E1718.93778
G1 X78.644 Y227.99 E1719.00029
G1 X79.97 Y228.438 E1719.04684
G1 X81.776 Y229.005 E1719.1098
G1 X83.13 Y229.301 E1719.15589
G1 X84.975 Y229.663 E1719.21843
G1 X86.366 Y229.815 E1719.26497
G1 X88.238 Y229.972 E1719.32745
G1 X89.638 Y229.971 E1719.37401
G1 X91.168 Y229.933 E1719.42492
G1 X91.862 Y229.885 E1719.44806
G1 X92.909 Y229.772 E1719.48308
G1 X94.535 Y229.55 E1719.53766
G1 X95.28 Y229.404 E1719.56291
G1 X96.134 Y229.215 E1719.59201
G1 X97.944 Y228.761 E1719.65407
G1 X99.319 Y228.299 E1719.70232
G1 X101.044 Y227.655 E1719.76356
G1 X102.326 Y227.062 E1719.81054
G1 X104.009 Y226.214 E1719.87322
G1 X105.183 Y225.506 E1719.91882
G1 X105.737 Y225.148 E1719.94076
G1 X106.767 Y224.477 E1719.98164
G1 X107.904 Y223.612 E1720.02916
G1 X109.336 Y222.439 E1720.09073
G1 X110.352 Y221.476 E1720.13729
G1 X111.666 Y220.133 E1720.19978
G1 X112.572 Y219.067 E1720.24631
G1 X113.729 Y217.587 E1720.30879
G1 X114.516 Y216.428 E1720.35539
G1 X115.503 Y214.83 E1720.41786
G1 X116.16 Y213.593 E1720.46444
G1 X116.961 Y211.904 E1720.52662
G1 X117.687 Y210.012 E1720.59402
G1 X117.874 Y209.546 E1720.61072
G1 X118.152 Y208.613 E1720.6431
G1 X118.315 Y208.291 E1720.6551
G1 X118.59 Y208.044 E1720.6674
G1 X118.938 Y207.912 E1720.67978
G1 X119.114 Y207.898 E1720.68565
G1 X129.683 Y207.922 E1721.03718
G1 X134.435 Y207.903 E1721.19523
G1 X134.435 Y201.685 E1721.40204
G1 X134.358 Y201.831 E1721.40753
G1 X134.043 Y202.186 E1721.42332
G1 X133.234 Y202.748 E1721.45608
G1 X132.783 Y202.919 E1721.47212
G1 X131.807 Y203.035 E1721.50481
G1 X131.519 Y203.027 E1721.5144
G1 X130.626 Y202.71 E1721.54591
G1 X130.191 Y202.511 E1721.56182
G1 X129.363 Y201.619 E1721.6023
G1 X129.185 Y201.333 E1721.61351
G1 X128.905 Y200.239 E1721.65107
G1 X128.883 Y199.885 E1721.66286
G1 X129.14 Y198.806 E1721.69975
G1 X129.258 Y198.523 E1721.70995
G1 X130.017 Y197.644 E1721.74858
G1 X130.191 Y197.489 E1721.75633
G1 X131.333 Y197.023 E1721.79735
G1 X131.69 Y196.959 E1721.80942
G1 X132.785 Y197.084 E1721.84607
G1 X133.231 Y197.252 E1721.86192
G1 X134.042 Y197.809 E1721.89465
G1 X134.362 Y198.17 E1721.91069
G1 X134.435 Y198.31 E1721.91594
G1 X134.435 Y192.102 E1722.12242
G1 X119.11 Y192.088 E1722.63213
G1 X118.781 Y192.032 E1722.64323
G1 X118.454 Y191.842 E1722.65581
G1 X118.217 Y191.536 E1722.66869
M204 S3000
M205 X10 Y10
G0 F6000 X100.887 Y179.725
G0 X99.522 Y178.19
M204 S1800
M205 X8 Y8
G1 F3000 X99.406 Y177.723 E1722.68469
G1 X99.381 Y177.391 E1722.69576
G1 X99.599 Y176.454 E1722.72776
G1 X99.687 Y176.147 E1722.73838
G1 X99.863 Y175.865 E1722.74944
G1 X100.515 Y175.127 E1722.78219
G1 X100.684 Y174.975 E1722.78975
G1 X101 Y174.82 E1722.80146
G1 X101.835 Y174.505 E1722.83114
G1 X102.063 Y174.449 E1722.83895
G1 X103.284 Y174.566 E1722.87975
G1 X103.681 Y174.7 E1722.89368
G1 X104.6 Y175.336 E1722.93086
G1 X104.86 Y175.652 E1722.94447
G1 X105.318 Y176.523 E1722.9772
G1 X105.432 Y176.989 E1722.99315
G1 X105.432 Y177.977 E1723.02601
G1 X105.339 Y178.399 E1723.04039
G1 X104.86 Y179.313 E1723.07471
G1 X104.656 Y179.58 E1723.08588
G1 X103.732 Y180.231 E1723.12348
G1 X103.407 Y180.379 E1723.13536
G1 X102.307 Y180.518 E1723.17223
G1 X101.965 Y180.5 E1723.18362
G1 X101.143 Y180.199 E1723.21274
G1 X100.756 Y180.036 E1723.22671
G1 X100.517 Y179.839 E1723.23701
G1 X99.864 Y179.102 E1723.26976
G1 X99.67 Y178.772 E1723.28249
G1 X99.522 Y178.19 E1723.30246
M204 S3000
M205 X10 Y10
G0 F6000 X83.06 Y194.917
G0 X82.088 Y196.463
G0 X81.748 Y197.439
G0 X80.938 Y200.088
M204 S1800
M205 X8 Y8
G1 F3000 X81.034 Y199.057 E1723.3369
G1 X81.136 Y198.164 E1723.3668
G1 X81.525 Y197.007 E1723.4074
G1 X81.731 Y196.418 E1723.42815
G1 X82.115 Y195.76 E1723.45349
G1 X82.746 Y194.757 E1723.4929
G1 X83.194 Y194.286 E1723.51452
G1 X84.08 Y193.399 E1723.55622
G1 X84.531 Y193.097 E1723.57427
G1 X85.68 Y192.377 E1723.61937
G1 X86.855 Y191.948 E1723.66097
G1 X87.491 Y191.726 E1723.68338
G1 X88.604 Y191.588 E1723.72068
G1 X89.371 Y191.501 E1723.74636
G1 X90.382 Y191.6 E1723.78014
G1 X91.266 Y191.701 E1723.80974
G1 X92.316 Y192.053 E1723.84657
G1 X93.019 Y192.299 E1723.87134
G1 X93.825 Y192.776 E1723.90249
G1 X94.642 Y193.287 E1723.93454
G1 X95.413 Y194.023 E1723.96999
G1 X96.008 Y194.619 E1723.99801
G1 X96.665 Y195.619 E1724.0378
G1 X97.053 Y196.236 E1724.06204
G1 X97.137 Y196.417 E1724.06868
G1 X97.699 Y198.024 E1724.1253
G1 X97.835 Y199.053 E1724.15983
G1 X97.934 Y199.942 E1724.18958
G1 X97.836 Y200.944 E1724.22306
G1 X97.735 Y201.833 E1724.25282
G1 X97.537 Y202.441 E1724.27409
G1 X97.12 Y203.629 E1724.31597
G1 X96.667 Y204.379 E1724.34511
G1 X96.148 Y205.206 E1724.37758
G1 X95.414 Y205.976 E1724.41296
G1 X94.818 Y206.572 E1724.441
G1 X94.257 Y206.953 E1724.46355
G1 X93.22 Y207.605 E1724.50429
G1 X92.306 Y207.95 E1724.53679
G1 X91.427 Y208.259 E1724.56778
G1 X90.382 Y208.399 E1724.60284
G1 X89.497 Y208.499 E1724.63247
G1 X88.606 Y208.414 E1724.66224
G1 X87.654 Y208.306 E1724.6941
G1 X86.857 Y208.054 E1724.7219
G1 X85.85 Y207.701 E1724.7574
G1 X85.217 Y207.334 E1724.78173
G1 X84.227 Y206.713 E1724.8206
G1 X83.771 Y206.292 E1724.84124
G1 X82.861 Y205.381 E1724.88407
G1 X82.569 Y204.962 E1724.90106
G1 X81.803 Y203.741 E1724.949
G1 X81.527 Y202.996 E1724.97542
G1 X81.161 Y201.946 E1725.01241
G1 X81.035 Y200.946 E1725.04593
G1 X80.938 Y200.088 E1725.07465
M204 S3000
M205 X10 Y10
G0 F6000 X63.107 Y202.705
G0 X61.887 Y202.242
G0 X61.187 Y201.451
G0 X60.406 Y200.241
M204 S1800
M205 X8 Y8
G1 F3000 X60.378 Y199.945 E1725.08454
G1 X60.642 Y198.806 E1725.12343
G1 X60.863 Y198.384 E1725.13927
G1 X61.538 Y197.619 E1725.1732
G1 X61.912 Y197.37 E1725.18815
G1 X62.835 Y197.023 E1725.22094
G1 X63.123 Y196.96 E1725.23075
G1 X64.285 Y197.084 E1725.26962
G1 X64.617 Y197.185 E1725.28116
G1 X65.542 Y197.811 E1725.31831
G1 X65.794 Y198.061 E1725.33011
G1 X66.318 Y199.04 E1725.36705
G1 X66.421 Y199.354 E1725.37804
G1 X66.432 Y200.002 E1725.39959
G1 X66.432 Y200.521 E1725.41685
G1 X66.366 Y200.854 E1725.42815
G1 X65.859 Y201.83 E1725.46473
G1 X65.657 Y202.096 E1725.47584
G1 X65.027 Y202.545 E1725.50157
G1 X64.569 Y202.84 E1725.51969
G1 X64.283 Y202.919 E1725.52955
G1 X63.307 Y203.035 E1725.56224
G1 X63.124 Y203.04 E1725.56833
G1 X62.833 Y202.977 E1725.57824
G1 X61.911 Y202.628 E1725.61103
G1 X61.516 Y202.356 E1725.62698
G1 X60.864 Y201.617 E1725.65976
G1 X60.642 Y201.195 E1725.67561
G1 X60.406 Y200.241 E1725.7083
M204 S3000
M205 X10 Y10
G0 F6000 X61.022 Y201.265
G0 X61.887 Y202.242
G0 X99.406 Y222.758
M204 S1800
M205 X8 Y8
G1 F3000 X99.383 Y222.404 E1725.7201
G1 X99.521 Y221.81 E1725.74038
G1 X99.654 Y221.276 E1725.75869
G1 X99.826 Y220.944 E1725.77112
G1 X100.515 Y220.161 E1725.80581
G1 X100.832 Y219.922 E1725.81902
G1 X101.835 Y219.54 E1725.85471
G1 X102.151 Y219.476 E1725.86544
G1 X103.011 Y219.565 E1725.89419
G1 X103.509 Y219.652 E1725.91101
G1 X103.732 Y219.769 E1725.91938
G1 X104.543 Y220.33 E1725.95218
G1 X104.757 Y220.528 E1725.96188
G1 X105.318 Y221.554 E1726.00077
G1 X105.407 Y221.792 E1726.00922
G1 X105.434 Y222.441 E1726.03083
G1 X105.432 Y223.012 E1726.04982
G1 X105.318 Y223.477 E1726.06574
G1 X104.86 Y224.348 E1726.09847
G1 X104.541 Y224.706 E1726.11442
G1 X103.681 Y225.298 E1726.14915
G1 X103.284 Y225.434 E1726.16311
G1 X102.308 Y225.551 E1726.1958
G1 X102.065 Y225.551 E1726.20388
G1 X101.003 Y225.18 E1726.2413
G1 X100.685 Y225.024 E1726.25308
G1 X100.251 Y224.573 E1726.2739
G1 X99.864 Y224.134 E1726.29336
G1 X99.687 Y223.851 E1726.30446
G1 X99.406 Y222.758 E1726.342
M204 S3000
M205 X10 Y10
G0 F6000 X100.022 Y221.251
G0 X100.799 Y220.372
G0 X119.011 Y207.522
M204 S1800
M205 X8 Y8
;TYPE:SKIN
G1 F1200 X129.432 Y207.54 E1726.6886
G1 X134.055 Y207.523 E1726.84237
G1 X134.055 Y203.901 E1726.96283
G1 X133.205 Y203.904 E1726.99111
G1 X121.91 Y203.808 E1727.36679
G1 X119.526 Y203.807 E1727.44608
G1 X119.299 Y203.874 E1727.45396
G1 X119.138 Y204.037 E1727.46158
G1 X119.081 Y204.246 E1727.46878
G1 X118.939 Y205.262 E1727.5029
G1 X118.776 Y205.996 E1727.52791
G1 X118.538 Y207.138 E1727.56671
G1 X118.366 Y207.757 E1727.58808
G1 X118.583 Y207.625 E1727.59653
G1 X119.011 Y207.522 E1727.61117
M204 S3000
M205 X10 Y10
G0 F6000 X119.074 Y207.321
M204 S1800
M205 X8 Y8
G1 F1200 X118.767 Y207.013 E1727.62563
M204 S3000
M205 X10 Y10
G0 F6000 X118.864 Y206.545
M204 S1800
M205 X8 Y8
G1 F1200 X119.641 Y207.322 E1727.66218
M204 S3000
M205 X10 Y10
G0 F6000 X120.207 Y207.323
M204 S1800
M205 X8 Y8
G1 F1200 X118.962 Y206.077 E1727.72076
M204 S3000
M205 X10 Y10
G0 F6000 X119.064 Y205.613
M204 S1800
M205 X8 Y8
G1 F1200 X120.774 Y207.324 E1727.80122
M204 S3000
M205 X10 Y10
G0 F6000 X121.34 Y207.325
M204 S1800
M205 X8 Y8
G1 F1200 X119.158 Y205.142 E1727.90388
M204 S3000
M205 X10 Y10
G0 F6000 X119.228 Y204.647
M204 S1800
M205 X8 Y8
G1 F1200 X121.907 Y207.325 E1728.02987
M204 S3000
M205 X10 Y10
G0 F6000 X122.474 Y207.327
M204 S1800
M205 X8 Y8
G1 F1200 X119.317 Y204.17 E1728.17836
M204 S3000
M205 X10 Y10
G0 F6000 X119.72 Y204.007
M204 S1800
M205 X8 Y8
G1 F1200 X123.04 Y207.327 E1728.33452
M204 S3000
M205 X10 Y10
G0 F6000 X123.607 Y207.329
M204 S1800
M205 X8 Y8
G1 F1200 X120.285 Y204.007 E1728.49078
M204 S3000
M205 X10 Y10
G0 F6000 X120.851 Y204.007
M204 S1800
M205 X8 Y8
G1 F1200 X124.174 Y207.33 E1728.64709
M204 S3000
M205 X10 Y10
G0 F6000 X124.74 Y207.33
M204 S1800
M205 X8 Y8
G1 F1200 X121.417 Y204.007 E1728.80339
M204 S3000
M205 X10 Y10
G0 F6000 X121.983 Y204.008
M204 S1800
M205 X8 Y8
G1 F1200 X125.307 Y207.332 E1728.95974
M204 S3000
M205 X10 Y10
G0 F6000 X125.874 Y207.332
M204 S1800
M205 X8 Y8
G1 F1200 X122.554 Y204.013 E1729.11588
M204 S3000
M205 X10 Y10
G0 F6000 X123.124 Y204.017
M204 S1800
M205 X8 Y8
G1 F1200 X126.44 Y207.333 E1729.27185
M204 S3000
M205 X10 Y10
G0 F6000 X127.007 Y207.335
M204 S1800
M205 X8 Y8
G1 F1200 X123.695 Y204.022 E1729.42766
M204 S3000
M205 X10 Y10
G0 F6000 X124.266 Y204.027
M204 S1800
M205 X8 Y8
G1 F1200 X127.574 Y207.335 E1729.58326
M204 S3000
M205 X10 Y10
G0 F6000 X128.14 Y207.336
M204 S1800
M205 X8 Y8
G1 F1200 X124.836 Y204.032 E1729.73867
M204 S3000
M205 X10 Y10
G0 F6000 X125.406 Y204.037
M204 S1800
M205 X8 Y8
G1 F1200 X128.707 Y207.337 E1729.89392
M204 S3000
M205 X10 Y10
G0 F6000 X129.273 Y207.338
M204 S1800
M205 X8 Y8
G1 F1200 X125.977 Y204.042 E1730.04895
M204 S3000
M205 X10 Y10
G0 F6000 X126.548 Y204.046
M204 S1800
M205 X8 Y8
G1 F1200 X129.838 Y207.337 E1730.20373
M204 S3000
M205 X10 Y10
G0 F6000 X130.401 Y207.335
M204 S1800
M205 X8 Y8
G1 F1200 X127.118 Y204.051 E1730.35817
M204 S3000
M205 X10 Y10
G0 F6000 X127.689 Y204.056
M204 S1800
M205 X8 Y8
G1 F1200 X130.966 Y207.333 E1730.51231
M204 S3000
M205 X10 Y10
G0 F6000 X131.529 Y207.331
M204 S1800
M205 X8 Y8
G1 F1200 X128.259 Y204.061 E1730.66612
M204 S3000
M205 X10 Y10
G0 F6000 X128.83 Y204.066
M204 S1800
M205 X8 Y8
G1 F1200 X132.093 Y207.329 E1730.8196
M204 S3000
M205 X10 Y10
G0 F6000 X132.656 Y207.327
M204 S1800
M205 X8 Y8
G1 F1200 X129.401 Y204.071 E1730.97273
M204 S3000
M205 X10 Y10
G0 F6000 X129.971 Y204.075
M204 S1800
M205 X8 Y8
G1 F1200 X133.22 Y207.325 E1731.12558
M204 S3000
M205 X10 Y10
G0 F6000 X133.783 Y207.323
M204 S1800
M205 X8 Y8
G1 F1200 X130.541 Y204.08 E1731.2781
M204 S3000
M205 X10 Y10
G0 F6000 X131.112 Y204.085
M204 S1800
M205 X8 Y8
G1 F1200 X133.854 Y206.828 E1731.4071
M204 S3000
M205 X10 Y10
G0 F6000 X133.854 Y206.262
M204 S1800
M205 X8 Y8
G1 F1200 X131.683 Y204.09 E1731.50924
M204 S3000
M205 X10 Y10
G0 F6000 X132.253 Y204.095
M204 S1800
M205 X8 Y8
G1 F1200 X133.854 Y205.696 E1731.58454
M204 S3000
M205 X10 Y10
G0 F6000 X133.854 Y205.13
M204 S1800
M205 X8 Y8
G1 F1200 X132.824 Y204.1 E1731.63299
M204 S3000
M205 X10 Y10
G0 F6000 X133.392 Y204.103
M204 S1800
M205 X8 Y8
G1 F1200 X133.854 Y204.565 E1731.65472
M204 S3000
M205 X10 Y10
G0 F6000 X130.387 Y202.242
G0 X119.009 Y192.463
M204 S1800
M205 X8 Y8
G1 F1200 X118.524 Y192.335 E1731.6714
G1 X118.35 Y192.217 E1731.6784
G1 X118.664 Y193.348 E1731.71744
G1 X119.069 Y195.509 E1731.79056
G1 X119.175 Y195.953 E1731.80575
G1 X119.333 Y196.111 E1731.81318
G1 X119.564 Y196.179 E1731.82119
G1 X134.055 Y196.112 E1732.30316
G1 X134.055 Y192.482 E1732.4239
G1 X119.009 Y192.463 E1732.92433
M204 S3000
M205 X10 Y10
G0 F6000 X119.609 Y195.977
M204 S1800
M205 X8 Y8
G1 F1200 X119.319 Y195.686 E1732.938
M204 S3000
M205 X10 Y10
G0 F6000 X119.176 Y194.978
M204 S1800
M205 X8 Y8
G1 F1200 X120.173 Y195.975 E1732.98489
M204 S3000
M205 X10 Y10
G0 F6000 X120.736 Y195.972
M204 S1800
M205 X8 Y8
G1 F1200 X119.04 Y194.276 E1733.06467
M204 S3000
M205 X10 Y10
G0 F6000 X118.909 Y193.58
M204 S1800
M205 X8 Y8
G1 F1200 X121.299 Y195.969 E1733.17706
M204 S3000
M205 X10 Y10
G0 F6000 X121.862 Y195.967
M204 S1800
M205 X8 Y8
G1 F1200 X118.729 Y192.834 E1733.32443
M204 S3000
M205 X10 Y10
G0 F6000 X119.124 Y192.663
M204 S1800
M205 X8 Y8
G1 F1200 X122.425 Y195.964 E1733.4797
M204 S3000
M205 X10 Y10
G0 F6000 X122.988 Y195.961
M204 S1800
M205 X8 Y8
G1 F1200 X119.69 Y192.663 E1733.63482
M204 S3000
M205 X10 Y10
G0 F6000 X120.256 Y192.664
M204 S1800
M205 X8 Y8
G1 F1200 X123.552 Y195.959 E1733.78983
M204 S3000
M205 X10 Y10
G0 F6000 X124.114 Y195.956
M204 S1800
M205 X8 Y8
G1 F1200 X120.823 Y192.665 E1733.94463
M204 S3000
M205 X10 Y10
G0 F6000 X121.389 Y192.666
M204 S1800
M205 X8 Y8
G1 F1200 X124.677 Y195.954 E1734.09929
M204 S3000
M205 X10 Y10
G0 F6000 X125.241 Y195.952
M204 S1800
M205 X8 Y8
G1 F1200 X121.956 Y192.666 E1734.25383
M204 S3000
M205 X10 Y10
G0 F6000 X122.522 Y192.667
M204 S1800
M205 X8 Y8
G1 F1200 X125.804 Y195.949 E1734.40821
M204 S3000
M205 X10 Y10
G0 F6000 X126.367 Y195.946
M204 S1800
M205 X8 Y8
G1 F1200 X123.088 Y192.668 E1734.56242
M204 S3000
M205 X10 Y10
G0 F6000 X123.655 Y192.668
M204 S1800
M205 X8 Y8
G1 F1200 X126.93 Y195.944 E1734.71649
M204 S3000
M205 X10 Y10
G0 F6000 X127.493 Y195.941
M204 S1800
M205 X8 Y8
G1 F1200 X124.221 Y192.669 E1734.87039
M204 S3000
M205 X10 Y10
G0 F6000 X124.788 Y192.67
M204 S1800
M205 X8 Y8
G1 F1200 X128.056 Y195.938 E1735.02411
M204 S3000
M205 X10 Y10
G0 F6000 X128.619 Y195.936
M204 S1800
M205 X8 Y8
G1 F1200 X125.354 Y192.671 E1735.17768
M204 S3000
M205 X10 Y10
G0 F6000 X125.92 Y192.671
M204 S1800
M205 X8 Y8
G1 F1200 X129.182 Y195.933 E1735.33112
M204 S3000
M205 X10 Y10
G0 F6000 X129.745 Y195.93
M204 S1800
M205 X8 Y8
G1 F1200 X126.487 Y192.672 E1735.48436
M204 S3000
M205 X10 Y10
G0 F6000 X127.053 Y192.673
M204 S1800
M205 X8 Y8
G1 F1200 X130.309 Y195.928 E1735.63749
M204 S3000
M205 X10 Y10
G0 F6000 X130.872 Y195.925
M204 S1800
M205 X8 Y8
G1 F1200 X127.62 Y192.673 E1735.79046
M204 S3000
M205 X10 Y10
G0 F6000 X128.186 Y192.674
M204 S1800
M205 X8 Y8
G1 F1200 X131.434 Y195.923 E1735.94326
M204 S3000
M205 X10 Y10
G0 F6000 X131.998 Y195.92
M204 S1800
M205 X8 Y8
G1 F1200 X128.752 Y192.675 E1736.09591
M204 S3000
M205 X10 Y10
G0 F6000 X129.319 Y192.675
M204 S1800
M205 X8 Y8
G1 F1200 X132.561 Y195.918 E1736.24843
M204 S3000
M205 X10 Y10
G0 F6000 X133.124 Y195.915
M204 S1800
M205 X8 Y8
G1 F1200 X129.885 Y192.676 E1736.40078
M204 S3000
M205 X10 Y10
G0 F6000 X130.452 Y192.677
M204 S1800
M205 X8 Y8
G1 F1200 X133.687 Y195.913 E1736.55297
M204 S3000
M205 X10 Y10
G0 F6000 X133.855 Y195.515
M204 S1800
M205 X8 Y8
G1 F1200 X131.018 Y192.678 E1736.68642
M204 S3000
M205 X10 Y10
G0 F6000 X131.584 Y192.678
M204 S1800
M205 X8 Y8
G1 F1200 X133.855 Y194.949 E1736.79324
M204 S3000
M205 X10 Y10
G0 F6000 X133.855 Y194.383
M204 S1800
M205 X8 Y8
G1 F1200 X132.151 Y192.679 E1736.87339
M204 S3000
M205 X10 Y10
G0 F6000 X132.717 Y192.68
M204 S1800
M205 X8 Y8
G1 F1200 X133.855 Y193.817 E1736.92689
M204 S3000
M205 X10 Y10
G0 F6000 X133.855 Y193.252
M204 S1800
M205 X8 Y8
G1 F1200 X133.283 Y192.68 E1736.9538
G1 X133.213 Y192.61
M204 S3000
M205 X10 Y10
;MESH:NONMESH
G0 F600 X133.213 Y192.61 Z1.6
G0 F6000 X118.623 Y191.729
G0 X103.594 Y174.082
;TIME_ELAPSED:2242.114546
;LAYER:7
M204 S1800
M205 X8 Y8
;TYPE:FILL
;MESH:14_4_2.stl
G1 F1983.5 X103.954 Y174.263 E1736.97407
G1 F1996.7 X104.42 Y174.562 E1737.00174
G1 F1889.8 X104.886 Y174.862 E1737.031
G1 F1818.2 X104.996 Y174.938 E1737.03834
M204 S3000
M205 X10 Y10
G0 F6000 X105.163 Y176.812
G0 X105.163 Y223.189
G0 X105.061 Y225.012
M204 S1800
M205 X8 Y8
G1 F1793.7 X104.871 Y225.147 E1737.0513
G1 F1895.7 X104.413 Y225.443 E1737.08001
G1 F2000 X103.954 Y225.739 E1737.10725
G1 F1910.8 X103.44 Y225.971 E1737.1367
M204 S3000
M205 X10 Y10
G0 F6000 X101.346 Y225.761
M204 S1800
M205 X8 Y8
G1 F3000 X99.095 Y228.012 E1737.24258
G1 X99.296 Y227.944 E1737.24964
G1 X100.817 Y227.379 E1737.30361
G1 X102.303 Y226.696 E1737.358
G1 X103.137 Y226.274 E1737.38909
G1 X102.966 Y225.895 E1737.40292
G1 X102.145 Y225.982 E1737.43038
G1 X101.71 Y225.9 E1737.4451
G1 X100.822 Y225.562 E1737.4767
G1 X100.44 Y225.372 E1737.49089
G1 X100.077 Y225.013 E1737.50787
G1 X99.4 Y224.22 E1737.54255
G1 X99.236 Y223.839 E1737.55635
G1 X98.989 Y222.838 E1737.59064
G1 X98.958 Y222.668 E1737.59639
G1 X98.982 Y222.22 E1737.61131
G1 X99.236 Y221.197 E1737.64637
G1 X99.367 Y220.868 E1737.65815
G1 X99.598 Y220.559 E1737.67098
G1 X100.402 Y219.687 E1737.71043
G1 X100.711 Y219.509 E1737.72229
G1 X101.786 Y219.108 E1737.76045
G1 X102.232 Y219.051 E1737.7754
G1 X103.007 Y219.138 E1737.80134
G1 X103.596 Y219.216 E1737.8211
G1 X103.936 Y219.398 E1737.83393
G1 X118.709 Y204.626 E1738.52878
G1 X118.601 Y205.284 E1738.55096
G1 X118.376 Y206.376 E1738.58804
G1 X118.096 Y207.636 E1738.63097
G1 X117.55 Y209.437 E1738.69357
G1 X117.471 Y209.635 E1738.70066
G1 X105.709 Y221.397 E1739.25391
G1 X105.827 Y221.718 E1739.26528
G1 X105.856 Y221.998 E1739.27465
G1 X105.855 Y223.045 E1739.30947
G1 X105.737 Y223.58 E1739.32769
G1 X105.228 Y224.555 E1739.36427
G1 X105.481 Y224.91 E1739.37877
G1 X106.495 Y224.251 E1739.41899
G1 X107.042 Y223.836 E1739.44183
G1 X113.32 Y217.559 E1739.7371
G1 X112.322 Y218.828 E1739.7908
G1 X111.36 Y219.962 E1739.84026
G1 X110.172 Y221.173 E1739.89668
G1 X108.996 Y222.279 E1739.95038
G1 X107.772 Y223.282 E1740.00301
M204 S3000
M205 X10 Y10
G0 F6000 X103.431 Y225.144
G0 X102.096 Y225.307
G0 X101.079 Y224.92
G0 X99.313 Y224.022
M204 S1800
M205 X8 Y8
G1 F3000 X94.064 Y229.271 E1740.24991
G1 X92.943 Y229.422 E1740.28753
G1 X91.437 Y229.586 E1740.33792
G1 X89.938 Y229.625 E1740.38779
G1 X121.905 Y197.658 E1741.89142
G1 X119.647 Y197.679 E1741.96652
G1 X119.394 Y197.634 E1741.97507
G1 X119.164 Y197.496 E1741.98399
G1 X118.996 Y197.281 E1741.99307
G1 X118.906 Y196.886 E1742.00654
G1 X86.325 Y229.466 E1743.53903
G1 X84.976 Y229.318 E1743.58417
G1 X83.08 Y228.939 E1743.64847
G1 X118.39 Y193.63 E1745.30932
G1 X118.359 Y193.459 E1745.31511
G1 X118.075 Y192.436 E1745.35042
G1 X117.904 Y191.76 E1745.37361
G1 X117.568 Y190.68 E1745.41123
G1 X80.121 Y228.127 E1747.17262
G1 X78.736 Y227.66 E1747.22123
G1 X77.404 Y227.072 E1747.26966
G1 X116.52 Y187.956 E1749.10956
G1 X115.912 Y186.674 E1749.15675
G1 X115.26 Y185.445 E1749.20302
G1 X97.7 Y203.005 E1750.02899
G1 X98.033 Y202.047 E1750.06272
G1 X98.173 Y200.98 E1750.09852
G1 X98.273 Y200.071 E1750.12893
G1 X98.147 Y198.786 E1750.17188
G1 X113.801 Y183.132 E1750.90819
G1 X113.406 Y182.55 E1750.93159
G1 X112.4 Y181.261 E1750.98597
G1 X112.17 Y180.991 E1750.99777
G1 X97.243 Y195.918 E1751.69989
G1 X96.974 Y195.469 E1751.7173
G1 X96.383 Y194.537 E1751.754
G1 X95.631 Y193.759 E1751.78999
G1 X110.368 Y179.022 E1752.48317
G1 X110.259 Y178.91 E1752.48837
G1 X109.054 Y177.765 E1752.54366
G1 X108.394 Y177.224 E1752.57204
G1 X93.468 Y192.149 E1753.27409
G1 X92.983 Y191.872 E1753.29267
G1 X92.983 Y191.926 E1753.29447
G1 X91.668 Y191.465 E1753.34081
G1 X91.318 Y191.364 E1753.35293
G1 X90.566 Y191.28 E1753.3781
G1 X101.189 Y180.658 E1753.87775
G1 X100.533 Y180.398 E1753.90122
G1 X100.216 Y180.136 E1753.91489
G1 X99.369 Y179.175 E1753.9575
G1 X99.243 Y178.831 E1753.96968
G1 X86.287 Y191.787 E1754.57909
G1 X85.646 Y192.012 E1754.60169
G1 X85.194 Y192.28 E1754.61917
G1 X83.944 Y193.068 E1754.66831
G1 X83.85 Y193.146 E1754.67238
G1 X82.438 Y194.559 E1754.73882
G1 X81.873 Y195.503 E1754.77541
G1 X81.504 Y196.094 E1754.79858
G1 X81.223 Y196.84 E1754.8251
G1 X80.833 Y197.96 E1754.86454
G1 X80.696 Y199.019 E1754.90006
G1 X80.596 Y199.919 E1754.93018
G1 X80.713 Y201.133 E1754.97074
G1 X65.046 Y216.8 E1755.70767
G1 X65.918 Y218.071 E1755.75893
G1 X66.667 Y218.951 E1755.79737
G1 X81.578 Y204.039 E1756.49876
G1 X82.498 Y205.481 E1756.55565
G1 X83.196 Y206.194 E1756.58884
G1 X68.457 Y220.933 E1757.28212
G1 X69.145 Y221.583 E1757.3136
G1 X70.41 Y222.751 E1757.37086
G1 X85.349 Y207.813 E1758.07352
G1 X86.003 Y208.126 E1758.09764
G1 X87.396 Y208.6 E1758.14658
G1 X88.228 Y208.705 E1758.17447
G1 X72.568 Y224.365 E1758.91107
G1 X72.988 Y224.676 E1758.92845
G1 X74.292 Y225.461 E1758.97907
G1 X74.893 Y225.811 E1759.00221
G1 X92.444 Y208.261 E1759.82773
G1 X93.284 Y207.957 E1759.85744
G1 X94.006 Y207.511 E1759.88567
G1 X94.926 Y206.927 E1759.92191
G1 X95.655 Y206.215 E1759.9558
G1 X96.342 Y205.528 E1759.98812
G1 X97.349 Y203.93 E1760.05094
G1 X97.667 Y203.099 E1760.08053
M204 S3000
M205 X10 Y10
G0 F6000 X97.589 Y200
G0 X97.383 Y198.186
G0 X96.781 Y196.463
G0 X95.809 Y194.917
G0 X94.518 Y193.625
G0 X92.972 Y192.654
G0 X91.249 Y192.052
G0 X89.435 Y191.846
G0 X87.621 Y192.052
G0 X85.897 Y192.654
G0 X84.351 Y193.625
G0 X81.217 Y196.857
M204 S1800
M205 X8 Y8
G1 F3000 X63.595 Y214.479 E1760.90942
G1 X62.564 Y212.548 E1760.98222
G1 X62.332 Y211.97 E1761.00294
G1 X101.412 Y172.891 E1762.84112
G1 X100.885 Y172.647 E1762.86043
G1 X99.334 Y172.065 E1762.91553
G1 X98.685 Y171.846 E1762.93831
G1 X61.275 Y209.256 E1764.69797
G1 X60.48 Y206.418 E1764.79599
G1 X60.461 Y206.299 E1764.8
G1 X63.303 Y203.457 E1764.93368
G1 X63.067 Y203.462 E1764.94153
G1 X62.706 Y203.38 E1764.95384
G1 X61.727 Y203.01 E1764.98865
G1 X61.22 Y202.664 E1765.00907
G1 X60.8 Y202.187 E1765.03021
G1 X59.944 Y203.044 E1765.07049
G1 X59.778 Y199.991 E1765.17219
G1 X59.811 Y199.405 E1765.19171
G1 X60.138 Y199.078 E1765.20709
M204 S3000
M205 X10 Y10
G0 F6000 X60.239 Y198.667
M204 S1800
M205 X8 Y8
G1 F3000 X60.519 Y198.129 E1765.22726
G1 X61.219 Y197.334 E1765.26249
G1 X61.729 Y196.985 E1765.28305
G1 X62.534 Y196.682 E1765.31166
G1 X88.846 Y170.37 E1766.54929
G1 X88.196 Y170.369 E1766.57091
G1 X86.701 Y170.494 E1766.62081
G1 X84.973 Y170.682 E1766.67862
G1 X84.711 Y170.733 E1766.6875
G1 X60.205 Y195.239 E1767.84019
G1 X60.478 Y193.583 E1767.89601
G1 X61.347 Y190.471 E1768.00347
G1 X61.446 Y190.227 E1768.01223
G1 X79.635 Y172.038 E1768.86779
G1 X78.732 Y172.341 E1768.89947
G1 X77.327 Y172.959 E1768.95052
G1 X75.784 Y173.671 E1769.00704
G1 X74.451 Y174.441 E1769.05824
G1 X72.992 Y175.319 E1769.11487
G1 X71.743 Y176.237 E1769.16643
G1 X71.413 Y176.488 E1769.18022
G1 X65.796 Y182.105 E1769.44443
G1 X65.922 Y181.924 E1769.45176
G1 X66.999 Y180.654 E1769.50715
G1 X68.036 Y179.465 E1769.55962
G1 X69.399 Y178.181 E1769.6219
G1 X70.4 Y177.257 E1769.66721
M204 S3000
M205 X10 Y10
G0 F6000 X62.534 Y196.682
M204 S1800
M205 X8 Y8
G1 F3000 X63.066 Y196.536 E1769.68556
G1 X63.329 Y196.541 E1769.69431
G1 X64.363 Y196.666 E1769.72895
G1 X64.72 Y196.763 E1769.74125
G1 X65.176 Y197.043 E1769.75905
G1 X65.625 Y197.362 E1769.77737
G1 X92.463 Y170.525 E1771.03972
G1 X93.12 Y170.597 E1771.06171
G1 X94.652 Y170.805 E1771.11313
G1 X95.717 Y171.042 E1771.14942
G1 X66.854 Y199.905 E1772.50704
M204 S3000
M205 X10 Y10
G0 F6000 X66.855 Y200.545
M204 S1800
M205 X8 Y8
G1 F3000 X66.738 Y201.062 E1772.52467
G1 X66.224 Y202.046 E1772.5616
G1 X66.096 Y202.243 E1772.56941
G1 X65.846 Y202.489 E1772.58108
G1 X65.168 Y202.962 E1772.60857
G1 X64.722 Y203.236 E1772.62598
G1 X64.362 Y203.334 E1772.63839
G1 X63.303 Y203.457 E1772.67385
M204 S3000
M205 X10 Y10
G0 F6000 X101.189 Y180.658
M204 S1800
M205 X8 Y8
G1 F3000 X101.704 Y180.862 E1772.69228
G1 X102.126 Y180.948 E1772.7066
G1 X103.299 Y180.827 E1772.74582
G1 X103.299 Y180.86 E1772.74692
G1 X103.735 Y180.715 E1772.7622
G1 X104.59 Y180.149 E1772.7963
G1 X104.976 Y179.863 E1772.81228
G1 X105.223 Y179.528 E1772.82613
G1 X105.752 Y178.512 E1772.86422
G1 X105.827 Y178.28 E1772.87233
G1 X105.856 Y177.665 E1772.89281
G1 X105.856 Y176.954 E1772.91646
G1 X105.737 Y176.417 E1772.93475
G1 X105.632 Y176.214 E1772.94236
G1 X105.181 Y175.373 E1772.9741
G1 X105.409 Y175.042 E1772.98746
M204 S3000
M205 X10 Y10
G0 F6000 X106.254 Y175.592
M204 S1800
M205 X8 Y8
G1 F3000 X105.632 Y176.214 E1773.01672
M204 S3000
M205 X10 Y10
G0 F6000 X118.784 Y204.165
M204 S1800
M205 X8 Y8
G1 F3000 X118.931 Y202.905 E1773.05891
G1 X119.006 Y202.663 E1773.06734
G1 X119.172 Y202.452 E1773.07627
G1 X119.402 Y202.313 E1773.08521
G1 X119.65 Y202.267 E1773.0936
G1 X121.067 Y202.267 E1773.14073
G1 X125.697 Y197.638 E1773.35848
G1 X129.435 Y197.661 E1773.48281
G1 X129.356 Y197.75 E1773.48677
G1 X124.839 Y202.267 E1773.69924
G1 X127.357 Y202.267 E1773.78299
G1 X128.598 Y202.28 E1773.82426
G1 X129.028 Y201.85 E1773.84449
G1 X129.392 Y202.287 E1773.86341
M204 S3000
M205 X10 Y10
G0 F6000 X129.101 Y200.168
G0 X129.596 Y200.048
M204 S1800
M205 X8 Y8
;TYPE:WALL-OUTER
G1 F3000 X129.596 Y199.952 E1773.8666
G1 X129.841 Y198.957 E1773.90068
G1 X129.886 Y198.872 E1773.90388
G1 X130.568 Y198.105 E1773.93802
G1 X130.647 Y198.05 E1773.94122
G1 X131.606 Y197.686 E1773.97533
G1 X132.719 Y197.798 E1774.01254
G1 X132.809 Y197.832 E1774.01574
G1 X133.653 Y198.412 E1774.0498
G1 X133.717 Y198.484 E1774.05301
G1 F3007.5 X134.192 Y199.392 E1774.087
G1 X134.215 Y199.484 E1774.09015
G1 F3000 X134.217 Y200.516 E1774.12447
G1 F3007.5 X134.193 Y200.61 E1774.12769
G1 X133.715 Y201.515 E1774.16165
G1 F3000 X133.652 Y201.586 E1774.16481
G1 X132.809 Y202.17 E1774.19891
G1 X131.945 Y202.296 E1774.22796
G1 X131.606 Y202.314 E1774.23925
G1 X130.647 Y201.95 E1774.27336
G1 X130.568 Y201.895 E1774.27656
G1 X129.886 Y201.128 E1774.3107
G1 X129.841 Y201.043 E1774.3139
G1 X129.596 Y200.048 E1774.34798
M204 S3000
M205 X10 Y10
G0 F6000 X129.596 Y199.952
G0 X129.62 Y199.851
G0 X129.127 Y199.73
G0 X119.246 Y192.363
G0 X119.246 Y191.853
M204 S1800
M205 X8 Y8
G1 F3000 X119.101 Y191.767 E1774.35359
G1 X118.929 Y191.192 E1774.37355
G1 X118.764 Y190.604 E1774.39386
G1 X118.528 Y190.012 E1774.41506
G1 X117.66 Y187.697 E1774.49729
G1 X116.933 Y186.167 E1774.55363
G1 X116.154 Y184.695 E1774.60903
G1 X115.262 Y183.254 E1774.66539
G1 X114.325 Y181.873 E1774.7209
G1 X113.28 Y180.538 E1774.77729
G1 X112.202 Y179.267 E1774.83272
G1 X111.016 Y178.054 E1774.88914
G1 X109.806 Y176.909 E1774.94455
G1 X108.495 Y175.834 E1775.00094
G1 X107.167 Y174.824 E1775.05643
G1 X105.747 Y173.902 E1775.11274
G1 X104.318 Y173.042 E1775.16822
G1 X102.781 Y172.269 E1775.22544
G1 X101.29 Y171.578 E1775.28009
G1 X99.689 Y170.982 E1775.33691
G1 X98.122 Y170.456 E1775.39189
G1 X96.478 Y170.043 E1775.44827
G1 X94.851 Y169.683 E1775.50369
G1 X93.171 Y169.454 E1775.56009
G1 X91.514 Y169.273 E1775.61553
G1 X89.819 Y169.23 E1775.67192
G1 X88.153 Y169.23 E1775.72733
G1 X86.463 Y169.373 E1775.78374
G1 X84.805 Y169.553 E1775.83921
G1 X83.141 Y169.881 E1775.89562
G1 X81.511 Y170.24 E1775.95113
G1 X79.897 Y170.746 E1776.00739
G1 X78.318 Y171.28 E1776.06283
G1 X76.666 Y172.008 E1776.12288
G1 X75.252 Y172.663 E1776.17471
G1 X73.786 Y173.51 E1776.23102
G1 X72.359 Y174.371 E1776.28645
G1 X70.992 Y175.377 E1776.3429
G1 X69.664 Y176.387 E1776.3984
G1 X68.364 Y177.587 E1776.45724
G1 X67.207 Y178.682 E1776.51022
G1 X66.049 Y180.013 E1776.5689
G1 X65.013 Y181.232 E1776.62211
G1 X64.026 Y182.662 E1776.6799
G1 X63.114 Y184.005 E1776.7339
G1 X61.528 Y186.97 E1776.84573
G1 X60.266 Y190.103 E1776.95807
G1 X59.366 Y193.328 E1777.06944
G1 X58.818 Y196.645 E1777.18126
G1 X58.636 Y200.002 E1777.29307
G1 X58.812 Y203.253 E1777.40136
G1 X58.835 Y203.456 E1777.40816
G1 X59.367 Y206.673 E1777.51661
G1 X60.182 Y209.583 E1777.61712
G1 X60.392 Y210.2 E1777.6388
G1 X61.529 Y213.031 E1777.74027
G1 X63.115 Y215.997 E1777.85213
G1 X64.128 Y217.487 E1777.91206
G1 X65.015 Y218.77 E1777.96394
G1 X66.137 Y220.09 E1778.02156
G1 X67.206 Y221.319 E1778.07573
G1 X68.472 Y222.516 E1778.13368
G1 X69.669 Y223.62 E1778.18784
G1 X70.993 Y224.624 E1778.24311
G1 X72.358 Y225.628 E1778.29947
G1 X73.787 Y226.489 E1778.35496
G1 X75.248 Y227.336 E1778.41112
G1 X76.766 Y228.039 E1778.46677
G1 X78.317 Y228.722 E1778.52313
G1 X79.897 Y229.255 E1778.57859
G1 X81.527 Y229.768 E1778.63543
G1 X83.143 Y230.121 E1778.69044
G1 X84.321 Y230.351 E1778.73036
G1 X85.297 Y230.501 E1778.76321
G1 X86.464 Y230.628 E1778.80225
G1 X88.154 Y230.771 E1778.85866
G1 X89.821 Y230.77 E1778.91411
G1 X91.514 Y230.726 E1778.97043
G1 X93.173 Y230.545 E1779.02594
G1 X94.848 Y230.316 E1779.08217
G1 X96.479 Y229.956 E1779.13772
G1 X98.109 Y229.547 E1779.19362
G1 X99.704 Y229.012 E1779.24957
G1 X101.29 Y228.421 E1779.30587
G1 X102.828 Y227.71 E1779.36222
G1 X104.32 Y226.957 E1779.41781
G1 X105.765 Y226.087 E1779.47391
G1 X107.167 Y225.175 E1779.52954
G1 X108.529 Y224.138 E1779.58647
G1 X109.719 Y223.163 E1779.63764
G1 X110.112 Y222.802 E1779.65539
G1 X111.018 Y221.944 E1779.69689
G1 X112.204 Y220.732 E1779.75329
G1 X113.281 Y219.461 E1779.8087
G1 X114.326 Y218.126 E1779.86509
G1 X115.264 Y216.747 E1779.92056
G1 X116.155 Y215.304 E1779.97697
G1 X116.935 Y213.831 E1780.0324
G1 X117.661 Y212.303 E1780.08867
G1 X118.286 Y210.67 E1780.14682
G1 X118.628 Y209.813 E1780.17751
G1 X119.076 Y208.316 E1780.22949
G1 X119.178 Y208.201 E1780.2346
G1 X119.266 Y208.182 E1780.23759
G1 X124.792 Y208.194 E1780.42139
G1 X132.303 Y208.164 E1780.67121
G1 X135.235 Y208.151 E1780.76873
G1 X135.235 Y191.85 E1781.3109
G1 X119.246 Y191.853 E1781.8427
M204 S3000
M205 X10 Y10
G0 F6000 X119.101 Y191.767
G0 X119.092 Y191.737
G0 X118.59 Y191.875
G0 X100.839 Y179.796
G0 X99.946 Y178.789
G0 X99.602 Y177.652
G0 X100.096 Y177.532
M204 S1800
M205 X8 Y8
G1 F3000 X100.096 Y177.435 E1781.84592
G1 X100.342 Y176.438 E1781.88008
G1 X100.92 Y175.753 E1781.90989
G1 X101.146 Y175.532 E1781.9204
G1 X102.106 Y175.169 E1781.95454
G1 X102.202 Y175.158 E1781.95775
G1 X103.219 Y175.281 E1781.99182
G1 X103.309 Y175.315 E1781.99502
G1 X104.17 Y175.909 E1782.02982
G1 X104.216 Y175.967 E1782.03228
G1 X104.697 Y176.885 E1782.06675
G1 X104.716 Y177.665 E1782.0927
G1 X104.692 Y178.092 E1782.10692
G1 X104.212 Y179.003 E1782.14117
G1 X103.308 Y179.653 E1782.1782
G1 X102.201 Y179.808 E1782.21538
G1 X101.39 Y179.526 E1782.24394
G1 X101.068 Y179.379 E1782.25571
G1 X100.373 Y178.594 E1782.29059
G1 X100.212 Y178 E1782.31105
G1 X100.096 Y177.532 E1782.32709
M204 S3000
M205 X10 Y10
G0 F6000 X100.096 Y177.435
G0 X100.12 Y177.335
G0 X99.627 Y177.214
G0 X83.06 Y194.917
G0 X82.088 Y196.463
G0 X81.548 Y198.014
G0 X81.23 Y200.081
G0 X81.736 Y200.025
M204 S1800
M205 X8 Y8
G1 F3000 X81.829 Y199.146 E1782.35649
G1 X81.927 Y198.288 E1782.38521
G1 X81.961 Y198.186 E1782.38879
G1 X82.496 Y196.659 E1782.4426
G1 X82.838 Y196.111 E1782.46409
G1 X83.409 Y195.205 E1782.49971
G1 X83.74 Y194.87 E1782.51537
G1 X84.637 Y193.975 E1782.55752
G1 X86.085 Y193.067 E1782.61436
G1 X86.321 Y192.982 E1782.62271
G1 X87.728 Y192.491 E1782.67227
G1 X89.438 Y192.3 E1782.7295
G1 X90.291 Y192.394 E1782.75804
G1 X91.146 Y192.492 E1782.78667
G1 X92.755 Y193.054 E1782.84335
G1 X93.395 Y193.449 E1782.86837
G1 X94.232 Y193.976 E1782.90126
G1 X94.847 Y194.588 E1782.93012
G1 X95.453 Y195.196 E1782.95867
G1 X96.008 Y196.076 E1782.99328
G1 X96.371 Y196.655 E1783.016
G1 X96.382 Y196.681 E1783.01694
G1 X96.944 Y198.292 E1783.07369
G1 X97.136 Y199.999 E1783.13083
G1 X96.945 Y201.706 E1783.18796
G1 X96.646 Y202.566 E1783.21824
G1 X96.374 Y203.338 E1783.24546
G1 X96.009 Y203.923 E1783.2684
G1 X95.462 Y204.792 E1783.30255
G1 X94.848 Y205.411 E1783.33155
G1 X94.242 Y206.016 E1783.36003
G1 X93.401 Y206.547 E1783.39311
G1 X92.775 Y206.938 E1783.41766
G1 X91.157 Y207.505 E1783.47468
G1 X90.292 Y207.605 E1783.50364
G1 X89.438 Y207.7 E1783.53222
G1 X88.869 Y207.638 E1783.55126
G1 X87.724 Y207.508 E1783.58959
G1 X87.296 Y207.36 E1783.60465
G1 X86.096 Y206.939 E1783.64695
G1 X85.804 Y206.758 E1783.65837
G1 X84.638 Y206.025 E1783.70418
G1 X84.474 Y205.864 E1783.71182
G1 X83.416 Y204.804 E1783.76164
G1 X82.839 Y203.89 E1783.79759
G1 X82.496 Y203.341 E1783.81912
G1 X81.927 Y201.712 E1783.87651
G1 X81.736 Y200.025 E1783.93298
M204 S3000
M205 X10 Y10
G0 F6000 X81.757 Y199.826
G0 X81.247 Y199.768
G0 X64.432 Y202.629
G0 X63.096 Y202.79
G0 X61.839 Y202.312
G0 X60.946 Y201.305
G0 X60.602 Y200.171
G0 X61.096 Y200.049
M204 S1800
M205 X8 Y8
G1 F3000 X61.096 Y199.951 E1783.93624
G1 X61.342 Y198.957 E1783.97029
G1 X61.387 Y198.873 E1783.97346
G1 X62.068 Y198.102 E1784.00768
G1 X62.146 Y198.049 E1784.01081
G1 X63.106 Y197.686 E1784.04495
G1 X63.202 Y197.675 E1784.04816
G1 X64.219 Y197.798 E1784.08224
G1 X65.152 Y198.413 E1784.1194
G1 X65.216 Y198.484 E1784.12258
G1 X65.698 Y199.403 E1784.1571
G1 X65.715 Y200.002 E1784.17703
G1 X65.715 Y200.528 E1784.19452
G1 X65.692 Y200.609 E1784.19732
G1 X65.21 Y201.525 E1784.23175
G1 X64.518 Y202.025 E1784.26015
G1 X64.219 Y202.204 E1784.27174
G1 X63.201 Y202.325 E1784.30583
G1 X63.106 Y202.314 E1784.30901
G1 X62.146 Y201.949 E1784.34317
G1 X62.068 Y201.895 E1784.34633
G1 X61.387 Y201.127 E1784.38047
G1 X61.342 Y201.043 E1784.38364
G1 X61.096 Y200.049 E1784.4177
M204 S3000
M205 X10 Y10
G0 F6000 X61.096 Y199.951
G0 X61.12 Y199.852
G0 X60.627 Y199.73
G0 X60.946 Y201.305
G0 X61.839 Y202.312
G0 X99.602 Y222.688
G0 X100.096 Y222.566
M204 S1800
M205 X8 Y8
G1 F3000 X100.212 Y222 E1784.43691
G1 X100.348 Y221.454 E1784.45563
G1 X101.067 Y220.62 E1784.49225
G1 X102.106 Y220.203 E1784.52949
G1 X102.872 Y220.271 E1784.55507
G1 X103.308 Y220.347 E1784.56979
G1 X104.152 Y220.931 E1784.60392
G1 X104.215 Y221.002 E1784.60708
G1 X104.701 Y221.923 E1784.64172
G1 X104.715 Y223.032 E1784.6786
G1 X104.693 Y223.124 E1784.68175
G1 X104.216 Y224.033 E1784.71589
G1 X104.152 Y224.104 E1784.71907
G1 X103.299 Y224.692 E1784.75353
G1 X103.219 Y224.719 E1784.75634
G1 X102.202 Y224.842 E1784.79041
G1 X101.227 Y224.498 E1784.8248
G1 X101.068 Y224.412 E1784.83081
G1 X100.387 Y223.644 E1784.86495
G1 X100.342 Y223.56 E1784.86812
G1 X100.096 Y222.566 E1784.90218
M204 S3000
M205 X10 Y10
G0 F6000 X100.136 Y222.37
G0 X99.708 Y222.662
M204 S1800
M205 X8 Y8
;TYPE:WALL-INNER
G1 F3000 X99.708 Y222.372 E1784.91182
G1 X99.962 Y221.349 E1784.94688
G1 X100.087 Y221.124 E1784.95544
G1 X100.767 Y220.355 E1784.98959
G1 X101.005 Y220.191 E1784.9992
G1 X102.003 Y219.816 E1785.03466
G1 X102.248 Y219.795 E1785.04284
G1 X103.302 Y219.921 E1785.07814
G1 X103.536 Y220.018 E1785.08657
G1 X104.38 Y220.602 E1785.1207
G1 X104.569 Y220.815 E1785.13018
G1 X105.047 Y221.72 E1785.16422
G1 X105.116 Y222.002 E1785.17387
G1 X105.115 Y223.032 E1785.20813
G1 X105.047 Y223.31 E1785.21765
G1 X104.57 Y224.219 E1785.25179
G1 X104.379 Y224.434 E1785.26136
G1 X103.506 Y225.035 E1785.29661
G1 X103.267 Y225.116 E1785.305
G1 X102.25 Y225.239 E1785.33908
G1 X101.964 Y225.205 E1785.34865
G1 X101.004 Y224.841 E1785.3828
G1 X100.769 Y224.678 E1785.39231
G1 X100.088 Y223.91 E1785.42645
G1 X99.954 Y223.656 E1785.43601
G1 X99.708 Y222.662 E1785.47006
M204 S3000
M205 X10 Y10
G0 F6000 X99.602 Y222.688
G0 X83.06 Y205.083
G0 X82.088 Y203.537
G0 X81.548 Y201.986
G0 X81.229 Y200.081
G0 X81.338 Y200.069
M204 S1800
M205 X8 Y8
G1 F3000 X81.431 Y199.102 E1785.50238
G1 X81.53 Y198.232 E1785.5315
G1 X81.583 Y198.054 E1785.53768
G1 X82.122 Y196.515 E1785.59191
G1 X82.499 Y195.898 E1785.61596
G1 X83.075 Y194.984 E1785.65189
G1 X83.457 Y194.587 E1785.67022
G1 X84.352 Y193.693 E1785.71229
G1 X84.716 Y193.453 E1785.72679
G1 X85.894 Y192.715 E1785.77303
G1 X86.189 Y192.604 E1785.78351
G1 X87.599 Y192.111 E1785.83319
G1 X87.8 Y192.08 E1785.83996
G1 X89.394 Y191.901 E1785.89331
G1 X90.336 Y191.997 E1785.9248
G1 X91.2 Y192.095 E1785.95372
G1 X92.187 Y192.431 E1785.9884
G1 X92.887 Y192.676 E1786.01307
G1 X93.607 Y193.111 E1786.04104
G1 X94.429 Y193.626 E1786.07331
G1 X95.13 Y194.306 E1786.10579
G1 X95.725 Y194.901 E1786.13378
G1 X96.347 Y195.863 E1786.17188
G1 X96.711 Y196.444 E1786.19468
G1 X96.76 Y196.549 E1786.19853
G1 X97.321 Y198.154 E1786.25508
G1 X97.438 Y199.098 E1786.28672
G1 X97.535 Y199.965 E1786.31574
G1 X97.439 Y200.899 E1786.34697
G1 X97.341 Y201.759 E1786.37576
G1 X97.157 Y202.317 E1786.3953
G1 X96.748 Y203.483 E1786.4364
G1 X96.348 Y204.136 E1786.46187
G1 X95.809 Y204.994 E1786.49557
G1 X95.131 Y205.693 E1786.52796
G1 X94.535 Y206.29 E1786.55601
G1 X94.036 Y206.62 E1786.57591
G1 X93.007 Y207.266 E1786.61632
G1 X92.177 Y207.572 E1786.64574
G1 X91.295 Y207.881 E1786.67683
G1 X90.337 Y208.002 E1786.70894
G1 X89.503 Y208.097 E1786.73686
G1 X88.824 Y208.036 E1786.75954
G1 X87.699 Y207.909 E1786.79719
G1 X87.164 Y207.738 E1786.81587
G1 X85.982 Y207.324 E1786.85753
G1 X85.592 Y207.097 E1786.87254
G1 X84.44 Y206.374 E1786.91777
G1 X84.191 Y206.147 E1786.92898
G1 X83.122 Y205.076 E1786.97931
G1 X82.5 Y204.103 E1787.01772
G1 X82.152 Y203.546 E1787.03956
G1 X81.923 Y202.918 E1787.0618
G1 X81.545 Y201.834 E1787.09998
G1 X81.432 Y200.901 E1787.13124
G1 X81.338 Y200.069 E1787.15909
M204 S3000
M205 X10 Y10
G0 F6000 X81.229 Y200.081
G0 X64.432 Y202.629
G0 X63.096 Y202.79
G0 X61.839 Y202.312
G0 X60.946 Y201.305
G0 X60.602 Y200.171
G0 X60.708 Y200.145
M204 S1800
M205 X8 Y8
G1 F3000 X60.708 Y199.855 E1787.16873
G1 X60.954 Y198.861 E1787.20279
G1 X61.087 Y198.608 E1787.2123
G1 X61.771 Y197.834 E1787.24665
G1 X62.004 Y197.675 E1787.25603
G1 X62.964 Y197.312 E1787.29017
G1 X63.25 Y197.278 E1787.29975
G1 X64.267 Y197.401 E1787.33382
G1 X64.536 Y197.502 E1787.34338
G1 X65.379 Y198.083 E1787.37743
G1 X65.57 Y198.298 E1787.387
G1 X66.049 Y199.21 E1787.42126
G1 X66.115 Y199.485 E1787.43066
G1 X66.115 Y200.552 E1787.46615
G1 X66.046 Y200.795 E1787.47455
G1 X65.57 Y201.701 E1787.50859
G1 X65.38 Y201.915 E1787.51811
G1 X64.537 Y202.499 E1787.55222
G1 X64.266 Y202.601 E1787.56185
G1 X63.248 Y202.722 E1787.59595
G1 X62.964 Y202.688 E1787.60546
G1 X62.004 Y202.323 E1787.63962
G1 X61.768 Y202.161 E1787.64914
G1 X61.087 Y201.393 E1787.68328
G1 X60.954 Y201.139 E1787.69282
G1 X60.708 Y200.145 E1787.72688
M204 S3000
M205 X10 Y10
G0 F6000 X60.602 Y200.171
G0 X60.946 Y198.695
G0 X61.838 Y197.687
G0 X99.602 Y177.653
G0 X99.708 Y177.628
M204 S1800
M205 X8 Y8
G1 F3000 X99.708 Y177.339 E1787.73649
G1 X99.954 Y176.338 E1787.77077
G1 X100.087 Y176.089 E1787.78016
G1 X100.768 Y175.321 E1787.8143
G1 X101.004 Y175.158 E1787.82384
G1 X101.964 Y174.795 E1787.85798
G1 X102.25 Y174.76 E1787.86756
G1 X103.267 Y174.884 E1787.90164
G1 X103.536 Y174.985 E1787.91119
G1 X104.379 Y175.566 E1787.94525
G1 X104.57 Y175.781 E1787.95481
G1 X105.047 Y176.689 E1787.98893
G1 X105.116 Y176.969 E1787.99852
G1 X105.115 Y177.998 E1788.03274
G1 X105.046 Y178.278 E1788.04233
G1 X104.56 Y179.201 E1788.07703
G1 X104.38 Y179.398 E1788.0859
G1 X103.505 Y180.002 E1788.12127
G1 X103.265 Y180.084 E1788.1297
G1 X102.203 Y180.209 E1788.16527
G1 X101.964 Y180.171 E1788.17332
G1 X100.991 Y179.802 E1788.20793
G1 X100.769 Y179.645 E1788.21697
G1 X100.088 Y178.877 E1788.25111
G1 X99.954 Y178.623 E1788.26066
G1 X99.708 Y177.628 E1788.29475
M204 S3000
M205 X10 Y10
G0 F6000 X99.602 Y177.653
G0 X99.946 Y178.789
G0 X100.839 Y179.796
G0 X118.778 Y192.295
G0 X119.267 Y192.253
M204 S1800
M205 X8 Y8
G1 F3000 X119.007 Y192.195 E1788.30361
G1 X118.792 Y192.022 E1788.31279
G1 X118.688 Y191.815 E1788.3205
G1 X118.384 Y190.732 E1788.35791
G1 X118.154 Y190.152 E1788.37866
G1 X117.292 Y187.853 E1788.46033
G1 X116.575 Y186.347 E1788.5158
G1 X115.807 Y184.894 E1788.57046
G1 X114.926 Y183.472 E1788.6261
G1 X114.001 Y182.109 E1788.68089
G1 X112.97 Y180.791 E1788.73655
G1 X111.906 Y179.537 E1788.79124
G1 X110.735 Y178.339 E1788.84696
G1 X109.542 Y177.209 E1788.90162
G1 X108.22 Y176.127 E1788.95844
G1 X106.937 Y175.152 E1789.01203
G1 X105.523 Y174.234 E1789.0681
G1 X104.124 Y173.393 E1789.1224
G1 X102.613 Y172.632 E1789.17867
G1 X101.136 Y171.948 E1789.2328
G1 X99.555 Y171.359 E1789.28892
G1 X98.01 Y170.84 E1789.34313
G1 X96.386 Y170.432 E1789.39882
G1 X94.781 Y170.077 E1789.45349
G1 X93.123 Y169.851 E1789.50915
G1 X91.487 Y169.673 E1789.56388
G1 X89.814 Y169.63 E1789.61954
G1 X88.17 Y169.63 E1789.67422
G1 X86.501 Y169.771 E1789.72993
G1 X84.865 Y169.949 E1789.78467
G1 X83.223 Y170.273 E1789.84033
G1 X81.614 Y170.627 E1789.89513
G1 X80.021 Y171.126 E1789.95065
G1 X78.463 Y171.653 E1790.00535
G1 X76.931 Y172.326 E1790.06101
G1 X75.436 Y173.019 E1790.11582
G1 X73.99 Y173.854 E1790.17135
G1 X72.581 Y174.704 E1790.22608
G1 X71.163 Y175.749 E1790.28467
G1 X69.921 Y176.694 E1790.33658
G1 X68.639 Y177.877 E1790.3946
G1 X67.496 Y178.959 E1790.44694
G1 X66.354 Y180.272 E1790.50482
G1 X65.331 Y181.476 E1790.55737
G1 X64.357 Y182.887 E1790.6144
G1 X63.457 Y184.212 E1790.66767
G1 X61.891 Y187.14 E1790.77811
G1 X60.646 Y190.232 E1790.88897
G1 X59.757 Y193.414 E1790.99886
G1 X59.216 Y196.689 E1791.10926
G1 X59.058 Y199.61 E1791.20656
G1 X59.036 Y200.002 E1791.21962
G1 X59.217 Y203.312 E1791.32987
G1 X59.758 Y206.586 E1791.44024
G1 X60.567 Y209.475 E1791.54003
G1 X60.763 Y210.051 E1791.56026
G1 X61.892 Y212.862 E1791.66102
G1 X63.458 Y215.79 E1791.77146
G1 X64.457 Y217.259 E1791.83054
G1 X65.333 Y218.526 E1791.88178
G1 X66.439 Y219.828 E1791.9386
G1 X67.495 Y221.042 E1791.99211
G1 X68.743 Y222.222 E1792.04924
G1 X69.926 Y223.313 E1792.10276
G1 X71.298 Y224.351 E1792.15998
G1 X72.58 Y225.295 E1792.21294
G1 X73.991 Y226.145 E1792.26772
G1 X75.433 Y226.981 E1792.32316
G1 X76.832 Y227.629 E1792.37444
G1 X77.805 Y228.059 E1792.40982
G1 X78.462 Y228.349 E1792.43371
G1 X80.021 Y228.875 E1792.48843
G1 X81.63 Y229.381 E1792.54453
G1 X83.224 Y229.729 E1792.5988
G1 X84.867 Y230.052 E1792.65449
G1 X86.502 Y230.23 E1792.70919
G1 X88.17 Y230.371 E1792.76487
G1 X89.816 Y230.37 E1792.81961
G1 X91.121 Y230.337 E1792.86303
G1 X91.851 Y230.287 E1792.88737
G1 X93.124 Y230.148 E1792.92996
G1 X94.778 Y229.922 E1792.98548
G1 X96.322 Y229.581 E1793.03808
G1 X97.156 Y229.375 E1793.06665
G1 X97.997 Y229.163 E1793.09549
G1 X99.57 Y228.635 E1793.15068
G1 X101.136 Y228.051 E1793.20627
G1 X102.648 Y227.353 E1793.26166
G1 X104.126 Y226.607 E1793.31673
G1 X105.547 Y225.751 E1793.3719
G1 X106.937 Y224.847 E1793.42705
G1 X108.249 Y223.85 E1793.48186
G1 X109.543 Y222.789 E1793.53751
G1 X110.737 Y221.659 E1793.59219
G1 X111.908 Y220.462 E1793.64789
G1 X112.971 Y219.208 E1793.70256
G1 X114.003 Y217.89 E1793.75824
G1 X114.928 Y216.529 E1793.81297
G1 X115.808 Y215.105 E1793.86865
G1 X116.577 Y213.651 E1793.92336
G1 X117.293 Y212.145 E1793.97882
G1 X117.914 Y210.522 E1794.03662
G1 X118.25 Y209.681 E1794.06674
G1 X118.698 Y208.184 E1794.11871
G1 X118.85 Y207.948 E1794.12805
G1 X119.099 Y207.805 E1794.1376
G1 X119.267 Y207.782 E1794.14324
G1 X124.79 Y207.794 E1794.32693
G1 X134.835 Y207.753 E1794.66103
G1 X134.835 Y201.891 E1794.856
G1 F2836.9 X134.812 Y201.38 E1794.874
G1 F2547.8 X134.788 Y200.868 E1794.89407
G1 F2139 X134.721 Y200.639 E1794.9052
G1 X134.589 Y200.819 E1794.91561
G1 F2547.8 X134.329 Y201.26 E1794.93566
G1 F2836.9 X134.069 Y201.702 E1794.9537
G1 F3000 X133.88 Y201.915 E1794.96317
G1 X133.037 Y202.499 E1794.99728
G1 X132.766 Y202.601 E1795.00691
G1 X131.748 Y202.722 E1795.04101
G1 X131.464 Y202.688 E1795.05052
G1 X130.505 Y202.324 E1795.08464
G1 X130.269 Y202.161 E1795.09418
G1 X129.587 Y201.394 E1795.12831
G1 X129.453 Y201.139 E1795.13789
G1 X129.208 Y200.144 E1795.17198
G1 X129.208 Y199.856 E1795.18156
G1 X129.453 Y198.861 E1795.21564
G1 X129.587 Y198.606 E1795.22522
G1 X130.269 Y197.839 E1795.25936
G1 X130.505 Y197.676 E1795.2689
G1 X131.464 Y197.312 E1795.30301
G1 X131.75 Y197.278 E1795.31259
G1 X132.767 Y197.401 E1795.34666
G1 X133.035 Y197.502 E1795.35619
G1 X133.88 Y198.082 E1795.39028
G1 X134.071 Y198.298 E1795.39987
G1 F2955.7 X134.314 Y198.749 E1795.41716
G1 F2864 X134.558 Y199.2 E1795.43503
G1 F2294.5 X134.725 Y199.484 E1795.44936
G1 X134.822 Y199.135 E1795.46511
G1 F2864 X134.828 Y198.622 E1795.48298
G1 F2955.7 X134.835 Y198.109 E1795.5003
G1 F3000 X134.835 Y192.25 E1795.69517
G1 X119.267 Y192.253 E1796.21297
M204 S3000
M205 X10 Y10
G0 F6000 X118.405 Y192.163
M204 S1800
M205 X8 Y8
G1 F3000 X118.199 Y191.552 E1796.23441
G1 X118.005 Y190.86 E1796.25832
G1 X117.779 Y190.293 E1796.27862
G1 X116.923 Y188.01 E1796.35971
G1 X116.218 Y186.526 E1796.41436
G1 X115.459 Y185.093 E1796.46829
G1 X114.59 Y183.69 E1796.52318
G1 X113.678 Y182.345 E1796.57723
G1 X112.66 Y181.043 E1796.6322
G1 X111.61 Y179.807 E1796.68614
G1 X110.455 Y178.624 E1796.74113
G1 X109.277 Y177.509 E1796.79508
G1 X107.977 Y176.445 E1796.85095
G1 X106.707 Y175.479 E1796.90403
G1 X105.316 Y174.577 E1796.95917
G1 X103.93 Y173.743 E1797.01297
G1 X102.445 Y172.995 E1797.06827
G1 X100.982 Y172.318 E1797.12189
G1 X99.422 Y171.736 E1797.17727
G1 X97.897 Y171.224 E1797.23077
G1 X96.294 Y170.822 E1797.28574
G1 X94.711 Y170.471 E1797.33967
G1 X93.074 Y170.248 E1797.39462
G1 X91.808 Y170.111 E1797.43697
G1 X91.11 Y170.063 E1797.46024
G1 X89.809 Y170.03 E1797.50352
G1 X88.187 Y170.03 E1797.55747
G1 X86.54 Y170.169 E1797.61245
G1 X84.926 Y170.345 E1797.66645
G1 X83.305 Y170.665 E1797.7214
G1 X82.175 Y170.912 E1797.75987
G1 X81.27 Y171.154 E1797.79103
G1 X80.145 Y171.506 E1797.83024
G1 X78.608 Y172.027 E1797.88422
G1 X77.096 Y172.691 E1797.93914
G1 X75.621 Y173.374 E1797.9932
G1 X74.193 Y174.199 E1798.04806
G1 X72.803 Y175.037 E1798.10204
G1 X71.472 Y176.017 E1798.15701
G1 X70.179 Y177.001 E1798.21106
G1 X68.965 Y178.119 E1798.26595
G1 X67.785 Y179.237 E1798.32001
G1 X66.701 Y180.482 E1798.37492
G1 X65.649 Y181.72 E1798.42895
G1 X64.688 Y183.111 E1798.48519
G1 X63.799 Y184.42 E1798.53781
G1 X62.254 Y187.309 E1798.64678
G1 X61.025 Y190.361 E1798.75621
G1 X60.148 Y193.501 E1798.86464
G1 X59.615 Y196.733 E1798.97359
G1 X59.458 Y199.631 E1799.07012
G1 X59.437 Y200.002 E1799.08248
G1 X59.456 Y200.369 E1799.0947
G1 X59.616 Y203.268 E1799.19127
G1 X60.149 Y206.499 E1799.30019
G1 X61.03 Y209.64 E1799.40869
G1 X62.255 Y212.692 E1799.51807
G1 X63.801 Y215.582 E1799.62708
G1 X64.738 Y216.963 E1799.68259
G1 X65.651 Y218.282 E1799.73594
G1 X66.741 Y219.565 E1799.79194
G1 X67.784 Y220.765 E1799.84482
G1 X69.015 Y221.928 E1799.90115
G1 X70.183 Y223.006 E1799.95401
G1 X71.535 Y224.029 E1800.0104
G1 X72.802 Y224.962 E1800.06273
G1 X74.194 Y225.801 E1800.11679
G1 X75.617 Y226.625 E1800.17148
G1 X77.095 Y227.31 E1800.22566
G1 X78.607 Y227.975 E1800.2806
G1 X80.145 Y228.495 E1800.3346
G1 X81.733 Y228.994 E1800.38996
G1 X83.306 Y229.337 E1800.44351
G1 X84.927 Y229.656 E1800.49846
G1 X86.541 Y229.832 E1800.55246
G1 X88.187 Y229.971 E1800.6074
G1 X89.81 Y229.97 E1800.66138
G1 X91.46 Y229.927 E1800.71628
G1 X93.17 Y229.739 E1800.7735
G1 X94.708 Y229.528 E1800.82513
G1 X96.295 Y229.177 E1800.87919
G1 X97.884 Y228.779 E1800.93367
G1 X99.469 Y228.246 E1800.98929
G1 X100.982 Y227.682 E1801.043
G1 X102.468 Y226.995 E1801.09745
G1 X103.947 Y226.248 E1801.15256
G1 X105.329 Y225.415 E1801.20623
G1 X106.707 Y224.52 E1801.26088
G1 X108.022 Y223.519 E1801.31585
G1 X109.279 Y222.489 E1801.3699
G1 X110.457 Y221.373 E1801.42387
G1 X111.612 Y220.193 E1801.47879
G1 X112.415 Y219.245 E1801.52011
G1 X112.736 Y218.86 E1801.53678
G1 X113.679 Y217.654 E1801.5877
G1 X114.592 Y216.311 E1801.64171
G1 X115.46 Y214.906 E1801.69664
G1 X116.219 Y213.472 E1801.7506
G1 X116.925 Y211.988 E1801.80526
G1 X117.543 Y210.373 E1801.86278
G1 X117.872 Y209.549 E1801.89229
G1 X118.306 Y208.095 E1801.94276
G1 X118.476 Y207.766 E1801.95507
G1 X118.767 Y207.514 E1801.96788
G1 X119.077 Y207.399 E1801.97887
G1 X119.268 Y207.382 E1801.98525
G1 X124.788 Y207.394 E1802.16885
G1 X134.435 Y207.355 E1802.48971
G1 X134.435 Y201.863 E1802.67238
G1 X134.108 Y202.244 E1802.68908
G1 X133.265 Y202.827 E1802.72317
G1 X132.813 Y202.999 E1802.73925
G1 X131.795 Y203.12 E1802.77335
G1 X131.508 Y203.113 E1802.7829
G1 X131.322 Y203.062 E1802.78931
G1 X130.363 Y202.698 E1802.82343
G1 X130.143 Y202.581 E1802.83172
G1 X129.97 Y202.427 E1802.83942
G1 X129.288 Y201.66 E1802.87356
G1 X129.091 Y201.323 E1802.88654
G1 X129.064 Y201.235 E1802.8896
G1 X128.819 Y200.24 E1802.92368
G1 X128.797 Y199.887 E1802.93545
G1 X128.819 Y199.76 E1802.93973
G1 X129.064 Y198.765 E1802.97382
G1 X129.182 Y198.482 E1802.98401
G1 X129.288 Y198.34 E1802.98991
G1 X129.97 Y197.573 E1803.02404
G1 X130.143 Y197.419 E1803.03175
G1 X130.363 Y197.302 E1803.04004
G1 X131.322 Y196.938 E1803.07415
G1 X131.676 Y196.874 E1803.08612
G1 X132.815 Y197.004 E1803.12425
G1 X133.262 Y197.172 E1803.14013
G1 X134.106 Y197.752 E1803.17419
G1 X134.435 Y198.13 E1803.19086
G1 X134.435 Y192.65 E1803.37312
G1 X119.267 Y192.653 E1803.87761
G1 X118.908 Y192.588 E1803.88975
G1 X118.613 Y192.411 E1803.90119
G1 X118.405 Y192.163 E1803.91196
M204 S3000
M205 X10 Y10
G0 F6000 X132.93 Y197.373
G0 X134.038 Y198.135
G0 X134.726 Y199.485
G0 X134.725 Y199.484
M204 S1800
M205 X8 Y8
G1 F1938.6 X134.726 Y200.516 E1803.96507
G1 F1926.2 X134.721 Y200.639 E1803.97145
M204 S3000
M205 X10 Y10
G0 F6000 X134.726 Y200.64
G0 X134.037 Y201.864
G0 X132.932 Y202.629
G0 X118.788 Y207.739
G0 X100.838 Y220.203
G0 X99.946 Y221.211
G0 X99.32 Y222.758
M204 S1800
M205 X8 Y8
G1 F3000 X99.296 Y222.407 E1803.98315
G1 X99.436 Y221.808 E1804.00361
G1 X99.579 Y221.234 E1804.02329
G1 X99.751 Y220.902 E1804.03572
G1 X100.467 Y220.09 E1804.07173
G1 X100.784 Y219.851 E1804.08493
G1 X101.824 Y219.455 E1804.12195
G1 X102.137 Y219.391 E1804.13257
G1 X102.967 Y219.476 E1804.16032
G1 X103.498 Y219.559 E1804.1782
G1 X103.764 Y219.689 E1804.18805
G1 X104.608 Y220.273 E1804.22218
G1 X104.827 Y220.479 E1804.23218
G1 X104.923 Y220.628 E1804.23808
G1 X105.401 Y221.534 E1804.27215
G1 X105.495 Y221.791 E1804.28125
G1 X105.516 Y222.331 E1804.29922
G1 X105.515 Y223.032 E1804.32254
G1 X105.401 Y223.496 E1804.33843
G1 X104.924 Y224.405 E1804.37257
G1 X104.731 Y224.66 E1804.38321
G1 X104.606 Y224.763 E1804.3886
G1 X103.713 Y225.378 E1804.42466
G1 X103.315 Y225.514 E1804.43865
G1 X102.298 Y225.636 E1804.47272
G1 X101.822 Y225.579 E1804.48866
G1 X100.862 Y225.215 E1804.52281
G1 X100.637 Y225.094 E1804.53131
G1 X99.788 Y224.175 E1804.57292
G1 X99.614 Y223.897 E1804.58383
G1 X99.566 Y223.752 E1804.58891
G1 X99.32 Y222.758 E1804.62297
M204 S3000
M205 X10 Y10
G0 F6000 X83.06 Y205.083
G0 X82.088 Y203.537
G0 X80.941 Y200.114
M204 S1800
M205 X8 Y8
G1 F3000 X81.034 Y199.057 E1804.65826
G1 X81.136 Y198.164 E1804.68815
G1 X81.205 Y197.922 E1804.69652
G1 X81.731 Y196.418 E1804.74952
G1 X82.161 Y195.686 E1804.77775
G1 X82.746 Y194.757 E1804.81427
G1 X83.174 Y194.305 E1804.83497
G1 X84.081 Y193.399 E1804.87761
G1 X84.503 Y193.114 E1804.89455
G1 X85.68 Y192.377 E1804.94074
G1 X86.057 Y192.227 E1804.95423
G1 X87.487 Y191.727 E1805.00462
G1 X87.756 Y191.683 E1805.01368
G1 X89.367 Y191.502 E1805.0676
G1 X90.38 Y191.599 E1805.10145
G1 X91.265 Y191.701 E1805.13108
G1 X92.319 Y192.054 E1805.16805
G1 X93.019 Y192.299 E1805.19272
G1 X93.82 Y192.772 E1805.22366
G1 X94.642 Y193.287 E1805.25592
G1 X95.413 Y194.023 E1805.29137
G1 X96.008 Y194.619 E1805.31938
G1 X96.331 Y195.087 E1805.33829
G1 X97.056 Y196.242 E1805.38365
G1 X97.137 Y196.417 E1805.39006
G1 X97.703 Y198.034 E1805.44705
G1 X97.835 Y199.054 E1805.48125
G1 X97.934 Y199.943 E1805.511
G1 X97.836 Y200.944 E1805.54446
G1 X97.737 Y201.821 E1805.57381
G1 X97.534 Y202.449 E1805.59576
G1 X97.128 Y203.61 E1805.63667
G1 X96.686 Y204.348 E1805.66528
G1 X96.147 Y205.206 E1805.69898
G1 X95.414 Y205.976 E1805.73434
G1 X94.818 Y206.572 E1805.76238
G1 X94.249 Y206.959 E1805.78526
G1 X93.22 Y207.605 E1805.82567
G1 X92.309 Y207.95 E1805.85807
G1 X91.423 Y208.26 E1805.88929
G1 X90.381 Y208.4 E1805.92426
G1 X89.495 Y208.499 E1805.95391
G1 X88.779 Y208.433 E1805.97783
G1 X87.654 Y208.306 E1806.01549
G1 X87.032 Y208.115 E1806.03713
G1 X85.85 Y207.701 E1806.07878
G1 X85.379 Y207.436 E1806.09676
G1 X84.227 Y206.713 E1806.14199
G1 X83.908 Y206.429 E1806.1562
G1 X82.825 Y205.343 E1806.20721
G1 X82.162 Y204.315 E1806.2479
G1 X81.803 Y203.741 E1806.27041
G1 X81.545 Y203.05 E1806.29495
G1 X81.161 Y201.946 E1806.33382
G1 X81.035 Y200.946 E1806.36735
G1 X80.941 Y200.114 E1806.39519
M204 S3000
M205 X10 Y10
G0 F6000 X64.432 Y202.629
G0 X63.096 Y202.79
G0 X61.839 Y202.312
G0 X61.036 Y201.406
G0 X60.32 Y200.241
M204 S1800
M205 X8 Y8
G1 F3000 X60.292 Y199.946 E1806.40505
G1 X60.32 Y199.759 E1806.41134
G1 X60.566 Y198.765 E1806.4454
G1 X60.787 Y198.343 E1806.46124
G1 X61.474 Y197.566 E1806.49574
G1 X61.863 Y197.301 E1806.51139
G1 X62.823 Y196.938 E1806.54553
G1 X63.095 Y196.877 E1806.5548
G1 X63.298 Y196.881 E1806.56155
G1 X64.315 Y197.004 E1806.59563
G1 X64.684 Y197.124 E1806.60853
G1 X65.606 Y197.754 E1806.64567
G1 X65.861 Y198.009 E1806.65767
G1 X65.924 Y198.112 E1806.66168
G1 X66.405 Y199.028 E1806.69609
G1 X66.505 Y199.335 E1806.70683
G1 X66.515 Y200.002 E1806.72902
G1 X66.514 Y200.577 E1806.74814
G1 X66.428 Y200.925 E1806.76007
G1 X65.924 Y201.887 E1806.79619
G1 X65.717 Y202.157 E1806.8075
G1 X64.974 Y202.683 E1806.83778
G1 X64.592 Y202.924 E1806.85281
G1 X64.314 Y202.999 E1806.86238
G1 X63.296 Y203.12 E1806.89648
G1 X63.095 Y203.123 E1806.90317
G1 X62.822 Y203.062 E1806.91247
G1 X61.862 Y202.697 E1806.94663
G1 X61.469 Y202.426 E1806.96251
G1 X60.788 Y201.658 E1806.99665
G1 X60.566 Y201.235 E1807.01253
G1 X60.32 Y200.241 E1807.04659
M204 S3000
M205 X10 Y10
G0 F6000 X60.946 Y198.695
G0 X61.838 Y197.687
G0 X99.436 Y178.192
M204 S1800
M205 X8 Y8
G1 F3000 X99.32 Y177.724 E1807.06263
G1 X99.297 Y177.371 E1807.0744
G1 X99.319 Y177.243 E1807.07872
G1 X99.567 Y176.238 E1807.11314
G1 X99.689 Y175.955 E1807.12339
G1 X100.321 Y175.222 E1807.15558
G1 X100.637 Y174.905 E1807.17047
G1 X100.941 Y174.754 E1807.18176
G1 X101.822 Y174.421 E1807.21309
G1 X102.298 Y174.363 E1807.22904
G1 X103.315 Y174.486 E1807.26311
G1 X103.712 Y174.621 E1807.27705
G1 X104.606 Y175.237 E1807.31316
G1 X104.732 Y175.339 E1807.31856
G1 X104.924 Y175.595 E1807.3292
G1 X105.402 Y176.503 E1807.36333
G1 X105.516 Y176.969 E1807.37929
G1 X105.515 Y177.998 E1807.41351
G1 X105.437 Y178.387 E1807.42671
G1 X105.4 Y178.464 E1807.42955
G1 X104.908 Y179.398 E1807.46466
G1 X104.739 Y179.618 E1807.47389
G1 X103.764 Y180.311 E1807.51367
G1 X103.432 Y180.46 E1807.52577
G1 X102.296 Y180.603 E1807.56386
G1 X101.95 Y180.584 E1807.57538
G1 X101.106 Y180.274 E1807.60529
G1 X100.708 Y180.107 E1807.61964
G1 X100.469 Y179.91 E1807.62994
G1 X99.788 Y179.142 E1807.66408
G1 X99.595 Y178.815 E1807.67671
G1 X99.436 Y178.192 E1807.6981
M204 S3000
M205 X10 Y10
G0 F6000 X100.839 Y179.796
G0 X118.778 Y192.295
G0 X131.196 Y196.581
M204 S1800
M205 X8 Y8
;TYPE:SKIN
G1 F1200 X131.465 Y196.511 E1807.70734
G1 X132.086 Y196.532 E1807.72801
G1 X132.859 Y196.626 E1807.75391
G1 X133.441 Y196.839 E1807.77452
G1 X134.055 Y197.255 E1807.79919
G1 X134.055 Y193.03 E1807.93971
G1 X119.155 Y193.029 E1808.43529
G1 X118.642 Y192.883 E1808.45303
G1 X118.506 Y192.788 E1808.45855
G1 X118.669 Y193.372 E1808.47871
G1 X119.023 Y195.273 E1808.54303
G1 X119.136 Y195.961 E1808.56622
G1 X119.236 Y196.962 E1808.59968
G1 X119.337 Y197.196 E1808.60815
G1 X119.508 Y197.329 E1808.61536
G1 X119.726 Y197.36 E1808.62268
G1 X124.874 Y197.314 E1808.79391
G1 X129.675 Y197.344 E1808.9536
G1 X129.96 Y197.087 E1808.96636
G1 X130.242 Y196.938 E1808.97697
G1 X131.196 Y196.581 E1809.01085
M204 S3000
M205 X10 Y10
G0 F6000 X133.631 Y196.729
M204 S1800
M205 X8 Y8
G1 F1200 X133.855 Y196.504 E1809.02141
M204 S3000
M205 X10 Y10
G0 F6000 X133.855 Y195.939
M204 S1800
M205 X8 Y8
G1 F1200 X133.243 Y196.55 E1809.05017
M204 S3000
M205 X10 Y10
G0 F6000 X132.802 Y196.426
M204 S1800
M205 X8 Y8
G1 F1200 X133.855 Y195.373 E1809.0997
M204 S3000
M205 X10 Y10
G0 F6000 X133.855 Y194.807
M204 S1800
M205 X8 Y8
G1 F1200 X132.303 Y196.359 E1809.1727
M204 S3000
M205 X10 Y10
G0 F6000 X131.775 Y196.321
M204 S1800
M205 X8 Y8
G1 F1200 X133.855 Y194.242 E1809.27052
M204 S3000
M205 X10 Y10
G0 F6000 X133.855 Y193.676
M204 S1800
M205 X8 Y8
G1 F1200 X131.14 Y196.391 E1809.39822
G1 X131.07 Y196.461
M204 S3000
M205 X10 Y10
G0 F6000 X130.237 Y196.729
M204 S1800
M205 X8 Y8
G1 F1200 X133.737 Y193.228 E1809.56287
M204 S3000
M205 X10 Y10
G0 F6000 X133.171 Y193.228
M204 S1800
M205 X8 Y8
G1 F1200 X129.259 Y197.14 E1809.74688
M204 S3000
M205 X10 Y10
G0 F6000 X128.697 Y197.137
M204 S1800
M205 X8 Y8
G1 F1200 X132.605 Y193.228 E1809.93073
M204 S3000
M205 X10 Y10
G0 F6000 X132.04 Y193.228
M204 S1800
M205 X8 Y8
G1 F1200 X128.135 Y197.133 E1810.11441
M204 S3000
M205 X10 Y10
G0 F6000 X127.573 Y197.13
M204 S1800
M205 X8 Y8
G1 F1200 X131.474 Y193.228 E1810.29792
M204 S3000
M205 X10 Y10
G0 F6000 X130.908 Y193.228
M204 S1800
M205 X8 Y8
G1 F1200 X127.011 Y197.126 E1810.48125
M204 S3000
M205 X10 Y10
G0 F6000 X126.449 Y197.122
M204 S1800
M205 X8 Y8
G1 F1200 X130.343 Y193.228 E1810.66441
M204 S3000
M205 X10 Y10
G0 F6000 X129.777 Y193.228
M204 S1800
M205 X8 Y8
G1 F1200 X125.886 Y197.119 E1810.84743
M204 S3000
M205 X10 Y10
G0 F6000 X125.324 Y197.115
M204 S1800
M205 X8 Y8
G1 F1200 X129.211 Y193.228 E1811.03026
M204 S3000
M205 X10 Y10
G0 F6000 X128.646 Y193.228
M204 S1800
M205 X8 Y8
G1 F1200 X124.76 Y197.114 E1811.21305
M204 S3000
M205 X10 Y10
G0 F6000 X124.189 Y197.119
M204 S1800
M205 X8 Y8
G1 F1200 X128.08 Y193.228 E1811.39607
M204 S3000
M205 X10 Y10
G0 F6000 X127.514 Y193.228
M204 S1800
M205 X8 Y8
G1 F1200 X123.619 Y197.124 E1811.5793
M204 S3000
M205 X10 Y10
G0 F6000 X123.048 Y197.129
M204 S1800
M205 X8 Y8
G1 F1200 X126.949 Y193.228 E1811.76279
M204 S3000
M205 X10 Y10
G0 F6000 X126.384 Y193.228
M204 S1800
M205 X8 Y8
G1 F1200 X122.477 Y197.135 E1811.94656
M204 S3000
M205 X10 Y10
G0 F6000 X121.906 Y197.139
M204 S1800
M205 X8 Y8
G1 F1200 X125.818 Y193.228 E1812.13055
M204 S3000
M205 X10 Y10
G0 F6000 X125.252 Y193.228
M204 S1800
M205 X8 Y8
G1 F1200 X121.335 Y197.144 E1812.31477
M204 S3000
M205 X10 Y10
G0 F6000 X120.765 Y197.149
M204 S1800
M205 X8 Y8
G1 F1200 X124.686 Y193.228 E1812.4992
M204 S3000
M205 X10 Y10
G0 F6000 X124.121 Y193.228
M204 S1800
M205 X8 Y8
G1 F1200 X120.194 Y197.154 E1812.68389
M204 S3000
M205 X10 Y10
G0 F6000 X119.641 Y197.142
M204 S1800
M205 X8 Y8
G1 F1200 X123.555 Y193.228 E1812.86799
M204 S3000
M205 X10 Y10
G0 F6000 X122.989 Y193.228
M204 S1800
M205 X8 Y8
G1 F1200 X119.42 Y196.797 E1813.03587
M204 S3000
M205 X10 Y10
G0 F6000 X119.368 Y196.283
M204 S1800
M205 X8 Y8
G1 F1200 X122.424 Y193.228 E1813.17959
M204 S3000
M205 X10 Y10
G0 F6000 X121.858 Y193.228
M204 S1800
M205 X8 Y8
G1 F1200 X119.309 Y195.777 E1813.29949
M204 S3000
M205 X10 Y10
G0 F6000 X119.229 Y195.291
M204 S1800
M205 X8 Y8
G1 F1200 X121.292 Y193.228 E1813.39653
M204 S3000
M205 X10 Y10
G0 F6000 X120.727 Y193.228
M204 S1800
M205 X8 Y8
G1 F1200 X119.141 Y194.814 E1813.47113
M204 S3000
M205 X10 Y10
G0 F6000 X119.052 Y194.336
M204 S1800
M205 X8 Y8
G1 F1200 X120.161 Y193.228 E1813.52327
M204 S3000
M205 X10 Y10
G0 F6000 X119.595 Y193.228
M204 S1800
M205 X8 Y8
G1 F1200 X118.963 Y193.86 E1813.55299
M204 S3000
M205 X10 Y10
G0 F6000 X118.874 Y193.383
M204 S1800
M205 X8 Y8
G1 F1200 X119.053 Y193.204 E1813.56141
M204 S3000
M205 X10 Y10
G0 F6000 X130.34 Y202.312
G0 X132.901 Y203.365
M204 S1800
M205 X8 Y8
G1 F1200 X132.094 Y203.461 E1813.58844
G1 X131.647 Y203.503 E1813.60338
G1 X131.18 Y203.415 E1813.61918
G1 X130.22 Y203.049 E1813.65335
G1 X129.901 Y202.873 E1813.66547
G1 X129.633 Y202.611 E1813.67794
G1 X127.346 Y202.59 E1813.75401
G1 X119.682 Y202.589 E1814.00891
G1 X119.453 Y202.657 E1814.01686
G1 X119.295 Y202.817 E1814.02434
G1 X119.24 Y203.023 E1814.03143
G1 X119.103 Y204.205 E1814.071
G1 X118.918 Y205.334 E1814.10906
G1 X118.689 Y206.446 E1814.14682
G1 X118.512 Y207.242 E1814.17394
G1 X118.704 Y207.124 E1814.18143
G1 X119.154 Y207.007 E1814.1969
G1 X134.055 Y206.975 E1814.69251
G1 X134.055 Y202.743 E1814.83327
G1 X133.488 Y203.138 E1814.85625
G1 X132.901 Y203.365 E1814.87718
M204 S3000
M205 X10 Y10
G0 F6000 X133.855 Y206.687
M204 S1800
M205 X8 Y8
G1 F1200 X133.766 Y206.775 E1814.88135
M204 S3000
M205 X10 Y10
G0 F6000 X133.2 Y206.776
M204 S1800
M205 X8 Y8
G1 F1200 X133.855 Y206.121 E1814.91215
M204 S3000
M205 X10 Y10
G0 F6000 X133.855 Y205.555
M204 S1800
M205 X8 Y8
G1 F1200 X132.633 Y206.777 E1814.96963
M204 S3000
M205 X10 Y10
G0 F6000 X132.066 Y206.779
M204 S1800
M205 X8 Y8
G1 F1200 X133.855 Y204.99 E1815.05378
M204 S3000
M205 X10 Y10
G0 F6000 X133.855 Y204.424
M204 S1800
M205 X8 Y8
G1 F1200 X131.499 Y206.78 E1815.1646
M204 S3000
M205 X10 Y10
G0 F6000 X130.932 Y206.781
M204 S1800
M205 X8 Y8
G1 F1200 X133.855 Y203.858 E1815.30209
M204 S3000
M205 X10 Y10
G0 F6000 X133.855 Y203.293
M204 S1800
M205 X8 Y8
G1 F1200 X130.365 Y206.782 E1815.46623
M204 S3000
M205 X10 Y10
G0 F6000 X129.798 Y206.784
M204 S1800
M205 X8 Y8
G1 F1200 X133.081 Y203.501 E1815.62065
M204 S3000
M205 X10 Y10
G0 F6000 X132.388 Y203.628
M204 S1800
M205 X8 Y8
G1 F1200 X129.232 Y206.784 E1815.7691
M204 S3000
M205 X10 Y10
G0 F6000 X128.665 Y206.786
M204 S1800
M205 X8 Y8
G1 F1200 X131.765 Y203.686 E1815.91491
M204 S3000
M205 X10 Y10
G0 F6000 X131.255 Y203.629
M204 S1800
M205 X8 Y8
G1 F1200 X128.098 Y206.787 E1816.06343
M204 S3000
M205 X10 Y10
G0 F6000 X127.531 Y206.788
M204 S1800
M205 X8 Y8
G1 F1200 X130.826 Y203.493 E1816.21842
M204 S3000
M205 X10 Y10
G0 F6000 X130.416 Y203.337
M204 S1800
M205 X8 Y8
G1 F1200 X126.964 Y206.789 E1816.38079
M204 S3000
M205 X10 Y10
G0 F6000 X126.397 Y206.791
M204 S1800
M205 X8 Y8
G1 F1200 X130.021 Y203.167 E1816.55125
M204 S3000
M205 X10 Y10
G0 F6000 X129.689 Y202.933
M204 S1800
M205 X8 Y8
G1 F1200 X125.83 Y206.792 E1816.73277
M204 S3000
M205 X10 Y10
G0 F6000 X125.263 Y206.793
M204 S1800
M205 X8 Y8
G1 F1200 X129.251 Y202.806 E1816.92033
M204 S3000
M205 X10 Y10
G0 F6000 X128.691 Y202.8
M204 S1800
M205 X8 Y8
G1 F1200 X124.696 Y206.794 E1817.10821
M204 S3000
M205 X10 Y10
G0 F6000 X124.129 Y206.796
M204 S1800
M205 X8 Y8
G1 F1200 X128.13 Y202.795 E1817.29641
M204 S3000
M205 X10 Y10
G0 F6000 X127.569 Y202.79
M204 S1800
M205 X8 Y8
G1 F1200 X123.563 Y206.796 E1817.48484
M204 S3000
M205 X10 Y10
G0 F6000 X122.996 Y206.798
M204 S1800
M205 X8 Y8
G1 F1200 X127.006 Y202.788 E1817.67346
M204 S3000
M205 X10 Y10
G0 F6000 X126.44 Y202.788
M204 S1800
M205 X8 Y8
G1 F1200 X122.429 Y206.799 E1817.86212
M204 S3000
M205 X10 Y10
G0 F6000 X121.862 Y206.8
M204 S1800
M205 X8 Y8
G1 F1200 X125.874 Y202.788 E1818.05084
M204 S3000
M205 X10 Y10
G0 F6000 X125.309 Y202.788
M204 S1800
M205 X8 Y8
G1 F1200 X121.295 Y206.801 E1818.23962
M204 S3000
M205 X10 Y10
G0 F6000 X120.728 Y206.803
M204 S1800
M205 X8 Y8
G1 F1200 X124.743 Y202.788 E1818.42847
M204 S3000
M205 X10 Y10
G0 F6000 X124.177 Y202.788
M204 S1800
M205 X8 Y8
G1 F1200 X120.162 Y206.803 E1818.61732
M204 S3000
M205 X10 Y10
G0 F6000 X119.595 Y206.805
M204 S1800
M205 X8 Y8
G1 F1200 X123.612 Y202.788 E1818.80627
M204 S3000
M205 X10 Y10
G0 F6000 X123.046 Y202.788
M204 S1800
M205 X8 Y8
G1 F1200 X118.991 Y206.842 E1818.99698
M204 S3000
M205 X10 Y10
G0 F6000 X118.906 Y206.362
M204 S1800
M205 X8 Y8
G1 F1200 X122.48 Y202.788 E1819.16509
M204 S3000
M205 X10 Y10
G0 F6000 X121.915 Y202.788
M204 S1800
M205 X8 Y8
G1 F1200 X119.056 Y205.646 E1819.29955
M204 S3000
M205 X10 Y10
G0 F6000 X119.182 Y204.954
M204 S1800
M205 X8 Y8
G1 F1200 X121.349 Y202.788 E1819.40145
M204 S3000
M205 X10 Y10
G0 F6000 X120.783 Y202.788
M204 S1800
M205 X8 Y8
G1 F1200 X119.293 Y204.278 E1819.47154
M204 S3000
M205 X10 Y10
G0 F6000 X119.373 Y203.632
M204 S1800
M205 X8 Y8
G1 F1200 X120.218 Y202.788 E1819.51126
M204 S3000
M205 X10 Y10
G0 F6000 X119.628 Y202.812
M204 S1800
M205 X8 Y8
G1 F1200 X119.453 Y202.987 E1819.51949
M204 S3000
M205 X10 Y10
;MESH:NONMESH
G0 F600 X119.453 Y202.987 Z1.8
G0 F6000 X106.029 Y178.356
G0 X103.609 Y174.04
;TIME_ELAPSED:2316.736026
;LAYER:8
M204 S1800
M205 X8 Y8
;TYPE:FILL
;MESH:14_4_2.stl
G1 F2303.3 X103.961 Y174.219 E1819.5366
G1 F2316.6 X104.49 Y174.561 E1819.56373
G1 F2150.5 X105.019 Y174.903 E1819.59296
M204 S3000
M205 X10 Y10
G0 F6000 X105.246 Y176.791
G0 X105.246 Y223.21
G0 X104.932 Y225.154
M204 S1800
M205 X8 Y8
G1 F2105.3 X104.902 Y225.175 E1819.5947
G1 F2173.9 X104.454 Y225.465 E1819.61919
G1 F2307.7 X104.005 Y225.755 E1819.6423
G1 F2352.9 X103.726 Y225.912 E1819.65588
M204 S3000
M205 X10 Y10
G0 F6000 X105.286 Y224.623
M204 S1800
M205 X8 Y8
G1 F3000 X105.17 Y224.796 E1819.66281
G1 X105.324 Y225.015 E1819.67171
G1 X106.256 Y224.407 E1819.70872
G1 X105.694 Y223.845 E1819.73516
G1 X105.794 Y223.656 E1819.74227
G1 X105.938 Y223.071 E1819.76231
G1 X105.938 Y221.967 E1819.79902
G1 X105.856 Y221.513 E1819.81437
G1 X105.786 Y221.356 E1819.82009
G1 X105.257 Y220.357 E1819.85768
G1 X104.964 Y220.01 E1819.87279
G1 X103.985 Y219.326 E1819.91251
G1 X103.481 Y219.069 E1819.93133
G1 X103.482 Y219.114 E1819.93283
G1 X102.321 Y218.974 E1819.97172
G1 X101.962 Y218.949 E1819.98369
M204 S3000
M205 X10 Y10
G0 F6000 X97.696 Y196.988
M204 S1800
M205 X8 Y8
G1 F3000 X97.524 Y196.495 E1820.00106
G1 X97.558 Y196.496 E1820.00219
G1 X97.329 Y196.035 E1820.01931
G1 X96.385 Y194.539 E1820.07814
G1 X95.653 Y193.782 E1820.11317
G1 X94.965 Y193.092 E1820.14558
G1 X93.494 Y192.158 E1820.20353
G1 X92.984 Y191.873 E1820.22296
G1 X92.985 Y191.926 E1820.22472
M204 S3000
M205 X10 Y10
G0 F6000 X92.445 Y191.736
M204 S1800
M205 X8 Y8
G1 F3000 X74.893 Y174.185 E1821.05029
G1 X72.963 Y175.338 E1821.12507
G1 X72.566 Y175.63 E1821.14146
G1 X88.223 Y191.287 E1821.87792
G1 X87.365 Y191.406 E1821.90673
G1 X85.668 Y192.003 E1821.96656
G1 X85.347 Y192.183 E1821.9788
G1 X70.414 Y177.249 E1822.68123
G1 X69.395 Y178.182 E1822.72718
G1 X68.46 Y179.067 E1822.77
G1 X83.197 Y193.804 E1823.46318
G1 X82.546 Y194.458 E1823.49387
G1 X81.585 Y195.964 E1823.55329
G1 X66.668 Y181.046 E1824.25497
G1 X65.905 Y181.943 E1824.29413
G1 X65.046 Y183.196 E1824.34466
G1 X80.716 Y198.866 E1825.08173
G1 X80.596 Y199.915 E1825.11685
G1 X80.697 Y200.983 E1825.15253
G1 X80.764 Y201.593 E1825.17294
G1 X80.834 Y202.039 E1825.18796
G1 X81.438 Y203.769 E1825.2489
G1 X81.919 Y204.567 E1825.27989
G1 X82.494 Y205.476 E1825.31567
G1 X82.923 Y205.923 E1825.33627
G1 X83.88 Y206.877 E1825.38122
G1 X84.287 Y207.15 E1825.39752
G1 X85.54 Y207.934 E1825.44668
G1 X86.003 Y208.126 E1825.46335
G1 X86.295 Y208.217 E1825.47352
G1 X99.189 Y221.111 E1826.08002
G1 X99.241 Y220.924 E1826.08647
G1 X99.455 Y220.594 E1826.09955
G1 X100.245 Y219.709 E1826.13901
G1 X100.585 Y219.473 E1826.15277
G1 X101.119 Y219.27 E1826.17178
G1 X90.569 Y208.719 E1826.66804
G1 X91.456 Y208.604 E1826.69779
G1 X93.133 Y208.02 E1826.75685
G1 X93.467 Y207.846 E1826.76938
G1 X108.395 Y222.774 E1827.47154
G1 X108.996 Y222.283 E1827.49736
G1 X110.368 Y220.975 E1827.5604
G1 X95.631 Y206.239 E1828.25356
G1 X96.342 Y205.528 E1828.28701
G1 X97.251 Y204.086 E1828.3437
G1 X112.17 Y219.005 E1829.04545
G1 X112.412 Y218.72 E1829.05788
G1 X113.354 Y217.521 E1829.1086
G1 X113.801 Y216.864 E1829.13503
G1 X98.142 Y201.206 E1829.87155
G1 X98.273 Y200.071 E1829.90955
G1 X98.173 Y199.015 E1829.94483
G1 X98.089 Y198.243 E1829.97066
G1 X98.123 Y198.243 E1829.97179
G1 X97.971 Y197.755 E1829.98879
G1 X97.696 Y196.988 E1830.01589
G1 X115.259 Y214.551 E1830.842
G1 X115.978 Y213.193 E1830.89311
G1 X116.524 Y212.044 E1830.93542
G1 X77.405 Y172.925 E1832.77546
G1 X78.698 Y172.353 E1832.82249
G1 X80.126 Y171.875 E1832.87257
G1 X117.581 Y209.33 E1834.63434
G1 X117.976 Y208.008 E1834.68023
G1 X118.185 Y207.34 E1834.70351
G1 X118.379 Y206.356 E1834.73687
G1 X83.086 Y171.063 E1836.39694
G1 X83.662 Y170.936 E1836.41656
G1 X84.922 Y170.689 E1836.45927
G1 X86.331 Y170.536 E1836.5064
G1 X118.907 Y203.112 E1838.03868
G1 X118.978 Y202.493 E1838.0594
G1 X119.052 Y201.121 E1838.1051
G1 X119.111 Y200.874 E1838.11355
G1 X119.265 Y200.652 E1838.12253
G1 X119.492 Y200.497 E1838.13168
G1 X119.826 Y200.437 E1838.14296
G1 X120.017 Y200.451 E1838.14933
G1 X89.941 Y170.374 E1839.56404
G1 X91.38 Y170.407 E1839.61191
G1 X93.286 Y170.618 E1839.67569
G1 X94.061 Y170.723 E1839.70171
G1 X99.236 Y175.898 E1839.94512
M204 S3000
M205 X10 Y10
G0 F6000 X101.709 Y174.011
M204 S1800
M205 X8 Y8
G1 F3000 X102.273 Y173.935 E1839.96405
G1 X103.158 Y174.04 E1839.99369
G1 X103.284 Y173.794 E1840.00289
G1 X102.49 Y173.395 E1840.03244
G1 X100.828 Y172.622 E1840.09341
G1 X99.507 Y172.127 E1840.14033
G1 X99.1 Y171.99 E1840.15461
G1 X101.281 Y174.171 E1840.2572
G1 X100.685 Y174.397 E1840.2784
G1 X100.392 Y174.553 E1840.28944
G1 X100.149 Y174.776 E1840.30041
G1 X99.451 Y175.565 E1840.33544
G1 X99.234 Y175.9 E1840.34872
G1 X98.842 Y177.407 E1840.40051
G1 X99.021 Y178.275 E1840.42999
G1 X99.177 Y178.902 E1840.45148
G1 X99.365 Y179.291 E1840.46585
G1 X100.167 Y180.206 E1840.50632
G1 X100.485 Y180.469 E1840.52004
G1 X100.949 Y180.667 E1840.53682
G1 X101.777 Y180.976 E1840.56622
G1 X102.22 Y181.032 E1840.58107
G1 X103.159 Y180.924 E1840.6125
G1 X103.654 Y180.837 E1840.62922
G1 X104 Y180.662 E1840.64212
G1 X118.691 Y195.353 E1841.33314
G1 X118.53 Y194.375 E1841.3661
G1 X118.26 Y192.944 E1841.41454
G1 X118.165 Y192.687 E1841.42365
G1 X117.661 Y190.908 E1841.48515
G1 X117.426 Y190.316 E1841.50633
G1 X105.773 Y178.663 E1842.05446
G1 X105.856 Y178.482 E1842.06108
G1 X105.938 Y178.028 E1842.07642
G1 X105.938 Y176.928 E1842.11301
G1 X105.793 Y176.339 E1842.13318
G1 X105.286 Y175.375 E1842.16941
G1 X105.237 Y175.301 E1842.17236
G1 X105.408 Y175.037 E1842.18282
G1 X106.478 Y175.735 E1842.22532
G1 X107.92 Y176.833 E1842.2856
G1 X109.046 Y177.76 E1842.33411
G1 X110.363 Y179.013 E1842.39457
G1 X111.304 Y179.976 E1842.43935
G1 X112.487 Y181.368 E1842.50011
M204 S3000
M205 X10 Y10
G0 F6000 X113.339 Y182.457
M204 S1800
M205 X8 Y8
G1 F3000 X107.06 Y176.179 E1842.79543
M204 S3000
M205 X10 Y10
G0 F6000 X118.691 Y195.353
M204 S1800
M205 X8 Y8
G1 F3000 X118.851 Y196.331 E1842.82839
G1 X118.965 Y197.477 E1842.8667
G1 X119.054 Y198.547 E1842.90241
G1 X119.151 Y198.863 E1842.9134
G1 X119.332 Y199.07 E1842.92255
G1 X119.569 Y199.194 E1842.93144
G1 X119.827 Y199.225 E1842.94009
G1 X121.05 Y199.146 E1842.98085
G1 X121.386 Y199.133 E1842.99203
M204 S3000
M205 X10 Y10
G0 F6000 X122.468 Y199.129
M204 S1800
M205 X8 Y8
G1 F3000 X124.088 Y200.75 E1843.06826
G1 X125.471 Y200.813 E1843.1143
G1 X127.96 Y200.85 E1843.1971
G1 X126.241 Y199.131 E1843.27795
G1 X128.537 Y199.133 E1843.35432
G1 X128.4 Y199.684 E1843.3732
G1 X128.373 Y200.157 E1843.38896
G1 X128.535 Y200.86 E1843.41295
M204 S3000
M205 X10 Y10
G0 F6000 X91.249 Y207.948
G0 X89.435 Y208.154
G0 X87.621 Y207.948
G0 X85.897 Y207.346
G0 X84.351 Y206.375
G0 X81.219 Y203.141
M204 S1800
M205 X8 Y8
G1 F3000 X63.595 Y185.517 E1844.24193
G1 X62.559 Y187.462 E1844.31523
G1 X62.332 Y188.026 E1844.33545
G1 X101.409 Y227.103 E1846.17351
G1 X100.758 Y227.404 E1846.19737
G1 X99.448 Y227.892 E1846.24386
G1 X98.683 Y228.148 E1846.27069
G1 X61.272 Y190.738 E1848.03037
G1 X60.478 Y193.583 E1848.12861
G1 X60.459 Y193.697 E1848.13245
G1 X63.217 Y196.454 E1848.26216
G1 X63.03 Y196.453 E1848.26838
G1 X62.703 Y196.53 E1848.27955
G1 X61.677 Y196.917 E1848.31602
G1 X61.173 Y197.264 E1848.33638
G1 X60.444 Y198.092 E1848.37307
G1 X60.169 Y198.612 E1848.39263
G1 X59.926 Y199.154 E1848.41239
G1 X59.855 Y198.588 E1848.43136
M204 S3000
M205 X10 Y10
G0 F6000 X60.744 Y197.753
M204 S1800
M205 X8 Y8
G1 F3000 X59.941 Y196.95 E1848.46913
M204 S3000
M205 X10 Y10
G0 F6000 X63.317 Y196.456
M204 S1800
M205 X8 Y8
G1 F3000 X64.395 Y196.586 E1848.50525
G1 X64.746 Y196.681 E1848.51734
G1 X65.145 Y196.922 E1848.53284
G1 X66.014 Y197.537 E1848.56825
G1 X66.287 Y197.893 E1848.58317
G1 X66.849 Y198.984 E1848.62399
G1 X66.936 Y199.397 E1848.63803
G1 X66.936 Y200.174 E1848.66387
G1 X95.716 Y228.953 E1850.01757
G1 X94.59 Y229.202 E1850.05593
G1 X93.111 Y229.402 E1850.10557
G1 X92.463 Y229.472 E1850.12725
G1 X65.688 Y202.697 E1851.38666
G1 X64.745 Y203.32 E1851.42425
G1 X64.391 Y203.414 E1851.43643
G1 X63.315 Y203.542 E1851.47247
G1 X63.03 Y203.545 E1851.48195
G1 X62.68 Y203.46 E1851.49393
G1 X88.846 Y229.627 E1852.72472
G1 X88.146 Y229.627 E1852.74801
G1 X86.619 Y229.495 E1852.79898
G1 X84.924 Y229.31 E1852.85569
G1 X84.716 Y229.268 E1852.86275
G1 X60.208 Y204.761 E1854.01551
G1 X60.48 Y206.414 E1854.07123
G1 X61.346 Y209.509 E1854.17812
G1 X61.453 Y209.778 E1854.18775
G1 X79.637 Y227.962 E1855.04307
G1 X78.697 Y227.645 E1855.07607
G1 X77.317 Y227.035 E1855.12625
G1 X75.732 Y226.301 E1855.18434
G1 X74.454 Y225.558 E1855.23351
G1 X72.963 Y224.659 E1855.29142
G1 X71.768 Y223.779 E1855.34078
G1 X70.376 Y222.722 E1855.39891
G1 X69.29 Y221.72 E1855.44806
G1 X68.01 Y220.507 E1855.50671
G1 X66.648 Y218.928 E1855.57607
G1 X65.905 Y218.054 E1855.61422
G1 X65.786 Y217.882 E1855.62118
G1 X71.415 Y223.511 E1855.88595
M204 S3000
M205 X10 Y10
G0 F6000 X81.23 Y200.081
G0 X81.736 Y200.025
M204 S1800
M205 X8 Y8
;TYPE:WALL-OUTER
G1 F3000 X81.829 Y199.145 E1855.91538
G1 X81.927 Y198.288 E1855.94407
G1 X82.317 Y197.167 E1855.98355
G1 X82.496 Y196.659 E1856.00146
G1 X82.883 Y196.04 E1856.02574
G1 X83.408 Y195.206 E1856.05852
G1 X83.723 Y194.887 E1856.07343
G1 X84.627 Y193.983 E1856.11595
G1 X84.898 Y193.811 E1856.12663
G1 X86.096 Y193.061 E1856.17364
G1 X87.723 Y192.492 E1856.23097
G1 X89.437 Y192.299 E1856.28833
G1 X91.146 Y192.492 E1856.34554
G1 X92.056 Y192.809 E1856.37759
G1 X92.775 Y193.062 E1856.40294
G1 X94.217 Y193.965 E1856.45953
G1 X94.847 Y194.588 E1856.489
G1 X95.453 Y195.196 E1856.51755
G1 X96.028 Y196.108 E1856.55341
G1 X96.372 Y196.658 E1856.57498
G1 X96.663 Y197.486 E1856.60417
G1 X96.942 Y198.283 E1856.63226
G1 X97.134 Y199.975 E1856.6889
G1 X97.041 Y200.854 E1856.7183
G1 X96.943 Y201.715 E1856.74712
G1 X96.378 Y203.331 E1856.80406
G1 X96.029 Y203.891 E1856.826
G1 X95.463 Y204.791 E1856.86136
G1 X94.848 Y205.411 E1856.89041
G1 X94.233 Y206.024 E1856.91929
G1 X92.795 Y206.927 E1856.97577
G1 X92.046 Y207.194 E1857.00221
G1 X91.146 Y207.508 E1857.03392
G1 X89.437 Y207.701 E1857.09112
G1 X87.744 Y207.511 E1857.14778
G1 X87.464 Y207.419 E1857.15759
G1 X86.094 Y206.938 E1857.20588
G1 X84.644 Y206.03 E1857.26278
G1 X84.616 Y206.006 E1857.26401
G1 X83.415 Y204.803 E1857.32055
G1 X82.885 Y203.962 E1857.35361
G1 X82.496 Y203.341 E1857.37798
G1 X81.929 Y201.722 E1857.43504
G1 X81.83 Y200.857 E1857.464
G1 X81.736 Y200.025 E1857.49184
M204 S3000
M205 X10 Y10
G0 F6000 X81.757 Y199.826
G0 X81.247 Y199.768
G0 X64.462 Y202.709
G0 X63.086 Y202.875
G0 X61.79 Y202.383
G0 X60.87 Y201.345
G0 X60.516 Y200.171
G0 X61.01 Y200.049
M204 S1800
M205 X8 Y8
G1 F3000 X61.01 Y199.951 E1857.4951
G1 X61.266 Y198.917 E1857.53053
G1 X61.311 Y198.833 E1857.5337
G1 X62.018 Y198.033 E1857.56921
G1 X62.097 Y197.978 E1857.57241
G1 X63.096 Y197.601 E1857.60793
G1 X63.192 Y197.59 E1857.61114
G1 X64.25 Y197.718 E1857.64659
G1 X65.216 Y198.356 E1857.68509
G1 X65.28 Y198.427 E1857.68827
G1 X65.781 Y199.383 E1857.72417
G1 X65.798 Y200.002 E1857.74477
G1 X65.798 Y200.548 E1857.76293
G1 X65.776 Y200.629 E1857.76572
G1 X65.274 Y201.581 E1857.80151
G1 X64.488 Y202.146 E1857.83371
G1 X64.249 Y202.284 E1857.84289
G1 X63.191 Y202.41 E1857.87833
G1 X63.096 Y202.399 E1857.88151
G1 X62.098 Y202.021 E1857.917
G1 X62 Y201.944 E1857.92115
G1 X61.311 Y201.167 E1857.95569
G1 X61.266 Y201.083 E1857.95886
G1 X61.01 Y200.049 E1857.99429
M204 S3000
M205 X10 Y10
G0 F6000 X61.01 Y199.951
G0 X61.034 Y199.852
G0 X60.541 Y199.73
G0 X60.87 Y198.655
G0 X61.789 Y197.616
G0 X99.516 Y177.652
G0 X100.01 Y177.532
M204 S1800
M205 X8 Y8
G1 F3000 X100.01 Y177.435 E1857.99751
G1 X100.268 Y176.389 E1858.03334
G1 X100.31 Y176.315 E1858.03617
G1 X101.018 Y175.516 E1858.07168
G1 X102.096 Y175.084 E1858.11031
G1 X102.192 Y175.073 E1858.11352
G1 X103.249 Y175.201 E1858.14893
G1 X103.339 Y175.235 E1858.15213
G1 X104.234 Y175.852 E1858.18829
G1 X104.28 Y175.91 E1858.19075
G1 X104.775 Y176.855 E1858.22623
G1 X104.799 Y177.775 E1858.25684
G1 X104.776 Y178.112 E1858.26808
G1 X104.275 Y179.063 E1858.30383
G1 X103.338 Y179.733 E1858.34214
G1 X102.829 Y179.816 E1858.3593
G1 X102.176 Y179.894 E1858.38117
G1 X101.355 Y179.602 E1858.41015
G1 X101.019 Y179.449 E1858.42243
G1 X100.297 Y178.634 E1858.45864
G1 X100.127 Y178.002 E1858.48041
G1 X100.01 Y177.532 E1858.49652
M204 S3000
M205 X10 Y10
G0 F6000 X100.01 Y177.435
G0 X100.034 Y177.335
G0 X99.541 Y177.214
G0 X99.87 Y178.829
G0 X100.79 Y179.866
G0 X118.932 Y192.86
G0 X119.398 Y192.417
M204 S1800
M205 X8 Y8
G1 F3000 X119.256 Y192.334 E1858.50199
G1 X118.969 Y191.346 E1858.53621
G1 X118.745 Y190.546 E1858.56384
G1 X118.375 Y189.618 E1858.59707
G1 X117.623 Y187.613 E1858.66829
G1 X116.994 Y186.288 E1858.71708
G1 X116.11 Y184.618 E1858.77992
G1 X115.337 Y183.371 E1858.82872
G1 X114.275 Y181.804 E1858.89168
G1 X113.37 Y180.648 E1858.94051
G1 X112.147 Y179.207 E1859.00337
G1 X111.12 Y178.157 E1859.05222
G1 X109.748 Y176.857 E1859.11509
G1 X108.613 Y175.927 E1859.16389
G1 X107.107 Y174.782 E1859.22682
G1 X105.86 Y173.973 E1859.27625
G1 X104.256 Y173.008 E1859.33851
G1 X102.924 Y172.339 E1859.38809
G1 X101.229 Y171.553 E1859.45023
G1 X99.841 Y171.035 E1859.49951
G1 X98.062 Y170.439 E1859.56191
G1 X96.638 Y170.08 E1859.61076
G1 X94.793 Y169.673 E1859.6736
G1 X93.338 Y169.474 E1859.72244
G1 X91.458 Y169.269 E1859.78534
G1 X89.991 Y169.232 E1859.83415
G1 X88.101 Y169.232 E1859.89701
G1 X86.638 Y169.356 E1859.94584
G1 X84.758 Y169.56 E1860.00874
G1 X83.316 Y169.844 E1860.05762
G1 X81.468 Y170.252 E1860.12057
G1 X80.197 Y170.649 E1860.16485
G1 X79.948 Y170.73 E1860.17356
G1 X78.28 Y171.294 E1860.23213
G1 X76.937 Y171.885 E1860.28093
G1 X75.219 Y172.68 E1860.34389
G1 X73.95 Y173.413 E1860.39263
G1 X72.331 Y174.39 E1860.45553
G1 X71.148 Y175.26 E1860.50437
G1 X69.641 Y176.406 E1860.56734
G1 X68.508 Y177.452 E1860.61863
G1 X67.189 Y178.701 E1860.67904
G1 X66.182 Y179.859 E1860.73008
G1 X65 Y181.249 E1860.79077
G1 X64.07 Y182.599 E1860.8453
G1 X63.105 Y184.021 E1860.90245
G1 X62.392 Y185.343 E1860.95241
G1 X61.522 Y186.983 E1861.01416
G1 X60.263 Y190.113 E1861.12637
G1 X59.365 Y193.335 E1861.23762
G1 X58.818 Y196.649 E1861.34933
G1 X58.636 Y200.002 E1861.46102
G1 X58.639 Y200.065 E1861.46312
G1 X58.819 Y203.352 E1861.5726
G1 X59.366 Y206.666 E1861.68432
G1 X60.268 Y209.888 E1861.7956
G1 X61.523 Y213.018 E1861.90777
G1 X62.41 Y214.69 E1861.97072
G1 X63.106 Y215.981 E1862.0195
G1 X64.198 Y217.591 E1862.0842
G1 X65.002 Y218.753 E1862.1312
G1 X66.268 Y220.241 E1862.19618
G1 X67.188 Y221.3 E1862.24284
G1 X68.621 Y222.655 E1862.30843
G1 X69.646 Y223.601 E1862.35483
G1 X71.218 Y224.792 E1862.42042
G1 X72.33 Y225.609 E1862.46632
G1 X73.951 Y226.586 E1862.52927
G1 X75.215 Y227.319 E1862.57786
G1 X76.936 Y228.116 E1862.64095
G1 X78.279 Y228.708 E1862.68976
G1 X80.07 Y229.312 E1862.75263
G1 X81.484 Y229.756 E1862.80192
G1 X83.318 Y230.158 E1862.86437
G1 X84.276 Y230.345 E1862.89683
G1 X85.249 Y230.494 E1862.92957
G1 X86.639 Y230.645 E1862.97608
G1 X88.102 Y230.768 E1863.02491
G1 X89.993 Y230.768 E1863.0878
G1 X91.458 Y230.73 E1863.13654
G1 X93.34 Y230.525 E1863.19951
G1 X94.79 Y230.326 E1863.24819
G1 X96.639 Y229.919 E1863.31116
G1 X98.049 Y229.564 E1863.35952
G1 X99.81 Y228.975 E1863.42128
G1 X101.229 Y228.446 E1863.47165
G1 X102.967 Y227.642 E1863.53534
G1 X104.258 Y226.991 E1863.58343
G1 X105.878 Y226.017 E1863.6463
G1 X107.107 Y225.217 E1863.69507
G1 X108.615 Y224.071 E1863.75807
G1 X109.75 Y223.141 E1863.80687
G1 X111.122 Y221.841 E1863.86974
G1 X112.149 Y220.792 E1863.91857
G1 X113.371 Y219.351 E1863.98141
G1 X114.276 Y218.195 E1864.03024
G1 X115.222 Y216.801 E1864.08627
G1 X115.92 Y215.689 E1864.12994
G1 X116.28 Y215.062 E1864.15398
G1 X116.996 Y213.71 E1864.20487
G1 X117.623 Y212.387 E1864.25356
G1 X118.165 Y210.973 E1864.30393
G1 X118.627 Y209.815 E1864.3454
G1 X119.231 Y207.796 E1864.41549
G1 X119.34 Y207.681 E1864.42076
G1 X119.459 Y207.666 E1864.42475
G1 X121.913 Y207.657 E1864.50637
G1 X124.644 Y207.645 E1864.5972
G1 X135.235 Y207.603 E1864.94946
G1 X135.235 Y192.399 E1865.45515
G1 X119.398 Y192.417 E1865.98189
M204 S3000
M205 X10 Y10
G0 F6000 X119.256 Y192.334
G0 X119.246 Y192.3
G0 X118.744 Y192.438
G0 X129.015 Y200.168
G0 X129.51 Y200.048
M204 S1800
M205 X8 Y8
G1 F3000 X129.51 Y199.952 E1865.98509
G1 X129.765 Y198.917 E1866.02054
G1 X129.81 Y198.832 E1866.02374
G1 X130.519 Y198.034 E1866.05924
G1 X130.598 Y197.979 E1866.06244
G1 X131.596 Y197.601 E1866.09794
G1 X132.279 Y197.661 E1866.12074
G1 X132.839 Y197.752 E1866.13961
G1 X133.717 Y198.355 E1866.17504
G1 X133.781 Y198.427 E1866.17824
G1 X134.276 Y199.372 E1866.21373
G1 X134.298 Y199.464 E1866.21687
G1 X134.299 Y200.536 E1866.25253
G1 X134.276 Y200.63 E1866.25574
G1 X133.779 Y201.572 E1866.29117
G1 X133.716 Y201.643 E1866.29433
G1 X132.839 Y202.25 E1866.3298
G1 X132.277 Y202.34 E1866.34873
G1 X131.691 Y202.41 E1866.36836
G1 X131.596 Y202.399 E1866.37154
G1 X130.598 Y202.021 E1866.40704
G1 X130.519 Y201.966 E1866.41024
G1 X129.81 Y201.168 E1866.44574
G1 X129.765 Y201.083 E1866.44894
G1 X129.51 Y200.048 E1866.48439
M204 S3000
M205 X10 Y10
G0 F6000 X129.51 Y199.952
G0 X129.534 Y199.851
G0 X129.041 Y199.73
G0 X100.789 Y220.133
G0 X99.87 Y221.171
G0 X99.516 Y222.688
G0 X100.01 Y222.566
M204 S1800
M205 X8 Y8
G1 F3000 X100.125 Y222 E1866.5036
G1 X100.272 Y221.413 E1866.52373
G1 X101.018 Y220.55 E1866.56167
G1 X102.096 Y220.118 E1866.6003
G1 X102.828 Y220.183 E1866.62474
G1 X103.332 Y220.263 E1866.64171
G1 X104.231 Y220.885 E1866.67807
G1 X104.279 Y220.945 E1866.68063
G1 X104.787 Y221.91 E1866.7169
G1 X104.798 Y223.053 E1866.75492
G1 X104.768 Y223.161 E1866.75865
G1 X104.28 Y224.09 E1866.79355
G1 X104.216 Y224.161 E1866.79673
G1 X103.329 Y224.772 E1866.83255
G1 X103.249 Y224.799 E1866.83536
G1 X102.186 Y224.928 E1866.87097
G1 X101.165 Y224.563 E1866.90704
G1 X101.014 Y224.477 E1866.91282
G1 X100.311 Y223.684 E1866.94807
G1 X100.266 Y223.6 E1866.95123
G1 X100.01 Y222.566 E1866.98666
M204 S3000
M205 X10 Y10
G0 F6000 X100.049 Y222.37
G0 X99.622 Y222.662
M204 S1800
M205 X8 Y8
;TYPE:WALL-INNER
G1 F3000 X99.622 Y222.372 E1866.99631
G1 X99.878 Y221.337 E1867.03177
G1 X100.011 Y221.084 E1867.04128
G1 X100.718 Y220.285 E1867.07676
G1 X100.956 Y220.121 E1867.08638
G1 X101.992 Y219.731 E1867.12319
G1 X102.239 Y219.71 E1867.13144
G1 X103.33 Y219.841 E1867.16799
G1 X103.566 Y219.938 E1867.17647
G1 X104.444 Y220.545 E1867.21197
G1 X104.633 Y220.759 E1867.22147
G1 X105.13 Y221.7 E1867.25687
G1 X105.199 Y221.982 E1867.26652
G1 X105.198 Y223.053 E1867.30214
G1 X105.122 Y223.347 E1867.31224
G1 X104.634 Y224.276 E1867.34715
G1 X104.442 Y224.49 E1867.35671
G1 X103.535 Y225.115 E1867.39334
G1 X103.297 Y225.196 E1867.40171
G1 X102.224 Y225.326 E1867.43765
G1 X101.954 Y225.29 E1867.44671
G1 X100.956 Y224.912 E1867.48221
G1 X100.714 Y224.742 E1867.49205
G1 X100.011 Y223.949 E1867.52729
G1 X99.878 Y223.696 E1867.5368
G1 X99.622 Y222.662 E1867.57223
M204 S3000
M205 X10 Y10
G0 F6000 X99.516 Y222.688
G0 X83.06 Y205.083
G0 X82.088 Y203.537
G0 X81.548 Y201.986
G0 X81.23 Y200.082
G0 X81.338 Y200.07
M204 S1800
M205 X8 Y8
G1 F3000 X81.431 Y199.101 E1867.60461
G1 X81.53 Y198.232 E1867.6337
G1 X81.587 Y198.043 E1867.64026
G1 X82.122 Y196.515 E1867.69411
G1 X82.544 Y195.827 E1867.72095
G1 X83.075 Y194.984 E1867.75409
G1 X83.44 Y194.604 E1867.77161
G1 X84.365 Y193.681 E1867.81508
G1 X84.686 Y193.472 E1867.82782
G1 X85.892 Y192.716 E1867.87516
G1 X86.15 Y192.618 E1867.88434
G1 X87.597 Y192.112 E1867.93532
G1 X87.751 Y192.086 E1867.94052
G1 X89.391 Y191.901 E1867.99541
G1 X90.337 Y191.998 E1868.02704
G1 X91.2 Y192.095 E1868.05592
G1 X92.188 Y192.431 E1868.09063
G1 X92.887 Y192.676 E1868.11527
G1 X93.601 Y193.107 E1868.14301
G1 X94.429 Y193.626 E1868.17551
G1 X95.13 Y194.306 E1868.20799
G1 X95.725 Y194.901 E1868.23598
G1 X96.033 Y195.363 E1868.25445
G1 X96.713 Y196.448 E1868.29704
G1 X97.041 Y197.354 E1868.32908
G1 X97.315 Y198.135 E1868.35661
G1 X97.438 Y199.099 E1868.38893
G1 X97.535 Y199.966 E1868.41795
G1 X97.439 Y200.898 E1868.44911
G1 X97.345 Y201.733 E1868.47706
G1 X97.156 Y202.32 E1868.49757
G1 X96.746 Y203.487 E1868.53871
G1 X96.368 Y204.104 E1868.56278
G1 X95.809 Y204.994 E1868.59773
G1 X95.131 Y205.694 E1868.63015
G1 X94.507 Y206.316 E1868.65945
G1 X94.027 Y206.625 E1868.67844
G1 X93.007 Y207.266 E1868.71851
G1 X92.178 Y207.572 E1868.7479
G1 X91.293 Y207.882 E1868.77909
G1 X90.337 Y208.002 E1868.81113
G1 X89.47 Y208.1 E1868.84015
G1 X88.999 Y208.056 E1868.85589
G1 X87.699 Y207.909 E1868.8994
G1 X87.332 Y207.797 E1868.91216
G1 X85.982 Y207.324 E1868.95974
G1 X85.755 Y207.199 E1868.96836
G1 X84.416 Y206.358 E1869.02095
G1 X84.333 Y206.289 E1869.02454
G1 X83.129 Y205.083 E1869.08122
G1 X82.546 Y204.175 E1869.11711
G1 X82.152 Y203.546 E1869.14179
G1 X81.941 Y202.969 E1869.16223
G1 X81.545 Y201.834 E1869.20221
G1 X81.432 Y200.901 E1869.23347
G1 X81.338 Y200.07 E1869.26128
M204 S3000
M205 X10 Y10
G0 F6000 X81.23 Y200.082
G0 X64.462 Y202.709
G0 X63.086 Y202.875
G0 X61.79 Y202.383
G0 X60.87 Y201.345
G0 X60.516 Y200.171
G0 X60.622 Y200.145
M204 S1800
M205 X8 Y8
G1 F3000 X60.622 Y199.855 E1869.27093
G1 X60.878 Y198.821 E1869.30636
G1 X61.011 Y198.568 E1869.31587
G1 X61.718 Y197.768 E1869.35138
G1 X61.956 Y197.604 E1869.36099
G1 X62.955 Y197.227 E1869.3965
G1 X63.24 Y197.193 E1869.40605
G1 X64.298 Y197.321 E1869.4415
G1 X64.566 Y197.422 E1869.45102
G1 X65.468 Y198.045 E1869.48748
G1 X65.634 Y198.241 E1869.49603
G1 X66.133 Y199.191 E1869.53172
G1 X66.198 Y199.465 E1869.54108
G1 X66.198 Y200.572 E1869.5779
G1 X66.13 Y200.815 E1869.58629
G1 X65.618 Y201.786 E1869.6228
G1 X65.444 Y201.972 E1869.63128
G1 X64.567 Y202.579 E1869.66675
G1 X64.296 Y202.681 E1869.67638
G1 X63.238 Y202.807 E1869.71182
G1 X62.954 Y202.773 E1869.72133
G1 X61.956 Y202.395 E1869.75683
G1 X61.7 Y202.209 E1869.76735
G1 X61.011 Y201.433 E1869.80187
G1 X60.878 Y201.179 E1869.8114
G1 X60.622 Y200.145 E1869.84683
M204 S3000
M205 X10 Y10
G0 F6000 X60.516 Y200.171
G0 X60.87 Y198.655
G0 X61.789 Y197.616
G0 X99.516 Y177.653
G0 X99.622 Y177.628
M204 S1800
M205 X8 Y8
G1 F3000 X99.622 Y177.339 E1869.85644
G1 X99.885 Y176.273 E1869.89296
G1 X100.01 Y176.05 E1869.90147
G1 X100.718 Y175.251 E1869.93697
G1 X100.955 Y175.087 E1869.94656
G1 X101.955 Y174.71 E1869.9821
G1 X102.24 Y174.675 E1869.99165
G1 X103.297 Y174.804 E1870.02707
G1 X103.566 Y174.905 E1870.03663
G1 X104.497 Y175.548 E1870.07426
G1 X104.634 Y175.724 E1870.08168
G1 X105.129 Y176.669 E1870.11716
G1 X105.198 Y176.948 E1870.12672
G1 X105.198 Y178.018 E1870.16231
G1 X105.13 Y178.298 E1870.17189
G1 X104.62 Y179.265 E1870.20825
G1 X104.444 Y179.455 E1870.21687
G1 X103.547 Y180.075 E1870.25313
G1 X103.296 Y180.164 E1870.26199
G1 X102.192 Y180.294 E1870.29896
G1 X101.954 Y180.256 E1870.30698
G1 X100.942 Y179.872 E1870.34298
G1 X100.72 Y179.715 E1870.35203
G1 X99.99 Y178.891 E1870.38864
G1 X99.878 Y178.663 E1870.39709
G1 X99.622 Y177.628 E1870.43255
M204 S3000
M205 X10 Y10
G0 F6000 X99.516 Y177.653
G0 X99.87 Y178.829
G0 X100.79 Y179.866
G0 X118.932 Y192.86
G0 X119.417 Y192.818
M204 S1800
M205 X8 Y8
G1 F3000 X119.139 Y192.749 E1870.44208
G1 X118.929 Y192.564 E1870.45139
G1 X118.787 Y192.182 E1870.46494
G1 X118.365 Y190.674 E1870.51702
G1 X118.001 Y189.758 E1870.54981
G1 X117.255 Y187.769 E1870.62046
G1 X116.636 Y186.468 E1870.66838
G1 X115.763 Y184.817 E1870.7305
G1 X115.001 Y183.589 E1870.77857
G1 X113.951 Y182.04 E1870.84081
G1 X113.06 Y180.901 E1870.8889
G1 X111.851 Y179.477 E1870.95103
G1 X110.839 Y178.442 E1870.99918
G1 X109.484 Y177.157 E1871.06129
G1 X108.391 Y176.263 E1871.10825
G1 X106.927 Y175.147 E1871.16948
G1 X106.84 Y175.086 E1871.17302
G1 X105.654 Y174.316 E1871.22005
G1 X104.063 Y173.359 E1871.2818
G1 X102.756 Y172.702 E1871.33045
G1 X101.075 Y171.923 E1871.39208
G1 X99.707 Y171.412 E1871.44065
G1 X97.95 Y170.823 E1871.50228
G1 X96.546 Y170.47 E1871.55043
G1 X94.723 Y170.067 E1871.61253
G1 X93.289 Y169.871 E1871.66067
G1 X91.431 Y169.669 E1871.72283
G1 X89.986 Y169.632 E1871.7709
G1 X88.118 Y169.632 E1871.83303
G1 X86.676 Y169.754 E1871.88117
G1 X84.818 Y169.956 E1871.94333
G1 X83.398 Y170.236 E1871.99147
G1 X81.571 Y170.639 E1872.05369
G1 X80.195 Y171.069 E1872.10164
G1 X78.425 Y171.667 E1872.16378
G1 X77.101 Y172.249 E1872.21189
G1 X76.576 Y172.493 E1872.23114
G1 X75.403 Y173.036 E1872.27413
G1 X74.154 Y173.757 E1872.3221
G1 X72.553 Y174.723 E1872.38429
G1 X71.318 Y175.633 E1872.43531
G1 X69.898 Y176.713 E1872.49465
G1 X68.783 Y177.742 E1872.54512
G1 X67.478 Y178.978 E1872.6049
G1 X66.487 Y180.118 E1872.65514
G1 X65.318 Y181.493 E1872.71516
G1 X64.401 Y182.823 E1872.7689
G1 X63.447 Y184.229 E1872.82541
G1 X62.746 Y185.531 E1872.87459
G1 X61.885 Y187.152 E1872.93564
G1 X60.643 Y190.242 E1873.0464
G1 X59.756 Y193.421 E1873.15618
G1 X59.216 Y196.693 E1873.26648
G1 X59.058 Y199.623 E1873.36407
G1 X59.039 Y200.043 E1873.37805
G1 X59.217 Y203.308 E1873.48681
G1 X59.757 Y206.579 E1873.59708
G1 X60.566 Y209.471 E1873.69696
G1 X60.759 Y210.036 E1873.71681
G1 X61.886 Y212.85 E1873.81764
G1 X62.779 Y214.531 E1873.88095
G1 X63.448 Y215.773 E1873.92787
G1 X64.527 Y217.363 E1873.99178
G1 X65.32 Y218.509 E1874.03813
G1 X66.57 Y219.979 E1874.10231
G1 X67.477 Y221.023 E1874.14831
G1 X68.892 Y222.361 E1874.21308
G1 X69.903 Y223.294 E1874.25883
G1 X71.455 Y224.47 E1874.3236
G1 X72.552 Y225.276 E1874.36887
G1 X74.155 Y226.242 E1874.43112
G1 X75.4 Y226.964 E1874.47899
G1 X77.101 Y227.752 E1874.54134
G1 X78.424 Y228.334 E1874.58942
G1 X80.194 Y228.932 E1874.65155
G1 X81.587 Y229.369 E1874.70011
G1 X83.399 Y229.766 E1874.76181
G1 X84.82 Y230.045 E1874.80997
G1 X86.677 Y230.247 E1874.8721
G1 X88.119 Y230.368 E1874.92023
G1 X89.988 Y230.368 E1874.9824
G1 X91.067 Y230.341 E1875.01829
G1 X91.793 Y230.291 E1875.0425
G1 X93.291 Y230.128 E1875.09262
G1 X94.72 Y229.932 E1875.14059
G1 X96.547 Y229.529 E1875.20282
G1 X97.937 Y229.18 E1875.25048
G1 X99.722 Y228.582 E1875.3131
G1 X101.075 Y228.076 E1875.36114
G1 X102.787 Y227.284 E1875.42388
G1 X104.065 Y226.641 E1875.47146
G1 X105.678 Y225.669 E1875.5341
G1 X106.877 Y224.889 E1875.58167
G1 X108.367 Y223.757 E1875.64391
G1 X109.485 Y222.841 E1875.69198
G1 X110.841 Y221.556 E1875.75412
G1 X111.853 Y220.522 E1875.80224
G1 X113.061 Y219.098 E1875.86435
G1 X113.952 Y217.959 E1875.91245
G1 X115.003 Y216.412 E1875.97465
G1 X115.764 Y215.182 E1876.02276
G1 X116.638 Y213.53 E1876.08492
G1 X117.255 Y212.229 E1876.13281
G1 X117.793 Y210.825 E1876.18282
G1 X118.249 Y209.683 E1876.22372
G1 X118.856 Y207.656 E1876.29409
G1 X119.006 Y207.43 E1876.30312
G1 X119.236 Y207.294 E1876.312
G1 X119.457 Y207.266 E1876.31941
G1 X121.911 Y207.257 E1876.40103
G1 X124.642 Y207.245 E1876.49187
G1 X134.835 Y207.205 E1876.83089
G1 X134.835 Y201.932 E1877.00627
G1 F2884.6 X134.819 Y201.399 E1877.02472
G1 F2672.6 X134.802 Y200.866 E1877.04463
G1 F2371.5 X134.762 Y200.652 E1877.05379
G1 X134.659 Y200.832 E1877.06251
G1 F2672.6 X134.396 Y201.295 E1877.08239
G1 F2884.6 X134.133 Y201.758 E1877.10081
G1 F3000 X133.944 Y201.972 E1877.11031
G1 X133.067 Y202.579 E1877.14578
G1 X132.797 Y202.681 E1877.15538
G1 X131.739 Y202.807 E1877.19082
G1 X131.454 Y202.773 E1877.20036
G1 X130.456 Y202.395 E1877.23586
G1 X130.22 Y202.232 E1877.2454
G1 X129.511 Y201.434 E1877.2809
G1 X129.377 Y201.179 E1877.29048
G1 X129.122 Y200.144 E1877.32594
G1 X129.122 Y199.856 E1877.33552
G1 X129.377 Y198.821 E1877.37097
G1 X129.511 Y198.566 E1877.38055
G1 X130.22 Y197.768 E1877.41606
G1 X130.456 Y197.605 E1877.4256
G1 X131.454 Y197.227 E1877.46109
G1 X131.74 Y197.193 E1877.47067
G1 X132.798 Y197.321 E1877.50612
G1 X133.065 Y197.422 E1877.51561
G1 X133.943 Y198.025 E1877.55104
G1 X134.136 Y198.241 E1877.56067
G1 F2955.7 X134.388 Y198.711 E1877.57867
G1 F2870.8 X134.641 Y199.181 E1877.59723
G1 F2494.8 X134.766 Y199.464 E1877.6096
G1 X134.823 Y199.136 E1877.62291
G1 F2870.8 X134.829 Y198.602 E1877.64148
G1 F2955.7 X134.835 Y198.068 E1877.6595
G1 F3000 X134.835 Y192.799 E1877.83475
G1 X119.417 Y192.818 E1878.34756
M204 S3000
M205 X10 Y10
G0 F6000 X118.535 Y192.685
M204 S1800
M205 X8 Y8
G1 F3000 X118.198 Y191.561 E1878.38659
G1 X117.986 Y190.802 E1878.4128
G1 X117.626 Y189.899 E1878.44513
G1 X116.886 Y187.925 E1878.51525
G1 X116.279 Y186.647 E1878.5623
G1 X115.416 Y185.017 E1878.62365
G1 X114.665 Y183.807 E1878.67101
G1 X113.628 Y182.276 E1878.73252
G1 X112.75 Y181.154 E1878.7799
G1 X111.555 Y179.746 E1878.84133
G1 X110.559 Y178.727 E1878.88872
G1 X109.219 Y177.457 E1878.95012
G1 X108.095 Y176.539 E1878.99839
G1 X106.646 Y175.437 E1879.05894
G1 X105.447 Y174.658 E1879.1065
G1 X103.869 Y173.71 E1879.16772
G1 X103.597 Y173.572 E1879.17787
G1 X102.588 Y173.065 E1879.21543
G1 X100.921 Y172.292 E1879.27654
G1 X99.574 Y171.79 E1879.32435
G1 X97.837 Y171.207 E1879.38529
G1 X96.454 Y170.859 E1879.43273
G1 X94.653 Y170.461 E1879.49407
G1 X93.241 Y170.268 E1879.54147
G1 X91.404 Y170.068 E1879.60293
G1 X89.981 Y170.032 E1879.65028
G1 X88.135 Y170.032 E1879.71168
G1 X86.715 Y170.152 E1879.75907
G1 X84.879 Y170.352 E1879.8205
G1 X83.48 Y170.628 E1879.86793
G1 X81.674 Y171.026 E1879.92944
G1 X80.319 Y171.45 E1879.97666
G1 X78.57 Y172.041 E1880.03806
G1 X77.266 Y172.614 E1880.08544
G1 X75.588 Y173.391 E1880.14694
G1 X74.934 Y173.767 E1880.17203
G1 X74.269 Y174.155 E1880.19764
G1 X72.775 Y175.056 E1880.25567
G1 X71.627 Y175.9 E1880.30306
G1 X70.155 Y177.02 E1880.36458
G1 X69.058 Y178.033 E1880.41424
G1 X67.767 Y179.256 E1880.47339
G1 X66.791 Y180.377 E1880.52282
G1 X65.636 Y181.737 E1880.58217
G1 X64.802 Y182.944 E1880.63096
G1 X63.79 Y184.437 E1880.69095
G1 X63.099 Y185.718 E1880.73936
G1 X62.249 Y187.321 E1880.79971
G1 X61.022 Y190.37 E1880.90903
G1 X60.147 Y193.508 E1881.01738
G1 X59.614 Y196.736 E1881.12619
G1 X59.515 Y198.58 E1881.18761
G1 F2678.6 X59.535 Y199.115 E1881.20756
G1 F2201.8 X59.555 Y199.65 E1881.23182
G1 F2037.4 X59.53 Y200.017 E1881.24984
G1 X59.554 Y200.35 E1881.26619
G1 F2201.8 X59.535 Y200.885 E1881.29045
G1 F2678.6 X59.515 Y201.42 E1881.31039
G1 F3000 X59.615 Y203.264 E1881.37181
G1 X60.148 Y206.493 E1881.48066
G1 X61.027 Y209.631 E1881.58905
G1 X62.25 Y212.681 E1881.69834
G1 X63.131 Y214.341 E1881.76085
G1 X63.791 Y215.565 E1881.8071
G1 X64.856 Y217.136 E1881.87023
G1 X65.638 Y218.265 E1881.91591
G1 X66.872 Y219.717 E1881.97929
G1 X67.766 Y220.746 E1882.02462
G1 X69.109 Y222.018 E1882.08615
G1 X70.16 Y222.987 E1882.13369
G1 X71.692 Y224.148 E1882.19763
G1 X72.774 Y224.943 E1882.24228
G1 X74.436 Y225.942 E1882.30678
G1 X75.584 Y226.608 E1882.35092
G1 X77.265 Y227.387 E1882.41254
G1 X78.569 Y227.961 E1882.45993
G1 X80.318 Y228.552 E1882.52133
G1 X81.69 Y228.982 E1882.56916
G1 X83.481 Y229.374 E1882.63013
G1 X84.88 Y229.649 E1882.67756
G1 X86.716 Y229.849 E1882.73898
G1 X88.135 Y229.968 E1882.78634
G1 X89.982 Y229.968 E1882.84778
G1 X91.404 Y229.931 E1882.89509
G1 X93.243 Y229.731 E1882.95661
G1 X94.65 Y229.538 E1883.00385
G1 X96.455 Y229.14 E1883.06533
G1 X97.824 Y228.796 E1883.11227
G1 X99.556 Y228.216 E1883.17303
G1 X100.921 Y227.707 E1883.22148
G1 X102.645 Y226.908 E1883.28468
G1 X103.884 Y226.283 E1883.33083
G1 X105.454 Y225.338 E1883.39178
G1 X106.646 Y224.562 E1883.43909
G1 X108.119 Y223.443 E1883.50062
G1 X109.221 Y222.541 E1883.54798
G1 X110.561 Y221.271 E1883.60939
G1 X111.557 Y220.252 E1883.65678
G1 X112.751 Y218.846 E1883.71813
G1 X113.629 Y217.723 E1883.76554
G1 X114.667 Y216.194 E1883.82701
G1 X115.416 Y214.983 E1883.87437
G1 X116.28 Y213.351 E1883.93579
G1 X116.887 Y212.072 E1883.98287
G1 X117.422 Y210.677 E1884.03257
G1 X117.871 Y209.551 E1884.07288
G1 X118.46 Y207.579 E1884.14134
G1 X118.634 Y207.245 E1884.15386
G1 X118.883 Y207.021 E1884.165
G1 X119.209 Y206.887 E1884.17672
G1 X119.456 Y206.866 E1884.18497
G1 X121.91 Y206.857 E1884.26659
G1 X124.641 Y206.845 E1884.35743
G1 X134.435 Y206.806 E1884.68318
G1 X134.435 Y202.003 E1884.84293
G1 X134.172 Y202.301 E1884.85615
G1 X133.295 Y202.908 E1884.89162
G1 X132.844 Y203.078 E1884.90765
G1 X131.786 Y203.205 E1884.94309
G1 X131.498 Y203.197 E1884.95267
G1 X131.312 Y203.147 E1884.95908
G1 X130.314 Y202.769 E1884.99458
G1 X130.094 Y202.652 E1885.00286
G1 X129.921 Y202.498 E1885.01057
G1 X129.212 Y201.7 E1885.04607
G1 X129.034 Y201.414 E1885.05728
G1 X128.988 Y201.275 E1885.06214
G1 X128.734 Y200.24 E1885.09759
G1 X128.711 Y199.888 E1885.10932
G1 X128.733 Y199.76 E1885.11364
G1 X128.988 Y198.725 E1885.1491
G1 X129.106 Y198.443 E1885.15926
G1 X129.212 Y198.3 E1885.16518
G1 X129.921 Y197.502 E1885.20069
G1 X130.094 Y197.348 E1885.20839
G1 X130.314 Y197.231 E1885.21668
G1 X131.312 Y196.853 E1885.25217
G1 X131.665 Y196.789 E1885.26411
G1 X132.375 Y196.867 E1885.28786
G1 X132.846 Y196.924 E1885.30364
G1 X133.292 Y197.092 E1885.31949
G1 X134.169 Y197.696 E1885.35491
G1 X134.435 Y197.994 E1885.3682
G1 X134.435 Y193.2 E1885.52765
G1 X119.415 Y193.218 E1886.02721
G1 X119.029 Y193.139 E1886.04032
G1 X118.731 Y192.944 E1886.05216
G1 X118.535 Y192.685 E1886.06297
M204 S3000
M205 X10 Y10
G0 F6000 X131.236 Y197.26
G0 X132.96 Y197.293
G0 X134.102 Y198.078
G0 X134.809 Y199.465
G0 X134.766 Y199.464
M204 S1800
M205 X8 Y8
G1 F2234.6 X134.767 Y200.536 E1886.11083
G1 F2218.1 X134.762 Y200.652 E1886.11606
M204 S3000
M205 X10 Y10
G0 F6000 X134.809 Y200.653
G0 X134.101 Y201.921
G0 X132.962 Y202.709
G0 X118.941 Y207.226
G0 X100.789 Y220.133
G0 X99.87 Y221.171
G0 X99.234 Y222.758
M204 S1800
M205 X8 Y8
G1 F3000 X99.21 Y222.411 E1886.12763
G1 X99.349 Y221.808 E1886.14821
G1 X99.503 Y221.193 E1886.16929
G1 X99.676 Y220.861 E1886.18175
G1 X100.419 Y220.02 E1886.21907
G1 X100.735 Y219.781 E1886.23225
G1 X101.813 Y219.37 E1886.27062
G1 X102.124 Y219.306 E1886.28118
G1 X102.923 Y219.388 E1886.30789
G1 X103.456 Y219.458 E1886.32577
G1 X103.793 Y219.609 E1886.33806
G1 X104.671 Y220.216 E1886.37356
G1 X104.823 Y220.344 E1886.38017
G1 X104.987 Y220.572 E1886.38951
G1 X105.484 Y221.514 E1886.42493
G1 X105.599 Y221.982 E1886.44096
G1 X105.598 Y223.053 E1886.47658
G1 X105.476 Y223.533 E1886.49306
G1 X104.988 Y224.462 E1886.52796
G1 X104.861 Y224.649 E1886.53548
G1 X104.669 Y224.82 E1886.54403
G1 X103.741 Y225.459 E1886.5815
G1 X103.345 Y225.594 E1886.59542
G1 X102.262 Y225.724 E1886.6317
G1 X101.812 Y225.664 E1886.6468
G1 X100.814 Y225.286 E1886.68229
G1 X100.588 Y225.165 E1886.69082
G1 X100.415 Y225.007 E1886.69861
G1 X99.712 Y224.215 E1886.73383
G1 X99.548 Y223.96 E1886.74392
G1 X99.49 Y223.792 E1886.74983
G1 X99.234 Y222.758 E1886.78526
M204 S3000
M205 X10 Y10
G0 F6000 X83.06 Y205.083
G0 X82.088 Y203.537
G0 X80.941 Y200.114
M204 S1800
M205 X8 Y8
G1 F3000 X81.034 Y199.056 E1886.82058
G1 X81.136 Y198.164 E1886.85045
G1 X81.209 Y197.911 E1886.8592
G1 X81.731 Y196.418 E1886.91181
G1 X82.206 Y195.615 E1886.94284
G1 X82.746 Y194.757 E1886.97656
G1 X83.157 Y194.322 E1886.99646
G1 X84.081 Y193.399 E1887.0399
G1 X84.473 Y193.133 E1887.05566
G1 X85.7 Y192.365 E1887.1038
G1 X86.018 Y192.241 E1887.11515
G1 X87.483 Y191.728 E1887.16678
G1 X87.707 Y191.689 E1887.17434
G1 X89.362 Y191.502 E1887.22974
G1 X90.382 Y191.6 E1887.26382
G1 X91.264 Y191.7 E1887.29334
G1 X92.32 Y192.054 E1887.33039
G1 X93.019 Y192.299 E1887.35502
G1 X93.814 Y192.769 E1887.38574
G1 X94.642 Y193.287 E1887.41823
G1 X95.413 Y194.023 E1887.45368
G1 X96.008 Y194.619 E1887.48169
G1 X96.371 Y195.151 E1887.50311
G1 X97.06 Y196.248 E1887.5462
G1 X97.418 Y197.222 E1887.58071
G1 X97.692 Y198.003 E1887.60824
G1 X97.835 Y199.054 E1887.64352
G1 X97.929 Y199.886 E1887.67136
G1 X97.836 Y200.943 E1887.70666
G1 X97.742 Y201.778 E1887.7346
G1 X97.533 Y202.452 E1887.75807
G1 X97.128 Y203.61 E1887.79888
G1 X96.706 Y204.316 E1887.82623
G1 X96.112 Y205.259 E1887.8633
G1 X95.414 Y205.976 E1887.89658
G1 X94.772 Y206.616 E1887.92673
G1 X94.239 Y206.964 E1887.94791
G1 X93.22 Y207.605 E1887.98795
G1 X92.31 Y207.949 E1888.0203
G1 X91.419 Y208.262 E1888.05171
G1 X90.381 Y208.4 E1888.08654
G1 X89.493 Y208.499 E1888.11626
G1 X88.954 Y208.453 E1888.13425
G1 X87.654 Y208.306 E1888.17777
G1 X87.2 Y208.174 E1888.19349
G1 X85.85 Y207.701 E1888.24107
G1 X85.542 Y207.538 E1888.25266
G1 X84.187 Y206.686 E1888.30589
G1 X84.05 Y206.571 E1888.31184
G1 X82.837 Y205.356 E1888.36895
G1 X82.208 Y204.387 E1888.40737
G1 X81.803 Y203.741 E1888.43273
G1 X81.563 Y203.101 E1888.45546
G1 X81.161 Y201.946 E1888.49614
G1 X81.035 Y200.946 E1888.52966
G1 X80.941 Y200.114 E1888.55751
M204 S3000
M205 X10 Y10
G0 F6000 X64.462 Y202.709
G0 X63.086 Y202.875
G0 X61.79 Y202.383
G0 X61.045 Y201.543
G0 X60.139 Y200.264
M204 S1800
M205 X8 Y8
G1 F2037.4 X60.114 Y199.94 E1888.57343
G1 X60.139 Y199.736 E1888.58349
G1 F2201.8 X60.314 Y199.231 E1888.60771
G1 F2678.6 X60.489 Y198.725 E1888.62766
G1 F3000 X60.711 Y198.303 E1888.64352
G1 X61.418 Y197.503 E1888.67903
G1 X61.814 Y197.23 E1888.69502
G1 X62.813 Y196.853 E1888.73054
G1 X63.067 Y196.793 E1888.73922
G1 X63.288 Y196.796 E1888.74657
G1 X64.346 Y196.924 E1888.78202
G1 X64.71 Y197.042 E1888.79474
G1 X65.67 Y197.697 E1888.8334
G1 X65.928 Y197.956 E1888.84556
G1 X65.988 Y198.055 E1888.84941
G1 X66.489 Y199.009 E1888.88525
G1 X66.588 Y199.317 E1888.89601
G1 X66.598 Y200.002 E1888.91879
G1 X66.597 Y200.597 E1888.93858
G1 X66.512 Y200.943 E1888.95043
G1 X66.484 Y201.001 E1888.95257
G1 X65.988 Y201.944 E1888.98801
G1 X65.771 Y202.222 E1888.99974
G1 X64.944 Y202.804 E1889.03338
G1 X64.613 Y203.007 E1889.04629
G1 X64.344 Y203.079 E1889.05555
G1 X63.286 Y203.205 E1889.09099
G1 X63.067 Y203.207 E1889.09827
G1 X62.812 Y203.147 E1889.10699
G1 X61.814 Y202.769 E1889.14248
G1 X61.4 Y202.475 E1889.15937
G1 X60.712 Y201.698 E1889.19389
G1 X60.489 Y201.275 E1889.20979
G1 F2678.6 X60.314 Y200.77 E1889.2297
G1 F2201.8 X60.139 Y200.264 E1889.25397
M204 S3000
M205 X10 Y10
G0 F6000 X60.87 Y198.655
G0 X61.789 Y197.616
G0 X99.351 Y178.194
M204 S1800
M205 X8 Y8
G1 F3000 X99.234 Y177.724 E1889.27008
G1 X99.206 Y177.424 E1889.2801
G1 X99.233 Y177.243 E1889.28618
G1 X99.502 Y176.157 E1889.3234
G1 X99.614 Y175.914 E1889.33229
G1 X99.711 Y175.784 E1889.33769
G1 X100.419 Y174.985 E1889.3732
G1 X100.588 Y174.833 E1889.38076
G1 X100.879 Y174.688 E1889.39157
G1 X101.814 Y174.336 E1889.4248
G1 X102.288 Y174.278 E1889.44068
G1 X103.345 Y174.406 E1889.4761
G1 X103.741 Y174.541 E1889.49001
G1 X103.793 Y174.575 E1889.49208
G1 X104.67 Y175.18 E1889.52751
G1 X104.861 Y175.351 E1889.53604
G1 X104.988 Y175.538 E1889.54356
G1 X105.483 Y176.483 E1889.57904
G1 X105.598 Y176.948 E1889.59497
G1 X105.598 Y178.018 E1889.63056
G1 X105.484 Y178.484 E1889.64652
G1 X104.965 Y179.467 E1889.68349
G1 X104.747 Y179.727 E1889.69477
G1 X103.793 Y180.391 E1889.73343
G1 X103.456 Y180.542 E1889.74572
G1 X102.924 Y180.611 E1889.76356
G1 X102.286 Y180.688 E1889.78493
G1 X101.937 Y180.668 E1889.79656
G1 X101.071 Y180.35 E1889.82724
G1 X100.66 Y180.178 E1889.84206
G1 X100.42 Y179.98 E1889.85241
G1 X99.712 Y179.182 E1889.88789
G1 X99.52 Y178.859 E1889.90039
G1 X99.351 Y178.194 E1889.92321
M204 S3000
M205 X10 Y10
G0 F6000 X100.79 Y179.866
G0 X118.932 Y192.86
G0 X131.202 Y196.49
M204 S1800
M205 X8 Y8
;TYPE:SKIN
G1 F1200 X131.454 Y196.426 E1889.93186
G1 X131.834 Y196.418 E1889.9445
G1 X132.89 Y196.546 E1889.97988
G1 X133.471 Y196.759 E1890.00046
G1 X134.055 Y197.154 E1890.02391
G1 X134.055 Y193.581 E1890.14275
G1 X119.408 Y193.598 E1890.62991
G1 X118.905 Y193.497 E1890.64697
G1 X118.665 Y193.359 E1890.65618
G1 X118.808 Y194.119 E1890.6819
G1 X119.164 Y196.253 E1890.75386
G1 X119.282 Y197.426 E1890.79307
G1 X119.367 Y198.427 E1890.82649
G1 X119.441 Y198.708 E1890.83615
G1 X119.608 Y198.851 E1890.84346
G1 X119.838 Y198.905 E1890.85132
G1 X121.034 Y198.827 E1890.89118
G1 X121.792 Y198.814 E1890.9164
G1 X123.009 Y198.808 E1890.95688
G1 X128.579 Y198.814 E1891.14214
G1 X128.695 Y198.417 E1891.15589
G1 X129.025 Y197.936 E1891.17529
G1 X129.65 Y197.233 E1891.20658
G1 X129.897 Y197.023 E1891.21736
G1 X130.193 Y196.867 E1891.22849
G1 X131.202 Y196.49 E1891.26432
M204 S3000
M205 X10 Y10
G0 F6000 X133.253 Y193.781
M204 S1800
M205 X8 Y8
G1 F1200 X133.855 Y194.383 E1891.29263
M204 S3000
M205 X10 Y10
G0 F6000 X133.855 Y194.949
M204 S1800
M205 X8 Y8
G1 F1200 X132.687 Y193.781 E1891.34757
M204 S3000
M205 X10 Y10
G0 F6000 X132.122 Y193.782
M204 S1800
M205 X8 Y8
G1 F1200 X133.855 Y195.515 E1891.42909
M204 S3000
M205 X10 Y10
G0 F6000 X133.855 Y196.08
M204 S1800
M205 X8 Y8
G1 F1200 X131.557 Y193.783 E1891.53716
M204 S3000
M205 X10 Y10
G0 F6000 X130.992 Y193.784
M204 S1800
M205 X8 Y8
G1 F1200 X133.855 Y196.646 E1891.6718
G1 X133.925 Y196.716
M204 S3000
M205 X10 Y10
G0 F6000 X133.015 Y196.372
M204 S1800
M205 X8 Y8
G1 F1200 X130.427 Y193.784 E1891.79353
M204 S3000
M205 X10 Y10
G0 F6000 X129.862 Y193.785
M204 S1800
M205 X8 Y8
G1 F1200 X132.356 Y196.279 E1891.91084
M204 S3000
M205 X10 Y10
G0 F6000 X131.731 Y196.219
M204 S1800
M205 X8 Y8
G1 F1200 X129.298 Y193.786 E1892.02528
M204 S3000
M205 X10 Y10
G0 F6000 X128.733 Y193.786
M204 S1800
M205 X8 Y8
G1 F1200 X131.222 Y196.275 E1892.14236
M204 S3000
M205 X10 Y10
G0 F6000 X130.804 Y196.424
M204 S1800
M205 X8 Y8
G1 F1200 X128.168 Y193.787 E1892.26637
M204 S3000
M205 X10 Y10
G0 F6000 X127.603 Y193.788
M204 S1800
M205 X8 Y8
G1 F1200 X130.394 Y196.579 E1892.39765
M204 S3000
M205 X10 Y10
G0 F6000 X129.994 Y196.745
M204 S1800
M205 X8 Y8
G1 F1200 X127.038 Y193.788 E1892.53671
M204 S3000
M205 X10 Y10
G0 F6000 X126.473 Y193.789
M204 S1800
M205 X8 Y8
G1 F1200 X129.65 Y196.966 E1892.68615
M204 S3000
M205 X10 Y10
G0 F6000 X129.366 Y197.248
M204 S1800
M205 X8 Y8
G1 F1200 X125.908 Y193.79 E1892.8488
M204 S3000
M205 X10 Y10
G0 F6000 X125.343 Y193.791
M204 S1800
M205 X8 Y8
G1 F1200 X129.1 Y197.548 E1893.02552
M204 S3000
M205 X10 Y10
G0 F6000 X128.834 Y197.847
M204 S1800
M205 X8 Y8
G1 F1200 X124.778 Y193.791 E1893.2163
M204 S3000
M205 X10 Y10
G0 F6000 X124.213 Y193.792
M204 S1800
M205 X8 Y8
G1 F1200 X128.612 Y198.191 E1893.42322
M204 S3000
M205 X10 Y10
G0 F6000 X128.435 Y198.58
M204 S1800
M205 X8 Y8
G1 F1200 X123.647 Y193.792 E1893.64843
M204 S3000
M205 X10 Y10
G0 F6000 X123.082 Y193.793
M204 S1800
M205 X8 Y8
G1 F1200 X127.902 Y198.612 E1893.87513
M204 S3000
M205 X10 Y10
G0 F6000 X127.335 Y198.612
M204 S1800
M205 X8 Y8
G1 F1200 X122.517 Y193.793 E1894.10177
M204 S3000
M205 X10 Y10
G0 F6000 X121.952 Y193.794
M204 S1800
M205 X8 Y8
G1 F1200 X126.769 Y198.611 E1894.32835
M204 S3000
M205 X10 Y10
G0 F6000 X126.203 Y198.61
M204 S1800
M205 X8 Y8
G1 F1200 X121.387 Y193.795 E1894.55486
M204 S3000
M205 X10 Y10
G0 F6000 X120.822 Y193.796
M204 S1800
M205 X8 Y8
G1 F1200 X125.636 Y198.61 E1894.78129
M204 S3000
M205 X10 Y10
G0 F6000 X125.07 Y198.609
M204 S1800
M205 X8 Y8
G1 F1200 X120.257 Y193.796 E1895.00768
M204 S3000
M205 X10 Y10
G0 F6000 X119.692 Y193.797
M204 S1800
M205 X8 Y8
G1 F1200 X124.503 Y198.608 E1895.23398
M204 S3000
M205 X10 Y10
G0 F6000 X123.937 Y198.607
M204 S1800
M205 X8 Y8
G1 F1200 X119.064 Y193.734 E1895.46319
M204 S3000
M205 X10 Y10
G0 F6000 X119.034 Y194.27
M204 S1800
M205 X8 Y8
G1 F1200 X123.371 Y198.607 E1895.66719
M204 S3000
M205 X10 Y10
G0 F6000 X122.806 Y198.607
M204 S1800
M205 X8 Y8
G1 F1200 X119.148 Y194.95 E1895.83922
M204 S3000
M205 X10 Y10
G0 F6000 X119.262 Y195.63
M204 S1800
M205 X8 Y8
G1 F1200 X122.242 Y198.61 E1895.97939
M204 S3000
M205 X10 Y10
G0 F6000 X121.679 Y198.612
M204 S1800
M205 X8 Y8
G1 F1200 X119.368 Y196.302 E1896.08807
M204 S3000
M205 X10 Y10
G0 F6000 X119.433 Y196.932
M204 S1800
M205 X8 Y8
G1 F1200 X121.126 Y198.625 E1896.16771
M204 S3000
M205 X10 Y10
G0 F6000 X120.589 Y198.653
M204 S1800
M205 X8 Y8
G1 F1200 X119.508 Y197.572 E1896.21855
M204 S3000
M205 X10 Y10
G0 F6000 X119.55 Y198.18
M204 S1800
M205 X8 Y8
G1 F1200 X120.058 Y198.688 E1896.24245
M204 S3000
M205 X10 Y10
G0 F6000 X130.193 Y203.13
M204 S1800
M205 X8 Y8
G1 F1200 X129.858 Y202.95 E1896.2551
G1 X129.633 Y202.747 E1896.26518
G1 X128.928 Y201.954 E1896.30047
G1 X128.673 Y201.531 E1896.3169
G1 X128.577 Y201.182 E1896.32893
G1 X127.979 Y201.176 E1896.34883
G1 X125.462 Y201.134 E1896.43255
G1 X124.081 Y201.071 E1896.47853
G1 X119.844 Y200.762 E1896.61983
G1 X119.614 Y200.802 E1896.62759
G1 X119.453 Y200.946 E1896.63478
G1 X119.37 Y201.176 E1896.64291
G1 X119.297 Y202.519 E1896.68765
G1 X119.138 Y203.902 E1896.73395
G1 X118.842 Y205.698 E1896.79449
G1 X118.626 Y206.747 E1896.83011
G1 X118.906 Y206.585 E1896.84087
G1 X119.293 Y206.492 E1896.85411
G1 X134.055 Y206.427 E1897.3451
G1 X134.055 Y202.846 E1897.4642
G1 X133.517 Y203.218 E1897.48596
G1 X132.932 Y203.445 E1897.50683
G1 X132.416 Y203.512 E1897.52414
G1 X131.819 Y203.583 E1897.54413
G1 X131.637 Y203.588 E1897.55019
G1 X131.171 Y203.501 E1897.56595
G1 X130.193 Y203.13 E1897.60074
M204 S3000
M205 X10 Y10
G0 F6000 X133.728 Y203.308
M204 S1800
M205 X8 Y8
G1 F1200 X133.854 Y203.433 E1897.60665
M204 S3000
M205 X10 Y10
G0 F6000 X133.354 Y203.499
M204 S1800
M205 X8 Y8
G1 F1200 X133.854 Y203.999 E1897.63017
M204 S3000
M205 X10 Y10
G0 F6000 X133.854 Y204.565
M204 S1800
M205 X8 Y8
G1 F1200 X132.931 Y203.641 E1897.6736
M204 S3000
M205 X10 Y10
G0 F6000 X132.434 Y203.711
M204 S1800
M205 X8 Y8
G1 F1200 X133.854 Y205.13 E1897.74037
M204 S3000
M205 X10 Y10
G0 F6000 X133.854 Y205.696
M204 S1800
M205 X8 Y8
G1 F1200 X131.915 Y203.757 E1897.83158
M204 S3000
M205 X10 Y10
G0 F6000 X131.322 Y203.73
M204 S1800
M205 X8 Y8
G1 F1200 X133.819 Y206.226 E1897.94901
M204 S3000
M205 X10 Y10
G0 F6000 X133.255 Y206.229
M204 S1800
M205 X8 Y8
G1 F1200 X130.477 Y203.45 E1898.0797
G1 X130.407 Y203.38
M204 S3000
M205 X10 Y10
G0 F6000 X130.439 Y206.241
M204 S1800
M205 X8 Y8
G1 F1200 X125.532 Y201.334 E1898.31051
M204 S3000
M205 X10 Y10
G0 F6000 X126.107 Y201.343
M204 S1800
M205 X8 Y8
G1 F1200 X131.002 Y206.239 E1898.54078
M204 S3000
M205 X10 Y10
G0 F6000 X131.566 Y206.236
M204 S1800
M205 X8 Y8
G1 F1200 X126.683 Y201.353 E1898.77046
M204 S3000
M205 X10 Y10
G0 F6000 X127.258 Y201.362
M204 S1800
M205 X8 Y8
G1 F1200 X132.129 Y206.234 E1898.9996
M204 S3000
M205 X10 Y10
G0 F6000 X132.692 Y206.231
M204 S1800
M205 X8 Y8
G1 F1200 X127.833 Y201.372 E1899.22815
G1 X127.763 Y201.302
M204 S3000
M205 X10 Y10
G0 F6000 X124.942 Y201.309
M204 S1800
M205 X8 Y8
G1 F1200 X129.876 Y206.243 E1899.46023
M204 S3000
M205 X10 Y10
G0 F6000 X129.313 Y206.246
M204 S1800
M205 X8 Y8
G1 F1200 X124.349 Y201.282 E1899.69372
M204 S3000
M205 X10 Y10
G0 F6000 X123.747 Y201.246
M204 S1800
M205 X8 Y8
G1 F1200 X128.75 Y206.248 E1899.92903
M204 S3000
M205 X10 Y10
G0 F6000 X128.187 Y206.251
M204 S1800
M205 X8 Y8
G1 F1200 X123.137 Y201.202 E1900.16654
M204 S3000
M205 X10 Y10
G0 F6000 X122.527 Y201.157
M204 S1800
M205 X8 Y8
G1 F1200 X127.623 Y206.253 E1900.40624
M204 S3000
M205 X10 Y10
G0 F6000 X127.06 Y206.256
M204 S1800
M205 X8 Y8
G1 F1200 X121.917 Y201.113 E1900.64815
M204 S3000
M205 X10 Y10
G0 F6000 X121.307 Y201.069
M204 S1800
M205 X8 Y8
G1 F1200 X126.497 Y206.258 E1900.89225
M204 S3000
M205 X10 Y10
G0 F6000 X125.934 Y206.261
M204 S1800
M205 X8 Y8
G1 F1200 X120.697 Y201.024 E1901.13858
M204 S3000
M205 X10 Y10
G0 F6000 X120.087 Y200.98
M204 S1800
M205 X8 Y8
G1 F1200 X125.371 Y206.264 E1901.38712
M204 S3000
M205 X10 Y10
G0 F6000 X124.807 Y206.266
M204 S1800
M205 X8 Y8
G1 F1200 X119.617 Y201.076 E1901.63125
M204 S3000
M205 X10 Y10
G0 F6000 X119.551 Y201.576
M204 S1800
M205 X8 Y8
G1 F1200 X124.245 Y206.269 E1901.85201
M204 S3000
M205 X10 Y10
G0 F6000 X123.681 Y206.271
M204 S1800
M205 X8 Y8
G1 F1200 X119.52 Y202.11 E1902.04773
M204 S3000
M205 X10 Y10
G0 F6000 X119.483 Y202.639
M204 S1800
M205 X8 Y8
G1 F1200 X123.118 Y206.274 E1902.21871
M204 S3000
M205 X10 Y10
G0 F6000 X122.555 Y206.276
M204 S1800
M205 X8 Y8
G1 F1200 X119.425 Y203.146 E1902.36594
M204 S3000
M205 X10 Y10
G0 F6000 X119.367 Y203.654
M204 S1800
M205 X8 Y8
G1 F1200 X121.992 Y206.279 E1902.48941
M204 S3000
M205 X10 Y10
G0 F6000 X121.428 Y206.281
M204 S1800
M205 X8 Y8
G1 F1200 X119.298 Y204.151 E1902.5896
M204 S3000
M205 X10 Y10
G0 F6000 X119.218 Y204.637
M204 S1800
M205 X8 Y8
G1 F1200 X120.865 Y206.284 E1902.66707
M204 S3000
M205 X10 Y10
G0 F6000 X120.302 Y206.286
M204 S1800
M205 X8 Y8
G1 F1200 X119.139 Y205.123 E1902.72177
M204 S3000
M205 X10 Y10
G0 F6000 X119.059 Y205.608
M204 S1800
M205 X8 Y8
G1 F1200 X119.739 Y206.289 E1902.75378
M204 S3000
M205 X10 Y10
G0 F6000 X119.196 Y206.312
M204 S1800
M205 X8 Y8
G1 F1200 X118.967 Y206.082 E1902.76458
M204 S3000
M205 X10 Y10
;MESH:NONMESH
G0 F600 X118.967 Y206.082 Z2
G0 F6000 X99.87 Y178.829
G0 X99.511 Y177.632
G0 X99.924 Y177.532
;TIME_ELAPSED:2392.807911
;LAYER:9
M204 S1800
M205 X8 Y8
;TYPE:WALL-OUTER
;MESH:14_4_2.stl
G1 F3000 X99.924 Y177.435 E1902.7678
G1 X100.195 Y176.341 E1902.80529
G1 X100.234 Y176.275 E1902.80784
G1 X100.978 Y175.437 E1902.84511
G1 X101.103 Y175.371 E1902.84981
G1 X102.085 Y174.999 E1902.88474
G1 X103.279 Y175.119 E1902.92465
G1 X103.369 Y175.153 E1902.92785
G1 X104.299 Y175.797 E1902.96548
G1 X104.797 Y176.716 E1903.00024
G1 X104.881 Y176.928 E1903.00783
G1 X104.882 Y178.039 E1903.04478
G1 X104.859 Y178.133 E1903.048
G1 X104.339 Y179.121 E1903.08513
G1 X103.369 Y179.813 E1903.12476
G1 X102.787 Y179.905 E1903.14436
G1 X102.165 Y179.979 E1903.16519
G1 X101.316 Y179.676 E1903.19518
G1 X100.971 Y179.52 E1903.20777
G1 X100.222 Y178.675 E1903.24532
G1 X100.041 Y178.003 E1903.26847
G1 X99.924 Y177.532 E1903.28461
M204 S3000
M205 X10 Y10
G0 F6000 X99.924 Y177.435
G0 X99.948 Y177.336
G0 X99.455 Y177.215
G0 X99.794 Y178.869
G0 X100.742 Y179.937
G0 X119.087 Y193.425
G0 X119.555 Y192.983
M204 S1800
M205 X8 Y8
G1 F3000 X119.411 Y192.899 E1903.29016
G1 X119.174 Y192.092 E1903.31813
G1 X118.726 Y190.487 E1903.37356
G1 X118.222 Y189.224 E1903.41878
G1 X117.586 Y187.528 E1903.47903
G1 X117.055 Y186.408 E1903.52026
G1 X116.066 Y184.541 E1903.59053
G1 X115.413 Y183.487 E1903.63177
G1 X114.225 Y181.736 E1903.70214
G1 X113.46 Y180.759 E1903.74341
G1 X112.092 Y179.147 E1903.81373
G1 X111.224 Y178.259 E1903.85504
G1 X109.69 Y176.806 E1903.92531
G1 X108.731 Y176.02 E1903.96655
G1 X107.046 Y174.739 E1904.03695
G1 X105.991 Y174.055 E1904.07877
G1 X104.195 Y172.974 E1904.14849
G1 X103.086 Y172.416 E1904.18978
G1 X101.168 Y171.527 E1904.2601
G1 X99.952 Y171.076 E1904.30323
G1 X98.001 Y170.421 E1904.37168
G1 X96.798 Y170.118 E1904.41294
G1 X94.735 Y169.662 E1904.48322
G1 X93.505 Y169.495 E1904.5245
G1 X91.403 Y169.265 E1904.59483
G1 X90.163 Y169.233 E1904.63609
G1 X88.049 Y169.234 E1904.7064
G1 X86.813 Y169.339 E1904.74766
G1 X84.71 Y169.567 E1904.81801
G1 X83.492 Y169.807 E1904.8593
G1 X81.426 Y170.263 E1904.92967
G1 X80.246 Y170.633 E1904.9708
G1 X78.724 Y171.146 E1905.02422
G1 X78.243 Y171.309 E1905.04111
G1 X77.107 Y171.808 E1905.08238
G1 X75.187 Y172.697 E1905.15276
G1 X74.114 Y173.316 E1905.19396
G1 X72.303 Y174.408 E1905.26429
G1 X71.303 Y175.144 E1905.30559
G1 X69.619 Y176.425 E1905.37596
G1 X68.649 Y177.32 E1905.41986
G1 X67.172 Y178.719 E1905.48753
G1 X66.311 Y179.709 E1905.53116
G1 X64.986 Y181.267 E1905.59919
G1 X64.258 Y182.323 E1905.64185
G1 X63.095 Y184.037 E1905.71074
G1 X61.516 Y186.996 E1905.82229
G1 X60.259 Y190.124 E1905.93442
G1 X59.363 Y193.342 E1906.04552
G1 X58.817 Y196.653 E1906.15713
G1 X58.636 Y200.002 E1906.26868
G1 X58.812 Y203.252 E1906.37694
G1 X58.846 Y203.524 E1906.38605
G1 X59.364 Y206.659 E1906.49174
G1 X60.263 Y209.877 E1906.60287
G1 X61.517 Y213.005 E1906.71495
G1 X63.096 Y215.965 E1906.82654
G1 X64.419 Y217.912 E1906.90483
G1 X64.988 Y218.735 E1906.93811
G1 X66.401 Y220.397 E1907.01066
G1 X67.171 Y221.282 E1907.04968
G1 X68.766 Y222.791 E1907.12271
G1 X69.624 Y223.582 E1907.16152
G1 X71.304 Y224.857 E1907.23167
G1 X72.303 Y225.592 E1907.27292
G1 X74.114 Y226.683 E1907.34324
G1 X75.189 Y227.305 E1907.38455
G1 X77.108 Y228.193 E1907.45488
G1 X78.242 Y228.693 E1907.4961
G1 X80.243 Y229.366 E1907.56631
G1 X81.428 Y229.738 E1907.60762
G1 X83.363 Y230.165 E1907.67353
G1 X84.223 Y230.337 E1907.7027
G1 X85.202 Y230.487 E1907.73564
G1 X86.814 Y230.662 E1907.78957
G1 X88.048 Y230.766 E1907.83076
G1 X90.163 Y230.765 E1907.90111
G1 X91.02 Y230.745 E1907.92962
G1 X91.782 Y230.693 E1907.95502
G1 X93.505 Y230.504 E1908.01267
G1 X94.734 Y230.337 E1908.05393
G1 X96.802 Y229.881 E1908.12436
G1 X98.001 Y229.58 E1908.16548
G1 X100.005 Y228.905 E1908.23581
G1 X101.169 Y228.472 E1908.27712
G1 X103.108 Y227.574 E1908.34819
G1 X104.195 Y227.027 E1908.38866
G1 X106.024 Y225.924 E1908.4597
G1 X107.046 Y225.26 E1908.50024
G1 X108.765 Y223.952 E1908.57208
G1 X109.69 Y223.194 E1908.61185
G1 X111.226 Y221.739 E1908.68222
G1 X112.094 Y220.854 E1908.72345
G1 X113.463 Y219.24 E1908.79385
G1 X114.226 Y218.265 E1908.83502
G1 X115.415 Y216.514 E1908.90542
G1 X115.883 Y215.754 E1908.93511
G1 X116.226 Y215.156 E1908.95804
G1 X117.057 Y213.59 E1909.017
G1 X117.587 Y212.474 E1909.05809
G1 X118.047 Y211.274 E1909.10084
G1 X118.627 Y209.817 E1909.15299
G1 X119.15 Y208.061 E1909.21393
G1 X119.348 Y207.262 E1909.24131
G1 X119.43 Y207.024 E1909.24969
G1 X119.575 Y206.965 E1909.25489
G1 X135.235 Y207.053 E1909.77575
G1 X135.235 Y192.947 E1910.24492
G1 X119.555 Y192.983 E1910.76644
M204 S3000
M205 X10 Y10
G0 F6000 X119.411 Y192.899
G0 X119.402 Y192.867
G0 X118.899 Y193.006
G0 X128.929 Y200.168
G0 X129.424 Y200.048
M204 S1800
M205 X8 Y8
G1 F3000 X129.424 Y199.952 E1910.76963
G1 X129.689 Y198.877 E1910.80646
G1 X129.734 Y198.792 E1910.80966
G1 X130.471 Y197.963 E1910.84655
G1 X130.55 Y197.909 E1910.84973
G1 X131.584 Y197.516 E1910.88653
G1 X132.616 Y197.617 E1910.92101
G1 X132.87 Y197.671 E1910.92965
G1 X133.782 Y198.299 E1910.96648
G1 X133.846 Y198.371 E1910.96968
G1 F3007.5 X134.358 Y199.351 E1911.00637
G1 X134.381 Y199.443 E1911.00951
G1 F3000 X134.383 Y200.557 E1911.04657
G1 F3007.5 X134.358 Y200.65 E1911.04976
G1 X133.844 Y201.628 E1911.08642
G1 F3000 X133.782 Y201.699 E1911.08955
G1 X132.871 Y202.331 E1911.12643
G1 X131.68 Y202.495 E1911.16642
G1 X131.584 Y202.483 E1911.16963
G1 X130.549 Y202.09 E1911.20646
G1 X130.471 Y202.036 E1911.20961
G1 X129.734 Y201.208 E1911.24648
G1 X129.689 Y201.123 E1911.24968
G1 X129.424 Y200.048 E1911.2865
M204 S3000
M205 X10 Y10
G0 F6000 X129.424 Y199.952
G0 X129.448 Y199.852
G0 X128.955 Y199.731
G0 X119.052 Y206.521
G0 X100.741 Y220.062
G0 X99.794 Y221.131
G0 X99.43 Y222.687
G0 X99.924 Y222.566
M204 S1800
M205 X8 Y8
G1 F3000 X100.04 Y221.998 E1911.30579
G1 X100.193 Y221.383 E1911.32686
G1 X100.97 Y220.479 E1911.36651
G1 X102.085 Y220.033 E1911.40645
G1 X102.787 Y220.094 E1911.42989
G1 X103.3 Y220.157 E1911.44708
G1 X103.949 Y220.588 E1911.47299
G1 X104.344 Y220.889 E1911.48951
G1 X104.859 Y221.866 E1911.52624
G1 X104.881 Y223.073 E1911.56639
G1 X104.345 Y224.145 E1911.60626
G1 X104.281 Y224.216 E1911.60944
G1 X103.359 Y224.854 E1911.64673
G1 X102.334 Y224.993 E1911.68113
G1 X102.084 Y225 E1911.68945
G1 X101.049 Y224.608 E1911.72626
G1 X100.971 Y224.553 E1911.72944
G1 X100.235 Y223.724 E1911.76631
G1 X100.19 Y223.64 E1911.76948
G1 X99.924 Y222.566 E1911.80628
M204 S3000
M205 X10 Y10
G0 F6000 X99.964 Y222.37
G0 X99.456 Y222.245
G0 X83.06 Y205.083
G0 X82.088 Y203.537
G0 X81.548 Y201.986
G0 X81.23 Y200.081
G0 X81.736 Y200.025
M204 S1800
M205 X8 Y8
G1 F3000 X81.829 Y199.145 E1911.83571
G1 X81.927 Y198.288 E1911.8644
G1 X82.491 Y196.67 E1911.92139
G1 X82.928 Y195.969 E1911.94886
G1 X83.408 Y195.206 E1911.97885
G1 X83.704 Y194.906 E1911.99286
G1 X84.627 Y193.984 E1912.03625
G1 X84.87 Y193.828 E1912.04586
G1 X86.084 Y193.067 E1912.09351
G1 X86.239 Y193.011 E1912.099
G1 X87.723 Y192.492 E1912.15129
G1 X89.436 Y192.3 E1912.20862
G1 X90.292 Y192.395 E1912.23726
G1 X91.145 Y192.492 E1912.26582
G1 X92.058 Y192.81 E1912.29797
G1 X92.775 Y193.062 E1912.32325
G1 X94.217 Y193.965 E1912.37984
G1 X94.847 Y194.588 E1912.40931
G1 X95.453 Y195.197 E1912.43788
G1 X95.733 Y195.638 E1912.45526
G1 X96.37 Y196.654 E1912.49514
G1 X96.604 Y197.315 E1912.51846
G1 X96.944 Y198.293 E1912.5529
G1 X97.136 Y199.997 E1912.60994
G1 X96.946 Y201.696 E1912.6668
G1 X96.774 Y202.199 E1912.68448
G1 X96.373 Y203.34 E1912.7247
G1 X96.363 Y203.359 E1912.72542
G1 X95.463 Y204.791 E1912.78167
G1 X94.848 Y205.411 E1912.81072
G1 X94.243 Y206.015 E1912.83915
G1 X93.806 Y206.293 E1912.85638
G1 X92.775 Y206.938 E1912.89683
G1 X91.166 Y207.503 E1912.95354
G1 X90.292 Y207.605 E1912.98281
G1 X89.447 Y207.7 E1913.01109
G1 X89.219 Y207.678 E1913.01871
G1 X87.723 Y207.508 E1913.06879
G1 X86.114 Y206.946 E1913.12548
G1 X86.074 Y206.927 E1913.12695
G1 X84.647 Y206.032 E1913.18297
G1 X84.617 Y206.007 E1913.18427
G1 X83.416 Y204.804 E1913.24081
G1 X82.929 Y204.033 E1913.27114
G1 X82.496 Y203.341 E1913.29829
G1 X81.929 Y201.722 E1913.35535
G1 X81.83 Y200.857 E1913.3843
G1 X81.736 Y200.025 E1913.41215
M204 S3000
M205 X10 Y10
G0 F6000 X81.757 Y199.826
G0 X81.247 Y199.768
G0 X64.493 Y202.79
G0 X63.075 Y202.96
G0 X61.742 Y202.453
G0 X60.794 Y201.386
G0 X60.43 Y200.17
G0 X60.924 Y200.049
M204 S1800
M205 X8 Y8
G1 F3000 X60.924 Y199.951 E1913.41541
G1 X61.19 Y198.877 E1913.45221
G1 X61.235 Y198.793 E1913.45538
G1 X61.97 Y197.963 E1913.49226
G1 X62.049 Y197.908 E1913.49546
G1 X63.085 Y197.516 E1913.5323
G1 X63.18 Y197.505 E1913.53548
G1 X64.279 Y197.636 E1913.57229
G1 X64.429 Y197.712 E1913.57789
G1 X65.291 Y198.308 E1913.61274
G1 X65.345 Y198.372 E1913.61553
G1 X65.864 Y199.362 E1913.6527
G1 X65.881 Y200.002 E1913.674
G1 X65.881 Y200.569 E1913.69286
G1 X65.859 Y200.65 E1913.69565
G1 X65.34 Y201.636 E1913.73271
G1 X65.282 Y201.699 E1913.73556
G1 X64.353 Y202.342 E1913.77313
G1 X64.28 Y202.365 E1913.77568
G1 X63.18 Y202.495 E1913.81252
G1 X63.085 Y202.484 E1913.8157
G1 X62.049 Y202.09 E1913.85257
G1 X61.917 Y201.975 E1913.85839
G1 X61.235 Y201.207 E1913.89255
G1 X61.19 Y201.123 E1913.89572
G1 X60.924 Y200.049 E1913.93252
M204 S3000
M205 X10 Y10
G0 F6000 X60.924 Y199.951
G0 X60.948 Y199.852
G0 X60.536 Y200.145
M204 S1800
M205 X8 Y8
;TYPE:WALL-INNER
G1 F3000 X60.536 Y199.855 E1913.94217
G1 X60.802 Y198.781 E1913.97897
G1 X60.935 Y198.527 E1913.9885
G1 X61.67 Y197.698 E1914.02535
G1 X61.907 Y197.534 E1914.03494
G1 X62.943 Y197.142 E1914.07178
G1 X63.228 Y197.108 E1914.08133
G1 X64.326 Y197.239 E1914.11811
G1 X64.597 Y197.341 E1914.12774
G1 X65.538 Y197.994 E1914.16583
G1 X65.699 Y198.186 E1914.17417
G1 X66.216 Y199.171 E1914.21117
G1 X66.282 Y199.444 E1914.22051
G1 X66.28 Y200.593 E1914.25872
G1 X66.213 Y200.836 E1914.26711
G1 X65.685 Y201.839 E1914.30481
G1 X65.51 Y202.027 E1914.31335
G1 X64.599 Y202.66 E1914.35025
G1 X64.327 Y202.762 E1914.35991
G1 X63.227 Y202.892 E1914.39675
G1 X62.943 Y202.858 E1914.40626
G1 X61.907 Y202.464 E1914.44313
G1 X61.618 Y202.241 E1914.45527
G1 X60.936 Y201.473 E1914.48943
G1 X60.802 Y201.219 E1914.49898
G1 X60.536 Y200.145 E1914.53578
M204 S3000
M205 X10 Y10
G0 F6000 X60.43 Y200.17
G0 X60.794 Y201.386
G0 X61.742 Y202.453
G0 X63.075 Y202.96
G0 X63.878 Y202.865
G0 X81.23 Y200.082
G0 X81.338 Y200.07
M204 S1800
M205 X8 Y8
G1 F3000 X81.431 Y199.101 E1914.56816
G1 X81.53 Y198.232 E1914.59725
G1 X81.593 Y198.027 E1914.60438
G1 X82.122 Y196.515 E1914.65766
G1 X82.589 Y195.756 E1914.6873
G1 X83.07 Y194.992 E1914.71733
G1 X83.421 Y194.623 E1914.73427
G1 X84.364 Y193.682 E1914.77858
G1 X84.658 Y193.489 E1914.79027
G1 X85.891 Y192.717 E1914.83866
G1 X86.107 Y192.633 E1914.84637
G1 X87.595 Y192.113 E1914.89879
G1 X87.702 Y192.091 E1914.90243
G1 X89.404 Y191.9 E1914.95939
G1 X90.337 Y191.997 E1914.99059
G1 X91.199 Y192.095 E1915.01944
G1 X92.19 Y192.432 E1915.05426
G1 X92.887 Y192.676 E1915.07882
G1 X93.597 Y193.105 E1915.10641
G1 X94.429 Y193.626 E1915.13906
G1 X95.13 Y194.306 E1915.17154
G1 X95.725 Y194.901 E1915.19953
G1 X96.072 Y195.425 E1915.22043
G1 X96.709 Y196.44 E1915.26029
G1 X96.901 Y196.953 E1915.27851
G1 X97.327 Y198.173 E1915.32149
G1 X97.438 Y199.098 E1915.35248
G1 X97.535 Y199.964 E1915.38146
G1 X97.439 Y200.899 E1915.41272
G1 X97.342 Y201.756 E1915.44141
G1 X97.152 Y202.331 E1915.46155
G1 X96.754 Y203.468 E1915.50161
G1 X96.702 Y203.572 E1915.50548
G1 X95.809 Y204.994 E1915.56133
G1 X95.131 Y205.693 E1915.59372
G1 X94.508 Y206.315 E1915.623
G1 X94.018 Y206.632 E1915.64241
G1 X93.007 Y207.266 E1915.6821
G1 X92.18 Y207.571 E1915.71142
G1 X91.29 Y207.883 E1915.74279
G1 X90.337 Y208.003 E1915.77473
G1 X89.469 Y208.1 E1915.80378
G1 X89.174 Y208.076 E1915.81363
G1 X87.699 Y207.909 E1915.863
G1 X87.499 Y207.855 E1915.86989
G1 X85.96 Y207.315 E1915.92414
G1 X85.862 Y207.266 E1915.92778
G1 X84.424 Y206.364 E1915.98424
G1 X84.334 Y206.29 E1915.98811
G1 X83.136 Y205.091 E1916.04449
G1 X82.59 Y204.246 E1916.07795
G1 X82.152 Y203.546 E1916.10541
G1 X81.959 Y203.019 E1916.12408
G1 X81.545 Y201.834 E1916.16583
G1 X81.432 Y200.901 E1916.19709
G1 X81.338 Y200.07 E1916.2249
M204 S3000
M205 X10 Y10
G0 F6000 X81.23 Y200.082
G0 X81.487 Y198.187
G0 X82.088 Y196.463
G0 X82.962 Y195.072
G0 X99.43 Y177.653
G0 X99.536 Y177.628
M204 S1800
M205 X8 Y8
G1 F3000 X99.536 Y177.339 E1916.23452
G1 X99.801 Y176.264 E1916.27134
G1 X99.935 Y176.009 E1916.28092
G1 X100.695 Y175.155 E1916.31895
G1 X100.961 Y174.997 E1916.32924
G1 X101.943 Y174.625 E1916.36416
G1 X102.377 Y174.608 E1916.37861
G1 X103.327 Y174.721 E1916.41043
G1 X103.597 Y174.824 E1916.42004
G1 X104.509 Y175.455 E1916.45692
G1 X104.699 Y175.669 E1916.46644
G1 X105.213 Y176.649 E1916.50325
G1 X105.281 Y176.928 E1916.5128
G1 X105.282 Y178.039 E1916.54975
G1 X105.213 Y178.319 E1916.55934
G1 X104.699 Y179.297 E1916.59609
G1 X104.509 Y179.511 E1916.60561
G1 X103.589 Y180.147 E1916.64281
G1 X103.327 Y180.244 E1916.6521
G1 X102.181 Y180.379 E1916.69048
G1 X101.943 Y180.341 E1916.6985
G1 X100.894 Y179.943 E1916.73581
G1 X100.672 Y179.786 E1916.74486
G1 X99.915 Y178.932 E1916.78281
G1 X99.802 Y178.703 E1916.79131
G1 X99.536 Y177.628 E1916.82814
M204 S3000
M205 X10 Y10
G0 F6000 X99.43 Y177.653
G0 X99.757 Y178.747
G0 X118.889 Y206.973
G0 X118.997 Y206.996
M204 S1800
M205 X8 Y8
G1 F3000 X119.146 Y206.742 E1916.83793
G1 X119.399 Y206.59 E1916.84775
G1 X119.577 Y206.565 E1916.85373
G1 X134.835 Y206.651 E1917.36122
G1 X134.835 Y201.971 E1917.51688
G1 F2948.4 X134.828 Y201.419 E1917.53556
G1 F2850.4 X134.821 Y200.867 E1917.55489
G1 F2702.7 X134.805 Y200.666 E1917.56233
G1 X134.725 Y200.844 E1917.56953
G1 F2850.4 X134.462 Y201.329 E1917.58885
G1 F2948.4 X134.198 Y201.814 E1917.60754
G1 F3000 X134.01 Y202.027 E1917.61699
G1 X133.099 Y202.66 E1917.65388
G1 X132.672 Y202.78 E1917.66863
G1 X131.727 Y202.892 E1917.70028
G1 X131.442 Y202.857 E1917.70984
G1 X130.407 Y202.464 E1917.74666
G1 X130.172 Y202.302 E1917.75615
G1 X129.435 Y201.474 E1917.79302
G1 X129.301 Y201.219 E1917.8026
G1 X129.036 Y200.144 E1917.83943
G1 X129.036 Y199.856 E1917.849
G1 X129.301 Y198.781 E1917.88583
G1 X129.435 Y198.526 E1917.89541
G1 X130.172 Y197.697 E1917.9323
G1 X130.408 Y197.535 E1917.94182
G1 X131.442 Y197.142 E1917.97862
G1 X131.728 Y197.108 E1917.9882
G1 X132.828 Y197.24 E1918.02504
G1 X133.097 Y197.341 E1918.0346
G1 X134.008 Y197.969 E1918.0714
G1 X134.2 Y198.185 E1918.08101
G1 F2977.7 X134.459 Y198.674 E1918.09956
G1 F2934 X134.718 Y199.163 E1918.11838
G1 F2771.4 X134.808 Y199.443 E1918.12897
G1 X134.829 Y199.136 E1918.14004
G1 F2934 X134.832 Y198.582 E1918.15889
G1 F2977.7 X134.835 Y198.028 E1918.17745
G1 F3000 X134.835 Y193.348 E1918.33311
G1 X119.577 Y193.383 E1918.84059
G1 X119.304 Y193.319 E1918.84992
G1 X119.084 Y193.13 E1918.85956
G1 X118.997 Y192.945 E1918.86636
G1 X118.346 Y190.615 E1918.94683
G1 X117.848 Y189.364 E1918.99161
G1 X117.218 Y187.684 E1919.05129
G1 X116.697 Y186.588 E1919.09165
G1 X115.719 Y184.74 E1919.16119
G1 X115.077 Y183.705 E1919.2017
G1 X113.901 Y181.972 E1919.27136
G1 X113.15 Y181.012 E1919.3119
G1 X111.796 Y179.417 E1919.38149
G1 X110.943 Y178.544 E1919.42208
G1 X109.426 Y177.106 E1919.4916
G1 X108.454 Y176.312 E1919.53335
G1 X106.816 Y175.067 E1919.60178
G1 X105.796 Y174.405 E1919.64222
G1 X104.001 Y173.324 E1919.71191
G1 X102.898 Y172.77 E1919.75297
G1 X101.014 Y171.897 E1919.82203
G1 X99.824 Y171.455 E1919.86425
G1 X97.889 Y170.805 E1919.93214
G1 X96.647 Y170.494 E1919.97473
G1 X94.665 Y170.056 E1920.04224
G1 X93.457 Y169.892 E1920.08279
G1 X91.376 Y169.665 E1920.15241
G1 X90.158 Y169.633 E1920.19294
G1 X88.066 Y169.634 E1920.26252
G1 X86.851 Y169.737 E1920.30307
G1 X84.77 Y169.963 E1920.3727
G1 X83.574 Y170.199 E1920.41324
G1 X81.529 Y170.65 E1920.48289
G1 X80.37 Y171.013 E1920.52329
G1 X78.387 Y171.683 E1920.59291
G1 X77.271 Y172.173 E1920.63344
G1 X75.371 Y173.053 E1920.70309
G1 X74.317 Y173.66 E1920.74354
G1 X72.525 Y174.741 E1920.81315
G1 X71.473 Y175.517 E1920.85663
G1 X69.876 Y176.732 E1920.92337
G1 X68.924 Y177.61 E1920.96644
G1 X67.461 Y178.996 E1921.03347
G1 X66.616 Y179.968 E1921.07631
G1 X65.304 Y181.511 E1921.14367
G1 X64.589 Y182.548 E1921.18557
G1 X63.438 Y184.244 E1921.25374
G1 X61.879 Y187.165 E1921.36387
G1 X60.639 Y190.252 E1921.47451
G1 X59.754 Y193.428 E1921.58417
G1 X59.215 Y196.697 E1921.69437
G1 X59.057 Y199.635 E1921.79223
G1 X59.036 Y200.002 E1921.80445
G1 X59.216 Y203.304 E1921.91444
G1 X59.755 Y206.573 E1922.02464
G1 X60.643 Y209.749 E1922.13432
G1 X61.88 Y212.836 E1922.24493
G1 X63.439 Y215.758 E1922.35509
G1 X64.641 Y217.529 E1922.42628
G1 X65.306 Y218.491 E1922.46517
G1 X66.703 Y220.135 E1922.53693
G1 X67.46 Y221.005 E1922.57528
G1 X68.98 Y222.445 E1922.64492
G1 X69.881 Y223.275 E1922.68567
G1 X71.544 Y224.537 E1922.7551
G1 X72.525 Y225.259 E1922.79562
G1 X74.318 Y226.339 E1922.86523
G1 X75.373 Y226.949 E1922.90577
G1 X77.273 Y227.829 E1922.97541
G1 X78.387 Y228.319 E1923.01589
G1 X80.367 Y228.986 E1923.08538
G1 X81.531 Y229.351 E1923.12595
G1 X83.576 Y229.803 E1923.19561
G1 X84.77 Y230.038 E1923.23609
G1 X86.852 Y230.264 E1923.30574
G1 X88.065 Y230.366 E1923.34623
G1 X90.158 Y230.365 E1923.41584
G1 X91.01 Y230.345 E1923.44419
G1 X91.738 Y230.295 E1923.46846
G1 X93.457 Y230.107 E1923.52597
G1 X94.415 Y229.978 E1923.55812
G1 X94.909 Y229.889 E1923.57482
G1 X96.71 Y229.491 E1923.63616
G1 X97.889 Y229.196 E1923.67659
G1 X99.871 Y228.528 E1923.74615
G1 X101.015 Y228.102 E1923.78675
G1 X102.915 Y227.223 E1923.85638
G1 X103.779 Y226.788 E1923.88856
G1 X104.335 Y226.475 E1923.90978
G1 X105.806 Y225.588 E1923.96691
G1 X106.816 Y224.932 E1924.00697
G1 X108.485 Y223.664 E1924.07668
G1 X109.426 Y222.894 E1924.11712
G1 X110.946 Y221.454 E1924.18676
G1 X111.798 Y220.584 E1924.22726
G1 X113.153 Y218.987 E1924.29692
G1 X113.902 Y218.029 E1924.33737
G1 X115.079 Y216.296 E1924.40704
G1 X115.718 Y215.261 E1924.4475
G1 X116.582 Y213.629 E1924.50892
G1 X116.862 Y213.065 E1924.52986
G1 X117.219 Y212.316 E1924.55746
G1 X117.672 Y211.134 E1924.59956
G1 X118.249 Y209.685 E1924.65144
G1 X118.734 Y208.055 E1924.708
G1 X118.886 Y207.515 E1924.72666
G1 X118.997 Y206.996 E1924.74431
M204 S3000
M205 X10 Y10
G1 F2400 E1918.74431
G1 F600 Z2.075
G0 F6000 X118.595 Y206.912 Z2.075
G0 X134.805 Y200.666
M204 S1800
M205 X8 Y8
G1 F600 Z2
G1 F2400 E1924.74431
G1 F2631.6 X134.809 Y200.557 E1924.74845
G1 F2649 X134.808 Y199.443 E1924.79041
M204 S3000
M205 X10 Y10
G1 F2400 E1918.79041
G1 F600 Z2.075
G0 F6000 X99.536 Y222.662 Z2.075
M204 S1800
M205 X8 Y8
G1 F600 Z2
G1 F2400 E1924.79041
G1 F3000 X99.536 Y222.372 E1924.80005
G1 X99.81 Y221.267 E1924.83792
G1 X99.935 Y221.044 E1924.84642
G1 X100.67 Y220.214 E1924.88329
G1 X100.908 Y220.05 E1924.89291
G1 X101.98 Y219.647 E1924.931
G1 X102.228 Y219.625 E1924.93928
G1 X103.327 Y219.756 E1924.97609
G1 X103.597 Y219.858 E1924.98569
G1 X104.509 Y220.489 E1925.02258
G1 X104.698 Y220.703 E1925.03207
G1 X105.213 Y221.68 E1925.06881
G1 X105.283 Y221.961 E1925.07844
G1 X105.281 Y223.073 E1925.11542
G1 X105.152 Y223.469 E1925.12928
G1 X104.699 Y224.331 E1925.16166
G1 X104.509 Y224.545 E1925.17118
G1 X103.566 Y225.198 E1925.20933
G1 X103.327 Y225.279 E1925.21773
G1 X102.227 Y225.409 E1925.25457
G1 X101.942 Y225.374 E1925.26412
G1 X100.907 Y224.982 E1925.30093
G1 X100.672 Y224.819 E1925.31044
G1 X99.936 Y223.99 E1925.34731
G1 X99.802 Y223.736 E1925.35686
G1 X99.536 Y222.662 E1925.39366
M204 S3000
M205 X10 Y10
G0 F6000 X99.148 Y222.758
M204 S1800
M205 X8 Y8
G1 F3000 X99.124 Y222.415 E1925.4051
G1 X99.264 Y221.806 E1925.42588
G1 X99.414 Y221.201 E1925.44661
G1 X99.57 Y220.862 E1925.45903
G1 X100.371 Y219.949 E1925.49942
G1 X100.611 Y219.75 E1925.50979
G1 X101.802 Y219.285 E1925.55232
G1 X102.111 Y219.221 E1925.56281
G1 X102.882 Y219.299 E1925.58859
G1 X103.48 Y219.377 E1925.60865
G1 X103.824 Y219.529 E1925.62115
G1 X104.737 Y220.16 E1925.65807
G1 X104.907 Y220.309 E1925.66559
G1 X105.052 Y220.516 E1925.67399
G1 X105.567 Y221.493 E1925.71072
G1 X105.631 Y221.642 E1925.71612
G1 X105.683 Y222.111 E1925.73181
G1 X105.681 Y223.073 E1925.76381
G1 X105.506 Y223.655 E1925.78402
G1 X105.054 Y224.517 E1925.8164
G1 F2444 X104.788 Y224.949 E1925.83711
G1 F2090.6 X104.328 Y225.257 E1925.86353
G1 F2158.3 X103.867 Y225.566 E1925.88919
G1 F2173.9 X103.646 Y225.69 E1925.90082
G1 F2321.1 X103.038 Y225.739 E1925.92704
G1 F2733.5 X102.429 Y225.789 E1925.94935
G1 F3000 X102.275 Y225.807 E1925.9545
G1 X101.8 Y225.748 E1925.97042
G1 X100.765 Y225.356 E1926.00723
G1 X100.373 Y225.085 E1926.02308
G1 X99.637 Y224.256 E1926.05996
G1 X99.442 Y223.926 E1926.0727
G1 X99.414 Y223.832 E1926.07597
G1 X99.148 Y222.758 E1926.11277
M204 S3000
M205 X10 Y10
G0 F6000 X99.794 Y221.131
G0 X100.646 Y220.169
G0 X118.696 Y206.684
M204 S1800
M205 X8 Y8
G1 F3000 X118.944 Y206.386 E1926.12566
G1 X119.284 Y206.207 E1926.13844
G1 X119.579 Y206.165 E1926.14835
G1 X128.226 Y206.214 E1926.43596
G1 X134.435 Y206.249 E1926.64247
G1 X134.435 Y202.132 E1926.7794
G1 X134.238 Y202.356 E1926.78933
G1 X133.327 Y202.988 E1926.8262
G1 X132.874 Y203.159 E1926.84231
G1 X131.774 Y203.29 E1926.87915
G1 X131.3 Y203.231 E1926.89504
G1 X130.265 Y202.838 E1926.93186
G1 X130.046 Y202.722 E1926.94011
G1 X129.873 Y202.568 E1926.94781
G1 X129.136 Y201.74 E1926.98468
G1 X128.958 Y201.454 E1926.99588
G1 X128.912 Y201.315 E1927.00075
G1 X128.648 Y200.24 E1927.03757
G1 X128.625 Y199.884 E1927.04943
G1 X128.647 Y199.76 E1927.05362
G1 X128.912 Y198.685 E1927.09045
G1 X129.031 Y198.402 E1927.10066
G1 X129.136 Y198.26 E1927.10653
G1 X129.873 Y197.431 E1927.14343
G1 X130.046 Y197.278 E1927.15111
G1 X130.266 Y197.161 E1927.15939
G1 X131.3 Y196.768 E1927.19619
G1 X131.653 Y196.704 E1927.20812
G1 X132.711 Y196.823 E1927.24353
G1 X132.876 Y196.843 E1927.24906
G1 X133.324 Y197.012 E1927.26498
G1 X134.235 Y197.64 E1927.30178
G1 X134.435 Y197.866 E1927.31182
G1 X134.435 Y193.749 E1927.44875
G1 X119.578 Y193.783 E1927.9429
G1 X119.201 Y193.711 E1927.95567
G1 X118.902 Y193.523 E1927.96741
G1 X118.699 Y193.267 E1927.97828
G1 X118.403 Y192.307 E1928.01169
G1 X117.967 Y190.743 E1928.0657
G1 X117.473 Y189.505 E1928.11003
G1 X116.849 Y187.84 E1928.16917
G1 X116.34 Y186.767 E1928.20867
G1 X115.372 Y184.94 E1928.27744
G1 X114.741 Y183.923 E1928.31724
G1 X113.578 Y182.208 E1928.38616
G1 X112.84 Y181.264 E1928.42602
G1 X111.5 Y179.686 E1928.49487
G1 X110.662 Y178.829 E1928.53474
G1 X109.161 Y177.406 E1928.60353
G1 X108.212 Y176.631 E1928.64428
G1 X106.586 Y175.394 E1928.71224
G1 X105.747 Y174.851 E1928.74548
G1 F2912.6 X105.572 Y174.75 E1928.7524
G1 F2366.9 X105.233 Y174.644 E1928.76737
G1 F2047.8 X105.104 Y174.561 E1928.77485
G1 F2090.6 X104.634 Y174.268 E1928.80128
G1 F2158.3 X104.163 Y173.975 E1928.82692
G1 F2343.8 X103.583 Y173.604 E1928.85624
G1 F2739.7 X102.73 Y173.132 E1928.89174
G1 F3000 X100.86 Y172.267 E1928.96027
G1 X99.725 Y171.844 E1929.00056
G1 X97.776 Y171.189 E1929.06894
G1 X96.614 Y170.897 E1929.10879
G1 X94.595 Y170.45 E1929.17757
G1 X93.408 Y170.289 E1929.21741
G1 X91.349 Y170.064 E1929.2863
G1 X90.153 Y170.033 E1929.32609
G1 X88.083 Y170.034 E1929.39494
G1 X86.89 Y170.135 E1929.43476
G1 X84.831 Y170.359 E1929.50365
G1 X83.656 Y170.591 E1929.54349
G1 X81.632 Y171.037 E1929.61242
G1 X80.494 Y171.393 E1929.65208
G1 X78.532 Y172.056 E1929.72096
G1 X77.436 Y172.537 E1929.76077
G1 X75.555 Y173.408 E1929.82971
G1 X74.521 Y174.005 E1929.86943
G1 X72.747 Y175.074 E1929.93831
G1 X71.715 Y175.835 E1929.98096
G1 X70.133 Y177.039 E1930.04708
G1 X69.199 Y177.9 E1930.08933
G1 X67.75 Y179.274 E1930.15575
G1 X66.921 Y180.227 E1930.19776
G1 X65.622 Y181.755 E1930.26447
G1 X64.92 Y182.772 E1930.30557
G1 X63.781 Y184.451 E1930.37305
G1 X62.242 Y187.335 E1930.48177
G1 X61.018 Y190.381 E1930.59096
G1 X60.146 Y193.515 E1930.69915
G1 X59.614 Y196.74 E1930.80787
G1 X59.516 Y198.552 E1930.86822
G1 F2746 X59.524 Y199.107 E1930.88839
G1 F2339.2 X59.532 Y199.662 E1930.91207
G1 F2197.8 X59.507 Y200.002 E1930.92755
G1 X59.531 Y200.339 E1930.94289
G1 F2339.2 X59.524 Y200.894 E1930.96656
G1 F2746 X59.516 Y201.449 E1930.98673
G1 F3000 X59.614 Y203.261 E1931.04709
G1 X60.147 Y206.486 E1931.1558
G1 X61.022 Y209.62 E1931.26403
G1 X62.244 Y212.667 E1931.37322
G1 X63.782 Y215.551 E1931.48193
G1 X65.077 Y217.457 E1931.55857
G1 X65.624 Y218.247 E1931.59053
G1 X67.005 Y219.872 E1931.66146
G1 X67.749 Y220.728 E1931.69918
G1 X69.253 Y222.153 E1931.76809
G1 X70.138 Y222.968 E1931.80811
G1 X71.783 Y224.216 E1931.87678
G1 X72.747 Y224.926 E1931.9166
G1 X74.603 Y226.042 E1931.98863
G1 X75.558 Y226.594 E1932.02532
G1 X77.437 Y227.464 E1932.09419
G1 X78.531 Y227.946 E1932.13395
G1 X80.491 Y228.605 E1932.20273
G1 X81.635 Y228.964 E1932.24261
G1 X83.658 Y229.411 E1932.31152
G1 X84.83 Y229.642 E1932.35125
G1 X86.762 Y229.851 E1932.41588
G1 X87.544 Y229.921 E1932.44199
G1 X88.081 Y229.966 E1932.45992
G1 X90.153 Y229.965 E1932.52883
G1 X91 Y229.945 E1932.55701
G1 X91.695 Y229.897 E1932.58018
G1 X93.408 Y229.71 E1932.6375
G1 X94.594 Y229.549 E1932.6773
G1 X96.618 Y229.102 E1932.74624
G1 X97.776 Y228.812 E1932.78595
G1 X99.763 Y228.141 E1932.8557
G1 X100.861 Y227.733 E1932.89466
G1 X102.749 Y226.858 E1932.96387
G1 F2926.8 X103.595 Y226.421 E1932.99634
G1 F2489.6 X104.091 Y226.071 E1933.02067
G1 F2197.8 X104.163 Y226.025 E1933.02455
G1 F2158.3 X104.633 Y225.732 E1933.05015
G1 F2090.6 X105.104 Y225.439 E1933.07663
G1 F2444 X105.582 Y225.256 E1933.09752
G1 F3000 X106.586 Y224.605 E1933.13732
G1 X108.258 Y223.332 E1933.20721
G1 X109.161 Y222.594 E1933.246
G1 X110.665 Y221.168 E1933.31494
G1 X111.502 Y220.314 E1933.35471
G1 X112.843 Y218.735 E1933.42361
G1 X113.579 Y217.793 E1933.46337
G1 X114.743 Y216.079 E1933.53228
G1 X115.37 Y215.062 E1933.57202
G1 X116.342 Y213.231 E1933.64097
G1 X116.851 Y212.158 E1933.68047
G1 X117.303 Y210.978 E1933.7225
G1 X117.871 Y209.554 E1933.77349
G1 X118.409 Y207.74 E1933.83642
G1 X118.565 Y207.098 E1933.85839
G1 X118.696 Y206.684 E1933.87283
M204 S3000
M205 X10 Y10
G0 F6000 X99.794 Y178.869
G0 X99.148 Y177.724
M204 S1800
M205 X8 Y8
G1 F3000 X99.123 Y177.389 E1933.88401
G1 X99.147 Y177.243 E1933.88893
G1 X99.412 Y176.168 E1933.92575
G1 X99.539 Y175.872 E1933.93647
G1 X99.636 Y175.744 E1933.94181
G1 X100.411 Y174.872 E1933.98061
G1 X100.82 Y174.622 E1933.99655
G1 X101.801 Y174.251 E1934.03144
G1 X102.275 Y174.193 E1934.04732
G1 F2864 X102.827 Y174.239 E1934.06662
G1 F2625.8 X103.379 Y174.286 E1934.08767
G1 F2294.5 X103.552 Y174.273 E1934.09522
G1 F2146.7 X103.867 Y174.434 E1934.11166
G1 F2158.3 X104.327 Y174.742 E1934.13725
G1 F2090.6 X104.788 Y175.051 E1934.16374
G1 F2047.8 X104.888 Y175.119 E1934.16963
G1 F2214 X105.196 Y175.731 E1934.20051
G1 F2684.6 X105.505 Y176.344 E1934.22602
G1 F3000 X105.567 Y176.463 E1934.23049
G1 X105.681 Y176.928 E1934.24641
G1 X105.682 Y178.039 E1934.28336
G1 X105.63 Y178.357 E1934.29408
G1 X105.567 Y178.505 E1934.29943
G1 X105.053 Y179.483 E1934.33618
G1 X104.822 Y179.774 E1934.34854
G1 X104.405 Y180.069 E1934.36552
G1 X103.812 Y180.48 E1934.38952
G1 X103.48 Y180.623 E1934.40155
G1 X102.882 Y180.7 E1934.4216
G1 X102.275 Y180.773 E1934.44193
G1 X101.922 Y180.752 E1934.45369
G1 X101.032 Y180.424 E1934.48524
G1 X100.612 Y180.249 E1934.50038
G1 X100.373 Y180.051 E1934.5107
G1 X99.602 Y179.181 E1934.54936
G1 X99.428 Y178.849 E1934.56183
G1 X99.148 Y177.724 E1934.60039
M204 S3000
M205 X10 Y10
G0 F6000 X83.06 Y194.917
G0 X82.088 Y196.463
G0 X81.748 Y197.439
G0 X80.941 Y200.114
M204 S1800
M205 X8 Y8
G1 F3000 X81.034 Y199.056 E1934.63571
G1 X81.136 Y198.164 E1934.66558
G1 X81.215 Y197.895 E1934.6749
G1 X81.731 Y196.418 E1934.72694
G1 X82.251 Y195.544 E1934.76076
G1 X82.745 Y194.757 E1934.79167
G1 X83.138 Y194.341 E1934.8107
G1 X84.081 Y193.399 E1934.85503
G1 X84.445 Y193.15 E1934.8697
G1 X85.681 Y192.376 E1934.91821
G1 X85.975 Y192.256 E1934.92877
G1 X87.48 Y191.729 E1934.98181
G1 X87.658 Y191.694 E1934.98784
G1 X89.384 Y191.501 E1935.0456
G1 X90.381 Y191.6 E1935.07893
G1 X91.263 Y191.7 E1935.10845
G1 X92.322 Y192.055 E1935.1456
G1 X93.019 Y192.299 E1935.17016
G1 X93.81 Y192.766 E1935.20071
G1 X94.642 Y193.287 E1935.23336
G1 X95.412 Y194.023 E1935.26879
G1 X96.008 Y194.619 E1935.29682
G1 X96.411 Y195.213 E1935.3207
G1 X97.063 Y196.254 E1935.36155
G1 X97.279 Y196.821 E1935.38173
G1 X97.712 Y198.066 E1935.42558
G1 X97.835 Y199.054 E1935.45869
G1 X97.934 Y199.941 E1935.48838
G1 X97.836 Y200.944 E1935.52189
G1 X97.737 Y201.815 E1935.55105
G1 X97.529 Y202.463 E1935.57369
G1 X97.127 Y203.611 E1935.61414
G1 X97.04 Y203.784 E1935.62058
G1 X96.114 Y205.257 E1935.67845
G1 X95.414 Y205.976 E1935.71183
G1 X94.773 Y206.615 E1935.74193
G1 X94.23 Y206.97 E1935.76351
G1 X93.22 Y207.605 E1935.80319
G1 X92.312 Y207.949 E1935.83548
G1 X91.415 Y208.263 E1935.86709
G1 X90.381 Y208.4 E1935.90178
G1 X89.491 Y208.499 E1935.93157
G1 X89.129 Y208.473 E1935.94364
G1 X87.603 Y208.299 E1935.99472
G1 X87.367 Y208.232 E1936.00288
G1 X85.812 Y207.687 E1936.05769
G1 X85.649 Y207.605 E1936.06376
G1 X84.201 Y206.696 E1936.12062
G1 X84.051 Y206.572 E1936.12709
G1 X82.848 Y205.368 E1936.1837
G1 X82.252 Y204.458 E1936.21988
G1 X81.803 Y203.741 E1936.24802
G1 X81.581 Y203.151 E1936.26899
G1 X81.177 Y201.996 E1936.30968
G1 X81.035 Y200.946 E1936.34493
G1 X80.941 Y200.114 E1936.37277
M204 S3000
M205 X10 Y10
G0 F6000 X64.493 Y202.79
G0 X63.075 Y202.96
G0 X61.742 Y202.453
G0 X60.975 Y201.589
G0 X60.075 Y200.259
M204 S1800
M205 X8 Y8
G1 F2201.8 X60.049 Y199.942 E1936.38719
G1 X60.075 Y199.741 E1936.39637
G1 F2339.2 X60.244 Y199.213 E1936.42002
G1 F2746 X60.413 Y198.685 E1936.44016
G1 F3000 X60.636 Y198.262 E1936.45607
G1 X61.371 Y197.433 E1936.49292
G1 X61.766 Y197.16 E1936.50889
G1 X62.802 Y196.768 E1936.54573
G1 X63.039 Y196.71 E1936.55385
G1 X63.275 Y196.71 E1936.5617
G1 X64.374 Y196.841 E1936.59851
G1 X64.738 Y196.958 E1936.61122
G1 X64.885 Y197.054 E1936.61706
G1 X65.786 Y197.679 E1936.65353
G1 X66.03 Y197.958 E1936.66586
G1 X66.573 Y198.99 E1936.70465
G1 X66.671 Y199.299 E1936.71543
G1 X66.681 Y200.002 E1936.73881
G1 X66.68 Y200.618 E1936.7593
G1 X66.596 Y200.962 E1936.77108
G1 X66.567 Y201.022 E1936.7733
G1 X66.03 Y202.042 E1936.81164
G1 X65.786 Y202.32 E1936.82394
G1 X65.738 Y202.356 E1936.82593
G1 X64.827 Y202.988 E1936.86281
G1 X64.512 Y203.133 E1936.87435
G1 X64.374 Y203.16 E1936.87902
G1 X63.274 Y203.29 E1936.91586
G1 X63.039 Y203.29 E1936.92368
G1 X62.801 Y203.232 E1936.93183
G1 X61.765 Y202.838 E1936.96869
G1 X61.318 Y202.506 E1936.98721
G1 X60.637 Y201.738 E1937.02135
G1 X60.413 Y201.315 E1937.03727
G1 F2746 X60.244 Y200.787 E1937.05742
G1 F2339.2 X60.075 Y200.259 E1937.08106
M204 S3000
M205 X10 Y10
G0 F6000 X60.794 Y201.386
G0 X61.742 Y202.453
G0 X63.075 Y202.96
G0 X63.878 Y202.865
G0 X80.557 Y199.94
M204 S1800
M205 X8 Y8
;TYPE:SKIN
G1 F1200 X80.656 Y199.012 E1937.1121
G1 X80.774 Y198.029 E1937.14503
G1 X80.864 Y197.756 E1937.15459
G1 X81.224 Y196.72 E1937.19107
G1 X81.467 Y196.079 E1937.21387
G1 X81.93 Y195.339 E1937.24291
G1 X82.507 Y194.444 E1937.27832
G1 X82.871 Y194.076 E1937.29554
G1 X83.805 Y193.138 E1937.33957
G1 X84.271 Y192.815 E1937.35843
G1 X85.458 Y192.066 E1937.40511
G1 X85.855 Y191.896 E1937.41947
G1 X87.26 Y191.403 E1937.469
G1 X87.621 Y191.317 E1937.48134
G1 X89.092 Y191.15 E1937.53058
G1 X89.523 Y191.122 E1937.54494
G1 X91.272 Y191.318 E1937.60348
G1 X92.417 Y191.686 E1937.64348
G1 X93.294 Y192.001 E1937.67447
G1 X94.371 Y192.669 E1937.71663
G1 X95.003 Y193.082 E1937.74174
G1 X95.412 Y193.486 E1937.76086
G1 X96.287 Y194.361 E1937.80202
G1 X96.832 Y195.17 E1937.83446
G1 X97.368 Y196.023 E1937.86797
G1 X97.67 Y196.793 E1937.89548
G1 X97.906 Y197.49 E1937.91995
G1 X98.108 Y198.092 E1937.94107
G1 X98.214 Y199.013 E1937.97191
G1 X98.314 Y200.05 E1938.00656
G1 X98.252 Y200.644 E1938.02642
G1 X98.214 Y200.991 E1938.03803
G1 X98.085 Y202.017 E1938.07242
G1 X97.882 Y202.605 E1938.09311
G1 X97.539 Y203.586 E1938.12768
G1 X97.408 Y203.911 E1938.13933
G1 X96.73 Y204.994 E1938.18183
G1 X96.29 Y205.637 E1938.20774
G1 X95.079 Y206.849 E1938.26473
G1 X94.514 Y207.241 E1938.2876
G1 X93.402 Y207.938 E1938.33125
G1 X92.569 Y208.262 E1938.36098
G1 X91.536 Y208.623 E1938.39737
G1 X90.635 Y208.754 E1938.42766
G1 X89.572 Y208.873 E1938.46323
G1 X88.988 Y208.838 E1938.48269
G1 X87.455 Y208.661 E1938.53402
G1 X85.842 Y208.101 E1938.59081
G1 X85.373 Y207.878 E1938.60808
G1 X84.236 Y207.166 E1938.6527
G1 X83.729 Y206.786 E1938.67377
G1 X82.872 Y205.93 E1938.71406
G1 X82.469 Y205.509 E1938.73345
G1 X81.927 Y204.659 E1938.76698
G1 X81.406 Y203.797 E1938.80048
G1 X80.852 Y202.22 E1938.85607
G1 X80.76 Y201.888 E1938.86753
G1 X80.657 Y200.989 E1938.89762
G1 X80.557 Y199.94 E1938.93267
M204 S3000
M205 X10 Y10
G0 F6000 X82.088 Y203.537
G0 X83.06 Y205.083
G0 X84.351 Y206.375
G0 X85.897 Y207.346
G0 X87.621 Y207.948
G0 X89.253 Y208.133
G0 X118.467 Y206.341
M204 S1800
M205 X8 Y8
G1 F1200 X118.841 Y206.003 E1938.94944
G1 X119.236 Y205.83 E1938.96378
G1 X119.581 Y205.785 E1938.97535
G1 X134.055 Y205.866 E1939.45677
G1 X134.055 Y202.946 E1939.55389
G1 X133.548 Y203.299 E1939.57444
G1 X132.961 Y203.526 E1939.59537
G1 X132.761 Y203.555 E1939.60209
G1 X131.674 Y203.675 E1939.63846
G1 X131.162 Y203.585 E1939.65575
G1 X130.122 Y203.189 E1939.69277
G1 X129.81 Y203.02 E1939.70457
G1 X129.586 Y202.819 E1939.71458
G1 X128.84 Y201.98 E1939.75192
G1 X128.691 Y201.767 E1939.76056
G1 X128.541 Y201.404 E1939.77363
G1 X128.271 Y200.305 E1939.81127
G1 X128.246 Y200.117 E1939.81758
G1 X128.278 Y199.667 E1939.83258
G1 X128.547 Y198.582 E1939.86976
G1 X128.62 Y198.376 E1939.87703
G1 X128.854 Y198.006 E1939.89159
G1 X129.603 Y197.162 E1939.92912
G1 X129.849 Y196.953 E1939.93986
G1 X130.145 Y196.797 E1939.95099
G1 X131.183 Y196.408 E1939.98786
G1 X131.442 Y196.342 E1939.99675
G1 X131.821 Y196.333 E1940.00935
G1 X132.918 Y196.465 E1940.0461
G1 X133.503 Y196.678 E1940.06681
G1 X134.055 Y197.037 E1940.08871
G1 X134.055 Y194.129 E1940.18543
G1 X119.572 Y194.161 E1940.66714
G1 X119.117 Y194.079 E1940.68252
G1 X118.761 Y193.896 E1940.69583
G1 X118.456 Y193.591 E1940.71018
G1 X118.264 Y193.215 E1940.72422
G1 X117.605 Y190.865 E1940.80539
G1 X117.129 Y189.667 E1940.84827
G1 X116.498 Y187.99 E1940.90787
G1 X116 Y186.938 E1940.94658
G1 X115.042 Y185.13 E1941.01463
G1 X114.423 Y184.132 E1941.05369
G1 X113.27 Y182.433 E1941.12198
G1 X112.543 Y181.505 E1941.16119
G1 X111.218 Y179.943 E1941.22932
G1 X110.404 Y179.111 E1941.26803
G1 X108.964 Y177.741 E1941.33414
G1 X108.018 Y176.962 E1941.3749
G1 X106.351 Y175.697 E1941.4445
G1 X105.41 Y175.114 E1941.48132
G1 X105.335 Y175.106 E1941.48383
G1 X105.403 Y175.33 E1941.49161
G1 X105.905 Y176.284 E1941.52747
G1 X106.056 Y176.878 E1941.54785
G1 X106.062 Y177.884 E1941.58131
G1 X105.999 Y178.442 E1941.59999
G1 X105.906 Y178.68 E1941.60849
G1 X105.381 Y179.677 E1941.64597
G1 X105.169 Y179.965 E1941.65786
G1 X104.64 Y180.366 E1941.67994
G1 X103.914 Y180.863 E1941.7092
G1 X103.534 Y181.001 E1941.72265
G1 X102.923 Y181.078 E1941.74313
G1 X102.112 Y181.158 E1941.77024
G1 X101.663 Y181.069 E1941.78546
G1 X100.443 Y180.588 E1941.82908
G1 X100.087 Y180.302 E1941.84427
G1 X99.257 Y179.355 E1941.88615
G1 X99.059 Y178.948 E1941.9012
G1 X98.896 Y178.283 E1941.92398
G1 X98.748 Y177.636 E1941.94605
G1 X98.772 Y177.179 E1941.96127
G1 X99.045 Y176.065 E1941.99942
G1 X99.275 Y175.614 E1942.01626
G1 X99.351 Y175.493 E1942.02101
G1 X100.103 Y174.646 E1942.05868
G1 X100.588 Y174.31 E1942.07831
G1 X100.722 Y174.253 E1942.08315
G1 X101.665 Y173.896 E1942.11669
G1 X102.273 Y173.816 E1942.13708
G1 X103.201 Y173.861 E1942.16799
G1 X102.562 Y173.475 E1942.19282
G1 X100.752 Y172.636 E1942.25917
G1 X99.599 Y172.204 E1942.30012
G1 X97.668 Y171.556 E1942.36787
G1 X96.576 Y171.281 E1942.40532
G1 X94.527 Y170.825 E1942.47514
G1 X93.373 Y170.672 E1942.51386
G1 X91.325 Y170.444 E1942.58239
G1 X90.267 Y170.417 E1942.61759
G1 X88.1 Y170.414 E1942.68967
G1 X87.055 Y170.502 E1942.72455
G1 X85.339 Y170.686 E1942.78195
G1 X84.446 Y170.822 E1942.81199
G1 X83.849 Y170.94 E1942.83223
G1 X81.729 Y171.406 E1942.90443
G1 X80.834 Y171.685 E1942.93561
G1 X80.503 Y171.794 E1942.9472
G1 X78.672 Y172.411 E1943.01146
G1 X77.692 Y172.841 E1943.04706
G1 X75.731 Y173.747 E1943.11891
G1 X74.715 Y174.334 E1943.15793
G1 X72.961 Y175.391 E1943.22605
G1 X72.017 Y176.087 E1943.26506
G1 X70.378 Y177.332 E1943.33351
G1 X69.737 Y177.922 E1943.36249
G1 X68.025 Y179.538 E1943.44079
G1 X67.398 Y180.257 E1943.47252
G1 X65.922 Y181.988 E1943.54818
G1 X65.224 Y183.009 E1943.58932
G1 X64.106 Y184.65 E1943.65536
G1 X62.588 Y187.497 E1943.76267
G1 X61.376 Y190.518 E1943.87094
G1 X60.517 Y193.599 E1943.97732
G1 X60 Y196.74 E1944.08319
G1 X59.898 Y198.562 E1944.14389
G1 X59.924 Y198.89 E1944.15483
G1 X60.323 Y198.049 E1944.18579
G1 X60.351 Y198.01 E1944.18739
G1 X61.088 Y197.179 E1944.22433
G1 X61.586 Y196.828 E1944.2446
G1 X61.629 Y196.805 E1944.24622
G1 X62.661 Y196.415 E1944.28291
G1 X63.016 Y196.331 E1944.29505
G1 X63.32 Y196.333 E1944.30516
G1 X64.43 Y196.466 E1944.34234
G1 X64.916 Y196.622 E1944.35932
G1 X65.951 Y197.329 E1944.40101
G1 X66.102 Y197.453 E1944.4075
G1 X66.396 Y197.835 E1944.42354
G1 X66.909 Y198.812 E1944.46024
G1 X67.057 Y199.348 E1944.47873
G1 X67.061 Y199.898 E1944.49703
G1 X67.059 Y200.644 E1944.52184
G1 X66.938 Y201.127 E1944.5384
G1 X66.385 Y202.185 E1944.57811
G1 X66.043 Y202.599 E1944.59597
G1 X66.011 Y202.628 E1944.5974
G1 X65.1 Y203.263 E1944.63434
G1 X64.753 Y203.452 E1944.64748
G1 X64.415 Y203.537 E1944.65907
G1 X63.318 Y203.667 E1944.69581
G1 X62.967 Y203.664 E1944.70749
G1 X62.659 Y203.587 E1944.71805
G1 X61.627 Y203.192 E1944.7548
G1 X61.124 Y202.852 E1944.77499
G1 X60.352 Y201.99 E1944.81348
G1 X60.058 Y201.448 E1944.83399
G1 X59.924 Y201.108 E1944.84614
G1 X59.9 Y201.491 E1944.85891
G1 X59.991 Y203.175 E1944.915
G1 X60.518 Y206.402 E1945.02375
G1 X61.38 Y209.483 E1945.13016
G1 X62.589 Y212.504 E1945.23839
G1 X64.107 Y215.352 E1945.34573
G1 X65.926 Y218.015 E1945.45299
G1 X67.249 Y219.57 E1945.5209
G1 X68.023 Y220.463 E1945.5602
G1 X69.368 Y221.739 E1945.62186
G1 X70.387 Y222.68 E1945.668
G1 X72.009 Y223.908 E1945.73566
G1 X72.959 Y224.607 E1945.77489
G1 X74.655 Y225.628 E1945.84073
G1 X75.729 Y226.253 E1945.88206
G1 X77.586 Y227.112 E1945.95012
G1 X78.67 Y227.592 E1945.98955
G1 X80.507 Y228.21 E1946.05401
G1 X81.746 Y228.602 E1946.09723
G1 X83.615 Y229.013 E1946.16088
G1 X84.277 Y229.143 E1946.18332
G1 X84.889 Y229.266 E1946.20408
G1 X86.801 Y229.473 E1946.26805
G1 X88.099 Y229.585 E1946.31138
G1 X90.035 Y229.586 E1946.37577
G1 X91.323 Y229.555 E1946.41862
G1 X93.28 Y229.342 E1946.4841
G1 X94.525 Y229.174 E1946.52588
G1 X96.523 Y228.731 E1946.59395
G1 X97.655 Y228.449 E1946.63275
G1 X99.436 Y227.852 E1946.69522
G1 X100.673 Y227.397 E1946.73906
G1 X102.571 Y226.521 E1946.80859
G1 X103.389 Y226.087 E1946.83939
G1 X102.466 Y226.17 E1946.87021
G1 X102.274 Y226.184 E1946.87661
G1 X101.709 Y226.114 E1946.89555
G1 X101.663 Y226.103 E1946.89712
G1 X100.68 Y225.729 E1946.9321
G1 X100.181 Y225.426 E1946.95152
G1 X100.071 Y225.316 E1946.9567
G1 X99.34 Y224.495 E1946.99326
G1 X99.207 Y224.305 E1947.00097
G1 X99.043 Y223.923 E1947.0148
G1 X98.774 Y222.834 E1947.05211
G1 X98.744 Y222.617 E1947.05939
G1 X98.763 Y222.247 E1947.07172
G1 X99.049 Y221.095 E1947.11119
G1 X99.211 Y220.724 E1947.12466
G1 X99.468 Y220.392 E1947.13862
G1 X100.169 Y219.609 E1947.17358
G1 X100.538 Y219.359 E1947.1884
G1 X101.756 Y218.898 E1947.23172
G1 X102.225 Y218.842 E1947.24743
G1 X102.967 Y218.926 E1947.27226
G1 X103.58 Y219.008 E1947.29283
G1 X103.956 Y219.164 E1947.30637
G1 X104.654 Y219.641 E1947.33449
G1 X105.092 Y219.959 E1947.35249
G1 X105.349 Y220.271 E1947.36594
G1 X105.909 Y221.329 E1947.40575
G1 X105.999 Y221.548 E1947.41363
G1 X106.063 Y222.133 E1947.4332
G1 X106.062 Y223.077 E1947.4646
G1 X105.921 Y223.67 E1947.48487
G1 X105.835 Y223.847 E1947.49142
G1 X105.31 Y224.824 E1947.52831
G1 X105.263 Y224.946 E1947.53266
G1 X105.417 Y224.91 E1947.53792
G1 X106.358 Y224.297 E1947.57527
G1 X107.997 Y223.053 E1947.64371
G1 X108.909 Y222.307 E1947.68289
G1 X110.349 Y220.942 E1947.74889
G1 X111.221 Y220.056 E1947.79023
G1 X112.469 Y218.588 E1947.85432
G1 X113.271 Y217.567 E1947.8975
G1 X114.425 Y215.872 E1947.9657
G1 X115.041 Y214.873 E1948.00474
G1 X116.002 Y213.06 E1948.07299
G1 X116.501 Y212.007 E1948.11174
G1 X116.956 Y210.827 E1948.15381
G1 X117.517 Y209.414 E1948.20437
G1 X118.128 Y207.328 E1948.27667
G1 X118.248 Y206.779 E1948.29536
G1 X118.467 Y206.341 E1948.31165
M204 S3000
M205 X10 Y10
G0 F6000 X133.747 Y205.664
M204 S1800
M205 X8 Y8
G1 F1200 X133.854 Y205.556 E1948.3167
M204 S3000
M205 X10 Y10
G0 F6000 X133.854 Y204.99
M204 S1800
M205 X8 Y8
G1 F1200 X133.184 Y205.66 E1948.34822
M204 S3000
M205 X10 Y10
G0 F6000 X132.622 Y205.657
M204 S1800
M205 X8 Y8
G1 F1200 X133.854 Y204.425 E1948.40617
M204 S3000
M205 X10 Y10
G0 F6000 X133.854 Y203.859
M204 S1800
M205 X8 Y8
G1 F1200 X132.059 Y205.654 E1948.4906
M204 S3000
M205 X10 Y10
G0 F6000 X131.496 Y205.652
M204 S1800
M205 X8 Y8
G1 F1200 X133.757 Y203.391 E1948.59695
G1 X133.827 Y203.321
M204 S3000
M205 X10 Y10
G0 F6000 X132.837 Y203.745
M204 S1800
M205 X8 Y8
G1 F1200 X130.934 Y205.648 E1948.68646
M204 S3000
M205 X10 Y10
G0 F6000 X130.371 Y205.645
M204 S1800
M205 X8 Y8
G1 F1200 X132.202 Y203.815 E1948.77256
M204 S3000
M205 X10 Y10
G0 F6000 X131.587 Y203.863
M204 S1800
M205 X8 Y8
G1 F1200 X129.808 Y205.642 E1948.85624
M204 S3000
M205 X10 Y10
G0 F6000 X129.246 Y205.639
M204 S1800
M205 X8 Y8
G1 F1200 X131.111 Y203.774 E1948.94396
M204 S3000
M205 X10 Y10
G0 F6000 X130.698 Y203.622
M204 S1800
M205 X8 Y8
G1 F1200 X128.683 Y205.636 E1949.03872
M204 S3000
M205 X10 Y10
G0 F6000 X128.12 Y205.633
M204 S1800
M205 X8 Y8
G1 F1200 X130.287 Y203.466 E1949.14065
M204 S3000
M205 X10 Y10
G0 F6000 X129.894 Y203.293
M204 S1800
M205 X8 Y8
G1 F1200 X127.557 Y205.63 E1949.25057
M204 S3000
M205 X10 Y10
G0 F6000 X126.995 Y205.627
M204 S1800
M205 X8 Y8
G1 F1200 X129.562 Y203.06 E1949.37132
M204 S3000
M205 X10 Y10
G0 F6000 X129.282 Y202.774
M204 S1800
M205 X8 Y8
G1 F1200 X126.432 Y205.624 E1949.50537
M204 S3000
M205 X10 Y10
G0 F6000 X125.869 Y205.621
M204 S1800
M205 X8 Y8
G1 F1200 X129.015 Y202.476 E1949.65333
M204 S3000
M205 X10 Y10
G0 F6000 X128.747 Y202.178
M204 S1800
M205 X8 Y8
G1 F1200 X125.307 Y205.618 E1949.81514
M204 S3000
M205 X10 Y10
G0 F6000 X124.744 Y205.615
M204 S1800
M205 X8 Y8
G1 F1200 X128.515 Y201.844 E1949.99251
M204 S3000
M205 X10 Y10
G0 F6000 X128.349 Y201.444
M204 S1800
M205 X8 Y8
G1 F1200 X124.182 Y205.612 E1950.18854
M204 S3000
M205 X10 Y10
G0 F6000 X123.619 Y205.609
M204 S1800
M205 X8 Y8
G1 F1200 X128.236 Y200.992 E1950.40571
M204 S3000
M205 X10 Y10
G0 F6000 X128.122 Y200.54
M204 S1800
M205 X8 Y8
G1 F1200 X123.057 Y205.606 E1950.64397
M204 S3000
M205 X10 Y10
G0 F6000 X122.494 Y205.603
M204 S1800
M205 X8 Y8
G1 F1200 X128.051 Y200.046 E1950.90536
M204 S3000
M205 X10 Y10
G0 F6000 X128.14 Y199.391
M204 S1800
M205 X8 Y8
G1 F1200 X121.931 Y205.6 E1951.19741
M204 S3000
M205 X10 Y10
G0 F6000 X121.368 Y205.597
M204 S1800
M205 X8 Y8
G1 F1200 X128.325 Y198.64 E1951.52465
G1 X128.395 Y198.57
M204 S3000
M205 X10 Y10
G0 F6000 X130.522 Y196.443
M204 S1800
M205 X8 Y8
G1 F1200 X132.634 Y194.331 E1951.62399
M204 S3000
M205 X10 Y10
G0 F6000 X133.201 Y194.33
M204 S1800
M205 X8 Y8
G1 F1200 X131.378 Y196.153 E1951.70974
M204 S3000
M205 X10 Y10
G0 F6000 X131.949 Y196.147
M204 S1800
M205 X8 Y8
G1 F1200 X133.768 Y194.329 E1951.79527
M204 S3000
M205 X10 Y10
G0 F6000 X133.854 Y194.808
M204 S1800
M205 X8 Y8
G1 F1200 X132.45 Y196.212 E1951.86131
M204 S3000
M205 X10 Y10
G0 F6000 X132.95 Y196.277
M204 S1800
M205 X8 Y8
G1 F1200 X133.854 Y195.374 E1951.90381
M204 S3000
M205 X10 Y10
G0 F6000 X133.854 Y195.939
M204 S1800
M205 X8 Y8
G1 F1200 X133.377 Y196.417 E1951.92627
M204 S3000
M205 X10 Y10
G0 F6000 X133.755 Y196.604
M204 S1800
M205 X8 Y8
G1 F1200 X133.854 Y196.505 E1951.93093
M204 S3000
M205 X10 Y10
G0 F6000 X132.067 Y194.332
M204 S1800
M205 X8 Y8
G1 F1200 X120.806 Y205.594 E1952.46063
M204 S3000
M205 X10 Y10
G0 F6000 X120.243 Y205.591
M204 S1800
M205 X8 Y8
G1 F1200 X131.5 Y194.334 E1952.99013
M204 S3000
M205 X10 Y10
G0 F6000 X130.933 Y194.335
M204 S1800
M205 X8 Y8
G1 F1200 X119.68 Y205.588 E1953.51943
M204 S3000
M205 X10 Y10
G0 F6000 X119.001 Y205.702
M204 S1800
M205 X8 Y8
G1 F1200 X130.366 Y194.336 E1954.05403
M204 S3000
M205 X10 Y10
G0 F6000 X129.8 Y194.337
M204 S1800
M205 X8 Y8
G1 F1200 X104.705 Y219.432 E1955.23443
M204 S3000
M205 X10 Y10
G0 F6000 X105.036 Y219.666
M204 S1800
M205 X8 Y8
G1 F1200 X118.123 Y206.579 E1955.85
G1 X118.193 Y206.509
M204 S3000
M205 X10 Y10
G0 F6000 X117.91 Y207.359
M204 S1800
M205 X8 Y8
G1 F1200 X105.327 Y219.942 E1956.44186
M204 S3000
M205 X10 Y10
G0 F6000 X105.571 Y220.263
M204 S1800
M205 X8 Y8
G1 F1200 X117.676 Y208.158 E1957.01125
G1 X117.746 Y208.088
M204 S3000
M205 X10 Y10
G0 F6000 X117.441 Y208.958
M204 S1800
M205 X8 Y8
G1 F1200 X105.768 Y220.632 E1957.56033
M204 S3000
M205 X10 Y10
G0 F6000 X105.964 Y221.001
M204 S1800
M205 X8 Y8
G1 F1200 X117.139 Y209.826 E1958.08597
G1 X117.209 Y209.756
M204 S3000
M205 X10 Y10
G0 F6000 X116.77 Y210.76
M204 S1800
M205 X8 Y8
G1 F1200 X106.145 Y221.385 E1958.58574
M204 S3000
M205 X10 Y10
G0 F6000 X106.234 Y221.863
M204 S1800
M205 X8 Y8
G1 F1200 X116.408 Y211.688 E1959.06431
G1 X116.478 Y211.618
M204 S3000
M205 X10 Y10
G0 F6000 X115.938 Y212.724
M204 S1800
M205 X8 Y8
G1 F1200 X106.26 Y222.402 E1959.51954
M204 S3000
M205 X10 Y10
G0 F6000 X106.252 Y222.976
M204 S1800
M205 X8 Y8
G1 F1200 X115.33 Y213.898 E1959.94654
G1 X115.4 Y213.828
M204 S3000
M205 X10 Y10
G0 F6000 X114.619 Y215.175
M204 S1800
M205 X8 Y8
G1 F1200 X106.116 Y223.678 E1960.34649
M204 S3000
M205 X10 Y10
G0 F6000 X106.196 Y224.163
M204 S1800
M205 X8 Y8
G1 F1200 X113.528 Y216.831 E1960.69137
G1 X113.598 Y216.761
M204 S3000
M205 X10 Y10
G0 F6000 X111.455 Y219.47
M204 S1800
M205 X8 Y8
G1 F1200 X108.755 Y222.17 E1960.81837
G1 X108.685 Y222.24
M204 S3000
M205 X10 Y10
G0 F6000 X104.367 Y219.204
M204 S1800
M205 X8 Y8
G1 F1200 X129.232 Y194.339 E1961.98794
M204 S3000
M205 X10 Y10
G0 F6000 X128.665 Y194.34
M204 S1800
M205 X8 Y8
G1 F1200 X104.03 Y218.976 E1963.14672
M204 S3000
M205 X10 Y10
G0 F6000 X103.621 Y218.819
M204 S1800
M205 X8 Y8
G1 F1200 X128.098 Y194.341 E1964.29807
M204 S3000
M205 X10 Y10
G0 F6000 X127.532 Y194.342
M204 S1800
M205 X8 Y8
G1 F1200 X103.129 Y218.745 E1965.44591
M204 S3000
M205 X10 Y10
G0 F6000 X102.623 Y218.686
M204 S1800
M205 X8 Y8
G1 F1200 X126.965 Y194.344 E1966.59088
M204 S3000
M205 X10 Y10
G0 F6000 X126.398 Y194.345
M204 S1800
M205 X8 Y8
G1 F1200 X102.087 Y218.656 E1967.7344
M204 S3000
M205 X10 Y10
G0 F6000 X101.333 Y218.844
M204 S1800
M205 X8 Y8
G1 F1200 X125.831 Y194.346 E1968.88671
M204 S3000
M205 X10 Y10
G0 F6000 X125.263 Y194.348
M204 S1800
M205 X8 Y8
G1 F1200 X100.408 Y219.203 E1970.05581
G1 X100.338 Y219.273
M204 S3000
M205 X10 Y10
G0 F6000 X99.207 Y220.404
M204 S1800
M205 X8 Y8
G1 F1200 X90.231 Y229.381 E1970.47804
M204 S3000
M205 X10 Y10
G0 F6000 X89.661 Y229.385
M204 S1800
M205 X8 Y8
G1 F1200 X124.697 Y194.349 E1972.12602
M204 S3000
M205 X10 Y10
G0 F6000 X124.13 Y194.35
M204 S1800
M205 X8 Y8
G1 F1200 X89.095 Y229.385 E1973.77396
M204 S3000
M205 X10 Y10
G0 F6000 X88.53 Y229.384
M204 S1800
M205 X8 Y8
G1 F1200 X123.563 Y194.351 E1975.42181
M204 S3000
M205 X10 Y10
G0 F6000 X122.996 Y194.353
M204 S1800
M205 X8 Y8
G1 F1200 X87.976 Y229.372 E1977.06902
M204 S3000
M205 X10 Y10
G0 F6000 X87.456 Y229.327
M204 S1800
M205 X8 Y8
G1 F1200 X122.429 Y194.354 E1978.71404
M204 S3000
M205 X10 Y10
G0 F6000 X121.862 Y194.355
M204 S1800
M205 X8 Y8
G1 F1200 X86.936 Y229.281 E1980.35685
M204 S3000
M205 X10 Y10
G0 F6000 X86.421 Y229.23
M204 S1800
M205 X8 Y8
G1 F1200 X121.295 Y194.356 E1981.99722
M204 S3000
M205 X10 Y10
G0 F6000 X120.728 Y194.358
M204 S1800
M205 X8 Y8
G1 F1200 X85.911 Y229.175 E1983.6349
M204 S3000
M205 X10 Y10
G0 F6000 X85.401 Y229.119
M204 S1800
M205 X8 Y8
G1 F1200 X120.161 Y194.359 E1985.26991
M204 S3000
M205 X10 Y10
G0 F6000 X119.595 Y194.36
M204 S1800
M205 X8 Y8
G1 F1200 X84.893 Y229.062 E1986.90218
M204 S3000
M205 X10 Y10
G0 F6000 X84.421 Y228.968
M204 S1800
M205 X8 Y8
G1 F1200 X119.11 Y194.279 E1988.53385
M204 S3000
M205 X10 Y10
G0 F6000 X118.719 Y194.104
M204 S1800
M205 X8 Y8
G1 F1200 X83.95 Y228.873 E1990.16927
M204 S3000
M205 X10 Y10
G0 F6000 X83.48 Y228.778
M204 S1800
M205 X8 Y8
G1 F1200 X118.419 Y193.838 E1991.81272
M204 S3000
M205 X10 Y10
G0 F6000 X118.19 Y193.501
M204 S1800
M205 X8 Y8
G1 F1200 X83.016 Y228.676 E1993.46722
M204 S3000
M205 X10 Y10
G0 F6000 X82.552 Y228.574
M204 S1800
M205 X8 Y8
G1 F1200 X118.026 Y193.1 E1995.13581
M204 S3000
M205 X10 Y10
G0 F6000 X117.901 Y192.659
M204 S1800
M205 X8 Y8
G1 F1200 X82.088 Y228.472 E1996.82034
M204 S3000
M205 X10 Y10
G0 F6000 X81.637 Y228.358
M204 S1800
M205 X8 Y8
G1 F1200 X117.777 Y192.217 E1998.52028
M204 S3000
M205 X10 Y10
G0 F6000 X117.653 Y191.776
M204 S1800
M205 X8 Y8
G1 F1200 X81.209 Y228.22 E2000.2345
M204 S3000
M205 X10 Y10
G0 F6000 X80.779 Y228.084
M204 S1800
M205 X8 Y8
G1 F1200 X117.528 Y191.335 E2001.96306
M204 S3000
M205 X10 Y10
G0 F6000 X117.401 Y190.896
M204 S1800
M205 X8 Y8
G1 F1200 X80.352 Y227.946 E2003.70575
M204 S3000
M205 X10 Y10
G0 F6000 X79.929 Y227.803
M204 S1800
M205 X8 Y8
G1 F1200 X117.241 Y190.491 E2005.46079
M204 S3000
M205 X10 Y10
G0 F6000 X117.08 Y190.086
M204 S1800
M205 X8 Y8
G1 F1200 X79.505 Y227.661 E2007.22821
M204 S3000
M205 X10 Y10
G0 F6000 X79.082 Y227.518
M204 S1800
M205 X8 Y8
G1 F1200 X116.922 Y189.678 E2009.00808
M204 S3000
M205 X10 Y10
G0 F6000 X116.768 Y189.267
M204 S1800
M205 X8 Y8
G1 F1200 X78.665 Y227.37 E2010.80033
M204 S3000
M205 X10 Y10
G0 F6000 X78.274 Y227.195
M204 S1800
M205 X8 Y8
G1 F1200 X116.612 Y188.857 E2012.60363
M204 S3000
M205 X10 Y10
G0 F6000 X116.457 Y188.446
M204 S1800
M205 X8 Y8
G1 F1200 X77.882 Y227.021 E2014.41808
M204 S3000
M205 X10 Y10
G0 F6000 X77.491 Y226.846
M204 S1800
M205 X8 Y8
G1 F1200 X116.299 Y188.038 E2016.24349
M204 S3000
M205 X10 Y10
G0 F6000 X116.118 Y187.654
M204 S1800
M205 X8 Y8
G1 F1200 X77.103 Y226.669 E2018.07864
M204 S3000
M205 X10 Y10
G0 F6000 X76.717 Y226.489
M204 S1800
M205 X8 Y8
G1 F1200 X115.936 Y187.27 E2019.92338
M204 S3000
M205 X10 Y10
G0 F6000 X115.749 Y186.892
M204 S1800
M205 X8 Y8
G1 F1200 X76.33 Y226.31 E2021.77751
M204 S3000
M205 X10 Y10
G0 F6000 X75.944 Y226.131
M204 S1800
M205 X8 Y8
G1 F1200 X94.748 Y207.327 E2022.66199
G1 X94.818 Y207.257
M204 S3000
M205 X10 Y10
G0 F6000 X93.321 Y208.189
M204 S1800
M205 X8 Y8
G1 F1200 X75.578 Y225.931 E2023.49654
M204 S3000
M205 X10 Y10
G0 F6000 X75.22 Y225.724
M204 S1800
M205 X8 Y8
G1 F1200 X92.42 Y208.524 E2024.30558
G1 X92.49 Y208.454
M204 S3000
M205 X10 Y10
G0 F6000 X91.564 Y208.814
M204 S1800
M205 X8 Y8
G1 F1200 X74.863 Y225.515 E2025.09114
M204 S3000
M205 X10 Y10
G0 F6000 X74.507 Y225.306
M204 S1800
M205 X8 Y8
G1 F1200 X90.889 Y208.923 E2025.86172
M204 S3000
M205 X10 Y10
G0 F6000 X90.25 Y208.997
M204 S1800
M205 X8 Y8
G1 F1200 X74.154 Y225.093 E2026.61883
M204 S3000
M205 X10 Y10
G0 F6000 X73.801 Y224.88
M204 S1800
M205 X8 Y8
G1 F1200 X89.629 Y209.052 E2027.36333
M204 S3000
M205 X10 Y10
G0 F6000 X89.069 Y209.046
M204 S1800
M205 X8 Y8
G1 F1200 X73.448 Y224.667 E2028.09809
M204 S3000
M205 X10 Y10
G0 F6000 X73.095 Y224.454
M204 S1800
M205 X8 Y8
G1 F1200 X88.562 Y208.988 E2028.82559
M204 S3000
M205 X10 Y10
G0 F6000 X88.055 Y208.929
M204 S1800
M205 X8 Y8
G1 F1200 X72.768 Y224.216 E2029.54464
M204 S3000
M205 X10 Y10
G0 F6000 X72.442 Y223.976
M204 S1800
M205 X8 Y8
G1 F1200 X87.548 Y208.87 E2030.25518
M204 S3000
M205 X10 Y10
G0 F6000 X87.104 Y208.748
M204 S1800
M205 X8 Y8
G1 F1200 X72.117 Y223.736 E2030.96015
M204 S3000
M205 X10 Y10
G0 F6000 X71.793 Y223.494
M204 S1800
M205 X8 Y8
G1 F1200 X86.684 Y208.602 E2031.6606
M204 S3000
M205 X10 Y10
G0 F6000 X86.264 Y208.457
M204 S1800
M205 X8 Y8
G1 F1200 X71.471 Y223.25 E2032.35642
M204 S3000
M205 X10 Y10
G0 F6000 X71.149 Y223.006
M204 S1800
M205 X8 Y8
G1 F1200 X85.844 Y208.312 E2033.0476
M204 S3000
M205 X10 Y10
G0 F6000 X85.439 Y208.151
M204 S1800
M205 X8 Y8
G1 F1200 X70.828 Y222.762 E2033.73486
M204 S3000
M205 X10 Y10
G0 F6000 X70.507 Y222.518
M204 S1800
M205 X8 Y8
G1 F1200 X85.091 Y207.933 E2034.42087
M204 S3000
M205 X10 Y10
G0 F6000 X84.742 Y207.716
M204 S1800
M205 X8 Y8
G1 F1200 X70.212 Y222.246 E2035.10432
M204 S3000
M205 X10 Y10
G0 F6000 X69.919 Y221.974
M204 S1800
M205 X8 Y8
G1 F1200 X84.393 Y207.499 E2035.78515
M204 S3000
M205 X10 Y10
G0 F6000 X84.048 Y207.279
M204 S1800
M205 X8 Y8
G1 F1200 X69.625 Y221.702 E2036.46356
M204 S3000
M205 X10 Y10
G0 F6000 X69.332 Y221.429
M204 S1800
M205 X8 Y8
G1 F1200 X83.715 Y207.047 E2037.14007
M204 S3000
M205 X10 Y10
G0 F6000 X83.431 Y206.765
M204 S1800
M205 X8 Y8
G1 F1200 X69.041 Y221.154 E2037.81691
M204 S3000
M205 X10 Y10
G0 F6000 X68.751 Y220.878
M204 S1800
M205 X8 Y8
G1 F1200 X83.147 Y206.483 E2038.49403
M204 S3000
M205 X10 Y10
G0 F6000 X82.863 Y206.202
M204 S1800
M205 X8 Y8
G1 F1200 X68.461 Y220.603 E2039.17143
M204 S3000
M205 X10 Y10
G0 F6000 X68.171 Y220.328
M204 S1800
M205 X8 Y8
G1 F1200 X82.583 Y205.916 E2039.84933
M204 S3000
M205 X10 Y10
G0 F6000 X82.308 Y205.625
M204 S1800
M205 X8 Y8
G1 F1200 X67.909 Y220.024 E2040.52662
M204 S3000
M205 X10 Y10
G0 F6000 X67.648 Y219.719
M204 S1800
M205 X8 Y8
G1 F1200 X82.088 Y205.28 E2041.20581
M204 S3000
M205 X10 Y10
G0 F6000 X81.866 Y204.935
M204 S1800
M205 X8 Y8
G1 F1200 X67.386 Y219.415 E2041.8869
M204 S3000
M205 X10 Y10
G0 F6000 X67.124 Y219.111
M204 S1800
M205 X8 Y8
G1 F1200 X81.65 Y204.586 E2042.57013
M204 S3000
M205 X10 Y10
G0 F6000 X81.436 Y204.234
M204 S1800
M205 X8 Y8
G1 F1200 X66.863 Y218.807 E2043.2556
M204 S3000
M205 X10 Y10
G0 F6000 X66.603 Y218.502
M204 S1800
M205 X8 Y8
G1 F1200 X81.227 Y203.877 E2043.9435
M204 S3000
M205 X10 Y10
G0 F6000 X81.078 Y203.46
M204 S1800
M205 X8 Y8
G1 F1200 X66.343 Y218.196 E2044.63661
M204 S3000
M205 X10 Y10
G0 F6000 X66.083 Y217.89
M204 S1800
M205 X8 Y8
G1 F1200 X80.931 Y203.042 E2045.33501
M204 S3000
M205 X10 Y10
G0 F6000 X80.782 Y202.625
M204 S1800
M205 X8 Y8
G1 F1200 X65.854 Y217.554 E2046.0372
M204 S3000
M205 X10 Y10
G0 F6000 X65.624 Y217.218
M204 S1800
M205 X8 Y8
G1 F1200 X80.639 Y202.203 E2046.74346
M204 S3000
M205 X10 Y10
G0 F6000 X80.544 Y201.732
M204 S1800
M205 X8 Y8
G1 F1200 X65.394 Y216.882 E2047.45607
M204 S3000
M205 X10 Y10
G0 F6000 X65.165 Y216.545
M204 S1800
M205 X8 Y8
G1 F1200 X80.483 Y201.227 E2048.17658
M204 S3000
M205 X10 Y10
G0 F6000 X80.43 Y200.715
M204 S1800
M205 X8 Y8
G1 F1200 X64.935 Y216.209 E2048.9054
M204 S3000
M205 X10 Y10
G0 F6000 X64.706 Y215.873
M204 S1800
M205 X8 Y8
G1 F1200 X80.382 Y200.197 E2049.64275
M204 S3000
M205 X10 Y10
G0 F6000 X80.388 Y199.626
M204 S1800
M205 X8 Y8
G1 F1200 X64.476 Y215.537 E2050.39118
M204 S3000
M205 X10 Y10
G0 F6000 X64.251 Y215.196
M204 S1800
M205 X8 Y8
G1 F1200 X80.456 Y198.992 E2051.15339
M204 S3000
M205 X10 Y10
G0 F6000 X80.534 Y198.348
M204 S1800
M205 X8 Y8
G1 F1200 X64.055 Y214.827 E2051.92851
M204 S3000
M205 X10 Y10
G0 F6000 X63.858 Y214.458
M204 S1800
M205 X8 Y8
G1 F1200 X80.704 Y197.613 E2052.72087
G1 X80.774 Y197.543
M204 S3000
M205 X10 Y10
G0 F6000 X81.001 Y196.749
M204 S1800
M205 X8 Y8
G1 F1200 X63.662 Y214.089 E2053.53647
M204 S3000
M205 X10 Y10
G0 F6000 X63.465 Y213.72
M204 S1800
M205 X8 Y8
G1 F1200 X81.447 Y195.738 E2054.38228
G1 X81.517 Y195.668
M204 S3000
M205 X10 Y10
G0 F6000 X85.184 Y192.001
M204 S1800
M205 X8 Y8
G1 F1200 X98.731 Y178.453 E2055.01952
M204 S3000
M205 X10 Y10
G0 F6000 X98.845 Y178.906
M204 S1800
M205 X8 Y8
G1 F1200 X86.18 Y191.57 E2055.61522
G1 X86.11 Y191.64
M204 S3000
M205 X10 Y10
G0 F6000 X87.055 Y191.261
M204 S1800
M205 X8 Y8
G1 F1200 X99.013 Y179.303 E2056.17768
M204 S3000
M205 X10 Y10
G0 F6000 X99.242 Y179.64
M204 S1800
M205 X8 Y8
G1 F1200 X87.782 Y191.1 E2056.71673
M204 S3000
M205 X10 Y10
G0 F6000 X88.422 Y191.026
M204 S1800
M205 X8 Y8
G1 F1200 X99.507 Y179.94 E2057.23816
M204 S3000
M205 X10 Y10
G0 F6000 X99.772 Y180.241
M204 S1800
M205 X8 Y8
G1 F1200 X89.062 Y190.951 E2057.74192
M204 S3000
M205 X10 Y10
G0 F6000 X89.645 Y190.934
M204 S1800
M205 X8 Y8
G1 F1200 X100.05 Y180.529 E2058.23134
M204 S3000
M205 X10 Y10
G0 F6000 X100.37 Y180.774
M204 S1800
M205 X8 Y8
G1 F1200 X90.154 Y190.99 E2058.71187
M204 S3000
M205 X10 Y10
G0 F6000 X90.663 Y191.047
M204 S1800
M205 X8 Y8
G1 F1200 X100.778 Y180.933 E2059.18763
M204 S3000
M205 X10 Y10
G0 F6000 X101.185 Y181.091
M204 S1800
M205 X8 Y8
G1 F1200 X91.166 Y191.11 E2059.65889
M204 S3000
M205 X10 Y10
G0 F6000 X91.636 Y191.206
M204 S1800
M205 X8 Y8
G1 F1200 X101.592 Y181.249 E2060.12721
M204 S3000
M205 X10 Y10
G0 F6000 X102.065 Y181.342
M204 S1800
M205 X8 Y8
G1 F1200 X92.057 Y191.35 E2060.59796
M204 S3000
M205 X10 Y10
G0 F6000 X92.478 Y191.495
M204 S1800
M205 X8 Y8
G1 F1200 X102.671 Y181.302 E2061.0774
M204 S3000
M205 X10 Y10
G0 F6000 X103.313 Y181.226
M204 S1800
M205 X8 Y8
G1 F1200 X92.894 Y191.645 E2061.56748
M204 S3000
M205 X10 Y10
G0 F6000 X93.311 Y191.794
M204 S1800
M205 X8 Y8
G1 F1200 X104.189 Y180.916 E2062.07915
G1 X104.259 Y180.846
M204 S3000
M205 X10 Y10
G0 F6000 X105.805 Y179.299
M204 S1800
M205 X8 Y8
G1 F1200 X107.945 Y177.159 E2062.17981
M204 S3000
M205 X10 Y10
G0 F6000 X108.254 Y177.416
M204 S1800
M205 X8 Y8
G1 F1200 X93.671 Y191.999 E2062.86575
M204 S3000
M205 X10 Y10
G0 F6000 X94.02 Y192.216
M204 S1800
M205 X8 Y8
G1 F1200 X108.563 Y177.673 E2063.54981
M204 S3000
M205 X10 Y10
G0 F6000 X108.872 Y177.929
M204 S1800
M205 X8 Y8
G1 F1200 X94.37 Y192.432 E2064.23196
M204 S3000
M205 X10 Y10
G0 F6000 X94.713 Y192.654
M204 S1800
M205 X8 Y8
G1 F1200 X109.162 Y178.205 E2064.9116
M204 S3000
M205 X10 Y10
G0 F6000 X109.451 Y178.482
M204 S1800
M205 X8 Y8
G1 F1200 X95.054 Y192.878 E2065.58876
M204 S3000
M205 X10 Y10
G0 F6000 X95.351 Y193.147
M204 S1800
M205 X8 Y8
G1 F1200 X109.741 Y178.758 E2066.2656
M204 S3000
M205 X10 Y10
G0 F6000 X110.03 Y179.034
M204 S1800
M205 X8 Y8
G1 F1200 X95.635 Y193.429 E2066.9427
M204 S3000
M205 X10 Y10
G0 F6000 X95.919 Y193.711
M204 S1800
M205 X8 Y8
G1 F1200 X110.32 Y179.31 E2067.62008
M204 S3000
M205 X10 Y10
G0 F6000 X110.599 Y179.596
M204 S1800
M205 X8 Y8
G1 F1200 X96.199 Y193.996 E2068.29741
M204 S3000
M205 X10 Y10
G0 F6000 X96.476 Y194.285
M204 S1800
M205 X8 Y8
G1 F1200 X110.879 Y179.883 E2068.97486
M204 S3000
M205 X10 Y10
G0 F6000 X111.152 Y180.175
M204 S1800
M205 X8 Y8
G1 F1200 X96.715 Y194.612 E2069.65393
M204 S3000
M205 X10 Y10
G0 F6000 X96.935 Y194.958
M204 S1800
M205 X8 Y8
G1 F1200 X111.411 Y180.481 E2070.33486
M204 S3000
M205 X10 Y10
G0 F6000 X111.671 Y180.787
M204 S1800
M205 X8 Y8
G1 F1200 X97.152 Y195.306 E2071.01779
M204 S3000
M205 X10 Y10
G0 F6000 X97.369 Y195.655
M204 S1800
M205 X8 Y8
G1 F1200 X111.931 Y181.093 E2071.70274
M204 S3000
M205 X10 Y10
G0 F6000 X112.19 Y181.399
M204 S1800
M205 X8 Y8
G1 F1200 X97.585 Y196.005 E2072.38974
M204 S3000
M205 X10 Y10
G0 F6000 X97.744 Y196.411
M204 S1800
M205 X8 Y8
G1 F1200 X112.448 Y181.708 E2073.08135
M204 S3000
M205 X10 Y10
G0 F6000 X112.696 Y182.025
M204 S1800
M205 X8 Y8
G1 F1200 X97.893 Y196.828 E2073.77764
M204 S3000
M205 X10 Y10
G0 F6000 X98.036 Y197.251
M204 S1800
M205 X8 Y8
G1 F1200 X112.944 Y182.343 E2074.47886
M204 S3000
M205 X10 Y10
G0 F6000 X113.186 Y182.666
M204 S1800
M205 X8 Y8
G1 F1200 X98.178 Y197.674 E2075.18479
M204 S3000
M205 X10 Y10
G0 F6000 X98.309 Y198.11
M204 S1800
M205 X8 Y8
G1 F1200 X113.415 Y183.003 E2075.89536
M204 S3000
M205 X10 Y10
G0 F6000 X113.644 Y183.34
M204 S1800
M205 X8 Y8
G1 F1200 X98.369 Y198.615 E2076.61384
M204 S3000
M205 X10 Y10
G0 F6000 X98.425 Y199.124
M204 S1800
M205 X8 Y8
G1 F1200 X113.872 Y183.678 E2077.3404
M204 S3000
M205 X10 Y10
G0 F6000 X114.101 Y184.014
M204 S1800
M205 X8 Y8
G1 F1200 X98.475 Y199.64 E2078.0754
M204 S3000
M205 X10 Y10
G0 F6000 X98.499 Y200.181
M204 S1800
M205 X8 Y8
G1 F1200 X114.326 Y184.355 E2078.81983
M204 S3000
M205 X10 Y10
G0 F6000 X114.542 Y184.704
M204 S1800
M205 X8 Y8
G1 F1200 X98.433 Y200.814 E2079.57757
M204 S3000
M205 X10 Y10
G0 F6000 X98.355 Y201.458
M204 S1800
M205 X8 Y8
G1 F1200 X114.759 Y185.054 E2080.34917
M204 S3000
M205 X10 Y10
G0 F6000 X114.964 Y185.414
M204 S1800
M205 X8 Y8
G1 F1200 X98.259 Y202.119 E2081.13492
G1 X98.189 Y202.189
M204 S3000
M205 X10 Y10
G0 F6000 X97.959 Y202.985
M204 S1800
M205 X8 Y8
G1 F1200 X115.161 Y185.783 E2081.94405
M204 S3000
M205 X10 Y10
G0 F6000 X115.357 Y186.152
M204 S1800
M205 X8 Y8
G1 F1200 X97.642 Y203.868 E2082.77733
G1 X97.572 Y203.938
M204 S3000
M205 X10 Y10
G0 F6000 X96.73 Y205.345
M204 S1800
M205 X8 Y8
G1 F1200 X115.553 Y186.522 E2083.66271
G1 X115.623 Y186.452
M204 S3000
M205 X10 Y10
G0 F6000 X106.213 Y178.325
M204 S1800
M205 X8 Y8
G1 F1200 X107.625 Y176.914 E2083.7291
M204 S3000
M205 X10 Y10
G0 F6000 X107.303 Y176.67
M204 S1800
M205 X8 Y8
G1 F1200 X106.261 Y177.712 E2083.77811
M204 S3000
M205 X10 Y10
G0 F6000 X106.261 Y177.146
M204 S1800
M205 X8 Y8
G1 F1200 X106.981 Y176.426 E2083.81198
M204 S3000
M205 X10 Y10
G0 F6000 X106.66 Y176.182
M204 S1800
M205 X8 Y8
G1 F1200 X106.198 Y176.643 E2083.83369
M204 S3000
M205 X10 Y10
G0 F6000 X106.075 Y176.201
M204 S1800
M205 X8 Y8
G1 F1200 X106.338 Y175.938 E2083.84606
M204 S3000
M205 X10 Y10
G0 F6000 X105.998 Y175.713
M204 S1800
M205 X8 Y8
G1 F1200 X105.885 Y175.825 E2083.85135
M204 S3000
M205 X10 Y10
G0 F6000 X102.037 Y173.451
M204 S1800
M205 X8 Y8
G1 F1200 X101.814 Y173.674 E2083.86184
M204 S3000
M205 X10 Y10
G0 F6000 X101.65 Y173.272
M204 S1800
M205 X8 Y8
G1 F1200 X100.984 Y173.939 E2083.89319
G1 X100.914 Y174.009
M204 S3000
M205 X10 Y10
G0 F6000 X101.264 Y173.092
M204 S1800
M205 X8 Y8
G1 F1200 X62.533 Y211.823 E2085.71497
M204 S3000
M205 X10 Y10
G0 F6000 X62.371 Y211.419
M204 S1800
M205 X8 Y8
G1 F1200 X100.877 Y172.913 E2087.52618
M204 S3000
M205 X10 Y10
G0 F6000 X100.478 Y172.747
M204 S1800
M205 X8 Y8
G1 F1200 X62.209 Y211.016 E2089.32624
M204 S3000
M205 X10 Y10
G0 F6000 X62.047 Y210.612
M204 S1800
M205 X8 Y8
G1 F1200 X100.067 Y172.592 E2091.11458
M204 S3000
M205 X10 Y10
G0 F6000 X99.656 Y172.437
M204 S1800
M205 X8 Y8
G1 F1200 X61.886 Y210.207 E2092.89116
M204 S3000
M205 X10 Y10
G0 F6000 X61.724 Y209.804
M204 S1800
M205 X8 Y8
G1 F1200 X99.236 Y172.292 E2094.65561
M204 S3000
M205 X10 Y10
G0 F6000 X98.812 Y172.15
M204 S1800
M205 X8 Y8
G1 F1200 X61.564 Y209.398 E2096.40765
M204 S3000
M205 X10 Y10
G0 F6000 X61.441 Y208.956
M204 S1800
M205 X8 Y8
G1 F1200 X98.388 Y172.008 E2098.14554
M204 S3000
M205 X10 Y10
G0 F6000 X97.966 Y171.865
M204 S1800
M205 X8 Y8
G1 F1200 X61.317 Y208.514 E2099.8694
M204 S3000
M205 X10 Y10
G0 F6000 X61.193 Y208.072
M204 S1800
M205 X8 Y8
G1 F1200 X97.537 Y171.728 E2101.57891
M204 S3000
M205 X10 Y10
G0 F6000 X97.085 Y171.614
M204 S1800
M205 X8 Y8
G1 F1200 X66.707 Y201.993 E2103.00782
G1 X66.637 Y202.063
M204 S3000
M205 X10 Y10
G0 F6000 X67.188 Y200.946
M204 S1800
M205 X8 Y8
G1 F1200 X96.633 Y171.5 E2104.39285
M204 S3000
M205 X10 Y10
G0 F6000 X96.172 Y171.396
M204 S1800
M205 X8 Y8
G1 F1200 X67.254 Y200.314 E2105.75306
M204 S3000
M205 X10 Y10
G0 F6000 X67.26 Y199.742
M204 S1800
M205 X8 Y8
G1 F1200 X95.71 Y171.293 E2107.09124
M204 S3000
M205 X10 Y10
G0 F6000 X95.248 Y171.189
M204 S1800
M205 X8 Y8
G1 F1200 X67.226 Y199.211 E2108.40931
M204 S3000
M205 X10 Y10
G0 F6000 X67.107 Y198.764
M204 S1800
M205 X8 Y8
G1 F1200 X94.786 Y171.085 E2109.71124
M204 S3000
M205 X10 Y10
G0 F6000 X94.31 Y170.996
M204 S1800
M205 X8 Y8
G1 F1200 X66.914 Y198.392 E2110.99987
M204 S3000
M205 X10 Y10
G0 F6000 X66.717 Y198.023
M204 S1800
M205 X8 Y8
G1 F1200 X93.811 Y170.929 E2112.27429
M204 S3000
M205 X10 Y10
G0 F6000 X93.308 Y170.866
M204 S1800
M205 X8 Y8
G1 F1200 X66.521 Y197.653 E2113.53426
M204 S3000
M205 X10 Y10
G0 F6000 X66.264 Y197.345
M204 S1800
M205 X8 Y8
G1 F1200 X92.799 Y170.809 E2114.78241
M204 S3000
M205 X10 Y10
G0 F6000 X92.29 Y170.752
M204 S1800
M205 X8 Y8
G1 F1200 X65.949 Y197.093 E2116.02141
M204 S3000
M205 X10 Y10
G0 F6000 X65.616 Y196.861
M204 S1800
M205 X8 Y8
G1 F1200 X91.782 Y170.695 E2117.25218
M204 S3000
M205 X10 Y10
G0 F6000 X91.27 Y170.641
M204 S1800
M205 X8 Y8
G1 F1200 X65.283 Y196.628 E2118.47453
M204 S3000
M205 X10 Y10
G0 F6000 X64.932 Y196.414
M204 S1800
M205 X8 Y8
G1 F1200 X90.718 Y170.627 E2119.68745
M204 S3000
M205 X10 Y10
G0 F6000 X90.162 Y170.618
M204 S1800
M205 X8 Y8
G1 F1200 X64.5 Y196.28 E2120.89451
M204 S3000
M205 X10 Y10
G0 F6000 X64 Y196.214
M204 S1800
M205 X8 Y8
G1 F1200 X89.598 Y170.617 E2122.09854
M204 S3000
M205 X10 Y10
G0 F6000 X89.033 Y170.615
M204 S1800
M205 X8 Y8
G1 F1200 X63.495 Y196.154 E2123.29979
M204 S3000
M205 X10 Y10
G0 F6000 X62.942 Y196.141
M204 S1800
M205 X8 Y8
G1 F1200 X88.469 Y170.614 E2124.5005
M204 S3000
M205 X10 Y10
G0 F6000 X87.886 Y170.631
M204 S1800
M205 X8 Y8
G1 F1200 X62.108 Y196.409 E2125.71302
G1 X62.038 Y196.479
M204 S3000
M205 X10 Y10
G0 F6000 X60.338 Y195.916
M204 S1800
M205 X8 Y8
G1 F1200 X85.371 Y170.883 E2126.8905
M204 S3000
M205 X10 Y10
G0 F6000 X86.004 Y170.816
M204 S1800
M205 X8 Y8
G1 F1200 X60.227 Y196.594 E2128.10299
M204 S3000
M205 X10 Y10
G0 F6000 X60.176 Y197.21
M204 S1800
M205 X8 Y8
G1 F1200 X86.638 Y170.748 E2129.34768
M204 S3000
M205 X10 Y10
G0 F6000 X87.269 Y170.682
M204 S1800
M205 X8 Y8
G1 F1200 X60.141 Y197.811 E2130.62372
G1 X60.071 Y197.881
M204 S3000
M205 X10 Y10
G0 F6000 X60.45 Y195.239
M204 S1800
M205 X8 Y8
G1 F1200 X84.718 Y170.971 E2131.76521
M204 S3000
M205 X10 Y10
G0 F6000 X84.014 Y171.109
M204 S1800
M205 X8 Y8
G1 F1200 X60.562 Y194.561 E2132.86832
M204 S3000
M205 X10 Y10
G0 F6000 X60.674 Y193.884
M204 S1800
M205 X8 Y8
G1 F1200 X83.29 Y171.267 E2133.93214
M204 S3000
M205 X10 Y10
G0 F6000 X82.566 Y171.426
M204 S1800
M205 X8 Y8
G1 F1200 X60.853 Y193.139 E2134.95345
G1 X60.783 Y193.209
M204 S3000
M205 X10 Y10
G0 F6000 X61.072 Y192.354
M204 S1800
M205 X8 Y8
G1 F1200 X81.842 Y171.584 E2135.93041
G1 X81.912 Y171.514
M204 S3000
M205 X10 Y10
G0 F6000 X81.028 Y171.833
M204 S1800
M205 X8 Y8
G1 F1200 X61.29 Y191.57 E2136.8588
G1 X61.22 Y191.64
M204 S3000
M205 X10 Y10
G0 F6000 X61.508 Y190.787
M204 S1800
M205 X8 Y8
G1 F1200 X80.181 Y172.114 E2137.73712
G1 X80.251 Y172.044
M204 S3000
M205 X10 Y10
G0 F6000 X79.329 Y172.4
M204 S1800
M205 X8 Y8
G1 F1200 X61.845 Y189.884 E2138.55951
G1 X61.775 Y189.954
M204 S3000
M205 X10 Y10
G0 F6000 X62.224 Y188.939
M204 S1800
M205 X8 Y8
G1 F1200 X78.429 Y172.734 E2139.32175
G1 X78.499 Y172.664
M204 S3000
M205 X10 Y10
G0 F6000 X77.402 Y173.195
M204 S1800
M205 X8 Y8
G1 F1200 X62.604 Y187.994 E2140.01782
G1 X62.534 Y188.064
M204 S3000
M205 X10 Y10
G0 F6000 X63.133 Y186.899
M204 S1800
M205 X8 Y8
G1 F1200 X76.353 Y173.679 E2140.63965
G1 X76.423 Y173.609
M204 S3000
M205 X10 Y10
G0 F6000 X75.164 Y174.303
M204 S1800
M205 X8 Y8
G1 F1200 X63.778 Y185.689 E2141.17521
G1 X63.708 Y185.759
M204 S3000
M205 X10 Y10
G0 F6000 X64.553 Y184.348
M204 S1800
M205 X8 Y8
G1 F1200 X73.756 Y175.145 E2141.60809
G1 X73.826 Y175.075
M204 S3000
M205 X10 Y10
G0 F6000 X71.926 Y176.408
M204 S1800
M205 X8 Y8
G1 F1200 X65.768 Y182.567 E2141.89777
G1 X65.698 Y182.637
M204 S3000
M205 X10 Y10
G0 F6000 X60.794 Y198.615
G0 X60.486 Y199.861
G0 X60.285 Y202.192
M204 S1800
M205 X8 Y8
G1 F1200 X60.145 Y202.332 E2141.90436
M204 S3000
M205 X10 Y10
G0 F6000 X60.546 Y202.496
M204 S1800
M205 X8 Y8
G1 F1200 X60.174 Y202.869 E2141.92188
M204 S3000
M205 X10 Y10
G0 F6000 X60.228 Y203.38
M204 S1800
M205 X8 Y8
G1 F1200 X60.806 Y202.802 E2141.94906
M204 S3000
M205 X10 Y10
G0 F6000 X61.098 Y203.076
M204 S1800
M205 X8 Y8
G1 F1200 X60.307 Y203.867 E2141.98627
M204 S3000
M205 X10 Y10
G0 F6000 X60.386 Y204.353
M204 S1800
M205 X8 Y8
G1 F1200 X61.433 Y203.307 E2142.03549
M204 S3000
M205 X10 Y10
G0 F6000 X61.825 Y203.48
M204 S1800
M205 X8 Y8
G1 F1200 X60.466 Y204.839 E2142.09942
M204 S3000
M205 X10 Y10
G0 F6000 X60.546 Y205.326
M204 S1800
M205 X8 Y8
G1 F1200 X62.236 Y203.636 E2142.17891
M204 S3000
M205 X10 Y10
G0 F6000 X62.647 Y203.79
M204 S1800
M205 X8 Y8
G1 F1200 X60.625 Y205.812 E2142.27402
M204 S3000
M205 X10 Y10
G0 F6000 X60.705 Y206.298
M204 S1800
M205 X8 Y8
G1 F1200 X63.136 Y203.866 E2142.38839
M204 S3000
M205 X10 Y10
G0 F6000 X63.754 Y203.815
M204 S1800
M205 X8 Y8
G1 F1200 X60.823 Y206.746 E2142.52625
M204 S3000
M205 X10 Y10
G0 F6000 X60.946 Y207.187
M204 S1800
M205 X8 Y8
G1 F1200 X64.397 Y203.737 E2142.68855
G1 X64.467 Y203.667
M204 S3000
M205 X10 Y10
G0 F6000 X65.418 Y203.281
M204 S1800
M205 X8 Y8
G1 F1200 X61.069 Y207.63 E2142.89312
G1 X60.999 Y207.7
M204 S3000
M205 X10 Y10
G0 F6000 X62.694 Y212.228
M204 S1800
M205 X8 Y8
G1 F1200 X98.832 Y176.09 E2144.59294
M204 S3000
M205 X10 Y10
G0 F6000 X98.654 Y176.834
M204 S1800
M205 X8 Y8
G1 F1200 X62.875 Y212.613 E2146.27587
M204 S3000
M205 X10 Y10
G0 F6000 X63.071 Y212.982
M204 S1800
M205 X8 Y8
G1 F1200 X98.56 Y177.494 E2147.94514
M204 S3000
M205 X10 Y10
G0 F6000 X98.624 Y177.995
M204 S1800
M205 X8 Y8
G1 F1200 X63.268 Y213.351 E2149.60818
G1 X63.198 Y213.421
M204 S3000
M205 X10 Y10
G0 F6000 X90.81 Y229.367
M204 S1800
M205 X8 Y8
G1 F1200 X98.762 Y221.415 E2149.98222
M204 S3000
M205 X10 Y10
G0 F6000 X98.577 Y222.166
M204 S1800
M205 X8 Y8
G1 F1200 X91.398 Y229.345 E2150.3199
M204 S3000
M205 X10 Y10
G0 F6000 X92.033 Y229.275
M204 S1800
M205 X8 Y8
G1 F1200 X98.557 Y222.751 E2150.62677
M204 S3000
M205 X10 Y10
G0 F6000 X98.661 Y223.213
M204 S1800
M205 X8 Y8
G1 F1200 X92.667 Y229.207 E2150.90871
M204 S3000
M205 X10 Y10
G0 F6000 X93.305 Y229.135
M204 S1800
M205 X8 Y8
G1 F1200 X98.775 Y223.665 E2151.166
M204 S3000
M205 X10 Y10
G0 F6000 X98.903 Y224.103
M204 S1800
M205 X8 Y8
G1 F1200 X93.958 Y229.047 E2151.39857
M204 S3000
M205 X10 Y10
G0 F6000 X94.625 Y228.946
M204 S1800
M205 X8 Y8
G1 F1200 X99.085 Y224.486 E2151.60836
M204 S3000
M205 X10 Y10
G0 F6000 X99.34 Y224.797
M204 S1800
M205 X8 Y8
G1 F1200 X95.351 Y228.785 E2151.79596
M204 S3000
M205 X10 Y10
G0 F6000 X96.078 Y228.625
M204 S1800
M205 X8 Y8
G1 F1200 X99.607 Y225.096 E2151.96196
M204 S3000
M205 X10 Y10
G0 F6000 X99.873 Y225.395
M204 S1800
M205 X8 Y8
G1 F1200 X96.819 Y228.449 E2152.10561
M204 S3000
M205 X10 Y10
G0 F6000 X97.571 Y228.263
M204 S1800
M205 X8 Y8
G1 F1200 X100.185 Y225.649 E2152.22856
M204 S3000
M205 X10 Y10
G0 F6000 X100.528 Y225.871
M204 S1800
M205 X8 Y8
G1 F1200 X98.418 Y227.981 E2152.32781
G1 X98.348 Y228.051
M204 S3000
M205 X10 Y10
G0 F6000 X99.269 Y227.696
M204 S1800
M205 X8 Y8
G1 F1200 X100.928 Y226.037 E2152.40584
M204 S3000
M205 X10 Y10
G0 F6000 X101.339 Y226.192
M204 S1800
M205 X8 Y8
G1 F1200 X100.16 Y227.37 E2152.46128
G1 X100.09 Y227.44
M204 S3000
M205 X10 Y10
G0 F6000 X101.137 Y226.96
M204 S1800
M205 X8 Y8
G1 F1200 X101.781 Y226.315 E2152.49159
M204 S3000
M205 X10 Y10
G0 F6000 X102.183 Y226.479
M204 S1800
M205 X8 Y8
G1 F1200 X102.282 Y226.38 E2152.49625
M204 S3000
M205 X10 Y10
;MESH:NONMESH
G0 F600 X102.282 Y226.38 Z2.2
G0 F6000 X100.742 Y224.97
G0 X99.794 Y223.903
G0 X99.486 Y222.656
G0 X99.436 Y177.678
G0 X99.845 Y177.579
;TIME_ELAPSED:2755.077579
;LAYER:10
M204 S1800
M205 X8 Y8
;TYPE:WALL-OUTER
;MESH:14_4_2.stl
G1 F3000 X99.842 Y177.417 E2152.50164
G1 X99.847 Y177.367 E2152.50331
G1 X100.091 Y176.377 E2152.53722
G1 X100.196 Y176.18 E2152.54465
G1 X100.87 Y175.42 E2152.57843
G1 X101.075 Y175.279 E2152.58671
G1 X102.003 Y174.932 E2152.61966
G1 X102.237 Y174.901 E2152.62751
G1 F3007.5 X103.246 Y175.025 E2152.66124
G1 X103.461 Y175.106 E2152.66886
G1 F3000 X104.314 Y175.695 E2152.70334
G1 X104.448 Y175.855 E2152.71028
G1 X104.927 Y176.767 E2152.74454
G1 X104.974 Y176.975 E2152.75164
G1 X104.972 Y177.991 E2152.78543
G1 X104.919 Y178.216 E2152.79312
G1 X104.438 Y179.127 E2152.82738
G1 X104.293 Y179.287 E2152.83456
G1 X103.439 Y179.873 E2152.86901
G1 X103.244 Y179.943 E2152.8759
G1 X102.219 Y180.065 E2152.91023
G1 X102.001 Y180.037 E2152.91754
G1 X101.057 Y179.674 E2152.95118
G1 X100.869 Y179.545 E2152.95877
G1 X100.181 Y178.769 E2152.99326
G1 X100.093 Y178.59 E2152.99989
G1 X99.845 Y177.579 E2153.03452
M204 S3000
M205 X10 Y10
G0 F6000 X99.842 Y177.417
G0 X99.845 Y177.379
G0 X99.34 Y177.317
G0 X99.729 Y178.902
G0 X100.701 Y179.996
G0 X119.198 Y194.139
G0 X119.709 Y193.696
M204 S1800
M205 X8 Y8
G1 F3000 X119.569 Y193.614 E2153.03991
G1 X119.452 Y193.111 E2153.05709
G1 X118.707 Y190.428 E2153.1497
G1 X118.067 Y188.825 E2153.20711
G1 X117.549 Y187.443 E2153.2562
G1 X117.115 Y186.529 E2153.28985
G1 X116.022 Y184.464 E2153.36756
G1 X115.489 Y183.604 E2153.40121
G1 X114.175 Y181.667 E2153.47906
G1 X113.55 Y180.869 E2153.51278
G1 X112.038 Y179.087 E2153.59051
G1 X111.329 Y178.362 E2153.62423
G1 X109.632 Y176.755 E2153.70197
G1 X108.849 Y176.113 E2153.73565
G1 X106.986 Y174.697 E2153.81348
G1 X106.121 Y174.136 E2153.84777
G1 F3007.5 X104.17 Y172.961 E2153.92333
G1 X103.247 Y172.493 E2153.95766
G1 F3000 X101.107 Y171.501 E2154.03611
G1 X100.108 Y171.131 E2154.07155
G1 X97.941 Y170.403 E2154.14758
G1 X96.959 Y170.156 E2154.18126
G1 X94.677 Y169.652 E2154.25899
G1 X93.672 Y169.515 E2154.29272
G1 X91.348 Y169.261 E2154.37048
G1 X90.335 Y169.235 E2154.40418
G1 X87.998 Y169.236 E2154.48191
G1 X86.988 Y169.322 E2154.51563
G1 X85.164 Y169.519 E2154.57665
G1 X84.663 Y169.574 E2154.59341
G1 X83.668 Y169.771 E2154.62715
G1 X81.383 Y170.274 E2154.70496
G1 X80.42 Y170.576 E2154.73853
G1 X78.205 Y171.324 E2154.81629
G1 X77.278 Y171.731 E2154.84996
G1 X75.154 Y172.714 E2154.92781
G1 X74.278 Y173.219 E2154.96144
G1 X72.276 Y174.427 E2155.03921
G1 X71.459 Y175.027 E2155.07292
G1 X69.596 Y176.444 E2155.15077
G1 X68.746 Y177.23 E2155.18928
G1 X67.154 Y178.738 E2155.26221
G1 X66.488 Y179.501 E2155.2959
G1 X64.973 Y181.285 E2155.37374
G1 X64.308 Y182.251 E2155.41275
G1 X63.085 Y184.053 E2155.48518
G1 X61.509 Y187.01 E2155.59663
G1 X60.255 Y190.134 E2155.70859
G1 X59.361 Y193.349 E2155.81958
G1 X58.817 Y196.656 E2155.93105
G1 X58.636 Y200.002 E2156.0425
G1 X58.812 Y203.252 E2156.15076
G1 X58.932 Y204.04 E2156.17727
G1 X59.362 Y206.652 E2156.26531
G1 X60.259 Y209.867 E2156.37633
G1 X61.51 Y212.991 E2156.48825
G1 X63.086 Y215.949 E2156.59973
G1 X64.429 Y217.926 E2156.67922
G1 X64.975 Y218.717 E2156.71119
G1 X66.542 Y220.561 E2156.79167
G1 X67.153 Y221.263 E2156.82263
G1 X68.852 Y222.872 E2156.90046
G1 X69.601 Y223.563 E2156.93435
G1 X71.46 Y224.974 E2157.01197
G1 X72.276 Y225.573 E2157.04564
G1 X74.278 Y226.78 E2157.12339
G1 X75.156 Y227.288 E2157.15713
G1 X77.374 Y228.312 E2157.23839
G1 X78.204 Y228.678 E2157.26856
G1 X80.417 Y229.423 E2157.34622
G1 X81.385 Y229.727 E2157.37997
G1 X83.67 Y230.231 E2157.45779
G1 X84.663 Y230.427 E2157.49146
G1 X86.989 Y230.679 E2157.56927
G1 X87.997 Y230.764 E2157.60292
G1 X90.335 Y230.763 E2157.68068
G1 X91.348 Y230.738 E2157.71438
G1 X93.672 Y230.484 E2157.79214
G1 X94.676 Y230.347 E2157.82584
G1 X96.962 Y229.843 E2157.9037
G1 X97.941 Y229.598 E2157.93727
G1 X100.121 Y228.864 E2158.01377
G1 X101.107 Y228.498 E2158.04875
G1 X103.248 Y227.507 E2158.12722
G1 F3007.5 X104.134 Y227.062 E2158.16012
G1 X105.519 Y226.226 E2158.21379
G1 F3000 X106.153 Y225.844 E2158.23841
G1 X106.986 Y225.302 E2158.27146
G1 X108.851 Y223.885 E2158.34937
G1 X109.551 Y223.312 E2158.37945
G1 X110.227 Y222.682 E2158.41019
G1 X111.331 Y221.636 E2158.46077
G1 X112.04 Y220.914 E2158.49443
G1 X113.553 Y219.13 E2158.57223
G1 X114.176 Y218.334 E2158.60585
G1 X115.369 Y216.575 E2158.67654
G1 X115.782 Y215.923 E2158.70221
G1 X116.18 Y215.238 E2158.72856
G1 X117 Y213.689 E2158.78685
G1 X117.356 Y212.965 E2158.81369
G1 X117.71 Y212.139 E2158.84358
G1 X117.926 Y211.577 E2158.8636
G1 X118.626 Y209.82 E2158.92651
G1 X119.054 Y208.385 E2158.97631
G1 X119.319 Y207.429 E2159.00931
G1 X119.538 Y206.384 E2159.04482
G1 X119.646 Y206.261 E2159.05026
G1 X119.732 Y206.243 E2159.05319
G1 X129.762 Y206.303 E2159.38679
G1 X135.235 Y206.279 E2159.56883
G1 X135.235 Y193.722 E2159.98647
G1 X123.016 Y193.681 E2160.39288
G1 X119.709 Y193.696 E2160.50287
M204 S3000
M205 X10 Y10
G0 F6000 X119.569 Y193.614
G0 X119.561 Y193.577
G0 X119.04 Y193.673
G0 X128.853 Y200.235
G0 X129.347 Y200.115
M204 S1800
M205 X8 Y8
G1 F3000 X129.339 Y199.949 E2160.5084
G1 X129.344 Y199.895 E2160.51021
G1 X129.602 Y198.864 E2160.54555
G1 X129.679 Y198.722 E2160.55093
G1 X130.389 Y197.92 E2160.58655
G1 X130.525 Y197.822 E2160.59213
G1 X131.534 Y197.438 E2160.62804
G1 X131.709 Y197.415 E2160.63391
G1 X132.78 Y197.546 E2160.66979
G1 X132.938 Y197.607 E2160.67543
G1 X133.825 Y198.223 E2160.71134
G1 X133.932 Y198.344 E2160.71672
G1 X134.429 Y199.292 E2160.75232
G1 X134.473 Y199.496 E2160.75926
G1 X134.472 Y200.509 E2160.79295
G1 X134.42 Y200.728 E2160.80044
G1 X133.921 Y201.669 E2160.83586
G1 X133.814 Y201.786 E2160.84114
G1 X132.944 Y202.387 E2160.87631
G1 X132.748 Y202.46 E2160.88326
G1 X131.707 Y202.584 E2160.91813
G1 X131.506 Y202.556 E2160.92488
G1 X130.516 Y202.174 E2160.96018
G1 X130.397 Y202.088 E2160.96506
G1 X129.69 Y201.296 E2161.00037
G1 X129.592 Y201.104 E2161.00754
G1 X129.347 Y200.115 E2161.04143
M204 S3000
M205 X10 Y10
G0 F6000 X129.339 Y199.949
G0 X129.342 Y199.915
G0 X128.833 Y199.869
G0 X119.21 Y205.799
G0 X100.563 Y220.125
G0 X99.728 Y221.099
G0 X99.531 Y221.905
G0 X99.352 Y222.747
G0 X99.847 Y222.627
M204 S1800
M205 X8 Y8
G1 F3000 X99.842 Y222.451 E2161.04728
G1 X100.091 Y221.41 E2161.08288
G1 X100.196 Y221.213 E2161.09031
G1 X100.884 Y220.44 E2161.12473
G1 X101.075 Y220.313 E2161.13236
G1 X102.016 Y219.962 E2161.16576
G1 X102.237 Y219.935 E2161.17317
G1 X103.246 Y220.058 E2161.20697
G1 X103.477 Y220.151 E2161.21526
G1 X104.296 Y220.716 E2161.24835
G1 X104.448 Y220.89 E2161.25603
G1 X104.927 Y221.802 E2161.2903
G1 X104.973 Y222.009 E2161.29735
G1 X104.972 Y223.025 E2161.33114
G1 X104.919 Y223.25 E2161.33883
G1 X104.439 Y224.158 E2161.37299
G1 X104.293 Y224.321 E2161.38027
G1 X103.448 Y224.902 E2161.41438
G1 X103.244 Y224.977 E2161.4216
G1 X102.235 Y225.098 E2161.4554
G1 X102.001 Y225.071 E2161.46324
G1 X101.071 Y224.715 E2161.49636
G1 X100.869 Y224.579 E2161.50446
G1 X100.195 Y223.819 E2161.53825
G1 X100.093 Y223.623 E2161.54559
G1 X99.847 Y222.627 E2161.57972
M204 S3000
M205 X10 Y10
G0 F6000 X99.842 Y222.451
G0 X99.847 Y222.428
G0 X99.338 Y222.366
G0 X83.06 Y205.083
G0 X82.088 Y203.537
G0 X81.548 Y201.986
G0 X81.23 Y200.081
G0 X81.736 Y200.025
M204 S1800
M205 X8 Y8
G1 F3000 X81.809 Y199.325 E2161.60313
G1 X81.924 Y198.3 E2161.63743
G1 X81.992 Y198.098 E2161.64452
G1 X82.494 Y196.664 E2161.69505
G1 X82.972 Y195.898 E2161.72508
G1 X83.408 Y195.206 E2161.75229
G1 X83.682 Y194.928 E2161.76527
G1 X84.637 Y193.975 E2161.81014
G1 X86.083 Y193.068 E2161.86692
G1 X86.2 Y193.024 E2161.87107
G1 X87.724 Y192.492 E2161.92476
G1 X89.423 Y192.3 E2161.98163
G1 X89.458 Y192.301 E2161.98279
G1 X91.146 Y192.492 E2162.0393
G1 X91.99 Y192.786 E2162.06902
G1 X92.77 Y193.06 E2162.09652
G1 X93.399 Y193.452 E2162.12117
G1 X94.232 Y193.975 E2162.15388
G1 X95.442 Y195.184 E2162.21077
G1 X95.743 Y195.655 E2162.22937
G1 X96.37 Y196.654 E2162.26859
G1 X96.464 Y196.916 E2162.27785
G1 X96.944 Y198.29 E2162.32626
G1 X97.136 Y199.997 E2162.38339
G1 X96.946 Y201.698 E2162.44032
G1 X96.775 Y202.198 E2162.4579
G1 X96.374 Y203.338 E2162.49809
G1 X96.363 Y203.359 E2162.49888
G1 X95.465 Y204.789 E2162.55504
G1 X94.882 Y205.377 E2162.58258
G1 X94.233 Y206.024 E2162.61306
G1 X92.785 Y206.933 E2162.66993
G1 X91.992 Y207.213 E2162.6979
G1 X91.146 Y207.508 E2162.7277
G1 X89.445 Y207.7 E2162.78463
G1 X89.393 Y207.697 E2162.78636
G1 X87.723 Y207.508 E2162.84226
G1 X86.11 Y206.945 E2162.89909
G1 X86.074 Y206.927 E2162.90042
G1 X84.65 Y206.033 E2162.95635
G1 X84.617 Y206.007 E2162.95774
G1 X83.416 Y204.804 E2163.01428
G1 X82.975 Y204.105 E2163.04177
G1 X82.498 Y203.344 E2163.07164
G1 X82.337 Y202.888 E2163.08773
G1 X81.927 Y201.712 E2163.12915
G1 X81.819 Y200.762 E2163.16095
G1 X81.736 Y200.025 E2163.18562
M204 S3000
M205 X10 Y10
G0 F6000 X81.756 Y199.826
G0 X81.247 Y199.768
G0 X64.339 Y202.901
G0 X63.073 Y203.031
G0 X61.701 Y202.513
G0 X60.729 Y201.418
G0 X60.353 Y200.233
G0 X60.848 Y200.113
M204 S1800
M205 X8 Y8
G1 F3000 X60.842 Y199.934 E2163.19158
G1 X60.847 Y199.884 E2163.19325
G1 X61.091 Y198.894 E2163.22716
G1 X61.196 Y198.697 E2163.23458
G1 X61.87 Y197.937 E2163.26837
G1 X62.075 Y197.796 E2163.27665
G1 X63.003 Y197.449 E2163.3096
G1 X63.237 Y197.418 E2163.31745
G1 X64.246 Y197.541 E2163.35126
G1 X64.461 Y197.623 E2163.35891
G1 X65.314 Y198.213 E2163.39341
G1 X65.448 Y198.372 E2163.40032
G1 X65.933 Y199.298 E2163.43509
G1 X65.974 Y199.492 E2163.44169
G1 X65.972 Y200.52 E2163.47588
G1 X65.918 Y200.733 E2163.48319
G1 X65.437 Y201.645 E2163.51748
G1 X65.293 Y201.804 E2163.52461
G1 X64.439 Y202.39 E2163.55906
G1 X64.244 Y202.46 E2163.56595
G1 X63.235 Y202.581 E2163.59975
G1 X63.001 Y202.554 E2163.60759
G1 X62.073 Y202.198 E2163.64065
G1 X61.826 Y202.014 E2163.65089
G1 X61.195 Y201.302 E2163.68253
G1 X61.093 Y201.106 E2163.68988
G1 X60.848 Y200.113 E2163.7239
M204 S3000
M205 X10 Y10
G0 F6000 X60.842 Y199.934
G0 X60.844 Y199.913
G0 X60.458 Y200.203
M204 S1800
M205 X8 Y8
;TYPE:WALL-INNER
G1 F3000 X60.442 Y199.937 E2163.73276
G1 X60.459 Y199.788 E2163.73775
G1 X60.703 Y198.798 E2163.77166
G1 X60.896 Y198.431 E2163.78546
G1 X61.571 Y197.671 E2163.81926
G1 X61.935 Y197.421 E2163.83395
G1 X62.863 Y197.075 E2163.86689
G1 X63.285 Y197.021 E2163.88104
G1 X64.294 Y197.144 E2163.91485
G1 X64.684 Y197.29 E2163.9287
G1 X65.551 Y197.89 E2163.96377
G1 X65.802 Y198.186 E2163.97668
G1 X66.286 Y199.109 E2164.01134
G1 X66.374 Y199.492 E2164.02441
G1 X66.372 Y200.544 E2164.0594
G1 X66.272 Y200.919 E2164.07231
G1 X65.786 Y201.84 E2164.10695
G1 X65.519 Y202.134 E2164.12015
G1 X64.681 Y202.71 E2164.15398
G1 X64.371 Y202.842 E2164.16518
G1 X64.292 Y202.857 E2164.16786
G1 X63.283 Y202.978 E2164.20166
G1 X62.858 Y202.928 E2164.21589
G1 X61.929 Y202.572 E2164.24898
G1 X61.569 Y202.328 E2164.26344
G1 X60.895 Y201.568 E2164.29723
G1 X60.705 Y201.202 E2164.31095
G1 X60.458 Y200.203 E2164.34517
M204 S3000
M205 X10 Y10
G0 F6000 X60.352 Y200.228
G0 X60.729 Y201.418
G0 X61.701 Y202.513
G0 X63.073 Y203.031
G0 X64.244 Y202.888
G0 X81.23 Y200.082
G0 X81.338 Y200.07
M204 S1800
M205 X8 Y8
G1 F3000 X81.411 Y199.281 E2164.37153
G1 X81.525 Y198.267 E2164.40547
G1 X81.614 Y197.966 E2164.41591
G1 X82.119 Y196.523 E2164.46675
G1 X82.633 Y195.685 E2164.49945
G1 X83.075 Y194.984 E2164.52701
G1 X83.399 Y194.645 E2164.54261
G1 X84.363 Y193.683 E2164.58791
G1 X84.627 Y193.509 E2164.59842
G1 X85.889 Y192.718 E2164.64796
G1 X86.068 Y192.646 E2164.65438
G1 X87.592 Y192.113 E2164.70808
G1 X87.699 Y192.091 E2164.71171
G1 X89.399 Y191.901 E2164.76861
G1 X89.503 Y191.903 E2164.77207
G1 X91.2 Y192.095 E2164.82887
G1 X92.122 Y192.408 E2164.86125
G1 X92.887 Y192.676 E2164.88821
G1 X93.611 Y193.113 E2164.91634
G1 X94.429 Y193.626 E2164.94845
G1 X94.535 Y193.71 E2164.95295
G1 X95.725 Y194.901 E2165.00895
G1 X96.082 Y195.442 E2165.03051
G1 X96.71 Y196.442 E2165.06978
G1 X96.842 Y196.784 E2165.08198
G1 X97.315 Y198.135 E2165.12958
G1 X97.438 Y199.098 E2165.16187
G1 X97.535 Y199.964 E2165.19086
G1 X97.439 Y200.899 E2165.22212
G1 X97.341 Y201.761 E2165.25097
G1 X97.153 Y202.33 E2165.27091
G1 X96.754 Y203.467 E2165.31098
G1 X96.702 Y203.572 E2165.31488
G1 X95.793 Y205.018 E2165.37169
G1 X95.165 Y205.66 E2165.40156
G1 X94.508 Y206.315 E2165.43241
G1 X94.08 Y206.593 E2165.44939
G1 X92.969 Y207.288 E2165.49298
G1 X92.124 Y207.591 E2165.52283
G1 X91.261 Y207.892 E2165.55323
G1 X90.151 Y208.023 E2165.59041
G1 X89.465 Y208.1 E2165.61337
G1 X89.348 Y208.095 E2165.61726
G1 X87.678 Y207.906 E2165.67316
G1 X87.568 Y207.879 E2165.67693
G1 X85.969 Y207.319 E2165.73328
G1 X85.862 Y207.266 E2165.73725
G1 X84.432 Y206.369 E2165.79339
G1 X84.334 Y206.29 E2165.79758
G1 X83.144 Y205.098 E2165.8536
G1 X82.636 Y204.318 E2165.88456
G1 X82.154 Y203.549 E2165.91475
G1 X81.959 Y203.02 E2165.9335
G1 X81.545 Y201.834 E2165.97528
G1 X81.421 Y200.806 E2166.00972
G1 X81.338 Y200.07 E2166.03435
M204 S3000
M205 X10 Y10
G0 F6000 X81.23 Y200.082
G0 X81.487 Y198.187
G0 X82.088 Y196.463
G0 X82.962 Y195.072
G0 X99.354 Y177.72
G0 X99.46 Y177.695
M204 S1800
M205 X8 Y8
G1 F3000 X99.442 Y177.42 E2166.04352
G1 X99.459 Y177.271 E2166.04851
G1 X99.703 Y176.281 E2166.08242
G1 X99.896 Y175.914 E2166.09621
G1 X100.57 Y175.154 E2166.13
G1 X100.935 Y174.904 E2166.14471
G1 X101.863 Y174.557 E2166.17767
G1 X102.285 Y174.504 E2166.19181
G1 F3007.5 X103.294 Y174.627 E2166.22554
G1 X103.658 Y174.755 E2166.23834
G1 F3000 X104.523 Y175.352 E2166.27329
G1 X104.802 Y175.669 E2166.28734
G1 X105.281 Y176.581 E2166.3216
G1 X105.374 Y176.975 E2166.33507
G1 X105.372 Y177.991 E2166.36886
G1 X105.273 Y178.402 E2166.38292
G1 X104.8 Y179.298 E2166.41662
G1 X104.576 Y179.573 E2166.42842
G1 X103.712 Y180.172 E2166.46338
G1 X103.355 Y180.329 E2166.47635
G1 X102.782 Y180.401 E2166.49556
G1 X102.283 Y180.461 E2166.51228
G1 X101.896 Y180.424 E2166.52521
G1 X101.163 Y180.145 E2166.55129
G1 X100.817 Y179.997 E2166.56381
G1 X100.57 Y179.811 E2166.5741
G1 X99.875 Y179.027 E2166.60894
G1 X99.705 Y178.686 E2166.62162
G1 X99.46 Y177.695 E2166.65557
M204 S3000
M205 X10 Y10
G0 F6000 X99.354 Y177.72
G0 X99.729 Y178.902
G0 X100.701 Y179.996
G0 X119.198 Y194.139
G0 X119.735 Y194.097
M204 S1800
M205 X8 Y8
G1 F3000 X119.481 Y194.043 E2166.66421
G1 X119.26 Y193.868 E2166.67358
G1 X119.143 Y193.613 E2166.68291
G1 X118.95 Y192.801 E2166.71067
G1 X118.327 Y190.556 E2166.78816
G1 X117.693 Y188.965 E2166.84513
G1 X117.181 Y187.599 E2166.89365
G1 X116.757 Y186.709 E2166.92644
G1 X115.675 Y184.663 E2167.00342
G1 X115.153 Y183.822 E2167.03634
G1 X113.851 Y181.903 E2167.11347
G1 X113.24 Y181.122 E2167.14645
G1 X111.742 Y179.357 E2167.22345
G1 X111.048 Y178.647 E2167.25647
G1 X109.367 Y177.055 E2167.33347
G1 X108.572 Y176.405 E2167.36763
G1 X106.756 Y175.025 E2167.44349
G1 X105.914 Y174.479 E2167.47687
G1 F3007.5 X103.916 Y173.277 E2167.55422
G1 X103.054 Y172.844 E2167.58623
G1 F3000 X100.953 Y171.871 E2167.66324
G1 X99.98 Y171.51 E2167.69776
G1 X97.829 Y170.787 E2167.77323
G1 X96.811 Y170.533 E2167.80813
G1 X94.607 Y170.046 E2167.8832
G1 X93.624 Y169.912 E2167.9162
G1 X91.321 Y169.661 E2167.99325
G1 X90.33 Y169.635 E2168.02622
G1 X88.015 Y169.636 E2168.10322
G1 X87.026 Y169.72 E2168.13623
G1 X84.723 Y169.97 E2168.21328
G1 X83.75 Y170.163 E2168.24627
G1 X81.486 Y170.661 E2168.32337
G1 X80.544 Y170.956 E2168.35621
G1 X78.349 Y171.698 E2168.43327
G1 X77.442 Y172.096 E2168.46621
G1 X75.338 Y173.07 E2168.54333
G1 X74.481 Y173.563 E2168.57621
G1 X72.498 Y174.76 E2168.65325
G1 X71.625 Y175.403 E2168.68931
G1 X69.853 Y176.751 E2168.76337
G1 X69.021 Y177.52 E2168.80105
G1 X67.443 Y179.016 E2168.87337
G1 X66.791 Y179.762 E2168.90632
G1 X65.291 Y181.529 E2168.98341
G1 X64.639 Y182.475 E2169.02163
G1 X63.428 Y184.26 E2169.09337
G1 X61.872 Y187.179 E2169.20339
G1 X60.635 Y190.262 E2169.31388
G1 X59.796 Y193.28 E2169.41806
G1 X59.595 Y194.387 E2169.45548
G1 X59.215 Y196.7 E2169.53344
G1 X59.046 Y199.825 E2169.63753
G1 X59.036 Y200.002 E2169.64343
G1 X59.216 Y203.301 E2169.75332
G1 X59.753 Y206.566 E2169.86337
G1 X60.639 Y209.739 E2169.97294
G1 X61.873 Y212.822 E2170.08339
G1 X63.429 Y215.742 E2170.19344
G1 X64.73 Y217.659 E2170.2705
G1 X65.293 Y218.473 E2170.30342
G1 X66.844 Y220.299 E2170.3831
G1 X67.442 Y220.986 E2170.41339
G1 X69.125 Y222.58 E2170.49049
G1 X69.858 Y223.256 E2170.52366
G1 X71.699 Y224.654 E2170.60054
G1 X72.498 Y225.24 E2170.6335
G1 X74.482 Y226.436 E2170.71055
G1 X75.34 Y226.932 E2170.74351
G1 X77.443 Y227.906 E2170.8206
G1 X78.349 Y228.305 E2170.85352
G1 X80.541 Y229.043 E2170.93045
G1 X81.488 Y229.34 E2170.96346
G1 X83.752 Y229.839 E2171.04057
G1 X84.723 Y230.031 E2171.07349
G1 X87.027 Y230.281 E2171.15057
G1 X88.014 Y230.364 E2171.18351
G1 X90.33 Y230.363 E2171.26054
G1 X91.321 Y230.338 E2171.29352
G1 X93.624 Y230.087 E2171.37057
G1 X94.606 Y229.953 E2171.40353
G1 X95.034 Y229.86 E2171.4181
G1 X96.924 Y229.44 E2171.48249
G1 X97.829 Y229.214 E2171.51352
G1 X100.052 Y228.464 E2171.59155
G1 X100.953 Y228.128 E2171.62353
G1 X103.068 Y227.149 E2171.70105
G1 F3007.5 X103.94 Y226.711 E2171.73342
G1 X105.935 Y225.508 E2171.81072
G1 F3000 X106.756 Y224.974 E2171.84329
G1 X108.603 Y223.571 E2171.92043
G1 X109.367 Y222.945 E2171.95329
G1 X111.051 Y221.351 E2172.03041
G1 X111.744 Y220.644 E2172.06334
G1 X113.243 Y218.877 E2172.14041
G1 X113.852 Y218.098 E2172.17329
G1 X115.155 Y216.179 E2172.25044
G1 X115.673 Y215.338 E2172.28329
G1 X116.759 Y213.289 E2172.36042
G1 X117.182 Y212.401 E2172.39314
G1 X117.554 Y211.429 E2172.42776
G1 X118.248 Y209.688 E2172.49009
G1 X118.67 Y208.275 E2172.53914
G1 X118.807 Y207.775 E2172.55638
G1 X119.003 Y206.985 E2172.58346
G1 X119.148 Y206.293 E2172.60697
G1 X119.276 Y206.05 E2172.61611
G1 X119.479 Y205.897 E2172.62456
G1 X119.734 Y205.843 E2172.63323
G1 X129.76 Y205.903 E2172.9667
G1 X134.835 Y205.881 E2173.1355
G1 X134.835 Y201.996 E2173.26471
G1 F3022.7 X134.838 Y200.93 E2173.2999
G1 F3133.2 X134.846 Y200.64 E2173.30914
G1 X134.771 Y200.914 E2173.31819
G1 F3022.7 X134.274 Y201.857 E2173.35338
G1 F3000 X134.042 Y202.115 E2173.36492
G1 X133.171 Y202.716 E2173.40011
G1 X132.796 Y202.858 E2173.41345
G1 X131.755 Y202.981 E2173.44832
G1 X131.487 Y202.963 E2173.45725
G1 X131.362 Y202.929 E2173.46156
G1 X130.362 Y202.543 E2173.49721
G1 X130.099 Y202.354 E2173.50798
G1 X129.392 Y201.562 E2173.54329
G1 X129.204 Y201.2 E2173.55686
G1 X128.959 Y200.211 E2173.59075
G1 X128.942 Y199.875 E2173.60194
G1 X128.956 Y199.798 E2173.60454
G1 X129.214 Y198.767 E2173.63989
G1 X129.379 Y198.457 E2173.65157
G1 X130.089 Y197.655 E2173.6872
G1 X130.383 Y197.448 E2173.69916
G1 X131.392 Y197.064 E2173.73506
G1 X131.757 Y197.018 E2173.7473
G1 X132.828 Y197.149 E2173.78319
G1 X133.166 Y197.279 E2173.79523
G1 X134.053 Y197.895 E2173.83115
G1 X134.286 Y198.158 E2173.84284
G1 F3015.1 X134.532 Y198.632 E2173.86051
G1 F3045.7 X134.779 Y199.107 E2173.87805
G1 F3108.8 X134.845 Y199.268 E2173.88363
G1 X134.839 Y199.093 E2173.88925
G1 F3045.7 X134.837 Y198.289 E2173.91559
G1 F3015.1 X134.835 Y197.485 E2173.9422
G1 F3000 X134.835 Y194.121 E2174.05409
G1 X123.018 Y194.081 E2174.44713
G1 X119.735 Y194.097 E2174.55632
M204 S3000
M205 X10 Y10
G0 F6000 X119.735 Y194.207
G0 X133.133 Y197.197
G0 X134.141 Y197.896
G0 X134.802 Y199.069
G0 X134.848 Y199.38
M204 S1800
M205 X8 Y8
G1 F3260.9 X134.854 Y199.496 E2174.55987
G1 F3305.8 X134.853 Y200.509 E2174.59045
G1 F3269.8 X134.85 Y200.609 E2174.5935
M204 S3000
M205 X10 Y10
G0 F6000 X134.811 Y200.917
G0 X134.273 Y201.961
G0 X133.128 Y202.804
G0 X119.21 Y205.799
G0 X100.563 Y220.125
G0 X99.728 Y221.099
G0 X99.35 Y222.737
G0 X99.456 Y222.712
M204 S1800
M205 X8 Y8
G1 F3000 X99.442 Y222.454 E2174.6021
G1 X99.562 Y221.886 E2174.62141
G1 X99.712 Y221.281 E2174.64214
G1 X99.897 Y220.947 E2174.65484
G1 X100.571 Y220.188 E2174.6886
G1 X100.919 Y219.945 E2174.70271
G1 X101.863 Y219.592 E2174.73624
G1 X102.235 Y219.534 E2174.74876
G1 X102.761 Y219.596 E2174.76637
G1 X103.294 Y219.661 E2174.78423
G1 X103.632 Y219.776 E2174.79611
G1 X104.203 Y220.166 E2174.81911
G1 X104.637 Y220.489 E2174.8371
G1 X104.802 Y220.704 E2174.84611
G1 X105.281 Y221.616 E2174.88038
G1 X105.373 Y222.009 E2174.8938
G1 X105.372 Y223.025 E2174.92759
G1 X105.273 Y223.436 E2174.94165
G1 X104.8 Y224.332 E2174.97535
G1 X104.52 Y224.651 E2174.98947
G1 X103.655 Y225.245 E2175.02437
G1 X103.292 Y225.374 E2175.03718
G1 X102.283 Y225.496 E2175.07099
G1 X101.858 Y225.445 E2175.08522
G1 X100.924 Y225.087 E2175.11849
G1 X100.569 Y224.845 E2175.13278
G1 X99.896 Y224.085 E2175.16655
G1 X99.735 Y223.809 E2175.17717
G1 X99.705 Y223.719 E2175.18033
G1 X99.456 Y222.712 E2175.21483
M204 S3000
M205 X10 Y10
G0 F6000 X99.065 Y222.797
M204 S1800
M205 X8 Y8
G1 F3000 X99.042 Y222.457 E2175.22617
G1 X99.173 Y221.79 E2175.24877
G1 X99.314 Y221.218 E2175.26837
G1 X99.502 Y220.808 E2175.28337
G1 X100.272 Y219.922 E2175.32241
G1 X100.629 Y219.644 E2175.33746
G1 X101.723 Y219.217 E2175.37652
G1 X102.156 Y219.135 E2175.39118
G1 X102.81 Y219.199 E2175.41304
G1 X103.343 Y219.264 E2175.43089
G1 X103.735 Y219.382 E2175.44451
G1 X104.431 Y219.836 E2175.47215
G1 X104.845 Y220.131 E2175.48906
G1 X105.156 Y220.518 E2175.50557
G1 X105.635 Y221.43 E2175.53983
G1 X105.751 Y221.8 E2175.55273
G1 X105.773 Y222.01 E2175.55975
G1 X105.772 Y223.025 E2175.59351
G1 X105.715 Y223.385 E2175.60563
G1 X105.543 Y223.782 E2175.62002
G1 X105.154 Y224.519 E2175.64774
G1 F2569.6 X104.784 Y225.036 E2175.67243
G1 F2281.4 X104.362 Y225.316 E2175.69458
G1 F2348.3 X103.94 Y225.597 E2175.71612
G1 F2366.9 X103.726 Y225.715 E2175.72642
G1 F2484.5 X103.168 Y225.787 E2175.74902
G1 F2810.3 X102.61 Y225.859 E2175.769
G1 F3000 X102.102 Y225.894 E2175.78593
G1 X101.714 Y225.818 E2175.79908
G1 X100.777 Y225.459 E2175.83246
G1 X100.387 Y225.222 E2175.84763
G1 X100.27 Y225.11 E2175.85302
G1 X99.596 Y224.35 E2175.88681
G1 X99.367 Y223.965 E2175.90171
G1 X99.317 Y223.815 E2175.90697
G1 X99.065 Y222.797 E2175.94185
M204 S3000
M205 X10 Y10
G0 F6000 X83.06 Y205.083
G0 X82.088 Y203.537
G0 X81.548 Y201.986
G0 X81.014 Y199.236
M204 S1800
M205 X8 Y8
G1 F3000 X81.128 Y198.222 E2175.97579
G1 X81.236 Y197.834 E2175.98918
G1 X81.748 Y196.373 E2176.04067
G1 X82.295 Y195.473 E2176.0757
G1 X82.747 Y194.756 E2176.10389
G1 X83.116 Y194.363 E2176.12182
G1 X84.099 Y193.382 E2176.16801
G1 X84.414 Y193.17 E2176.18064
G1 X85.681 Y192.376 E2176.23037
G1 X85.936 Y192.269 E2176.23957
G1 X87.476 Y191.731 E2176.29383
G1 X87.654 Y191.694 E2176.29987
G1 X89.376 Y191.501 E2176.35751
G1 X89.547 Y191.506 E2176.3632
G1 X91.264 Y191.7 E2176.42067
G1 X92.254 Y192.031 E2176.45539
G1 X93.019 Y192.299 E2176.48235
G1 X93.824 Y192.775 E2176.51345
G1 X94.642 Y193.287 E2176.54555
G1 X94.818 Y193.428 E2176.55305
G1 X96.008 Y194.619 E2176.60905
G1 X96.421 Y195.23 E2176.63357
G1 X97.067 Y196.26 E2176.67401
G1 X97.219 Y196.652 E2176.688
G1 X97.692 Y198.003 E2176.73561
G1 X97.835 Y199.053 E2176.77085
G1 X97.934 Y199.941 E2176.80057
G1 X97.836 Y200.944 E2176.83409
G1 X97.736 Y201.824 E2176.86354
G1 X97.53 Y202.462 E2176.88584
G1 X97.128 Y203.611 E2176.92633
G1 X97.04 Y203.784 E2176.93279
G1 X96.121 Y205.246 E2176.99022
G1 X95.448 Y205.942 E2177.02242
G1 X94.818 Y206.572 E2177.05206
G1 X94.293 Y206.931 E2177.07321
G1 X93.172 Y207.633 E2177.1172
G1 X92.256 Y207.968 E2177.14964
G1 X91.418 Y208.262 E2177.17918
G1 X90.84 Y208.348 E2177.19862
G1 X89.547 Y208.494 E2177.24189
G1 X89.303 Y208.492 E2177.25001
G1 X87.619 Y208.302 E2177.30638
G1 X87.436 Y208.256 E2177.31265
G1 X85.827 Y207.693 E2177.36935
G1 X85.649 Y207.605 E2177.37595
G1 X84.214 Y206.705 E2177.43229
G1 X84.051 Y206.572 E2177.43929
G1 X82.86 Y205.381 E2177.49531
G1 X82.298 Y204.53 E2177.52923
G1 X81.806 Y203.747 E2177.55999
G1 X81.581 Y203.152 E2177.58114
G1 X81.177 Y201.996 E2177.62187
G1 X81.024 Y200.851 E2177.66029
G1 X80.941 Y200.114 E2177.68496
G1 X81.014 Y199.236 E2177.71426
M204 S3000
M205 X10 Y10
G0 F6000 X64.339 Y202.901
G0 X63.073 Y203.031
G0 X61.701 Y202.513
G0 X60.915 Y201.627
G0 X60.014 Y200.305
M204 S1800
M205 X8 Y8
G1 F2371.5 X59.991 Y199.941 E2177.72961
G1 X60.017 Y199.679 E2177.74069
G1 F2484.5 X60.165 Y199.191 E2177.76117
G1 F2810.3 X60.314 Y198.702 E2177.77932
G1 F3000 X60.464 Y198.357 E2177.79183
G1 X61.226 Y197.457 E2177.83105
G1 X61.582 Y197.157 E2177.84654
G1 X62.723 Y196.7 E2177.88742
G1 X63.068 Y196.627 E2177.89915
G1 X63.333 Y196.624 E2177.90796
G1 X64.343 Y196.747 E2177.9418
G1 X64.815 Y196.903 E2177.95834
G1 X64.915 Y196.964 E2177.96223
G1 X65.75 Y197.54 E2177.99597
G1 X66.08 Y197.879 E2178.01171
G1 X66.156 Y198 E2178.01646
G1 X66.644 Y198.93 E2178.05139
G1 X66.766 Y199.362 E2178.06632
G1 X66.773 Y199.987 E2178.08711
G1 X66.773 Y200.508 E2178.10444
G1 X66.68 Y200.985 E2178.1206
G1 X66.626 Y201.106 E2178.12501
G1 X66.131 Y202.043 E2178.16026
G1 X65.837 Y202.393 E2178.17546
G1 X65.746 Y202.464 E2178.1793
G1 X64.906 Y203.041 E2178.21319
G1 X64.471 Y203.23 E2178.22897
G1 X64.34 Y203.254 E2178.2334
G1 X63.33 Y203.375 E2178.26723
G1 X62.958 Y203.361 E2178.27961
G1 X61.786 Y202.946 E2178.32096
G1 X61.473 Y202.768 E2178.33294
G1 X61.227 Y202.545 E2178.34398
G1 X60.596 Y201.833 E2178.37563
G1 X60.396 Y201.511 E2178.38823
G1 X60.317 Y201.298 E2178.39579
G1 F2810.3 X60.166 Y200.802 E2178.4142
G1 F2484.5 X60.014 Y200.305 E2178.43507
M204 S3000
M205 X10 Y10
G0 F6000 X60.837 Y198.427
G0 X61.7 Y197.488
G0 X99.174 Y178.2
M204 S1800
M205 X8 Y8
G1 F3000 X99.053 Y177.693 E2178.45241
G1 X99.042 Y177.423 E2178.46139
G1 X99.071 Y177.175 E2178.4697
G1 X99.314 Y176.185 E2178.5036
G1 X99.493 Y175.789 E2178.51806
G1 X99.597 Y175.649 E2178.52386
G1 X100.271 Y174.889 E2178.55765
G1 X100.582 Y174.64 E2178.5709
G1 X101.723 Y174.183 E2178.61178
G1 X102.068 Y174.109 E2178.62351
G1 X102.606 Y174.14 E2178.64144
G1 F2919.7 X103.344 Y174.218 E2178.6668
G1 F2542.4 X103.599 Y174.23 E2178.67682
G1 F2343.8 X103.945 Y174.404 E2178.6933
G1 F2352.9 X104.367 Y174.685 E2178.7148
G1 F2281.4 X104.789 Y174.967 E2178.737
G1 F2234.6 X104.886 Y175.037 E2178.74234
G1 F2553.2 X105.156 Y175.483 E2178.76272
G1 F3000 X105.635 Y176.395 E2178.79698
G1 X105.751 Y176.766 E2178.80991
G1 X105.774 Y176.975 E2178.8169
G1 X105.772 Y177.992 E2178.85073
G1 X105.708 Y178.381 E2178.86384
G1 X105.627 Y178.589 E2178.87127
G1 X105.154 Y179.485 E2178.90496
G1 X104.841 Y179.873 E2178.92155
G1 X103.939 Y180.502 E2178.95812
G1 X103.495 Y180.706 E2178.97437
G1 X102.829 Y180.798 E2178.99673
G1 X102.331 Y180.858 E2179.01342
G1 X101.843 Y180.824 E2179.02969
G1 X101.019 Y180.518 E2179.05892
G1 X100.599 Y180.333 E2179.07419
G1 X100.271 Y180.077 E2179.08803
G1 X99.561 Y179.275 E2179.12365
G1 X99.352 Y178.895 E2179.13808
G1 X99.174 Y178.2 E2179.16194
M204 S3000
M205 X10 Y10
G0 F6000 X100.562 Y179.874
G0 X118.853 Y193.976
M204 S1800
M205 X8 Y8
G1 F3000 X118.75 Y193.69 E2179.17205
G1 X118.565 Y192.908 E2179.19878
G1 X117.948 Y190.684 E2179.27554
G1 X117.318 Y189.105 E2179.33208
G1 X116.812 Y187.756 E2179.38
G1 X116.4 Y186.888 E2179.41196
G1 X115.328 Y184.863 E2179.48817
G1 X114.817 Y184.04 E2179.52039
G1 X113.528 Y182.139 E2179.59678
G1 X112.93 Y181.374 E2179.62908
G1 X111.446 Y179.627 E2179.70531
G1 X110.768 Y178.932 E2179.73761
G1 X109.103 Y177.355 E2179.81388
G1 X108.33 Y176.724 E2179.84707
G1 X106.526 Y175.352 E2179.92245
G1 X105.708 Y174.821 E2179.95489
G1 F2553.2 X105.204 Y174.6 E2179.9764
G1 F2234.6 X105.077 Y174.52 E2179.9831
G1 F2281.4 X104.647 Y174.252 E2180.00526
G1 F2352.9 X104.216 Y173.983 E2180.02681
G1 F2429.1 X103.736 Y173.684 E2180.05003
G1 F2708.8 X102.887 Y173.207 E2180.08591
G1 F3000 X100.799 Y172.241 E2180.16242
G1 X99.852 Y171.889 E2180.19603
G1 X97.832 Y171.211 E2180.2669
G1 X97.234 Y171.05 E2180.28749
G1 X96.724 Y170.924 E2180.30497
G1 X94.537 Y170.44 E2180.37947
G1 X93.575 Y170.309 E2180.41176
G1 X91.294 Y170.06 E2180.48808
G1 X90.44 Y170.039 E2180.51649
G1 X90.211 Y170.035 E2180.52411
G1 X88.032 Y170.036 E2180.59658
G1 X87.065 Y170.118 E2180.62886
G1 X84.784 Y170.366 E2180.70517
G1 X83.832 Y170.554 E2180.73745
G1 X81.589 Y171.048 E2180.81384
G1 X80.668 Y171.336 E2180.84593
G1 X78.494 Y172.071 E2180.92226
G1 X77.606 Y172.46 E2180.95451
G1 X75.522 Y173.425 E2181.03089
G1 X74.685 Y173.908 E2181.06303
G1 X72.72 Y175.093 E2181.13935
G1 X71.938 Y175.667 E2181.17162
G1 X70.11 Y177.058 E2181.24802
G1 X69.296 Y177.81 E2181.28487
G1 X67.732 Y179.293 E2181.35656
G1 X67.094 Y180.023 E2181.38881
G1 X65.609 Y181.773 E2181.46514
G1 X64.97 Y182.7 E2181.50259
G1 X63.771 Y184.467 E2181.57361
G1 X62.235 Y187.348 E2181.68221
G1 X61.014 Y190.391 E2181.79126
G1 X60.143 Y193.521 E2181.89932
G1 X59.613 Y196.743 E2182.00792
G1 X59.515 Y198.584 E2182.06924
G1 F2810.3 X59.515 Y199.095 E2182.08739
G1 F2484.5 X59.514 Y199.606 E2182.10791
G1 F2366.9 X59.488 Y200.002 E2182.12464
G1 X59.514 Y200.395 E2182.14124
G1 F2484.5 X59.514 Y200.906 E2182.16176
G1 F2810.3 X59.514 Y201.417 E2182.17991
G1 F3000 X59.614 Y203.258 E2182.24123
G1 X60.144 Y206.479 E2182.3498
G1 X61.018 Y209.61 E2182.45792
G1 X62.237 Y212.653 E2182.56695
G1 X63.772 Y215.535 E2182.67555
G1 X65.087 Y217.471 E2182.75339
G1 X65.611 Y218.229 E2182.78404
G1 X67.146 Y220.036 E2182.8629
G1 X67.731 Y220.709 E2182.89256
G1 X69.451 Y222.336 E2182.97131
G1 X70.115 Y222.949 E2183.00136
G1 X72.007 Y224.384 E2183.08035
G1 X72.72 Y224.907 E2183.10976
G1 X74.769 Y226.14 E2183.18929
G1 X75.525 Y226.577 E2183.21834
G1 X77.608 Y227.541 E2183.29468
G1 X78.493 Y227.931 E2183.32684
G1 X80.665 Y228.662 E2183.40307
G1 X81.591 Y228.953 E2183.43535
G1 X83.834 Y229.448 E2183.51175
G1 X84.784 Y229.635 E2183.54395
G1 X87.066 Y229.883 E2183.6203
G1 X88.03 Y229.964 E2183.65247
G1 X90.325 Y229.963 E2183.7288
G1 X91.294 Y229.939 E2183.76104
G1 X93.575 Y229.69 E2183.83736
G1 X94.536 Y229.559 E2183.86962
G1 X96.779 Y229.064 E2183.94602
G1 X97.716 Y228.83 E2183.97814
G1 X99.889 Y228.096 E2184.05443
G1 X100.799 Y227.758 E2184.08671
G1 X102.889 Y226.791 E2184.16331
G1 X103.547 Y226.461 E2184.18779
G1 F2666.7 X104.147 Y226.061 E2184.21477
G1 F2390.4 X104.212 Y226.019 E2184.218
G1 F2348.3 X104.642 Y225.751 E2184.23953
G1 F2281.4 X105.072 Y225.483 E2184.26169
G1 F2569.6 X105.519 Y225.292 E2184.28057
G1 F3000 X106.504 Y224.661 E2184.31947
G1 X107.048 Y224.251 E2184.34213
G1 X108.355 Y223.257 E2184.39674
G1 X109.103 Y222.645 E2184.42889
G1 X110.77 Y221.065 E2184.50528
G1 X111.448 Y220.374 E2184.53748
G1 X112.933 Y218.625 E2184.61379
G1 X113.529 Y217.862 E2184.64599
G1 X114.819 Y215.962 E2184.72238
G1 X115.326 Y215.139 E2184.75453
G1 X116.402 Y213.109 E2184.83094
G1 X116.814 Y212.243 E2184.86284
G1 X117.183 Y211.281 E2184.89711
G1 X117.87 Y209.557 E2184.95884
G1 X118.313 Y208.063 E2185.01066
G1 X118.541 Y207.241 E2185.03904
G1 X118.761 Y206.193 E2185.07465
G1 X118.918 Y205.857 E2185.08699
G1 X119.161 Y205.62 E2185.09828
G1 X119.508 Y205.467 E2185.11089
G1 X119.737 Y205.443 E2185.11855
G1 X129.758 Y205.503 E2185.45185
G1 X134.435 Y205.483 E2185.60741
G1 X134.435 Y202.3 E2185.71328
G1 X134.269 Y202.444 E2185.72059
G1 X133.399 Y203.045 E2185.75576
G1 X132.985 Y203.227 E2185.7708
G1 X132.843 Y203.255 E2185.77561
G1 X131.802 Y203.379 E2185.81048
G1 X131.426 Y203.358 E2185.82301
G1 X131.218 Y203.303 E2185.83016
G1 X130.208 Y202.912 E2185.86619
G1 X129.949 Y202.757 E2185.87623
G1 X129.8 Y202.621 E2185.88294
G1 X129.093 Y201.829 E2185.91825
G1 X128.89 Y201.5 E2185.9311
G1 X128.816 Y201.296 E2185.93832
G1 X128.571 Y200.307 E2185.97221
G1 X128.545 Y199.83 E2185.9881
G1 X128.568 Y199.701 E2185.99246
G1 X128.826 Y198.67 E2186.02781
G1 X128.953 Y198.371 E2186.03861
G1 X129.08 Y198.192 E2186.04591
G1 X129.789 Y197.39 E2186.08151
G1 X129.992 Y197.211 E2186.09052
G1 X130.241 Y197.074 E2186.09997
G1 X131.25 Y196.69 E2186.13588
G1 X131.688 Y196.614 E2186.15066
G1 X131.806 Y196.621 E2186.15459
G1 X132.877 Y196.752 E2186.19048
G1 X133.192 Y196.842 E2186.20138
G1 X133.394 Y196.95 E2186.209
G1 X134.282 Y197.566 E2186.24494
G1 X134.435 Y197.702 E2186.25175
G1 X134.435 Y194.519 E2186.35762
G1 X123.02 Y194.481 E2186.73728
G1 X119.737 Y194.497 E2186.84648
G1 X119.407 Y194.443 E2186.8576
G1 X119.103 Y194.276 E2186.86914
G1 X118.853 Y193.976 E2186.88212
M204 S3000
M205 X10 Y10
G0 F6000 X118.893 Y205.347
M204 S1800
M205 X8 Y8
;TYPE:SKIN
G1 F1200 X119.339 Y205.124 E2186.89871
G1 X119.74 Y205.063 E2186.9122
G1 X129.279 Y205.119 E2187.22947
G1 X134.055 Y205.104 E2187.38832
G1 X134.055 Y203.054 E2187.45651
G1 X133.619 Y203.355 E2187.47413
G1 X133.296 Y203.521 E2187.48621
G1 X132.968 Y203.622 E2187.49762
G1 X131.847 Y203.756 E2187.53517
G1 X131.455 Y203.747 E2187.54821
G1 X131.083 Y203.656 E2187.56095
G1 X130.071 Y203.265 E2187.59704
G1 X129.758 Y203.087 E2187.60901
G1 X129.514 Y202.873 E2187.61981
G1 X128.809 Y202.084 E2187.655
G1 X128.595 Y201.761 E2187.66789
G1 X128.449 Y201.392 E2187.68108
G1 X128.2 Y200.392 E2187.71536
G1 X128.162 Y200.081 E2187.72578
G1 X128.202 Y199.593 E2187.74207
G1 X128.464 Y198.557 E2187.77761
G1 X128.596 Y198.233 E2187.78925
G1 X128.795 Y197.938 E2187.80108
G1 X129.517 Y197.124 E2187.83727
G1 X129.726 Y196.938 E2187.84658
G1 X130.106 Y196.718 E2187.86118
G1 X131.139 Y196.327 E2187.89792
G1 X131.394 Y196.261 E2187.90668
G1 X131.852 Y196.243 E2187.92192
G1 X132.934 Y196.376 E2187.95818
G1 X133.132 Y196.418 E2187.96491
G1 X133.609 Y196.636 E2187.98236
G1 X134.055 Y196.931 E2188.00014
G1 X134.055 Y194.899 E2188.06773
G1 X123.032 Y194.863 E2188.43435
G1 X119.727 Y194.876 E2188.54428
G1 X119.263 Y194.794 E2188.55995
G1 X118.93 Y194.619 E2188.57246
G1 X118.625 Y194.32 E2188.58667
G1 X118.391 Y193.809 E2188.60536
G1 X118.216 Y193.075 E2188.63046
G1 X117.587 Y190.806 E2188.70877
G1 X116.974 Y189.269 E2188.76381
G1 X116.461 Y187.905 E2188.81228
G1 X116.059 Y187.059 E2188.84343
G1 X114.997 Y185.052 E2188.91895
G1 X114.499 Y184.248 E2188.95041
G1 X113.22 Y182.363 E2189.02617
G1 X112.634 Y181.615 E2189.05778
G1 X111.165 Y179.883 E2189.13332
G1 X110.546 Y179.252 E2189.16271
G1 X108.9 Y177.689 E2189.23821
G1 X108.135 Y177.055 E2189.27126
G1 X106.296 Y175.659 E2189.34805
G1 X105.606 Y175.21 E2189.37543
G1 X105.387 Y175.095 E2189.38366
G1 X105.879 Y176.038 E2189.41903
G1 X106.088 Y176.536 E2189.437
G1 X106.154 Y176.975 E2189.45176
G1 X106.153 Y177.994 E2189.48565
G1 X106.072 Y178.448 E2189.50099
G1 X105.961 Y178.771 E2189.51235
G1 X105.493 Y179.662 E2189.54583
G1 X105.16 Y180.085 E2189.56373
G1 X104.657 Y180.468 E2189.58476
G1 X103.995 Y180.916 E2189.61135
G1 X103.525 Y181.092 E2189.62804
G1 X102.877 Y181.176 E2189.64977
G1 X102.156 Y181.244 E2189.67386
G1 X101.613 Y181.148 E2189.6922
G1 X100.815 Y180.828 E2189.72079
G1 X100.377 Y180.64 E2189.73665
G1 X99.985 Y180.327 E2189.75333
G1 X99.22 Y179.454 E2189.79194
G1 X98.983 Y178.986 E2189.80939
G1 X98.816 Y178.339 E2189.83161
G1 X98.671 Y177.705 E2189.85324
G1 X98.689 Y177.154 E2189.87158
G1 X98.694 Y177.115 E2189.87289
G1 X98.949 Y176.081 E2189.90831
G1 X99.026 Y175.863 E2189.916
G1 X99.292 Y175.424 E2189.93307
G1 X99.314 Y175.395 E2189.93428
G1 X99.995 Y174.625 E2189.96847
G1 X100.164 Y174.47 E2189.9761
G1 X100.62 Y174.191 E2189.99388
G1 X101.584 Y173.829 E2190.02813
G1 X102.055 Y173.731 E2190.04413
G1 X102.655 Y173.762 E2190.06411
G1 X103.206 Y173.812 E2190.08251
G1 X102.705 Y173.543 E2190.10142
G1 X100.689 Y172.61 E2190.17531
G1 X99.735 Y172.251 E2190.20921
G1 X97.609 Y171.538 E2190.28379
G1 X96.692 Y171.309 E2190.31523
G1 X94.47 Y170.815 E2190.39094
G1 X93.534 Y170.689 E2190.42235
G1 X91.27 Y170.44 E2190.49811
G1 X90.434 Y170.419 E2190.52592
G1 X88.049 Y170.417 E2190.60525
G1 X87.251 Y170.484 E2190.63188
G1 X84.842 Y170.742 E2190.71246
G1 X83.923 Y170.927 E2190.74364
G1 X81.685 Y171.417 E2190.81984
G1 X80.897 Y171.663 E2190.8473
G1 X78.634 Y172.426 E2190.92673
G1 X77.768 Y172.807 E2190.9582
G1 X75.698 Y173.764 E2191.03405
G1 X74.972 Y174.182 E2191.06191
G1 X72.933 Y175.41 E2191.14108
G1 X72.312 Y175.867 E2191.16672
G1 X70.749 Y177.051 E2191.23194
G1 X69.995 Y177.682 E2191.26464
G1 X68.006 Y179.558 E2191.35558
G1 X67.399 Y180.254 E2191.38629
G1 X65.91 Y182.006 E2191.46277
G1 X64.096 Y184.665 E2191.56983
G1 X62.581 Y187.511 E2191.67706
G1 X61.372 Y190.528 E2191.78516
G1 X60.515 Y193.606 E2191.89143
G1 X59.998 Y196.746 E2191.99728
G1 X59.896 Y198.597 E2192.05893
G1 X59.904 Y198.732 E2192.06343
G1 X60.07 Y198.292 E2192.07907
G1 X60.311 Y197.912 E2192.09404
G1 X60.956 Y197.19 E2192.12624
G1 X61.245 Y196.929 E2192.13919
G1 X61.665 Y196.69 E2192.15526
G1 X62.836 Y196.28 E2192.19653
G1 X63.344 Y196.245 E2192.21347
G1 X63.38 Y196.246 E2192.21466
G1 X64.4 Y196.371 E2192.24884
G1 X64.599 Y196.413 E2192.25561
G1 X65.104 Y196.633 E2192.27393
G1 X65.967 Y197.228 E2192.30879
G1 X66.11 Y197.344 E2192.31492
G1 X66.448 Y197.745 E2192.33236
G1 X66.976 Y198.742 E2192.36988
G1 X67.106 Y199.192 E2192.38546
G1 X67.153 Y199.431 E2192.39356
G1 X67.153 Y199.992 E2192.41222
G1 X67.14 Y200.696 E2192.43564
G1 X67.009 Y201.188 E2192.45258
G1 X66.492 Y202.178 E2192.48972
G1 X66.052 Y202.707 E2192.51261
G1 X66.017 Y202.737 E2192.51414
G1 X65.125 Y203.352 E2192.55018
G1 X64.827 Y203.506 E2192.56134
G1 X64.381 Y203.632 E2192.57675
G1 X63.375 Y203.753 E2192.61045
G1 X63.045 Y203.753 E2192.62143
G1 X62.568 Y203.652 E2192.63764
G1 X61.428 Y203.189 E2192.67857
G1 X61.007 Y202.868 E2192.69618
G1 X60.311 Y202.088 E2192.73095
G1 X60.047 Y201.661 E2192.74764
G1 X59.903 Y201.267 E2192.7616
G1 X59.91 Y201.688 E2192.7756
G1 X59.991 Y203.175 E2192.82513
G1 X60.516 Y206.395 E2192.93364
G1 X61.375 Y209.473 E2193.03993
G1 X62.582 Y212.491 E2193.14804
G1 X64.097 Y215.337 E2193.25527
G1 X65.912 Y217.996 E2193.36235
G1 X67.383 Y219.73 E2193.43798
G1 X68.005 Y220.444 E2193.46948
G1 X69.356 Y221.724 E2193.53138
G1 X70.364 Y222.661 E2193.57715
G1 X72.163 Y224.023 E2193.6522
G1 X72.932 Y224.588 E2193.68394
G1 X74.643 Y225.619 E2193.75038
G1 X75.696 Y226.236 E2193.79097
G1 X77.751 Y227.187 E2193.86628
G1 X78.632 Y227.578 E2193.89834
G1 X80.653 Y228.256 E2193.96924
G1 X81.703 Y228.591 E2194.0059
G1 X83.799 Y229.051 E2194.07727
G1 X84.393 Y229.168 E2194.09741
G1 X85.298 Y229.308 E2194.12787
G1 X86.976 Y229.49 E2194.184
G1 X88.048 Y229.584 E2194.2198
G1 X90.314 Y229.582 E2194.29516
G1 X91.267 Y229.559 E2194.32687
G1 X93.448 Y229.321 E2194.39984
G1 X94.468 Y229.184 E2194.43407
G1 X96.644 Y228.703 E2194.50819
G1 X97.61 Y228.465 E2194.54128
G1 X99.742 Y227.746 E2194.61612
G1 X100.611 Y227.423 E2194.64695
G1 X102.718 Y226.45 E2194.72414
G1 X103.298 Y226.16 E2194.74571
G1 X102.644 Y226.238 E2194.76762
G1 X102.096 Y226.273 E2194.78588
G1 X101.603 Y226.179 E2194.80257
G1 X101.568 Y226.169 E2194.80378
G1 X100.428 Y225.704 E2194.84473
G1 X100.009 Y225.385 E2194.86225
G1 X99.983 Y225.36 E2194.86345
G1 X99.301 Y224.59 E2194.89766
G1 X99.153 Y224.383 E2194.90612
G1 X98.946 Y223.905 E2194.92345
G1 X98.7 Y222.911 E2194.95751
G1 X98.663 Y222.579 E2194.96862
G1 X98.701 Y222.118 E2194.984
G1 X98.95 Y221.113 E2195.01844
G1 X99.154 Y220.649 E2195.0353
G1 X99.895 Y219.789 E2195.07305
G1 X100.168 Y219.5 E2195.08628
G1 X100.612 Y219.228 E2195.10359
G1 X101.676 Y218.831 E2195.14137
G1 X102.227 Y218.755 E2195.15987
G1 X102.856 Y218.821 E2195.1809
G1 X103.667 Y218.953 E2195.20823
G1 X104.133 Y219.17 E2195.22533
G1 X104.966 Y219.743 E2195.25896
G1 X105.236 Y219.99 E2195.27113
G1 X105.494 Y220.341 E2195.28562
G1 X105.971 Y221.248 E2195.3197
G1 X106.091 Y221.564 E2195.33094
G1 X106.154 Y222.034 E2195.34671
G1 X106.151 Y223.047 E2195.38041
G1 X106.112 Y223.362 E2195.39096
G1 X105.965 Y223.801 E2195.40636
G1 X105.441 Y224.781 E2195.44332
G1 X105.343 Y224.941 E2195.44956
G1 X106.281 Y224.352 E2195.4864
G1 X108.112 Y222.964 E2195.56282
G1 X108.849 Y222.359 E2195.59454
G1 X110.456 Y220.838 E2195.66813
G1 X111.167 Y220.117 E2195.70181
G1 X112.559 Y218.479 E2195.77331
G1 X113.221 Y217.638 E2195.8089
G1 X114.5 Y215.755 E2195.88461
G1 X114.995 Y214.951 E2195.91602
G1 X116.062 Y212.938 E2195.99179
G1 X116.464 Y212.094 E2196.02289
G1 X116.824 Y211.154 E2196.05637
G1 X117.511 Y209.431 E2196.11806
G1 X117.888 Y208.158 E2196.16222
G1 X118.17 Y207.15 E2196.19703
G1 X118.381 Y206.146 E2196.23115
G1 X118.575 Y205.691 E2196.24761
G1 X118.893 Y205.347 E2196.26319
M204 S3000
M205 X10 Y10
G0 F6000 X89.435 Y208.154
G0 X87.621 Y207.948
G0 X85.897 Y207.346
G0 X84.351 Y206.375
G0 X83.06 Y205.083
G0 X82.186 Y203.692
G0 X80.557 Y199.947
M204 S1800
M205 X8 Y8
G1 F1200 X80.558 Y199.906 E2196.26455
G1 X80.709 Y198.535 E2196.31043
G1 X80.774 Y198.03 E2196.32736
G1 X81.218 Y196.735 E2196.37289
G1 X81.444 Y196.126 E2196.3945
G1 X81.971 Y195.271 E2196.4279
G1 X82.523 Y194.425 E2196.4615
G1 X83.821 Y193.122 E2196.52267
G1 X84.223 Y192.845 E2196.53891
G1 X85.457 Y192.068 E2196.58741
G1 X85.809 Y191.912 E2196.60022
G1 X87.327 Y191.38 E2196.65372
G1 X87.575 Y191.322 E2196.66219
G1 X89.274 Y191.13 E2196.71906
G1 X89.517 Y191.122 E2196.72714
G1 X90.812 Y191.265 E2196.77048
G1 X91.456 Y191.352 E2196.79209
G1 X92.383 Y191.674 E2196.82473
G1 X93.349 Y192.03 E2196.85897
G1 X94.495 Y192.745 E2196.9039
G1 X95.017 Y193.094 E2196.92478
G1 X95.842 Y193.914 E2196.96347
G1 X96.425 Y194.525 E2196.99156
G1 X97.369 Y196.023 E2197.05045
G1 X97.581 Y196.538 E2197.06898
G1 X97.94 Y197.558 E2197.10494
G1 X98.108 Y198.095 E2197.12366
G1 X98.214 Y199.015 E2197.15446
G1 X98.314 Y200.058 E2197.18931
G1 X98.249 Y200.671 E2197.20981
G1 X98.214 Y200.99 E2197.22048
G1 X98.085 Y202.013 E2197.25478
G1 X97.881 Y202.603 E2197.27554
G1 X97.49 Y203.722 E2197.31497
G1 X97.081 Y204.432 E2197.34222
G1 X96.749 Y204.966 E2197.36313
G1 X96.373 Y205.543 E2197.38604
G1 X95.892 Y206.034 E2197.4089
G1 X95.696 Y206.232 E2197.41817
G1 X94.865 Y207.019 E2197.45623
G1 X94.06 Y207.526 E2197.48788
G1 X93.245 Y208.02 E2197.51957
G1 X92.379 Y208.328 E2197.55014
G1 X91.389 Y208.665 E2197.58493
G1 X90.234 Y208.799 E2197.6236
G1 X89.343 Y208.877 E2197.65335
G1 X89.165 Y208.859 E2197.6593
G1 X87.476 Y208.665 E2197.71584
G1 X87.208 Y208.575 E2197.72525
G1 X85.804 Y208.087 E2197.77469
G1 X85.377 Y207.882 E2197.79044
G1 X84.203 Y207.148 E2197.83649
G1 X83.735 Y206.791 E2197.85607
G1 X82.852 Y205.91 E2197.89755
G1 X82.461 Y205.498 E2197.91645
G1 X81.974 Y204.73 E2197.94669
G1 X81.426 Y203.84 E2197.98146
G1 X81.208 Y203.229 E2198.00303
G1 X80.884 Y202.311 E2198.03541
G1 X80.741 Y201.722 E2198.05557
G1 X80.645 Y200.89 E2198.08343
G1 X80.557 Y199.947 E2198.11493
M204 S3000
M205 X10 Y10
G0 F6000 X65.642 Y217.245
M204 S1800
M205 X8 Y8
G1 F1200 X72.169 Y223.773 E2198.42196
G1 X72.239 Y223.843
M204 S3000
M205 X10 Y10
G0 F6000 X73.897 Y224.935
M204 S1800
M205 X8 Y8
G1 F1200 X64.425 Y215.463 E2198.86749
G1 X64.355 Y215.393
M204 S3000
M205 X10 Y10
G0 F6000 X63.708 Y214.18
M204 S1800
M205 X8 Y8
G1 F1200 X75.295 Y225.767 E2199.41251
G1 X75.365 Y225.837
M204 S3000
M205 X10 Y10
G0 F6000 X76.463 Y226.37
M204 S1800
M205 X8 Y8
G1 F1200 X63.064 Y212.971 E2200.04276
G1 X62.994 Y212.901
M204 S3000
M205 X10 Y10
G0 F6000 X62.563 Y211.904
M204 S1800
M205 X8 Y8
G1 F1200 X77.518 Y226.859 E2200.7462
G1 X77.588 Y226.929
M204 S3000
M205 X10 Y10
G0 F6000 X78.541 Y227.316
M204 S1800
M205 X8 Y8
G1 F1200 X62.185 Y210.961 E2201.51551
G1 X62.115 Y210.891
M204 S3000
M205 X10 Y10
G0 F6000 X61.808 Y210.018
M204 S1800
M205 X8 Y8
G1 F1200 X79.421 Y227.631 E2202.34397
G1 X79.491 Y227.701
M204 S3000
M205 X10 Y10
G0 F6000 X80.273 Y227.917
M204 S1800
M205 X8 Y8
G1 F1200 X61.487 Y209.131 E2203.22761
G1 X61.417 Y209.061
M204 S3000
M205 X10 Y10
G0 F6000 X61.267 Y208.346
M204 S1800
M205 X8 Y8
G1 F1200 X81.113 Y228.191 E2204.16108
G1 X81.183 Y228.261
M204 S3000
M205 X10 Y10
G0 F6000 X81.921 Y228.433
M204 S1800
M205 X8 Y8
G1 F1200 X61.048 Y207.561 E2205.14286
G1 X60.978 Y207.491
M204 S3000
M205 X10 Y10
G0 F6000 X60.83 Y206.777
M204 S1800
M205 X8 Y8
G1 F1200 X82.645 Y228.592 E2206.16897
M204 S3000
M205 X10 Y10
G0 F6000 X83.37 Y228.751
M204 S1800
M205 X8 Y8
G1 F1200 X60.661 Y206.042 E2207.23713
M204 S3000
M205 X10 Y10
G0 F6000 X60.551 Y205.367
M204 S1800
M205 X8 Y8
G1 F1200 X84.087 Y228.902 E2208.34417
M204 S3000
M205 X10 Y10
G0 F6000 X84.794 Y229.043
M204 S1800
M205 X8 Y8
G1 F1200 X60.442 Y204.691 E2209.48961
M204 S3000
M205 X10 Y10
G0 F6000 X60.332 Y204.016
M204 S1800
M205 X8 Y8
G1 F1200 X85.436 Y229.12 E2210.67042
M204 S3000
M205 X10 Y10
G0 F6000 X86.071 Y229.189
M204 S1800
M205 X8 Y8
G1 F1200 X60.222 Y203.341 E2211.88626
M204 S3000
M205 X10 Y10
G0 F6000 X60.166 Y202.719
M204 S1800
M205 X8 Y8
G1 F1200 X86.706 Y229.258 E2213.1346
M204 S3000
M205 X10 Y10
G0 F6000 X87.331 Y229.318
M204 S1800
M205 X8 Y8
G1 F1200 X61.41 Y203.397 E2214.35384
G1 X61.34 Y203.327
M204 S3000
M205 X10 Y10
G0 F6000 X62.361 Y203.783
M204 S1800
M205 X8 Y8
G1 F1200 X87.952 Y229.373 E2215.55754
M204 S3000
M205 X10 Y10
G0 F6000 X88.527 Y229.383
M204 S1800
M205 X8 Y8
G1 F1200 X63.093 Y203.948 E2216.7539
M204 S3000
M205 X10 Y10
G0 F6000 X63.631 Y203.921
M204 S1800
M205 X8 Y8
G1 F1200 X89.093 Y229.383 E2217.95155
M204 S3000
M205 X10 Y10
G0 F6000 X89.659 Y229.383
M204 S1800
M205 X8 Y8
G1 F1200 X64.135 Y203.859 E2219.15212
M204 S3000
M205 X10 Y10
G0 F6000 X64.614 Y203.772
M204 S1800
M205 X8 Y8
G1 F1200 X90.221 Y229.38 E2220.35662
M204 S3000
M205 X10 Y10
G0 F6000 X90.775 Y229.368
M204 S1800
M205 X8 Y8
G1 F1200 X65.033 Y203.626 E2221.56745
M204 S3000
M205 X10 Y10
G0 F6000 X65.386 Y203.413
M204 S1800
M205 X8 Y8
G1 F1200 X91.322 Y229.35 E2222.78742
M204 S3000
M205 X10 Y10
G0 F6000 X91.833 Y229.294
M204 S1800
M205 X8 Y8
G1 F1200 X65.719 Y203.181 E2224.01572
M204 S3000
M205 X10 Y10
G0 F6000 X66.053 Y202.949
M204 S1800
M205 X8 Y8
G1 F1200 X92.343 Y229.239 E2225.25232
M204 S3000
M205 X10 Y10
G0 F6000 X92.853 Y229.183
M204 S1800
M205 X8 Y8
G1 F1200 X66.345 Y202.675 E2226.49918
M204 S3000
M205 X10 Y10
G0 F6000 X66.605 Y202.37
M204 S1800
M205 X8 Y8
G1 F1200 X93.362 Y229.127 E2227.75774
M204 S3000
M205 X10 Y10
G0 F6000 X93.862 Y229.061
M204 S1800
M205 X8 Y8
G1 F1200 X66.803 Y202.002 E2229.03052
M204 S3000
M205 X10 Y10
G0 F6000 X66.999 Y201.632
M204 S1800
M205 X8 Y8
G1 F1200 X94.362 Y228.995 E2230.31759
M204 S3000
M205 X10 Y10
G0 F6000 X94.83 Y228.898
M204 S1800
M205 X8 Y8
G1 F1200 X67.176 Y201.244 E2231.61835
M204 S3000
M205 X10 Y10
G0 F6000 X67.311 Y200.813
M204 S1800
M205 X8 Y8
G1 F1200 X95.293 Y228.795 E2232.93453
M204 S3000
M205 X10 Y10
G0 F6000 X95.757 Y228.693
M204 S1800
M205 X8 Y8
G1 F1200 X67.344 Y200.28 E2234.27099
M204 S3000
M205 X10 Y10
G0 F6000 X67.349 Y199.72
M204 S1800
M205 X8 Y8
G1 F1200 X96.22 Y228.59 E2235.62897
M204 S3000
M205 X10 Y10
G0 F6000 X96.679 Y228.484
M204 S1800
M205 X8 Y8
G1 F1200 X67.286 Y199.091 E2237.01153
G1 X67.216 Y199.021
M204 S3000
M205 X10 Y10
G0 F6000 X66.847 Y198.086
M204 S1800
M205 X8 Y8
G1 F1200 X97.135 Y228.374 E2238.43619
M204 S3000
M205 X10 Y10
G0 F6000 X97.587 Y228.26
M204 S1800
M205 X8 Y8
G1 F1200 X61.203 Y191.876 E2240.14758
M204 S3000
M205 X10 Y10
G0 F6000 X61.326 Y191.434
M204 S1800
M205 X8 Y8
G1 F1200 X98.009 Y228.117 E2241.87303
M204 S3000
M205 X10 Y10
G0 F6000 X98.432 Y227.974
M204 S1800
M205 X8 Y8
G1 F1200 X61.449 Y190.991 E2243.6126
M204 S3000
M205 X10 Y10
G0 F6000 X61.576 Y190.553
M204 S1800
M205 X8 Y8
G1 F1200 X98.856 Y227.832 E2245.36611
M204 S3000
M205 X10 Y10
G0 F6000 X99.279 Y227.689
M204 S1800
M205 X8 Y8
G1 F1200 X61.738 Y190.149 E2247.1319
M204 S3000
M205 X10 Y10
G0 F6000 X61.9 Y189.745
M204 S1800
M205 X8 Y8
G1 F1200 X99.697 Y227.542 E2248.90976
M204 S3000
M205 X10 Y10
G0 F6000 X100.111 Y227.39
M204 S1800
M205 X8 Y8
G1 F1200 X62.062 Y189.341 E2250.69947
M204 S3000
M205 X10 Y10
G0 F6000 X62.223 Y188.937
M204 S1800
M205 X8 Y8
G1 F1200 X100.524 Y227.237 E2252.50101
M204 S3000
M205 X10 Y10
G0 F6000 X100.911 Y227.059
M204 S1800
M205 X8 Y8
G1 F1200 X62.385 Y188.533 E2254.31315
M204 S3000
M205 X10 Y10
G0 F6000 X62.547 Y188.13
M204 S1800
M205 X8 Y8
G1 F1200 X99.229 Y224.811 E2256.03854
G1 X99.299 Y224.881
M204 S3000
M205 X10 Y10
G0 F6000 X98.691 Y223.708
M204 S1800
M205 X8 Y8
G1 F1200 X62.709 Y187.726 E2257.73102
M204 S3000
M205 X10 Y10
G0 F6000 X62.894 Y187.345
M204 S1800
M205 X8 Y8
G1 F1200 X98.506 Y222.957 E2259.4061
M204 S3000
M205 X10 Y10
G0 F6000 X98.483 Y222.368
M204 S1800
M205 X8 Y8
G1 F1200 X63.09 Y186.976 E2261.07085
M204 S3000
M205 X10 Y10
G0 F6000 X63.287 Y186.606
M204 S1800
M205 X8 Y8
G1 F1200 X82.313 Y205.633 E2261.9658
G1 X82.383 Y205.703
M204 S3000
M205 X10 Y10
G0 F6000 X81.36 Y204.114
M204 S1800
M205 X8 Y8
G1 F1200 X63.484 Y186.237 E2262.80666
M204 S3000
M205 X10 Y10
G0 F6000 X63.68 Y185.868
M204 S1800
M205 X8 Y8
G1 F1200 X80.975 Y203.163 E2263.62016
G1 X81.045 Y203.233
M204 S3000
M205 X10 Y10
G0 F6000 X80.689 Y202.311
M204 S1800
M205 X8 Y8
G1 F1200 X63.877 Y185.499 E2264.41095
M204 S3000
M205 X10 Y10
G0 F6000 X64.073 Y185.13
M204 S1800
M205 X8 Y8
G1 F1200 X80.525 Y201.582 E2265.1848
M204 S3000
M205 X10 Y10
G0 F6000 X80.45 Y200.941
M204 S1800
M205 X8 Y8
G1 F1200 X64.271 Y184.762 E2265.94581
M204 S3000
M205 X10 Y10
G0 F6000 X64.5 Y184.426
M204 S1800
M205 X8 Y8
G1 F1200 X80.392 Y200.317 E2266.69329
M204 S3000
M205 X10 Y10
G0 F6000 X80.378 Y199.738
M204 S1800
M205 X8 Y8
G1 F1200 X64.729 Y184.089 E2267.42938
M204 S3000
M205 X10 Y10
G0 F6000 X64.959 Y183.753
M204 S1800
M205 X8 Y8
G1 F1200 X80.433 Y199.227 E2268.15723
M204 S3000
M205 X10 Y10
G0 F6000 X80.487 Y198.716
M204 S1800
M205 X8 Y8
G1 F1200 X65.188 Y183.417 E2268.87684
M204 S3000
M205 X10 Y10
G0 F6000 X65.417 Y183.08
M204 S1800
M205 X8 Y8
G1 F1200 X80.55 Y198.212 E2269.58863
M204 S3000
M205 X10 Y10
G0 F6000 X80.658 Y197.755
M204 S1800
M205 X8 Y8
G1 F1200 X65.647 Y182.743 E2270.29472
M204 S3000
M205 X10 Y10
G0 F6000 X65.876 Y182.408
M204 S1800
M205 X8 Y8
G1 F1200 X80.801 Y197.332 E2270.99673
M204 S3000
M205 X10 Y10
G0 F6000 X80.946 Y196.911
M204 S1800
M205 X8 Y8
G1 F1200 X66.11 Y182.076 E2271.69454
M204 S3000
M205 X10 Y10
G0 F6000 X66.371 Y181.771
M204 S1800
M205 X8 Y8
G1 F1200 X81.094 Y196.494 E2272.38707
M204 S3000
M205 X10 Y10
G0 F6000 X81.247 Y196.081
M204 S1800
M205 X8 Y8
G1 F1200 X66.632 Y181.466 E2273.07451
M204 S3000
M205 X10 Y10
G0 F6000 X66.893 Y181.161
M204 S1800
M205 X8 Y8
G1 F1200 X81.457 Y195.725 E2273.75956
M204 S3000
M205 X10 Y10
G0 F6000 X81.672 Y195.375
M204 S1800
M205 X8 Y8
G1 F1200 X67.153 Y180.855 E2274.44251
M204 S3000
M205 X10 Y10
G0 F6000 X67.414 Y180.551
M204 S1800
M205 X8 Y8
G1 F1200 X81.89 Y195.027 E2275.12342
M204 S3000
M205 X10 Y10
G0 F6000 X82.113 Y194.684
M204 S1800
M205 X8 Y8
G1 F1200 X67.674 Y180.245 E2275.80259
M204 S3000
M205 X10 Y10
G0 F6000 X67.941 Y179.947
M204 S1800
M205 X8 Y8
G1 F1200 X82.336 Y194.341 E2276.47966
M204 S3000
M205 X10 Y10
G0 F6000 X82.614 Y194.054
M204 S1800
M205 X8 Y8
G1 F1200 X68.219 Y179.659 E2277.15675
M204 S3000
M205 X10 Y10
G0 F6000 X68.496 Y179.371
M204 S1800
M205 X8 Y8
G1 F1200 X82.895 Y193.769 E2277.83402
M204 S3000
M205 X10 Y10
G0 F6000 X83.176 Y193.485
M204 S1800
M205 X8 Y8
G1 F1200 X68.788 Y179.096 E2278.51081
M204 S3000
M205 X10 Y10
G0 F6000 X69.078 Y178.821
M204 S1800
M205 X8 Y8
G1 F1200 X83.459 Y193.202 E2279.18725
M204 S3000
M205 X10 Y10
G0 F6000 X83.744 Y192.922
M204 S1800
M205 X8 Y8
G1 F1200 X69.37 Y178.547 E2279.86338
M204 S3000
M205 X10 Y10
G0 F6000 X69.661 Y178.272
M204 S1800
M205 X8 Y8
G1 F1200 X84.086 Y192.697 E2280.54189
M204 S3000
M205 X10 Y10
G0 F6000 X84.432 Y192.478
M204 S1800
M205 X8 Y8
G1 F1200 X69.951 Y177.997 E2281.22303
M204 S3000
M205 X10 Y10
G0 F6000 X70.249 Y177.729
M204 S1800
M205 X8 Y8
G1 F1200 X84.778 Y192.258 E2281.90643
M204 S3000
M205 X10 Y10
G0 F6000 X85.125 Y192.039
M204 S1800
M205 X8 Y8
G1 F1200 X70.557 Y177.471 E2282.59166
M204 S3000
M205 X10 Y10
G0 F6000 X70.864 Y177.213
M204 S1800
M205 X8 Y8
G1 F1200 X85.482 Y191.831 E2283.27925
M204 S3000
M205 X10 Y10
G0 F6000 X85.889 Y191.672
M204 S1800
M205 X8 Y8
G1 F1200 X71.187 Y176.97 E2283.97078
M204 S3000
M205 X10 Y10
G0 F6000 X71.509 Y176.727
M204 S1800
M205 X8 Y8
G1 F1200 X86.308 Y191.525 E2284.66686
M204 S3000
M205 X10 Y10
G0 F6000 X86.725 Y191.377
M204 S1800
M205 X8 Y8
G1 F1200 X71.832 Y176.483 E2285.3674
M204 S3000
M205 X10 Y10
G0 F6000 X72.153 Y176.24
M204 S1800
M205 X8 Y8
G1 F1200 X87.144 Y191.23 E2286.07251
M204 S3000
M205 X10 Y10
G0 F6000 X87.598 Y191.118
M204 S1800
M205 X8 Y8
G1 F1200 X72.476 Y175.996 E2286.7838
M204 S3000
M205 X10 Y10
G0 F6000 X72.805 Y175.76
M204 S1800
M205 X8 Y8
G1 F1200 X88.106 Y191.06 E2287.50349
M204 S3000
M205 X10 Y10
G0 F6000 X88.613 Y191.002
M204 S1800
M205 X8 Y8
G1 F1200 X73.145 Y175.534 E2288.23106
M204 S3000
M205 X10 Y10
G0 F6000 X73.486 Y175.309
M204 S1800
M205 X8 Y8
G1 F1200 X89.12 Y190.944 E2288.96646
M204 S3000
M205 X10 Y10
G0 F6000 X89.68 Y190.937
M204 S1800
M205 X8 Y8
G1 F1200 X73.839 Y175.097 E2289.71155
M204 S3000
M205 X10 Y10
G0 F6000 X74.193 Y174.885
M204 S1800
M205 X8 Y8
G1 F1200 X90.315 Y191.007 E2290.46988
M204 S3000
M205 X10 Y10
G0 F6000 X90.955 Y191.082
M204 S1800
M205 X8 Y8
G1 F1200 X74.546 Y174.673 E2291.24171
M204 S3000
M205 X10 Y10
G0 F6000 X74.9 Y174.46
M204 S1800
M205 X8 Y8
G1 F1200 X91.645 Y191.205 E2292.02934
G1 X91.715 Y191.275
M204 S3000
M205 X10 Y10
G0 F6000 X92.512 Y191.507
M204 S1800
M205 X8 Y8
G1 F1200 X75.254 Y174.249 E2292.8411
M204 S3000
M205 X10 Y10
G0 F6000 X75.613 Y174.043
M204 S1800
M205 X8 Y8
G1 F1200 X93.409 Y191.838 E2293.67815
G1 X93.479 Y191.908
M204 S3000
M205 X10 Y10
G0 F6000 X94.935 Y192.799
M204 S1800
M205 X8 Y8
G1 F1200 X75.987 Y173.85 E2294.56943
M204 S3000
M205 X10 Y10
G0 F6000 X76.374 Y173.672
M204 S1800
M205 X8 Y8
G1 F1200 X115.767 Y213.065 E2296.42235
M204 S3000
M205 X10 Y10
G0 F6000 X115.571 Y213.435
M204 S1800
M205 X8 Y8
G1 F1200 X96.651 Y194.515 E2297.31229
G1 X96.581 Y194.445
M204 S3000
M205 X10 Y10
G0 F6000 X97.551 Y195.98
M204 S1800
M205 X8 Y8
G1 F1200 X115.375 Y213.805 E2298.1507
M204 S3000
M205 X10 Y10
G0 F6000 X115.179 Y214.174
M204 S1800
M205 X8 Y8
G1 F1200 X97.927 Y196.922 E2298.96218
G1 X97.857 Y196.852
M204 S3000
M205 X10 Y10
G0 F6000 X98.219 Y197.779
M204 S1800
M205 X8 Y8
G1 F1200 X114.984 Y214.544 E2299.75076
M204 S3000
M205 X10 Y10
G0 F6000 X114.785 Y214.911
M204 S1800
M205 X8 Y8
G1 F1200 X98.35 Y198.477 E2300.52379
M204 S3000
M205 X10 Y10
G0 F6000 X98.423 Y199.115
M204 S1800
M205 X8 Y8
G1 F1200 X114.568 Y215.26 E2301.2832
M204 S3000
M205 X10 Y10
G0 F6000 X114.353 Y215.61
M204 S1800
M205 X8 Y8
G1 F1200 X98.481 Y199.739 E2302.02974
M204 S3000
M205 X10 Y10
G0 F6000 X98.487 Y200.311
M204 S1800
M205 X8 Y8
G1 F1200 X114.126 Y215.949 E2302.76533
M204 S3000
M205 X10 Y10
G0 F6000 X113.897 Y216.286
M204 S1800
M205 X8 Y8
G1 F1200 X98.431 Y200.82 E2303.4928
M204 S3000
M205 X10 Y10
G0 F6000 X98.369 Y201.324
M204 S1800
M205 X8 Y8
G1 F1200 X113.668 Y216.623 E2304.21242
M204 S3000
M205 X10 Y10
G0 F6000 X113.439 Y216.96
M204 S1800
M205 X8 Y8
G1 F1200 X98.308 Y201.828 E2304.92416
M204 S3000
M205 X10 Y10
G0 F6000 X98.199 Y202.285
M204 S1800
M205 X8 Y8
G1 F1200 X113.211 Y217.297 E2305.63028
M204 S3000
M205 X10 Y10
G0 F6000 X112.975 Y217.626
M204 S1800
M205 X8 Y8
G1 F1200 X98.053 Y202.705 E2306.33214
M204 S3000
M205 X10 Y10
G0 F6000 X97.908 Y203.125
M204 S1800
M205 X8 Y8
G1 F1200 X112.725 Y217.943 E2307.02911
M204 S3000
M205 X10 Y10
G0 F6000 X112.475 Y218.258
M204 S1800
M205 X8 Y8
G1 F1200 X97.762 Y203.545 E2307.72117
M204 S3000
M205 X10 Y10
G0 F6000 X97.606 Y203.955
M204 S1800
M205 X8 Y8
G1 F1200 X112.22 Y218.569 E2308.40856
M204 S3000
M205 X10 Y10
G0 F6000 X111.96 Y218.875
M204 S1800
M205 X8 Y8
G1 F1200 X97.391 Y204.305 E2309.09387
M204 S3000
M205 X10 Y10
G0 F6000 X97.174 Y204.655
M204 S1800
M205 X8 Y8
G1 F1200 X111.7 Y219.181 E2309.77713
M204 S3000
M205 X10 Y10
G0 F6000 X111.44 Y219.486
M204 S1800
M205 X8 Y8
G1 F1200 X96.959 Y205.005 E2310.45827
M204 S3000
M205 X10 Y10
G0 F6000 X96.737 Y205.348
M204 S1800
M205 X8 Y8
G1 F1200 X111.18 Y219.792 E2311.13765
M204 S3000
M205 X10 Y10
G0 F6000 X110.912 Y220.089
M204 S1800
M205 X8 Y8
G1 F1200 X96.508 Y205.686 E2311.81514
M204 S3000
M205 X10 Y10
G0 F6000 X96.228 Y205.971
M204 S1800
M205 X8 Y8
G1 F1200 X110.631 Y220.374 E2312.49262
M204 S3000
M205 X10 Y10
G0 F6000 X110.349 Y220.658
M204 S1800
M205 X8 Y8
G1 F1200 X95.949 Y206.258 E2313.16995
M204 S3000
M205 X10 Y10
G0 F6000 X95.663 Y206.537
M204 S1800
M205 X8 Y8
G1 F1200 X110.06 Y220.934 E2313.84714
M204 S3000
M205 X10 Y10
G0 F6000 X109.769 Y221.209
M204 S1800
M205 X8 Y8
G1 F1200 X95.373 Y206.813 E2314.52428
M204 S3000
M205 X10 Y10
G0 F6000 X95.082 Y207.088
M204 S1800
M205 X8 Y8
G1 F1200 X109.478 Y221.484 E2315.20143
M204 S3000
M205 X10 Y10
G0 F6000 X109.187 Y221.758
M204 S1800
M205 X8 Y8
G1 F1200 X94.751 Y207.323 E2315.88043
M204 S3000
M205 X10 Y10
G0 F6000 X94.405 Y207.542
M204 S1800
M205 X8 Y8
G1 F1200 X108.895 Y222.032 E2316.56199
M204 S3000
M205 X10 Y10
G0 F6000 X108.6 Y222.303
M204 S1800
M205 X8 Y8
G1 F1200 X94.057 Y207.759 E2317.24608
M204 S3000
M205 X10 Y10
G0 F6000 X93.705 Y207.973
M204 S1800
M205 X8 Y8
G1 F1200 X108.289 Y222.557 E2317.93206
M204 S3000
M205 X10 Y10
G0 F6000 X107.978 Y222.812
M204 S1800
M205 X8 Y8
G1 F1200 X105.952 Y220.786 E2318.02736
G1 X105.882 Y220.716
M204 S3000
M205 X10 Y10
G0 F6000 X106.309 Y221.709
M204 S1800
M205 X8 Y8
G1 F1200 X107.657 Y223.056 E2318.09074
M204 S3000
M205 X10 Y10
G0 F6000 X107.335 Y223.3
M204 S1800
M205 X8 Y8
G1 F1200 X106.35 Y222.315 E2318.13707
M204 S3000
M205 X10 Y10
G0 F6000 X106.35 Y222.882
M204 S1800
M205 X8 Y8
G1 F1200 X107.013 Y223.544 E2318.16823
M204 S3000
M205 X10 Y10
G0 F6000 X106.691 Y223.788
M204 S1800
M205 X8 Y8
G1 F1200 X106.3 Y223.397 E2318.18663
M204 S3000
M205 X10 Y10
G0 F6000 X106.163 Y223.826
M204 S1800
M205 X8 Y8
G1 F1200 X106.37 Y224.032 E2318.19634
M204 S3000
M205 X10 Y10
G0 F6000 X106.039 Y224.268
M204 S1800
M205 X8 Y8
G1 F1200 X105.975 Y224.203 E2318.19937
M204 S3000
M205 X10 Y10
G0 F6000 X102.075 Y226.525
M204 S1800
M205 X8 Y8
G1 F1200 X102.014 Y226.465 E2318.20222
M204 S3000
M205 X10 Y10
G0 F6000 X101.687 Y226.704
M204 S1800
M205 X8 Y8
G1 F1200 X101.23 Y226.247 E2318.22371
M204 S3000
M205 X10 Y10
G0 F6000 X101.3 Y226.882
M204 S1800
M205 X8 Y8
G1 F1200 X100.221 Y225.803 E2318.27447
G1 X100.151 Y225.733
M204 S3000
M205 X10 Y10
G0 F6000 X98.557 Y221.876
M204 S1800
M205 X8 Y8
G1 F1200 X83.78 Y207.099 E2318.96953
G1 X83.71 Y207.029
M204 S3000
M205 X10 Y10
G0 F6000 X85.329 Y208.083
M204 S1800
M205 X8 Y8
G1 F1200 X98.668 Y221.422 E2319.59696
M204 S3000
M205 X10 Y10
G0 F6000 X98.793 Y220.981
M204 S1800
M205 X8 Y8
G1 F1200 X86.271 Y208.46 E2320.18593
G1 X86.201 Y208.39
M204 S3000
M205 X10 Y10
G0 F6000 X87.136 Y208.758
M204 S1800
M205 X8 Y8
G1 F1200 X98.964 Y220.586 E2320.74228
M204 S3000
M205 X10 Y10
G0 F6000 X99.204 Y220.261
M204 S1800
M205 X8 Y8
G1 F1200 X87.849 Y208.906 E2321.27639
M204 S3000
M205 X10 Y10
G0 F6000 X88.489 Y208.98
M204 S1800
M205 X8 Y8
G1 F1200 X99.469 Y219.96 E2321.79285
M204 S3000
M205 X10 Y10
G0 F6000 X99.74 Y219.666
M204 S1800
M205 X8 Y8
G1 F1200 X89.128 Y209.053 E2322.29203
M204 S3000
M205 X10 Y10
G0 F6000 X89.685 Y209.045
M204 S1800
M205 X8 Y8
G1 F1200 X100.012 Y219.372 E2322.77778
M204 S3000
M205 X10 Y10
G0 F6000 X100.355 Y219.149
M204 S1800
M205 X8 Y8
G1 F1200 X90.207 Y209.001 E2323.25511
M204 S3000
M205 X10 Y10
G0 F6000 X90.715 Y208.943
M204 S1800
M205 X8 Y8
G1 F1200 X100.738 Y218.966 E2323.72657
M204 S3000
M205 X10 Y10
G0 F6000 X101.153 Y218.815
M204 S1800
M205 X8 Y8
G1 F1200 X91.221 Y208.884 E2324.19371
M204 S3000
M205 X10 Y10
G0 F6000 X91.678 Y208.775
M204 S1800
M205 X8 Y8
G1 F1200 X101.568 Y218.664 E2324.65888
M204 S3000
M205 X10 Y10
G0 F6000 X102.048 Y218.58
M204 S1800
M205 X8 Y8
G1 F1200 X92.099 Y208.631 E2325.12686
M204 S3000
M205 X10 Y10
G0 F6000 X92.521 Y208.486
M204 S1800
M205 X8 Y8
G1 F1200 X102.627 Y218.592 E2325.60221
M204 S3000
M205 X10 Y10
G0 F6000 X103.289 Y218.689
M204 S1800
M205 X8 Y8
G1 F1200 X92.939 Y208.339 E2326.08904
M204 S3000
M205 X10 Y10
G0 F6000 X93.352 Y208.187
M204 S1800
M205 X8 Y8
G1 F1200 X104.094 Y218.928 E2326.59429
G1 X104.164 Y218.998
M204 S3000
M205 X10 Y10
G0 F6000 X115.957 Y212.689
M204 S1800
M205 X8 Y8
G1 F1200 X76.762 Y173.494 E2328.4379
M204 S3000
M205 X10 Y10
G0 F6000 X77.148 Y173.315
M204 S1800
M205 X8 Y8
G1 F1200 X116.14 Y212.307 E2330.27197
M204 S3000
M205 X10 Y10
G0 F6000 X116.316 Y211.917
M204 S1800
M205 X8 Y8
G1 F1200 X77.536 Y173.137 E2332.09606
M204 S3000
M205 X10 Y10
G0 F6000 X77.923 Y172.958
M204 S1800
M205 X8 Y8
G1 F1200 X116.473 Y211.508 E2333.90933
M204 S3000
M205 X10 Y10
G0 F6000 X116.633 Y211.103
M204 S1800
M205 X8 Y8
G1 F1200 X78.314 Y172.784 E2335.71174
M204 S3000
M205 X10 Y10
G0 F6000 X78.708 Y172.611
M204 S1800
M205 X8 Y8
G1 F1200 X116.794 Y210.698 E2337.50321
M204 S3000
M205 X10 Y10
G0 F6000 X116.954 Y210.292
M204 S1800
M205 X8 Y8
G1 F1200 X79.132 Y172.47 E2339.28224
M204 S3000
M205 X10 Y10
G0 F6000 X79.555 Y172.328
M204 S1800
M205 X8 Y8
G1 F1200 X117.115 Y209.887 E2341.04893
M204 S3000
M205 X10 Y10
G0 F6000 X117.275 Y209.482
M204 S1800
M205 X8 Y8
G1 F1200 X79.979 Y172.186 E2342.80322
M204 S3000
M205 X10 Y10
G0 F6000 X80.402 Y172.044
M204 S1800
M205 X8 Y8
G1 F1200 X117.414 Y209.055 E2344.54412
M204 S3000
M205 X10 Y10
G0 F6000 X117.543 Y208.619
M204 S1800
M205 X8 Y8
G1 F1200 X80.827 Y171.902 E2346.27116
M204 S3000
M205 X10 Y10
G0 F6000 X81.251 Y171.761
M204 S1800
M205 X8 Y8
G1 F1200 X117.671 Y208.18 E2347.98422
M204 S3000
M205 X10 Y10
G0 F6000 X117.795 Y207.739
M204 S1800
M205 X8 Y8
G1 F1200 X81.683 Y171.627 E2349.68282
M204 S3000
M205 X10 Y10
G0 F6000 X82.143 Y171.522
M204 S1800
M205 X8 Y8
G1 F1200 X117.917 Y207.295 E2351.36549
M204 S3000
M205 X10 Y10
G0 F6000 X118.028 Y206.841
M204 S1800
M205 X8 Y8
G1 F1200 X82.607 Y171.42 E2353.03159
M204 S3000
M205 X10 Y10
G0 F6000 X83.072 Y171.319
M204 S1800
M205 X8 Y8
G1 F1200 X118.131 Y206.378 E2354.68065
M204 S3000
M205 X10 Y10
G0 F6000 X118.253 Y205.934
M204 S1800
M205 X8 Y8
G1 F1200 X83.536 Y171.218 E2356.31361
M204 S3000
M205 X10 Y10
G0 F6000 X84 Y171.116
M204 S1800
M205 X8 Y8
G1 F1200 X118.435 Y205.55 E2357.93331
M204 S3000
M205 X10 Y10
G0 F6000 X118.701 Y205.251
M204 S1800
M205 X8 Y8
G1 F1200 X84.47 Y171.02 E2359.54343
M204 S3000
M205 X10 Y10
G0 F6000 X84.947 Y170.931
M204 S1800
M205 X8 Y8
G1 F1200 X119.05 Y205.034 E2361.14753
M204 S3000
M205 X10 Y10
G0 F6000 X119.486 Y204.904
M204 S1800
M205 X8 Y8
G1 F1200 X85.458 Y170.877 E2362.74808
M204 S3000
M205 X10 Y10
G0 F6000 X85.97 Y170.822
M204 S1800
M205 X8 Y8
G1 F1200 X120.011 Y204.864 E2364.34928
M204 S3000
M205 X10 Y10
G0 F6000 X120.58 Y204.867
M204 S1800
M205 X8 Y8
G1 F1200 X86.481 Y170.768 E2365.9532
M204 S3000
M205 X10 Y10
G0 F6000 X86.992 Y170.713
M204 S1800
M205 X8 Y8
G1 F1200 X121.15 Y204.871 E2367.55988
M204 S3000
M205 X10 Y10
G0 F6000 X121.718 Y204.874
M204 S1800
M205 X8 Y8
G1 F1200 X87.506 Y170.662 E2369.16911
M204 S3000
M205 X10 Y10
G0 F6000 X88.029 Y170.619
M204 S1800
M205 X8 Y8
G1 F1200 X122.287 Y204.877 E2370.7805
M204 S3000
M205 X10 Y10
G0 F6000 X122.856 Y204.881
M204 S1800
M205 X8 Y8
G1 F1200 X88.593 Y170.617 E2372.39215
M204 S3000
M205 X10 Y10
G0 F6000 X89.16 Y170.619
M204 S1800
M205 X8 Y8
G1 F1200 X123.426 Y204.884 E2374.0039
M204 S3000
M205 X10 Y10
G0 F6000 X123.995 Y204.888
M204 S1800
M205 X8 Y8
G1 F1200 X89.726 Y170.619 E2375.61581
M204 S3000
M205 X10 Y10
G0 F6000 X90.294 Y170.621
M204 S1800
M205 X8 Y8
G1 F1200 X98.864 Y179.192 E2376.01894
G1 X98.934 Y179.262
M204 S3000
M205 X10 Y10
G0 F6000 X98.62 Y178.381
M204 S1800
M205 X8 Y8
G1 F1200 X90.868 Y170.63 E2376.38354
M204 S3000
M205 X10 Y10
G0 F6000 X91.467 Y170.663
M204 S1800
M205 X8 Y8
G1 F1200 X98.469 Y177.665 E2376.7129
M204 S3000
M205 X10 Y10
G0 F6000 X98.49 Y177.121
M204 S1800
M205 X8 Y8
G1 F1200 X92.103 Y170.733 E2377.01334
M204 S3000
M205 X10 Y10
G0 F6000 X92.739 Y170.803
M204 S1800
M205 X8 Y8
G1 F1200 X98.601 Y176.665 E2377.28907
M204 S3000
M205 X10 Y10
G0 F6000 X98.712 Y176.211
M204 S1800
M205 X8 Y8
G1 F1200 X93.375 Y170.874 E2377.54011
M204 S3000
M205 X10 Y10
G0 F6000 X94.021 Y170.955
M204 S1800
M205 X8 Y8
G1 F1200 X98.847 Y175.78 E2377.76709
M204 S3000
M205 X10 Y10
G0 F6000 X99.06 Y175.428
M204 S1800
M205 X8 Y8
G1 F1200 X94.704 Y171.071 E2377.972
M204 S3000
M205 X10 Y10
G0 F6000 X95.431 Y171.233
M204 S1800
M205 X8 Y8
G1 F1200 X99.303 Y175.105 E2378.15413
M204 S3000
M205 X10 Y10
G0 F6000 X99.568 Y174.804
M204 S1800
M205 X8 Y8
G1 F1200 X96.159 Y171.395 E2378.31448
M204 S3000
M205 X10 Y10
G0 F6000 X96.893 Y171.563
M204 S1800
M205 X8 Y8
G1 F1200 X99.834 Y174.504 E2378.45282
M204 S3000
M205 X10 Y10
G0 F6000 X100.143 Y174.248
M204 S1800
M205 X8 Y8
G1 F1200 X97.661 Y171.766 E2378.56956
G1 X97.591 Y171.696
M204 S3000
M205 X10 Y10
G0 F6000 X98.512 Y172.051
M204 S1800
M205 X8 Y8
G1 F1200 X100.498 Y174.037 E2378.66298
M204 S3000
M205 X10 Y10
G0 F6000 X100.896 Y173.869
M204 S1800
M205 X8 Y8
G1 F1200 X99.364 Y172.337 E2378.73504
G1 X99.294 Y172.267
M204 S3000
M205 X10 Y10
G0 F6000 X100.252 Y172.66
M204 S1800
M205 X8 Y8
G1 F1200 X101.308 Y173.716 E2378.78471
M204 S3000
M205 X10 Y10
G0 F6000 X101.744 Y173.586
M204 S1800
M205 X8 Y8
G1 F1200 X101.247 Y173.089 E2378.80809
M204 S3000
M205 X10 Y10
G0 F6000 X106.242 Y176.387
M204 S1800
M205 X8 Y8
G1 F1200 X114.525 Y184.67 E2379.19769
G1 X114.595 Y184.74
M204 S3000
M205 X10 Y10
G0 F6000 X115.252 Y185.963
M204 S1800
M205 X8 Y8
G1 F1200 X106.35 Y177.061 E2379.61642
M204 S3000
M205 X10 Y10
G0 F6000 X106.351 Y177.628
M204 S1800
M205 X8 Y8
G1 F1200 X115.887 Y187.164 E2380.06496
G1 X115.957 Y187.234
M204 S3000
M205 X10 Y10
G0 F6000 X116.36 Y188.202
M204 S1800
M205 X8 Y8
G1 F1200 X106.333 Y178.175 E2380.5366
M204 S3000
M205 X10 Y10
G0 F6000 X106.215 Y178.623
M204 S1800
M205 X8 Y8
G1 F1200 X116.7 Y189.108 E2381.02978
G1 X116.77 Y189.178
M204 S3000
M205 X10 Y10
G0 F6000 X117.066 Y190.039
M204 S1800
M205 X8 Y8
G1 F1200 X106.051 Y179.024 E2381.54789
M204 S3000
M205 X10 Y10
G0 F6000 X105.855 Y179.394
M204 S1800
M205 X8 Y8
G1 F1200 X117.422 Y190.961 E2382.09197
G1 X117.492 Y191.031
M204 S3000
M205 X10 Y10
G0 F6000 X117.639 Y191.744
M204 S1800
M205 X8 Y8
G1 F1200 X105.658 Y179.763 E2382.65552
M204 S3000
M205 X10 Y10
G0 F6000 X105.411 Y180.082
M204 S1800
M205 X8 Y8
G1 F1200 X117.857 Y192.527 E2383.24092
G1 X117.927 Y192.597
M204 S3000
M205 X10 Y10
G0 F6000 X118.074 Y193.31
M204 S1800
M205 X8 Y8
G1 F1200 X105.135 Y180.371 E2383.84953
M204 S3000
M205 X10 Y10
G0 F6000 X104.805 Y180.607
M204 S1800
M205 X8 Y8
G1 F1200 X118.28 Y194.082 E2384.48335
G1 X118.35 Y194.152
M204 S3000
M205 X10 Y10
G0 F6000 X119.131 Y194.933
M204 S1800
M205 X8 Y8
G1 F1200 X129.112 Y204.913 E2384.9528
M204 S3000
M205 X10 Y10
G0 F6000 X129.676 Y204.912
M204 S1800
M205 X8 Y8
G1 F1200 X119.839 Y195.075 E2385.4155
M204 S3000
M205 X10 Y10
G0 F6000 X120.403 Y195.073
M204 S1800
M205 X8 Y8
G1 F1200 X130.24 Y204.911 E2385.87823
M204 S3000
M205 X10 Y10
G0 F6000 X130.805 Y204.91
M204 S1800
M205 X8 Y8
G1 F1200 X120.967 Y195.072 E2386.34098
M204 S3000
M205 X10 Y10
G0 F6000 X121.531 Y195.07
M204 S1800
M205 X8 Y8
G1 F1200 X128.623 Y202.162 E2386.67457
G1 X128.693 Y202.232
M204 S3000
M205 X10 Y10
G0 F6000 X128.188 Y201.161
M204 S1800
M205 X8 Y8
G1 F1200 X122.096 Y195.069 E2386.96111
M204 S3000
M205 X10 Y10
G0 F6000 X122.66 Y195.068
M204 S1800
M205 X8 Y8
G1 F1200 X128.004 Y200.411 E2387.21246
M204 S3000
M205 X10 Y10
G0 F6000 X127.984 Y199.826
M204 S1800
M205 X8 Y8
G1 F1200 X123.224 Y195.066 E2387.43635
M204 S3000
M205 X10 Y10
G0 F6000 X123.788 Y195.065
M204 S1800
M205 X8 Y8
G1 F1200 X128.06 Y199.336 E2387.63727
M204 S3000
M205 X10 Y10
G0 F6000 X128.174 Y198.885
M204 S1800
M205 X8 Y8
G1 F1200 X124.356 Y195.066 E2387.81688
M204 S3000
M205 X10 Y10
G0 F6000 X124.923 Y195.068
M204 S1800
M205 X8 Y8
G1 F1200 X128.297 Y198.442 E2387.97558
M204 S3000
M205 X10 Y10
G0 F6000 X128.479 Y198.058
M204 S1800
M205 X8 Y8
G1 F1200 X125.49 Y195.07 E2388.11615
M204 S3000
M205 X10 Y10
G0 F6000 X126.058 Y195.072
M204 S1800
M205 X8 Y8
G1 F1200 X128.716 Y197.729 E2388.24115
M204 S3000
M205 X10 Y10
G0 F6000 X128.981 Y197.429
M204 S1800
M205 X8 Y8
G1 F1200 X126.625 Y195.073 E2388.35197
M204 S3000
M205 X10 Y10
G0 F6000 X127.193 Y195.075
M204 S1800
M205 X8 Y8
G1 F1200 X129.245 Y197.127 E2388.44849
M204 S3000
M205 X10 Y10
G0 F6000 X129.525 Y196.842
M204 S1800
M205 X8 Y8
G1 F1200 X127.761 Y195.078 E2388.53147
M204 S3000
M205 X10 Y10
G0 F6000 X128.328 Y195.079
M204 S1800
M205 X8 Y8
G1 F1200 X129.874 Y196.625 E2388.60419
M204 S3000
M205 X10 Y10
G0 F6000 X130.259 Y196.444
M204 S1800
M205 X8 Y8
G1 F1200 X128.896 Y195.081 E2388.6683
M204 S3000
M205 X10 Y10
G0 F6000 X129.463 Y195.082
M204 S1800
M205 X8 Y8
G1 F1200 X130.669 Y196.288 E2388.72502
M204 S3000
M205 X10 Y10
G0 F6000 X131.081 Y196.135
M204 S1800
M205 X8 Y8
G1 F1200 X130.031 Y195.085 E2388.77441
M204 S3000
M205 X10 Y10
G0 F6000 X130.599 Y195.087
M204 S1800
M205 X8 Y8
G1 F1200 X131.568 Y196.056 E2388.81999
M204 S3000
M205 X10 Y10
G0 F6000 X132.157 Y196.08
M204 S1800
M205 X8 Y8
G1 F1200 X131.166 Y195.088 E2388.86663
M204 S3000
M205 X10 Y10
G0 F6000 X131.733 Y195.09
M204 S1800
M205 X8 Y8
G1 F1200 X132.799 Y196.156 E2388.91677
G1 X132.869 Y196.226
M204 S3000
M205 X10 Y10
G0 F6000 X133.677 Y196.468
M204 S1800
M205 X8 Y8
G1 F1200 X132.301 Y195.092 E2388.98149
M204 S3000
M205 X10 Y10
G0 F6000 X132.868 Y195.094
M204 S1800
M205 X8 Y8
G1 F1200 X133.854 Y196.08 E2389.02787
M204 S3000
M205 X10 Y10
G0 F6000 X133.854 Y195.514
M204 S1800
M205 X8 Y8
G1 F1200 X133.436 Y195.096 E2389.04753
M204 S3000
M205 X10 Y10
G0 F6000 X130.1 Y197.569
G0 X129.296 Y198.477
G0 X128.882 Y200.009
G0 X129.222 Y201.398
G0 X130.111 Y202.441
G0 X130.92 Y202.81
G0 X133.496 Y203.641
M204 S1800
M205 X8 Y8
G1 F1200 X133.855 Y204 E2389.06442
M204 S3000
M205 X10 Y10
G0 F6000 X133.855 Y204.565
M204 S1800
M205 X8 Y8
G1 F1200 X133.084 Y203.795 E2389.10066
M204 S3000
M205 X10 Y10
G0 F6000 X132.591 Y203.868
M204 S1800
M205 X8 Y8
G1 F1200 X133.627 Y204.903 E2389.14937
M204 S3000
M205 X10 Y10
G0 F6000 X133.063 Y204.905
M204 S1800
M205 X8 Y8
G1 F1200 X132.086 Y203.928 E2389.19532
M204 S3000
M205 X10 Y10
G0 F6000 X131.543 Y203.951
M204 S1800
M205 X8 Y8
G1 F1200 X132.499 Y204.906 E2389.24027
M204 S3000
M205 X10 Y10
G0 F6000 X131.934 Y204.907
M204 S1800
M205 X8 Y8
G1 F1200 X130.775 Y203.749 E2389.29476
G1 X130.705 Y203.679
M204 S3000
M205 X10 Y10
G0 F6000 X129.806 Y203.345
M204 S1800
M205 X8 Y8
G1 F1200 X131.369 Y204.908 E2389.36828
G1 X131.439 Y204.978
M204 S3000
M205 X10 Y10
G0 F6000 X128.547 Y204.914
M204 S1800
M205 X8 Y8
G1 F1200 X104.468 Y180.836 E2390.50086
M204 S3000
M205 X10 Y10
G0 F6000 X104.13 Y181.063
M204 S1800
M205 X8 Y8
G1 F1200 X127.978 Y204.911 E2391.62259
M204 S3000
M205 X10 Y10
G0 F6000 X127.409 Y204.908
M204 S1800
M205 X8 Y8
G1 F1200 X103.729 Y181.227 E2392.73645
M204 S3000
M205 X10 Y10
G0 F6000 X103.26 Y181.325
M204 S1800
M205 X8 Y8
G1 F1200 X126.84 Y204.905 E2393.84558
M204 S3000
M205 X10 Y10
G0 F6000 X126.271 Y204.901
M204 S1800
M205 X8 Y8
G1 F1200 X102.756 Y181.386 E2394.95166
M204 S3000
M205 X10 Y10
G0 F6000 X102.234 Y181.43
M204 S1800
M205 X8 Y8
G1 F1200 X125.702 Y204.898 E2396.05552
M204 S3000
M205 X10 Y10
G0 F6000 X125.133 Y204.894
M204 S1800
M205 X8 Y8
G1 F1200 X101.583 Y181.345 E2397.16321
G1 X101.513 Y181.275
M204 S3000
M205 X10 Y10
G0 F6000 X100.642 Y180.969
M204 S1800
M205 X8 Y8
G1 F1200 X124.563 Y204.891 E2398.28841
G1 X124.633 Y204.961
M204 S3000
M205 X10 Y10
G0 F6000 X113.39 Y182.969
M204 S1800
M205 X8 Y8
G1 F1200 X106.46 Y176.039 E2398.61437
G1 X106.39 Y175.969
M204 S3000
M205 X10 Y10
G0 F6000 X109.928 Y178.941
M204 S1800
M205 X8 Y8
G1 F1200 X111.086 Y180.1 E2398.66887
G1 X111.156 Y180.17
M204 S3000
M205 X10 Y10
G0 F6000 X65.254 Y196.493
M204 S1800
M205 X8 Y8
G1 F1200 X61.08 Y192.319 E2398.8652
M204 S3000
M205 X10 Y10
G0 F6000 X60.956 Y192.761
M204 S1800
M205 X8 Y8
G1 F1200 X64.357 Y196.162 E2399.02517
M204 S3000
M205 X10 Y10
G0 F6000 X63.713 Y196.083
M204 S1800
M205 X8 Y8
G1 F1200 X60.833 Y193.204 E2399.16061
M204 S3000
M205 X10 Y10
G0 F6000 X60.71 Y193.646
M204 S1800
M205 X8 Y8
G1 F1200 X63.122 Y196.058 E2399.27407
M204 S3000
M205 X10 Y10
G0 F6000 X62.635 Y196.137
M204 S1800
M205 X8 Y8
G1 F1200 X60.63 Y194.132 E2399.36838
M204 S3000
M205 X10 Y10
G0 F6000 X60.55 Y194.618
M204 S1800
M205 X8 Y8
G1 F1200 X62.216 Y196.283 E2399.44672
M204 S3000
M205 X10 Y10
G0 F6000 X61.797 Y196.43
M204 S1800
M205 X8 Y8
G1 F1200 X60.47 Y195.103 E2399.50913
M204 S3000
M205 X10 Y10
G0 F6000 X60.39 Y195.589
M204 S1800
M205 X8 Y8
G1 F1200 X61.407 Y196.606 E2399.55697
M204 S3000
M205 X10 Y10
G0 F6000 X61.062 Y196.827
M204 S1800
M205 X8 Y8
G1 F1200 X60.31 Y196.075 E2399.59234
M204 S3000
M205 X10 Y10
G0 F6000 X60.23 Y196.56
M204 S1800
M205 X8 Y8
G1 F1200 X60.768 Y197.098 E2399.61765
M204 S3000
M205 X10 Y10
G0 F6000 X60.502 Y197.398
M204 S1800
M205 X8 Y8
G1 F1200 X60.181 Y197.077 E2399.63275
M204 S3000
M205 X10 Y10
G0 F6000 X60.15 Y197.612
M204 S1800
M205 X8 Y8
G1 F1200 X60.237 Y197.699 E2399.63684
M204 S3000
M205 X10 Y10
;MESH:NONMESH
G0 F600 X60.237 Y197.699 Z2.4
G0 F6000 X99.377 Y177.815
G0 X99.776 Y177.719
;TIME_ELAPSED:3112.989070
;LAYER:11
M204 S1800
M205 X8 Y8
;TYPE:WALL-OUTER
;MESH:14_4_2.stl
G1 F3000 X99.772 Y177.281 E2399.65141
G1 X99.967 Y176.462 E2399.67941
G1 X100.199 Y176.026 E2399.69584
G1 X100.878 Y175.3 E2399.7289
G1 X101.144 Y175.151 E2399.73904
G1 X101.861 Y174.877 E2399.76457
G1 X102.361 Y174.816 E2399.78132
G1 F3007.5 X103.146 Y174.913 E2399.80756
G1 X103.611 Y175.089 E2399.82406
G1 F3000 X104.278 Y175.55 E2399.85103
G1 X104.588 Y175.908 E2399.86678
G1 X104.962 Y176.621 E2399.89356
G1 X105.074 Y177.088 E2399.90953
G1 X105.072 Y177.894 E2399.93634
G1 X104.96 Y178.346 E2399.95183
G1 X104.587 Y179.058 E2399.97856
G1 X104.257 Y179.433 E2399.99517
G1 X103.587 Y179.891 E2400.02217
G1 X103.14 Y180.056 E2400.03801
G1 X102.14 Y180.151 E2400.07142
G1 X101.861 Y180.088 E2400.08094
G1 X101.139 Y179.816 E2400.1066
G1 X100.72 Y179.527 E2400.12353
G1 X100.181 Y178.919 E2400.15055
G1 X99.969 Y178.505 E2400.16602
G1 X99.776 Y177.719 E2400.19294
M204 S3000
M205 X10 Y10
G0 F6000 X99.775 Y177.519
G0 X99.246 Y177.581
G0 X99.656 Y178.942
G0 X100.411 Y179.856
G0 X119.353 Y194.968
G0 X119.862 Y194.525
M204 S1800
M205 X8 Y8
G1 F3000 X119.722 Y194.438 E2400.19842
G1 X119.556 Y193.65 E2400.22521
G1 X119.336 Y192.703 E2400.25754
G1 X118.688 Y190.37 E2400.33808
G1 X117.917 Y188.435 E2400.40736
G1 X117.513 Y187.359 E2400.44558
G1 X117.176 Y186.65 E2400.47169
G1 X115.977 Y184.387 E2400.55687
G1 X115.564 Y183.721 E2400.58294
G1 X114.125 Y181.598 E2400.66824
G1 X113.64 Y180.98 E2400.69437
G1 X111.983 Y179.026 E2400.77958
G1 X111.433 Y178.465 E2400.80571
G1 X109.574 Y176.704 E2400.89088
G1 X108.966 Y176.206 E2400.91702
G1 X106.926 Y174.654 E2401.00228
G1 X106.253 Y174.219 E2401.02893
G1 X104.149 Y172.953 E2401.1106
G1 X103.389 Y172.562 E2401.13903
G1 X101.045 Y171.476 E2401.22495
G1 X100.262 Y171.186 E2401.25272
G1 X97.881 Y170.385 E2401.33627
G1 X97.119 Y170.194 E2401.3624
G1 X94.619 Y169.642 E2401.44755
G1 X93.84 Y169.535 E2401.47371
G1 X91.293 Y169.258 E2401.55892
G1 X90.507 Y169.237 E2401.58507
G1 X87.946 Y169.238 E2401.67025
G1 X87.163 Y169.305 E2401.69639
G1 X85.199 Y169.518 E2401.7621
G1 X84.615 Y169.582 E2401.78164
G1 X83.844 Y169.734 E2401.80777
G1 X81.34 Y170.286 E2401.89306
G1 X80.594 Y170.519 E2401.91905
G1 X78.167 Y171.338 E2402.00424
G1 X77.351 Y171.699 E2402.03392
G1 X75.121 Y172.731 E2402.11565
G1 X74.443 Y173.123 E2402.1417
G1 X72.248 Y174.445 E2402.22692
G1 X71.614 Y174.911 E2402.25309
G1 X69.573 Y176.462 E2402.33835
G1 X68.998 Y176.994 E2402.36441
G1 X67.136 Y178.757 E2402.44969
G1 X66.57 Y179.407 E2402.47836
G1 X64.96 Y181.302 E2402.56107
G1 X63.076 Y184.068 E2402.67238
G1 X61.503 Y187.023 E2402.78372
G1 X60.252 Y190.145 E2402.89558
G1 X59.36 Y193.357 E2403.00646
G1 X58.817 Y196.66 E2403.11779
G1 X58.636 Y200.002 E2403.22911
G1 X58.812 Y203.251 E2403.33733
G1 X58.908 Y203.889 E2403.35879
G1 X59.361 Y206.644 E2403.45165
G1 X60.256 Y209.856 E2403.56255
G1 X61.504 Y212.978 E2403.67438
G1 X63.077 Y215.933 E2403.78572
G1 X64.543 Y218.095 E2403.8726
G1 X64.961 Y218.7 E2403.89706
G1 X66.664 Y220.702 E2403.98448
G1 X67.135 Y221.244 E2404.00836
G1 X69.045 Y223.052 E2404.09583
G1 X69.578 Y223.545 E2404.11998
G1 X71.615 Y225.09 E2404.20502
G1 X72.246 Y225.554 E2404.23107
G1 X74.522 Y226.922 E2404.31939
G1 X75.124 Y227.271 E2404.34253
G1 X77.536 Y228.386 E2404.43091
G1 X78.166 Y228.664 E2404.45382
G1 X80.591 Y229.48 E2404.53892
G1 X81.342 Y229.715 E2404.56509
G1 X83.716 Y230.238 E2404.64594
G1 X84.615 Y230.419 E2404.67644
G1 X87.164 Y230.696 E2404.76172
G1 X87.945 Y230.763 E2404.78779
G1 X90.507 Y230.762 E2404.87301
G1 X91.293 Y230.741 E2404.89916
G1 X93.84 Y230.464 E2404.98437
G1 X94.618 Y230.357 E2405.01049
G1 X97.122 Y229.805 E2405.09577
G1 X97.881 Y229.616 E2405.12179
G1 X100.275 Y228.809 E2405.20582
G1 X101.046 Y228.523 E2405.23317
G1 X103.389 Y227.439 E2405.31903
G1 X104.034 Y227.115 E2405.34304
G1 X104.494 Y226.841 E2405.36085
G1 X106.284 Y225.762 E2405.43036
G1 X106.926 Y225.345 E2405.45582
G1 X108.968 Y223.792 E2405.54115
G1 X109.574 Y223.296 E2405.5672
G1 X111.435 Y221.533 E2405.65246
G1 X111.985 Y220.974 E2405.67854
G1 X113.643 Y219.019 E2405.7638
G1 X114.126 Y218.403 E2405.78984
G1 X115.443 Y216.459 E2405.86794
G1 X115.764 Y215.957 E2405.88775
G1 X116.13 Y215.324 E2405.91207
G1 X117.178 Y213.348 E2405.98647
G1 X117.514 Y212.643 E2406.01244
G1 X117.81 Y211.867 E2406.04007
G1 X118.625 Y209.822 E2406.11329
G1 X118.957 Y208.709 E2406.15192
G1 X119.362 Y207.248 E2406.20234
G1 X119.694 Y205.662 E2406.25624
G1 X119.79 Y205.546 E2406.26124
G1 X119.887 Y205.523 E2406.26456
G1 X123.817 Y205.547 E2406.39527
G1 X135.235 Y205.497 E2406.77504
G1 X135.235 Y200.902 E2406.92787
G1 F2575.1 X135.169 Y200.395 E2406.94768
G1 F2259.9 X135.17 Y199.605 E2406.98256
G1 F2580.6 X135.235 Y199.016 E2407.00548
G1 F3000 X135.235 Y194.504 E2407.15555
G1 X129.05 Y194.483 E2407.36126
G1 X119.862 Y194.525 E2407.66686
M204 S3000
M205 X10 Y10
G0 F6000 X119.722 Y194.438
G0 X119.715 Y194.403
G0 X119.195 Y194.499
G0 X128.783 Y200.364
G0 X129.277 Y200.245
M204 S1800
M205 X8 Y8
G1 F3000 X129.263 Y199.843 E2407.68024
G1 X129.502 Y198.876 E2407.71337
G1 X129.64 Y198.62 E2407.72304
G1 X130.276 Y197.9 E2407.75499
G1 X130.527 Y197.72 E2407.76527
G1 X131.443 Y197.368 E2407.7979
G1 X131.777 Y197.325 E2407.8091
G1 X132.738 Y197.445 E2407.84132
G1 X133.053 Y197.567 E2407.85255
G1 X133.845 Y198.123 E2407.88474
G1 X134.037 Y198.338 E2407.89432
G1 X134.489 Y199.2 E2407.9267
G1 F2580.6 X134.638 Y199.605 E2407.94338
G1 F2255.6 X134.637 Y200.44 E2407.98032
G1 F2569.6 X134.463 Y200.865 E2407.99815
G1 F3000 X134.099 Y201.557 E2408.02416
G1 X133.821 Y201.899 E2408.03882
G1 X133.059 Y202.429 E2408.06969
G1 X132.66 Y202.573 E2408.0838
G1 X131.774 Y202.674 E2408.11346
G1 X131.354 Y202.606 E2408.12761
G1 X130.518 Y202.277 E2408.15749
G1 X130.18 Y201.997 E2408.17209
G1 X129.672 Y201.425 E2408.19753
G1 X129.467 Y201.013 E2408.21284
G1 X129.277 Y200.245 E2408.23915
M204 S3000
M205 X10 Y10
G0 F6000 X129.271 Y200.045
G0 X128.747 Y200.106
G0 X119.364 Y205.079
G0 X100.413 Y220.143
G0 X99.655 Y221.059
G0 X99.394 Y221.983
G0 X99.269 Y222.805
G0 X99.774 Y222.746
M204 S1800
M205 X8 Y8
G1 F3000 X99.772 Y222.315 E2408.25349
G1 X99.967 Y221.495 E2408.28152
G1 X100.199 Y221.059 E2408.29795
G1 X100.887 Y220.324 E2408.33143
G1 X101.251 Y220.144 E2408.34494
G1 X101.875 Y219.906 E2408.36715
G1 X102.361 Y219.849 E2408.38343
G1 X103.146 Y219.946 E2408.40973
G1 X103.611 Y220.123 E2408.42628
G1 X104.276 Y220.582 E2408.45316
G1 X104.588 Y220.942 E2408.469
G1 X104.962 Y221.654 E2408.49575
G1 X105.073 Y222.122 E2408.51175
G1 X105.072 Y222.912 E2408.53802
G1 X104.96 Y223.38 E2408.55403
G1 X104.58 Y224.104 E2408.58123
G1 X104.257 Y224.466 E2408.59736
G1 X103.598 Y224.919 E2408.62396
G1 F3007.5 X103.139 Y225.089 E2408.6402
G1 X102.153 Y225.184 E2408.67306
G1 F3000 X101.861 Y225.122 E2408.68299
G1 X101.129 Y224.845 E2408.70902
G1 X100.72 Y224.56 E2408.7256
G1 X100.195 Y223.969 E2408.75189
G1 X99.969 Y223.538 E2408.76808
G1 X99.774 Y222.746 E2408.79521
M204 S3000
M205 X10 Y10
G0 F6000 X99.774 Y222.546
G0 X99.245 Y222.608
G0 X83.06 Y205.083
G0 X82.088 Y203.537
G0 X81.548 Y201.986
G0 X81.23 Y200.081
G0 X81.736 Y200.025
M204 S1800
M205 X8 Y8
G1 F3000 X81.814 Y199.283 E2408.82002
G1 X81.923 Y198.309 E2408.85262
G1 X82.31 Y197.189 E2408.89203
G1 X82.494 Y196.664 E2408.91054
G1 X83.016 Y195.829 E2408.94329
G1 X83.408 Y195.206 E2408.96777
G1 X83.663 Y194.947 E2408.97986
G1 X84.637 Y193.975 E2409.02563
G1 X86.083 Y193.068 E2409.0824
G1 X86.168 Y193.035 E2409.08543
G1 X87.724 Y192.492 E2409.14025
G1 X89.421 Y192.3 E2409.19705
G1 X89.458 Y192.301 E2409.19828
G1 X91.136 Y192.49 E2409.25444
G1 X91.861 Y192.74 E2409.27995
G1 X92.767 Y193.058 E2409.31189
G1 X93.472 Y193.498 E2409.33953
G1 X94.231 Y193.975 E2409.36934
G1 X94.847 Y194.588 E2409.39825
G1 X95.452 Y195.195 E2409.42675
G1 X95.975 Y196.024 E2409.45935
G1 X96.37 Y196.654 E2409.48408
G1 X96.382 Y196.681 E2409.48507
G1 X96.944 Y198.29 E2409.54175
G1 X97.135 Y199.987 E2409.59855
G1 X97.041 Y200.855 E2409.62759
G1 X96.944 Y201.707 E2409.65611
G1 X96.774 Y202.201 E2409.67349
G1 X96.375 Y203.336 E2409.7135
G1 X96.363 Y203.359 E2409.71437
G1 X95.462 Y204.793 E2409.77069
G1 X94.834 Y205.424 E2409.8003
G1 X94.241 Y206.017 E2409.8282
G1 X93.373 Y206.564 E2409.86232
G1 X92.775 Y206.938 E2409.88578
G1 X91.147 Y207.508 E2409.94315
G1 X89.444 Y207.7 E2410.00015
G1 X89.412 Y207.699 E2410.00122
G1 X87.723 Y207.508 E2410.05775
G1 X86.098 Y206.94 E2410.115
G1 X86.074 Y206.927 E2410.11591
G1 X84.638 Y206.025 E2410.17231
G1 X84.617 Y206.007 E2410.17323
G1 X83.416 Y204.804 E2410.22977
G1 X83.017 Y204.173 E2410.2546
G1 X82.498 Y203.344 E2410.28713
G1 X82.307 Y202.802 E2410.30625
G1 X81.927 Y201.713 E2410.34461
G1 X81.736 Y200.025 E2410.40111
M204 S3000
M205 X10 Y10
G0 F6000 X81.756 Y199.827
G0 X81.247 Y199.769
G0 X64.237 Y203.013
G0 X63.059 Y203.116
G0 X61.934 Y202.732
G0 X60.834 Y201.72
G0 X60.283 Y200.366
G0 X60.778 Y200.246
M204 S1800
M205 X8 Y8
G1 F3000 X60.772 Y199.798 E2410.41601
G1 X60.967 Y198.979 E2410.44401
G1 X61.199 Y198.543 E2410.46044
G1 X61.878 Y197.816 E2410.49353
G1 X62.144 Y197.668 E2410.50365
G1 X62.861 Y197.394 E2410.52918
G1 X63.361 Y197.333 E2410.54593
G1 X64.146 Y197.429 E2410.57224
G1 X64.611 Y197.606 E2410.58879
G1 X65.276 Y198.065 E2410.61566
G1 X65.588 Y198.425 E2410.63151
G1 X65.965 Y199.144 E2410.65851
G1 X66.074 Y199.605 E2410.67426
G1 X66.072 Y200.407 E2410.70094
G1 X65.96 Y200.863 E2410.71656
G1 X65.576 Y201.594 E2410.74402
G1 X65.257 Y201.95 E2410.75992
G1 X64.602 Y202.399 E2410.78633
G1 X64.139 Y202.573 E2410.80278
G1 X63.153 Y202.667 E2410.83573
G1 X62.861 Y202.605 E2410.84565
G1 X62.144 Y202.335 E2410.87114
G1 X61.721 Y202.045 E2410.88819
G1 X61.195 Y201.452 E2410.91456
G1 X60.969 Y201.021 E2410.93074
G1 X60.778 Y200.246 E2410.95729
M204 S3000
M205 X10 Y10
G0 F6000 X60.776 Y200.046
G0 X60.39 Y200.346
M204 S1800
M205 X8 Y8
;TYPE:WALL-INNER
G1 F3000 X60.372 Y199.799 E2410.9755
G1 X60.579 Y198.883 E2411.00673
G1 X60.815 Y198.398 E2411.02467
G1 X61.424 Y197.716 E2411.05508
G1 X61.75 Y197.419 E2411.06975
G1 X62.718 Y197.02 E2411.10457
G1 X63.263 Y196.936 E2411.12291
G1 X64.194 Y197.032 E2411.15404
G1 X64.711 Y197.21 E2411.17223
G1 X65.485 Y197.721 E2411.20308
G1 X65.861 Y198.123 E2411.22138
G1 X66.316 Y198.951 E2411.25281
G1 X66.457 Y199.464 E2411.2705
G1 X66.473 Y199.981 E2411.28771
G1 X66.466 Y200.484 E2411.30444
G1 X66.347 Y200.973 E2411.32118
G1 X65.941 Y201.761 E2411.35066
G1 X65.594 Y202.181 E2411.36878
G1 X64.834 Y202.725 E2411.39987
G1 X64.335 Y202.934 E2411.41786
G1 X63.191 Y203.065 E2411.45616
G1 X62.787 Y203 E2411.46977
G1 X62.003 Y202.709 E2411.49758
G1 X61.531 Y202.407 E2411.51622
G1 X60.896 Y201.718 E2411.54738
G1 X60.631 Y201.25 E2411.56527
G1 X60.39 Y200.346 E2411.59639
M204 S3000
M205 X10 Y10
G0 F6000 X60.284 Y200.371
G0 X60.656 Y201.459
G0 X61.411 Y202.371
G0 X62.747 Y203.042
G0 X64.324 Y202.971
G0 X81.309 Y199.226
G0 X81.416 Y199.239
M204 S1800
M205 X8 Y8
G1 F3000 X81.526 Y198.259 E2411.62919
G1 X81.932 Y197.057 E2411.67139
G1 X82.119 Y196.522 E2411.69024
G1 X82.677 Y195.616 E2411.72563
G1 X83.073 Y194.988 E2411.75032
G1 X83.38 Y194.664 E2411.76517
G1 X84.362 Y193.684 E2411.81131
G1 X84.596 Y193.528 E2411.82066
G1 X85.887 Y192.719 E2411.87134
G1 X86.036 Y192.657 E2411.8767
G1 X87.59 Y192.114 E2411.93145
G1 X87.699 Y192.091 E2411.93516
G1 X89.394 Y191.901 E2411.99189
G1 X89.503 Y191.903 E2411.99551
G1 X91.171 Y192.091 E2412.05134
G1 X91.993 Y192.362 E2412.08013
G1 X92.923 Y192.69 E2412.11293
G1 X93.684 Y193.159 E2412.14266
G1 X94.429 Y193.626 E2412.17191
G1 X95.13 Y194.306 E2412.20439
G1 X95.725 Y194.901 E2412.23238
G1 X96.314 Y195.811 E2412.26843
G1 X96.711 Y196.444 E2412.29328
G1 X96.76 Y196.549 E2412.29713
G1 X97.327 Y198.173 E2412.35435
G1 X97.416 Y198.902 E2412.37877
G1 X97.535 Y199.965 E2412.41435
G1 X97.439 Y200.899 E2412.44558
G1 X97.342 Y201.751 E2412.4741
G1 X97.152 Y202.333 E2412.49446
G1 X96.751 Y203.475 E2412.53472
G1 X96.702 Y203.572 E2412.53833
G1 X95.809 Y204.994 E2412.59418
G1 X95.404 Y205.42 E2412.61373
G1 X94.535 Y206.29 E2412.65463
G1 X93.585 Y206.903 E2412.69223
G1 X93.007 Y207.266 E2412.71494
G1 X92.395 Y207.496 E2412.73668
G1 X91.268 Y207.89 E2412.77639
G1 X90.587 Y207.974 E2412.79921
G1 X89.503 Y208.097 E2412.8355
G1 X89.367 Y208.097 E2412.84002
G1 X87.687 Y207.907 E2412.89625
G1 X87.568 Y207.879 E2412.90032
G1 X85.978 Y207.322 E2412.95635
G1 X85.862 Y207.266 E2412.96064
G1 X84.44 Y206.374 E2413.01647
G1 X84.334 Y206.29 E2413.02097
G1 X83.144 Y205.099 E2413.07697
G1 X82.678 Y204.386 E2413.1053
G1 X82.154 Y203.549 E2413.13814
G1 X81.929 Y202.934 E2413.15992
G1 X81.555 Y201.864 E2413.19762
G1 X81.416 Y200.764 E2413.2345
G1 X81.338 Y200.07 E2413.25773
G1 X81.416 Y199.239 E2413.28549
M204 S3000
M205 X10 Y10
G0 F6000 X81.309 Y199.226
G0 X81.487 Y198.187
G0 X82.088 Y196.463
G0 X82.962 Y195.072
G0 X99.259 Y177.269
G0 X99.372 Y177.282
M204 S1800
M205 X8 Y8
G1 F3000 X99.579 Y176.366 E2413.31672
G1 X99.815 Y175.881 E2413.33466
G1 X100.586 Y175.026 E2413.37295
G1 X100.959 Y174.795 E2413.38754
G1 X101.718 Y174.503 E2413.41459
G1 X102.263 Y174.419 E2413.43293
G1 F3007.5 X103.194 Y174.515 E2413.46398
G1 X103.711 Y174.692 E2413.48211
G1 F3000 X104.488 Y175.207 E2413.51312
G1 X104.861 Y175.605 E2413.53126
G1 X105.229 Y176.27 E2413.55654
G1 X105.368 Y176.574 E2413.56766
G1 X105.474 Y177.088 E2413.58511
G1 X105.473 Y177.878 E2413.61139
G1 X105.366 Y178.393 E2413.62888
G1 X104.941 Y179.244 E2413.66052
G1 X104.594 Y179.664 E2413.67864
G1 X103.929 Y180.143 E2413.7059
G1 X103.613 Y180.31 E2413.71779
G1 X103.178 Y180.454 E2413.73303
G1 X102.15 Y180.551 E2413.76737
G1 X101.72 Y180.462 E2413.78198
G1 X100.988 Y180.186 E2413.808
G1 X100.531 Y179.89 E2413.82611
G1 X99.934 Y179.245 E2413.85534
G1 X99.632 Y178.734 E2413.87508
G1 X99.459 Y178.107 E2413.89671
G1 X99.373 Y177.686 E2413.911
G1 X99.372 Y177.282 E2413.92444
M204 S3000
M205 X10 Y10
G0 F6000 X99.259 Y177.269
G0 X99.54 Y178.646
G0 X100.653 Y180.067
G0 X119.353 Y194.968
G0 X119.892 Y194.926
M204 S1800
M205 X8 Y8
G1 F3000 X119.604 Y194.855 E2413.93431
G1 X119.39 Y194.662 E2413.94389
G1 X119.298 Y194.438 E2413.95195
G1 X119.076 Y193.262 E2413.99175
G1 X118.308 Y190.498 E2414.08716
G1 X117.543 Y188.575 E2414.156
G1 X117.145 Y187.515 E2414.19366
G1 X116.818 Y186.83 E2414.2189
G1 X115.63 Y184.586 E2414.30335
G1 X115.228 Y183.939 E2414.32869
G1 X113.801 Y181.834 E2414.41327
G1 X113.33 Y181.233 E2414.43867
G1 X111.687 Y179.296 E2414.52315
G1 X111.153 Y178.75 E2414.54855
G1 X109.31 Y177.004 E2414.63299
G1 X108.69 Y176.499 E2414.65959
G1 X106.696 Y174.982 E2414.74292
G1 X106.046 Y174.561 E2414.76867
G1 F3007.5 X103.878 Y173.256 E2414.85263
G1 X103.185 Y172.908 E2414.87836
G1 F3000 X100.891 Y171.846 E2414.96243
G1 X100.134 Y171.565 E2414.98929
G1 X97.769 Y170.769 E2415.07229
G1 X96.976 Y170.573 E2415.09946
G1 X94.549 Y170.036 E2415.18213
G1 X93.791 Y169.932 E2415.20758
G1 X91.266 Y169.658 E2415.29205
G1 X90.502 Y169.637 E2415.31747
G1 X87.963 Y169.638 E2415.40192
G1 X87.201 Y169.703 E2415.42736
G1 X84.675 Y169.978 E2415.51187
G1 X83.926 Y170.126 E2415.53726
G1 X81.443 Y170.673 E2415.62183
G1 X80.718 Y170.899 E2415.64708
G1 X78.312 Y171.711 E2415.73154
G1 X77.519 Y172.062 E2415.76039
G1 X75.305 Y173.087 E2415.84153
G1 X74.646 Y173.467 E2415.86683
G1 X72.47 Y174.778 E2415.95133
G1 X71.784 Y175.284 E2415.97968
G1 X69.831 Y176.769 E2416.06128
G1 X69.271 Y177.286 E2416.08663
G1 X67.425 Y179.035 E2416.17121
G1 X66.875 Y179.666 E2416.19905
G1 X65.278 Y181.545 E2416.28107
G1 X63.419 Y184.275 E2416.39092
G1 X61.866 Y187.192 E2416.50084
G1 X60.632 Y190.273 E2416.61123
G1 X59.751 Y193.443 E2416.72066
G1 X59.215 Y196.704 E2416.83057
G1 X59.039 Y199.967 E2416.93926
G1 X59.036 Y200.002 E2416.94043
G1 X59.216 Y203.297 E2417.05018
G1 X59.752 Y206.558 E2417.1601
G1 X60.636 Y209.728 E2417.26956
G1 X61.868 Y212.809 E2417.37992
G1 X62.575 Y214.14 E2417.43005
G1 X63.42 Y215.726 E2417.48982
G1 X64.872 Y217.868 E2417.57589
G1 X65.279 Y218.456 E2417.59967
G1 X66.966 Y220.44 E2417.68629
G1 X67.424 Y220.967 E2417.70951
G1 X69.317 Y222.758 E2417.79619
G1 X69.835 Y223.238 E2417.81968
G1 X71.854 Y224.77 E2417.90397
G1 X72.468 Y225.221 E2417.92931
G1 X74.723 Y226.576 E2418.01681
G1 X75.309 Y226.916 E2418.03934
G1 X77.698 Y228.02 E2418.12688
G1 X78.311 Y228.291 E2418.14917
G1 X80.715 Y229.1 E2418.23353
G1 X81.445 Y229.328 E2418.25897
G1 X83.928 Y229.876 E2418.34354
G1 X84.675 Y230.023 E2418.36886
G1 X87.202 Y230.298 E2418.45341
G1 X87.962 Y230.363 E2418.47878
G1 X90.501 Y230.362 E2418.56323
G1 X91.266 Y230.341 E2418.58868
G1 X93.791 Y230.067 E2418.67315
G1 X94.548 Y229.963 E2418.69857
G1 X97.031 Y229.415 E2418.78314
G1 X97.769 Y229.232 E2418.80843
G1 X100.175 Y228.42 E2418.89289
G1 X100.892 Y228.153 E2418.91834
G1 X103.21 Y227.081 E2419.00328
G1 X103.878 Y226.745 E2419.02815
G1 X106.066 Y225.426 E2419.11312
G1 X106.696 Y225.017 E2419.1381
G1 X108.72 Y223.478 E2419.22267
G1 X109.31 Y222.996 E2419.24801
G1 X111.155 Y221.247 E2419.33257
G1 X111.689 Y220.704 E2419.3579
G1 X113.333 Y218.766 E2419.44243
G1 X113.802 Y218.167 E2419.46773
G1 X115.23 Y216.063 E2419.5523
G1 X115.629 Y215.415 E2419.57761
G1 X116.82 Y213.168 E2419.6622
G1 X117.146 Y212.485 E2419.68737
G1 X117.438 Y211.719 E2419.71464
G1 X118.247 Y209.69 E2419.78729
G1 X118.573 Y208.599 E2419.82516
G1 X118.973 Y207.154 E2419.87503
G1 X119.301 Y205.582 E2419.92844
G1 X119.422 Y205.341 E2419.93741
G1 X119.661 Y205.166 E2419.94726
G1 X119.889 Y205.123 E2419.95498
G1 X123.815 Y205.147 E2420.08556
G1 X134.835 Y205.099 E2420.45209
G1 X134.835 Y201.001 E2420.58839
G1 X134.453 Y201.743 E2420.61615
G1 X134.177 Y202.108 E2420.63137
G1 X133.287 Y202.757 E2420.668
G1 X132.744 Y202.965 E2420.68734
G1 X131.82 Y203.072 E2420.71828
G1 X131.325 Y203.011 E2420.73487
G1 X130.372 Y202.649 E2420.76878
G1 X129.938 Y202.319 E2420.78691
G1 X129.373 Y201.691 E2420.81501
G1 X129.122 Y201.228 E2420.83252
G1 X128.889 Y200.341 E2420.86302
G1 X128.866 Y199.774 E2420.8819
G1 X129.114 Y198.777 E2420.91607
G1 X129.34 Y198.355 E2420.93199
G1 X129.976 Y197.635 E2420.96394
G1 X130.245 Y197.421 E2420.97538
G1 X131.299 Y196.994 E2421.0132
G1 X131.755 Y196.924 E2421.02854
G1 X132.788 Y197.048 E2421.06315
G1 X133.176 Y197.179 E2421.07677
G1 X134.075 Y197.796 E2421.11304
G1 X134.391 Y198.152 E2421.12887
G1 X134.835 Y198.999 E2421.16067
G1 X134.835 Y194.902 E2421.29694
G1 X131.956 Y194.894 E2421.3927
G1 X129.052 Y194.883 E2421.48929
G1 X119.892 Y194.926 E2421.79395
M204 S3000
M205 X10 Y10
G0 F6000 X119.892 Y195.036
G0 X99.655 Y221.059
G0 X99.394 Y221.983
G0 X99.284 Y222.888
G0 X99.39 Y222.863
M204 S1800
M205 X8 Y8
G1 F3000 X99.372 Y222.316 E2421.81216
G1 X99.579 Y221.399 E2421.84342
G1 X99.815 Y220.914 E2421.86136
G1 X100.586 Y220.06 E2421.89963
G1 X100.942 Y219.838 E2421.91358
G1 X101.718 Y219.537 E2421.94127
G1 X102.262 Y219.452 E2421.95958
G1 X103.195 Y219.549 E2421.99078
G1 X103.711 Y219.727 E2422.00893
G1 X104.238 Y220.068 E2422.02981
G1 X104.595 Y220.337 E2422.04468
G1 X104.942 Y220.756 E2422.06277
G1 X105.316 Y221.468 E2422.08952
G1 X105.457 Y221.981 E2422.10722
G1 X105.472 Y222.912 E2422.13819
G1 X105.367 Y223.427 E2422.15567
G1 X104.941 Y224.278 E2422.18732
G1 F3007.5 X104.594 Y224.698 E2422.2054
G1 X103.834 Y225.242 E2422.2364
G1 F3000 X103.335 Y225.451 E2422.2544
G1 X102.764 Y225.527 E2422.27356
G1 X102.191 Y225.582 E2422.2927
G1 X101.72 Y225.496 E2422.30863
G1 X101.003 Y225.226 E2422.33411
G1 X100.53 Y224.922 E2422.35281
G1 X99.896 Y224.235 E2422.3839
G1 X99.631 Y223.767 E2422.40179
G1 X99.39 Y222.863 E2422.43291
M204 S3000
M205 X10 Y10
G0 F6000 X99.002 Y222.959
M204 S1800
M205 X8 Y8
G1 F3000 X98.972 Y222.317 E2422.45428
G1 X99.071 Y221.789 E2422.47215
G1 X99.191 Y221.303 E2422.4888
G1 X99.462 Y220.727 E2422.50997
G1 X99.615 Y220.512 E2422.51875
G1 X100.294 Y219.786 E2422.55181
G1 X100.568 Y219.58 E2422.56321
G1 X101.576 Y219.163 E2422.5995
G1 X102.212 Y219.055 E2422.62095
G1 X102.744 Y219.09 E2422.63869
G1 X103.244 Y219.152 E2422.65544
G1 X103.785 Y219.327 E2422.67435
G1 X104.148 Y219.522 E2422.68806
G1 X104.711 Y219.909 E2422.71078
G1 X105.156 Y220.369 E2422.73207
G1 X105.296 Y220.57 E2422.74022
G1 X105.67 Y221.282 E2422.76697
G1 X105.846 Y221.889 E2422.78799
G1 X105.872 Y222.913 E2422.82206
G1 X105.756 Y223.521 E2422.84264
G1 X105.296 Y224.463 E2422.87751
G1 F2948.4 X104.899 Y224.967 E2422.89922
G1 F2684.6 X104.732 Y225.159 E2422.90868
G1 F2569.6 X104.076 Y225.595 E2422.93927
G1 F2510.5 X103.495 Y225.872 E2422.96485
G1 F2666.7 X102.802 Y225.925 E2422.99086
G1 F3000 X102.229 Y225.981 E2423.01
G1 X101.691 Y225.906 E2423.02807
G1 X100.862 Y225.601 E2423.05745
G1 X100.399 Y225.318 E2423.0755
G1 X100.122 Y225.092 E2423.08739
G1 X99.597 Y224.501 E2423.11368
G1 X99.277 Y223.952 E2423.13482
G1 X99.002 Y222.959 E2423.16909
M204 S3000
M205 X10 Y10
G0 F6000 X83.06 Y205.083
G0 X82.088 Y203.537
G0 X81.548 Y201.986
G0 X81.019 Y199.194
M204 S1800
M205 X8 Y8
G1 F3000 X81.129 Y198.209 E2423.20205
G1 X81.288 Y197.685 E2423.22027
G1 X81.731 Y196.418 E2423.26491
G1 X82.339 Y195.404 E2423.30423
G1 X82.742 Y194.763 E2423.32942
G1 X83.097 Y194.382 E2423.34674
G1 X84.088 Y193.393 E2423.3933
G1 X84.383 Y193.189 E2423.40523
G1 X85.681 Y192.376 E2423.45617
G1 X85.904 Y192.28 E2423.46425
G1 X87.472 Y191.732 E2423.51949
G1 X87.654 Y191.694 E2423.52568
G1 X89.367 Y191.502 E2423.58301
G1 X89.548 Y191.506 E2423.58903
G1 X91.215 Y191.694 E2423.64483
G1 X92.125 Y191.985 E2423.6766
G1 X93.019 Y192.299 E2423.70812
G1 X93.897 Y192.821 E2423.74209
G1 X94.642 Y193.287 E2423.77132
G1 X95.413 Y194.023 E2423.80677
G1 X96.008 Y194.619 E2423.83478
G1 X96.652 Y195.599 E2423.87378
G1 X97.07 Y196.266 E2423.89996
G1 X97.137 Y196.417 E2423.90546
G1 X97.712 Y198.066 E2423.96354
G1 X97.813 Y198.857 E2423.99007
G1 X97.934 Y199.943 E2424.02641
G1 X97.836 Y200.944 E2424.05986
G1 X97.738 Y201.808 E2424.08878
G1 X97.529 Y202.465 E2424.11171
G1 X97.117 Y203.637 E2424.15303
G1 X97.04 Y203.784 E2424.15855
G1 X96.132 Y205.231 E2424.21537
G1 X95.687 Y205.702 E2424.23692
G1 X94.818 Y206.572 E2424.27782
G1 X93.798 Y207.242 E2424.31841
G1 X93.22 Y207.605 E2424.34111
G1 X92.527 Y207.873 E2424.36582
G1 X91.377 Y208.274 E2424.40633
G1 X90.631 Y208.371 E2424.43135
G1 X89.548 Y208.494 E2424.46761
G1 X89.323 Y208.494 E2424.47509
G1 X87.633 Y208.304 E2424.53165
G1 X87.436 Y208.256 E2424.5384
G1 X85.843 Y207.699 E2424.59453
G1 X85.649 Y207.605 E2424.6017
G1 X84.227 Y206.713 E2424.65753
G1 X84.051 Y206.572 E2424.66503
G1 X82.861 Y205.381 E2424.72103
G1 X82.34 Y204.598 E2424.75231
G1 X81.806 Y203.746 E2424.78575
G1 X81.551 Y203.066 E2424.8099
G1 X81.177 Y201.996 E2424.8476
G1 X81.019 Y200.808 E2424.88747
G1 X80.941 Y200.114 E2424.91069
G1 X81.019 Y199.194 E2424.9414
M204 S3000
M205 X10 Y10
G0 F6000 X64.237 Y203.013
G0 X63.059 Y203.116
G0 X61.934 Y202.732
G0 X60.99 Y201.885
G0 X59.967 Y200.451
M204 S1800
M205 X8 Y8
G1 F2569.6 X59.941 Y199.8 E2424.9667
G1 X59.966 Y199.548 E2424.97653
G1 F2752.3 X60.19 Y198.787 E2425.00529
G1 F3000 X60.462 Y198.211 E2425.02648
G1 X60.614 Y197.997 E2425.03521
G1 X61.293 Y197.27 E2425.0683
G1 X61.759 Y196.965 E2425.08682
G1 X62.576 Y196.646 E2425.11599
G1 X63.215 Y196.539 E2425.13754
G1 X64.243 Y196.635 E2425.17188
G1 X64.853 Y196.836 E2425.19324
G1 X65.711 Y197.391 E2425.22723
G1 X66.162 Y197.859 E2425.24885
G1 X66.67 Y198.765 E2425.2834
G1 X66.846 Y199.371 E2425.30438
G1 X66.873 Y199.982 E2425.32473
G1 X66.862 Y200.543 E2425.34339
G1 X66.724 Y201.107 E2425.3627
G1 X66.295 Y201.947 E2425.39407
G1 X65.895 Y202.445 E2425.41532
G1 X65.709 Y202.61 E2425.42359
G1 X65.033 Y203.073 E2425.45084
G1 X64.478 Y203.308 E2425.47088
G1 X64.215 Y203.369 E2425.47986
G1 X63.229 Y203.463 E2425.51281
G1 X62.893 Y203.438 E2425.52401
G1 X61.862 Y203.084 E2425.56027
G1 X61.305 Y202.737 E2425.5821
G1 X60.596 Y201.983 E2425.61652
G1 X60.277 Y201.435 E2425.63761
G1 F2870.8 X60.122 Y200.943 E2425.65554
G1 F2643.2 X59.967 Y200.451 E2425.67501
M204 S3000
M205 X10 Y10
G0 F6000 X60.655 Y198.541
G0 X61.412 Y197.628
G0 X99.002 Y177.925
M204 S1800
M205 X8 Y8
G1 F3000 X98.972 Y177.283 E2425.69639
G1 X99 Y177.04 E2425.70452
G1 X99.191 Y176.27 E2425.73091
G1 X99.462 Y175.694 E2425.75208
G1 X99.615 Y175.479 E2425.76086
G1 X100.294 Y174.753 E2425.79392
G1 X100.564 Y174.548 E2425.8052
G1 X101.576 Y174.129 E2425.84163
G1 X102.215 Y174.022 E2425.86318
G1 X102.791 Y174.063 E2425.88238
G1 F2708.8 X103.454 Y174.123 E2425.9069
G1 F2558.6 X104.028 Y174.371 E2425.93129
G1 F2580.6 X104.737 Y174.845 E2425.96426
G1 F2591.8 X104.915 Y175.025 E2425.97401
G1 F2830.2 X105.265 Y175.481 E2425.99428
G1 F3000 X105.67 Y176.249 E2426.02315
G1 X105.847 Y176.854 E2426.04412
G1 X105.873 Y177.879 E2426.07822
G1 X105.755 Y178.486 E2426.09879
G1 X105.296 Y179.43 E2426.1337
G1 X104.895 Y179.928 E2426.15497
G1 X104.471 Y180.256 E2426.1728
G1 X103.959 Y180.599 E2426.19329
G1 X103.478 Y180.791 E2426.21052
G1 X102.992 Y180.873 E2426.22691
G1 X102.23 Y180.947 E2426.25238
G1 X101.889 Y180.921 E2426.26375
G1 X100.935 Y180.594 E2426.29729
G1 X100.65 Y180.456 E2426.30782
G1 X100.202 Y180.139 E2426.32608
G1 X99.635 Y179.511 E2426.35422
G1 X99.458 Y179.266 E2426.36427
G1 X99.21 Y178.759 E2426.38304
G1 X99.002 Y177.925 E2426.41163
M204 S3000
M205 X10 Y10
G0 F6000 X99.834 Y179.204
G0 X100.497 Y179.902
G0 X118.979 Y194.743
M204 S1800
M205 X8 Y8
G1 F3000 X118.839 Y194.16 E2426.43157
G1 X118.686 Y193.353 E2426.45889
G1 X117.928 Y190.626 E2426.55303
G1 X117.168 Y188.716 E2426.6214
G1 X116.776 Y187.672 E2426.65849
G1 X116.461 Y187.01 E2426.68288
G1 X115.283 Y184.786 E2426.76659
G1 X114.893 Y184.157 E2426.7912
G1 X113.478 Y182.07 E2426.87507
G1 X113.02 Y181.486 E2426.89975
G1 X111.391 Y179.566 E2426.9835
G1 X110.872 Y179.036 E2427.00817
G1 X109.045 Y177.305 E2427.09188
G1 X108.47 Y176.834 E2427.1166
G1 X106.465 Y175.31 E2427.20036
G1 X105.84 Y174.904 E2427.22515
G1 F2830.2 X105.276 Y174.593 E2427.24786
G1 F2666.7 X104.802 Y174.31 E2427.26852
G1 F2643.2 X104.327 Y174.026 E2427.28941
G1 F2515.7 X103.711 Y173.681 E2427.31741
G1 F2672.6 X103.029 Y173.276 E2427.34702
G1 F3000 X100.737 Y172.215 E2427.43103
G1 X100.006 Y171.944 E2427.45696
G1 X97.656 Y171.153 E2427.53943
G1 X96.889 Y170.963 E2427.56571
G1 X94.479 Y170.43 E2427.6478
G1 X93.743 Y170.329 E2427.67251
G1 X91.578 Y170.095 E2427.74494
G1 X90.899 Y170.048 E2427.76758
G1 X90.383 Y170.037 E2427.78474
G1 X87.98 Y170.038 E2427.86467
G1 X87.24 Y170.101 E2427.88937
G1 X84.736 Y170.374 E2427.97315
G1 X84.008 Y170.518 E2427.99783
G1 X82.935 Y170.753 E2428.03436
G1 X81.546 Y171.06 E2428.08168
G1 X80.841 Y171.28 E2428.10624
G1 X78.457 Y172.085 E2428.18993
G1 X77.687 Y172.425 E2428.21793
G1 X75.49 Y173.442 E2428.29845
G1 X74.85 Y173.812 E2428.32304
G1 X72.692 Y175.111 E2428.40681
G1 X72.093 Y175.551 E2428.43153
G1 X70.088 Y177.075 E2428.5153
G1 X69.545 Y177.578 E2428.53991
G1 X67.714 Y179.312 E2428.62379
G1 X67.226 Y179.87 E2428.64844
G1 X65.597 Y181.787 E2428.73212
G1 X63.762 Y184.482 E2428.84056
G1 X62.23 Y187.361 E2428.94903
G1 X61.011 Y190.401 E2429.05796
G1 X60.143 Y193.529 E2429.16593
G1 X59.613 Y196.747 E2429.27441
G1 X59.508 Y198.686 E2429.33899
G1 F2752.3 X59.502 Y199.48 E2429.36778
G1 F2553.2 X59.472 Y199.99 E2429.38774
G1 F2564.1 X59.471 Y200.002 E2429.38821
G1 F2553.2 X59.501 Y200.519 E2429.40845
G1 F2752.3 X59.509 Y201.314 E2429.43727
G1 F3000 X59.614 Y203.254 E2429.50189
G1 X60.039 Y205.838 E2429.58899
G1 X60.144 Y206.472 E2429.61037
G1 X61.015 Y209.6 E2429.71836
G1 X62.231 Y212.641 E2429.82729
G1 X63.763 Y215.519 E2429.93573
G1 X65.201 Y217.64 E2430.02096
G1 X65.597 Y218.212 E2430.0441
G1 X67.268 Y220.177 E2430.12989
G1 X67.713 Y220.69 E2430.15248
G1 X69.589 Y222.465 E2430.23838
G1 X70.093 Y222.931 E2430.26121
G1 X72.16 Y224.498 E2430.34748
G1 X72.69 Y224.887 E2430.36935
G1 X74.851 Y226.188 E2430.45324
G1 X75.493 Y226.56 E2430.47792
G1 X77.86 Y227.654 E2430.56465
G1 X78.456 Y227.917 E2430.58632
G1 X80.838 Y228.719 E2430.66991
G1 X81.548 Y228.941 E2430.69465
G1 X84.01 Y229.484 E2430.77851
G1 X84.735 Y229.627 E2430.80309
G1 X86.954 Y229.868 E2430.87733
G1 X87.524 Y229.923 E2430.89637
G1 X88.433 Y229.963 E2430.92663
G1 X90.496 Y229.962 E2430.99525
G1 X91.239 Y229.942 E2431.01997
G1 X93.743 Y229.67 E2431.10374
G1 X94.478 Y229.569 E2431.12842
G1 X96.939 Y229.026 E2431.21224
G1 X97.657 Y228.848 E2431.23685
G1 X100.063 Y228.035 E2431.32132
G1 X100.738 Y227.784 E2431.34527
G1 X103.031 Y226.723 E2431.4293
G1 F2649 X103.611 Y226.372 E2431.45484
G1 F2479.3 X104.07 Y226.126 E2431.4758
G1 F2575.1 X104.53 Y225.844 E2431.4967
G1 F2531.6 X104.991 Y225.561 E2431.51802
G1 F2733.5 X105.629 Y225.222 E2431.5444
G1 F3000 X106.446 Y224.703 E2431.57659
G1 X106.966 Y224.31 E2431.59827
G1 X108.494 Y223.146 E2431.66215
G1 X109.045 Y222.696 E2431.68582
G1 X110.875 Y220.962 E2431.76967
G1 X111.394 Y220.434 E2431.79429
G1 X113.023 Y218.514 E2431.87804
G1 X113.479 Y217.931 E2431.90266
G1 X114.894 Y215.845 E2431.98649
G1 X115.281 Y215.216 E2432.01106
G1 X116.463 Y212.988 E2432.09494
G1 X116.778 Y212.327 E2432.1193
G1 X117.061 Y211.585 E2432.14571
G1 X117.869 Y209.559 E2432.21826
G1 X118.188 Y208.488 E2432.25542
G1 X118.584 Y207.06 E2432.30471
G1 X118.912 Y205.489 E2432.35809
G1 X119.055 Y205.163 E2432.36993
G1 X119.327 Y204.892 E2432.3827
G1 X119.628 Y204.756 E2432.39369
G1 X119.892 Y204.723 E2432.40254
G1 X123.813 Y204.747 E2432.53295
G1 X131.474 Y204.714 E2432.78776
G1 X134.435 Y204.7 E2432.88624
G1 X134.435 Y202.408 E2432.96248
G1 X134.277 Y202.556 E2432.96968
G1 X133.515 Y203.085 E2433.00053
G1 X132.975 Y203.316 E2433.02006
G1 X131.865 Y203.469 E2433.05733
G1 X131.58 Y203.461 E2433.06681
G1 X131.061 Y203.35 E2433.08447
G1 X130.225 Y203.021 E2433.11435
G1 X129.938 Y202.848 E2433.12549
G1 X129.582 Y202.529 E2433.14139
G1 X129.074 Y201.957 E2433.16684
G1 X128.763 Y201.403 E2433.18797
G1 X128.501 Y200.437 E2433.22126
G1 X128.465 Y199.91 E2433.23883
G1 X128.494 Y199.589 E2433.24955
G1 X128.727 Y198.678 E2433.28082
G1 X128.911 Y198.275 E2433.29556
G1 X129.676 Y197.37 E2433.33497
G1 X130.01 Y197.098 E2433.3493
G1 X130.24 Y196.973 E2433.358
G1 X131.156 Y196.621 E2433.39064
G1 X131.621 Y196.532 E2433.40639
G1 X131.876 Y196.531 E2433.41487
G1 X132.837 Y196.651 E2433.44708
G1 X133.334 Y196.812 E2433.46446
G1 X134.305 Y197.468 E2433.50343
G1 X134.435 Y197.584 E2433.50923
G1 X134.435 Y195.301 E2433.58516
G1 X131.955 Y195.294 E2433.66765
G1 X131.304 Y195.292 E2433.6893
G1 X129.054 Y195.283 E2433.76413
G1 X119.894 Y195.326 E2434.0688
G1 X119.515 Y195.255 E2434.08163
G1 X119.201 Y195.054 E2434.09403
G1 X118.979 Y194.743 E2434.10673
M204 S3000
M205 X10 Y10
G0 F6000 X119.09 Y195.45
M204 S1800
M205 X8 Y8
;TYPE:SKIN
G1 F1200 X118.76 Y195.118 E2434.1223
G1 X118.557 Y194.696 E2434.13788
G1 X118.315 Y193.44 E2434.18042
G1 X117.572 Y190.762 E2434.27286
G1 X116.889 Y189.042 E2434.33441
G1 X116.425 Y187.822 E2434.37782
G1 X116.12 Y187.181 E2434.40143
G1 X114.952 Y184.975 E2434.48445
G1 X114.574 Y184.365 E2434.50832
G1 X113.17 Y182.294 E2434.59154
G1 X112.8 Y181.822 E2434.61149
G1 X111.109 Y179.823 E2434.69857
G1 X110.651 Y179.355 E2434.72035
G1 X108.793 Y177.591 E2434.80557
G1 X108.254 Y177.15 E2434.82873
G1 X106.251 Y175.627 E2434.91242
G1 X105.643 Y175.23 E2434.93657
G1 X105.494 Y175.154 E2434.94213
G1 X105.636 Y175.364 E2434.95057
G1 X106.113 Y176.348 E2434.98694
G1 X106.251 Y177.05 E2435.01073
G1 X106.255 Y177.094 E2435.0122
G1 X106.221 Y178.161 E2435.04771
G1 X106.019 Y178.859 E2435.07188
G1 X105.551 Y179.74 E2435.10506
G1 X105.185 Y180.176 E2435.12399
G1 X104.696 Y180.561 E2435.14469
G1 X104.038 Y180.979 E2435.17062
G1 X103.528 Y181.176 E2435.1888
G1 X103.029 Y181.252 E2435.20559
G1 X102.083 Y181.33 E2435.23716
G1 X101.54 Y181.224 E2435.25556
G1 X101.043 Y181.038 E2435.27321
G1 X100.493 Y180.8 E2435.29314
G1 X100.07 Y180.52 E2435.31002
G1 X99.349 Y179.765 E2435.34474
G1 X99.057 Y179.313 E2435.36264
G1 X98.845 Y178.861 E2435.37924
G1 X98.703 Y178.297 E2435.39859
G1 X98.596 Y177.724 E2435.41797
G1 X98.614 Y177.036 E2435.44086
G1 X98.823 Y176.174 E2435.47037
G1 X99.041 Y175.696 E2435.48784
G1 X99.323 Y175.238 E2435.50573
G1 X99.341 Y175.217 E2435.50665
G1 X100.175 Y174.351 E2435.54664
G1 X100.609 Y174.099 E2435.56333
G1 X101.455 Y173.769 E2435.59353
G1 X101.774 Y173.692 E2435.60445
G1 X102.465 Y173.643 E2435.62749
G1 X102.992 Y173.691 E2435.64509
G1 X102.5 Y173.451 E2435.66329
G1 X100.627 Y172.583 E2435.73195
G1 X99.903 Y172.312 E2435.75767
G1 X97.548 Y171.52 E2435.84031
G1 X96.937 Y171.367 E2435.86125
G1 X94.412 Y170.805 E2435.94729
G1 X93.705 Y170.71 E2435.97102
G1 X91.215 Y170.437 E2436.05433
G1 X90.606 Y170.421 E2436.07459
G1 X87.997 Y170.419 E2436.16137
G1 X87.404 Y170.469 E2436.18116
G1 X84.794 Y170.75 E2436.26847
G1 X84.201 Y170.867 E2436.28858
G1 X82.083 Y171.332 E2436.3607
G1 X81.175 Y171.573 E2436.39195
G1 X79.04 Y172.289 E2436.46684
G1 X78.17 Y172.628 E2436.4979
G1 X76.097 Y173.581 E2436.57378
G1 X75.257 Y174.016 E2436.60525
G1 X73.318 Y175.179 E2436.68045
G1 X72.516 Y175.713 E2436.7125
G1 X70.333 Y177.369 E2436.80363
G1 X69.921 Y177.749 E2436.82227
G1 X67.988 Y179.577 E2436.91076
G1 X67.582 Y180.043 E2436.93132
G1 X65.898 Y182.02 E2437.01769
G1 X64.087 Y184.681 E2437.12475
G1 X62.575 Y187.523 E2437.23182
G1 X61.365 Y190.538 E2437.33987
G1 X60.516 Y193.612 E2437.44594
G1 X59.999 Y196.75 E2437.55172
G1 X59.901 Y198.479 E2437.60932
G1 X60.311 Y197.768 E2437.63662
G1 X60.853 Y197.182 E2437.66317
G1 X61.355 Y196.75 E2437.68519
G1 X61.722 Y196.566 E2437.69885
G1 X62.433 Y196.294 E2437.72417
G1 X62.879 Y196.197 E2437.73935
G1 X63.466 Y196.16 E2437.75891
G1 X64.288 Y196.257 E2437.78644
G1 X64.62 Y196.341 E2437.79783
G1 X65.209 Y196.59 E2437.8191
G1 X65.927 Y197.078 E2437.84797
G1 X66.186 Y197.311 E2437.85956
G1 X66.623 Y197.859 E2437.88287
G1 X67.076 Y198.74 E2437.91582
G1 X67.236 Y199.378 E2437.9377
G1 X67.253 Y199.975 E2437.95756
G1 X67.221 Y200.686 E2437.98124
G1 X67.021 Y201.374 E2438.00507
G1 X66.569 Y202.232 E2438.03732
G1 X66.181 Y202.695 E2438.05741
G1 X65.923 Y202.924 E2438.06889
G1 X65.144 Y203.448 E2438.10011
G1 X64.616 Y203.661 E2438.11905
G1 X64.248 Y203.748 E2438.13163
G1 X63.266 Y203.842 E2438.16444
G1 X62.903 Y203.827 E2438.17652
G1 X62.445 Y203.709 E2438.19225
G1 X61.728 Y203.439 E2438.21773
G1 X61.425 Y203.279 E2438.22913
G1 X60.868 Y202.859 E2438.25233
G1 X60.31 Y202.235 E2438.28017
G1 X60.118 Y201.952 E2438.29155
G1 X59.9 Y201.477 E2438.30893
G1 X59.99 Y203.163 E2438.36509
G1 X60.515 Y206.387 E2438.47373
G1 X61.372 Y209.463 E2438.57994
G1 X62.577 Y212.478 E2438.68793
G1 X64.089 Y215.321 E2438.79503
G1 X65.899 Y217.98 E2438.90201
G1 X66.811 Y219.055 E2438.9489
G1 X67.988 Y220.425 E2439.00897
G1 X69.346 Y221.712 E2439.0712
G1 X70.342 Y222.644 E2439.11657
G1 X72.243 Y224.084 E2439.19589
G1 X72.902 Y224.569 E2439.2231
G1 X74.729 Y225.666 E2439.29398
G1 X75.666 Y226.22 E2439.33019
G1 X77.91 Y227.257 E2439.41241
G1 X78.594 Y227.564 E2439.43734
G1 X80.647 Y228.252 E2439.50936
G1 X81.645 Y228.572 E2439.54422
G1 X83.969 Y229.086 E2439.62338
G1 X84.791 Y229.251 E2439.65127
G1 X86.993 Y229.489 E2439.72493
G1 X87.995 Y229.583 E2439.75841
G1 X90.479 Y229.58 E2439.84102
G1 X91.214 Y229.562 E2439.86548
G1 X93.616 Y229.301 E2439.94584
G1 X94.411 Y229.194 E2439.97252
G1 X96.834 Y228.658 E2440.05506
G1 X97.548 Y228.482 E2440.07951
G1 X99.8 Y227.724 E2440.15855
G1 X100.552 Y227.447 E2440.1852
G1 X102.851 Y226.386 E2440.26942
G1 X102.977 Y226.31 E2440.27431
G1 X102.267 Y226.36 E2440.29798
G1 X101.79 Y226.323 E2440.3139
G1 X100.73 Y225.958 E2440.35118
G1 X100.422 Y225.796 E2440.36276
G1 X99.862 Y225.369 E2440.38618
G1 X99.312 Y224.755 E2440.4136
G1 X99.115 Y224.466 E2440.42523
G1 X98.836 Y223.861 E2440.44739
G1 X98.609 Y222.926 E2440.47939
G1 X98.592 Y222.323 E2440.49945
G1 X98.697 Y221.71 E2440.52014
G1 X98.871 Y221.053 E2440.54275
G1 X99.125 Y220.55 E2440.56149
G1 X99.339 Y220.25 E2440.57374
G1 X100.197 Y219.364 E2440.61476
G1 X100.699 Y219.094 E2440.63372
G1 X101.445 Y218.806 E2440.66032
G1 X101.769 Y218.728 E2440.6714
G1 X102.355 Y218.668 E2440.691
G1 X103.135 Y218.755 E2440.7171
G1 X103.615 Y218.856 E2440.73341
G1 X104.119 Y219.054 E2440.75143
G1 X104.678 Y219.423 E2440.7737
G1 X105.158 Y219.801 E2440.79402
G1 X105.611 Y220.356 E2440.81785
G1 X105.634 Y220.394 E2440.81933
G1 X106.113 Y221.382 E2440.85585
G1 X106.25 Y222.086 E2440.8797
G1 X106.253 Y222.129 E2440.88114
G1 X106.225 Y223.183 E2440.91621
G1 X106.018 Y223.895 E2440.94087
G1 X105.595 Y224.705 E2440.97126
G1 X105.477 Y224.864 E2440.97785
G1 X106.224 Y224.392 E2441.00723
G1 X108.014 Y223.032 E2441.08201
G1 X108.696 Y222.488 E2441.11102
G1 X109.261 Y221.96 E2441.13674
G1 X110.601 Y220.694 E2441.19806
G1 X111.113 Y220.177 E2441.22226
G1 X112.65 Y218.366 E2441.30126
G1 X113.171 Y217.707 E2441.3292
G1 X114.575 Y215.639 E2441.41234
G1 X114.951 Y215.028 E2441.4362
G1 X116.017 Y213.015 E2441.51196
G1 X116.249 Y212.551 E2441.52921
G1 X116.576 Y211.79 E2441.55676
G1 X117.51 Y209.432 E2441.64112
G1 X117.805 Y208.434 E2441.67573
G1 X118.213 Y206.971 E2441.72625
G1 X118.409 Y206.039 E2441.75792
G1 X118.569 Y205.305 E2441.78291
G1 X118.797 Y204.874 E2441.79913
G1 X119.145 Y204.559 E2441.81474
G1 X119.573 Y204.382 E2441.83014
G1 X119.897 Y204.343 E2441.841
G1 X123.766 Y204.366 E2441.96968
G1 X130.895 Y204.335 E2442.2068
G1 F1126.8 X131.453 Y204.306 E2442.22659
G1 F1036.7 X132.181 Y204.293 E2442.25462
G1 F989.7 X132.909 Y204.279 E2442.28399
G1 F1071.4 X133.526 Y204.324 E2442.30703
G1 F1200 X134.055 Y204.321 E2442.32463
G1 X134.055 Y203.174 E2442.36277
G1 X133.455 Y203.543 E2442.3862
G1 F1090.9 X132.925 Y203.765 E2442.40723
G1 F1019.1 X132.419 Y203.816 E2442.42714
G1 F1064.3 X131.912 Y203.868 E2442.44626
G1 F1073.8 X131.5 Y203.859 E2442.46157
G1 F1126.8 X130.929 Y203.707 E2442.4825
G1 F1200 X130.088 Y203.377 E2442.51255
G1 X129.687 Y203.132 E2442.52818
G1 X129.311 Y202.796 E2442.54495
G1 X128.789 Y202.21 E2442.57105
G1 X128.576 Y201.888 E2442.58389
G1 X128.334 Y201.332 E2442.60406
G1 X128.131 Y200.532 E2442.63151
G1 X128.086 Y199.977 E2442.65003
G1 X128.128 Y199.479 E2442.66666
G1 X128.359 Y198.579 E2442.69756
G1 X128.484 Y198.27 E2442.70865
G1 X128.76 Y197.834 E2442.72581
G1 X129.585 Y196.942 E2442.76622
G1 X130.071 Y196.634 E2442.78536
G1 F1194 X130.548 Y196.447 E2442.80249
G1 F1179.4 X131.025 Y196.259 E2442.81984
G1 F1108.5 X131.348 Y196.156 E2442.83204
G1 F1071.4 X131.899 Y196.132 E2442.85259
G1 F1021.3 X132.892 Y196.224 E2442.89156
G1 F1069 X133.463 Y196.472 E2442.9148
G1 F1200 X134.055 Y196.815 E2442.93756
G1 X134.055 Y195.68 E2442.97531
G1 X133.38 Y195.678 E2442.99776
G1 F1069 X132.924 Y195.726 E2443.01488
G1 F1021.3 X131.954 Y195.694 E2443.05281
G1 F1071.4 X131.336 Y195.7 E2443.07583
G1 F1086 X130.632 Y195.684 E2443.10171
G1 F1159.4 X129.928 Y195.668 E2443.12595
G1 F1200 X129.026 Y195.668 E2443.15595
G1 X119.882 Y195.705 E2443.46009
G1 X119.497 Y195.648 E2443.47303
G1 X119.09 Y195.45 E2443.48808
M204 S3000
M205 X10 Y10
G0 F6000 X89.435 Y191.846
G0 X87.621 Y192.052
G0 X85.897 Y192.654
G0 X84.351 Y193.625
G0 X83.06 Y194.917
G0 X82.186 Y196.308
G0 X80.556 Y199.963
M204 S1800
M205 X8 Y8
G1 F1200 X80.641 Y199.15 E2443.51527
G1 X80.779 Y198.011 E2443.55343
G1 X81.177 Y196.852 E2443.59419
G1 X81.444 Y196.123 E2443.62001
G1 X82.018 Y195.199 E2443.65619
G1 X82.517 Y194.432 E2443.68663
G1 X83.811 Y193.132 E2443.74763
G1 X84.399 Y192.733 E2443.77127
G1 X85.466 Y192.061 E2443.81321
G1 X86.006 Y191.841 E2443.8326
G1 X87.322 Y191.38 E2443.87898
G1 X87.538 Y191.328 E2443.88637
G1 X89.294 Y191.127 E2443.94516
G1 X90.152 Y191.192 E2443.97377
G1 X91.448 Y191.352 E2444.01721
G1 X92.251 Y191.627 E2444.04544
G1 X93.302 Y192.005 E2444.08259
G1 X94.1 Y192.499 E2444.1138
G1 X94.99 Y193.07 E2444.14897
G1 X95.474 Y193.548 E2444.1716
G1 X95.683 Y193.755 E2444.18138
G1 X96.413 Y194.508 E2444.21626
G1 X96.705 Y194.968 E2444.23438
G1 X96.975 Y195.397 E2444.25124
G1 X97.442 Y196.161 E2444.28103
G1 X97.499 Y196.316 E2444.28652
G1 X97.917 Y197.496 E2444.32816
G1 X98.108 Y198.082 E2444.34865
G1 X98.214 Y199.012 E2444.37979
G1 X98.314 Y200.054 E2444.4146
G1 X98.214 Y200.986 E2444.44578
G1 X98.086 Y202.006 E2444.47997
G1 X97.881 Y202.607 E2444.50109
G1 X97.49 Y203.722 E2444.54039
G1 X97.37 Y203.972 E2444.54961
G1 X96.735 Y204.986 E2444.58941
G1 X96.335 Y205.591 E2444.61353
G1 X95.075 Y206.851 E2444.6728
G1 X94.012 Y207.555 E2444.7152
G1 X93.164 Y208.052 E2444.74789
G1 X92.653 Y208.232 E2444.76591
G1 X91.339 Y208.672 E2444.812
G1 X89.577 Y208.873 E2444.87099
G1 X89.168 Y208.855 E2444.8846
G1 X87.566 Y208.678 E2444.93821
G1 X87.235 Y208.588 E2444.94962
G1 X85.771 Y208.076 E2445.0012
G1 X85.4 Y207.896 E2445.01492
G1 X84.168 Y207.125 E2445.06326
G1 X83.745 Y206.801 E2445.08098
G1 X82.833 Y205.893 E2445.12378
G1 X82.466 Y205.505 E2445.14155
G1 X82.016 Y204.798 E2445.16942
G1 X81.399 Y203.778 E2445.20907
G1 X80.924 Y202.423 E2445.25683
G1 X80.755 Y201.856 E2445.27651
G1 X80.64 Y200.848 E2445.31025
G1 X80.556 Y199.963 E2445.33982
M204 S3000
M205 X10 Y10
G0 F6000 X65.762 Y182.573
M204 S1800
M205 X8 Y8
G1 F1200 X71.923 Y176.412 E2445.62961
G1 X71.993 Y176.342
M204 S3000
M205 X10 Y10
G0 F6000 X73.746 Y175.154
M204 S1800
M205 X8 Y8
G1 F1200 X64.556 Y184.344 E2446.06188
G1 X64.486 Y184.414
M204 S3000
M205 X10 Y10
G0 F6000 X63.774 Y185.692
M204 S1800
M205 X8 Y8
G1 F1200 X75.161 Y174.306 E2446.59747
G1 X75.231 Y174.236
M204 S3000
M205 X10 Y10
G0 F6000 X76.347 Y173.685
M204 S1800
M205 X8 Y8
G1 F1200 X63.133 Y186.899 E2447.21901
G1 X63.063 Y186.969
M204 S3000
M205 X10 Y10
G0 F6000 X62.6 Y187.998
M204 S1800
M205 X8 Y8
G1 F1200 X77.394 Y173.203 E2447.9149
G1 X77.464 Y173.133
M204 S3000
M205 X10 Y10
G0 F6000 X78.42 Y172.744
M204 S1800
M205 X8 Y8
G1 F1200 X62.22 Y188.943 E2448.67688
G1 X62.15 Y189.013
M204 S3000
M205 X10 Y10
G0 F6000 X61.84 Y189.889
M204 S1800
M205 X8 Y8
G1 F1200 X79.327 Y172.402 E2449.49941
G1 X79.397 Y172.332
M204 S3000
M205 X10 Y10
G0 F6000 X80.178 Y172.116
M204 S1800
M205 X8 Y8
G1 F1200 X61.501 Y190.794 E2450.37794
G1 X61.431 Y190.864
M204 S3000
M205 X10 Y10
G0 F6000 X61.285 Y191.575
M204 S1800
M205 X8 Y8
G1 F1200 X81.029 Y171.831 E2451.30664
G1 X81.099 Y171.761
M204 S3000
M205 X10 Y10
G0 F6000 X81.819 Y171.607
M204 S1800
M205 X8 Y8
G1 F1200 X61.069 Y192.357 E2452.28266
G1 X60.999 Y192.427
M204 S3000
M205 X10 Y10
G0 F6000 X60.855 Y193.137
M204 S1800
M205 X8 Y8
G1 F1200 X82.562 Y171.43 E2453.30369
M204 S3000
M205 X10 Y10
G0 F6000 X83.285 Y171.272
M204 S1800
M205 X8 Y8
G1 F1200 X60.674 Y193.883 E2454.36724
M204 S3000
M205 X10 Y10
G0 F6000 X60.562 Y194.561
M204 S1800
M205 X8 Y8
G1 F1200 X84.008 Y171.115 E2455.47007
M204 S3000
M205 X10 Y10
G0 F6000 X84.705 Y170.984
M204 S1800
M205 X8 Y8
G1 F1200 X60.451 Y195.237 E2456.61088
M204 S3000
M205 X10 Y10
G0 F6000 X60.34 Y195.915
M204 S1800
M205 X8 Y8
G1 F1200 X85.367 Y170.887 E2457.78809
M204 S3000
M205 X10 Y10
G0 F6000 X86 Y170.82
M204 S1800
M205 X8 Y8
G1 F1200 X60.228 Y196.592 E2459.00033
M204 S3000
M205 X10 Y10
G0 F6000 X60.175 Y197.211
M204 S1800
M205 X8 Y8
G1 F1200 X86.633 Y170.753 E2460.24483
M204 S3000
M205 X10 Y10
G0 F6000 X87.266 Y170.686
M204 S1800
M205 X8 Y8
G1 F1200 X61.496 Y196.456 E2461.45697
G1 X61.426 Y196.526
M204 S3000
M205 X10 Y10
G0 F6000 X62.426 Y196.092
M204 S1800
M205 X8 Y8
G1 F1200 X87.874 Y170.643 E2462.65399
M204 S3000
M205 X10 Y10
G0 F6000 X88.459 Y170.624
M204 S1800
M205 X8 Y8
G1 F1200 X63.1 Y195.983 E2463.8468
M204 S3000
M205 X10 Y10
G0 F6000 X63.67 Y195.978
M204 S1800
M205 X8 Y8
G1 F1200 X89.031 Y170.618 E2465.03968
M204 S3000
M205 X10 Y10
G0 F6000 X89.595 Y170.619
M204 S1800
M205 X8 Y8
G1 F1200 X64.174 Y196.041 E2466.23543
M204 S3000
M205 X10 Y10
G0 F6000 X64.639 Y196.141
M204 S1800
M205 X8 Y8
G1 F1200 X90.159 Y170.621 E2467.43582
M204 S3000
M205 X10 Y10
G0 F6000 X90.723 Y170.623
M204 S1800
M205 X8 Y8
G1 F1200 X65.041 Y196.305 E2468.64382
M204 S3000
M205 X10 Y10
G0 F6000 X65.422 Y196.489
M204 S1800
M205 X8 Y8
G1 F1200 X91.269 Y170.643 E2469.85956
M204 S3000
M205 X10 Y10
G0 F6000 X91.778 Y170.699
M204 S1800
M205 X8 Y8
G1 F1200 X65.758 Y196.719 E2471.08346
M204 S3000
M205 X10 Y10
G0 F6000 X66.087 Y196.956
M204 S1800
M205 X8 Y8
G1 F1200 X92.288 Y170.755 E2472.31587
M204 S3000
M205 X10 Y10
G0 F6000 X92.797 Y170.812
M204 S1800
M205 X8 Y8
G1 F1200 X66.378 Y197.23 E2473.55852
M204 S3000
M205 X10 Y10
G0 F6000 X66.627 Y197.547
M204 S1800
M205 X8 Y8
G1 F1200 X93.306 Y170.868 E2474.81342
M204 S3000
M205 X10 Y10
G0 F6000 X93.816 Y170.924
M204 S1800
M205 X8 Y8
G1 F1200 X66.859 Y197.881 E2476.08139
M204 S3000
M205 X10 Y10
G0 F6000 X67.05 Y198.255
M204 S1800
M205 X8 Y8
G1 F1200 X94.313 Y170.992 E2477.36376
M204 S3000
M205 X10 Y10
G0 F6000 X94.779 Y171.092
M204 S1800
M205 X8 Y8
G1 F1200 X67.24 Y198.631 E2478.65911
M204 S3000
M205 X10 Y10
G0 F6000 X67.366 Y199.071
M204 S1800
M205 X8 Y8
G1 F1200 X95.242 Y171.195 E2479.97031
M204 S3000
M205 X10 Y10
G0 F6000 X95.704 Y171.299
M204 S1800
M205 X8 Y8
G1 F1200 X67.443 Y199.56 E2481.29962
M204 S3000
M205 X10 Y10
G0 F6000 X67.446 Y200.122
M204 S1800
M205 X8 Y8
G1 F1200 X96.165 Y171.403 E2482.65048
M204 S3000
M205 X10 Y10
G0 F6000 X96.627 Y171.507
M204 S1800
M205 X8 Y8
G1 F1200 X67.419 Y200.715 E2484.02433
G1 X67.349 Y200.785
M204 S3000
M205 X10 Y10
G0 F6000 X67.157 Y201.543
M204 S1800
M205 X8 Y8
G1 F1200 X97.089 Y171.611 E2485.43224
M204 S3000
M205 X10 Y10
G0 F6000 X97.528 Y171.737
M204 S1800
M205 X8 Y8
G1 F1200 X61.193 Y208.073 E2487.14135
M204 S3000
M205 X10 Y10
G0 F6000 X61.316 Y208.515
M204 S1800
M205 X8 Y8
G1 F1200 X97.962 Y171.869 E2488.86507
M204 S3000
M205 X10 Y10
G0 F6000 X98.384 Y172.012
M204 S1800
M205 X8 Y8
G1 F1200 X61.439 Y208.957 E2490.60285
M204 S3000
M205 X10 Y10
G0 F6000 X61.563 Y209.399
M204 S1800
M205 X8 Y8
G1 F1200 X98.807 Y172.155 E2492.35469
M204 S3000
M205 X10 Y10
G0 F6000 X99.23 Y172.298
M204 S1800
M205 X8 Y8
G1 F1200 X61.724 Y209.804 E2494.11886
M204 S3000
M205 X10 Y10
G0 F6000 X61.886 Y210.207
M204 S1800
M205 X8 Y8
G1 F1200 X99.652 Y172.442 E2495.89523
M204 S3000
M205 X10 Y10
G0 F6000 X100.073 Y172.587
M204 S1800
M205 X8 Y8
G1 F1200 X62.047 Y210.612 E2497.68383
M204 S3000
M205 X10 Y10
G0 F6000 X62.209 Y211.016
M204 S1800
M205 X8 Y8
G1 F1200 X100.482 Y172.743 E2499.48408
M204 S3000
M205 X10 Y10
G0 F6000 X100.874 Y172.917
M204 S1800
M205 X8 Y8
G1 F1200 X62.371 Y211.42 E2501.29514
M204 S3000
M205 X10 Y10
G0 F6000 X62.532 Y211.825
M204 S1800
M205 X8 Y8
G1 F1200 X98.989 Y175.368 E2503.00997
G1 X99.059 Y175.298
M204 S3000
M205 X10 Y10
G0 F6000 X98.579 Y176.343
M204 S1800
M205 X8 Y8
G1 F1200 X62.694 Y212.228 E2504.69789
M204 S3000
M205 X10 Y10
G0 F6000 X62.876 Y212.612
M204 S1800
M205 X8 Y8
G1 F1200 X98.419 Y177.069 E2506.36972
M204 S3000
M205 X10 Y10
G0 F6000 X98.393 Y177.661
M204 S1800
M205 X8 Y8
G1 F1200 X63.072 Y212.981 E2508.03109
M204 S3000
M205 X10 Y10
G0 F6000 X63.269 Y213.351
M204 S1800
M205 X8 Y8
G1 F1200 X98.473 Y178.146 E2509.687
M204 S3000
M205 X10 Y10
G0 F6000 X98.577 Y178.608
M204 S1800
M205 X8 Y8
G1 F1200 X85.185 Y192 E2510.31692
G1 X85.115 Y192.07
M204 S3000
M205 X10 Y10
G0 F6000 X86.184 Y191.567
M204 S1800
M205 X8 Y8
G1 F1200 X98.707 Y179.044 E2510.90596
M204 S3000
M205 X10 Y10
G0 F6000 X98.891 Y179.425
M204 S1800
M205 X8 Y8
G1 F1200 X87.056 Y191.26 E2511.46264
M204 S3000
M205 X10 Y10
G0 F6000 X87.78 Y191.101
M204 S1800
M205 X8 Y8
G1 F1200 X99.109 Y179.773 E2511.9955
M204 S3000
M205 X10 Y10
G0 F6000 X99.366 Y180.082
M204 S1800
M205 X8 Y8
G1 F1200 X88.422 Y191.026 E2512.51028
M204 S3000
M205 X10 Y10
G0 F6000 X89.062 Y190.951
M204 S1800
M205 X8 Y8
G1 F1200 X99.634 Y180.38 E2513.00753
M204 S3000
M205 X10 Y10
G0 F6000 X99.926 Y180.653
M204 S1800
M205 X8 Y8
G1 F1200 X89.644 Y190.935 E2513.49116
M204 S3000
M205 X10 Y10
G0 F6000 X90.155 Y190.99
M204 S1800
M205 X8 Y8
G1 F1200 X100.262 Y180.883 E2513.96656
M204 S3000
M205 X10 Y10
G0 F6000 X100.622 Y181.088
M204 S1800
M205 X8 Y8
G1 F1200 X90.664 Y191.046 E2514.43496
M204 S3000
M205 X10 Y10
G0 F6000 X91.163 Y191.113
M204 S1800
M205 X8 Y8
G1 F1200 X101.032 Y181.244 E2514.89916
M204 S3000
M205 X10 Y10
G0 F6000 X101.443 Y181.399
M204 S1800
M205 X8 Y8
G1 F1200 X91.637 Y191.205 E2515.36041
M204 S3000
M205 X10 Y10
G0 F6000 X92.058 Y191.349
M204 S1800
M205 X8 Y8
G1 F1200 X101.906 Y181.502 E2515.8236
M204 S3000
M205 X10 Y10
G0 F6000 X102.483 Y181.49
M204 S1800
M205 X8 Y8
G1 F1200 X92.478 Y191.495 E2516.29421
M204 S3000
M205 X10 Y10
G0 F6000 X92.894 Y191.645
M204 S1800
M205 X8 Y8
G1 F1200 X103.097 Y181.442 E2516.77413
M204 S3000
M205 X10 Y10
G0 F6000 X103.834 Y181.271
M204 S1800
M205 X8 Y8
G1 F1200 X93.31 Y191.794 E2517.26912
M204 S3000
M205 X10 Y10
G0 F6000 X93.671 Y191.999
M204 S1800
M205 X8 Y8
G1 F1200 X108.259 Y177.411 E2517.95529
M204 S3000
M205 X10 Y10
G0 F6000 X108.568 Y177.668
M204 S1800
M205 X8 Y8
G1 F1200 X94.021 Y192.215 E2518.63954
M204 S3000
M205 X10 Y10
G0 F6000 X94.368 Y192.434
M204 S1800
M205 X8 Y8
G1 F1200 X108.866 Y177.935 E2519.32151
M204 S3000
M205 X10 Y10
G0 F6000 X109.156 Y178.211
M204 S1800
M205 X8 Y8
G1 F1200 X94.712 Y192.655 E2520.00091
M204 S3000
M205 X10 Y10
G0 F6000 X95.057 Y192.876
M204 S1800
M205 X8 Y8
G1 F1200 X109.446 Y178.487 E2520.67772
M204 S3000
M205 X10 Y10
G0 F6000 X109.736 Y178.762
M204 S1800
M205 X8 Y8
G1 F1200 X95.351 Y193.147 E2521.35435
M204 S3000
M205 X10 Y10
G0 F6000 X95.637 Y193.427
M204 S1800
M205 X8 Y8
G1 F1200 X110.026 Y179.038 E2522.03116
M204 S3000
M205 X10 Y10
G0 F6000 X110.316 Y179.314
M204 S1800
M205 X8 Y8
G1 F1200 X95.917 Y193.713 E2522.70845
M204 S3000
M205 X10 Y10
G0 F6000 X96.197 Y193.998
M204 S1800
M205 X8 Y8
G1 F1200 X110.604 Y179.592 E2523.38608
M204 S3000
M205 X10 Y10
G0 F6000 X110.883 Y179.878
M204 S1800
M205 X8 Y8
G1 F1200 X96.477 Y194.284 E2524.0637
M204 S3000
M205 X10 Y10
G0 F6000 X96.714 Y194.613
M204 S1800
M205 X8 Y8
G1 F1200 X111.147 Y180.18 E2524.74258
M204 S3000
M205 X10 Y10
G0 F6000 X111.406 Y180.486
M204 S1800
M205 X8 Y8
G1 F1200 X96.935 Y194.958 E2525.42328
M204 S3000
M205 X10 Y10
G0 F6000 X97.153 Y195.305
M204 S1800
M205 X8 Y8
G1 F1200 X111.665 Y180.793 E2526.10588
M204 S3000
M205 X10 Y10
G0 F6000 X111.924 Y181.1
M204 S1800
M205 X8 Y8
G1 F1200 X97.367 Y195.657 E2526.79059
M204 S3000
M205 X10 Y10
G0 F6000 X97.582 Y196.008
M204 S1800
M205 X8 Y8
G1 F1200 X112.183 Y181.407 E2527.47738
M204 S3000
M205 X10 Y10
G0 F6000 X112.441 Y181.714
M204 S1800
M205 X8 Y8
G1 F1200 X97.744 Y196.411 E2528.16868
M204 S3000
M205 X10 Y10
G0 F6000 X97.893 Y196.828
M204 S1800
M205 X8 Y8
G1 F1200 X112.7 Y182.021 E2528.86516
M204 S3000
M205 X10 Y10
G0 F6000 X112.944 Y182.343
M204 S1800
M205 X8 Y8
G1 F1200 X98.041 Y197.246 E2529.56615
M204 S3000
M205 X10 Y10
G0 F6000 X98.184 Y197.668
M204 S1800
M205 X8 Y8
G1 F1200 X113.183 Y182.67 E2530.27163
M204 S3000
M205 X10 Y10
G0 F6000 X113.411 Y183.007
M204 S1800
M205 X8 Y8
G1 F1200 X98.309 Y198.11 E2530.98201
M204 S3000
M205 X10 Y10
G0 F6000 X98.368 Y198.616
M204 S1800
M205 X8 Y8
G1 F1200 X113.64 Y183.344 E2531.70036
M204 S3000
M205 X10 Y10
G0 F6000 X113.868 Y183.681
M204 S1800
M205 X8 Y8
G1 F1200 X98.422 Y199.127 E2532.42689
M204 S3000
M205 X10 Y10
G0 F6000 X98.474 Y199.641
M204 S1800
M205 X8 Y8
G1 F1200 X114.097 Y184.018 E2533.16175
M204 S3000
M205 X10 Y10
G0 F6000 X114.325 Y184.356
M204 S1800
M205 X8 Y8
G1 F1200 X98.499 Y200.181 E2533.90613
M204 S3000
M205 X10 Y10
G0 F6000 X98.433 Y200.814
M204 S1800
M205 X8 Y8
G1 F1200 X114.546 Y184.701 E2534.66404
M204 S3000
M205 X10 Y10
G0 F6000 X114.762 Y185.05
M204 S1800
M205 X8 Y8
G1 F1200 X98.356 Y201.456 E2535.43572
M204 S3000
M205 X10 Y10
G0 F6000 X98.258 Y202.12
M204 S1800
M205 X8 Y8
G1 F1200 X114.96 Y185.418 E2536.22133
M204 S3000
M205 X10 Y10
G0 F6000 X115.155 Y185.788
M204 S1800
M205 X8 Y8
G1 F1200 X97.957 Y202.987 E2537.0303
G1 X97.887 Y203.057
M204 S3000
M205 X10 Y10
G0 F6000 X97.646 Y203.863
M204 S1800
M205 X8 Y8
G1 F1200 X115.351 Y186.158 E2537.86309
M204 S3000
M205 X10 Y10
G0 F6000 X115.547 Y186.528
M204 S1800
M205 X8 Y8
G1 F1200 X96.748 Y205.327 E2538.74734
G1 X96.678 Y205.397
M204 S3000
M205 X10 Y10
G0 F6000 X94.755 Y207.32
M204 S1800
M205 X8 Y8
G1 F1200 X75.946 Y226.129 E2539.63205
M204 S3000
M205 X10 Y10
G0 F6000 X75.576 Y225.934
M204 S1800
M205 X8 Y8
G1 F1200 X93.328 Y208.181 E2540.46708
G1 X93.398 Y208.111
M204 S3000
M205 X10 Y10
G0 F6000 X92.43 Y208.513
M204 S1800
M205 X8 Y8
G1 F1200 X75.222 Y225.722 E2541.27651
M204 S3000
M205 X10 Y10
G0 F6000 X74.867 Y225.511
M204 S1800
M205 X8 Y8
G1 F1200 X91.576 Y208.802 E2542.06245
M204 S3000
M205 X10 Y10
G0 F6000 X90.89 Y208.922
M204 S1800
M205 X8 Y8
G1 F1200 X74.513 Y225.299 E2542.83278
M204 S3000
M205 X10 Y10
G0 F6000 X74.159 Y225.088
M204 S1800
M205 X8 Y8
G1 F1200 X90.252 Y208.995 E2543.58974
M204 S3000
M205 X10 Y10
G0 F6000 X89.622 Y209.058
M204 S1800
M205 X8 Y8
G1 F1200 X73.804 Y224.876 E2544.33377
M204 S3000
M205 X10 Y10
G0 F6000 X73.45 Y224.665
M204 S1800
M205 X8 Y8
G1 F1200 X89.074 Y209.041 E2545.06868
M204 S3000
M205 X10 Y10
G0 F6000 X88.564 Y208.986
M204 S1800
M205 X8 Y8
G1 F1200 X73.109 Y224.44 E2545.79561
M204 S3000
M205 X10 Y10
G0 F6000 X72.771 Y224.213
M204 S1800
M205 X8 Y8
G1 F1200 X88.053 Y208.93 E2546.51445
M204 S3000
M205 X10 Y10
G0 F6000 X87.545 Y208.873
M204 S1800
M205 X8 Y8
G1 F1200 X72.441 Y223.977 E2547.2249
M204 S3000
M205 X10 Y10
G0 F6000 X72.119 Y223.734
M204 S1800
M205 X8 Y8
G1 F1200 X87.102 Y208.75 E2547.92967
M204 S3000
M205 X10 Y10
G0 F6000 X86.683 Y208.604
M204 S1800
M205 X8 Y8
G1 F1200 X71.796 Y223.49 E2548.62989
M204 S3000
M205 X10 Y10
G0 F6000 X71.474 Y223.247
M204 S1800
M205 X8 Y8
G1 F1200 X86.263 Y208.458 E2549.32552
M204 S3000
M205 X10 Y10
G0 F6000 X85.843 Y208.312
M204 S1800
M205 X8 Y8
G1 F1200 X71.151 Y223.004 E2550.01659
M204 S3000
M205 X10 Y10
G0 F6000 X70.829 Y222.761
M204 S1800
M205 X8 Y8
G1 F1200 X85.439 Y208.151 E2550.7038
M204 S3000
M205 X10 Y10
G0 F6000 X85.091 Y207.933
M204 S1800
M205 X8 Y8
G1 F1200 X70.507 Y222.518 E2551.38981
M204 S3000
M205 X10 Y10
G0 F6000 X70.212 Y222.247
M204 S1800
M205 X8 Y8
G1 F1200 X84.741 Y207.717 E2552.07323
M204 S3000
M205 X10 Y10
G0 F6000 X84.393 Y207.5
M204 S1800
M205 X8 Y8
G1 F1200 X69.92 Y221.972 E2552.75397
M204 S3000
M205 X10 Y10
G0 F6000 X69.629 Y221.698
M204 S1800
M205 X8 Y8
G1 F1200 X84.045 Y207.282 E2553.43205
M204 S3000
M205 X10 Y10
G0 F6000 X83.715 Y207.047
M204 S1800
M205 X8 Y8
G1 F1200 X69.338 Y221.424 E2554.1083
M204 S3000
M205 X10 Y10
G0 F6000 X69.046 Y221.149
M204 S1800
M205 X8 Y8
G1 F1200 X83.43 Y206.765 E2554.78488
M204 S3000
M205 X10 Y10
G0 F6000 X83.147 Y206.483
M204 S1800
M205 X8 Y8
G1 F1200 X68.755 Y220.875 E2555.46184
M204 S3000
M205 X10 Y10
G0 F6000 X68.464 Y220.601
M204 S1800
M205 X8 Y8
G1 F1200 X82.863 Y206.202 E2556.13912
M204 S3000
M205 X10 Y10
G0 F6000 X82.581 Y205.917
M204 S1800
M205 X8 Y8
G1 F1200 X68.173 Y220.325 E2556.81683
M204 S3000
M205 X10 Y10
G0 F6000 X67.909 Y220.024
M204 S1800
M205 X8 Y8
G1 F1200 X82.308 Y205.625 E2557.49412
M204 S3000
M205 X10 Y10
G0 F6000 X82.088 Y205.28
M204 S1800
M205 X8 Y8
G1 F1200 X67.648 Y219.719 E2558.17331
M204 S3000
M205 X10 Y10
G0 F6000 X67.387 Y219.415
M204 S1800
M205 X8 Y8
G1 F1200 X81.866 Y204.935 E2558.85438
M204 S3000
M205 X10 Y10
G0 F6000 X81.653 Y204.583
M204 S1800
M205 X8 Y8
G1 F1200 X67.127 Y219.109 E2559.53764
M204 S3000
M205 X10 Y10
G0 F6000 X66.866 Y218.805
M204 S1800
M205 X8 Y8
G1 F1200 X81.44 Y204.23 E2560.22318
M204 S3000
M205 X10 Y10
G0 F6000 X81.227 Y203.877
M204 S1800
M205 X8 Y8
G1 F1200 X66.605 Y218.5 E2560.91097
M204 S3000
M205 X10 Y10
G0 F6000 X66.344 Y218.195
M204 S1800
M205 X8 Y8
G1 F1200 X81.076 Y203.462 E2561.60395
M204 S3000
M205 X10 Y10
G0 F6000 X80.929 Y203.044
M204 S1800
M205 X8 Y8
G1 F1200 X66.084 Y217.889 E2562.30221
M204 S3000
M205 X10 Y10
G0 F6000 X65.852 Y217.555
M204 S1800
M205 X8 Y8
G1 F1200 X80.782 Y202.625 E2563.00447
M204 S3000
M205 X10 Y10
G0 F6000 X80.648 Y202.194
M204 S1800
M205 X8 Y8
G1 F1200 X65.623 Y217.218 E2563.71118
M204 S3000
M205 X10 Y10
G0 F6000 X65.394 Y216.882
M204 S1800
M205 X8 Y8
G1 F1200 X80.541 Y201.735 E2564.42365
M204 S3000
M205 X10 Y10
G0 F6000 X80.482 Y201.228
M204 S1800
M205 X8 Y8
G1 F1200 X65.165 Y216.545 E2565.14411
M204 S3000
M205 X10 Y10
G0 F6000 X64.936 Y216.209
M204 S1800
M205 X8 Y8
G1 F1200 X80.427 Y200.718 E2565.87276
M204 S3000
M205 X10 Y10
G0 F6000 X80.377 Y200.202
M204 S1800
M205 X8 Y8
G1 F1200 X64.707 Y215.872 E2566.60983
M204 S3000
M205 X10 Y10
G0 F6000 X64.478 Y215.536
M204 S1800
M205 X8 Y8
G1 F1200 X80.39 Y199.624 E2567.35828
M204 S3000
M205 X10 Y10
G0 F6000 X80.458 Y198.99
M204 S1800
M205 X8 Y8
G1 F1200 X64.251 Y215.197 E2568.12061
M204 S3000
M205 X10 Y10
G0 F6000 X64.054 Y214.828
M204 S1800
M205 X8 Y8
G1 F1200 X80.537 Y198.345 E2568.89592
M204 S3000
M205 X10 Y10
G0 F6000 X80.704 Y197.613
M204 S1800
M205 X8 Y8
G1 F1200 X63.858 Y214.459 E2569.6883
M204 S3000
M205 X10 Y10
G0 F6000 X63.662 Y214.089
M204 S1800
M205 X8 Y8
G1 F1200 X81 Y196.751 E2570.50383
G1 X81.07 Y196.681
M204 S3000
M205 X10 Y10
G0 F6000 X81.446 Y195.739
M204 S1800
M205 X8 Y8
G1 F1200 X63.465 Y213.72 E2571.3496
G1 X63.395 Y213.79
M204 S3000
M205 X10 Y10
G0 F6000 X61.069 Y207.63
M204 S1800
M205 X8 Y8
G1 F1200 X64.964 Y203.736 E2571.53278
G1 X65.034 Y203.666
M204 S3000
M205 X10 Y10
G0 F6000 X64.184 Y203.95
M204 S1800
M205 X8 Y8
G1 F1200 X60.946 Y207.187 E2571.68507
M204 S3000
M205 X10 Y10
G0 F6000 X60.823 Y206.746
M204 S1800
M205 X8 Y8
G1 F1200 X63.556 Y204.013 E2571.81362
M204 S3000
M205 X10 Y10
G0 F6000 X62.97 Y204.032
M204 S1800
M205 X8 Y8
G1 F1200 X60.703 Y206.299 E2571.92025
M204 S3000
M205 X10 Y10
G0 F6000 X60.625 Y205.812
M204 S1800
M205 X8 Y8
G1 F1200 X62.508 Y203.929 E2572.00882
M204 S3000
M205 X10 Y10
G0 F6000 X62.086 Y203.785
M204 S1800
M205 X8 Y8
G1 F1200 X60.546 Y205.326 E2572.08128
M204 S3000
M205 X10 Y10
G0 F6000 X60.467 Y204.838
M204 S1800
M205 X8 Y8
G1 F1200 X61.674 Y203.631 E2572.13806
M204 S3000
M205 X10 Y10
G0 F6000 X61.304 Y203.436
M204 S1800
M205 X8 Y8
G1 F1200 X60.388 Y204.352 E2572.18114
M204 S3000
M205 X10 Y10
G0 F6000 X60.309 Y203.865
M204 S1800
M205 X8 Y8
G1 F1200 X60.984 Y203.19 E2572.21289
M204 S3000
M205 X10 Y10
G0 F6000 X60.667 Y202.941
M204 S1800
M205 X8 Y8
G1 F1200 X60.23 Y203.378 E2572.23345
M204 S3000
M205 X10 Y10
G0 F6000 X60.175 Y202.868
M204 S1800
M205 X8 Y8
G1 F1200 X60.403 Y202.64 E2572.24417
M204 S3000
M205 X10 Y10
G0 F6000 X76.333 Y226.308
M204 S1800
M205 X8 Y8
G1 F1200 X115.743 Y186.898 E2574.0979
M204 S3000
M205 X10 Y10
G0 F6000 X115.939 Y187.268
M204 S1800
M205 X8 Y8
G1 F1200 X76.72 Y226.487 E2575.94264
M204 S3000
M205 X10 Y10
G0 F6000 X77.107 Y226.665
M204 S1800
M205 X8 Y8
G1 F1200 X116.121 Y187.651 E2577.77774
M204 S3000
M205 X10 Y10
G0 F6000 X116.295 Y188.043
M204 S1800
M205 X8 Y8
G1 F1200 X77.495 Y226.843 E2579.60277
M204 S3000
M205 X10 Y10
G0 F6000 X77.884 Y227.02
M204 S1800
M205 X8 Y8
G1 F1200 X116.45 Y188.453 E2581.41682
M204 S3000
M205 X10 Y10
G0 F6000 X116.606 Y188.863
M204 S1800
M205 X8 Y8
G1 F1200 X78.273 Y227.196 E2583.21989
M204 S3000
M205 X10 Y10
G0 F6000 X78.662 Y227.373
M204 S1800
M205 X8 Y8
G1 F1200 X116.764 Y189.271 E2585.01209
M204 S3000
M205 X10 Y10
G0 F6000 X116.925 Y189.676
M204 S1800
M205 X8 Y8
G1 F1200 X79.084 Y227.516 E2586.79199
M204 S3000
M205 X10 Y10
G0 F6000 X79.507 Y227.659
M204 S1800
M205 X8 Y8
G1 F1200 X117.086 Y190.08 E2588.55959
M204 S3000
M205 X10 Y10
G0 F6000 X117.246 Y190.486
M204 S1800
M205 X8 Y8
G1 F1200 X79.931 Y227.801 E2590.31477
M204 S3000
M205 X10 Y10
G0 F6000 X80.354 Y227.943
M204 S1800
M205 X8 Y8
G1 F1200 X117.401 Y190.896 E2592.05735
M204 S3000
M205 X10 Y10
G0 F6000 X117.524 Y191.339
M204 S1800
M205 X8 Y8
G1 F1200 X80.78 Y228.083 E2593.78568
M204 S3000
M205 X10 Y10
G0 F6000 X81.208 Y228.221
M204 S1800
M205 X8 Y8
G1 F1200 X117.647 Y191.782 E2595.49965
M204 S3000
M205 X10 Y10
G0 F6000 X117.77 Y192.225
M204 S1800
M205 X8 Y8
G1 F1200 X81.636 Y228.358 E2597.19926
M204 S3000
M205 X10 Y10
G0 F6000 X82.095 Y228.466
M204 S1800
M205 X8 Y8
G1 F1200 X117.893 Y192.668 E2598.88309
M204 S3000
M205 X10 Y10
G0 F6000 X118.016 Y193.11
M204 S1800
M205 X8 Y8
G1 F1200 X82.558 Y228.568 E2600.55093
M204 S3000
M205 X10 Y10
G0 F6000 X83.021 Y228.671
M204 S1800
M205 X8 Y8
G1 F1200 X118.134 Y193.558 E2602.20254
M204 S3000
M205 X10 Y10
G0 F6000 X118.226 Y194.031
M204 S1800
M205 X8 Y8
G1 F1200 X83.485 Y228.773 E2603.83667
M204 S3000
M205 X10 Y10
G0 F6000 X83.949 Y228.874
M204 S1800
M205 X8 Y8
G1 F1200 X118.318 Y194.505 E2605.45328
M204 S3000
M205 X10 Y10
G0 F6000 X118.45 Y194.939
M204 S1800
M205 X8 Y8
G1 F1200 X84.418 Y228.971 E2607.05404
M204 S3000
M205 X10 Y10
G0 F6000 X84.894 Y229.06
M204 S1800
M205 X8 Y8
G1 F1200 X118.657 Y195.297 E2608.64215
M204 S3000
M205 X10 Y10
G0 F6000 X118.939 Y195.581
M204 S1800
M205 X8 Y8
G1 F1200 X85.405 Y229.116 E2610.21951
M204 S3000
M205 X10 Y10
G0 F6000 X85.915 Y229.171
M204 S1800
M205 X8 Y8
G1 F1200 X119.31 Y195.776 E2611.79031
M204 S3000
M205 X10 Y10
G0 F6000 X119.769 Y195.883
M204 S1800
M205 X8 Y8
G1 F1200 X86.426 Y229.226 E2613.35866
M204 S3000
M205 X10 Y10
G0 F6000 X86.935 Y229.282
M204 S1800
M205 X8 Y8
G1 F1200 X120.315 Y195.902 E2614.92875
M204 S3000
M205 X10 Y10
G0 F6000 X120.883 Y195.9
M204 S1800
M205 X8 Y8
G1 F1200 X87.452 Y229.33 E2616.50122
M204 S3000
M205 X10 Y10
G0 F6000 X87.969 Y229.379
M204 S1800
M205 X8 Y8
G1 F1200 X121.451 Y195.898 E2618.07609
M204 S3000
M205 X10 Y10
G0 F6000 X122.019 Y195.896
M204 S1800
M205 X8 Y8
G1 F1200 X88.532 Y229.382 E2619.65119
M204 S3000
M205 X10 Y10
G0 F6000 X89.098 Y229.382
M204 S1800
M205 X8 Y8
G1 F1200 X122.586 Y195.894 E2621.22636
M204 S3000
M205 X10 Y10
G0 F6000 X123.154 Y195.891
M204 S1800
M205 X8 Y8
G1 F1200 X89.664 Y229.381 E2622.80163
M204 S3000
M205 X10 Y10
G0 F6000 X90.23 Y229.381
M204 S1800
M205 X8 Y8
G1 F1200 X98.734 Y220.878 E2623.20161
G1 X98.804 Y220.808
M204 S3000
M205 X10 Y10
G0 F6000 X98.498 Y221.679
M204 S1800
M205 X8 Y8
G1 F1200 X90.806 Y229.371 E2623.56342
M204 S3000
M205 X10 Y10
G0 F6000 X91.404 Y229.339
M204 S1800
M205 X8 Y8
G1 F1200 X98.393 Y222.349 E2623.89218
M204 S3000
M205 X10 Y10
G0 F6000 X98.405 Y222.903
M204 S1800
M205 X8 Y8
G1 F1200 X92.038 Y229.27 E2624.19167
M204 S3000
M205 X10 Y10
G0 F6000 X92.672 Y229.202
M204 S1800
M205 X8 Y8
G1 F1200 X98.509 Y223.365 E2624.46622
M204 S3000
M205 X10 Y10
G0 F6000 X98.616 Y223.824
M204 S1800
M205 X8 Y8
G1 F1200 X93.307 Y229.133 E2624.71594
M204 S3000
M205 X10 Y10
G0 F6000 X93.953 Y229.053
M204 S1800
M205 X8 Y8
G1 F1200 X98.785 Y224.22 E2624.94325
M204 S3000
M205 X10 Y10
G0 F6000 X98.968 Y224.603
M204 S1800
M205 X8 Y8
G1 F1200 X94.632 Y228.939 E2625.1472
M204 S3000
M205 X10 Y10
G0 F6000 X95.357 Y228.78
M204 S1800
M205 X8 Y8
G1 F1200 X99.203 Y224.934 E2625.3281
M204 S3000
M205 X10 Y10
G0 F6000 X99.469 Y225.234
M204 S1800
M205 X8 Y8
G1 F1200 X96.083 Y228.619 E2625.48735
M204 S3000
M205 X10 Y10
G0 F6000 X96.813 Y228.455
M204 S1800
M205 X8 Y8
G1 F1200 X99.746 Y225.522 E2625.62531
M204 S3000
M205 X10 Y10
G0 F6000 X100.064 Y225.77
M204 S1800
M205 X8 Y8
G1 F1200 X97.572 Y228.262 E2625.74252
G1 X97.502 Y228.332
M204 S3000
M205 X10 Y10
G0 F6000 X98.425 Y227.974
M204 S1800
M205 X8 Y8
G1 F1200 X100.396 Y226.004 E2625.83521
M204 S3000
M205 X10 Y10
G0 F6000 X100.777 Y226.188
M204 S1800
M205 X8 Y8
G1 F1200 X99.278 Y227.687 E2625.90572
G1 X99.208 Y227.757
M204 S3000
M205 X10 Y10
G0 F6000 X100.151 Y227.38
M204 S1800
M205 X8 Y8
G1 F1200 X101.189 Y226.342 E2625.95454
M204 S3000
M205 X10 Y10
G0 F6000 X101.619 Y226.478
M204 S1800
M205 X8 Y8
G1 F1200 X101.146 Y226.95 E2625.97677
M204 S3000
M205 X10 Y10
G0 F6000 X106.208 Y224.151
M204 S1800
M205 X8 Y8
G1 F1200 X113.511 Y216.849 E2626.32025
G1 X113.581 Y216.779
M204 S3000
M205 X10 Y10
G0 F6000 X114.633 Y215.161
M204 S1800
M205 X8 Y8
G1 F1200 X106.367 Y223.427 E2626.70906
M204 S3000
M205 X10 Y10
G0 F6000 X106.434 Y222.794
M204 S1800
M205 X8 Y8
G1 F1200 X115.313 Y213.915 E2627.1267
G1 X115.383 Y213.845
M204 S3000
M205 X10 Y10
G0 F6000 X115.935 Y212.727
M204 S1800
M205 X8 Y8
G1 F1200 X106.447 Y222.216 E2627.57301
M204 S3000
M205 X10 Y10
G0 F6000 X106.385 Y221.711
M204 S1800
M205 X8 Y8
G1 F1200 X116.386 Y211.71 E2628.04343
G1 X116.456 Y211.64
M204 S3000
M205 X10 Y10
G0 F6000 X116.761 Y210.77
M204 S1800
M205 X8 Y8
G1 F1200 X106.275 Y221.256 E2628.53666
M204 S3000
M205 X10 Y10
G0 F6000 X106.09 Y220.875
M204 S1800
M205 X8 Y8
G1 F1200 X117.136 Y209.829 E2629.05623
G1 X117.206 Y209.759
M204 S3000
M205 X10 Y10
G0 F6000 X117.441 Y208.959
M204 S1800
M205 X8 Y8
G1 F1200 X105.906 Y220.494 E2629.5988
M204 S3000
M205 X10 Y10
G0 F6000 X105.689 Y220.144
M204 S1800
M205 X8 Y8
G1 F1200 X117.671 Y208.163 E2630.16237
G1 X117.741 Y208.093
M204 S3000
M205 X10 Y10
G0 F6000 X117.891 Y207.377
M204 S1800
M205 X8 Y8
G1 F1200 X105.441 Y219.827 E2630.74798
M204 S3000
M205 X10 Y10
G0 F6000 X105.157 Y219.546
M204 S1800
M205 X8 Y8
G1 F1200 X118.083 Y206.62 E2631.35598
M204 S3000
M205 X10 Y10
G0 F6000 X118.236 Y205.901
M204 S1800
M205 X8 Y8
G1 F1200 X104.839 Y219.297 E2631.98611
M204 S3000
M205 X10 Y10
G0 F6000 X104.504 Y219.068
M204 S1800
M205 X8 Y8
G1 F1200 X118.438 Y205.133 E2632.64155
G1 X118.508 Y205.063
M204 S3000
M205 X10 Y10
G0 F6000 X119.291 Y204.28
M204 S1800
M205 X8 Y8
G1 F1200 X127.697 Y195.874 E2633.03694
M204 S3000
M205 X10 Y10
G0 F6000 X128.264 Y195.872
M204 S1800
M205 X8 Y8
G1 F1200 X119.991 Y204.146 E2633.4261
M204 S3000
M205 X10 Y10
G0 F6000 X120.554 Y204.148
M204 S1800
M205 X8 Y8
G1 F1200 X128.832 Y195.87 E2633.81547
M204 S3000
M205 X10 Y10
G0 F6000 X129.4 Y195.868
M204 S1800
M205 X8 Y8
G1 F1200 X121.117 Y204.151 E2634.20508
M204 S3000
M205 X10 Y10
G0 F6000 X121.68 Y204.154
M204 S1800
M205 X8 Y8
G1 F1200 X129.967 Y195.867 E2634.59487
M204 S3000
M205 X10 Y10
G0 F6000 X130.525 Y195.874
M204 S1800
M205 X8 Y8
G1 F1200 X129.892 Y196.507 E2634.62465
G1 X129.822 Y196.577
M204 S3000
M205 X10 Y10
G0 F6000 X130.879 Y196.086
M204 S1800
M205 X8 Y8
G1 F1200 X131.062 Y195.903 E2634.63325
M204 S3000
M205 X10 Y10
G0 F6000 X133.139 Y196.089
M204 S1800
M205 X8 Y8
G1 F1200 X133.344 Y195.884 E2634.6429
M204 S3000
M205 X10 Y10
G0 F6000 X133.516 Y196.277
M204 S1800
M205 X8 Y8
G1 F1200 X133.854 Y195.939 E2634.6588
M204 S3000
M205 X10 Y10
G0 F6000 X128.45 Y197.95
M204 S1800
M205 X8 Y8
G1 F1200 X122.243 Y204.157 E2634.95075
M204 S3000
M205 X10 Y10
G0 F6000 X122.806 Y204.16
M204 S1800
M205 X8 Y8
G1 F1200 X128.07 Y198.895 E2635.19838
M204 S3000
M205 X10 Y10
G0 F6000 X127.916 Y199.615
M204 S1800
M205 X8 Y8
G1 F1200 X123.368 Y204.162 E2635.41228
M204 S3000
M205 X10 Y10
G0 F6000 X123.933 Y204.163
M204 S1800
M205 X8 Y8
G1 F1200 X127.905 Y200.192 E2635.59909
M204 S3000
M205 X10 Y10
G0 F6000 X127.97 Y200.693
M204 S1800
M205 X8 Y8
G1 F1200 X124.501 Y204.161 E2635.76224
M204 S3000
M205 X10 Y10
G0 F6000 X125.07 Y204.158
M204 S1800
M205 X8 Y8
G1 F1200 X128.08 Y201.148 E2635.90382
M204 S3000
M205 X10 Y10
G0 F6000 X128.223 Y201.571
M204 S1800
M205 X8 Y8
G1 F1200 X125.638 Y204.156 E2636.02541
M204 S3000
M205 X10 Y10
G0 F6000 X126.205 Y204.154
M204 S1800
M205 X8 Y8
G1 F1200 X128.392 Y201.967 E2636.12828
M204 S3000
M205 X10 Y10
G0 F6000 X128.617 Y202.308
M204 S1800
M205 X8 Y8
G1 F1200 X126.773 Y204.152 E2636.21501
M204 S3000
M205 X10 Y10
G0 F6000 X127.342 Y204.149
M204 S1800
M205 X8 Y8
G1 F1200 X128.88 Y202.611 E2636.28736
M204 S3000
M205 X10 Y10
G0 F6000 X129.146 Y202.91
M204 S1800
M205 X8 Y8
G1 F1200 X127.909 Y204.147 E2636.34554
M204 S3000
M205 X10 Y10
G0 F6000 X128.477 Y204.145
M204 S1800
M205 X8 Y8
G1 F1200 X129.442 Y203.18 E2636.39093
M204 S3000
M205 X10 Y10
G0 F6000 X129.773 Y203.414
M204 S1800
M205 X8 Y8
G1 F1200 X129.046 Y204.142 E2636.42515
M204 S3000
M205 X10 Y10
G0 F6000 X129.614 Y204.14
M204 S1800
M205 X8 Y8
G1 F1200 X130.143 Y203.611 E2636.45003
M204 S3000
M205 X10 Y10
G0 F6000 X130.551 Y203.769
M204 S1800
M205 X8 Y8
G1 F1200 X130.181 Y204.138 E2636.46741
M204 S3000
M205 X10 Y10
G0 F6000 X130.75 Y204.135
M204 S1800
M205 X8 Y8
G1 F1200 X130.961 Y203.924 E2636.47734
M204 S3000
M205 X10 Y10
G0 F6000 X133.089 Y204.058
M204 S1800
M205 X8 Y8
G1 F1200 X133.315 Y203.833 E2636.48794
M204 S3000
M205 X10 Y10
G0 F6000 X133.59 Y204.123
M204 S1800
M205 X8 Y8
G1 F1200 X133.854 Y203.859 E2636.50036
M204 S3000
M205 X10 Y10
G0 F6000 X130.497 Y202.759
G0 X129.301 Y201.682
G0 X127.129 Y195.877
M204 S1800
M205 X8 Y8
G1 F1200 X104.151 Y218.855 E2637.58118
M204 S3000
M205 X10 Y10
G0 F6000 X103.745 Y218.694
M204 S1800
M205 X8 Y8
G1 F1200 X126.561 Y195.879 E2638.65435
M204 S3000
M205 X10 Y10
G0 F6000 X125.993 Y195.881
M204 S1800
M205 X8 Y8
G1 F1200 X103.292 Y218.582 E2639.72213
M204 S3000
M205 X10 Y10
G0 F6000 X102.794 Y218.514
M204 S1800
M205 X8 Y8
G1 F1200 X125.425 Y195.883 E2640.78663
M204 S3000
M205 X10 Y10
G0 F6000 X124.858 Y195.885
M204 S1800
M205 X8 Y8
G1 F1200 X102.264 Y218.479 E2641.84938
M204 S3000
M205 X10 Y10
G0 F6000 X101.617 Y218.56
M204 S1800
M205 X8 Y8
G1 F1200 X124.29 Y195.887 E2642.91585
M204 S3000
M205 X10 Y10
G0 F6000 X123.722 Y195.889
M204 S1800
M205 X8 Y8
G1 F1200 X100.752 Y218.859 E2643.99629
G1 X100.682 Y218.929
M204 S3000
M205 X10 Y10
G0 F6000 X103.545 Y219.581
G0 X108.975 Y221.95
M204 S1800
M205 X8 Y8
G1 F1200 X111.42 Y219.505 E2644.11129
G1 X111.49 Y219.435
M204 S3000
M205 X10 Y10
G0 F6000 X106.21 Y178.895
M204 S1800
M205 X8 Y8
G1 F1200 X107.94 Y177.164 E2644.19269
M204 S3000
M205 X10 Y10
G0 F6000 X107.619 Y176.92
M204 S1800
M205 X8 Y8
G1 F1200 X106.421 Y178.118 E2644.24904
M204 S3000
M205 X10 Y10
G0 F6000 X106.442 Y177.531
M204 S1800
M205 X8 Y8
G1 F1200 X107.298 Y176.675 E2644.2893
M204 S3000
M205 X10 Y10
G0 F6000 X106.977 Y176.43
M204 S1800
M205 X8 Y8
G1 F1200 X106.433 Y176.974 E2644.31489
M204 S3000
M205 X10 Y10
G0 F6000 X106.35 Y176.492
M204 S1800
M205 X8 Y8
G1 F1200 X106.656 Y176.186 E2644.32928
M204 S3000
M205 X10 Y10
G0 F6000 X106.333 Y175.943
M204 S1800
M205 X8 Y8
G1 F1200 X106.198 Y176.078 E2644.33563
M204 S3000
M205 X10 Y10
G0 F6000 X101.648 Y173.275
M204 S1800
M205 X8 Y8
G1 F1200 X101.315 Y173.607 E2644.35127
M204 S3000
M205 X10 Y10
G0 F6000 X101.261 Y173.096
M204 S1800
M205 X8 Y8
G1 F1200 X100.327 Y174.03 E2644.39521
G1 X100.257 Y174.1
M204 S3000
M205 X10 Y10
;MESH:NONMESH
G0 F600 X100.257 Y174.1 Z2.6
G0 F6000 X99.678 Y175.898
G0 X99.245 Y177.571
G0 X99.666 Y177.522
;TIME_ELAPSED:3465.986256
;LAYER:12
M204 S1800
M205 X8 Y8
;TYPE:WALL-OUTER
;MESH:14_4_2.stl
G1 F3000 X99.708 Y177.1 E2644.40931
G1 X99.844 Y176.548 E2644.42822
G1 X99.993 Y176.174 E2644.44161
G1 X100.197 Y175.879 E2644.45354
G1 X100.589 Y175.439 E2644.47314
G1 X100.883 Y175.189 E2644.48597
G1 X101.216 Y175.014 E2644.49849
G1 X101.744 Y174.819 E2644.51721
G1 X102.123 Y174.731 E2644.53015
G1 X102.877 Y174.779 E2644.55528
G1 X103.393 Y174.884 E2644.57279
G1 X103.76 Y175.071 E2644.58649
G1 X104.243 Y175.406 E2644.60604
G1 X104.522 Y175.662 E2644.61864
G1 X104.918 Y176.322 E2644.64424
G1 X105.12 Y176.8 E2644.6615
G1 X105.172 Y177.209 E2644.67521
G1 X105.132 Y178.106 E2644.70507
G1 X104.996 Y178.492 E2644.71868
G1 X104.728 Y179.004 E2644.7379
G1 X104.492 Y179.337 E2644.75148
G1 X104.173 Y179.608 E2644.7654
G1 X103.439 Y180.066 E2644.79418
G1 X103.035 Y180.169 E2644.80804
G1 X102.127 Y180.236 E2644.83833
G1 X101.719 Y180.143 E2644.85224
G1 X101.209 Y179.946 E2644.87043
G1 X100.844 Y179.751 E2644.88419
G1 X100.571 Y179.509 E2644.89633
G1 X100.187 Y179.077 E2644.91555
G1 X99.939 Y178.669 E2644.93143
G1 X99.841 Y178.409 E2644.94067
G1 X99.666 Y177.522 E2644.97074
M204 S3000
M205 X10 Y10
G0 F6000 X99.685 Y177.323
G0 X99.176 Y177.263
G0 X83.06 Y194.917
G0 X82.088 Y196.463
G0 X81.548 Y198.014
G0 X81.23 Y200.081
G0 X81.736 Y200.025
M204 S1800
M205 X8 Y8
G1 F3000 X81.813 Y199.293 E2644.99522
G1 X81.924 Y198.3 E2645.02846
G1 X82.095 Y197.802 E2645.04597
G1 X82.494 Y196.664 E2645.08608
G1 X82.506 Y196.641 E2645.08694
G1 X83.408 Y195.206 E2645.14332
G1 X83.65 Y194.961 E2645.15477
G1 X84.637 Y193.975 E2645.20117
G1 X86.082 Y193.068 E2645.25792
G1 X86.138 Y193.046 E2645.25992
G1 X87.723 Y192.492 E2645.31576
G1 X89.427 Y192.3 E2645.3728
G1 X90.337 Y192.4 E2645.40324
G1 X91.146 Y192.492 E2645.43033
G1 X91.741 Y192.698 E2645.45127
G1 X92.777 Y193.063 E2645.4878
G1 X94.217 Y193.965 E2645.54432
G1 X94.881 Y194.622 E2645.57538
G1 X95.459 Y195.203 E2645.60264
G1 X96.37 Y196.653 E2645.6596
G1 X96.382 Y196.681 E2645.66061
G1 X96.944 Y198.291 E2645.71733
G1 X97.136 Y199.997 E2645.77443
G1 X97.041 Y200.855 E2645.80314
G1 X96.943 Y201.712 E2645.83183
G1 X96.772 Y202.205 E2645.84919
G1 X96.375 Y203.335 E2645.88902
G1 X96.036 Y203.88 E2645.91037
G1 X95.462 Y204.793 E2645.94624
G1 X94.848 Y205.411 E2645.97521
G1 X94.242 Y206.016 E2646.00369
G1 X93.439 Y206.523 E2646.03528
G1 X92.777 Y206.937 E2646.06125
G1 X91.158 Y207.505 E2646.11832
G1 X90.328 Y207.6 E2646.1461
G1 X89.439 Y207.7 E2646.17586
G1 X89.412 Y207.699 E2646.17675
G1 X87.719 Y207.507 E2646.23343
G1 X86.104 Y206.942 E2646.29033
G1 X86.074 Y206.927 E2646.29145
G1 X84.638 Y206.025 E2646.34785
G1 X84.617 Y206.007 E2646.34877
G1 X83.416 Y204.804 E2646.40531
G1 X83.063 Y204.245 E2646.4273
G1 X82.5 Y203.348 E2646.46252
G1 X82.283 Y202.733 E2646.48421
G1 X81.927 Y201.712 E2646.52018
G1 X81.76 Y200.234 E2646.56965
G1 X81.736 Y200.025 E2646.57664
M204 S3000
M205 X10 Y10
G0 F6000 X81.756 Y199.827
G0 X81.247 Y199.769
G0 X64.136 Y203.125
G0 X63.048 Y203.201
G0 X62.004 Y202.865
G0 X60.836 Y201.872
G0 X60.16 Y200.1
G0 X60.666 Y200.039
M204 S1800
M205 X8 Y8
G1 F3000 X60.708 Y199.617 E2646.59075
G1 X60.844 Y199.065 E2646.60966
G1 X60.994 Y198.689 E2646.62312
G1 X61.197 Y198.396 E2646.63498
G1 X61.589 Y197.956 E2646.65458
G1 X61.883 Y197.706 E2646.66741
G1 X62.216 Y197.531 E2646.67993
G1 X62.744 Y197.336 E2646.69865
G1 X63.123 Y197.248 E2646.71159
G1 X63.485 Y197.248 E2646.72363
G1 X64.07 Y197.321 E2646.74324
G1 X64.437 Y197.418 E2646.75586
G1 X64.76 Y197.588 E2646.768
G1 X65.239 Y197.919 E2646.78737
G1 X65.522 Y198.179 E2646.80015
G1 X65.729 Y198.479 E2646.81227
G1 X66.002 Y199.001 E2646.83186
G1 X66.131 Y199.362 E2646.84462
G1 X66.172 Y199.726 E2646.8568
G1 X66.131 Y200.642 E2646.8873
G1 X65.996 Y201.009 E2646.9003
G1 X65.718 Y201.538 E2646.92018
G1 X65.492 Y201.854 E2646.9331
G1 X65.212 Y202.101 E2646.94552
G1 X64.437 Y202.583 E2646.97587
G1 X64.035 Y202.685 E2646.98967
G1 X63.139 Y202.752 E2647.01955
G1 X62.719 Y202.66 E2647.03385
G1 X62.192 Y202.455 E2647.05266
G1 X61.844 Y202.268 E2647.0658
G1 X61.571 Y202.025 E2647.07796
G1 X61.18 Y201.584 E2647.09756
G1 X60.972 Y201.27 E2647.11008
G1 X60.841 Y200.925 E2647.12236
G1 X60.666 Y200.039 E2647.1524
M204 S3000
M205 X10 Y10
G0 F6000 X60.685 Y199.84
G0 X60.176 Y199.78
G0 X60.417 Y201.073
G0 X61.262 Y202.353
G0 X99.16 Y222.617
G0 X99.666 Y222.556
M204 S1800
M205 X8 Y8
G1 F3000 X99.748 Y221.971 E2647.17204
G1 X99.945 Y221.316 E2647.19479
G1 X100.197 Y220.911 E2647.21066
G1 X100.589 Y220.473 E2647.23021
G1 X100.884 Y220.222 E2647.24309
G1 X101.223 Y220.048 E2647.25577
G1 X102.074 Y219.77 E2647.28554
G1 X102.601 Y219.778 E2647.30307
G1 X103.393 Y219.918 E2647.32982
G1 X103.908 Y220.207 E2647.34946
G1 X104.491 Y220.662 E2647.37406
G1 X104.729 Y220.996 E2647.3877
G1 X104.998 Y221.508 E2647.40694
G1 X105.131 Y221.879 E2647.42005
G1 X105.172 Y222.243 E2647.43223
G1 X105.132 Y223.139 E2647.46206
G1 X104.917 Y223.677 E2647.48133
G1 X104.523 Y224.337 E2647.5069
G1 X104.213 Y224.617 E2647.52079
G1 X103.451 Y225.093 E2647.55067
G1 X102.934 Y225.209 E2647.5683
G1 X102.139 Y225.269 E2647.59481
G1 X101.719 Y225.177 E2647.60911
G1 X101.192 Y224.972 E2647.62792
G1 X100.844 Y224.785 E2647.64106
G1 X100.571 Y224.542 E2647.65322
G1 X100.18 Y224.1 E2647.67284
G1 X99.972 Y223.786 E2647.68537
G1 X99.841 Y223.442 E2647.69761
G1 X99.666 Y222.556 E2647.72765
M204 S3000
M205 X10 Y10
G0 F6000 X99.693 Y222.358
G0 X99.175 Y222.297
G0 X99.579 Y221.019
G0 X100.263 Y220.162
G0 X119.473 Y204.188
G0 X120.066 Y204.626
M204 S1800
M205 X8 Y8
G1 F3000 X121.916 Y204.627 E2647.78918
G1 X132.669 Y204.718 E2648.14684
G1 X133.209 Y204.724 E2648.1648
G1 X135.235 Y204.715 E2648.23219
G1 X135.235 Y201.098 E2648.35249
G1 F2666.7 X135.185 Y200.627 E2648.37021
G1 F2439 X135.194 Y199.67 E2648.40937
G1 F2690.6 X135.231 Y199.044 E2648.43262
G1 F2970.3 X135.235 Y198.064 E2648.46554
G1 F3000 X135.235 Y195.287 E2648.55791
G1 X120.044 Y195.356 E2649.06317
G1 X119.893 Y195.288 E2649.06868
G1 X119.792 Y194.896 E2649.08214
G1 X119.479 Y193.231 E2649.13849
G1 X118.669 Y190.311 E2649.23927
G1 X117.764 Y188.041 E2649.32055
G1 X117.476 Y187.274 E2649.3478
G1 X117.237 Y186.771 E2649.36633
G1 X115.933 Y184.31 E2649.45896
G1 X115.64 Y183.837 E2649.47747
G1 X114.075 Y181.53 E2649.57019
G1 X113.73 Y181.09 E2649.58878
G1 X111.928 Y178.966 E2649.68143
G1 X111.537 Y178.567 E2649.70001
G1 X109.516 Y176.652 E2649.79261
G1 X109.084 Y176.299 E2649.81116
G1 X106.865 Y174.612 E2649.90388
G1 X106.382 Y174.299 E2649.92302
G1 X104.011 Y172.872 E2650.01506
G1 X103.511 Y172.621 E2650.03367
G1 X100.984 Y171.45 E2650.1263
G1 X100.415 Y171.239 E2650.14649
G1 X97.821 Y170.368 E2650.2375
G1 X97.28 Y170.231 E2650.25606
G1 X94.821 Y169.689 E2650.33981
G1 X94.298 Y169.596 E2650.35748
G1 X93.658 Y169.518 E2650.37892
G1 X91.237 Y169.254 E2650.45992
G1 X90.679 Y169.24 E2650.47848
G1 X87.894 Y169.24 E2650.57111
G1 X87.215 Y169.3 E2650.59379
G1 X84.568 Y169.589 E2650.68235
G1 X84.019 Y169.697 E2650.70096
G1 X81.297 Y170.297 E2650.79367
G1 X80.768 Y170.462 E2650.8121
G1 X78.129 Y171.353 E2650.90474
G1 X77.618 Y171.578 E2650.92331
G1 X75.088 Y172.748 E2651.01602
G1 X74.607 Y173.026 E2651.0345
G1 X72.219 Y174.464 E2651.12721
G1 X71.77 Y174.794 E2651.14574
G1 X69.551 Y176.481 E2651.23845
G1 X69.04 Y176.954 E2651.26161
G1 X67.118 Y178.775 E2651.34968
G1 X66.659 Y179.303 E2651.37295
G1 X64.947 Y181.32 E2651.46094
G1 X63.066 Y184.084 E2651.57214
G1 X61.497 Y187.036 E2651.68333
G1 X60.249 Y190.155 E2651.79506
G1 X59.358 Y193.364 E2651.90583
G1 X58.816 Y196.664 E2652.01706
G1 X58.636 Y200.002 E2652.12825
G1 X58.811 Y203.25 E2652.23643
G1 X58.908 Y203.895 E2652.25813
G1 X59.359 Y206.637 E2652.35055
G1 X59.656 Y207.708 E2652.38752
G1 X60.252 Y209.846 E2652.46134
G1 X61.498 Y212.965 E2652.57305
G1 X63.067 Y215.917 E2652.68424
G1 X64.949 Y218.681 E2652.79546
G1 X66.791 Y220.851 E2652.89013
G1 X67.476 Y221.566 E2652.92306
G1 X69.192 Y223.19 E2653.00164
G1 X69.948 Y223.824 E2653.03446
G1 X71.528 Y225.022 E2653.10041
G1 X72.218 Y225.535 E2653.129
G1 X74.676 Y227.013 E2653.2244
G1 X75.526 Y227.455 E2653.25626
G1 X77.696 Y228.458 E2653.33578
G1 X78.572 Y228.798 E2653.36703
G1 X80.765 Y229.537 E2653.444
G1 X81.299 Y229.704 E2653.46261
G1 X83.903 Y230.278 E2653.5513
G1 X84.568 Y230.412 E2653.57386
G1 X87.339 Y230.713 E2653.66657
G1 X87.893 Y230.761 E2653.68506
G1 X90.679 Y230.76 E2653.77772
G1 X91.237 Y230.745 E2653.79629
G1 X94.007 Y230.443 E2653.88897
G1 X94.561 Y230.368 E2653.90756
G1 X97.283 Y229.768 E2654.00027
G1 X97.821 Y229.633 E2654.01872
G1 X100.427 Y228.756 E2654.11017
G1 X100.914 Y228.576 E2654.12744
G1 X101.815 Y228.165 E2654.16037
G1 X103.528 Y227.371 E2654.22317
G1 X104.011 Y227.129 E2654.24114
G1 X106.414 Y225.681 E2654.33445
G1 X106.865 Y225.387 E2654.35236
G1 X109.086 Y223.699 E2654.44514
G1 X109.516 Y223.348 E2654.46361
G1 X111.539 Y221.431 E2654.5563
G1 X111.93 Y221.034 E2654.57484
G1 X113.733 Y218.909 E2654.66753
G1 X114.076 Y218.471 E2654.68603
G1 X115.641 Y216.164 E2654.77875
G1 X115.932 Y215.691 E2654.79722
G1 X117.239 Y213.227 E2654.88999
G1 X117.477 Y212.728 E2654.90838
G1 X117.685 Y212.185 E2654.92772
G1 X118.629 Y209.812 E2655.01266
G1 X118.86 Y209.031 E2655.03975
G1 X119.406 Y207.065 E2655.10761
G1 X119.753 Y205.399 E2655.16421
G1 X119.846 Y204.781 E2655.185
G1 X119.931 Y204.659 E2655.18994
G1 X120.066 Y204.626 E2655.19457
M204 S3000
M205 X10 Y10
G0 F6000 X120.266 Y204.626
G0 X120.266 Y204.117
G0 X128.712 Y200.493
G0 X129.206 Y200.374
M204 S1800
M205 X8 Y8
G1 F3000 X129.164 Y200.021 E2655.20639
G1 X129.194 Y199.68 E2655.21778
G1 X129.401 Y198.891 E2655.24491
G1 X129.603 Y198.517 E2655.25904
G1 X130.165 Y197.878 E2655.28735
G1 X130.529 Y197.617 E2655.30224
G1 X131.351 Y197.298 E2655.33157
G1 X131.844 Y197.236 E2655.3481
G1 X132.705 Y197.343 E2655.37695
G1 X133.162 Y197.523 E2655.39329
G1 X133.866 Y198.021 E2655.42197
G1 X134.142 Y198.333 E2655.43583
G1 F2970.3 X134.567 Y199.14 E2655.46647
G1 F2654.9 X134.693 Y199.427 E2655.47825
G1 F2409.6 X134.683 Y200.616 E2655.52748
G1 F2526.3 X134.386 Y201.178 E2655.55259
G1 F2823.5 X134.088 Y201.74 E2655.57507
G1 F3000 X133.825 Y202.015 E2655.58773
G1 X133.176 Y202.468 E2655.61405
G1 X132.615 Y202.675 E2655.63394
G1 X131.84 Y202.763 E2655.65988
G1 X131.252 Y202.672 E2655.67967
G1 X130.511 Y202.375 E2655.70622
G1 X130.208 Y202.159 E2655.7186
G1 X129.655 Y201.557 E2655.74579
G1 X129.452 Y201.229 E2655.75862
G1 X129.206 Y200.374 E2655.78821
M204 S3000
M205 X10 Y10
G0 F6000 X129.183 Y200.176
G0 X128.676 Y200.234
G0 X119.473 Y204.188
G0 X119.564 Y204.461
M204 S1800
M205 X8 Y8
;TYPE:WALL-INNER
G1 F3000 X119.777 Y204.287 E2655.79735
G1 X120.066 Y204.226 E2655.80718
G1 X121.92 Y204.227 E2655.86884
G1 X132.672 Y204.318 E2656.22647
G1 X133.207 Y204.324 E2656.24426
G1 X134.835 Y204.317 E2656.29841
G1 X134.835 Y201.228 E2656.40115
G1 X134.437 Y201.936 E2656.42817
G1 X134.054 Y202.343 E2656.44675
G1 X133.405 Y202.796 E2656.47308
G1 X132.749 Y203.051 E2656.49649
G1 X131.882 Y203.161 E2656.52556
G1 X131.186 Y203.066 E2656.54892
G1 X130.36 Y202.745 E2656.57839
G1 X129.92 Y202.437 E2656.59626
G1 X129.356 Y201.823 E2656.62399
G1 X129.076 Y201.365 E2656.64184
G1 X128.818 Y200.47 E2656.67282
G1 X128.765 Y199.94 E2656.69054
G1 X128.807 Y199.578 E2656.70266
G1 X129.014 Y198.789 E2656.72979
G1 X129.226 Y198.362 E2656.74564
G1 X129.865 Y197.614 E2656.77837
G1 X130.25 Y197.317 E2656.79454
G1 X131.207 Y196.925 E2656.82893
G1 X131.743 Y196.839 E2656.84699
G1 X132.754 Y196.946 E2656.8808
G1 X133.268 Y197.128 E2656.89894
G1 X134.097 Y197.695 E2656.93234
G1 X134.414 Y198.028 E2656.94764
G1 X134.835 Y198.79 E2656.97659
G1 X134.835 Y195.689 E2657.07973
G1 X120.044 Y195.756 E2657.57169
G1 X119.779 Y195.695 E2657.58073
G1 X119.567 Y195.521 E2657.58985
G1 X119.454 Y195.267 E2657.5991
G1 X119.089 Y193.321 E2657.66495
G1 X118.289 Y190.439 E2657.76443
G1 X117.39 Y188.181 E2657.84527
G1 X117.108 Y187.43 E2657.87195
G1 X116.879 Y186.951 E2657.88961
G1 X115.586 Y184.509 E2657.98151
G1 X115.304 Y184.055 E2657.99929
G1 X113.751 Y181.766 E2658.09129
G1 X113.42 Y181.343 E2658.10915
G1 X111.632 Y179.236 E2658.20106
G1 X111.256 Y178.852 E2658.21894
G1 X109.252 Y176.952 E2658.31079
G1 X108.836 Y176.613 E2658.32864
G1 X106.635 Y174.94 E2658.42059
G1 X106.175 Y174.642 E2658.43882
G1 X103.817 Y173.223 E2658.53035
G1 X103.327 Y172.977 E2658.54859
G1 X100.83 Y171.82 E2658.64012
G1 X100.287 Y171.618 E2658.65939
G1 X97.708 Y170.752 E2658.74987
G1 X97.188 Y170.621 E2658.76771
G1 X94.492 Y170.025 E2658.85954
G1 X93.959 Y169.953 E2658.87743
G1 X91.21 Y169.654 E2658.9694
G1 X90.674 Y169.64 E2658.98724
G1 X87.911 Y169.64 E2659.07914
G1 X87.376 Y169.686 E2659.097
G1 X84.628 Y169.985 E2659.18893
G1 X84.101 Y170.089 E2659.2068
G1 X81.4 Y170.684 E2659.29879
G1 X80.892 Y170.842 E2659.31648
G1 X78.274 Y171.726 E2659.40839
G1 X77.696 Y171.982 E2659.42942
G1 X75.272 Y173.104 E2659.51826
G1 X74.734 Y173.416 E2659.53894
G1 X72.441 Y174.797 E2659.62797
G1 X72.01 Y175.114 E2659.64576
G1 X69.808 Y176.788 E2659.73776
G1 X69.315 Y177.244 E2659.7601
G1 X67.407 Y179.053 E2659.84755
G1 X67.054 Y179.456 E2659.86537
G1 X65.266 Y181.563 E2659.95728
G1 X63.409 Y184.291 E2660.06704
G1 X61.861 Y187.204 E2660.17676
G1 X60.629 Y190.283 E2660.28706
G1 X59.791 Y193.301 E2660.39124
G1 X59.686 Y193.835 E2660.40934
G1 X59.214 Y196.708 E2660.50617
G1 X59.039 Y199.97 E2660.61483
G1 X59.036 Y200.002 E2660.61589
G1 X59.102 Y201.211 E2660.65617
G1 X59.215 Y203.293 E2660.72551
G1 X59.75 Y206.551 E2660.83533
G1 X60.632 Y209.718 E2660.94467
G1 X61.862 Y212.797 E2661.05495
G1 X63.41 Y215.71 E2661.16467
G1 X65.268 Y218.439 E2661.27447
G1 X67.093 Y220.589 E2661.36827
G1 X67.751 Y221.276 E2661.39991
G1 X69.463 Y222.896 E2661.4783
G1 X70.19 Y223.506 E2661.50987
G1 X71.77 Y224.704 E2661.57582
G1 X72.44 Y225.201 E2661.60356
G1 X74.877 Y226.667 E2661.69815
G1 X75.694 Y227.092 E2661.72878
G1 X77.858 Y228.092 E2661.80807
G1 X78.7 Y228.419 E2661.83811
G1 X80.889 Y229.157 E2661.91495
G1 X81.402 Y229.317 E2661.93282
G1 X84.103 Y229.913 E2662.02482
G1 X84.628 Y230.016 E2662.04261
G1 X87.377 Y230.315 E2662.13458
G1 X87.91 Y230.361 E2662.15238
G1 X90.673 Y230.36 E2662.24427
G1 X91.21 Y230.345 E2662.26214
G1 X93.959 Y230.046 E2662.35411
G1 X94.491 Y229.974 E2662.37197
G1 X97.191 Y229.378 E2662.46393
G1 X97.709 Y229.249 E2662.48169
G1 X100.327 Y228.367 E2662.57357
G1 X100.83 Y228.179 E2662.59143
G1 X103.34 Y227.018 E2662.68341
G1 X103.84 Y226.766 E2662.70204
G1 X106.196 Y225.345 E2662.79355
G1 X106.635 Y225.059 E2662.81097
G1 X108.838 Y223.385 E2662.903
G1 X109.252 Y223.048 E2662.92075
G1 X111.259 Y221.145 E2663.01274
G1 X111.634 Y220.764 E2663.03052
G1 X113.423 Y218.657 E2663.12246
G1 X113.752 Y218.235 E2663.14025
G1 X115.305 Y215.947 E2663.23223
G1 X115.584 Y215.493 E2663.24995
G1 X116.881 Y213.047 E2663.34204
G1 X117.109 Y212.57 E2663.35962
G1 X117.313 Y212.037 E2663.3786
G1 X118.251 Y209.681 E2663.46294
G1 X118.476 Y208.921 E2663.48931
G1 X118.919 Y207.321 E2663.54452
G1 X119.091 Y206.616 E2663.56866
G1 X119.359 Y205.329 E2663.61239
G1 X119.448 Y204.732 E2663.63246
G1 X119.564 Y204.461 E2663.64227
M204 S3000
M205 X10 Y10
G0 F6000 X119.373 Y204.439
G0 X100.263 Y220.162
G0 X99.579 Y221.019
G0 X99.164 Y222.647
G0 X99.274 Y222.634
M204 S1800
M205 X8 Y8
G1 F3000 X99.307 Y222.11 E2663.65973
G1 X99.456 Y221.485 E2663.6811
G1 X99.642 Y221.013 E2663.69797
G1 X99.898 Y220.645 E2663.71288
G1 X100.273 Y220.224 E2663.73163
G1 X100.672 Y219.882 E2663.74911
G1 X101.098 Y219.668 E2663.76497
G1 X101.956 Y219.387 E2663.795
G1 X102.458 Y219.363 E2663.81171
G1 X103.095 Y219.436 E2663.83304
G1 X103.621 Y219.58 E2663.85118
G1 X104.135 Y219.877 E2663.87092
G1 X104.508 Y220.14 E2663.8861
G1 X104.85 Y220.468 E2663.90186
G1 X105.083 Y220.81 E2663.91563
G1 X105.352 Y221.322 E2663.93486
G1 X105.528 Y221.831 E2663.95278
G1 X105.572 Y222.261 E2663.96715
G1 X105.532 Y223.157 E2663.99698
G1 X105.38 Y223.645 E2664.01398
G1 X105.082 Y224.224 E2664.03564
G1 F3007.5 X104.758 Y224.67 E2664.05393
G1 X104.425 Y224.957 E2664.06852
G1 F3000 X103.658 Y225.436 E2664.09859
G1 X103.165 Y225.585 E2664.11572
G1 X102.169 Y225.668 E2664.14896
G1 X101.653 Y225.574 E2664.16641
G1 X101.068 Y225.354 E2664.1872
G1 X100.58 Y225.085 E2664.20573
G1 X100.272 Y224.808 E2664.21951
G1 X99.897 Y224.386 E2664.23828
G1 X99.599 Y223.932 E2664.25635
G1 X99.449 Y223.52 E2664.27093
G1 X99.274 Y222.634 E2664.30097
M204 S3000
M205 X10 Y10
G0 F6000 X99.164 Y222.647
G0 X83.06 Y205.083
G0 X82.088 Y203.537
G0 X81.548 Y201.986
G0 X81.23 Y200.082
G0 X81.338 Y200.07
M204 S1800
M205 X8 Y8
G1 F3000 X81.415 Y199.249 E2664.32839
G1 X81.53 Y198.232 E2664.36244
G1 X81.717 Y197.67 E2664.38213
G1 X82.122 Y196.516 E2664.42281
G1 X82.167 Y196.428 E2664.4261
G1 X83.072 Y194.988 E2664.48267
G1 X83.367 Y194.678 E2664.4969
G1 X84.361 Y193.685 E2664.54363
G1 X84.573 Y193.543 E2664.55212
G1 X85.886 Y192.72 E2664.60366
G1 X86.006 Y192.668 E2664.60801
G1 X87.588 Y192.115 E2664.66375
G1 X87.699 Y192.091 E2664.66753
G1 X89.389 Y191.901 E2664.72409
G1 X90.382 Y192.002 E2664.75729
G1 X91.189 Y192.094 E2664.7843
G1 X91.873 Y192.32 E2664.80826
G1 X92.906 Y192.683 E2664.84468
G1 X93.362 Y192.957 E2664.86237
G1 X94.429 Y193.626 E2664.90426
G1 X95.164 Y194.34 E2664.93834
G1 X95.752 Y194.93 E2664.96605
G1 X96.254 Y195.715 E2664.99704
G1 X96.718 Y196.456 E2665.02612
G1 X96.76 Y196.549 E2665.02951
G1 X97.327 Y198.173 E2665.08672
G1 X97.455 Y199.25 E2665.1228
G1 X97.535 Y199.964 E2665.14669
G1 X97.439 Y200.899 E2665.17795
G1 X97.342 Y201.754 E2665.20657
G1 X97.15 Y202.337 E2665.22699
G1 X96.751 Y203.475 E2665.2671
G1 X96.375 Y204.093 E2665.29116
G1 X95.805 Y205 E2665.32679
G1 X95.131 Y205.693 E2665.35894
G1 X94.505 Y206.318 E2665.38836
G1 X93.651 Y206.862 E2665.42204
G1 X93.007 Y207.266 E2665.44733
G1 X92.831 Y207.343 E2665.45371
G1 X91.266 Y207.89 E2665.50885
G1 X90.373 Y207.997 E2665.53877
G1 X89.488 Y208.098 E2665.56839
G1 X89.367 Y208.097 E2665.57242
G1 X87.658 Y207.903 E2665.62963
G1 X87.568 Y207.879 E2665.63272
G1 X85.982 Y207.324 E2665.68861
G1 X85.862 Y207.266 E2665.69304
G1 X84.44 Y206.374 E2665.74887
G1 X84.334 Y206.29 E2665.75337
G1 X83.114 Y205.067 E2665.81083
G1 X82.724 Y204.458 E2665.83488
G1 X82.167 Y203.572 E2665.86969
G1 X81.905 Y202.865 E2665.89477
G1 X81.549 Y201.845 E2665.9307
G1 X81.436 Y200.937 E2665.96113
G1 X81.338 Y200.07 E2665.99015
M204 S3000
M205 X10 Y10
G0 F6000 X81.23 Y200.082
G0 X63.498 Y203.201
G0 X62.004 Y202.865
G0 X60.836 Y201.872
G0 X60.164 Y200.13
G0 X60.274 Y200.117
M204 S1800
M205 X8 Y8
G1 F3000 X60.306 Y199.593 E2666.00761
G1 X60.456 Y198.969 E2666.02896
G1 X60.664 Y198.463 E2666.04716
G1 X60.898 Y198.13 E2666.06069
G1 X61.292 Y197.687 E2666.08041
G1 X61.695 Y197.352 E2666.09784
G1 X62.077 Y197.156 E2666.11212
G1 X62.584 Y196.968 E2666.13011
G1 X63.122 Y196.848 E2666.14844
G1 X63.534 Y196.851 E2666.16214
G1 X64.095 Y196.92 E2666.18094
G1 X64.621 Y197.063 E2666.19907
G1 X64.987 Y197.258 E2666.21287
G1 X65.447 Y197.575 E2666.23145
G1 X65.826 Y197.918 E2666.24845
G1 X66.083 Y198.293 E2666.26357
G1 X66.352 Y198.805 E2666.28281
G1 X66.528 Y199.314 E2666.30072
G1 X66.572 Y199.744 E2666.31509
G1 X66.532 Y200.65 E2666.34526
G1 X66.38 Y201.128 E2666.36194
G1 X66.082 Y201.707 E2666.3836
G1 X65.763 Y202.149 E2666.40173
G1 X65.424 Y202.441 E2666.41661
G1 X64.665 Y202.914 E2666.44636
G1 X64.165 Y203.068 E2666.46376
G1 X63.169 Y203.151 E2666.497
G1 X62.653 Y203.057 E2666.51444
G1 X62.068 Y202.837 E2666.53523
G1 X61.58 Y202.568 E2666.55376
G1 X61.272 Y202.291 E2666.56754
G1 X60.897 Y201.869 E2666.58632
G1 X60.599 Y201.415 E2666.60438
G1 X60.449 Y201.003 E2666.61896
G1 X60.274 Y200.117 E2666.649
M204 S3000
M205 X10 Y10
G0 F6000 X60.164 Y200.13
G0 X60.418 Y198.926
G0 X61.263 Y197.646
G0 X99.164 Y177.613
G0 X99.274 Y177.6
M204 S1800
M205 X8 Y8
G1 F3000 X99.307 Y177.076 E2666.66646
G1 X99.456 Y176.452 E2666.6878
G1 X99.653 Y175.962 E2666.70537
G1 X99.898 Y175.613 E2666.71955
G1 X100.273 Y175.191 E2666.73833
G1 X100.661 Y174.855 E2666.7554
G1 X101.077 Y174.639 E2666.77099
G1 X101.584 Y174.451 E2666.78897
G1 X102.122 Y174.331 E2666.80731
G1 X102.926 Y174.382 E2666.8341
G1 X103.488 Y174.497 E2666.85318
G1 X103.957 Y174.72 E2666.87045
G1 X104.451 Y175.062 E2666.89044
G1 X104.85 Y175.434 E2666.90858
G1 X105.083 Y175.776 E2666.92235
G1 X105.352 Y176.288 E2666.94158
G1 X105.529 Y176.797 E2666.95951
G1 X105.572 Y177.227 E2666.97388
G1 X105.532 Y178.124 E2667.00374
G1 X105.38 Y178.611 E2667.02071
G1 X105.082 Y179.19 E2667.04237
G1 X104.759 Y179.635 E2667.06066
G1 X104.385 Y179.948 E2667.07688
G1 X103.665 Y180.397 E2667.1051
G1 X103.166 Y180.551 E2667.12247
G1 X102.169 Y180.635 E2667.15575
G1 X101.651 Y180.54 E2667.17326
G1 X101.093 Y180.33 E2667.19309
G1 X100.624 Y180.086 E2667.21068
G1 X100.272 Y179.775 E2667.2263
G1 X99.896 Y179.351 E2667.24515
G1 X99.6 Y178.899 E2667.26312
G1 X99.449 Y178.487 E2667.27771
G1 X99.274 Y177.6 E2667.30778
M204 S3000
M205 X10 Y10
G0 F6000 X98.881 Y177.677
M204 S1800
M205 X8 Y8
G1 F3000 X98.869 Y177.364 E2667.3182
G1 X98.932 Y176.908 E2667.33351
G1 X99.068 Y176.356 E2667.35242
G1 X99.275 Y175.818 E2667.37159
G1 X99.599 Y175.347 E2667.39061
G1 X99.974 Y174.925 E2667.40939
G1 X100.45 Y174.515 E2667.43028
G1 X100.938 Y174.264 E2667.44853
G1 X101.445 Y174.076 E2667.46652
G1 X101.88 Y173.96 E2667.48149
G1 X102.457 Y173.93 E2667.50071
G1 X102.975 Y173.985 E2667.51803
G1 F2985.1 X103.585 Y174.105 E2667.53881
G1 F2955.7 X104.109 Y174.345 E2667.55827
G1 F2877.7 X104.685 Y174.722 E2667.58214
G1 F2891.6 X105.024 Y175.028 E2667.5979
G1 F2985.1 X105.373 Y175.484 E2667.61709
G1 F3000 X105.626 Y175.95 E2667.63473
G1 X105.87 Y176.522 E2667.65541
G1 X105.965 Y177.079 E2667.67421
G1 X105.932 Y178.142 E2667.70958
G1 X105.868 Y178.449 E2667.72001
G1 X105.705 Y178.863 E2667.73481
G1 X105.436 Y179.375 E2667.75405
G1 X105.156 Y179.791 E2667.77072
G1 X104.774 Y180.159 E2667.78837
G1 X103.876 Y180.736 E2667.82387
G1 X103.591 Y180.858 E2667.83418
G1 X103.099 Y180.967 E2667.85094
G1 X102.199 Y181.034 E2667.88096
G1 X101.796 Y180.987 E2667.89445
G1 X101.431 Y180.889 E2667.90702
G1 X100.907 Y180.687 E2667.9257
G1 X100.39 Y180.41 E2667.94521
G1 X99.974 Y180.041 E2667.9637
G1 X99.596 Y179.616 E2667.98262
G1 X99.298 Y179.191 E2667.99988
G1 X99.09 Y178.692 E2668.01787
G1 X98.881 Y177.677 E2668.05233
M204 S3000
M205 X10 Y10
G0 F6000 X83.06 Y194.917
G0 X82.088 Y196.463
G0 X81.748 Y197.439
G0 X80.941 Y200.114
M204 S1800
M205 X8 Y8
G1 F3000 X80.98 Y199.535 E2668.07163
G1 X81.136 Y198.165 E2668.11749
G1 X81.339 Y197.538 E2668.13941
G1 X81.742 Y196.389 E2668.17991
G1 X81.829 Y196.216 E2668.18635
G1 X82.742 Y194.763 E2668.24343
G1 X83.084 Y194.396 E2668.26011
G1 X84.096 Y193.385 E2668.30769
G1 X84.36 Y193.204 E2668.31834
G1 X85.664 Y192.386 E2668.36954
G1 X85.874 Y192.291 E2668.3772
G1 X87.47 Y191.733 E2668.43344
G1 X87.654 Y191.694 E2668.43969
G1 X89.358 Y191.502 E2668.49673
G1 X90.427 Y191.605 E2668.53245
G1 X91.247 Y191.698 E2668.55989
G1 X92.005 Y191.943 E2668.58639
G1 X93.051 Y192.31 E2668.62326
G1 X93.575 Y192.618 E2668.64348
G1 X94.642 Y193.287 E2668.68536
G1 X95.447 Y194.057 E2668.72241
G1 X96.008 Y194.619 E2668.74882
G1 X96.593 Y195.503 E2668.78408
G1 X97.067 Y196.261 E2668.81382
G1 X97.137 Y196.417 E2668.8195
G1 X97.712 Y198.066 E2668.87759
G1 X97.852 Y199.205 E2668.91576
G1 X97.934 Y199.942 E2668.94042
G1 X97.836 Y200.944 E2668.97391
G1 X97.738 Y201.812 E2669.00296
G1 X97.59 Y202.29 E2669.0196
G1 X97.123 Y203.623 E2669.06658
G1 X96.713 Y204.305 E2669.09305
G1 X96.141 Y205.216 E2669.12882
G1 X95.414 Y205.976 E2669.1638
G1 X94.793 Y206.596 E2669.19299
G1 X93.864 Y207.201 E2669.22986
G1 X93.22 Y207.605 E2669.25515
G1 X92.963 Y207.721 E2669.26453
G1 X91.374 Y208.275 E2669.3205
G1 X90.417 Y208.395 E2669.35258
G1 X89.523 Y208.497 E2669.38251
G1 X89.323 Y208.494 E2669.38916
G1 X87.643 Y208.305 E2669.44539
G1 X87.436 Y208.256 E2669.45246
G1 X85.796 Y207.681 E2669.51026
G1 X85.649 Y207.605 E2669.51577
G1 X84.227 Y206.713 E2669.5716
G1 X84.051 Y206.572 E2669.5791
G1 X82.861 Y205.381 E2669.6351
G1 X82.386 Y204.67 E2669.66354
G1 X81.829 Y203.784 E2669.69835
G1 X81.527 Y202.997 E2669.72638
G1 X81.167 Y201.964 E2669.76277
G1 X81.039 Y200.982 E2669.7957
G1 X80.941 Y200.114 E2669.82476
M204 S3000
M205 X10 Y10
G0 F6000 X63.498 Y203.201
G0 X62.004 Y202.865
G0 X60.836 Y201.872
G0 X59.873 Y200.196
M204 S1800
M205 X8 Y8
G1 F2891.6 X59.863 Y199.88 E2669.83567
G1 F2836.9 X59.915 Y199.421 E2669.85192
G1 F2884.6 X60.067 Y198.873 E2669.87159
G1 F3000 X60.334 Y198.237 E2669.89453
G1 X60.599 Y197.864 E2669.90975
G1 X61.006 Y197.408 E2669.93008
G1 X61.508 Y196.999 E2669.95161
G1 X61.938 Y196.781 E2669.96765
G1 X62.445 Y196.593 E2669.98563
G1 X62.95 Y196.463 E2670.00298
G1 X63.457 Y196.447 E2670.01985
G1 X64.144 Y196.523 E2670.04284
G1 X64.704 Y196.662 E2670.06203
G1 X65.16 Y196.895 E2670.07906
G1 X65.674 Y197.245 E2670.09974
G1 X66.097 Y197.62 E2670.11854
G1 X66.389 Y198.026 E2670.13518
G1 X66.706 Y198.619 E2670.15754
G1 X66.888 Y199.092 E2670.1744
G1 X66.965 Y199.596 E2670.19136
G1 X66.935 Y200.587 E2670.22433
G1 X66.868 Y200.966 E2670.23713
G1 X66.704 Y201.38 E2670.25194
G1 X66.404 Y201.95 E2670.27337
G1 X66.098 Y202.379 E2670.29089
G1 X65.705 Y202.733 E2670.30849
G1 X65.062 Y203.137 E2670.33374
G1 X64.699 Y203.341 E2670.34759
G1 X64.095 Y203.483 E2670.36823
G1 X63.199 Y203.55 E2670.39811
G1 X62.892 Y203.526 E2670.40836
G1 X62.431 Y203.406 E2670.4242
G1 X61.924 Y203.21 E2670.44228
G1 X61.316 Y202.869 E2670.46546
G1 X60.973 Y202.557 E2670.48089
G1 X60.598 Y202.135 E2670.49966
G1 X60.226 Y201.56 E2670.52244
G1 F2721.1 X60.016 Y201.088 E2670.54138
G1 F2666.7 X59.873 Y200.196 E2670.57519
M204 S3000
M205 X10 Y10
G0 F6000 X60.836 Y201.872
G0 X61.526 Y202.575
G0 X98.881 Y222.711
M204 S1800
M205 X8 Y8
G1 F3000 X98.869 Y222.398 E2670.5856
G1 X98.971 Y221.78 E2670.60644
G1 X99.106 Y221.266 E2670.62411
G1 X99.315 Y220.782 E2670.64165
G1 X99.6 Y220.379 E2670.65806
G1 X99.975 Y219.958 E2670.67682
G1 X100.385 Y219.593 E2670.69507
G1 X100.928 Y219.305 E2670.71552
G1 X101.812 Y219.013 E2670.74648
G1 X102.121 Y218.964 E2670.75689
G1 X102.699 Y218.984 E2670.77612
G1 X103.201 Y219.048 E2670.79296
G1 X103.732 Y219.191 E2670.81125
G1 X104.213 Y219.445 E2670.82934
G1 X104.674 Y219.762 E2670.84795
G1 X105.155 Y220.206 E2670.86972
G1 X105.437 Y220.624 E2670.88649
G1 X105.706 Y221.136 E2670.90572
G1 X105.913 Y221.707 E2670.92593
G1 X105.971 Y222.279 E2670.94505
G1 X105.931 Y223.175 E2670.97488
G1 X105.868 Y223.483 E2670.98534
G1 X105.626 Y224.049 E2671.00581
G1 X105.373 Y224.515 E2671.02345
G1 F2985.1 X105.026 Y224.97 E2671.04257
G1 F2898.6 X104.643 Y225.307 E2671.06013
G1 F2857.1 X103.869 Y225.786 E2671.09192
G1 F2891.6 X103.59 Y225.9 E2671.10232
G1 F2948.4 X103.095 Y226 E2671.11941
G1 F3000 X102.199 Y226.067 E2671.1493
G1 X101.892 Y226.043 E2671.15954
G1 X101.431 Y225.924 E2671.17537
G1 X100.924 Y225.727 E2671.19347
G1 X100.454 Y225.487 E2671.21102
G1 X100.06 Y225.161 E2671.22803
G1 X99.598 Y224.652 E2671.25089
G1 X99.276 Y224.184 E2671.26978
G1 X99.056 Y223.597 E2671.29063
G1 X98.881 Y222.711 E2671.32067
M204 S3000
M205 X10 Y10
G0 F6000 X99.579 Y221.019
G0 X100.194 Y220.248
G0 X119.167 Y204.339
M204 S1800
M205 X8 Y8
G1 F3000 X119.408 Y204.051 E2671.33316
G1 X119.73 Y203.875 E2671.34537
G1 X120.066 Y203.826 E2671.35666
G1 X121.923 Y203.827 E2671.41842
G1 X130.053 Y203.896 E2671.68884
G1 F2977.7 X130.808 Y203.9 E2671.71414
G1 F3045.7 X131.62 Y203.92 E2671.74075
G1 F3076.9 X132.148 Y203.915 E2671.75787
G1 F2934 X132.676 Y203.909 E2671.77583
G1 X133.203 Y203.923 E2671.79376
G1 F3000 X133.885 Y203.922 E2671.81644
G1 X134.435 Y203.919 E2671.83474
G1 X134.435 Y202.54 E2671.8806
G1 X133.704 Y203.075 E2671.91073
G1 X133.397 Y203.246 E2671.92242
G1 F2985.1 X132.884 Y203.431 E2671.94065
G1 F2912.6 X132.655 Y203.491 E2671.94876
G1 F3015.1 X131.923 Y203.547 E2671.97305
G1 F3000 X131.117 Y203.472 E2671.99998
G1 F2912.6 X130.209 Y203.116 E2672.03339
G1 F3000 X129.768 Y202.833 E2672.05082
G1 X129.406 Y202.48 E2672.06763
G1 X129.057 Y202.089 E2672.08506
G1 X128.793 Y201.692 E2672.10092
G1 X128.596 Y201.213 E2672.11815
G1 X128.43 Y200.566 E2672.14036
G1 X128.363 Y199.995 E2672.15949
G1 X128.42 Y199.477 E2672.17682
G1 X128.627 Y198.688 E2672.20395
G1 X128.875 Y198.171 E2672.22302
G1 X129.564 Y197.35 E2672.25867
G1 X130.015 Y196.993 E2672.2778
G1 X130.24 Y196.871 E2672.28631
G1 F3007.5 X131.062 Y196.553 E2672.31555
G1 F3125 X131.695 Y196.457 E2672.336
G1 X132.25 Y196.496 E2672.35376
G1 F2912.6 X132.805 Y196.536 E2672.37282
G1 F2905.6 X133.415 Y196.756 E2672.39509
G1 F3000 X134.328 Y197.368 E2672.43165
G1 X134.435 Y197.464 E2672.43643
G1 X134.435 Y196.091 E2672.4821
G1 X133.54 Y196.095 E2672.51187
G1 F2905.6 X132.831 Y196.112 E2672.53622
G1 F3015.1 X131.963 Y196.088 E2672.56496
G1 F3141.4 X131.274 Y196.103 E2672.58685
G1 F3038 X130.138 Y196.109 E2672.62416
G1 F3015.1 X129.002 Y196.115 E2672.66175
G1 F3000 X124.92 Y196.134 E2672.79752
G1 X120.044 Y196.156 E2672.9597
G1 X119.733 Y196.107 E2672.97017
G1 X119.411 Y195.931 E2672.98238
G1 X119.17 Y195.643 E2672.99487
G1 X119.061 Y195.341 E2673.00555
G1 X118.699 Y193.412 E2673.07083
G1 X118.066 Y191.129 E2673.14962
G1 X117.909 Y190.567 E2673.16903
G1 X117.015 Y188.322 E2673.2494
G1 X116.739 Y187.587 E2673.27552
G1 X116.522 Y187.131 E2673.29231
G1 X115.239 Y184.709 E2673.38347
G1 X114.968 Y184.273 E2673.40055
G1 X113.428 Y182.002 E2673.49181
G1 X113.11 Y181.595 E2673.50899
G1 X111.336 Y179.506 E2673.60014
G1 X110.976 Y179.137 E2673.61729
G1 X108.988 Y177.253 E2673.70839
G1 X108.564 Y176.909 E2673.72655
G1 X106.389 Y175.257 E2673.81739
G1 X105.969 Y174.985 E2673.83403
G1 F2985.1 X105.336 Y174.605 E2673.85871
G1 F2955.7 X104.438 Y174.068 E2673.89403
G1 X103.768 Y173.662 E2673.92048
G1 F2985.1 X103.32 Y173.42 E2673.9375
G1 F3000 X102.8 Y173.173 E2673.95665
G1 X100.676 Y172.19 E2674.03449
G1 X100.18 Y172.005 E2674.0521
G1 X97.596 Y171.136 E2674.14277
G1 X97.096 Y171.01 E2674.15992
G1 X94.422 Y170.419 E2674.251
G1 X93.911 Y170.35 E2674.26815
G1 X91.183 Y170.053 E2674.35942
G1 X90.669 Y170.04 E2674.37653
G1 X87.928 Y170.04 E2674.46769
G1 X87.415 Y170.084 E2674.48482
G1 X84.688 Y170.381 E2674.57605
G1 X84.079 Y170.503 E2674.59671
G1 X81.502 Y171.071 E2674.68448
G1 X81.015 Y171.223 E2674.70145
G1 X78.418 Y172.1 E2674.79262
G1 X77.947 Y172.307 E2674.80973
G1 X75.456 Y173.459 E2674.90101
G1 X74.94 Y173.759 E2674.92086
G1 X72.663 Y175.131 E2675.00928
G1 X72.249 Y175.435 E2675.02637
G1 X70.065 Y177.095 E2675.11761
G1 X69.64 Y177.488 E2675.13686
G1 X67.696 Y179.33 E2675.22593
G1 X67.269 Y179.821 E2675.24757
G1 X66.51 Y180.716 E2675.28661
G1 X65.584 Y181.805 E2675.33415
G1 X63.752 Y184.498 E2675.44248
G1 X62.224 Y187.373 E2675.55077
G1 X61.008 Y190.411 E2675.65961
G1 X60.141 Y193.536 E2675.76747
G1 X59.612 Y196.751 E2675.87584
G1 X59.547 Y197.97 E2675.91644
G1 X59.503 Y198.79 E2675.94375
G1 F2884.6 X59.489 Y199.359 E2675.96344
G1 F2843.6 X59.447 Y199.925 E2675.98336
G1 F2912.6 X59.443 Y200.002 E2675.986
G1 F2790.7 X59.491 Y200.574 E2676.00652
G1 F2586.2 X59.54 Y201.146 E2676.02867
G1 F2721.1 X59.53 Y201.71 E2676.04936
G1 F3000 X59.613 Y203.25 E2676.10065
G1 X60.141 Y206.465 E2676.20902
G1 X61.011 Y209.59 E2676.31691
G1 X62.225 Y212.628 E2676.42572
G1 X63.753 Y215.503 E2676.53401
G1 X65.586 Y218.196 E2676.64236
G1 X67.395 Y220.327 E2676.73533
G1 X68.026 Y220.986 E2676.76568
G1 X69.734 Y222.602 E2676.84388
G1 X70.432 Y223.187 E2676.87417
G1 X72.012 Y224.385 E2676.94012
G1 X72.662 Y224.868 E2676.96706
G1 X75.016 Y226.285 E2677.05844
G1 X75.461 Y226.544 E2677.07557
G1 X78.02 Y227.726 E2677.16932
G1 X78.828 Y228.04 E2677.19815
G1 X81.012 Y228.776 E2677.27481
G1 X81.505 Y228.93 E2677.29198
G1 X84.184 Y229.521 E2677.38323
G1 X84.688 Y229.62 E2677.40031
G1 X86.955 Y229.866 E2677.47616
G1 X87.526 Y229.926 E2677.49525
G1 X88.326 Y229.961 E2677.52189
G1 X90.668 Y229.96 E2677.59978
G1 X91.183 Y229.946 E2677.61692
G1 X93.911 Y229.649 E2677.70819
G1 X94.421 Y229.58 E2677.7253
G1 X97.143 Y228.978 E2677.81803
G1 X97.713 Y228.826 E2677.83765
G1 X100.213 Y227.983 E2677.9254
G1 X100.718 Y227.791 E2677.94337
G1 X103.171 Y226.655 E2678.03328
G1 F2985.1 X103.623 Y226.426 E2678.05022
G1 F2926.8 X104.083 Y226.142 E2678.06865
G1 F2857.1 X104.864 Y225.667 E2678.10057
G1 F2898.6 X105.338 Y225.393 E2678.11942
G1 F2985.1 X105.978 Y225.009 E2678.14436
G1 F3000 X106.405 Y224.732 E2678.16129
G1 X108.612 Y223.053 E2678.25353
G1 X109.037 Y222.7 E2678.2719
G1 X110.979 Y220.859 E2678.3609
G1 X111.339 Y220.494 E2678.37795
G1 X113.113 Y218.404 E2678.46913
G1 X113.429 Y217.999 E2678.48622
G1 X114.969 Y215.73 E2678.57743
G1 X115.237 Y215.294 E2678.59445
G1 X116.524 Y212.867 E2678.68582
G1 X116.741 Y212.412 E2678.70258
G1 X116.941 Y211.889 E2678.72121
G1 X117.872 Y209.55 E2678.80494
G1 X118.091 Y208.811 E2678.83058
G1 X118.628 Y206.876 E2678.89737
G1 X118.965 Y205.259 E2678.9523
G1 X119.053 Y204.669 E2678.97214
G1 X119.167 Y204.339 E2678.98376
M204 S3000
M205 X10 Y10
G0 F6000 X133.999 Y203.396
M204 S1800
M205 X8 Y8
;TYPE:SKIN
G1 F845.1 X133.929 Y203.396 E2678.98706
G1 X133.893 Y203.457 E2678.99041
G1 X133.929 Y203.518 E2678.99375
G1 X133.999 Y203.518 E2678.99706
G1 X134.035 Y203.457 E2679.0004
M204 S3000
M205 X10 Y10
G0 F6000 X131.445 Y203.185
G0 X130.263 Y202.752
G0 X129.282 Y201.811
G0 X128.761 Y200.44
G0 X128.896 Y199.02
G0 X129.22 Y198.274
G0 X129.874 Y197.528
G0 X131.165 Y196.889
G0 X134.044 Y196.554
M204 S1800
M205 X8 Y8
G1 F854.1 X134.008 Y196.614 E2679.00367
G1 X133.939 Y196.614 E2679.0069
G1 X133.904 Y196.554 E2679.01014
G1 X133.94 Y196.494 E2679.01341
G1 X134.008 Y196.494 E2679.01659
M204 S3000
M205 X10 Y10
G0 F6000 X131.263 Y196.851
G0 X130.476 Y197.157
G0 X118.882 Y204.079
M204 S1800
M205 X8 Y8
G1 F1200 X119.197 Y203.736 E2679.03208
G1 X119.644 Y203.507 E2679.04879
G1 X120.065 Y203.446 E2679.06293
G1 X121.914 Y203.447 E2679.12443
G1 X130.056 Y203.515 E2679.39525
G1 X130.172 Y203.513 E2679.3991
G1 X129.554 Y203.149 E2679.42296
G1 X129.166 Y202.78 E2679.44077
G1 X128.756 Y202.322 E2679.46121
G1 X128.472 Y201.897 E2679.47822
G1 X128.203 Y201.231 E2679.50211
G1 X128.062 Y200.658 E2679.52173
G1 X127.984 Y200.023 E2679.54301
G1 X128.048 Y199.404 E2679.56371
G1 X128.055 Y199.37 E2679.56486
G1 X128.365 Y198.321 E2679.60124
G1 X128.695 Y197.766 E2679.62272
G1 X128.719 Y197.735 E2679.62402
G1 X129.476 Y196.917 E2679.66109
G1 X130.068 Y196.533 E2679.68456
G1 X130.172 Y196.491 E2679.68829
G1 X129.402 Y196.492 E2679.7139
G1 X127.98 Y196.5 E2679.7612
G1 X120.03 Y196.536 E2680.02562
G1 X119.59 Y196.46 E2680.04047
G1 X119.263 Y196.292 E2680.0527
G1 X118.928 Y195.965 E2680.06827
G1 X118.72 Y195.55 E2680.08371
G1 X118.327 Y193.499 E2680.15317
G1 X117.553 Y190.703 E2680.24966
G1 X116.886 Y189.024 E2680.30975
G1 X116.507 Y188.046 E2680.34463
G1 X116.179 Y187.3 E2680.37174
G1 X114.908 Y184.898 E2680.46213
G1 X114.549 Y184.332 E2680.48442
G1 X113.12 Y182.226 E2680.56907
G1 X112.737 Y181.744 E2680.58954
G1 X111.142 Y179.865 E2680.67152
G1 X110.754 Y179.457 E2680.69025
G1 X108.78 Y177.583 E2680.78077
G1 X108.348 Y177.225 E2680.79944
G1 X106.325 Y175.687 E2680.88396
G1 X105.84 Y175.355 E2680.90351
G1 X105.666 Y175.248 E2680.9103
G1 X106.04 Y175.937 E2680.93638
G1 X106.296 Y176.666 E2680.96207
G1 X106.352 Y177.234 E2680.98106
G1 X106.301 Y178.168 E2681.01217
G1 X106.278 Y178.4 E2681.01992
G1 X106.041 Y179.044 E2681.04275
G1 X105.698 Y179.679 E2681.06675
G1 X105.302 Y180.191 E2681.08828
G1 X104.874 Y180.56 E2681.10707
G1 X104.079 Y181.06 E2681.13831
G1 X103.677 Y181.23 E2681.15283
G1 X103.142 Y181.344 E2681.17102
G1 X101.96 Y181.404 E2681.21039
G1 X101.317 Y181.252 E2681.23236
G1 X100.644 Y180.985 E2681.25644
G1 X100.179 Y180.726 E2681.27415
G1 X99.704 Y180.307 E2681.29521
G1 X99.301 Y179.845 E2681.3156
G1 X98.93 Y179.279 E2681.33811
G1 X98.691 Y178.666 E2681.36
G1 X98.682 Y178.634 E2681.3611
G1 X98.483 Y177.492 E2681.39966
G1 X98.556 Y176.84 E2681.42148
G1 X98.746 Y176.116 E2681.44637
G1 X98.981 Y175.569 E2681.46618
G1 X99.3 Y175.112 E2681.48471
G1 X99.795 Y174.568 E2681.50917
G1 X100.298 Y174.165 E2681.53061
G1 X100.785 Y173.917 E2681.54879
G1 X101.439 Y173.678 E2681.57195
G1 X102.087 Y173.553 E2681.5939
G1 X102.606 Y173.558 E2681.61116
G1 X102.758 Y173.575 E2681.61625
G1 X100.537 Y172.547 E2681.69765
G1 X100.052 Y172.363 E2681.7149
G1 X97.702 Y171.573 E2681.79736
G1 X97.051 Y171.392 E2681.81983
G1 X94.573 Y170.843 E2681.90425
G1 X93.93 Y170.738 E2681.92592
G1 X91.483 Y170.469 E2682.0078
G1 X90.831 Y170.424 E2682.02954
G1 X88.334 Y170.42 E2682.11259
G1 X87.561 Y170.453 E2682.13832
G1 X85.14 Y170.715 E2682.21931
G1 X84.358 Y170.834 E2682.24562
G1 X81.978 Y171.355 E2682.32666
G1 X81.232 Y171.552 E2682.35232
G1 X78.946 Y172.323 E2682.43256
G1 X78.184 Y172.619 E2682.45975
G1 X76.007 Y173.624 E2682.5395
G1 X75.278 Y174.002 E2682.56681
G1 X73.236 Y175.229 E2682.64605
G1 X72.539 Y175.694 E2682.67391
G1 X70.655 Y177.126 E2682.75262
G1 X69.993 Y177.679 E2682.78131
G1 X68.286 Y179.296 E2682.85952
G1 X67.685 Y179.92 E2682.88833
G1 X65.886 Y182.038 E2682.98076
G1 X64.077 Y184.696 E2683.0877
G1 X62.57 Y187.535 E2683.1946
G1 X61.366 Y190.548 E2683.30252
G1 X60.513 Y193.619 E2683.40853
G1 X59.997 Y196.758 E2683.51433
G1 X59.914 Y198.251 E2683.56406
G1 X60.022 Y198.019 E2683.57258
G1 X60.315 Y197.611 E2683.58928
G1 X60.795 Y197.086 E2683.61294
G1 X61.301 Y196.681 E2683.6345
G1 X61.785 Y196.434 E2683.65257
G1 X62.314 Y196.236 E2683.67136
G1 X62.869 Y196.092 E2683.69043
G1 X63.6 Y196.075 E2683.71475
G1 X64.189 Y196.145 E2683.73448
G1 X64.82 Y196.301 E2683.7561
G1 X65.344 Y196.562 E2683.77557
G1 X65.888 Y196.93 E2683.79741
G1 X66.364 Y197.35 E2683.81853
G1 X66.723 Y197.842 E2683.83878
G1 X67.068 Y198.494 E2683.86332
G1 X67.266 Y199.034 E2683.88245
G1 X67.352 Y199.67 E2683.90379
G1 X67.327 Y200.332 E2683.92583
G1 X67.254 Y201.001 E2683.94821
G1 X67.052 Y201.537 E2683.96726
G1 X66.717 Y202.166 E2683.99096
G1 X66.395 Y202.617 E2684.00939
G1 X65.946 Y203.026 E2684.0296
G1 X65.236 Y203.477 E2684.05757
G1 X64.707 Y203.736 E2684.07716
G1 X64.148 Y203.858 E2684.09619
G1 X63.228 Y203.929 E2684.12688
G1 X62.863 Y203.908 E2684.13904
G1 X62.316 Y203.767 E2684.15783
G1 X61.666 Y203.51 E2684.18108
G1 X61.097 Y203.179 E2684.20297
G1 X60.702 Y202.824 E2684.22064
G1 X60.218 Y202.267 E2684.24518
G1 X59.914 Y201.774 E2684.26444
G1 X59.99 Y203.173 E2684.31104
G1 X60.513 Y206.381 E2684.41915
G1 X61.304 Y209.225 E2684.51733
G1 X61.475 Y209.722 E2684.53481
G1 X62.571 Y212.466 E2684.63309
G1 X64.078 Y215.304 E2684.73996
G1 X65.889 Y217.964 E2684.84699
G1 X67.97 Y220.408 E2684.95376
G1 X69.694 Y222.041 E2685.03274
G1 X70.319 Y222.624 E2685.06117
G1 X72.285 Y224.114 E2685.14321
G1 X72.875 Y224.551 E2685.16763
G1 X74.699 Y225.649 E2685.23844
G1 X75.636 Y226.206 E2685.2747
G1 X78.558 Y227.549 E2685.38166
G1 X80.753 Y228.287 E2685.45868
G1 X81.617 Y228.568 E2685.4889
G1 X84.167 Y229.126 E2685.57572
G1 X84.746 Y229.244 E2685.59537
G1 X87.039 Y229.494 E2685.67209
G1 X87.945 Y229.581 E2685.70236
G1 X90.664 Y229.58 E2685.7928
G1 X91.474 Y229.532 E2685.81978
G1 X93.731 Y229.286 E2685.8953
G1 X94.353 Y229.205 E2685.91616
G1 X97.001 Y228.618 E2686.00637
G1 X97.583 Y228.467 E2686.02637
G1 X99.65 Y227.772 E2686.0989
G1 X100.494 Y227.472 E2686.12869
G1 X102.282 Y226.646 E2686.1942
G1 X102.793 Y226.405 E2686.21299
G1 X102.227 Y226.446 E2686.23187
G1 X101.795 Y226.411 E2686.24628
G1 X101.293 Y226.277 E2686.26356
G1 X100.766 Y226.073 E2686.28236
G1 X100.272 Y225.821 E2686.3008
G1 X99.706 Y225.343 E2686.32544
G1 X99.217 Y224.783 E2686.35017
G1 X98.886 Y224.243 E2686.37124
G1 X98.691 Y223.699 E2686.39046
G1 X98.563 Y223.063 E2686.41203
G1 X98.491 Y222.39 E2686.43455
G1 X98.597 Y221.704 E2686.45763
G1 X98.757 Y221.116 E2686.4779
G1 X98.981 Y220.601 E2686.49658
G1 X99.301 Y220.144 E2686.51514
G1 X99.793 Y219.604 E2686.53943
G1 X100.255 Y219.224 E2686.55933
G1 X100.771 Y218.959 E2686.57862
G1 X101.468 Y218.725 E2686.60308
G1 X101.723 Y218.643 E2686.61199
G1 X102.125 Y218.584 E2686.6255
G1 X102.748 Y218.606 E2686.64623
G1 X103.336 Y218.687 E2686.66598
G1 X103.949 Y218.874 E2686.68729
G1 X104.565 Y219.225 E2686.71087
G1 X105.011 Y219.545 E2686.72913
G1 X105.439 Y219.954 E2686.74882
G1 X105.763 Y220.429 E2686.76794
G1 X106.105 Y221.1 E2686.79299
G1 X106.296 Y221.702 E2686.814
G1 X106.351 Y222.268 E2686.83291
G1 X106.311 Y223.188 E2686.86354
G1 X106.223 Y223.623 E2686.8783
G1 X105.962 Y224.231 E2686.90031
G1 X105.648 Y224.756 E2686.92066
G1 X106.178 Y224.421 E2686.94151
G1 X108.036 Y223.014 E2687.01903
G1 X108.475 Y222.67 E2687.03758
G1 X109.264 Y221.955 E2687.07299
G1 X110.701 Y220.595 E2687.1388
G1 X111.058 Y220.238 E2687.15559
G1 X112.736 Y218.26 E2687.24186
G1 X113.121 Y217.774 E2687.26248
G1 X114.537 Y215.69 E2687.34628
G1 X114.906 Y215.105 E2687.36929
G1 X116.256 Y212.544 E2687.46558
G1 X116.504 Y211.966 E2687.4865
G1 X117.336 Y209.87 E2687.5615
G1 X117.646 Y208.968 E2687.59323
G1 X118.257 Y206.786 E2687.66859
G1 X118.591 Y205.192 E2687.72276
G1 X118.699 Y204.498 E2687.74612
G1 X118.882 Y204.079 E2687.76133
M204 S3000
M205 X10 Y10
G0 F6000 X91.249 Y207.948
G0 X89.435 Y208.154
G0 X87.621 Y207.948
G0 X85.897 Y207.346
G0 X84.351 Y206.375
G0 X83.06 Y205.083
G0 X82.186 Y203.692
G0 X80.556 Y199.962
M204 S1800
M205 X8 Y8
G1 F1200 X80.64 Y199.162 E2687.78808
G1 X80.777 Y198.015 E2687.8265
G1 X81.175 Y196.862 E2687.86707
G1 X81.458 Y196.098 E2687.89417
G1 X81.468 Y196.079 E2687.89488
G1 X82.065 Y195.125 E2687.93231
G1 X82.516 Y194.432 E2687.95981
G1 X83.792 Y193.148 E2688.02002
G1 X84.331 Y192.777 E2688.04178
G1 X85.457 Y192.067 E2688.08606
G1 X85.933 Y191.872 E2688.10317
G1 X87.323 Y191.382 E2688.15219
G1 X87.643 Y191.313 E2688.16308
G1 X89.295 Y191.127 E2688.21837
G1 X90.347 Y191.214 E2688.25348
G1 X91.276 Y191.318 E2688.28457
G1 X92.041 Y191.556 E2688.31122
G1 X93.09 Y191.922 E2688.34817
G1 X93.493 Y192.122 E2688.36313
G1 X94.074 Y192.482 E2688.38587
G1 X95.032 Y193.11 E2688.42397
G1 X95.715 Y193.788 E2688.45597
G1 X96.447 Y194.56 E2688.49136
G1 X96.916 Y195.299 E2688.52047
G1 X97.46 Y196.199 E2688.55545
G1 X97.899 Y197.44 E2688.59923
G1 X98.104 Y198.072 E2688.62133
G1 X98.231 Y199.166 E2688.65796
G1 X98.314 Y200.062 E2688.68789
G1 X98.214 Y200.993 E2688.71903
G1 X98.085 Y202.008 E2688.75306
G1 X97.799 Y202.84 E2688.78232
G1 X97.491 Y203.721 E2688.81336
G1 X97.407 Y203.914 E2688.82037
G1 X96.677 Y205.079 E2688.86609
G1 X96.329 Y205.596 E2688.88682
G1 X95.082 Y206.847 E2688.94557
G1 X94.233 Y207.418 E2688.9796
G1 X93.763 Y207.713 E2688.99806
G1 X93.204 Y208.038 E2689.01956
G1 X92.129 Y208.414 E2689.05744
G1 X91.349 Y208.671 E2689.08476
G1 X90.424 Y208.776 E2689.11572
G1 X89.334 Y208.877 E2689.15213
G1 X87.599 Y208.682 E2689.2102
G1 X87.37 Y208.632 E2689.21799
G1 X85.745 Y208.066 E2689.27523
G1 X85.418 Y207.908 E2689.2873
G1 X84.143 Y207.108 E2689.33737
G1 X83.824 Y206.882 E2689.35037
G1 X82.824 Y205.882 E2689.39741
G1 X82.459 Y205.497 E2689.41505
G1 X82.048 Y204.848 E2689.4406
G1 X81.497 Y203.974 E2689.47497
G1 X81.224 Y203.272 E2689.50002
G1 X80.977 Y202.574 E2689.52465
G1 X80.764 Y201.914 E2689.54771
G1 X80.66 Y201.011 E2689.57794
G1 X80.556 Y199.962 E2689.61301
M204 S3000
M205 X10 Y10
G0 F6000 X65.64 Y217.244
M204 S1800
M205 X8 Y8
G1 F1200 X72.154 Y223.758 E2689.9194
G1 X72.224 Y223.828
M204 S3000
M205 X10 Y10
G0 F6000 X73.886 Y224.924
M204 S1800
M205 X8 Y8
G1 F1200 X64.436 Y215.474 E2690.3639
G1 X64.366 Y215.404
M204 S3000
M205 X10 Y10
G0 F6000 X63.708 Y214.18
M204 S1800
M205 X8 Y8
G1 F1200 X75.297 Y225.77 E2690.90904
G1 X75.367 Y225.84
M204 S3000
M205 X10 Y10
G0 F6000 X76.455 Y226.362
M204 S1800
M205 X8 Y8
G1 F1200 X63.068 Y212.974 E2691.53874
G1 X62.998 Y212.904
M204 S3000
M205 X10 Y10
G0 F6000 X62.561 Y211.902
M204 S1800
M205 X8 Y8
G1 F1200 X77.501 Y226.842 E2692.24148
G1 X77.571 Y226.912
M204 S3000
M205 X10 Y10
G0 F6000 X78.548 Y227.323
M204 S1800
M205 X8 Y8
G1 F1200 X62.185 Y210.961 E2693.01112
G1 X62.115 Y210.891
M204 S3000
M205 X10 Y10
G0 F6000 X61.809 Y210.019
M204 S1800
M205 X8 Y8
G1 F1200 X79.415 Y227.625 E2693.83925
G1 X79.485 Y227.695
M204 S3000
M205 X10 Y10
G0 F6000 X80.267 Y227.911
M204 S1800
M205 X8 Y8
G1 F1200 X61.485 Y209.129 E2694.7227
G1 X61.415 Y209.059
M204 S3000
M205 X10 Y10
G0 F6000 X61.267 Y208.345
M204 S1800
M205 X8 Y8
G1 F1200 X81.114 Y228.192 E2695.65624
G1 X81.184 Y228.262
M204 S3000
M205 X10 Y10
G0 F6000 X81.915 Y228.428
M204 S1800
M205 X8 Y8
G1 F1200 X61.049 Y207.562 E2696.63771
G1 X60.979 Y207.492
M204 S3000
M205 X10 Y10
G0 F6000 X60.83 Y206.777
M204 S1800
M205 X8 Y8
G1 F1200 X82.639 Y228.586 E2697.66354
M204 S3000
M205 X10 Y10
G0 F6000 X83.363 Y228.744
M204 S1800
M205 X8 Y8
G1 F1200 X60.66 Y206.041 E2698.73142
M204 S3000
M205 X10 Y10
G0 F6000 X60.55 Y205.366
M204 S1800
M205 X8 Y8
G1 F1200 X84.082 Y228.898 E2699.83829
M204 S3000
M205 X10 Y10
G0 F6000 X84.797 Y229.047
M204 S1800
M205 X8 Y8
G1 F1200 X60.441 Y204.691 E2700.98393
M204 S3000
M205 X10 Y10
G0 F6000 X60.331 Y204.015
M204 S1800
M205 X8 Y8
G1 F1200 X85.431 Y229.116 E2702.16458
M204 S3000
M205 X10 Y10
G0 F6000 X86.066 Y229.185
M204 S1800
M205 X8 Y8
G1 F1200 X60.222 Y203.34 E2703.38022
M204 S3000
M205 X10 Y10
G0 F6000 X60.166 Y202.719
M204 S1800
M205 X8 Y8
G1 F1200 X86.701 Y229.253 E2704.62832
M204 S3000
M205 X10 Y10
G0 F6000 X87.331 Y229.318
M204 S1800
M205 X8 Y8
G1 F1200 X61.783 Y203.77 E2705.83002
G1 X61.713 Y203.7
M204 S3000
M205 X10 Y10
G0 F6000 X62.633 Y204.054
M204 S1800
M205 X8 Y8
G1 F1200 X87.958 Y229.379 E2707.02123
M204 S3000
M205 X10 Y10
G0 F6000 X88.524 Y229.379
M204 S1800
M205 X8 Y8
G1 F1200 X63.269 Y204.125 E2708.20913
M204 S3000
M205 X10 Y10
G0 F6000 X63.794 Y204.084
M204 S1800
M205 X8 Y8
G1 F1200 X89.089 Y229.379 E2709.39893
M204 S3000
M205 X10 Y10
G0 F6000 X89.655 Y229.379
M204 S1800
M205 X8 Y8
G1 F1200 X64.304 Y204.029 E2710.59134
M204 S3000
M205 X10 Y10
G0 F6000 X64.763 Y203.921
M204 S1800
M205 X8 Y8
G1 F1200 X90.221 Y229.379 E2711.7888
M204 S3000
M205 X10 Y10
G0 F6000 X90.782 Y229.375
M204 S1800
M205 X8 Y8
G1 F1200 X65.162 Y203.754 E2712.99391
M204 S3000
M205 X10 Y10
G0 F6000 X65.51 Y203.537
M204 S1800
M205 X8 Y8
G1 F1200 X91.318 Y229.345 E2714.20784
M204 S3000
M205 X10 Y10
G0 F6000 X91.828 Y229.289
M204 S1800
M205 X8 Y8
G1 F1200 X65.856 Y203.317 E2715.42949
M204 S3000
M205 X10 Y10
G0 F6000 X66.184 Y203.08
M204 S1800
M205 X8 Y8
G1 F1200 X92.338 Y229.234 E2716.65969
M204 S3000
M205 X10 Y10
G0 F6000 X92.849 Y229.179
M204 S1800
M205 X8 Y8
G1 F1200 X66.48 Y202.81 E2717.90001
M204 S3000
M205 X10 Y10
G0 F6000 X66.726 Y202.491
M204 S1800
M205 X8 Y8
G1 F1200 X93.359 Y229.123 E2719.15272
M204 S3000
M205 X10 Y10
G0 F6000 X93.866 Y229.065
M204 S1800
M205 X8 Y8
G1 F1200 X66.95 Y202.149 E2720.41876
M204 S3000
M205 X10 Y10
G0 F6000 X67.147 Y201.78
M204 S1800
M205 X8 Y8
G1 F1200 X94.364 Y228.997 E2721.69897
M204 S3000
M205 X10 Y10
G0 F6000 X94.827 Y228.894
M204 S1800
M205 X8 Y8
G1 F1200 X67.321 Y201.388 E2722.99277
M204 S3000
M205 X10 Y10
G0 F6000 X67.456 Y200.958
M204 S1800
M205 X8 Y8
G1 F1200 X95.29 Y228.792 E2724.30199
M204 S3000
M205 X10 Y10
G0 F6000 X95.753 Y228.689
M204 S1800
M205 X8 Y8
G1 F1200 X67.514 Y200.45 E2725.63027
M204 S3000
M205 X10 Y10
G0 F6000 X67.543 Y199.913
M204 S1800
M205 X8 Y8
G1 F1200 X96.216 Y228.587 E2726.97898
M204 S3000
M205 X10 Y10
G0 F6000 X96.679 Y228.484
M204 S1800
M205 X8 Y8
G1 F1200 X67.504 Y199.309 E2728.35128
G1 X67.434 Y199.239
M204 S3000
M205 X10 Y10
G0 F6000 X67.293 Y198.532
M204 S1800
M205 X8 Y8
G1 F1200 X97.138 Y228.377 E2729.7551
M204 S3000
M205 X10 Y10
G0 F6000 X97.581 Y228.254
M204 S1800
M205 X8 Y8
G1 F1200 X61.203 Y191.876 E2731.46621
M204 S3000
M205 X10 Y10
G0 F6000 X61.326 Y191.434
M204 S1800
M205 X8 Y8
G1 F1200 X98.004 Y228.112 E2733.19143
M204 S3000
M205 X10 Y10
G0 F6000 X98.428 Y227.97
M204 S1800
M205 X8 Y8
G1 F1200 X61.449 Y190.991 E2734.93081
M204 S3000
M205 X10 Y10
G0 F6000 X61.577 Y190.553
M204 S1800
M205 X8 Y8
G1 F1200 X98.852 Y227.828 E2736.68411
M204 S3000
M205 X10 Y10
G0 F6000 X99.275 Y227.686
M204 S1800
M205 X8 Y8
G1 F1200 X61.739 Y190.15 E2738.44969
M204 S3000
M205 X10 Y10
G0 F6000 X61.9 Y189.745
M204 S1800
M205 X8 Y8
G1 F1200 X99.697 Y227.542 E2740.22754
M204 S3000
M205 X10 Y10
G0 F6000 X100.114 Y227.393
M204 S1800
M205 X8 Y8
G1 F1200 X62.062 Y189.341 E2742.01739
M204 S3000
M205 X10 Y10
G0 F6000 X62.223 Y188.937
M204 S1800
M205 X8 Y8
G1 F1200 X100.521 Y227.235 E2743.81881
M204 S3000
M205 X10 Y10
G0 F6000 X100.909 Y227.056
M204 S1800
M205 X8 Y8
G1 F1200 X62.385 Y188.533 E2745.63084
M204 S3000
M205 X10 Y10
G0 F6000 X62.547 Y188.129
M204 S1800
M205 X8 Y8
G1 F1200 X98.676 Y224.258 E2747.33024
G1 X98.746 Y224.328
M204 S3000
M205 X10 Y10
G0 F6000 X98.439 Y223.456
M204 S1800
M205 X8 Y8
G1 F1200 X62.709 Y187.725 E2749.01089
M204 S3000
M205 X10 Y10
G0 F6000 X62.895 Y187.346
M204 S1800
M205 X8 Y8
G1 F1200 X98.316 Y222.767 E2750.67699
M204 S3000
M205 X10 Y10
G0 F6000 X98.315 Y222.2
M204 S1800
M205 X8 Y8
G1 F1200 X63.092 Y186.977 E2752.33377
M204 S3000
M205 X10 Y10
G0 F6000 X63.288 Y186.607
M204 S1800
M205 X8 Y8
G1 F1200 X82.312 Y205.632 E2753.22862
G1 X82.382 Y205.702
M204 S3000
M205 X10 Y10
G0 F6000 X81.367 Y204.121
M204 S1800
M205 X8 Y8
G1 F1200 X63.484 Y186.237 E2754.06981
M204 S3000
M205 X10 Y10
G0 F6000 X63.68 Y185.868
M204 S1800
M205 X8 Y8
G1 F1200 X80.974 Y203.162 E2754.88327
G1 X81.044 Y203.232
M204 S3000
M205 X10 Y10
G0 F6000 X80.68 Y202.302
M204 S1800
M205 X8 Y8
G1 F1200 X63.876 Y185.498 E2755.67367
M204 S3000
M205 X10 Y10
G0 F6000 X64.073 Y185.129
M204 S1800
M205 X8 Y8
G1 F1200 X80.525 Y201.582 E2756.44755
M204 S3000
M205 X10 Y10
G0 F6000 X80.456 Y200.947
M204 S1800
M205 X8 Y8
G1 F1200 X64.272 Y184.763 E2757.2088
M204 S3000
M205 X10 Y10
G0 F6000 X64.501 Y184.426
M204 S1800
M205 X8 Y8
G1 F1200 X80.391 Y200.316 E2757.95621
M204 S3000
M205 X10 Y10
G0 F6000 X80.378 Y199.738
M204 S1800
M205 X8 Y8
G1 F1200 X64.729 Y184.089 E2758.69229
M204 S3000
M205 X10 Y10
G0 F6000 X64.959 Y183.753
M204 S1800
M205 X8 Y8
G1 F1200 X80.433 Y199.227 E2759.42014
M204 S3000
M205 X10 Y10
G0 F6000 X80.493 Y198.721
M204 S1800
M205 X8 Y8
G1 F1200 X65.188 Y183.416 E2760.14004
M204 S3000
M205 X10 Y10
G0 F6000 X65.417 Y183.079
M204 S1800
M205 X8 Y8
G1 F1200 X80.552 Y198.215 E2760.85197
M204 S3000
M205 X10 Y10
G0 F6000 X80.657 Y197.754
M204 S1800
M205 X8 Y8
G1 F1200 X65.646 Y182.743 E2761.55804
M204 S3000
M205 X10 Y10
G0 F6000 X65.875 Y182.406
M204 S1800
M205 X8 Y8
G1 F1200 X80.802 Y197.333 E2762.26016
M204 S3000
M205 X10 Y10
G0 F6000 X80.946 Y196.912
M204 S1800
M205 X8 Y8
G1 F1200 X66.112 Y182.077 E2762.95793
M204 S3000
M205 X10 Y10
G0 F6000 X66.371 Y181.771
M204 S1800
M205 X8 Y8
G1 F1200 X81.098 Y196.497 E2763.65062
M204 S3000
M205 X10 Y10
G0 F6000 X81.25 Y196.084
M204 S1800
M205 X8 Y8
G1 F1200 X66.632 Y181.466 E2764.33821
M204 S3000
M205 X10 Y10
G0 F6000 X66.891 Y181.16
M204 S1800
M205 X8 Y8
G1 F1200 X81.455 Y195.724 E2765.02325
M204 S3000
M205 X10 Y10
G0 F6000 X81.672 Y195.375
M204 S1800
M205 X8 Y8
G1 F1200 X67.151 Y180.854 E2765.70628
M204 S3000
M205 X10 Y10
G0 F6000 X67.411 Y180.548
M204 S1800
M205 X8 Y8
G1 F1200 X81.889 Y195.026 E2766.38728
M204 S3000
M205 X10 Y10
G0 F6000 X82.112 Y194.683
M204 S1800
M205 X8 Y8
G1 F1200 X67.671 Y180.242 E2767.06654
M204 S3000
M205 X10 Y10
G0 F6000 X67.938 Y179.943
M204 S1800
M205 X8 Y8
G1 F1200 X82.335 Y194.341 E2767.74375
M204 S3000
M205 X10 Y10
G0 F6000 X82.614 Y194.054
M204 S1800
M205 X8 Y8
G1 F1200 X68.216 Y179.656 E2768.42099
M204 S3000
M205 X10 Y10
G0 F6000 X68.497 Y179.371
M204 S1800
M205 X8 Y8
G1 F1200 X82.895 Y193.769 E2769.09823
M204 S3000
M205 X10 Y10
G0 F6000 X83.176 Y193.485
M204 S1800
M205 X8 Y8
G1 F1200 X68.788 Y179.096 E2769.77502
M204 S3000
M205 X10 Y10
G0 F6000 X69.078 Y178.821
M204 S1800
M205 X8 Y8
G1 F1200 X83.458 Y193.201 E2770.45141
M204 S3000
M205 X10 Y10
G0 F6000 X83.745 Y192.922
M204 S1800
M205 X8 Y8
G1 F1200 X69.368 Y178.545 E2771.12766
M204 S3000
M205 X10 Y10
G0 F6000 X69.659 Y178.27
M204 S1800
M205 X8 Y8
G1 F1200 X84.086 Y192.697 E2771.80626
M204 S3000
M205 X10 Y10
G0 F6000 X84.432 Y192.478
M204 S1800
M205 X8 Y8
G1 F1200 X69.949 Y177.995 E2772.4875
M204 S3000
M205 X10 Y10
G0 F6000 X70.247 Y177.727
M204 S1800
M205 X8 Y8
G1 F1200 X84.778 Y192.258 E2773.17099
M204 S3000
M205 X10 Y10
G0 F6000 X85.124 Y192.038
M204 S1800
M205 X8 Y8
G1 F1200 X70.555 Y177.469 E2773.85627
M204 S3000
M205 X10 Y10
G0 F6000 X70.866 Y177.215
M204 S1800
M205 X8 Y8
G1 F1200 X85.477 Y191.826 E2774.54353
M204 S3000
M205 X10 Y10
G0 F6000 X85.892 Y191.676
M204 S1800
M205 X8 Y8
G1 F1200 X71.188 Y176.971 E2775.23518
M204 S3000
M205 X10 Y10
G0 F6000 X71.509 Y176.727
M204 S1800
M205 X8 Y8
G1 F1200 X86.31 Y191.527 E2775.93135
M204 S3000
M205 X10 Y10
G0 F6000 X86.727 Y191.379
M204 S1800
M205 X8 Y8
G1 F1200 X71.831 Y176.483 E2776.63202
M204 S3000
M205 X10 Y10
G0 F6000 X72.152 Y176.238
M204 S1800
M205 X8 Y8
G1 F1200 X87.144 Y191.23 E2777.33719
M204 S3000
M205 X10 Y10
G0 F6000 X87.599 Y191.119
M204 S1800
M205 X8 Y8
G1 F1200 X72.474 Y175.994 E2778.04863
M204 S3000
M205 X10 Y10
G0 F6000 X72.803 Y175.757
M204 S1800
M205 X8 Y8
G1 F1200 X88.106 Y191.06 E2778.76843
M204 S3000
M205 X10 Y10
G0 F6000 X88.613 Y191.002
M204 S1800
M205 X8 Y8
G1 F1200 X73.142 Y175.531 E2779.49614
M204 S3000
M205 X10 Y10
G0 F6000 X73.487 Y175.31
M204 S1800
M205 X8 Y8
G1 F1200 X89.12 Y190.943 E2780.23147
M204 S3000
M205 X10 Y10
G0 F6000 X89.681 Y190.939
M204 S1800
M205 X8 Y8
G1 F1200 X73.841 Y175.098 E2780.97656
M204 S3000
M205 X10 Y10
G0 F6000 X74.194 Y174.886
M204 S1800
M205 X8 Y8
G1 F1200 X90.315 Y191.007 E2781.73484
M204 S3000
M205 X10 Y10
G0 F6000 X90.963 Y191.089
M204 S1800
M205 X8 Y8
G1 F1200 X74.548 Y174.674 E2782.50695
M204 S3000
M205 X10 Y10
G0 F6000 X74.9 Y174.461
M204 S1800
M205 X8 Y8
G1 F1200 X91.648 Y191.209 E2783.29473
G1 X91.718 Y191.279
M204 S3000
M205 X10 Y10
G0 F6000 X92.518 Y191.513
M204 S1800
M205 X8 Y8
G1 F1200 X75.254 Y174.249 E2784.10677
M204 S3000
M205 X10 Y10
G0 F6000 X75.62 Y174.05
M204 S1800
M205 X8 Y8
G1 F1200 X93.403 Y191.832 E2784.94321
G1 X93.473 Y191.902
M204 S3000
M205 X10 Y10
G0 F6000 X94.96 Y192.823
M204 S1800
M205 X8 Y8
G1 F1200 X75.993 Y173.857 E2785.83533
M204 S3000
M205 X10 Y10
G0 F6000 X76.376 Y173.673
M204 S1800
M205 X8 Y8
G1 F1200 X115.759 Y213.057 E2787.68781
M204 S3000
M205 X10 Y10
G0 F6000 X115.563 Y213.427
M204 S1800
M205 X8 Y8
G1 F1200 X96.656 Y194.52 E2788.57714
G1 X96.586 Y194.45
M204 S3000
M205 X10 Y10
G0 F6000 X97.577 Y196.006
M204 S1800
M205 X8 Y8
G1 F1200 X115.368 Y213.797 E2789.41397
M204 S3000
M205 X10 Y10
G0 F6000 X115.173 Y214.168
M204 S1800
M205 X8 Y8
G1 F1200 X97.927 Y196.922 E2790.22517
G1 X97.857 Y196.852
M204 S3000
M205 X10 Y10
G0 F6000 X98.219 Y197.78
M204 S1800
M205 X8 Y8
G1 F1200 X114.978 Y214.539 E2791.01346
M204 S3000
M205 X10 Y10
G0 F6000 X114.783 Y214.909
M204 S1800
M205 X8 Y8
G1 F1200 X98.35 Y198.476 E2791.78642
M204 S3000
M205 X10 Y10
G0 F6000 X98.426 Y199.118
M204 S1800
M205 X8 Y8
G1 F1200 X114.568 Y215.26 E2792.54569
M204 S3000
M205 X10 Y10
G0 F6000 X114.348 Y215.606
M204 S1800
M205 X8 Y8
G1 F1200 X98.485 Y199.743 E2793.29184
M204 S3000
M205 X10 Y10
G0 F6000 X98.485 Y200.309
M204 S1800
M205 X8 Y8
G1 F1200 X114.122 Y215.945 E2794.02733
M204 S3000
M205 X10 Y10
G0 F6000 X113.892 Y216.282
M204 S1800
M205 X8 Y8
G1 F1200 X98.432 Y200.821 E2794.75455
M204 S3000
M205 X10 Y10
G0 F6000 X98.371 Y201.326
M204 S1800
M205 X8 Y8
G1 F1200 X113.664 Y216.619 E2795.47388
M204 S3000
M205 X10 Y10
G0 F6000 X113.435 Y216.955
M204 S1800
M205 X8 Y8
G1 F1200 X98.307 Y201.828 E2796.18543
M204 S3000
M205 X10 Y10
G0 F6000 X98.2 Y202.286
M204 S1800
M205 X8 Y8
G1 F1200 X113.206 Y217.292 E2796.89127
M204 S3000
M205 X10 Y10
G0 F6000 X112.977 Y217.629
M204 S1800
M205 X8 Y8
G1 F1200 X98.055 Y202.707 E2797.59315
M204 S3000
M205 X10 Y10
G0 F6000 X97.908 Y203.125
M204 S1800
M205 X8 Y8
G1 F1200 X112.727 Y217.945 E2798.29022
M204 S3000
M205 X10 Y10
G0 F6000 X112.474 Y218.257
M204 S1800
M205 X8 Y8
G1 F1200 X97.758 Y203.541 E2798.98241
M204 S3000
M205 X10 Y10
G0 F6000 X97.607 Y203.956
M204 S1800
M205 X8 Y8
G1 F1200 X112.215 Y218.563 E2799.66951
M204 S3000
M205 X10 Y10
G0 F6000 X111.955 Y218.87
M204 S1800
M205 X8 Y8
G1 F1200 X97.391 Y204.306 E2800.35455
M204 S3000
M205 X10 Y10
G0 F6000 X97.175 Y204.655
M204 S1800
M205 X8 Y8
G1 F1200 X111.696 Y219.176 E2801.03758
M204 S3000
M205 X10 Y10
G0 F6000 X111.436 Y219.482
M204 S1800
M205 X8 Y8
G1 F1200 X96.959 Y205.005 E2801.71853
M204 S3000
M205 X10 Y10
G0 F6000 X96.735 Y205.346
M204 S1800
M205 X8 Y8
G1 F1200 X111.176 Y219.788 E2802.39781
M204 S3000
M205 X10 Y10
G0 F6000 X110.917 Y220.094
M204 S1800
M205 X8 Y8
G1 F1200 X96.507 Y205.684 E2803.07562
M204 S3000
M205 X10 Y10
G0 F6000 X96.231 Y205.974
M204 S1800
M205 X8 Y8
G1 F1200 X110.633 Y220.376 E2803.75304
M204 S3000
M205 X10 Y10
G0 F6000 X110.346 Y220.655
M204 S1800
M205 X8 Y8
G1 F1200 X95.949 Y206.258 E2804.43023
M204 S3000
M205 X10 Y10
G0 F6000 X95.667 Y206.541
M204 S1800
M205 X8 Y8
G1 F1200 X110.056 Y220.93 E2805.10705
M204 S3000
M205 X10 Y10
G0 F6000 X109.764 Y221.204
M204 S1800
M205 X8 Y8
G1 F1200 X95.379 Y206.819 E2805.78367
M204 S3000
M205 X10 Y10
G0 F6000 X95.089 Y207.095
M204 S1800
M205 X8 Y8
G1 F1200 X109.474 Y221.479 E2806.46028
M204 S3000
M205 X10 Y10
G0 F6000 X109.183 Y221.755
M204 S1800
M205 X8 Y8
G1 F1200 X94.752 Y207.323 E2807.13909
M204 S3000
M205 X10 Y10
G0 F6000 X94.405 Y207.542
M204 S1800
M205 X8 Y8
G1 F1200 X108.893 Y222.03 E2807.82056
M204 S3000
M205 X10 Y10
G0 F6000 X108.601 Y222.304
M204 S1800
M205 X8 Y8
G1 F1200 X94.059 Y207.762 E2808.50457
M204 S3000
M205 X10 Y10
G0 F6000 X93.707 Y207.976
M204 S1800
M205 X8 Y8
G1 F1200 X105.09 Y219.358 E2809.03997
G1 X105.16 Y219.428
M204 S3000
M205 X10 Y10
G0 F6000 X105.679 Y219.948
M204 S1800
M205 X8 Y8
G1 F1200 X108.289 Y222.558 E2809.16274
M204 S3000
M205 X10 Y10
G0 F6000 X107.973 Y222.807
M204 S1800
M205 X8 Y8
G1 F1200 X106.341 Y221.175 E2809.2395
M204 S3000
M205 X10 Y10
G0 F6000 X106.517 Y221.917
M204 S1800
M205 X8 Y8
G1 F1200 X107.652 Y223.052 E2809.29289
M204 S3000
M205 X10 Y10
G0 F6000 X107.331 Y223.296
M204 S1800
M205 X8 Y8
G1 F1200 X106.539 Y222.504 E2809.33014
M204 S3000
M205 X10 Y10
G0 F6000 X106.516 Y223.047
M204 S1800
M205 X8 Y8
G1 F1200 X107.009 Y223.54 E2809.35333
M204 S3000
M205 X10 Y10
G0 F6000 X106.687 Y223.784
M204 S1800
M205 X8 Y8
G1 F1200 X106.445 Y223.542 E2809.36471
M204 S3000
M205 X10 Y10
G0 F6000 X106.293 Y223.956
M204 S1800
M205 X8 Y8
G1 F1200 X106.365 Y224.028 E2809.3681
M204 S3000
M205 X10 Y10
G0 F6000 X101.684 Y226.7
M204 S1800
M205 X8 Y8
G1 F1200 X101.527 Y226.544 E2809.37546
M204 S3000
M205 X10 Y10
G0 F6000 X101.296 Y226.878
M204 S1800
M205 X8 Y8
G1 F1200 X100.66 Y226.242 E2809.40538
G1 X100.59 Y226.172
M204 S3000
M205 X10 Y10
G0 F6000 X98.393 Y221.713
M204 S1800
M205 X8 Y8
G1 F1200 X83.775 Y207.094 E2810.09298
G1 X83.705 Y207.024
M204 S3000
M205 X10 Y10
G0 F6000 X85.33 Y208.083
M204 S1800
M205 X8 Y8
G1 F1200 X98.509 Y221.263 E2810.71291
M204 S3000
M205 X10 Y10
G0 F6000 X98.659 Y220.847
M204 S1800
M205 X8 Y8
G1 F1200 X86.271 Y208.46 E2811.29558
G1 X86.201 Y208.39
M204 S3000
M205 X10 Y10
G0 F6000 X87.136 Y208.759
M204 S1800
M205 X8 Y8
G1 F1200 X98.835 Y220.458 E2811.84586
M204 S3000
M205 X10 Y10
G0 F6000 X99.069 Y220.125
M204 S1800
M205 X8 Y8
G1 F1200 X87.855 Y208.911 E2812.37334
M204 S3000
M205 X10 Y10
G0 F6000 X88.492 Y208.983
M204 S1800
M205 X8 Y8
G1 F1200 X99.327 Y219.818 E2812.88298
M204 S3000
M205 X10 Y10
G0 F6000 X99.598 Y219.524
M204 S1800
M205 X8 Y8
G1 F1200 X89.128 Y209.053 E2813.37548
M204 S3000
M205 X10 Y10
G0 F6000 X89.685 Y209.044
M204 S1800
M205 X8 Y8
G1 F1200 X99.897 Y219.257 E2813.85585
M204 S3000
M205 X10 Y10
G0 F6000 X100.221 Y219.015
M204 S1800
M205 X8 Y8
G1 F1200 X90.202 Y208.996 E2814.32711
M204 S3000
M205 X10 Y10
G0 F6000 X90.714 Y208.942
M204 S1800
M205 X8 Y8
G1 F1200 X100.595 Y218.823 E2814.79188
M204 S3000
M205 X10 Y10
G0 F6000 X101.006 Y218.669
M204 S1800
M205 X8 Y8
G1 F1200 X91.221 Y208.883 E2815.25216
M204 S3000
M205 X10 Y10
G0 F6000 X91.675 Y208.772
M204 S1800
M205 X8 Y8
G1 F1200 X101.429 Y218.526 E2815.71096
M204 S3000
M205 X10 Y10
G0 F6000 X101.886 Y218.417
M204 S1800
M205 X8 Y8
G1 F1200 X92.099 Y208.631 E2816.17129
M204 S3000
M205 X10 Y10
G0 F6000 X92.522 Y208.487
M204 S1800
M205 X8 Y8
G1 F1200 X102.427 Y218.393 E2816.63721
M204 S3000
M205 X10 Y10
G0 F6000 X103.045 Y218.445
M204 S1800
M205 X8 Y8
G1 F1200 X92.939 Y208.339 E2817.11257
M204 S3000
M205 X10 Y10
G0 F6000 X93.35 Y208.184
M204 S1800
M205 X8 Y8
G1 F1200 X103.778 Y218.612 E2817.60307
G1 X103.848 Y218.682
M204 S3000
M205 X10 Y10
G0 F6000 X115.949 Y212.682
M204 S1800
M205 X8 Y8
G1 F1200 X76.762 Y173.495 E2819.4463
M204 S3000
M205 X10 Y10
G0 F6000 X77.149 Y173.316
M204 S1800
M205 X8 Y8
G1 F1200 X116.131 Y212.298 E2821.2799
M204 S3000
M205 X10 Y10
G0 F6000 X116.307 Y211.908
M204 S1800
M205 X8 Y8
G1 F1200 X77.537 Y173.137 E2823.10354
M204 S3000
M205 X10 Y10
G0 F6000 X77.923 Y172.959
M204 S1800
M205 X8 Y8
G1 F1200 X116.468 Y211.504 E2824.91658
M204 S3000
M205 X10 Y10
G0 F6000 X116.63 Y211.099
M204 S1800
M205 X8 Y8
G1 F1200 X78.313 Y172.782 E2826.71889
M204 S3000
M205 X10 Y10
G0 F6000 X78.72 Y172.624
M204 S1800
M205 X8 Y8
G1 F1200 X116.791 Y210.695 E2828.50964
M204 S3000
M205 X10 Y10
G0 F6000 X116.952 Y210.29
M204 S1800
M205 X8 Y8
G1 F1200 X79.133 Y172.471 E2830.28853
M204 S3000
M205 X10 Y10
G0 F6000 X79.555 Y172.328
M204 S1800
M205 X8 Y8
G1 F1200 X117.113 Y209.886 E2832.05514
M204 S3000
M205 X10 Y10
G0 F6000 X117.262 Y209.469
M204 S1800
M205 X8 Y8
G1 F1200 X79.979 Y172.186 E2833.80882
M204 S3000
M205 X10 Y10
G0 F6000 X80.402 Y172.043
M204 S1800
M205 X8 Y8
G1 F1200 X117.407 Y209.048 E2835.54942
M204 S3000
M205 X10 Y10
G0 F6000 X117.537 Y208.612
M204 S1800
M205 X8 Y8
G1 F1200 X80.825 Y171.9 E2837.27624
M204 S3000
M205 X10 Y10
G0 F6000 X81.248 Y171.758
M204 S1800
M205 X8 Y8
G1 F1200 X117.661 Y208.171 E2838.989
M204 S3000
M205 X10 Y10
G0 F6000 X117.785 Y207.729
M204 S1800
M205 X8 Y8
G1 F1200 X81.692 Y171.636 E2840.6867
M204 S3000
M205 X10 Y10
G0 F6000 X82.144 Y171.522
M204 S1800
M205 X8 Y8
G1 F1200 X117.909 Y207.287 E2842.36898
M204 S3000
M205 X10 Y10
G0 F6000 X118.033 Y206.845
M204 S1800
M205 X8 Y8
G1 F1200 X82.608 Y171.421 E2844.03524
M204 S3000
M205 X10 Y10
G0 F6000 X83.072 Y171.319
M204 S1800
M205 X8 Y8
G1 F1200 X118.137 Y206.383 E2845.68456
M204 S3000
M205 X10 Y10
G0 F6000 X118.235 Y205.916
M204 S1800
M205 X8 Y8
G1 F1200 X83.536 Y171.218 E2847.31667
M204 S3000
M205 X10 Y10
G0 F6000 X84 Y171.116
M204 S1800
M205 X8 Y8
G1 F1200 X118.333 Y205.449 E2848.93159
M204 S3000
M205 X10 Y10
G0 F6000 X118.422 Y204.972
M204 S1800
M205 X8 Y8
G1 F1200 X84.468 Y171.018 E2850.52869
M204 S3000
M205 X10 Y10
G0 F6000 X84.96 Y170.944
M204 S1800
M205 X8 Y8
G1 F1200 X118.498 Y204.482 E2852.10621
M204 S3000
M205 X10 Y10
G0 F6000 X118.66 Y204.078
M204 S1800
M205 X8 Y8
G1 F1200 X85.462 Y170.88 E2853.66774
M204 S3000
M205 X10 Y10
G0 F6000 X85.972 Y170.825
M204 S1800
M205 X8 Y8
G1 F1200 X118.903 Y203.756 E2855.21672
M204 S3000
M205 X10 Y10
G0 F6000 X119.216 Y203.503
M204 S1800
M205 X8 Y8
G1 F1200 X86.483 Y170.77 E2856.75638
M204 S3000
M205 X10 Y10
G0 F6000 X86.993 Y170.715
M204 S1800
M205 X8 Y8
G1 F1200 X119.604 Y203.326 E2858.2903
M204 S3000
M205 X10 Y10
G0 F6000 X120.093 Y203.249
M204 S1800
M205 X8 Y8
G1 F1200 X87.504 Y170.66 E2859.82318
M204 S3000
M205 X10 Y10
G0 F6000 X88.042 Y170.632
M204 S1800
M205 X8 Y8
G1 F1200 X120.658 Y203.248 E2861.35734
M204 S3000
M205 X10 Y10
G0 F6000 X121.222 Y203.247
M204 S1800
M205 X8 Y8
G1 F1200 X88.595 Y170.619 E2862.89204
M204 S3000
M205 X10 Y10
G0 F6000 X89.161 Y170.62
M204 S1800
M205 X8 Y8
G1 F1200 X121.787 Y203.246 E2864.42666
M204 S3000
M205 X10 Y10
G0 F6000 X122.357 Y203.25
M204 S1800
M205 X8 Y8
G1 F1200 X89.729 Y170.622 E2865.96139
M204 S3000
M205 X10 Y10
G0 F6000 X90.295 Y170.622
M204 S1800
M205 X8 Y8
G1 F1200 X98.559 Y178.886 E2866.3501
M204 S3000
M205 X10 Y10
G0 F6000 X98.397 Y178.159
M204 S1800
M205 X8 Y8
G1 F1200 X90.865 Y170.626 E2866.7044
M204 S3000
M205 X10 Y10
G0 F6000 X91.477 Y170.673
M204 S1800
M205 X8 Y8
G1 F1200 X98.285 Y177.48 E2867.02461
M204 S3000
M205 X10 Y10
G0 F6000 X98.341 Y176.971
M204 S1800
M205 X8 Y8
G1 F1200 X92.107 Y170.738 E2867.31781
M204 S3000
M205 X10 Y10
G0 F6000 X92.743 Y170.808
M204 S1800
M205 X8 Y8
G1 F1200 X98.438 Y176.503 E2867.58569
M204 S3000
M205 X10 Y10
G0 F6000 X98.558 Y176.057
M204 S1800
M205 X8 Y8
G1 F1200 X93.379 Y170.878 E2867.82929
M204 S3000
M205 X10 Y10
G0 F6000 X94.021 Y170.955
M204 S1800
M205 X8 Y8
G1 F1200 X98.728 Y175.661 E2868.05067
M204 S3000
M205 X10 Y10
G0 F6000 X98.926 Y175.293
M204 S1800
M205 X8 Y8
G1 F1200 X94.71 Y171.078 E2868.24896
M204 S3000
M205 X10 Y10
G0 F6000 X95.438 Y171.24
M204 S1800
M205 X8 Y8
G1 F1200 X99.163 Y174.965 E2868.42417
M204 S3000
M205 X10 Y10
G0 F6000 X99.434 Y174.67
M204 S1800
M205 X8 Y8
G1 F1200 X96.167 Y171.403 E2868.57784
M204 S3000
M205 X10 Y10
G0 F6000 X96.895 Y171.566
M204 S1800
M205 X8 Y8
G1 F1200 X99.706 Y174.376 E2868.71004
M204 S3000
M205 X10 Y10
G0 F6000 X100.022 Y174.127
M204 S1800
M205 X8 Y8
G1 F1200 X97.669 Y171.774 E2868.82071
G1 X97.599 Y171.704
M204 S3000
M205 X10 Y10
G0 F6000 X98.519 Y172.058
M204 S1800
M205 X8 Y8
G1 F1200 X100.365 Y173.904 E2868.90754
M204 S3000
M205 X10 Y10
G0 F6000 X100.745 Y173.718
M204 S1800
M205 X8 Y8
G1 F1200 X99.371 Y172.345 E2868.97215
G1 X99.301 Y172.275
M204 S3000
M205 X10 Y10
G0 F6000 X100.241 Y172.649
M204 S1800
M205 X8 Y8
G1 F1200 X101.159 Y173.567 E2869.01533
M204 S3000
M205 X10 Y10
G0 F6000 X101.601 Y173.443
M204 S1800
M205 X8 Y8
G1 F1200 X101.256 Y173.099 E2869.03153
M204 S3000
M205 X10 Y10
G0 F6000 X106.459 Y176.038
M204 S1800
M205 X8 Y8
G1 F1200 X113.368 Y182.947 E2869.35651
G1 X113.438 Y183.017
M204 S3000
M205 X10 Y10
G0 F6000 X114.535 Y184.68
M204 S1800
M205 X8 Y8
G1 F1200 X106.488 Y176.633 E2869.73502
M204 S3000
M205 X10 Y10
G0 F6000 X106.55 Y177.261
M204 S1800
M205 X8 Y8
G1 F1200 X115.238 Y185.949 E2870.14367
G1 X115.308 Y186.019
M204 S3000
M205 X10 Y10
G0 F6000 X115.875 Y187.152
M204 S1800
M205 X8 Y8
G1 F1200 X106.514 Y177.79 E2870.58401
M204 S3000
M205 X10 Y10
G0 F6000 X106.476 Y178.318
M204 S1800
M205 X8 Y8
G1 F1200 X116.349 Y188.191 E2871.04841
G1 X116.419 Y188.261
M204 S3000
M205 X10 Y10
G0 F6000 X116.717 Y189.124
M204 S1800
M205 X8 Y8
G1 F1200 X106.355 Y178.763 E2871.53578
M204 S3000
M205 X10 Y10
G0 F6000 X106.198 Y179.171
M204 S1800
M205 X8 Y8
G1 F1200 X117.084 Y190.057 E2872.04782
G1 X117.154 Y190.127
M204 S3000
M205 X10 Y10
G0 F6000 X117.415 Y190.954
M204 S1800
M205 X8 Y8
G1 F1200 X105.991 Y179.53 E2872.58517
M204 S3000
M205 X10 Y10
G0 F6000 X105.786 Y179.89
M204 S1800
M205 X8 Y8
G1 F1200 X117.631 Y191.736 E2873.14235
G1 X117.701 Y191.806
M204 S3000
M205 X10 Y10
G0 F6000 X117.847 Y192.518
M204 S1800
M205 X8 Y8
G1 F1200 X105.535 Y180.206 E2873.72147
M204 S3000
M205 X10 Y10
G0 F6000 X105.259 Y180.495
M204 S1800
M205 X8 Y8
G1 F1200 X118.064 Y193.3 E2874.32378
M204 S3000
M205 X10 Y10
G0 F6000 X118.225 Y194.027
M204 S1800
M205 X8 Y8
G1 F1200 X104.946 Y180.748 E2874.94838
M204 S3000
M205 X10 Y10
G0 F6000 X104.6 Y180.967
M204 S1800
M205 X8 Y8
G1 F1200 X118.361 Y194.728 E2875.59566
M204 S3000
M205 X10 Y10
G0 F6000 X118.497 Y195.43
M204 S1800
M205 X8 Y8
G1 F1200 X104.252 Y181.186 E2876.26567
M204 S3000
M205 X10 Y10
G0 F6000 X103.869 Y181.367
M204 S1800
M205 X8 Y8
G1 F1200 X125.779 Y203.278 E2877.29628
M204 S3000
M205 X10 Y10
G0 F6000 X125.209 Y203.274
M204 S1800
M205 X8 Y8
G1 F1200 X103.422 Y181.486 E2878.32109
M204 S3000
M205 X10 Y10
G0 F6000 X102.921 Y181.551
M204 S1800
M205 X8 Y8
G1 F1200 X124.638 Y203.269 E2879.34262
M204 S3000
M205 X10 Y10
G0 F6000 X124.068 Y203.264
M204 S1800
M205 X8 Y8
G1 F1200 X102.385 Y181.581 E2880.36252
M204 S3000
M205 X10 Y10
G0 F6000 X101.817 Y181.579
M204 S1800
M205 X8 Y8
G1 F1200 X123.497 Y203.259 E2881.38228
M204 S3000
M205 X10 Y10
G0 F6000 X122.927 Y203.255
M204 S1800
M205 X8 Y8
G1 F1200 X101.02 Y181.347 E2882.41274
G1 X100.95 Y181.277
M204 S3000
M205 X10 Y10
G0 F6000 X110.135 Y179.149
M204 S1800
M205 X8 Y8
G1 F1200 X111.018 Y180.032 E2882.45428
G1 X111.088 Y180.102
M204 S3000
M205 X10 Y10
G0 F6000 X119.762 Y196.695
M204 S1800
M205 X8 Y8
G1 F1200 X126.35 Y203.283 E2882.76415
M204 S3000
M205 X10 Y10
G0 F6000 X126.92 Y203.288
M204 S1800
M205 X8 Y8
G1 F1200 X120.366 Y196.734 E2883.07243
M204 S3000
M205 X10 Y10
G0 F6000 X120.93 Y196.731
M204 S1800
M205 X8 Y8
G1 F1200 X127.49 Y203.292 E2883.38102
M204 S3000
M205 X10 Y10
G0 F6000 X128.061 Y203.297
M204 S1800
M205 X8 Y8
G1 F1200 X121.492 Y196.729 E2883.68998
M204 S3000
M205 X10 Y10
G0 F6000 X122.055 Y196.726
M204 S1800
M205 X8 Y8
G1 F1200 X128.631 Y203.302 E2883.9993
M204 S3000
M205 X10 Y10
G0 F6000 X129.202 Y203.307
M204 S1800
M205 X8 Y8
G1 F1200 X122.619 Y196.724 E2884.30894
M204 S3000
M205 X10 Y10
G0 F6000 X123.182 Y196.721
M204 S1800
M205 X8 Y8
G1 F1200 X128.183 Y201.722 E2884.54417
G1 X128.253 Y201.792
M204 S3000
M205 X10 Y10
G0 F6000 X127.915 Y200.889
M204 S1800
M205 X8 Y8
G1 F1200 X123.745 Y196.718 E2884.74034
M204 S3000
M205 X10 Y10
G0 F6000 X124.307 Y196.715
M204 S1800
M205 X8 Y8
G1 F1200 X127.813 Y200.22 E2884.90523
M204 S3000
M205 X10 Y10
G0 F6000 X127.82 Y199.662
M204 S1800
M205 X8 Y8
G1 F1200 X124.871 Y196.713 E2885.04394
M204 S3000
M205 X10 Y10
G0 F6000 X125.434 Y196.71
M204 S1800
M205 X8 Y8
G1 F1200 X127.902 Y199.179 E2885.16005
M204 S3000
M205 X10 Y10
G0 F6000 X128.031 Y198.742
M204 S1800
M205 X8 Y8
G1 F1200 X125.997 Y196.707 E2885.25575
M204 S3000
M205 X10 Y10
G0 F6000 X126.56 Y196.705
M204 S1800
M205 X8 Y8
G1 F1200 X128.16 Y198.305 E2885.33101
M204 S3000
M205 X10 Y10
G0 F6000 X128.359 Y197.938
M204 S1800
M205 X8 Y8
G1 F1200 X127.123 Y196.702 E2885.38914
M204 S3000
M205 X10 Y10
G0 F6000 X127.686 Y196.7
M204 S1800
M205 X8 Y8
G1 F1200 X128.578 Y197.591 E2885.43108
M204 S3000
M205 X10 Y10
G0 F6000 X128.85 Y197.298
M204 S1800
M205 X8 Y8
G1 F1200 X128.249 Y196.697 E2885.45935
M204 S3000
M205 X10 Y10
G0 F6000 X128.812 Y196.695
M204 S1800
M205 X8 Y8
G1 F1200 X129.121 Y197.004 E2885.47388
M204 S3000
M205 X10 Y10
G0 F6000 X92.972 Y192.654
G0 X91.249 Y192.052
G0 X89.435 Y191.846
G0 X87.967 Y192.012
G0 X64.871 Y196.11
M204 S1800
M205 X8 Y8
G1 F1200 X61.081 Y192.32 E2885.65215
M204 S3000
M205 X10 Y10
G0 F6000 X60.958 Y192.762
M204 S1800
M205 X8 Y8
G1 F1200 X64.133 Y195.937 E2885.80149
M204 S3000
M205 X10 Y10
G0 F6000 X63.507 Y195.877
M204 S1800
M205 X8 Y8
G1 F1200 X60.835 Y193.205 E2885.92718
M204 S3000
M205 X10 Y10
G0 F6000 X60.712 Y193.648
M204 S1800
M205 X8 Y8
G1 F1200 X62.948 Y195.884 E2886.03235
M204 S3000
M205 X10 Y10
G0 F6000 X62.484 Y195.986
M204 S1800
M205 X8 Y8
G1 F1200 X60.631 Y194.133 E2886.11951
M204 S3000
M205 X10 Y10
G0 F6000 X60.551 Y194.619
M204 S1800
M205 X8 Y8
G1 F1200 X62.052 Y196.12 E2886.19011
M204 S3000
M205 X10 Y10
G0 F6000 X61.645 Y196.278
M204 S1800
M205 X8 Y8
G1 F1200 X60.472 Y195.105 E2886.24529
M204 S3000
M205 X10 Y10
G0 F6000 X60.392 Y195.591
M204 S1800
M205 X8 Y8
G1 F1200 X61.268 Y196.467 E2886.28649
M204 S3000
M205 X10 Y10
G0 F6000 X60.946 Y196.71
M204 S1800
M205 X8 Y8
G1 F1200 X60.312 Y196.077 E2886.31629
M204 S3000
M205 X10 Y10
G0 F6000 X60.232 Y196.562
M204 S1800
M205 X8 Y8
G1 F1200 X60.637 Y196.968 E2886.33536
M204 S3000
M205 X10 Y10
G0 F6000 X60.365 Y197.261
M204 S1800
M205 X8 Y8
G1 F1200 X60.183 Y197.079 E2886.34392
M204 S3000
M205 X10 Y10
;MESH:NONMESH
G0 F600 X60.183 Y197.079 Z2.8
G0 F6000 X99.158 Y177.568
G0 X99.58 Y177.517
;TIME_ELAPSED:3815.590365
;LAYER:13
M204 S1800
M205 X8 Y8
;TYPE:WALL-OUTER
;MESH:14_4_2.stl
G1 F3000 X99.634 Y176.991 E2886.36151
G1 X99.892 Y176.185 E2886.38966
G1 X100.182 Y175.748 E2886.4071
G1 X100.788 Y175.152 E2886.43537
G1 X101.263 Y174.894 E2886.45335
G1 X102.056 Y174.654 E2886.48091
G1 X102.583 Y174.645 E2886.49844
G1 X103.248 Y174.77 E2886.52094
G1 X103.467 Y174.821 E2886.52842
G1 X103.922 Y175.062 E2886.54555
G1 X104.547 Y175.563 E2886.57219
G1 X104.856 Y175.996 E2886.58988
G1 X105.199 Y176.769 E2886.61801
G1 X105.271 Y177.288 E2886.63544
G1 X105.215 Y178.132 E2886.66357
G1 X105.044 Y178.615 E2886.68061
G1 X104.592 Y179.351 E2886.70934
G1 X104.204 Y179.71 E2886.72692
G1 X103.479 Y180.14 E2886.75496
G1 X102.969 Y180.276 E2886.77251
G1 X102.124 Y180.321 E2886.80066
G1 X101.602 Y180.201 E2886.81847
G1 X100.843 Y179.853 E2886.84624
G1 X100.438 Y179.508 E2886.86394
G1 X99.924 Y178.842 E2886.89192
G1 X99.727 Y178.357 E2886.90933
G1 X99.58 Y177.517 E2886.93769
M204 S3000
M205 X10 Y10
G0 F6000 X99.6 Y177.318
G0 X99.091 Y177.258
G0 X99.292 Y178.471
G0 X100.112 Y179.818
G0 X119.62 Y196.979
G0 X120.2 Y196.535
M204 S1800
M205 X8 Y8
G1 F3000 X120.051 Y196.469 E2886.94311
G1 X120.001 Y196.356 E2886.94722
G1 X119.948 Y195.85 E2886.96414
G1 X119.796 Y194.927 E2886.99526
G1 X119.585 Y193.785 E2887.03388
G1 X119.492 Y193.292 E2887.05057
G1 X118.65 Y190.253 E2887.15546
G1 X117.58 Y187.571 E2887.2515
G1 X117.295 Y186.888 E2887.27611
G1 X115.889 Y184.234 E2887.37601
G1 X115.533 Y183.687 E2887.39771
G1 X114.025 Y181.461 E2887.48714
G1 X113.701 Y181.059 E2887.50431
G1 X111.873 Y178.906 E2887.59825
G1 X111.428 Y178.468 E2887.61902
G1 X109.457 Y176.6 E2887.70934
G1 X108.508 Y175.863 E2887.7493
G1 X106.844 Y174.599 E2887.8188
G1 X106.422 Y174.327 E2887.8355
G1 X103.949 Y172.838 E2887.93151
G1 X103.308 Y172.529 E2887.95518
G1 X100.922 Y171.425 E2888.04262
G1 X99.855 Y171.054 E2888.0802
G1 X97.761 Y170.35 E2888.15367
G1 X97.387 Y170.258 E2888.16648
G1 X94.502 Y169.621 E2888.26475
G1 X93.684 Y169.523 E2888.29215
G1 X91.182 Y169.25 E2888.37586
G1 X90.623 Y169.242 E2888.39446
G1 X87.843 Y169.243 E2888.48692
G1 X87.141 Y169.31 E2888.51037
G1 X84.52 Y169.596 E2888.59807
G1 X83.839 Y169.739 E2888.62121
G1 X81.254 Y170.309 E2888.70925
G1 X80.579 Y170.527 E2888.73285
G1 X78.091 Y171.368 E2888.8202
G1 X77.466 Y171.649 E2888.84299
G1 X75.056 Y172.765 E2888.93132
G1 X72.194 Y174.481 E2889.04231
G1 X69.529 Y176.499 E2889.1535
G1 X67.101 Y178.793 E2889.26459
G1 X64.933 Y181.337 E2889.37577
G1 X63.057 Y184.1 E2889.48684
G1 X61.491 Y187.05 E2889.59793
G1 X60.246 Y190.166 E2889.70953
G1 X59.357 Y193.371 E2889.82016
G1 X58.816 Y196.667 E2889.93125
G1 X58.636 Y200.002 E2890.04233
G1 F3007.5 X58.705 Y201.308 E2890.08572
G1 X58.817 Y203.334 E2890.15304
G1 F3000 X59.358 Y206.63 E2890.26414
G1 X60.249 Y209.835 E2890.37478
G1 X61.492 Y212.951 E2890.48636
G1 X63.058 Y215.901 E2890.59744
G1 X64.934 Y218.664 E2890.70852
G1 X67.102 Y221.208 E2890.81969
G1 X69.53 Y223.502 E2890.93079
G1 X72.195 Y225.52 E2891.04197
G1 X75.056 Y227.237 E2891.15295
G1 X78.091 Y228.634 E2891.26408
G1 X80.939 Y229.594 E2891.36404
G1 X81.502 Y229.746 E2891.38343
G1 X84.124 Y230.325 E2891.47274
G1 X84.771 Y230.432 E2891.49456
G1 X87.514 Y230.73 E2891.58632
G1 X88.091 Y230.758 E2891.60554
G1 X90.922 Y230.756 E2891.6997
G1 X91.44 Y230.721 E2891.71697
G1 X94.174 Y230.423 E2891.80844
G1 X94.744 Y230.325 E2891.82767
G1 X97.489 Y229.719 E2891.92117
G1 X98.207 Y229.501 E2891.94613
G1 X100.612 Y228.69 E2892.03055
G1 X101.563 Y228.278 E2892.06502
G1 X103.698 Y227.29 E2892.14326
G1 X104.18 Y227.024 E2892.16157
G1 X105.174 Y226.424 E2892.20019
G1 X106.542 Y225.599 E2892.25332
G1 X107.121 Y225.19 E2892.2769
G1 X109.203 Y223.607 E2892.36389
G1 X110.097 Y222.793 E2892.4041
G1 X111.694 Y221.277 E2892.47734
G1 X112.486 Y220.375 E2892.51727
G1 X113.824 Y218.798 E2892.58605
G1 X114.137 Y218.375 E2892.60355
G1 X115.716 Y216.047 E2892.69711
G1 X115.975 Y215.603 E2892.71421
G1 X117.3 Y213.106 E2892.80823
G1 X117.514 Y212.627 E2892.82568
G1 X118.629 Y209.815 E2892.92629
G1 X118.814 Y209.173 E2892.94851
G1 X119.451 Y206.885 E2893.02751
G1 X119.658 Y205.891 E2893.06128
G1 X119.913 Y204.327 E2893.11398
G1 X120.001 Y203.569 E2893.13936
G1 X120.086 Y203.442 E2893.14444
G1 X120.232 Y203.409 E2893.14942
G1 X127.402 Y203.409 E2893.3879
G1 X130.91 Y203.442 E2893.50458
G1 F2631.6 X131.463 Y203.391 E2893.52564
G1 F2321.1 X131.985 Y203.391 E2893.54808
G1 F2285.7 X132.507 Y203.392 E2893.57086
G1 F2580.6 X133.067 Y203.462 E2893.59268
G1 F3000 X133.608 Y203.465 E2893.61068
G1 X135.235 Y203.428 E2893.66481
G1 X135.235 Y201.229 E2893.73795
G1 F2790.7 X135.205 Y200.7 E2893.75689
G1 F2684.6 X135.219 Y199.787 E2893.79083
G1 F2884.6 X135.235 Y198.96 E2893.81944
G1 F3000 X135.235 Y196.572 E2893.89887
G1 X133.464 Y196.534 E2893.95778
G1 F2678.6 X132.854 Y196.594 E2893.98062
G1 F2294.5 X132.713 Y196.62 E2893.98685
G1 F2277 X131.951 Y196.592 E2894.02027
G1 F2294.5 X131.263 Y196.606 E2894.05019
G1 F2547.8 X130.349 Y196.53 E2894.08611
G1 F3000 X124.843 Y196.495 E2894.26924
G1 X120.2 Y196.535 E2894.42368
M204 S3000
M205 X10 Y10
G0 F6000 X120.051 Y196.469
G0 X120.036 Y196.435
G0 X119.5 Y196.487
G0 X128.715 Y200.927
G0 X129.21 Y200.808
M204 S1800
M205 X8 Y8
G1 F3000 X129.08 Y200.03 E2894.44991
G1 X129.119 Y199.57 E2894.46527
G1 X129.303 Y198.901 E2894.48834
G1 X129.539 Y198.451 E2894.50524
G1 X130.052 Y197.859 E2894.5313
G1 X130.489 Y197.537 E2894.54935
G1 F2690.6 X131.238 Y197.186 E2894.58003
G1 F2321.1 X131.295 Y197.146 E2894.58302
G1 F2294.5 X131.854 Y197.094 E2894.60744
G1 F2277 X132.677 Y197.167 E2894.64364
G1 F2526.3 X133.028 Y197.376 E2894.65978
G1 F3000 X133.275 Y197.481 E2894.6687
G1 X133.887 Y197.921 E2894.69377
G1 X134.248 Y198.328 E2894.71187
G1 X134.608 Y199.011 E2894.73755
G1 F2823.5 X134.76 Y199.435 E2894.75346
G1 F2721.1 X134.788 Y199.845 E2894.76853
G1 F2690.6 X134.746 Y200.661 E2894.79884
G1 F2790.7 X134.54 Y201.145 E2894.81764
G1 F3000 X134.172 Y201.774 E2894.84188
G1 X133.83 Y202.13 E2894.8583
G1 X133.294 Y202.506 E2894.88008
G1 F2558.6 X132.526 Y202.86 E2894.91305
G1 F2312.1 X131.882 Y202.904 E2894.94091
G1 F2352.9 X131.444 Y202.874 E2894.95953
G1 F2449 X130.975 Y202.673 E2894.98032
G1 F2790.7 X130.506 Y202.472 E2894.99856
G1 F3000 X130.107 Y202.19 E2895.01481
G1 X129.641 Y201.69 E2895.03755
G1 X129.368 Y201.255 E2895.05463
G1 X129.21 Y200.808 E2895.0704
M204 S3000
M205 X10 Y10
G0 F6000 X129.178 Y200.611
G0 X128.668 Y200.734
G0 X119.628 Y202.97
G0 X100.113 Y220.181
G0 X99.503 Y220.979
G0 X99.074 Y222.61
G0 X99.58 Y222.551
M204 S1800
M205 X8 Y8
G1 F3000 X99.634 Y222.024 E2895.08802
G1 X99.892 Y221.218 E2895.11616
G1 X100.182 Y220.781 E2895.13361
G1 X100.788 Y220.185 E2895.16188
G1 X101.263 Y219.928 E2895.17984
G1 X102.056 Y219.687 E2895.20741
G1 X102.583 Y219.678 E2895.22494
G1 X103.413 Y219.836 E2895.25304
G1 X103.889 Y220.074 E2895.27074
G1 X104.547 Y220.598 E2895.29872
G1 X104.854 Y221.025 E2895.31621
G1 X105.199 Y221.802 E2895.34448
G1 X105.271 Y222.322 E2895.36195
G1 X105.215 Y223.165 E2895.39005
G1 X105.044 Y223.649 E2895.40712
G1 X104.593 Y224.385 E2895.43583
G1 X104.204 Y224.743 E2895.45341
G1 X103.479 Y225.174 E2895.48146
G1 X102.968 Y225.308 E2895.49904
G1 X102.124 Y225.354 E2895.52715
G1 X101.603 Y225.235 E2895.54492
G1 X100.993 Y224.956 E2895.56723
G1 X100.795 Y224.855 E2895.57463
G1 X100.412 Y224.512 E2895.59173
G1 X99.912 Y223.857 E2895.61913
G1 X99.727 Y223.39 E2895.63584
G1 X99.58 Y222.551 E2895.66417
M204 S3000
M205 X10 Y10
G0 F6000 X99.6 Y222.352
G0 X99.091 Y222.292
G0 X83.06 Y205.083
G0 X82.088 Y203.537
G0 X81.548 Y201.986
G0 X81.23 Y200.081
G0 X81.736 Y200.025
M204 S1800
M205 X8 Y8
G1 F3000 X81.816 Y199.259 E2895.68979
G1 X81.925 Y198.294 E2895.72209
G1 X82.49 Y196.672 E2895.77921
G1 X82.506 Y196.641 E2895.78037
G1 X83.408 Y195.207 E2895.83672
G1 X83.671 Y194.94 E2895.84919
G1 X84.626 Y193.984 E2895.89413
G1 X84.813 Y193.864 E2895.90152
G1 X86.093 Y193.062 E2895.95176
G1 X87.723 Y192.492 E2896.00919
G1 X89.425 Y192.3 E2896.06616
G1 X90.304 Y192.396 E2896.09557
G1 X91.137 Y192.49 E2896.12345
G1 X91.864 Y192.742 E2896.14904
G1 X92.777 Y193.063 E2896.18123
G1 X93.449 Y193.483 E2896.20759
G1 X94.232 Y193.975 E2896.23835
G1 X95.442 Y195.184 E2896.29524
G1 X95.915 Y195.928 E2896.32456
G1 X96.37 Y196.654 E2896.35306
G1 X96.382 Y196.681 E2896.35404
G1 X96.941 Y198.28 E2896.41038
G1 X97.006 Y198.836 E2896.429
G1 X97.135 Y199.997 E2896.46785
G1 X97.028 Y200.975 E2896.50057
G1 X96.944 Y201.709 E2896.52514
G1 X96.382 Y203.319 E2896.58186
G1 X95.891 Y204.111 E2896.61286
G1 X95.464 Y204.79 E2896.63953
G1 X94.847 Y205.411 E2896.66865
G1 X94.232 Y206.025 E2896.69755
G1 X92.775 Y206.938 E2896.75474
G1 X91.159 Y207.505 E2896.8117
G1 X90.292 Y207.605 E2896.84073
G1 X89.447 Y207.7 E2896.86901
G1 X89.412 Y207.699 E2896.87018
G1 X87.719 Y207.507 E2896.92685
G1 X86.104 Y206.942 E2896.98375
G1 X86.074 Y206.927 E2896.98487
G1 X84.638 Y206.025 E2897.04127
G1 X84.617 Y206.007 E2897.04219
G1 X83.416 Y204.804 E2897.09873
G1 X83.108 Y204.317 E2897.1179
G1 X82.498 Y203.344 E2897.15609
G1 X81.929 Y201.722 E2897.21326
G1 X81.847 Y201.01 E2897.2371
G1 X81.736 Y200.025 E2897.27007
M204 S3000
M205 X10 Y10
G0 F6000 X81.756 Y199.827
G0 X81.247 Y199.769
G0 X63.622 Y203.286
G0 X62.074 Y202.998
G0 X60.836 Y202.022
G0 X60.328 Y200.998
G0 X60.074 Y200.093
G0 X60.58 Y200.034
M204 S1800
M205 X8 Y8
G1 F3000 X60.634 Y199.507 E2897.28769
G1 X60.892 Y198.701 E2897.31584
G1 X61.182 Y198.265 E2897.33325
G1 X61.787 Y197.668 E2897.36152
G1 X62.263 Y197.411 E2897.37952
G1 X63.056 Y197.171 E2897.40707
G1 X63.583 Y197.162 E2897.4246
G1 X64.413 Y197.319 E2897.4527
G1 X64.889 Y197.557 E2897.4704
G1 X65.547 Y198.081 E2897.49838
G1 X65.854 Y198.508 E2897.51587
G1 X66.199 Y199.285 E2897.54414
G1 X66.271 Y199.805 E2897.5616
G1 X66.237 Y200.343 E2897.57953
G1 X66.203 Y200.704 E2897.59159
G1 X66.026 Y201.168 E2897.60811
G1 X65.582 Y201.883 E2897.6361
G1 X65.204 Y202.227 E2897.6531
G1 X64.479 Y202.657 E2897.68114
G1 X63.968 Y202.792 E2897.69872
G1 X63.124 Y202.837 E2897.72683
G1 X62.603 Y202.718 E2897.7446
G1 X61.843 Y202.37 E2897.77241
G1 X61.438 Y202.025 E2897.7901
G1 X60.924 Y201.359 E2897.81808
G1 F3007.5 X60.728 Y200.873 E2897.83547
G1 X60.58 Y200.034 E2897.86373
M204 S3000
M205 X10 Y10
G0 F6000 X60.6 Y199.835
G0 X60.186 Y200.101
M204 S1800
M205 X8 Y8
;TYPE:WALL-INNER
G1 F3000 X60.237 Y199.461 E2897.88509
G1 X60.512 Y198.577 E2897.91588
G1 X60.852 Y198.038 E2897.93707
G1 X61.205 Y197.678 E2897.95384
G1 X61.65 Y197.279 E2897.97372
G1 X62.184 Y197.013 E2897.99357
G1 X62.942 Y196.787 E2898.01987
G1 X63.582 Y196.762 E2898.04118
G1 X64.489 Y196.926 E2898.07183
G1 X65.073 Y197.202 E2898.09332
G1 X65.797 Y197.769 E2898.1239
G1 X66.182 Y198.28 E2898.14518
G1 X66.565 Y199.124 E2898.17601
G1 X66.668 Y199.756 E2898.19731
G1 X66.641 Y200.299 E2898.21539
G1 X66.589 Y200.811 E2898.23251
G1 X66.407 Y201.302 E2898.24992
G1 X65.932 Y202.079 E2898.28021
G1 X65.471 Y202.525 E2898.30155
G1 X64.977 Y202.828 E2898.32082
G1 X64.522 Y203.067 E2898.33792
G1 X63.95 Y203.197 E2898.35743
G1 X63.144 Y203.237 E2898.38427
G1 X62.507 Y203.106 E2898.4059
G1 X61.675 Y202.733 E2898.43622
G1 X61.174 Y202.325 E2898.45771
G1 X60.606 Y201.603 E2898.48827
G1 F3007.5 X60.355 Y201.018 E2898.50939
G1 X60.186 Y200.101 E2898.54032
M204 S3000
M205 X10 Y10
G0 F6000 X60.077 Y200.113
G0 X60.292 Y200.988
G0 X61.112 Y202.334
G0 X62.464 Y203.148
G0 X63.846 Y203.247
G0 X81.23 Y200.082
G0 X81.338 Y200.07
M204 S1800
M205 X8 Y8
G1 F3000 X81.418 Y199.215 E2898.56888
G1 X81.525 Y198.267 E2898.60061
G1 X81.678 Y197.784 E2898.61747
G1 X82.12 Y196.521 E2898.66197
G1 X82.167 Y196.428 E2898.66544
G1 X83.072 Y194.988 E2898.722
G1 X83.388 Y194.657 E2898.73723
G1 X84.362 Y193.684 E2898.78302
G1 X84.601 Y193.525 E2898.79256
G1 X85.888 Y192.718 E2898.84309
G1 X86.001 Y192.67 E2898.84717
G1 X87.588 Y192.115 E2898.90309
G1 X87.699 Y192.091 E2898.90687
G1 X89.405 Y191.9 E2898.96396
G1 X90.349 Y191.998 E2898.99553
G1 X91.204 Y192.096 E2899.02415
G1 X91.996 Y192.364 E2899.05196
G1 X92.905 Y192.683 E2899.084
G1 X93.661 Y193.144 E2899.11345
G1 X94.438 Y193.632 E2899.14397
G1 X95.155 Y194.332 E2899.1773
G1 X95.747 Y194.925 E2899.20517
G1 X96.254 Y195.715 E2899.23639
G1 X96.715 Y196.451 E2899.26528
G1 X96.76 Y196.549 E2899.26886
G1 X97.315 Y198.135 E2899.32475
G1 X97.404 Y198.792 E2899.3468
G1 X97.535 Y199.963 E2899.38599
G1 X97.426 Y201.019 E2899.4213
G1 X97.341 Y201.763 E2899.44621
G1 X97.134 Y202.382 E2899.46792
G1 X96.751 Y203.474 E2899.50641
G1 X96.23 Y204.324 E2899.53956
G1 X95.79 Y205.022 E2899.56701
G1 X95.13 Y205.694 E2899.59834
G1 X94.518 Y206.306 E2899.62712
G1 X93.757 Y206.795 E2899.65721
G1 X93.007 Y207.266 E2899.68666
G1 X91.985 Y207.64 E2899.72286
G1 X91.269 Y207.889 E2899.74807
G1 X90.337 Y208.003 E2899.7793
G1 X89.487 Y208.098 E2899.80775
G1 X89.367 Y208.097 E2899.81174
G1 X87.657 Y207.903 E2899.86898
G1 X87.568 Y207.879 E2899.87205
G1 X85.95 Y207.312 E2899.92907
G1 X85.862 Y207.266 E2899.93237
G1 X84.44 Y206.374 E2899.9882
G1 X84.334 Y206.29 E2899.9927
G1 X83.144 Y205.099 E2900.0487
G1 X82.769 Y204.53 E2900.07137
G1 X82.155 Y203.551 E2900.1098
G1 X81.771 Y202.48 E2900.14764
G1 X81.545 Y201.833 E2900.17044
G1 X81.449 Y201.054 E2900.19654
G1 X81.338 Y200.07 E2900.22948
M204 S3000
M205 X10 Y10
G0 F6000 X81.23 Y200.082
G0 X81.487 Y198.187
G0 X82.088 Y196.463
G0 X82.962 Y195.072
G0 X99.077 Y177.596
G0 X99.186 Y177.584
M204 S1800
M205 X8 Y8
G1 F3000 X99.237 Y176.944 E2900.25083
G1 X99.512 Y176.061 E2900.28159
G1 X99.852 Y175.522 E2900.30279
G1 X100.509 Y174.866 E2900.33367
G1 X101.077 Y174.54 E2900.35545
G1 X101.942 Y174.27 E2900.38559
G1 X102.582 Y174.245 E2900.40689
G1 X103.324 Y174.377 E2900.43196
G1 X103.652 Y174.467 E2900.44327
G1 X104.106 Y174.703 E2900.46029
G1 X104.797 Y175.251 E2900.48962
G1 X105.185 Y175.768 E2900.51112
G1 X105.566 Y176.608 E2900.5418
G1 X105.668 Y177.239 E2900.56306
G1 X105.614 Y178.16 E2900.59375
G1 X105.419 Y178.754 E2900.61454
G1 X104.932 Y179.562 E2900.64592
G1 X104.471 Y180.008 E2900.66725
G1 X103.681 Y180.485 E2900.69795
G1 X103.066 Y180.664 E2900.71925
G1 X102.144 Y180.721 E2900.74997
G1 X101.506 Y180.589 E2900.77164
G1 X100.675 Y180.216 E2900.80194
G1 X100.174 Y179.808 E2900.82343
G1 X99.606 Y179.085 E2900.85401
G1 X99.354 Y178.501 E2900.87516
G1 X99.186 Y177.584 E2900.90617
M204 S3000
M205 X10 Y10
G0 F6000 X99.077 Y177.596
G0 X99.292 Y178.471
G0 X100.112 Y179.818
G0 X119.62 Y196.979
G0 X120.2 Y196.935
M204 S1800
M205 X8 Y8
G1 F3000 X119.955 Y196.884 E2900.91449
G1 X119.719 Y196.695 E2900.92455
G1 X119.612 Y196.455 E2900.93329
G1 X119.552 Y195.903 E2900.95176
G1 X119.382 Y194.882 E2900.98618
G1 X119.102 Y193.382 E2901.03694
G1 X118.27 Y190.381 E2901.14052
G1 X117.211 Y187.725 E2901.23562
G1 X116.933 Y187.059 E2901.25962
G1 X115.542 Y184.434 E2901.35843
G1 X115.202 Y183.911 E2901.37918
G1 X113.701 Y181.697 E2901.46814
G1 X112.766 Y180.576 E2901.51669
G1 X111.577 Y179.176 E2901.57779
G1 X111.153 Y178.758 E2901.59759
G1 X109.192 Y176.9 E2901.68744
G1 X108.266 Y176.181 E2901.72643
G1 X106.576 Y174.897 E2901.79702
G1 X105.81 Y174.424 E2901.82697
G1 X104.622 Y173.711 E2901.87305
G1 X103.755 Y173.188 E2901.90673
G1 X103.14 Y172.892 E2901.92943
G1 X100.768 Y171.795 E2902.01635
G1 X99.727 Y171.433 E2902.05301
G1 X97.649 Y170.734 E2902.12593
G1 X97.301 Y170.648 E2902.13785
G1 X94.432 Y170.015 E2902.23557
G1 X93.641 Y169.921 E2902.26206
G1 X91.156 Y169.65 E2902.3452
G1 X90.623 Y169.642 E2902.36293
G1 X87.859 Y169.643 E2902.45486
G1 X87.184 Y169.708 E2902.47742
G1 X84.58 Y169.992 E2902.56454
G1 X83.925 Y170.129 E2902.5868
G1 X81.356 Y170.696 E2902.6743
G1 X80.707 Y170.906 E2902.69699
G1 X78.235 Y171.742 E2902.78378
G1 X77.634 Y172.012 E2902.80569
G1 X75.244 Y173.119 E2902.8933
G1 X72.418 Y174.813 E2903.00289
G1 X69.788 Y176.805 E2903.11262
G1 X67.391 Y179.069 E2903.22228
G1 X65.251 Y181.58 E2903.33202
G1 X63.4 Y184.307 E2903.44164
G1 X61.855 Y187.218 E2903.55125
G1 X60.626 Y190.294 E2903.66142
G1 X59.748 Y193.457 E2903.7706
G1 X59.214 Y196.71 E2903.88024
G1 X59.036 Y200.002 E2903.9899
G1 X59.215 Y203.29 E2904.09942
G1 X59.749 Y206.544 E2904.20909
G1 X60.629 Y209.707 E2904.31829
G1 X61.856 Y212.783 E2904.42844
G1 X63.401 Y215.694 E2904.53805
G1 X65.252 Y218.421 E2904.64767
G1 X67.392 Y220.932 E2904.7574
G1 X69.789 Y223.196 E2904.86707
G1 X72.419 Y225.188 E2904.9768
G1 X75.243 Y226.883 E2905.08635
G1 X78.239 Y228.262 E2905.19604
G1 X81.062 Y229.213 E2905.29512
G1 X81.588 Y229.356 E2905.31325
G1 X84.346 Y229.963 E2905.40718
G1 X85.114 Y230.067 E2905.43295
G1 X87.624 Y230.338 E2905.51692
G1 X88.389 Y230.358 E2905.54237
G1 X90.913 Y230.356 E2905.62632
G1 X91.551 Y230.307 E2905.64761
G1 X94.126 Y230.026 E2905.73376
G1 X94.658 Y229.935 E2905.75171
G1 X97.393 Y229.331 E2905.84487
G1 X98.079 Y229.122 E2905.86872
G1 X100.504 Y228.304 E2905.95384
G1 X101.395 Y227.915 E2905.98618
G1 X102.544 Y227.382 E2906.02831
G1 X103.519 Y226.932 E2906.06402
G1 X103.975 Y226.682 E2906.08132
G1 X104.956 Y226.088 E2906.11946
G1 X106.326 Y225.263 E2906.17265
G1 X106.879 Y224.871 E2906.1952
G1 X108.955 Y223.293 E2906.28193
G1 X109.822 Y222.503 E2906.32094
G1 X111.364 Y221.041 E2906.39161
G1 X112.181 Y220.116 E2906.43266
G1 X113.514 Y218.546 E2906.50116
G1 X113.841 Y218.1 E2906.51956
G1 X115.38 Y215.83 E2906.61077
G1 X115.718 Y215.233 E2906.63359
G1 X116.942 Y212.926 E2906.72045
G1 X117.256 Y212.192 E2906.74701
G1 X118.25 Y209.685 E2906.8367
G1 X118.428 Y209.066 E2906.85813
G1 X119.062 Y206.791 E2906.93668
G1 X119.264 Y205.818 E2906.96973
G1 X119.517 Y204.272 E2907.02183
G1 X119.601 Y203.54 E2907.04634
G1 X119.692 Y203.285 E2907.05534
G1 X119.864 Y203.11 E2907.06351
G1 X120.067 Y203.023 E2907.07085
G1 X120.232 Y203.009 E2907.07636
G1 X127.406 Y203.009 E2907.31497
G1 X130.818 Y203.042 E2907.42846
G1 X130.348 Y202.84 E2907.44547
G1 X129.906 Y202.544 E2907.46316
G1 X129.348 Y201.962 E2907.48998
G1 X129.048 Y201.506 E2907.50814
G1 X128.844 Y200.98 E2907.5269
G1 X128.686 Y200.096 E2907.55677
G1 X128.714 Y199.569 E2907.57432
G1 X128.917 Y198.795 E2907.60094
G1 X129.187 Y198.261 E2907.62084
G1 X129.752 Y197.595 E2907.64989
G1 X130.255 Y197.213 E2907.67089
G1 X130.915 Y196.933 E2907.69474
G1 X124.847 Y196.895 E2907.89657
G1 X120.2 Y196.935 E2908.05113
M204 S3000
M205 X10 Y10
G0 F6000 X120.2 Y197.046
G0 X131.886 Y196.892
G0 X134.185 Y197.507
G0 X134.121 Y197.596
M204 S1800
M205 X8 Y8
G1 F3000 X134.519 Y198.024 E2908.07057
G1 X134.835 Y198.584 E2908.09196
G1 X134.835 Y196.963 E2908.14587
G1 X133.481 Y196.934 E2908.19092
G1 X133.028 Y196.947 E2908.20599
G1 X133.509 Y197.157 E2908.22344
G1 X134.121 Y197.596 E2908.2485
M204 S3000
M205 X10 Y10
G0 F6000 X134.185 Y197.507
G0 X134.851 Y198.937
G0 X135.02 Y200.196
G0 X134.233 Y202.45
G0 X134.156 Y202.374
M204 S1800
M205 X8 Y8
G1 F3000 X133.524 Y202.833 E2908.27447
G1 X133.069 Y203.051 E2908.29126
G1 X133.037 Y203.062 E2908.29238
G1 X133.599 Y203.065 E2908.31107
G1 X134.835 Y203.036 E2908.35219
G1 X134.835 Y201.433 E2908.40551
G1 X134.517 Y201.976 E2908.42644
G1 X134.156 Y202.374 E2908.44431
M204 S3000
M205 X10 Y10
G0 F6000 X134.233 Y202.45
G0 X132.319 Y203.222
G0 X127.354 Y202.799
G0 X119.567 Y202.901
G0 X100.001 Y220.067
G0 X99.438 Y220.79
G0 X99.077 Y222.63
G0 X99.186 Y222.618
M204 S1800
M205 X8 Y8
G1 F3000 X99.237 Y221.978 E2908.46567
G1 X99.512 Y221.094 E2908.49646
G1 X99.852 Y220.555 E2908.51765
G1 X100.509 Y219.899 E2908.54853
G1 X101.078 Y219.573 E2908.57034
G1 X101.941 Y219.304 E2908.60041
G1 X102.582 Y219.278 E2908.62175
G1 X103.49 Y219.444 E2908.65245
G1 X104.073 Y219.719 E2908.67389
G1 X104.797 Y220.286 E2908.70447
G1 X105.182 Y220.797 E2908.72575
G1 X105.565 Y221.641 E2908.75658
G1 X105.668 Y222.273 E2908.77788
G1 X105.614 Y223.193 E2908.80853
G1 X105.419 Y223.788 E2908.82935
G1 X104.933 Y224.596 E2908.86072
G1 X104.47 Y225.041 E2908.88207
G1 X103.682 Y225.519 E2908.91273
G1 X103.064 Y225.696 E2908.93411
G1 X102.144 Y225.754 E2908.96477
G1 X101.507 Y225.623 E2908.9864
G1 X100.825 Y225.318 E2909.01125
G1 X100.531 Y225.155 E2909.02243
G1 X100.094 Y224.755 E2909.04213
G1 X99.606 Y224.118 E2909.06882
G1 X99.354 Y223.534 E2909.08998
G1 X99.186 Y222.618 E2909.12095
M204 S3000
M205 X10 Y10
G0 F6000 X98.792 Y222.685
M204 S1800
M205 X8 Y8
G1 F3000 X98.784 Y222.4 E2909.13044
G1 X98.849 Y221.866 E2909.14833
G1 X99.132 Y220.97 E2909.17958
G1 X99.258 Y220.714 E2909.18907
G1 X99.554 Y220.285 E2909.2064
G1 X100.23 Y219.612 E2909.23813
G1 X100.465 Y219.442 E2909.24778
G1 X100.983 Y219.177 E2909.26713
G1 X101.827 Y218.921 E2909.29647
G1 X102.111 Y218.879 E2909.30601
G1 X102.644 Y218.879 E2909.32374
G1 X103.567 Y219.051 E2909.35497
G1 X103.835 Y219.145 E2909.36442
G1 X104.322 Y219.4 E2909.3827
G1 X105.048 Y219.974 E2909.41348
G1 X105.254 Y220.199 E2909.42363
G1 X105.606 Y220.738 E2909.44504
G1 X105.931 Y221.481 E2909.47201
G1 X106.022 Y221.875 E2909.48546
G1 X106.07 Y222.418 E2909.50359
G1 X106.013 Y223.221 E2909.53037
G1 X105.954 Y223.498 E2909.53979
G1 X105.706 Y224.107 E2909.56166
G1 X105.273 Y224.807 E2909.58903
G1 X105.089 Y225.026 E2909.59855
G1 F3116.9 X104.58 Y225.437 E2909.61949
G1 F3234.5 X103.878 Y225.852 E2909.64465
G1 F3157.9 X103.616 Y225.966 E2909.65368
G1 F3053.4 X102.97 Y226.114 E2909.67533
G1 F3000 X102.164 Y226.154 E2909.70217
G1 X101.874 Y226.126 E2909.71186
G1 X101.229 Y225.948 E2909.73412
G1 X100.483 Y225.601 E2909.76148
G1 X99.91 Y225.141 E2909.78592
G1 X99.288 Y224.362 E2909.81908
G1 X99.15 Y224.115 E2909.82849
G1 X98.928 Y223.485 E2909.85071
G1 X98.792 Y222.685 E2909.8777
M204 S3000
M205 X10 Y10
G0 F6000 X99.503 Y220.979
G0 X99.997 Y220.333
G0 X119.303 Y203.162
M204 S1800
M205 X8 Y8
G1 F3000 X119.532 Y202.862 E2909.89025
G1 X119.79 Y202.695 E2909.90047
G1 X120.2 Y202.609 E2909.9144
G1 X127.41 Y202.609 E2910.15421
G1 X129.422 Y202.627 E2910.22113
G1 X129.056 Y202.235 E2910.23897
G1 X128.71 Y201.72 E2910.2596
G1 X128.468 Y201.117 E2910.28122
G1 X128.291 Y200.162 E2910.31352
G1 X128.315 Y199.533 E2910.33446
G1 X128.531 Y198.689 E2910.36343
G1 X128.835 Y198.071 E2910.38634
G1 X129.451 Y197.331 E2910.41836
G1 X128.71 Y197.319 E2910.44301
G1 X124.85 Y197.295 E2910.5714
G1 X120.2 Y197.335 E2910.72606
G1 X119.792 Y197.249 E2910.73993
G1 X119.534 Y197.082 E2910.75015
G1 X119.304 Y196.781 E2910.76275
G1 X119.205 Y196.438 E2910.77463
G1 X119.104 Y195.64 E2910.80138
G1 X119.008 Y195.065 E2910.82077
G1 X118.712 Y193.472 E2910.87466
G1 X117.89 Y190.509 E2910.97693
G1 X116.841 Y187.879 E2911.07111
G1 X116.571 Y187.23 E2911.09449
G1 X115.195 Y184.634 E2911.19221
G1 X114.871 Y184.136 E2911.21197
G1 X113.378 Y181.932 E2911.30051
G1 X112.461 Y180.835 E2911.34807
G1 X111.281 Y179.446 E2911.40869
G1 X110.877 Y179.048 E2911.42755
G1 X108.927 Y177.2 E2911.5169
G1 X108.024 Y176.499 E2911.55492
G1 X106.926 Y175.667 E2911.60074
G1 X106.346 Y175.225 E2911.625
G1 X105.603 Y174.767 E2911.65403
G1 F3069.1 X105.111 Y174.461 E2911.67287
G1 F3217.2 X104.619 Y174.155 E2911.69084
G1 F3243.2 X104.014 Y173.797 E2911.71246
G1 F3092.8 X103.57 Y173.544 E2911.72895
G1 F3000 X102.972 Y173.255 E2911.75104
G1 X100.613 Y172.164 E2911.83749
G1 X99.599 Y171.812 E2911.87319
G1 X97.536 Y171.118 E2911.94558
G1 X97.215 Y171.039 E2911.95658
G1 X94.362 Y170.409 E2912.05375
G1 X93.597 Y170.319 E2912.07937
G1 X92.318 Y170.178 E2912.12217
G1 X91.352 Y170.074 E2912.15448
G1 X90.843 Y170.043 E2912.17145
G1 X89.781 Y170.042 E2912.20677
G1 X87.876 Y170.043 E2912.27013
G1 X87.228 Y170.106 E2912.29178
G1 X84.641 Y170.388 E2912.37834
G1 X84.011 Y170.52 E2912.39974
G1 X81.458 Y171.083 E2912.4867
G1 X80.835 Y171.285 E2912.50848
G1 X78.38 Y172.115 E2912.59467
G1 X77.802 Y172.375 E2912.61575
G1 X75.431 Y173.473 E2912.70266
G1 X72.642 Y175.145 E2912.81081
G1 X70.047 Y177.111 E2912.9191
G1 X67.682 Y179.345 E2913.0273
G1 X65.57 Y181.822 E2913.13557
G1 X63.743 Y184.513 E2913.24375
G1 X62.218 Y187.387 E2913.35197
G1 X61.006 Y190.422 E2913.46066
G1 X60.14 Y193.543 E2913.56839
G1 X59.612 Y196.754 E2913.67662
G1 X59.548 Y197.954 E2913.71659
G1 F2985.1 X59.485 Y199.148 E2913.75656
G1 F3100.8 X59.431 Y199.855 E2913.77937
G1 F3243.2 X59.421 Y200.002 E2913.78391
G1 F3133.2 X59.461 Y200.509 E2913.8001
G1 F2948.4 X59.502 Y201.016 E2913.81732
G1 F2926.8 X59.531 Y201.732 E2913.84175
G1 F3000 X59.613 Y203.247 E2913.89221
G1 X60.141 Y206.458 E2914.00044
G1 X61.009 Y209.579 E2914.10819
G1 X62.219 Y212.615 E2914.21689
G1 X63.744 Y215.488 E2914.32507
G1 X65.571 Y218.179 E2914.43325
G1 X67.683 Y220.656 E2914.54152
G1 X70.048 Y222.89 E2914.64973
G1 X72.643 Y224.856 E2914.75801
G1 X75.43 Y226.529 E2914.86612
G1 X77.868 Y227.65 E2914.95537
G1 X78.387 Y227.89 E2914.97439
G1 X81.185 Y228.833 E2915.0726
G1 X81.674 Y228.965 E2915.08944
G1 X84.422 Y229.57 E2915.18303
G1 X85.158 Y229.669 E2915.20773
G1 X87.59 Y229.934 E2915.2891
G1 X88.091 Y229.958 E2915.30578
G1 X90.903 Y229.956 E2915.39931
G1 X91.507 Y229.909 E2915.41946
G1 X94.077 Y229.629 E2915.50544
G1 X94.572 Y229.544 E2915.52215
G1 X97.298 Y228.942 E2915.615
G1 X97.951 Y228.743 E2915.6377
G1 X100.364 Y227.929 E2915.7224
G1 X101.227 Y227.551 E2915.75374
G1 X103.34 Y226.574 E2915.83117
G1 F3076.9 X103.903 Y226.268 E2915.85195
G1 F3208.6 X104.758 Y225.759 E2915.88289
G1 F3125 X105.352 Y225.383 E2915.90534
G1 F3000 X106.109 Y224.927 E2915.93473
G1 X106.637 Y224.552 E2915.95627
G1 X108.707 Y222.979 E2916.04274
G1 X109.547 Y222.212 E2916.08058
G1 X111.126 Y220.713 E2916.15299
G1 X111.876 Y219.857 E2916.19084
G1 X113.203 Y218.293 E2916.25906
G1 X113.51 Y217.875 E2916.27631
G1 X115.044 Y215.613 E2916.36722
G1 X115.365 Y215.046 E2916.38889
G1 X116.585 Y212.746 E2916.47548
G1 X116.884 Y212.045 E2916.50083
G1 X117.871 Y209.555 E2916.58991
G1 X118.043 Y208.958 E2916.61058
G1 X118.673 Y206.696 E2916.68868
G1 X118.871 Y205.745 E2916.72099
G1 X119.121 Y204.217 E2916.77248
G1 X119.204 Y203.494 E2916.79669
G1 X119.303 Y203.162 E2916.80821
M204 S3000
M205 X10 Y10
G0 F6000 X131.887 Y203.106
G0 X134.463 Y202.607
M204 S1800
M205 X8 Y8
G1 F3061.2 X134.39 Y202.649 E2916.81096
G1 X134.463 Y202.691 E2916.8137
G1 X134.488 Y202.649 E2916.81529
M204 S3000
M205 X10 Y10
G0 F6000 X134.958 Y200.723
G0 X135.021 Y199.811
G0 X134.488 Y197.349
M204 S1800
M205 X8 Y8
G1 F3076.9 X134.463 Y197.39 E2916.81685
G1 X134.392 Y197.349 E2916.81951
G1 X134.463 Y197.308 E2916.82217
M204 S3000
M205 X10 Y10
G0 F6000 X133.167 Y196.796
G0 X119.56 Y197.045
G0 X100 Y179.932
G0 X98.792 Y177.651
M204 S1800
M205 X8 Y8
G1 F3000 X98.784 Y177.366 E2916.83165
G1 X98.848 Y176.839 E2916.84931
G1 X99.131 Y175.937 E2916.88075
G1 X99.257 Y175.681 E2916.89024
G1 X99.649 Y175.145 E2916.91233
G1 X100.229 Y174.579 E2916.93928
G1 X100.704 Y174.283 E2916.9579
G1 X101.07 Y174.113 E2916.97132
G1 X101.828 Y173.887 E2916.99763
G1 X102.111 Y173.846 E2917.00714
G1 X102.776 Y173.863 E2917.02926
G1 X103.401 Y173.984 E2917.05044
G1 F3092.8 X103.831 Y174.123 E2917.06502
G1 F3269.8 X104.302 Y174.377 E2917.08135
G1 F3092.8 X105.053 Y174.932 E2917.11147
G1 F2934 X105.514 Y175.54 E2917.13742
G1 F3000 X105.933 Y176.448 E2917.17068
G1 X106.066 Y177.19 E2917.19575
G1 X106.013 Y178.188 E2917.229
G1 X105.953 Y178.466 E2917.23845
G1 X105.707 Y179.073 E2917.26024
G1 X105.248 Y179.81 E2917.28912
G1 X104.737 Y180.306 E2917.3128
G1 X103.884 Y180.83 E2917.3461
G1 X103.62 Y180.938 E2917.35559
G1 X103.085 Y181.068 E2917.3739
G1 X102.164 Y181.12 E2917.40458
G1 X101.804 Y181.075 E2917.41665
G1 X101.258 Y180.926 E2917.43547
G1 X100.507 Y180.579 E2917.46299
G1 X100.267 Y180.422 E2917.47252
G1 X99.846 Y180.046 E2917.4913
G1 X99.289 Y179.329 E2917.5215
G1 X99.141 Y179.059 E2917.53174
G1 X98.955 Y178.569 E2917.54917
G1 X98.792 Y177.651 E2917.58018
M204 S3000
M205 X10 Y10
G0 F6000 X83.06 Y194.917
G0 X82.088 Y196.463
G0 X81.748 Y197.439
G0 X80.941 Y200.114
M204 S1800
M205 X8 Y8
G1 F3000 X81.021 Y199.17 E2917.61169
G1 X81.128 Y198.222 E2917.64342
G1 X81.3 Y197.652 E2917.66322
G1 X81.749 Y196.37 E2917.7084
G1 X81.829 Y196.216 E2917.71417
G1 X82.741 Y194.764 E2917.7712
G1 X83.105 Y194.375 E2917.78892
G1 X84.072 Y193.408 E2917.83441
G1 X84.388 Y193.186 E2917.84725
G1 X85.666 Y192.385 E2917.89742
G1 X85.869 Y192.293 E2917.90483
G1 X87.469 Y191.733 E2917.96121
G1 X87.655 Y191.694 E2917.96753
G1 X89.349 Y191.503 E2918.02423
G1 X90.394 Y191.601 E2918.05914
G1 X91.27 Y191.701 E2918.08847
G1 X92.128 Y191.987 E2918.11855
G1 X93.05 Y192.31 E2918.15104
G1 X93.874 Y192.805 E2918.18301
G1 X94.656 Y193.296 E2918.21372
G1 X95.438 Y194.049 E2918.24983
G1 X96.045 Y194.658 E2918.27843
G1 X96.592 Y195.503 E2918.31191
G1 X97.07 Y196.266 E2918.34186
G1 X97.137 Y196.417 E2918.34735
G1 X97.712 Y198.064 E2918.40537
G1 X97.782 Y198.585 E2918.42286
G1 X97.934 Y199.941 E2918.46824
G1 X97.823 Y201.064 E2918.50577
G1 X97.736 Y201.828 E2918.53135
G1 X97.511 Y202.514 E2918.55536
G1 X97.123 Y203.622 E2918.59441
G1 X96.568 Y204.536 E2918.62997
G1 X96.116 Y205.254 E2918.65819
G1 X95.413 Y205.976 E2918.69171
G1 X94.79 Y206.599 E2918.72101
G1 X93.97 Y207.134 E2918.75358
G1 X93.22 Y207.605 E2918.78303
G1 X92.117 Y208.017 E2918.82219
G1 X91.38 Y208.274 E2918.84815
G1 X90.381 Y208.4 E2918.88164
G1 X89.495 Y208.499 E2918.9113
G1 X89.323 Y208.494 E2918.91702
G1 X87.644 Y208.305 E2918.97322
G1 X87.436 Y208.256 E2918.98032
G1 X85.85 Y207.701 E2919.03621
G1 X85.649 Y207.605 E2919.04362
G1 X84.227 Y206.713 E2919.09945
G1 X84.051 Y206.572 E2919.10695
G1 X82.861 Y205.381 E2919.16295
G1 X82.431 Y204.742 E2919.18856
G1 X81.808 Y203.749 E2919.22755
G1 X81.607 Y203.227 E2919.24616
G1 X81.161 Y201.944 E2919.29134
G1 X81.052 Y201.099 E2919.31967
G1 X80.941 Y200.114 E2919.35264
M204 S3000
M205 X10 Y10
G0 F6000 X63.622 Y203.286
G0 X62.074 Y202.998
G0 X60.836 Y202.022
G0 X59.805 Y200.165
M204 S1800
M205 X8 Y8
G1 F3234.5 X59.798 Y199.885 E2919.36128
G1 F3100.8 X59.88 Y199.22 E2919.38284
G1 F2985.1 X60.131 Y198.453 E2919.40982
G1 F3000 X60.258 Y198.196 E2919.41935
G1 X60.647 Y197.663 E2919.4413
G1 X61.227 Y197.096 E2919.46828
G1 X61.465 Y196.924 E2919.47805
G1 X62.07 Y196.63 E2919.50042
G1 X62.828 Y196.404 E2919.52673
G1 X63.111 Y196.363 E2919.53624
G1 X63.776 Y196.38 E2919.55836
G1 X64.565 Y196.534 E2919.5851
G1 X64.835 Y196.628 E2919.59461
G1 X65.287 Y196.863 E2919.61155
G1 X66.048 Y197.457 E2919.64366
G1 X66.243 Y197.666 E2919.65317
G1 X66.539 Y198.095 E2919.6705
G1 X66.754 Y198.562 E2919.6876
G1 X66.962 Y199.043 E2919.70503
G1 X67.065 Y199.707 E2919.72738
G1 X67.039 Y200.327 E2919.74802
G1 X66.987 Y200.872 E2919.76623
G1 X66.794 Y201.411 E2919.78527
G1 X66.508 Y201.908 E2919.80434
G1 X66.219 Y202.367 E2919.82238
G1 X65.737 Y202.823 E2919.84445
G1 X65.18 Y203.173 E2919.86633
G1 X64.764 Y203.407 E2919.88221
G1 X64.16 Y203.568 E2919.903
G1 X63.164 Y203.637 E2919.93621
G1 X62.875 Y203.609 E2919.94586
G1 X62.23 Y203.431 E2919.96812
G1 X61.507 Y203.096 E2919.99462
G1 X61.265 Y202.939 E2920.00421
G1 X60.889 Y202.607 E2920.0209
G1 X60.289 Y201.846 E2920.05313
G1 F2948.4 X59.974 Y201.166 E2920.07849
G1 F2977.7 X59.89 Y200.666 E2920.09548
G1 F3133.2 X59.805 Y200.165 E2920.11166
M204 S3000
M205 X10 Y10
G0 F6000 X60.503 Y201.539
G0 X61.112 Y202.334
G0 X62.464 Y203.148
G0 X63.846 Y203.247
G0 X80.556 Y199.985
M204 S1800
M205 X8 Y8
;TYPE:SKIN
G1 F1200 X80.637 Y199.183 E2920.13847
G1 X80.76 Y198.21 E2920.17109
G1 X80.801 Y197.936 E2920.18031
G1 X81.16 Y196.903 E2920.21668
G1 X81.457 Y196.102 E2920.2451
G1 X82.107 Y195.056 E2920.28606
G1 X82.509 Y194.441 E2920.31049
G1 X82.847 Y194.098 E2920.32651
G1 X83.793 Y193.149 E2920.37108
G1 X84.215 Y192.85 E2920.38828
G1 X85.459 Y192.066 E2920.43719
G1 X85.905 Y191.881 E2920.45325
G1 X87.323 Y191.382 E2920.50324
G1 X87.623 Y191.315 E2920.51347
G1 X89.293 Y191.127 E2920.56936
G1 X90.436 Y191.223 E2920.60751
G1 X91.407 Y191.34 E2920.64004
G1 X92.603 Y191.751 E2920.6821
G1 X93.094 Y191.925 E2920.69943
G1 X93.414 Y192.074 E2920.71117
G1 X94.079 Y192.486 E2920.73719
G1 X95.03 Y193.104 E2920.77491
G1 X95.71 Y193.783 E2920.80687
G1 X96.432 Y194.537 E2920.8416
G1 X96.916 Y195.301 E2920.87168
G1 X97.459 Y196.196 E2920.90649
G1 X97.876 Y197.379 E2920.94821
G1 X98.095 Y198.03 E2920.97106
G1 X98.167 Y198.635 E2920.99132
G1 X98.308 Y199.858 E2921.03227
G1 X98.277 Y200.415 E2921.05082
G1 X98.201 Y201.11 E2921.07408
G1 X98.084 Y202.018 E2921.10453
G1 X97.86 Y202.667 E2921.12736
G1 X97.49 Y203.721 E2921.16452
G1 X96.891 Y204.739 E2921.2038
G1 X96.321 Y205.605 E2921.23828
G1 X95.86 Y206.069 E2921.26004
G1 X94.965 Y206.947 E2921.30174
G1 X94.409 Y207.304 E2921.32372
G1 X93.754 Y207.719 E2921.34951
G1 X93.153 Y208.058 E2921.37246
G1 X92.24 Y208.376 E2921.40461
G1 X91.359 Y208.669 E2921.43549
G1 X89.579 Y208.873 E2921.49508
G1 X89.283 Y208.873 E2921.50493
G1 X87.599 Y208.682 E2921.5613
G1 X87.415 Y208.647 E2921.56753
G1 X85.779 Y208.079 E2921.62513
G1 X85.485 Y207.951 E2921.63579
G1 X84.186 Y207.135 E2921.68681
G1 X83.837 Y206.892 E2921.70096
G1 X82.835 Y205.894 E2921.74799
G1 X82.466 Y205.504 E2921.76585
G1 X82.097 Y204.923 E2921.78874
G1 X81.498 Y203.973 E2921.8261
G1 X81.216 Y203.247 E2921.852
G1 X81.035 Y202.734 E2921.8701
G1 X80.762 Y201.902 E2921.89922
G1 X80.674 Y201.14 E2921.92473
G1 X80.556 Y199.985 E2921.96335
M204 S3000
M205 X10 Y10
G0 F6000 X82.088 Y196.463
G0 X83.06 Y194.917
G0 X84.351 Y193.625
G0 X85.897 Y192.654
G0 X87.621 Y192.052
G0 X89.435 Y191.846
G0 X90.903 Y192.012
G0 X119.245 Y197.333
M204 S1800
M205 X8 Y8
G1 F1200 X118.982 Y196.981 E2921.97796
G1 X118.845 Y196.592 E2921.99168
G1 X118.778 Y196.009 E2922.0112
G1 X118.651 Y195.239 E2922.03715
G1 X118.339 Y193.558 E2922.09402
G1 X117.534 Y190.644 E2922.19457
G1 X116.691 Y188.527 E2922.27036
G1 X116.226 Y187.392 E2922.31115
G1 X115.042 Y185.158 E2922.39525
G1 X114.775 Y184.677 E2922.41354
G1 X113.199 Y182.347 E2922.5071
G1 X112.904 Y181.943 E2922.52374
G1 X111.453 Y180.235 E2922.59828
G1 X110.857 Y179.556 E2922.62833
G1 X109.142 Y177.928 E2922.70698
G1 X108.487 Y177.331 E2922.73646
G1 X106.683 Y175.961 E2922.8118
G1 X105.823 Y175.345 E2922.84698
G1 X105.957 Y175.557 E2922.85533
G1 X106.29 Y176.317 E2922.88292
G1 X106.386 Y176.685 E2922.89557
G1 X106.449 Y177.376 E2922.91865
G1 X106.392 Y178.215 E2922.94662
G1 X106.306 Y178.603 E2922.95984
G1 X106.047 Y179.241 E2922.98274
G1 X105.594 Y179.973 E2923.01137
G1 X105.339 Y180.277 E2923.02457
G1 X104.839 Y180.708 E2923.04652
G1 X104.078 Y181.157 E2923.07591
G1 X103.708 Y181.31 E2923.08923
G1 X103.052 Y181.455 E2923.11157
G1 X102.175 Y181.5 E2923.14078
G1 X101.707 Y181.444 E2923.15646
G1 X101.108 Y181.276 E2923.17715
G1 X100.322 Y180.911 E2923.20597
G1 X99.903 Y180.602 E2923.22329
G1 X99.497 Y180.226 E2923.2417
G1 X98.975 Y179.542 E2923.27031
G1 X98.763 Y179.13 E2923.28572
G1 X98.578 Y178.64 E2923.30314
G1 X98.416 Y177.716 E2923.33435
G1 X98.408 Y177.314 E2923.34772
G1 X98.513 Y176.62 E2923.37106
G1 X98.768 Y175.822 E2923.39893
G1 X98.946 Y175.46 E2923.41234
G1 X99.36 Y174.898 E2923.43556
G1 X99.961 Y174.31 E2923.46353
G1 X100.325 Y174.053 E2923.47835
G1 X100.934 Y173.76 E2923.50082
G1 X101.714 Y173.523 E2923.52794
G1 X102.121 Y173.466 E2923.54161
G1 X102.55 Y173.478 E2923.55588
G1 X100.926 Y172.73 E2923.61535
G1 X100.285 Y172.45 E2923.63862
G1 X99.686 Y172.243 E2923.65969
G1 X98.058 Y171.695 E2923.71683
G1 X97.203 Y171.428 E2923.74662
G1 X95.27 Y171.001 E2923.81246
G1 X94.091 Y170.757 E2923.8525
G1 X91.472 Y170.47 E2923.94013
G1 X90.893 Y170.425 E2923.95945
G1 X88.391 Y170.424 E2924.04267
G1 X87.688 Y170.44 E2924.06606
G1 X85.206 Y170.709 E2924.14909
G1 X84.486 Y170.807 E2924.17326
G1 X82.043 Y171.344 E2924.25645
G1 X81.301 Y171.53 E2924.2819
G1 X79.138 Y172.259 E2924.35781
G1 X78.317 Y172.558 E2924.38687
G1 X75.61 Y173.811 E2924.48609
G1 X72.858 Y175.46 E2924.59279
G1 X70.293 Y177.403 E2924.69982
G1 X67.958 Y179.609 E2924.80666
G1 X65.871 Y182.055 E2924.9136
G1 X64.069 Y184.712 E2925.02038
G1 X62.564 Y187.549 E2925.1272
G1 X61.363 Y190.559 E2925.23498
G1 X60.511 Y193.627 E2925.34089
G1 X59.996 Y196.764 E2925.44662
G1 X59.93 Y198.001 E2925.48782
G1 X60.358 Y197.416 E2925.51193
G1 X60.959 Y196.827 E2925.53992
G1 X61.294 Y196.584 E2925.55368
G1 X61.934 Y196.277 E2925.57729
G1 X62.718 Y196.038 E2925.60455
G1 X63.119 Y195.983 E2925.61802
G1 X63.817 Y196.004 E2925.64124
G1 X64.633 Y196.158 E2925.66886
G1 X65.015 Y196.292 E2925.68233
G1 X65.571 Y196.593 E2925.70335
G1 X66.296 Y197.17 E2925.73417
G1 X66.556 Y197.45 E2925.74688
G1 X66.911 Y197.974 E2925.76793
G1 X67.284 Y198.822 E2925.79874
G1 X67.386 Y199.199 E2925.81173
G1 X67.452 Y199.814 E2925.83231
G1 X67.392 Y200.732 E2925.86291
G1 X67.315 Y201.104 E2925.87554
G1 X67.083 Y201.7 E2925.89681
G1 X66.761 Y202.223 E2925.91724
G1 X66.362 Y202.77 E2925.93976
G1 X65.886 Y203.19 E2925.96087
G1 X65.345 Y203.515 E2925.98186
G1 X64.736 Y203.817 E2926.00447
G1 X64.018 Y203.972 E2926.0289
G1 X63.185 Y204.016 E2926.05665
G1 X62.776 Y203.978 E2926.07031
G1 X62.097 Y203.786 E2926.09378
G1 X61.349 Y203.443 E2926.12115
G1 X61.006 Y203.219 E2926.13477
G1 X60.492 Y202.737 E2926.15821
G1 X59.987 Y202.079 E2926.1858
G1 X59.926 Y201.972 E2926.18989
G1 X59.99 Y203.173 E2926.2299
G1 X60.077 Y203.712 E2926.24806
G1 X60.512 Y206.374 E2926.33777
G1 X61.365 Y209.442 E2926.44368
G1 X62.565 Y212.452 E2926.55146
G1 X64.07 Y215.289 E2926.65827
G1 X65.872 Y217.946 E2926.76505
G1 X67.959 Y220.392 E2926.87199
G1 X70.294 Y222.598 E2926.97883
G1 X72.86 Y224.541 E2927.08589
G1 X75.609 Y226.191 E2927.19252
G1 X78.528 Y227.536 E2927.29942
G1 X81.057 Y228.386 E2927.38816
G1 X81.56 Y228.548 E2927.40574
G1 X84.198 Y229.132 E2927.4956
G1 X84.698 Y229.237 E2927.51259
G1 X87.36 Y229.524 E2927.60164
G1 X87.892 Y229.577 E2927.61943
G1 X91.106 Y229.57 E2927.72633
G1 X93.499 Y229.309 E2927.80639
G1 X94.295 Y229.215 E2927.83305
G1 X97.434 Y228.517 E2927.94
G1 X99.612 Y227.783 E2928.01644
G1 X100.433 Y227.497 E2928.04536
G1 X102.56 Y226.516 E2928.12327
G1 X102.156 Y226.534 E2928.13672
G1 X101.771 Y226.493 E2928.14959
G1 X101.1 Y226.303 E2928.17279
G1 X100.495 Y226.026 E2928.19492
G1 X100.035 Y225.753 E2928.21271
G1 X99.495 Y225.251 E2928.23723
G1 X98.987 Y224.592 E2928.26491
G1 X98.792 Y224.243 E2928.27821
G1 X98.56 Y223.581 E2928.30154
G1 X98.416 Y222.749 E2928.32962
G1 X98.407 Y222.353 E2928.3428
G1 X98.493 Y221.709 E2928.36441
G1 X98.774 Y220.84 E2928.39478
G1 X98.945 Y220.496 E2928.40756
G1 X99.295 Y220 E2928.42775
G1 X99.963 Y219.342 E2928.45894
G1 X100.293 Y219.102 E2928.47251
G1 X100.901 Y218.802 E2928.49506
G1 X101.721 Y218.554 E2928.52355
G1 X102.114 Y218.499 E2928.53675
G1 X102.736 Y218.506 E2928.55744
G1 X103.641 Y218.677 E2928.58807
G1 X104.014 Y218.809 E2928.60123
G1 X104.611 Y219.136 E2928.62387
G1 X105.284 Y219.674 E2928.65253
G1 X105.571 Y219.988 E2928.66668
G1 X105.939 Y220.555 E2928.68916
G1 X106.278 Y221.323 E2928.71708
G1 X106.4 Y221.835 E2928.73459
G1 X106.45 Y222.411 E2928.75382
G1 X106.392 Y223.245 E2928.78162
G1 X106.309 Y223.636 E2928.79492
G1 X106.03 Y224.307 E2928.81909
G1 X105.81 Y224.659 E2928.83289
G1 X106.758 Y223.982 E2928.87164
G1 X108.177 Y222.904 E2928.93091
G1 X108.633 Y222.548 E2928.95015
G1 X110.463 Y220.819 E2929.03389
G1 X111.006 Y220.294 E2929.05901
G1 X112.626 Y218.384 E2929.14231
G1 X113.071 Y217.844 E2929.16558
G1 X114.594 Y215.597 E2929.25587
G1 X115.041 Y214.845 E2929.28496
G1 X116.084 Y212.871 E2929.35922
G1 X116.358 Y212.337 E2929.37918
G1 X117.517 Y209.417 E2929.48367
G1 X118.304 Y206.604 E2929.58083
G1 X118.497 Y205.674 E2929.61242
G1 X118.675 Y204.569 E2929.64964
G1 X118.778 Y203.873 E2929.67304
G1 X118.892 Y203.167 E2929.69683
G1 X119.114 Y202.756 E2929.71237
G1 X119.459 Y202.446 E2929.72779
G1 X119.925 Y202.258 E2929.74451
G1 X120.232 Y202.229 E2929.75476
G1 X127.166 Y202.229 E2929.98539
G1 X128.59 Y202.239 E2930.03275
G1 X128.272 Y201.685 E2930.054
G1 X128.049 Y201.02 E2930.07733
G1 X127.916 Y200.223 E2930.1042
G1 X127.903 Y199.864 E2930.11615
G1 X127.976 Y199.278 E2930.13579
G1 X128.164 Y198.59 E2930.15951
G1 X128.497 Y197.898 E2930.18505
G1 X128.639 Y197.699 E2930.19319
G1 X124.873 Y197.676 E2930.31845
G1 X120.19 Y197.714 E2930.47421
G1 X119.879 Y197.677 E2930.48463
G1 X119.605 Y197.58 E2930.49429
G1 X119.245 Y197.333 E2930.50881
M204 S3000
M205 X10 Y10
G0 F6000 X111.37 Y219.555
M204 S1800
M205 X8 Y8
G1 F1200 X109.003 Y221.922 E2930.62015
G1 X108.933 Y221.992
M204 S3000
M205 X10 Y10
G0 F6000 X106.617 Y222.045
M204 S1800
M205 X8 Y8
G1 F1200 X115.921 Y212.741 E2931.05778
G1 X115.991 Y212.671
M204 S3000
M205 X10 Y10
G0 F6000 X116.394 Y211.703
M204 S1800
M205 X8 Y8
G1 F1200 X106.539 Y221.557 E2931.52131
M204 S3000
M205 X10 Y10
G0 F6000 X106.405 Y221.126
M204 S1800
M205 X8 Y8
G1 F1200 X116.765 Y210.765 E2932.00863
G1 X116.835 Y210.695
M204 S3000
M205 X10 Y10
G0 F6000 X117.137 Y209.828
M204 S1800
M205 X8 Y8
G1 F1200 X106.235 Y220.73 E2932.52143
M204 S3000
M205 X10 Y10
G0 F6000 X106.044 Y220.355
M204 S1800
M205 X8 Y8
G1 F1200 X117.434 Y208.965 E2933.05718
G1 X117.504 Y208.895
M204 S3000
M205 X10 Y10
G0 F6000 X117.654 Y208.18
M204 S1800
M205 X8 Y8
G1 F1200 X105.823 Y220.011 E2933.61367
M204 S3000
M205 X10 Y10
G0 F6000 X105.574 Y219.694
M204 S1800
M205 X8 Y8
G1 F1200 X117.875 Y207.393 E2934.19228
G1 X117.945 Y207.323
M204 S3000
M205 X10 Y10
G0 F6000 X118.095 Y206.608
M204 S1800
M205 X8 Y8
G1 F1200 X105.284 Y219.418 E2934.79484
M204 S3000
M205 X10 Y10
G0 F6000 X104.97 Y219.167
M204 S1800
M205 X8 Y8
G1 F1200 X118.247 Y205.89 E2935.41935
M204 S3000
M205 X10 Y10
G0 F6000 X118.371 Y205.2
M204 S1800
M205 X8 Y8
G1 F1200 X104.644 Y218.928 E2936.06505
M204 S3000
M205 X10 Y10
G0 F6000 X104.279 Y218.727
M204 S1800
M205 X8 Y8
G1 F1200 X118.475 Y204.53 E2936.73281
M204 S3000
M205 X10 Y10
G0 F6000 X118.576 Y203.863
M204 S1800
M205 X8 Y8
G1 F1200 X103.888 Y218.551 E2937.42369
M204 S3000
M205 X10 Y10
G0 F6000 X103.439 Y218.435
M204 S1800
M205 X8 Y8
G1 F1200 X118.686 Y203.188 E2938.14086
G1 X118.756 Y203.118
M204 S3000
M205 X10 Y10
G0 F6000 X119.787 Y202.087
M204 S1800
M205 X8 Y8
G1 F1200 X123.992 Y197.882 E2938.33865
M204 S3000
M205 X10 Y10
G0 F6000 X124.562 Y197.878
M204 S1800
M205 X8 Y8
G1 F1200 X120.41 Y202.03 E2938.53395
M204 S3000
M205 X10 Y10
G0 F6000 X120.976 Y202.03
M204 S1800
M205 X8 Y8
G1 F1200 X125.129 Y197.876 E2938.72932
M204 S3000
M205 X10 Y10
G0 F6000 X125.691 Y197.88
M204 S1800
M205 X8 Y8
G1 F1200 X121.542 Y202.029 E2938.92447
M204 S3000
M205 X10 Y10
G0 F6000 X122.108 Y202.029
M204 S1800
M205 X8 Y8
G1 F1200 X126.253 Y197.883 E2939.11947
M204 S3000
M205 X10 Y10
G0 F6000 X126.816 Y197.887
M204 S1800
M205 X8 Y8
G1 F1200 X122.673 Y202.029 E2939.31432
M204 S3000
M205 X10 Y10
G0 F6000 X123.24 Y202.028
M204 S1800
M205 X8 Y8
G1 F1200 X127.378 Y197.89 E2939.50895
M204 S3000
M205 X10 Y10
G0 F6000 X127.94 Y197.894
M204 S1800
M205 X8 Y8
G1 F1200 X123.805 Y202.028 E2939.70343
M204 S3000
M205 X10 Y10
G0 F6000 X124.372 Y202.028
M204 S1800
M205 X8 Y8
G1 F1200 X128.056 Y198.344 E2939.87671
G1 X128.126 Y198.274
M204 S3000
M205 X10 Y10
G0 F6000 X127.796 Y199.17
M204 S1800
M205 X8 Y8
G1 F1200 X124.937 Y202.028 E2940.01117
M204 S3000
M205 X10 Y10
G0 F6000 X125.503 Y202.028
M204 S1800
M205 X8 Y8
G1 F1200 X127.704 Y199.826 E2940.11472
M204 S3000
M205 X10 Y10
G0 F6000 X127.736 Y200.36
M204 S1800
M205 X8 Y8
G1 F1200 X126.067 Y202.029 E2940.19322
M204 S3000
M205 X10 Y10
G0 F6000 X126.632 Y202.031
M204 S1800
M205 X8 Y8
G1 F1200 X127.818 Y200.844 E2940.24903
M204 S3000
M205 X10 Y10
G0 F6000 X127.929 Y201.299
M204 S1800
M205 X8 Y8
G1 F1200 X127.195 Y202.033 E2940.28356
M204 S3000
M205 X10 Y10
G0 F6000 X127.759 Y202.035
M204 S1800
M205 X8 Y8
G1 F1200 X128.071 Y201.722 E2940.29826
M204 S3000
M205 X10 Y10
G0 F6000 X123.421 Y197.887
M204 S1800
M205 X8 Y8
G1 F1200 X102.963 Y218.346 E2941.26056
M204 S3000
M205 X10 Y10
G0 F6000 X102.439 Y218.304
M204 S1800
M205 X8 Y8
G1 F1200 X122.851 Y197.892 E2942.22068
M204 S3000
M205 X10 Y10
G0 F6000 X122.281 Y197.896
M204 S1800
M205 X8 Y8
G1 F1200 X101.842 Y218.335 E2943.18207
G1 X101.772 Y218.405
M204 S3000
M205 X10 Y10
G0 F6000 X101.064 Y218.547
M204 S1800
M205 X8 Y8
G1 F1200 X121.71 Y197.901 E2944.15319
M204 S3000
M205 X10 Y10
G0 F6000 X121.14 Y197.906
M204 S1800
M205 X8 Y8
G1 F1200 X99.923 Y219.123 E2945.15118
G1 X99.853 Y219.193
M204 S3000
M205 X10 Y10
G0 F6000 X99.057 Y219.989
M204 S1800
M205 X8 Y8
G1 F1200 X89.673 Y229.372 E2945.59255
M204 S3000
M205 X10 Y10
G0 F6000 X90.24 Y229.371
M204 S1800
M205 X8 Y8
G1 F1200 X98.463 Y221.149 E2945.97931
M204 S3000
M205 X10 Y10
G0 F6000 X98.264 Y221.913
M204 S1800
M205 X8 Y8
G1 F1200 X90.814 Y229.363 E2946.32973
M204 S3000
M205 X10 Y10
G0 F6000 X91.411 Y229.331
M204 S1800
M205 X8 Y8
G1 F1200 X98.211 Y222.532 E2946.64956
M204 S3000
M205 X10 Y10
G0 F6000 X98.263 Y223.046
M204 S1800
M205 X8 Y8
G1 F1200 X92.044 Y229.265 E2946.94208
M204 S3000
M205 X10 Y10
G0 F6000 X92.681 Y229.193
M204 S1800
M205 X8 Y8
G1 F1200 X98.345 Y223.529 E2947.2085
M204 S3000
M205 X10 Y10
G0 F6000 X98.483 Y223.957
M204 S1800
M205 X8 Y8
G1 F1200 X93.317 Y229.123 E2947.45149
M204 S3000
M205 X10 Y10
G0 F6000 X93.954 Y229.051
M204 S1800
M205 X8 Y8
G1 F1200 X98.636 Y224.369 E2947.67172
M204 S3000
M205 X10 Y10
G0 F6000 X98.841 Y224.73
M204 S1800
M205 X8 Y8
G1 F1200 X94.638 Y228.933 E2947.86942
M204 S3000
M205 X10 Y10
G0 F6000 X95.366 Y228.771
M204 S1800
M205 X8 Y8
G1 F1200 X99.088 Y225.049 E2948.04449
M204 S3000
M205 X10 Y10
G0 F6000 X99.335 Y225.368
M204 S1800
M205 X8 Y8
G1 F1200 X96.093 Y228.609 E2948.19696
M204 S3000
M205 X10 Y10
G0 F6000 X96.821 Y228.447
M204 S1800
M205 X8 Y8
G1 F1200 X99.623 Y225.645 E2948.32876
M204 S3000
M205 X10 Y10
G0 F6000 X99.923 Y225.911
M204 S1800
M205 X8 Y8
G1 F1200 X97.577 Y228.256 E2948.43908
G1 X97.507 Y228.326
M204 S3000
M205 X10 Y10
G0 F6000 X98.43 Y227.969
M204 S1800
M205 X8 Y8
G1 F1200 X100.274 Y226.125 E2948.52582
M204 S3000
M205 X10 Y10
G0 F6000 X100.65 Y226.315
M204 S1800
M205 X8 Y8
G1 F1200 X99.287 Y227.678 E2948.58993
G1 X99.217 Y227.748
M204 S3000
M205 X10 Y10
G0 F6000 X100.148 Y227.382
M204 S1800
M205 X8 Y8
G1 F1200 X101.042 Y226.489 E2948.63196
M204 S3000
M205 X10 Y10
G0 F6000 X101.481 Y226.615
M204 S1800
M205 X8 Y8
G1 F1200 X101.155 Y226.942 E2948.64731
M204 S3000
M205 X10 Y10
G0 F6000 X103.563 Y225.645
G0 X106.383 Y223.976
M204 S1800
M205 X8 Y8
G1 F1200 X113.489 Y216.871 E2948.98153
G1 X113.559 Y216.801
M204 S3000
M205 X10 Y10
G0 F6000 X114.639 Y215.154
M204 S1800
M205 X8 Y8
G1 F1200 X106.597 Y223.197 E2949.35983
M204 S3000
M205 X10 Y10
G0 F6000 X106.64 Y222.588
M204 S1800
M205 X8 Y8
G1 F1200 X115.297 Y213.931 E2949.76703
G1 X115.367 Y213.861
M204 S3000
M205 X10 Y10
G0 F6000 X119.57 Y197.779
M204 S1800
M205 X8 Y8
G1 F1200 X87.973 Y229.376 E2951.25325
M204 S3000
M205 X10 Y10
G0 F6000 X87.454 Y229.328
M204 S1800
M205 X8 Y8
G1 F1200 X119.218 Y197.564 E2952.74734
M204 S3000
M205 X10 Y10
G0 F6000 X118.948 Y197.269
M204 S1800
M205 X8 Y8
G1 F1200 X86.943 Y229.274 E2954.25275
M204 S3000
M205 X10 Y10
G0 F6000 X86.432 Y229.219
M204 S1800
M205 X8 Y8
G1 F1200 X118.749 Y196.903 E2955.77282
M204 S3000
M205 X10 Y10
G0 F6000 X118.631 Y196.455
M204 S1800
M205 X8 Y8
G1 F1200 X85.921 Y229.165 E2957.3114
M204 S3000
M205 X10 Y10
G0 F6000 X85.41 Y229.111
M204 S1800
M205 X8 Y8
G1 F1200 X118.566 Y195.954 E2958.87098
M204 S3000
M205 X10 Y10
G0 F6000 X118.486 Y195.469
M204 S1800
M205 X8 Y8
G1 F1200 X84.898 Y229.056 E2960.45083
M204 S3000
M205 X10 Y10
G0 F6000 X84.419 Y228.97
M204 S1800
M205 X8 Y8
G1 F1200 X118.4 Y194.989 E2962.04919
M204 S3000
M205 X10 Y10
G0 F6000 X118.311 Y194.512
M204 S1800
M205 X8 Y8
G1 F1200 X83.954 Y228.869 E2963.66524
M204 S3000
M205 X10 Y10
G0 F6000 X83.49 Y228.767
M204 S1800
M205 X8 Y8
G1 F1200 X118.223 Y194.035 E2965.29895
M204 S3000
M205 X10 Y10
G0 F6000 X118.132 Y193.56
M204 S1800
M205 X8 Y8
G1 F1200 X83.027 Y228.665 E2966.95018
M204 S3000
M205 X10 Y10
G0 F6000 X82.563 Y228.563
M204 S1800
M205 X8 Y8
G1 F1200 X118.009 Y193.117 E2968.61746
M204 S3000
M205 X10 Y10
G0 F6000 X117.886 Y192.674
M204 S1800
M205 X8 Y8
G1 F1200 X82.099 Y228.461 E2970.30077
M204 S3000
M205 X10 Y10
G0 F6000 X81.653 Y228.342
M204 S1800
M205 X8 Y8
G1 F1200 X117.764 Y192.231 E2971.99932
M204 S3000
M205 X10 Y10
G0 F6000 X117.642 Y191.787
M204 S1800
M205 X8 Y8
G1 F1200 X81.207 Y228.222 E2973.71311
M204 S3000
M205 X10 Y10
G0 F6000 X80.782 Y228.082
M204 S1800
M205 X8 Y8
G1 F1200 X117.519 Y191.344 E2975.44113
M204 S3000
M205 X10 Y10
G0 F6000 X117.396 Y190.901
M204 S1800
M205 X8 Y8
G1 F1200 X80.358 Y227.94 E2977.1833
M204 S3000
M205 X10 Y10
G0 F6000 X79.934 Y227.797
M204 S1800
M205 X8 Y8
G1 F1200 X117.252 Y190.48 E2978.93861
M204 S3000
M205 X10 Y10
G0 F6000 X117.091 Y190.075
M204 S1800
M205 X8 Y8
G1 F1200 X79.512 Y227.655 E2980.70623
M204 S3000
M205 X10 Y10
G0 F6000 X79.088 Y227.513
M204 S1800
M205 X8 Y8
G1 F1200 X116.93 Y189.67 E2982.48623
M204 S3000
M205 X10 Y10
G0 F6000 X116.77 Y189.265
M204 S1800
M205 X8 Y8
G1 F1200 X78.664 Y227.37 E2984.27859
M204 S3000
M205 X10 Y10
G0 F6000 X78.272 Y227.197
M204 S1800
M205 X8 Y8
G1 F1200 X116.608 Y188.861 E2986.0818
M204 S3000
M205 X10 Y10
G0 F6000 X116.444 Y188.46
M204 S1800
M205 X8 Y8
G1 F1200 X77.884 Y227.019 E2987.89552
M204 S3000
M205 X10 Y10
G0 F6000 X77.498 Y226.84
M204 S1800
M205 X8 Y8
G1 F1200 X116.28 Y188.057 E2989.71973
M204 S3000
M205 X10 Y10
G0 F6000 X116.116 Y187.656
M204 S1800
M205 X8 Y8
G1 F1200 X77.11 Y226.662 E2991.55445
M204 S3000
M205 X10 Y10
G0 F6000 X76.723 Y226.483
M204 S1800
M205 X8 Y8
G1 F1200 X115.935 Y187.271 E2993.39886
M204 S3000
M205 X10 Y10
G0 F6000 X115.739 Y186.901
M204 S1800
M205 X8 Y8
G1 F1200 X76.336 Y226.305 E2995.25228
M204 S3000
M205 X10 Y10
G0 F6000 X75.948 Y226.127
M204 S1800
M205 X8 Y8
G1 F1200 X94.757 Y207.318 E2996.137
G1 X94.827 Y207.248
M204 S3000
M205 X10 Y10
G0 F6000 X93.316 Y208.193
M204 S1800
M205 X8 Y8
G1 F1200 X75.574 Y225.936 E2996.97155
M204 S3000
M205 X10 Y10
G0 F6000 X75.22 Y225.724
M204 S1800
M205 X8 Y8
G1 F1200 X92.421 Y208.522 E2997.78066
G1 X92.491 Y208.452
M204 S3000
M205 X10 Y10
G0 F6000 X91.57 Y208.808
M204 S1800
M205 X8 Y8
G1 F1200 X74.867 Y225.511 E2998.56632
M204 S3000
M205 X10 Y10
G0 F6000 X74.513 Y225.299
M204 S1800
M205 X8 Y8
G1 F1200 X90.891 Y208.921 E2999.33669
M204 S3000
M205 X10 Y10
G0 F6000 X90.252 Y208.994
M204 S1800
M205 X8 Y8
G1 F1200 X74.159 Y225.087 E3000.09365
M204 S3000
M205 X10 Y10
G0 F6000 X73.806 Y224.875
M204 S1800
M205 X8 Y8
G1 F1200 X89.632 Y209.049 E3000.83806
M204 S3000
M205 X10 Y10
G0 F6000 X89.069 Y209.046
M204 S1800
M205 X8 Y8
G1 F1200 X73.452 Y224.663 E3001.57264
M204 S3000
M205 X10 Y10
G0 F6000 X73.099 Y224.451
M204 S1800
M205 X8 Y8
G1 F1200 X88.56 Y208.989 E3002.2999
M204 S3000
M205 X10 Y10
G0 F6000 X88.051 Y208.933
M204 S1800
M205 X8 Y8
G1 F1200 X72.765 Y224.219 E3003.01891
M204 S3000
M205 X10 Y10
G0 F6000 X72.443 Y223.975
M204 S1800
M205 X8 Y8
G1 F1200 X87.544 Y208.874 E3003.72921
M204 S3000
M205 X10 Y10
G0 F6000 X87.105 Y208.747
M204 S1800
M205 X8 Y8
G1 F1200 X72.122 Y223.731 E3004.43399
M204 S3000
M205 X10 Y10
G0 F6000 X71.8 Y223.487
M204 S1800
M205 X8 Y8
G1 F1200 X86.684 Y208.602 E3005.13411
M204 S3000
M205 X10 Y10
G0 F6000 X86.264 Y208.457
M204 S1800
M205 X8 Y8
G1 F1200 X71.477 Y223.244 E3005.82964
M204 S3000
M205 X10 Y10
G0 F6000 X71.156 Y223
M204 S1800
M205 X8 Y8
G1 F1200 X85.844 Y208.312 E3006.52052
M204 S3000
M205 X10 Y10
G0 F6000 X85.44 Y208.15
M204 S1800
M205 X8 Y8
G1 F1200 X70.834 Y222.756 E3007.20754
M204 S3000
M205 X10 Y10
G0 F6000 X70.512 Y222.512
M204 S1800
M205 X8 Y8
G1 F1200 X85.091 Y207.933 E3007.8933
M204 S3000
M205 X10 Y10
G0 F6000 X84.742 Y207.716
M204 S1800
M205 X8 Y8
G1 F1200 X70.212 Y222.246 E3008.57674
M204 S3000
M205 X10 Y10
G0 F6000 X69.922 Y221.971
M204 S1800
M205 X8 Y8
G1 F1200 X84.394 Y207.499 E3009.25746
M204 S3000
M205 X10 Y10
G0 F6000 X84.048 Y207.279
M204 S1800
M205 X8 Y8
G1 F1200 X69.63 Y221.697 E3009.93564
M204 S3000
M205 X10 Y10
G0 F6000 X69.34 Y221.422
M204 S1800
M205 X8 Y8
G1 F1200 X83.715 Y207.047 E3010.6118
M204 S3000
M205 X10 Y10
G0 F6000 X83.431 Y206.765
M204 S1800
M205 X8 Y8
G1 F1200 X69.049 Y221.146 E3011.28826
M204 S3000
M205 X10 Y10
G0 F6000 X68.758 Y220.872
M204 S1800
M205 X8 Y8
G1 F1200 X83.147 Y206.483 E3011.96507
M204 S3000
M205 X10 Y10
G0 F6000 X82.863 Y206.202
M204 S1800
M205 X8 Y8
G1 F1200 X68.467 Y220.597 E3012.64219
M204 S3000
M205 X10 Y10
G0 F6000 X68.176 Y220.323
M204 S1800
M205 X8 Y8
G1 F1200 X82.582 Y205.917 E3013.31981
M204 S3000
M205 X10 Y10
G0 F6000 X82.308 Y205.625
M204 S1800
M205 X8 Y8
G1 F1200 X67.909 Y220.024 E3013.99709
M204 S3000
M205 X10 Y10
G0 F6000 X67.648 Y219.719
M204 S1800
M205 X8 Y8
G1 F1200 X82.088 Y205.279 E3014.6763
M204 S3000
M205 X10 Y10
G0 F6000 X81.869 Y204.932
M204 S1800
M205 X8 Y8
G1 F1200 X67.388 Y219.413 E3015.35745
M204 S3000
M205 X10 Y10
G0 F6000 X67.127 Y219.109
M204 S1800
M205 X8 Y8
G1 F1200 X81.649 Y204.587 E3016.04052
M204 S3000
M205 X10 Y10
G0 F6000 X81.43 Y204.24
M204 S1800
M205 X8 Y8
G1 F1200 X66.867 Y218.803 E3016.72551
M204 S3000
M205 X10 Y10
G0 F6000 X66.607 Y218.498
M204 S1800
M205 X8 Y8
G1 F1200 X81.229 Y203.875 E3017.41331
M204 S3000
M205 X10 Y10
G0 F6000 X81.08 Y203.459
M204 S1800
M205 X8 Y8
G1 F1200 X66.346 Y218.193 E3018.10635
M204 S3000
M205 X10 Y10
G0 F6000 X66.086 Y217.887
M204 S1800
M205 X8 Y8
G1 F1200 X80.931 Y203.042 E3018.80462
M204 S3000
M205 X10 Y10
G0 F6000 X80.786 Y202.621
M204 S1800
M205 X8 Y8
G1 F1200 X65.85 Y217.557 E3019.50716
M204 S3000
M205 X10 Y10
G0 F6000 X65.622 Y217.22
M204 S1800
M205 X8 Y8
G1 F1200 X80.646 Y202.195 E3020.21387
M204 S3000
M205 X10 Y10
G0 F6000 X80.544 Y201.732
M204 S1800
M205 X8 Y8
G1 F1200 X65.393 Y216.883 E3020.92652
M204 S3000
M205 X10 Y10
G0 F6000 X65.164 Y216.546
M204 S1800
M205 X8 Y8
G1 F1200 X80.485 Y201.225 E3021.64718
M204 S3000
M205 X10 Y10
G0 F6000 X80.431 Y200.713
M204 S1800
M205 X8 Y8
G1 F1200 X64.936 Y216.209 E3022.37604
M204 S3000
M205 X10 Y10
G0 F6000 X64.708 Y215.871
M204 S1800
M205 X8 Y8
G1 F1200 X80.377 Y200.202 E3023.11306
M204 S3000
M205 X10 Y10
G0 F6000 X80.39 Y199.623
M204 S1800
M205 X8 Y8
G1 F1200 X64.479 Y215.534 E3023.86146
M204 S3000
M205 X10 Y10
G0 F6000 X64.251 Y215.197
M204 S1800
M205 X8 Y8
G1 F1200 X80.46 Y198.988 E3024.62389
M204 S3000
M205 X10 Y10
G0 F6000 X80.543 Y198.339
M204 S1800
M205 X8 Y8
G1 F1200 X64.053 Y214.828 E3025.3995
M204 S3000
M205 X10 Y10
G0 F6000 X63.857 Y214.459
M204 S1800
M205 X8 Y8
G1 F1200 X80.702 Y197.615 E3026.19182
G1 X80.772 Y197.545
M204 S3000
M205 X10 Y10
G0 F6000 X81.004 Y196.746
M204 S1800
M205 X8 Y8
G1 F1200 X63.661 Y214.09 E3027.0076
M204 S3000
M205 X10 Y10
G0 F6000 X63.464 Y213.72
M204 S1800
M205 X8 Y8
G1 F1200 X81.45 Y195.735 E3027.85358
G1 X81.52 Y195.665
M204 S3000
M205 X10 Y10
G0 F6000 X85.182 Y192.003
M204 S1800
M205 X8 Y8
G1 F1200 X98.415 Y178.77 E3028.47602
M204 S3000
M205 X10 Y10
G0 F6000 X98.571 Y179.18
M204 S1800
M205 X8 Y8
G1 F1200 X86.178 Y191.572 E3029.05893
G1 X86.108 Y191.642
M204 S3000
M205 X10 Y10
G0 F6000 X87.053 Y191.263
M204 S1800
M205 X8 Y8
G1 F1200 X98.758 Y179.558 E3029.6095
M204 S3000
M205 X10 Y10
G0 F6000 X98.99 Y179.892
M204 S1800
M205 X8 Y8
G1 F1200 X87.783 Y191.099 E3030.13664
M204 S3000
M205 X10 Y10
G0 F6000 X88.423 Y191.024
M204 S1800
M205 X8 Y8
G1 F1200 X99.236 Y180.212 E3030.64523
M204 S3000
M205 X10 Y10
G0 F6000 X99.508 Y180.505
M204 S1800
M205 X8 Y8
G1 F1200 X89.063 Y190.95 E3031.13653
M204 S3000
M205 X10 Y10
G0 F6000 X89.642 Y190.937
M204 S1800
M205 X8 Y8
G1 F1200 X99.801 Y180.778 E3031.61437
M204 S3000
M205 X10 Y10
G0 F6000 X100.132 Y181.012
M204 S1800
M205 X8 Y8
G1 F1200 X90.153 Y190.991 E3032.08376
M204 S3000
M205 X10 Y10
G0 F6000 X90.662 Y191.048
M204 S1800
M205 X8 Y8
G1 F1200 X100.498 Y181.212 E3032.54641
M204 S3000
M205 X10 Y10
G0 F6000 X100.887 Y181.389
M204 S1800
M205 X8 Y8
G1 F1200 X91.167 Y191.109 E3033.00361
M204 S3000
M205 X10 Y10
G0 F6000 X91.633 Y191.208
M204 S1800
M205 X8 Y8
G1 F1200 X101.305 Y181.536 E3033.45855
M204 S3000
M205 X10 Y10
G0 F6000 X101.755 Y181.652
M204 S1800
M205 X8 Y8
G1 F1200 X92.056 Y191.352 E3033.91479
M204 S3000
M205 X10 Y10
G0 F6000 X92.477 Y191.496
M204 S1800
M205 X8 Y8
G1 F1200 X102.28 Y181.693 E3034.37589
M204 S3000
M205 X10 Y10
G0 F6000 X102.879 Y181.66
M204 S1800
M205 X8 Y8
G1 F1200 X92.895 Y191.644 E3034.84551
M204 S3000
M205 X10 Y10
G0 F6000 X93.31 Y191.794
M204 S1800
M205 X8 Y8
G1 F1200 X103.56 Y181.545 E3035.32761
G1 X103.63 Y181.475
M204 S3000
M205 X10 Y10
G0 F6000 X104.578 Y181.092
M204 S1800
M205 X8 Y8
G1 F1200 X93.671 Y191.999 E3035.84064
M204 S3000
M205 X10 Y10
G0 F6000 X94.021 Y192.214
M204 S1800
M205 X8 Y8
G1 F1200 X108.564 Y177.671 E3036.5247
M204 S3000
M205 X10 Y10
G0 F6000 X108.258 Y177.413
M204 S1800
M205 X8 Y8
G1 F1200 X106.046 Y179.624 E3036.62872
G1 X105.976 Y179.694
M204 S3000
M205 X10 Y10
G0 F6000 X106.509 Y178.596
M204 S1800
M205 X8 Y8
G1 F1200 X107.937 Y177.167 E3036.69592
M204 S3000
M205 X10 Y10
G0 F6000 X107.616 Y176.923
M204 S1800
M205 X8 Y8
G1 F1200 X106.611 Y177.928 E3036.74319
M204 S3000
M205 X10 Y10
G0 F6000 X106.645 Y177.328
M204 S1800
M205 X8 Y8
G1 F1200 X107.296 Y176.677 E3036.77381
M204 S3000
M205 X10 Y10
G0 F6000 X106.975 Y176.433
M204 S1800
M205 X8 Y8
G1 F1200 X106.598 Y176.809 E3036.79152
M204 S3000
M205 X10 Y10
G0 F6000 X106.498 Y176.343
M204 S1800
M205 X8 Y8
G1 F1200 X106.651 Y176.191 E3036.79869
M204 S3000
M205 X10 Y10
G0 F6000 X108.86 Y177.942
M204 S1800
M205 X8 Y8
G1 F1200 X94.368 Y192.434 E3037.48035
M204 S3000
M205 X10 Y10
G0 F6000 X94.711 Y192.656
M204 S1800
M205 X8 Y8
G1 F1200 X109.154 Y178.213 E3038.1597
M204 S3000
M205 X10 Y10
G0 F6000 X109.444 Y178.489
M204 S1800
M205 X8 Y8
G1 F1200 X95.054 Y192.879 E3038.83657
M204 S3000
M205 X10 Y10
G0 F6000 X95.352 Y193.146
M204 S1800
M205 X8 Y8
G1 F1200 X109.735 Y178.764 E3039.51307
M204 S3000
M205 X10 Y10
G0 F6000 X110.025 Y179.04
M204 S1800
M205 X8 Y8
G1 F1200 X95.636 Y193.429 E3040.18989
M204 S3000
M205 X10 Y10
G0 F6000 X95.919 Y193.711
M204 S1800
M205 X8 Y8
G1 F1200 X110.315 Y179.315 E3040.86703
M204 S3000
M205 X10 Y10
G0 F6000 X110.605 Y179.59
M204 S1800
M205 X8 Y8
G1 F1200 X96.196 Y194 E3041.54481
M204 S3000
M205 X10 Y10
G0 F6000 X96.473 Y194.288
M204 S1800
M205 X8 Y8
G1 F1200 X110.878 Y179.883 E3042.22238
M204 S3000
M205 X10 Y10
G0 F6000 X111.143 Y180.184
M204 S1800
M205 X8 Y8
G1 F1200 X96.715 Y194.612 E3042.90103
M204 S3000
M205 X10 Y10
G0 F6000 X96.935 Y194.958
M204 S1800
M205 X8 Y8
G1 F1200 X111.406 Y180.486 E3043.58172
M204 S3000
M205 X10 Y10
G0 F6000 X111.666 Y180.793
M204 S1800
M205 X8 Y8
G1 F1200 X97.153 Y195.305 E3044.26435
M204 S3000
M205 X10 Y10
G0 F6000 X97.367 Y195.657
M204 S1800
M205 X8 Y8
G1 F1200 X111.925 Y181.099 E3044.94911
M204 S3000
M205 X10 Y10
G0 F6000 X112.185 Y181.405
M204 S1800
M205 X8 Y8
G1 F1200 X97.582 Y196.008 E3045.63599
M204 S3000
M205 X10 Y10
G0 F6000 X97.744 Y196.411
M204 S1800
M205 X8 Y8
G1 F1200 X112.445 Y181.71 E3046.32748
M204 S3000
M205 X10 Y10
G0 F6000 X112.705 Y182.017
M204 S1800
M205 X8 Y8
G1 F1200 X97.893 Y196.828 E3047.02417
M204 S3000
M205 X10 Y10
G0 F6000 X98.041 Y197.246
M204 S1800
M205 X8 Y8
G1 F1200 X112.945 Y182.342 E3047.72521
M204 S3000
M205 X10 Y10
G0 F6000 X113.178 Y182.674
M204 S1800
M205 X8 Y8
G1 F1200 X98.184 Y197.668 E3048.43048
M204 S3000
M205 X10 Y10
G0 F6000 X98.304 Y198.114
M204 S1800
M205 X8 Y8
G1 F1200 X113.406 Y183.012 E3049.14083
M204 S3000
M205 X10 Y10
G0 F6000 X113.634 Y183.349
M204 S1800
M205 X8 Y8
G1 F1200 X98.365 Y198.619 E3049.85906
M204 S3000
M205 X10 Y10
G0 F6000 X98.423 Y199.126
M204 S1800
M205 X8 Y8
G1 F1200 X113.863 Y183.687 E3050.58529
M204 S3000
M205 X10 Y10
G0 F6000 X114.091 Y184.024
M204 S1800
M205 X8 Y8
G1 F1200 X98.474 Y199.641 E3051.31986
M204 S3000
M205 X10 Y10
G0 F6000 X98.499 Y200.181
M204 S1800
M205 X8 Y8
G1 F1200 X114.319 Y184.362 E3052.06396
M204 S3000
M205 X10 Y10
G0 F6000 X114.547 Y184.699
M204 S1800
M205 X8 Y8
G1 F1200 X98.433 Y200.814 E3052.82194
M204 S3000
M205 X10 Y10
G0 F6000 X98.357 Y201.455
M204 S1800
M205 X8 Y8
G1 F1200 X114.754 Y185.058 E3053.5932
M204 S3000
M205 X10 Y10
G0 F6000 X114.955 Y185.423
M204 S1800
M205 X8 Y8
G1 F1200 X98.258 Y202.12 E3054.37858
G1 X98.188 Y202.19
M204 S3000
M205 X10 Y10
G0 F6000 X97.957 Y202.987
M204 S1800
M205 X8 Y8
G1 F1200 X115.151 Y185.793 E3055.18733
M204 S3000
M205 X10 Y10
G0 F6000 X115.347 Y186.162
M204 S1800
M205 X8 Y8
G1 F1200 X97.645 Y203.864 E3056.01998
G1 X97.575 Y203.934
M204 S3000
M205 X10 Y10
G0 F6000 X96.73 Y205.345
M204 S1800
M205 X8 Y8
G1 F1200 X115.543 Y186.532 E3056.90489
G1 X115.613 Y186.462
M204 S3000
M205 X10 Y10
G0 F6000 X118.858 Y194.98
G0 X120.02 Y197.895
M204 S1800
M205 X8 Y8
G1 F1200 X88.54 Y229.374 E3058.38559
M204 S3000
M205 X10 Y10
G0 F6000 X89.106 Y229.374
M204 S1800
M205 X8 Y8
G1 F1200 X120.57 Y197.91 E3059.86556
G1 X120.64 Y197.84
M204 S3000
M205 X10 Y10
G0 F6000 X98.317 Y178.302
M204 S1800
M205 X8 Y8
G1 F1200 X63.269 Y213.351 E3061.51413
M204 S3000
M205 X10 Y10
G0 F6000 X63.073 Y212.981
M204 S1800
M205 X8 Y8
G1 F1200 X98.231 Y177.822 E3063.16788
M204 S3000
M205 X10 Y10
G0 F6000 X98.21 Y177.278
M204 S1800
M205 X8 Y8
G1 F1200 X62.876 Y212.612 E3064.82988
M204 S3000
M205 X10 Y10
G0 F6000 X62.692 Y212.23
M204 S1800
M205 X8 Y8
G1 F1200 X98.316 Y176.606 E3066.50553
G1 X98.386 Y176.536
M204 S3000
M205 X10 Y10
G0 F6000 X98.568 Y175.788
M204 S1800
M205 X8 Y8
G1 F1200 X62.531 Y211.825 E3068.2006
M204 S3000
M205 X10 Y10
G0 F6000 X62.37 Y211.421
M204 S1800
M205 X8 Y8
G1 F1200 X100.868 Y172.923 E3070.01142
M204 S3000
M205 X10 Y10
G0 F6000 X101.254 Y173.102
M204 S1800
M205 X8 Y8
G1 F1200 X100.708 Y173.649 E3070.03713
M204 S3000
M205 X10 Y10
G0 F6000 X101.561 Y173.361
M204 S1800
M205 X8 Y8
G1 F1200 X101.642 Y173.28 E3070.04094
M204 S3000
M205 X10 Y10
G0 F6000 X100.474 Y172.751
M204 S1800
M205 X8 Y8
G1 F1200 X62.209 Y211.016 E3071.84081
M204 S3000
M205 X10 Y10
G0 F6000 X62.047 Y210.612
M204 S1800
M205 X8 Y8
G1 F1200 X100.074 Y172.585 E3073.62948
M204 S3000
M205 X10 Y10
G0 F6000 X99.651 Y172.442
M204 S1800
M205 X8 Y8
G1 F1200 X61.886 Y210.207 E3075.40583
M204 S3000
M205 X10 Y10
G0 F6000 X61.725 Y209.803
M204 S1800
M205 X8 Y8
G1 F1200 X99.229 Y172.3 E3077.16988
M204 S3000
M205 X10 Y10
G0 F6000 X98.806 Y172.157
M204 S1800
M205 X8 Y8
G1 F1200 X61.564 Y209.399 E3078.92163
M204 S3000
M205 X10 Y10
G0 F6000 X61.439 Y208.958
M204 S1800
M205 X8 Y8
G1 F1200 X98.383 Y172.014 E3080.65936
M204 S3000
M205 X10 Y10
G0 F6000 X97.959 Y171.872
M204 S1800
M205 X8 Y8
G1 F1200 X61.316 Y208.515 E3082.38294
M204 S3000
M205 X10 Y10
G0 F6000 X61.193 Y208.073
M204 S1800
M205 X8 Y8
G1 F1200 X65.777 Y203.488 E3082.59858
G1 X65.847 Y203.418
M204 S3000
M205 X10 Y10
G0 F6000 X64.659 Y204.04
M204 S1800
M205 X8 Y8
G1 F1200 X61.069 Y207.63 E3082.76744
M204 S3000
M205 X10 Y10
G0 F6000 X60.946 Y207.187
M204 S1800
M205 X8 Y8
G1 F1200 X63.962 Y204.172 E3082.90928
M204 S3000
M205 X10 Y10
G0 F6000 X63.363 Y204.205
M204 S1800
M205 X8 Y8
G1 F1200 X60.823 Y206.745 E3083.02875
M204 S3000
M205 X10 Y10
G0 F6000 X60.702 Y206.3
M204 S1800
M205 X8 Y8
G1 F1200 X62.825 Y204.178 E3083.12859
M204 S3000
M205 X10 Y10
G0 F6000 X62.37 Y204.067
M204 S1800
M205 X8 Y8
G1 F1200 X60.623 Y205.814 E3083.21076
M204 S3000
M205 X10 Y10
G0 F6000 X60.544 Y205.327
M204 S1800
M205 X8 Y8
G1 F1200 X61.937 Y203.934 E3083.27629
M204 S3000
M205 X10 Y10
G0 F6000 X61.55 Y203.755
M204 S1800
M205 X8 Y8
G1 F1200 X60.465 Y204.841 E3083.32734
M204 S3000
M205 X10 Y10
G0 F6000 X60.386 Y204.354
M204 S1800
M205 X8 Y8
G1 F1200 X61.176 Y203.564 E3083.3645
M204 S3000
M205 X10 Y10
G0 F6000 X60.839 Y203.335
M204 S1800
M205 X8 Y8
G1 F1200 X60.307 Y203.868 E3083.38955
M204 S3000
M205 X10 Y10
G0 F6000 X60.227 Y203.381
M204 S1800
M205 X8 Y8
G1 F1200 X60.547 Y203.061 E3083.4046
M204 S3000
M205 X10 Y10
G0 F6000 X60.275 Y202.767
M204 S1800
M205 X8 Y8
G1 F1200 X60.174 Y202.869 E3083.40938
M204 S3000
M205 X10 Y10
G0 F6000 X60.146 Y201.244
G0 X60.171 Y197.214
M204 S1800
M205 X8 Y8
G1 F1200 X86.632 Y170.754 E3084.654
M204 S3000
M205 X10 Y10
G0 F6000 X85.998 Y170.822
M204 S1800
M205 X8 Y8
G1 F1200 X60.226 Y196.594 E3085.86623
M204 S3000
M205 X10 Y10
G0 F6000 X60.337 Y195.918
M204 S1800
M205 X8 Y8
G1 F1200 X85.364 Y170.891 E3087.04343
M204 S3000
M205 X10 Y10
G0 F6000 X84.712 Y170.977
M204 S1800
M205 X8 Y8
G1 F1200 X60.448 Y195.241 E3088.18473
M204 S3000
M205 X10 Y10
G0 F6000 X60.56 Y194.563
M204 S1800
M205 X8 Y8
G1 F1200 X84.008 Y171.115 E3089.28765
M204 S3000
M205 X10 Y10
G0 F6000 X83.283 Y171.274
M204 S1800
M205 X8 Y8
G1 F1200 X60.671 Y193.887 E3090.35128
M204 S3000
M205 X10 Y10
G0 F6000 X60.854 Y193.138
M204 S1800
M205 X8 Y8
G1 F1200 X82.558 Y171.433 E3091.37219
M204 S3000
M205 X10 Y10
G0 F6000 X81.82 Y171.607
M204 S1800
M205 X8 Y8
G1 F1200 X61.072 Y192.354 E3092.34809
G1 X61.002 Y192.424
M204 S3000
M205 X10 Y10
G0 F6000 X61.289 Y191.572
M204 S1800
M205 X8 Y8
G1 F1200 X81.03 Y171.831 E3093.27664
G1 X81.1 Y171.761
M204 S3000
M205 X10 Y10
G0 F6000 X80.176 Y172.118
M204 S1800
M205 X8 Y8
G1 F1200 X61.506 Y190.788 E3094.15482
G1 X61.436 Y190.858
M204 S3000
M205 X10 Y10
G0 F6000 X61.849 Y189.88
M204 S1800
M205 X8 Y8
G1 F1200 X79.322 Y172.407 E3094.9767
G1 X79.392 Y172.337
M204 S3000
M205 X10 Y10
G0 F6000 X78.438 Y172.725
M204 S1800
M205 X8 Y8
G1 F1200 X62.224 Y188.939 E3095.73936
G1 X62.154 Y189.009
M204 S3000
M205 X10 Y10
G0 F6000 X62.599 Y187.999
M204 S1800
M205 X8 Y8
G1 F1200 X77.394 Y173.204 E3096.43527
G1 X77.464 Y173.134
M204 S3000
M205 X10 Y10
G0 F6000 X76.34 Y173.692
M204 S1800
M205 X8 Y8
G1 F1200 X63.136 Y186.896 E3097.05634
G1 X63.066 Y186.966
M204 S3000
M205 X10 Y10
G0 F6000 X63.776 Y185.691
M204 S1800
M205 X8 Y8
G1 F1200 X75.146 Y174.32 E3097.59118
G1 X75.216 Y174.25
M204 S3000
M205 X10 Y10
G0 F6000 X73.735 Y175.165
M204 S1800
M205 X8 Y8
G1 F1200 X64.565 Y184.335 E3098.02251
G1 X64.495 Y184.405
M204 S3000
M205 X10 Y10
G0 F6000 X65.756 Y182.579
M204 S1800
M205 X8 Y8
G1 F1200 X71.902 Y176.433 E3098.31159
G1 X71.972 Y176.363
M204 S3000
M205 X10 Y10
G0 F6000 X87.266 Y170.685
M204 S1800
M205 X8 Y8
G1 F1200 X61.86 Y196.092 E3099.50664
G1 X61.79 Y196.162
M204 S3000
M205 X10 Y10
G0 F6000 X62.675 Y195.843
M204 S1800
M205 X8 Y8
G1 F1200 X87.883 Y170.634 E3100.69237
M204 S3000
M205 X10 Y10
G0 F6000 X88.46 Y170.623
M204 S1800
M205 X8 Y8
G1 F1200 X63.292 Y195.791 E3101.87619
M204 S3000
M205 X10 Y10
G0 F6000 X63.841 Y195.807
M204 S1800
M205 X8 Y8
G1 F1200 X89.026 Y170.623 E3103.0608
M204 S3000
M205 X10 Y10
G0 F6000 X89.591 Y170.623
M204 S1800
M205 X8 Y8
G1 F1200 X64.319 Y195.896 E3104.24954
M204 S3000
M205 X10 Y10
G0 F6000 X64.78 Y196
M204 S1800
M205 X8 Y8
G1 F1200 X90.157 Y170.623 E3105.44319
M204 S3000
M205 X10 Y10
G0 F6000 X90.723 Y170.623
M204 S1800
M205 X8 Y8
G1 F1200 X65.188 Y196.158 E3106.64428
M204 S3000
M205 X10 Y10
G0 F6000 X65.554 Y196.357
M204 S1800
M205 X8 Y8
G1 F1200 X91.257 Y170.654 E3107.85327
M204 S3000
M205 X10 Y10
G0 F6000 X91.774 Y170.703
M204 S1800
M205 X8 Y8
G1 F1200 X65.888 Y196.589 E3109.07087
M204 S3000
M205 X10 Y10
G0 F6000 X66.203 Y196.84
M204 S1800
M205 X8 Y8
G1 F1200 X92.284 Y170.759 E3110.29764
M204 S3000
M205 X10 Y10
G0 F6000 X92.794 Y170.815
M204 S1800
M205 X8 Y8
G1 F1200 X66.506 Y197.103 E3111.53415
M204 S3000
M205 X10 Y10
G0 F6000 X66.766 Y197.408
M204 S1800
M205 X8 Y8
G1 F1200 X93.304 Y170.87 E3112.78241
M204 S3000
M205 X10 Y10
G0 F6000 X93.814 Y170.926
M204 S1800
M205 X8 Y8
G1 F1200 X66.996 Y197.744 E3114.04385
M204 S3000
M205 X10 Y10
G0 F6000 X67.191 Y198.115
M204 S1800
M205 X8 Y8
G1 F1200 X94.302 Y171.003 E3115.31909
M204 S3000
M205 X10 Y10
G0 F6000 X94.771 Y171.1
M204 S1800
M205 X8 Y8
G1 F1200 X67.365 Y198.506 E3116.60819
M204 S3000
M205 X10 Y10
G0 F6000 X67.516 Y198.921
M204 S1800
M205 X8 Y8
G1 F1200 X95.24 Y171.197 E3117.91224
M204 S3000
M205 X10 Y10
G0 F6000 X95.704 Y171.299
M204 S1800
M205 X8 Y8
G1 F1200 X67.608 Y199.394 E3119.23376
M204 S3000
M205 X10 Y10
G0 F6000 X67.644 Y199.924
M204 S1800
M205 X8 Y8
G1 F1200 X96.166 Y171.402 E3120.57535
M204 S3000
M205 X10 Y10
G0 F6000 X96.629 Y171.505
M204 S1800
M205 X8 Y8
G1 F1200 X67.605 Y200.529 E3121.94055
M204 S3000
M205 X10 Y10
G0 F6000 X67.482 Y201.218
M204 S1800
M205 X8 Y8
G1 F1200 X97.092 Y171.607 E3123.33334
M204 S3000
M205 X10 Y10
G0 F6000 X97.527 Y171.738
M204 S1800
M205 X8 Y8
G1 F1200 X66.916 Y202.349 E3124.77319
G1 X66.846 Y202.419
M204 S3000
M205 X10 Y10
;MESH:NONMESH
G0 F600 X66.846 Y202.419 Z3
G0 F6000 X99.072 Y177.556
G0 X99.493 Y177.507
;TIME_ELAPSED:4160.795764
;LAYER:14
M204 S1800
M205 X8 Y8
;TYPE:WALL-OUTER
;MESH:14_4_2.stl
G1 F3000 X99.593 Y176.74 E3124.79891
G1 X99.82 Y176.135 E3124.8204
G1 X100.26 Y175.51 E3124.84583
G1 X100.747 Y175.074 E3124.86757
G1 X101.422 Y174.73 E3124.89277
G1 X102.054 Y174.566 E3124.91448
G1 X102.825 Y174.574 E3124.94013
G1 X103.454 Y174.724 E3124.96163
G1 X104.132 Y175.088 E3124.98723
G1 X104.619 Y175.514 E3125.00875
G1 X105.049 Y176.151 E3125.03431
G1 X105.285 Y176.757 E3125.05594
G1 X105.369 Y177.518 E3125.08141
G1 X105.297 Y178.161 E3125.10293
G1 X105.017 Y178.879 E3125.12856
G1 X104.661 Y179.403 E3125.14963
G1 X104.072 Y179.92 E3125.17569
G1 X103.502 Y180.226 E3125.19721
G1 X102.753 Y180.402 E3125.2228
G1 X102.103 Y180.406 E3125.24442
G1 X101.358 Y180.215 E3125.27
G1 X100.786 Y179.918 E3125.29144
G1 X100.212 Y179.403 E3125.31709
G1 X99.842 Y178.874 E3125.33856
G1 X99.572 Y178.139 E3125.3646
G1 X99.493 Y177.507 E3125.38579
M204 S3000
M205 X10 Y10
G0 F6000 X99.518 Y177.309
G0 X99.006 Y177.248
G0 X83.06 Y194.917
G0 X82.088 Y196.463
G0 X81.548 Y198.014
G0 X81.23 Y200.081
G0 X81.736 Y200.025
M204 S1800
M205 X8 Y8
G1 F3000 X81.8 Y199.408 E3125.40642
G1 X81.927 Y198.286 E3125.44397
G1 X82.493 Y196.666 E3125.50105
G1 X82.829 Y196.127 E3125.52218
G1 X83.403 Y195.213 E3125.55807
G1 X83.661 Y194.95 E3125.57033
G1 X84.626 Y193.985 E3125.61572
G1 X84.796 Y193.875 E3125.62245
G1 X86.083 Y193.068 E3125.67298
G1 X86.147 Y193.043 E3125.67526
G1 X87.724 Y192.492 E3125.73082
G1 X89.426 Y192.3 E3125.78779
G1 X90.291 Y192.394 E3125.81673
G1 X91.15 Y192.493 E3125.84549
G1 X92.757 Y193.055 E3125.90211
G1 X93.6 Y193.578 E3125.93511
G1 X94.228 Y193.973 E3125.95978
G1 X94.847 Y194.588 E3125.98881
G1 X95.459 Y195.203 E3126.01766
G1 X96.366 Y196.646 E3126.07435
G1 X96.382 Y196.681 E3126.07563
G1 X96.941 Y198.28 E3126.13197
G1 X97.046 Y199.2 E3126.16277
G1 X97.135 Y199.996 E3126.18941
G1 X97.069 Y200.607 E3126.20985
G1 X96.944 Y201.708 E3126.2467
G1 X96.739 Y202.301 E3126.26757
G1 X96.376 Y203.334 E3126.30399
G1 X95.902 Y204.093 E3126.33375
G1 X95.462 Y204.792 E3126.36122
G1 X94.88 Y205.379 E3126.38872
G1 X94.243 Y206.015 E3126.41866
G1 X93.234 Y206.651 E3126.45833
G1 X92.777 Y206.937 E3126.47626
G1 X91.157 Y207.505 E3126.53335
G1 X90.292 Y207.605 E3126.56232
G1 X89.445 Y207.7 E3126.59066
G1 X89.412 Y207.699 E3126.59176
G1 X87.719 Y207.507 E3126.64843
G1 X86.104 Y206.942 E3126.70534
G1 X86.074 Y206.927 E3126.70645
G1 X84.638 Y206.025 E3126.76286
G1 X84.617 Y206.007 E3126.76378
G1 X83.416 Y204.804 E3126.82032
G1 X82.829 Y203.874 E3126.85689
G1 X82.494 Y203.338 E3126.87792
G1 X81.925 Y201.703 E3126.9355
G1 X81.736 Y200.025 E3126.99166
M204 S3000
M205 X10 Y10
G0 F6000 X81.756 Y199.826
G0 X81.247 Y199.768
G0 X63.743 Y203.371
G0 X62.142 Y203.13
G0 X60.836 Y202.172
G0 X60.257 Y201.09
G0 X59.987 Y200.085
G0 X60.493 Y200.024
M204 S1800
M205 X8 Y8
G1 F3000 X60.593 Y199.256 E3127.01742
G1 X60.82 Y198.651 E3127.03891
G1 X61.26 Y198.027 E3127.06431
G1 X61.747 Y197.591 E3127.08605
G1 X62.422 Y197.246 E3127.11126
G1 X63.054 Y197.083 E3127.13297
G1 X63.825 Y197.091 E3127.15861
G1 X64.453 Y197.24 E3127.18008
G1 X64.931 Y197.494 E3127.19808
G1 X65.17 Y197.63 E3127.20723
G1 X65.628 Y198.039 E3127.22765
G1 X66.049 Y198.667 E3127.2528
G1 X66.285 Y199.274 E3127.27446
G1 X66.355 Y199.897 E3127.29531
G1 X66.369 Y200.08 E3127.30142
G1 X66.293 Y200.702 E3127.32226
G1 X66.025 Y201.377 E3127.34641
G1 X65.652 Y201.932 E3127.36865
G1 X65.269 Y202.268 E3127.3856
G1 X65.036 Y202.462 E3127.39568
G1 X64.502 Y202.743 E3127.41575
G1 X63.752 Y202.918 E3127.44137
G1 X63.103 Y202.922 E3127.46296
G1 X62.358 Y202.732 E3127.48853
G1 X61.786 Y202.435 E3127.50996
G1 X61.35 Y202.046 E3127.5294
G1 X61.182 Y201.885 E3127.53714
G1 X60.842 Y201.391 E3127.55708
G1 X60.572 Y200.656 E3127.58313
G1 X60.493 Y200.024 E3127.60431
M204 S3000
M205 X10 Y10
G0 F6000 X60.518 Y199.826
G0 X60.006 Y199.765
G0 X60.169 Y200.9
G0 X60.963 Y202.316
G0 X99.077 Y223.289
G0 X99.572 Y223.172
M204 S1800
M205 X8 Y8
G1 F3000 X99.493 Y222.541 E3127.62546
G1 X99.593 Y221.773 E3127.65122
G1 X99.82 Y221.168 E3127.67271
G1 X100.26 Y220.544 E3127.69811
G1 X100.747 Y220.108 E3127.71985
G1 X101.422 Y219.763 E3127.74506
G1 X101.966 Y219.621 E3127.76376
G1 X102.107 Y219.594 E3127.76854
G1 X102.839 Y219.607 E3127.79289
G1 X103.454 Y219.757 E3127.81394
G1 X104.132 Y220.121 E3127.83954
G1 X104.619 Y220.547 E3127.86106
G1 X105.049 Y221.184 E3127.88662
G1 X105.285 Y221.791 E3127.90828
G1 X105.37 Y222.552 E3127.93375
G1 X105.297 Y223.195 E3127.95527
G1 X105.017 Y223.912 E3127.98087
G1 X104.652 Y224.449 E3128.00247
G1 X104.172 Y224.867 E3128.02364
G1 X104.036 Y224.978 E3128.02948
G1 X103.481 Y225.268 E3128.05031
G1 X102.753 Y225.435 E3128.07515
G1 X102.103 Y225.439 E3128.09677
G1 X101.358 Y225.248 E3128.12235
G1 X100.786 Y224.953 E3128.14375
G1 X100.212 Y224.436 E3128.16945
G1 X99.842 Y223.907 E3128.19092
G1 X99.572 Y223.172 E3128.21696
M204 S3000
M205 X10 Y10
G0 F6000 X99.548 Y222.974
G0 X99.04 Y223.035
G0 X99.124 Y221.796
G0 X99.427 Y220.939
G0 X120.414 Y198.557
G0 X120.382 Y198.049
M204 S1800
M205 X8 Y8
G1 F3000 X120.245 Y198.016 E3128.22165
G1 X120.158 Y197.874 E3128.22719
G1 X120.054 Y196.764 E3128.26427
G1 X119.959 Y196.038 E3128.28862
G1 X119.606 Y193.889 E3128.36105
G1 X119.506 Y193.352 E3128.37922
G1 X118.636 Y190.209 E3128.48769
G1 X117.405 Y187.11 E3128.5986
G1 X115.842 Y184.153 E3128.70984
G1 X115.515 Y183.661 E3128.72949
G1 X113.974 Y181.391 E3128.82074
G1 X113.364 Y180.664 E3128.85231
G1 X111.821 Y178.849 E3128.93154
G1 X109.4 Y176.55 E3129.04259
G1 X106.745 Y174.529 E3129.15356
G1 X105.261 Y173.634 E3129.2112
G1 F3007.5 X103.891 Y172.805 E3129.26433
G1 X101.377 Y171.64 E3129.35626
G1 F3000 X100.862 Y171.4 E3129.37516
G1 X97.898 Y170.398 E3129.47922
G1 X96.563 Y170.08 E3129.52486
G1 X94.445 Y169.61 E3129.59702
G1 X91.128 Y169.246 E3129.70801
G1 X87.793 Y169.246 E3129.81893
G1 X84.475 Y169.603 E3129.92993
G1 X81.214 Y170.32 E3130.04098
G1 X78.648 Y171.181 E3130.131
G1 X78.055 Y171.382 E3130.15182
G1 X76.428 Y172.132 E3130.21141
G1 X75.024 Y172.782 E3130.26287
G1 X72.166 Y174.5 E3130.37378
G1 X69.507 Y176.518 E3130.4848
G1 X67.083 Y178.811 E3130.59578
G1 X64.92 Y181.355 E3130.70685
G1 X63.047 Y184.116 E3130.81781
G1 X61.484 Y187.063 E3130.92877
G1 X60.242 Y190.175 E3131.04021
G1 X59.355 Y193.377 E3131.15072
G1 X58.816 Y196.671 E3131.26173
G1 X58.636 Y200.002 E3131.37269
G1 X58.811 Y203.249 E3131.48084
G1 X58.915 Y203.937 E3131.50398
G1 X59.356 Y206.623 E3131.59451
G1 X60.245 Y209.826 E3131.70507
G1 X61.485 Y212.938 E3131.81649
G1 X63.048 Y215.885 E3131.92744
G1 X64.921 Y218.646 E3132.03841
G1 X67.084 Y221.19 E3132.14947
G1 X69.508 Y223.483 E3132.26045
G1 X72.167 Y225.501 E3132.37148
G1 X75.025 Y227.219 E3132.48239
G1 X78.056 Y228.619 E3132.59343
G1 X81.215 Y229.681 E3132.70428
G1 X84.476 Y230.398 E3132.81533
G1 X87.794 Y230.755 E3132.92633
G1 X91.128 Y230.753 E3133.03722
G1 X94.446 Y230.389 E3133.14824
G1 X97.706 Y229.667 E3133.25929
G1 X100.863 Y228.598 E3133.37015
G1 X103.891 Y227.194 E3133.48116
G1 X105.256 Y226.37 E3133.53419
G1 X106.746 Y225.47 E3133.59209
G1 X109.403 Y223.447 E3133.70316
G1 X111.822 Y221.15 E3133.81411
G1 X113.914 Y218.689 E3133.92154
G1 X114.677 Y217.573 E3133.96651
G1 X115.791 Y215.933 E3134.03245
G1 X116.064 Y215.426 E3134.0516
G1 X117.405 Y212.892 E3134.14695
G1 X118.628 Y209.819 E3134.25696
G1 X119.494 Y206.704 E3134.36449
G1 X119.628 Y205.966 E3134.38944
G1 X120.008 Y203.656 E3134.4673
G1 X120.098 Y202.876 E3134.49342
G1 X120.159 Y201.789 E3134.52963
G1 X120.245 Y201.657 E3134.53487
G1 X120.372 Y201.623 E3134.53924
G1 X124.053 Y201.89 E3134.66199
G1 X125.458 Y201.954 E3134.70877
G1 X128.296 Y202.001 E3134.80318
G1 X129.8 Y202.004 E3134.8532
G1 X129.601 Y201.791 E3134.8629
G1 X129.305 Y201.32 E3134.8814
G1 X129.135 Y200.835 E3134.89849
G1 X129.058 Y200.595 E3134.90688
G1 X128.993 Y200.02 E3134.92612
G1 X129.037 Y199.498 E3134.94355
G1 X129.202 Y198.912 E3134.96379
G1 X129.502 Y198.347 E3134.98507
G1 X129.8 Y197.996 E3135.00039
G1 X123.001 Y197.989 E3135.22652
G1 X121.372 Y197.995 E3135.2807
G1 X120.382 Y198.049 E3135.31368
M204 S3000
M205 X10 Y10
G0 F6000 X120.245 Y198.016
G0 X120.214 Y197.965
G0 X120.409 Y198.449
M204 S1800
M205 X8 Y8
;TYPE:WALL-INNER
G1 F3000 X120.182 Y198.425 E3135.32127
G1 X119.923 Y198.266 E3135.33138
G1 X119.778 Y198.01 E3135.34116
G1 X119.726 Y197.506 E3135.35802
G1 X119.621 Y196.452 E3135.39325
G1 X119.212 Y193.958 E3135.47731
G1 X119.116 Y193.442 E3135.49476
G1 X118.256 Y190.337 E3135.60192
G1 X117.041 Y187.278 E3135.7114
G1 X115.493 Y184.349 E3135.82158
G1 X115.184 Y183.885 E3135.84013
G1 X113.65 Y181.625 E3135.93097
G1 X113.059 Y180.923 E3135.9615
G1 X111.53 Y179.125 E3136.04
G1 X109.141 Y176.856 E3136.14958
G1 X106.52 Y174.861 E3136.25914
G1 X105.054 Y173.976 E3136.31609
G1 F3007.5 X103.702 Y173.159 E3136.3685
G1 X100.713 Y171.772 E3136.47782
G1 F3000 X97.597 Y170.718 E3136.58723
G1 X94.38 Y170.005 E3136.69683
G1 X91.564 Y169.697 E3136.79104
G1 X91.106 Y169.646 E3136.80637
G1 X87.815 Y169.646 E3136.91583
G1 X84.539 Y169.999 E3137.02542
G1 X81.91 Y170.576 E3137.11494
G1 X81.321 Y170.706 E3137.13501
G1 X78.776 Y171.56 E3137.22429
G1 X78.203 Y171.754 E3137.24441
G1 X75.761 Y172.881 E3137.33387
G1 X75.212 Y173.136 E3137.354
G1 X72.39 Y174.832 E3137.46351
G1 X69.766 Y176.824 E3137.57308
G1 X67.373 Y179.087 E3137.68262
G1 X65.239 Y181.597 E3137.7922
G1 X63.39 Y184.322 E3137.90173
G1 X61.848 Y187.231 E3138.01124
G1 X60.622 Y190.303 E3138.12125
G1 X59.786 Y193.322 E3138.22544
G1 X59.609 Y194.3 E3138.2585
G1 X59.214 Y196.714 E3138.33985
G1 X59.036 Y200.002 E3138.44937
G1 X59.214 Y203.287 E3138.55879
G1 X59.747 Y206.537 E3138.66833
G1 X60.625 Y209.698 E3138.77745
G1 X61.849 Y212.77 E3138.88743
G1 X63.391 Y215.679 E3138.99694
G1 X65.24 Y218.404 E3139.10647
G1 X67.374 Y220.914 E3139.21605
G1 X69.767 Y223.177 E3139.32559
G1 X72.391 Y225.169 E3139.43517
G1 X75.213 Y226.865 E3139.54467
G1 X78.204 Y228.247 E3139.65426
G1 X81.322 Y229.295 E3139.76367
G1 X84.54 Y230.002 E3139.87325
G1 X87.815 Y230.355 E3139.98281
G1 X91.106 Y230.353 E3140.09227
G1 X94.381 Y229.994 E3140.20185
G1 X97.598 Y229.281 E3140.31144
G1 X100.715 Y228.226 E3140.42089
G1 X103 Y227.167 E3140.50465
G1 X103.703 Y226.84 E3140.53044
G1 X105.049 Y226.028 E3140.58273
G1 X106.52 Y225.139 E3140.63989
G1 X109.143 Y223.142 E3140.74954
G1 X111.531 Y220.874 E3140.85908
G1 X113.602 Y218.438 E3140.96542
G1 X114.346 Y217.348 E3141.00932
G1 X115.453 Y215.719 E3141.07482
G1 X115.71 Y215.239 E3141.09293
G1 X117.041 Y212.724 E3141.18757
G1 X118.248 Y209.691 E3141.29615
G1 X119.105 Y206.61 E3141.40251
G1 X119.233 Y205.901 E3141.42647
G1 X119.612 Y203.601 E3141.504
G1 X119.699 Y202.842 E3141.52941
G1 X119.757 Y201.789 E3141.56449
G1 X119.833 Y201.529 E3141.5735
G1 X120.021 Y201.325 E3141.58273
G1 X120.304 Y201.225 E3141.59271
G1 X120.985 Y201.266 E3141.6154
G1 X124.072 Y201.49 E3141.71834
G1 X125.464 Y201.554 E3141.76469
G1 X128.297 Y201.601 E3141.85893
G1 X128.928 Y201.602 E3141.87992
G1 X129.011 Y201.603 E3141.88268
G1 X128.906 Y201.407 E3141.89007
G1 X128.689 Y200.766 E3141.91258
G1 X128.595 Y200.065 E3141.93611
G1 X128.639 Y199.461 E3141.95625
G1 X128.817 Y198.802 E3141.97895
G1 X129.021 Y198.396 E3141.99407
G1 X123.003 Y198.389 E3142.19422
G1 X121.38 Y198.395 E3142.24821
G1 X120.409 Y198.449 E3142.28055
M204 S3000
M205 X10 Y10
G0 F6000 X120.415 Y198.557
G0 X99.837 Y179.657
G0 X99.087 Y178.298
G0 X99.195 Y178.273
M204 S1800
M205 X8 Y8
G1 F3000 X99.096 Y177.553 E3142.30472
G1 X99.197 Y176.684 E3142.33382
G1 X99.446 Y175.992 E3142.35828
G1 X99.935 Y175.277 E3142.38709
G1 X100.483 Y174.774 E3142.41183
G1 X101.243 Y174.372 E3142.44043
G1 X101.957 Y174.178 E3142.46504
G1 X102.832 Y174.174 E3142.49414
G1 X103.55 Y174.336 E3142.51862
G1 X104.324 Y174.737 E3142.54762
G1 X104.885 Y175.215 E3142.57213
G1 X105.383 Y175.93 E3142.60111
G1 X105.659 Y176.615 E3142.62567
G1 X105.767 Y177.478 E3142.6546
G1 X105.694 Y178.209 E3142.67904
G1 X105.389 Y179.027 E3142.70807
G1 X104.99 Y179.631 E3142.73215
G1 X104.332 Y180.224 E3142.76161
G1 X103.688 Y180.58 E3142.78608
G1 X102.841 Y180.792 E3142.81512
G1 X102.103 Y180.806 E3142.83967
G1 X101.255 Y180.601 E3142.86869
G1 X100.599 Y180.272 E3142.8931
G1 X99.942 Y179.699 E3142.9221
G1 X99.512 Y179.1 E3142.94662
G1 X99.195 Y178.273 E3142.97608
M204 S3000
M205 X10 Y10
G0 F6000 X99.087 Y178.298
G0 X83.06 Y194.917
G0 X82.088 Y196.463
G0 X81.548 Y198.014
G0 X81.23 Y200.082
G0 X81.338 Y200.07
M204 S1800
M205 X8 Y8
G1 F3000 X81.402 Y199.364 E3142.99966
G1 X81.525 Y198.267 E3143.03637
G1 X81.832 Y197.343 E3143.06876
G1 X82.127 Y196.503 E3143.09837
G1 X82.49 Y195.914 E3143.12138
G1 X83.072 Y194.989 E3143.15773
G1 X83.378 Y194.667 E3143.1725
G1 X84.361 Y193.685 E3143.21872
G1 X84.584 Y193.536 E3143.22764
G1 X85.887 Y192.719 E3143.27879
G1 X86.015 Y192.665 E3143.28341
G1 X87.589 Y192.114 E3143.33888
G1 X87.699 Y192.091 E3143.34261
G1 X89.378 Y191.902 E3143.39881
G1 X90.336 Y191.996 E3143.43083
G1 X91.204 Y192.096 E3143.45989
G1 X91.302 Y192.121 E3143.46325
G1 X92.895 Y192.679 E3143.51939
G1 X93.812 Y193.239 E3143.55513
G1 X94.463 Y193.649 E3143.58072
G1 X95.13 Y194.306 E3143.61186
G1 X95.75 Y194.927 E3143.64104
G1 X96.146 Y195.542 E3143.66537
G1 X96.718 Y196.457 E3143.70126
G1 X96.76 Y196.549 E3143.70462
G1 X97.327 Y198.173 E3143.76184
G1 X97.444 Y199.156 E3143.79476
G1 X97.534 Y199.96 E3143.82167
G1 X97.467 Y200.651 E3143.84476
G1 X97.341 Y201.764 E3143.88202
G1 X97.117 Y202.433 E3143.90548
G1 X96.751 Y203.474 E3143.94218
G1 X96.241 Y204.306 E3143.97464
G1 X95.797 Y205.011 E3144.00235
G1 X95.163 Y205.661 E3144.03255
G1 X94.535 Y206.29 E3144.06211
G1 X94.046 Y206.614 E3144.08162
G1 X93.007 Y207.266 E3144.12242
G1 X91.932 Y207.658 E3144.16048
G1 X91.264 Y207.891 E3144.18401
G1 X90.337 Y208.003 E3144.21507
G1 X89.465 Y208.1 E3144.24425
G1 X89.367 Y208.097 E3144.24751
G1 X87.658 Y207.903 E3144.30472
G1 X87.568 Y207.879 E3144.30781
G1 X85.982 Y207.324 E3144.3637
G1 X85.862 Y207.266 E3144.36813
G1 X84.44 Y206.374 E3144.42396
G1 X84.334 Y206.29 E3144.42846
G1 X83.144 Y205.099 E3144.48446
G1 X82.814 Y204.602 E3144.5043
G1 X82.167 Y203.572 E3144.54476
G1 X81.836 Y202.667 E3144.57681
G1 X81.555 Y201.864 E3144.60511
G1 X81.419 Y200.785 E3144.64128
G1 X81.338 Y200.07 E3144.66521
M204 S3000
M205 X10 Y10
G0 F6000 X81.23 Y200.082
G0 X63.743 Y203.371
G0 X62.142 Y203.13
G0 X60.836 Y202.172
G0 X60.087 Y200.815
G0 X60.196 Y200.79
M204 S1800
M205 X8 Y8
G1 F3000 X60.095 Y200.07 E3144.68939
G1 X60.197 Y199.201 E3144.71849
G1 X60.446 Y198.508 E3144.74299
G1 X60.935 Y197.793 E3144.7718
G1 X61.483 Y197.291 E3144.79651
G1 X62.242 Y196.888 E3144.8251
G1 X62.958 Y196.695 E3144.84976
G1 X63.832 Y196.691 E3144.87883
G1 X64.549 Y196.852 E3144.90327
G1 X65.123 Y197.143 E3144.92468
G1 X65.436 Y197.332 E3144.93684
G1 X65.912 Y197.757 E3144.95806
G1 X66.382 Y198.446 E3144.9858
G1 X66.659 Y199.132 E3145.01041
G1 X66.753 Y199.857 E3145.03472
G1 X66.766 Y200.128 E3145.04375
G1 X66.694 Y200.726 E3145.06378
G1 X66.397 Y201.525 E3145.09213
G1 X65.981 Y202.16 E3145.11738
G1 X65.529 Y202.572 E3145.13772
G1 X65.222 Y202.816 E3145.15077
G1 X64.688 Y203.097 E3145.17084
G1 X63.84 Y203.308 E3145.1999
G1 X63.103 Y203.322 E3145.22442
G1 X62.255 Y203.118 E3145.25343
G1 X61.599 Y202.789 E3145.27784
G1 X61.08 Y202.342 E3145.30062
G1 X60.852 Y202.112 E3145.31139
G1 X60.512 Y201.618 E3145.33133
G1 X60.196 Y200.79 E3145.36081
M204 S3000
M205 X10 Y10
G0 F6000 X60.087 Y200.815
G0 X60.427 Y201.579
G0 X60.963 Y202.316
G0 X99.087 Y223.331
G0 X99.195 Y223.306
M204 S1800
M205 X8 Y8
G1 F3000 X99.096 Y222.588 E3145.38492
G1 X99.197 Y221.718 E3145.41405
G1 X99.446 Y221.025 E3145.43854
G1 X99.935 Y220.31 E3145.46735
G1 X100.483 Y219.808 E3145.49207
G1 X101.242 Y219.405 E3145.52065
G1 X101.869 Y219.233 E3145.54228
G1 X102.114 Y219.194 E3145.55053
G1 X102.874 Y219.209 E3145.57581
G1 X103.55 Y219.369 E3145.59892
G1 X104.324 Y219.77 E3145.62791
G1 X104.885 Y220.248 E3145.65242
G1 X105.383 Y220.963 E3145.6814
G1 X105.659 Y221.649 E3145.706
G1 X105.768 Y222.512 E3145.73493
G1 X105.694 Y223.243 E3145.75937
G1 X105.389 Y224.061 E3145.7884
G1 X104.981 Y224.677 E3145.81298
G1 X104.431 Y225.171 E3145.83757
G1 X104.222 Y225.332 E3145.84634
G1 X103.688 Y225.612 E3145.86639
G1 X102.841 Y225.825 E3145.89544
G1 X102.103 Y225.839 E3145.91999
G1 X101.255 Y225.634 E3145.94901
G1 X100.6 Y225.307 E3145.97336
G1 X99.942 Y224.732 E3146.00242
G1 X99.512 Y224.133 E3146.02695
G1 X99.195 Y223.306 E3146.05641
M204 S3000
M205 X10 Y10
G0 F6000 X99.087 Y223.331
G0 X99.427 Y224.094
G0 X99.963 Y224.833
G0 X101.321 Y225.716
G0 X103.821 Y226.143
M204 S1800
M205 X8 Y8
G1 F1796.4 X103.934 Y226.081 E3146.06357
G1 F1812.7 X104.775 Y225.574 E3146.11762
M204 S3000
M205 X10 Y10
G0 F6000 X119.54 Y198.428
M204 S1800
M205 X8 Y8
G1 F3000 X119.386 Y198.093 E3146.12988
G1 X119.331 Y197.568 E3146.14744
G1 X119.224 Y196.504 E3146.18301
G1 X118.835 Y194.126 E3146.26315
G1 X118.726 Y193.532 E3146.28324
G1 X117.876 Y190.465 E3146.38909
G1 X116.677 Y187.446 E3146.49713
G1 X115.131 Y184.523 E3146.60711
G1 X114.501 Y183.591 E3146.64453
G1 X113.325 Y181.859 E3146.71416
G1 X112.754 Y181.182 E3146.74362
G1 X111.239 Y179.4 E3146.82141
G1 X108.882 Y177.161 E3146.92954
G1 X106.294 Y175.192 E3147.0377
G1 X105.363 Y174.629 E3147.07388
G1 F2290.1 X104.783 Y174.424 E3147.10069
G1 X105.151 Y174.916 E3147.12746
G1 F3000 X105.321 Y175.111 E3147.13606
G1 X105.732 Y175.733 E3147.16086
G1 X106.033 Y176.472 E3147.1874
G1 X106.165 Y177.438 E3147.21982
G1 X106.091 Y178.257 E3147.24717
G1 X106.027 Y178.509 E3147.25582
G1 X105.76 Y179.176 E3147.27972
G1 X105.319 Y179.858 E3147.30673
G1 X105.137 Y180.063 E3147.31585
G1 X104.591 Y180.528 E3147.3397
G1 X103.874 Y180.934 E3147.36711
G1 X103.33 Y181.091 E3147.38594
G1 X102.807 Y181.202 E3147.40372
G1 X102.103 Y181.206 E3147.42714
G1 X101.845 Y181.173 E3147.43579
G1 X101.152 Y180.988 E3147.45964
G1 X100.412 Y180.626 E3147.48704
G1 X100.12 Y180.402 E3147.49928
G1 X99.673 Y179.994 E3147.51941
G1 X99.182 Y179.327 E3147.54696
G1 X99.065 Y179.097 E3147.55554
G1 X98.801 Y178.354 E3147.58177
G1 X98.698 Y177.6 E3147.60708
G1 X98.701 Y177.344 E3147.6156
G1 X98.803 Y176.614 E3147.64011
G1 X99.073 Y175.849 E3147.66709
G1 X99.194 Y175.624 E3147.67559
G1 X99.61 Y175.044 E3147.69933
G1 X100.219 Y174.473 E3147.7271
G1 X100.651 Y174.221 E3147.74373
G1 X101.269 Y173.938 E3147.76634
G1 X101.859 Y173.79 E3147.78657
G1 X102.84 Y173.774 E3147.8192
G1 F2696.6 X103.385 Y173.836 E3147.8395
G1 F1996.7 X103.684 Y173.797 E3147.85457
G1 X103.485 Y173.55 E3147.87042
G1 F2696.6 X102.958 Y173.256 E3147.89275
G1 F3000 X100.565 Y172.144 E3147.98051
G1 X97.489 Y171.104 E3148.08851
G1 X95.803 Y170.731 E3148.14594
G1 X94.314 Y170.401 E3148.19667
G1 X91.084 Y170.046 E3148.30475
G1 X87.836 Y170.046 E3148.41278
G1 X84.604 Y170.394 E3148.52089
G1 X81.996 Y170.966 E3148.6097
G1 X81.428 Y171.092 E3148.62905
G1 X78.903 Y171.939 E3148.71763
G1 X78.351 Y172.126 E3148.73701
G1 X75.929 Y173.244 E3148.82574
G1 X75.399 Y173.49 E3148.84517
G1 X72.615 Y175.164 E3148.95322
G1 X70.025 Y177.129 E3149.06135
G1 X67.664 Y179.363 E3149.16946
G1 X65.558 Y181.84 E3149.2776
G1 X63.734 Y184.529 E3149.38567
G1 X62.211 Y187.399 E3149.49373
G1 X61.239 Y189.836 E3149.581
G1 X61.001 Y190.431 E3149.60231
G1 X60.138 Y193.549 E3149.70991
G1 X59.612 Y196.758 E3149.81807
G1 X59.532 Y198.25 E3149.86776
G1 F3053.4 X59.492 Y198.85 E3149.88742
G1 F3361.3 X59.411 Y199.836 E3149.91678
G1 F3560.8 X59.45 Y200.731 E3149.94189
G1 F3217.2 X59.53 Y201.72 E3149.97266
G1 F3000 X59.613 Y203.243 E3150.02339
G1 X60.094 Y206.186 E3150.12257
G1 X60.376 Y207.308 E3150.16105
G1 X61.005 Y209.57 E3150.23914
G1 X62.212 Y212.602 E3150.34768
G1 X63.735 Y215.472 E3150.45575
G1 X65.559 Y218.161 E3150.56382
G1 X67.665 Y220.638 E3150.67196
G1 X70.026 Y222.872 E3150.78006
G1 X72.616 Y224.837 E3150.88819
G1 X75.4 Y226.511 E3150.99624
G1 X78.352 Y227.875 E3151.1044
G1 X81.429 Y228.909 E3151.21237
G1 X84.605 Y229.607 E3151.32052
G1 X87.837 Y229.955 E3151.42864
G1 X91.084 Y229.953 E3151.53663
G1 X94.315 Y229.598 E3151.64474
G1 X97.49 Y228.895 E3151.7529
G1 X100.566 Y227.854 E3151.86091
G1 X102.832 Y226.803 E3151.94399
G1 X103.524 Y226.481 E3151.96938
G1 F2234.6 X103.821 Y226.143 E3151.98947
G1 X103.377 Y226.113 E3152.00934
G1 F3000 X102.708 Y226.239 E3152.03198
G1 X102.103 Y226.239 E3152.0521
G1 X101.844 Y226.206 E3152.06079
G1 X101.151 Y226.021 E3152.08464
G1 X100.673 Y225.797 E3152.1022
G1 X100.205 Y225.514 E3152.12039
G1 X99.672 Y225.027 E3152.1444
G1 X99.182 Y224.36 E3152.17193
G1 X98.819 Y223.441 E3152.2048
G1 X98.698 Y222.634 E3152.23194
G1 X98.701 Y222.378 E3152.24045
G1 X98.801 Y221.662 E3152.2645
G1 X99.073 Y220.882 E3152.29197
G1 X99.194 Y220.656 E3152.3005
G1 X99.63 Y220.051 E3152.3253
G1 X100.023 Y219.68 E3152.34328
G1 X100.431 Y219.365 E3152.36042
G1 X101.063 Y219.048 E3152.38394
G1 X101.772 Y218.845 E3152.40847
G1 X102.122 Y218.794 E3152.42023
G1 X102.875 Y218.808 E3152.44528
G1 X103.646 Y218.981 E3152.47156
G1 X103.885 Y219.074 E3152.48009
G1 X104.516 Y219.419 E3152.50401
G1 X105.151 Y219.949 E3152.53152
G1 X105.32 Y220.144 E3152.5401
G1 X105.716 Y220.742 E3152.56396
G1 X106.033 Y221.507 E3152.5915
G1 X106.094 Y221.761 E3152.60019
G1 X106.166 Y222.472 E3152.62396
G1 X106.091 Y223.291 E3152.65131
G1 X106.027 Y223.544 E3152.65999
G1 X105.761 Y224.21 E3152.68384
G1 F3022.7 X105.308 Y224.902 E3152.71115
G1 F3166.2 X104.982 Y225.202 E3152.72511
G1 F2343.8 X104.775 Y225.574 E3152.74323
G1 X105.193 Y225.495 E3152.76134
G1 F3225.8 X105.66 Y225.202 E3152.7784
G1 F3076.9 X106.127 Y224.908 E3152.79629
G1 F3000 X106.991 Y224.277 E3152.83188
G1 X108.883 Y222.837 E3152.91096
G1 X111.24 Y220.599 E3153.01906
G1 X113.291 Y218.186 E3153.12439
G1 X114.015 Y217.124 E3153.16714
G1 X115.115 Y215.505 E3153.23224
G1 X115.356 Y215.052 E3153.24931
G1 X116.677 Y212.556 E3153.34324
G1 X117.868 Y209.563 E3153.45037
G1 X118.716 Y206.516 E3153.55557
G1 X118.839 Y205.836 E3153.57855
G1 X119.216 Y203.545 E3153.65578
G1 X119.301 Y202.808 E3153.68045
G1 X119.358 Y201.767 E3153.71513
G1 X119.449 Y201.401 E3153.72767
G1 X119.635 Y201.131 E3153.73858
G1 X119.798 Y200.993 E3153.74568
G1 X120.066 Y200.865 E3153.75556
G1 X120.43 Y200.825 E3153.76774
G1 X124.09 Y201.09 E3153.88979
G1 X125.471 Y201.154 E3153.93577
G1 X128.298 Y201.201 E3154.02981
G1 X128.414 Y201.201 E3154.03367
G1 X128.263 Y200.685 E3154.05155
G1 X128.198 Y200.11 E3154.0708
G1 X128.24 Y199.423 E3154.09369
G1 X128.403 Y198.795 E3154.11527
G1 X123.005 Y198.789 E3154.29481
G1 X121.388 Y198.795 E3154.34859
G1 X120.435 Y198.848 E3154.38033
G1 X120.066 Y198.808 E3154.39268
G1 X119.798 Y198.68 E3154.40256
G1 X119.54 Y198.428 E3154.41455
M204 S3000
M205 X10 Y10
G0 F6000 X104.783 Y174.424
M204 S1800
M205 X8 Y8
G1 F1877.9 X104.571 Y174.285 E3154.42802
G1 F1846.2 X104.128 Y174.041 E3154.45536
G1 F1736.6 X103.684 Y173.797 E3154.48447
M204 S3000
M205 X10 Y10
G0 F6000 X101.327 Y174.284
G0 X100.506 Y174.688
G0 X99.837 Y175.309
G0 X83.06 Y194.917
G0 X82.088 Y196.463
G0 X81.748 Y197.439
G0 X80.941 Y200.114
M204 S1800
M205 X8 Y8
G1 F3000 X81.005 Y199.319 E3154.51099
G1 X81.128 Y198.222 E3154.54771
G1 X81.454 Y197.211 E3154.58304
G1 X81.734 Y196.409 E3154.61129
G1 X82.152 Y195.702 E3154.63861
G1 X82.741 Y194.764 E3154.67545
G1 X83.095 Y194.385 E3154.6927
G1 X84.096 Y193.385 E3154.73976
G1 X84.371 Y193.197 E3154.75084
G1 X85.691 Y192.37 E3154.80265
G1 X85.883 Y192.288 E3154.80959
G1 X87.471 Y191.732 E3154.86555
G1 X87.655 Y191.694 E3154.8718
G1 X89.341 Y191.504 E3154.92823
G1 X90.38 Y191.599 E3154.96293
G1 X91.243 Y191.697 E3154.99182
G1 X91.434 Y191.744 E3154.99836
G1 X93.033 Y192.303 E3155.0547
G1 X93.517 Y192.581 E3155.07327
G1 X94.646 Y193.29 E3155.11761
G1 X95.413 Y194.023 E3155.1529
G1 X96.049 Y194.662 E3155.18288
G1 X96.484 Y195.33 E3155.2094
G1 X97.068 Y196.263 E3155.246
G1 X97.137 Y196.417 E3155.25162
G1 X97.692 Y198.003 E3155.3075
G1 X97.841 Y199.111 E3155.34469
G1 X97.934 Y199.935 E3155.37227
G1 X97.864 Y200.696 E3155.39769
G1 X97.736 Y201.829 E3155.43561
G1 X97.494 Y202.565 E3155.46138
G1 X97.123 Y203.622 E3155.49864
G1 X96.579 Y204.518 E3155.5335
G1 X96.129 Y205.235 E3155.56166
G1 X95.445 Y205.944 E3155.59442
G1 X94.818 Y206.572 E3155.62394
G1 X94.259 Y206.953 E3155.64644
G1 X93.22 Y207.605 E3155.68724
G1 X92.692 Y207.816 E3155.70615
G1 X91.403 Y208.267 E3155.75157
G1 X90.381 Y208.4 E3155.78585
G1 X89.542 Y208.495 E3155.81393
G1 X89.322 Y208.494 E3155.82125
G1 X87.645 Y208.305 E3155.87738
G1 X87.436 Y208.256 E3155.88452
G1 X85.796 Y207.681 E3155.94232
G1 X85.649 Y207.605 E3155.94782
G1 X84.227 Y206.713 E3156.00366
G1 X84.051 Y206.572 E3156.01116
G1 X82.861 Y205.381 E3156.06715
G1 X82.476 Y204.814 E3156.08995
G1 X81.829 Y203.784 E3156.13041
G1 X81.458 Y202.799 E3156.16541
G1 X81.177 Y201.996 E3156.19371
G1 X81.022 Y200.829 E3156.23286
G1 X80.941 Y200.114 E3156.2568
M204 S3000
M205 X10 Y10
G0 F6000 X63.743 Y203.371
G0 X62.142 Y203.13
G0 X60.836 Y202.172
G0 X59.734 Y200.112
M204 S1800
M205 X8 Y8
G1 F3498.5 X59.822 Y199.148 E3156.28441
G1 F3225.8 X59.864 Y198.928 E3156.29133
G1 F3053.4 X60.072 Y198.365 E3156.31095
G1 F3000 X60.61 Y197.56 E3156.34315
G1 X61.219 Y196.99 E3156.37089
G1 X62.063 Y196.53 E3156.40286
G1 X62.861 Y196.307 E3156.43042
G1 X63.122 Y196.278 E3156.43916
G1 X63.84 Y196.291 E3156.46304
G1 X64.645 Y196.463 E3156.49042
G1 X65.315 Y196.792 E3156.51525
G1 X65.702 Y197.033 E3156.53041
G1 X66.196 Y197.475 E3156.55246
G1 X66.716 Y198.225 E3156.58281
G1 X67.033 Y198.99 E3156.61035
G1 X67.093 Y199.245 E3156.61907
G1 X67.166 Y199.965 E3156.64314
G1 X67.091 Y200.774 E3156.67016
G1 X67.027 Y201.026 E3156.67881
G1 X66.76 Y201.693 E3156.7027
G1 X66.31 Y202.388 E3156.73024
G1 X65.789 Y202.876 E3156.75398
G1 X65.408 Y203.17 E3156.76999
G1 X64.874 Y203.451 E3156.79006
G1 X64.371 Y203.598 E3156.80749
G1 X63.708 Y203.722 E3156.82992
G1 X63.103 Y203.722 E3156.85005
G1 X62.846 Y203.689 E3156.85866
G1 X62.153 Y203.505 E3156.88251
G1 X61.412 Y203.143 E3156.90994
G1 X60.81 Y202.637 E3156.9361
G1 X60.523 Y202.338 E3156.94988
G1 X60.182 Y201.845 E3156.96982
G1 X60.064 Y201.614 E3156.97845
G1 F3125 X59.833 Y200.919 E3157.00183
G1 F3448.3 X59.734 Y200.112 E3157.02536
M204 S3000
M205 X10 Y10
G0 F6000 X60.427 Y201.579
G0 X60.963 Y202.316
G0 X62.321 Y203.2
G0 X63.758 Y203.355
G0 X80.559 Y199.921
M204 S1800
M205 X8 Y8
;TYPE:SKIN
G1 F1200 X80.611 Y199.417 E3157.04221
G1 X80.751 Y198.168 E3157.08401
G1 X81.025 Y197.296 E3157.11441
G1 X81.377 Y196.282 E3157.15011
G1 X81.552 Y195.945 E3157.16274
G1 X82.155 Y194.981 E3157.20056
G1 X82.507 Y194.444 E3157.22192
G1 X82.838 Y194.107 E3157.23763
G1 X83.817 Y193.125 E3157.28375
G1 X84.192 Y192.864 E3157.29894
G1 X85.458 Y192.066 E3157.34872
G1 X85.792 Y191.922 E3157.36082
G1 X87.325 Y191.38 E3157.4149
G1 X87.53 Y191.328 E3157.42193
G1 X89.299 Y191.126 E3157.48115
G1 X90.423 Y191.221 E3157.51867
G1 X91.413 Y191.341 E3157.55184
G1 X92.365 Y191.668 E3157.58532
G1 X93.012 Y191.897 E3157.60814
G1 X93.348 Y192.033 E3157.6202
G1 X94.234 Y192.582 E3157.65487
G1 X95.061 Y193.135 E3157.68796
G1 X95.646 Y193.718 E3157.71543
G1 X96.415 Y194.515 E3157.75226
G1 X96.437 Y194.543 E3157.75345
G1 X97.145 Y195.667 E3157.79763
G1 X97.448 Y196.172 E3157.81722
G1 X97.46 Y196.199 E3157.8182
G1 X97.859 Y197.328 E3157.85803
G1 X98.106 Y198.087 E3157.88457
G1 X98.216 Y199.047 E3157.91671
G1 X98.314 Y200.036 E3157.94977
G1 X98.228 Y200.863 E3157.97742
G1 X98.084 Y202.014 E3158.016
G1 X97.847 Y202.7 E3158.04014
G1 X97.491 Y203.722 E3158.07614
G1 X96.865 Y204.777 E3158.11694
G1 X96.462 Y205.421 E3158.14221
G1 X96.089 Y205.833 E3158.16069
G1 X95.143 Y206.784 E3158.20531
G1 X94.924 Y206.98 E3158.21508
G1 X93.857 Y207.654 E3158.25706
G1 X93.21 Y208.035 E3158.28203
G1 X92.19 Y208.394 E3158.318
G1 X91.395 Y208.663 E3158.34591
G1 X90.713 Y208.743 E3158.36875
G1 X89.575 Y208.873 E3158.40685
G1 X89.381 Y208.879 E3158.4133
G1 X87.596 Y208.682 E3158.47303
G1 X87.422 Y208.648 E3158.47893
G1 X85.751 Y208.069 E3158.53775
G1 X85.556 Y207.989 E3158.54476
G1 X84.163 Y207.122 E3158.59933
G1 X83.832 Y206.888 E3158.61281
G1 X82.823 Y205.882 E3158.6602
G1 X82.464 Y205.503 E3158.67757
G1 X81.828 Y204.501 E3158.71704
G1 X81.427 Y203.844 E3158.74264
G1 X81.098 Y202.921 E3158.77523
G1 X80.766 Y201.927 E3158.81009
G1 X80.643 Y200.867 E3158.84558
G1 X80.559 Y199.921 E3158.87717
M204 S3000
M205 X10 Y10
G0 F6000 X82.088 Y203.537
G0 X83.06 Y205.083
G0 X84.351 Y206.375
G0 X85.897 Y207.346
G0 X87.621 Y207.948
G0 X89.435 Y208.154
G0 X91.067 Y207.969
G0 X119.608 Y200.664
M204 S1800
M205 X8 Y8
G1 F1200 X119.993 Y200.494 E3158.89116
G1 X120.458 Y200.446 E3158.90671
G1 X124.093 Y200.709 E3159.02793
G1 X125.464 Y200.773 E3159.07358
G1 X127.905 Y200.814 E3159.15478
G1 X127.812 Y200.013 E3159.1816
G1 X127.861 Y199.392 E3159.20232
G1 X127.91 Y199.176 E3159.20968
G1 X125.477 Y199.175 E3159.29061
G1 X121.394 Y199.175 E3159.42641
G1 X120.461 Y199.228 E3159.45749
G1 X119.927 Y199.162 E3159.47538
G1 X119.552 Y198.969 E3159.48941
G1 X119.219 Y198.629 E3159.50524
G1 X119.064 Y198.33 E3159.51644
G1 X118.979 Y197.945 E3159.52956
G1 X118.847 Y196.554 E3159.57603
G1 X118.472 Y194.265 E3159.65318
G1 X118.353 Y193.618 E3159.67506
G1 X117.519 Y190.6 E3159.7792
G1 X116.331 Y187.605 E3159.88636
G1 X114.813 Y184.735 E3159.99435
G1 X113.033 Y182.105 E3160.09997
G1 X110.963 Y179.663 E3160.20645
G1 X108.633 Y177.451 E3160.31331
G1 X106.087 Y175.515 E3160.41969
G1 X105.976 Y175.447 E3160.42402
G1 X106.171 Y175.769 E3160.43654
G1 X106.386 Y176.33 E3160.45652
G1 X106.472 Y176.692 E3160.4689
G1 X106.542 Y177.665 E3160.50134
G1 X106.47 Y178.299 E3160.52256
G1 X106.378 Y178.654 E3160.53476
G1 X105.985 Y179.558 E3160.56755
G1 X105.634 Y180.075 E3160.58833
G1 X105.379 Y180.355 E3160.60093
G1 X104.612 Y180.971 E3160.63365
G1 X103.982 Y181.304 E3160.65735
G1 X103.421 Y181.46 E3160.67671
G1 X102.842 Y181.581 E3160.69639
G1 X102.063 Y181.586 E3160.7223
G1 X101.741 Y181.539 E3160.73312
G1 X100.877 Y181.296 E3160.76297
G1 X100.221 Y180.954 E3160.78758
G1 X99.522 Y180.366 E3160.81796
G1 X99.277 Y180.13 E3160.82927
G1 X98.866 Y179.536 E3160.8533
G1 X98.706 Y179.222 E3160.86502
G1 X98.415 Y178.384 E3160.89452
G1 X98.321 Y177.646 E3160.91927
G1 X98.325 Y177.288 E3160.93118
G1 X98.451 Y176.44 E3160.95969
G1 X98.716 Y175.717 E3160.9853
G1 X98.888 Y175.398 E3160.99736
G1 X99.483 Y174.619 E3161.02996
G1 X99.958 Y174.197 E3161.05109
G1 X100.457 Y173.899 E3161.07042
G1 X101.136 Y173.584 E3161.09532
G1 X101.761 Y173.421 E3161.1168
G1 X102.333 Y173.384 E3161.13587
G1 X101.236 Y172.877 E3161.17606
G1 X100.421 Y172.498 E3161.20595
G1 X97.388 Y171.473 E3161.31244
G1 X94.252 Y170.776 E3161.41929
G1 X91.062 Y170.427 E3161.52602
G1 X87.858 Y170.427 E3161.63259
G1 X85.242 Y170.707 E3161.72009
G1 X84.666 Y170.77 E3161.73936
G1 X81.528 Y171.461 E3161.84623
G1 X79.03 Y172.299 E3161.93387
G1 X78.495 Y172.48 E3161.95265
G1 X76.089 Y173.591 E3162.0408
G1 X75.578 Y173.828 E3162.05953
G1 X72.831 Y175.479 E3162.16613
G1 X70.272 Y177.421 E3162.27298
G1 X67.94 Y179.626 E3162.37972
G1 X65.859 Y182.072 E3162.48653
G1 X64.059 Y184.727 E3162.59322
G1 X62.557 Y187.562 E3162.69993
G1 X61.359 Y190.567 E3162.80753
G1 X60.509 Y193.632 E3162.91332
G1 X59.995 Y196.787 E3163.01964
G1 X59.936 Y197.851 E3163.05508
G1 X60.483 Y197.136 E3163.08502
G1 X60.958 Y196.714 E3163.10615
G1 X61.265 Y196.504 E3163.11852
G1 X62.139 Y196.1 E3163.15055
G1 X62.769 Y195.937 E3163.17219
G1 X63.133 Y195.898 E3163.18437
G1 X63.843 Y195.911 E3163.20799
G1 X64.347 Y195.999 E3163.225
G1 X65.029 Y196.205 E3163.2487
G1 X65.852 Y196.668 E3163.28011
G1 X66.404 Y197.15 E3163.30448
G1 X66.64 Y197.42 E3163.31641
G1 X67.151 Y198.234 E3163.34837
G1 X67.388 Y198.855 E3163.37048
G1 X67.472 Y199.209 E3163.38258
G1 X67.546 Y200.151 E3163.41401
G1 X67.487 Y200.672 E3163.43145
G1 X67.381 Y201.173 E3163.44848
G1 X67.009 Y202.042 E3163.47992
G1 X66.622 Y202.604 E3163.50262
G1 X66.383 Y202.87 E3163.51451
G1 X65.689 Y203.447 E3163.54453
G1 X65.051 Y203.787 E3163.56858
G1 X64.468 Y203.967 E3163.58887
G1 X63.742 Y204.099 E3163.61341
G1 X63.105 Y204.102 E3163.6346
G1 X62.741 Y204.057 E3163.6468
G1 X61.796 Y203.772 E3163.67963
G1 X61.235 Y203.479 E3163.70068
G1 X60.943 Y203.273 E3163.71256
G1 X60.232 Y202.583 E3163.74552
G1 X59.935 Y202.157 E3163.76279
G1 X59.991 Y203.174 E3163.79667
G1 X60.51 Y206.368 E3163.90429
G1 X61.362 Y209.434 E3164.01013
G1 X62.558 Y212.44 E3164.11773
G1 X64.06 Y215.274 E3164.22441
G1 X65.86 Y217.929 E3164.3311
G1 X67.941 Y220.375 E3164.43791
G1 X70.273 Y222.58 E3164.54466
G1 X72.832 Y224.522 E3164.65151
G1 X75.579 Y226.173 E3164.7581
G1 X78.496 Y227.521 E3164.86498
G1 X81.529 Y228.541 E3164.97141
G1 X84.667 Y229.231 E3165.07827
G1 X87.858 Y229.574 E3165.18502
G1 X91.062 Y229.573 E3165.29158
G1 X94.253 Y229.223 E3165.39835
G1 X97.387 Y228.529 E3165.50512
G1 X100.43 Y227.5 E3165.61196
G1 X102.327 Y226.619 E3165.68152
G1 X101.769 Y226.578 E3165.70013
G1 X101.056 Y226.388 E3165.72468
G1 X100.506 Y226.14 E3165.74474
G1 X99.976 Y225.817 E3165.76539
G1 X99.233 Y225.101 E3165.7997
G1 X98.868 Y224.576 E3165.82097
G1 X98.705 Y224.254 E3165.83298
G1 X98.452 Y223.545 E3165.85801
G1 X98.389 Y223.26 E3165.86772
G1 X98.314 Y222.453 E3165.89468
G1 X98.424 Y221.61 E3165.92295
G1 X98.506 Y221.299 E3165.93365
G1 X98.843 Y220.499 E3165.96252
G1 X99.349 Y219.793 E3165.99141
G1 X99.768 Y219.398 E3166.01057
G1 X100.235 Y219.039 E3166.03016
G1 X101.041 Y218.644 E3166.06001
G1 X101.778 Y218.451 E3166.08535
G1 X102.133 Y218.414 E3166.09722
G1 X103.036 Y218.443 E3166.12727
G1 X103.737 Y218.612 E3166.15125
G1 X104.072 Y218.743 E3166.16322
G1 X104.934 Y219.25 E3166.19648
G1 X105.404 Y219.664 E3166.21731
G1 X105.641 Y219.939 E3166.22939
G1 X106.155 Y220.769 E3166.26186
G1 X106.385 Y221.365 E3166.28311
G1 X106.473 Y221.728 E3166.29553
G1 X106.542 Y222.699 E3166.32791
G1 X106.469 Y223.337 E3166.34926
G1 X106.377 Y223.691 E3166.36143
G1 X106.011 Y224.535 E3166.39203
G1 X106.748 Y223.982 E3166.42267
G1 X108.636 Y222.545 E3166.50159
G1 X110.964 Y220.337 E3166.6083
G1 X112.975 Y217.969 E3166.71163
G1 X114.791 Y215.304 E3166.81889
G1 X116.331 Y212.394 E3166.9284
G1 X117.509 Y209.441 E3167.03414
G1 X118.238 Y206.8 E3167.12527
G1 X118.379 Y206.263 E3167.14373
G1 X118.768 Y203.915 E3167.22289
G1 X118.847 Y203.364 E3167.24141
G1 X118.905 Y202.839 E3167.25898
G1 X119.02 Y201.476 E3167.30447
G1 X119.254 Y200.997 E3167.3222
G1 X119.608 Y200.664 E3167.33837
M204 S3000
M205 X10 Y10
G0 F6000 X110.982 Y179.996
M204 S1800
M205 X8 Y8
G1 F1200 X110.224 Y179.238 E3167.37402
G1 X110.154 Y179.168
M204 S3000
M205 X10 Y10
G0 F6000 X106.629 Y178.471
M204 S1800
M205 X8 Y8
G1 F1200 X116.348 Y188.19 E3167.83117
G1 X116.418 Y188.26
M204 S3000
M205 X10 Y10
G0 F6000 X116.719 Y189.127
M204 S1800
M205 X8 Y8
G1 F1200 X106.488 Y178.896 E3168.31241
M204 S3000
M205 X10 Y10
G0 F6000 X106.314 Y179.288
M204 S1800
M205 X8 Y8
G1 F1200 X117.091 Y190.065 E3168.81932
G1 X117.161 Y190.135
M204 S3000
M205 X10 Y10
G0 F6000 X117.407 Y190.946
M204 S1800
M205 X8 Y8
G1 F1200 X106.14 Y179.68 E3169.34927
M204 S3000
M205 X10 Y10
G0 F6000 X105.913 Y180.018
M204 S1800
M205 X8 Y8
G1 F1200 X117.623 Y191.728 E3169.90007
G1 X117.693 Y191.798
M204 S3000
M205 X10 Y10
G0 F6000 X117.839 Y192.509
M204 S1800
M205 X8 Y8
G1 F1200 X105.664 Y180.334 E3170.47274
M204 S3000
M205 X10 Y10
G0 F6000 X105.376 Y180.612
M204 S1800
M205 X8 Y8
G1 F1200 X118.055 Y193.291 E3171.06912
M204 S3000
M205 X10 Y10
G0 F6000 X118.224 Y194.025
M204 S1800
M205 X8 Y8
G1 F1200 X105.06 Y180.862 E3171.68829
M204 S3000
M205 X10 Y10
G0 F6000 X104.745 Y181.112
M204 S1800
M205 X8 Y8
G1 F1200 X118.343 Y194.711 E3172.32793
M204 S3000
M205 X10 Y10
G0 F6000 X118.454 Y195.387
M204 S1800
M205 X8 Y8
G1 F1200 X104.385 Y181.318 E3172.98969
M204 S3000
M205 X10 Y10
G0 F6000 X104.005 Y181.504
M204 S1800
M205 X8 Y8
G1 F1200 X118.564 Y196.063 E3173.6745
M204 S3000
M205 X10 Y10
G0 F6000 X118.663 Y196.728
M204 S1800
M205 X8 Y8
G1 F1200 X103.562 Y181.627 E3174.3848
M204 S3000
M205 X10 Y10
G0 F6000 X103.099 Y181.729
M204 S1800
M205 X8 Y8
G1 F1200 X118.723 Y197.354 E3175.11973
M204 S3000
M205 X10 Y10
G0 F6000 X118.784 Y197.98
M204 S1800
M205 X8 Y8
G1 F1200 X102.585 Y181.781 E3175.88168
M204 S3000
M205 X10 Y10
G0 F6000 X102.017 Y181.778
M204 S1800
M205 X8 Y8
G1 F1200 X120.484 Y200.246 E3176.75034
M204 S3000
M205 X10 Y10
G0 F6000 X119.967 Y200.295
M204 S1800
M205 X8 Y8
G1 F1200 X101.29 Y181.618 E3177.62885
G1 X101.22 Y181.548
M204 S3000
M205 X10 Y10
G0 F6000 X100.353 Y181.246
M204 S1800
M205 X8 Y8
G1 F1200 X119.575 Y200.469 E3178.53301
M204 S3000
M205 X10 Y10
G0 F6000 X119.259 Y200.717
M204 S1800
M205 X8 Y8
G1 F1200 X89.167 Y170.626 E3179.94843
M204 S3000
M205 X10 Y10
G0 F6000 X88.601 Y170.626
M204 S1800
M205 X8 Y8
G1 F1200 X119.007 Y201.031 E3181.37861
M204 S3000
M205 X10 Y10
G0 F6000 X118.837 Y201.427
M204 S1800
M205 X8 Y8
G1 F1200 X88.036 Y170.626 E3182.82739
M204 S3000
M205 X10 Y10
G0 F6000 X87.509 Y170.665
M204 S1800
M205 X8 Y8
G1 F1200 X118.781 Y201.937 E3184.29833
M204 S3000
M205 X10 Y10
G0 F6000 X118.736 Y202.458
M204 S1800
M205 X8 Y8
G1 F1200 X86.998 Y170.72 E3185.79119
M204 S3000
M205 X10 Y10
G0 F6000 X86.488 Y170.775
M204 S1800
M205 X8 Y8
G1 F1200 X118.692 Y202.979 E3187.30597
M204 S3000
M205 X10 Y10
G0 F6000 X118.627 Y203.48
M204 S1800
M205 X8 Y8
G1 F1200 X85.977 Y170.83 E3188.84172
M204 S3000
M205 X10 Y10
G0 F6000 X85.466 Y170.885
M204 S1800
M205 X8 Y8
G1 F1200 X118.556 Y203.974 E3190.39815
M204 S3000
M205 X10 Y10
G0 F6000 X118.475 Y204.459
M204 S1800
M205 X8 Y8
G1 F1200 X84.956 Y170.94 E3191.97478
M204 S3000
M205 X10 Y10
G0 F6000 X84.468 Y171.018
M204 S1800
M205 X8 Y8
G1 F1200 X118.395 Y204.945 E3193.57061
M204 S3000
M205 X10 Y10
G0 F6000 X118.314 Y205.43
M204 S1800
M205 X8 Y8
G1 F1200 X84.004 Y171.12 E3195.18444
M204 S3000
M205 X10 Y10
G0 F6000 X83.541 Y171.223
M204 S1800
M205 X8 Y8
G1 F1200 X118.233 Y205.915 E3196.81625
M204 S3000
M205 X10 Y10
G0 F6000 X118.139 Y206.386
M204 S1800
M205 X8 Y8
G1 F1200 X83.077 Y171.324 E3198.46546
M204 S3000
M205 X10 Y10
G0 F6000 X82.614 Y171.426
M204 S1800
M205 X8 Y8
G1 F1200 X118.018 Y206.831 E3200.13078
M204 S3000
M205 X10 Y10
G0 F6000 X117.898 Y207.277
M204 S1800
M205 X8 Y8
G1 F1200 X82.15 Y171.528 E3201.81228
M204 S3000
M205 X10 Y10
G0 F6000 X81.687 Y171.631
M204 S1800
M205 X8 Y8
G1 F1200 X117.777 Y207.721 E3203.50984
M204 S3000
M205 X10 Y10
G0 F6000 X117.654 Y208.164
M204 S1800
M205 X8 Y8
G1 F1200 X81.254 Y171.764 E3205.22198
M204 S3000
M205 X10 Y10
G0 F6000 X80.83 Y171.906
M204 S1800
M205 X8 Y8
G1 F1200 X117.532 Y208.607 E3206.94831
M204 S3000
M205 X10 Y10
G0 F6000 X117.409 Y209.05
M204 S1800
M205 X8 Y8
G1 F1200 X80.407 Y172.048 E3208.68877
M204 S3000
M205 X10 Y10
G0 F6000 X79.983 Y172.19
M204 S1800
M205 X8 Y8
G1 F1200 X117.276 Y209.483 E3210.44292
M204 S3000
M205 X10 Y10
G0 F6000 X117.115 Y209.887
M204 S1800
M205 X8 Y8
G1 F1200 X79.56 Y172.332 E3212.20939
M204 S3000
M205 X10 Y10
G0 F6000 X79.136 Y172.474
M204 S1800
M205 X8 Y8
G1 F1200 X116.954 Y210.292 E3213.98823
M204 S3000
M205 X10 Y10
G0 F6000 X116.792 Y210.696
M204 S1800
M205 X8 Y8
G1 F1200 X78.713 Y172.616 E3215.77938
M204 S3000
M205 X10 Y10
G0 F6000 X78.313 Y172.782
M204 S1800
M205 X8 Y8
G1 F1200 X116.631 Y211.101 E3217.58176
M204 S3000
M205 X10 Y10
G0 F6000 X116.469 Y211.504
M204 S1800
M205 X8 Y8
G1 F1200 X77.926 Y172.961 E3219.3947
M204 S3000
M205 X10 Y10
G0 F6000 X77.539 Y173.14
M204 S1800
M205 X8 Y8
G1 F1200 X116.308 Y211.909 E3221.21828
M204 S3000
M205 X10 Y10
G0 F6000 X116.147 Y212.313
M204 S1800
M205 X8 Y8
G1 F1200 X77.153 Y173.319 E3223.05244
M204 S3000
M205 X10 Y10
G0 F6000 X76.766 Y173.498
M204 S1800
M205 X8 Y8
G1 F1200 X115.951 Y212.683 E3224.89558
M204 S3000
M205 X10 Y10
G0 F6000 X115.755 Y213.053
M204 S1800
M205 X8 Y8
G1 F1200 X76.379 Y173.677 E3226.74771
M204 S3000
M205 X10 Y10
G0 F6000 X75.992 Y173.856
M204 S1800
M205 X8 Y8
G1 F1200 X94.969 Y192.832 E3227.6403
G1 X95.039 Y192.902
M204 S3000
M205 X10 Y10
G0 F6000 X93.412 Y191.841
M204 S1800
M205 X8 Y8
G1 F1200 X75.611 Y174.04 E3228.47761
M204 S3000
M205 X10 Y10
G0 F6000 X75.258 Y174.253
M204 S1800
M205 X8 Y8
G1 F1200 X92.512 Y191.507 E3229.28918
G1 X92.582 Y191.577
M204 S3000
M205 X10 Y10
G0 F6000 X91.647 Y191.208
M204 S1800
M205 X8 Y8
G1 F1200 X74.905 Y174.465 E3230.0767
M204 S3000
M205 X10 Y10
G0 F6000 X74.551 Y174.678
M204 S1800
M205 X8 Y8
G1 F1200 X90.958 Y191.085 E3230.84843
M204 S3000
M205 X10 Y10
G0 F6000 X90.314 Y191.006
M204 S1800
M205 X8 Y8
G1 F1200 X74.198 Y174.89 E3231.60648
M204 S3000
M205 X10 Y10
G0 F6000 X73.845 Y175.102
M204 S1800
M205 X8 Y8
G1 F1200 X89.681 Y190.939 E3232.35138
M204 S3000
M205 X10 Y10
G0 F6000 X89.12 Y190.943
M204 S1800
M205 X8 Y8
G1 F1200 X73.491 Y175.315 E3233.0865
M204 S3000
M205 X10 Y10
G0 F6000 X73.138 Y175.527
M204 S1800
M205 X8 Y8
G1 F1200 X88.613 Y191.002 E3233.81439
M204 S3000
M205 X10 Y10
G0 F6000 X88.107 Y191.062
M204 S1800
M205 X8 Y8
G1 F1200 X72.799 Y175.754 E3234.53444
M204 S3000
M205 X10 Y10
G0 F6000 X72.477 Y175.998
M204 S1800
M205 X8 Y8
G1 F1200 X87.6 Y191.121 E3235.24578
M204 S3000
M205 X10 Y10
G0 F6000 X87.143 Y191.229
M204 S1800
M205 X8 Y8
G1 F1200 X72.156 Y176.242 E3235.95072
M204 S3000
M205 X10 Y10
G0 F6000 X71.834 Y176.486
M204 S1800
M205 X8 Y8
G1 F1200 X86.727 Y191.379 E3236.65124
M204 S3000
M205 X10 Y10
G0 F6000 X86.31 Y191.527
M204 S1800
M205 X8 Y8
G1 F1200 X71.513 Y176.73 E3237.34724
M204 S3000
M205 X10 Y10
G0 F6000 X71.191 Y176.974
M204 S1800
M205 X8 Y8
G1 F1200 X85.892 Y191.676 E3238.03876
M204 S3000
M205 X10 Y10
G0 F6000 X85.477 Y191.826
M204 S1800
M205 X8 Y8
G1 F1200 X70.869 Y177.218 E3238.72587
M204 S3000
M205 X10 Y10
G0 F6000 X70.548 Y177.462
M204 S1800
M205 X8 Y8
G1 F1200 X85.124 Y192.038 E3239.41148
M204 S3000
M205 X10 Y10
G0 F6000 X84.777 Y192.258
M204 S1800
M205 X8 Y8
G1 F1200 X70.243 Y177.723 E3240.09514
M204 S3000
M205 X10 Y10
G0 F6000 X69.952 Y177.998
M204 S1800
M205 X8 Y8
G1 F1200 X84.432 Y192.478 E3240.77624
M204 S3000
M205 X10 Y10
G0 F6000 X84.085 Y192.697
M204 S1800
M205 X8 Y8
G1 F1200 X69.662 Y178.273 E3241.45467
M204 S3000
M205 X10 Y10
G0 F6000 X69.37 Y178.547
M204 S1800
M205 X8 Y8
G1 F1200 X83.745 Y192.922 E3242.13083
M204 S3000
M205 X10 Y10
G0 F6000 X83.457 Y193.2
M204 S1800
M205 X8 Y8
G1 F1200 X69.08 Y178.823 E3242.80708
M204 S3000
M205 X10 Y10
G0 F6000 X68.789 Y179.098
M204 S1800
M205 X8 Y8
G1 F1200 X83.176 Y193.484 E3243.48378
M204 S3000
M205 X10 Y10
G0 F6000 X82.894 Y193.768
M204 S1800
M205 X8 Y8
G1 F1200 X68.498 Y179.373 E3244.1609
M204 S3000
M205 X10 Y10
G0 F6000 X68.207 Y179.647
M204 S1800
M205 X8 Y8
G1 F1200 X82.611 Y194.052 E3244.83844
M204 S3000
M205 X10 Y10
G0 F6000 X82.336 Y194.342
M204 S1800
M205 X8 Y8
G1 F1200 X67.933 Y179.939 E3245.51591
M204 S3000
M205 X10 Y10
G0 F6000 X67.673 Y180.245
M204 S1800
M205 X8 Y8
G1 F1200 X82.112 Y194.683 E3246.19506
M204 S3000
M205 X10 Y10
G0 F6000 X81.89 Y195.027
M204 S1800
M205 X8 Y8
G1 F1200 X67.414 Y180.551 E3246.87596
M204 S3000
M205 X10 Y10
G0 F6000 X67.153 Y180.856
M204 S1800
M205 X8 Y8
G1 F1200 X81.673 Y195.376 E3247.55894
M204 S3000
M205 X10 Y10
G0 F6000 X81.457 Y195.725
M204 S1800
M205 X8 Y8
G1 F1200 X66.893 Y181.162 E3248.24396
M204 S3000
M205 X10 Y10
G0 F6000 X66.633 Y181.467
M204 S1800
M205 X8 Y8
G1 F1200 X81.249 Y196.083 E3248.93145
M204 S3000
M205 X10 Y10
G0 F6000 X81.093 Y196.493
M204 S1800
M205 X8 Y8
G1 F1200 X66.373 Y181.773 E3249.62384
M204 S3000
M205 X10 Y10
G0 F6000 X66.113 Y182.079
M204 S1800
M205 X8 Y8
G1 F1200 X80.947 Y196.912 E3250.32156
M204 S3000
M205 X10 Y10
G0 F6000 X80.802 Y197.333
M204 S1800
M205 X8 Y8
G1 F1200 X65.873 Y182.404 E3251.02377
M204 S3000
M205 X10 Y10
G0 F6000 X65.644 Y182.741
M204 S1800
M205 X8 Y8
G1 F1200 X80.656 Y197.753 E3251.72989
M204 S3000
M205 X10 Y10
G0 F6000 X80.549 Y198.211
M204 S1800
M205 X8 Y8
G1 F1200 X65.416 Y183.079 E3252.44168
M204 S3000
M205 X10 Y10
G0 F6000 X65.187 Y183.415
M204 S1800
M205 X8 Y8
G1 F1200 X80.489 Y198.718 E3253.16146
M204 S3000
M205 X10 Y10
G0 F6000 X80.434 Y199.228
M204 S1800
M205 X8 Y8
G1 F1200 X64.959 Y183.753 E3253.88936
M204 S3000
M205 X10 Y10
G0 F6000 X64.73 Y184.09
M204 S1800
M205 X8 Y8
G1 F1200 X80.378 Y199.737 E3254.62537
M204 S3000
M205 X10 Y10
G0 F6000 X80.395 Y200.32
M204 S1800
M205 X8 Y8
G1 F1200 X64.502 Y184.427 E3255.37293
M204 S3000
M205 X10 Y10
G0 F6000 X64.273 Y184.764
M204 S1800
M205 X8 Y8
G1 F1200 X80.45 Y200.941 E3256.13384
M204 S3000
M205 X10 Y10
G0 F6000 X80.525 Y201.582
M204 S1800
M205 X8 Y8
G1 F1200 X64.071 Y185.128 E3256.90779
M204 S3000
M205 X10 Y10
G0 F6000 X63.875 Y185.498
M204 S1800
M205 X8 Y8
G1 F1200 X80.682 Y202.304 E3257.69832
G1 X80.752 Y202.374
M204 S3000
M205 X10 Y10
G0 F6000 X80.971 Y203.159
M204 S1800
M205 X8 Y8
G1 F1200 X63.679 Y185.867 E3258.51168
M204 S3000
M205 X10 Y10
G0 F6000 X63.484 Y186.237
M204 S1800
M205 X8 Y8
G1 F1200 X81.352 Y204.106 E3259.35216
G1 X81.422 Y204.176
M204 S3000
M205 X10 Y10
G0 F6000 X82.31 Y205.63
M204 S1800
M205 X8 Y8
G1 F1200 X63.288 Y186.607 E3260.24692
M204 S3000
M205 X10 Y10
G0 F6000 X63.092 Y186.977
M204 S1800
M205 X8 Y8
G1 F1200 X98.163 Y222.048 E3261.89655
M204 S3000
M205 X10 Y10
G0 F6000 X98.234 Y221.553
M204 S1800
M205 X8 Y8
G1 F1200 X83.773 Y207.093 E3262.57673
G1 X83.703 Y207.023
M204 S3000
M205 X10 Y10
G0 F6000 X85.322 Y208.076
M204 S1800
M205 X8 Y8
G1 F1200 X98.367 Y221.121 E3263.19032
M204 S3000
M205 X10 Y10
G0 F6000 X98.533 Y220.721
M204 S1800
M205 X8 Y8
G1 F1200 X86.269 Y208.457 E3263.76718
G1 X86.199 Y208.387
M204 S3000
M205 X10 Y10
G0 F6000 X87.131 Y208.754
M204 S1800
M205 X8 Y8
G1 F1200 X98.714 Y220.337 E3264.31201
M204 S3000
M205 X10 Y10
G0 F6000 X98.951 Y220.007
M204 S1800
M205 X8 Y8
G1 F1200 X87.854 Y208.911 E3264.83396
M204 S3000
M205 X10 Y10
G0 F6000 X88.488 Y208.979
M204 S1800
M205 X8 Y8
G1 F1200 X99.186 Y219.677 E3265.33716
M204 S3000
M205 X10 Y10
G0 F6000 X99.474 Y219.399
M204 S1800
M205 X8 Y8
G1 F1200 X89.122 Y209.047 E3265.82409
M204 S3000
M205 X10 Y10
G0 F6000 X89.693 Y209.053
M204 S1800
M205 X8 Y8
G1 F1200 X99.778 Y219.138 E3266.29845
M204 S3000
M205 X10 Y10
G0 F6000 X100.098 Y218.891
M204 S1800
M205 X8 Y8
G1 F1200 X90.207 Y209.001 E3266.76367
M204 S3000
M205 X10 Y10
G0 F6000 X90.716 Y208.944
M204 S1800
M205 X8 Y8
G1 F1200 X100.472 Y218.7 E3267.22257
M204 S3000
M205 X10 Y10
G0 F6000 X100.85 Y218.512
M204 S1800
M205 X8 Y8
G1 F1200 X91.223 Y208.886 E3267.67537
M204 S3000
M205 X10 Y10
G0 F6000 X91.678 Y208.775
M204 S1800
M205 X8 Y8
G1 F1200 X101.276 Y218.373 E3268.12683
M204 S3000
M205 X10 Y10
G0 F6000 X101.744 Y218.276
M204 S1800
M205 X8 Y8
G1 F1200 X92.102 Y208.633 E3268.58038
M204 S3000
M205 X10 Y10
G0 F6000 X92.522 Y208.488
M204 S1800
M205 X8 Y8
G1 F1200 X102.254 Y218.219 E3269.03812
M204 S3000
M205 X10 Y10
G0 F6000 X102.836 Y218.236
M204 S1800
M205 X8 Y8
G1 F1200 X92.939 Y208.339 E3269.50364
M204 S3000
M205 X10 Y10
G0 F6000 X93.349 Y208.183
M204 S1800
M205 X8 Y8
G1 F1200 X103.526 Y218.36 E3269.98234
G1 X103.596 Y218.43
M204 S3000
M205 X10 Y10
G0 F6000 X104.488 Y218.756
M204 S1800
M205 X8 Y8
G1 F1200 X93.705 Y207.973 E3270.48954
M204 S3000
M205 X10 Y10
G0 F6000 X94.06 Y207.762
M204 S1800
M205 X8 Y8
G1 F1200 X108.599 Y222.302 E3271.17343
M204 S3000
M205 X10 Y10
G0 F6000 X108.89 Y222.027
M204 S1800
M205 X8 Y8
G1 F1200 X94.405 Y207.542 E3271.85476
M204 S3000
M205 X10 Y10
G0 F6000 X94.75 Y207.322
M204 S1800
M205 X8 Y8
G1 F1200 X109.18 Y221.751 E3272.53348
M204 S3000
M205 X10 Y10
G0 F6000 X109.47 Y221.476
M204 S1800
M205 X8 Y8
G1 F1200 X95.093 Y207.099 E3273.20973
M204 S3000
M205 X10 Y10
G0 F6000 X95.384 Y206.824
M204 S1800
M205 X8 Y8
G1 F1200 X109.761 Y221.201 E3273.88598
M204 S3000
M205 X10 Y10
G0 F6000 X110.051 Y220.925
M204 S1800
M205 X8 Y8
G1 F1200 X95.665 Y206.54 E3274.56263
M204 S3000
M205 X10 Y10
G0 F6000 X95.947 Y206.255
M204 S1800
M205 X8 Y8
G1 F1200 X110.341 Y220.65 E3275.2397
M204 S3000
M205 X10 Y10
G0 F6000 X110.632 Y220.375
M204 S1800
M205 X8 Y8
G1 F1200 X96.228 Y205.971 E3275.91722
M204 S3000
M205 X10 Y10
G0 F6000 X96.51 Y205.687
M204 S1800
M205 X8 Y8
G1 F1200 X110.912 Y220.089 E3276.59465
M204 S3000
M205 X10 Y10
G0 F6000 X111.172 Y219.783
M204 S1800
M205 X8 Y8
G1 F1200 X96.734 Y205.345 E3277.27377
M204 S3000
M205 X10 Y10
G0 F6000 X96.956 Y205.002
M204 S1800
M205 X8 Y8
G1 F1200 X111.432 Y219.478 E3277.95468
M204 S3000
M205 X10 Y10
G0 F6000 X111.691 Y219.171
M204 S1800
M205 X8 Y8
G1 F1200 X97.174 Y204.655 E3278.63749
M204 S3000
M205 X10 Y10
G0 F6000 X97.391 Y204.305
M204 S1800
M205 X8 Y8
G1 F1200 X111.951 Y218.865 E3279.32235
M204 S3000
M205 X10 Y10
G0 F6000 X112.211 Y218.56
M204 S1800
M205 X8 Y8
G1 F1200 X97.606 Y203.955 E3280.00932
M204 S3000
M205 X10 Y10
G0 F6000 X97.762 Y203.545
M204 S1800
M205 X8 Y8
G1 F1200 X112.47 Y218.254 E3280.70116
M204 S3000
M205 X10 Y10
G0 F6000 X112.73 Y217.947
M204 S1800
M205 X8 Y8
G1 F1200 X97.908 Y203.125 E3281.39834
M204 S3000
M205 X10 Y10
G0 F6000 X98.053 Y202.705
M204 S1800
M205 X8 Y8
G1 F1200 X112.97 Y217.622 E3282.09999
M204 S3000
M205 X10 Y10
G0 F6000 X113.199 Y217.285
M204 S1800
M205 X8 Y8
G1 F1200 X98.199 Y202.285 E3282.80555
M204 S3000
M205 X10 Y10
G0 F6000 X98.306 Y201.827
M204 S1800
M205 X8 Y8
G1 F1200 X113.428 Y216.948 E3283.51682
M204 S3000
M205 X10 Y10
G0 F6000 X113.657 Y216.612
M204 S1800
M205 X8 Y8
G1 F1200 X98.37 Y201.325 E3284.23587
M204 S3000
M205 X10 Y10
G0 F6000 X98.432 Y200.821
M204 S1800
M205 X8 Y8
G1 F1200 X113.886 Y216.275 E3284.96278
M204 S3000
M205 X10 Y10
G0 F6000 X114.115 Y215.939
M204 S1800
M205 X8 Y8
G1 F1200 X98.484 Y200.307 E3285.69804
M204 S3000
M205 X10 Y10
G0 F6000 X98.485 Y199.743
M204 S1800
M205 X8 Y8
G1 F1200 X114.344 Y215.602 E3286.444
M204 S3000
M205 X10 Y10
G0 F6000 X114.573 Y215.265
M204 S1800
M205 X8 Y8
G1 F1200 X98.422 Y199.114 E3287.20369
M204 S3000
M205 X10 Y10
G0 F6000 X98.35 Y198.476
M204 S1800
M205 X8 Y8
G1 F1200 X114.776 Y214.902 E3287.97632
M204 S3000
M205 X10 Y10
G0 F6000 X114.972 Y214.532
M204 S1800
M205 X8 Y8
G1 F1200 X98.215 Y197.775 E3288.76452
G1 X98.145 Y197.705
M204 S3000
M205 X10 Y10
G0 F6000 X97.926 Y196.921
M204 S1800
M205 X8 Y8
G1 F1200 X115.167 Y214.162 E3289.57548
M204 S3000
M205 X10 Y10
G0 F6000 X115.363 Y213.793
M204 S1800
M205 X8 Y8
G1 F1200 X97.589 Y196.019 E3290.41151
G1 X97.519 Y195.949
M204 S3000
M205 X10 Y10
G0 F6000 X96.66 Y194.523
M204 S1800
M205 X8 Y8
G1 F1200 X115.559 Y213.423 E3291.30049
G1 X115.629 Y213.493
M204 S3000
M205 X10 Y10
G0 F6000 X108.288 Y222.556
M204 S1800
M205 X8 Y8
G1 F1200 X106.194 Y220.463 E3291.39896
G1 X106.124 Y220.393
M204 S3000
M205 X10 Y10
G0 F6000 X106.607 Y221.441
M204 S1800
M205 X8 Y8
G1 F1200 X107.966 Y222.8 E3291.46288
M204 S3000
M205 X10 Y10
G0 F6000 X107.645 Y223.045
M204 S1800
M205 X8 Y8
G1 F1200 X106.697 Y222.097 E3291.50748
M204 S3000
M205 X10 Y10
G0 F6000 X106.736 Y222.701
M204 S1800
M205 X8 Y8
G1 F1200 X107.324 Y223.29 E3291.53516
M204 S3000
M205 X10 Y10
G0 F6000 X107.003 Y223.534
M204 S1800
M205 X8 Y8
G1 F1200 X106.682 Y223.213 E3291.55026
M204 S3000
M205 X10 Y10
G0 F6000 X106.574 Y223.671
M204 S1800
M205 X8 Y8
G1 F1200 X106.681 Y223.778 E3291.55529
M204 S3000
M205 X10 Y10
G0 F6000 X104.518 Y225.199
G0 X101.293 Y226.875
M204 S1800
M205 X8 Y8
G1 F1200 X100.989 Y226.571 E3291.56959
M204 S3000
M205 X10 Y10
G0 F6000 X100.906 Y227.054
M204 S1800
M205 X8 Y8
G1 F1200 X62.384 Y188.532 E3293.38154
M204 S3000
M205 X10 Y10
G0 F6000 X62.223 Y188.936
M204 S1800
M205 X8 Y8
G1 F1200 X100.52 Y227.233 E3295.18292
M204 S3000
M205 X10 Y10
G0 F6000 X100.115 Y227.394
M204 S1800
M205 X8 Y8
G1 F1200 X62.062 Y189.341 E3296.97281
M204 S3000
M205 X10 Y10
G0 F6000 X61.9 Y189.745
M204 S1800
M205 X8 Y8
G1 F1200 X99.692 Y227.537 E3298.75043
M204 S3000
M205 X10 Y10
G0 F6000 X99.27 Y227.68
M204 S1800
M205 X8 Y8
G1 F1200 X61.74 Y190.15 E3300.51573
M204 S3000
M205 X10 Y10
G0 F6000 X61.579 Y190.555
M204 S1800
M205 X8 Y8
G1 F1200 X98.847 Y227.823 E3302.2687
M204 S3000
M205 X10 Y10
G0 F6000 X98.424 Y227.966
M204 S1800
M205 X8 Y8
G1 F1200 X61.448 Y190.99 E3304.00794
M204 S3000
M205 X10 Y10
G0 F6000 X61.325 Y191.433
M204 S1800
M205 X8 Y8
G1 F1200 X98.001 Y228.109 E3305.73307
M204 S3000
M205 X10 Y10
G0 F6000 X97.578 Y228.251
M204 S1800
M205 X8 Y8
G1 F1200 X67.091 Y197.765 E3307.16706
G1 X67.021 Y197.695
M204 S3000
M205 X10 Y10
G0 F6000 X67.584 Y198.823
M204 S1800
M205 X8 Y8
G1 F1200 X97.138 Y228.377 E3308.55719
M204 S3000
M205 X10 Y10
G0 F6000 X96.675 Y228.48
M204 S1800
M205 X8 Y8
G1 F1200 X67.694 Y199.499 E3309.92037
M204 S3000
M205 X10 Y10
G0 F6000 X67.742 Y200.113
M204 S1800
M205 X8 Y8
G1 F1200 X96.212 Y228.582 E3311.25948
M204 S3000
M205 X10 Y10
G0 F6000 X95.749 Y228.685
M204 S1800
M205 X8 Y8
G1 F1200 X67.692 Y200.628 E3312.5792
M204 S3000
M205 X10 Y10
G0 F6000 X67.602 Y201.103
M204 S1800
M205 X8 Y8
G1 F1200 X95.286 Y228.787 E3313.88137
M204 S3000
M205 X10 Y10
G0 F6000 X94.823 Y228.89
M204 S1800
M205 X8 Y8
G1 F1200 X67.447 Y201.514 E3315.16905
M204 S3000
M205 X10 Y10
G0 F6000 X67.279 Y201.912
M204 S1800
M205 X8 Y8
G1 F1200 X94.359 Y228.992 E3316.44281
M204 S3000
M205 X10 Y10
G0 F6000 X93.864 Y229.062
M204 S1800
M205 X8 Y8
G1 F1200 X67.083 Y202.282 E3317.70249
M204 S3000
M205 X10 Y10
G0 F6000 X66.853 Y202.617
M204 S1800
M205 X8 Y8
G1 F1200 X93.354 Y229.118 E3318.94901
M204 S3000
M205 X10 Y10
G0 F6000 X92.844 Y229.174
M204 S1800
M205 X8 Y8
G1 F1200 X66.599 Y202.929 E3320.1835
M204 S3000
M205 X10 Y10
G0 F6000 X66.301 Y203.197
M204 S1800
M205 X8 Y8
G1 F1200 X92.334 Y229.23 E3321.40801
M204 S3000
M205 X10 Y10
G0 F6000 X91.824 Y229.286
M204 S1800
M205 X8 Y8
G1 F1200 X65.982 Y203.444 E3322.62354
M204 S3000
M205 X10 Y10
G0 F6000 X65.661 Y203.689
M204 S1800
M205 X8 Y8
G1 F1200 X91.315 Y229.342 E3323.8302
M204 S3000
M205 X10 Y10
G0 F6000 X90.779 Y229.372
M204 S1800
M205 X8 Y8
G1 F1200 X65.288 Y203.881 E3325.02922
M204 S3000
M205 X10 Y10
G0 F6000 X64.889 Y204.047
M204 S1800
M205 X8 Y8
G1 F1200 X90.213 Y229.372 E3326.2204
M204 S3000
M205 X10 Y10
G0 F6000 X89.647 Y229.372
M204 S1800
M205 X8 Y8
G1 F1200 X64.449 Y204.173 E3327.40566
M204 S3000
M205 X10 Y10
G0 F6000 X63.967 Y204.256
M204 S1800
M205 X8 Y8
G1 F1200 X89.082 Y229.372 E3328.58702
M204 S3000
M205 X10 Y10
G0 F6000 X88.517 Y229.372
M204 S1800
M205 X8 Y8
G1 F1200 X63.445 Y204.301 E3329.76631
M204 S3000
M205 X10 Y10
G0 F6000 X62.848 Y204.269
M204 S1800
M205 X8 Y8
G1 F1200 X87.951 Y229.372 E3330.94707
M204 S3000
M205 X10 Y10
G0 F6000 X87.327 Y229.314
M204 S1800
M205 X8 Y8
G1 F1200 X62.072 Y204.059 E3332.13499
G1 X62.002 Y203.989
M204 S3000
M205 X10 Y10
G0 F6000 X61.017 Y203.57
M204 S1800
M205 X8 Y8
G1 F1200 X86.694 Y229.246 E3333.34274
M204 S3000
M205 X10 Y10
G0 F6000 X86.06 Y229.178
M204 S1800
M205 X8 Y8
G1 F1200 X60.22 Y203.339 E3334.55815
M204 S3000
M205 X10 Y10
G0 F6000 X60.33 Y204.014
M204 S1800
M205 X8 Y8
G1 F1200 X85.426 Y229.11 E3335.73859
M204 S3000
M205 X10 Y10
G0 F6000 X84.792 Y229.042
M204 S1800
M205 X8 Y8
G1 F1200 X60.439 Y204.689 E3336.88408
M204 S3000
M205 X10 Y10
G0 F6000 X60.549 Y205.365
M204 S1800
M205 X8 Y8
G1 F1200 X84.08 Y228.896 E3337.9909
M204 S3000
M205 X10 Y10
G0 F6000 X83.355 Y228.737
M204 S1800
M205 X8 Y8
G1 F1200 X60.659 Y206.04 E3339.05848
M204 S3000
M205 X10 Y10
G0 F6000 X60.831 Y206.778
M204 S1800
M205 X8 Y8
G1 F1200 X82.631 Y228.577 E3340.08386
M204 S3000
M205 X10 Y10
G0 F6000 X81.905 Y228.418
M204 S1800
M205 X8 Y8
G1 F1200 X61.049 Y207.562 E3341.06486
G1 X60.979 Y207.492
M204 S3000
M205 X10 Y10
G0 F6000 X61.266 Y208.344
M204 S1800
M205 X8 Y8
G1 F1200 X81.11 Y228.188 E3341.99826
G1 X81.18 Y228.258
M204 S3000
M205 X10 Y10
G0 F6000 X80.258 Y227.901
M204 S1800
M205 X8 Y8
G1 F1200 X61.484 Y209.128 E3342.88131
G1 X61.414 Y209.058
M204 S3000
M205 X10 Y10
G0 F6000 X61.81 Y210.019
M204 S1800
M205 X8 Y8
G1 F1200 X79.405 Y227.614 E3343.70892
G1 X79.475 Y227.684
M204 S3000
M205 X10 Y10
G0 F6000 X78.548 Y227.324
M204 S1800
M205 X8 Y8
G1 F1200 X62.184 Y210.959 E3344.47866
G1 X62.114 Y210.889
M204 S3000
M205 X10 Y10
G0 F6000 X62.558 Y211.899
M204 S1800
M205 X8 Y8
G1 F1200 X77.497 Y226.838 E3345.18134
G1 X77.567 Y226.908
M204 S3000
M205 X10 Y10
G0 F6000 X76.446 Y226.352
M204 S1800
M205 X8 Y8
G1 F1200 X63.068 Y212.974 E3345.8106
G1 X62.998 Y212.904
M204 S3000
M205 X10 Y10
G0 F6000 X63.706 Y214.179
M204 S1800
M205 X8 Y8
G1 F1200 X75.296 Y225.769 E3346.35576
G1 X75.366 Y225.839
M204 S3000
M205 X10 Y10
G0 F6000 X73.879 Y224.917
M204 S1800
M205 X8 Y8
G1 F1200 X64.442 Y215.48 E3346.79965
G1 X64.372 Y215.41
M204 S3000
M205 X10 Y10
G0 F6000 X65.629 Y217.233
M204 S1800
M205 X8 Y8
G1 F1200 X72.145 Y223.749 E3347.10614
G1 X72.215 Y223.819
M204 S3000
M205 X10 Y10
G0 F6000 X98.129 Y222.58
M204 S1800
M205 X8 Y8
G1 F1200 X62.896 Y187.347 E3348.7634
M204 S3000
M205 X10 Y10
G0 F6000 X62.706 Y187.723
M204 S1800
M205 X8 Y8
G1 F1200 X98.183 Y223.199 E3350.4321
G1 X98.253 Y223.269
M204 S3000
M205 X10 Y10
G0 F6000 X98.395 Y223.977
M204 S1800
M205 X8 Y8
G1 F1200 X62.545 Y188.127 E3352.11838
G1 X62.475 Y188.057
M204 S3000
M205 X10 Y10
G0 F6000 X61.202 Y191.876
M204 S1800
M205 X8 Y8
G1 F1200 X65.651 Y196.324 E3352.32762
G1 X65.721 Y196.394
M204 S3000
M205 X10 Y10
G0 F6000 X64.64 Y195.879
M204 S1800
M205 X8 Y8
G1 F1200 X61.08 Y192.319 E3352.49507
M204 S3000
M205 X10 Y10
G0 F6000 X60.957 Y192.762
M204 S1800
M205 X8 Y8
G1 F1200 X63.916 Y195.721 E3352.63425
M204 S3000
M205 X10 Y10
G0 F6000 X63.332 Y195.702
M204 S1800
M205 X8 Y8
G1 F1200 X60.834 Y193.204 E3352.75175
M204 S3000
M205 X10 Y10
G0 F6000 X60.711 Y193.647
M204 S1800
M205 X8 Y8
G1 F1200 X62.796 Y195.732 E3352.84982
M204 S3000
M205 X10 Y10
G0 F6000 X62.337 Y195.838
M204 S1800
M205 X8 Y8
G1 F1200 X60.629 Y194.131 E3352.93014
M204 S3000
M205 X10 Y10
G0 F6000 X60.55 Y194.617
M204 S1800
M205 X8 Y8
G1 F1200 X61.918 Y195.985 E3352.99448
M204 S3000
M205 X10 Y10
G0 F6000 X61.529 Y196.162
M204 S1800
M205 X8 Y8
G1 F1200 X60.47 Y195.103 E3353.0443
M204 S3000
M205 X10 Y10
G0 F6000 X60.391 Y195.589
M204 S1800
M205 X8 Y8
G1 F1200 X61.146 Y196.345 E3353.07983
M204 S3000
M205 X10 Y10
G0 F6000 X60.811 Y196.575
M204 S1800
M205 X8 Y8
G1 F1200 X60.311 Y196.075 E3353.10335
M204 S3000
M205 X10 Y10
G0 F6000 X60.232 Y196.562
M204 S1800
M205 X8 Y8
G1 F1200 X60.509 Y196.839 E3353.11638
M204 S3000
M205 X10 Y10
G0 F6000 X60.237 Y197.132
M204 S1800
M205 X8 Y8
G1 F1200 X60.179 Y197.074 E3353.11911
M204 S3000
M205 X10 Y10
G0 F6000 X89.733 Y170.626
M204 S1800
M205 X8 Y8
G1 F1200 X98.642 Y179.535 E3353.53816
G1 X98.712 Y179.605
M204 S3000
M205 X10 Y10
G0 F6000 X98.28 Y178.608
M204 S1800
M205 X8 Y8
G1 F1200 X90.298 Y170.626 E3353.91361
M204 S3000
M205 X10 Y10
G0 F6000 X90.864 Y170.626
M204 S1800
M205 X8 Y8
G1 F1200 X98.155 Y177.917 E3354.25656
M204 S3000
M205 X10 Y10
G0 F6000 X98.127 Y177.323
M204 S1800
M205 X8 Y8
G1 F1200 X91.476 Y170.672 E3354.5694
M204 S3000
M205 X10 Y10
G0 F6000 X92.112 Y170.742
M204 S1800
M205 X8 Y8
G1 F1200 X98.195 Y176.826 E3354.85555
M204 S3000
M205 X10 Y10
G0 F6000 X98.272 Y176.337
M204 S1800
M205 X8 Y8
G1 F1200 X92.747 Y170.812 E3355.11543
M204 S3000
M205 X10 Y10
G0 F6000 X93.382 Y170.881
M204 S1800
M205 X8 Y8
G1 F1200 X98.425 Y175.923 E3355.35261
M204 S3000
M205 X10 Y10
G0 F6000 X98.594 Y175.527
M204 S1800
M205 X8 Y8
G1 F1200 X94.017 Y170.95 E3355.5679
M204 S3000
M205 X10 Y10
G0 F6000 X94.716 Y171.083
M204 S1800
M205 X8 Y8
G1 F1200 X98.807 Y175.175 E3355.76035
M204 S3000
M205 X10 Y10
G0 F6000 X99.055 Y174.856
M204 S1800
M205 X8 Y8
G1 F1200 X95.443 Y171.244 E3355.93025
M204 S3000
M205 X10 Y10
G0 F6000 X96.17 Y171.406
M204 S1800
M205 X8 Y8
G1 F1200 X99.301 Y174.537 E3356.07752
M204 S3000
M205 X10 Y10
G0 F6000 X99.586 Y174.256
M204 S1800
M205 X8 Y8
G1 F1200 X96.897 Y171.568 E3356.20398
G1 X96.827 Y171.498
M204 S3000
M205 X10 Y10
G0 F6000 X97.676 Y171.78
M204 S1800
M205 X8 Y8
G1 F1200 X99.894 Y173.999 E3356.30833
M204 S3000
M205 X10 Y10
G0 F6000 X100.238 Y173.777
M204 S1800
M205 X8 Y8
G1 F1200 X98.531 Y172.07 E3356.38862
G1 X98.461 Y172
M204 S3000
M205 X10 Y10
G0 F6000 X99.387 Y172.36
M204 S1800
M205 X8 Y8
G1 F1200 X100.624 Y173.598 E3356.44683
M204 S3000
M205 X10 Y10
G0 F6000 X101.011 Y173.419
M204 S1800
M205 X8 Y8
G1 F1200 X100.242 Y172.65 E3356.483
G1 X100.172 Y172.58
M204 S3000
M205 X10 Y10
G0 F6000 X101.268 Y173.11
M204 S1800
M205 X8 Y8
G1 F1200 X101.452 Y173.294 E3356.49166
M204 S3000
M205 X10 Y10
G0 F6000 X103.999 Y174.508
G0 X106.504 Y176.083
M204 S1800
M205 X8 Y8
G1 F1200 X113.35 Y182.929 E3356.81367
G1 X113.42 Y182.999
M204 S3000
M205 X10 Y10
G0 F6000 X114.535 Y184.68
M204 S1800
M205 X8 Y8
G1 F1200 X106.681 Y176.826 E3357.1831
M204 S3000
M205 X10 Y10
G0 F6000 X106.72 Y177.43
M204 S1800
M205 X8 Y8
G1 F1200 X115.218 Y185.929 E3357.58284
G1 X115.288 Y185.999
M204 S3000
M205 X10 Y10
G0 F6000 X115.853 Y187.13
M204 S1800
M205 X8 Y8
G1 F1200 X106.708 Y177.985 E3358.013
G1 X106.638 Y177.915
M204 S3000
M205 X10 Y10
G0 F6000 X120.205 Y199.401
M204 S1800
M205 X8 Y8
G1 F1200 X121.094 Y200.29 E3358.05481
M204 S3000
M205 X10 Y10
G0 F6000 X121.703 Y200.333
M204 S1800
M205 X8 Y8
G1 F1200 X120.775 Y199.406 E3358.09844
M204 S3000
M205 X10 Y10
G0 F6000 X121.313 Y199.377
M204 S1800
M205 X8 Y8
G1 F1200 X122.313 Y200.378 E3358.1455
M204 S3000
M205 X10 Y10
G0 F6000 X122.923 Y200.422
M204 S1800
M205 X8 Y8
G1 F1200 X121.875 Y199.374 E3358.19479
M204 S3000
M205 X10 Y10
G0 F6000 X122.441 Y199.374
M204 S1800
M205 X8 Y8
G1 F1200 X123.533 Y200.466 E3358.24616
M204 S3000
M205 X10 Y10
G0 F6000 X124.141 Y200.509
M204 S1800
M205 X8 Y8
G1 F1200 X123.006 Y199.374 E3358.29955
M204 S3000
M205 X10 Y10
G0 F6000 X123.572 Y199.374
M204 S1800
M205 X8 Y8
G1 F1200 X124.735 Y200.537 E3358.35425
M204 S3000
M205 X10 Y10
G0 F6000 X125.329 Y200.565
M204 S1800
M205 X8 Y8
G1 F1200 X124.138 Y199.374 E3358.41027
M204 S3000
M205 X10 Y10
G0 F6000 X124.703 Y199.374
M204 S1800
M205 X8 Y8
G1 F1200 X125.908 Y200.578 E3358.46693
M204 S3000
M205 X10 Y10
G0 F6000 X126.483 Y200.588
M204 S1800
M205 X8 Y8
G1 F1200 X125.269 Y199.374 E3358.52403
M204 S3000
M205 X10 Y10
G0 F6000 X125.835 Y199.374
M204 S1800
M205 X8 Y8
G1 F1200 X127.058 Y200.597 E3358.58156
M204 S3000
M205 X10 Y10
G0 F6000 X127.634 Y200.607
M204 S1800
M205 X8 Y8
G1 F1200 X126.4 Y199.374 E3358.63958
M204 S3000
M205 X10 Y10
G0 F6000 X126.966 Y199.374
M204 S1800
M205 X8 Y8
G1 F1200 X127.615 Y200.023 E3358.6701
M204 S3000
M205 X10 Y10
G0 F6000 X127.653 Y199.495
M204 S1800
M205 X8 Y8
G1 F1200 X127.532 Y199.374 E3358.67579
M204 S3000
M205 X10 Y10
G1 F2400 E3352.67579
G0 F6000 X128.761 Y200.005
G0 X129.859 Y199.99
G0 X133.608 Y201.211
G0 X134.6 Y201.243
M204 S1800
M205 X8 Y8
;TYPE:WALL-OUTER
G1 F2400 E3358.67579
G1 F3000 X134.256 Y201.81 E3358.69785
G1 X134.06 Y202.008 E3358.70712
G1 X134.873 Y201.97 E3358.73419
G1 X135.162 Y201.935 E3358.74387
G1 X135.235 Y201.891 E3358.74671
G1 X135.235 Y201.352 E3358.76463
G1 F2934 X135.226 Y200.686 E3358.78728
G1 F3000 X135.244 Y200.027 E3358.80921
G1 F3015.1 X135.229 Y199.348 E3358.83169
G1 F2955.7 X135.235 Y198.776 E3358.851
G1 F3000 X135.235 Y198.103 E3358.87338
G1 X135.022 Y198.02 E3358.88099
G1 X134.477 Y197.998 E3358.89913
G1 X134.072 Y197.998 E3358.9126
G1 X134.353 Y198.322 E3358.92686
G1 X134.668 Y198.917 E3358.94925
G1 F2955.7 X134.824 Y199.406 E3358.96658
G1 F3022.7 X134.862 Y200.056 E3358.98808
G1 F3007.5 X134.81 Y200.673 E3359.00862
G1 F2934 X134.6 Y201.243 E3359.02928
M204 S3000
M205 X10 Y10
G0 F6000 X134.497 Y201.414
G0 X134.87 Y201.546
M204 S1800
M205 X8 Y8
;TYPE:WALL-INNER
G1 F3208.6 X134.802 Y201.585 E3359.03172
G1 X134.87 Y201.624 E3359.03415
G1 X134.894 Y201.585 E3359.03558
M204 S3000
M205 X10 Y10
G1 F2400 E3353.03558
G0 F6000 X135.005 Y200.788
G0 X135.023 Y199.356
G0 X134.889 Y198.406
M204 S1800
M205 X8 Y8
G1 F2400 E3359.03558
G1 F3092.8 X134.864 Y198.447 E3359.03713
G1 X134.793 Y198.406 E3359.03977
G1 X134.864 Y198.365 E3359.04242
;TIME_ELAPSED:4500.566205
G1 F2400 E3353.04242
M140 S0
M204 S4000
M205 X20 Y20
M107
G91 ;Change to relative positioning mode for filament retraction and nozzle lifting
G1 F200 E-4;Retract the filament a bit before lifting the nozzle
G1 F1000 Z5;Lift nozzle 5mm
G90 ;Change to absolute positioning mode to prepare for part rermoval
G1 X0 Y400 ;Move the print to max y pos for part rermoval
M104 S0 ; Turn off hotend
M106 S0 ; Turn off cooling fan
M140 S0 ; Turn off bed
M84 ; Disable motors

M82 ;absolute extrusion mode
M104 S0
;End of Gcode
;SETTING_3 {"global_quality": "[general]\\nversion = 4\\nname = Normal #2\\ndefi
;SETTING_3 nition = anycubic_chiron\\n\\n[metadata]\\ntype = quality_changes\\nq
;SETTING_3 uality_type = normal\\nsetting_version = 20\\n\\n[values]\\nadhesion_
;SETTING_3 type = brim\\nmaterial_bed_temperature = 55\\nsupport_type = buildpla
;SETTING_3 te\\n\\n", "extruder_quality": ["[general]\\nversion = 4\\nname = Nor
;SETTING_3 mal #2\\ndefinition = anycubic_chiron\\n\\n[metadata]\\ntype = qualit
;SETTING_3 y_changes\\nquality_type = normal\\nsetting_version = 20\\nposition =
;SETTING_3  0\\n\\n[values]\\ninfill_sparse_density = 15\\nmaterial_print_temper
;SETTING_3 ature = 195\\n\\n"]}
