;FLAVOR:Marlin
;TIME:4314
;Filament used: 3.16497m
;Layer height: 0.2
;MINX:48.52
;MINY:164.823
;MINZ:0.2
;MAXX:133.914
;MAXY:235.176
;MAXZ:2.6
;Generated with Cura_SteamEngine 5.0.0
M140 S55
M105
M190 S55
M104 S195
M105
M109 S195
M82 ;absolute extrusion mode
M107 ;Start with the fan off
G21 ;Set units to millimeters
G91 ;Change to relative positioning mode for retract filament and nozzle lifting
G1 F200 E-3 ;Retract 3mm filament for a clean start
G92 E0 ;Zero the extruded length
G1 F1000 Z5 ;Lift the nozzle 5mm before homing axes
G90 ;Absolute positioning
M82 ;Set extruder to absolute mode too
G28 X0 Y0 ;First move X/Y to min endstops
G28 Z0 ;Then move Z to min endstops
G1 F1000 Z15 ;After homing lift the nozzle 15mm before start printing

G92 E0
G92 E0
G1 F2400 E-6
;LAYER_COUNT:13
;LAYER:0
M106 S255
M204 S3000
M205 X10 Y10
G1 F600 Z0.275
G0 F3000 X70.077 Y167.554 Z0.275
G1 F600 Z0.2
G0 F3000 X66.681 Y169.2
M204 S1800
M205 X8 Y8
;TYPE:SKIRT
G1 F2400 E0
G1 X67.078 Y168.984 E0.02105
G1 X70.077 Y167.554 E0.17575
G1 X70.494 Y167.382 E0.19676
G1 X73.63 Y166.281 E0.35152
G1 X74.061 Y166.155 E0.37243
G1 X77.292 Y165.396 E0.52697
G1 X77.735 Y165.317 E0.54793
G1 X81.035 Y164.908 E0.70277
G1 X81.484 Y164.877 E0.72372
G1 X84.804 Y164.823 E0.87834
G1 X85.252 Y164.839 E0.89921
G1 X88.561 Y165.14 E1.05393
G1 X89.01 Y165.206 E1.07506
G1 X92.268 Y165.862 E1.22981
G1 X92.701 Y165.973 E1.25062
G1 X95.87 Y166.971 E1.40533
G1 X96.292 Y167.129 E1.42631
G1 X99.333 Y168.46 E1.58088
G1 X99.736 Y168.663 E1.6019
G1 X102.619 Y170.314 E1.75659
G1 X102.996 Y170.557 E1.77748
G1 X105.687 Y172.506 E1.9322
G1 X106.038 Y172.791 E1.95325
G1 X108.503 Y175.017 E2.10791
G1 X108.819 Y175.335 E2.12878
G1 X111.033 Y177.812 E2.28348
G1 X111.315 Y178.164 E2.30448
G1 X113.251 Y180.864 E2.45918
G1 X113.494 Y181.243 E2.48015
G1 X115.129 Y184.134 E2.6348
G1 X115.638 Y185.253 E2.69204
G1 X129.714 Y185.255 E3.34748
G1 X130.292 Y185.295 E3.37446
G1 X130.859 Y185.414 E3.40144
G1 X131.404 Y185.61 E3.42841
G1 X131.917 Y185.879 E3.45538
G1 X132.388 Y186.217 E3.48237
G1 X132.809 Y186.615 E3.50935
G1 X133.17 Y187.068 E3.53632
G1 X133.465 Y187.567 E3.56331
G1 X133.69 Y188.101 E3.5903
G1 X133.838 Y188.661 E3.61727
G1 X133.914 Y189.455 E3.65441
G1 X133.914 Y210.545 E4.63645
G1 X133.874 Y211.123 E4.66343
G1 X133.755 Y211.69 E4.6904
G1 X133.559 Y212.235 E4.71737
G1 X133.29 Y212.748 E4.74434
G1 X132.953 Y213.219 E4.77131
G1 X132.554 Y213.639 E4.79829
G1 X132.101 Y214.001 E4.82529
G1 X131.603 Y214.296 E4.85224
G1 X131.069 Y214.521 E4.87922
G1 X130.509 Y214.669 E4.90619
G1 X129.739 Y214.745 E4.94222
G1 X127.181 Y214.76 E5.06134
G1 X115.634 Y214.759 E5.59901
G1 X115.329 Y215.464 E5.63478
G1 X115.131 Y215.863 E5.65552
G1 X113.496 Y218.754 E5.81018
G1 X113.254 Y219.133 E5.83111
G1 X111.318 Y221.834 E5.98586
G1 X111.036 Y222.186 E6.00686
G1 X108.823 Y224.662 E6.16149
G1 X108.506 Y224.98 E6.1824
G1 X106.04 Y227.207 E6.33712
G1 X105.689 Y227.491 E6.35814
G1 X102.997 Y229.441 E6.51292
G1 X102.62 Y229.685 E6.53383
G1 X99.739 Y231.335 E6.68843
G1 X99.336 Y231.538 E6.70944
G1 X96.293 Y232.87 E6.86412
G1 X95.871 Y233.028 E6.8851
G1 X92.702 Y234.026 E7.03981
G1 X92.269 Y234.137 E7.06062
G1 X89.011 Y234.793 E7.21537
G1 X88.562 Y234.859 E7.2365
G1 X85.253 Y235.16 E7.39122
G1 X84.807 Y235.176 E7.412
G1 X81.487 Y235.124 E7.56661
G1 X81.036 Y235.093 E7.58766
G1 X77.736 Y234.684 E7.7425
G1 X77.293 Y234.605 E7.76345
G1 X74.062 Y233.846 E7.918
G1 X73.631 Y233.72 E7.93891
G1 X70.495 Y232.619 E8.09367
G1 X70.078 Y232.447 E8.11467
G1 X67.079 Y231.017 E8.26938
G1 X66.682 Y230.801 E8.29043
G1 X63.856 Y229.058 E8.44503
G1 X63.487 Y228.802 E8.46595
G1 X60.861 Y226.765 E8.6207
G1 X60.523 Y226.472 E8.64153
G1 X58.13 Y224.169 E8.79618
G1 X57.821 Y223.839 E8.81723
G1 X55.69 Y221.293 E8.97183
G1 X55.42 Y220.932 E8.99282
G1 X53.571 Y218.168 E9.14766
G1 X53.341 Y217.782 E9.16859
G1 X51.8 Y214.84 E9.32323
G1 X51.613 Y214.43 E9.34422
G1 X50.396 Y211.339 E9.4989
G1 X50.254 Y210.913 E9.51981
G1 X49.374 Y207.712 E9.67439
G1 X49.278 Y207.271 E9.69541
G1 X48.746 Y203.989 E9.85023
G1 X48.698 Y203.542 E9.87116
G1 X48.52 Y200.226 E10.02579
G1 X48.52 Y199.777 E10.0467
G1 X48.697 Y196.46 E10.20137
G1 X48.745 Y196.012 E10.22235
G1 X49.277 Y192.73 E10.37717
G1 X49.373 Y192.289 E10.39818
G1 X50.253 Y189.088 E10.55277
G1 X50.395 Y188.662 E10.57368
G1 X51.612 Y185.571 E10.72836
G1 X51.799 Y185.161 E10.74934
G1 X53.34 Y182.219 E10.90399
G1 X53.57 Y181.833 E10.92491
G1 X55.419 Y179.069 E11.07976
G1 X55.689 Y178.708 E11.10075
G1 X57.82 Y176.162 E11.25535
G1 X58.129 Y175.832 E11.2764
G1 X60.522 Y173.529 E11.43105
G1 X60.86 Y173.236 E11.45188
G1 X63.486 Y171.199 E11.60663
G1 X63.855 Y170.943 E11.62754
G1 X66.681 Y169.2 E11.78215
M204 S3000
M205 X10 Y10
G1 F2400 E5.78215
G0 F3000 X63.829 Y171.642
M204 S1800
M205 X8 Y8
G1 F2400 E11.78215
G1 X64.149 Y171.42 E11.80028
G1 X66.975 Y169.677 E11.95489
G1 X67.319 Y169.489 E11.97315
G1 X70.318 Y168.059 E12.12785
G1 X70.679 Y167.911 E12.14602
G1 X73.815 Y166.81 E12.30078
G1 X74.189 Y166.7 E12.31894
G1 X77.42 Y165.941 E12.47348
G1 X77.804 Y165.873 E12.49164
G1 X81.104 Y165.464 E12.64648
G1 X81.493 Y165.436 E12.66464
G1 X84.813 Y165.382 E12.81925
G1 X85.202 Y165.397 E12.83738
G1 X88.511 Y165.698 E12.9921
G1 X88.899 Y165.755 E13.01036
G1 X92.157 Y166.411 E13.16511
G1 X92.532 Y166.507 E13.18313
G1 X95.701 Y167.505 E13.33784
G1 X96.067 Y167.642 E13.35604
G1 X99.108 Y168.973 E13.51061
G1 X99.458 Y169.149 E13.52885
G1 X102.341 Y170.8 E13.68355
G1 X102.667 Y171.011 E13.70163
G1 X105.358 Y172.96 E13.85635
G1 X105.663 Y173.207 E13.87462
G1 X108.128 Y175.433 E14.02928
G1 X108.402 Y175.708 E14.04735
G1 X110.616 Y178.185 E14.20205
G1 X110.86 Y178.49 E14.22024
G1 X112.796 Y181.19 E14.37494
G1 X113.006 Y181.519 E14.39312
G1 X114.641 Y184.41 E14.54777
G1 X114.815 Y184.759 E14.56593
G1 X115.27 Y185.813 E14.61939
G1 X129.714 Y185.815 E15.29196
G1 X130.252 Y185.855 E15.31708
G1 X130.778 Y185.974 E15.34219
G1 X131.281 Y186.169 E15.36731
G1 X131.749 Y186.437 E15.39242
G1 X132.173 Y186.771 E15.41756
G1 X132.542 Y187.163 E15.44263
G1 X132.85 Y187.606 E15.46775
G1 X133.088 Y188.09 E15.49286
G1 X133.253 Y188.603 E15.51796
G1 X133.34 Y189.136 E15.5431
G1 X133.354 Y189.455 E15.55797
G1 X133.354 Y210.545 E16.54001
G1 X133.314 Y211.083 E16.56513
G1 X133.195 Y211.609 E16.59024
G1 X133 Y212.111 E16.61532
G1 X132.732 Y212.58 E16.64047
G1 X132.399 Y213.003 E16.66554
G1 X132.006 Y213.373 E16.69067
G1 X131.563 Y213.68 E16.71577
G1 X131.079 Y213.919 E16.74091
G1 X130.566 Y214.084 E16.766
G1 X130.034 Y214.171 E16.7911
G1 X129.736 Y214.185 E16.80499
G1 X127.181 Y214.2 E16.92396
G1 X115.266 Y214.199 E17.47878
G1 X114.815 Y215.241 E17.53165
G1 X114.643 Y215.587 E17.54964
G1 X113.008 Y218.478 E17.70429
G1 X112.799 Y218.807 E17.72244
G1 X110.863 Y221.508 E17.87718
G1 X110.618 Y221.813 E17.8954
G1 X108.405 Y224.289 E18.05003
G1 X108.131 Y224.564 E18.06811
G1 X105.665 Y226.791 E18.22283
G1 X105.36 Y227.038 E18.2411
G1 X102.668 Y228.988 E18.39589
G1 X102.342 Y229.199 E18.41397
G1 X99.461 Y230.849 E18.56856
G1 X99.112 Y231.025 E18.58676
G1 X96.069 Y232.357 E18.74144
G1 X95.702 Y232.494 E18.75968
G1 X92.533 Y233.492 E18.91439
G1 X92.158 Y233.588 E18.93241
G1 X88.9 Y234.244 E19.08716
G1 X88.512 Y234.301 E19.10542
G1 X85.203 Y234.602 E19.26014
G1 X84.816 Y234.617 E19.27817
G1 X81.496 Y234.565 E19.43279
G1 X81.105 Y234.537 E19.45104
G1 X77.805 Y234.128 E19.60588
G1 X77.421 Y234.06 E19.62404
G1 X74.19 Y233.301 E19.77858
G1 X73.816 Y233.191 E19.79673
G1 X70.68 Y232.09 E19.9515
G1 X70.319 Y231.942 E19.96966
G1 X67.32 Y230.512 E20.12437
G1 X66.976 Y230.324 E20.14263
G1 X64.15 Y228.581 E20.29723
G1 X63.83 Y228.359 E20.31537
G1 X61.204 Y226.322 E20.47012
G1 X60.911 Y226.069 E20.48815
G1 X58.518 Y223.766 E20.64279
G1 X58.251 Y223.479 E20.66105
G1 X56.12 Y220.933 E20.81565
G1 X55.886 Y220.621 E20.83381
G1 X54.037 Y217.857 E20.98865
G1 X53.838 Y217.522 E21.0068
G1 X52.297 Y214.58 E21.16144
G1 X52.134 Y214.225 E21.17963
G1 X50.917 Y211.134 E21.33432
G1 X50.794 Y210.765 E21.35243
G1 X49.914 Y207.564 E21.50701
G1 X49.831 Y207.181 E21.52526
G1 X49.299 Y203.899 E21.68008
G1 X49.257 Y203.512 E21.6982
G1 X49.079 Y200.196 E21.85283
G1 X49.079 Y199.807 E21.87095
G1 X49.256 Y196.49 E22.02562
G1 X49.298 Y196.102 E22.04379
G1 X49.83 Y192.82 E22.19861
G1 X49.913 Y192.437 E22.21686
G1 X50.793 Y189.236 E22.37144
G1 X50.916 Y188.867 E22.38955
G1 X52.133 Y185.776 E22.54424
G1 X52.296 Y185.421 E22.56242
G1 X53.837 Y182.479 E22.71707
G1 X54.036 Y182.144 E22.73522
G1 X55.885 Y179.38 E22.89006
G1 X56.119 Y179.068 E22.90822
G1 X58.25 Y176.522 E23.06282
G1 X58.517 Y176.235 E23.08107
G1 X60.91 Y173.932 E23.23572
G1 X61.203 Y173.679 E23.25375
G1 X63.829 Y171.642 E23.4085
M204 S3000
M205 X10 Y10
G1 F2400 E17.4085
G0 F3000 X61.298 Y174.336
M204 S1800
M205 X8 Y8
G1 F2400 E23.4085
G1 X61.546 Y174.121 E23.42378
G1 X64.172 Y172.084 E23.57854
G1 X64.443 Y171.897 E23.59387
G1 X67.269 Y170.154 E23.74848
G1 X67.56 Y169.995 E23.76392
G1 X70.559 Y168.565 E23.91862
G1 X70.865 Y168.439 E23.93403
G1 X74.001 Y167.338 E24.0888
G1 X74.317 Y167.246 E24.10412
G1 X77.548 Y166.487 E24.25867
G1 X77.873 Y166.428 E24.27405
G1 X81.173 Y166.019 E24.42889
G1 X81.502 Y165.996 E24.44424
G1 X84.822 Y165.942 E24.59886
G1 X85.151 Y165.955 E24.61419
G1 X88.46 Y166.256 E24.7689
G1 X88.789 Y166.304 E24.78439
G1 X92.047 Y166.96 E24.93914
G1 X92.364 Y167.041 E24.95437
G1 X95.533 Y168.039 E25.10908
G1 X95.843 Y168.155 E25.12449
G1 X98.884 Y169.486 E25.27906
G1 X99.18 Y169.635 E25.29449
G1 X102.063 Y171.286 E25.44919
G1 X102.339 Y171.465 E25.46451
G1 X105.03 Y173.414 E25.61923
G1 X105.287 Y173.622 E25.63462
G1 X107.752 Y175.848 E25.78928
G1 X107.984 Y176.081 E25.80459
G1 X110.198 Y178.558 E25.95929
G1 X110.405 Y178.816 E25.97469
G1 X112.341 Y181.516 E26.12939
G1 X112.519 Y181.795 E26.1448
G1 X114.154 Y184.686 E26.29946
G1 X114.301 Y184.981 E26.3148
G1 X114.902 Y186.373 E26.3854
G1 X129.714 Y186.375 E27.07511
G1 X130.209 Y186.415 E27.09824
G1 X130.69 Y186.534 E27.12131
G1 X131.146 Y186.728 E27.14438
G1 X131.566 Y186.994 E27.16753
G1 X131.937 Y187.323 E27.19062
G1 X132.25 Y187.707 E27.21369
G1 X132.498 Y188.137 E27.23681
G1 X132.673 Y188.601 E27.2599
G1 X132.772 Y189.087 E27.28299
G1 X132.794 Y189.455 E27.30016
G1 X132.794 Y210.545 E28.2822
G1 X132.754 Y211.039 E28.30527
G1 X132.635 Y211.521 E28.32839
G1 X132.441 Y211.977 E28.35147
G1 X132.176 Y212.396 E28.37455
G1 X131.846 Y212.767 E28.39767
G1 X131.462 Y213.081 E28.42077
G1 X131.032 Y213.329 E28.44388
G1 X130.569 Y213.504 E28.46693
G1 X130.082 Y213.603 E28.49007
G1 X129.732 Y213.625 E28.5064
G1 X127.181 Y213.64 E28.62519
G1 X114.898 Y213.639 E29.19714
G1 X114.301 Y215.019 E29.26715
G1 X114.156 Y215.311 E29.28233
G1 X112.521 Y218.202 E29.43699
G1 X112.343 Y218.48 E29.45236
G1 X110.407 Y221.181 E29.6071
G1 X110.2 Y221.44 E29.62254
G1 X107.987 Y223.916 E29.77717
G1 X107.755 Y224.149 E29.79248
G1 X105.289 Y226.376 E29.9472
G1 X105.032 Y226.584 E29.9626
G1 X102.34 Y228.534 E30.11738
G1 X102.064 Y228.713 E30.1327
G1 X99.183 Y230.363 E30.28729
G1 X98.887 Y230.512 E30.30272
G1 X95.844 Y231.844 E30.4574
G1 X95.534 Y231.96 E30.47281
G1 X92.365 Y232.958 E30.62752
G1 X92.048 Y233.039 E30.64275
G1 X88.79 Y233.695 E30.7975
G1 X88.461 Y233.743 E30.81298
G1 X85.152 Y234.044 E30.9677
G1 X84.825 Y234.057 E30.98294
G1 X81.505 Y234.005 E31.13755
G1 X81.174 Y233.982 E31.153
G1 X77.874 Y233.573 E31.30784
G1 X77.549 Y233.514 E31.32322
G1 X74.318 Y232.755 E31.47776
G1 X74.002 Y232.663 E31.49309
G1 X70.866 Y231.562 E31.64785
G1 X70.56 Y231.436 E31.66326
G1 X67.561 Y230.006 E31.81797
G1 X67.27 Y229.847 E31.83341
G1 X64.444 Y228.104 E31.98802
G1 X64.173 Y227.917 E32.00335
G1 X61.547 Y225.88 E32.1581
G1 X61.299 Y225.665 E32.17339
G1 X58.906 Y223.362 E32.32803
G1 X58.68 Y223.12 E32.34345
G1 X56.549 Y220.574 E32.49805
G1 X56.351 Y220.31 E32.51342
G1 X54.502 Y217.546 E32.66826
G1 X54.334 Y217.262 E32.68363
G1 X52.793 Y214.32 E32.83828
G1 X52.655 Y214.019 E32.85369
G1 X51.438 Y210.928 E33.00838
G1 X51.334 Y210.616 E33.02369
G1 X50.454 Y207.415 E33.17827
G1 X50.384 Y207.092 E33.19366
G1 X49.852 Y203.81 E33.34848
G1 X49.816 Y203.482 E33.36385
G1 X49.638 Y200.166 E33.51848
G1 X49.638 Y199.837 E33.5338
G1 X49.815 Y196.52 E33.68847
G1 X49.851 Y196.191 E33.70388
G1 X50.383 Y192.909 E33.8587
G1 X50.453 Y192.586 E33.87409
G1 X51.333 Y189.385 E34.02867
G1 X51.437 Y189.073 E34.04398
G1 X52.654 Y185.982 E34.19867
G1 X52.792 Y185.681 E34.21409
G1 X54.333 Y182.739 E34.36873
G1 X54.501 Y182.455 E34.3841
G1 X56.35 Y179.691 E34.53894
G1 X56.548 Y179.427 E34.55431
G1 X58.679 Y176.881 E34.70891
G1 X58.905 Y176.639 E34.72433
G1 X61.298 Y174.336 E34.87898
M204 S3000
M205 X10 Y10
G1 F2400 E28.87898
G0 F3000 X59.109 Y177.241
M204 S1800
M205 X8 Y8
G1 F2400 E34.87898
G1 X59.294 Y177.042 E34.89163
G1 X61.687 Y174.739 E35.04628
G1 X61.889 Y174.564 E35.05872
G1 X64.515 Y172.527 E35.21347
G1 X64.737 Y172.373 E35.22605
G1 X67.563 Y170.63 E35.38066
G1 X67.801 Y170.5 E35.39329
G1 X70.8 Y169.07 E35.548
G1 X71.05 Y168.967 E35.56059
G1 X74.186 Y167.866 E35.71535
G1 X74.445 Y167.791 E35.72791
G1 X77.676 Y167.032 E35.88245
G1 X77.942 Y166.984 E35.89504
G1 X81.242 Y166.575 E36.04987
G1 X81.511 Y166.556 E36.06243
G1 X84.831 Y166.502 E36.21705
G1 X85.1 Y166.512 E36.22958
G1 X88.409 Y166.813 E36.3843
G1 X88.678 Y166.853 E36.39696
G1 X91.936 Y167.509 E36.55171
G1 X92.196 Y167.575 E36.5642
G1 X95.365 Y168.573 E36.71891
G1 X95.618 Y168.668 E36.73149
G1 X98.659 Y169.999 E36.88606
G1 X98.901 Y170.121 E36.89868
G1 X101.784 Y171.772 E37.05338
G1 X102.01 Y171.918 E37.06591
G1 X104.701 Y173.867 E37.22063
G1 X104.912 Y174.038 E37.23327
G1 X107.377 Y176.264 E37.38793
G1 X107.567 Y176.455 E37.40047
G1 X109.781 Y178.932 E37.55517
G1 X109.95 Y179.143 E37.56776
G1 X111.886 Y181.843 E37.72246
G1 X112.032 Y182.07 E37.73503
G1 X113.667 Y184.961 E37.88968
G1 X113.787 Y185.203 E37.90226
G1 X114.534 Y186.933 E37.99001
G1 X129.714 Y186.935 E38.69685
G1 X130.161 Y186.975 E38.71775
G1 X130.594 Y187.094 E38.73866
G1 X130.998 Y187.287 E38.75951
G1 X131.362 Y187.549 E38.78039
G1 X131.674 Y187.871 E38.80127
G1 X131.924 Y188.244 E38.82218
G1 X132.104 Y188.655 E38.84307
G1 X132.208 Y189.091 E38.86394
G1 X132.234 Y189.455 E38.88093
G1 X132.234 Y210.545 E39.86297
G1 X132.194 Y210.992 E39.88387
G1 X132.076 Y211.424 E39.90472
G1 X131.882 Y211.829 E39.92563
G1 X131.62 Y212.193 E39.94652
G1 X131.298 Y212.505 E39.96739
G1 X130.925 Y212.755 E39.9883
G1 X130.514 Y212.935 E40.0092
G1 X130.078 Y213.039 E40.03007
G1 X129.729 Y213.065 E40.04636
G1 X127.181 Y213.08 E40.16501
G1 X114.531 Y213.079 E40.75405
G1 X113.788 Y214.796 E40.84116
G1 X113.669 Y215.036 E40.85364
G1 X112.034 Y217.927 E41.00829
G1 X111.888 Y218.154 E41.02086
G1 X109.952 Y220.855 E41.1756
G1 X109.783 Y221.066 E41.18819
G1 X107.57 Y223.542 E41.34282
G1 X107.38 Y223.733 E41.35536
G1 X104.914 Y225.96 E41.51009
G1 X104.703 Y226.131 E41.52273
G1 X102.011 Y228.081 E41.67751
G1 X101.785 Y228.227 E41.69004
G1 X98.904 Y229.877 E41.84464
G1 X98.663 Y229.999 E41.85722
G1 X95.62 Y231.331 E42.01189
G1 X95.366 Y231.426 E42.02452
G1 X92.197 Y232.424 E42.17922
G1 X91.937 Y232.49 E42.19171
G1 X88.679 Y233.146 E42.34647
G1 X88.41 Y233.186 E42.35913
G1 X85.101 Y233.487 E42.51385
G1 X84.834 Y233.497 E42.52629
G1 X81.514 Y233.445 E42.6809
G1 X81.243 Y233.426 E42.69355
G1 X77.943 Y233.017 E42.84839
G1 X77.677 Y232.969 E42.86097
G1 X74.446 Y232.21 E43.01552
G1 X74.187 Y232.135 E43.02807
G1 X71.051 Y231.034 E43.18284
G1 X70.801 Y230.931 E43.19543
G1 X67.802 Y229.501 E43.35014
G1 X67.564 Y229.371 E43.36276
G1 X64.738 Y227.628 E43.51737
G1 X64.516 Y227.474 E43.52995
G1 X61.89 Y225.437 E43.6847
G1 X61.688 Y225.262 E43.69715
G1 X59.295 Y222.959 E43.8518
G1 X59.11 Y222.76 E43.86445
G1 X56.979 Y220.214 E44.01905
G1 X56.816 Y219.998 E44.03165
G1 X54.967 Y217.234 E44.18649
G1 X54.83 Y217.002 E44.19904
G1 X53.289 Y214.06 E44.35369
G1 X53.176 Y213.814 E44.36629
G1 X51.959 Y210.723 E44.52098
G1 X51.874 Y210.468 E44.53349
G1 X50.994 Y207.267 E44.68807
G1 X50.936 Y207.002 E44.70071
G1 X50.404 Y203.72 E44.85552
G1 X50.376 Y203.452 E44.86807
G1 X50.198 Y200.136 E45.0227
G1 X50.198 Y199.867 E45.03523
G1 X50.375 Y196.55 E45.1899
G1 X50.403 Y196.281 E45.20249
G1 X50.935 Y192.999 E45.35731
G1 X50.993 Y192.734 E45.36994
G1 X51.873 Y189.533 E45.52453
G1 X51.958 Y189.278 E45.53704
G1 X53.175 Y186.187 E45.69173
G1 X53.288 Y185.941 E45.70433
G1 X54.829 Y182.999 E45.85898
G1 X54.966 Y182.767 E45.87152
G1 X56.815 Y180.003 E46.02637
G1 X56.978 Y179.787 E46.03897
G1 X59.109 Y177.241 E46.19357
M204 S3000
M205 X10 Y10
G1 F2400 E40.19357
G0 F3000 X57.281 Y180.314
M204 S1800
M205 X8 Y8
G1 F2400 E46.19357
G1 X57.407 Y180.146 E46.20335
G1 X59.538 Y177.6 E46.35795
G1 X59.682 Y177.446 E46.36776
G1 X62.075 Y175.143 E46.52241
G1 X62.233 Y175.006 E46.53215
G1 X64.859 Y172.969 E46.6869
G1 X65.031 Y172.85 E46.69664
G1 X67.857 Y171.107 E46.85125
G1 X68.042 Y171.006 E46.86106
G1 X71.041 Y169.576 E47.01577
G1 X71.236 Y169.496 E47.02559
G1 X74.372 Y168.395 E47.18035
G1 X74.573 Y168.336 E47.1901
G1 X77.804 Y167.577 E47.34465
G1 X78.011 Y167.54 E47.35444
G1 X81.311 Y167.131 E47.50928
G1 X81.52 Y167.116 E47.51903
G1 X84.84 Y167.062 E47.67365
G1 X85.05 Y167.07 E47.68343
G1 X88.359 Y167.371 E47.83815
G1 X88.568 Y167.402 E47.84799
G1 X91.826 Y168.058 E48.00274
G1 X92.028 Y168.11 E48.01245
G1 X95.197 Y169.108 E48.16716
G1 X95.394 Y169.181 E48.17694
G1 X98.435 Y170.512 E48.33151
G1 X98.623 Y170.607 E48.34132
G1 X101.506 Y172.258 E48.49602
G1 X101.682 Y172.372 E48.50578
G1 X104.373 Y174.321 E48.6605
G1 X104.537 Y174.453 E48.6703
G1 X107.002 Y176.679 E48.82496
G1 X107.149 Y176.828 E48.83471
G1 X109.363 Y179.305 E48.9894
G1 X109.495 Y179.469 E48.99921
G1 X111.431 Y182.169 E49.15391
G1 X111.544 Y182.346 E49.16369
G1 X113.179 Y185.237 E49.31834
G1 X113.272 Y185.425 E49.32811
G1 X114.165 Y187.493 E49.433
G1 X129.714 Y187.495 E50.15702
G1 X130.108 Y187.535 E50.17546
G1 X130.485 Y187.653 E50.19386
G1 X130.831 Y187.845 E50.21228
G1 X131.132 Y188.102 E50.23071
G1 X131.375 Y188.414 E50.24913
G1 X131.55 Y188.768 E50.26752
G1 X131.65 Y189.151 E50.28595
G1 X131.674 Y189.455 E50.30015
G1 X131.674 Y210.545 E51.28219
G1 X131.634 Y210.938 E51.30058
G1 X131.516 Y211.316 E51.31902
G1 X131.325 Y211.662 E51.33742
G1 X131.068 Y211.963 E51.35585
G1 X130.755 Y212.205 E51.37428
G1 X130.401 Y212.381 E51.39268
G1 X130.018 Y212.481 E51.41112
G1 X129.726 Y212.505 E51.42476
G1 X127.181 Y212.52 E51.54327
G1 X114.164 Y212.519 E52.14939
G1 X113.274 Y214.574 E52.25367
G1 X113.181 Y214.76 E52.26335
G1 X111.546 Y217.651 E52.41801
G1 X111.433 Y217.828 E52.42779
G1 X109.497 Y220.529 E52.58253
G1 X109.365 Y220.693 E52.59233
G1 X107.152 Y223.169 E52.74696
G1 X107.005 Y223.318 E52.75671
G1 X104.539 Y225.545 E52.91143
G1 X104.375 Y225.677 E52.92123
G1 X101.683 Y227.627 E53.07601
G1 X101.507 Y227.741 E53.08578
G1 X98.626 Y229.391 E53.24037
G1 X98.438 Y229.486 E53.25018
G1 X95.395 Y230.818 E53.40486
G1 X95.198 Y230.891 E53.41464
G1 X92.029 Y231.889 E53.56935
G1 X91.827 Y231.941 E53.57906
G1 X88.569 Y232.597 E53.73381
G1 X88.36 Y232.628 E53.74365
G1 X85.051 Y232.929 E53.89837
G1 X84.842 Y232.937 E53.9081
G1 X81.522 Y232.885 E54.06272
G1 X81.312 Y232.87 E54.07252
G1 X78.012 Y232.461 E54.22736
G1 X77.805 Y232.424 E54.23715
G1 X74.574 Y231.665 E54.39169
G1 X74.373 Y231.606 E54.40145
G1 X71.237 Y230.505 E54.55621
G1 X71.042 Y230.425 E54.56603
G1 X68.043 Y228.995 E54.72073
G1 X67.858 Y228.894 E54.73055
G1 X65.032 Y227.151 E54.88516
G1 X64.86 Y227.032 E54.89489
G1 X62.234 Y224.995 E55.04965
G1 X62.076 Y224.858 E55.05939
G1 X59.683 Y222.555 E55.21403
G1 X59.539 Y222.401 E55.22385
G1 X57.408 Y219.855 E55.37845
G1 X57.282 Y219.687 E55.38823
G1 X55.433 Y216.923 E55.54307
G1 X55.326 Y216.742 E55.55287
G1 X53.785 Y213.8 E55.70751
G1 X53.697 Y213.609 E55.7173
G1 X52.48 Y210.518 E55.87199
G1 X52.414 Y210.32 E55.88171
G1 X51.534 Y207.119 E56.03629
G1 X51.489 Y206.913 E56.04611
G1 X50.957 Y203.631 E56.20093
G1 X50.935 Y203.422 E56.21071
G1 X50.757 Y200.106 E56.36534
G1 X50.757 Y199.897 E56.37507
G1 X50.934 Y196.58 E56.52975
G1 X50.956 Y196.37 E56.53958
G1 X51.488 Y193.088 E56.6944
G1 X51.533 Y192.882 E56.70421
G1 X52.413 Y189.681 E56.8588
G1 X52.479 Y189.483 E56.86851
G1 X53.696 Y186.392 E57.0232
G1 X53.784 Y186.201 E57.03299
G1 X55.325 Y183.259 E57.18764
G1 X55.432 Y183.078 E57.19743
G1 X57.281 Y180.314 E57.35227
M204 S3000
M205 X10 Y10
G1 F2400 E51.35227
G0 F3000 X55.821 Y183.518
M204 S1800
M205 X8 Y8
G1 F2400 E57.35227
G1 X55.897 Y183.39 E57.35921
G1 X57.746 Y180.626 E57.51405
G1 X57.836 Y180.505 E57.52107
G1 X59.967 Y177.959 E57.67567
G1 X60.07 Y177.849 E57.68269
G1 X62.463 Y175.546 E57.83734
G1 X62.576 Y175.449 E57.84427
G1 X65.202 Y173.412 E57.99903
G1 X65.325 Y173.326 E58.00601
G1 X68.151 Y171.583 E58.16062
G1 X68.283 Y171.511 E58.16762
G1 X71.282 Y170.081 E58.32233
G1 X71.421 Y170.024 E58.32933
G1 X74.557 Y168.923 E58.48409
G1 X74.701 Y168.881 E58.49107
G1 X77.932 Y168.122 E58.64562
G1 X78.08 Y168.096 E58.65262
G1 X81.38 Y167.687 E58.80745
G1 X81.529 Y167.676 E58.81441
G1 X84.849 Y167.622 E58.96902
G1 X84.999 Y167.628 E58.97601
G1 X88.308 Y167.929 E59.13073
G1 X88.457 Y167.951 E59.13774
G1 X91.715 Y168.607 E59.2925
G1 X91.86 Y168.644 E59.29946
G1 X95.029 Y169.642 E59.45417
G1 X95.169 Y169.694 E59.46112
G1 X98.21 Y171.025 E59.6157
G1 X98.345 Y171.093 E59.62273
G1 X101.228 Y172.744 E59.77743
G1 X101.353 Y172.825 E59.78437
G1 X104.044 Y174.774 E59.93909
G1 X104.161 Y174.869 E59.9461
G1 X106.626 Y177.095 E60.10076
G1 X106.732 Y177.201 E60.10774
G1 X108.946 Y179.678 E60.26244
G1 X109.04 Y179.795 E60.26943
G1 X110.976 Y182.495 E60.42413
G1 X111.057 Y182.622 E60.43114
G1 X112.692 Y185.513 E60.5858
G1 X112.758 Y185.647 E60.59275
G1 X113.797 Y188.053 E60.71479
G1 X129.714 Y188.055 E61.45595
G1 X130.046 Y188.095 E61.47152
G1 X130.359 Y188.212 E61.48708
G1 X130.635 Y188.4 E61.50263
G1 X130.858 Y188.648 E61.51816
G1 X131.017 Y188.943 E61.53376
G1 X131.114 Y189.455 E61.55803
G1 X131.114 Y210.545 E62.54007
G1 X131.074 Y210.877 E62.55564
G1 X130.957 Y211.189 E62.57115
G1 X130.769 Y211.466 E62.58674
G1 X130.521 Y211.689 E62.60227
G1 X130.227 Y211.848 E62.61784
G1 X129.722 Y211.945 E62.64178
G1 X127.181 Y211.96 E62.7601
G1 X113.796 Y211.959 E63.38336
G1 X112.76 Y214.351 E63.50474
G1 X112.694 Y214.484 E63.51166
G1 X111.059 Y217.375 E63.66631
G1 X110.978 Y217.502 E63.67333
G1 X109.042 Y220.203 E63.82807
G1 X108.948 Y220.32 E63.83505
G1 X106.735 Y222.796 E63.98969
G1 X106.629 Y222.902 E63.99667
G1 X104.163 Y225.129 E64.15139
G1 X104.046 Y225.224 E64.15841
G1 X101.354 Y227.174 E64.31319
G1 X101.229 Y227.255 E64.32012
G1 X98.348 Y228.905 E64.47472
G1 X98.213 Y228.973 E64.48176
G1 X95.17 Y230.305 E64.63643
G1 X95.03 Y230.357 E64.64339
G1 X91.861 Y231.355 E64.79809
G1 X91.716 Y231.392 E64.80506
G1 X88.458 Y232.048 E64.95981
G1 X88.309 Y232.07 E64.96682
G1 X85 Y232.371 E65.12154
G1 X84.851 Y232.377 E65.12849
G1 X81.531 Y232.325 E65.2831
G1 X81.381 Y232.314 E65.2901
G1 X78.081 Y231.905 E65.44494
G1 X77.933 Y231.879 E65.45194
G1 X74.702 Y231.12 E65.60648
G1 X74.558 Y231.078 E65.61346
G1 X71.422 Y229.977 E65.76823
G1 X71.283 Y229.92 E65.77522
G1 X68.284 Y228.49 E65.92993
G1 X68.152 Y228.418 E65.93693
G1 X65.326 Y226.675 E66.09154
G1 X65.203 Y226.589 E66.09853
G1 X62.577 Y224.552 E66.25328
G1 X62.464 Y224.455 E66.26022
G1 X60.071 Y222.152 E66.41486
G1 X59.968 Y222.042 E66.42188
G1 X57.837 Y219.496 E66.57648
G1 X57.747 Y219.375 E66.5835
G1 X55.898 Y216.611 E66.73835
G1 X55.822 Y216.483 E66.74528
G1 X54.281 Y213.541 E66.89993
G1 X54.218 Y213.404 E66.90695
G1 X53.001 Y210.313 E67.06163
G1 X52.954 Y210.171 E67.0686
G1 X52.074 Y206.97 E67.22318
G1 X52.042 Y206.823 E67.23018
G1 X51.51 Y203.541 E67.385
G1 X51.494 Y203.392 E67.39198
G1 X51.316 Y200.076 E67.54661
G1 X51.316 Y199.926 E67.55359
G1 X51.493 Y196.609 E67.70827
G1 X51.509 Y196.46 E67.71525
G1 X52.041 Y193.178 E67.87006
G1 X52.073 Y193.031 E67.87707
G1 X52.953 Y189.83 E68.03165
G1 X53 Y189.688 E68.03862
G1 X54.217 Y186.597 E68.1933
G1 X54.28 Y186.46 E68.20032
G1 X55.821 Y183.518 E68.35497
M204 S3000
M205 X10 Y10
G0 F3000 X54.738 Y186.802
M204 S1800
M205 X8 Y8
G1 F2400 X56.317 Y183.778 E68.51382
G1 X58.212 Y180.937 E68.67284
G1 X60.397 Y178.319 E68.83162
G1 X62.852 Y175.95 E68.99048
G1 X62.919 Y175.891 E68.99464
G1 X65.619 Y173.803 E69.15357
G1 X68.524 Y172.017 E69.31236
G1 X71.607 Y170.552 E69.4713
G1 X74.829 Y169.426 E69.63023
G1 X78.149 Y168.651 E69.78898
G1 X81.538 Y168.236 E69.94796
G1 X84.858 Y168.182 E70.10257
G1 X88.257 Y168.486 E70.26148
G1 X91.605 Y169.156 E70.42046
G1 X94.86 Y170.176 E70.5793
G1 X94.945 Y170.207 E70.58351
G1 X97.986 Y171.538 E70.73808
G1 X100.949 Y173.23 E70.89696
G1 X103.716 Y175.228 E71.05588
G1 X106.251 Y177.511 E71.21474
G1 X108.528 Y180.051 E71.37358
G1 X110.521 Y182.822 E71.53252
G1 X112.204 Y185.788 E71.69131
G1 X113.429 Y188.613 E71.83469
G1 X129.714 Y188.615 E72.59299
G1 X129.969 Y188.655 E72.60501
G1 X130.201 Y188.77 E72.61706
G1 X130.386 Y188.951 E72.62911
G1 X130.507 Y189.179 E72.64113
G1 X130.554 Y189.455 E72.65417
G1 X130.554 Y210.545 E73.63621
G1 X130.514 Y210.8 E73.64823
G1 X130.399 Y211.032 E73.66028
G1 X130.218 Y211.217 E73.67234
G1 X129.99 Y211.338 E73.68436
G1 X129.719 Y211.385 E73.69716
G1 X127.181 Y211.4 E73.81534
G1 X113.428 Y211.399 E74.45574
G1 X112.206 Y214.209 E74.59842
G1 X110.523 Y217.175 E74.75722
G1 X108.53 Y219.947 E74.91619
G1 X106.254 Y222.486 E75.07497
G1 X103.718 Y224.77 E75.23389
G1 X100.95 Y226.769 E75.39287
G1 X97.989 Y228.46 E75.55165
G1 X94.946 Y229.792 E75.70633
G1 X91.692 Y230.821 E75.86524
G1 X88.348 Y231.499 E76.02412
G1 X88.258 Y231.513 E76.02836
G1 X84.86 Y231.817 E76.18722
G1 X81.45 Y231.759 E76.34602
G1 X78.061 Y231.334 E76.50507
G1 X74.744 Y230.55 E76.66378
G1 X71.524 Y229.414 E76.82277
G1 X68.446 Y227.941 E76.98166
G1 X65.546 Y226.147 E77.14045
G1 X62.92 Y224.11 E77.2952
G1 X60.46 Y221.748 E77.454
G1 X58.267 Y219.136 E77.61281
G1 X56.364 Y216.3 E77.77184
G1 X54.777 Y213.281 E77.93066
G1 X54.739 Y213.199 E77.93487
G1 X53.494 Y210.023 E78.09371
G1 X52.614 Y206.822 E78.24829
G1 X52.063 Y203.451 E78.40734
G1 X51.875 Y200.046 E78.56614
G1 X52.052 Y196.639 E78.72499
G1 X52.594 Y193.268 E78.88398
G1 X52.613 Y193.179 E78.88822
G1 X53.521 Y189.893 E79.04696
G1 X54.738 Y186.802 E79.20164
M204 S3000
M205 X10 Y10
G0 F3000 X54.042 Y190.098
M204 S1800
M205 X8 Y8
G1 F2400 X55.272 Y186.98 E79.35772
G1 X56.828 Y184.012 E79.51376
G1 X58.695 Y181.224 E79.67
G1 X60.847 Y178.656 E79.82602
G1 X63.262 Y176.334 E79.98202
G1 X65.913 Y174.28 E80.13817
G1 X68.765 Y172.522 E80.29418
G1 X71.792 Y171.081 E80.45028
G1 X74.957 Y169.971 E80.60646
G1 X78.218 Y169.207 E80.76242
G1 X81.547 Y168.796 E80.91861
G1 X84.867 Y168.742 E81.07322
G1 X88.236 Y169.049 E81.23075
G1 X91.523 Y169.712 E81.38688
G1 X94.72 Y170.72 E81.54297
G1 X97.788 Y172.065 E81.69896
G1 X100.696 Y173.732 E81.85504
G1 X103.411 Y175.7 E82.01118
G1 X105.897 Y177.947 E82.16722
G1 X108.13 Y180.448 E82.32334
G1 X110.082 Y183.173 E82.47942
G1 X111.73 Y186.091 E82.63547
G1 X113.059 Y189.173 E82.79175
G1 X129.714 Y189.175 E83.56728
G1 X129.857 Y189.214 E83.57418
G1 X129.96 Y189.321 E83.5811
G1 X129.994 Y189.455 E83.58753
G1 X129.994 Y210.545 E84.56957
G1 X129.955 Y210.688 E84.57647
G1 X129.848 Y210.791 E84.58339
G1 X129.716 Y210.825 E84.58974
G1 X127.181 Y210.84 E84.70778
G1 X113.051 Y210.839 E85.36573
G1 X112.998 Y210.982 E85.37283
G1 X111.719 Y213.933 E85.52259
G1 X110.068 Y216.849 E85.67863
G1 X108.113 Y219.574 E85.83479
G1 X105.879 Y222.071 E85.9908
G1 X103.389 Y224.317 E86.14695
G1 X100.672 Y226.283 E86.30311
G1 X97.764 Y227.947 E86.45912
G1 X94.693 Y229.289 E86.61518
G1 X91.495 Y230.294 E86.77127
G1 X88.207 Y230.955 E86.92744
G1 X84.869 Y231.257 E87.0835
G1 X81.519 Y231.203 E87.23951
G1 X78.189 Y230.789 E87.39576
G1 X74.929 Y230.021 E87.55172
G1 X71.765 Y228.909 E87.70788
G1 X68.74 Y227.464 E87.86398
G1 X65.889 Y225.704 E88.02
G1 X63.241 Y223.648 E88.1761
G1 X60.827 Y221.323 E88.33217
G1 X58.678 Y218.753 E88.48816
G1 X56.814 Y215.963 E88.6444
G1 X55.26 Y212.994 E88.80044
G1 X54.034 Y209.874 E88.95654
G1 X53.148 Y206.644 E89.11249
G1 X52.612 Y203.332 E89.26872
G1 X52.434 Y199.986 E89.42474
G1 X52.615 Y196.639 E89.58082
G1 X53.153 Y193.328 E89.73702
G1 X54.042 Y190.098 E89.89301
M204 S3000
M205 X10 Y10
G1 F2400 E83.89301
;MESH:14_4_1.stl
G0 F3000 X55.459 Y200.094
G1 F2400 E89.89301
G0 F3000 X55.886 Y200.043
M204 S1800
M205 X8 Y8
;TYPE:WALL-OUTER
G1 F1500 X55.937 Y199.59 E89.91424
G1 X56.111 Y199.117 E89.93771
G1 X56.339 Y198.799 E89.95593
G1 X56.703 Y198.475 E89.97862
G1 X57.047 Y198.303 E89.99653
G1 X57.526 Y198.181 E90.01955
G1 X57.919 Y198.188 E90.03785
G1 X58.397 Y198.302 E90.06073
G1 X58.739 Y198.491 E90.07892
G1 X59.106 Y198.813 E90.10166
G1 X59.322 Y199.137 E90.11979
G1 X59.499 Y199.596 E90.1427
G1 X59.538 Y199.985 E90.1609
G1 X59.482 Y200.471 E90.18368
G1 X59.336 Y200.834 E90.2019
G1 X59.059 Y201.239 E90.22475
G1 X58.761 Y201.495 E90.24304
G1 X58.332 Y201.723 E90.26566
G1 X57.948 Y201.809 E90.28399
G1 X57.458 Y201.812 E90.3068
G1 X57.072 Y201.71 E90.32539
G1 X56.648 Y201.488 E90.34768
G1 X56.356 Y201.221 E90.3661
G1 X56.077 Y200.82 E90.38885
G1 X55.949 Y200.458 E90.40673
G1 X55.886 Y200.043 E90.42628
M204 S3000
M205 X10 Y10
G0 F3000 X55.908 Y199.844
G0 X55.474 Y199.79
G0 X55.761 Y198.974
G0 X56.462 Y198.185
G0 X57.449 Y197.812
G0 X75.509 Y200.081
G0 X75.935 Y200.034
M204 S1800
M205 X8 Y8
G1 F1500 X76.052 Y198.922 E90.47834
G1 X76.125 Y198.285 E90.5082
G1 X76.397 Y197.492 E90.54723
G1 X76.692 Y196.649 E90.58882
G1 X76.911 Y196.29 E90.6084
G1 X77.62 Y195.162 E90.67044
G1 X77.769 Y195.008 E90.68042
G1 X78.861 Y193.917 E90.7523
G1 X78.889 Y193.897 E90.7539
G1 X80.332 Y192.993 E90.83319
G1 X80.367 Y192.978 E90.83496
G1 X81.973 Y192.417 E90.91417
G1 X82.014 Y192.409 E90.91612
G1 X83.699 Y192.22 E90.99507
G1 X84.783 Y192.338 E91.04585
G1 X85.433 Y192.412 E91.07631
G1 X86.249 Y192.694 E91.11651
G1 X87.069 Y192.981 E91.15696
G1 X87.66 Y193.346 E91.18931
G1 X88.556 Y193.909 E91.23858
G1 X89.183 Y194.532 E91.27974
G1 X89.794 Y195.145 E91.32004
G1 X90.268 Y195.895 E91.36135
G1 X90.722 Y196.621 E91.40122
G1 X90.94 Y197.237 E91.43165
G1 X91.296 Y198.256 E91.48191
G1 X91.398 Y199.133 E91.52302
G1 X91.494 Y199.982 E91.56281
G1 X91.399 Y200.864 E91.60412
G1 X91.303 Y201.713 E91.6439
G1 X91.291 Y201.759 E91.64612
G1 X90.73 Y203.364 E91.72528
G1 X90.29 Y204.07 E91.76402
G1 X89.817 Y204.823 E91.80543
G1 X89.183 Y205.467 E91.84751
G1 X88.573 Y206.077 E91.88768
G1 X87.813 Y206.558 E91.92956
G1 X87.092 Y207.008 E91.96913
G1 X86.118 Y207.351 E92.01722
G1 X85.458 Y207.582 E92.04978
G1 X84.643 Y207.677 E92.08798
G1 X83.728 Y207.78 E92.13086
G1 X83.657 Y207.777 E92.13417
G1 X81.988 Y207.587 E92.21239
G1 X81.953 Y207.577 E92.21408
G1 X80.347 Y207.014 E92.29333
G1 X80.311 Y206.995 E92.29522
G1 X78.866 Y206.087 E92.37469
G1 X78.839 Y206.063 E92.37637
G1 X77.634 Y204.856 E92.45579
G1 X77.61 Y204.823 E92.45769
G1 X76.703 Y203.376 E92.53721
G1 X76.341 Y202.345 E92.58809
G1 X76.129 Y201.736 E92.61811
G1 X76.041 Y200.975 E92.65379
G1 X75.935 Y200.034 E92.69788
M204 S3000
M205 X10 Y10
G0 F3000 X75.955 Y199.836
G0 X75.524 Y199.787
G0 X75.766 Y198.187
G0 X76.367 Y196.463
G0 X77.339 Y194.917
G0 X94.459 Y177.577
G0 X94.886 Y177.526
M204 S1800
M205 X8 Y8
G1 F1500 X94.938 Y177.073 E92.71911
G1 X95.111 Y176.599 E92.74261
G1 X95.338 Y176.284 E92.76069
G1 X95.7 Y175.96 E92.78331
G1 X96.052 Y175.784 E92.80163
G1 X96.526 Y175.664 E92.8244
G1 X96.919 Y175.671 E92.8427
G1 X97.397 Y175.785 E92.86559
G1 F1502.7 X97.739 Y175.975 E92.88377
G1 X98.103 Y176.294 E92.90627
G1 F1500 X98.323 Y176.623 E92.9247
G1 X98.499 Y177.079 E92.94746
G1 X98.538 Y177.468 E92.96566
G1 X98.482 Y177.954 E92.98844
G1 X98.336 Y178.317 E93.00666
G1 X98.06 Y178.722 E93.02948
G1 X97.76 Y178.979 E93.04788
G1 X97.332 Y179.206 E93.07044
G1 X96.948 Y179.292 E93.08876
G1 X96.458 Y179.294 E93.11158
G1 X96.073 Y179.193 E93.13011
G1 X95.644 Y178.969 E93.15264
G1 X95.356 Y178.704 E93.17087
G1 X95.077 Y178.303 E93.19362
G1 X94.949 Y177.941 E93.21149
G1 X94.886 Y177.526 E93.23104
M204 S3000
M205 X10 Y10
G0 F3000 X94.908 Y177.327
G0 X94.474 Y177.273
G0 X94.602 Y178.086
G0 X95.123 Y178.997
G0 X112.386 Y190.095
G0 X112.832 Y189.733
M204 S1800
M205 X8 Y8
G1 F1500 X112.657 Y189.653 E93.24
G1 X112.45 Y189.17 E93.26447
G1 X111.221 Y186.328 E93.40865
G1 X109.6 Y183.461 E93.56201
G1 X107.682 Y180.786 E93.71528
G1 X105.49 Y178.331 E93.86853
G1 X103.046 Y176.127 E94.02177
G1 X100.382 Y174.197 E94.17495
G1 X97.523 Y172.56 E94.32836
G1 X94.508 Y171.239 E94.48163
G1 X91.355 Y170.244 E94.63559
G1 X88.14 Y169.601 E94.78825
G1 X84.861 Y169.303 E94.94157
G1 X82.187 Y169.345 E95.0661
G1 X81.571 Y169.356 E95.09478
G1 X78.918 Y169.685 E95.21926
G1 X78.306 Y169.762 E95.24799
G1 X75.113 Y170.512 E95.40071
G1 X71.995 Y171.605 E95.55456
G1 X69.021 Y173.023 E95.70798
G1 X66.22 Y174.749 E95.86118
G1 X63.619 Y176.768 E96.0145
G1 X61.247 Y179.051 E96.1678
G1 X59.132 Y181.575 E96.32113
G1 X57.644 Y183.799 E96.44573
G1 X57.302 Y184.312 E96.47444
G1 X55.776 Y187.227 E96.62765
G1 X54.564 Y190.303 E96.7816
G1 X53.698 Y193.464 E96.93421
G1 X53.17 Y196.716 E97.08762
G1 X52.995 Y200.002 E97.24085
G1 X53.171 Y203.285 E97.39394
G1 X53.698 Y206.537 E97.54734
G1 X54.567 Y209.698 E97.69999
G1 X55.073 Y210.987 E97.76447
G1 X55.777 Y212.774 E97.85391
G1 X57.303 Y215.689 E98.00711
G1 X59.133 Y218.426 E98.16042
G1 X61.248 Y220.95 E98.31376
G1 X63.62 Y223.233 E98.46706
G1 X66.221 Y225.252 E98.62038
G1 X69.022 Y226.978 E98.77358
G1 X71.997 Y228.396 E98.92704
G1 X75.114 Y229.493 E99.0809
G1 X78.307 Y230.239 E99.23359
G1 X81.572 Y230.645 E99.38679
G1 X84.862 Y230.696 E99.54
G1 X88.141 Y230.398 E99.69332
G1 X91.356 Y229.752 E99.84601
G1 X94.509 Y228.76 E99.99993
G1 X97.524 Y227.439 E100.1532
G1 X98.116 Y227.1 E100.18497
G1 X100.383 Y225.802 E100.30661
G1 X103.049 Y223.871 E100.45989
G1 X105.493 Y221.666 E100.61316
G1 X107.685 Y219.211 E100.76641
G1 X109.603 Y216.536 E100.91968
G1 X111.222 Y213.671 E101.07292
G1 X112.48 Y210.767 E101.22028
G1 X112.659 Y210.358 E101.24107
G1 X112.833 Y210.279 E101.24997
G1 X127.187 Y210.28 E101.91835
G1 X129.434 Y210.266 E102.02298
G1 X129.434 Y189.735 E102.97899
G1 X112.832 Y189.733 E103.75205
M204 S3000
M205 X10 Y10
G0 F3000 X112.657 Y189.653
G0 X112.654 Y189.646
G0 X112.215 Y189.786
G0 X123.959 Y200.094
G0 X124.386 Y200.043
M204 S1800
M205 X8 Y8
G1 F1500 X124.438 Y199.59 E103.77328
G1 X124.611 Y199.117 E103.79674
G1 X124.839 Y198.799 E103.81496
G1 X125.203 Y198.476 E103.83762
G1 X125.546 Y198.303 E103.8555
G1 X126.026 Y198.181 E103.87856
G1 X126.419 Y198.188 E103.89687
G1 X126.897 Y198.302 E103.91975
G1 X127.239 Y198.491 E103.93794
G1 X127.606 Y198.813 E103.96068
G1 X127.821 Y199.138 E103.97882
G1 X127.999 Y199.596 E104.0017
G1 X128.038 Y199.985 E104.01991
G1 F1502.7 X127.981 Y200.471 E104.04265
G1 X127.836 Y200.834 E104.06082
G1 F1500 X127.559 Y201.239 E104.08367
G1 X127.261 Y201.495 E104.10196
G1 X126.832 Y201.723 E104.12458
G1 X126.448 Y201.809 E104.14291
G1 X125.958 Y201.812 E104.16573
G1 X125.572 Y201.71 E104.18432
G1 X125.148 Y201.487 E104.20662
G1 X124.856 Y201.221 E104.22502
G1 X124.577 Y200.82 E104.24776
G1 X124.449 Y200.458 E104.26564
G1 X124.386 Y200.043 E104.28519
M204 S3000
M205 X10 Y10
G0 F3000 X124.408 Y199.844
G0 X123.974 Y199.79
G0 X95.462 Y220.701
G0 X94.761 Y221.491
G0 X94.519 Y222.431
G0 X94.675 Y223.486
G0 X95.077 Y223.336
M204 S1800
M205 X8 Y8
G1 F1500 X94.949 Y222.975 E104.30302
G1 X94.886 Y222.56 E104.32257
G1 X94.938 Y222.107 E104.3438
G1 X95.111 Y221.634 E104.36725
G1 X95.338 Y221.317 E104.38541
G1 X95.7 Y220.993 E104.40803
G1 X96.047 Y220.82 E104.42608
G1 X96.526 Y220.698 E104.4491
G1 X96.919 Y220.705 E104.4674
G1 X97.396 Y220.819 E104.49024
G1 X97.739 Y221.008 E104.50847
G1 X98.106 Y221.33 E104.53121
G1 X98.322 Y221.654 E104.54934
G1 X98.499 Y222.113 E104.57225
G1 X98.538 Y222.502 E104.59045
G1 X98.482 Y222.988 E104.61323
G1 X98.336 Y223.351 E104.63145
G1 X98.06 Y223.754 E104.6542
G1 X97.761 Y224.012 E104.67258
G1 F1502.7 X97.332 Y224.239 E104.69514
G1 X96.948 Y224.327 E104.71346
G1 F1500 X96.453 Y224.328 E104.73651
G1 X96.08 Y224.226 E104.75451
G1 X95.647 Y224.004 E104.77717
G1 X95.356 Y223.737 E104.79556
G1 X95.077 Y223.336 E104.81831
M204 S3000
M205 X10 Y10
G0 F3000 X95.011 Y223.148
G0 X94.332 Y222.644
M204 S1800
M205 X8 Y8
;TYPE:WALL-INNER
G1 F1500 X94.369 Y222.093 E104.84402
G1 X94.546 Y221.522 E104.87186
G1 X94.84 Y221.042 E104.89807
G1 X95.256 Y220.627 E104.92543
G1 X95.734 Y220.344 E104.95129
G1 X96.3 Y220.168 E104.97889
G1 X96.862 Y220.139 E105.0051
G1 X97.443 Y220.246 E105.03261
G1 X97.951 Y220.479 E105.05863
G1 X98.418 Y220.848 E105.08635
G1 X98.754 Y221.283 E105.11194
G1 X98.998 Y221.828 E105.13974
G1 X99.094 Y222.375 E105.1656
G1 X99.057 Y222.967 E105.19322
G1 X98.886 Y223.498 E105.2192
G1 X98.576 Y224.006 E105.24691
G1 X98.184 Y224.394 E105.27259
G1 X97.674 Y224.701 E105.30031
G1 X97.141 Y224.863 E105.32625
G1 X96.544 Y224.896 E105.35409
G1 X95.994 Y224.788 E105.38019
G1 X95.465 Y224.55 E105.4072
G1 X95.055 Y224.228 E105.43148
G1 X94.661 Y223.734 E105.4609
G1 X94.438 Y223.226 E105.48674
G1 X94.332 Y222.644 E105.51428
M204 S3000
M205 X10 Y10
G0 F3000 X94.761 Y221.491
G0 X95.312 Y220.834
G0 X112.165 Y210.079
M204 S1800
M205 X8 Y8
G1 F1500 X112.409 Y209.846 E105.52999
G1 X112.725 Y209.729 E105.54568
G1 X112.854 Y209.719 E105.55171
G1 X127.184 Y209.72 E106.21897
G1 X128.874 Y209.709 E106.29767
G1 X128.874 Y201.072 E106.69984
G1 F1160.2 X128.71 Y200.543 E106.73318
G1 X128.385 Y200.982 E106.76607
G1 F1500 X128.077 Y201.489 E106.79369
G1 X127.682 Y201.878 E106.8195
G1 X127.174 Y202.184 E106.84712
G1 X126.641 Y202.346 E106.87306
G1 X126.046 Y202.379 E106.90081
G1 X125.498 Y202.275 E106.92678
G1 X124.958 Y202.029 E106.95441
G1 X124.526 Y201.685 E106.98012
G1 X124.161 Y201.218 E107.00772
G1 X123.938 Y200.708 E107.03364
G1 X123.832 Y200.127 E107.06114
G1 X123.869 Y199.576 E107.08686
G1 X124.046 Y199.005 E107.11469
G1 X124.34 Y198.525 E107.1409
G1 X124.763 Y198.107 E107.16859
G1 X125.231 Y197.829 E107.19394
G1 X125.8 Y197.651 E107.2217
G1 X126.362 Y197.622 E107.24791
G1 X126.943 Y197.729 E107.27541
G1 X127.453 Y197.964 E107.30156
G1 X127.916 Y198.33 E107.32904
G1 X128.254 Y198.767 E107.35477
G1 F1379.3 X128.543 Y199.293 E107.38516
G1 F1092.3 X128.714 Y199.512 E107.40293
G1 X128.825 Y199.238 E107.42183
G1 F1379.3 X128.874 Y198.574 E107.45555
G1 F1500 X128.874 Y190.295 E107.84105
G1 X112.853 Y190.293 E108.58706
G1 X112.548 Y190.236 E108.6015
G1 X112.265 Y190.053 E108.6172
G1 X112.092 Y189.809 E108.63112
G1 X111.815 Y189.114 E108.66596
G1 X110.719 Y186.578 E108.7946
G1 X109.128 Y183.763 E108.94517
G1 X107.244 Y181.137 E109.09566
G1 X105.092 Y178.727 E109.24611
G1 X102.693 Y176.563 E109.39655
G1 X100.078 Y174.669 E109.5469
G1 X97.271 Y173.061 E109.69753
G1 X94.311 Y171.764 E109.84801
G1 X91.215 Y170.787 E109.99918
G1 X88.06 Y170.156 E110.149
G1 X84.84 Y169.863 E110.29956
G1 X82.196 Y169.905 E110.42269
G1 X81.61 Y169.916 E110.44998
G1 X78.987 Y170.241 E110.57305
G1 X78.405 Y170.314 E110.60036
G1 X75.27 Y171.05 E110.75031
G1 X72.209 Y172.123 E110.90135
G1 X69.289 Y173.515 E111.05198
G1 X66.54 Y175.21 E111.20236
G1 X64.445 Y176.835 E111.32582
G1 X63.986 Y177.192 E111.35289
G1 X61.657 Y179.433 E111.50339
G1 X59.581 Y181.911 E111.65392
G1 X57.784 Y184.598 E111.80444
G1 X56.286 Y187.46 E111.95486
G1 X55.096 Y190.48 E112.106
G1 X54.246 Y193.583 E112.25581
G1 X53.728 Y196.776 E112.40644
G1 X53.57 Y199.739 E112.5446
G1 X53.556 Y200.002 E112.55687
G1 X53.729 Y203.225 E112.70716
G1 X54.246 Y206.418 E112.85778
G1 X55.099 Y209.521 E113.00762
G1 X55.594 Y210.782 E113.0707
G1 X56.287 Y212.541 E113.15874
G1 X57.785 Y215.403 E113.30915
G1 X59.581 Y218.09 E113.45965
G1 X61.658 Y220.567 E113.61017
G1 X63.987 Y222.809 E113.7607
G1 X66.541 Y224.791 E113.91124
G1 X69.29 Y226.486 E114.06162
G1 X72.211 Y227.878 E114.21229
G1 X75.271 Y228.955 E114.36334
G1 X78.405 Y229.687 E114.5132
G1 X81.611 Y230.085 E114.66363
G1 X84.841 Y230.136 E114.81405
G1 X88.06 Y229.843 E114.96456
G1 X91.216 Y229.209 E115.11445
G1 X94.312 Y228.235 E115.26558
G1 X97.272 Y226.938 E115.41606
G1 X100.079 Y225.331 E115.56667
G1 X102.696 Y223.435 E115.71715
G1 X105.095 Y221.27 E115.86762
G1 X107.247 Y218.86 E116.01807
G1 X109.13 Y216.234 E116.16854
G1 X110.72 Y213.421 E116.319
G1 X111.96 Y210.559 E116.46423
G1 X112.165 Y210.079 E116.48854
M204 S3000
M205 X10 Y10
G0 F3000 X127.525 Y201.761
G0 X128.71 Y200.543
M204 S1800
M205 X8 Y8
G1 F972.2 X128.734 Y200.05 E116.524
G1 F976.7 X128.714 Y199.512 E116.5625
M204 S3000
M205 X10 Y10
G0 F3000 X127.864 Y198.538
G0 X112.386 Y190.095
G0 X95.46 Y179.297
G0 X94.874 Y178.67
G0 X94.332 Y177.61
M204 S1800
M205 X8 Y8
G1 F1500 X94.369 Y177.059 E116.58821
G1 X94.545 Y176.488 E116.61603
G1 X94.84 Y176.008 E116.64227
G1 X95.256 Y175.594 E116.6696
G1 X95.738 Y175.309 E116.69567
G1 X96.301 Y175.134 E116.72312
G1 X96.862 Y175.104 E116.74928
G1 X97.443 Y175.211 E116.77679
G1 X97.954 Y175.446 E116.80298
G1 X98.415 Y175.811 E116.83036
G1 X98.755 Y176.251 E116.85625
G1 X98.998 Y176.794 E116.88396
G1 X99.094 Y177.341 E116.90982
G1 X99.057 Y177.933 E116.93744
G1 X98.886 Y178.465 E116.96346
G1 X98.577 Y178.972 E116.9911
G1 X98.183 Y179.362 E117.01692
G1 X97.673 Y179.668 E117.04461
G1 X97.141 Y179.829 E117.07049
G1 X96.546 Y179.862 E117.09824
G1 X95.998 Y179.758 E117.12421
G1 X95.456 Y179.511 E117.15195
G1 X95.054 Y179.192 E117.17585
G1 X94.661 Y178.701 E117.20513
G1 X94.438 Y178.191 E117.23105
G1 X94.332 Y177.61 E117.25855
M204 S3000
M205 X10 Y10
G0 F3000 X77.339 Y194.917
G0 X76.367 Y196.463
G0 X75.827 Y198.014
G0 X75.379 Y200.096
M204 S1800
M205 X8 Y8
G1 F1500 X75.427 Y199.479 E117.28737
G1 X75.566 Y198.24 E117.34542
G1 X75.868 Y197.307 E117.39108
G1 X76.168 Y196.452 E117.43328
G1 X76.437 Y195.992 E117.45809
G1 X77.149 Y194.859 E117.5204
G1 X77.373 Y194.612 E117.53593
G1 X78.472 Y193.513 E117.6083
G1 X78.591 Y193.423 E117.61524
G1 X80.034 Y192.518 E117.69456
G1 X80.182 Y192.45 E117.70214
G1 X81.78 Y191.891 E117.78097
G1 X81.951 Y191.853 E117.78913
G1 X83.619 Y191.665 E117.86729
G1 X84.218 Y191.711 E117.89526
G1 X85.476 Y191.853 E117.95421
G1 X86.434 Y192.166 E118.00114
G1 X87.272 Y192.459 E118.04248
G1 X87.958 Y192.872 E118.07977
G1 X88.837 Y193.424 E118.1281
G1 X89.579 Y194.136 E118.17598
G1 X90.199 Y194.758 E118.21688
G1 X90.742 Y195.597 E118.26341
G1 X91.204 Y196.334 E118.30391
G1 X91.469 Y197.053 E118.3396
G1 X91.829 Y198.086 E118.39053
G1 X91.954 Y199.07 E118.43672
G1 X92.049 Y199.903 E118.47576
G1 X91.955 Y200.927 E118.52364
G1 X91.855 Y201.806 E118.56484
G1 X91.82 Y201.943 E118.57142
G1 X91.246 Y203.582 E118.65228
G1 X90.764 Y204.368 E118.69522
G1 X90.291 Y205.121 E118.73662
G1 X89.579 Y205.863 E118.78451
G1 X88.963 Y206.479 E118.82507
G1 X88.111 Y207.032 E118.87237
G1 X87.414 Y207.469 E118.91068
G1 X86.946 Y207.654 E118.93411
G1 X85.611 Y208.121 E118.99997
G1 X84.706 Y208.233 E119.04243
G1 X83.755 Y208.34 E119.08699
G1 X83.594 Y208.333 E119.09449
G1 X81.922 Y208.143 E119.17285
G1 X81.768 Y208.105 E119.18024
G1 X80.168 Y207.545 E119.25917
G1 X80.013 Y207.469 E119.26721
G1 X78.549 Y206.549 E119.34772
G1 X78.443 Y206.459 E119.3542
G1 X77.253 Y205.268 E119.43259
G1 X77.136 Y205.121 E119.44134
G1 X76.222 Y203.663 E119.52147
G1 X76.017 Y203.117 E119.54863
G1 X75.597 Y201.911 E119.60809
G1 X75.485 Y201.037 E119.64912
G1 X75.379 Y200.096 E119.69321
M204 S3000
M205 X10 Y10
G0 F3000 X57.897 Y202.188
G0 X56.864 Y202.026
G0 X56.019 Y201.396
G0 X55.332 Y200.127
M204 S1800
M205 X8 Y8
G1 F1500 X55.369 Y199.576 E119.71893
G1 X55.545 Y199.005 E119.74675
G1 X55.84 Y198.525 E119.77299
G1 X56.263 Y198.107 E119.80068
G1 X56.731 Y197.829 E119.82602
G1 X57.3 Y197.651 E119.85379
G1 X57.862 Y197.622 E119.87999
G1 X58.443 Y197.728 E119.90749
G1 X58.953 Y197.964 E119.93366
G1 X59.417 Y198.33 E119.96117
G1 X59.754 Y198.766 E119.98683
G1 X59.998 Y199.311 E120.01464
G1 X60.094 Y199.858 E120.0405
G1 X60.057 Y200.45 E120.06812
G1 X59.886 Y200.982 E120.09414
G1 X59.577 Y201.489 E120.12179
G1 X59.182 Y201.879 E120.14763
G1 X58.674 Y202.184 E120.17522
G1 X58.141 Y202.346 E120.20116
G1 X57.546 Y202.379 E120.22891
G1 X56.998 Y202.276 E120.25488
G1 X56.458 Y202.029 E120.28253
G1 X56.026 Y201.685 E120.30824
G1 X55.661 Y201.218 E120.33584
G1 X55.439 Y200.708 E120.36174
G1 X55.332 Y200.127 E120.38925
M204 S3000
M205 X10 Y10
G0 F3000 X54.836 Y199.214
M204 S1800
M205 X8 Y8
G1 F1393 X55.191 Y198.477 E120.43027
G1 F1500 X55.579 Y197.976 E120.45977
G1 X55.907 Y197.674 E120.48053
G1 X56.471 Y197.333 E120.51122
G1 X57.15 Y197.112 E120.54447
G1 X57.53 Y197.061 E120.56232
G1 X58.156 Y197.093 E120.59151
G1 X58.762 Y197.24 E120.62055
G1 X59.217 Y197.47 E120.64429
G1 X59.777 Y197.902 E120.67722
G1 X60.028 Y198.177 E120.69456
G1 X60.329 Y198.646 E120.72051
G1 X60.547 Y199.181 E120.74741
G1 X60.65 Y199.792 E120.77626
G1 X60.614 Y200.502 E120.80936
G1 X60.528 Y200.872 E120.82705
G1 X60.321 Y201.37 E120.85216
G1 X60.044 Y201.798 E120.8759
G1 X59.803 Y202.077 E120.89307
G1 X59.306 Y202.474 E120.92269
G1 X58.763 Y202.759 E120.95124
G1 X58.273 Y202.89 E120.97486
G1 X57.559 Y202.939 E121.00819
G1 X57.192 Y202.9 E121.02537
G1 X56.571 Y202.712 E121.05559
G1 X55.907 Y202.328 E121.0913
G1 X55.452 Y201.881 E121.121
G1 X55.208 Y201.548 E121.14023
G1 F1458.3 X54.898 Y200.909 E121.17424
G1 F1379.3 X54.808 Y200.631 E121.18904
G1 F1363.6 X54.755 Y200.214 E121.21057
G1 F1388.4 X54.751 Y199.822 E121.23029
G1 F1344 X54.836 Y199.214 E121.26219
M204 S3000
M205 X10 Y10
G0 F3000 X56.86 Y197.978
G0 X57.789 Y197.82
G0 X74.822 Y200.159
M204 S1800
M205 X8 Y8
G1 F1500 X74.87 Y199.416 E121.29686
G1 X75.009 Y198.177 E121.35492
G1 X75.079 Y197.872 E121.36949
G1 X75.644 Y196.255 E121.44925
G1 X75.963 Y195.694 E121.4793
G1 X76.684 Y194.547 E121.54238
G1 X76.977 Y194.216 E121.56297
G1 X78.095 Y193.099 E121.63656
G1 X78.294 Y192.948 E121.64819
G1 X79.751 Y192.035 E121.72825
G1 X79.997 Y191.921 E121.74088
G1 X81.603 Y191.359 E121.82011
G1 X81.889 Y191.296 E121.83374
G1 X83.557 Y191.108 E121.9119
G1 X84.28 Y191.154 E121.94564
G1 X85.538 Y191.296 E122.00459
G1 X85.844 Y191.366 E122.0192
G1 X87.474 Y191.937 E122.09963
G1 X88.255 Y192.398 E122.14185
G1 X89.135 Y192.95 E122.19023
G1 X89.38 Y193.145 E122.20481
G1 X90.591 Y194.358 E122.28462
G1 X91.216 Y195.299 E122.33722
G1 X91.691 Y196.058 E122.37891
G1 X91.997 Y196.868 E122.41923
G1 X92.373 Y197.948 E122.47248
G1 X92.51 Y199.007 E122.5222
G1 X92.606 Y199.84 E122.56125
G1 X92.606 Y200.155 E122.57592
G1 X92.418 Y201.823 E122.65408
G1 X92.348 Y202.128 E122.66865
G1 X91.794 Y203.714 E122.74687
G1 X91.524 Y204.211 E122.77321
G1 X90.765 Y205.419 E122.83964
G1 X90.57 Y205.664 E122.85422
G1 X89.345 Y206.888 E122.93486
G1 X88.408 Y207.506 E122.98712
G1 X87.711 Y207.943 E123.02543
G1 X87.131 Y208.183 E123.05466
G1 X85.804 Y208.647 E123.12012
G1 X84.768 Y208.789 E123.16881
G1 X83.834 Y208.896 E123.21259
G1 X83.532 Y208.89 E123.22665
G1 X81.84 Y208.697 E123.30595
G1 X81.583 Y208.634 E123.31827
G1 X79.974 Y208.071 E123.39765
G1 X79.716 Y207.943 E123.41106
G1 X78.291 Y207.05 E123.48936
G1 X78.047 Y206.855 E123.50391
G1 X76.857 Y205.664 E123.5823
G1 X76.662 Y205.419 E123.59688
G1 X75.733 Y203.937 E123.67833
G1 X75.489 Y203.302 E123.71001
G1 X75.061 Y202.073 E123.7706
G1 X74.928 Y201.1 E123.81633
G1 X74.822 Y200.159 E123.86043
M204 S3000
M205 X10 Y10
G0 F3000 X76.367 Y196.463
G0 X77.241 Y195.072
G0 X93.778 Y177.694
M204 S1800
M205 X8 Y8
G1 F1500 X93.773 Y177.308 E123.8784
G1 X93.878 Y176.711 E123.90663
G1 X94.087 Y176.136 E123.93511
G1 X94.381 Y175.688 E123.96007
G1 X94.874 Y175.185 E123.99286
G1 X95.479 Y174.812 E124.02596
G1 X96.151 Y174.594 E124.05885
G1 X96.785 Y174.544 E124.08847
G1 F1411.8 X97.57 Y174.629 E124.12753
G1 F1381.6 X98.223 Y174.94 E124.1641
G1 F1426.1 X98.473 Y175.105 E124.17877
G1 F1455.8 X99.024 Y175.656 E124.21615
G1 F1500 X99.36 Y176.198 E124.24585
G1 X99.516 Y176.581 E124.2651
G1 X99.65 Y177.275 E124.29802
G1 X99.614 Y177.985 E124.33112
G1 X99.528 Y178.355 E124.34881
G1 X99.274 Y178.929 E124.37804
G1 X98.956 Y179.401 E124.40454
G1 X98.556 Y179.78 E124.43019
G1 X97.944 Y180.158 E124.46369
G1 X97.597 Y180.294 E124.48104
G1 X97.076 Y180.406 E124.50586
G1 X96.559 Y180.422 E124.52994
G1 X96.192 Y180.382 E124.54713
G1 X95.668 Y180.239 E124.57243
G1 X95.206 Y180.012 E124.59639
G1 X94.899 Y179.805 E124.61364
G1 X94.475 Y179.395 E124.6411
G1 X94.147 Y178.939 E124.66726
G1 X93.913 Y178.386 E124.69522
G1 X93.778 Y177.694 E124.72805
M204 S3000
M205 X10 Y10
G0 F3000 X95.291 Y179.136
G0 X112.048 Y190.599
M204 S1800
M205 X8 Y8
G1 F1500 X111.748 Y190.312 E124.74738
G1 X111.537 Y189.929 E124.76774
G1 X111.301 Y189.336 E124.79746
G1 X110.217 Y186.828 E124.92468
G1 X108.655 Y184.065 E125.07248
G1 X106.806 Y181.487 E125.2202
G1 X104.694 Y179.123 E125.36781
G1 X102.34 Y176.999 E125.51545
G1 X100.594 Y175.734 E125.61584
G1 X99.774 Y175.14 E125.66299
G1 X99.183 Y174.802 E125.69469
G1 F1468.5 X98.551 Y174.453 E125.72903
G1 F1381.6 X97.793 Y174.046 E125.77253
G1 F1411.8 X97.112 Y173.616 E125.81237
G1 F1500 X96.25 Y173.226 E125.85643
G1 X94.114 Y172.289 E125.96504
G1 X91.075 Y171.33 E126.11343
G1 X87.979 Y170.711 E126.26044
G1 X84.819 Y170.424 E126.40819
G1 X82.205 Y170.465 E126.52992
G1 X81.649 Y170.475 E126.55582
G1 X78.504 Y170.866 E126.70339
G1 X75.427 Y171.588 E126.85056
G1 X72.423 Y172.642 E126.9988
G1 X69.557 Y174.008 E127.14664
G1 X66.859 Y175.671 E127.29421
G1 X64.353 Y177.616 E127.44193
G1 X62.067 Y179.816 E127.58966
G1 X60.029 Y182.248 E127.73741
G1 X58.266 Y184.884 E127.88507
G1 X56.796 Y187.693 E128.0327
G1 X55.628 Y190.657 E128.18105
G1 X54.794 Y193.702 E128.32806
G1 X54.286 Y196.836 E128.47589
G1 X54.189 Y198.665 E128.56118
G1 F1393 X54.209 Y199.093 E128.58266
G1 F1344 X54.151 Y199.77 E128.61797
G1 F1393 X54.138 Y200.002 E128.62962
G1 F1368.1 X54.187 Y200.693 E128.66499
G1 F1416.5 X54.191 Y201.383 E128.69901
G1 F1500 X54.287 Y203.165 E128.78211
G1 X54.794 Y206.298 E128.92989
G1 X55.631 Y209.344 E129.07699
G1 X56.797 Y212.308 E129.2253
G1 X58.267 Y215.117 E129.37293
G1 X60.03 Y217.753 E129.52059
G1 X62.068 Y220.185 E129.66834
G1 X64.354 Y222.385 E129.81607
G1 X66.86 Y224.33 E129.96378
G1 X69.558 Y225.993 E130.11136
G1 X72.425 Y227.36 E130.25926
G1 X75.428 Y228.417 E130.4075
G1 X78.504 Y229.135 E130.55458
G1 X81.65 Y229.526 E130.7022
G1 X84.82 Y229.575 E130.84983
G1 X87.98 Y229.288 E130.99758
G1 X91.077 Y228.666 E131.14467
G1 X94.115 Y227.71 E131.29297
G1 X97.02 Y226.437 E131.44065
G1 X97.56 Y226.128 E131.46962
G1 F1445.8 X98.001 Y225.851 E131.49478
G1 F1411.8 X98.602 Y225.515 E131.52885
G1 F1455.8 X99.224 Y225.171 E131.56295
G1 F1492 X99.775 Y224.859 E131.59259
G1 F1500 X102.343 Y222.999 E131.74024
G1 X104.698 Y220.875 E131.88791
G1 X106.809 Y218.51 E132.03552
G1 X108.658 Y215.932 E132.18325
G1 X110.218 Y213.171 E132.33092
G1 X111.44 Y210.352 E132.47398
G1 X111.662 Y209.825 E132.50061
G1 X111.934 Y209.504 E132.5202
G1 X112.26 Y209.291 E132.53833
G1 X112.638 Y209.175 E132.55675
G1 X112.854 Y209.159 E132.56683
G1 X127.18 Y209.16 E133.23391
G1 X128.314 Y209.153 E133.28672
G1 X128.314 Y202.063 E133.61686
G1 X127.806 Y202.474 E133.64728
G1 X127.446 Y202.673 E133.66644
G1 X126.773 Y202.89 E133.69936
G1 X126.059 Y202.939 E133.73269
G1 X125.692 Y202.9 E133.74987
G1 X125.071 Y202.712 E133.78009
G1 X124.547 Y202.436 E133.80766
G1 X124.155 Y202.104 E133.83158
G1 X123.708 Y201.548 E133.8648
G1 X123.527 Y201.21 E133.88265
G1 X123.341 Y200.626 E133.91119
G1 X123.266 Y200.103 E133.9358
G1 X123.313 Y199.506 E133.96368
G1 X123.516 Y198.824 E133.99681
G1 X123.691 Y198.478 E134.01487
G1 X124.079 Y197.976 E134.04441
G1 X124.523 Y197.582 E134.07205
G1 X124.971 Y197.333 E134.09592
G1 X125.65 Y197.111 E134.12918
G1 X126.03 Y197.061 E134.14703
G1 X126.656 Y197.093 E134.17622
G1 X127.062 Y197.182 E134.19557
G1 X127.424 Y197.314 E134.21351
G1 X127.961 Y197.634 E134.24262
G1 X128.314 Y197.943 E134.26447
G1 X128.314 Y190.855 E134.59451
G1 X112.853 Y190.853 E135.31444
G1 X112.436 Y190.79 E135.33408
G1 X112.048 Y190.599 E135.35422
M204 S3000
M205 X10 Y10
G0 F3000 X93.778 Y222.728
M204 S1800
M205 X8 Y8
G1 F1500 X93.773 Y222.342 E135.37219
G1 X93.848 Y221.843 E135.39569
G1 X94.016 Y221.341 E135.42034
G1 X94.191 Y220.995 E135.43839
G1 X94.498 Y220.574 E135.46266
G1 X94.874 Y220.218 E135.48677
G1 X95.183 Y220 E135.50438
G1 X95.675 Y219.763 E135.5298
G1 X96.197 Y219.616 E135.55506
G1 X96.53 Y219.578 E135.57066
G1 X97.097 Y219.599 E135.59708
G1 X97.626 Y219.713 E135.62228
G1 X98.213 Y219.984 E135.65239
G1 X98.779 Y220.42 E135.68565
G1 X99.028 Y220.694 E135.70289
G1 X99.358 Y221.23 E135.7322
G1 X99.605 Y221.936 E135.76703
G1 X99.653 Y222.608 E135.7984
G1 X99.615 Y223.019 E135.81762
G1 X99.408 Y223.699 E135.85072
G1 X99.12 Y224.2 E135.87763
G1 F1492 X98.808 Y224.593 E135.90112
G1 F1431 X98.572 Y224.83 E135.91744
G1 F1402.3 X97.954 Y225.204 E135.95342
G1 F1433.4 X97.599 Y225.339 E135.97193
G1 F1471.1 X96.975 Y225.447 E136.002
G1 F1500 X96.557 Y225.456 E136.02147
G1 X95.855 Y225.331 E136.05467
G1 X95.22 Y225.053 E136.08695
G1 X94.683 Y224.646 E136.11832
G1 X94.208 Y224.064 E136.1533
G1 X94.028 Y223.727 E136.17109
G1 X93.841 Y223.143 E136.19964
G1 X93.778 Y222.728 E136.21919
M204 S3000
M205 X10 Y10
G0 F3000 X95.118 Y221.006
G0 X111.387 Y209.289
M204 S1800
M205 X8 Y8
;TYPE:SKIN
G1 F1500 X111.792 Y208.936 E136.24421
G1 X112.244 Y208.718 E136.26757
G1 X112.812 Y208.622 E136.2944
G1 X112.853 Y208.619 E136.29631
G1 X121.252 Y208.616 E136.6874
G1 X127.774 Y208.614 E136.9911
G1 X127.774 Y203.109 E137.24743
G1 X127.262 Y203.326 E137.27333
G1 X126.529 Y203.465 E137.30807
G1 X125.698 Y203.449 E137.34677
G1 X125.187 Y203.326 E137.37124
G1 X124.477 Y203.018 E137.40728
G1 X124.044 Y202.726 E137.4316
G1 X123.668 Y202.383 E137.4553
G1 X123.274 Y201.869 E137.48545
G1 X123.016 Y201.384 E137.51103
G1 X122.816 Y200.749 E137.54203
G1 X122.727 Y199.93 E137.58039
G1 X122.808 Y199.262 E137.61173
G1 X122.998 Y198.667 E137.64081
G1 X123.226 Y198.205 E137.6648
G1 X123.545 Y197.756 E137.69045
G1 X124.013 Y197.301 E137.72084
G1 X124.445 Y196.998 E137.74541
G1 X125.06 Y196.715 E137.77693
G1 X125.636 Y196.559 E137.80472
G1 X126.351 Y196.522 E137.83806
G1 X127.164 Y196.651 E137.87639
G1 X127.667 Y196.834 E137.90131
G1 X127.774 Y196.892 E137.90698
G1 X127.774 Y191.395 E138.16294
G1 X112.836 Y191.393 E138.85852
G1 X112.373 Y191.331 E138.88027
G1 X111.896 Y191.14 E138.9042
G1 X111.481 Y190.824 E138.92849
G1 X111.158 Y190.397 E138.95342
G1 X110.892 Y189.749 E138.98603
G1 X109.732 Y187.069 E139.12201
G1 X108.198 Y184.354 E139.26722
G1 X106.384 Y181.825 E139.41214
G1 X104.312 Y179.504 E139.55702
G1 X101.999 Y177.42 E139.70199
G1 X99.942 Y175.93 E139.82026
G1 X99.742 Y175.793 E139.83155
G1 X100.01 Y176.363 E139.86088
G1 X100.149 Y176.897 E139.88657
G1 X100.193 Y177.578 E139.91835
G1 X100.141 Y178.132 E139.94426
G1 X99.919 Y178.841 E139.97885
G1 X99.506 Y179.56 E140.01746
G1 X99.163 Y179.964 E140.04214
G1 X98.776 Y180.295 E140.06585
G1 X98.212 Y180.628 E140.09635
G1 X97.733 Y180.817 E140.12033
G1 X97.032 Y180.948 E140.15353
G1 X96.343 Y180.952 E140.18562
G1 X95.744 Y180.83 E140.21408
G1 X95.324 Y180.675 E140.23493
G1 X94.703 Y180.337 E140.26785
G1 X94.307 Y179.991 E140.29233
G1 X94.052 Y179.717 E140.30976
G1 X93.751 Y179.317 E140.33307
G1 X93.51 Y178.852 E140.35746
G1 X93.309 Y178.204 E140.38905
G1 X93.224 Y177.502 E140.42198
G1 X93.276 Y176.929 E140.44877
G1 X93.4 Y176.443 E140.47213
G1 X93.589 Y175.926 E140.49776
G1 X93.93 Y175.388 E140.52742
G1 X94.393 Y174.904 E140.55861
G1 X94.547 Y174.757 E140.56852
G1 X95.205 Y174.345 E140.60467
G1 X95.991 Y174.077 E140.64334
G1 X96.699 Y174.014 E140.67644
G1 X93.923 Y172.795 E140.81761
G1 X90.928 Y171.849 E140.96386
G1 X87.9 Y171.246 E141.10763
G1 X84.798 Y170.965 E141.25266
G1 X81.688 Y171.015 E141.39749
G1 X79.119 Y171.333 E141.51803
G1 X78.601 Y171.399 E141.54235
G1 X75.593 Y172.103 E141.6862
G1 X72.631 Y173.142 E141.83236
G1 X69.815 Y174.484 E141.97761
G1 X67.169 Y176.116 E142.12237
G1 X64.707 Y178.027 E142.26749
G1 X62.462 Y180.186 E142.41253
G1 X60.461 Y182.574 E142.5576
G1 X58.731 Y185.162 E142.70255
G1 X57.289 Y187.92 E142.84747
G1 X56.136 Y190.843 E142.99378
G1 X55.355 Y193.706 E143.13197
G1 X55.256 Y194.241 E143.1573
G1 X54.823 Y196.896 E143.28257
G1 X54.758 Y198.154 E143.34122
G1 X54.963 Y197.862 E143.35783
G1 X55.549 Y197.268 E143.39669
G1 X56.199 Y196.865 E143.4323
G1 X56.989 Y196.596 E143.47116
G1 X57.518 Y196.521 E143.49604
G1 X57.908 Y196.525 E143.5142
G1 X58.65 Y196.647 E143.54921
G1 X59.14 Y196.819 E143.5734
G1 X59.677 Y197.12 E143.60206
G1 X60.124 Y197.486 E143.62896
G1 X60.467 Y197.863 E143.65269
G1 X60.801 Y198.386 E143.68159
G1 X61.014 Y198.893 E143.7072
G1 X61.148 Y199.405 E143.73184
G1 X61.2 Y199.936 E143.75668
G1 X61.155 Y200.512 E143.78359
G1 X61.042 Y201.031 E143.80832
G1 X60.805 Y201.608 E143.83737
G1 X60.5 Y202.089 E143.86389
G1 X60.171 Y202.473 E143.88743
G1 X59.603 Y202.923 E143.92118
G1 X58.987 Y203.25 E143.95365
G1 X58.412 Y203.413 E143.98148
G1 X57.539 Y203.479 E144.02225
G1 X56.749 Y203.346 E144.05955
G1 X55.979 Y203.022 E144.09845
G1 X55.547 Y202.733 E144.12265
G1 X55.264 Y202.475 E144.14048
G1 X54.779 Y201.877 E144.17633
G1 X54.758 Y201.843 E144.1782
G1 X54.823 Y203.068 E144.23532
G1 X55.323 Y206.182 E144.38217
G1 X56.141 Y209.158 E144.52589
G1 X57.29 Y212.081 E144.67213
G1 X58.732 Y214.839 E144.81705
G1 X60.461 Y217.427 E144.96198
G1 X62.463 Y219.814 E145.10705
G1 X64.708 Y221.974 E145.25211
G1 X67.17 Y223.885 E145.39724
G1 X69.816 Y225.517 E145.54199
G1 X72.634 Y226.859 E145.68733
G1 X75.594 Y227.902 E145.83347
G1 X78.601 Y228.602 E145.97723
G1 X81.689 Y228.986 E146.12213
G1 X84.798 Y229.034 E146.26691
G1 X87.563 Y228.784 E146.39619
G1 X88.232 Y228.687 E146.42767
G1 X90.941 Y228.14 E146.55635
G1 X93.927 Y227.202 E146.70209
G1 X96.696 Y225.988 E146.84288
G1 X96.084 Y225.944 E146.87145
G1 X95.676 Y225.838 E146.89108
G1 X94.997 Y225.546 E146.92549
G1 X94.576 Y225.271 E146.94891
G1 X94.042 Y224.75 E146.98365
G1 X93.639 Y224.17 E147.01654
G1 X93.397 Y223.587 E147.04593
G1 X93.245 Y222.819 E147.08238
G1 X93.236 Y222.315 E147.10586
G1 X93.317 Y221.736 E147.13308
G1 X93.505 Y221.167 E147.16098
G1 X93.737 Y220.701 E147.18522
G1 X94.098 Y220.21 E147.2136
G1 X94.503 Y219.825 E147.23962
G1 X94.916 Y219.53 E147.26325
G1 X95.471 Y219.264 E147.29191
G1 X96.002 Y219.109 E147.31767
G1 X96.526 Y219.038 E147.34229
G1 X97.239 Y219.076 E147.37554
G1 X97.786 Y219.216 E147.40183
G1 X98.054 Y219.294 E147.41483
G1 X98.558 Y219.559 E147.44134
G1 X99.12 Y220 E147.4746
G1 X99.483 Y220.4 E147.49976
G1 X99.838 Y220.984 E147.53158
G1 X100.126 Y221.804 E147.57205
G1 X100.188 Y222.287 E147.59472
G1 X100.153 Y223.059 E147.63071
G1 X100.043 Y223.553 E147.65428
G1 X99.895 Y223.929 E147.67309
G1 X99.718 Y224.231 E147.68939
G1 X102.005 Y222.577 E147.82081
G1 X104.316 Y220.493 E147.96572
G1 X106.388 Y218.171 E148.11063
G1 X108.202 Y215.641 E148.25559
G1 X109.733 Y212.93 E148.40056
G1 X110.826 Y210.408 E148.52855
G1 X111.098 Y209.733 E148.56244
G1 X111.387 Y209.289 E148.58711
M204 S3000
M205 X10 Y10
G0 F3000 X83.714 Y208.154
G0 X81.9 Y207.948
G0 X80.176 Y207.346
G0 X78.63 Y206.375
G0 X77.469 Y205.213
G0 X74.309 Y200.421
M204 S1800
M205 X8 Y8
G1 F1500 X74.28 Y199.87 E148.6128
G1 X74.402 Y198.738 E148.66581
G1 X74.532 Y197.817 E148.70912
G1 X74.83 Y196.945 E148.75203
G1 X75.248 Y195.829 E148.80752
G1 X75.515 Y195.392 E148.83137
G1 X76.215 Y194.276 E148.89271
G1 X76.592 Y193.836 E148.91969
G1 X77.682 Y192.747 E148.99144
G1 X77.998 Y192.5 E149.01011
G1 X79.446 Y191.589 E149.08977
G1 X79.687 Y191.462 E149.10246
G1 X81.409 Y190.856 E149.18746
G1 X81.773 Y190.767 E149.20491
G1 X83.472 Y190.574 E149.28453
G1 X83.854 Y190.564 E149.30233
G1 X85.62 Y190.762 E149.38507
G1 X86.119 Y190.891 E149.40907
G1 X87.588 Y191.405 E149.48154
G1 X88.093 Y191.658 E149.50784
G1 X88.894 Y192.161 E149.55189
G1 X89.647 Y192.656 E149.59385
G1 X90.36 Y193.363 E149.6406
G1 X91.133 Y194.164 E149.69243
G1 X91.573 Y194.855 E149.73058
G1 X91.986 Y195.509 E149.7666
G1 X92.245 Y195.958 E149.79073
G1 X92.589 Y196.925 E149.83852
G1 X92.86 Y197.692 E149.8764
G1 X92.961 Y198.198 E149.90043
G1 X93.047 Y198.951 E149.93572
G1 X93.152 Y200.086 E149.9888
G1 X93.053 Y201.002 E150.0317
G1 X92.951 Y201.908 E150.07415
G1 X92.888 Y202.214 E150.0887
G1 X92.519 Y203.274 E150.14096
G1 X92.168 Y204.195 E150.18686
G1 X91.687 Y204.967 E150.22921
G1 X91.052 Y205.935 E150.28312
G1 X90.357 Y206.64 E150.32921
G1 X89.536 Y207.427 E150.38217
G1 X89.105 Y207.703 E150.406
G1 X87.983 Y208.411 E150.46778
G1 X87.627 Y208.582 E150.48617
G1 X86.661 Y208.92 E150.53382
G1 X85.747 Y209.217 E150.57857
G1 X85.241 Y209.278 E150.60231
G1 X84.18 Y209.387 E150.65197
G1 X83.638 Y209.438 E150.67732
G1 X83.451 Y209.421 E150.68606
G1 X81.806 Y209.238 E150.76313
G1 X81.521 Y209.181 E150.77667
G1 X79.814 Y208.586 E150.86084
G1 X79.469 Y208.426 E150.87855
G1 X77.984 Y207.495 E150.96017
G1 X77.721 Y207.292 E150.97564
G1 X76.586 Y206.158 E151.05034
G1 X76.258 Y205.789 E151.07333
G1 X75.502 Y204.589 E151.13937
G1 X75.174 Y204.02 E151.16996
G1 X74.773 Y202.894 E151.22561
G1 X74.487 Y201.989 E151.26981
G1 X74.309 Y200.421 E151.34329
M204 S3000
M205 X10 Y10
G0 F3000 X61.908 Y218.716
M204 S1800
M205 X8 Y8
G1 F1500 X65.169 Y221.977 E151.55803
G1 X65.239 Y222.047
M204 S3000
M205 X10 Y10
G0 F3000 X68.133 Y224.15
M204 S1800
M205 X8 Y8
G1 F1500 X59.564 Y215.58 E152.12235
G1 X59.494 Y215.51
M204 S3000
M205 X10 Y10
G0 F3000 X58.426 Y213.65
M204 S1800
M205 X8 Y8
G1 F1500 X70.132 Y225.357 E152.89324
G1 X70.202 Y225.427
M204 S3000
M205 X10 Y10
G0 F3000 X71.644 Y226.076
M204 S1800
M205 X8 Y8
G1 F1500 X57.558 Y211.99 E153.82083
G1 X57.488 Y211.92
M204 S3000
M205 X10 Y10
G0 F3000 X57.04 Y210.68
M204 S1800
M205 X8 Y8
G1 F1500 X73.077 Y226.717 E154.87689
G1 X73.147 Y226.787
M204 S3000
M205 X10 Y10
G0 F3000 X74.299 Y227.148
M204 S1800
M205 X8 Y8
G1 F1500 X56.526 Y209.375 E156.04727
G1 X56.456 Y209.305
M204 S3000
M205 X10 Y10
G0 F3000 X56.176 Y208.233
M204 S1800
M205 X8 Y8
G1 F1500 X75.521 Y227.578 E157.32118
M204 S3000
M205 X10 Y10
G0 F3000 X76.577 Y227.841
M204 S1800
M205 X8 Y8
G1 F1500 X55.876 Y207.141 E158.68434
G1 X55.806 Y207.071
M204 S3000
M205 X10 Y10
G0 F3000 X55.586 Y206.058
M204 S1800
M205 X8 Y8
G1 F1500 X77.609 Y228.082 E160.13462
M204 S3000
M205 X10 Y10
G0 F3000 X78.642 Y228.322
M204 S1800
M205 X8 Y8
G1 F1500 X55.435 Y205.116 E161.66281
M204 S3000
M205 X10 Y10
G0 F3000 X55.284 Y204.172
M204 S1800
M205 X8 Y8
G1 F1500 X79.548 Y228.436 E163.26064
M204 S3000
M205 X10 Y10
G0 F3000 X80.452 Y228.548
M204 S1800
M205 X8 Y8
G1 F1500 X55.133 Y203.23 E164.9279
M204 S3000
M205 X10 Y10
G0 F3000 X56.055 Y203.359
M204 S1800
M205 X8 Y8
G1 F1500 X81.356 Y228.661 E166.59405
M204 S3000
M205 X10 Y10
G0 F3000 X82.199 Y228.712
M204 S1800
M205 X8 Y8
G1 F1500 X57.193 Y203.706 E168.24074
M204 S3000
M205 X10 Y10
G0 F3000 X57.999 Y203.72
M204 S1800
M205 X8 Y8
G1 F1500 X83.004 Y228.725 E169.88736
M204 S3000
M205 X10 Y10
G0 F3000 X83.809 Y228.737
M204 S1800
M205 X8 Y8
G1 F1500 X58.692 Y203.621 E171.54133
M204 S3000
M205 X10 Y10
G0 F3000 X59.271 Y203.407
M204 S1800
M205 X8 Y8
G1 F1500 X84.613 Y228.75 E173.21017
M204 S3000
M205 X10 Y10
G0 F3000 X85.356 Y228.701
M204 S1800
M205 X8 Y8
G1 F1500 X59.782 Y203.127 E174.89426
M204 S3000
M205 X10 Y10
G0 F3000 X60.229 Y202.782
M204 S1800
M205 X8 Y8
G1 F1500 X86.083 Y228.635 E176.59676
M204 S3000
M205 X10 Y10
G0 F3000 X86.809 Y228.57
M204 S1800
M205 X8 Y8
G1 F1500 X60.618 Y202.379 E178.32148
M204 S3000
M205 X10 Y10
G0 F3000 X60.944 Y201.912
M204 S1800
M205 X8 Y8
G1 F1500 X87.535 Y228.504 E180.07258
M204 S3000
M205 X10 Y10
G0 F3000 X88.224 Y228.401
M204 S1800
M205 X8 Y8
G1 F1500 X61.2 Y201.377 E181.85216
M204 S3000
M205 X10 Y10
G0 F3000 X61.388 Y200.773
M204 S1800
M205 X8 Y8
G1 F1500 X88.883 Y228.268 E183.66275
M204 S3000
M205 X10 Y10
G0 F3000 X89.542 Y228.135
M204 S1800
M205 X8 Y8
G1 F1500 X61.472 Y200.065 E185.51121
M204 S3000
M205 X10 Y10
G0 F3000 X61.377 Y199.178
M204 S1800
M205 X8 Y8
G1 F1500 X90.201 Y228.002 E187.40932
M204 S3000
M205 X10 Y10
G0 F3000 X90.86 Y227.869
M204 S1800
M205 X8 Y8
G1 F1500 X60.682 Y197.691 E189.39659
M204 S3000
M205 X10 Y10
G0 F3000 X60.072 Y197.081
M204 S1800
M205 X8 Y8
G1 F1500 X55.869 Y192.878 E189.67336
M204 S3000
M205 X10 Y10
G0 F3000 X55.699 Y193.5
M204 S1800
M205 X8 Y8
G1 F1500 X58.551 Y196.352 E189.86117
M204 S3000
M205 X10 Y10
G0 F3000 X57.653 Y196.246
M204 S1800
M205 X8 Y8
G1 F1500 X55.553 Y194.146 E189.99946
M204 S3000
M205 X10 Y10
G0 F3000 X55.442 Y194.827
M204 S1800
M205 X8 Y8
G1 F1500 X56.938 Y196.323 E190.09797
M204 S3000
M205 X10 Y10
G0 F3000 X56.337 Y196.514
M204 S1800
M205 X8 Y8
G1 F1500 X55.331 Y195.508 E190.16422
M204 S3000
M205 X10 Y10
G0 F3000 X55.22 Y196.189
M204 S1800
M205 X8 Y8
G1 F1500 X55.811 Y196.78 E190.20314
M204 S3000
M205 X10 Y10
G0 F3000 X55.337 Y197.098
M204 S1800
M205 X8 Y8
G1 F1500 X55.116 Y196.877 E190.21769
M204 S3000
M205 X10 Y10
G0 F3000 X56.039 Y192.256
M204 S1800
M205 X8 Y8
G1 F1500 X91.463 Y227.68 E192.55042
M204 S3000
M205 X10 Y10
G0 F3000 X92.066 Y227.491
M204 S1800
M205 X8 Y8
G1 F1500 X56.209 Y191.634 E194.91167
M204 S3000
M205 X10 Y10
G0 F3000 X56.379 Y191.012
M204 S1800
M205 X8 Y8
G1 F1500 X92.669 Y227.302 E197.30143
M204 S3000
M205 X10 Y10
G0 F3000 X93.271 Y227.112
M204 S1800
M205 X8 Y8
G1 F1500 X56.596 Y190.437 E199.71654
M204 S3000
M205 X10 Y10
G0 F3000 X56.82 Y189.869
M204 S1800
M205 X8 Y8
G1 F1500 X93.87 Y226.919 E202.15634
M204 S3000
M205 X10 Y10
G0 F3000 X94.421 Y226.678
M204 S1800
M205 X8 Y8
G1 F1500 X57.044 Y189.301 E204.61768
M204 S3000
M205 X10 Y10
G0 F3000 X57.267 Y188.733
M204 S1800
M205 X8 Y8
G1 F1500 X94.972 Y226.437 E207.10059
M204 S3000
M205 X10 Y10
G0 F3000 X95.307 Y225.98
M204 S1800
M205 X8 Y8
G1 F1500 X95.523 Y226.196 E207.11481
M204 S3000
M205 X10 Y10
G0 F3000 X93.227 Y223.901
M204 S1800
M205 X8 Y8
G1 F1500 X57.492 Y188.165 E209.46806
M204 S3000
M205 X10 Y10
G0 F3000 X57.752 Y187.634
M204 S1800
M205 X8 Y8
G1 F1500 X75.974 Y205.855 E210.66797
G1 X76.044 Y205.925
M204 S3000
M205 X10 Y10
G0 F3000 X74.848 Y203.938
M204 S1800
M205 X8 Y8
G1 F1500 X58.025 Y187.114 E211.77583
M204 S3000
M205 X10 Y10
G0 F3000 X58.296 Y186.594
M204 S1800
M205 X8 Y8
G1 F1500 X74.425 Y202.723 E212.83795
M204 S3000
M205 X10 Y10
G0 F3000 X74.174 Y201.68
M204 S1800
M205 X8 Y8
G1 F1500 X58.568 Y186.074 E213.86563
M204 S3000
M205 X10 Y10
G0 F3000 X58.84 Y185.554
M204 S1800
M205 X8 Y8
G1 F1500 X74.069 Y200.782 E214.86846
M204 S3000
M205 X10 Y10
G0 F3000 X74.004 Y199.925
M204 S1800
M205 X8 Y8
G1 F1500 X59.136 Y185.057 E215.84754
M204 S3000
M205 X10 Y10
G0 F3000 X59.453 Y184.583
M204 S1800
M205 X8 Y8
G1 F1500 X74.07 Y199.2 E216.81009
M204 S3000
M205 X10 Y10
G0 F3000 X74.154 Y198.492
M204 S1800
M205 X8 Y8
G1 F1500 X59.77 Y184.107 E217.75734
M204 S3000
M205 X10 Y10
G0 F3000 X60.087 Y183.633
M204 S1800
M205 X8 Y8
G1 F1500 X74.253 Y197.799 E218.69019
M204 S3000
M205 X10 Y10
G0 F3000 X74.447 Y197.2
M204 S1800
M205 X8 Y8
G1 F1500 X60.405 Y183.159 E219.61485
M204 S3000
M205 X10 Y10
G0 F3000 X60.727 Y182.689
M204 S1800
M205 X8 Y8
G1 F1500 X74.654 Y196.616 E220.53197
M204 S3000
M205 X10 Y10
G0 F3000 X74.872 Y196.041
M204 S1800
M205 X8 Y8
G1 F1500 X61.088 Y182.258 E221.43963
M204 S3000
M205 X10 Y10
G0 F3000 X61.449 Y181.827
M204 S1800
M205 X8 Y8
G1 F1500 X75.12 Y195.498 E222.33989
M204 S3000
M205 X10 Y10
G0 F3000 X75.424 Y195.01
M204 S1800
M205 X8 Y8
G1 F1500 X61.811 Y181.396 E223.23636
M204 S3000
M205 X10 Y10
G0 F3000 X62.172 Y180.966
M204 S1800
M205 X8 Y8
G1 F1500 X75.729 Y194.523 E224.12912
M204 S3000
M205 X10 Y10
G0 F3000 X76.043 Y194.045
M204 S1800
M205 X8 Y8
G1 F1500 X62.533 Y180.535 E225.01877
M204 S3000
M205 X10 Y10
G0 F3000 X62.921 Y180.131
M204 S1800
M205 X8 Y8
G1 F1500 X76.412 Y193.622 E225.90718
M204 S3000
M205 X10 Y10
G0 F3000 X76.807 Y193.225
M204 S1800
M205 X8 Y8
G1 F1500 X63.325 Y179.743 E226.79499
M204 S3000
M205 X10 Y10
G0 F3000 X63.729 Y179.355
M204 S1800
M205 X8 Y8
G1 F1500 X77.202 Y192.828 E227.68221
M204 S3000
M205 X10 Y10
G0 F3000 X77.607 Y192.441
M204 S1800
M205 X8 Y8
G1 F1500 X64.133 Y178.967 E228.5695
M204 S3000
M205 X10 Y10
G0 F3000 X64.536 Y178.579
M204 S1800
M205 X8 Y8
G1 F1500 X78.077 Y192.119 E229.46116
M204 S3000
M205 X10 Y10
G0 F3000 X78.563 Y191.813
M204 S1800
M205 X8 Y8
G1 F1500 X64.945 Y178.195 E230.35793
M204 S3000
M205 X10 Y10
G0 F3000 X65.391 Y177.85
M204 S1800
M205 X8 Y8
G1 F1500 X79.048 Y191.506 E231.25723
M204 S3000
M205 X10 Y10
G0 F3000 X79.549 Y191.215
M204 S1800
M205 X8 Y8
G1 F1500 X65.837 Y177.503 E232.16019
M204 S3000
M205 X10 Y10
G0 F3000 X66.283 Y177.157
M204 S1800
M205 X8 Y8
G1 F1500 X80.134 Y191.008 E233.07231
M204 S3000
M205 X10 Y10
G0 F3000 X80.719 Y190.801
M204 S1800
M205 X8 Y8
G1 F1500 X66.728 Y176.811 E233.9936
M204 S3000
M205 X10 Y10
G0 F3000 X67.175 Y176.465
M204 S1800
M205 X8 Y8
G1 F1500 X81.303 Y190.594 E234.92399
M204 S3000
M205 X10 Y10
G0 F3000 X81.967 Y190.466
M204 S1800
M205 X8 Y8
G1 F1500 X67.649 Y176.148 E235.86685
M204 S3000
M205 X10 Y10
G0 F3000 X68.139 Y175.846
M204 S1800
M205 X8 Y8
G1 F1500 X82.677 Y190.383 E236.82417
M204 S3000
M205 X10 Y10
G0 F3000 X83.386 Y190.3
M204 S1800
M205 X8 Y8
G1 F1500 X68.629 Y175.544 E237.79591
M204 S3000
M205 X10 Y10
G0 F3000 X69.119 Y175.242
M204 S1800
M205 X8 Y8
G1 F1500 X84.199 Y190.322 E238.78896
M204 S3000
M205 X10 Y10
G0 F3000 X85.089 Y190.42
M204 S1800
M205 X8 Y8
G1 F1500 X69.609 Y174.939 E239.80838
M204 S3000
M205 X10 Y10
G0 F3000 X70.113 Y174.651
M204 S1800
M205 X8 Y8
G1 F1500 X86.027 Y190.565 E240.85634
G1 X86.097 Y190.635
M204 S3000
M205 X10 Y10
G0 F3000 X87.238 Y190.985
M204 S1800
M205 X8 Y8
G1 F1500 X70.649 Y174.396 E241.94875
M204 S3000
M205 X10 Y10
G0 F3000 X71.185 Y174.14
M204 S1800
M205 X8 Y8
G1 F1500 X88.84 Y191.795 E243.11136
G1 X88.91 Y191.865
M204 S3000
M205 X10 Y10
G0 F3000 X91.911 Y194.865
M204 S1800
M205 X8 Y8
G1 F1500 X109.593 Y212.548 E244.27579
M204 S3000
M205 X10 Y10
G0 F3000 X109.329 Y213.076
M204 S1800
M205 X8 Y8
G1 F1500 X92.725 Y196.471 E245.36922
G1 X92.655 Y196.401
M204 S3000
M205 X10 Y10
G0 F3000 X93.125 Y197.663
M204 S1800
M205 X8 Y8
G1 F1500 X109.043 Y213.582 E246.41748
M204 S3000
M205 X10 Y10
G0 F3000 X108.757 Y214.087
M204 S1800
M205 X8 Y8
G1 F1500 X93.29 Y198.62 E247.43601
M204 S3000
M205 X10 Y10
G0 F3000 X93.379 Y199.502
M204 S1800
M205 X8 Y8
G1 F1500 X108.471 Y214.594 E248.42985
M204 S3000
M205 X10 Y10
G0 F3000 X108.185 Y215.1
M204 S1800
M205 X8 Y8
G1 F1500 X93.409 Y200.324 E249.40287
M204 S3000
M205 X10 Y10
G0 F3000 X93.33 Y201.036
M204 S1800
M205 X8 Y8
G1 F1500 X107.889 Y215.596 E250.36164
M204 S3000
M205 X10 Y10
G0 F3000 X107.558 Y216.057
M204 S1800
M205 X8 Y8
G1 F1500 X93.251 Y201.749 E251.30381
M204 S3000
M205 X10 Y10
G0 F3000 X93.113 Y202.403
M204 S1800
M205 X8 Y8
G1 F1500 X107.228 Y216.518 E252.23331
M204 S3000
M205 X10 Y10
G0 F3000 X106.897 Y216.979
M204 S1800
M205 X8 Y8
G1 F1500 X92.911 Y202.993 E253.15431
M204 S3000
M205 X10 Y10
G0 F3000 X92.702 Y203.576
M204 S1800
M205 X8 Y8
G1 F1500 X106.566 Y217.44 E254.06728
M204 S3000
M205 X10 Y10
G0 F3000 X106.236 Y217.902
M204 S1800
M205 X8 Y8
G1 F1500 X92.483 Y204.15 E254.9729
M204 S3000
M205 X10 Y10
G0 F3000 X92.204 Y204.662
M204 S1800
M205 X8 Y8
G1 F1500 X105.871 Y218.329 E255.8729
M204 S3000
M205 X10 Y10
G0 F3000 X105.497 Y218.747
M204 S1800
M205 X8 Y8
G1 F1500 X91.9 Y205.15 E256.76828
M204 S3000
M205 X10 Y10
G0 F3000 X91.59 Y205.632
M204 S1800
M205 X8 Y8
G1 F1500 X105.124 Y219.166 E257.65952
M204 S3000
M205 X10 Y10
G0 F3000 X104.75 Y219.584
M204 S1800
M205 X8 Y8
G1 F1500 X91.269 Y206.103 E258.54727
M204 S3000
M205 X10 Y10
G0 F3000 X90.881 Y206.507
M204 S1800
M205 X8 Y8
G1 F1500 X104.376 Y220.002 E259.43594
M204 S3000
M205 X10 Y10
G0 F3000 X103.989 Y220.408
M204 S1800
M205 X8 Y8
G1 F1500 X90.485 Y206.903 E260.32523
M204 S3000
M205 X10 Y10
G0 F3000 X90.081 Y207.291
M204 S1800
M205 X8 Y8
G1 F1500 X103.573 Y220.783 E261.2137
M204 S3000
M205 X10 Y10
G0 F3000 X103.156 Y221.158
M204 S1800
M205 X8 Y8
G1 F1500 X89.672 Y207.674 E262.10165
M204 S3000
M205 X10 Y10
G0 F3000 X89.187 Y207.981
M204 S1800
M205 X8 Y8
G1 F1500 X102.741 Y221.535 E262.9942
M204 S3000
M205 X10 Y10
G0 F3000 X102.324 Y221.91
M204 S1800
M205 X8 Y8
G1 F1500 X88.701 Y208.287 E263.8913
M204 S3000
M205 X10 Y10
G0 F3000 X88.216 Y208.594
M204 S1800
M205 X8 Y8
G1 F1500 X101.908 Y222.286 E264.79294
M204 S3000
M205 X10 Y10
G0 F3000 X101.457 Y222.626
M204 S1800
M205 X8 Y8
G1 F1500 X100.311 Y221.481 E264.86837
M204 S3000
M205 X10 Y10
G0 F3000 X100.462 Y222.423
M204 S1800
M205 X8 Y8
G1 F1500 X100.997 Y222.959 E264.90364
M204 S3000
M205 X10 Y10
G0 F3000 X100.537 Y223.291
M204 S1800
M205 X8 Y8
G1 F1500 X100.412 Y223.166 E264.91187
M204 S3000
M205 X10 Y10
G0 F3000 X97.754 Y218.924
M204 S1800
M205 X8 Y8
G1 F1500 X87.684 Y208.853 E265.57503
M204 S3000
M205 X10 Y10
G0 F3000 X87.099 Y209.061
M204 S1800
M205 X8 Y8
G1 F1500 X96.812 Y218.774 E266.21465
M204 S3000
M205 X10 Y10
G0 F3000 X96.062 Y218.816
M204 S1800
M205 X8 Y8
G1 F1500 X86.508 Y209.262 E266.84379
M204 S3000
M205 X10 Y10
G0 F3000 X85.908 Y209.454
M204 S1800
M205 X8 Y8
G1 F1500 X95.433 Y218.979 E267.47103
M204 S3000
M205 X10 Y10
G0 F3000 X94.891 Y219.229
M204 S1800
M205 X8 Y8
G1 F1500 X85.223 Y209.56 E268.10772
M204 S3000
M205 X10 Y10
G0 F3000 X84.505 Y209.635
M204 S1800
M205 X8 Y8
G1 F1500 X94.412 Y219.542 E268.76011
M204 S3000
M205 X10 Y10
G0 F3000 X93.997 Y219.918
M204 S1800
M205 X8 Y8
G1 F1500 X83.78 Y209.701 E269.43292
M204 S3000
M205 X10 Y10
G0 F3000 X82.929 Y209.643
M204 S1800
M205 X8 Y8
G1 F1500 X93.643 Y220.357 E270.13845
M204 S3000
M205 X10 Y10
G0 F3000 X93.347 Y220.853
M204 S1800
M205 X8 Y8
G1 F1500 X82.039 Y209.544 E270.88314
M204 S3000
M205 X10 Y10
G0 F3000 X80.993 Y209.29
M204 S1800
M205 X8 Y8
G1 F1500 X93.124 Y221.422 E271.68202
M204 S3000
M205 X10 Y10
G0 F3000 X92.986 Y222.076
M204 S1800
M205 X8 Y8
G1 F1500 X79.781 Y208.87 E272.55162
G1 X79.711 Y208.8
M204 S3000
M205 X10 Y10
G0 F3000 X77.878 Y207.759
M204 S1800
M205 X8 Y8
G1 F1500 X92.976 Y222.858 E273.54588
G1 X93.046 Y222.928
M204 S3000
M205 X10 Y10
G0 F3000 X95.462 Y220.701
G0 X109.832 Y211.995
M204 S1800
M205 X8 Y8
G1 F1500 X71.721 Y173.884 E276.05556
M204 S3000
M205 X10 Y10
G0 F3000 X72.258 Y173.629
M204 S1800
M205 X8 Y8
G1 F1500 X110.072 Y211.443 E278.54568
M204 S3000
M205 X10 Y10
G0 F3000 X110.311 Y210.89
M204 S1800
M205 X8 Y8
G1 F1500 X72.8 Y173.379 E281.01584
M204 S3000
M205 X10 Y10
G0 F3000 X73.386 Y173.173
M204 S1800
M205 X8 Y8
G1 F1500 X110.549 Y210.335 E283.46305
M204 S3000
M205 X10 Y10
G0 F3000 X110.788 Y209.783
M204 S1800
M205 X8 Y8
G1 F1500 X73.972 Y172.967 E285.88745
M204 S3000
M205 X10 Y10
G0 F3000 X74.558 Y172.761
M204 S1800
M205 X8 Y8
G1 F1500 X111.073 Y209.276 E288.29202
M204 S3000
M205 X10 Y10
G0 F3000 X111.453 Y208.864
M204 S1800
M205 X8 Y8
G1 F1500 X75.144 Y172.555 E290.68303
M204 S3000
M205 X10 Y10
G0 F3000 X75.736 Y172.355
M204 S1800
M205 X8 Y8
G1 F1500 X111.934 Y208.553 E293.06673
M204 S3000
M205 X10 Y10
G0 F3000 X112.55 Y208.377
M204 S1800
M205 X8 Y8
G1 F1500 X76.378 Y172.205 E295.44872
M204 S3000
M205 X10 Y10
G0 F3000 X77.02 Y172.055
M204 S1800
M205 X8 Y8
G1 F1500 X113.305 Y208.34 E297.83815
M204 S3000
M205 X10 Y10
G0 F3000 X114.097 Y208.34
M204 S1800
M205 X8 Y8
G1 F1500 X77.662 Y171.905 E300.23746
M204 S3000
M205 X10 Y10
G0 F3000 X78.304 Y171.755
M204 S1800
M205 X8 Y8
G1 F1500 X114.888 Y208.339 E302.64658
M204 S3000
M205 X10 Y10
G0 F3000 X115.679 Y208.339
M204 S1800
M205 X8 Y8
G1 F1500 X78.975 Y171.634 E305.06363
M204 S3000
M205 X10 Y10
G0 F3000 X79.679 Y171.546
M204 S1800
M205 X8 Y8
G1 F1500 X116.471 Y208.339 E307.48648
M204 S3000
M205 X10 Y10
G0 F3000 X117.263 Y208.338
M204 S1800
M205 X8 Y8
G1 F1500 X80.383 Y171.459 E309.91506
M204 S3000
M205 X10 Y10
G0 F3000 X81.088 Y171.371
M204 S1800
M205 X8 Y8
G1 F1500 X118.055 Y208.338 E312.3494
M204 S3000
M205 X10 Y10
G0 F3000 X118.846 Y208.337
M204 S1800
M205 X8 Y8
G1 F1500 X81.801 Y171.293 E314.78884
M204 S3000
M205 X10 Y10
G0 F3000 X82.58 Y171.28
M204 S1800
M205 X8 Y8
G1 F1500 X119.637 Y208.336 E317.22908
M204 S3000
M205 X10 Y10
G0 F3000 X120.429 Y208.336
M204 S1800
M205 X8 Y8
G1 F1500 X83.36 Y171.267 E319.67013
M204 S3000
M205 X10 Y10
G0 F3000 X84.139 Y171.254
M204 S1800
M205 X8 Y8
G1 F1500 X121.22 Y208.336 E322.11201
M204 S3000
M205 X10 Y10
G0 F3000 X122.012 Y208.336
M204 S1800
M205 X8 Y8
G1 F1500 X84.934 Y171.257 E324.55369
M204 S3000
M205 X10 Y10
G0 F3000 X85.805 Y171.336
M204 S1800
M205 X8 Y8
G1 F1500 X93.174 Y178.706 E325.03899
M204 S3000
M205 X10 Y10
G0 F3000 X92.976 Y177.716
M204 S1800
M205 X8 Y8
G1 F1500 X86.676 Y171.416 E325.45385
M204 S3000
M205 X10 Y10
G0 F3000 X87.547 Y171.495
M204 S1800
M205 X8 Y8
G1 F1500 X92.997 Y176.945 E325.81275
M204 S3000
M205 X10 Y10
G0 F3000 X93.15 Y176.306
M204 S1800
M205 X8 Y8
G1 F1500 X88.494 Y171.65 E326.11935
M204 S3000
M205 X10 Y10
G0 F3000 X89.482 Y171.846
M204 S1800
M205 X8 Y8
G1 F1500 X93.374 Y175.737 E326.37561
M204 S3000
M205 X10 Y10
G0 F3000 X93.688 Y175.26
M204 S1800
M205 X8 Y8
G1 F1500 X90.472 Y172.044 E326.58739
G1 X90.402 Y171.974
M204 S3000
M205 X10 Y10
G0 F3000 X91.563 Y172.343
M204 S1800
M205 X8 Y8
G1 F1500 X94.067 Y174.847 E326.75229
M204 S3000
M205 X10 Y10
G0 F3000 X94.48 Y174.468
M204 S1800
M205 X8 Y8
G1 F1500 X92.72 Y172.708 E326.86818
G1 X92.65 Y172.638
M204 S3000
M205 X10 Y10
G0 F3000 X93.889 Y173.085
M204 S1800
M205 X8 Y8
G1 F1500 X94.975 Y174.171 E326.9397
M204 S3000
M205 X10 Y10
G0 F3000 X95.301 Y173.705
M204 S1800
M205 X8 Y8
G1 F1500 X95.528 Y173.932 E326.95465
M204 S3000
M205 X10 Y10
G0 F3000 X100.449 Y177.269
M204 S1800
M205 X8 Y8
G1 F1500 X108.322 Y185.142 E327.4731
G1 X108.392 Y185.212
M204 S3000
M205 X10 Y10
G0 F3000 X109.35 Y186.962
M204 S1800
M205 X8 Y8
G1 F1500 X100.424 Y178.036 E328.06089
M204 S3000
M205 X10 Y10
G0 F3000 X100.262 Y178.666
M204 S1800
M205 X8 Y8
G1 F1500 X110.008 Y188.412 E328.70268
G1 X110.078 Y188.482
M204 S3000
M205 X10 Y10
G0 F3000 X110.614 Y189.81
M204 S1800
M205 X8 Y8
G1 F1500 X100.025 Y179.221 E329.39999
M204 S3000
M205 X10 Y10
G0 F3000 X99.728 Y179.716
M204 S1800
M205 X8 Y8
G1 F1500 X127.494 Y207.482 E331.22842
M204 S3000
M205 X10 Y10
G0 F3000 X127.494 Y208.274
M204 S1800
M205 X8 Y8
G1 F1500 X99.368 Y180.148 E333.08057
M204 S3000
M205 X10 Y10
G0 F3000 X98.929 Y180.501
M204 S1800
M205 X8 Y8
G1 F1500 X126.761 Y208.333 E334.91335
M204 S3000
M205 X10 Y10
G0 F3000 X125.97 Y208.334
M204 S1800
M205 X8 Y8
G1 F1500 X98.446 Y180.81 E336.72586
M204 S3000
M205 X10 Y10
G0 F3000 X97.896 Y181.052
M204 S1800
M205 X8 Y8
G1 F1500 X125.178 Y208.334 E338.52242
M204 S3000
M205 X10 Y10
G0 F3000 X124.387 Y208.334
M204 S1800
M205 X8 Y8
G1 F1500 X97.242 Y181.19 E340.30993
M204 S3000
M205 X10 Y10
G0 F3000 X96.488 Y181.228
M204 S1800
M205 X8 Y8
G1 F1500 X123.595 Y208.334 E342.09494
M204 S3000
M205 X10 Y10
G0 F3000 X122.803 Y208.335
M204 S1800
M205 X8 Y8
G1 F1500 X95.507 Y181.039 E343.89243
G1 X95.437 Y180.969
M204 S3000
M205 X10 Y10
G0 F3000 X96.904 Y179.992
G0 X101.058 Y177.087
M204 S1800
M205 X8 Y8
G1 F1500 X106.656 Y182.684 E344.26104
G1 X106.726 Y182.754
M204 S3000
M205 X10 Y10
G0 F3000 X112.417 Y191.613
M204 S1800
M205 X8 Y8
G1 F1500 X127.494 Y206.69 E345.25388
M204 S3000
M205 X10 Y10
G0 F3000 X127.494 Y205.898
M204 S1800
M205 X8 Y8
G1 F1500 X125.215 Y203.619 E345.40396
M204 S3000
M205 X10 Y10
G0 F3000 X126.123 Y203.735
M204 S1800
M205 X8 Y8
G1 F1500 X127.494 Y205.106 E345.49424
M204 S3000
M205 X10 Y10
G0 F3000 X127.494 Y204.314
M204 S1800
M205 X8 Y8
G1 F1500 X126.862 Y203.682 E345.53586
M204 S3000
M205 X10 Y10
G0 F3000 X122.615 Y201.019
M204 S1800
M205 X8 Y8
G1 F1500 X113.265 Y191.669 E346.15157
M204 S3000
M205 X10 Y10
G0 F3000 X114.057 Y191.669
M204 S1800
M205 X8 Y8
G1 F1500 X122.472 Y200.084 E346.70572
M204 S3000
M205 X10 Y10
G0 F3000 X122.521 Y199.341
M204 S1800
M205 X8 Y8
G1 F1500 X114.849 Y191.669 E347.21093
M204 S3000
M205 X10 Y10
G0 F3000 X115.642 Y191.67
M204 S1800
M205 X8 Y8
G1 F1500 X122.69 Y198.718 E347.67505
M204 S3000
M205 X10 Y10
G0 F3000 X122.935 Y198.171
M204 S1800
M205 X8 Y8
G1 F1500 X116.434 Y191.67 E348.10315
M204 S3000
M205 X10 Y10
G0 F3000 X117.226 Y191.671
M204 S1800
M205 X8 Y8
G1 F1500 X123.25 Y197.695 E348.49985
M204 S3000
M205 X10 Y10
G0 F3000 X123.63 Y197.282
M204 S1800
M205 X8 Y8
G1 F1500 X118.018 Y191.671 E348.86937
M204 S3000
M205 X10 Y10
G0 F3000 X118.81 Y191.671
M204 S1800
M205 X8 Y8
G1 F1500 X124.062 Y196.922 E349.21519
M204 S3000
M205 X10 Y10
G0 F3000 X124.567 Y196.635
M204 S1800
M205 X8 Y8
G1 F1500 X119.603 Y191.671 E349.54208
M204 S3000
M205 X10 Y10
G0 F3000 X120.395 Y191.671
M204 S1800
M205 X8 Y8
G1 F1500 X125.127 Y196.403 E349.85369
M204 S3000
M205 X10 Y10
G0 F3000 X125.781 Y196.265
M204 S1800
M205 X8 Y8
G1 F1500 X121.187 Y191.671 E350.15621
M204 S3000
M205 X10 Y10
G0 F3000 X121.98 Y191.672
M204 S1800
M205 X8 Y8
G1 F1500 X126.575 Y196.268 E350.45883
M204 S3000
M205 X10 Y10
G0 F3000 X127.494 Y196.394
M204 S1800
M205 X8 Y8
G1 F1500 X122.772 Y191.672 E350.76979
M204 S3000
M205 X10 Y10
G0 F3000 X123.564 Y191.673
M204 S1800
M205 X8 Y8
G1 F1500 X127.494 Y195.602 E351.02855
M204 S3000
M205 X10 Y10
G0 F3000 X127.494 Y194.81
M204 S1800
M205 X8 Y8
G1 F1500 X124.356 Y191.673 E351.23516
M204 S3000
M205 X10 Y10
G0 F3000 X125.148 Y191.673
M204 S1800
M205 X8 Y8
G1 F1500 X127.494 Y194.018 E351.38962
M204 S3000
M205 X10 Y10
G0 F3000 X127.494 Y193.226
M204 S1800
M205 X8 Y8
G1 F1500 X125.941 Y191.674 E351.49185
M204 S3000
M205 X10 Y10
G0 F3000 X126.733 Y191.674
M204 S1800
M205 X8 Y8
G1 F1500 X127.494 Y192.434 E351.54193
M204 S3000
M205 X10 Y10
;MESH:NONMESH
G0 F600 X127.494 Y192.434 Z0.4
G0 F3000 X112.386 Y190.095
G0 X95.46 Y179.297
G0 X94.811 Y178.58
G0 X94.458 Y177.568
G0 X94.866 Y177.519
;TIME_ELAPSED:299.903275
;LAYER:1
M204 S1800
M205 X8 Y8
;TYPE:WALL-OUTER
;MESH:14_4_1.stl
G1 F2250 X94.902 Y177.161 E351.5539
G1 X95.062 Y176.653 E351.57161
G1 X95.266 Y176.349 E351.58379
G1 X95.631 Y175.985 E351.60093
G1 X95.959 Y175.808 E351.61333
G1 X96.453 Y175.653 E351.63055
G1 X96.825 Y175.648 E351.64292
G1 X97.337 Y175.743 E351.66024
G1 X97.666 Y175.911 E351.67253
G1 X98.071 Y176.23 E351.68968
G1 X98.288 Y176.534 E351.7021
G1 X98.5 Y177.007 E351.71934
G1 X98.549 Y177.372 E351.73159
G1 X98.516 Y177.905 E351.74935
G1 X98.389 Y178.24 E351.76127
G1 X98.108 Y178.699 E351.77917
G1 X97.827 Y178.945 E351.79159
G1 X97.385 Y179.209 E351.80871
G1 X97.031 Y179.293 E351.82081
G1 X96.508 Y179.322 E351.83824
G1 X96.16 Y179.235 E351.85017
G1 X95.694 Y179.026 E351.86715
G1 X95.345 Y178.697 E351.88311
G1 X95.065 Y178.324 E351.89862
G1 X94.948 Y177.974 E351.91089
G1 X94.866 Y177.519 E351.92627
M204 S3000
M205 X10 Y10
G0 F4500 X94.886 Y177.32
G0 X94.376 Y177.256
G0 X94.533 Y178.185
G0 X95.11 Y179.118
G0 X112.539 Y190.565
G0 X112.989 Y190.123
M204 S1800
M205 X8 Y8
G1 F2250 X112.852 Y190.05 E351.93143
G1 X112.618 Y189.417 E351.95388
G1 X112.314 Y188.638 E351.98169
G1 X111.324 Y186.356 E352.06443
G1 X110.984 Y185.736 E352.08794
G1 X109.702 Y183.475 E352.17439
G1 X109.326 Y182.931 E352.19639
G1 X107.784 Y180.786 E352.28425
G1 X107.456 Y180.405 E352.30097
G1 X105.589 Y178.319 E352.39408
G1 X104.907 Y177.692 E352.4249
G1 X103.142 Y176.102 E352.50391
G1 X102.398 Y175.553 E352.53466
G1 X100.472 Y174.161 E352.6137
G1 X99.753 Y173.739 E352.64143
G1 X97.607 Y172.512 E352.72365
G1 X96.646 Y172.084 E352.75864
G1 X94.582 Y171.182 E352.83356
G1 X93.953 Y170.976 E352.85557
G1 X91.422 Y170.179 E352.94383
G1 X90.683 Y170.027 E352.96892
G1 X88.195 Y169.528 E353.05332
G1 X86.808 Y169.396 E353.09966
G1 X84.908 Y169.225 E353.16311
G1 X81.941 Y169.267 E353.2618
G1 X81.267 Y169.309 E353.28426
G1 X78.329 Y169.677 E353.38274
G1 X75.722 Y170.285 E353.47178
G1 X75.124 Y170.426 E353.49222
G1 X71.995 Y171.519 E353.60245
G1 X69.008 Y172.94 E353.71247
G1 X66.196 Y174.668 E353.82225
G1 X63.583 Y176.692 E353.93218
G1 X61.203 Y178.981 E354.04201
G1 X59.078 Y181.514 E354.15197
G1 X57.241 Y184.259 E354.26183
G1 X55.708 Y187.184 E354.37167
G1 X54.491 Y190.27 E354.482
G1 X53.621 Y193.442 E354.5914
G1 X53.091 Y196.704 E354.70132
G1 X52.915 Y200.002 E354.81117
G1 X53.085 Y203.184 E354.91715
G1 X53.237 Y204.19 E354.95099
G1 X53.622 Y206.559 E355.03082
G1 X54.402 Y209.402 E355.12887
G1 X54.618 Y210.047 E355.15149
G1 X55.709 Y212.817 E355.25051
G1 X57.242 Y215.742 E355.36035
G1 X59.079 Y218.487 E355.47021
G1 X61.204 Y221.02 E355.58018
G1 X63.584 Y223.309 E355.69
G1 X66.197 Y225.333 E355.79994
G1 X69.009 Y227.061 E355.90971
G1 X71.996 Y228.482 E356.01973
G1 X75.125 Y229.579 E356.13001
G1 X78.33 Y230.324 E356.23945
G1 X81.269 Y230.691 E356.33796
G1 X81.943 Y230.733 E356.36042
G1 X84.584 Y230.776 E356.44827
G1 X85.228 Y230.746 E356.46972
G1 X87.876 Y230.507 E356.55815
G1 X88.511 Y230.408 E356.57952
G1 X91.1 Y229.888 E356.66735
G1 X91.652 Y229.746 E356.68631
G1 X94.176 Y228.954 E356.77429
G1 X94.692 Y228.768 E356.79254
G1 X97.268 Y227.644 E356.88602
G1 X97.928 Y227.303 E356.91073
G1 X100.152 Y226.033 E356.99591
G1 X100.856 Y225.559 E357.02413
G1 X102.854 Y224.115 E357.10613
G1 X103.927 Y223.189 E357.15327
G1 X105.304 Y221.949 E357.2149
G1 X105.724 Y221.528 E357.23468
G1 X107.533 Y219.51 E357.32482
G1 X107.962 Y218.968 E357.34781
G1 X109.484 Y216.847 E357.43464
G1 X109.849 Y216.266 E357.45746
G1 X111.139 Y213.99 E357.54447
G1 X111.447 Y213.361 E357.56777
G1 X112.481 Y210.975 E357.65426
G1 X112.822 Y210.038 E357.68742
G1 X112.94 Y209.927 E357.69281
G1 X113.008 Y209.916 E357.6951
G1 X122.127 Y209.916 E357.9984
G1 X129.514 Y209.871 E358.2441
G1 X129.514 Y190.13 E358.90068
G1 X112.989 Y190.123 E359.45031
M204 S3000
M205 X10 Y10
G0 F4500 X112.852 Y190.05
G0 X112.837 Y190.008
G0 X112.339 Y190.167
G0 X123.859 Y200.097
G0 X124.366 Y200.036
M204 S1800
M205 X8 Y8
G1 F2250 X124.402 Y199.679 E359.46224
G1 X124.572 Y199.143 E359.48094
G1 X124.767 Y198.864 E359.49227
G1 X125.137 Y198.498 E359.50958
G1 X125.474 Y198.317 E359.5223
G1 X125.953 Y198.169 E359.53897
G1 X126.325 Y198.165 E359.55135
G1 X126.837 Y198.259 E359.56866
G1 X127.166 Y198.428 E359.58096
G1 X127.574 Y198.749 E359.59823
G1 X127.787 Y199.048 E359.61044
G1 F2255.6 X127.999 Y199.524 E359.62773
G1 X128.049 Y199.889 E359.63995
G1 F2250 X128.015 Y200.429 E359.65795
G1 X127.889 Y200.756 E359.6696
G1 X127.619 Y201.2 E359.68689
G1 X127.346 Y201.45 E359.6992
G1 X126.904 Y201.716 E359.71636
G1 X126.531 Y201.81 E359.72915
G1 X126.025 Y201.839 E359.74601
G1 X125.659 Y201.752 E359.75852
G1 X125.194 Y201.542 E359.77549
G1 X124.912 Y201.3 E359.78785
G1 X124.594 Y200.893 E359.80503
G1 X124.458 Y200.552 E359.81724
G1 X124.366 Y200.036 E359.83467
M204 S3000
M205 X10 Y10
G0 F4500 X124.386 Y199.837
G0 X123.876 Y199.773
G0 X95.109 Y220.881
G0 X94.613 Y221.637
G0 X94.359 Y222.614
G0 X94.866 Y222.553
M204 S1800
M205 X8 Y8
G1 F2250 X94.902 Y222.196 E359.8466
G1 X95.068 Y221.668 E359.86501
G1 X95.266 Y221.382 E359.87658
G1 X95.651 Y221 E359.89462
G1 X95.959 Y220.841 E359.90615
G1 X96.472 Y220.682 E359.92401
G1 X96.825 Y220.682 E359.93575
G1 X97.352 Y220.779 E359.95358
G1 X97.666 Y220.945 E359.96539
G1 X98.091 Y221.281 E359.98341
G1 X98.287 Y221.565 E359.99489
G1 X98.5 Y222.041 E360.01223
G1 X98.549 Y222.406 E360.02448
G1 X98.517 Y222.924 E360.04174
G1 X98.389 Y223.274 E360.05414
G1 X98.106 Y223.735 E360.07213
G1 X97.845 Y223.967 E360.08374
G1 X97.4 Y224.235 E360.10102
G1 X97.044 Y224.325 E360.11323
G1 X96.517 Y224.356 E360.13079
G1 X96.16 Y224.268 E360.14302
G1 X95.694 Y224.059 E360.16001
G1 X95.412 Y223.816 E360.17239
G1 X95.094 Y223.409 E360.18957
G1 X94.958 Y223.068 E360.20178
G1 X94.866 Y222.553 E360.21918
M204 S3000
M205 X10 Y10
G0 F4500 X94.886 Y222.354
G0 X94.376 Y222.29
G0 X77.339 Y205.083
G0 X76.367 Y203.537
G0 X75.827 Y201.986
G0 X75.509 Y200.081
G0 X76.015 Y200.025
M204 S1800
M205 X8 Y8
G1 F2250 X76.133 Y198.922 E360.25607
G1 X76.204 Y198.295 E360.27706
G1 X76.489 Y197.474 E360.30597
G1 X76.776 Y196.657 E360.33477
G1 X76.984 Y196.323 E360.34785
G1 X77.685 Y195.208 E360.39166
G1 X77.836 Y195.054 E360.39883
G1 X78.915 Y193.976 E360.44956
G1 X80.355 Y193.072 E360.50611
G1 X80.393 Y193.054 E360.50751
G1 X82 Y192.493 E360.56412
G1 X83.691 Y192.301 E360.62073
G1 X84.21 Y192.354 E360.63808
G1 X85.421 Y192.491 E360.67862
G1 X87.04 Y193.056 E360.73565
G1 X87.901 Y193.591 E360.76936
G1 X88.508 Y193.973 E360.79322
G1 X89.126 Y194.588 E360.82222
G1 X89.732 Y195.196 E360.85077
G1 X90.216 Y195.963 E360.88093
G1 X90.651 Y196.657 E360.90817
G1 X91.222 Y198.289 E360.96568
G1 X91.414 Y199.999 E361.02291
G1 X91.319 Y200.855 E361.05156
G1 X91.222 Y201.711 E361.08021
G1 X90.656 Y203.332 E361.13732
G1 X90.076 Y204.26 E361.17372
G1 X89.74 Y204.794 E361.1947
G1 X89.127 Y205.411 E361.22363
G1 X88.517 Y206.02 E361.2523
G1 X87.721 Y206.521 E361.28358
G1 X87.054 Y206.938 E361.30974
G1 X85.441 Y207.504 E361.3666
G1 X84.571 Y207.605 E361.39573
G1 X83.715 Y207.701 E361.42438
G1 X82.021 Y207.511 E361.48107
G1 X81.979 Y207.501 E361.48251
G1 X80.374 Y206.938 E361.53908
G1 X80.353 Y206.927 E361.53987
G1 X78.915 Y206.024 E361.59635
G1 X77.706 Y204.816 E361.65319
G1 X77.678 Y204.781 E361.65468
G1 X76.775 Y203.341 E361.71121
G1 X76.205 Y201.71 E361.76868
G1 X76.015 Y200.025 E361.82508
M204 S3000
M205 X10 Y10
G0 F4500 X76.036 Y199.827
G0 X75.526 Y199.769
G0 X57.829 Y202.288
G0 X56.753 Y202.081
G0 X55.897 Y201.395
G0 X55.359 Y200.097
G0 X55.866 Y200.036
M204 S1800
M205 X8 Y8
G1 F2250 X55.902 Y199.678 E361.83704
G1 X56.062 Y199.17 E361.85476
G1 X56.267 Y198.864 E361.86701
G1 X56.642 Y198.493 E361.88455
G1 X56.974 Y198.317 E361.89705
G1 X57.453 Y198.169 E361.91373
G1 X57.825 Y198.165 E361.9261
G1 X58.337 Y198.259 E361.94341
G1 X58.666 Y198.428 E361.95572
G1 X59.09 Y198.763 E361.97369
G1 X59.287 Y199.048 E361.98521
G1 X59.506 Y199.538 E362.00306
G1 X59.549 Y199.889 E362.01483
G1 X59.515 Y200.427 E362.03276
G1 X59.389 Y200.757 E362.0445
G1 X59.109 Y201.214 E362.06233
G1 X58.846 Y201.45 E362.07408
G1 X58.388 Y201.725 E362.09185
G1 X58.031 Y201.81 E362.10406
G1 X57.508 Y201.839 E362.12148
G1 X57.159 Y201.752 E362.13344
G1 X56.694 Y201.542 E362.15041
G1 X56.412 Y201.3 E362.16277
G1 X56.094 Y200.893 E362.17995
G1 X55.958 Y200.552 E362.19216
G1 X55.866 Y200.036 E362.20959
M204 S3000
M205 X10 Y10
G0 F4500 X55.886 Y199.837
G0 X55.472 Y200.106
M204 S1800
M205 X8 Y8
;TYPE:WALL-INNER
G1 F2250 X55.496 Y199.67 E362.22412
G1 X55.68 Y199.05 E362.24563
G1 X55.915 Y198.664 E362.26066
G1 X56.355 Y198.214 E362.28159
G1 X56.759 Y197.975 E362.2972
G1 X57.335 Y197.787 E362.31735
G1 X57.791 Y197.762 E362.33254
G1 X58.409 Y197.865 E362.35338
G1 X58.826 Y198.057 E362.36865
G1 X59.322 Y198.435 E362.38939
G1 X59.627 Y198.833 E362.40607
G1 X59.865 Y199.36 E362.4253
G1 X59.949 Y199.865 E362.44233
G1 X59.916 Y200.432 E362.46122
G1 X59.758 Y200.916 E362.47815
G1 X59.461 Y201.408 E362.49727
G1 X59.083 Y201.772 E362.51472
G1 X58.61 Y202.059 E362.53312
G1 X58.157 Y202.195 E362.54886
G1 X57.548 Y202.239 E362.56916
G1 X57.091 Y202.151 E362.58464
G1 X56.529 Y201.907 E362.60502
G1 X56.172 Y201.626 E362.62013
G1 X55.779 Y201.139 E362.64095
G1 X55.57 Y200.651 E362.6586
G1 X55.472 Y200.106 E362.67702
M204 S3000
M205 X10 Y10
G0 F4500 X55.362 Y200.119
G0 X55.673 Y201.071
G0 X56.402 Y201.895
G0 X57.434 Y202.288
G0 X75.508 Y200.081
G0 X75.617 Y200.069
M204 S1800
M205 X8 Y8
G1 F2250 X75.667 Y199.486 E362.69648
G1 X75.804 Y198.267 E362.73728
G1 X76.111 Y197.342 E362.7697
G1 X76.406 Y196.503 E362.79928
G1 X76.645 Y196.11 E362.81458
G1 X77.349 Y194.992 E362.85852
G1 X77.553 Y194.771 E362.86852
G1 X78.634 Y193.69 E362.91937
G1 X78.719 Y193.626 E362.92291
G1 X80.157 Y192.725 E362.97935
G1 X80.261 Y192.676 E362.98317
G1 X81.857 Y192.118 E363.03941
G1 X81.978 Y192.091 E363.04353
G1 X83.681 Y191.9 E363.10053
G1 X84.255 Y191.956 E363.11971
G1 X85.449 Y192.091 E363.15967
G1 X86.423 Y192.416 E363.19383
G1 X87.185 Y192.683 E363.22068
G1 X88.113 Y193.252 E363.25689
G1 X88.712 Y193.628 E363.28041
G1 X89.409 Y194.306 E363.31275
G1 X90.021 Y194.919 E363.34156
G1 X90.555 Y195.75 E363.37441
G1 X90.995 Y196.451 E363.40194
G1 X91.366 Y197.487 E363.43854
G1 X91.603 Y198.169 E363.46256
G1 X91.716 Y199.097 E363.49365
G1 X91.814 Y199.965 E363.5227
G1 X91.717 Y200.9 E363.55397
G1 X91.618 Y201.766 E363.58296
G1 X91.404 Y202.407 E363.60543
G1 X91.023 Y203.491 E363.64365
G1 X90.415 Y204.473 E363.68207
G1 X90.088 Y204.994 E363.70252
G1 X89.41 Y205.693 E363.73491
G1 X88.793 Y206.309 E363.76391
G1 X87.933 Y206.86 E363.79788
G1 X87.286 Y207.266 E363.82329
G1 X86.492 Y207.56 E363.85145
G1 X85.559 Y207.886 E363.88432
G1 X84.616 Y208.002 E363.91592
G1 X83.743 Y208.1 E363.94514
G1 X83.614 Y208.094 E363.94943
G1 X81.959 Y207.906 E364.00483
G1 X81.847 Y207.879 E364.00867
G1 X80.252 Y207.321 E364.06487
G1 X80.141 Y207.266 E364.06899
G1 X78.689 Y206.354 E364.12602
G1 X78.613 Y206.29 E364.12932
G1 X77.423 Y205.099 E364.18532
G1 X77.339 Y204.994 E364.18979
G1 X76.431 Y203.546 E364.24664
G1 X76.128 Y202.703 E364.27643
G1 X75.826 Y201.84 E364.30684
G1 X75.711 Y200.901 E364.33831
G1 X75.617 Y200.069 E364.36616
M204 S3000
M205 X10 Y10
G0 F4500 X75.508 Y200.081
G0 X75.766 Y198.187
G0 X76.367 Y196.463
G0 X77.241 Y195.072
G0 X94.362 Y177.602
G0 X94.472 Y177.589
M204 S1800
M205 X8 Y8
G1 F2250 X94.505 Y177.099 E364.38249
G1 X94.654 Y176.615 E364.39934
G1 X94.76 Y176.371 E364.40818
G1 X94.984 Y176.066 E364.42077
G1 X95.349 Y175.702 E364.43791
G1 X95.742 Y175.466 E364.45316
G1 X96.333 Y175.271 E364.47386
G1 X96.807 Y175.245 E364.48965
G1 X97.41 Y175.35 E364.51001
G1 X97.841 Y175.547 E364.52577
G1 X98.319 Y175.916 E364.54585
G1 X98.599 Y176.273 E364.56094
G1 X98.865 Y176.843 E364.58186
G1 X98.946 Y177.288 E364.59691
G1 X98.918 Y177.897 E364.61719
G1 X98.779 Y178.35 E364.63295
G1 X98.461 Y178.891 E364.65382
G1 X98.096 Y179.248 E364.6708
G1 X97.609 Y179.542 E364.68972
G1 X97.109 Y179.687 E364.70703
G1 X96.548 Y179.722 E364.72573
G1 X96.05 Y179.621 E364.74263
G1 X95.53 Y179.391 E364.76154
G1 X95.131 Y179.069 E364.7786
G1 X94.779 Y178.622 E364.79752
G1 X94.571 Y178.141 E364.81495
G1 X94.472 Y177.589 E364.8336
M204 S3000
M205 X10 Y10
G0 F4500 X94.362 Y177.602
G0 X94.673 Y178.554
G0 X95.402 Y179.379
G0 X112.539 Y190.565
G0 X113.008 Y190.524
M204 S1800
M205 X8 Y8
G1 F2250 X112.741 Y190.461 E364.84273
G1 X112.518 Y190.271 E364.85247
G1 X112.24 Y189.549 E364.8782
G1 X111.947 Y188.797 E364.90505
G1 X110.964 Y186.53 E364.98723
G1 X110.636 Y185.933 E365.00989
G1 X109.362 Y183.686 E365.0958
G1 X109.001 Y183.165 E365.11688
G1 X107.468 Y181.032 E365.20425
G1 X106.7 Y180.161 E365.24287
G1 X105.302 Y178.598 E365.31261
G1 X104.639 Y177.989 E365.34256
G1 X102.886 Y176.41 E365.42103
G1 X102.164 Y175.877 E365.45088
G1 X100.251 Y174.495 E365.52937
G1 X99.554 Y174.086 E365.55625
G1 X97.423 Y172.868 E365.63789
G1 X96.486 Y172.45 E365.67201
G1 X94.438 Y171.556 E365.74633
G1 X93.833 Y171.358 E365.76751
G1 X91.32 Y170.566 E365.85514
G1 X90.605 Y170.419 E365.87942
G1 X88.134 Y169.924 E365.96324
G1 X86.772 Y169.794 E366.00875
G1 X84.893 Y169.625 E366.07149
G1 X81.947 Y169.667 E366.16949
G1 X81.311 Y169.707 E366.19068
G1 X78.399 Y170.071 E366.28829
G1 X75.236 Y170.811 E366.39633
G1 X72.147 Y171.889 E366.50515
G1 X69.199 Y173.292 E366.61374
G1 X66.424 Y174.998 E366.72208
G1 X63.845 Y176.995 E366.83057
G1 X61.496 Y179.255 E366.93899
G1 X59.398 Y181.754 E367.04751
G1 X57.585 Y184.464 E367.15596
G1 X56.072 Y187.351 E367.26437
G1 X54.871 Y190.396 E367.37324
G1 X54.013 Y193.527 E367.48121
G1 X53.489 Y196.747 E367.58972
G1 X53.316 Y200.002 E367.69813
G1 X53.394 Y201.473 E367.74713
G1 X53.49 Y203.254 E367.80645
G1 X54.014 Y206.473 E367.91492
G1 X54.283 Y207.458 E367.94889
G1 X54.874 Y209.605 E368.02295
G1 X56.073 Y212.651 E368.13183
G1 X57.586 Y215.538 E368.24024
G1 X59.399 Y218.247 E368.34866
G1 X61.497 Y220.746 E368.45718
G1 X63.846 Y223.006 E368.5656
G1 X66.425 Y225.003 E368.67408
G1 X69.2 Y226.709 E368.78243
G1 X72.148 Y228.112 E368.89102
G1 X75.237 Y229.194 E368.99988
G1 X78.4 Y229.93 E369.10789
G1 X81.209 Y230.28 E369.20204
G1 X81.949 Y230.333 E369.22672
G1 X84.583 Y230.376 E369.31433
G1 X85.192 Y230.348 E369.33461
G1 X87.832 Y230.109 E369.42278
G1 X88.433 Y230.016 E369.443
G1 X91.014 Y229.497 E369.53057
G1 X91.532 Y229.364 E369.54836
G1 X94.086 Y228.562 E369.63739
G1 X94.744 Y228.308 E369.66085
G1 X97.1 Y227.281 E369.74633
G1 X97.73 Y226.955 E369.76993
G1 X99.131 Y226.155 E369.82358
G1 X99.944 Y225.691 E369.85472
G1 X100.622 Y225.235 E369.8819
G1 X102.612 Y223.797 E369.96356
G1 X103.659 Y222.892 E370.00958
G1 X105.032 Y221.655 E370.07105
G1 X105.426 Y221.261 E370.08958
G1 X107.232 Y219.247 E370.17956
G1 X107.637 Y218.734 E370.2013
G1 X109.156 Y216.618 E370.28793
G1 X109.501 Y216.069 E370.3095
G1 X110.826 Y213.728 E370.39897
G1 X111.08 Y213.202 E370.41839
G1 X112.109 Y210.827 E370.50448
G1 X112.453 Y209.883 E370.5379
G1 X112.619 Y209.658 E370.5472
G1 X112.882 Y209.529 E370.55694
G1 X113.008 Y209.516 E370.56115
G1 X122.125 Y209.516 E370.86439
G1 X129.114 Y209.473 E371.09685
G1 X129.114 Y201.022 E371.37793
G1 F1898.7 X129.04 Y200.453 E371.40054
G1 F1666.7 X129.048 Y199.876 E371.42645
G1 F1660.5 X129.038 Y199.494 E371.44368
G1 F1818.2 X129.095 Y199.201 E371.45596
G1 F2148 X129.114 Y198.679 E371.47416
G1 F2250 X129.114 Y190.53 E371.7452
G1 X113.008 Y190.524 E372.28088
M204 S3000
M205 X10 Y10
G0 F4500 X113.007 Y190.633
G0 X123.862 Y200.119
G0 X123.972 Y200.106
M204 S1800
M205 X8 Y8
G1 F2250 X124.005 Y199.616 E372.29722
G1 X124.18 Y199.05 E372.31692
G1 X124.415 Y198.664 E372.33195
G1 X124.856 Y198.214 E372.35291
G1 X125.259 Y197.975 E372.36849
G1 X125.835 Y197.787 E372.38865
G1 X126.291 Y197.762 E372.40384
G1 X126.909 Y197.865 E372.42467
G1 X127.326 Y198.057 E372.43994
G1 X127.821 Y198.435 E372.46066
G1 X128.098 Y198.789 E372.47561
G1 F2148 X128.382 Y199.353 E372.49761
G1 F1818.2 X128.489 Y199.526 E372.50598
G1 F1660.5 X128.515 Y199.918 E372.52369
G1 F1663.6 X128.491 Y200.436 E372.54701
G1 F1898.7 X128.23 Y200.964 E372.57023
G1 F2250 X127.961 Y201.408 E372.58749
G1 X127.641 Y201.727 E372.60252
G1 X127.11 Y202.058 E372.62333
G1 X126.657 Y202.195 E372.63907
G1 X126.048 Y202.238 E372.65938
G1 X125.591 Y202.151 E372.67485
G1 X125.03 Y201.906 E372.69521
G1 X124.672 Y201.626 E372.71033
G1 X124.279 Y201.139 E372.73114
G1 X124.076 Y200.675 E372.74799
G1 X123.972 Y200.106 E372.76723
M204 S3000
M205 X10 Y10
G0 F4500 X123.862 Y200.119
G0 X95.405 Y220.619
G0 X94.674 Y221.444
G0 X94.362 Y222.636
G0 X94.472 Y222.623
M204 S1800
M205 X8 Y8
G1 F2250 X94.504 Y222.137 E372.78343
G1 X94.68 Y221.567 E372.80327
G1 X94.94 Y221.147 E372.8197
G1 X95.349 Y220.735 E372.83901
G1 X95.8 Y220.473 E372.85635
G1 X96.334 Y220.305 E372.87497
G1 X96.844 Y220.281 E372.89195
G1 X97.409 Y220.382 E372.91104
G1 X97.866 Y220.596 E372.92783
G1 X98.322 Y220.952 E372.94707
G1 X98.598 Y221.306 E372.962
G1 X98.865 Y221.877 E372.98296
G1 X98.945 Y222.322 E372.998
G1 X98.917 Y222.949 E373.01888
G1 X98.779 Y223.384 E373.03406
G1 X98.514 Y223.837 E373.05151
G1 X98.348 Y224.059 E373.06073
G1 X98.051 Y224.31 E373.07367
G1 X97.609 Y224.575 E373.09081
G1 X97.174 Y224.708 E373.10594
G1 X96.549 Y224.756 E373.12678
G1 X96.089 Y224.666 E373.14237
G1 X95.53 Y224.424 E373.16263
G1 X95.145 Y224.117 E373.17901
G1 X94.779 Y223.655 E373.19862
G1 X94.585 Y223.221 E373.21443
G1 X94.472 Y222.623 E373.23467
M204 S3000
M205 X10 Y10
G0 F4500 X94.078 Y222.693
M204 S1800
M205 X8 Y8
G1 F2250 X94.069 Y222.402 E373.24435
G1 X94.138 Y221.956 E373.25936
G1 X94.304 Y221.43 E373.27771
G1 X94.431 Y221.176 E373.28715
G1 X94.701 Y220.815 E373.30215
G1 X95.083 Y220.435 E373.32007
G1 X95.311 Y220.272 E373.32939
G1 X95.721 Y220.077 E373.34449
G1 X96.262 Y219.909 E373.36333
G1 X96.792 Y219.879 E373.38099
G1 X97.481 Y219.989 E373.40419
G1 X97.771 Y220.09 E373.41441
G1 X98.162 Y220.317 E373.42944
G1 X98.57 Y220.638 E373.44671
G1 X98.773 Y220.855 E373.45659
G1 X99.017 Y221.238 E373.4717
G1 X99.23 Y221.714 E373.48904
G1 X99.342 Y222.275 E373.50807
G1 X99.316 Y222.973 E373.5313
G1 X99.152 Y223.528 E373.55055
G1 X98.855 Y224.046 E373.57041
G1 X98.615 Y224.358 E373.5835
G1 X98.257 Y224.653 E373.59893
G1 X97.815 Y224.918 E373.61607
G1 X97.536 Y225.033 E373.62611
G1 X97.092 Y225.124 E373.64118
G1 X96.573 Y225.155 E373.65848
G1 X96.259 Y225.124 E373.66897
G1 X95.832 Y224.998 E373.68378
G1 X95.366 Y224.789 E373.70076
G1 X94.938 Y224.47 E373.71852
G1 X94.463 Y223.901 E373.74317
G1 X94.318 Y223.644 E373.75299
G1 X94.17 Y223.208 E373.7683
G1 X94.078 Y222.693 E373.7857
M204 S3000
M205 X10 Y10
G0 F4500 X77.339 Y205.083
G0 X76.367 Y203.537
G0 X75.22 Y200.114
M204 S1800
M205 X8 Y8
G1 F2250 X75.27 Y199.441 E373.80815
G1 X75.407 Y198.222 E373.84895
G1 X75.733 Y197.21 E373.88431
G1 X76.021 Y196.39 E373.91321
G1 X76.307 Y195.898 E373.93214
G1 X77.016 Y194.769 E373.97648
G1 X77.27 Y194.489 E373.98906
G1 X78.365 Y193.394 E374.04056
G1 X78.506 Y193.287 E374.04645
G1 X79.955 Y192.379 E374.10332
G1 X80.129 Y192.299 E374.10969
G1 X81.731 Y191.738 E374.16615
G1 X81.933 Y191.694 E374.17303
G1 X83.601 Y191.506 E374.22885
G1 X84.3 Y191.559 E374.25217
G1 X85.494 Y191.694 E374.29214
G1 X86.555 Y192.039 E374.32924
G1 X87.331 Y192.311 E374.35659
G1 X88.326 Y192.913 E374.39527
G1 X88.927 Y193.291 E374.41889
G1 X89.692 Y194.023 E374.4541
G1 X90.315 Y194.648 E374.48345
G1 X90.893 Y195.538 E374.51875
G1 X91.343 Y196.254 E374.54688
G1 X91.544 Y196.781 E374.56564
G1 X91.988 Y198.058 E374.6106
G1 X92.113 Y199.052 E374.64393
G1 X92.208 Y199.885 E374.67181
G1 X92.114 Y200.945 E374.7072
G1 X92.013 Y201.832 E374.7369
G1 X91.782 Y202.539 E374.76164
G1 X91.417 Y203.582 E374.79839
G1 X90.753 Y204.685 E374.84121
G1 X90.426 Y205.206 E374.86167
G1 X89.693 Y205.976 E374.89703
G1 X89.063 Y206.605 E374.92664
G1 X88.146 Y207.199 E374.96298
G1 X87.499 Y207.605 E374.98838
G1 X86.624 Y207.938 E375.01952
G1 X85.678 Y208.268 E375.05284
G1 X84.66 Y208.4 E375.08699
G1 X83.81 Y208.496 E375.11544
G1 X83.569 Y208.491 E375.12345
G1 X81.902 Y208.302 E375.17925
G1 X81.715 Y208.256 E375.18566
G1 X80.114 Y207.696 E375.24207
G1 X79.928 Y207.605 E375.24896
G1 X78.505 Y206.712 E375.30484
G1 X78.33 Y206.572 E375.31229
G1 X77.14 Y205.381 E375.36829
G1 X77.001 Y205.206 E375.37572
G1 X76.082 Y203.741 E375.43324
G1 X75.75 Y202.835 E375.46533
G1 X75.443 Y201.955 E375.49633
G1 X75.314 Y200.946 E375.53016
G1 X75.22 Y200.114 E375.55801
M204 S3000
M205 X10 Y10
G0 F4500 X57.829 Y202.288
G0 X56.753 Y202.081
G0 X55.994 Y201.49
G0 X55.078 Y200.176
M204 S1800
M205 X8 Y8
G1 F2250 X55.068 Y199.885 E375.5677
G1 X55.138 Y199.438 E375.58275
G1 X55.298 Y198.93 E375.60046
G1 X55.586 Y198.436 E375.61948
G1 X56.074 Y197.93 E375.64286
G1 X56.319 Y197.752 E375.65293
G1 X56.738 Y197.553 E375.66836
G1 X57.217 Y197.405 E375.68504
G1 X57.792 Y197.362 E375.70421
G1 X58.481 Y197.472 E375.72742
G1 X58.774 Y197.575 E375.73775
G1 X59.161 Y197.8 E375.75264
G1 X59.569 Y198.121 E375.76991
G1 X59.773 Y198.338 E375.77981
G1 X60.017 Y198.721 E375.79492
G1 X60.23 Y199.197 E375.81226
G1 X60.311 Y199.488 E375.82231
G1 X60.348 Y199.938 E375.83732
G1 X60.315 Y200.46 E375.85472
G1 X60.251 Y200.753 E375.8647
G1 X60.072 Y201.173 E375.87988
G1 X59.788 Y201.639 E375.89803
G1 X59.407 Y202.026 E375.91609
G1 X58.816 Y202.401 E375.93937
G1 X58.529 Y202.518 E375.94968
G1 X58.077 Y202.609 E375.96502
G1 X57.571 Y202.638 E375.98188
G1 X57.262 Y202.608 E375.9922
G1 X56.83 Y202.481 E376.00718
G1 X56.365 Y202.271 E376.02415
G1 X55.907 Y201.926 E376.04322
G1 X55.463 Y201.385 E376.0665
G1 X55.221 Y200.874 E376.0853
G1 X55.078 Y200.176 E376.109
M204 S3000
M205 X10 Y10
G0 F4500 X55.674 Y198.927
G0 X56.348 Y198.154
G0 X94.196 Y178.286
M204 S1800
M205 X8 Y8
G1 F2250 X94.078 Y177.659 E376.13022
G1 X94.069 Y177.368 E376.1399
G1 X94.139 Y176.921 E376.15495
G1 X94.299 Y176.413 E376.17267
G1 X94.431 Y176.143 E376.18266
G1 X94.701 Y175.782 E376.19766
G1 X95.066 Y175.418 E376.2148
G1 X95.557 Y175.111 E376.23406
G1 X96.213 Y174.889 E376.2571
G1 X96.792 Y174.845 E376.27641
G1 X97.483 Y174.956 E376.29969
G1 X98.013 Y175.187 E376.31892
G1 X98.567 Y175.602 E376.34194
G1 X98.891 Y175.993 E376.35883
G1 X99.23 Y176.679 E376.38428
G1 X99.343 Y177.241 E376.40334
G1 X99.317 Y177.922 E376.42601
G1 X99.251 Y178.236 E376.43668
G1 X99.072 Y178.656 E376.45187
G1 X98.803 Y179.099 E376.46911
G1 X98.615 Y179.324 E376.47886
G1 X98.239 Y179.631 E376.495
G1 X97.724 Y179.934 E376.51488
G1 X97.169 Y180.082 E376.53398
G1 X96.571 Y180.121 E376.55391
G1 X96.262 Y180.091 E376.56424
G1 X95.832 Y179.965 E376.57914
G1 X95.366 Y179.756 E376.59613
G1 X95.112 Y179.591 E376.6062
G1 X94.714 Y179.189 E376.62502
G1 X94.41 Y178.792 E376.64165
G1 X94.196 Y178.286 E376.65992
M204 S3000
M205 X10 Y10
G0 F4500 X95.281 Y179.269
G0 X112.133 Y190.41
M204 S1800
M205 X8 Y8
G1 F2250 X111.863 Y189.681 E376.68578
G1 X111.58 Y188.956 E376.71166
G1 X110.603 Y186.704 E376.79331
G1 X110.288 Y186.131 E376.81506
G1 X109.022 Y183.897 E376.90046
G1 X108.676 Y183.398 E376.92066
G1 X107.153 Y181.279 E377.00745
G1 X106.402 Y180.427 E377.04523
G1 X105.015 Y178.878 E377.11438
G1 X104.371 Y178.286 E377.14348
G1 X102.631 Y176.719 E377.22136
G1 X101.929 Y176.201 E377.25038
G1 X100.03 Y174.829 E377.3283
G1 X99.355 Y174.434 E377.35431
G1 X97.239 Y173.224 E377.43538
G1 X96.326 Y172.817 E377.46863
G1 X94.293 Y171.929 E377.54242
G1 X93.713 Y171.739 E377.56271
G1 X91.218 Y170.954 E377.64971
G1 X90.526 Y170.811 E377.67321
G1 X88.072 Y170.32 E377.75645
G1 X86.736 Y170.192 E377.80109
G1 X84.878 Y170.025 E377.86314
G1 X81.953 Y170.067 E377.96043
G1 X81.354 Y170.105 E377.98039
G1 X78.47 Y170.465 E378.07706
G1 X75.904 Y171.064 E378.1647
G1 X75.348 Y171.195 E378.1837
G1 X72.299 Y172.26 E378.29112
G1 X69.391 Y173.644 E378.39823
G1 X66.652 Y175.327 E378.50516
G1 X64.107 Y177.298 E378.61222
G1 X61.788 Y179.528 E378.71923
G1 X59.718 Y181.995 E378.82634
G1 X57.929 Y184.668 E378.93332
G1 X56.436 Y187.517 E379.0403
G1 X55.251 Y190.523 E379.14777
G1 X54.404 Y193.613 E379.25433
G1 X53.888 Y196.79 E379.36138
G1 X53.716 Y200.002 E379.46837
G1 X53.889 Y203.211 E379.57525
G1 X54.405 Y206.388 E379.68231
G1 X55.254 Y209.478 E379.78889
G1 X56.437 Y212.484 E379.89633
G1 X57.93 Y215.333 E380.00331
G1 X58.975 Y216.893 E380.06577
G1 X59.719 Y218.006 E380.11029
G1 X61.789 Y220.473 E380.2174
G1 X64.108 Y222.703 E380.32441
G1 X66.653 Y224.674 E380.43147
G1 X69.392 Y226.357 E380.5384
G1 X72.301 Y227.741 E380.64554
G1 X75.349 Y228.81 E380.75297
G1 X78.47 Y229.536 E380.85955
G1 X81.356 Y229.895 E380.95628
G1 X81.956 Y229.933 E380.97627
G1 X84.582 Y229.976 E381.06363
G1 X85.156 Y229.949 E381.08274
G1 X87.789 Y229.711 E381.17067
G1 X88.354 Y229.624 E381.18968
G1 X90.928 Y229.107 E381.27701
G1 X91.536 Y228.943 E381.29795
G1 X93.961 Y228.182 E381.38248
G1 X94.584 Y227.942 E381.40469
G1 X96.932 Y226.917 E381.4899
G1 X97.532 Y226.607 E381.51236
G1 X98.932 Y225.808 E381.56598
G1 X99.727 Y225.355 E381.59641
G1 X100.388 Y224.91 E381.62291
G1 X102.37 Y223.479 E381.70422
G1 X103.391 Y222.594 E381.74916
G1 X104.761 Y221.361 E381.81047
G1 X105.128 Y220.994 E381.82773
G1 X106.93 Y218.984 E381.91751
G1 X107.312 Y218.501 E381.938
G1 X108.878 Y216.316 E382.02741
G1 X109.153 Y215.871 E382.04481
G1 X110.439 Y213.604 E382.13149
G1 X110.713 Y213.043 E382.15226
G1 X111.737 Y210.679 E382.23794
G1 X112.067 Y209.773 E382.27002
G1 X112.235 Y209.479 E382.28128
G1 X112.514 Y209.245 E382.29339
G1 X112.866 Y209.125 E382.30576
G1 X113.008 Y209.116 E382.31049
G1 X122.122 Y209.116 E382.61362
G1 X128.714 Y209.076 E382.83288
G1 X128.714 Y200.849 E383.10651
G1 X128.572 Y201.172 E383.11824
G1 X128.303 Y201.616 E383.13551
G1 X127.907 Y202.027 E383.15449
G1 X127.316 Y202.401 E383.17776
G1 X126.748 Y202.584 E383.1976
G1 X126.071 Y202.638 E383.22019
G1 X125.762 Y202.608 E383.23052
G1 X125.33 Y202.481 E383.24549
G1 X124.865 Y202.271 E383.26246
G1 X124.614 Y202.109 E383.2724
G1 X124.281 Y201.792 E383.28769
G1 X123.963 Y201.385 E383.30487
G1 X123.818 Y201.127 E383.31471
G1 X123.67 Y200.692 E383.33
G1 X123.578 Y200.176 E383.34743
G1 X123.569 Y199.885 E383.35711
G1 X123.638 Y199.439 E383.37212
G1 X123.798 Y198.93 E383.38987
G1 X123.931 Y198.659 E383.39991
G1 X124.204 Y198.295 E383.41504
G1 X124.574 Y197.93 E383.43233
G1 X124.819 Y197.752 E383.4424
G1 X125.238 Y197.553 E383.45783
G1 X125.717 Y197.405 E383.47451
G1 X126.017 Y197.361 E383.48459
G1 X126.469 Y197.378 E383.49963
G1 X126.981 Y197.472 E383.51695
G1 X127.515 Y197.705 E383.53633
G1 X128.069 Y198.121 E383.55937
G1 X128.427 Y198.561 E383.57824
G1 X128.714 Y199.163 E383.60042
G1 X128.714 Y190.93 E383.87425
G1 X113.008 Y190.924 E384.39663
G1 X112.673 Y190.867 E384.40793
G1 X112.36 Y190.686 E384.41996
G1 X112.133 Y190.41 E384.43185
M204 S3000
M205 X10 Y10
G0 F4500 X111.918 Y190.772
M204 S1800
M205 X8 Y8
;TYPE:SKIN
G1 F1350 X111.694 Y190.344 E384.44791
G1 X111.38 Y189.453 E384.47933
G1 X110.363 Y187.107 E384.56438
G1 X110.137 Y186.641 E384.5816
G1 X108.9 Y184.454 E384.66517
G1 X108.562 Y183.896 E384.68687
G1 X107.084 Y181.833 E384.77128
G1 X106.691 Y181.323 E384.79269
G1 X105.471 Y179.958 E384.85358
G1 X104.623 Y179.031 E384.89537
G1 X102.979 Y177.544 E384.9691
G1 X102.154 Y176.834 E385.0053
G1 X100.982 Y175.987 E385.0534
G1 X100.155 Y175.388 E385.08736
G1 X99.605 Y175.018 E385.10941
G1 F1279.6 X99.16 Y174.788 E385.12699
G1 F1158.8 X98.715 Y174.558 E385.14639
G1 F1111.1 X98.221 Y174.271 E385.16948
G1 X98.146 Y174.231 E385.17292
G1 F1216.2 X98.164 Y174.192 E385.1745
G1 F1350 X97.307 Y173.702 E385.20734
G1 X96.77 Y173.426 E385.22742
G1 X95.717 Y172.968 E385.26561
G1 X95.051 Y172.677 E385.28978
G1 X93.861 Y172.184 E385.33263
G1 X91.109 Y171.316 E385.4286
G1 X90.516 Y171.199 E385.44871
G1 X88.281 Y170.749 E385.52454
G1 X87.745 Y170.667 E385.54257
G1 X84.862 Y170.406 E385.63885
G1 X81.964 Y170.447 E385.73525
G1 X81.392 Y170.484 E385.75431
G1 X79.229 Y170.753 E385.82681
G1 X78.539 Y170.84 E385.84994
G1 X75.996 Y171.435 E385.93681
G1 X75.468 Y171.56 E385.95485
G1 X72.982 Y172.424 E386.04239
G1 X72.446 Y172.612 E386.06128
G1 X71.008 Y173.295 E386.11423
G1 X69.571 Y173.979 E386.16716
G1 X66.87 Y175.641 E386.27264
G1 X64.356 Y177.588 E386.3784
G1 X62.067 Y179.789 E386.48402
G1 X60.022 Y182.225 E386.58981
G1 X58.257 Y184.865 E386.69543
G1 X56.783 Y187.678 E386.80106
G1 X55.61 Y190.658 E386.90757
G1 X54.776 Y193.695 E387.01233
G1 X54.267 Y196.833 E387.11806
G1 X54.168 Y198.681 E387.17961
G1 F1210.8 X54.186 Y199.207 E387.19913
G1 F1097.6 X54.152 Y199.854 E387.22564
G1 X54.145 Y199.988 E387.23113
G1 F1054.7 X54.21 Y200.852 E387.26801
G1 F1158.8 X54.174 Y201.406 E387.28952
G1 F1350 X54.268 Y203.169 E387.34824
G1 X54.777 Y206.305 E387.45391
G1 X55.537 Y209.077 E387.54951
G1 X55.712 Y209.599 E387.56782
G1 X56.784 Y212.324 E387.66522
G1 X58.258 Y215.137 E387.77085
G1 X60.023 Y217.776 E387.87644
G1 X62.068 Y220.212 E387.98223
G1 X64.357 Y222.413 E388.08785
G1 X66.871 Y224.36 E388.19361
G1 X69.572 Y226.022 E388.29909
G1 X72.448 Y227.389 E388.405
G1 X75.454 Y228.443 E388.51095
G1 X78.538 Y229.16 E388.61626
G1 X81.683 Y229.548 E388.72165
G1 X84.853 Y229.594 E388.8271
G1 X88.018 Y229.303 E388.93281
G1 X89.967 Y228.912 E388.99893
G1 X91.134 Y228.67 E389.03857
G1 X93.409 Y227.957 E389.11786
G1 X94.154 Y227.714 E389.14393
G1 X97.041 Y226.446 E389.2488
G1 F1270.6 X97.486 Y226.164 E389.26742
G1 F1134.5 X97.931 Y225.882 E389.28827
G1 F1088.7 X98.71 Y225.447 E389.32507
G1 F1052.6 X99.208 Y225.137 E389.35009
G1 F1153.8 X99.729 Y224.906 E389.37227
G1 F1350 X100.355 Y224.463 E389.39778
G1 X101.651 Y223.527 E389.45095
G1 X102.39 Y222.983 E389.48147
G1 X104.312 Y221.253 E389.56748
G1 X104.744 Y220.851 E389.5871
G1 X106.107 Y219.332 E389.65498
G1 X106.861 Y218.479 E389.69285
G1 X108.464 Y216.241 E389.78441
G1 X108.908 Y215.531 E389.81226
G1 X110.024 Y213.557 E389.88768
G1 X110.457 Y212.676 E389.92033
G1 X111.259 Y210.825 E389.98743
G1 X111.514 Y210.184 E390.01037
G1 X111.793 Y209.458 E390.03624
G1 X112.113 Y209.062 E390.05317
G1 X112.495 Y208.837 E390.06792
G1 X113.006 Y208.74 E390.08522
G1 X122.129 Y208.735 E390.38865
G1 X128.334 Y208.698 E390.59503
G1 X128.334 Y202.152 E390.81276
G1 X127.952 Y202.462 E390.82912
G1 X127.519 Y202.724 E390.84595
G1 X127.106 Y202.89 E390.86076
G1 X126.59 Y202.989 E390.87823
G1 X125.87 Y203.01 E390.90219
G1 X125.201 Y202.836 E390.92518
G1 X124.708 Y202.618 E390.94311
G1 X124.38 Y202.407 E390.95608
G1 X123.999 Y202.045 E390.97356
G1 X123.56 Y201.464 E390.99778
G1 X123.305 Y200.792 E391.02169
G1 X123.185 Y200.036 E391.04715
G1 X123.269 Y199.358 E391.06987
G1 X123.501 Y198.651 E391.09462
G1 X123.912 Y198.051 E391.11881
G1 X124.441 Y197.544 E391.14318
G1 X125.095 Y197.2 E391.16775
G1 X125.812 Y196.997 E391.19254
G1 X126.504 Y197.001 E391.21556
G1 X127.051 Y197.098 E391.23403
G1 X127.466 Y197.246 E391.24869
G1 X127.897 Y197.501 E391.26534
G1 X128.302 Y197.821 E391.28251
G1 X128.331 Y197.846 E391.28378
G1 X128.334 Y197.29 E391.30228
G1 X128.334 Y191.312 E391.50111
G1 X112.99 Y191.304 E392.01145
G1 X112.682 Y191.263 E392.02178
G1 X112.24 Y191.069 E392.03784
G1 X111.918 Y190.772 E392.05241
M204 S3000
M205 X10 Y10
G0 F4500 X97.054 Y180.519
G0 X93.789 Y178.193
M204 S1800
M205 X8 Y8
G1 F1350 X93.685 Y177.488 E392.07611
G1 X93.77 Y176.839 E392.09788
G1 X93.998 Y176.14 E392.12234
G1 X94.27 Y175.709 E392.13929
G1 X94.611 Y175.333 E392.15617
G1 X95.098 Y174.927 E392.17726
G1 X95.592 Y174.684 E392.19557
G1 X96.098 Y174.526 E392.2132
G1 X96.553 Y174.464 E392.22847
G1 X97.051 Y174.489 E392.24506
G1 X97.554 Y174.583 E392.26208
G1 X97.927 Y174.711 E392.27519
G1 F1216.2 X97.943 Y174.67 E392.27682
G1 F1111.1 X98.396 Y174.931 E392.29795
G1 F1221.7 X99.012 Y175.514 E392.32912
G1 F1350 X99.351 Y176.023 E392.34946
G1 X99.575 Y176.519 E392.36756
G1 X99.69 Y176.932 E392.38182
G1 X99.727 Y177.441 E392.39879
G1 X99.697 Y177.944 E392.41555
G1 X99.603 Y178.378 E392.43032
G1 X99.4 Y178.849 E392.44738
G1 X99.127 Y179.297 E392.46483
G1 X98.861 Y179.615 E392.47862
G1 X98.456 Y179.943 E392.49595
G1 X97.784 Y180.318 E392.52155
G1 X97.186 Y180.462 E392.542
G1 X96.681 Y180.495 E392.55884
G1 X96.186 Y180.464 E392.57533
G1 X95.687 Y180.317 E392.59263
G1 X95.085 Y180.038 E392.6147
G1 X94.676 Y179.701 E392.63233
G1 X94.165 Y179.103 E392.65849
G1 X93.959 Y178.735 E392.67252
G1 X93.789 Y178.193 E392.69141
M204 S3000
M205 X10 Y10
G0 F4500 X77.339 Y194.917
G0 X76.465 Y196.308
G0 X74.834 Y199.985
M204 S1800
M205 X8 Y8
G1 F1350 X74.96 Y198.792 E392.73131
G1 X75.067 Y197.978 E392.75862
G1 X75.292 Y197.326 E392.78156
G1 X75.659 Y196.273 E392.81865
G1 X75.993 Y195.684 E392.84117
G1 X76.685 Y194.579 E392.88453
G1 X77.015 Y194.21 E392.901
G1 X78.071 Y193.15 E392.95076
G1 X78.324 Y192.959 E392.96131
G1 X79.739 Y192.066 E393.01696
G1 X79.918 Y191.974 E393.02365
G1 X81.598 Y191.382 E393.0829
G1 X81.797 Y191.329 E393.08975
G1 X83.527 Y191.132 E393.14766
G1 X83.803 Y191.122 E393.15684
G1 X84.944 Y191.249 E393.19503
G1 X85.746 Y191.358 E393.22195
G1 X86.681 Y191.681 E393.25485
G1 X87.565 Y191.999 E393.2861
G1 X88.367 Y192.489 E393.31736
G1 X88.977 Y192.882 E393.34149
G1 X89.298 Y193.096 E393.35432
G1 X90.566 Y194.362 E393.41392
G1 X91.106 Y195.16 E393.44597
G1 X91.454 Y195.719 E393.46787
G1 X91.733 Y196.185 E393.48593
G1 X91.911 Y196.686 E393.50361
G1 X92.103 Y197.233 E393.5229
G1 X92.386 Y198.094 E393.55304
G1 X92.492 Y199.012 E393.58378
G1 X92.593 Y200.053 E393.61856
G1 X92.511 Y200.813 E393.64399
G1 X92.397 Y201.832 E393.67809
G1 X92.253 Y202.331 E393.69536
G1 X91.925 Y203.276 E393.72863
G1 X91.705 Y203.877 E393.74992
G1 X91.074 Y204.892 E393.78967
G1 X90.616 Y205.585 E393.8173
G1 X89.949 Y206.258 E393.84882
G1 X89.208 Y206.978 E393.88318
G1 X88.611 Y207.355 E393.90666
G1 X88.104 Y207.673 E393.92657
G1 X87.44 Y208.052 E393.952
G1 X86.747 Y208.297 E393.97645
G1 X85.636 Y208.669 E394.01541
G1 X85.053 Y208.737 E394.03494
G1 X83.756 Y208.87 E394.0783
G1 X83.547 Y208.869 E394.08525
G1 X81.876 Y208.682 E394.14118
G1 X81.676 Y208.642 E394.14796
G1 X79.971 Y208.048 E394.20801
G1 X79.82 Y207.979 E394.21353
G1 X78.292 Y207.025 E394.27345
G1 X78.102 Y206.881 E394.28138
G1 X76.996 Y205.776 E394.33338
G1 X76.719 Y205.47 E394.3471
G1 X75.985 Y204.305 E394.3929
G1 X75.685 Y203.794 E394.41261
G1 X75.392 Y202.958 E394.44207
G1 X75.042 Y201.906 E394.47895
G1 X74.936 Y200.987 E394.50972
G1 X74.834 Y199.985 E394.54322
M204 S3000
M205 X10 Y10
G0 F4500 X57.828 Y197.713
G0 X56.754 Y197.921
G0 X54.639 Y199.973
M204 S1800
M205 X8 Y8
G1 F1069.3 X54.71 Y199.343 E394.56984
G1 F1176.5 X54.934 Y198.82 E394.59155
G1 F1350 X55.127 Y198.431 E394.606
G1 X55.435 Y198.026 E394.62292
G1 X55.842 Y197.623 E394.64197
G1 X56.383 Y197.291 E394.66308
G1 X57.093 Y197.044 E394.68808
G1 X57.529 Y196.981 E394.70274
G1 X58.041 Y197.005 E394.71978
G1 X58.771 Y197.156 E394.74458
G1 X59.332 Y197.456 E394.76574
G1 X59.804 Y197.821 E394.78558
G1 X60.111 Y198.168 E394.80099
G1 X60.365 Y198.566 E394.8167
G1 X60.668 Y199.318 E394.84366
G1 X60.727 Y199.931 E394.86414
G1 X60.682 Y200.603 E394.88654
G1 X60.47 Y201.233 E394.90865
G1 X60.127 Y201.813 E394.93106
G1 X59.889 Y202.103 E394.94354
G1 X59.466 Y202.454 E394.96182
G1 X58.802 Y202.828 E394.98717
G1 X58.127 Y202.985 E395.01022
G1 X57.593 Y203.018 E395.02802
G1 X57.156 Y202.974 E395.04262
G1 X56.669 Y202.826 E395.05955
G1 X56.21 Y202.62 E395.07629
G1 X55.853 Y202.388 E395.09045
G1 X55.479 Y202.023 E395.10783
G1 X55.146 Y201.593 E395.12592
G1 F1153.8 X54.738 Y200.806 E395.16041
G1 F1050.6 X54.639 Y199.973 E395.19627
M204 S3000
M205 X10 Y10
G0 F4500 X56.402 Y201.895
G0 X93.685 Y222.577
M204 S1800
M205 X8 Y8
G1 F1350 X93.734 Y222.002 E395.21546
G1 X93.91 Y221.416 E395.23581
G1 X94.081 Y221.019 E395.25019
G1 X94.43 Y220.548 E395.26969
G1 X94.817 Y220.166 E395.28777
G1 X95.076 Y219.969 E395.2986
G1 X95.557 Y219.732 E395.31643
G1 X96.114 Y219.555 E395.33587
G1 X96.524 Y219.498 E395.34964
G1 X97.026 Y219.518 E395.36635
G1 X97.825 Y219.697 E395.39358
G1 X98.373 Y220.001 E395.41442
G1 X98.806 Y220.34 E395.43271
G1 X99.062 Y220.605 E395.44497
G1 X99.351 Y221.054 E395.46273
G1 X99.576 Y221.553 E395.48093
G1 X99.686 Y221.943 E395.49441
G1 X99.728 Y222.449 E395.5113
G1 X99.696 Y222.994 E395.52946
G1 X99.514 Y223.646 E395.55197
G1 X99.183 Y224.24 E395.57459
G1 F1153.8 X98.913 Y224.693 E395.59511
G1 F1050.6 X98.503 Y225 E395.617
G1 F1099.8 X97.823 Y225.387 E395.64895
G1 F1213.5 X97.143 Y225.499 E395.67445
G1 F1350 X96.598 Y225.535 E395.69261
G1 X96.15 Y225.49 E395.70759
G1 X95.674 Y225.343 E395.72416
G1 X95.212 Y225.137 E395.74098
G1 X94.855 Y224.905 E395.75514
G1 X94.479 Y224.54 E395.77257
G1 X94.058 Y223.977 E395.79595
G1 X93.854 Y223.449 E395.81478
G1 X93.797 Y223.285 E395.82055
G1 X93.685 Y222.577 E395.8444
M204 S3000
M205 X10 Y10
G0 F4500 X95.109 Y220.881
G0 X112.558 Y209.474
G0 X128.134 Y207.883
M204 S1800
M205 X8 Y8
G1 F1350 X127.514 Y208.502 E395.87353
M204 S3000
M205 X10 Y10
G0 F4500 X126.945 Y208.505
M204 S1800
M205 X8 Y8
G1 F1350 X128.134 Y207.317 E395.92944
M204 S3000
M205 X10 Y10
G0 F4500 X128.134 Y206.751
M204 S1800
M205 X8 Y8
G1 F1350 X126.376 Y208.509 E396.01213
M204 S3000
M205 X10 Y10
G0 F4500 X125.807 Y208.513
M204 S1800
M205 X8 Y8
G1 F1350 X128.134 Y206.185 E396.12161
M204 S3000
M205 X10 Y10
G0 F4500 X128.134 Y205.62
M204 S1800
M205 X8 Y8
G1 F1350 X125.237 Y208.516 E396.25785
M204 S3000
M205 X10 Y10
G0 F4500 X124.668 Y208.52
M204 S1800
M205 X8 Y8
G1 F1350 X128.134 Y205.054 E396.42088
M204 S3000
M205 X10 Y10
G0 F4500 X128.134 Y204.488
M204 S1800
M205 X8 Y8
G1 F1350 X124.099 Y208.523 E396.61067
M204 S3000
M205 X10 Y10
G0 F4500 X123.53 Y208.527
M204 S1800
M205 X8 Y8
G1 F1350 X128.134 Y203.923 E396.82723
M204 S3000
M205 X10 Y10
G0 F4500 X128.134 Y203.357
M204 S1800
M205 X8 Y8
G1 F1350 X122.96 Y208.53 E397.07058
M204 S3000
M205 X10 Y10
G0 F4500 X122.391 Y208.534
M204 S1800
M205 X8 Y8
G1 F1350 X128.134 Y202.791 E397.34071
G1 X128.204 Y202.721
M204 S3000
M205 X10 Y10
G0 F4500 X127.361 Y202.998
M204 S1800
M205 X8 Y8
G1 F1350 X121.823 Y208.536 E397.6012
M204 S3000
M205 X10 Y10
G0 F4500 X121.258 Y208.536
M204 S1800
M205 X8 Y8
G1 F1350 X126.608 Y203.185 E397.85287
M204 S3000
M205 X10 Y10
G0 F4500 X126.027 Y203.201
M204 S1800
M205 X8 Y8
G1 F1350 X120.691 Y208.537 E398.10386
M204 S3000
M205 X10 Y10
G0 F4500 X120.126 Y208.537
M204 S1800
M205 X8 Y8
G1 F1350 X125.531 Y203.131 E398.35812
M204 S3000
M205 X10 Y10
G0 F4500 X125.093 Y203.003
M204 S1800
M205 X8 Y8
G1 F1350 X119.559 Y208.537 E398.61842
M204 S3000
M205 X10 Y10
G0 F4500 X118.994 Y208.537
M204 S1800
M205 X8 Y8
G1 F1350 X124.7 Y202.831 E398.88681
M204 S3000
M205 X10 Y10
G0 F4500 X124.344 Y202.621
M204 S1800
M205 X8 Y8
G1 F1350 X118.427 Y208.538 E399.16513
M204 S3000
M205 X10 Y10
G0 F4500 X117.861 Y208.538
M204 S1800
M205 X8 Y8
G1 F1350 X124.042 Y202.357 E399.45587
M204 S3000
M205 X10 Y10
G0 F4500 X123.764 Y202.069
M204 S1800
M205 X8 Y8
G1 F1350 X117.295 Y208.539 E399.76017
M204 S3000
M205 X10 Y10
G0 F4500 X116.729 Y208.539
M204 S1800
M205 X8 Y8
G1 F1350 X123.528 Y201.74 E400.07998
M204 S3000
M205 X10 Y10
G0 F4500 X123.311 Y201.391
M204 S1800
M205 X8 Y8
G1 F1350 X116.163 Y208.539 E400.4162
M204 S3000
M205 X10 Y10
G0 F4500 X115.597 Y208.539
M204 S1800
M205 X8 Y8
G1 F1350 X123.163 Y200.973 E400.77208
M204 S3000
M205 X10 Y10
G0 F4500 X123.06 Y200.511
M204 S1800
M205 X8 Y8
G1 F1350 X115.031 Y208.54 E401.14974
M204 S3000
M205 X10 Y10
G0 F4500 X114.465 Y208.54
M204 S1800
M205 X8 Y8
G1 F1350 X122.994 Y200.012 E401.55089
M204 S3000
M205 X10 Y10
G0 F4500 X123.071 Y199.368
M204 S1800
M205 X8 Y8
G1 F1350 X113.899 Y208.541 E401.98234
M204 S3000
M205 X10 Y10
G0 F4500 X113.333 Y208.541
M204 S1800
M205 X8 Y8
G1 F1350 X123.346 Y198.528 E402.45332
G1 X123.416 Y198.458
M204 S3000
M205 X10 Y10
G0 F4500 X124.686 Y197.188
M204 S1800
M205 X8 Y8
G1 F1350 X128.133 Y193.741 E402.61546
M204 S3000
M205 X10 Y10
G0 F4500 X128.133 Y194.307
M204 S1800
M205 X8 Y8
G1 F1350 X125.585 Y196.854 E402.73528
M204 S3000
M205 X10 Y10
G0 F4500 X126.209 Y196.797
M204 S1800
M205 X8 Y8
G1 F1350 X128.133 Y194.872 E402.82581
M204 S3000
M205 X10 Y10
G0 F4500 X128.133 Y195.438
M204 S1800
M205 X8 Y8
G1 F1350 X126.732 Y196.839 E402.8917
M204 S3000
M205 X10 Y10
G0 F4500 X127.197 Y196.94
M204 S1800
M205 X8 Y8
G1 F1350 X128.133 Y196.004 E402.93573
M204 S3000
M205 X10 Y10
G0 F4500 X128.133 Y196.57
M204 S1800
M205 X8 Y8
G1 F1350 X127.605 Y197.097 E402.96054
M204 S3000
M205 X10 Y10
G0 F4500 X127.951 Y197.317
M204 S1800
M205 X8 Y8
G1 F1350 X128.133 Y197.135 E402.9691
M204 S3000
M205 X10 Y10
G0 F4500 X128.133 Y193.175
M204 S1800
M205 X8 Y8
G1 F1350 X112.735 Y208.573 E403.69338
G1 X112.665 Y208.643
M204 S3000
M205 X10 Y10
G0 F4500 X111.402 Y209.906
M204 S1800
M205 X8 Y8
G1 F1350 X99.777 Y221.532 E404.24021
M204 S3000
M205 X10 Y10
G0 F4500 X99.607 Y221.136
M204 S1800
M205 X8 Y8
G1 F1350 X128.133 Y192.61 E405.58198
M204 S3000
M205 X10 Y10
G0 F4500 X128.133 Y192.044
M204 S1800
M205 X8 Y8
G1 F1350 X99.406 Y220.771 E406.93321
M204 S3000
M205 X10 Y10
G0 F4500 X99.178 Y220.433
M204 S1800
M205 X8 Y8
G1 F1350 X128.101 Y191.51 E408.29366
M204 S3000
M205 X10 Y10
G0 F4500 X127.535 Y191.51
M204 S1800
M205 X8 Y8
G1 F1350 X98.893 Y220.153 E409.64092
M204 S3000
M205 X10 Y10
G0 F4500 X98.574 Y219.905
M204 S1800
M205 X8 Y8
G1 F1350 X126.97 Y191.51 E410.97655
M204 S3000
M205 X10 Y10
G0 F4500 X126.405 Y191.509
M204 S1800
M205 X8 Y8
G1 F1350 X98.227 Y219.688 E412.30198
M204 S3000
M205 X10 Y10
G0 F4500 X97.845 Y219.503
M204 S1800
M205 X8 Y8
G1 F1350 X125.839 Y191.509 E413.61874
M204 S3000
M205 X10 Y10
G0 F4500 X125.274 Y191.509
M204 S1800
M205 X8 Y8
G1 F1350 X97.389 Y219.394 E414.93036
M204 S3000
M205 X10 Y10
G0 F4500 X96.904 Y219.313
M204 S1800
M205 X8 Y8
G1 F1350 X124.708 Y191.509 E416.23818
M204 S3000
M205 X10 Y10
G0 F4500 X124.143 Y191.509
M204 S1800
M205 X8 Y8
G1 F1350 X96.33 Y219.321 E417.54639
M204 S3000
M205 X10 Y10
G0 F4500 X95.564 Y219.522
M204 S1800
M205 X8 Y8
G1 F1350 X123.578 Y191.508 E418.86408
M204 S3000
M205 X10 Y10
G0 F4500 X123.012 Y191.508
M204 S1800
M205 X8 Y8
G1 F1350 X85.156 Y229.364 E420.64471
M204 S3000
M205 X10 Y10
G0 F4500 X84.565 Y229.389
M204 S1800
M205 X8 Y8
G1 F1350 X122.447 Y191.507 E422.42657
M204 S3000
M205 X10 Y10
G0 F4500 X121.881 Y191.507
M204 S1800
M205 X8 Y8
G1 F1350 X84.008 Y229.381 E424.20802
M204 S3000
M205 X10 Y10
G0 F4500 X83.45 Y229.373
M204 S1800
M205 X8 Y8
G1 F1350 X121.316 Y191.507 E425.98912
M204 S3000
M205 X10 Y10
G0 F4500 X120.751 Y191.507
M204 S1800
M205 X8 Y8
G1 F1350 X82.892 Y229.365 E427.76987
M204 S3000
M205 X10 Y10
G0 F4500 X82.335 Y229.357
M204 S1800
M205 X8 Y8
G1 F1350 X120.185 Y191.507 E429.55022
M204 S3000
M205 X10 Y10
G0 F4500 X119.62 Y191.506
M204 S1800
M205 X8 Y8
G1 F1350 X81.777 Y229.349 E431.33023
M204 S3000
M205 X10 Y10
G0 F4500 X81.266 Y229.294
M204 S1800
M205 X8 Y8
G1 F1350 X119.054 Y191.506 E433.10767
M204 S3000
M205 X10 Y10
G0 F4500 X118.489 Y191.505
M204 S1800
M205 X8 Y8
G1 F1350 X80.762 Y229.232 E434.88223
M204 S3000
M205 X10 Y10
G0 F4500 X80.259 Y229.17
M204 S1800
M205 X8 Y8
G1 F1350 X117.924 Y191.505 E436.65387
M204 S3000
M205 X10 Y10
G0 F4500 X117.358 Y191.505
M204 S1800
M205 X8 Y8
G1 F1350 X79.755 Y229.108 E438.4226
M204 S3000
M205 X10 Y10
G0 F4500 X79.252 Y229.046
M204 S1800
M205 X8 Y8
G1 F1350 X116.793 Y191.505 E440.18842
M204 S3000
M205 X10 Y10
G0 F4500 X116.227 Y191.505
M204 S1800
M205 X8 Y8
G1 F1350 X78.749 Y228.983 E441.95127
M204 S3000
M205 X10 Y10
G0 F4500 X78.273 Y228.893
M204 S1800
M205 X8 Y8
G1 F1350 X115.662 Y191.504 E443.70993
M204 S3000
M205 X10 Y10
G0 F4500 X115.097 Y191.504
M204 S1800
M205 X8 Y8
G1 F1350 X77.814 Y228.786 E445.46359
M204 S3000
M205 X10 Y10
G0 F4500 X77.356 Y228.679
M204 S1800
M205 X8 Y8
G1 F1350 X114.531 Y191.504 E447.21218
M204 S3000
M205 X10 Y10
G0 F4500 X113.966 Y191.503
M204 S1800
M205 X8 Y8
G1 F1350 X76.897 Y228.572 E448.9558
M204 S3000
M205 X10 Y10
G0 F4500 X76.438 Y228.466
M204 S1800
M205 X8 Y8
G1 F1350 X113.4 Y191.503 E450.6944
M204 S3000
M205 X10 Y10
G0 F4500 X112.85 Y191.488
M204 S1800
M205 X8 Y8
G1 F1350 X75.978 Y228.36 E452.42875
M204 S3000
M205 X10 Y10
G0 F4500 X75.519 Y228.253
M204 S1800
M205 X8 Y8
G1 F1350 X112.41 Y191.362 E454.16398
M204 S3000
M205 X10 Y10
G0 F4500 X112.053 Y191.153
M204 S1800
M205 X8 Y8
G1 F1350 X75.1 Y228.106 E455.90214
M204 S3000
M205 X10 Y10
G0 F4500 X74.681 Y227.96
M204 S1800
M205 X8 Y8
G1 F1350 X111.765 Y190.876 E457.64646
M204 S3000
M205 X10 Y10
G0 F4500 X111.549 Y190.526
M204 S1800
M205 X8 Y8
G1 F1350 X74.262 Y227.813 E459.40032
M204 S3000
M205 X10 Y10
G0 F4500 X73.843 Y227.666
M204 S1800
M205 X8 Y8
G1 F1350 X111.401 Y190.109 E461.16691
M204 S3000
M205 X10 Y10
G0 F4500 X111.252 Y189.692
M204 S1800
M205 X8 Y8
G1 F1350 X73.424 Y227.52 E462.94623
M204 S3000
M205 X10 Y10
G0 F4500 X73.005 Y227.373
M204 S1800
M205 X8 Y8
G1 F1350 X111.09 Y189.288 E464.73763
M204 S3000
M205 X10 Y10
G0 F4500 X110.919 Y188.893
M204 S1800
M205 X8 Y8
G1 F1350 X72.587 Y227.225 E466.54065
M204 S3000
M205 X10 Y10
G0 F4500 X72.198 Y227.049
M204 S1800
M205 X8 Y8
G1 F1350 X110.748 Y188.499 E468.35392
M204 S3000
M205 X10 Y10
G0 F4500 X110.577 Y188.104
M204 S1800
M205 X8 Y8
G1 F1350 X71.815 Y226.866 E470.17717
M204 S3000
M205 X10 Y10
G0 F4500 X71.431 Y226.684
M204 S1800
M205 X8 Y8
G1 F1350 X110.406 Y187.709 E472.01043
M204 S3000
M205 X10 Y10
G0 F4500 X110.235 Y187.315
M204 S1800
M205 X8 Y8
G1 F1350 X71.048 Y226.501 E473.85365
M204 S3000
M205 X10 Y10
G0 F4500 X70.664 Y226.32
M204 S1800
M205 X8 Y8
G1 F1350 X110.054 Y186.93 E475.70643
M204 S3000
M205 X10 Y10
G0 F4500 X109.86 Y186.558
M204 S1800
M205 X8 Y8
G1 F1350 X90.899 Y205.519 E476.5983
G1 X90.829 Y205.589
M204 S3000
M205 X10 Y10
G0 F4500 X91.872 Y203.981
M204 S1800
M205 X8 Y8
G1 F1350 X109.655 Y186.197 E477.43478
M204 S3000
M205 X10 Y10
G0 F4500 X109.451 Y185.836
M204 S1800
M205 X8 Y8
G1 F1350 X92.204 Y203.083 E478.24602
G1 X92.134 Y203.153
M204 S3000
M205 X10 Y10
G0 F4500 X92.498 Y202.223
M204 S1800
M205 X8 Y8
G1 F1350 X109.247 Y185.474 E479.03385
M204 S3000
M205 X10 Y10
G0 F4500 X109.042 Y185.113
M204 S1800
M205 X8 Y8
G1 F1350 X92.628 Y201.527 E479.80591
M204 S3000
M205 X10 Y10
G0 F4500 X92.703 Y200.886
M204 S1800
M205 X8 Y8
G1 F1350 X108.839 Y184.751 E480.56488
M204 S3000
M205 X10 Y10
G0 F4500 X108.628 Y184.396
M204 S1800
M205 X8 Y8
G1 F1350 X92.771 Y200.253 E481.31074
M204 S3000
M205 X10 Y10
G0 F4500 X92.758 Y199.7
M204 S1800
M205 X8 Y8
G1 F1350 X108.416 Y184.042 E482.04724
M204 S3000
M205 X10 Y10
G0 F4500 X108.183 Y183.71
M204 S1800
M205 X8 Y8
G1 F1350 X92.709 Y199.184 E482.77509
M204 S3000
M205 X10 Y10
G0 F4500 X92.655 Y198.672
M204 S1800
M205 X8 Y8
G1 F1350 X107.946 Y183.381 E483.49434
M204 S3000
M205 X10 Y10
G0 F4500 X107.71 Y183.051
M204 S1800
M205 X8 Y8
G1 F1350 X92.596 Y198.165 E484.20525
M204 S3000
M205 X10 Y10
G0 F4500 X92.474 Y197.722
M204 S1800
M205 X8 Y8
G1 F1350 X107.474 Y182.722 E484.91081
M204 S3000
M205 X10 Y10
G0 F4500 X107.238 Y182.392
M204 S1800
M205 X8 Y8
G1 F1350 X92.334 Y197.296 E485.61184
M204 S3000
M205 X10 Y10
G0 F4500 X92.189 Y196.875
M204 S1800
M205 X8 Y8
G1 F1350 X107.002 Y182.063 E486.30858
M204 S3000
M205 X10 Y10
G0 F4500 X106.759 Y181.739
M204 S1800
M205 X8 Y8
G1 F1350 X92.041 Y196.458 E487.00089
M204 S3000
M205 X10 Y10
G0 F4500 X91.884 Y196.048
M204 S1800
M205 X8 Y8
G1 F1350 X106.512 Y181.421 E487.68892
M204 S3000
M205 X10 Y10
G0 F4500 X106.244 Y181.123
M204 S1800
M205 X8 Y8
G1 F1350 X91.672 Y195.695 E488.37435
M204 S3000
M205 X10 Y10
G0 F4500 X91.457 Y195.344
M204 S1800
M205 X8 Y8
G1 F1350 X105.978 Y180.824 E489.05735
M204 S3000
M205 X10 Y10
G0 F4500 X105.711 Y180.525
M204 S1800
M205 X8 Y8
G1 F1350 X91.238 Y194.998 E489.73811
M204 S3000
M205 X10 Y10
G0 F4500 X91.019 Y194.651
M204 S1800
M205 X8 Y8
G1 F1350 X105.443 Y180.227 E490.41657
M204 S3000
M205 X10 Y10
G0 F4500 X105.173 Y179.931
M204 S1800
M205 X8 Y8
G1 F1350 X90.786 Y194.319 E491.09332
M204 S3000
M205 X10 Y10
G0 F4500 X90.511 Y194.028
M204 S1800
M205 X8 Y8
G1 F1350 X104.904 Y179.635 E491.77032
M204 S3000
M205 X10 Y10
G0 F4500 X104.634 Y179.339
M204 S1800
M205 X8 Y8
G1 F1350 X90.23 Y193.743 E492.44784
M204 S3000
M205 X10 Y10
G0 F4500 X89.946 Y193.462
M204 S1800
M205 X8 Y8
G1 F1350 X104.353 Y179.054 E493.12552
M204 S3000
M205 X10 Y10
G0 F4500 X104.056 Y178.786
M204 S1800
M205 X8 Y8
G1 F1350 X89.662 Y193.18 E493.80257
M204 S3000
M205 X10 Y10
G0 F4500 X89.374 Y192.902
M204 S1800
M205 X8 Y8
G1 F1350 X103.759 Y178.517 E494.4792
M204 S3000
M205 X10 Y10
G0 F4500 X103.462 Y178.248
M204 S1800
M205 X8 Y8
G1 F1350 X89.031 Y192.68 E495.15801
M204 S3000
M205 X10 Y10
G0 F4500 X88.687 Y192.458
M204 S1800
M205 X8 Y8
G1 F1350 X103.165 Y177.98 E495.83901
M204 S3000
M205 X10 Y10
G0 F4500 X102.867 Y177.712
M204 S1800
M205 X8 Y8
G1 F1350 X88.34 Y192.238 E496.5223
M204 S3000
M205 X10 Y10
G0 F4500 X87.99 Y192.024
M204 S1800
M205 X8 Y8
G1 F1350 X102.563 Y177.45 E497.20779
M204 S3000
M205 X10 Y10
G0 F4500 X102.26 Y177.188
M204 S1800
M205 X8 Y8
G1 F1350 X87.635 Y191.813 E497.8957
M204 S3000
M205 X10 Y10
G0 F4500 X87.218 Y191.664
M204 S1800
M205 X8 Y8
G1 F1350 X101.95 Y176.932 E498.58865
M204 S3000
M205 X10 Y10
G0 F4500 X101.621 Y176.695
M204 S1800
M205 X8 Y8
G1 F1350 X99.723 Y178.593 E498.67793
M204 S3000
M205 X10 Y10
G0 F4500 X99.903 Y177.847
M204 S1800
M205 X8 Y8
G1 F1350 X101.293 Y176.458 E498.74329
M204 S3000
M205 X10 Y10
G0 F4500 X100.964 Y176.221
M204 S1800
M205 X8 Y8
G1 F1350 X99.915 Y177.27 E498.79263
M204 S3000
M205 X10 Y10
G0 F4500 X99.854 Y176.765
M204 S1800
M205 X8 Y8
G1 F1350 X100.635 Y175.984 E498.82936
M204 S3000
M205 X10 Y10
G0 F4500 X100.307 Y175.747
M204 S1800
M205 X8 Y8
G1 F1350 X99.714 Y176.34 E498.85726
M204 S3000
M205 X10 Y10
G0 F4500 X99.537 Y175.951
M204 S1800
M205 X8 Y8
G1 F1350 X99.978 Y175.51 E498.878
M204 S3000
M205 X10 Y10
G0 F4500 X99.636 Y175.286
M204 S1800
M205 X8 Y8
G1 F1350 X99.319 Y175.603 E498.89291
M204 S3000
M205 X10 Y10
G0 F4500 X99.07 Y175.286
M204 S1800
M205 X8 Y8
G1 F1350 X99.286 Y175.07 E498.90307
M204 S3000
M205 X10 Y10
G0 F4500 X98.892 Y174.899
M204 S1800
M205 X8 Y8
G1 F1350 X98.799 Y174.992 E498.90745
M204 S3000
M205 X10 Y10
G0 F4500 X97.852 Y174.242
M204 S1800
M205 X8 Y8
G1 F1350 X97.679 Y174.415 E498.91558
M204 S3000
M205 X10 Y10
G0 F4500 X97.492 Y174.036
M204 S1800
M205 X8 Y8
G1 F1350 X97.21 Y174.318 E498.92885
M204 S3000
M205 X10 Y10
G0 F4500 X97.128 Y173.834
M204 S1800
M205 X8 Y8
G1 F1350 X96.689 Y174.273 E498.9495
M204 S3000
M205 X10 Y10
G0 F4500 X96.067 Y174.33
M204 S1800
M205 X8 Y8
G1 F1350 X96.754 Y173.642 E498.98183
M204 S3000
M205 X10 Y10
G0 F4500 X96.362 Y173.469
M204 S1800
M205 X8 Y8
G1 F1350 X95.166 Y174.665 E499.03809
G1 X95.096 Y174.735
M204 S3000
M205 X10 Y10
G0 F4500 X95.969 Y173.297
M204 S1800
M205 X8 Y8
G1 F1350 X56.986 Y212.279 E500.87171
M204 S3000
M205 X10 Y10
G0 F4500 X57.18 Y212.651
M204 S1800
M205 X8 Y8
G1 F1350 X93.859 Y175.972 E502.59698
G1 X93.929 Y175.902
M204 S3000
M205 X10 Y10
G0 F4500 X93.575 Y176.821
M204 S1800
M205 X8 Y8
G1 F1350 X57.376 Y213.021 E504.29969
M204 S3000
M205 X10 Y10
G0 F4500 X57.57 Y213.392
M204 S1800
M205 X8 Y8
G1 F1350 X76.581 Y194.381 E505.19391
G1 X76.651 Y194.311
M204 S3000
M205 X10 Y10
G0 F4500 X75.617 Y195.911
M204 S1800
M205 X8 Y8
G1 F1350 X57.764 Y213.764 E506.03366
M204 S3000
M205 X10 Y10
G0 F4500 X57.959 Y214.135
M204 S1800
M205 X8 Y8
G1 F1350 X75.246 Y196.847 E506.84681
G1 X75.316 Y196.777
M204 S3000
M205 X10 Y10
G0 F4500 X74.949 Y197.711
M204 S1800
M205 X8 Y8
G1 F1350 X58.153 Y214.506 E507.63682
M204 S3000
M205 X10 Y10
G0 F4500 X58.348 Y214.877
M204 S1800
M205 X8 Y8
G1 F1350 X74.806 Y198.419 E508.41095
M204 S3000
M205 X10 Y10
G0 F4500 X74.729 Y199.062
M204 S1800
M205 X8 Y8
G1 F1350 X58.561 Y215.23 E509.17145
M204 S3000
M205 X10 Y10
G0 F4500 X58.788 Y215.569
M204 S1800
M205 X8 Y8
G1 F1350 X74.661 Y199.696 E509.91806
M204 S3000
M205 X10 Y10
G0 F4500 X74.662 Y200.26
M204 S1800
M205 X8 Y8
G1 F1350 X59.015 Y215.907 E510.65405
M204 S3000
M205 X10 Y10
G0 F4500 X59.241 Y216.247
M204 S1800
M205 X8 Y8
G1 F1350 X74.713 Y200.775 E511.3818
M204 S3000
M205 X10 Y10
G0 F4500 X74.768 Y201.285
M204 S1800
M205 X8 Y8
G1 F1350 X59.468 Y216.586 E512.10149
M204 S3000
M205 X10 Y10
G0 F4500 X59.694 Y216.925
M204 S1800
M205 X8 Y8
G1 F1350 X74.828 Y201.791 E512.81335
M204 S3000
M205 X10 Y10
G0 F4500 X74.943 Y202.242
M204 S1800
M205 X8 Y8
G1 F1350 X59.921 Y217.264 E513.51994
M204 S3000
M205 X10 Y10
G0 F4500 X60.148 Y217.602
M204 S1800
M205 X8 Y8
G1 F1350 X75.084 Y202.666 E514.22248
M204 S3000
M205 X10 Y10
G0 F4500 X75.226 Y203.09
M204 S1800
M205 X8 Y8
G1 F1350 X60.401 Y217.915 E514.91981
M204 S3000
M205 X10 Y10
G0 F4500 X60.659 Y218.223
M204 S1800
M205 X8 Y8
G1 F1350 X75.374 Y203.508 E515.61195
M204 S3000
M205 X10 Y10
G0 F4500 X75.526 Y203.921
M204 S1800
M205 X8 Y8
G1 F1350 X60.917 Y218.53 E516.29912
M204 S3000
M205 X10 Y10
G0 F4500 X61.176 Y218.837
M204 S1800
M205 X8 Y8
G1 F1350 X75.736 Y204.277 E516.98397
M204 S3000
M205 X10 Y10
G0 F4500 X75.952 Y204.627
M204 S1800
M205 X8 Y8
G1 F1350 X61.434 Y219.145 E517.66686
M204 S3000
M205 X10 Y10
G0 F4500 X61.692 Y219.452
M204 S1800
M205 X8 Y8
G1 F1350 X76.171 Y204.973 E518.3479
M204 S3000
M205 X10 Y10
G0 F4500 X76.39 Y205.32
M204 S1800
M205 X8 Y8
G1 F1350 X61.951 Y219.76 E519.02709
M204 S3000
M205 X10 Y10
G0 F4500 X62.209 Y220.067
M204 S1800
M205 X8 Y8
G1 F1350 X76.617 Y205.659 E519.7048
M204 S3000
M205 X10 Y10
G0 F4500 X76.891 Y205.951
M204 S1800
M205 X8 Y8
G1 F1350 X62.496 Y220.346 E520.3819
M204 S3000
M205 X10 Y10
G0 F4500 X62.784 Y220.623
M204 S1800
M205 X8 Y8
G1 F1350 X77.174 Y206.234 E521.05874
M204 S3000
M205 X10 Y10
G0 F4500 X77.457 Y206.516
M204 S1800
M205 X8 Y8
G1 F1350 X63.073 Y220.9 E521.73532
M204 S3000
M205 X10 Y10
G0 F4500 X63.361 Y221.178
M204 S1800
M205 X8 Y8
G1 F1350 X77.741 Y206.798 E522.41171
M204 S3000
M205 X10 Y10
G0 F4500 X78.027 Y207.077
M204 S1800
M205 X8 Y8
G1 F1350 X63.65 Y221.455 E523.08798
M204 S3000
M205 X10 Y10
G0 F4500 X63.938 Y221.732
M204 S1800
M205 X8 Y8
G1 F1350 X78.365 Y207.306 E523.76656
M204 S3000
M205 X10 Y10
G0 F4500 X78.713 Y207.523
M204 S1800
M205 X8 Y8
G1 F1350 X64.226 Y222.01 E524.44798
M204 S3000
M205 X10 Y10
G0 F4500 X64.517 Y222.284
M204 S1800
M205 X8 Y8
G1 F1350 X79.063 Y207.739 E525.13216
M204 S3000
M205 X10 Y10
G0 F4500 X79.412 Y207.955
M204 S1800
M205 X8 Y8
G1 F1350 X64.836 Y222.531 E525.81777
M204 S3000
M205 X10 Y10
G0 F4500 X65.155 Y222.778
M204 S1800
M205 X8 Y8
G1 F1350 X79.76 Y208.172 E526.50477
M204 S3000
M205 X10 Y10
G0 F4500 X80.171 Y208.327
M204 S1800
M205 X8 Y8
G1 F1350 X65.474 Y223.025 E527.19609
M204 S3000
M205 X10 Y10
G0 F4500 X65.793 Y223.271
M204 S1800
M205 X8 Y8
G1 F1350 X80.591 Y208.473 E527.89214
M204 S3000
M205 X10 Y10
G0 F4500 X81.011 Y208.619
M204 S1800
M205 X8 Y8
G1 F1350 X66.111 Y223.519 E528.593
M204 S3000
M205 X10 Y10
G0 F4500 X66.43 Y223.766
M204 S1800
M205 X8 Y8
G1 F1350 X81.431 Y208.764 E529.29862
M204 S3000
M205 X10 Y10
G0 F4500 X81.878 Y208.883
M204 S1800
M205 X8 Y8
G1 F1350 X66.749 Y224.012 E530.01024
M204 S3000
M205 X10 Y10
G0 F4500 X67.076 Y224.251
M204 S1800
M205 X8 Y8
G1 F1350 X82.389 Y208.938 E530.73052
M204 S3000
M205 X10 Y10
G0 F4500 X82.899 Y208.994
M204 S1800
M205 X8 Y8
G1 F1350 X67.426 Y224.466 E531.4583
M204 S3000
M205 X10 Y10
G0 F4500 X67.776 Y224.682
M204 S1800
M205 X8 Y8
G1 F1350 X83.409 Y209.049 E532.19363
M204 S3000
M205 X10 Y10
G0 F4500 X83.978 Y209.046
M204 S1800
M205 X8 Y8
G1 F1350 X68.126 Y224.898 E532.93925
M204 S3000
M205 X10 Y10
G0 F4500 X68.477 Y225.113
M204 S1800
M205 X8 Y8
G1 F1350 X84.608 Y208.982 E533.69801
M204 S3000
M205 X10 Y10
G0 F4500 X85.241 Y208.914
M204 S1800
M205 X8 Y8
G1 F1350 X68.827 Y225.328 E534.47007
M204 S3000
M205 X10 Y10
G0 F4500 X69.177 Y225.544
M204 S1800
M205 X8 Y8
G1 F1350 X85.947 Y208.774 E535.25888
G1 X86.017 Y208.704
M204 S3000
M205 X10 Y10
G0 F4500 X86.797 Y208.49
M204 S1800
M205 X8 Y8
G1 F1350 X69.528 Y225.759 E536.07116
M204 S3000
M205 X10 Y10
G0 F4500 X69.898 Y225.955
M204 S1800
M205 X8 Y8
G1 F1350 X87.749 Y208.104 E536.91082
G1 X87.819 Y208.034
M204 S3000
M205 X10 Y10
G0 F4500 X89.212 Y207.206
M204 S1800
M205 X8 Y8
G1 F1350 X70.281 Y226.137 E537.80127
G1 X70.211 Y226.207
M204 S3000
M205 X10 Y10
G0 F4500 X85.779 Y229.307
M204 S1800
M205 X8 Y8
G1 F1350 X93.714 Y221.372 E538.17451
M204 S3000
M205 X10 Y10
G0 F4500 X93.521 Y222.13
M204 S1800
M205 X8 Y8
G1 F1350 X86.402 Y229.25 E538.50939
M204 S3000
M205 X10 Y10
G0 F4500 X87.025 Y229.193
M204 S1800
M205 X8 Y8
G1 F1350 X93.512 Y222.706 E538.81452
M204 S3000
M205 X10 Y10
G0 F4500 X93.582 Y223.201
M204 S1800
M205 X8 Y8
G1 F1350 X87.648 Y229.135 E539.09364
M204 S3000
M205 X10 Y10
G0 F4500 X88.309 Y229.04
M204 S1800
M205 X8 Y8
G1 F1350 X93.713 Y223.635 E539.34785
M204 S3000
M205 X10 Y10
G0 F4500 X93.874 Y224.04
M204 S1800
M205 X8 Y8
G1 F1350 X89.019 Y228.896 E539.57624
M204 S3000
M205 X10 Y10
G0 F4500 X89.729 Y228.751
M204 S1800
M205 X8 Y8
G1 F1350 X94.11 Y224.369 E539.78233
M204 S3000
M205 X10 Y10
G0 F4500 X94.354 Y224.692
M204 S1800
M205 X8 Y8
G1 F1350 X90.439 Y228.606 E539.96646
M204 S3000
M205 X10 Y10
G0 F4500 X91.16 Y228.452
M204 S1800
M205 X8 Y8
G1 F1350 X94.639 Y224.972 E540.13012
M204 S3000
M205 X10 Y10
G0 F4500 X94.966 Y225.211
M204 S1800
M205 X8 Y8
G1 F1350 X91.983 Y228.193 E540.27041
G1 X91.913 Y228.263
M204 S3000
M205 X10 Y10
G0 F4500 X92.809 Y227.933
M204 S1800
M205 X8 Y8
G1 F1350 X95.334 Y225.408 E540.38918
M204 S3000
M205 X10 Y10
G0 F4500 X95.738 Y225.57
M204 S1800
M205 X8 Y8
G1 F1350 X93.641 Y227.667 E540.48781
G1 X93.571 Y227.737
M204 S3000
M205 X10 Y10
G0 F4500 X94.556 Y227.318
M204 S1800
M205 X8 Y8
G1 F1350 X96.178 Y225.696 E540.56411
M204 S3000
M205 X10 Y10
G0 F4500 X96.723 Y225.717
M204 S1800
M205 X8 Y8
G1 F1350 X95.564 Y226.875 E540.6186
G1 X95.494 Y226.945
M204 S3000
M205 X10 Y10
G0 F4500 X96.573 Y226.433
M204 S1800
M205 X8 Y8
G1 F1350 X97.314 Y225.691 E540.65348
G1 X97.384 Y225.621
M204 S3000
M205 X10 Y10
G0 F4500 X99.306 Y224.831
M204 S1800
M205 X8 Y8
G1 F1350 X108.769 Y215.367 E541.09861
G1 X108.839 Y215.297
M204 S3000
M205 X10 Y10
G0 F4500 X109.499 Y214.073
M204 S1800
M205 X8 Y8
G1 F1350 X99.511 Y224.06 E541.56839
G1 X99.441 Y224.13
M204 S3000
M205 X10 Y10
G0 F4500 X99.866 Y223.14
M204 S1800
M205 X8 Y8
G1 F1350 X110.168 Y212.837 E542.05299
G1 X110.238 Y212.767
M204 S3000
M205 X10 Y10
G0 F4500 X110.6 Y211.839
M204 S1800
M205 X8 Y8
G1 F1350 X99.926 Y222.514 E542.55509
M204 S3000
M205 X10 Y10
G0 F4500 X99.888 Y221.986
M204 S1800
M205 X8 Y8
G1 F1350 X111.032 Y210.842 E543.07927
G1 X111.102 Y210.772
M204 S3000
M205 X10 Y10
G0 F4500 X107.6 Y217.102
M204 S1800
M205 X8 Y8
G1 F1350 X100.833 Y223.87 E543.39759
G1 X100.763 Y223.94
M204 S3000
M205 X10 Y10
G0 F4500 X104.106 Y221.162
M204 S1800
M205 X8 Y8
G1 F1350 X104.974 Y220.294 E543.43842
G1 X105.044 Y220.224
M204 S3000
M205 X10 Y10
G0 F4500 X91.06 Y196.463
G0 X90.186 Y195.072
G0 X86.802 Y191.514
M204 S1800
M205 X8 Y8
G1 F1350 X97.792 Y180.524 E543.95535
M204 S3000
M205 X10 Y10
G0 F4500 X97.082 Y180.669
M204 S1800
M205 X8 Y8
G1 F1350 X86.385 Y191.366 E544.45851
M204 S3000
M205 X10 Y10
G0 F4500 X85.964 Y191.221
M204 S1800
M205 X8 Y8
G1 F1350 X96.503 Y180.682 E544.95423
M204 S3000
M205 X10 Y10
G0 F4500 X96.003 Y180.616
M204 S1800
M205 X8 Y8
G1 F1350 X85.497 Y191.122 E545.4484
M204 S3000
M205 X10 Y10
G0 F4500 X84.999 Y191.054
M204 S1800
M205 X8 Y8
G1 F1350 X95.571 Y180.483 E545.94565
M204 S3000
M205 X10 Y10
G0 F4500 X95.188 Y180.3
M204 S1800
M205 X8 Y8
G1 F1350 X84.491 Y190.997 E546.4488
M204 S3000
M205 X10 Y10
G0 F4500 X83.982 Y190.94
M204 S1800
M205 X8 Y8
G1 F1350 X94.831 Y180.091 E546.95911
M204 S3000
M205 X10 Y10
G0 F4500 X94.526 Y179.831
M204 S1800
M205 X8 Y8
G1 F1350 X83.415 Y190.942 E547.48173
M204 S3000
M205 X10 Y10
G0 F4500 X82.774 Y191.017
M204 S1800
M205 X8 Y8
G1 F1350 X94.255 Y179.536 E548.02177
M204 S3000
M205 X10 Y10
G0 F4500 X94.004 Y179.221
M204 S1800
M205 X8 Y8
G1 F1350 X82.133 Y191.092 E548.58014
M204 S3000
M205 X10 Y10
G0 F4500 X81.432 Y191.227
M204 S1800
M205 X8 Y8
G1 F1350 X93.802 Y178.857 E549.16199
M204 S3000
M205 X10 Y10
G0 F4500 X93.658 Y178.436
M204 S1800
M205 X8 Y8
G1 F1350 X80.555 Y191.539 E549.77831
G1 X80.485 Y191.609
M204 S3000
M205 X10 Y10
G0 F4500 X79.633 Y191.895
M204 S1800
M205 X8 Y8
G1 F1350 X93.558 Y177.97 E550.4333
M204 S3000
M205 X10 Y10
G0 F4500 X93.495 Y177.468
M204 S1800
M205 X8 Y8
G1 F1350 X78.092 Y192.87 E551.15779
G1 X78.022 Y192.94
M204 S3000
M205 X10 Y10
G0 F4500 X60.723 Y198.926
M204 S1800
M205 X8 Y8
G1 F1350 X88.628 Y171.021 E552.47035
M204 S3000
M205 X10 Y10
G0 F4500 X89.099 Y171.115
M204 S1800
M205 X8 Y8
G1 F1350 X60.873 Y199.341 E553.79802
M204 S3000
M205 X10 Y10
G0 F4500 X60.921 Y199.859
M204 S1800
M205 X8 Y8
G1 F1350 X89.57 Y171.21 E555.14558
M204 S3000
M205 X10 Y10
G0 F4500 X90.041 Y171.305
M204 S1800
M205 X8 Y8
G1 F1350 X60.891 Y200.454 E556.51668
G1 X60.821 Y200.524
M204 S3000
M205 X10 Y10
G0 F4500 X60.682 Y201.229
M204 S1800
M205 X8 Y8
G1 F1350 X90.513 Y171.399 E557.91982
M204 S3000
M205 X10 Y10
G0 F4500 X90.984 Y171.493
M204 S1800
M205 X8 Y8
G1 F1350 X55.241 Y207.236 E559.60106
M204 S3000
M205 X10 Y10
G0 F4500 X55.363 Y207.68
M204 S1800
M205 X8 Y8
G1 F1350 X91.42 Y171.623 E561.29707
M204 S3000
M205 X10 Y10
G0 F4500 X91.851 Y171.758
M204 S1800
M205 X8 Y8
G1 F1350 X55.485 Y208.124 E563.00761
M204 S3000
M205 X10 Y10
G0 F4500 X55.606 Y208.568
M204 S1800
M205 X8 Y8
G1 F1350 X92.28 Y171.894 E564.73265
M204 S3000
M205 X10 Y10
G0 F4500 X92.71 Y172.029
M204 S1800
M205 X8 Y8
G1 F1350 X55.729 Y209.011 E566.47214
M204 S3000
M205 X10 Y10
G0 F4500 X55.865 Y209.44
M204 S1800
M205 X8 Y8
G1 F1350 X93.14 Y172.165 E568.22545
M204 S3000
M205 X10 Y10
G0 F4500 X93.571 Y172.3
M204 S1800
M205 X8 Y8
G1 F1350 X56.025 Y209.846 E569.99149
M204 S3000
M205 X10 Y10
G0 F4500 X56.185 Y210.252
M204 S1800
M205 X8 Y8
G1 F1350 X93.986 Y172.451 E571.76954
M204 S3000
M205 X10 Y10
G0 F4500 X94.386 Y172.617
M204 S1800
M205 X8 Y8
G1 F1350 X56.344 Y210.659 E573.55892
M204 S3000
M205 X10 Y10
G0 F4500 X56.504 Y211.065
M204 S1800
M205 X8 Y8
G1 F1350 X94.785 Y172.783 E575.35956
M204 S3000
M205 X10 Y10
G0 F4500 X95.182 Y172.951
M204 S1800
M205 X8 Y8
G1 F1350 X56.664 Y211.47 E577.17135
M204 S3000
M205 X10 Y10
G0 F4500 X56.823 Y211.877
M204 S1800
M205 X8 Y8
G1 F1350 X95.576 Y173.124 E578.99418
G1 X95.646 Y173.054
M204 S3000
M205 X10 Y10
G0 F4500 X88.153 Y170.93
M204 S1800
M205 X8 Y8
G1 F1350 X60.562 Y198.52 E580.29195
M204 S3000
M205 X10 Y10
G0 F4500 X60.348 Y198.169
M204 S1800
M205 X8 Y8
G1 F1350 X87.658 Y170.859 E581.57653
M204 S3000
M205 X10 Y10
G0 F4500 X87.14 Y170.812
M204 S1800
M205 X8 Y8
G1 F1350 X60.105 Y197.847 E582.84817
M204 S3000
M205 X10 Y10
G0 F4500 X59.812 Y197.574
M204 S1800
M205 X8 Y8
G1 F1350 X86.621 Y170.764 E584.10921
M204 S3000
M205 X10 Y10
G0 F4500 X86.102 Y170.718
M204 S1800
M205 X8 Y8
G1 F1350 X59.495 Y197.325 E585.36072
M204 S3000
M205 X10 Y10
G0 F4500 X59.132 Y197.122
M204 S1800
M205 X8 Y8
G1 F1350 X85.584 Y170.67 E586.60494
M204 S3000
M205 X10 Y10
G0 F4500 X85.065 Y170.624
M204 S1800
M205 X8 Y8
G1 F1350 X58.733 Y196.956 E587.84352
M204 S3000
M205 X10 Y10
G0 F4500 X58.271 Y196.852
M204 S1800
M205 X8 Y8
G1 F1350 X84.514 Y170.609 E589.07791
M204 S3000
M205 X10 Y10
G0 F4500 X83.94 Y170.617
M204 S1800
M205 X8 Y8
G1 F1350 X57.766 Y196.792 E590.30907
M204 S3000
M205 X10 Y10
G0 F4500 X57.156 Y196.835
M204 S1800
M205 X8 Y8
G1 F1350 X83.367 Y170.625 E591.54194
M204 S3000
M205 X10 Y10
G0 F4500 X82.793 Y170.634
M204 S1800
M205 X8 Y8
G1 F1350 X56.325 Y197.101 E592.78689
G1 X56.255 Y197.171
M204 S3000
M205 X10 Y10
G0 F4500 X54.496 Y196.668
M204 S1800
M205 X8 Y8
G1 F1350 X80.349 Y170.814 E594.00296
M204 S3000
M205 X10 Y10
G0 F4500 X79.703 Y170.894
M204 S1800
M205 X8 Y8
G1 F1350 X54.605 Y195.993 E595.18351
M204 S3000
M205 X10 Y10
G0 F4500 X54.715 Y195.317
M204 S1800
M205 X8 Y8
G1 F1350 X79.057 Y170.975 E596.32848
M204 S3000
M205 X10 Y10
G0 F4500 X78.387 Y171.079
M204 S1800
M205 X8 Y8
G1 F1350 X54.825 Y194.641 E597.43677
M204 S3000
M205 X10 Y10
G0 F4500 X54.935 Y193.966
M204 S1800
M205 X8 Y8
G1 F1350 X77.648 Y171.252 E598.50514
M204 S3000
M205 X10 Y10
G0 F4500 X76.909 Y171.426
M204 S1800
M205 X8 Y8
G1 F1350 X55.113 Y193.222 E599.53036
G1 X55.043 Y193.292
M204 S3000
M205 X10 Y10
G0 F4500 X55.327 Y192.442
M204 S1800
M205 X8 Y8
G1 F1350 X76.17 Y171.599 E600.51075
M204 S3000
M205 X10 Y10
G0 F4500 X75.415 Y171.788
M204 S1800
M205 X8 Y8
G1 F1350 X55.541 Y191.663 E601.44559
G1 X55.471 Y191.733
M204 S3000
M205 X10 Y10
G0 F4500 X55.755 Y190.883
M204 S1800
M205 X8 Y8
G1 F1350 X74.548 Y172.09 E602.32955
G1 X74.618 Y172.02
M204 S3000
M205 X10 Y10
G0 F4500 X73.68 Y172.392
M204 S1800
M205 X8 Y8
G1 F1350 X56.09 Y189.982 E603.15693
G1 X56.02 Y190.052
M204 S3000
M205 X10 Y10
G0 F4500 X56.457 Y189.049
M204 S1800
M205 X8 Y8
G1 F1350 X72.812 Y172.694 E603.92622
G1 X72.882 Y172.624
M204 S3000
M205 X10 Y10
G0 F4500 X71.804 Y173.137
M204 S1800
M205 X8 Y8
G1 F1350 X56.825 Y188.116 E604.63079
G1 X56.755 Y188.186
M204 S3000
M205 X10 Y10
G0 F4500 X57.349 Y187.026
M204 S1800
M205 X8 Y8
G1 F1350 X70.724 Y173.651 E605.25991
G1 X70.794 Y173.581
M204 S3000
M205 X10 Y10
G0 F4500 X69.637 Y174.172
M204 S1800
M205 X8 Y8
G1 F1350 X57.972 Y185.838 E605.80861
G1 X57.902 Y185.908
M204 S3000
M205 X10 Y10
G0 F4500 X58.731 Y184.513
M204 S1800
M205 X8 Y8
G1 F1350 X68.167 Y175.076 E606.25248
G1 X68.237 Y175.006
M204 S3000
M205 X10 Y10
G0 F4500 X66.494 Y176.184
M204 S1800
M205 X8 Y8
G1 F1350 X59.873 Y182.805 E606.56391
G1 X59.803 Y182.875
M204 S3000
M205 X10 Y10
G0 F4500 X54.446 Y197.283
M204 S1800
M205 X8 Y8
G1 F1350 X80.996 Y170.733 E607.81274
M204 S3000
M205 X10 Y10
G0 F4500 X81.627 Y170.667
M204 S1800
M205 X8 Y8
G1 F1350 X54.413 Y197.882 E609.09283
M204 S3000
M205 X10 Y10
G0 F4500 X54.38 Y198.481
M204 S1800
M205 X8 Y8
G1 F1350 X82.218 Y170.642 E610.40226
G1 X82.288 Y170.572
M204 S3000
M205 X10 Y10
G0 F4500 X54.805 Y198.621
M204 S1800
M205 X8 Y8
G1 F1350 X54.413 Y199.013 E610.4207
M204 S3000
M205 X10 Y10
G0 F4500 X54.609 Y201.079
M204 S1800
M205 X8 Y8
G1 F1350 X54.395 Y201.294 E610.43079
M204 S3000
M205 X10 Y10
G0 F4500 X54.829 Y201.425
M204 S1800
M205 X8 Y8
G1 F1350 X54.398 Y201.857 E610.45109
M204 S3000
M205 X10 Y10
G0 F4500 X54.426 Y202.394
M204 S1800
M205 X8 Y8
G1 F1350 X55.038 Y201.782 E610.47988
M204 S3000
M205 X10 Y10
G0 F4500 X55.288 Y202.098
M204 S1800
M205 X8 Y8
G1 F1350 X54.455 Y202.931 E610.51906
M204 S3000
M205 X10 Y10
G0 F4500 X54.517 Y203.435
M204 S1800
M205 X8 Y8
G1 F1350 X55.568 Y202.383 E610.56852
M204 S3000
M205 X10 Y10
G0 F4500 X55.876 Y202.641
M204 S1800
M205 X8 Y8
G1 F1350 X54.595 Y203.922 E610.62877
M204 S3000
M205 X10 Y10
G0 F4500 X54.674 Y204.409
M204 S1800
M205 X8 Y8
G1 F1350 X56.235 Y202.848 E610.7022
M204 S3000
M205 X10 Y10
G0 F4500 X56.627 Y203.022
M204 S1800
M205 X8 Y8
G1 F1350 X54.753 Y204.896 E610.79034
M204 S3000
M205 X10 Y10
G0 F4500 X54.831 Y205.383
M204 S1800
M205 X8 Y8
G1 F1350 X57.066 Y203.148 E610.89547
M204 S3000
M205 X10 Y10
G0 F4500 X57.566 Y203.214
M204 S1800
M205 X8 Y8
G1 F1350 X54.91 Y205.87 E611.0204
M204 S3000
M205 X10 Y10
G0 F4500 X54.998 Y206.348
M204 S1800
M205 X8 Y8
G1 F1350 X58.167 Y203.179 E611.16946
M204 S3000
M205 X10 Y10
G0 F4500 X58.935 Y202.976
M204 S1800
M205 X8 Y8
G1 F1350 X55.119 Y206.792 E611.34895
G1 X55.049 Y206.862
M204 S3000
M205 X10 Y10
;MESH:NONMESH
G0 F600 X55.049 Y206.862 Z0.6
G0 F4500 X94.516 Y178.311
G0 X94.898 Y178.167
;TIME_ELAPSED:649.258667
;LAYER:2
M204 S1800
M205 X8 Y8
;TYPE:WALL-OUTER
;MESH:14_4_1.stl
G1 F3000 X94.796 Y177.67 E611.36583
G1 X94.766 Y177.523 E611.37082
G1 X94.797 Y177.21 E611.38128
G1 X94.972 Y176.607 E611.40216
G1 X95.142 Y176.353 E611.41233
G1 X95.577 Y175.899 E611.43324
G1 X95.848 Y175.753 E611.44348
G1 X96.437 Y175.555 E611.46415
G1 X96.751 Y175.548 E611.47459
G1 X97.369 Y175.648 E611.49542
G1 X97.648 Y175.788 E611.5058
G1 X98.146 Y176.164 E611.52655
G1 X98.327 Y176.413 E611.53679
G1 X98.596 Y176.98 E611.55766
G1 X98.639 Y177.286 E611.56794
G1 X98.614 Y177.928 E611.58931
G1 X98.509 Y178.206 E611.5992
G1 X98.19 Y178.755 E611.62031
G1 X97.965 Y178.959 E611.63042
G1 X97.425 Y179.3 E611.65166
G1 X97.14 Y179.371 E611.66143
G1 X96.507 Y179.421 E611.68255
G1 X96.144 Y179.324 E611.69504
G1 X95.641 Y179.11 E611.71322
G1 X95.142 Y178.614 E611.73662
G1 X94.898 Y178.167 E611.75356
M204 S3000
M205 X10 Y10
G0 F6000 X94.858 Y177.971
G0 X94.355 Y178.094
G0 X94.776 Y178.876
G0 X95.345 Y179.461
G0 X112.692 Y191.036
G0 X113.142 Y190.594
M204 S1800
M205 X8 Y8
G1 F3000 X113 Y190.515 E611.75897
G1 X112.78 Y189.861 E611.78192
G1 X112.497 Y189.072 E611.8098
G1 X112.163 Y188.284 E611.83826
G1 X111.355 Y186.42 E611.90583
G1 X111.044 Y185.836 E611.92784
G1 X109.739 Y183.534 E612.01585
G1 X109.369 Y182.988 E612.03779
G1 X107.825 Y180.839 E612.1258
G1 X107.398 Y180.335 E612.14777
G1 X105.633 Y178.364 E612.23577
G1 X105.115 Y177.876 E612.25944
G1 X103.188 Y176.14 E612.3457
G1 X102.662 Y175.741 E612.36766
G1 X100.52 Y174.192 E612.45558
G1 X99.94 Y173.844 E612.47808
G1 X97.655 Y172.538 E612.56562
G1 X97.037 Y172.252 E612.58827
G1 X94.631 Y171.201 E612.67559
G1 X93.974 Y170.98 E612.69865
G1 X91.468 Y170.191 E612.78603
G1 X90.796 Y170.047 E612.80889
G1 X88.241 Y169.535 E612.89556
G1 X87.585 Y169.464 E612.9175
G1 X84.95 Y169.227 E613.0055
G1 X84.211 Y169.228 E613.03008
G1 X81.645 Y169.271 E613.11543
G1 X80.987 Y169.343 E613.13745
G1 X78.365 Y169.67 E613.22533
G1 X77.648 Y169.829 E613.24976
G1 X75.156 Y170.416 E613.33491
G1 X74.419 Y170.662 E613.36076
G1 X72.023 Y171.507 E613.44526
G1 X71.363 Y171.813 E613.46945
G1 X69.032 Y172.926 E613.55537
G1 X68.411 Y173.301 E613.5795
G1 X66.217 Y174.655 E613.66525
G1 X65.646 Y175.089 E613.6891
G1 X63.601 Y176.677 E613.77522
G1 X61.216 Y178.966 E613.88517
G1 X59.089 Y181.5 E613.9952
G1 X57.248 Y184.246 E614.10516
G1 X55.713 Y187.173 E614.21509
G1 X54.494 Y190.262 E614.32554
G1 X53.622 Y193.436 E614.43502
G1 X53.092 Y196.701 E614.54503
G1 X52.915 Y200.002 E614.65498
G1 X52.969 Y201.026 E614.68909
G1 X53.093 Y203.3 E614.76484
G1 X53.623 Y206.565 E614.87485
G1 X54.497 Y209.739 E614.98435
G1 X55.714 Y212.828 E615.09477
G1 X57.249 Y215.755 E615.2047
G1 X59.09 Y218.501 E615.31466
G1 X61.217 Y221.035 E615.4247
G1 X63.602 Y223.324 E615.53465
G1 X65.691 Y224.947 E615.62263
G1 X66.219 Y225.346 E615.64464
G1 X68.559 Y226.789 E615.73608
G1 X69.034 Y227.075 E615.75452
G1 X71.524 Y228.262 E615.84627
G1 X72.024 Y228.494 E615.8646
G1 X74.629 Y229.41 E615.95644
G1 X75.141 Y229.582 E615.97441
G1 X77.717 Y230.188 E616.06243
G1 X78.364 Y230.331 E616.08446
G1 X80.989 Y230.658 E616.17245
G1 X81.647 Y230.73 E616.19446
G1 X84.291 Y230.773 E616.28241
G1 X84.95 Y230.773 E616.30433
G1 X87.66 Y230.528 E616.39484
G1 X88.243 Y230.464 E616.41434
G1 X90.887 Y229.933 E616.50404
G1 X91.484 Y229.801 E616.52437
G1 X93.97 Y229.021 E616.61103
G1 X94.63 Y228.797 E616.63421
G1 X97.073 Y227.731 E616.72287
G1 X97.656 Y227.46 E616.74425
G1 X99.966 Y226.141 E616.83272
G1 X100.517 Y225.808 E616.85414
G1 X102.684 Y224.241 E616.94308
G1 X103.189 Y223.857 E616.96418
G1 X105.153 Y222.088 E617.0521
G1 X105.634 Y221.632 E617.07414
G1 X107.4 Y219.663 E617.16211
G1 X107.829 Y219.157 E617.18418
G1 X109.37 Y217.01 E617.27208
G1 X109.742 Y216.462 E617.29411
G1 X111.045 Y214.162 E617.38203
G1 X111.356 Y213.579 E617.404
G1 X112.406 Y211.154 E617.4919
G1 X112.98 Y209.581 E617.54759
G1 X113.1 Y209.48 E617.55281
G1 X113.16 Y209.471 E617.55482
G1 X117.216 Y209.472 E617.68973
G1 X129.514 Y209.396 E618.09877
G1 X129.514 Y190.605 E618.72376
G1 X113.142 Y190.594 E619.26829
M204 S3000
M205 X10 Y10
G0 F6000 X113 Y190.515
G0 X112.988 Y190.479
G0 X112.492 Y190.637
G0 X123.923 Y200.861
G0 X124.398 Y200.683
M204 S1800
M205 X8 Y8
G1 F3000 X124.266 Y200.04 E619.29013
G1 X124.297 Y199.727 E619.30059
G1 X124.477 Y199.11 E619.32196
G1 X124.642 Y198.87 E619.33165
G1 X125.071 Y198.422 E619.35228
G1 X125.346 Y198.27 E619.36273
G1 X125.937 Y198.072 E619.38346
G1 X126.25 Y198.065 E619.39388
G1 X126.868 Y198.165 E619.4147
G1 X127.148 Y198.305 E619.42511
G1 X127.646 Y198.681 E619.44586
G1 X127.827 Y198.93 E619.4561
G1 X128.096 Y199.496 E619.47695
G1 X128.139 Y199.803 E619.48726
G1 X128.113 Y200.453 E619.50889
G1 X128.009 Y200.723 E619.51852
G1 X127.696 Y201.262 E619.53925
G1 X127.47 Y201.474 E619.54955
G1 X126.943 Y201.806 E619.57027
G1 X126.641 Y201.888 E619.58068
G1 X126.017 Y201.938 E619.6015
G1 X125.707 Y201.868 E619.61207
G1 X125.141 Y201.627 E619.63253
G1 X124.642 Y201.131 E619.65593
G1 X124.398 Y200.683 E619.6729
M204 S3000
M205 X10 Y10
G0 F6000 X124.358 Y200.487
G0 X123.855 Y200.611
G0 X95.348 Y220.537
G0 X94.777 Y221.123
G0 X94.35 Y222.184
G0 X94.424 Y223.38
G0 X94.899 Y223.203
M204 S1800
M205 X8 Y8
G1 F3000 X94.766 Y222.557 E619.69484
G1 X94.797 Y222.244 E619.7053
G1 X94.973 Y221.638 E619.72629
G1 X95.142 Y221.387 E619.73635
G1 X95.578 Y220.933 E619.75729
G1 X95.846 Y220.787 E619.76744
G1 X96.459 Y220.583 E619.78892
G1 X96.907 Y220.607 E619.80385
G1 X97.406 Y220.692 E619.82068
G1 X97.648 Y220.821 E619.8298
G1 X98.165 Y221.214 E619.8514
G1 X98.327 Y221.447 E619.86084
G1 X98.596 Y222.013 E619.88168
G1 X98.639 Y222.32 E619.89199
G1 X98.615 Y222.942 E619.9127
G1 X98.509 Y223.24 E619.92322
G1 X98.197 Y223.779 E619.94393
G1 X97.97 Y223.991 E619.95426
G1 X97.436 Y224.329 E619.97528
G1 X97.14 Y224.405 E619.98545
G1 X96.517 Y224.455 E620.00623
G1 X96.207 Y224.384 E620.01681
G1 X95.641 Y224.144 E620.03726
G1 X95.142 Y223.647 E620.06068
G1 X94.899 Y223.203 E620.07752
M204 S3000
M205 X10 Y10
G0 F6000 X94.859 Y223.007
G0 X94.356 Y223.131
G0 X77.339 Y205.083
G0 X76.367 Y203.537
G0 X75.827 Y201.986
G0 X75.509 Y200.081
G0 X76.015 Y200.025
M204 S1800
M205 X8 Y8
G1 F3000 X76.132 Y198.933 E620.11405
G1 X76.205 Y198.292 E620.1355
G1 X76.533 Y197.348 E620.16874
G1 X76.776 Y196.656 E620.19314
G1 X77.685 Y195.208 E620.25
G1 X77.844 Y195.046 E620.25755
G1 X78.903 Y193.986 E620.30739
G1 X78.931 Y193.965 E620.30855
G1 X80.373 Y193.062 E620.36514
G1 X81.982 Y192.498 E620.42185
G1 X82.023 Y192.489 E620.42324
G1 X83.713 Y192.3 E620.4798
G1 X84.471 Y192.383 E620.50516
G1 X85.418 Y192.491 E620.53687
G1 X86.087 Y192.722 E620.56041
G1 X87.054 Y193.062 E620.5945
G1 X88.034 Y193.675 E620.63295
G1 X88.51 Y193.975 E620.65166
G1 X89.126 Y194.588 E620.68056
G1 X89.735 Y195.2 E620.70928
G1 X89.749 Y195.219 E620.71006
G1 X90.651 Y196.657 E620.76652
G1 X91.222 Y198.289 E620.82403
G1 X91.415 Y199.999 E620.88127
G1 X91.222 Y201.711 E620.93857
G1 X90.656 Y203.332 E620.99567
G1 X90.618 Y203.397 E620.99818
G1 X89.739 Y204.796 E621.05313
G1 X88.531 Y206.007 E621.11002
G1 X87.662 Y206.558 E621.14425
G1 X87.056 Y206.937 E621.16802
G1 X85.44 Y207.504 E621.22498
G1 X84.571 Y207.605 E621.25408
G1 X83.717 Y207.7 E621.28266
G1 X83.624 Y207.692 E621.28576
G1 X82 Y207.507 E621.34013
G1 X80.389 Y206.945 E621.39687
G1 X80.353 Y206.927 E621.39821
G1 X78.916 Y206.025 E621.45464
G1 X77.706 Y204.816 E621.51154
G1 X77.678 Y204.781 E621.51303
G1 X76.775 Y203.341 E621.56956
G1 X76.205 Y201.711 E621.62699
G1 X76.015 Y200.025 E621.68342
M204 S3000
M205 X10 Y10
G0 F6000 X76.036 Y199.827
G0 X75.526 Y199.769
G0 X57.758 Y202.387
G0 X56.645 Y202.136
G0 X55.73 Y201.282
G0 X55.892 Y200.661
M204 S1800
M205 X8 Y8
G1 F3000 X55.766 Y200.04 E621.7045
G1 X55.797 Y199.727 E621.71496
G1 X55.97 Y199.13 E621.73563
G1 X56.142 Y198.87 E621.746
G1 X56.577 Y198.416 E621.76691
G1 X56.846 Y198.27 E621.77709
G1 X57.437 Y198.072 E621.79782
G1 X57.75 Y198.065 E621.80824
G1 X58.368 Y198.165 E621.82906
G1 X58.648 Y198.305 E621.83947
G1 X59.163 Y198.695 E621.86096
G1 X59.327 Y198.93 E621.87049
G1 X59.603 Y199.512 E621.89191
G1 X59.639 Y199.803 E621.90167
G1 X59.613 Y200.451 E621.92324
G1 X59.509 Y200.723 E621.93292
G1 X59.185 Y201.279 E621.95432
G1 X58.969 Y201.473 E621.96398
G1 X58.425 Y201.817 E621.98539
G1 X58.14 Y201.888 E621.99516
G1 X57.518 Y201.938 E622.01591
G1 X57.207 Y201.868 E622.02651
G1 X56.641 Y201.627 E622.04698
G1 X56.142 Y201.131 E622.07038
G1 X55.892 Y200.661 E622.08808
M204 S3000
M205 X10 Y10
G0 F6000 X55.853 Y200.465
G0 X55.374 Y200.119
M204 S1800
M205 X8 Y8
;TYPE:WALL-INNER
G1 F3000 X55.394 Y199.709 E622.10174
G1 X55.586 Y199.019 E622.12556
G1 X55.795 Y198.664 E622.13926
G1 X56.282 Y198.145 E622.16293
G1 X56.632 Y197.927 E622.17664
G1 X57.31 Y197.692 E622.20051
G1 X57.721 Y197.663 E622.21422
G1 X58.432 Y197.77 E622.23813
G1 X58.81 Y197.935 E622.25185
G1 X59.387 Y198.362 E622.27572
G1 X59.668 Y198.718 E622.29081
G1 X59.957 Y199.324 E622.31314
G1 X60.038 Y199.75 E622.32756
G1 X60.015 Y200.442 E622.35059
G1 X59.886 Y200.864 E622.36527
G1 X59.542 Y201.463 E622.38824
G1 X59.229 Y201.779 E622.40303
G1 X58.657 Y202.144 E622.4256
G1 X58.265 Y202.272 E622.43932
G1 X57.55 Y202.336 E622.46319
G1 X57.137 Y202.265 E622.47713
G1 X56.484 Y201.995 E622.50063
G1 X56.287 Y201.859 E622.50859
G1 X55.854 Y201.409 E622.52937
G1 X55.557 Y200.898 E622.54902
G1 X55.374 Y200.119 E622.57564
M204 S3000
M205 X10 Y10
G0 F6000 X55.263 Y200.132
G0 X55.584 Y201.118
G0 X56.345 Y201.978
G0 X57.099 Y202.307
G0 X75.509 Y200.082
G0 X75.617 Y200.07
M204 S1800
M205 X8 Y8
G1 F3000 X75.664 Y199.511 E622.5943
G1 X75.804 Y198.267 E622.63593
G1 X76.155 Y197.216 E622.67279
G1 X76.396 Y196.529 E622.697
G1 X76.65 Y196.103 E622.7135
G1 X77.349 Y194.991 E622.75718
G1 X77.561 Y194.763 E622.76754
G1 X78.635 Y193.69 E622.81803
G1 X78.719 Y193.626 E622.82155
G1 X80.156 Y192.725 E622.87796
G1 X80.261 Y192.676 E622.88181
G1 X81.855 Y192.119 E622.93797
G1 X81.978 Y192.091 E622.94217
G1 X83.679 Y191.9 E622.9991
G1 X84.516 Y191.985 E623.02708
G1 X85.463 Y192.093 E623.05878
G1 X86.219 Y192.344 E623.08528
G1 X87.166 Y192.676 E623.11865
G1 X87.286 Y192.734 E623.12309
G1 X88.715 Y193.63 E623.17919
G1 X89.409 Y194.306 E623.21141
G1 X90.026 Y194.925 E623.24048
G1 X90.088 Y195.006 E623.24387
G1 X90.995 Y196.452 E623.30064
G1 X91.188 Y196.977 E623.31925
G1 X91.607 Y198.181 E623.36165
G1 X91.716 Y199.098 E623.39236
G1 X91.814 Y199.965 E623.42138
G1 X91.717 Y200.9 E623.45265
G1 X91.618 Y201.766 E623.48164
G1 X91.559 Y201.962 E623.48845
G1 X91.025 Y203.488 E623.54222
G1 X90.957 Y203.61 E623.54686
G1 X90.083 Y205.001 E623.6015
G1 X89.409 Y205.693 E623.63363
G1 X88.814 Y206.29 E623.66167
G1 X87.874 Y206.897 E623.69888
G1 X87.286 Y207.266 E623.72197
G1 X86.786 Y207.457 E623.73977
G1 X85.557 Y207.886 E623.78307
G1 X84.616 Y208.002 E623.8146
G1 X83.755 Y208.099 E623.84342
G1 X83.579 Y208.09 E623.84928
G1 X81.956 Y207.906 E623.90361
G1 X81.847 Y207.879 E623.90735
G1 X80.249 Y207.319 E623.96366
G1 X80.141 Y207.266 E623.96767
G1 X78.715 Y206.372 E624.02364
G1 X78.613 Y206.29 E624.028
G1 X77.423 Y205.099 E624.084
G1 X77.339 Y204.994 E624.08847
G1 X76.431 Y203.546 E624.14531
G1 X76.251 Y203.056 E624.16268
G1 X75.826 Y201.839 E624.20555
G1 X75.711 Y200.901 E624.23698
G1 X75.617 Y200.07 E624.2648
M204 S3000
M205 X10 Y10
G0 F6000 X75.509 Y200.082
G0 X75.766 Y198.187
G0 X76.367 Y196.463
G0 X77.339 Y194.917
G0 X94.302 Y177.877
G0 X94.424 Y177.847
M204 S1800
M205 X8 Y8
G1 F3000 X94.374 Y177.602 E624.27311
G1 X94.394 Y177.191 E624.2868
G1 X94.586 Y176.502 E624.31059
G1 X94.795 Y176.147 E624.32429
G1 X95.282 Y175.629 E624.34794
G1 X95.637 Y175.409 E624.36183
G1 X96.309 Y175.176 E624.38549
G1 X96.786 Y175.149 E624.40138
G1 X97.433 Y175.253 E624.42317
G1 X97.826 Y175.425 E624.43744
G1 X98.387 Y175.844 E624.46073
G1 X98.649 Y176.17 E624.47464
G1 X98.958 Y176.808 E624.49822
G1 X99.036 Y177.21 E624.51184
G1 X99.015 Y177.925 E624.53563
G1 X98.896 Y178.322 E624.54941
G1 X98.543 Y178.946 E624.57326
G1 X98.261 Y179.236 E624.58671
G1 X97.657 Y179.627 E624.61064
G1 X97.265 Y179.755 E624.62436
G1 X96.55 Y179.82 E624.64824
G1 X96.094 Y179.735 E624.66367
G1 X95.484 Y179.478 E624.68568
G1 X95.287 Y179.342 E624.69364
G1 X94.854 Y178.892 E624.71441
G1 X94.557 Y178.381 E624.73407
G1 X94.424 Y177.847 E624.75238
M204 S3000
M205 X10 Y10
G0 F6000 X94.302 Y177.877
G0 X95.095 Y179.237
G0 X112.692 Y191.036
G0 X113.159 Y190.995
M204 S1800
M205 X8 Y8
G1 F3000 X112.876 Y190.923 E624.76209
G1 X112.656 Y190.722 E624.772
G1 X112.399 Y189.983 E624.79802
G1 X112.125 Y189.221 E624.82496
G1 X111.796 Y188.443 E624.85305
G1 X110.995 Y186.594 E624.92007
G1 X110.694 Y186.028 E624.94139
G1 X109.399 Y183.745 E625.02869
G1 X109.041 Y183.217 E625.04991
G1 X107.509 Y181.085 E625.13723
G1 X107.096 Y180.598 E625.15847
G1 X105.346 Y178.643 E625.24574
G1 X104.847 Y178.173 E625.26854
G1 X102.933 Y176.448 E625.35423
G1 X102.405 Y176.049 E625.37625
G1 X100.3 Y174.526 E625.46266
G1 X99.741 Y174.191 E625.48434
G1 X97.514 Y172.919 E625.56964
G1 X97.051 Y172.699 E625.58669
G1 X96.43 Y172.423 E625.60929
G1 X94.487 Y171.575 E625.6798
G1 X93.854 Y171.362 E625.70202
G1 X91.366 Y170.578 E625.78878
G1 X90.718 Y170.439 E625.81082
G1 X88.18 Y169.931 E625.89691
G1 X87.545 Y169.862 E625.91815
G1 X84.932 Y169.627 E626.00541
G1 X84.217 Y169.628 E626.02919
G1 X81.67 Y169.671 E626.11392
G1 X81.033 Y169.74 E626.13523
G1 X78.433 Y170.064 E626.22238
G1 X77.74 Y170.219 E626.24599
G1 X75.265 Y170.801 E626.33056
G1 X74.646 Y171.007 E626.35226
G1 X72.174 Y171.878 E626.43943
G1 X71.535 Y172.174 E626.46285
G1 X69.222 Y173.279 E626.54811
G1 X68.621 Y173.641 E626.57145
G1 X66.444 Y174.985 E626.65654
G1 X65.891 Y175.405 E626.67964
G1 X63.863 Y176.98 E626.76504
G1 X61.508 Y179.24 E626.8736
G1 X59.409 Y181.741 E626.9822
G1 X57.592 Y184.451 E627.09072
G1 X56.077 Y187.34 E627.19922
G1 X54.874 Y190.389 E627.30824
G1 X54.014 Y193.521 E627.41626
G1 X53.49 Y196.744 E627.52487
G1 X53.316 Y200.002 E627.63338
G1 X53.371 Y201.051 E627.66832
G1 X53.491 Y203.257 E627.7418
G1 X54.015 Y206.479 E627.85037
G1 X54.877 Y209.612 E627.95845
G1 X56.078 Y212.661 E628.06744
G1 X57.593 Y215.55 E628.17594
G1 X59.41 Y218.26 E628.28446
G1 X61.509 Y220.761 E628.39306
G1 X63.864 Y223.021 E628.50162
G1 X65.989 Y224.67 E628.59108
G1 X66.445 Y225.016 E628.61012
G1 X68.765 Y226.446 E628.70077
G1 X69.224 Y226.722 E628.71858
G1 X71.652 Y227.881 E628.80806
G1 X72.175 Y228.123 E628.82723
G1 X74.724 Y229.02 E628.91711
G1 X75.251 Y229.197 E628.9356
G1 X77.872 Y229.812 E629.02514
G1 X78.432 Y229.937 E629.04422
G1 X81.161 Y230.274 E629.13568
G1 X81.672 Y230.33 E629.15278
G1 X84.294 Y230.373 E629.24
G1 X84.932 Y230.373 E629.26122
G1 X87.616 Y230.13 E629.35085
G1 X88.182 Y230.068 E629.36979
G1 X90.755 Y229.552 E629.45707
G1 X91.381 Y229.414 E629.47839
G1 X93.91 Y228.619 E629.56657
G1 X94.486 Y228.424 E629.58679
G1 X96.905 Y227.368 E629.67458
G1 X97.472 Y227.104 E629.69538
G1 X99.76 Y225.799 E629.78299
G1 X100.296 Y225.474 E629.80384
G1 X102.442 Y223.922 E629.89193
G1 X102.934 Y223.549 E629.91246
G1 X104.918 Y221.759 E630.00134
G1 X105.347 Y221.353 E630.02098
G1 X107.098 Y219.4 E630.10822
G1 X107.513 Y218.911 E630.12956
G1 X109.042 Y216.781 E630.21676
G1 X109.402 Y216.251 E630.23807
G1 X110.695 Y213.97 E630.32528
G1 X110.996 Y213.405 E630.34657
G1 X112.034 Y211.006 E630.43351
G1 X112.609 Y209.429 E630.48934
G1 X112.794 Y209.195 E630.49926
G1 X113.067 Y209.078 E630.50914
G1 X113.16 Y209.071 E630.51224
G1 X117.214 Y209.072 E630.64708
G1 X129.114 Y208.998 E631.04288
G1 X129.114 Y200.973 E631.3098
G1 F2666.7 X129.064 Y200.453 E631.32934
G1 F2434.1 X129.071 Y199.795 E631.35632
G1 F2637.4 X129.103 Y199.176 E631.37977
G1 F2919.7 X129.114 Y198.55 E631.40117
G1 F3000 X129.114 Y191.005 E631.65211
G1 X113.159 Y190.995 E632.18278
M204 S3000
M205 X10 Y10
G0 F6000 X113.158 Y191.104
G0 X123.763 Y200.132
G0 X123.874 Y200.119
M204 S1800
M205 X8 Y8
G1 F3000 X123.901 Y199.663 E632.19797
G1 X124.086 Y199.018 E632.22029
G1 X124.295 Y198.664 E632.23396
G1 X124.782 Y198.146 E632.25761
G1 X125.132 Y197.927 E632.27134
G1 X125.81 Y197.693 E632.2952
G1 X126.221 Y197.663 E632.3089
G1 X126.932 Y197.77 E632.33282
G1 X127.31 Y197.935 E632.34654
G1 X127.887 Y198.362 E632.37041
G1 X128.14 Y198.675 E632.3838
G1 F2919.7 X128.468 Y199.319 E632.4085
G1 F2597.4 X128.563 Y199.509 E632.41666
G1 F2395.2 X128.565 Y200.444 E632.45561
G1 F2510.5 X128.501 Y200.645 E632.46399
G1 F2803.7 X128.042 Y201.463 E632.49737
G1 F3000 X127.684 Y201.812 E632.514
G1 X127.157 Y202.144 E632.53472
G1 X126.765 Y202.272 E632.54843
G1 X126.049 Y202.337 E632.57234
G1 X125.637 Y202.265 E632.58626
G1 X124.984 Y201.995 E632.60976
G1 X124.787 Y201.859 E632.61772
G1 X124.354 Y201.409 E632.63849
G1 X124.057 Y200.898 E632.65815
G1 X123.874 Y200.119 E632.68476
M204 S3000
M205 X10 Y10
G0 F6000 X123.763 Y200.132
G0 X95.095 Y220.761
G0 X94.585 Y221.397
G0 X94.263 Y222.649
G0 X94.374 Y222.636
M204 S1800
M205 X8 Y8
G1 F3000 X94.402 Y222.18 E632.69996
G1 X94.586 Y221.535 E632.72227
G1 X94.824 Y221.144 E632.73749
G1 X95.282 Y220.662 E632.75961
G1 X95.632 Y220.444 E632.77332
G1 X96.31 Y220.21 E632.79718
G1 X96.77 Y220.182 E632.8125
G1 X97.432 Y220.287 E632.8348
G1 X97.859 Y220.48 E632.85038
G1 X98.388 Y220.879 E632.87242
G1 X98.64 Y221.191 E632.88576
G1 X98.957 Y221.841 E632.90981
G1 X99.039 Y222.294 E632.92513
G1 X99.015 Y222.958 E632.94722
G1 X98.897 Y223.355 E632.961
G1 X98.603 Y223.877 E632.98093
G1 X98.422 Y224.127 E632.99119
G1 X98.184 Y224.329 E633.00157
G1 X97.634 Y224.677 E633.02322
G1 X97.172 Y224.804 E633.03916
G1 X96.549 Y224.854 E633.05995
G1 X96.134 Y224.78 E633.07397
G1 X95.485 Y224.512 E633.09732
G1 X95.287 Y224.375 E633.10533
G1 X94.854 Y223.924 E633.12612
G1 X94.557 Y223.416 E633.14569
G1 X94.374 Y222.636 E633.17234
M204 S3000
M205 X10 Y10
G0 F6000 X94.106 Y223.331
M204 S1800
M205 X8 Y8
G1 F3000 X93.982 Y222.715 E633.19324
G1 X93.97 Y222.393 E633.20396
G1 X94.029 Y222.021 E633.21649
G1 X94.215 Y221.382 E633.23862
G1 X94.467 Y220.952 E633.2552
G1 X94.993 Y220.386 E633.2809
G1 X95.254 Y220.19 E633.29175
G1 X95.592 Y220.028 E633.30422
G1 X96.183 Y219.83 E633.32495
G1 X96.506 Y219.779 E633.33583
G1 X97.035 Y219.817 E633.35347
G1 X97.597 Y219.914 E633.37244
G1 X98.079 Y220.146 E633.39023
G1 X98.629 Y220.56 E633.41312
G1 X98.903 Y220.869 E633.42686
G1 X99.319 Y221.669 E633.45685
G1 X99.433 Y222.199 E633.47488
G1 X99.415 Y222.973 E633.50063
G1 X99.27 Y223.499 E633.51878
G1 X98.949 Y224.078 E633.5408
G1 X98.688 Y224.426 E633.55527
G1 X98.398 Y224.667 E633.56781
G1 X97.871 Y224.999 E633.58852
G1 X97.57 Y225.127 E633.5994
G1 X97.204 Y225.203 E633.61184
G1 X96.581 Y225.252 E633.63262
G1 X96.249 Y225.223 E633.6437
G1 X95.895 Y225.12 E633.65597
G1 X95.329 Y224.88 E633.67641
G1 X94.998 Y224.652 E633.68978
G1 X94.565 Y224.201 E633.71058
G1 X94.204 Y223.604 E633.73378
G1 X94.106 Y223.331 E633.74343
M204 S3000
M205 X10 Y10
G0 F6000 X77.339 Y205.083
G0 X76.367 Y203.537
G0 X75.22 Y200.114
M204 S1800
M205 X8 Y8
G1 F3000 X75.267 Y199.466 E633.76504
G1 X75.407 Y198.222 E633.80668
G1 X75.777 Y197.084 E633.84648
G1 X76.023 Y196.384 E633.87115
G1 X76.312 Y195.891 E633.89016
G1 X77.017 Y194.769 E633.93423
G1 X77.278 Y194.481 E633.94716
G1 X78.367 Y193.393 E633.99836
G1 X78.506 Y193.287 E634.00417
G1 X79.953 Y192.38 E634.06098
G1 X80.129 Y192.299 E634.06742
G1 X81.727 Y191.739 E634.12374
G1 X81.933 Y191.694 E634.13075
G1 X83.655 Y191.501 E634.18838
G1 X84.561 Y191.588 E634.21866
G1 X85.517 Y191.697 E634.25066
G1 X86.351 Y191.967 E634.27982
G1 X87.298 Y192.299 E634.31319
G1 X87.499 Y192.395 E634.3206
G1 X88.931 Y193.294 E634.37684
G1 X89.692 Y194.023 E634.41189
G1 X90.324 Y194.658 E634.44169
G1 X90.426 Y194.794 E634.44734
G1 X91.343 Y196.254 E634.50468
G1 X91.566 Y196.845 E634.52569
G1 X91.988 Y198.058 E634.56841
G1 X92.114 Y199.053 E634.60177
G1 X92.208 Y199.885 E634.62962
G1 X92.114 Y200.944 E634.66498
G1 X92.013 Y201.833 E634.69474
G1 X91.937 Y202.094 E634.70378
G1 X91.416 Y203.582 E634.75621
G1 X91.295 Y203.823 E634.76518
G1 X90.418 Y205.219 E634.82002
G1 X89.692 Y205.976 E634.8549
G1 X89.097 Y206.572 E634.88291
G1 X88.087 Y207.236 E634.92311
G1 X87.499 Y207.605 E634.9462
G1 X86.918 Y207.834 E634.96697
G1 X85.674 Y208.269 E635.01081
G1 X84.66 Y208.4 E635.04481
G1 X83.783 Y208.498 E635.07416
G1 X83.534 Y208.487 E635.08245
G1 X81.896 Y208.301 E635.13728
G1 X81.715 Y208.256 E635.14349
G1 X80.109 Y207.694 E635.20008
G1 X79.928 Y207.605 E635.20679
G1 X78.5 Y206.709 E635.26286
G1 X78.33 Y206.572 E635.27012
G1 X77.14 Y205.381 E635.32612
G1 X77.001 Y205.206 E635.33355
G1 X76.082 Y203.741 E635.39107
G1 X75.873 Y203.188 E635.41073
G1 X75.443 Y201.955 E635.45416
G1 X75.314 Y200.946 E635.488
G1 X75.22 Y200.114 E635.51585
M204 S3000
M205 X10 Y10
G0 F6000 X57.758 Y202.387
G0 X56.645 Y202.136
G0 X55.106 Y200.814
M204 S1800
M205 X8 Y8
G1 F3000 X54.982 Y200.198 E635.53674
G1 X54.97 Y199.876 E635.54746
G1 X55.029 Y199.504 E635.55999
G1 X55.201 Y198.907 E635.58065
G1 X55.467 Y198.435 E635.59867
G1 X55.993 Y197.869 E635.62437
G1 X56.447 Y197.572 E635.64242
G1 X57.183 Y197.313 E635.66837
G1 X57.723 Y197.263 E635.68641
G1 X58.496 Y197.375 E635.71238
G1 X58.808 Y197.48 E635.72333
G1 X59.13 Y197.666 E635.7357
G1 X59.628 Y198.042 E635.75646
G1 X59.848 Y198.272 E635.76704
G1 X60.05 Y198.586 E635.77946
G1 X60.319 Y199.152 E635.8003
G1 X60.409 Y199.47 E635.8113
G1 X60.439 Y199.834 E635.82344
G1 X60.414 Y200.481 E635.84498
G1 X60.348 Y200.78 E635.85516
G1 X60.201 Y201.125 E635.86764
G1 X59.866 Y201.7 E635.88977
G1 X59.527 Y202.052 E635.90602
G1 X58.871 Y202.482 E635.93211
G1 X58.57 Y202.61 E635.94299
G1 X58.204 Y202.685 E635.95542
G1 X57.582 Y202.735 E635.97617
G1 X57.253 Y202.708 E635.98715
G1 X56.894 Y202.604 E635.99958
G1 X56.327 Y202.363 E636.02007
G1 X55.999 Y202.136 E636.03334
G1 X55.566 Y201.686 E636.05411
G1 X55.204 Y201.086 E636.07742
G1 X55.106 Y200.814 E636.08703
M204 S3000
M205 X10 Y10
G0 F6000 X55.464 Y199.197
G0 X56.095 Y198.244
G0 X93.982 Y177.681
M204 S1800
M205 X8 Y8
G1 F3000 X93.97 Y177.359 E636.09775
G1 X94.029 Y176.987 E636.11028
G1 X94.21 Y176.362 E636.13192
G1 X94.467 Y175.918 E636.14898
G1 X94.993 Y175.352 E636.17468
G1 X95.257 Y175.154 E636.18566
G1 X95.593 Y174.994 E636.19804
G1 X96.182 Y174.796 E636.2187
G1 X96.506 Y174.745 E636.22961
G1 X96.879 Y174.758 E636.24203
G1 X97.497 Y174.857 E636.26284
G1 X97.999 Y175.065 E636.28092
G1 X98.628 Y175.525 E636.30683
G1 X98.848 Y175.755 E636.31742
G1 X99.05 Y176.07 E636.32987
G1 X99.32 Y176.636 E636.35072
G1 X99.433 Y177.165 E636.36872
G1 X99.424 Y177.71 E636.38684
G1 X99.407 Y178.036 E636.3977
G1 X99.269 Y178.467 E636.41275
G1 X98.889 Y179.147 E636.43866
G1 X98.688 Y179.392 E636.4492
G1 X98.176 Y179.772 E636.47041
G1 X97.693 Y180.055 E636.48903
G1 X97.204 Y180.168 E636.50572
G1 X96.53 Y180.221 E636.52821
G1 X96.038 Y180.135 E636.54482
G1 X95.328 Y179.846 E636.57032
G1 X94.999 Y179.619 E636.58361
G1 X94.566 Y179.169 E636.60438
G1 X94.298 Y178.746 E636.62104
G1 X94.106 Y178.297 E636.63728
G1 X93.982 Y177.681 E636.65818
M204 S3000
M205 X10 Y10
G0 F6000 X94.776 Y178.876
G0 X112.266 Y190.844
M204 S1800
M205 X8 Y8
G1 F3000 X112.018 Y190.104 E636.68414
G1 X111.754 Y189.369 E636.71011
G1 X111.429 Y188.602 E636.73782
G1 X110.634 Y186.768 E636.8043
G1 X110.343 Y186.221 E636.82491
G1 X109.059 Y183.956 E636.91151
G1 X108.713 Y183.446 E636.932
G1 X107.194 Y181.332 E637.01858
G1 X106.852 Y180.928 E637.03619
G1 X106.733 Y180.792 E637.0422
G1 X105.059 Y178.923 E637.12565
G1 X104.611 Y178.499 E637.14617
G1 X102.677 Y176.757 E637.23274
G1 X102.186 Y176.384 E637.25325
G1 X100.079 Y174.86 E637.33974
G1 X99.542 Y174.538 E637.36056
G1 X97.287 Y173.25 E637.44694
G1 X96.717 Y172.985 E637.46784
G1 X94.343 Y171.948 E637.55401
G1 X93.781 Y171.759 E637.57373
G1 X91.263 Y170.965 E637.66154
G1 X90.639 Y170.831 E637.68277
G1 X88.119 Y170.327 E637.76825
G1 X87.438 Y170.254 E637.79103
G1 X84.914 Y170.027 E637.87531
G1 X84.224 Y170.028 E637.89826
G1 X81.695 Y170.071 E637.98239
G1 X81.08 Y170.138 E638.00297
G1 X78.501 Y170.459 E638.08941
G1 X77.831 Y170.608 E638.11223
G1 X75.374 Y171.187 E638.19619
G1 X74.685 Y171.417 E638.22035
G1 X72.325 Y172.249 E638.30358
G1 X71.707 Y172.535 E638.32623
G1 X69.412 Y173.631 E638.41082
G1 X68.643 Y174.096 E638.44071
G1 X66.67 Y175.315 E638.51785
G1 X66.137 Y175.721 E638.54013
G1 X64.125 Y177.283 E638.62485
G1 X61.801 Y179.514 E638.732
G1 X59.729 Y181.981 E638.83915
G1 X57.936 Y184.656 E638.94626
G1 X56.441 Y187.506 E639.0533
G1 X55.254 Y190.515 E639.16089
G1 X54.405 Y193.607 E639.26753
G1 X53.888 Y196.787 E639.37469
G1 X53.729 Y199.766 E639.47391
G1 X53.716 Y200.002 E639.48177
G1 X53.886 Y203.146 E639.5865
G1 X54.042 Y204.153 E639.62039
G1 X54.406 Y206.394 E639.6959
G1 X55.257 Y209.486 E639.80257
G1 X56.442 Y212.495 E639.91013
G1 X57.937 Y215.345 E640.01717
G1 X59.73 Y218.02 E640.12428
G1 X61.802 Y220.487 E640.23143
G1 X64.126 Y222.718 E640.33858
G1 X66.23 Y224.351 E640.42716
G1 X66.671 Y224.685 E640.44556
G1 X68.886 Y226.052 E640.53214
G1 X69.414 Y226.37 E640.55264
G1 X71.86 Y227.536 E640.64276
G1 X72.326 Y227.752 E640.65984
G1 X74.884 Y228.651 E640.75002
G1 X75.361 Y228.812 E640.76677
G1 X77.959 Y229.421 E640.85552
G1 X78.5 Y229.542 E640.87396
G1 X81.082 Y229.863 E640.9605
G1 X81.697 Y229.93 E640.98107
G1 X84.297 Y229.973 E641.06756
G1 X84.914 Y229.973 E641.08808
G1 X87.506 Y229.739 E641.17464
G1 X88.121 Y229.672 E641.19522
G1 X90.672 Y229.161 E641.28175
G1 X91.277 Y229.027 E641.30236
G1 X93.781 Y228.24 E641.38966
G1 X94.341 Y228.05 E641.40933
G1 X95.343 Y227.614 E641.44568
G1 X96.736 Y227.006 E641.49623
G1 X97.288 Y226.748 E641.51649
G1 X99.045 Y225.744 E641.5838
G1 X99.547 Y225.46 E641.60298
G1 X100.075 Y225.14 E641.62352
G1 X102.2 Y223.604 E641.71073
G1 X102.678 Y223.24 E641.73071
G1 X104.643 Y221.468 E641.81872
G1 X105.06 Y221.073 E641.83782
G1 X106.797 Y219.137 E641.92433
G1 X107.198 Y218.664 E641.94495
G1 X108.714 Y216.552 E642.03142
G1 X109.062 Y216.039 E642.05204
G1 X110.344 Y213.777 E642.13852
G1 X110.635 Y213.231 E642.1591
G1 X111.662 Y210.858 E642.2451
G1 X112.222 Y209.321 E642.29951
G1 X112.405 Y209.013 E642.31142
G1 X112.686 Y208.79 E642.32335
G1 X113.007 Y208.683 E642.33461
G1 X113.16 Y208.671 E642.33971
G1 X117.211 Y208.672 E642.47445
G1 X128.714 Y208.601 E642.85705
G1 X128.714 Y201.097 E643.10663
G1 X128.388 Y201.664 E643.12838
G1 X128.027 Y202.053 E643.14604
G1 X127.371 Y202.482 E643.17211
G1 X126.859 Y202.661 E643.19015
G1 X126.081 Y202.735 E643.21614
G1 X125.753 Y202.707 E643.22709
G1 X125.394 Y202.604 E643.23951
G1 X124.828 Y202.363 E643.25997
G1 X124.499 Y202.136 E643.27327
G1 X124.066 Y201.686 E643.29404
G1 X123.904 Y201.462 E643.30323
G1 X123.642 Y200.947 E643.32245
G1 X123.482 Y200.198 E643.34792
G1 X123.47 Y199.876 E643.35864
G1 X123.529 Y199.504 E643.37117
G1 X123.702 Y198.907 E643.39184
G1 X123.843 Y198.612 E643.40272
G1 X124.064 Y198.317 E643.41498
G1 X124.493 Y197.869 E643.43561
G1 X124.754 Y197.673 E643.44646
G1 X125.092 Y197.511 E643.45893
G1 X125.683 Y197.313 E643.47966
G1 X126.006 Y197.262 E643.49053
G1 X126.378 Y197.275 E643.50292
G1 X126.996 Y197.375 E643.52374
G1 X127.498 Y197.583 E643.54181
G1 X128.128 Y198.043 E643.56776
G1 X128.469 Y198.447 E643.58534
G1 X128.714 Y198.933 E643.60344
G1 X128.714 Y191.405 E643.85382
G1 X113.159 Y191.395 E644.37119
G1 X112.802 Y191.328 E644.38327
G1 X112.483 Y191.131 E644.39574
G1 X112.266 Y190.844 E644.4077
M204 S3000
M205 X10 Y10
G0 F6000 X112.09 Y191.265
M204 S1800
M205 X8 Y8
;TYPE:SKIN
G1 F1200 X111.848 Y190.827 E644.42435
G1 X111.657 Y190.223 E644.44542
G1 X111.369 Y189.433 E644.47338
G1 X110.458 Y187.318 E644.54998
G1 X110.093 Y186.563 E644.57787
G1 X108.916 Y184.477 E644.65753
G1 X108.47 Y183.765 E644.68548
G1 X106.893 Y181.566 E644.77548
G1 X106.564 Y181.176 E644.79245
G1 X104.786 Y179.188 E644.88116
G1 X104.354 Y178.781 E644.9009
G1 X102.435 Y177.052 E644.98681
G1 X101.962 Y176.695 E645.00652
G1 X99.889 Y175.194 E645.09164
G1 F1121.5 X99.419 Y174.942 E645.11062
G1 F1073.8 X98.616 Y174.469 E645.14526
G1 F1095.9 X98.151 Y174.204 E645.16475
G1 F1118.9 X97.684 Y173.926 E645.18414
G1 F1173.6 X97.217 Y173.648 E645.20262
G1 F1200 X96.716 Y173.404 E645.22116
G1 X94.205 Y172.302 E645.31236
G1 X93.643 Y172.113 E645.33208
G1 X91.342 Y171.388 E645.41233
G1 X90.839 Y171.264 E645.42956
G1 X88.488 Y170.79 E645.50932
G1 X87.976 Y170.703 E645.5266
G1 X86.949 Y170.597 E645.56094
G1 X84.896 Y170.407 E645.62951
G1 X84.223 Y170.408 E645.6519
G1 X82.202 Y170.442 E645.71912
G1 X81.24 Y170.503 E645.75118
G1 X78.569 Y170.834 E645.8407
G1 X75.937 Y171.446 E645.93058
G1 X75.034 Y171.699 E645.96177
G1 X72.47 Y172.601 E646.05217
G1 X71.926 Y172.854 E646.07213
G1 X69.59 Y173.968 E646.1582
G1 X69.112 Y174.255 E646.17675
G1 X66.888 Y175.63 E646.26371
G1 X66.416 Y175.99 E646.28346
G1 X64.374 Y177.573 E646.36939
G1 X62.079 Y179.775 E646.47518
G1 X60.032 Y182.212 E646.58103
G1 X58.263 Y184.852 E646.68673
G1 X56.788 Y187.667 E646.79243
G1 X55.61 Y190.651 E646.89913
G1 X54.778 Y193.689 E647.0039
G1 X54.267 Y196.83 E647.10974
G1 X54.168 Y198.694 E647.17183
G1 F1103.4 X54.17 Y199.306 E647.19396
G1 F1052.6 X54.123 Y199.932 E647.21777
G1 F1086 X54.12 Y199.978 E647.21946
G1 F1025.6 X54.197 Y200.944 E647.25717
G1 F1073.8 X54.2 Y201.878 E647.29189
G1 F1200 X54.269 Y203.17 E647.33492
G1 X54.778 Y206.311 E647.44075
G1 X55.615 Y209.35 E647.54559
G1 X56.789 Y212.334 E647.65225
G1 X58.264 Y215.149 E647.75795
G1 X60.033 Y217.789 E647.86364
G1 X62.08 Y220.226 E647.9695
G1 X64.375 Y222.428 E648.07528
G1 X66.36 Y223.971 E648.15891
G1 X66.89 Y224.371 E648.18099
G1 X69.054 Y225.706 E648.26556
G1 X69.595 Y226.033 E648.28659
G1 X72.471 Y227.399 E648.39248
G1 X74.765 Y228.207 E648.47338
G1 X75.48 Y228.451 E648.4985
G1 X78.567 Y229.167 E648.6039
G1 X81.047 Y229.476 E648.68703
G1 X81.723 Y229.551 E648.70965
G1 X84.285 Y229.592 E648.79487
G1 X84.896 Y229.592 E648.81519
G1 X87.458 Y229.361 E648.90075
G1 X88.062 Y229.296 E648.92096
G1 X90.106 Y228.887 E648.99029
G1 X91.18 Y228.66 E649.0268
G1 X93.473 Y227.939 E649.10675
G1 X94.21 Y227.695 E649.13257
G1 X96.248 Y226.802 E649.20657
G1 X97.09 Y226.42 E649.23732
G1 F1129.4 X97.942 Y225.905 E649.27251
G1 F1069 X98.832 Y225.4 E649.31071
G1 F1021.3 X99.297 Y225.109 E649.33215
G1 F1076.2 X99.798 Y224.863 E649.35285
G1 F1200 X100.284 Y224.517 E649.37269
G1 X101.805 Y223.42 E649.43506
G1 X102.436 Y222.945 E649.46133
G1 X104.256 Y221.306 E649.54279
G1 X104.788 Y220.807 E649.56705
G1 X106.452 Y218.952 E649.64994
G1 X106.899 Y218.429 E649.67282
G1 X108.332 Y216.433 E649.75454
G1 X108.739 Y215.838 E649.77852
G1 X109.991 Y213.621 E649.8632
G1 X110.292 Y213.063 E649.88429
G1 X111.31 Y210.715 E649.96941
G1 X111.866 Y209.19 E650.0234
G1 X111.946 Y209.015 E650.0298
G1 X112.25 Y208.636 E650.04596
G1 X112.616 Y208.405 E650.06035
G1 X113.055 Y208.295 E650.07541
G1 X117.035 Y208.291 E650.20778
G1 X128.334 Y208.223 E650.58359
G1 X128.334 Y202.282 E650.78119
G1 X127.572 Y202.805 E650.81193
G1 X127.148 Y202.984 E650.82724
G1 X126.73 Y203.065 E650.8414
G1 X125.948 Y203.116 E650.86747
G1 X125.273 Y202.963 E650.89049
G1 X124.677 Y202.714 E650.91197
G1 X124.252 Y202.424 E650.92908
G1 X123.683 Y201.819 E650.95671
G1 X123.37 Y201.268 E650.97778
G1 X123.209 Y200.765 E650.99535
G1 X123.085 Y200.041 E651.01978
G1 X123.158 Y199.426 E651.04038
G1 X123.431 Y198.567 E651.07036
G1 X123.771 Y198.074 E651.09027
G1 X124.358 Y197.48 E651.11805
G1 X124.94 Y197.164 E651.14008
G1 X125.733 Y196.908 E651.16779
G1 X126.406 Y196.897 E651.19018
G1 X127.059 Y197 E651.21217
G1 X127.495 Y197.15 E651.2275
G1 X127.868 Y197.369 E651.24189
G1 X128.333 Y197.749 E651.26186
G1 X128.333 Y191.787 E651.46016
G1 X113.151 Y191.775 E651.96512
G1 X112.917 Y191.751 E651.97294
G1 X112.474 Y191.59 E651.98862
G1 X112.09 Y191.265 E652.00535
M204 S3000
M205 X10 Y10
G0 F6000 X95.095 Y179.237
G0 X93.584 Y177.464
M204 S1800
M205 X8 Y8
G1 F1200 X93.659 Y176.904 E652.02414
G1 X93.811 Y176.41 E652.04133
G1 X93.937 Y176.037 E652.05443
G1 X94.27 Y175.561 E652.07375
G1 X94.718 Y175.089 E652.09539
G1 X95.087 Y174.816 E652.11066
G1 X95.47 Y174.635 E652.12475
G1 X96.055 Y174.437 E652.14529
G1 X96.515 Y174.365 E652.16077
G1 X96.958 Y174.387 E652.17553
G1 X97.56 Y174.482 E652.1958
G1 F1148.3 X98.002 Y174.616 E652.21185
G1 F1100.9 X98.374 Y174.832 E652.22745
G1 F1034.5 X99.003 Y175.285 E652.25735
G1 F1076.2 X99.312 Y175.785 E652.27915
G1 F1200 X99.663 Y176.472 E652.30481
G1 X99.789 Y176.914 E652.3201
G1 X99.804 Y177.744 E652.34771
G1 X99.711 Y178.368 E652.36869
G1 X99.531 Y178.799 E652.38422
G1 X99.174 Y179.407 E652.40768
G1 X98.793 Y179.808 E652.42607
G1 X98.38 Y180.094 E652.44278
G1 X97.805 Y180.419 E652.46475
G1 X97.263 Y180.544 E652.48325
G1 X96.374 Y180.593 E652.51286
G1 X95.776 Y180.447 E652.53334
G1 X95.31 Y180.253 E652.55013
G1 X94.793 Y179.947 E652.57011
G1 X94.292 Y179.433 E652.59398
G1 X94.064 Y179.118 E652.60691
G1 X93.795 Y178.581 E652.62689
G1 X93.66 Y178.007 E652.6465
G1 X93.584 Y177.464 E652.66474
M204 S3000
M205 X10 Y10
G0 F6000 X77.339 Y194.917
G0 X76.465 Y196.308
G0 X74.835 Y199.963
M204 S1800
M205 X8 Y8
G1 F1200 X74.909 Y199.261 E652.68822
G1 X75.031 Y198.162 E652.72499
G1 X75.181 Y197.635 E652.74322
G1 X75.42 Y196.955 E652.76719
G1 X75.719 Y196.13 E652.79638
G1 X76.008 Y195.663 E652.81464
G1 X76.686 Y194.579 E652.85717
G1 X77.026 Y194.2 E652.8741
G1 X78.07 Y193.151 E652.92333
G1 X78.313 Y192.965 E652.93351
G1 X79.741 Y192.064 E652.98966
G1 X79.914 Y191.975 E652.99614
G1 X81.603 Y191.38 E653.0557
G1 X81.779 Y191.334 E653.06175
G1 X83.502 Y191.135 E653.11943
G1 X83.796 Y191.122 E653.12922
G1 X84.607 Y191.21 E653.15635
G1 X85.69 Y191.341 E653.19264
G1 X86.495 Y191.617 E653.22094
G1 X87.07 Y191.817 E653.24119
G1 X87.574 Y192.002 E653.25905
G1 X88.128 Y192.344 E653.2807
G1 X88.665 Y192.678 E653.30174
G1 X89.278 Y193.081 E653.32614
G1 X89.961 Y193.755 E653.35805
G1 X90.69 Y194.508 E653.39291
G1 X91.165 Y195.255 E653.42235
G1 X91.463 Y195.729 E653.44097
G1 X91.735 Y196.19 E653.45878
G1 X91.92 Y196.713 E653.47723
G1 X92.159 Y197.392 E653.50117
G1 X92.384 Y198.086 E653.52544
G1 X92.492 Y199.014 E653.55651
G1 X92.593 Y200.053 E653.59123
G1 X92.518 Y200.747 E653.61445
G1 X92.38 Y201.955 E653.65489
G1 X92.283 Y202.243 E653.66499
G1 X91.862 Y203.458 E653.70776
G1 X91.696 Y203.891 E653.72319
G1 X90.993 Y205.018 E653.76736
G1 X90.612 Y205.592 E653.79028
G1 X89.939 Y206.266 E653.82196
G1 X89.182 Y206.994 E653.85689
G1 X88.328 Y207.533 E653.89048
G1 X87.456 Y208.044 E653.92409
G1 X86.606 Y208.345 E653.95409
G1 X85.645 Y208.666 E653.98778
G1 X84.702 Y208.777 E654.01937
G1 X83.667 Y208.879 E654.05396
G1 X83.412 Y208.855 E654.06248
G1 X81.875 Y208.682 E654.11392
G1 X81.526 Y208.591 E654.12591
G1 X79.992 Y208.057 E654.17994
G1 X79.684 Y207.899 E654.19145
G1 X78.283 Y207.022 E654.24643
G1 X78.103 Y206.882 E654.25401
G1 X77.007 Y205.786 E654.30556
G1 X76.72 Y205.471 E654.31974
G1 X75.989 Y204.311 E654.36534
G1 X75.685 Y203.795 E654.38526
G1 X75.306 Y202.72 E654.42317
G1 X75.045 Y201.922 E654.4511
G1 X74.936 Y200.989 E654.48234
G1 X74.835 Y199.963 E654.51663
M204 S3000
M205 X10 Y10
G0 F6000 X57.758 Y202.387
G0 X56.645 Y202.136
G0 X54.565 Y200.04
M204 S1800
M205 X8 Y8
G1 F1059.6 X54.626 Y199.419 E654.54013
G1 F1111.1 X54.834 Y198.807 E654.56335
G1 F1200 X55.039 Y198.383 E654.57902
G1 X55.288 Y198.055 E654.59271
G1 X55.73 Y197.593 E654.61398
G1 X56.081 Y197.335 E654.62847
G1 X56.468 Y197.152 E654.64271
G1 X57.056 Y196.953 E654.66335
G1 X57.517 Y196.882 E654.67887
G1 X57.944 Y196.901 E654.69308
G1 X58.758 Y197.05 E654.72061
G1 X59.316 Y197.334 E654.74143
G1 X59.91 Y197.781 E654.76616
G1 X60.272 Y198.217 E654.785
G1 X60.507 Y198.664 E654.8018
G1 X60.746 Y199.213 E654.82172
G1 X60.818 Y199.82 E654.84205
G1 X60.756 Y200.738 E654.87265
G1 X60.542 Y201.292 E654.8924
G1 X60.07 Y202.054 E654.92221
G1 X59.623 Y202.454 E654.94216
G1 X58.825 Y202.925 E654.97298
G1 X58.259 Y203.061 E654.99235
G1 X57.61 Y203.114 E655.014
G1 X57.148 Y203.073 E655.02943
G1 X56.741 Y202.953 E655.04354
G1 X56.18 Y202.715 E655.06381
G1 X55.762 Y202.438 E655.08049
G1 X55.294 Y201.952 E655.10293
G1 X55.066 Y201.638 E655.11584
G1 F1066.7 X54.693 Y200.929 E655.14581
G1 F1019.1 X54.565 Y200.04 E655.18099
M204 S3000
M205 X10 Y10
G0 F6000 X56.345 Y201.978
G0 X93.586 Y222.566
M204 S1800
M205 X8 Y8
G1 F1200 X93.656 Y221.944 E655.20181
G1 X93.806 Y221.467 E655.21844
G1 X93.957 Y221.032 E655.23375
G1 X94.273 Y220.59 E655.25183
G1 X94.872 Y219.987 E655.28009
G1 X95.394 Y219.698 E655.29994
G1 X96.06 Y219.469 E655.32336
G1 X96.52 Y219.399 E655.33884
G1 X97.103 Y219.443 E655.35829
G1 X97.797 Y219.579 E655.38181
G1 X98.271 Y219.819 E655.39948
G1 X98.858 Y220.257 E655.42384
G1 X99.122 Y220.518 E655.43618
G1 X99.393 Y220.939 E655.45284
G1 X99.66 Y221.501 E655.47353
G1 X99.785 Y221.92 E655.48808
G1 X99.816 Y222.382 E655.50348
G1 X99.795 Y222.982 E655.52344
G1 X99.702 Y223.437 E655.53889
G1 X99.528 Y223.835 E655.55334
G1 X99.267 Y224.287 E655.5707
G1 F1078.7 X98.969 Y224.741 E655.59079
G1 F1023.5 X98.608 Y225.012 E655.6084
G1 F1078.7 X97.844 Y225.46 E655.64117
G1 F1140.1 X97.258 Y225.578 E655.66209
G1 F1200 X96.423 Y225.631 E655.68992
G1 X95.773 Y225.479 E655.71212
G1 X95.183 Y225.232 E655.7334
G1 X94.759 Y224.951 E655.75031
G1 X94.398 Y224.568 E655.76782
G1 X94.064 Y224.154 E655.78551
G1 X93.819 Y223.652 E655.80409
G1 X93.733 Y223.401 E655.81292
G1 X93.586 Y222.566 E655.84112
M204 S3000
M205 X10 Y10
G0 F6000 X62.039 Y219.865
M204 S1800
M205 X8 Y8
G1 F1200 X63.102 Y220.929 E655.89114
G1 X63.172 Y220.999
M204 S3000
M205 X10 Y10
G0 F6000 X66.752 Y224.012
M204 S1800
M205 X8 Y8
G1 F1200 X59.756 Y217.016 E656.22021
G1 X59.686 Y216.946
M204 S3000
M205 X10 Y10
G0 F6000 X58.607 Y215.302
M204 S1800
M205 X8 Y8
G1 F1200 X68.318 Y225.013 E656.67698
G1 X68.388 Y225.083
M204 S3000
M205 X10 Y10
G0 F6000 X69.76 Y225.889
M204 S1800
M205 X8 Y8
G1 F1200 X57.906 Y214.035 E657.23456
G1 X57.836 Y213.965
M204 S3000
M205 X10 Y10
G0 F6000 X57.283 Y212.846
M204 S1800
M205 X8 Y8
G1 F1200 X70.837 Y226.401 E657.87212
G1 X70.907 Y226.471
M204 S3000
M205 X10 Y10
G0 F6000 X71.916 Y226.914
M204 S1800
M205 X8 Y8
G1 F1200 X56.787 Y211.785 E658.58374
G1 X56.717 Y211.715
M204 S3000
M205 X10 Y10
G0 F6000 X56.42 Y210.852
M204 S1800
M205 X8 Y8
G1 F1200 X72.909 Y227.341 E659.35934
G1 X72.979 Y227.411
M204 S3000
M205 X10 Y10
G0 F6000 X73.781 Y227.648
M204 S1800
M205 X8 Y8
G1 F1200 X56.053 Y209.92 E660.19321
G1 X55.983 Y209.85
M204 S3000
M205 X10 Y10
G0 F6000 X55.735 Y209.036
M204 S1800
M205 X8 Y8
G1 F1200 X74.654 Y227.954 E661.08308
G1 X74.724 Y228.024
M204 S3000
M205 X10 Y10
G0 F6000 X75.515 Y228.25
M204 S1800
M205 X8 Y8
G1 F1200 X55.52 Y208.255 E662.02358
G1 X55.45 Y208.185
M204 S3000
M205 X10 Y10
G0 F6000 X55.305 Y207.475
M204 S1800
M205 X8 Y8
G1 F1200 X76.255 Y228.424 E663.00898
M204 S3000
M205 X10 Y10
G0 F6000 X76.991 Y228.595
M204 S1800
M205 X8 Y8
G1 F1200 X55.09 Y206.694 E664.03914
M204 S3000
M205 X10 Y10
G0 F6000 X54.923 Y205.961
M204 S1800
M205 X8 Y8
G1 F1200 X77.728 Y228.766 E665.11181
M204 S3000
M205 X10 Y10
G0 F6000 X78.465 Y228.937
M204 S1800
M205 X8 Y8
G1 F1200 X54.814 Y205.286 E666.22428
M204 S3000
M205 X10 Y10
G0 F6000 X54.704 Y204.611
M204 S1800
M205 X8 Y8
G1 F1200 X79.128 Y229.034 E667.37309
M204 S3000
M205 X10 Y10
G0 F6000 X79.773 Y229.114
M204 S1800
M205 X8 Y8
G1 F1200 X54.595 Y203.935 E668.55741
M204 S3000
M205 X10 Y10
G0 F6000 X54.485 Y203.26
M204 S1800
M205 X8 Y8
G1 F1200 X80.419 Y229.195 E669.77729
M204 S3000
M205 X10 Y10
G0 F6000 X81.064 Y229.274
M204 S1800
M205 X8 Y8
G1 F1200 X54.44 Y202.65 E671.0296
M204 S3000
M205 X10 Y10
G0 F6000 X54.409 Y202.052
M204 S1800
M205 X8 Y8
G1 F1200 X81.701 Y229.345 E672.31336
M204 S3000
M205 X10 Y10
G0 F6000 X82.28 Y229.358
M204 S1800
M205 X8 Y8
G1 F1200 X54.377 Y201.456 E673.6258
G1 X54.307 Y201.386
M204 S3000
M205 X10 Y10
G0 F6000 X54.607 Y198.857
M204 S1800
M205 X8 Y8
G1 F1200 X54.37 Y198.62 E673.63695
M204 S3000
M205 X10 Y10
G0 F6000 X54.78 Y198.464
M204 S1800
M205 X8 Y8
G1 F1200 X54.401 Y198.085 E673.65478
M204 S3000
M205 X10 Y10
G0 F6000 X54.431 Y197.55
M204 S1800
M205 X8 Y8
G1 F1200 X54.995 Y198.113 E673.68128
M204 S3000
M205 X10 Y10
G0 F6000 X55.251 Y197.804
M204 S1800
M205 X8 Y8
G1 F1200 X54.461 Y197.014 E673.71844
M204 S3000
M205 X10 Y10
G0 F6000 X54.522 Y196.509
M204 S1800
M205 X8 Y8
G1 F1200 X55.526 Y197.514 E673.76569
M204 S3000
M205 X10 Y10
G0 F6000 X55.839 Y197.26
M204 S1800
M205 X8 Y8
G1 F1200 X54.601 Y196.022 E673.82392
M204 S3000
M205 X10 Y10
G0 F6000 X54.68 Y195.536
M204 S1800
M205 X8 Y8
G1 F1200 X56.201 Y197.057 E673.89547
M204 S3000
M205 X10 Y10
G0 F6000 X56.605 Y196.895
M204 S1800
M205 X8 Y8
G1 F1200 X54.759 Y195.049 E673.9823
M204 S3000
M205 X10 Y10
G0 F6000 X54.838 Y194.562
M204 S1800
M205 X8 Y8
G1 F1200 X57.031 Y196.755 E674.08545
M204 S3000
M205 X10 Y10
G0 F6000 X57.528 Y196.687
M204 S1800
M205 X8 Y8
G1 F1200 X54.917 Y194.076 E674.20826
M204 S3000
M205 X10 Y10
G0 F6000 X55.008 Y193.601
M204 S1800
M205 X8 Y8
G1 F1200 X58.143 Y196.736 E674.35572
M204 S3000
M205 X10 Y10
G0 F6000 X58.853 Y196.881
M204 S1800
M205 X8 Y8
G1 F1200 X55.13 Y193.157 E674.53086
M204 S3000
M205 X10 Y10
G0 F6000 X55.251 Y192.713
M204 S1800
M205 X8 Y8
G1 F1200 X91.025 Y228.486 E676.21354
M204 S3000
M205 X10 Y10
G0 F6000 X91.463 Y228.359
M204 S1800
M205 X8 Y8
G1 F1200 X55.373 Y192.269 E677.9111
M204 S3000
M205 X10 Y10
G0 F6000 X55.495 Y191.825
M204 S1800
M205 X8 Y8
G1 F1200 X91.894 Y228.224 E679.6232
M204 S3000
M205 X10 Y10
G0 F6000 X92.324 Y228.089
M204 S1800
M205 X8 Y8
G1 F1200 X55.616 Y191.381 E681.34983
M204 S3000
M205 X10 Y10
G0 F6000 X55.738 Y190.937
M204 S1800
M205 X8 Y8
G1 F1200 X92.755 Y227.954 E683.091
M204 S3000
M205 X10 Y10
G0 F6000 X93.186 Y227.819
M204 S1800
M205 X8 Y8
G1 F1200 X55.879 Y190.512 E684.84581
M204 S3000
M205 X10 Y10
G0 F6000 X56.038 Y190.106
M204 S1800
M205 X8 Y8
G1 F1200 X93.613 Y227.68 E686.61319
M204 S3000
M205 X10 Y10
G0 F6000 X94.038 Y227.539
M204 S1800
M205 X8 Y8
G1 F1200 X56.199 Y189.701 E688.393
M204 S3000
M205 X10 Y10
G0 F6000 X56.359 Y189.295
M204 S1800
M205 X8 Y8
G1 F1200 X94.439 Y227.375 E690.18417
M204 S3000
M205 X10 Y10
G0 F6000 X94.832 Y227.203
M204 S1800
M205 X8 Y8
G1 F1200 X56.519 Y188.89 E691.98629
M204 S3000
M205 X10 Y10
G0 F6000 X56.679 Y188.484
M204 S1800
M205 X8 Y8
G1 F1200 X95.226 Y227.03 E693.7994
M204 S3000
M205 X10 Y10
G0 F6000 X95.619 Y226.858
M204 S1800
M205 X8 Y8
G1 F1200 X56.839 Y188.078 E695.6235
M204 S3000
M205 X10 Y10
G0 F6000 X57.006 Y187.679
M204 S1800
M205 X8 Y8
G1 F1200 X96.01 Y226.684 E697.45815
M204 S3000
M205 X10 Y10
G0 F6000 X96.401 Y226.508
M204 S1800
M205 X8 Y8
G1 F1200 X95.45 Y225.558 E697.50286
G1 X95.38 Y225.488
M204 S3000
M205 X10 Y10
G0 F6000 X96.265 Y225.807
M204 S1800
M205 X8 Y8
G1 F1200 X96.783 Y226.325 E697.52722
M204 S3000
M205 X10 Y10
G0 F6000 X97.159 Y226.135
M204 S1800
M205 X8 Y8
G1 F1200 X96.828 Y225.804 E697.54279
M204 S3000
M205 X10 Y10
G0 F6000 X97.345 Y225.756
M204 S1800
M205 X8 Y8
G1 F1200 X97.517 Y225.928 E697.55088
M204 S3000
M205 X10 Y10
G0 F6000 X99.417 Y224.433
M204 S1800
M205 X8 Y8
G1 F1200 X99.679 Y224.695 E697.5632
M204 S3000
M205 X10 Y10
G0 F6000 X100.011 Y224.461
M204 S1800
M205 X8 Y8
G1 F1200 X99.62 Y224.071 E697.58157
M204 S3000
M205 X10 Y10
G0 F6000 X99.805 Y223.69
M204 S1800
M205 X8 Y8
G1 F1200 X100.34 Y224.225 E697.60674
M204 S3000
M205 X10 Y10
G0 F6000 X100.669 Y223.988
M204 S1800
M205 X8 Y8
G1 F1200 X99.943 Y223.262 E697.64089
M204 S3000
M205 X10 Y10
G0 F6000 X100.001 Y222.755
M204 S1800
M205 X8 Y8
G1 F1200 X100.998 Y223.751 E697.68776
M204 S3000
M205 X10 Y10
G0 F6000 X101.327 Y223.515
M204 S1800
M205 X8 Y8
G1 F1200 X100.013 Y222.201 E697.74957
M204 S3000
M205 X10 Y10
G0 F6000 X99.863 Y221.485
M204 S1800
M205 X8 Y8
G1 F1200 X101.656 Y223.278 E697.8339
M204 S3000
M205 X10 Y10
G0 F6000 X101.979 Y223.036
M204 S1800
M205 X8 Y8
G1 F1200 X87.266 Y208.323 E698.52596
M204 S3000
M205 X10 Y10
G0 F6000 X87.664 Y208.155
M204 S1800
M205 X8 Y8
G1 F1200 X102.299 Y222.79 E699.21434
M204 S3000
M205 X10 Y10
G0 F6000 X102.597 Y222.522
M204 S1800
M205 X8 Y8
G1 F1200 X88.024 Y207.949 E699.89981
M204 S3000
M205 X10 Y10
G0 F6000 X88.377 Y207.736
M204 S1800
M205 X8 Y8
G1 F1200 X102.896 Y222.255 E700.58274
M204 S3000
M205 X10 Y10
G0 F6000 X103.194 Y221.988
M204 S1800
M205 X8 Y8
G1 F1200 X88.723 Y207.517 E701.26341
M204 S3000
M205 X10 Y10
G0 F6000 X89.069 Y207.297
M204 S1800
M205 X8 Y8
G1 F1200 X103.492 Y221.721 E701.94185
M204 S3000
M205 X10 Y10
G0 F6000 X103.791 Y221.453
M204 S1800
M205 X8 Y8
G1 F1200 X89.4 Y207.062 E702.61876
M204 S3000
M205 X10 Y10
G0 F6000 X89.688 Y206.784
M204 S1800
M205 X8 Y8
G1 F1200 X104.086 Y221.183 E703.29602
M204 S3000
M205 X10 Y10
G0 F6000 X104.38 Y220.911
M204 S1800
M205 X8 Y8
G1 F1200 X89.976 Y206.507 E703.97354
M204 S3000
M205 X10 Y10
G0 F6000 X90.26 Y206.225
M204 S1800
M205 X8 Y8
G1 F1200 X104.671 Y220.637 E704.65141
M204 S3000
M205 X10 Y10
G0 F6000 X104.939 Y220.339
M204 S1800
M205 X8 Y8
G1 F1200 X90.541 Y205.941 E705.32865
M204 S3000
M205 X10 Y10
G0 F6000 X90.814 Y205.648
M204 S1800
M205 X8 Y8
G1 F1200 X105.206 Y220.041 E706.00563
M204 S3000
M205 X10 Y10
G0 F6000 X105.474 Y219.743
M204 S1800
M205 X8 Y8
G1 F1200 X91.039 Y205.308 E706.68461
M204 S3000
M205 X10 Y10
G0 F6000 X91.261 Y204.964
M204 S1800
M205 X8 Y8
G1 F1200 X105.742 Y219.444 E707.36573
M204 S3000
M205 X10 Y10
G0 F6000 X106.009 Y219.146
M204 S1800
M205 X8 Y8
G1 F1200 X91.477 Y204.614 E708.04927
M204 S3000
M205 X10 Y10
G0 F6000 X91.694 Y204.265
M204 S1800
M205 X8 Y8
G1 F1200 X106.276 Y218.847 E708.73516
M204 S3000
M205 X10 Y10
G0 F6000 X106.536 Y218.542
M204 S1800
M205 X8 Y8
G1 F1200 X91.905 Y203.911 E709.42336
M204 S3000
M205 X10 Y10
G0 F6000 X92.058 Y203.498
M204 S1800
M205 X8 Y8
G1 F1200 X106.792 Y218.232 E710.1164
M204 S3000
M205 X10 Y10
G0 F6000 X107.029 Y217.903
M204 S1800
M205 X8 Y8
G1 F1200 X92.203 Y203.077 E710.81377
M204 S3000
M205 X10 Y10
G0 F6000 X92.348 Y202.656
M204 S1800
M205 X8 Y8
G1 F1200 X107.265 Y217.574 E711.51544
M204 S3000
M205 X10 Y10
G0 F6000 X107.502 Y217.245
M204 S1800
M205 X8 Y8
G1 F1200 X92.492 Y202.235 E712.22147
M204 S3000
M205 X10 Y10
G0 F6000 X92.599 Y201.777
M204 S1800
M205 X8 Y8
G1 F1200 X107.738 Y216.915 E712.93353
M204 S3000
M205 X10 Y10
G0 F6000 X107.974 Y216.586
M204 S1800
M205 X8 Y8
G1 F1200 X92.657 Y201.269 E713.654
M204 S3000
M205 X10 Y10
G0 F6000 X92.715 Y200.761
M204 S1800
M205 X8 Y8
G1 F1200 X108.208 Y216.254 E714.38274
M204 S3000
M205 X10 Y10
G0 F6000 X108.439 Y215.92
M204 S1800
M205 X8 Y8
G1 F1200 X92.773 Y200.254 E715.11962
M204 S3000
M205 X10 Y10
G0 F6000 X92.754 Y199.668
M204 S1800
M205 X8 Y8
G1 F1200 X108.658 Y215.573 E715.86772
M204 S3000
M205 X10 Y10
G0 F6000 X108.863 Y215.212
M204 S1800
M205 X8 Y8
G1 F1200 X92.695 Y199.044 E716.62822
M204 S3000
M205 X10 Y10
G0 F6000 X92.62 Y198.403
M204 S1800
M205 X8 Y8
G1 F1200 X109.067 Y214.85 E717.40183
M204 S3000
M205 X10 Y10
G0 F6000 X109.272 Y214.489
M204 S1800
M205 X8 Y8
G1 F1200 X92.461 Y197.679 E718.19255
G1 X92.391 Y197.609
M204 S3000
M205 X10 Y10
G0 F6000 X92.167 Y196.819
M204 S1800
M205 X8 Y8
G1 F1200 X109.476 Y214.128 E719.00671
M204 S3000
M205 X10 Y10
G0 F6000 X109.68 Y213.766
M204 S1800
M205 X8 Y8
G1 F1200 X91.771 Y195.857 E719.84909
G1 X91.701 Y195.787
M204 S3000
M205 X10 Y10
G0 F6000 X90.354 Y193.875
M204 S1800
M205 X8 Y8
G1 F1200 X109.88 Y213.401 E720.76754
M204 S3000
M205 X10 Y10
G0 F6000 X110.08 Y213.035
M204 S1800
M205 X8 Y8
G1 F1200 X70.705 Y173.659 E722.61964
M204 S3000
M205 X10 Y10
G0 F6000 X71.088 Y173.477
M204 S1800
M205 X8 Y8
G1 F1200 X110.255 Y212.644 E724.46193
M204 S3000
M205 X10 Y10
G0 F6000 X110.426 Y212.25
M204 S1800
M205 X8 Y8
G1 F1200 X71.472 Y173.295 E726.29423
M204 S3000
M205 X10 Y10
G0 F6000 X71.855 Y173.113
M204 S1800
M205 X8 Y8
G1 F1200 X110.597 Y211.855 E728.11654
M204 S3000
M205 X10 Y10
G0 F6000 X110.768 Y211.46
M204 S1800
M205 X8 Y8
G1 F1200 X72.239 Y172.931 E729.92883
M204 S3000
M205 X10 Y10
G0 F6000 X72.629 Y172.756
M204 S1800
M205 X8 Y8
G1 F1200 X110.94 Y211.066 E731.73083
M204 S3000
M205 X10 Y10
G0 F6000 X111.111 Y210.671
M204 S1800
M205 X8 Y8
G1 F1200 X73.048 Y172.609 E733.52118
M204 S3000
M205 X10 Y10
G0 F6000 X73.466 Y172.461
M204 S1800
M205 X8 Y8
G1 F1200 X111.263 Y210.258 E735.29903
M204 S3000
M205 X10 Y10
G0 F6000 X111.414 Y209.843
M204 S1800
M205 X8 Y8
G1 F1200 X73.885 Y172.314 E737.06428
M204 S3000
M205 X10 Y10
G0 F6000 X74.304 Y172.167
M204 S1800
M205 X8 Y8
G1 F1200 X111.565 Y209.429 E738.81695
M204 S3000
M205 X10 Y10
G0 F6000 X111.722 Y209.02
M204 S1800
M205 X8 Y8
G1 F1200 X74.722 Y172.02 E740.55731
M204 S3000
M205 X10 Y10
G0 F6000 X75.144 Y171.876
M204 S1800
M205 X8 Y8
G1 F1200 X111.951 Y208.684 E742.28863
M204 S3000
M205 X10 Y10
G0 F6000 X112.243 Y208.409
M204 S1800
M205 X8 Y8
G1 F1200 X75.585 Y171.751 E744.01291
M204 S3000
M205 X10 Y10
G0 F6000 X76.028 Y171.629
M204 S1800
M205 X8 Y8
G1 F1200 X112.603 Y208.204 E745.73328
M204 S3000
M205 X10 Y10
G0 F6000 X113.06 Y208.095
M204 S1800
M205 X8 Y8
G1 F1200 X76.487 Y171.522 E747.45356
M204 S3000
M205 X10 Y10
G0 F6000 X76.946 Y171.416
M204 S1800
M205 X8 Y8
G1 F1200 X113.625 Y208.095 E749.17883
M204 S3000
M205 X10 Y10
G0 F6000 X114.19 Y208.094
M204 S1800
M205 X8 Y8
G1 F1200 X77.405 Y171.309 E750.90909
M204 S3000
M205 X10 Y10
G0 F6000 X77.864 Y171.202
M204 S1800
M205 X8 Y8
G1 F1200 X114.755 Y208.093 E752.64432
M204 S3000
M205 X10 Y10
G0 F6000 X115.32 Y208.093
M204 S1800
M205 X8 Y8
G1 F1200 X78.323 Y171.095 E754.38457
M204 S3000
M205 X10 Y10
G0 F6000 X78.799 Y171.005
M204 S1800
M205 X8 Y8
G1 F1200 X115.885 Y208.092 E756.12901
M204 S3000
M205 X10 Y10
G0 F6000 X116.45 Y208.091
M204 S1800
M205 X8 Y8
G1 F1200 X79.302 Y170.943 E757.87634
M204 S3000
M205 X10 Y10
G0 F6000 X79.806 Y170.881
M204 S1800
M205 X8 Y8
G1 F1200 X117.014 Y208.09 E759.62651
M204 S3000
M205 X10 Y10
G0 F6000 X117.577 Y208.087
M204 S1800
M205 X8 Y8
G1 F1200 X80.309 Y170.819 E761.37948
M204 S3000
M205 X10 Y10
G0 F6000 X80.813 Y170.757
M204 S1800
M205 X8 Y8
G1 F1200 X118.139 Y208.083 E763.13518
M204 S3000
M205 X10 Y10
G0 F6000 X118.702 Y208.08
M204 S1800
M205 X8 Y8
G1 F1200 X81.319 Y170.697 E764.89357
M204 S3000
M205 X10 Y10
G0 F6000 X81.851 Y170.664
M204 S1800
M205 X8 Y8
G1 F1200 X119.264 Y208.076 E766.65333
M204 S3000
M205 X10 Y10
G0 F6000 X119.826 Y208.073
M204 S1800
M205 X8 Y8
G1 F1200 X82.391 Y170.638 E768.41416
M204 S3000
M205 X10 Y10
G0 F6000 X82.947 Y170.629
M204 S1800
M205 X8 Y8
G1 F1200 X120.388 Y208.069 E770.17525
M204 S3000
M205 X10 Y10
G0 F6000 X120.95 Y208.066
M204 S1800
M205 X8 Y8
G1 F1200 X83.504 Y170.619 E771.93662
M204 S3000
M205 X10 Y10
G0 F6000 X84.06 Y170.61
M204 S1800
M205 X8 Y8
G1 F1200 X121.513 Y208.063 E773.69829
M204 S3000
M205 X10 Y10
G0 F6000 X122.075 Y208.059
M204 S1800
M205 X8 Y8
G1 F1200 X84.622 Y170.606 E775.45997
M204 S3000
M205 X10 Y10
G0 F6000 X85.219 Y170.637
M204 S1800
M205 X8 Y8
G1 F1200 X94.137 Y179.555 E775.87944
G1 X94.207 Y179.625
M204 S3000
M205 X10 Y10
G0 F6000 X94.71 Y180.129
M204 S1800
M205 X8 Y8
G1 F1200 X122.637 Y208.056 E777.19304
M204 S3000
M205 X10 Y10
G0 F6000 X123.199 Y208.052
M204 S1800
M205 X8 Y8
G1 F1200 X95.808 Y180.661 E778.48143
M204 S3000
M205 X10 Y10
G0 F6000 X96.495 Y180.782
M204 S1800
M205 X8 Y8
G1 F1200 X123.762 Y208.049 E779.76399
M204 S3000
M205 X10 Y10
G0 F6000 X124.324 Y208.045
M204 S1800
M205 X8 Y8
G1 F1200 X97.036 Y180.757 E781.04753
M204 S3000
M205 X10 Y10
G0 F6000 X97.529 Y180.685
M204 S1800
M205 X8 Y8
G1 F1200 X124.887 Y208.042 E782.33434
M204 S3000
M205 X10 Y10
G0 F6000 X125.449 Y208.039
M204 S1800
M205 X8 Y8
G1 F1200 X97.958 Y180.548 E783.62744
M204 S3000
M205 X10 Y10
G0 F6000 X98.326 Y180.35
M204 S1800
M205 X8 Y8
G1 F1200 X126.011 Y208.035 E784.92965
M204 S3000
M205 X10 Y10
G0 F6000 X126.573 Y208.032
M204 S1800
M205 X8 Y8
G1 F1200 X98.672 Y180.131 E786.24203
M204 S3000
M205 X10 Y10
G0 F6000 X98.993 Y179.886
M204 S1800
M205 X8 Y8
G1 F1200 X127.135 Y208.028 E787.56574
M204 S3000
M205 X10 Y10
G0 F6000 X127.697 Y208.025
M204 S1800
M205 X8 Y8
G1 F1200 X99.27 Y179.597 E788.90289
M204 S3000
M205 X10 Y10
G0 F6000 X99.492 Y179.253
M204 S1800
M205 X8 Y8
G1 F1200 X128.134 Y207.895 E790.25012
M204 S3000
M205 X10 Y10
G0 F6000 X128.134 Y207.33
M204 S1800
M205 X8 Y8
G1 F1200 X112.676 Y191.872 E790.97722
M204 S3000
M205 X10 Y10
G0 F6000 X113.344 Y191.975
M204 S1800
M205 X8 Y8
G1 F1200 X128.134 Y206.764 E791.67287
M204 S3000
M205 X10 Y10
G0 F6000 X128.134 Y206.198
M204 S1800
M205 X8 Y8
G1 F1200 X125 Y203.064 E791.82028
G1 X124.93 Y202.994
M204 S3000
M205 X10 Y10
G0 F6000 X125.795 Y203.293
M204 S1800
M205 X8 Y8
G1 F1200 X128.134 Y205.633 E791.93032
M204 S3000
M205 X10 Y10
G0 F6000 X128.134 Y205.067
M204 S1800
M205 X8 Y8
G1 F1200 X126.348 Y203.281 E792.01433
M204 S3000
M205 X10 Y10
G0 F6000 X126.87 Y203.238
M204 S1800
M205 X8 Y8
G1 F1200 X128.134 Y204.501 E792.07376
M204 S3000
M205 X10 Y10
G0 F6000 X128.134 Y203.935
M204 S1800
M205 X8 Y8
G1 F1200 X127.326 Y203.128 E792.11175
M204 S3000
M205 X10 Y10
G0 F6000 X127.714 Y202.95
M204 S1800
M205 X8 Y8
G1 F1200 X128.134 Y203.37 E792.1315
M204 S3000
M205 X10 Y10
G0 F6000 X128.134 Y202.804
M204 S1800
M205 X8 Y8
G1 F1200 X128.061 Y202.731 E792.13494
M204 S3000
M205 X10 Y10
G0 F6000 X125.599 Y202.307
G0 X123.135 Y201.2
M204 S1800
M205 X8 Y8
G1 F1200 X113.91 Y191.975 E792.56885
M204 S3000
M205 X10 Y10
G0 F6000 X114.477 Y191.975
M204 S1800
M205 X8 Y8
G1 F1200 X122.96 Y200.459 E792.96789
M204 S3000
M205 X10 Y10
G0 F6000 X122.902 Y199.836
M204 S1800
M205 X8 Y8
G1 F1200 X115.043 Y191.976 E793.33758
M204 S3000
M205 X10 Y10
G0 F6000 X115.609 Y191.976
M204 S1800
M205 X8 Y8
G1 F1200 X122.974 Y199.341 E793.684
M204 S3000
M205 X10 Y10
G0 F6000 X123.117 Y198.919
M204 S1800
M205 X8 Y8
G1 F1200 X116.175 Y191.977 E794.01053
M204 S3000
M205 X10 Y10
G0 F6000 X116.741 Y191.978
M204 S1800
M205 X8 Y8
G1 F1200 X123.261 Y198.497 E794.31719
M204 S3000
M205 X10 Y10
G0 F6000 X123.477 Y198.147
M204 S1800
M205 X8 Y8
G1 F1200 X117.307 Y191.978 E794.60738
M204 S3000
M205 X10 Y10
G0 F6000 X117.873 Y191.978
M204 S1800
M205 X8 Y8
G1 F1200 X123.727 Y197.832 E794.88274
M204 S3000
M205 X10 Y10
G0 F6000 X124.015 Y197.554
M204 S1800
M205 X8 Y8
G1 F1200 X118.439 Y191.978 E795.14502
M204 S3000
M205 X10 Y10
G0 F6000 X119.006 Y191.979
M204 S1800
M205 X8 Y8
G1 F1200 X124.302 Y197.275 E795.39412
M204 S3000
M205 X10 Y10
G0 F6000 X124.672 Y197.08
M204 S1800
M205 X8 Y8
G1 F1200 X119.572 Y191.98 E795.63401
M204 S3000
M205 X10 Y10
G0 F6000 X120.138 Y191.98
M204 S1800
M205 X8 Y8
G1 F1200 X125.07 Y196.912 E795.866
M204 S3000
M205 X10 Y10
G0 F6000 X125.505 Y196.782
M204 S1800
M205 X8 Y8
G1 F1200 X120.704 Y191.98 E796.09185
M204 S3000
M205 X10 Y10
G0 F6000 X121.27 Y191.981
M204 S1800
M205 X8 Y8
G1 F1200 X125.986 Y196.697 E796.31367
M204 S3000
M205 X10 Y10
G0 F6000 X126.577 Y196.722
M204 S1800
M205 X8 Y8
G1 F1200 X121.836 Y191.981 E796.53668
M204 S3000
M205 X10 Y10
G0 F6000 X122.403 Y191.982
M204 S1800
M205 X8 Y8
G1 F1200 X127.291 Y196.87 E796.76659
G1 X127.361 Y196.94
M204 S3000
M205 X10 Y10
G0 F6000 X128.133 Y197.147
M204 S1800
M205 X8 Y8
G1 F1200 X122.969 Y191.983 E797.00949
M204 S3000
M205 X10 Y10
G0 F6000 X123.535 Y191.983
M204 S1800
M205 X8 Y8
G1 F1200 X128.133 Y196.581 E797.22577
M204 S3000
M205 X10 Y10
G0 F6000 X128.133 Y196.015
M204 S1800
M205 X8 Y8
G1 F1200 X124.101 Y191.983 E797.41542
M204 S3000
M205 X10 Y10
G0 F6000 X124.667 Y191.984
M204 S1800
M205 X8 Y8
G1 F1200 X128.133 Y195.449 E797.57843
M204 S3000
M205 X10 Y10
G0 F6000 X128.133 Y194.884
M204 S1800
M205 X8 Y8
G1 F1200 X125.233 Y191.984 E797.71483
M204 S3000
M205 X10 Y10
G0 F6000 X125.799 Y191.985
M204 S1800
M205 X8 Y8
G1 F1200 X128.133 Y194.318 E797.82459
M204 S3000
M205 X10 Y10
G0 F6000 X128.133 Y193.752
M204 S1800
M205 X8 Y8
G1 F1200 X126.365 Y191.985 E797.90773
M204 S3000
M205 X10 Y10
G0 F6000 X126.932 Y191.985
M204 S1800
M205 X8 Y8
G1 F1200 X128.133 Y193.187 E797.96425
M204 S3000
M205 X10 Y10
G0 F6000 X128.133 Y192.621
M204 S1800
M205 X8 Y8
G1 F1200 X127.498 Y191.986 E797.99411
M204 S3000
M205 X10 Y10
G0 F6000 X128.064 Y191.986
M204 S1800
M205 X8 Y8
G1 F1200 X128.133 Y192.055 E797.99736
M204 S3000
M205 X10 Y10
G0 F6000 X112.692 Y191.036
G0 X111.647 Y190.843
M204 S1800
M205 X8 Y8
G1 F1200 X99.703 Y178.899 E798.55917
M204 S3000
M205 X10 Y10
G0 F6000 X99.868 Y178.499
M204 S1800
M205 X8 Y8
G1 F1200 X111.36 Y189.99 E799.09969
G1 X111.43 Y190.06
M204 S3000
M205 X10 Y10
G0 F6000 X110.987 Y189.052
M204 S1800
M205 X8 Y8
G1 F1200 X99.978 Y178.043 E799.61752
M204 S3000
M205 X10 Y10
G0 F6000 X100.01 Y177.509
M204 S1800
M205 X8 Y8
G1 F1200 X110.559 Y188.058 E800.11372
G1 X110.629 Y188.128
M204 S3000
M205 X10 Y10
G0 F6000 X110.097 Y187.031
M204 S1800
M205 X8 Y8
G1 F1200 X99.982 Y176.915 E800.58952
G1 X99.912 Y176.845
M204 S3000
M205 X10 Y10
G0 F6000 X99.68 Y176.047
M204 S1800
M205 X8 Y8
G1 F1200 X109.434 Y185.802 E801.04834
G1 X109.504 Y185.872
M204 S3000
M205 X10 Y10
G0 F6000 X108.69 Y184.491
M204 S1800
M205 X8 Y8
G1 F1200 X99.39 Y175.192 E801.48576
G1 X99.32 Y175.122
M204 S3000
M205 X10 Y10
G0 F6000 X98.035 Y174.402
M204 S1800
M205 X8 Y8
G1 F1200 X97.903 Y174.27 E801.49197
M204 S3000
M205 X10 Y10
G0 F6000 X97.306 Y174.239
M204 S1800
M205 X8 Y8
G1 F1200 X96.669 Y173.602 E801.52193
M204 S3000
M205 X10 Y10
G0 F6000 X96.67 Y174.169
M204 S1800
M205 X8 Y8
G1 F1200 X95.66 Y173.159 E801.56944
G1 X95.59 Y173.089
M204 S3000
M205 X10 Y10
G0 F6000 X94.652 Y172.717
M204 S1800
M205 X8 Y8
G1 F1200 X96.153 Y174.218 E801.64004
M204 S3000
M205 X10 Y10
G0 F6000 X95.711 Y174.342
M204 S1800
M205 X8 Y8
G1 F1200 X93.718 Y172.348 E801.73381
G1 X93.648 Y172.278
M204 S3000
M205 X10 Y10
G0 F6000 X92.887 Y172.083
M204 S1800
M205 X8 Y8
G1 F1200 X95.298 Y174.494 E801.84722
M204 S3000
M205 X10 Y10
G0 F6000 X94.922 Y174.683
M204 S1800
M205 X8 Y8
G1 F1200 X92.062 Y171.824 E801.98172
G1 X91.992 Y171.754
M204 S3000
M205 X10 Y10
G0 F6000 X91.248 Y171.575
M204 S1800
M205 X8 Y8
G1 F1200 X94.6 Y174.928 E802.13941
M204 S3000
M205 X10 Y10
G0 F6000 X94.323 Y175.216
M204 S1800
M205 X8 Y8
G1 F1200 X90.511 Y171.404 E802.31871
M204 S3000
M205 X10 Y10
G0 F6000 X89.801 Y171.259
M204 S1800
M205 X8 Y8
G1 F1200 X94.057 Y175.515 E802.5189
M204 S3000
M205 X10 Y10
G0 F6000 X93.824 Y175.848
M204 S1800
M205 X8 Y8
G1 F1200 X89.091 Y171.115 E802.74153
M204 S3000
M205 X10 Y10
G0 F6000 X88.38 Y170.97
M204 S1800
M205 X8 Y8
G1 F1200 X93.662 Y176.252 E802.98998
M204 S3000
M205 X10 Y10
G0 F6000 X93.521 Y176.676
M204 S1800
M205 X8 Y8
G1 F1200 X87.71 Y170.866 E803.26329
M204 S3000
M205 X10 Y10
G0 F6000 X87.087 Y170.809
M204 S1800
M205 X8 Y8
G1 F1200 X93.423 Y177.145 E803.56131
M204 S3000
M205 X10 Y10
G0 F6000 X93.425 Y177.712
M204 S1800
M205 X8 Y8
G1 F1200 X86.465 Y170.752 E803.88869
M204 S3000
M205 X10 Y10
G0 F6000 X85.842 Y170.694
M204 S1800
M205 X8 Y8
G1 F1200 X93.547 Y178.4 E804.25113
G1 X93.617 Y178.47
M204 S3000
M205 X10 Y10
G0 F6000 X95.645 Y179.619
G0 X96.424 Y179.87
G0 X97.239 Y179.811
G0 X98.261 Y179.299
G0 X101.038 Y176.274
M204 S1800
M205 X8 Y8
G1 F1200 X107.453 Y182.689 E804.55287
G1 X107.523 Y182.759
M204 S3000
M205 X10 Y10
G0 F6000 X89.407 Y192.927
M204 S1800
M205 X8 Y8
G1 F1200 X70.321 Y173.841 E805.45062
M204 S3000
M205 X10 Y10
G0 F6000 X69.942 Y174.028
M204 S1800
M205 X8 Y8
G1 F1200 X87.858 Y191.944 E806.29333
G1 X87.928 Y192.014
M204 S3000
M205 X10 Y10
G0 F6000 X86.89 Y191.542
M204 S1800
M205 X8 Y8
G1 F1200 X69.574 Y174.226 E807.10783
M204 S3000
M205 X10 Y10
G0 F6000 X69.212 Y174.429
M204 S1800
M205 X8 Y8
G1 F1200 X86.03 Y191.247 E807.89889
M204 S3000
M205 X10 Y10
G0 F6000 X85.309 Y191.092
M204 S1800
M205 X8 Y8
G1 F1200 X68.862 Y174.645 E808.67251
M204 S3000
M205 X10 Y10
G0 F6000 X68.512 Y174.861
M204 S1800
M205 X8 Y8
G1 F1200 X84.665 Y191.014 E809.4323
M204 S3000
M205 X10 Y10
G0 F6000 X84.032 Y190.947
M204 S1800
M205 X8 Y8
G1 F1200 X68.162 Y175.077 E810.17877
M204 S3000
M205 X10 Y10
G0 F6000 X67.812 Y175.293
M204 S1800
M205 X8 Y8
G1 F1200 X83.461 Y190.941 E810.91483
M204 S3000
M205 X10 Y10
G0 F6000 X82.951 Y190.997
M204 S1800
M205 X8 Y8
G1 F1200 X67.462 Y175.508 E811.64339
M204 S3000
M205 X10 Y10
G0 F6000 X67.113 Y175.725
M204 S1800
M205 X8 Y8
G1 F1200 X82.445 Y191.057 E812.36456
M204 S3000
M205 X10 Y10
G0 F6000 X81.94 Y191.117
M204 S1800
M205 X8 Y8
G1 F1200 X66.784 Y175.962 E813.07742
M204 S3000
M205 X10 Y10
G0 F6000 X66.465 Y176.208
M204 S1800
M205 X8 Y8
G1 F1200 X81.47 Y191.212 E813.78319
M204 S3000
M205 X10 Y10
G0 F6000 X81.052 Y191.361
M204 S1800
M205 X8 Y8
G1 F1200 X66.147 Y176.455 E814.4843
M204 S3000
M205 X10 Y10
G0 F6000 X65.827 Y176.701
M204 S1800
M205 X8 Y8
G1 F1200 X80.635 Y191.509 E815.18082
M204 S3000
M205 X10 Y10
G0 F6000 X80.218 Y191.658
M204 S1800
M205 X8 Y8
G1 F1200 X65.508 Y176.948 E815.87274
M204 S3000
M205 X10 Y10
G0 F6000 X65.189 Y177.195
M204 S1800
M205 X8 Y8
G1 F1200 X79.801 Y191.806 E816.56002
M204 S3000
M205 X10 Y10
G0 F6000 X79.442 Y192.013
M204 S1800
M205 X8 Y8
G1 F1200 X64.87 Y177.442 E817.24541
M204 S3000
M205 X10 Y10
G0 F6000 X64.551 Y177.688
M204 S1800
M205 X8 Y8
G1 F1200 X79.095 Y192.232 E817.92952
M204 S3000
M205 X10 Y10
G0 F6000 X78.749 Y192.451
M204 S1800
M205 X8 Y8
G1 F1200 X64.258 Y177.961 E818.61111
M204 S3000
M205 X10 Y10
G0 F6000 X63.969 Y178.238
M204 S1800
M205 X8 Y8
G1 F1200 X78.402 Y192.671 E819.28999
M204 S3000
M205 X10 Y10
G0 F6000 X78.057 Y192.891
M204 S1800
M205 X8 Y8
G1 F1200 X63.681 Y178.515 E819.9662
M204 S3000
M205 X10 Y10
G0 F6000 X63.392 Y178.791
M204 S1800
M205 X8 Y8
G1 F1200 X77.769 Y193.169 E820.64247
M204 S3000
M205 X10 Y10
G0 F6000 X77.488 Y193.453
M204 S1800
M205 X8 Y8
G1 F1200 X63.103 Y179.069 E821.31907
M204 S3000
M205 X10 Y10
G0 F6000 X62.815 Y179.346
M204 S1800
M205 X8 Y8
G1 F1200 X77.206 Y193.738 E821.996
M204 S3000
M205 X10 Y10
G0 F6000 X76.925 Y194.022
M204 S1800
M205 X8 Y8
G1 F1200 X62.525 Y179.622 E822.67334
M204 S3000
M205 X10 Y10
G0 F6000 X62.237 Y179.899
M204 S1800
M205 X8 Y8
G1 F1200 X76.644 Y194.306 E823.351
M204 S3000
M205 X10 Y10
G0 F6000 X76.411 Y194.639
M204 S1800
M205 X8 Y8
G1 F1200 X61.977 Y180.205 E824.02993
M204 S3000
M205 X10 Y10
G0 F6000 X61.719 Y180.513
M204 S1800
M205 X8 Y8
G1 F1200 X76.194 Y194.988 E824.71079
M204 S3000
M205 X10 Y10
G0 F6000 X75.977 Y195.337
M204 S1800
M205 X8 Y8
G1 F1200 X61.46 Y180.819 E825.39365
M204 S3000
M205 X10 Y10
G0 F6000 X61.202 Y181.127
M204 S1800
M205 X8 Y8
G1 F1200 X75.76 Y195.686 E826.07843
M204 S3000
M205 X10 Y10
G0 F6000 X75.544 Y196.035
M204 S1800
M205 X8 Y8
G1 F1200 X60.944 Y181.435 E826.76517
M204 S3000
M205 X10 Y10
G0 F6000 X60.686 Y181.742
M204 S1800
M205 X8 Y8
G1 F1200 X75.392 Y196.449 E827.45692
M204 S3000
M205 X10 Y10
G0 F6000 X75.243 Y196.865
M204 S1800
M205 X8 Y8
G1 F1200 X60.427 Y182.05 E828.1538
M204 S3000
M205 X10 Y10
G0 F6000 X60.171 Y182.36
M204 S1800
M205 X8 Y8
G1 F1200 X75.094 Y197.282 E828.85571
M204 S3000
M205 X10 Y10
G0 F6000 X74.952 Y197.706
M204 S1800
M205 X8 Y8
G1 F1200 X59.944 Y182.698 E829.56164
M204 S3000
M205 X10 Y10
G0 F6000 X59.717 Y183.037
M204 S1800
M205 X8 Y8
G1 F1200 X74.832 Y198.151 E830.27258
M204 S3000
M205 X10 Y10
G0 F6000 X74.775 Y198.66
M204 S1800
M205 X8 Y8
G1 F1200 X59.491 Y183.376 E830.99149
M204 S3000
M205 X10 Y10
G0 F6000 X59.264 Y183.715
M204 S1800
M205 X8 Y8
G1 F1200 X74.719 Y199.17 E831.71844
M204 S3000
M205 X10 Y10
G0 F6000 X74.663 Y199.679
M204 S1800
M205 X8 Y8
G1 F1200 X59.037 Y184.054 E832.45342
M204 S3000
M205 X10 Y10
G0 F6000 X58.81 Y184.392
M204 S1800
M205 X8 Y8
G1 F1200 X74.665 Y200.247 E833.19919
M204 S3000
M205 X10 Y10
G0 F6000 X74.724 Y200.872
M204 S1800
M205 X8 Y8
G1 F1200 X58.583 Y184.731 E833.95841
M204 S3000
M205 X10 Y10
G0 F6000 X58.368 Y185.081
M204 S1800
M205 X8 Y8
G1 F1200 X74.795 Y201.509 E834.73111
M204 S3000
M205 X10 Y10
G0 F6000 X74.93 Y202.209
M204 S1800
M205 X8 Y8
G1 F1200 X58.173 Y185.452 E835.51931
M204 S3000
M205 X10 Y10
G0 F6000 X57.978 Y185.823
M204 S1800
M205 X8 Y8
G1 F1200 X75.215 Y203.06 E836.33009
G1 X75.285 Y203.13
M204 S3000
M205 X10 Y10
G0 F6000 X75.552 Y203.962
M204 S1800
M205 X8 Y8
G1 F1200 X57.784 Y186.194 E837.16584
M204 S3000
M205 X10 Y10
G0 F6000 X57.589 Y186.565
M204 S1800
M205 X8 Y8
G1 F1200 X76.475 Y205.451 E838.05418
G1 X76.545 Y205.521
M204 S3000
M205 X10 Y10
G0 F6000 X78.279 Y207.255
M204 S1800
M205 X8 Y8
G1 F1200 X93.4 Y222.376 E838.76542
M204 S3000
M205 X10 Y10
G0 F6000 X93.469 Y221.88
M204 S1800
M205 X8 Y8
G1 F1200 X79.768 Y208.178 E839.4099
G1 X79.698 Y208.108
M204 S3000
M205 X10 Y10
G0 F6000 X80.651 Y208.496
M204 S1800
M205 X8 Y8
G1 F1200 X93.606 Y221.451 E840.01926
M204 S3000
M205 X10 Y10
G0 F6000 X93.749 Y221.028
M204 S1800
M205 X8 Y8
G1 F1200 X81.515 Y208.795 E840.59469
M204 S3000
M205 X10 Y10
G0 F6000 X82.206 Y208.919
M204 S1800
M205 X8 Y8
G1 F1200 X93.966 Y220.679 E841.14784
M204 S3000
M205 X10 Y10
G0 F6000 X94.214 Y220.362
M204 S1800
M205 X8 Y8
G1 F1200 X82.841 Y208.989 E841.6828
M204 S3000
M205 X10 Y10
G0 F6000 X83.476 Y209.058
M204 S1800
M205 X8 Y8
G1 F1200 X94.498 Y220.08 E842.20124
M204 S3000
M205 X10 Y10
G0 F6000 X94.784 Y219.801
M204 S1800
M205 X8 Y8
G1 F1200 X84.026 Y209.043 E842.70726
M204 S3000
M205 X10 Y10
G0 F6000 X84.542 Y208.993
M204 S1800
M205 X8 Y8
G1 F1200 X95.151 Y219.601 E843.20625
M204 S3000
M205 X10 Y10
G0 F6000 X95.549 Y219.434
M204 S1800
M205 X8 Y8
G1 F1200 X85.052 Y208.937 E843.7
M204 S3000
M205 X10 Y10
G0 F6000 X85.558 Y208.877
M204 S1800
M205 X8 Y8
G1 F1200 X95.968 Y219.287 E844.18965
M204 S3000
M205 X10 Y10
G0 F6000 X96.451 Y219.205
M204 S1800
M205 X8 Y8
G1 F1200 X86.002 Y208.756 E844.68114
M204 S3000
M205 X10 Y10
G0 F6000 X86.427 Y208.615
M204 S1800
M205 X8 Y8
G1 F1200 X97.051 Y219.239 E845.18086
M204 S3000
M205 X10 Y10
G0 F6000 X97.745 Y219.367
M204 S1800
M205 X8 Y8
G1 F1200 X86.848 Y208.471 E845.6934
G1 X86.778 Y208.401
M204 S3000
M205 X10 Y10
G0 F6000 X93.469 Y223.011
M204 S1800
M205 X8 Y8
G1 F1200 X57.395 Y186.937 E847.39021
M204 S3000
M205 X10 Y10
G0 F6000 X57.2 Y187.308
M204 S1800
M205 X8 Y8
G1 F1200 X93.65 Y223.758 E849.10471
G1 X93.72 Y223.828
M204 S3000
M205 X10 Y10
G0 F6000 X90.557 Y228.584
M204 S1800
M205 X8 Y8
G1 F1200 X60.789 Y198.817 E850.50488
M204 S3000
M205 X10 Y10
G0 F6000 X60.992 Y199.585
M204 S1800
M205 X8 Y8
G1 F1200 X90.09 Y228.683 E851.87356
M204 S3000
M205 X10 Y10
G0 F6000 X89.62 Y228.779
M204 S1800
M205 X8 Y8
G1 F1200 X60.999 Y200.157 E853.21983
M204 S3000
M205 X10 Y10
G0 F6000 X60.946 Y200.671
M204 S1800
M205 X8 Y8
G1 F1200 X89.149 Y228.873 E854.54639
M204 S3000
M205 X10 Y10
G0 F6000 X88.677 Y228.967
M204 S1800
M205 X8 Y8
G1 F1200 X60.825 Y201.115 E855.85646
M204 S3000
M205 X10 Y10
G0 F6000 X60.646 Y201.502
M204 S1800
M205 X8 Y8
G1 F1200 X88.205 Y229.061 E857.15275
M204 S3000
M205 X10 Y10
G0 F6000 X87.709 Y229.13
M204 S1800
M205 X8 Y8
G1 F1200 X60.423 Y201.845 E858.43618
M204 S3000
M205 X10 Y10
G0 F6000 X60.201 Y202.188
M204 S1800
M205 X8 Y8
G1 F1200 X87.196 Y229.183 E859.70594
M204 S3000
M205 X10 Y10
G0 F6000 X86.677 Y229.229
M204 S1800
M205 X8 Y8
G1 F1200 X59.912 Y202.465 E860.96486
M204 S3000
M205 X10 Y10
G0 F6000 X59.59 Y202.708
M204 S1800
M205 X8 Y8
G1 F1200 X86.158 Y229.276 E862.21453
M204 S3000
M205 X10 Y10
G0 F6000 X85.639 Y229.323
M204 S1800
M205 X8 Y8
G1 F1200 X59.23 Y202.914 E863.45673
M204 S3000
M205 X10 Y10
G0 F6000 X58.87 Y203.12
M204 S1800
M205 X8 Y8
G1 F1200 X85.12 Y229.369 E864.69143
M204 S3000
M205 X10 Y10
G0 F6000 X84.574 Y229.39
M204 S1800
M205 X8 Y8
G1 F1200 X58.414 Y203.23 E865.92192
M204 S3000
M205 X10 Y10
G0 F6000 X57.907 Y203.288
M204 S1800
M205 X8 Y8
G1 F1200 X84.005 Y229.386 E867.14948
M204 S3000
M205 X10 Y10
G0 F6000 X83.43 Y229.377
M204 S1800
M205 X8 Y8
G1 F1200 X57.344 Y203.291 E868.37649
M204 S3000
M205 X10 Y10
G0 F6000 X56.593 Y203.105
M204 S1800
M205 X8 Y8
G1 F1200 X82.855 Y229.368 E869.6118
G1 X82.925 Y229.438
M204 S3000
M205 X10 Y10
;MESH:NONMESH
G0 F600 X82.925 Y229.438 Z0.8
G0 F6000 X91.661 Y201.814
G0 X94.279 Y177.739
G0 X94.687 Y177.69
;TIME_ELAPSED:1025.377844
;LAYER:3
M204 S1800
M205 X8 Y8
;TYPE:WALL-OUTER
;MESH:14_4_1.stl
G1 F3000 X94.688 Y177.276 E869.62557
G1 X94.823 Y176.717 E869.64469
G1 X95.014 Y176.361 E869.65813
G1 X95.393 Y175.931 E869.6772
G1 X95.737 Y175.699 E869.691
G1 X96.422 Y175.457 E869.71516
G1 X96.816 Y175.464 E869.72827
G1 X97.29 Y175.527 E869.74417
G1 X97.624 Y175.662 E869.75615
G1 X98.092 Y175.982 E869.77501
G1 X98.364 Y176.292 E869.78873
G1 X98.639 Y176.813 E869.80832
G1 X98.729 Y177.196 E869.82141
G1 X98.731 Y177.767 E869.8404
G1 X98.631 Y178.169 E869.85418
G1 X98.36 Y178.684 E869.87353
G1 X98.03 Y179.024 E869.88929
G1 X97.602 Y179.318 E869.90656
G1 X97.241 Y179.45 E869.91934
G1 X96.657 Y179.521 E869.93891
G1 X96.258 Y179.469 E869.95229
G1 X95.714 Y179.26 E869.97168
G1 X95.393 Y179.033 E869.98475
G1 X95.004 Y178.594 E870.00426
G1 X94.827 Y178.249 E870.01716
G1 X94.687 Y177.69 E870.03633
M204 S3000
M205 X10 Y10
G0 F6000 X94.687 Y177.49
G0 X94.156 Y177.554
G0 X94.496 Y178.648
G0 X95.286 Y179.543
G0 X112.845 Y191.506
G0 X113.295 Y191.064
M204 S1800
M205 X8 Y8
G1 F3000 X113.156 Y190.989 E870.04158
G1 X113.122 Y190.925 E870.04399
G1 X112.677 Y189.531 E870.09266
G1 X112.332 Y188.667 E870.1236
G1 X111.386 Y186.485 E870.2027
G1 X110.949 Y185.663 E870.23367
G1 X109.979 Y183.95 E870.29914
G1 X109.546 Y183.255 E870.32638
G1 X109.254 Y182.824 E870.34369
G1 X107.866 Y180.891 E870.42284
G1 X107.265 Y180.183 E870.45373
G1 X105.677 Y178.41 E870.53289
G1 X104.965 Y177.738 E870.56546
G1 X103.235 Y176.179 E870.64291
G1 X102.473 Y175.602 E870.6747
G1 X100.568 Y174.224 E870.7529
G1 X99.758 Y173.737 E870.78434
G1 X97.704 Y172.563 E870.86303
G1 X96.844 Y172.166 E870.89453
G1 X94.679 Y171.219 E870.97313
G1 X93.769 Y170.913 E871.00506
G1 X91.516 Y170.204 E871.08362
G1 X90.576 Y170.001 E871.1156
G1 X88.286 Y169.542 E871.19328
G1 X87.363 Y169.442 E871.22416
G1 X84.993 Y169.228 E871.30331
G1 X83.981 Y169.229 E871.33697
G1 X81.685 Y169.268 E871.41335
G1 X80.76 Y169.369 E871.44429
G1 X78.402 Y169.664 E871.52333
G1 X77.424 Y169.881 E871.55665
G1 X75.189 Y170.407 E871.63302
G1 X74.207 Y170.736 E871.66746
G1 X72.053 Y171.496 E871.74344
G1 X71.272 Y171.856 E871.77204
G1 X69.058 Y172.912 E871.85362
G1 X68.15 Y173.46 E871.8889
G1 X66.239 Y174.64 E871.9636
G1 X65.456 Y175.236 E871.99633
G1 X63.618 Y176.663 E872.07372
G1 X62.875 Y177.366 E872.10774
G1 X61.23 Y178.952 E872.18374
G1 X59.099 Y181.486 E872.29387
G1 X57.256 Y184.234 E872.40392
G1 X55.718 Y187.163 E872.51395
G1 X54.496 Y190.254 E872.6245
G1 X53.623 Y193.431 E872.73408
G1 X53.092 Y196.698 E872.84417
G1 X52.915 Y200.002 E872.95422
G1 X52.978 Y201.194 E872.99392
G1 X53.093 Y203.303 E873.06417
G1 X53.624 Y206.57 E873.17426
G1 X54.499 Y209.747 E873.28386
G1 X55.719 Y212.838 E873.39438
G1 X57.257 Y215.767 E873.50442
G1 X59.1 Y218.515 E873.61447
G1 X61.231 Y221.049 E873.72459
G1 X62.945 Y222.701 E873.80377
G1 X63.619 Y223.338 E873.83461
G1 X65.499 Y224.799 E873.9138
G1 X66.241 Y225.361 E873.94476
G1 X68.323 Y226.645 E874.02612
G1 X69.06 Y227.089 E874.05474
G1 X71.274 Y228.145 E874.13632
G1 X72.054 Y228.505 E874.16489
G1 X74.372 Y229.321 E874.24663
G1 X75.174 Y229.591 E874.27477
G1 X77.561 Y230.15 E874.35631
G1 X78.401 Y230.337 E874.38494
G1 X80.85 Y230.641 E874.46702
G1 X81.687 Y230.733 E874.49502
G1 X84.159 Y230.773 E874.57725
G1 X84.993 Y230.772 E874.60499
G1 X87.435 Y230.55 E874.68655
G1 X88.287 Y230.457 E874.71505
G1 X90.683 Y229.977 E874.79633
G1 X91.53 Y229.79 E874.82518
G1 X93.83 Y229.066 E874.90538
G1 X94.68 Y228.779 E874.93522
G1 X96.877 Y227.819 E875.01496
G1 X97.705 Y227.435 E875.04532
G1 X99.784 Y226.248 E875.12494
G1 X100.567 Y225.776 E875.15535
G1 X102.518 Y224.365 E875.23543
G1 X103.236 Y223.82 E875.26541
G1 X105.004 Y222.227 E875.34457
G1 X105.678 Y221.588 E875.37546
G1 X107.267 Y219.815 E875.45464
G1 X107.868 Y219.107 E875.48553
G1 X109.255 Y217.174 E875.56466
G1 X109.776 Y216.405 E875.59556
G1 X110.95 Y214.335 E875.67471
G1 X111.387 Y213.516 E875.70558
G1 X112.339 Y211.32 E875.78519
G1 X113.075 Y209.295 E875.85685
G1 X113.183 Y209.052 E875.8657
G1 X113.312 Y209.005 E875.87026
G1 X115.357 Y209.007 E875.93828
G1 X125.722 Y208.944 E876.28303
G1 X129.514 Y208.921 E876.40915
G1 X129.514 Y191.08 E877.00255
G1 X113.295 Y191.064 E877.54199
M204 S3000
M205 X10 Y10
G0 F6000 X113.156 Y190.989
G0 X113.136 Y190.951
G0 X112.645 Y191.107
G0 X123.693 Y200.327
G0 X124.187 Y200.207
M204 S1800
M205 X8 Y8
G1 F3000 X124.188 Y199.794 E877.55573
G1 X124.33 Y199.211 E877.57569
G1 X124.516 Y198.875 E877.58846
G1 X124.892 Y198.449 E877.60736
G1 X125.236 Y198.215 E877.6212
G1 X125.922 Y197.973 E877.64539
G1 X126.173 Y197.964 E877.65375
G1 X126.741 Y198.032 E877.67277
G1 X127.124 Y198.179 E877.68642
G1 X127.592 Y198.499 E877.70527
G1 X127.864 Y198.809 E877.71899
G1 X128.139 Y199.329 E877.73855
G1 X128.229 Y199.712 E877.75164
G1 X128.23 Y200.285 E877.7707
G1 X128.131 Y200.685 E877.7844
G1 X127.867 Y201.19 E877.80336
G1 X127.593 Y201.498 E877.81707
G1 X127.124 Y201.821 E877.83601
G1 X126.741 Y201.967 E877.84964
G1 X126.173 Y202.037 E877.86868
G1 X125.758 Y201.986 E877.88258
G1 X125.245 Y201.79 E877.90085
G1 X124.893 Y201.55 E877.91502
G1 X124.499 Y201.104 E877.93481
G1 X124.327 Y200.766 E877.94743
G1 X124.187 Y200.207 E877.96659
M204 S3000
M205 X10 Y10
G0 F6000 X124.187 Y200.007
G0 X123.656 Y200.071
G0 X95.081 Y220.641
G0 X94.497 Y221.35
G0 X94.208 Y222.515
G0 X94.325 Y223.381
G0 X94.822 Y223.26
M204 S1800
M205 X8 Y8
G1 F3000 X94.687 Y222.724 E877.98498
G1 X94.688 Y222.311 E877.99871
G1 X94.826 Y221.741 E878.01822
G1 X95.016 Y221.392 E878.03144
G1 X95.406 Y220.951 E878.05102
G1 X95.737 Y220.732 E878.06422
G1 X96.446 Y220.483 E878.08921
G1 X97.241 Y220.549 E878.11574
G1 X97.625 Y220.696 E878.12942
G1 X98.111 Y221.031 E878.14905
G1 X98.364 Y221.326 E878.16198
G1 X98.639 Y221.846 E878.18154
G1 X98.729 Y222.229 E878.19463
G1 X98.731 Y222.8 E878.21362
G1 X98.632 Y223.201 E878.22736
G1 X98.363 Y223.712 E878.24656
G1 X98.092 Y224.016 E878.26011
G1 X97.61 Y224.348 E878.27958
G1 X97.241 Y224.484 E878.29266
G1 X96.673 Y224.553 E878.31169
G1 X96.258 Y224.502 E878.32559
G1 X95.731 Y224.3 E878.34436
G1 X95.393 Y224.067 E878.35802
G1 X95.015 Y223.64 E878.37699
G1 X94.822 Y223.26 E878.39116
M204 S3000
M205 X10 Y10
G0 F6000 X94.774 Y223.066
G0 X94.277 Y223.187
G0 X77.339 Y205.083
G0 X76.367 Y203.537
G0 X75.827 Y201.986
G0 X75.509 Y200.081
G0 X76.015 Y200.025
M204 S1800
M205 X8 Y8
G1 F3000 X76.085 Y199.348 E878.4138
G1 X76.203 Y198.3 E878.44888
G1 X76.473 Y197.52 E878.47633
G1 X76.771 Y196.668 E878.50635
G1 X76.995 Y196.307 E878.52048
G1 X77.686 Y195.208 E878.56366
G1 X77.864 Y195.026 E878.57213
G1 X78.903 Y193.986 E878.62102
G1 X78.931 Y193.965 E878.62218
G1 X80.359 Y193.07 E878.67824
G1 X80.393 Y193.054 E878.67949
G1 X81.997 Y192.493 E878.73601
G1 X83.691 Y192.301 E878.79271
G1 X84.433 Y192.379 E878.81752
G1 X85.425 Y192.492 E878.85073
G1 X86.187 Y192.757 E878.87756
G1 X87.046 Y193.059 E878.90785
G1 X87.746 Y193.494 E878.93526
G1 X88.505 Y193.971 E878.96508
G1 X88.997 Y194.46 E878.98815
G1 X89.733 Y195.197 E879.02279
G1 X90.194 Y195.928 E879.05153
G1 X90.651 Y196.658 E879.08018
G1 X91.219 Y198.278 E879.13728
G1 X91.319 Y199.143 E879.16624
G1 X91.414 Y199.987 E879.19449
G1 X91.319 Y200.856 E879.22356
G1 X91.22 Y201.716 E879.25236
G1 X90.656 Y203.332 E879.30928
G1 X90.196 Y204.069 E879.33818
G1 X89.736 Y204.799 E879.36688
G1 X89.127 Y205.411 E879.39559
G1 X88.522 Y206.015 E879.42403
G1 X87.785 Y206.481 E879.45303
G1 X87.06 Y206.935 E879.48148
G1 X85.631 Y207.437 E879.53186
G1 X85.27 Y207.526 E879.54422
G1 X83.711 Y207.7 E879.5964
G1 X82.021 Y207.511 E879.65296
G1 X81.877 Y207.465 E879.65799
G1 X80.373 Y206.938 E879.71099
G1 X78.931 Y206.035 E879.76758
G1 X78.896 Y206.007 E879.76907
G1 X77.694 Y204.803 E879.82566
G1 X77.678 Y204.781 E879.82656
G1 X76.777 Y203.345 E879.88295
G1 X76.466 Y202.459 E879.91418
G1 X76.207 Y201.714 E879.94041
G1 X76.015 Y200.025 E879.99695
M204 S3000
M205 X10 Y10
G0 F6000 X76.035 Y199.826
G0 X75.526 Y199.768
G0 X57.689 Y202.487
G0 X56.286 Y202.059
G0 X55.575 Y201.255
G0 X55.193 Y200.327
G0 X55.687 Y200.207
M204 S1800
M205 X8 Y8
G1 F3000 X55.688 Y199.793 E880.01072
G1 X55.823 Y199.235 E880.02981
G1 X56.016 Y198.875 E880.0434
G1 X56.41 Y198.43 E880.06317
G1 X56.736 Y198.215 E880.07616
G1 X57.422 Y197.973 E880.10035
G1 X57.673 Y197.964 E880.1087
G1 X58.265 Y198.036 E880.12854
G1 X58.624 Y198.179 E880.14139
G1 X59.107 Y198.51 E880.16087
G1 X59.364 Y198.809 E880.17398
G1 X59.646 Y199.343 E880.19406
G1 X59.729 Y199.712 E880.20664
G1 X59.73 Y200.301 E880.22623
G1 X59.632 Y200.686 E880.23945
G1 X59.357 Y201.206 E880.25901
G1 X59.093 Y201.498 E880.27211
G1 X58.605 Y201.833 E880.29179
G1 X58.241 Y201.967 E880.30469
G1 X57.673 Y202.037 E880.32373
G1 X57.258 Y201.986 E880.33764
G1 X56.745 Y201.79 E880.3559
G1 X56.393 Y201.55 E880.37007
G1 X56.015 Y201.124 E880.38901
G1 X55.827 Y200.766 E880.40246
G1 X55.687 Y200.207 E880.42163
M204 S3000
M205 X10 Y10
G0 F6000 X55.687 Y200.007
G0 X55.299 Y200.304
M204 S1800
M205 X8 Y8
;TYPE:WALL-INNER
G1 F3000 X55.283 Y199.808 E880.43814
G1 X55.434 Y199.141 E880.46088
G1 X55.638 Y198.722 E880.47638
G1 X56.092 Y198.184 E880.49979
G1 X56.464 Y197.908 E880.5152
G1 X57.289 Y197.596 E880.54454
G1 X57.721 Y197.567 E880.55894
G1 X58.289 Y197.635 E880.57796
G1 X58.795 Y197.816 E880.59584
G1 X59.318 Y198.169 E880.61683
G1 X59.665 Y198.539 E880.6337
G1 X59.993 Y199.142 E880.65653
G1 X60.128 Y199.666 E880.67452
G1 X60.13 Y200.309 E880.69591
G1 X60.017 Y200.802 E880.71273
G1 X59.721 Y201.376 E880.73421
G1 X59.397 Y201.764 E880.75103
G1 X58.851 Y202.151 E880.77329
G1 X58.359 Y202.351 E880.79095
G1 X57.722 Y202.434 E880.81232
G1 X57.256 Y202.395 E880.82787
G1 X56.602 Y202.164 E880.85094
G1 X56.149 Y201.871 E880.86888
G1 X55.716 Y201.39 E880.89041
G1 X55.49 Y200.995 E880.90554
G1 X55.299 Y200.304 E880.92939
M204 S3000
M205 X10 Y10
G0 F6000 X55.193 Y200.329
G0 X55.496 Y201.165
G0 X56.286 Y202.059
G0 X57.41 Y202.487
G0 X75.509 Y200.082
G0 X75.617 Y200.07
M204 S1800
M205 X8 Y8
G1 F3000 X75.687 Y199.304 E880.95497
G1 X75.809 Y198.232 E880.99086
G1 X76.095 Y197.388 E881.0205
G1 X76.388 Y196.55 E881.05002
G1 X76.656 Y196.094 E881.06762
G1 X77.349 Y194.991 E881.11094
G1 X77.581 Y194.743 E881.12224
G1 X78.634 Y193.69 E881.17177
G1 X78.719 Y193.626 E881.1753
G1 X80.157 Y192.724 E881.23176
G1 X80.261 Y192.676 E881.23557
G1 X81.857 Y192.118 E881.29181
G1 X81.978 Y192.091 E881.29593
G1 X83.647 Y191.903 E881.35179
G1 X84.478 Y191.981 E881.37955
G1 X85.451 Y192.091 E881.41212
G1 X86.319 Y192.379 E881.44254
G1 X87.166 Y192.676 E881.47239
G1 X87.958 Y193.155 E881.50318
G1 X88.736 Y193.645 E881.53376
G1 X89.28 Y194.177 E881.55907
G1 X90.004 Y194.901 E881.59312
G1 X90.533 Y195.716 E881.62544
G1 X90.995 Y196.451 E881.65431
G1 X91.239 Y197.124 E881.67812
G1 X91.603 Y198.168 E881.71489
G1 X91.717 Y199.098 E881.74606
G1 X91.814 Y199.965 E881.77507
G1 X91.717 Y200.901 E881.80637
G1 X91.617 Y201.768 E881.8354
G1 X91.561 Y201.955 E881.84189
G1 X91.039 Y203.45 E881.89456
G1 X90.535 Y204.282 E881.92691
G1 X90.086 Y204.995 E881.95494
G1 X89.41 Y205.694 E881.98728
G1 X88.787 Y206.315 E882.01654
G1 X87.997 Y206.82 E882.04772
G1 X87.265 Y207.279 E882.07646
G1 X86.299 Y207.627 E882.11061
G1 X85.549 Y207.889 E882.13704
G1 X84.548 Y208.01 E882.17057
G1 X83.748 Y208.1 E882.19735
G1 X83.353 Y208.064 E882.21054
G1 X81.944 Y207.904 E882.2577
G1 X81.745 Y207.843 E882.26463
G1 X80.237 Y207.315 E882.31777
G1 X80.141 Y207.266 E882.32135
G1 X78.705 Y206.365 E882.37774
G1 X78.613 Y206.29 E882.38169
G1 X77.423 Y205.099 E882.43768
G1 X77.339 Y204.994 E882.44216
G1 X76.432 Y203.547 E882.49896
G1 X76.088 Y202.591 E882.53275
G1 X75.825 Y201.836 E882.55934
G1 X75.695 Y200.76 E882.59539
G1 X75.617 Y200.07 E882.61848
M204 S3000
M205 X10 Y10
G0 F6000 X75.509 Y200.082
G0 X75.766 Y198.187
G0 X76.367 Y196.463
G0 X77.339 Y194.917
G0 X94.193 Y177.812
G0 X94.299 Y177.787
M204 S1800
M205 X8 Y8
G1 F3000 X94.288 Y177.243 E882.63658
G1 X94.434 Y176.624 E882.65773
G1 X94.637 Y176.208 E882.67313
G1 X95.093 Y175.667 E882.69666
G1 X95.467 Y175.391 E882.71212
G1 X96.289 Y175.08 E882.74135
G1 X96.653 Y175.046 E882.75351
G1 X97.288 Y175.117 E882.77476
G1 X97.81 Y175.305 E882.79322
G1 X98.318 Y175.652 E882.81368
G1 X98.64 Y175.991 E882.82923
G1 X98.993 Y176.627 E882.85342
G1 X99.114 Y177.061 E882.86841
G1 X99.131 Y177.766 E882.89186
G1 X99.037 Y178.22 E882.90728
G1 X98.721 Y178.859 E882.93099
G1 X98.375 Y179.268 E882.94881
G1 X97.85 Y179.634 E882.9701
G1 X97.381 Y179.828 E882.98698
G1 X96.722 Y179.917 E883.0091
G1 X96.213 Y179.871 E883.0261
G1 X95.675 Y179.675 E883.04514
G1 X95.461 Y179.574 E883.05301
G1 X95.094 Y179.299 E883.06826
G1 X94.706 Y178.862 E883.0877
G1 X94.457 Y178.403 E883.10507
G1 X94.299 Y177.787 E883.12622
M204 S3000
M205 X10 Y10
G0 F6000 X94.193 Y177.812
G0 X94.496 Y178.648
G0 X95.286 Y179.543
G0 X112.845 Y191.506
G0 X113.312 Y191.464
M204 S1800
M205 X8 Y8
G1 F3000 X113.044 Y191.401 E883.13538
G1 X112.818 Y191.205 E883.14533
G1 X112.741 Y191.047 E883.15117
G1 X112.3 Y189.666 E883.19939
G1 X111.963 Y188.821 E883.22965
G1 X111.025 Y186.659 E883.30803
G1 X110.598 Y185.855 E883.33831
G1 X109.631 Y184.147 E883.40359
G1 X109.215 Y183.479 E883.42977
G1 X108.926 Y183.053 E883.44689
G1 X107.55 Y181.137 E883.52534
G1 X106.963 Y180.446 E883.5555
G1 X105.39 Y178.689 E883.63394
G1 X104.697 Y178.035 E883.66563
G1 X102.979 Y176.487 E883.74254
G1 X102.239 Y175.926 E883.77343
G1 X100.347 Y174.558 E883.85108
G1 X99.559 Y174.084 E883.88167
G1 X98.876 Y173.695 E883.90781
G1 X97.52 Y172.919 E883.95978
G1 X96.684 Y172.532 E883.99042
G1 X94.535 Y171.593 E884.06842
G1 X93.649 Y171.295 E884.09951
G1 X91.413 Y170.591 E884.17748
G1 X90.451 Y170.384 E884.21021
G1 X88.225 Y169.938 E884.28571
G1 X87.252 Y169.834 E884.31826
G1 X84.975 Y169.628 E884.3943
G1 X83.987 Y169.629 E884.42716
G1 X81.71 Y169.668 E884.50291
G1 X80.806 Y169.766 E884.53315
G1 X78.47 Y170.058 E884.61145
G1 X77.582 Y170.255 E884.64171
G1 X75.299 Y170.792 E884.71971
G1 X74.34 Y171.113 E884.75335
G1 X72.204 Y171.867 E884.82869
G1 X71.44 Y172.219 E884.85666
G1 X69.248 Y173.265 E884.93745
G1 X68.36 Y173.8 E884.97193
G1 X66.466 Y174.97 E885.04597
G1 X65.701 Y175.552 E885.07794
G1 X63.879 Y176.967 E885.15467
G1 X63.153 Y177.654 E885.18792
G1 X61.522 Y179.226 E885.26326
G1 X59.419 Y181.727 E885.37194
G1 X57.6 Y184.439 E885.48055
G1 X56.082 Y187.33 E885.58916
G1 X54.876 Y190.381 E885.69827
G1 X54.015 Y193.516 E885.80641
G1 X53.49 Y196.741 E885.91508
G1 X53.315 Y200.002 E886.0237
G1 X53.491 Y203.26 E886.13222
G1 X54.016 Y206.484 E886.24086
G1 X54.795 Y209.32 E886.33868
G1 X54.992 Y209.909 E886.35934
G1 X56.083 Y212.671 E886.45811
G1 X57.601 Y215.562 E886.56671
G1 X59.42 Y218.274 E886.67533
G1 X61.523 Y220.775 E886.78401
G1 X63.258 Y222.447 E886.86415
G1 X63.88 Y223.034 E886.8926
G1 X65.694 Y224.444 E886.96901
G1 X66.467 Y225.031 E887.0013
G1 X68.473 Y226.269 E887.0797
G1 X69.25 Y226.736 E887.10985
G1 X71.442 Y227.782 E887.19063
G1 X72.205 Y228.134 E887.21858
G1 X74.5 Y228.942 E887.2995
G1 X75.284 Y229.206 E887.32702
G1 X77.648 Y229.76 E887.40778
G1 X78.469 Y229.943 E887.43575
G1 X80.722 Y230.223 E887.51126
G1 X81.712 Y230.333 E887.54439
G1 X84.159 Y230.373 E887.62579
G1 X84.975 Y230.372 E887.65293
G1 X87.322 Y230.159 E887.73132
G1 X88.226 Y230.061 E887.76156
G1 X90.597 Y229.586 E887.84199
G1 X91.427 Y229.403 E887.87025
G1 X93.702 Y228.687 E887.94958
G1 X94.536 Y228.405 E887.97886
G1 X96.709 Y227.456 E888.05773
G1 X97.521 Y227.079 E888.0875
G1 X99.37 Y226.023 E888.15832
G1 X100 Y225.651 E888.18266
G1 X100.435 Y225.378 E888.19974
G1 X102.276 Y224.046 E888.27532
G1 X102.981 Y223.512 E888.30473
G1 X104.732 Y221.933 E888.38315
G1 X105.391 Y221.309 E888.41334
G1 X106.965 Y219.552 E888.4918
G1 X107.552 Y218.861 E888.52195
G1 X108.927 Y216.945 E888.60039
G1 X109.436 Y216.194 E888.63057
G1 X110.6 Y214.142 E888.70903
G1 X111.027 Y213.342 E888.73919
G1 X111.967 Y211.172 E888.81785
G1 X112.695 Y209.17 E888.8887
G1 X112.818 Y208.862 E888.89973
G1 X113.043 Y208.669 E888.90959
G1 X113.312 Y208.605 E888.91879
G1 X115.355 Y208.607 E888.98674
G1 X125.72 Y208.544 E889.33149
G1 X129.114 Y208.523 E889.44437
G1 X129.114 Y204.665 E889.57269
G1 F2992.5 X129.113 Y200.807 E889.70133
G1 F2843.6 X129.093 Y200.285 E889.71966
G1 F2714.9 X129.093 Y199.712 E889.74072
G1 F2850.4 X129.114 Y198.988 E889.76607
G1 F3000 X129.114 Y191.48 E890.01579
G1 X113.312 Y191.464 E890.54137
M204 S3000
M205 X10 Y10
G0 F6000 X113.311 Y191.574
G0 X123.693 Y200.329
G0 X123.799 Y200.304
M204 S1800
M205 X8 Y8
G1 F3000 X123.786 Y199.772 E890.55907
G1 X123.934 Y199.141 E890.58063
G1 X124.138 Y198.722 E890.59613
G1 X124.592 Y198.184 E890.61954
G1 X124.964 Y197.908 E890.63495
G1 X125.789 Y197.596 E890.66428
G1 X126.153 Y197.563 E890.67644
G1 X126.789 Y197.635 E890.69773
G1 X127.229 Y197.785 E890.71319
G1 X127.818 Y198.169 E890.73657
G1 X128.14 Y198.508 E890.75212
G1 X128.493 Y199.142 E890.77626
G1 F2816.9 X128.64 Y199.572 E890.79236
G1 F2684.6 X128.651 Y200.285 E890.81886
G1 F2843.6 X128.538 Y200.737 E890.83521
G1 F2992.5 X128.221 Y201.376 E890.85899
G1 F3000 X127.929 Y201.732 E890.87431
G1 X127.351 Y202.151 E890.89805
G1 X126.93 Y202.329 E890.91325
G1 X126.222 Y202.434 E890.93706
G1 X125.756 Y202.395 E890.95261
G1 X125.102 Y202.164 E890.97568
G1 X124.705 Y201.914 E890.99129
G1 X124.216 Y201.39 E891.01513
G1 X123.96 Y200.928 E891.03269
G1 X123.799 Y200.304 E891.05413
M204 S3000
M205 X10 Y10
G0 F6000 X123.693 Y200.329
G0 X95.081 Y220.641
G0 X94.497 Y221.35
G0 X94.263 Y222.293
G0 X94.299 Y222.822
M204 S1800
M205 X8 Y8
G1 F3000 X94.285 Y222.299 E891.07153
G1 X94.434 Y221.658 E891.09342
G1 X94.668 Y221.189 E891.11085
G1 X95.092 Y220.701 E891.13235
G1 X95.54 Y220.381 E891.15066
G1 X96.289 Y220.113 E891.17712
G1 X96.688 Y220.081 E891.19043
G1 X97.291 Y220.152 E891.21063
G1 X97.79 Y220.329 E891.22824
G1 X98.271 Y220.654 E891.24755
G1 X98.639 Y221.025 E891.26493
G1 X98.993 Y221.659 E891.28908
G1 X99.119 Y222.118 E891.30491
G1 X99.131 Y222.8 E891.3276
G1 X99.037 Y223.253 E891.34298
G1 X98.721 Y223.893 E891.36672
G1 X98.382 Y224.296 E891.38424
G1 X97.851 Y224.668 E891.4058
G1 X97.42 Y224.851 E891.42138
G1 X96.862 Y224.933 E891.44013
G1 X96.575 Y224.95 E891.4497
G1 X96.115 Y224.876 E891.46519
G1 X95.588 Y224.674 E891.48397
G1 X95.165 Y224.401 E891.50071
G1 X94.715 Y223.905 E891.52298
G1 X94.461 Y223.449 E891.54035
G1 X94.299 Y222.822 E891.56188
M204 S3000
M205 X10 Y10
G0 F6000 X93.911 Y222.919
M204 S1800
M205 X8 Y8
G1 F3000 X93.883 Y222.354 E891.5807
G1 X93.999 Y221.751 E891.60112
G1 X94.138 Y221.323 E891.61609
G1 X94.402 Y220.879 E891.63327
G1 X94.792 Y220.437 E891.65288
G1 X95.242 Y220.093 E891.67172
G1 X95.47 Y219.978 E891.68021
G1 X96.216 Y219.716 E891.70651
G1 X96.656 Y219.68 E891.72119
G1 X97.336 Y219.755 E891.74394
G1 X97.87 Y219.927 E891.7626
G1 X98.497 Y220.324 E891.78729
G1 X98.733 Y220.523 E891.79755
G1 X99.072 Y220.952 E891.81574
G1 X99.347 Y221.472 E891.83531
G1 X99.504 Y222.004 E891.85375
G1 X99.531 Y222.799 E891.88021
G1 X99.425 Y223.349 E891.89884
G1 X99.076 Y224.079 E891.92575
G1 X98.727 Y224.515 E891.94433
G1 X98.078 Y224.998 E891.97124
G1 X97.573 Y225.22 E891.98958
G1 X96.91 Y225.33 E892.01194
G1 X96.526 Y225.347 E892.02472
G1 X95.971 Y225.249 E892.04347
G1 X95.444 Y225.048 E892.06222
G1 X94.975 Y224.758 E892.08057
G1 X94.617 Y224.397 E892.09748
G1 X94.278 Y223.97 E892.11561
G1 X94.051 Y223.477 E892.13366
G1 X93.911 Y222.919 E892.1528
M204 S3000
M205 X10 Y10
G0 F6000 X77.339 Y205.083
G0 X76.367 Y203.537
G0 X75.827 Y201.986
G0 X75.29 Y199.259
M204 S1800
M205 X8 Y8
G1 F3000 X75.407 Y198.222 E892.1875
G1 X75.717 Y197.256 E892.22125
G1 X76.01 Y196.418 E892.25077
G1 X76.277 Y195.946 E892.26881
G1 X77.017 Y194.768 E892.31508
G1 X77.298 Y194.461 E892.32892
G1 X78.365 Y193.394 E892.37911
G1 X78.506 Y193.287 E892.385
G1 X79.955 Y192.379 E892.44187
G1 X80.129 Y192.299 E892.44824
G1 X81.731 Y191.738 E892.5047
G1 X81.933 Y191.694 E892.51157
G1 X83.603 Y191.506 E892.56747
G1 X84.523 Y191.584 E892.59818
G1 X85.548 Y191.701 E892.63249
G1 X86.451 Y192.002 E892.66415
G1 X87.298 Y192.299 E892.694
G1 X88.171 Y192.817 E892.72777
G1 X88.967 Y193.318 E892.75905
G1 X89.563 Y193.895 E892.78664
G1 X90.287 Y194.619 E892.82069
G1 X90.871 Y195.503 E892.85593
G1 X91.343 Y196.254 E892.88543
G1 X91.617 Y196.992 E892.91162
G1 X91.971 Y198.004 E892.94728
G1 X92.114 Y199.053 E892.98249
G1 X92.208 Y199.885 E893.01034
G1 X92.114 Y200.946 E893.04577
G1 X92.012 Y201.835 E893.07553
G1 X91.939 Y202.087 E893.08425
G1 X91.417 Y203.582 E893.13692
G1 X90.873 Y204.494 E893.17224
G1 X90.394 Y205.255 E893.20215
G1 X89.693 Y205.976 E893.2356
G1 X89.097 Y206.572 E893.26363
G1 X88.21 Y207.158 E893.29899
G1 X87.463 Y207.626 E893.32831
G1 X86.431 Y208.004 E893.36486
G1 X85.66 Y208.273 E893.39202
G1 X84.593 Y208.407 E893.42779
G1 X83.771 Y208.499 E893.4553
G1 X83.308 Y208.461 E893.47075
G1 X81.903 Y208.302 E893.51778
G1 X81.613 Y208.22 E893.5278
G1 X80.089 Y207.687 E893.5815
G1 X79.928 Y207.605 E893.58751
G1 X78.483 Y206.698 E893.64425
G1 X78.33 Y206.572 E893.65085
G1 X77.14 Y205.381 E893.70684
G1 X77.001 Y205.206 E893.71428
G1 X76.083 Y203.743 E893.77172
G1 X75.71 Y202.723 E893.80785
G1 X75.441 Y201.948 E893.83513
G1 X75.298 Y200.805 E893.87344
G1 X75.22 Y200.115 E893.89654
G1 X75.29 Y199.259 E893.9251
M204 S3000
M205 X10 Y10
G0 F6000 X57.689 Y202.487
G0 X56.286 Y202.059
G0 X55.647 Y201.336
G0 X54.911 Y200.402
M204 S1800
M205 X8 Y8
G1 F3000 X54.883 Y199.837 E893.94392
G1 X55.045 Y199.047 E893.97074
G1 X55.286 Y198.532 E893.98965
G1 X55.792 Y197.92 E894.01607
G1 X56.239 Y197.577 E894.03481
G1 X57.156 Y197.218 E894.06756
G1 X57.656 Y197.163 E894.08429
G1 X58.336 Y197.238 E894.10704
G1 X58.873 Y197.412 E894.12582
G1 X59.544 Y197.839 E894.15227
G1 X59.941 Y198.244 E894.17113
G1 X60.347 Y198.955 E894.19837
G1 X60.504 Y199.487 E894.21681
G1 X60.529 Y200.03 E894.23489
G1 X60.501 Y200.526 E894.25142
G1 X60.349 Y201.039 E894.26921
G1 X60.075 Y201.562 E894.28885
G1 X59.728 Y201.997 E894.30736
G1 X59.254 Y202.359 E894.3272
G1 X58.867 Y202.591 E894.3422
G1 X58.339 Y202.761 E894.36065
G1 X57.771 Y202.831 E894.37969
G1 X57.208 Y202.792 E894.39846
G1 X56.459 Y202.538 E894.42476
G1 X55.981 Y202.245 E894.44341
G1 X55.416 Y201.655 E894.47058
G1 X55.135 Y201.18 E894.48894
G1 X54.911 Y200.402 E894.51586
M204 S3000
M205 X10 Y10
G0 F6000 X55.497 Y198.833
G0 X56.291 Y197.938
G0 X93.911 Y177.884
M204 S1800
M205 X8 Y8
G1 F3000 X93.883 Y177.32 E894.53465
G1 X94.045 Y176.53 E894.56147
G1 X94.285 Y176.018 E894.58027
G1 X94.621 Y175.598 E894.59816
G1 X94.983 Y175.235 E894.61522
G1 X95.47 Y174.944 E894.63408
G1 X96.155 Y174.702 E894.65825
G1 X96.495 Y174.646 E894.66971
G1 X97.335 Y174.72 E894.69775
G1 X97.873 Y174.895 E894.71657
G1 X98.544 Y175.322 E894.74303
G1 X98.941 Y175.727 E894.76189
G1 X99.347 Y176.44 E894.78918
G1 X99.504 Y176.971 E894.80759
G1 X99.53 Y177.515 E894.82571
G1 X99.501 Y178.009 E894.84217
G1 X99.339 Y178.541 E894.86066
G1 X99.075 Y179.045 E894.87959
G1 X98.729 Y179.478 E894.89802
G1 X98.078 Y179.964 E894.92504
G1 X97.571 Y180.187 E894.94346
G1 X96.771 Y180.314 E894.97041
G1 X96.208 Y180.275 E894.98918
G1 X95.532 Y180.048 E895.01289
G1 X95.233 Y179.903 E895.02395
G1 X94.794 Y179.564 E895.04239
G1 X94.401 Y179.12 E895.06212
G1 X94.135 Y178.663 E895.0797
G1 X93.981 Y178.163 E895.0971
G1 X93.911 Y177.884 E895.10667
M204 S3000
M205 X10 Y10
G0 F6000 X95.081 Y179.357
G0 X112.452 Y191.374
M204 S1800
M205 X8 Y8
G1 F3000 X112.36 Y191.168 E895.11418
G1 X111.924 Y189.802 E895.16187
G1 X111.593 Y188.975 E895.19149
G1 X110.665 Y186.833 E895.26914
G1 X110.248 Y186.048 E895.2987
G1 X109.095 Y184.015 E895.37644
G1 X108.598 Y183.282 E895.40589
G1 X107.235 Y181.384 E895.48361
G1 X106.662 Y180.709 E895.51306
G1 X105.103 Y178.969 E895.59076
G1 X104.429 Y178.332 E895.62161
G1 X102.724 Y176.796 E895.69794
G1 X102.004 Y176.25 E895.72799
G1 X100.127 Y174.892 E895.80504
G1 X99.36 Y174.432 E895.83479
G1 X97.336 Y173.275 E895.91233
G1 X96.524 Y172.898 E895.94211
G1 X94.391 Y171.967 E896.01952
G1 X93.529 Y171.676 E896.04978
G1 X91.311 Y170.978 E896.12711
G1 X90.372 Y170.776 E896.15906
G1 X88.164 Y170.334 E896.23395
G1 X87.216 Y170.232 E896.26567
G1 X84.957 Y170.028 E896.34111
G1 X83.994 Y170.029 E896.37314
G1 X81.735 Y170.068 E896.44828
G1 X80.769 Y170.174 E896.48061
G1 X78.538 Y170.453 E896.55539
G1 X77.607 Y170.66 E896.58711
G1 X75.408 Y171.178 E896.66225
G1 X74.555 Y171.462 E896.69215
G1 X72.354 Y172.238 E896.76977
G1 X71.548 Y172.611 E896.79931
G1 X69.438 Y173.617 E896.87706
G1 X68.57 Y174.141 E896.91078
G1 X66.692 Y175.3 E896.98418
G1 X65.947 Y175.868 E897.01534
G1 X65.25 Y176.407 E897.04465
G1 X64.139 Y177.271 E897.09146
G1 X63.43 Y177.942 E897.12392
G1 X61.815 Y179.499 E897.19854
G1 X59.739 Y181.968 E897.30583
G1 X57.944 Y184.644 E897.413
G1 X56.446 Y187.497 E897.52018
G1 X55.256 Y190.508 E897.62786
G1 X54.406 Y193.602 E897.73458
G1 X53.888 Y196.784 E897.84181
G1 X53.747 Y199.436 E897.93014
G1 X53.716 Y200.002 E897.94899
G1 X53.744 Y200.546 E897.96711
G1 X53.778 Y201.151 E897.98726
G1 X53.889 Y203.217 E898.05608
G1 X54.407 Y206.399 E898.1633
G1 X55.259 Y209.493 E898.27004
G1 X56.447 Y212.504 E898.3777
G1 X57.945 Y215.357 E898.48488
G1 X59.74 Y218.033 E898.59205
G1 X61.816 Y220.502 E898.69934
G1 X63.533 Y222.156 E898.77864
G1 X64.14 Y222.73 E898.80642
G1 X66.034 Y224.2 E898.88616
G1 X66.694 Y224.701 E898.91372
G1 X68.681 Y225.927 E898.99138
G1 X69.44 Y226.384 E899.02085
G1 X71.61 Y227.419 E899.10081
G1 X72.355 Y227.763 E899.1281
G1 X74.628 Y228.563 E899.20825
G1 X75.394 Y228.821 E899.23513
G1 X77.734 Y229.369 E899.31507
G1 X78.537 Y229.548 E899.34243
G1 X80.937 Y229.846 E899.42287
G1 X81.737 Y229.933 E899.44963
G1 X84.158 Y229.973 E899.53017
G1 X84.957 Y229.972 E899.55674
G1 X87.282 Y229.761 E899.63439
G1 X88.165 Y229.665 E899.66393
G1 X90.511 Y229.196 E899.7435
G1 X91.323 Y229.016 E899.77117
G1 X93.574 Y228.308 E899.84965
G1 X94.392 Y228.032 E899.87836
G1 X96.541 Y227.093 E899.95637
G1 X97.337 Y226.723 E899.98556
G1 X99.172 Y225.675 E900.05585
G1 X99.794 Y225.308 E900.07987
G1 X100.663 Y224.72 E900.11476
G1 X102.034 Y223.728 E900.17105
G1 X102.658 Y223.255 E900.19709
G1 X103.098 Y222.868 E900.21658
G1 X104.492 Y221.609 E900.27906
G1 X105.104 Y221.03 E900.30708
G1 X106.664 Y219.289 E900.38483
G1 X107.237 Y218.614 E900.41428
G1 X108.599 Y216.716 E900.49198
G1 X109.096 Y215.983 E900.52143
G1 X110.249 Y213.949 E900.5992
G1 X110.666 Y213.168 E900.62864
G1 X111.595 Y211.024 E900.70636
G1 X112.315 Y209.044 E900.77643
G1 X112.453 Y208.692 E900.78901
G1 X112.671 Y208.436 E900.80019
G1 X112.995 Y208.257 E900.8125
G1 X113.313 Y208.205 E900.82322
G1 X115.352 Y208.207 E900.89104
G1 X125.717 Y208.144 E901.23579
G1 X128.714 Y208.126 E901.33547
G1 X128.714 Y201.295 E901.56267
G1 X128.438 Y201.76 E901.58065
G1 X128.047 Y202.157 E901.59919
G1 X127.578 Y202.48 E901.61813
G1 X127.072 Y202.703 E901.63652
G1 X126.271 Y202.831 E901.6635
G1 X125.708 Y202.792 E901.68227
G1 X124.959 Y202.538 E901.70857
G1 X124.481 Y202.245 E901.72722
G1 X123.916 Y201.655 E901.75439
G1 X123.635 Y201.18 E901.77275
G1 X123.411 Y200.401 E901.79971
G1 X123.383 Y199.837 E901.81849
G1 X123.545 Y199.047 E901.84531
G1 X123.786 Y198.532 E901.86422
G1 X124.292 Y197.92 E901.89063
G1 X124.739 Y197.577 E901.90937
G1 X125.656 Y197.218 E901.94213
G1 X126.055 Y197.162 E901.95553
G1 X126.836 Y197.238 E901.98163
G1 X127.373 Y197.412 E902.0004
G1 X128.044 Y197.839 E902.02686
G1 X128.441 Y198.244 E902.04572
G1 X128.714 Y198.706 E902.06357
G1 X128.714 Y191.879 E902.29063
G1 X113.312 Y191.864 E902.80291
G1 X112.996 Y191.813 E902.81355
G1 X112.673 Y191.633 E902.82585
G1 X112.452 Y191.374 E902.83718
M204 S3000
M205 X10 Y10
G0 F6000 X112.262 Y191.756
M204 S1800
M205 X8 Y8
;TYPE:SKIN
G1 F1200 X111.993 Y191.263 E902.85586
G1 X111.566 Y189.928 E902.90247
G1 X111.298 Y189.261 E902.92638
G1 X110.321 Y186.999 E903.00833
G1 X109.994 Y186.38 E903.03162
G1 X108.77 Y184.214 E903.11437
G1 X108.353 Y183.599 E903.13908
G1 X106.934 Y181.616 E903.22018
G1 X106.427 Y181.019 E903.24623
G1 X104.831 Y179.235 E903.32585
G1 X104.205 Y178.645 E903.35446
G1 X102.481 Y177.09 E903.43168
G1 X101.794 Y176.569 E903.46036
G1 X99.937 Y175.225 E903.5366
G1 X99.293 Y174.837 E903.56161
G1 F1212.1 X98.852 Y174.579 E903.57843
G1 F1240.3 X98.41 Y174.32 E903.59491
G1 F1206 X97.915 Y174.054 E903.61351
G1 F991.7 X97.162 Y173.703 E903.64695
G1 F1006.3 X96.505 Y173.31 E903.67731
G1 F1200 X95.427 Y172.835 E903.71649
G1 X94.319 Y172.351 E903.75671
G1 X93.719 Y172.141 E903.77785
G1 X91.515 Y171.441 E903.85476
G1 X91.024 Y171.304 E903.87172
G1 X90.416 Y171.173 E903.8924
G1 X89.75 Y171.041 E903.91499
G1 X88.104 Y170.71 E903.97083
G1 X87.484 Y170.644 E903.99157
G1 X84.938 Y170.409 E904.07661
G1 X83.995 Y170.409 E904.10797
G1 X81.76 Y170.447 E904.18232
G1 X80.902 Y170.541 E904.21103
G1 X79.092 Y170.766 E904.27169
G1 X78.124 Y170.936 E904.30438
G1 X75.525 Y171.542 E904.39314
G1 X74.88 Y171.754 E904.41572
G1 X72.962 Y172.426 E904.48332
G1 X72.053 Y172.797 E904.51597
G1 X69.616 Y173.954 E904.6057
G1 X69.063 Y174.285 E904.62713
G1 X66.91 Y175.615 E904.7113
G1 X66.445 Y175.969 E904.73074
G1 X64.388 Y177.562 E904.81728
G1 X63.956 Y177.97 E904.83704
G1 X62.093 Y179.76 E904.92297
G1 X60.042 Y182.198 E905.02893
G1 X58.271 Y184.84 E905.13472
G1 X56.793 Y187.658 E905.24056
G1 X55.615 Y190.643 E905.34729
G1 X54.778 Y193.684 E905.4522
G1 X54.268 Y196.827 E905.5581
G1 X54.174 Y198.579 E905.61646
G1 F1182.3 X54.134 Y199.425 E905.64505
G1 F1173.6 X54.102 Y199.971 E905.66365
G1 F1182.3 X54.101 Y199.981 E905.66399
G1 X54.129 Y200.503 E905.68164
G1 F1191.1 X54.163 Y201.22 E905.70569
G1 F1200 X54.269 Y203.174 E905.77078
G1 X54.78 Y206.316 E905.87665
G1 X55.616 Y209.358 E905.98158
G1 X56.794 Y212.344 E906.08835
G1 X58.272 Y215.161 E906.19415
G1 X60.043 Y217.803 E906.29994
G1 X62.094 Y220.241 E906.40591
G1 X63.569 Y221.663 E906.47405
G1 X64.389 Y222.44 E906.51162
G1 X66.22 Y223.862 E906.58873
G1 X66.912 Y224.387 E906.61762
G1 X68.875 Y225.598 E906.69434
G1 X69.62 Y226.047 E906.72327
G1 X71.71 Y227.044 E906.80029
G1 X72.502 Y227.41 E906.8293
G1 X74.682 Y228.179 E906.90619
G1 X75.497 Y228.454 E906.9348
G1 X77.108 Y228.831 E906.98983
G1 X78.603 Y229.173 E907.04084
G1 X80.886 Y229.456 E907.11735
G1 X81.763 Y229.554 E907.1467
G1 X83.838 Y229.587 E907.21573
G1 X84.939 Y229.591 E907.25235
G1 X87.093 Y229.397 E907.32428
G1 X88.107 Y229.289 E907.35819
G1 X90.364 Y228.837 E907.43475
G1 X91.227 Y228.647 E907.46414
G1 X92.724 Y228.178 E907.51632
G1 X93.313 Y227.989 E907.53689
G1 X94.255 Y227.677 E907.5699
G1 X96.322 Y226.773 E907.64494
G1 X97.155 Y226.387 E907.67547
G1 F1206 X98.149 Y225.825 E907.71326
G1 F1197 X98.612 Y225.555 E907.73113
G1 F1165 X99.076 Y225.285 E907.74952
G1 F1173.6 X99.584 Y224.99 E907.7695
G1 F1200 X100.414 Y224.429 E907.80282
G1 X101.862 Y223.379 E907.86231
G1 X102.483 Y222.908 E907.88823
G1 X104.171 Y221.387 E907.96381
G1 X104.832 Y220.763 E907.99404
G1 X106.286 Y219.141 E908.06649
G1 X106.937 Y218.38 E908.0998
G1 X108.218 Y216.596 E908.17285
G1 X108.772 Y215.782 E908.2056
G1 X109.915 Y213.765 E908.28271
G1 X110.323 Y213.004 E908.31143
G1 X111.115 Y211.173 E908.37778
G1 X111.348 Y210.589 E908.39869
G1 X112.084 Y208.572 E908.4701
G1 X112.391 Y208.177 E908.48674
G1 X112.809 Y207.922 E908.50303
G1 X113.213 Y207.828 E908.51682
G1 X116.478 Y207.812 E908.62542
G1 X121.004 Y207.787 E908.77596
G1 X128.334 Y207.748 E909.01976
G1 X128.334 Y202.408 E909.19737
G1 X127.798 Y202.792 E909.2193
G1 X127.478 Y202.955 E909.23124
G1 X126.923 Y203.131 E909.25061
G1 X126.317 Y203.209 E909.27093
G1 X125.968 Y203.207 E909.28254
G1 X125.365 Y203.096 E909.30293
G1 X124.574 Y202.765 E909.33145
G1 X124.035 Y202.358 E909.35391
G1 X123.63 Y201.907 E909.37407
G1 X123.434 Y201.619 E909.38566
G1 X123.193 Y201.087 E909.40509
G1 X123.038 Y200.482 E909.42586
G1 X123.002 Y200.14 E909.4373
G1 X123.036 Y199.551 E909.45692
G1 X123.174 Y198.959 E909.47714
G1 X123.305 Y198.623 E909.48913
G1 X123.61 Y198.121 E909.50867
G1 X124.232 Y197.466 E909.53871
G1 X124.81 Y197.118 E909.56115
G1 X125.724 Y196.808 E909.59325
G1 X126.286 Y196.791 E909.61195
G1 X126.883 Y196.86 E909.63194
G1 X127.232 Y196.951 E909.64394
G1 X127.762 Y197.189 E909.66326
G1 X128.255 Y197.522 E909.68305
G1 X128.334 Y197.596 E909.68665
G1 X128.334 Y192.259 E909.86416
G1 X113.309 Y192.245 E910.36389
G1 X112.946 Y192.194 E910.37608
G1 X112.59 Y192.038 E910.38901
G1 X112.262 Y191.756 E910.4034
M204 S3000
M205 X10 Y10
G0 F6000 X95.081 Y179.357
G0 X93.539 Y177.964
M204 S1800
M205 X8 Y8
G1 F1200 X93.502 Y177.566 E910.41669
G1 X93.535 Y177.03 E910.43455
G1 X93.678 Y176.431 E910.45504
G1 X93.947 Y175.844 E910.47651
G1 X94.33 Y175.354 E910.4972
G1 X94.747 Y174.939 E910.51676
G1 X95.311 Y174.602 E910.53862
G1 X96.217 Y174.294 E910.57044
G1 F1041.2 X96.933 Y174.23 E910.598
G1 F1014.8 X97.688 Y174.404 E910.62847
G1 F1191.1 X98.195 Y174.635 E910.64714
G1 F1209.1 X98.783 Y175.019 E910.67032
G1 F1185.2 X99.029 Y175.252 E910.68174
G1 F1200 X99.37 Y175.676 E910.69983
G1 X99.688 Y176.275 E910.72239
G1 X99.871 Y176.867 E910.743
G1 X99.91 Y177.504 E910.76422
G1 X99.877 Y178.066 E910.78295
G1 X99.688 Y178.687 E910.80454
G1 X99.413 Y179.222 E910.82455
G1 X99.215 Y179.504 E910.83601
G1 X98.791 Y179.93 E910.856
G1 X98.295 Y180.276 E910.87611
G1 X97.988 Y180.434 E910.8876
G1 X97.401 Y180.619 E910.90807
G1 X96.702 Y180.701 E910.93147
G1 X96.166 Y180.654 E910.94937
G1 X95.747 Y180.534 E910.96387
G1 X95.063 Y180.246 E910.98855
G1 X94.625 Y179.933 E911.00646
G1 X94.133 Y179.391 E911.0308
G1 X93.936 Y179.105 E911.04235
G1 X93.703 Y178.613 E911.06046
G1 X93.539 Y177.964 E911.08272
M204 S3000
M205 X10 Y10
G0 F6000 X77.339 Y194.917
G0 X76.465 Y196.308
G0 X74.834 Y199.979
M204 S1800
M205 X8 Y8
G1 F1200 X74.914 Y199.214 E911.10831
G1 X74.983 Y198.583 E911.12942
G1 X75.056 Y198.01 E911.14863
G1 X75.347 Y197.163 E911.17842
G1 X75.725 Y196.118 E911.21538
G1 X76.68 Y194.588 E911.27537
G1 X77.039 Y194.188 E911.29324
G1 X78.077 Y193.146 E911.34216
G1 X78.307 Y192.964 E911.35192
G1 X79.741 Y192.065 E911.40821
G1 X80.069 Y191.918 E911.42016
G1 X81.481 Y191.423 E911.46993
G1 X81.826 Y191.326 E911.48185
G1 X83.274 Y191.161 E911.53032
G1 X83.849 Y191.127 E911.54948
G1 X85.224 Y191.283 E911.59551
G1 X85.707 Y191.343 E911.61169
G1 X86.672 Y191.677 E911.64566
G1 X87.588 Y192.009 E911.67806
G1 X88.132 Y192.346 E911.69935
G1 X88.906 Y192.829 E911.72969
G1 X89.359 Y193.153 E911.74822
G1 X90.568 Y194.362 E911.80508
G1 X91.193 Y195.301 E911.8426
G1 X91.734 Y196.187 E911.87713
G1 X91.915 Y196.698 E911.89516
G1 X92.327 Y197.872 E911.93654
G1 X92.45 Y198.655 E911.9629
G1 X92.587 Y199.858 E912.00317
G1 X92.531 Y200.641 E912.02928
G1 X92.374 Y201.963 E912.07356
G1 X92.365 Y202.004 E912.07496
G1 X91.802 Y203.634 E912.13231
G1 X91.654 Y203.964 E912.14434
G1 X91.193 Y204.699 E912.1732
G1 X90.615 Y205.588 E912.20847
G1 X89.357 Y206.849 E912.26771
G1 X88.413 Y207.479 E912.30546
G1 X87.526 Y208.019 E912.34
G1 X86.554 Y208.364 E912.3743
G1 X85.639 Y208.668 E912.40637
G1 X84.63 Y208.786 E912.44016
G1 X83.581 Y208.874 E912.47517
G1 X81.882 Y208.683 E912.53204
G1 X81.396 Y208.544 E912.54885
G1 X79.985 Y208.054 E912.59853
G1 X79.689 Y207.906 E912.60954
G1 X78.284 Y207.022 E912.66475
G1 X78.025 Y206.803 E912.67603
G1 X77.027 Y205.806 E912.72295
G1 X76.723 Y205.474 E912.73792
G1 X75.996 Y204.32 E912.78328
G1 X75.693 Y203.812 E912.80296
G1 X75.351 Y202.846 E912.83704
G1 X75.043 Y201.912 E912.86975
G1 X74.919 Y200.845 E912.90548
G1 X74.834 Y199.979 E912.93442
M204 S3000
M205 X10 Y10
G0 F6000 X57.689 Y202.487
G0 X56.372 Y202.096
G0 X54.538 Y200.497
M204 S1800
M205 X8 Y8
G1 F1194 X54.504 Y200.177 E912.94518
G1 X54.534 Y199.538 E912.96656
G1 F1191.1 X54.777 Y198.679 E912.99647
G1 F1200 X55.11 Y198.122 E913.01806
G1 X55.502 Y197.674 E913.03786
G1 X55.774 Y197.434 E913.04992
G1 X56.31 Y197.118 E913.07062
G1 X57.024 Y196.861 E913.09586
G1 X57.506 Y196.782 E913.1121
G1 X58.38 Y196.86 E913.14129
G1 X58.728 Y196.947 E913.15322
G1 X59.253 Y197.184 E913.17238
G1 X59.759 Y197.523 E913.19263
G1 X60.026 Y197.765 E913.20462
G1 X60.395 Y198.234 E913.22447
G1 X60.721 Y198.858 E913.24788
G1 X60.872 Y199.393 E913.26637
G1 X60.909 Y200.018 E913.2872
G1 X60.873 Y200.597 E913.30649
G1 X60.69 Y201.203 E913.32755
G1 X60.426 Y201.704 E913.34638
G1 X60.331 Y201.87 E913.35274
G1 X59.941 Y202.324 E913.37265
G1 X59.475 Y202.67 E913.39195
G1 X59.033 Y202.931 E913.40903
G1 X58.418 Y203.131 E913.43054
G1 X57.521 Y203.21 E913.46049
G1 X56.865 Y203.096 E913.48263
G1 X56.338 Y202.902 E913.50131
G1 X55.773 Y202.566 E913.52317
G1 X55.504 Y202.325 E913.53519
G1 X54.965 Y201.667 E913.56348
G1 X54.696 Y201.091 E913.58462
G1 F1188.1 X54.538 Y200.497 E913.60527
M204 S3000
M205 X10 Y10
G0 F6000 X56.286 Y202.059
G0 X93.506 Y222.769
M204 S1800
M205 X8 Y8
G1 F1200 X93.536 Y222.07 E913.62854
G1 X93.749 Y221.259 E913.65643
G1 X94.048 Y220.714 E913.6771
G1 X94.456 Y220.241 E913.69788
G1 X94.825 Y219.921 E913.71412
G1 X95.269 Y219.649 E913.73144
G1 X96.035 Y219.375 E913.7585
G1 X96.498 Y219.299 E913.77411
G1 X97.098 Y219.343 E913.79412
G1 X97.731 Y219.467 E913.81557
G1 X98.254 Y219.699 E913.8346
G1 X98.714 Y220.009 E913.85305
G1 X99.026 Y220.282 E913.86684
G1 X99.402 Y220.761 E913.88709
G1 X99.688 Y221.306 E913.90756
G1 X99.872 Y221.906 E913.92844
G1 X99.91 Y222.475 E913.9474
G1 X99.876 Y223.101 E913.96825
G1 X99.69 Y223.719 E913.98972
G1 X99.372 Y224.281 E914.0112
G1 X99.218 Y224.536 E914.0211
G1 F1173.6 X98.865 Y224.925 E914.03897
G1 F1194 X98.269 Y225.318 E914.06283
G1 F1227.6 X97.992 Y225.464 E914.07301
G1 F1206 X97.42 Y225.647 E914.09289
G1 F1200 X96.521 Y225.725 E914.1229
G1 X95.864 Y225.611 E914.14508
G1 X95.323 Y225.411 E914.16426
G1 X94.769 Y225.079 E914.18574
G1 X94.34 Y224.658 E914.20574
G1 X93.961 Y224.178 E914.22608
G1 X93.687 Y223.581 E914.24793
G1 X93.506 Y222.769 E914.2756
M204 S3000
M205 X10 Y10
G0 F6000 X94.655 Y221.124
G0 X95.291 Y220.454
G0 X112.831 Y208.564
G0 X128.134 Y207.317
M204 S1800
M205 X8 Y8
G1 F1200 X127.902 Y207.549 E914.28651
M204 S3000
M205 X10 Y10
G0 F6000 X127.332 Y207.552
M204 S1800
M205 X8 Y8
G1 F1200 X128.134 Y206.751 E914.32421
M204 S3000
M205 X10 Y10
G0 F6000 X128.134 Y206.185
M204 S1800
M205 X8 Y8
G1 F1200 X126.764 Y207.555 E914.38865
M204 S3000
M205 X10 Y10
G0 F6000 X126.195 Y207.559
M204 S1800
M205 X8 Y8
G1 F1200 X128.134 Y205.62 E914.47985
M204 S3000
M205 X10 Y10
G0 F6000 X128.134 Y205.054
M204 S1800
M205 X8 Y8
G1 F1200 X125.626 Y207.562 E914.59782
M204 S3000
M205 X10 Y10
G0 F6000 X125.057 Y207.565
M204 S1800
M205 X8 Y8
G1 F1200 X128.134 Y204.488 E914.74255
M204 S3000
M205 X10 Y10
G0 F6000 X128.134 Y203.923
M204 S1800
M205 X8 Y8
G1 F1200 X124.488 Y207.568 E914.91403
M204 S3000
M205 X10 Y10
G0 F6000 X123.919 Y207.571
M204 S1800
M205 X8 Y8
G1 F1200 X128.134 Y203.357 E915.11227
M204 S3000
M205 X10 Y10
G0 F6000 X128.105 Y202.82
M204 S1800
M205 X8 Y8
G1 F1200 X123.351 Y207.574 E915.33588
M204 S3000
M205 X10 Y10
G0 F6000 X122.782 Y207.578
M204 S1800
M205 X8 Y8
G1 F1200 X127.072 Y203.287 E915.53769
M204 S3000
M205 X10 Y10
G0 F6000 X126.394 Y203.399
M204 S1800
M205 X8 Y8
G1 F1200 X122.213 Y207.581 E915.73438
M204 S3000
M205 X10 Y10
G0 F6000 X121.644 Y207.584
M204 S1800
M205 X8 Y8
G1 F1200 X125.843 Y203.385 E915.93188
M204 S3000
M205 X10 Y10
G0 F6000 X125.371 Y203.291
M204 S1800
M205 X8 Y8
G1 F1200 X121.075 Y207.587 E916.13395
M204 S3000
M205 X10 Y10
G0 F6000 X120.506 Y207.59
M204 S1800
M205 X8 Y8
G1 F1200 X124.957 Y203.139 E916.34332
M204 S3000
M205 X10 Y10
G0 F6000 X124.565 Y202.966
M204 S1800
M205 X8 Y8
G1 F1200 X119.938 Y207.593 E916.56096
M204 S3000
M205 X10 Y10
G0 F6000 X119.368 Y207.597
M204 S1800
M205 X8 Y8
G1 F1200 X124.218 Y202.747 E916.78908
M204 S3000
M205 X10 Y10
G0 F6000 X123.901 Y202.499
M204 S1800
M205 X8 Y8
G1 F1200 X118.8 Y207.6 E917.02902
M204 S3000
M205 X10 Y10
G0 F6000 X118.231 Y207.603
M204 S1800
M205 X8 Y8
G1 F1200 X123.627 Y202.207 E917.28283
M204 S3000
M205 X10 Y10
G0 F6000 X123.378 Y201.89
M204 S1800
M205 X8 Y8
G1 F1200 X117.662 Y207.606 E917.55169
M204 S3000
M205 X10 Y10
G0 F6000 X117.094 Y207.609
M204 S1800
M205 X8 Y8
G1 F1200 X123.175 Y201.528 E917.83773
M204 S3000
M205 X10 Y10
G0 F6000 X123.001 Y201.135
M204 S1800
M205 X8 Y8
G1 F1200 X116.524 Y207.612 E918.14238
M204 S3000
M205 X10 Y10
G0 F6000 X115.956 Y207.615
M204 S1800
M205 X8 Y8
G1 F1200 X122.883 Y200.688 E918.46821
M204 S3000
M205 X10 Y10
G0 F6000 X122.808 Y200.197
M204 S1800
M205 X8 Y8
G1 F1200 X115.387 Y207.619 E918.81729
M204 S3000
M205 X10 Y10
G0 F6000 X114.818 Y207.622
M204 S1800
M205 X8 Y8
G1 F1200 X122.836 Y199.604 E919.19444
M204 S3000
M205 X10 Y10
G0 F6000 X122.989 Y198.885
M204 S1800
M205 X8 Y8
G1 F1200 X114.249 Y207.625 E919.60554
M204 S3000
M205 X10 Y10
G0 F6000 X113.68 Y207.628
M204 S1800
M205 X8 Y8
G1 F1200 X128.134 Y193.175 E920.28539
M204 S3000
M205 X10 Y10
G0 F6000 X128.134 Y193.74
M204 S1800
M205 X8 Y8
G1 F1200 X125.052 Y196.822 E920.43035
G1 X124.982 Y196.892
M204 S3000
M205 X10 Y10
G0 F6000 X125.84 Y196.6
M204 S1800
M205 X8 Y8
G1 F1200 X128.134 Y194.306 E920.53826
M204 S3000
M205 X10 Y10
G0 F6000 X128.134 Y194.872
M204 S1800
M205 X8 Y8
G1 F1200 X126.402 Y196.603 E920.6197
M204 S3000
M205 X10 Y10
G0 F6000 X126.91 Y196.661
M204 S1800
M205 X8 Y8
G1 F1200 X128.134 Y195.437 E920.67728
M204 S3000
M205 X10 Y10
G0 F6000 X128.134 Y196.003
M204 S1800
M205 X8 Y8
G1 F1200 X127.348 Y196.789 E920.71425
M204 S3000
M205 X10 Y10
G0 F6000 X127.742 Y196.961
M204 S1800
M205 X8 Y8
G1 F1200 X128.134 Y196.569 E920.73268
M204 S3000
M205 X10 Y10
G0 F6000 X128.134 Y192.609
M204 S1800
M205 X8 Y8
G1 F1200 X113.095 Y207.648 E921.44007
G1 X113.025 Y207.718
M204 S3000
M205 X10 Y10
G0 F6000 X111.695 Y209.048
M204 S1800
M205 X8 Y8
G1 F1200 X99.748 Y220.995 E922.00202
M204 S3000
M205 X10 Y10
G0 F6000 X99.547 Y220.63
M204 S1800
M205 X8 Y8
G1 F1200 X127.72 Y192.457 E923.3272
M204 S3000
M205 X10 Y10
G0 F6000 X127.155 Y192.456
M204 S1800
M205 X8 Y8
G1 F1200 X99.301 Y220.31 E924.63736
M204 S3000
M205 X10 Y10
G0 F6000 X99.026 Y220.019
M204 S1800
M205 X8 Y8
G1 F1200 X126.589 Y192.456 E925.93384
M204 S3000
M205 X10 Y10
G0 F6000 X126.024 Y192.456
M204 S1800
M205 X8 Y8
G1 F1200 X98.714 Y219.766 E927.21842
M204 S3000
M205 X10 Y10
G0 F6000 X98.376 Y219.538
M204 S1800
M205 X8 Y8
G1 F1200 X125.459 Y192.455 E928.49232
M204 S3000
M205 X10 Y10
G0 F6000 X124.894 Y192.455
M204 S1800
M205 X8 Y8
G1 F1200 X97.988 Y219.361 E929.7579
M204 S3000
M205 X10 Y10
G0 F6000 X97.564 Y219.219
M204 S1800
M205 X8 Y8
G1 F1200 X124.329 Y192.454 E931.01684
M204 S3000
M205 X10 Y10
G0 F6000 X123.764 Y192.453
M204 S1800
M205 X8 Y8
G1 F1200 X97.077 Y219.14 E932.27211
M204 S3000
M205 X10 Y10
G0 F6000 X96.549 Y219.102
M204 S1800
M205 X8 Y8
G1 F1200 X123.198 Y192.453 E933.5256
M204 S3000
M205 X10 Y10
G0 F6000 X122.633 Y192.453
M204 S1800
M205 X8 Y8
G1 F1200 X95.863 Y219.223 E934.78478
G1 X95.793 Y219.293
M204 S3000
M205 X10 Y10
G0 F6000 X94.848 Y219.672
M204 S1800
M205 X8 Y8
G1 F1200 X122.068 Y192.452 E936.06513
M204 S3000
M205 X10 Y10
G0 F6000 X121.503 Y192.451
M204 S1800
M205 X8 Y8
G1 F1200 X84.567 Y229.387 E937.80248
M204 S3000
M205 X10 Y10
G0 F6000 X84.006 Y229.383
M204 S1800
M205 X8 Y8
G1 F1200 X120.937 Y192.451 E939.53963
M204 S3000
M205 X10 Y10
G0 F6000 X120.372 Y192.451
M204 S1800
M205 X8 Y8
G1 F1200 X83.444 Y229.379 E941.27661
M204 S3000
M205 X10 Y10
G0 F6000 X82.887 Y229.371
M204 S1800
M205 X8 Y8
G1 F1200 X119.807 Y192.45 E943.01323
M204 S3000
M205 X10 Y10
G0 F6000 X119.242 Y192.45
M204 S1800
M205 X8 Y8
G1 F1200 X82.329 Y229.362 E944.74948
M204 S3000
M205 X10 Y10
G0 F6000 X81.773 Y229.353
M204 S1800
M205 X8 Y8
G1 F1200 X118.677 Y192.449 E946.48534
M204 S3000
M205 X10 Y10
G0 F6000 X118.112 Y192.449
M204 S1800
M205 X8 Y8
G1 F1200 X81.264 Y229.296 E948.21853
M204 S3000
M205 X10 Y10
G0 F6000 X80.755 Y229.239
M204 S1800
M205 X8 Y8
G1 F1200 X117.546 Y192.449 E949.94904
M204 S3000
M205 X10 Y10
G0 F6000 X116.981 Y192.448
M204 S1800
M205 X8 Y8
G1 F1200 X80.253 Y229.176 E951.67661
M204 S3000
M205 X10 Y10
G0 F6000 X79.75 Y229.113
M204 S1800
M205 X8 Y8
G1 F1200 X116.416 Y192.447 E953.40127
M204 S3000
M205 X10 Y10
G0 F6000 X115.85 Y192.447
M204 S1800
M205 X8 Y8
G1 F1200 X79.246 Y229.051 E955.12301
M204 S3000
M205 X10 Y10
G0 F6000 X78.744 Y228.988
M204 S1800
M205 X8 Y8
G1 F1200 X115.285 Y192.446 E956.84181
M204 S3000
M205 X10 Y10
G0 F6000 X114.721 Y192.446
M204 S1800
M205 X8 Y8
G1 F1200 X78.275 Y228.891 E958.55609
M204 S3000
M205 X10 Y10
G0 F6000 X77.816 Y228.785
M204 S1800
M205 X8 Y8
G1 F1200 X114.155 Y192.446 E960.26537
M204 S3000
M205 X10 Y10
G0 F6000 X113.59 Y192.445
M204 S1800
M205 X8 Y8
G1 F1200 X77.356 Y228.679 E961.96971
M204 S3000
M205 X10 Y10
G0 F6000 X76.897 Y228.572
M204 S1800
M205 X8 Y8
G1 F1200 X113.055 Y192.415 E963.67044
M204 S3000
M205 X10 Y10
G0 F6000 X112.629 Y192.275
M204 S1800
M205 X8 Y8
G1 F1200 X76.438 Y228.466 E965.37276
M204 S3000
M205 X10 Y10
G0 F6000 X75.979 Y228.359
M204 S1800
M205 X8 Y8
G1 F1200 X112.294 Y192.044 E967.0809
M204 S3000
M205 X10 Y10
G0 F6000 X112.024 Y191.748
M204 S1800
M205 X8 Y8
G1 F1200 X75.522 Y228.25 E968.79785
M204 S3000
M205 X10 Y10
G0 F6000 X75.099 Y228.107
M204 S1800
M205 X8 Y8
G1 F1200 X111.825 Y191.381 E970.52532
M204 S3000
M205 X10 Y10
G0 F6000 X111.686 Y190.954
M204 S1800
M205 X8 Y8
G1 F1200 X74.677 Y227.964 E972.26614
M204 S3000
M205 X10 Y10
G0 F6000 X74.258 Y227.817
M204 S1800
M205 X8 Y8
G1 F1200 X111.548 Y190.527 E974.02015
M204 S3000
M205 X10 Y10
G0 F6000 X111.411 Y190.099
M204 S1800
M205 X8 Y8
G1 F1200 X73.84 Y227.669 E975.78735
M204 S3000
M205 X10 Y10
G0 F6000 X73.421 Y227.522
M204 S1800
M205 X8 Y8
G1 F1200 X111.254 Y189.689 E977.56689
M204 S3000
M205 X10 Y10
G0 F6000 X111.089 Y189.289
M204 S1800
M205 X8 Y8
G1 F1200 X73.003 Y227.375 E979.35834
M204 S3000
M205 X10 Y10
G0 F6000 X72.585 Y227.228
M204 S1800
M205 X8 Y8
G1 F1200 X110.918 Y188.894 E981.16143
M204 S3000
M205 X10 Y10
G0 F6000 X110.748 Y188.499
M204 S1800
M205 X8 Y8
G1 F1200 X72.199 Y227.047 E982.97464
M204 S3000
M205 X10 Y10
G0 F6000 X71.815 Y226.866
M204 S1800
M205 X8 Y8
G1 F1200 X110.578 Y188.103 E984.79793
M204 S3000
M205 X10 Y10
G0 F6000 X110.408 Y187.707
M204 S1800
M205 X8 Y8
G1 F1200 X71.43 Y226.685 E986.63134
M204 S3000
M205 X10 Y10
G0 F6000 X71.045 Y226.504
M204 S1800
M205 X8 Y8
G1 F1200 X110.237 Y187.312 E988.47481
M204 S3000
M205 X10 Y10
G0 F6000 X110.056 Y186.927
M204 S1800
M205 X8 Y8
G1 F1200 X70.662 Y226.322 E990.3278
M204 S3000
M205 X10 Y10
G0 F6000 X70.279 Y226.139
M204 S1800
M205 X8 Y8
G1 F1200 X89.222 Y207.196 E991.21882
G1 X89.292 Y207.126
M204 S3000
M205 X10 Y10
G0 F6000 X87.722 Y208.131
M204 S1800
M205 X8 Y8
G1 F1200 X69.896 Y225.956 E992.05728
M204 S3000
M205 X10 Y10
G0 F6000 X69.529 Y225.757
M204 S1800
M205 X8 Y8
G1 F1200 X86.8 Y208.487 E992.86963
G1 X86.87 Y208.417
M204 S3000
M205 X10 Y10
G0 F6000 X85.948 Y208.773
M204 S1800
M205 X8 Y8
G1 F1200 X69.176 Y225.545 E993.65854
M204 S3000
M205 X10 Y10
G0 F6000 X68.824 Y225.332
M204 S1800
M205 X8 Y8
G1 F1200 X85.243 Y208.913 E994.43084
M204 S3000
M205 X10 Y10
G0 F6000 X84.603 Y208.987
M204 S1800
M205 X8 Y8
G1 F1200 X68.474 Y225.116 E995.18949
M204 S3000
M205 X10 Y10
G0 F6000 X68.124 Y224.9
M204 S1800
M205 X8 Y8
G1 F1200 X83.985 Y209.039 E995.93555
M204 S3000
M205 X10 Y10
G0 F6000 X83.406 Y209.053
M204 S1800
M205 X8 Y8
G1 F1200 X67.774 Y224.684 E996.6708
M204 S3000
M205 X10 Y10
G0 F6000 X67.424 Y224.468
M204 S1800
M205 X8 Y8
G1 F1200 X82.896 Y208.996 E997.39856
M204 S3000
M205 X10 Y10
G0 F6000 X82.388 Y208.939
M204 S1800
M205 X8 Y8
G1 F1200 X67.074 Y224.253 E998.11888
M204 S3000
M205 X10 Y10
G0 F6000 X66.75 Y224.012
M204 S1800
M205 X8 Y8
G1 F1200 X81.879 Y208.882 E998.83053
M204 S3000
M205 X10 Y10
G0 F6000 X81.431 Y208.765
M204 S1800
M205 X8 Y8
G1 F1200 X66.429 Y223.766 E999.53615
M204 S3000
M205 X10 Y10
G0 F6000 X66.11 Y223.52
M204 S1800
M205 X8 Y8
G1 F1200 X81.011 Y208.619 E1000.23705
M204 S3000
M205 X10 Y10
G0 F6000 X80.591 Y208.474
M204 S1800
M205 X8 Y8
G1 F1200 X65.789 Y223.275 E1000.93327
M204 S3000
M205 X10 Y10
G0 F6000 X65.471 Y223.028
M204 S1800
M205 X8 Y8
G1 F1200 X80.17 Y208.329 E1001.62466
M204 S3000
M205 X10 Y10
G0 F6000 X79.764 Y208.169
M204 S1800
M205 X8 Y8
G1 F1200 X65.152 Y222.781 E1002.31197
M204 S3000
M205 X10 Y10
G0 F6000 X64.834 Y222.533
M204 S1800
M205 X8 Y8
G1 F1200 X79.407 Y207.96 E1002.99744
M204 S3000
M205 X10 Y10
G0 F6000 X79.059 Y207.743
M204 S1800
M205 X8 Y8
G1 F1200 X64.516 Y222.286 E1003.68149
M204 S3000
M205 X10 Y10
G0 F6000 X64.226 Y222.01
M204 S1800
M205 X8 Y8
G1 F1200 X78.712 Y207.524 E1004.36287
M204 S3000
M205 X10 Y10
G0 F6000 X78.364 Y207.306
M204 S1800
M205 X8 Y8
G1 F1200 X63.935 Y221.735 E1005.04157
M204 S3000
M205 X10 Y10
G0 F6000 X63.645 Y221.46
M204 S1800
M205 X8 Y8
G1 F1200 X78.028 Y207.076 E1005.71812
M204 S3000
M205 X10 Y10
G0 F6000 X77.742 Y206.797
M204 S1800
M205 X8 Y8
G1 F1200 X63.357 Y221.182 E1006.39475
M204 S3000
M205 X10 Y10
G0 F6000 X63.069 Y220.904
M204 S1800
M205 X8 Y8
G1 F1200 X77.458 Y206.515 E1007.07156
M204 S3000
M205 X10 Y10
G0 F6000 X77.175 Y206.233
M204 S1800
M205 X8 Y8
G1 F1200 X62.781 Y220.626 E1007.74859
M204 S3000
M205 X10 Y10
G0 F6000 X62.494 Y220.348
M204 S1800
M205 X8 Y8
G1 F1200 X76.891 Y205.951 E1008.42578
M204 S3000
M205 X10 Y10
G0 F6000 X76.617 Y205.659
M204 S1800
M205 X8 Y8
G1 F1200 X62.21 Y220.066 E1009.10344
M204 S3000
M205 X10 Y10
G0 F6000 X61.951 Y219.759
M204 S1800
M205 X8 Y8
G1 F1200 X76.392 Y205.319 E1009.78268
M204 S3000
M205 X10 Y10
G0 F6000 X76.172 Y204.973
M204 S1800
M205 X8 Y8
G1 F1200 X61.692 Y219.452 E1010.46375
M204 S3000
M205 X10 Y10
G0 F6000 X61.434 Y219.145
M204 S1800
M205 X8 Y8
G1 F1200 X75.953 Y204.626 E1011.14668
M204 S3000
M205 X10 Y10
G0 F6000 X75.737 Y204.276
M204 S1800
M205 X8 Y8
G1 F1200 X61.176 Y218.838 E1011.83161
M204 S3000
M205 X10 Y10
G0 F6000 X60.917 Y218.531
M204 S1800
M205 X8 Y8
G1 F1200 X75.526 Y203.921 E1012.51879
M204 S3000
M205 X10 Y10
G0 F6000 X75.374 Y203.508
M204 S1800
M205 X8 Y8
G1 F1200 X60.659 Y218.223 E1013.21094
M204 S3000
M205 X10 Y10
G0 F6000 X60.4 Y217.916
M204 S1800
M205 X8 Y8
G1 F1200 X75.224 Y203.092 E1013.90822
M204 S3000
M205 X10 Y10
G0 F6000 X75.083 Y202.668
M204 S1800
M205 X8 Y8
G1 F1200 X60.149 Y217.602 E1014.61067
M204 S3000
M205 X10 Y10
G0 F6000 X59.922 Y217.263
M204 S1800
M205 X8 Y8
G1 F1200 X74.942 Y202.243 E1015.31716
M204 S3000
M205 X10 Y10
G0 F6000 X74.829 Y201.79
M204 S1800
M205 X8 Y8
G1 F1200 X59.695 Y216.924 E1016.02902
M204 S3000
M205 X10 Y10
G0 F6000 X59.468 Y216.586
M204 S1800
M205 X8 Y8
G1 F1200 X74.769 Y201.285 E1016.74873
M204 S3000
M205 X10 Y10
G0 F6000 X74.711 Y200.777
M204 S1800
M205 X8 Y8
G1 F1200 X59.241 Y216.247 E1017.47639
M204 S3000
M205 X10 Y10
G0 F6000 X59.014 Y215.908
M204 S1800
M205 X8 Y8
G1 F1200 X74.661 Y200.261 E1018.21238
M204 S3000
M205 X10 Y10
G0 F6000 X74.662 Y199.694
M204 S1800
M205 X8 Y8
G1 F1200 X58.787 Y215.569 E1018.95909
M204 S3000
M205 X10 Y10
G0 F6000 X58.56 Y215.231
M204 S1800
M205 X8 Y8
G1 F1200 X74.73 Y199.061 E1019.71968
M204 S3000
M205 X10 Y10
G0 F6000 X74.801 Y198.424
M204 S1800
M205 X8 Y8
G1 F1200 X58.349 Y214.877 E1020.49355
M204 S3000
M205 X10 Y10
G0 F6000 X58.154 Y214.505
M204 S1800
M205 X8 Y8
G1 F1200 X74.946 Y197.713 E1021.2834
G1 X75.016 Y197.643
M204 S3000
M205 X10 Y10
G0 F6000 X75.249 Y196.845
M204 S1800
M205 X8 Y8
G1 F1200 X57.96 Y214.134 E1022.09662
M204 S3000
M205 X10 Y10
G0 F6000 X57.764 Y213.764
M204 S1800
M205 X8 Y8
G1 F1200 X75.622 Y195.906 E1022.9366
G1 X75.692 Y195.836
M204 S3000
M205 X10 Y10
G0 F6000 X76.586 Y194.377
M204 S1800
M205 X8 Y8
G1 F1200 X57.57 Y213.392 E1023.83104
M204 S3000
M205 X10 Y10
G0 F6000 X57.376 Y213.021
M204 S1800
M205 X8 Y8
G1 F1200 X93.336 Y177.06 E1025.52251
M204 S3000
M205 X10 Y10
G0 F6000 X93.313 Y177.649
M204 S1800
M205 X8 Y8
G1 F1200 X78.076 Y192.886 E1026.23921
G1 X78.006 Y192.956
M204 S3000
M205 X10 Y10
G0 F6000 X79.63 Y191.898
M204 S1800
M205 X8 Y8
G1 F1200 X93.379 Y178.149 E1026.88592
M204 S3000
M205 X10 Y10
G0 F6000 X93.493 Y178.601
M204 S1800
M205 X8 Y8
G1 F1200 X80.558 Y191.536 E1027.49434
G1 X80.488 Y191.606
M204 S3000
M205 X10 Y10
G0 F6000 X81.429 Y191.23
M204 S1800
M205 X8 Y8
G1 F1200 X93.664 Y178.996 E1028.06982
M204 S3000
M205 X10 Y10
G0 F6000 X93.867 Y179.359
M204 S1800
M205 X8 Y8
G1 F1200 X82.135 Y191.09 E1028.62163
M204 S3000
M205 X10 Y10
G0 F6000 X82.775 Y191.016
M204 S1800
M205 X8 Y8
G1 F1200 X94.118 Y179.673 E1029.15517
M204 S3000
M205 X10 Y10
G0 F6000 X94.387 Y179.969
M204 S1800
M205 X8 Y8
G1 F1200 X83.403 Y190.953 E1029.67182
M204 S3000
M205 X10 Y10
G0 F6000 X83.983 Y190.94
M204 S1800
M205 X8 Y8
G1 F1200 X94.695 Y180.227 E1030.17571
M204 S3000
M205 X10 Y10
G0 F6000 X95.04 Y180.448
M204 S1800
M205 X8 Y8
G1 F1200 X84.49 Y190.998 E1030.67195
M204 S3000
M205 X10 Y10
G0 F6000 X84.997 Y191.057
M204 S1800
M205 X8 Y8
G1 F1200 X95.436 Y180.617 E1031.16299
M204 S3000
M205 X10 Y10
G0 F6000 X95.851 Y180.768
M204 S1800
M205 X8 Y8
G1 F1200 X85.504 Y191.116 E1031.6497
M204 S3000
M205 X10 Y10
G0 F6000 X85.963 Y191.222
M204 S1800
M205 X8 Y8
G1 F1200 X96.319 Y180.866 E1032.13682
M204 S3000
M205 X10 Y10
G0 F6000 X96.869 Y180.882
M204 S1800
M205 X8 Y8
G1 F1200 X86.385 Y191.365 E1032.62993
M204 S3000
M205 X10 Y10
G0 F6000 X86.804 Y191.512
M204 S1800
M205 X8 Y8
G1 F1200 X97.53 Y180.786 E1033.13445
G1 X97.6 Y180.716
M204 S3000
M205 X10 Y10
G0 F6000 X98.518 Y180.364
M204 S1800
M205 X8 Y8
G1 F1200 X87.22 Y191.662 E1033.66587
M204 S3000
M205 X10 Y10
G0 F6000 X87.635 Y191.813
M204 S1800
M205 X8 Y8
G1 F1200 X102.266 Y177.181 E1034.35409
M204 S3000
M205 X10 Y10
G0 F6000 X102.572 Y177.441
M204 S1800
M205 X8 Y8
G1 F1200 X87.989 Y192.024 E1035.04003
M204 S3000
M205 X10 Y10
G0 F6000 X88.338 Y192.241
M204 S1800
M205 X8 Y8
G1 F1200 X102.87 Y177.709 E1035.72357
M204 S3000
M205 X10 Y10
G0 F6000 X103.167 Y177.978
M204 S1800
M205 X8 Y8
G1 F1200 X88.687 Y192.458 E1036.40467
M204 S3000
M205 X10 Y10
G0 F6000 X89.034 Y192.676
M204 S1800
M205 X8 Y8
G1 F1200 X103.464 Y178.246 E1037.08341
M204 S3000
M205 X10 Y10
G0 F6000 X103.761 Y178.515
M204 S1800
M205 X8 Y8
G1 F1200 X89.365 Y192.911 E1037.76055
M204 S3000
M205 X10 Y10
G0 F6000 X89.663 Y193.178
M204 S1800
M205 X8 Y8
G1 F1200 X104.058 Y178.784 E1038.43763
M204 S3000
M205 X10 Y10
G0 F6000 X104.351 Y179.056
M204 S1800
M205 X8 Y8
G1 F1200 X89.948 Y193.46 E1039.11512
M204 S3000
M205 X10 Y10
G0 F6000 X90.23 Y193.743
M204 S1800
M205 X8 Y8
G1 F1200 X104.643 Y179.33 E1039.79307
M204 S3000
M205 X10 Y10
G0 F6000 X104.912 Y179.627
M204 S1800
M205 X8 Y8
G1 F1200 X90.508 Y194.031 E1040.47059
M204 S3000
M205 X10 Y10
G0 F6000 X90.785 Y194.32
M204 S1800
M205 X8 Y8
G1 F1200 X105.18 Y179.925 E1041.14768
M204 S3000
M205 X10 Y10
G0 F6000 X105.446 Y180.224
M204 S1800
M205 X8 Y8
G1 F1200 X91.018 Y194.652 E1041.82633
M204 S3000
M205 X10 Y10
G0 F6000 X91.238 Y194.998
M204 S1800
M205 X8 Y8
G1 F1200 X105.713 Y180.523 E1042.50719
M204 S3000
M205 X10 Y10
G0 F6000 X105.98 Y180.822
M204 S1800
M205 X8 Y8
G1 F1200 X91.455 Y195.346 E1043.19038
M204 S3000
M205 X10 Y10
G0 F6000 X91.67 Y195.698
M204 S1800
M205 X8 Y8
G1 F1200 X106.247 Y181.121 E1043.87604
M204 S3000
M205 X10 Y10
G0 F6000 X106.508 Y181.425
M204 S1800
M205 X8 Y8
G1 F1200 X91.884 Y196.048 E1044.56388
M204 S3000
M205 X10 Y10
G0 F6000 X92.04 Y196.459
M204 S1800
M205 X8 Y8
G1 F1200 X106.768 Y181.73 E1045.25666
M204 S3000
M205 X10 Y10
G0 F6000 X107.005 Y182.06
M204 S1800
M205 X8 Y8
G1 F1200 X92.188 Y196.876 E1045.95359
M204 S3000
M205 X10 Y10
G0 F6000 X92.336 Y197.294
M204 S1800
M205 X8 Y8
G1 F1200 X107.241 Y182.389 E1046.65467
M204 S3000
M205 X10 Y10
G0 F6000 X107.476 Y182.719
M204 S1800
M205 X8 Y8
G1 F1200 X92.483 Y197.712 E1047.3599
M204 S3000
M205 X10 Y10
G0 F6000 X92.592 Y198.169
M204 S1800
M205 X8 Y8
G1 F1200 X107.712 Y183.05 E1048.07107
M204 S3000
M205 X10 Y10
G0 F6000 X107.947 Y183.38
M204 S1800
M205 X8 Y8
G1 F1200 X92.652 Y198.675 E1048.7905
M204 S3000
M205 X10 Y10
G0 F6000 X92.71 Y199.182
M204 S1800
M205 X8 Y8
G1 F1200 X108.183 Y183.71 E1049.51828
M204 S3000
M205 X10 Y10
G0 F6000 X108.414 Y184.045
M204 S1800
M205 X8 Y8
G1 F1200 X92.77 Y199.689 E1050.25413
M204 S3000
M205 X10 Y10
G0 F6000 X92.772 Y200.252
M204 S1800
M205 X8 Y8
G1 F1200 X108.638 Y184.386 E1051.00042
M204 S3000
M205 X10 Y10
G0 F6000 X108.842 Y184.748
M204 S1800
M205 X8 Y8
G1 F1200 X92.703 Y200.887 E1051.75954
M204 S3000
M205 X10 Y10
G0 F6000 X92.626 Y201.529
M204 S1800
M205 X8 Y8
G1 F1200 X109.045 Y185.11 E1052.53184
M204 S3000
M205 X10 Y10
G0 F6000 X109.249 Y185.472
M204 S1800
M205 X8 Y8
G1 F1200 X92.497 Y202.224 E1053.31981
G1 X92.427 Y202.294
M204 S3000
M205 X10 Y10
G0 F6000 X92.202 Y203.085
M204 S1800
M205 X8 Y8
G1 F1200 X109.453 Y185.834 E1054.13124
M204 S3000
M205 X10 Y10
G0 F6000 X109.656 Y186.196
M204 S1800
M205 X8 Y8
G1 F1200 X91.874 Y203.979 E1054.96768
G1 X91.804 Y204.049
M204 S3000
M205 X10 Y10
G0 F6000 X90.892 Y205.526
M204 S1800
M205 X8 Y8
G1 F1200 X109.86 Y186.558 E1055.85987
G1 X109.93 Y186.488
M204 S3000
M205 X10 Y10
G0 F6000 X101.947 Y176.935
M204 S1800
M205 X8 Y8
G1 F1200 X99.612 Y179.269 E1055.96968
G1 X99.542 Y179.339
M204 S3000
M205 X10 Y10
G0 F6000 X100.018 Y178.299
M204 S1800
M205 X8 Y8
G1 F1200 X101.623 Y176.693 E1056.0452
M204 S3000
M205 X10 Y10
G0 F6000 X101.295 Y176.455
M204 S1800
M205 X8 Y8
G1 F1200 X100.101 Y177.649 E1056.10136
M204 S3000
M205 X10 Y10
G0 F6000 X100.088 Y177.097
M204 S1800
M205 X8 Y8
G1 F1200 X100.967 Y176.218 E1056.1427
M204 S3000
M205 X10 Y10
G0 F6000 X100.639 Y175.98
M204 S1800
M205 X8 Y8
G1 F1200 X99.999 Y176.621 E1056.17283
M204 S3000
M205 X10 Y10
G0 F6000 X99.863 Y176.191
M204 S1800
M205 X8 Y8
G1 F1200 X100.312 Y175.742 E1056.19395
M204 S3000
M205 X10 Y10
G0 F6000 X99.984 Y175.504
M204 S1800
M205 X8 Y8
G1 F1200 X99.672 Y175.816 E1056.20863
M204 S3000
M205 X10 Y10
G0 F6000 X99.454 Y175.468
M204 S1800
M205 X8 Y8
G1 F1200 X99.639 Y175.283 E1056.21733
M204 S3000
M205 X10 Y10
G0 F6000 X99.282 Y175.075
M204 S1800
M205 X8 Y8
G1 F1200 X99.205 Y175.151 E1056.22093
M204 S3000
M205 X10 Y10
G0 F6000 X96.703 Y173.693
M204 S1800
M205 X8 Y8
G1 F1200 X96.322 Y174.074 E1056.23885
M204 S3000
M205 X10 Y10
G0 F6000 X96.365 Y173.466
M204 S1800
M205 X8 Y8
G1 F1200 X95.506 Y174.325 E1056.27925
G1 X95.436 Y174.395
M204 S3000
M205 X10 Y10
G0 F6000 X95.972 Y173.293
M204 S1800
M205 X8 Y8
G1 F1200 X56.986 Y212.279 E1058.11303
M204 S3000
M205 X10 Y10
G0 F6000 X57.18 Y212.651
M204 S1800
M205 X8 Y8
G1 F1200 X93.504 Y176.326 E1059.82163
G1 X93.574 Y176.256
M204 S3000
M205 X10 Y10
G0 F6000 X95.186 Y172.948
M204 S1800
M205 X8 Y8
G1 F1200 X56.664 Y211.47 E1061.63358
M204 S3000
M205 X10 Y10
G0 F6000 X56.504 Y211.065
M204 S1800
M205 X8 Y8
G1 F1200 X94.793 Y172.775 E1063.43461
M204 S3000
M205 X10 Y10
G0 F6000 X94.4 Y172.603
M204 S1800
M205 X8 Y8
G1 F1200 X56.344 Y210.659 E1065.22464
M204 S3000
M205 X10 Y10
G0 F6000 X56.184 Y210.253
M204 S1800
M205 X8 Y8
G1 F1200 X93.992 Y172.445 E1067.00302
M204 S3000
M205 X10 Y10
G0 F6000 X93.57 Y172.301
M204 S1800
M205 X8 Y8
G1 F1200 X56.024 Y209.848 E1068.76909
M204 S3000
M205 X10 Y10
G0 F6000 X55.864 Y209.442
M204 S1800
M205 X8 Y8
G1 F1200 X93.14 Y172.165 E1070.52246
M204 S3000
M205 X10 Y10
G0 F6000 X92.711 Y172.029
M204 S1800
M205 X8 Y8
G1 F1200 X55.728 Y209.012 E1072.26203
M204 S3000
M205 X10 Y10
G0 F6000 X55.606 Y208.568
M204 S1800
M205 X8 Y8
G1 F1200 X92.281 Y171.893 E1073.98711
M204 S3000
M205 X10 Y10
G0 F6000 X91.852 Y171.756
M204 S1800
M205 X8 Y8
G1 F1200 X55.484 Y208.124 E1075.69775
M204 S3000
M205 X10 Y10
G0 F6000 X55.362 Y207.68
M204 S1800
M205 X8 Y8
G1 F1200 X91.422 Y171.621 E1077.39387
M204 S3000
M205 X10 Y10
G0 F6000 X90.979 Y171.498
M204 S1800
M205 X8 Y8
G1 F1200 X60.488 Y201.99 E1078.8281
G1 X60.418 Y202.06
M204 S3000
M205 X10 Y10
G0 F6000 X59.808 Y202.669
M204 S1800
M205 X8 Y8
G1 F1200 X55.24 Y207.237 E1079.04297
M204 S3000
M205 X10 Y10
G0 F6000 X55.118 Y206.793
M204 S1800
M205 X8 Y8
G1 F1200 X58.652 Y203.259 E1079.20919
M204 S3000
M205 X10 Y10
G0 F6000 X57.98 Y203.366
M204 S1800
M205 X8 Y8
G1 F1200 X54.997 Y206.349 E1079.34951
M204 S3000
M205 X10 Y10
G0 F6000 X54.911 Y205.869
M204 S1800
M205 X8 Y8
G1 F1200 X57.386 Y203.394 E1079.46592
M204 S3000
M205 X10 Y10
G0 F6000 X56.912 Y203.302
M204 S1800
M205 X8 Y8
G1 F1200 X54.832 Y205.382 E1079.56376
M204 S3000
M205 X10 Y10
G0 F6000 X54.753 Y204.896
M204 S1800
M205 X8 Y8
G1 F1200 X56.484 Y203.165 E1079.64518
M204 S3000
M205 X10 Y10
G0 F6000 X56.093 Y202.99
M204 S1800
M205 X8 Y8
G1 F1200 X54.674 Y204.409 E1079.71192
M204 S3000
M205 X10 Y10
G0 F6000 X54.596 Y203.921
M204 S1800
M205 X8 Y8
G1 F1200 X55.739 Y202.778 E1079.76569
M204 S3000
M205 X10 Y10
G0 F6000 X55.43 Y202.522
M204 S1800
M205 X8 Y8
G1 F1200 X54.517 Y203.434 E1079.80861
M204 S3000
M205 X10 Y10
G0 F6000 X54.456 Y202.93
M204 S1800
M205 X8 Y8
G1 F1200 X55.164 Y202.221 E1079.84193
M204 S3000
M205 X10 Y10
G0 F6000 X54.914 Y201.906
M204 S1800
M205 X8 Y8
G1 F1200 X54.428 Y202.393 E1079.86482
M204 S3000
M205 X10 Y10
G0 F6000 X54.399 Y201.856
M204 S1800
M205 X8 Y8
G1 F1200 X54.69 Y201.565 E1079.87851
M204 S3000
M205 X10 Y10
G0 F6000 X54.37 Y201.319
M204 S1800
M205 X8 Y8
G1 F1200 X54.514 Y201.175 E1079.88528
M204 S3000
M205 X10 Y10
G0 F6000 X54.355 Y199.071
M204 S1800
M205 X8 Y8
G1 F1200 X54.5 Y198.926 E1079.8921
M204 S3000
M205 X10 Y10
G0 F6000 X54.38 Y198.481
M204 S1800
M205 X8 Y8
G1 F1200 X82.223 Y170.638 E1081.20175
M204 S3000
M205 X10 Y10
G0 F6000 X82.798 Y170.628
M204 S1800
M205 X8 Y8
G1 F1200 X56.644 Y196.782 E1082.43195
M204 S3000
M205 X10 Y10
G0 F6000 X57.4 Y196.592
M204 S1800
M205 X8 Y8
G1 F1200 X83.373 Y170.619 E1083.65364
M204 S3000
M205 X10 Y10
G0 F6000 X83.948 Y170.61
M204 S1800
M205 X8 Y8
G1 F1200 X57.95 Y196.608 E1084.87651
M204 S3000
M205 X10 Y10
G0 F6000 X58.451 Y196.672
M204 S1800
M205 X8 Y8
G1 F1200 X84.516 Y170.607 E1086.10253
M204 S3000
M205 X10 Y10
G0 F6000 X85.069 Y170.62
M204 S1800
M205 X8 Y8
G1 F1200 X58.887 Y196.801 E1087.33402
M204 S3000
M205 X10 Y10
G0 F6000 X59.278 Y196.976
M204 S1800
M205 X8 Y8
G1 F1200 X85.586 Y170.669 E1088.57145
M204 S3000
M205 X10 Y10
G0 F6000 X86.102 Y170.718
M204 S1800
M205 X8 Y8
G1 F1200 X59.628 Y197.192 E1089.8167
M204 S3000
M205 X10 Y10
G0 F6000 X59.944 Y197.442
M204 S1800
M205 X8 Y8
G1 F1200 X86.619 Y170.766 E1091.07144
M204 S3000
M205 X10 Y10
G0 F6000 X87.136 Y170.815
M204 S1800
M205 X8 Y8
G1 F1200 X60.238 Y197.714 E1092.33666
M204 S3000
M205 X10 Y10
G0 F6000 X60.488 Y198.029
M204 S1800
M205 X8 Y8
G1 F1200 X87.653 Y170.864 E1093.61442
M204 S3000
M205 X10 Y10
G0 F6000 X88.151 Y170.932
M204 S1800
M205 X8 Y8
G1 F1200 X60.698 Y198.385 E1094.90572
M204 S3000
M205 X10 Y10
G0 F6000 X60.893 Y198.755
M204 S1800
M205 X8 Y8
G1 F1200 X88.629 Y171.02 E1096.21032
M204 S3000
M205 X10 Y10
G0 F6000 X89.101 Y171.114
M204 S1800
M205 X8 Y8
G1 F1200 X61.023 Y199.191 E1097.531
M204 S3000
M205 X10 Y10
G0 F6000 X61.09 Y199.69
M204 S1800
M205 X8 Y8
G1 F1200 X89.572 Y171.208 E1098.8707
M204 S3000
M205 X10 Y10
G0 F6000 X90.043 Y171.302
M204 S1800
M205 X8 Y8
G1 F1200 X61.094 Y200.252 E1100.2324
M204 S3000
M205 X10 Y10
G0 F6000 X60.98 Y200.931
M204 S1800
M205 X8 Y8
G1 F1200 X90.513 Y171.398 E1101.62154
G1 X90.583 Y171.328
M204 S3000
M205 X10 Y10
G0 F6000 X95.579 Y173.12
M204 S1800
M205 X8 Y8
G1 F1200 X56.824 Y211.876 E1103.44448
G1 X56.754 Y211.946
M204 S3000
M205 X10 Y10
G0 F6000 X54.412 Y197.883
M204 S1800
M205 X8 Y8
G1 F1200 X81.619 Y170.676 E1104.72421
M204 S3000
M205 X10 Y10
G0 F6000 X80.995 Y170.734
M204 S1800
M205 X8 Y8
G1 F1200 X54.445 Y197.284 E1105.97304
M204 S3000
M205 X10 Y10
G0 F6000 X54.496 Y196.668
M204 S1800
M205 X8 Y8
G1 F1200 X80.351 Y170.812 E1107.18921
M204 S3000
M205 X10 Y10
G0 F6000 X79.707 Y170.891
M204 S1800
M205 X8 Y8
G1 F1200 X54.605 Y195.993 E1108.36993
M204 S3000
M205 X10 Y10
G0 F6000 X54.715 Y195.317
M204 S1800
M205 X8 Y8
G1 F1200 X79.058 Y170.974 E1109.51495
M204 S3000
M205 X10 Y10
G0 F6000 X78.372 Y171.094
M204 S1800
M205 X8 Y8
G1 F1200 X54.825 Y194.641 E1110.62253
M204 S3000
M205 X10 Y10
G0 F6000 X54.935 Y193.966
M204 S1800
M205 X8 Y8
G1 F1200 X77.651 Y171.249 E1111.69104
M204 S3000
M205 X10 Y10
G0 F6000 X76.914 Y171.421
M204 S1800
M205 X8 Y8
G1 F1200 X55.112 Y193.223 E1112.71654
G1 X55.042 Y193.293
M204 S3000
M205 X10 Y10
G0 F6000 X55.327 Y192.442
M204 S1800
M205 X8 Y8
G1 F1200 X76.176 Y171.593 E1113.69721
G1 X76.246 Y171.523
M204 S3000
M205 X10 Y10
G0 F6000 X75.4 Y171.803
M204 S1800
M205 X8 Y8
G1 F1200 X55.541 Y191.662 E1114.63132
G1 X55.471 Y191.732
M204 S3000
M205 X10 Y10
G0 F6000 X55.756 Y190.882
M204 S1800
M205 X8 Y8
G1 F1200 X74.558 Y172.08 E1115.51571
G1 X74.628 Y172.01
M204 S3000
M205 X10 Y10
G0 F6000 X73.69 Y172.382
M204 S1800
M205 X8 Y8
G1 F1200 X56.089 Y189.983 E1116.34361
G1 X56.019 Y190.053
M204 S3000
M205 X10 Y10
G0 F6000 X56.458 Y189.048
M204 S1800
M205 X8 Y8
G1 F1200 X72.801 Y172.705 E1117.11233
G1 X72.871 Y172.635
M204 S3000
M205 X10 Y10
G0 F6000 X71.808 Y173.133
M204 S1800
M205 X8 Y8
G1 F1200 X56.828 Y188.113 E1117.81694
G1 X56.758 Y188.183
M204 S3000
M205 X10 Y10
G0 F6000 X57.349 Y187.026
M204 S1800
M205 X8 Y8
G1 F1200 X70.73 Y173.645 E1118.44635
G1 X70.8 Y173.575
M204 S3000
M205 X10 Y10
G0 F6000 X69.587 Y174.223
M204 S1800
M205 X8 Y8
G1 F1200 X57.973 Y185.836 E1118.99261
G1 X57.903 Y185.906
M204 S3000
M205 X10 Y10
G0 F6000 X58.728 Y184.516
M204 S1800
M205 X8 Y8
G1 F1200 X68.176 Y175.068 E1119.43701
G1 X68.246 Y174.998
M204 S3000
M205 X10 Y10
G0 F6000 X66.484 Y176.194
M204 S1800
M205 X8 Y8
G1 F1200 X59.877 Y182.801 E1119.74779
G1 X59.807 Y182.871
M204 S3000
M205 X10 Y10
G0 F6000 X77.339 Y205.083
G0 X93.835 Y220.685
M204 S1800
M205 X8 Y8
G1 F1200 X85.15 Y229.37 E1120.1563
M204 S3000
M205 X10 Y10
G0 F6000 X85.772 Y229.314
M204 S1800
M205 X8 Y8
G1 F1200 X93.437 Y221.648 E1120.51686
M204 S3000
M205 X10 Y10
G0 F6000 X93.324 Y222.327
M204 S1800
M205 X8 Y8
G1 F1200 X86.393 Y229.258 E1120.84288
M204 S3000
M205 X10 Y10
G0 F6000 X87.016 Y229.201
M204 S1800
M205 X8 Y8
G1 F1200 X93.328 Y222.889 E1121.13978
M204 S3000
M205 X10 Y10
G0 F6000 X93.428 Y223.355
M204 S1800
M205 X8 Y8
G1 F1200 X87.648 Y229.135 E1121.41165
M204 S3000
M205 X10 Y10
G0 F6000 X88.304 Y229.044
M204 S1800
M205 X8 Y8
G1 F1200 X93.564 Y223.785 E1121.65904
M204 S3000
M205 X10 Y10
G0 F6000 X93.736 Y224.179
M204 S1800
M205 X8 Y8
G1 F1200 X89.012 Y228.903 E1121.88124
M204 S3000
M205 X10 Y10
G0 F6000 X89.719 Y228.761
M204 S1800
M205 X8 Y8
G1 F1200 X93.973 Y224.507 E1122.08134
M204 S3000
M205 X10 Y10
G0 F6000 X94.224 Y224.822
M204 S1800
M205 X8 Y8
G1 F1200 X90.43 Y228.616 E1122.25979
M204 S3000
M205 X10 Y10
G0 F6000 X91.154 Y228.457
M204 S1800
M205 X8 Y8
G1 F1200 X94.506 Y225.106 E1122.41744
M204 S3000
M205 X10 Y10
G0 F6000 X94.832 Y225.345
M204 S1800
M205 X8 Y8
G1 F1200 X91.976 Y228.201 E1122.55178
G1 X91.906 Y228.271
M204 S3000
M205 X10 Y10
G0 F6000 X92.802 Y227.94
M204 S1800
M205 X8 Y8
G1 F1200 X95.181 Y225.562 E1122.66365
M204 S3000
M205 X10 Y10
G0 F6000 X95.588 Y225.721
M204 S1800
M205 X8 Y8
G1 F1200 X93.642 Y227.666 E1122.75516
G1 X93.572 Y227.736
M204 S3000
M205 X10 Y10
G0 F6000 X94.543 Y227.332
M204 S1800
M205 X8 Y8
G1 F1200 X96.034 Y225.84 E1122.82532
M204 S3000
M205 X10 Y10
G0 F6000 X96.528 Y225.912
M204 S1800
M205 X8 Y8
G1 F1200 X95.549 Y226.891 E1122.87137
G1 X95.479 Y226.961
M204 S3000
M205 X10 Y10
G0 F6000 X96.573 Y226.433
M204 S1800
M205 X8 Y8
G1 F1200 X97.135 Y225.871 E1122.8978
M204 S3000
M205 X10 Y10
G0 F6000 X97.749 Y225.822
M204 S1800
M205 X8 Y8
G1 F1200 X97.857 Y225.714 E1122.90288
M204 S3000
M205 X10 Y10
G0 F6000 X99.114 Y225.023
M204 S1800
M205 X8 Y8
G1 F1200 X108.784 Y215.352 E1123.35775
G1 X108.854 Y215.282
M204 S3000
M205 X10 Y10
G0 F6000 X109.523 Y214.048
M204 S1800
M205 X8 Y8
G1 F1200 X99.909 Y223.662 E1123.80997
M204 S3000
M205 X10 Y10
G0 F6000 X100.079 Y222.926
M204 S1800
M205 X8 Y8
G1 F1200 X110.182 Y212.824 E1124.28516
G1 X110.252 Y212.754
M204 S3000
M205 X10 Y10
G0 F6000 X110.612 Y211.827
M204 S1800
M205 X8 Y8
G1 F1200 X100.1 Y222.339 E1124.77961
M204 S3000
M205 X10 Y10
G0 F6000 X100.052 Y221.822
M204 S1800
M205 X8 Y8
G1 F1200 X111.025 Y210.849 E1125.29575
G1 X111.095 Y210.779
M204 S3000
M205 X10 Y10
G0 F6000 X111.366 Y209.942
M204 S1800
M205 X8 Y8
G1 F1200 X99.924 Y221.384 E1125.83394
G1 X99.854 Y221.454
M204 S3000
M205 X10 Y10
G0 F6000 X100.807 Y223.896
M204 S1800
M205 X8 Y8
G1 F1200 X107.62 Y217.083 E1126.15441
G1 X107.69 Y217.013
M204 S3000
M205 X10 Y10
G0 F6000 X105.055 Y220.213
M204 S1800
M205 X8 Y8
G1 F1200 X103.968 Y221.301 E1126.20556
G1 X103.898 Y221.371
M204 S3000
M205 X10 Y10
;MESH:NONMESH
G0 F600 X103.898 Y221.371 Z1
G0 F6000 X94.172 Y177.682
G0 X94.58 Y177.633
;TIME_ELAPSED:1399.231594
;LAYER:4
M204 S1800
M205 X8 Y8
;TYPE:WALL-OUTER
;MESH:14_4_1.stl
G1 F3000 X94.581 Y177.333 E1126.21554
G1 X94.755 Y176.617 E1126.24004
G1 X94.894 Y176.362 E1126.2497
G1 X95.379 Y175.811 E1126.27412
G1 X95.627 Y175.644 E1126.28406
G1 X96.422 Y175.354 E1126.31221
G1 X97.332 Y175.436 E1126.3426
G1 X97.609 Y175.542 E1126.35246
G1 X98.229 Y175.968 E1126.37748
G1 X98.434 Y176.232 E1126.3886
G1 X98.757 Y176.843 E1126.41159
G1 X98.82 Y177.114 E1126.42084
G1 X98.821 Y177.848 E1126.44525
G1 X98.75 Y178.139 E1126.45522
G1 X98.409 Y178.787 E1126.47957
G1 X98.211 Y179.009 E1126.48946
G1 X97.592 Y179.435 E1126.51446
G1 X97.231 Y179.543 E1126.52699
G1 X96.587 Y179.62 E1126.54856
G1 X96.302 Y179.582 E1126.55812
G1 X95.62 Y179.321 E1126.58241
G1 X95.379 Y179.154 E1126.59216
G1 X94.878 Y178.586 E1126.61736
G1 X94.759 Y178.35 E1126.62615
G1 X94.58 Y177.633 E1126.65073
M204 S3000
M205 X10 Y10
G0 F6000 X94.58 Y177.433
G0 X94.062 Y177.367
G0 X94.406 Y178.694
G0 X95.231 Y179.625
G0 X112.998 Y191.975
G0 X113.447 Y191.534
M204 S1800
M205 X8 Y8
G1 F3000 X113.304 Y191.452 E1126.65621
G1 X113.131 Y190.943 E1126.67409
G1 X112.702 Y189.602 E1126.72092
G1 X112.257 Y188.489 E1126.76078
G1 X111.417 Y186.55 E1126.83107
G1 X110.855 Y185.491 E1126.87094
G1 X109.812 Y183.651 E1126.94129
G1 X109.141 Y182.661 E1126.98107
G1 X107.906 Y180.943 E1127.05144
G1 X107.132 Y180.03 E1127.09125
G1 X105.721 Y178.455 E1127.16158
G1 X104.816 Y177.6 E1127.20299
G1 X103.281 Y176.218 E1127.27169
G1 X102.307 Y175.478 E1127.31237
G1 X100.616 Y174.256 E1127.38177
G1 X99.576 Y173.63 E1127.42214
G1 X97.753 Y172.588 E1127.49198
G1 X96.684 Y172.094 E1127.53115
G1 X94.728 Y171.238 E1127.60216
G1 X93.562 Y170.846 E1127.64307
G1 X91.563 Y170.217 E1127.71278
G1 X90.406 Y169.964 E1127.75217
G1 X89.808 Y169.846 E1127.77244
G1 X88.332 Y169.549 E1127.82252
G1 X87.066 Y169.413 E1127.86487
G1 X85.036 Y169.23 E1127.93266
G1 X83.752 Y169.231 E1127.97536
G1 X81.725 Y169.266 E1128.04279
G1 X80.446 Y169.406 E1128.08559
G1 X78.439 Y169.657 E1128.15286
G1 X77.267 Y169.916 E1128.19278
G1 X75.223 Y170.397 E1128.26262
G1 X73.989 Y170.811 E1128.30591
G1 X72.082 Y171.484 E1128.37317
G1 X70.928 Y172.018 E1128.41546
G1 X69.083 Y172.899 E1128.48347
G1 X68.057 Y173.514 E1128.52325
G1 X66.26 Y174.625 E1128.59352
G1 X65.266 Y175.382 E1128.63508
G1 X63.636 Y176.648 E1128.70372
G1 X62.718 Y177.517 E1128.74577
G1 X61.243 Y178.938 E1128.81389
G1 X60.436 Y179.887 E1128.85532
G1 X59.11 Y181.472 E1128.92405
G1 X57.263 Y184.221 E1129.03421
G1 X55.723 Y187.152 E1129.14433
G1 X54.498 Y190.246 E1129.25501
G1 X53.624 Y193.425 E1129.36467
G1 X53.092 Y196.695 E1129.47486
G1 X52.915 Y200.002 E1129.58501
G1 X53.086 Y203.202 E1129.69159
G1 X53.172 Y203.793 E1129.71145
G1 X53.625 Y206.576 E1129.80523
G1 X54.501 Y209.755 E1129.91491
G1 X55.724 Y212.849 E1130.02556
G1 X57.264 Y215.78 E1130.13569
G1 X59.111 Y218.529 E1130.24584
G1 X60.498 Y220.187 E1130.31774
G1 X61.244 Y221.063 E1130.35601
G1 X62.804 Y222.565 E1130.42803
G1 X63.637 Y223.354 E1130.46619
G1 X65.307 Y224.651 E1130.53652
G1 X66.262 Y225.376 E1130.5764
G1 X68.122 Y226.524 E1130.6491
G1 X69.085 Y227.102 E1130.68646
G1 X71.062 Y228.046 E1130.75932
G1 X72.083 Y228.517 E1130.79672
G1 X74.15 Y229.244 E1130.8696
G1 X75.208 Y229.601 E1130.90674
G1 X77.338 Y230.1 E1130.9795
G1 X78.438 Y230.344 E1131.01697
G1 X80.535 Y230.605 E1131.08726
G1 X81.727 Y230.735 E1131.12714
G1 X83.84 Y230.77 E1131.19743
G1 X85.036 Y230.77 E1131.23721
G1 X87.222 Y230.572 E1131.31021
G1 X88.334 Y230.45 E1131.34742
G1 X90.459 Y230.022 E1131.41951
G1 X91.579 Y229.775 E1131.45766
G1 X93.558 Y229.155 E1131.52664
G1 X94.727 Y228.76 E1131.56768
G1 X96.682 Y227.906 E1131.63864
G1 X97.754 Y227.41 E1131.67792
G1 X99.6 Y226.356 E1131.74862
G1 X100.613 Y225.744 E1131.78799
G1 X102.348 Y224.49 E1131.85919
G1 X103.282 Y223.779 E1131.89823
G1 X104.852 Y222.366 E1131.96848
G1 X105.722 Y221.541 E1132.00836
G1 X107.134 Y219.968 E1132.07866
G1 X107.91 Y219.053 E1132.11857
G1 X109.141 Y217.337 E1132.18881
G1 X109.815 Y216.345 E1132.2287
G1 X110.856 Y214.507 E1132.29896
G1 X111.418 Y213.448 E1132.33883
G1 X112.256 Y211.512 E1132.409
G1 X112.893 Y209.765 E1132.47084
G1 X113.191 Y208.894 E1132.50146
G1 X113.33 Y208.522 E1132.51467
G1 X113.466 Y208.471 E1132.5195
G1 X122.886 Y208.487 E1132.83281
G1 X129.514 Y208.447 E1133.05326
G1 X129.514 Y191.554 E1133.61513
G1 X113.447 Y191.534 E1134.14952
M204 S3000
M205 X10 Y10
G0 F6000 X113.304 Y191.452
G0 X113.293 Y191.418
G0 X112.798 Y191.575
G0 X123.586 Y200.272
G0 X124.08 Y200.15
M204 S1800
M205 X8 Y8
G1 F3000 X124.081 Y199.85 E1134.1595
G1 X124.255 Y199.133 E1134.18404
G1 X124.394 Y198.878 E1134.1937
G1 X124.879 Y198.327 E1134.21811
G1 X125.127 Y198.161 E1134.22804
G1 X125.908 Y197.875 E1134.2557
G1 X126.103 Y197.865 E1134.26219
G1 X126.832 Y197.953 E1134.28662
G1 X127.109 Y198.059 E1134.29648
G1 X127.711 Y198.472 E1134.32076
G1 X127.906 Y198.695 E1134.33061
G1 X128.257 Y199.359 E1134.35559
G1 X128.319 Y199.631 E1134.36487
G1 X128.321 Y200.366 E1134.38932
G1 X128.25 Y200.656 E1134.39925
G1 X127.908 Y201.304 E1134.42362
G1 X127.711 Y201.526 E1134.43349
G1 X127.108 Y201.942 E1134.45786
G1 X126.818 Y202.05 E1134.46815
G1 X126.094 Y202.137 E1134.4924
G1 X125.802 Y202.099 E1134.5022
G1 X125.137 Y201.845 E1134.52587
G1 X124.879 Y201.671 E1134.53622
G1 X124.394 Y201.123 E1134.56056
G1 X124.259 Y200.867 E1134.57019
G1 X124.08 Y200.15 E1134.59477
M204 S3000
M205 X10 Y10
G0 F6000 X124.08 Y199.95
G0 X123.562 Y199.884
G0 X95.069 Y220.518
G0 X94.285 Y221.459
G0 X94.758 Y221.64
M204 S1800
M205 X8 Y8
G1 F3000 X94.894 Y221.395 E1134.60409
G1 X95.394 Y220.83 E1134.62918
G1 X95.663 Y220.665 E1134.63968
G1 X96.433 Y220.384 E1134.66694
G1 X97.223 Y220.456 E1134.69333
G1 X97.592 Y220.565 E1134.70612
G1 X98.232 Y221.005 E1134.73196
G1 X98.435 Y221.267 E1134.74298
G1 X98.757 Y221.876 E1134.76589
G1 X98.82 Y222.148 E1134.77518
G1 X98.821 Y222.882 E1134.79959
G1 X98.749 Y223.172 E1134.80953
G1 X98.409 Y223.821 E1134.8339
G1 X98.141 Y224.091 E1134.84655
G1 X97.594 Y224.468 E1134.86865
G1 X97.318 Y224.567 E1134.8784
G1 X96.602 Y224.652 E1134.90238
G1 X96.302 Y224.616 E1134.91243
G1 X95.637 Y224.362 E1134.93611
G1 X95.379 Y224.187 E1134.94648
G1 X94.894 Y223.639 E1134.97082
G1 X94.759 Y223.383 E1134.98044
G1 X94.58 Y222.667 E1135.00499
G1 X94.581 Y222.367 E1135.01497
G1 X94.758 Y221.64 E1135.03985
M204 S3000
M205 X10 Y10
G0 F6000 X94.855 Y221.465
G0 X94.433 Y221.164
G0 X78.63 Y206.375
G0 X77.339 Y205.083
G0 X76.367 Y203.537
G0 X75.827 Y201.986
G0 X75.509 Y200.081
G0 X76.015 Y200.025
M204 S1800
M205 X8 Y8
G1 F3000 X76.083 Y199.364 E1135.06195
G1 X76.206 Y198.288 E1135.09797
G1 X76.512 Y197.408 E1135.12896
G1 X76.771 Y196.667 E1135.15507
G1 X77.011 Y196.281 E1135.17019
G1 X77.686 Y195.208 E1135.21235
G1 X77.853 Y195.037 E1135.2203
G1 X78.915 Y193.976 E1135.27023
G1 X80.359 Y193.07 E1135.32693
G1 X80.393 Y193.054 E1135.32818
G1 X81.995 Y192.494 E1135.38462
G1 X82.023 Y192.489 E1135.38557
G1 X83.717 Y192.3 E1135.44226
G1 X85.337 Y192.481 E1135.49648
G1 X86.231 Y192.773 E1135.52776
G1 X87.048 Y193.06 E1135.55656
G1 X87.724 Y193.481 E1135.58305
G1 X88.496 Y193.965 E1135.61335
G1 X89.064 Y194.527 E1135.63993
G1 X89.732 Y195.197 E1135.6714
G1 X90.219 Y195.967 E1135.7017
G1 X90.652 Y196.659 E1135.72885
G1 X91.222 Y198.291 E1135.78635
G1 X91.414 Y199.986 E1135.84308
G1 X91.319 Y200.855 E1135.87216
G1 X91.222 Y201.71 E1135.90078
G1 X90.656 Y203.332 E1135.95792
G1 X90.225 Y204.023 E1135.985
G1 X89.736 Y204.799 E1136.01551
G1 X89.127 Y205.411 E1136.04423
G1 X88.522 Y206.016 E1136.07268
G1 X87.769 Y206.491 E1136.10229
G1 X87.062 Y206.934 E1136.13004
G1 X86.221 Y207.23 E1136.1597
G1 X85.427 Y207.507 E1136.18767
G1 X83.726 Y207.7 E1136.24461
G1 X83.168 Y207.64 E1136.26327
G1 X82 Y207.507 E1136.30237
G1 X81.657 Y207.389 E1136.31444
G1 X80.373 Y206.938 E1136.3597
G1 X80.204 Y206.834 E1136.3663
G1 X78.923 Y206.03 E1136.4166
G1 X78.896 Y206.007 E1136.41778
G1 X77.693 Y204.802 E1136.47441
G1 X77.678 Y204.781 E1136.47527
G1 X76.779 Y203.348 E1136.53154
G1 X76.506 Y202.574 E1136.55884
G1 X76.206 Y201.712 E1136.58919
G1 X76.015 Y200.025 E1136.64566
M204 S3000
M205 X10 Y10
G0 F6000 X76.035 Y199.826
G0 X75.526 Y199.768
G0 X57.619 Y202.586
G0 X56.231 Y202.142
G0 X55.406 Y201.211
G0 X55.086 Y200.272
G0 X55.58 Y200.15
M204 S1800
M205 X8 Y8
G1 F3000 X55.581 Y199.85 E1136.65564
G1 X55.755 Y199.133 E1136.68018
G1 X55.893 Y198.878 E1136.68982
G1 X56.391 Y198.315 E1136.71482
G1 X56.627 Y198.161 E1136.72419
G1 X57.408 Y197.875 E1136.75186
G1 X57.603 Y197.865 E1136.75835
G1 X58.332 Y197.953 E1136.78277
G1 X58.609 Y198.059 E1136.79264
G1 X59.224 Y198.482 E1136.81747
G1 X59.406 Y198.695 E1136.82678
G1 X59.768 Y199.382 E1136.85261
G1 X59.82 Y199.631 E1136.86107
G1 X59.82 Y200.38 E1136.88598
G1 X59.749 Y200.656 E1136.89546
G1 X59.409 Y201.304 E1136.9198
G1 X59.211 Y201.526 E1136.9297
G1 X58.588 Y201.954 E1136.95484
G1 X58.318 Y202.05 E1136.96437
G1 X57.602 Y202.136 E1136.98835
G1 X57.302 Y202.099 E1136.99841
G1 X56.637 Y201.845 E1137.02208
G1 X56.379 Y201.671 E1137.03243
G1 X55.894 Y201.123 E1137.05677
G1 X55.759 Y200.867 E1137.0664
G1 X55.58 Y200.15 E1137.09098
M204 S3000
M205 X10 Y10
G0 F6000 X55.58 Y199.95
G0 X55.192 Y200.247
M204 S1800
M205 X8 Y8
;TYPE:WALL-INNER
G1 F3000 X55.176 Y199.865 E1137.10369
G1 X55.366 Y199.039 E1137.13188
G1 X55.593 Y198.613 E1137.14794
G1 X56.079 Y198.063 E1137.17235
G1 X56.362 Y197.85 E1137.18413
G1 X57.27 Y197.499 E1137.21651
G1 X57.651 Y197.468 E1137.22922
G1 X58.38 Y197.556 E1137.25365
G1 X58.779 Y197.695 E1137.2677
G1 X59.437 Y198.142 E1137.29416
G1 X59.736 Y198.467 E1137.30884
G1 X60.111 Y199.172 E1137.3354
G1 X60.218 Y199.593 E1137.34985
G1 X60.221 Y200.365 E1137.37553
G1 X60.122 Y200.804 E1137.3905
G1 X59.763 Y201.49 E1137.41625
G1 X59.477 Y201.826 E1137.43092
G1 X58.835 Y202.271 E1137.45691
G1 X58.485 Y202.421 E1137.46957
G1 X57.65 Y202.533 E1137.49759
G1 X57.301 Y202.508 E1137.50923
G1 X56.494 Y202.219 E1137.53774
G1 X56.114 Y201.972 E1137.55281
G1 X55.594 Y201.388 E1137.57882
G1 X55.371 Y200.964 E1137.59475
G1 X55.192 Y200.247 E1137.61933
M204 S3000
M205 X10 Y10
G0 F6000 X55.086 Y200.273
G0 X55.406 Y201.211
G0 X56.231 Y202.142
G0 X57.397 Y202.586
G0 X75.509 Y200.082
G0 X75.617 Y200.07
M204 S1800
M205 X8 Y8
G1 F3000 X75.685 Y199.32 E1137.64438
G1 X75.809 Y198.232 E1137.6808
G1 X76.134 Y197.276 E1137.71439
G1 X76.388 Y196.55 E1137.73997
G1 X76.672 Y196.068 E1137.75858
G1 X77.362 Y194.972 E1137.80165
G1 X77.57 Y194.754 E1137.81167
G1 X78.635 Y193.689 E1137.86177
G1 X78.742 Y193.612 E1137.86615
G1 X80.158 Y192.724 E1137.92174
G1 X80.261 Y192.676 E1137.92552
G1 X81.859 Y192.117 E1137.98183
G1 X81.978 Y192.091 E1137.98588
G1 X83.649 Y191.903 E1138.04181
G1 X84.484 Y191.982 E1138.06971
G1 X85.449 Y192.091 E1138.10201
G1 X86.363 Y192.395 E1138.13404
G1 X87.166 Y192.676 E1138.16234
G1 X87.936 Y193.142 E1138.19227
G1 X88.742 Y193.649 E1138.22395
G1 X89.347 Y194.244 E1138.25217
G1 X90.004 Y194.901 E1138.28307
G1 X90.558 Y195.754 E1138.3169
G1 X90.997 Y196.456 E1138.34444
G1 X91.265 Y197.198 E1138.37068
G1 X91.601 Y198.159 E1138.40454
G1 X91.716 Y199.097 E1138.43597
G1 X91.814 Y199.964 E1138.46499
G1 X91.717 Y200.9 E1138.49629
G1 X91.623 Y201.734 E1138.5242
G1 X91.5 Y202.132 E1138.53806
G1 X91.025 Y203.487 E1138.58582
G1 X90.564 Y204.236 E1138.61507
G1 X90.088 Y204.994 E1138.64484
G1 X89.41 Y205.693 E1138.67723
G1 X88.786 Y206.316 E1138.70655
G1 X87.981 Y206.83 E1138.73832
G1 X87.252 Y207.286 E1138.76692
G1 X86.353 Y207.608 E1138.79868
G1 X85.548 Y207.889 E1138.82704
G1 X84.597 Y208.004 E1138.8589
G1 X83.749 Y208.1 E1138.88729
G1 X83.123 Y208.038 E1138.90821
G1 X81.962 Y207.907 E1138.94707
G1 X81.525 Y207.767 E1138.96233
G1 X80.254 Y207.321 E1139.00713
G1 X79.992 Y207.173 E1139.01714
G1 X78.695 Y206.358 E1139.06809
G1 X78.613 Y206.29 E1139.07163
G1 X77.41 Y205.085 E1139.12826
G1 X77.339 Y204.994 E1139.1321
G1 X76.432 Y203.548 E1139.18887
G1 X76.128 Y202.706 E1139.21865
G1 X75.824 Y201.834 E1139.24936
G1 X75.698 Y200.788 E1139.28441
G1 X75.617 Y200.07 E1139.30844
M204 S3000
M205 X10 Y10
G0 F6000 X75.509 Y200.082
G0 X75.766 Y198.187
G0 X76.367 Y196.463
G0 X77.241 Y195.072
G0 X94.086 Y177.756
G0 X94.192 Y177.73
M204 S1800
M205 X8 Y8
G1 F3000 X94.177 Y177.339 E1139.32145
G1 X94.324 Y176.694 E1139.34345
G1 X94.424 Y176.374 E1139.35461
G1 X94.594 Y176.098 E1139.36539
G1 X95.079 Y175.547 E1139.3898
G1 X95.36 Y175.334 E1139.40153
G1 X96.271 Y174.983 E1139.434
G1 X96.651 Y174.951 E1139.44668
G1 X97.38 Y175.039 E1139.47111
G1 X97.794 Y175.184 E1139.4857
G1 X98.437 Y175.624 E1139.51161
G1 X98.683 Y175.878 E1139.52337
G1 X99.111 Y176.656 E1139.5529
G1 X99.22 Y177.114 E1139.56856
G1 X99.221 Y177.848 E1139.59298
G1 X99.155 Y178.188 E1139.6045
G1 X98.788 Y178.925 E1139.63188
G1 X98.498 Y179.292 E1139.64744
G1 X97.899 Y179.71 E1139.67173
G1 X97.503 Y179.897 E1139.6863
G1 X96.65 Y180.016 E1139.71494
G1 X96.205 Y179.971 E1139.72982
G1 X95.625 Y179.753 E1139.75043
G1 X95.376 Y179.641 E1139.75951
G1 X95.079 Y179.419 E1139.77184
G1 X94.59 Y178.866 E1139.79639
G1 X94.379 Y178.475 E1139.81117
G1 X94.192 Y177.73 E1139.83672
M204 S3000
M205 X10 Y10
G0 F6000 X94.086 Y177.756
G0 X94.406 Y178.694
G0 X95.231 Y179.625
G0 X112.998 Y191.975
G0 X113.465 Y191.934
M204 S1800
M205 X8 Y8
G1 F3000 X113.178 Y191.861 E1139.84657
G1 X112.981 Y191.688 E1139.85529
G1 X112.75 Y191.065 E1139.87739
G1 X112.325 Y189.738 E1139.92373
G1 X111.888 Y188.643 E1139.96295
G1 X111.056 Y186.724 E1140.03251
G1 X110.504 Y185.683 E1140.0717
G1 X109.472 Y183.862 E1140.14132
G1 X108.813 Y182.89 E1140.18038
G1 X107.59 Y181.189 E1140.25006
G1 X106.83 Y180.293 E1140.28914
G1 X105.434 Y178.734 E1140.35874
G1 X104.548 Y177.897 E1140.39928
G1 X103.025 Y176.526 E1140.46743
G1 X102.073 Y175.802 E1140.50721
G1 X100.395 Y174.59 E1140.57606
G1 X99.377 Y173.977 E1140.61558
G1 X97.569 Y172.944 E1140.68484
G1 X96.489 Y172.444 E1140.72443
G1 X94.584 Y171.612 E1140.79357
G1 X93.47 Y171.236 E1140.83267
G1 X91.46 Y170.604 E1140.90275
G1 X90.28 Y170.348 E1140.94291
G1 X88.271 Y169.945 E1141.01106
G1 X87.03 Y169.811 E1141.05258
G1 X85.018 Y169.63 E1141.11977
G1 X83.759 Y169.631 E1141.16164
G1 X81.75 Y169.666 E1141.22847
G1 X80.496 Y169.803 E1141.27043
G1 X78.507 Y170.051 E1141.33709
G1 X77.356 Y170.306 E1141.3763
G1 X75.333 Y170.782 E1141.44543
G1 X74.122 Y171.189 E1141.48792
G1 X72.232 Y171.855 E1141.55457
G1 X71.1 Y172.379 E1141.59606
G1 X69.273 Y173.252 E1141.6634
G1 X68.265 Y173.856 E1141.70249
G1 X66.487 Y174.955 E1141.77201
G1 X65.511 Y175.698 E1141.81281
G1 X63.897 Y176.952 E1141.88079
G1 X63.043 Y177.759 E1141.91987
G1 X61.535 Y179.212 E1141.98952
G1 X60.743 Y180.144 E1142.0302
G1 X59.43 Y181.712 E1142.09822
G1 X57.607 Y184.426 E1142.20696
G1 X56.087 Y187.319 E1142.31566
G1 X54.878 Y190.373 E1142.4249
G1 X54.015 Y193.511 E1142.53315
G1 X53.504 Y196.654 E1142.63906
G1 X53.438 Y197.732 E1142.67498
G1 X53.316 Y200.002 E1142.75059
G1 X53.491 Y203.263 E1142.8592
G1 X54.017 Y206.49 E1142.96795
G1 X54.881 Y209.628 E1143.07621
G1 X56.088 Y212.682 E1143.18543
G1 X57.608 Y215.575 E1143.29412
G1 X59.431 Y218.289 E1143.40286
G1 X60.802 Y219.928 E1143.47393
G1 X61.536 Y220.789 E1143.51156
G1 X63.009 Y222.207 E1143.57957
G1 X63.898 Y223.05 E1143.62032
G1 X65.551 Y224.334 E1143.68993
G1 X66.489 Y225.046 E1143.7291
G1 X68.328 Y226.181 E1143.80098
G1 X69.275 Y226.749 E1143.83771
G1 X71.23 Y227.683 E1143.90977
G1 X72.233 Y228.146 E1143.94651
G1 X74.278 Y228.865 E1144.01861
G1 X75.318 Y229.216 E1144.05512
G1 X77.424 Y229.71 E1144.12707
G1 X78.506 Y229.95 E1144.16393
G1 X80.581 Y230.208 E1144.23347
G1 X81.244 Y230.279 E1144.25565
G1 X81.752 Y230.335 E1144.27265
G1 X83.843 Y230.37 E1144.34221
G1 X85.018 Y230.37 E1144.38129
G1 X87.103 Y230.181 E1144.45092
G1 X88.273 Y230.054 E1144.49006
G1 X90.373 Y229.632 E1144.5613
G1 X91.476 Y229.388 E1144.59888
G1 X93.498 Y228.753 E1144.66937
G1 X94.583 Y228.386 E1144.70746
G1 X96.514 Y227.543 E1144.77754
G1 X97.57 Y227.054 E1144.81625
G1 X99.394 Y226.014 E1144.88608
G1 X99.964 Y225.669 E1144.90824
G1 X100.392 Y225.41 E1144.92488
G1 X102.106 Y224.172 E1144.99521
G1 X103.026 Y223.471 E1145.03368
G1 X104.614 Y222.04 E1145.10477
G1 X105.435 Y221.262 E1145.14239
G1 X106.832 Y219.705 E1145.21197
G1 X107.594 Y218.807 E1145.25114
G1 X108.813 Y217.108 E1145.32069
G1 X109.475 Y216.134 E1145.35986
G1 X110.505 Y214.315 E1145.42939
G1 X111.057 Y213.274 E1145.46858
G1 X111.884 Y211.364 E1145.5378
G1 X112.522 Y209.615 E1145.59972
G1 X112.807 Y208.784 E1145.62894
G1 X112.957 Y208.351 E1145.64418
G1 X113.143 Y208.164 E1145.65296
G1 X113.41 Y208.073 E1145.66234
G1 X113.467 Y208.071 E1145.66424
G1 X122.884 Y208.087 E1145.97745
G1 X129.114 Y208.049 E1146.18466
G1 X129.114 Y200.503 E1146.43564
G1 F3007.5 X129.115 Y199.631 E1146.46457
G1 X129.114 Y199.048 E1146.48391
G1 F3000 X129.114 Y191.954 E1146.71986
G1 X123.074 Y191.946 E1146.92075
G1 X113.465 Y191.934 E1147.24035
M204 S3000
M205 X10 Y10
G0 F6000 X113.464 Y192.043
G0 X123.586 Y200.273
G0 X123.692 Y200.247
M204 S1800
M205 X8 Y8
G1 F3000 X123.679 Y199.828 E1147.25429
G1 X123.866 Y199.039 E1147.28126
G1 X124.018 Y198.72 E1147.29302
G1 X124.579 Y198.063 E1147.32175
G1 X124.862 Y197.85 E1147.33353
G1 X125.77 Y197.499 E1147.36591
G1 X126.128 Y197.465 E1147.37787
G1 X126.88 Y197.556 E1147.40306
G1 X127.335 Y197.729 E1147.41925
G1 X127.937 Y198.142 E1147.44354
G1 X128.183 Y198.395 E1147.45527
G1 X128.611 Y199.172 E1147.48478
G1 F2977.7 X128.708 Y199.503 E1147.49633
G1 F2992.5 X128.72 Y200.366 E1147.52511
G1 F3015.1 X128.655 Y200.705 E1147.53654
G1 F3000 X128.262 Y201.49 E1147.56573
G1 X128.046 Y201.76 E1147.57723
G1 X127.335 Y202.271 E1147.60636
G1 X127.003 Y202.414 E1147.61838
G1 X126.15 Y202.533 E1147.64703
G1 X125.8 Y202.508 E1147.6587
G1 X124.994 Y202.219 E1147.68717
G1 X124.684 Y202.03 E1147.69925
G1 X124.094 Y201.388 E1147.72825
G1 X123.871 Y200.964 E1147.74418
G1 X123.692 Y200.247 E1147.76876
M204 S3000
M205 X10 Y10
G0 F6000 X123.586 Y200.273
G0 X95.069 Y220.518
G0 X94.409 Y221.302
G0 X94.166 Y222.283
G0 X94.192 Y222.764
M204 S1800
M205 X8 Y8
G1 F3000 X94.185 Y222.31 E1147.78387
G1 X94.366 Y221.556 E1147.80966
G1 X94.569 Y221.16 E1147.82446
G1 X95.08 Y220.58 E1147.85017
G1 X95.435 Y220.325 E1147.86471
G1 X96.27 Y220.016 E1147.89432
G1 X96.619 Y219.982 E1147.90598
G1 X97.271 Y220.059 E1147.92782
G1 X97.561 Y220.123 E1147.93769
G1 X97.91 Y220.298 E1147.95068
G1 X98.448 Y220.667 E1147.97238
G1 X98.698 Y220.931 E1147.98447
G1 X99.111 Y221.689 E1148.01318
G1 X99.22 Y222.148 E1148.02887
G1 X99.221 Y222.882 E1148.05329
G1 X99.103 Y223.358 E1148.0696
G1 X98.763 Y224.007 E1148.09397
G1 X98.439 Y224.373 E1148.11022
G1 X97.836 Y224.789 E1148.13459
G1 X97.498 Y224.934 E1148.14682
G1 X96.946 Y225.014 E1148.16537
G1 X96.505 Y225.05 E1148.18009
G1 X96.16 Y224.99 E1148.19174
G1 X95.495 Y224.736 E1148.21541
G1 X95.158 Y224.527 E1148.2286
G1 X94.744 Y224.074 E1148.24901
G1 X94.512 Y223.785 E1148.26134
G1 X94.371 Y223.48 E1148.27252
G1 X94.192 Y222.764 E1148.29706
M204 S3000
M205 X10 Y10
G0 F6000 X93.804 Y222.861
M204 S1800
M205 X8 Y8
G1 F3000 X93.78 Y222.32 E1148.31507
G1 X93.905 Y221.761 E1148.33413
G1 X94.074 Y221.214 E1148.35317
G1 X94.294 Y220.866 E1148.36686
G1 X94.78 Y220.315 E1148.3913
G1 X95.175 Y220.012 E1148.40786
G1 X96.133 Y219.64 E1148.44204
G1 X96.487 Y219.58 E1148.45398
G1 X97.319 Y219.662 E1148.48178
G1 X97.705 Y219.749 E1148.49495
G1 X98.061 Y219.916 E1148.50802
G1 X98.682 Y220.342 E1148.53307
G1 X99.011 Y220.681 E1148.54878
G1 X99.465 Y221.502 E1148.57999
G1 X99.606 Y221.983 E1148.59666
G1 X99.62 Y222.742 E1148.62191
G1 X99.592 Y223.123 E1148.63461
G1 X99.457 Y223.544 E1148.64932
G1 X99.117 Y224.193 E1148.67369
G1 X98.846 Y224.542 E1148.68838
G1 X98.063 Y225.118 E1148.72071
G1 X97.634 Y225.312 E1148.73637
G1 X96.993 Y225.411 E1148.75795
G1 X96.456 Y225.447 E1148.77585
G1 X96.018 Y225.364 E1148.79067
G1 X95.353 Y225.11 E1148.81435
G1 X94.911 Y224.841 E1148.83156
G1 X94.445 Y224.34 E1148.85432
G1 X94.157 Y223.97 E1148.86991
G1 X93.983 Y223.577 E1148.88421
G1 X93.804 Y222.861 E1148.90875
M204 S3000
M205 X10 Y10
G0 F6000 X94.409 Y221.302
G0 X95.155 Y220.463
G0 X112.583 Y208.197
M204 S1800
M205 X8 Y8
G1 F3000 X112.832 Y207.896 E1148.92175
G1 X113.123 Y207.731 E1148.93287
G1 X113.467 Y207.671 E1148.94449
G1 X122.882 Y207.687 E1149.25763
G1 X128.714 Y207.651 E1149.45161
G1 X128.714 Y201.49 E1149.65652
G1 X128.48 Y201.875 E1149.67151
G1 X128.166 Y202.184 E1149.68616
G1 X127.562 Y202.601 E1149.71057
G1 X127.141 Y202.789 E1149.72591
G1 X126.198 Y202.93 E1149.75762
G1 X125.752 Y202.905 E1149.77248
G1 X124.852 Y202.593 E1149.80416
G1 X124.455 Y202.358 E1149.8195
G1 X123.795 Y201.653 E1149.85163
G1 X123.517 Y201.17 E1149.87016
G1 X123.304 Y200.344 E1149.89853
G1 X123.282 Y199.782 E1149.91724
G1 X123.478 Y198.945 E1149.94583
G1 X123.668 Y198.527 E1149.9611
G1 X124.279 Y197.798 E1149.99274
G1 X124.64 Y197.517 E1150.00795
G1 X125.633 Y197.123 E1150.04349
G1 X125.987 Y197.063 E1150.05543
G1 X126.928 Y197.159 E1150.08689
G1 X127.355 Y197.29 E1150.10174
G1 X128.163 Y197.812 E1150.13374
G1 X128.485 Y198.132 E1150.14884
G1 X128.714 Y198.513 E1150.16362
G1 X128.714 Y192.353 E1150.36851
G1 X113.464 Y192.334 E1150.87572
G1 X113.124 Y192.274 E1150.88721
G1 X112.793 Y192.075 E1150.90005
G1 X112.564 Y191.767 E1150.91282
G1 X112.369 Y191.187 E1150.93317
G1 X111.949 Y189.873 E1150.97905
G1 X111.518 Y188.797 E1151.0176
G1 X110.696 Y186.897 E1151.08646
G1 X110.154 Y185.875 E1151.12493
G1 X109.132 Y184.074 E1151.19381
G1 X108.485 Y183.119 E1151.23217
G1 X107.275 Y181.436 E1151.30112
G1 X106.528 Y180.556 E1151.33951
G1 X105.147 Y179.014 E1151.40836
G1 X104.28 Y178.194 E1151.44805
G1 X102.77 Y176.834 E1151.51564
G1 X101.838 Y176.126 E1151.55457
G1 X100.174 Y174.924 E1151.62284
G1 X99.178 Y174.325 E1151.6615
G1 X97.385 Y173.3 E1151.73019
G1 X96.329 Y172.811 E1151.7689
G1 X94.44 Y171.985 E1151.83747
G1 X93.322 Y171.609 E1151.8767
G1 X91.357 Y170.991 E1151.94521
G1 X90.201 Y170.74 E1151.98456
G1 X88.21 Y170.341 E1152.05209
G1 X86.994 Y170.209 E1152.09278
G1 X85 Y170.03 E1152.15936
G1 X83.765 Y170.031 E1152.20044
G1 X81.775 Y170.066 E1152.26664
G1 X80.545 Y170.2 E1152.30779
G1 X78.575 Y170.446 E1152.37382
G1 X77.445 Y170.696 E1152.41231
G1 X75.442 Y171.167 E1152.48075
G1 X74.255 Y171.566 E1152.5224
G1 X72.383 Y172.226 E1152.58842
G1 X71.272 Y172.74 E1152.62914
G1 X69.462 Y173.604 E1152.69584
G1 X68.416 Y174.233 E1152.73644
G1 X66.714 Y175.285 E1152.80299
G1 X65.757 Y176.014 E1152.843
G1 X64.157 Y177.256 E1152.91037
G1 X63.273 Y178.093 E1152.95086
G1 X61.827 Y179.486 E1153.01764
G1 X61.049 Y180.4 E1153.05756
G1 X59.75 Y181.953 E1153.1249
G1 X57.951 Y184.631 E1153.2322
G1 X56.451 Y187.486 E1153.33947
G1 X55.258 Y190.5 E1153.44728
G1 X54.407 Y193.596 E1153.55408
G1 X53.888 Y196.781 E1153.66141
G1 X53.743 Y199.507 E1153.7522
G1 X53.716 Y200.002 E1153.76869
G1 X53.889 Y203.22 E1153.87588
G1 X54.408 Y206.405 E1153.98321
G1 X55.261 Y209.501 E1154.09002
G1 X56.452 Y212.515 E1154.19781
G1 X57.952 Y215.37 E1154.30507
G1 X59.751 Y218.048 E1154.41237
G1 X61.107 Y219.668 E1154.48264
G1 X61.828 Y220.515 E1154.51964
G1 X63.354 Y221.984 E1154.59009
G1 X64.158 Y222.746 E1154.62693
G1 X65.795 Y224.016 E1154.69584
G1 X66.715 Y224.716 E1154.73429
G1 X68.534 Y225.838 E1154.80537
G1 X69.464 Y226.397 E1154.84146
G1 X71.398 Y227.32 E1154.91274
G1 X72.384 Y227.775 E1154.94886
G1 X74.406 Y228.486 E1155.02015
G1 X75.428 Y228.831 E1155.05602
G1 X77.511 Y229.319 E1155.12718
G1 X78.574 Y229.555 E1155.1634
G1 X80.627 Y229.81 E1155.2322
G1 X81.232 Y229.875 E1155.25244
G1 X81.777 Y229.935 E1155.27068
G1 X83.847 Y229.97 E1155.33954
G1 X85 Y229.97 E1155.37788
G1 X86.995 Y229.791 E1155.44451
G1 X88.212 Y229.658 E1155.48522
G1 X90.242 Y229.251 E1155.55409
G1 X91.372 Y229.001 E1155.59258
G1 X93.37 Y228.374 E1155.66223
G1 X94.439 Y228.013 E1155.69976
G1 X96.346 Y227.18 E1155.76897
G1 X97.386 Y226.698 E1155.80709
G1 X99.187 Y225.671 E1155.87605
G1 X100.171 Y225.076 E1155.9143
G1 X101.851 Y223.863 E1155.98322
G1 X102.771 Y223.163 E1156.02167
G1 X104.339 Y221.749 E1156.09189
G1 X105.148 Y220.982 E1156.12897
G1 X106.531 Y219.442 E1156.19781
G1 X107.279 Y218.561 E1156.23625
G1 X108.485 Y216.879 E1156.30509
G1 X109.135 Y215.922 E1156.34357
G1 X110.154 Y214.123 E1156.41233
G1 X110.696 Y213.101 E1156.45081
G1 X111.512 Y211.216 E1156.51913
G1 X112.151 Y209.466 E1156.58109
G1 X112.422 Y208.674 E1156.60893
G1 X112.583 Y208.197 E1156.62568
M204 S3000
M205 X10 Y10
G0 F6000 X93.804 Y177.827
M204 S1800
M205 X8 Y8
G1 F3000 X93.778 Y177.312 E1156.64283
G1 X93.936 Y176.599 E1156.66712
G1 X94.074 Y176.181 E1156.68176
G1 X94.294 Y175.833 E1156.69545
G1 X94.779 Y175.282 E1156.71987
G1 X95.136 Y175.003 E1156.73494
G1 X96.134 Y174.607 E1156.77065
G1 X96.589 Y174.548 E1156.78591
G1 X97.427 Y174.641 E1156.81395
G1 X97.993 Y174.836 E1156.83386
G1 X98.664 Y175.294 E1156.86088
G1 X98.985 Y175.615 E1156.87598
G1 X99.465 Y176.469 E1156.90857
G1 X99.597 Y176.9 E1156.92356
G1 X99.621 Y177.847 E1156.95507
G1 X99.544 Y178.283 E1156.96979
G1 X99.142 Y179.111 E1157.00041
G1 X98.846 Y179.508 E1157.01688
G1 X98.126 Y180.04 E1157.04665
G1 X97.826 Y180.203 E1157.05801
G1 X97.414 Y180.327 E1157.07232
G1 X96.698 Y180.413 E1157.0963
G1 X96.168 Y180.374 E1157.11398
G1 X95.483 Y180.127 E1157.1382
G1 X95.154 Y179.974 E1157.15027
G1 X94.78 Y179.684 E1157.16601
G1 X94.287 Y179.128 E1157.19072
G1 X94.037 Y178.702 E1157.20715
G1 X93.89 Y178.172 E1157.22544
G1 X93.804 Y177.827 E1157.23727
M204 S3000
M205 X10 Y10
G0 F6000 X77.339 Y194.917
G0 X76.465 Y196.308
G0 X75.288 Y199.275
M204 S1800
M205 X8 Y8
G1 F3000 X75.415 Y198.164 E1157.27446
G1 X75.756 Y197.144 E1157.31023
G1 X76.01 Y196.418 E1157.33581
G1 X76.334 Y195.856 E1157.35739
G1 X77.017 Y194.768 E1157.40012
G1 X77.287 Y194.472 E1157.41344
G1 X78.35 Y193.408 E1157.46347
G1 X78.529 Y193.273 E1157.47092
G1 X79.957 Y192.378 E1157.52698
G1 X80.129 Y192.299 E1157.53327
G1 X81.734 Y191.737 E1157.58983
G1 X81.934 Y191.694 E1157.59664
G1 X83.606 Y191.505 E1157.6526
G1 X84.529 Y191.585 E1157.68342
G1 X85.494 Y191.694 E1157.71572
G1 X86.495 Y192.018 E1157.75071
G1 X87.298 Y192.299 E1157.77901
G1 X88.149 Y192.804 E1157.81192
G1 X88.921 Y193.287 E1157.84221
G1 X89.63 Y193.962 E1157.87477
G1 X90.287 Y194.619 E1157.90567
G1 X90.896 Y195.542 E1157.94245
G1 X91.346 Y196.261 E1157.97066
G1 X91.643 Y197.066 E1157.9992
G1 X91.983 Y198.042 E1158.03357
G1 X92.113 Y199.052 E1158.06744
G1 X92.213 Y199.942 E1158.09723
G1 X92.114 Y200.945 E1158.13075
G1 X92.013 Y201.83 E1158.16038
G1 X91.877 Y202.264 E1158.17551
G1 X91.413 Y203.592 E1158.22229
G1 X90.902 Y204.448 E1158.25545
G1 X90.393 Y205.257 E1158.28724
G1 X89.693 Y205.976 E1158.32062
G1 X89.05 Y206.617 E1158.35082
G1 X88.194 Y207.168 E1158.38468
G1 X87.463 Y207.626 E1158.41337
G1 X86.485 Y207.986 E1158.44803
G1 X85.659 Y208.273 E1158.47711
G1 X84.641 Y208.402 E1158.51124
G1 X83.772 Y208.499 E1158.54032
G1 X83.078 Y208.435 E1158.56351
G1 X81.906 Y208.303 E1158.60273
G1 X81.393 Y208.144 E1158.6206
G1 X80.117 Y207.697 E1158.66556
G1 X79.779 Y207.512 E1158.67838
G1 X78.467 Y206.687 E1158.72993
G1 X78.33 Y206.572 E1158.73588
G1 X77.118 Y205.359 E1158.79291
G1 X77.001 Y205.206 E1158.79932
G1 X76.075 Y203.729 E1158.8573
G1 X75.75 Y202.838 E1158.88884
G1 X75.44 Y201.946 E1158.92025
G1 X75.301 Y200.833 E1158.95756
G1 X75.22 Y200.114 E1158.98162
G1 X75.288 Y199.275 E1159.00962
M204 S3000
M205 X10 Y10
G0 F6000 X58.419 Y202.488
G0 X57.397 Y202.586
G0 X56.231 Y202.142
G0 X55.564 Y201.389
G0 X54.804 Y200.344
M204 S1800
M205 X8 Y8
G1 F3000 X54.777 Y199.844 E1159.02627
G1 X54.978 Y198.945 E1159.05691
G1 X55.168 Y198.526 E1159.07221
G1 X55.779 Y197.798 E1159.10382
G1 X56.139 Y197.517 E1159.11901
G1 X57.132 Y197.123 E1159.15455
G1 X57.589 Y197.064 E1159.16987
G1 X58.428 Y197.159 E1159.19796
G1 X58.855 Y197.29 E1159.21281
G1 X59.663 Y197.812 E1159.24481
G1 X60.029 Y198.188 E1159.26226
G1 X60.465 Y198.985 E1159.29247
G1 X60.597 Y199.419 E1159.30756
G1 X60.619 Y200.023 E1159.32766
G1 X60.592 Y200.604 E1159.34701
G1 X60.457 Y201.028 E1159.36181
G1 X60.117 Y201.676 E1159.38615
G1 X59.788 Y202.085 E1159.40361
G1 X59.218 Y202.493 E1159.42692
G1 X58.842 Y202.715 E1159.44144
G1 X58.414 Y202.845 E1159.45632
G1 X57.698 Y202.93 E1159.4803
G1 X57.252 Y202.905 E1159.49516
G1 X56.352 Y202.593 E1159.52684
G1 X55.974 Y202.371 E1159.54142
G1 X55.779 Y202.201 E1159.55003
G1 X55.294 Y201.654 E1159.57434
G1 X55.067 Y201.282 E1159.58884
G1 X54.804 Y200.344 E1159.62124
M204 S3000
M205 X10 Y10
G0 F6000 X54.427 Y200.207
M204 S1800
M205 X8 Y8
;TYPE:SKIN
G1 F1371.4 X54.452 Y199.605 E1159.63877
G1 F1273.2 X54.606 Y198.855 E1159.66277
G1 F1200 X54.746 Y198.502 E1159.6754
G1 X55.008 Y198.094 E1159.69153
G1 X55.493 Y197.546 E1159.71587
G1 X55.777 Y197.303 E1159.7283
G1 X56.221 Y197.053 E1159.74525
G1 X56.998 Y196.768 E1159.77278
G1 X57.497 Y196.683 E1159.78961
G1 X58.46 Y196.777 E1159.82179
G1 X58.981 Y196.932 E1159.83987
G1 X59.436 Y197.193 E1159.85732
G1 X60.063 Y197.652 E1159.88316
G1 X60.432 Y198.115 E1159.90286
G1 X60.836 Y198.881 E1159.93166
G1 X60.982 Y199.413 E1159.95001
G1 X60.999 Y200.019 E1159.97017
G1 X60.986 Y200.575 E1159.98867
G1 X60.82 Y201.152 E1160.00864
G1 X60.536 Y201.694 E1160.02899
G1 X60.379 Y201.974 E1160.03967
G1 X59.984 Y202.42 E1160.05948
G1 X59.436 Y202.806 E1160.08178
G1 X58.985 Y203.067 E1160.09911
G1 X58.479 Y203.216 E1160.11665
G1 X57.487 Y203.313 E1160.1498
G1 X56.908 Y203.209 E1160.16937
G1 X55.979 Y202.826 E1160.20279
G1 X55.57 Y202.534 E1160.21951
G1 X55.007 Y201.906 E1160.24756
G1 X54.814 Y201.619 E1160.25906
G1 F1159.4 X54.6 Y201.156 E1160.27662
G1 F1240.3 X54.427 Y200.207 E1160.30766
M204 S3000
M205 X10 Y10
G0 F6000 X56.231 Y202.142
G0 X57.397 Y202.586
G0 X74.835 Y199.966
M204 S1800
M205 X8 Y8
G1 F1200 X74.908 Y199.27 E1160.33094
G1 X74.997 Y198.47 E1160.35771
G1 X75.063 Y197.988 E1160.37389
G1 X75.399 Y197.016 E1160.4081
G1 X75.724 Y196.12 E1160.4398
G1 X76.022 Y195.639 E1160.45862
G1 X76.684 Y194.583 E1160.50007
G1 X77.022 Y194.204 E1160.51696
G1 X78.07 Y193.151 E1160.56637
G1 X78.336 Y192.947 E1160.57752
G1 X79.583 Y192.163 E1160.62651
G1 X79.933 Y191.967 E1160.63986
G1 X81.259 Y191.501 E1160.6866
G1 X81.776 Y191.334 E1160.70467
G1 X83.033 Y191.188 E1160.74676
G1 X83.841 Y191.127 E1160.77371
G1 X84.729 Y191.226 E1160.80343
G1 X85.674 Y191.335 E1160.83507
G1 X86.62 Y191.658 E1160.86832
G1 X87.619 Y192.026 E1160.90373
G1 X88.353 Y192.482 E1160.93247
G1 X89.271 Y193.073 E1160.96878
G1 X89.668 Y193.465 E1160.98734
G1 X90.046 Y193.84 E1161.00505
G1 X90.703 Y194.523 E1161.03657
G1 X91.219 Y195.338 E1161.06865
G1 X91.725 Y196.173 E1161.10112
G1 X92.001 Y196.939 E1161.12821
G1 X92.374 Y198.03 E1161.16655
G1 X92.489 Y198.993 E1161.19881
G1 X92.593 Y200.052 E1161.2342
G1 X92.495 Y200.953 E1161.26435
G1 X92.396 Y201.836 E1161.2939
G1 X92.21 Y202.459 E1161.31553
G1 X91.771 Y203.72 E1161.35994
G1 X91.247 Y204.614 E1161.3944
G1 X90.802 Y205.324 E1161.42227
G1 X90.598 Y205.607 E1161.43387
G1 X89.356 Y206.849 E1161.49229
G1 X88.947 Y207.141 E1161.50901
G1 X88.396 Y207.491 E1161.53072
G1 X87.531 Y208.017 E1161.56439
G1 X86.609 Y208.345 E1161.59694
G1 X85.639 Y208.668 E1161.63094
G1 X84.684 Y208.779 E1161.66292
G1 X83.69 Y208.88 E1161.69615
G1 X82.931 Y208.799 E1161.72154
G1 X81.878 Y208.683 E1161.75677
G1 X81.187 Y208.472 E1161.7808
G1 X79.992 Y208.055 E1161.8229
G1 X79.508 Y207.785 E1161.84133
G1 X78.311 Y207.038 E1161.88826
G1 X78.032 Y206.811 E1161.90023
G1 X77.015 Y205.792 E1161.94811
G1 X76.722 Y205.475 E1161.96247
G1 X76.009 Y204.343 E1162.00696
G1 X75.699 Y203.825 E1162.02704
G1 X75.391 Y202.965 E1162.05742
G1 X75.041 Y201.901 E1162.09468
G1 X74.922 Y200.873 E1162.1291
G1 X74.835 Y199.966 E1162.1594
M204 S3000
M205 X10 Y10
G0 F6000 X76.367 Y196.463
G0 X77.241 Y195.072
G0 X93.522 Y178.272
M204 S1800
M205 X8 Y8
G1 F1200 X93.404 Y177.736 E1162.17766
G1 X93.423 Y177.19 E1162.19583
G1 X93.608 Y176.34 E1162.22476
G1 X93.828 Y175.843 E1162.24284
G1 X94.156 Y175.413 E1162.26083
G1 X94.657 Y174.875 E1162.28528
G1 X95.193 Y174.549 E1162.30614
G1 X96.002 Y174.25 E1162.33483
G1 X96.51 Y174.166 E1162.35196
G1 X97.045 Y174.212 E1162.36982
G1 F1253.3 X97.771 Y174.354 E1162.39337
G1 F1363.6 X98.235 Y174.58 E1162.40848
G1 F1348.3 X99.002 Y175.085 E1162.43566
G1 F1240.3 X99.429 Y175.592 E1162.45699
G1 F1200 X99.809 Y176.304 E1162.48384
G1 X99.964 Y176.799 E1162.50109
G1 X100 Y177.267 E1162.5167
G1 X99.982 Y178.076 E1162.54362
G1 X99.809 Y178.653 E1162.56365
G1 X99.446 Y179.319 E1162.58888
G1 X99.298 Y179.571 E1162.5986
G1 X98.932 Y179.941 E1162.61591
G1 X98.347 Y180.348 E1162.63961
G1 X97.966 Y180.56 E1162.65411
G1 X97.547 Y180.693 E1162.66873
G1 X96.72 Y180.792 E1162.69644
G1 X96.397 Y180.789 E1162.70718
G1 X95.896 Y180.69 E1162.72417
G1 X95.1 Y180.379 E1162.75259
G1 X94.602 Y180.046 E1162.77252
G1 X94 Y179.378 E1162.80242
G1 X93.736 Y178.937 E1162.81952
G1 X93.522 Y178.272 E1162.84275
M204 S3000
M205 X10 Y10
G0 F6000 X95.238 Y179.584
G0 X112.429 Y192.241
M204 S1800
M205 X8 Y8
G1 F1200 X112.188 Y191.857 E1162.85783
G1 X111.591 Y190.001 E1162.92268
G1 X111.221 Y189.079 E1162.95572
G1 X110.352 Y187.062 E1163.02877
G1 X109.887 Y186.188 E1163.0617
G1 X108.807 Y184.272 E1163.13485
G1 X108.235 Y183.429 E1163.16873
G1 X106.974 Y181.669 E1163.24074
G1 X106.291 Y180.864 E1163.27586
G1 X104.874 Y179.278 E1163.3466
G1 X104.095 Y178.543 E1163.38222
G1 X102.523 Y177.123 E1163.45268
G1 X101.627 Y176.444 E1163.49007
G1 X99.972 Y175.249 E1163.55796
G1 F1233.9 X99.279 Y174.818 E1163.58436
G1 F1304.3 X98.848 Y174.557 E1163.59978
G1 F1379.3 X98.416 Y174.295 E1163.6144
G1 F1375.4 X97.953 Y174.04 E1163.62974
G1 F1263.2 X97.243 Y173.658 E1163.65521
G1 F1200 X96.182 Y173.164 E1163.69414
G1 X94.308 Y172.343 E1163.76219
G1 X93.231 Y171.979 E1163.8
G1 X91.246 Y171.353 E1163.86922
G1 X90.318 Y171.156 E1163.90078
G1 X88.15 Y170.717 E1163.97435
G1 X87.179 Y170.612 E1164.00683
G1 X84.981 Y170.411 E1164.08024
G1 X83.768 Y170.411 E1164.12059
G1 X81.801 Y170.445 E1164.18602
G1 X80.751 Y170.56 E1164.22115
G1 X78.642 Y170.821 E1164.29183
G1 X77.537 Y171.067 E1164.32949
G1 X75.56 Y171.532 E1164.39704
G1 X74.538 Y171.871 E1164.43285
G1 X72.528 Y172.58 E1164.50374
G1 X71.558 Y173.027 E1164.53926
G1 X69.641 Y173.941 E1164.6099
G1 X68.882 Y174.395 E1164.63931
G1 X66.931 Y175.6 E1164.71558
G1 X66.496 Y175.931 E1164.73376
G1 X64.406 Y177.547 E1164.82163
G1 X63.977 Y177.952 E1164.84126
G1 X62.104 Y179.749 E1164.92759
G1 X61.716 Y180.204 E1164.94748
G1 X60.053 Y182.183 E1165.03345
G1 X58.278 Y184.828 E1165.1394
G1 X56.798 Y187.647 E1165.24529
G1 X55.615 Y190.635 E1165.35218
G1 X54.779 Y193.679 E1165.45717
G1 X54.267 Y196.824 E1165.56315
G1 X54.162 Y198.791 E1165.62867
G1 F1269.8 X54.102 Y199.523 E1165.65175
G1 F1352.1 X54.075 Y199.985 E1165.66542
G1 F1293.8 X54.126 Y200.599 E1165.68442
G1 F1173.6 X54.177 Y201.214 E1165.70541
G1 F1159.4 X54.192 Y201.765 E1165.72438
G1 F1200 X54.268 Y203.176 E1165.77138
G1 X54.78 Y206.322 E1165.87739
G1 X55.618 Y209.366 E1165.9824
G1 X56.799 Y212.355 E1166.0893
G1 X58.279 Y215.173 E1166.19517
G1 X60.054 Y217.818 E1166.30111
G1 X60.941 Y218.877 E1166.34706
G1 X62.106 Y220.253 E1166.40702
G1 X63.571 Y221.665 E1166.4747
G1 X64.407 Y222.456 E1166.51298
G1 X65.542 Y223.338 E1166.56078
G1 X66.934 Y224.403 E1166.61908
G1 X68.673 Y225.476 E1166.68704
G1 X69.645 Y226.06 E1166.72476
G1 X71.086 Y226.747 E1166.77785
G1 X72.53 Y227.422 E1166.83087
G1 X74.392 Y228.08 E1166.89655
G1 X75.531 Y228.464 E1166.93653
G1 X76.735 Y228.747 E1166.97767
G1 X78.64 Y229.18 E1167.04264
G1 X80.665 Y229.431 E1167.11051
G1 X81.803 Y229.556 E1167.14859
G1 X83.803 Y229.587 E1167.21512
G1 X84.982 Y229.589 E1167.25433
G1 X86.959 Y229.411 E1167.32035
G1 X88.153 Y229.282 E1167.3603
G1 X90.163 Y228.878 E1167.42849
G1 X91.276 Y228.632 E1167.4664
G1 X92.966 Y228.104 E1167.52529
G1 X94.233 Y227.681 E1167.56971
G1 X95.905 Y226.958 E1167.6303
G1 X96.647 Y226.617 E1167.65746
G1 X97.204 Y226.362 E1167.67784
G1 F1246.8 X97.843 Y226.015 E1167.70112
G1 F1352.1 X98.418 Y225.707 E1167.72037
G1 F1359.8 X98.994 Y225.362 E1167.74008
G1 F1253.3 X99.536 Y225.016 E1167.76056
G1 F1200 X100.517 Y224.355 E1167.7999
G1 X101.505 Y223.641 E1167.84044
G1 X102.528 Y222.868 E1167.88309
G1 X104.02 Y221.525 E1167.94986
G1 X104.876 Y220.716 E1167.98903
G1 X106.191 Y219.251 E1168.05451
G1 X106.981 Y218.324 E1168.09502
G1 X108.111 Y216.749 E1168.15949
G1 X108.813 Y215.72 E1168.20092
G1 X109.748 Y214.066 E1168.26411
G1 X110.353 Y212.933 E1168.30683
G1 X111.159 Y211.074 E1168.37422
G1 X111.795 Y209.331 E1168.43594
G1 X112.235 Y208.046 E1168.48111
G1 X112.54 Y207.646 E1168.49784
G1 X112.918 Y207.406 E1168.51273
G1 X113.36 Y207.295 E1168.52789
G1 X122.884 Y207.305 E1168.84466
G1 X128.334 Y207.274 E1169.02593
G1 X128.334 Y202.532 E1169.18365
G1 X127.762 Y202.923 E1169.2067
G1 X127.462 Y203.075 E1169.21788
G1 X126.961 Y203.222 E1169.23525
G1 X126.229 Y203.309 E1169.25977
G1 X125.896 Y203.306 E1169.27084
G1 X125.369 Y203.197 E1169.28874
G1 X124.476 Y202.827 E1169.32089
G1 X124.018 Y202.477 E1169.34006
G1 X123.508 Y201.905 E1169.36555
G1 X123.314 Y201.619 E1169.37705
G1 X123.112 Y201.148 E1169.39409
G1 X122.902 Y200.25 E1169.42476
G1 X122.927 Y199.59 E1169.44673
G1 X123.153 Y198.71 E1169.47695
G1 X123.485 Y198.129 E1169.49921
G1 X123.992 Y197.547 E1169.52488
G1 X124.274 Y197.303 E1169.53728
G1 X124.724 Y197.053 E1169.5544
G1 X125.706 Y196.711 E1169.58899
G1 X126.198 Y196.688 E1169.60537
G1 X126.999 Y196.785 E1169.63221
G1 X127.325 Y196.87 E1169.64341
G1 X127.783 Y197.089 E1169.6603
G1 X128.334 Y197.487 E1169.68291
G1 X128.334 Y192.735 E1169.84096
G1 X113.471 Y192.715 E1170.3353
G1 X113.201 Y192.687 E1170.34433
G1 X112.781 Y192.531 E1170.35923
G1 X112.429 Y192.241 E1170.3744
M204 S3000
M205 X10 Y10
G0 F6000 X93.533 Y221.673
M204 S1800
M205 X8 Y8
G1 F1200 X93.683 Y221.152 E1170.39243
G1 X93.978 Y220.651 E1170.41177
G1 X94.39 Y220.185 E1170.43246
G1 X94.612 Y219.946 E1170.44331
G1 X95.094 Y219.621 E1170.46265
G1 X96.089 Y219.254 E1170.49792
G1 X96.64 Y219.203 E1170.51632
G1 X97.473 Y219.298 E1170.54421
G1 X97.979 Y219.448 E1170.56176
G1 X98.357 Y219.655 E1170.5761
G1 X99.008 Y220.115 E1170.60261
G1 X99.43 Y220.628 E1170.6247
G1 X99.807 Y221.337 E1170.65141
G1 X99.931 Y221.684 E1170.66367
G1 X100 Y222.154 E1170.67947
G1 X99.966 Y223.176 E1170.71348
G1 X99.815 Y223.675 E1170.73082
G1 X99.457 Y224.319 E1170.75532
G1 X99.257 Y224.655 E1170.76833
G1 F1250 X98.876 Y225.002 E1170.78478
G1 F1355.9 X98.237 Y225.42 E1170.80726
G1 F1371.4 X97.768 Y225.646 E1170.82241
G1 F1259.8 X97.046 Y225.788 E1170.84572
G1 F1200 X96.45 Y225.826 E1170.86558
G1 X95.907 Y225.725 E1170.88395
G1 X94.968 Y225.337 E1170.91775
G1 X94.519 Y224.993 E1170.93656
G1 X94.008 Y224.421 E1170.96207
G1 X93.737 Y223.989 E1170.97903
G1 X93.562 Y223.466 E1170.99738
G1 X93.414 Y222.843 E1171.01867
G1 X93.411 Y222.323 E1171.03597
G1 X93.533 Y221.673 E1171.05797
M204 S3000
M205 X10 Y10
G0 F6000 X62.054 Y219.88
M204 S1800
M205 X8 Y8
G1 F1200 X63.185 Y221.011 E1171.11116
G1 X63.255 Y221.081
M204 S3000
M205 X10 Y10
G0 F6000 X66.741 Y224.002
M204 S1800
M205 X8 Y8
G1 F1200 X59.758 Y217.018 E1171.43965
G1 X59.688 Y216.948
M204 S3000
M205 X10 Y10
G0 F6000 X58.605 Y215.3
M204 S1800
M205 X8 Y8
G1 F1200 X68.341 Y225.036 E1171.8976
G1 X68.411 Y225.106
M204 S3000
M205 X10 Y10
G0 F6000 X69.713 Y225.842
M204 S1800
M205 X8 Y8
G1 F1200 X57.908 Y214.037 E1172.45287
G1 X57.838 Y213.967
M204 S3000
M205 X10 Y10
G0 F6000 X57.282 Y212.846
M204 S1800
M205 X8 Y8
G1 F1200 X70.841 Y226.404 E1173.09062
G1 X70.911 Y226.474
M204 S3000
M205 X10 Y10
G0 F6000 X71.91 Y226.908
M204 S1800
M205 X8 Y8
G1 F1200 X56.789 Y211.786 E1173.80189
G1 X56.719 Y211.716
M204 S3000
M205 X10 Y10
G0 F6000 X56.42 Y210.852
M204 S1800
M205 X8 Y8
G1 F1200 X72.911 Y227.344 E1174.5776
G1 X72.981 Y227.414
M204 S3000
M205 X10 Y10
G0 F6000 X73.786 Y227.653
M204 S1800
M205 X8 Y8
G1 F1200 X56.05 Y209.916 E1175.41187
G1 X55.98 Y209.846
M204 S3000
M205 X10 Y10
G0 F6000 X55.734 Y209.034
M204 S1800
M205 X8 Y8
G1 F1200 X74.654 Y227.955 E1176.30183
G1 X74.724 Y228.025
M204 S3000
M205 X10 Y10
G0 F6000 X75.509 Y228.244
M204 S1800
M205 X8 Y8
G1 F1200 X55.519 Y208.254 E1177.2421
G1 X55.449 Y208.184
M204 S3000
M205 X10 Y10
G0 F6000 X55.304 Y207.474
M204 S1800
M205 X8 Y8
G1 F1200 X76.255 Y228.424 E1178.22755
M204 S3000
M205 X10 Y10
G0 F6000 X76.989 Y228.593
M204 S1800
M205 X8 Y8
G1 F1200 X55.089 Y206.693 E1179.25766
M204 S3000
M205 X10 Y10
G0 F6000 X54.924 Y205.962
M204 S1800
M205 X8 Y8
G1 F1200 X77.725 Y228.763 E1180.33014
M204 S3000
M205 X10 Y10
G0 F6000 X78.459 Y228.932
M204 S1800
M205 X8 Y8
G1 F1200 X54.815 Y205.287 E1181.44231
M204 S3000
M205 X10 Y10
G0 F6000 X54.706 Y204.612
M204 S1800
M205 X8 Y8
G1 F1200 X79.131 Y229.038 E1182.59121
M204 S3000
M205 X10 Y10
G0 F6000 X79.777 Y229.118
M204 S1800
M205 X8 Y8
G1 F1200 X54.596 Y203.937 E1183.77565
M204 S3000
M205 X10 Y10
G0 F6000 X54.487 Y203.262
M204 S1800
M205 X8 Y8
G1 F1200 X80.423 Y229.198 E1184.9956
M204 S3000
M205 X10 Y10
G0 F6000 X81.061 Y229.27
M204 S1800
M205 X8 Y8
G1 F1200 X54.439 Y202.649 E1186.24779
M204 S3000
M205 X10 Y10
G0 F6000 X54.407 Y202.051
M204 S1800
M205 X8 Y8
G1 F1200 X81.697 Y229.341 E1187.53143
M204 S3000
M205 X10 Y10
G0 F6000 X82.283 Y229.362
M204 S1800
M205 X8 Y8
G1 F1200 X55.954 Y203.032 E1188.76989
G1 X55.884 Y202.962
M204 S3000
M205 X10 Y10
G0 F6000 X56.889 Y203.402
M204 S1800
M205 X8 Y8
G1 F1200 X82.858 Y229.371 E1189.99139
M204 S3000
M205 X10 Y10
G0 F6000 X83.434 Y229.381
M204 S1800
M205 X8 Y8
G1 F1200 X57.547 Y203.494 E1191.20903
M204 S3000
M205 X10 Y10
G0 F6000 X58.071 Y203.453
M204 S1800
M205 X8 Y8
G1 F1200 X84.002 Y229.383 E1192.42873
M204 S3000
M205 X10 Y10
G0 F6000 X84.57 Y229.386
M204 S1800
M205 X8 Y8
G1 F1200 X58.575 Y203.39 E1193.65147
M204 S3000
M205 X10 Y10
G0 F6000 X59.008 Y203.257
M204 S1800
M205 X8 Y8
G1 F1200 X85.124 Y229.374 E1194.87991
M204 S3000
M205 X10 Y10
G0 F6000 X85.643 Y229.327
M204 S1800
M205 X8 Y8
G1 F1200 X59.378 Y203.062 E1196.11534
M204 S3000
M205 X10 Y10
G0 F6000 X59.726 Y202.844
M204 S1800
M205 X8 Y8
G1 F1200 X86.163 Y229.281 E1197.35886
M204 S3000
M205 X10 Y10
G0 F6000 X86.682 Y229.234
M204 S1800
M205 X8 Y8
G1 F1200 X60.059 Y202.612 E1198.6111
M204 S3000
M205 X10 Y10
G0 F6000 X60.334 Y202.321
M204 S1800
M205 X8 Y8
G1 F1200 X87.194 Y229.181 E1199.87451
M204 S3000
M205 X10 Y10
G0 F6000 X87.705 Y229.127
M204 S1800
M205 X8 Y8
G1 F1200 X60.583 Y202.004 E1201.15027
M204 S3000
M205 X10 Y10
G0 F6000 X60.784 Y201.639
M204 S1800
M205 X8 Y8
G1 F1200 X88.209 Y229.065 E1202.44028
M204 S3000
M205 X10 Y10
G0 F6000 X88.681 Y228.971
M204 S1800
M205 X8 Y8
G1 F1200 X60.983 Y201.272 E1203.74313
M204 S3000
M205 X10 Y10
G0 F6000 X61.116 Y200.84
M204 S1800
M205 X8 Y8
G1 F1200 X89.152 Y228.876 E1205.06186
M204 S3000
M205 X10 Y10
G0 F6000 X89.623 Y228.782
M204 S1800
M205 X8 Y8
G1 F1200 X61.188 Y200.346 E1206.39938
M204 S3000
M205 X10 Y10
G0 F6000 X61.188 Y199.781
M204 S1800
M205 X8 Y8
G1 F1200 X90.093 Y228.686 E1207.75898
M204 S3000
M205 X10 Y10
G0 F6000 X90.557 Y228.584
M204 S1800
M205 X8 Y8
G1 F1200 X61.11 Y199.138 E1209.14405
G1 X61.04 Y199.068
M204 S3000
M205 X10 Y10
G0 F6000 X60.666 Y198.128
M204 S1800
M205 X8 Y8
G1 F1200 X91.02 Y228.482 E1210.57181
M204 S3000
M205 X10 Y10
G0 F6000 X91.465 Y228.361
M204 S1800
M205 X8 Y8
G1 F1200 X55.373 Y192.269 E1212.26947
M204 S3000
M205 X10 Y10
G0 F6000 X55.251 Y192.712
M204 S1800
M205 X8 Y8
G1 F1200 X59.611 Y197.073 E1212.47457
G1 X59.681 Y197.143
M204 S3000
M205 X10 Y10
G0 F6000 X58.571 Y196.598
M204 S1800
M205 X8 Y8
G1 F1200 X55.129 Y193.156 E1212.63647
M204 S3000
M205 X10 Y10
G0 F6000 X55.007 Y193.6
M204 S1800
M205 X8 Y8
G1 F1200 X57.919 Y196.512 E1212.77345
M204 S3000
M205 X10 Y10
G0 F6000 X57.342 Y196.501
M204 S1800
M205 X8 Y8
G1 F1200 X54.917 Y194.076 E1212.88751
M204 S3000
M205 X10 Y10
G0 F6000 X54.838 Y194.562
M204 S1800
M205 X8 Y8
G1 F1200 X56.874 Y196.599 E1212.9833
M204 S3000
M205 X10 Y10
G0 F6000 X56.462 Y196.752
M204 S1800
M205 X8 Y8
G1 F1200 X54.759 Y195.049 E1213.06341
M204 S3000
M205 X10 Y10
G0 F6000 X54.679 Y195.535
M204 S1800
M205 X8 Y8
G1 F1200 X56.056 Y196.912 E1213.12818
M204 S3000
M205 X10 Y10
G0 F6000 X55.7 Y197.122
M204 S1800
M205 X8 Y8
G1 F1200 X54.6 Y196.022 E1213.17992
M204 S3000
M205 X10 Y10
G0 F6000 X54.521 Y196.508
M204 S1800
M205 X8 Y8
G1 F1200 X55.386 Y197.374 E1213.22063
M204 S3000
M205 X10 Y10
G0 F6000 X55.116 Y197.669
M204 S1800
M205 X8 Y8
G1 F1200 X54.46 Y197.013 E1213.25148
M204 S3000
M205 X10 Y10
G0 F6000 X54.43 Y197.549
M204 S1800
M205 X8 Y8
G1 F1200 X54.852 Y197.97 E1213.27131
M204 S3000
M205 X10 Y10
G0 F6000 X54.629 Y198.313
M204 S1800
M205 X8 Y8
G1 F1200 X54.401 Y198.086 E1213.28201
M204 S3000
M205 X10 Y10
G0 F6000 X54.372 Y198.622
M204 S1800
M205 X8 Y8
G1 F1200 X54.452 Y198.702 E1213.28577
M204 S3000
M205 X10 Y10
G0 F6000 X54.391 Y201.469
M204 S1800
M205 X8 Y8
G1 F1200 X54.653 Y201.731 E1213.2981
M204 S3000
M205 X10 Y10
G0 F6000 X55.495 Y191.825
M204 S1800
M205 X8 Y8
G1 F1200 X91.897 Y228.227 E1215.01033
M204 S3000
M205 X10 Y10
G0 F6000 X92.328 Y228.092
M204 S1800
M205 X8 Y8
G1 F1200 X55.616 Y191.381 E1216.73713
M204 S3000
M205 X10 Y10
G0 F6000 X55.738 Y190.937
M204 S1800
M205 X8 Y8
G1 F1200 X92.758 Y227.957 E1218.47844
M204 S3000
M205 X10 Y10
G0 F6000 X93.186 Y227.819
M204 S1800
M205 X8 Y8
G1 F1200 X55.877 Y190.51 E1220.23334
M204 S3000
M205 X10 Y10
G0 F6000 X56.038 Y190.105
M204 S1800
M205 X8 Y8
G1 F1200 X93.61 Y227.677 E1222.00061
M204 S3000
M205 X10 Y10
G0 F6000 X94.034 Y227.536
M204 S1800
M205 X8 Y8
G1 F1200 X56.198 Y189.7 E1223.7803
M204 S3000
M205 X10 Y10
G0 F6000 X56.359 Y189.295
M204 S1800
M205 X8 Y8
G1 F1200 X94.434 Y227.37 E1225.57123
M204 S3000
M205 X10 Y10
G0 F6000 X94.83 Y227.201
M204 S1800
M205 X8 Y8
G1 F1200 X56.519 Y188.89 E1227.37326
M204 S3000
M205 X10 Y10
G0 F6000 X56.68 Y188.484
M204 S1800
M205 X8 Y8
G1 F1200 X95.226 Y227.03 E1229.18635
M204 S3000
M205 X10 Y10
G0 F6000 X95.622 Y226.861
M204 S1800
M205 X8 Y8
G1 F1200 X56.84 Y188.079 E1231.01054
M204 S3000
M205 X10 Y10
G0 F6000 X57.006 Y187.679
M204 S1800
M205 X8 Y8
G1 F1200 X93.804 Y224.478 E1232.74142
G1 X93.874 Y224.548
M204 S3000
M205 X10 Y10
G0 F6000 X93.355 Y223.463
M204 S1800
M205 X8 Y8
G1 F1200 X57.2 Y187.308 E1234.44204
M204 S3000
M205 X10 Y10
G0 F6000 X57.395 Y186.937
M204 S1800
M205 X8 Y8
G1 F1200 X93.209 Y222.751 E1236.12663
M204 S3000
M205 X10 Y10
G0 F6000 X93.212 Y222.189
M204 S1800
M205 X8 Y8
G1 F1200 X78.274 Y207.25 E1236.82929
G1 X78.204 Y207.18
M204 S3000
M205 X10 Y10
G0 F6000 X79.768 Y208.178
M204 S1800
M205 X8 Y8
G1 F1200 X93.316 Y221.726 E1237.46654
M204 S3000
M205 X10 Y10
G0 F6000 X93.439 Y221.284
M204 S1800
M205 X8 Y8
G1 F1200 X80.649 Y208.494 E1238.06815
G1 X80.579 Y208.424
M204 S3000
M205 X10 Y10
G0 F6000 X81.516 Y208.795
M204 S1800
M205 X8 Y8
G1 F1200 X93.606 Y220.885 E1238.63682
M204 S3000
M205 X10 Y10
G0 F6000 X93.817 Y220.531
M204 S1800
M205 X8 Y8
G1 F1200 X82.206 Y208.919 E1239.18299
M204 S3000
M205 X10 Y10
G0 F6000 X82.839 Y208.987
M204 S1800
M205 X8 Y8
G1 F1200 X94.084 Y220.231 E1239.7119
M204 S3000
M205 X10 Y10
G0 F6000 X94.35 Y219.932
M204 S1800
M205 X8 Y8
G1 F1200 X83.473 Y209.055 E1240.22352
M204 S3000
M205 X10 Y10
G0 F6000 X84.029 Y209.046
M204 S1800
M205 X8 Y8
G1 F1200 X94.658 Y219.674 E1240.72345
M204 S3000
M205 X10 Y10
G0 F6000 X95.006 Y219.456
M204 S1800
M205 X8 Y8
G1 F1200 X84.543 Y208.993 E1241.2156
M204 S3000
M205 X10 Y10
G0 F6000 X85.051 Y208.936
M204 S1800
M205 X8 Y8
G1 F1200 X95.406 Y219.291 E1241.70267
M204 S3000
M205 X10 Y10
G0 F6000 X95.825 Y219.145
M204 S1800
M205 X8 Y8
G1 F1200 X85.557 Y208.877 E1242.18564
M204 S3000
M205 X10 Y10
G0 F6000 X86.003 Y208.757
M204 S1800
M205 X8 Y8
G1 F1200 X96.278 Y219.032 E1242.66895
M204 S3000
M205 X10 Y10
G0 F6000 X96.832 Y219.02
M204 S1800
M205 X8 Y8
G1 F1200 X86.426 Y208.614 E1243.15841
M204 S3000
M205 X10 Y10
G0 F6000 X86.848 Y208.471
M204 S1800
M205 X8 Y8
G1 F1200 X97.471 Y219.094 E1243.65809
G1 X97.541 Y219.164
M204 S3000
M205 X10 Y10
G0 F6000 X98.391 Y219.447
M204 S1800
M205 X8 Y8
G1 F1200 X87.265 Y208.322 E1244.18139
M204 S3000
M205 X10 Y10
G0 F6000 X87.673 Y208.164
M204 S1800
M205 X8 Y8
G1 F1200 X102.297 Y222.788 E1244.86926
M204 S3000
M205 X10 Y10
G0 F6000 X102.6 Y222.525
M204 S1800
M205 X8 Y8
G1 F1200 X88.024 Y207.95 E1245.55485
M204 S3000
M205 X10 Y10
G0 F6000 X88.377 Y207.736
M204 S1800
M205 X8 Y8
G1 F1200 X102.899 Y222.259 E1246.23794
M204 S3000
M205 X10 Y10
G0 F6000 X103.197 Y221.991
M204 S1800
M205 X8 Y8
G1 F1200 X88.724 Y207.518 E1246.91871
M204 S3000
M205 X10 Y10
G0 F6000 X89.068 Y207.296
M204 S1800
M205 X8 Y8
G1 F1200 X103.496 Y221.724 E1247.59736
M204 S3000
M205 X10 Y10
G0 F6000 X103.795 Y221.458
M204 S1800
M205 X8 Y8
G1 F1200 X89.406 Y207.069 E1248.27417
M204 S3000
M205 X10 Y10
G0 F6000 X89.691 Y206.788
M204 S1800
M205 X8 Y8
G1 F1200 X104.087 Y221.184 E1248.95132
M204 S3000
M205 X10 Y10
G0 F6000 X104.378 Y220.91
M204 S1800
M205 X8 Y8
G1 F1200 X89.976 Y206.507 E1249.62877
M204 S3000
M205 X10 Y10
G0 F6000 X90.26 Y206.225
M204 S1800
M205 X8 Y8
G1 F1200 X104.669 Y220.634 E1250.30652
M204 S3000
M205 X10 Y10
G0 F6000 X104.943 Y220.342
M204 S1800
M205 X8 Y8
G1 F1200 X90.541 Y205.941 E1250.98392
M204 S3000
M205 X10 Y10
G0 F6000 X90.813 Y205.647
M204 S1800
M205 X8 Y8
G1 F1200 X105.21 Y220.044 E1251.66111
M204 S3000
M205 X10 Y10
G0 F6000 X105.477 Y219.746
M204 S1800
M205 X8 Y8
G1 F1200 X91.036 Y205.304 E1252.3404
M204 S3000
M205 X10 Y10
G0 F6000 X91.258 Y204.961
M204 S1800
M205 X8 Y8
G1 F1200 X105.745 Y219.448 E1253.02182
M204 S3000
M205 X10 Y10
G0 F6000 X106.012 Y219.149
M204 S1800
M205 X8 Y8
G1 F1200 X91.479 Y204.616 E1253.70541
M204 S3000
M205 X10 Y10
G0 F6000 X91.695 Y204.266
M204 S1800
M205 X8 Y8
G1 F1200 X106.273 Y218.844 E1254.39111
M204 S3000
M205 X10 Y10
G0 F6000 X106.533 Y218.539
M204 S1800
M205 X8 Y8
G1 F1200 X91.905 Y203.911 E1255.07917
M204 S3000
M205 X10 Y10
G0 F6000 X92.058 Y203.498
M204 S1800
M205 X8 Y8
G1 F1200 X106.794 Y218.234 E1255.77231
M204 S3000
M205 X10 Y10
G0 F6000 X107.033 Y217.907
M204 S1800
M205 X8 Y8
G1 F1200 X92.203 Y203.077 E1256.46986
M204 S3000
M205 X10 Y10
G0 F6000 X92.348 Y202.656
M204 S1800
M205 X8 Y8
G1 F1200 X107.269 Y217.578 E1257.17173
M204 S3000
M205 X10 Y10
G0 F6000 X107.505 Y217.248
M204 S1800
M205 X8 Y8
G1 F1200 X92.493 Y202.236 E1257.87784
M204 S3000
M205 X10 Y10
G0 F6000 X92.603 Y201.78
M204 S1800
M205 X8 Y8
G1 F1200 X107.741 Y216.918 E1258.58989
M204 S3000
M205 X10 Y10
G0 F6000 X107.975 Y216.586
M204 S1800
M205 X8 Y8
G1 F1200 X92.659 Y201.271 E1259.31028
M204 S3000
M205 X10 Y10
G0 F6000 X92.717 Y200.763
M204 S1800
M205 X8 Y8
G1 F1200 X108.205 Y216.251 E1260.03879
M204 S3000
M205 X10 Y10
G0 F6000 X108.436 Y215.916
M204 S1800
M205 X8 Y8
G1 F1200 X92.773 Y200.254 E1260.77551
M204 S3000
M205 X10 Y10
G0 F6000 X92.753 Y199.667
M204 S1800
M205 X8 Y8
G1 F1200 X108.663 Y215.578 E1261.52389
M204 S3000
M205 X10 Y10
G0 F6000 X108.867 Y215.216
M204 S1800
M205 X8 Y8
G1 F1200 X92.694 Y199.043 E1262.28462
M204 S3000
M205 X10 Y10
G0 F6000 X92.62 Y198.403
M204 S1800
M205 X8 Y8
G1 F1200 X109.071 Y214.855 E1263.05845
M204 S3000
M205 X10 Y10
G0 F6000 X109.276 Y214.493
M204 S1800
M205 X8 Y8
G1 F1200 X92.464 Y197.682 E1263.84921
G1 X92.394 Y197.612
M204 S3000
M205 X10 Y10
G0 F6000 X92.172 Y196.824
M204 S1800
M205 X8 Y8
G1 F1200 X109.479 Y214.131 E1264.66328
M204 S3000
M205 X10 Y10
G0 F6000 X109.678 Y213.764
M204 S1800
M205 X8 Y8
G1 F1200 X91.764 Y195.85 E1265.50589
G1 X91.694 Y195.78
M204 S3000
M205 X10 Y10
G0 F6000 X90.443 Y193.963
M204 S1800
M205 X8 Y8
G1 F1200 X109.876 Y213.397 E1266.41999
M204 S3000
M205 X10 Y10
G0 F6000 X110.074 Y213.029
M204 S1800
M205 X8 Y8
G1 F1200 X70.702 Y173.656 E1268.27195
M204 S3000
M205 X10 Y10
G0 F6000 X71.085 Y173.474
M204 S1800
M205 X8 Y8
G1 F1200 X110.259 Y212.648 E1270.11457
M204 S3000
M205 X10 Y10
G0 F6000 X110.43 Y212.253
M204 S1800
M205 X8 Y8
G1 F1200 X71.468 Y173.292 E1271.9472
M204 S3000
M205 X10 Y10
G0 F6000 X71.853 Y173.111
M204 S1800
M205 X8 Y8
G1 F1200 X110.601 Y211.859 E1273.76979
M204 S3000
M205 X10 Y10
G0 F6000 X110.772 Y211.464
M204 S1800
M205 X8 Y8
G1 F1200 X72.24 Y172.932 E1275.58222
M204 S3000
M205 X10 Y10
G0 F6000 X72.63 Y172.756
M204 S1800
M205 X8 Y8
G1 F1200 X110.943 Y211.069 E1277.38434
M204 S3000
M205 X10 Y10
G0 F6000 X111.097 Y210.658
M204 S1800
M205 X8 Y8
G1 F1200 X73.049 Y172.609 E1279.17403
M204 S3000
M205 X10 Y10
G0 F6000 X73.467 Y172.462
M204 S1800
M205 X8 Y8
G1 F1200 X111.249 Y210.244 E1280.95118
M204 S3000
M205 X10 Y10
G0 F6000 X111.4 Y209.829
M204 S1800
M205 X8 Y8
G1 F1200 X73.886 Y172.315 E1282.71572
M204 S3000
M205 X10 Y10
G0 F6000 X74.305 Y172.169
M204 S1800
M205 X8 Y8
G1 F1200 X111.551 Y209.415 E1284.46766
M204 S3000
M205 X10 Y10
G0 F6000 X111.697 Y208.995
M204 S1800
M205 X8 Y8
G1 F1200 X74.724 Y172.022 E1286.20676
M204 S3000
M205 X10 Y10
G0 F6000 X75.147 Y171.879
M204 S1800
M205 X8 Y8
G1 F1200 X111.843 Y208.575 E1287.93282
M204 S3000
M205 X10 Y10
G0 F6000 X111.992 Y208.159
M204 S1800
M205 X8 Y8
G1 F1200 X75.572 Y171.738 E1289.64593
M204 S3000
M205 X10 Y10
G0 F6000 X76.026 Y171.627
M204 S1800
M205 X8 Y8
G1 F1200 X112.179 Y207.78 E1291.34646
M204 S3000
M205 X10 Y10
G0 F6000 X112.439 Y207.475
M204 S1800
M205 X8 Y8
G1 F1200 X76.484 Y171.52 E1293.03767
M204 S3000
M205 X10 Y10
G0 F6000 X76.942 Y171.411
M204 S1800
M205 X8 Y8
G1 F1200 X112.784 Y207.253 E1294.72357
M204 S3000
M205 X10 Y10
G0 F6000 X113.217 Y207.121
M204 S1800
M205 X8 Y8
G1 F1200 X77.4 Y171.304 E1296.40829
M204 S3000
M205 X10 Y10
G0 F6000 X77.86 Y171.198
M204 S1800
M205 X8 Y8
G1 F1200 X113.757 Y207.095 E1298.09678
M204 S3000
M205 X10 Y10
G0 F6000 X114.323 Y207.096
M204 S1800
M205 X8 Y8
G1 F1200 X78.323 Y171.095 E1299.79013
M204 S3000
M205 X10 Y10
G0 F6000 X78.796 Y171.003
M204 S1800
M205 X8 Y8
G1 F1200 X114.89 Y207.096 E1301.48786
M204 S3000
M205 X10 Y10
G0 F6000 X115.456 Y207.097
M204 S1800
M205 X8 Y8
G1 F1200 X79.3 Y170.941 E1303.18852
M204 S3000
M205 X10 Y10
G0 F6000 X79.805 Y170.88
M204 S1800
M205 X8 Y8
G1 F1200 X116.022 Y207.097 E1304.89206
M204 S3000
M205 X10 Y10
G0 F6000 X116.588 Y207.098
M204 S1800
M205 X8 Y8
G1 F1200 X80.309 Y170.819 E1306.59851
M204 S3000
M205 X10 Y10
G0 F6000 X80.813 Y170.757
M204 S1800
M205 X8 Y8
G1 F1200 X117.154 Y207.098 E1308.30788
M204 S3000
M205 X10 Y10
G0 F6000 X117.721 Y207.099
M204 S1800
M205 X8 Y8
G1 F1200 X81.32 Y170.698 E1310.02007
M204 S3000
M205 X10 Y10
G0 F6000 X81.832 Y170.644
M204 S1800
M205 X8 Y8
G1 F1200 X118.287 Y207.1 E1311.73483
M204 S3000
M205 X10 Y10
G0 F6000 X118.853 Y207.1
M204 S1800
M205 X8 Y8
G1 F1200 X82.388 Y170.635 E1313.45003
M204 S3000
M205 X10 Y10
G0 F6000 X82.945 Y170.626
M204 S1800
M205 X8 Y8
G1 F1200 X119.419 Y207.1 E1315.16566
M204 S3000
M205 X10 Y10
G0 F6000 X119.986 Y207.101
M204 S1800
M205 X8 Y8
G1 F1200 X83.501 Y170.617 E1316.88177
M204 S3000
M205 X10 Y10
G0 F6000 X84.06 Y170.61
M204 S1800
M205 X8 Y8
G1 F1200 X120.552 Y207.102 E1318.59825
M204 S3000
M205 X10 Y10
G0 F6000 X121.118 Y207.103
M204 S1800
M205 X8 Y8
G1 F1200 X84.625 Y170.61 E1320.31476
M204 S3000
M205 X10 Y10
G0 F6000 X85.214 Y170.632
M204 S1800
M205 X8 Y8
G1 F1200 X93.502 Y178.921 E1320.70463
G1 X93.572 Y178.991
M204 S3000
M205 X10 Y10
G0 F6000 X93.293 Y178.146
M204 S1800
M205 X8 Y8
G1 F1200 X85.837 Y170.69 E1321.05534
M204 S3000
M205 X10 Y10
G0 F6000 X86.461 Y170.748
M204 S1800
M205 X8 Y8
G1 F1200 X93.21 Y177.497 E1321.37279
M204 S3000
M205 X10 Y10
G0 F6000 X93.248 Y176.969
M204 S1800
M205 X8 Y8
G1 F1200 X87.085 Y170.806 E1321.66268
M204 S3000
M205 X10 Y10
G0 F6000 X87.714 Y170.87
M204 S1800
M205 X8 Y8
G1 F1200 X93.362 Y176.518 E1321.92834
M204 S3000
M205 X10 Y10
G0 F6000 X93.5 Y176.09
M204 S1800
M205 X8 Y8
G1 F1200 X88.376 Y170.966 E1322.16936
M204 S3000
M205 X10 Y10
G0 F6000 X89.085 Y171.109
M204 S1800
M205 X8 Y8
G1 F1200 X93.682 Y175.706 E1322.38559
M204 S3000
M205 X10 Y10
G0 F6000 X93.925 Y175.384
M204 S1800
M205 X8 Y8
G1 F1200 X89.794 Y171.253 E1322.5799
M204 S3000
M205 X10 Y10
G0 F6000 X90.506 Y171.399
M204 S1800
M205 X8 Y8
G1 F1200 X94.192 Y175.085 E1322.75328
M204 S3000
M205 X10 Y10
G0 F6000 X94.471 Y174.798
M204 S1800
M205 X8 Y8
G1 F1200 X91.23 Y171.557 E1322.90572
G1 X91.16 Y171.487
M204 S3000
M205 X10 Y10
G0 F6000 X92.057 Y171.819
M204 S1800
M205 X8 Y8
G1 F1200 X94.792 Y174.554 E1323.03437
M204 S3000
M205 X10 Y10
G0 F6000 X95.151 Y174.347
M204 S1800
M205 X8 Y8
G1 F1200 X92.884 Y172.08 E1323.141
G1 X92.814 Y172.01
M204 S3000
M205 X10 Y10
G0 F6000 X93.73 Y172.36
M204 S1800
M205 X8 Y8
G1 F1200 X95.568 Y174.198 E1323.22746
M204 S3000
M205 X10 Y10
G0 F6000 X95.986 Y174.05
M204 S1800
M205 X8 Y8
G1 F1200 X94.643 Y172.708 E1323.2906
G1 X94.573 Y172.638
M204 S3000
M205 X10 Y10
G0 F6000 X95.65 Y173.149
M204 S1800
M205 X8 Y8
G1 F1200 X96.474 Y173.973 E1323.32936
M204 S3000
M205 X10 Y10
G0 F6000 X96.684 Y173.617
M204 S1800
M205 X8 Y8
G1 F1200 X97.083 Y174.016 E1323.34813
M204 S3000
M205 X10 Y10
G0 F6000 X99.167 Y174.969
M204 S1800
M205 X8 Y8
G1 F1200 X108.717 Y184.519 E1323.79733
G1 X108.787 Y184.589
M204 S3000
M205 X10 Y10
G0 F6000 X109.444 Y185.812
M204 S1800
M205 X8 Y8
G1 F1200 X100.052 Y176.42 E1324.2391
M204 S3000
M205 X10 Y10
G0 F6000 X100.187 Y177.12
M204 S1800
M205 X8 Y8
G1 F1200 X110.124 Y187.057 E1324.70651
G1 X110.194 Y187.127
M204 S3000
M205 X10 Y10
G0 F6000 X110.565 Y188.064
M204 S1800
M205 X8 Y8
G1 F1200 X100.185 Y177.683 E1325.19478
M204 S3000
M205 X10 Y10
G0 F6000 X100.149 Y178.214
M204 S1800
M205 X8 Y8
G1 F1200 X110.99 Y189.054 E1325.70468
G1 X111.06 Y189.124
M204 S3000
M205 X10 Y10
G0 F6000 X111.379 Y190.009
M204 S1800
M205 X8 Y8
G1 F1200 X100.013 Y178.643 E1326.2393
M204 S3000
M205 X10 Y10
G0 F6000 X99.83 Y179.026
M204 S1800
M205 X8 Y8
G1 F1200 X111.658 Y190.854 E1326.79565
G1 X111.728 Y190.924
M204 S3000
M205 X10 Y10
G0 F6000 X111.931 Y191.693
M204 S1800
M205 X8 Y8
G1 F1200 X99.624 Y179.386 E1327.37454
M204 S3000
M205 X10 Y10
G0 F6000 X99.412 Y179.739
M204 S1800
M205 X8 Y8
G1 F1200 X126.753 Y207.081 E1328.6606
M204 S3000
M205 X10 Y10
G0 F6000 X126.19 Y207.083
M204 S1800
M205 X8 Y8
G1 F1200 X99.127 Y180.02 E1329.93356
M204 S3000
M205 X10 Y10
G0 F6000 X98.806 Y180.264
M204 S1800
M205 X8 Y8
G1 F1200 X125.628 Y207.086 E1331.19518
M204 S3000
M205 X10 Y10
G0 F6000 X125.065 Y207.089
M204 S1800
M205 X8 Y8
G1 F1200 X98.461 Y180.485 E1332.44655
M204 S3000
M205 X10 Y10
G0 F6000 X98.116 Y180.706
M204 S1800
M205 X8 Y8
G1 F1200 X124.502 Y207.092 E1333.68767
M204 S3000
M205 X10 Y10
G0 F6000 X123.94 Y207.096
M204 S1800
M205 X8 Y8
G1 F1200 X97.699 Y180.855 E1334.92197
M204 S3000
M205 X10 Y10
G0 F6000 X97.21 Y180.932
M204 S1800
M205 X8 Y8
G1 F1200 X123.377 Y207.098 E1336.15276
M204 S3000
M205 X10 Y10
G0 F6000 X122.814 Y207.101
M204 S1800
M205 X8 Y8
G1 F1200 X96.702 Y180.989 E1337.38099
M204 S3000
M205 X10 Y10
G0 F6000 X96.075 Y180.928
M204 S1800
M205 X8 Y8
G1 F1200 X122.25 Y207.103 E1338.61218
M204 S3000
M205 X10 Y10
G0 F6000 X121.685 Y207.103
M204 S1800
M205 X8 Y8
G1 F1200 X95.214 Y180.632 E1339.85729
G1 X95.144 Y180.562
M204 S3000
M205 X10 Y10
G0 F6000 X97.636 Y179.92
G0 X98.559 Y179.284
G0 X101.003 Y176.239
M204 S1800
M205 X8 Y8
G1 F1200 X107.467 Y182.703 E1340.16134
G1 X107.537 Y182.773
M204 S3000
M205 X10 Y10
G0 F6000 X113.093 Y192.854
M204 S1800
M205 X8 Y8
G1 F1200 X127.316 Y207.078 E1340.83037
M204 S3000
M205 X10 Y10
G0 F6000 X127.878 Y207.074
M204 S1800
M205 X8 Y8
G1 F1200 X113.719 Y192.914 E1341.49639
M204 S3000
M205 X10 Y10
G0 F6000 X114.285 Y192.915
M204 S1800
M205 X8 Y8
G1 F1200 X123.258 Y201.888 E1341.91845
G1 X123.328 Y201.958
M204 S3000
M205 X10 Y10
G0 F6000 X122.857 Y200.922
M204 S1800
M205 X8 Y8
G1 F1200 X114.851 Y192.916 E1342.29503
M204 S3000
M205 X10 Y10
G0 F6000 X115.418 Y192.917
M204 S1800
M205 X8 Y8
G1 F1200 X122.702 Y200.201 E1342.63765
M204 S3000
M205 X10 Y10
G0 F6000 X122.731 Y199.664
M204 S1800
M205 X8 Y8
G1 F1200 X115.984 Y192.917 E1342.95501
M204 S3000
M205 X10 Y10
G0 F6000 X116.551 Y192.919
M204 S1800
M205 X8 Y8
G1 F1200 X122.827 Y199.194 E1343.25019
M204 S3000
M205 X10 Y10
G0 F6000 X122.948 Y198.75
M204 S1800
M205 X8 Y8
G1 F1200 X117.118 Y192.919 E1343.52443
M204 S3000
M205 X10 Y10
G0 F6000 X117.684 Y192.92
M204 S1800
M205 X8 Y8
G1 F1200 X123.121 Y198.357 E1343.78017
M204 S3000
M205 X10 Y10
G0 F6000 X123.333 Y198.004
M204 S1800
M205 X8 Y8
G1 F1200 X118.25 Y192.921 E1344.01926
M204 S3000
M205 X10 Y10
G0 F6000 X118.817 Y192.922
M204 S1800
M205 X8 Y8
G1 F1200 X123.593 Y197.697 E1344.24389
M204 S3000
M205 X10 Y10
G0 F6000 X123.859 Y197.398
M204 S1800
M205 X8 Y8
G1 F1200 X119.383 Y192.922 E1344.45443
M204 S3000
M205 X10 Y10
G0 F6000 X119.95 Y192.923
M204 S1800
M205 X8 Y8
G1 F1200 X124.163 Y197.137 E1344.65262
M204 S3000
M205 X10 Y10
G0 F6000 X124.527 Y196.934
M204 S1800
M205 X8 Y8
G1 F1200 X120.516 Y192.924 E1344.84126
M204 S3000
M205 X10 Y10
G0 F6000 X121.083 Y192.925
M204 S1800
M205 X8 Y8
G1 F1200 X124.927 Y196.769 E1345.02207
M204 S3000
M205 X10 Y10
G0 F6000 X125.346 Y196.623
M204 S1800
M205 X8 Y8
G1 F1200 X121.649 Y192.926 E1345.19596
M204 S3000
M205 X10 Y10
G0 F6000 X122.216 Y192.927
M204 S1800
M205 X8 Y8
G1 F1200 X125.799 Y196.509 E1345.36447
M204 S3000
M205 X10 Y10
G0 F6000 X126.363 Y196.508
M204 S1800
M205 X8 Y8
G1 F1200 X122.782 Y192.927 E1345.53291
M204 S3000
M205 X10 Y10
G0 F6000 X123.349 Y192.928
M204 S1800
M205 X8 Y8
G1 F1200 X127.002 Y196.582 E1345.70476
G1 X127.072 Y196.652
M204 S3000
M205 X10 Y10
G0 F6000 X127.963 Y196.977
M204 S1800
M205 X8 Y8
G1 F1200 X123.915 Y192.929 E1345.89517
M204 S3000
M205 X10 Y10
G0 F6000 X124.481 Y192.929
M204 S1800
M205 X8 Y8
G1 F1200 X128.134 Y196.582 E1346.06699
M204 S3000
M205 X10 Y10
G0 F6000 X128.134 Y196.016
M204 S1800
M205 X8 Y8
G1 F1200 X125.048 Y192.93 E1346.21215
M204 S3000
M205 X10 Y10
G0 F6000 X125.615 Y192.931
M204 S1800
M205 X8 Y8
G1 F1200 X128.134 Y195.45 E1346.33063
M204 S3000
M205 X10 Y10
G0 F6000 X128.134 Y194.884
M204 S1800
M205 X8 Y8
G1 F1200 X126.181 Y192.932 E1346.42247
M204 S3000
M205 X10 Y10
G0 F6000 X126.748 Y192.933
M204 S1800
M205 X8 Y8
G1 F1200 X128.134 Y194.319 E1346.48767
M204 S3000
M205 X10 Y10
G0 F6000 X128.134 Y193.753
M204 S1800
M205 X8 Y8
G1 F1200 X127.314 Y192.934 E1346.52621
M204 S3000
M205 X10 Y10
G0 F6000 X127.88 Y192.934
M204 S1800
M205 X8 Y8
G1 F1200 X128.134 Y193.187 E1346.53814
M204 S3000
M205 X10 Y10
G0 F6000 X128.768 Y199.599
G0 X128.745 Y200.524
G0 X127.857 Y203.093
M204 S1800
M205 X8 Y8
G1 F1200 X128.134 Y203.37 E1346.55117
M204 S3000
M205 X10 Y10
G0 F6000 X128.134 Y203.935
M204 S1800
M205 X8 Y8
G1 F1200 X127.477 Y203.279 E1346.58205
M204 S3000
M205 X10 Y10
G0 F6000 X127.038 Y203.405
M204 S1800
M205 X8 Y8
G1 F1200 X128.134 Y204.501 E1346.6336
M204 S3000
M205 X10 Y10
G0 F6000 X128.134 Y205.067
M204 S1800
M205 X8 Y8
G1 F1200 X126.541 Y203.474 E1346.70853
M204 S3000
M205 X10 Y10
G0 F6000 X126.004 Y203.503
M204 S1800
M205 X8 Y8
G1 F1200 X128.134 Y205.633 E1346.80872
M204 S3000
M205 X10 Y10
G0 F6000 X128.134 Y206.198
M204 S1800
M205 X8 Y8
G1 F1200 X125.323 Y203.387 E1346.94094
G1 X125.253 Y203.317
M204 S3000
M205 X10 Y10
G0 F6000 X124.342 Y202.972
M204 S1800
M205 X8 Y8
G1 F1200 X128.134 Y206.764 E1347.1193
G1 X128.204 Y206.834
M204 S3000
M205 X10 Y10
G0 F6000 X112.984 Y208.028
G0 X101.976 Y223.032
M204 S1800
M205 X8 Y8
G1 F1200 X99.757 Y220.814 E1347.22365
G1 X99.687 Y220.744
M204 S3000
M205 X10 Y10
G0 F6000 X100.144 Y221.767
M204 S1800
M205 X8 Y8
G1 F1200 X101.653 Y223.276 E1347.29463
M204 S3000
M205 X10 Y10
G0 F6000 X101.33 Y223.518
M204 S1800
M205 X8 Y8
G1 F1200 X100.189 Y222.377 E1347.3483
M204 S3000
M205 X10 Y10
G0 F6000 X100.164 Y222.918
M204 S1800
M205 X8 Y8
G1 F1200 X101.002 Y223.756 E1347.38772
M204 S3000
M205 X10 Y10
G0 F6000 X100.673 Y223.993
M204 S1800
M205 X8 Y8
G1 F1200 X100.102 Y223.422 E1347.41458
M204 S3000
M205 X10 Y10
G0 F6000 X99.955 Y223.84
M204 S1800
M205 X8 Y8
G1 F1200 X100.345 Y224.23 E1347.43292
M204 S3000
M205 X10 Y10
G0 F6000 X100.016 Y224.467
M204 S1800
M205 X8 Y8
G1 F1200 X99.75 Y224.201 E1347.44543
M204 S3000
M205 X10 Y10
G0 F6000 X99.546 Y224.562
M204 S1800
M205 X8 Y8
G1 F1200 X99.681 Y224.698 E1347.45181
M204 S3000
M205 X10 Y10
G0 F6000 X97.174 Y226.15
M204 S1800
M205 X8 Y8
G1 F1200 X97.014 Y225.99 E1347.45933
M204 S3000
M205 X10 Y10
G0 F6000 X96.789 Y226.331
M204 S1800
M205 X8 Y8
G1 F1200 X96.471 Y226.013 E1347.47429
M204 S3000
M205 X10 Y10
G0 F6000 X96.401 Y226.508
M204 S1800
M205 X8 Y8
G1 F1200 X95.787 Y225.895 E1347.50315
G1 X95.717 Y225.825
M204 S3000
M205 X10 Y10
G0 F6000 X96.013 Y226.686
M204 S1800
M205 X8 Y8
G1 F1200 X94.769 Y225.443 E1347.56164
G1 X94.699 Y225.373
M204 S3000
M205 X10 Y10
G0 F6000 X76.475 Y205.451
M204 S1800
M205 X8 Y8
G1 F1200 X57.59 Y186.566 E1348.44993
M204 S3000
M205 X10 Y10
G0 F6000 X57.785 Y186.196
M204 S1800
M205 X8 Y8
G1 F1200 X75.545 Y203.955 E1349.28528
G1 X75.615 Y204.025
M204 S3000
M205 X10 Y10
G0 F6000 X75.215 Y203.06
M204 S1800
M205 X8 Y8
G1 F1200 X57.979 Y185.824 E1350.09601
M204 S3000
M205 X10 Y10
G0 F6000 X58.174 Y185.453
M204 S1800
M205 X8 Y8
G1 F1200 X74.932 Y202.212 E1350.88428
M204 S3000
M205 X10 Y10
G0 F6000 X74.796 Y201.509
M204 S1800
M205 X8 Y8
G1 F1200 X58.369 Y185.083 E1351.65693
M204 S3000
M205 X10 Y10
G0 F6000 X58.583 Y184.73
M204 S1800
M205 X8 Y8
G1 F1200 X74.721 Y200.869 E1352.41604
M204 S3000
M205 X10 Y10
G0 F6000 X74.661 Y200.244
M204 S1800
M205 X8 Y8
G1 F1200 X58.81 Y184.392 E1353.16164
M204 S3000
M205 X10 Y10
G0 F6000 X59.037 Y184.054
M204 S1800
M205 X8 Y8
G1 F1200 X74.664 Y199.681 E1353.89669
M204 S3000
M205 X10 Y10
G0 F6000 X74.719 Y199.17
M204 S1800
M205 X8 Y8
G1 F1200 X59.264 Y183.715 E1354.62365
M204 S3000
M205 X10 Y10
G0 F6000 X59.491 Y183.376
M204 S1800
M205 X8 Y8
G1 F1200 X74.774 Y198.659 E1355.34251
M204 S3000
M205 X10 Y10
G0 F6000 X74.837 Y198.156
M204 S1800
M205 X8 Y8
G1 F1200 X59.718 Y183.038 E1356.05364
M204 S3000
M205 X10 Y10
G0 F6000 X59.945 Y182.699
M204 S1800
M205 X8 Y8
G1 F1200 X74.95 Y197.704 E1356.75943
M204 S3000
M205 X10 Y10
G0 F6000 X75.095 Y197.283
M204 S1800
M205 X8 Y8
G1 F1200 X60.172 Y182.36 E1357.46136
M204 S3000
M205 X10 Y10
G0 F6000 X60.425 Y182.048
M204 S1800
M205 X8 Y8
G1 F1200 X75.242 Y196.864 E1358.15828
M204 S3000
M205 X10 Y10
G0 F6000 X75.393 Y196.45
M204 S1800
M205 X8 Y8
G1 F1200 X60.684 Y181.741 E1358.85015
M204 S3000
M205 X10 Y10
G0 F6000 X60.943 Y181.434
M204 S1800
M205 X8 Y8
G1 F1200 X75.544 Y196.035 E1359.53694
M204 S3000
M205 X10 Y10
G0 F6000 X75.759 Y195.684
M204 S1800
M205 X8 Y8
G1 F1200 X61.202 Y181.127 E1360.22165
M204 S3000
M205 X10 Y10
G0 F6000 X61.461 Y180.82
M204 S1800
M205 X8 Y8
G1 F1200 X75.977 Y195.336 E1360.90444
M204 S3000
M205 X10 Y10
G0 F6000 X76.194 Y194.988
M204 S1800
M205 X8 Y8
G1 F1200 X61.719 Y180.513 E1361.5853
M204 S3000
M205 X10 Y10
G0 F6000 X61.978 Y180.206
M204 S1800
M205 X8 Y8
G1 F1200 X76.411 Y194.639 E1362.26418
M204 S3000
M205 X10 Y10
G0 F6000 X76.641 Y194.303
M204 S1800
M205 X8 Y8
G1 F1200 X62.237 Y179.899 E1362.9417
M204 S3000
M205 X10 Y10
G0 F6000 X62.525 Y179.622
M204 S1800
M205 X8 Y8
G1 F1200 X76.923 Y194.02 E1363.61894
M204 S3000
M205 X10 Y10
G0 F6000 X77.205 Y193.736
M204 S1800
M205 X8 Y8
G1 F1200 X62.815 Y179.346 E1364.2958
M204 S3000
M205 X10 Y10
G0 F6000 X63.104 Y179.069
M204 S1800
M205 X8 Y8
G1 F1200 X77.487 Y193.453 E1364.97236
M204 S3000
M205 X10 Y10
G0 F6000 X77.769 Y193.168
M204 S1800
M205 X8 Y8
G1 F1200 X63.392 Y178.792 E1365.64859
M204 S3000
M205 X10 Y10
G0 F6000 X63.682 Y178.516
M204 S1800
M205 X8 Y8
G1 F1200 X78.061 Y192.895 E1366.32493
M204 S3000
M205 X10 Y10
G0 F6000 X78.402 Y192.671
M204 S1800
M205 X8 Y8
G1 F1200 X63.971 Y178.239 E1367.00374
M204 S3000
M205 X10 Y10
G0 F6000 X64.26 Y177.963
M204 S1800
M205 X8 Y8
G1 F1200 X78.749 Y192.451 E1367.68524
M204 S3000
M205 X10 Y10
G0 F6000 X79.095 Y192.232
M204 S1800
M205 X8 Y8
G1 F1200 X64.551 Y177.688 E1368.36934
M204 S3000
M205 X10 Y10
G0 F6000 X64.869 Y177.441
M204 S1800
M205 X8 Y8
G1 F1200 X79.442 Y192.013 E1369.05479
M204 S3000
M205 X10 Y10
G0 F6000 X79.801 Y191.807
M204 S1800
M205 X8 Y8
G1 F1200 X65.189 Y177.195 E1369.74209
M204 S3000
M205 X10 Y10
G0 F6000 X65.509 Y176.949
M204 S1800
M205 X8 Y8
G1 F1200 X80.216 Y191.656 E1370.43386
M204 S3000
M205 X10 Y10
G0 F6000 X80.634 Y191.508
M204 S1800
M205 X8 Y8
G1 F1200 X65.828 Y176.702 E1371.13029
M204 S3000
M205 X10 Y10
G0 F6000 X66.147 Y176.456
M204 S1800
M205 X8 Y8
G1 F1200 X81.052 Y191.36 E1371.83136
M204 S3000
M205 X10 Y10
G0 F6000 X81.476 Y191.219
M204 S1800
M205 X8 Y8
G1 F1200 X66.466 Y176.209 E1372.53738
M204 S3000
M205 X10 Y10
G0 F6000 X66.786 Y175.963
M204 S1800
M205 X8 Y8
G1 F1200 X81.937 Y191.114 E1373.25004
M204 S3000
M205 X10 Y10
G0 F6000 X82.442 Y191.054
M204 S1800
M205 X8 Y8
G1 F1200 X67.111 Y175.723 E1373.97116
M204 S3000
M205 X10 Y10
G0 F6000 X67.462 Y175.508
M204 S1800
M205 X8 Y8
G1 F1200 X82.949 Y190.995 E1374.69962
M204 S3000
M205 X10 Y10
G0 F6000 X83.473 Y190.954
M204 S1800
M205 X8 Y8
G1 F1200 X67.812 Y175.292 E1375.43629
M204 S3000
M205 X10 Y10
G0 F6000 X68.162 Y175.077
M204 S1800
M205 X8 Y8
G1 F1200 X84.03 Y190.944 E1376.18265
M204 S3000
M205 X10 Y10
G0 F6000 X84.668 Y191.017
M204 S1800
M205 X8 Y8
G1 F1200 X68.512 Y174.861 E1376.94258
M204 S3000
M205 X10 Y10
G0 F6000 X68.863 Y174.646
M204 S1800
M205 X8 Y8
G1 F1200 X85.308 Y191.091 E1377.7161
M204 S3000
M205 X10 Y10
G0 F6000 X86.028 Y191.245
M204 S1800
M205 X8 Y8
G1 F1200 X69.214 Y174.431 E1378.50698
M204 S3000
M205 X10 Y10
G0 F6000 X69.577 Y174.228
M204 S1800
M205 X8 Y8
G1 F1200 X86.892 Y191.543 E1379.32142
G1 X86.962 Y191.613
M204 S3000
M205 X10 Y10
G0 F6000 X87.85 Y191.936
M204 S1800
M205 X8 Y8
G1 F1200 X69.944 Y174.03 E1380.16367
M204 S3000
M205 X10 Y10
G0 F6000 X70.318 Y173.839
M204 S1800
M205 X8 Y8
G1 F1200 X89.404 Y192.924 E1381.06139
G1 X89.474 Y192.994
M204 S3000
M205 X10 Y10
;MESH:NONMESH
G0 F600 X89.474 Y192.994 Z1.2
G0 F6000 X94.059 Y177.58
G0 X94.468 Y177.531
;TIME_ELAPSED:1769.726314
;LAYER:5
M204 S1800
M205 X8 Y8
;TYPE:WALL-OUTER
;MESH:14_4_1.stl
G1 F3000 X94.594 Y176.922 E1381.08207
G1 X94.726 Y176.425 E1381.09918
G1 X95.397 Y175.662 E1381.13297
G1 X96.37 Y175.27 E1381.16786
G1 X96.49 Y175.249 E1381.17191
G1 X97.466 Y175.366 E1381.20461
G1 X98.013 Y175.716 E1381.22621
G1 X98.428 Y176.031 E1381.24354
G1 X98.883 Y176.9 E1381.27616
G1 X98.905 Y177.976 E1381.31196
G1 X98.636 Y178.541 E1381.33277
G1 X98.39 Y178.987 E1381.34971
G1 X97.738 Y179.44 E1381.37612
G1 X97.466 Y179.6 E1381.38661
G1 X96.475 Y179.719 E1381.41981
G1 X95.719 Y179.45 E1381.4465
G1 X95.397 Y179.303 E1381.45827
G1 X94.739 Y178.56 E1381.49128
G1 X94.589 Y178.022 E1381.50986
G1 X94.468 Y177.531 E1381.52668
M204 S3000
M205 X10 Y10
G0 F6000 X94.508 Y177.335
G0 X93.999 Y177.212
G0 X94.329 Y178.772
G0 X95.197 Y179.731
G0 X113.122 Y192.514
G0 X113.601 Y192.072
M204 S1800
M205 X8 Y8
G1 F3000 X113.46 Y191.992 E1381.53207
G1 X113.249 Y191.302 E1381.55607
G1 X112.727 Y189.673 E1381.61296
G1 X112.183 Y188.31 E1381.66177
G1 X111.448 Y186.615 E1381.72322
G1 X110.76 Y185.319 E1381.77202
G1 X109.848 Y183.71 E1381.83354
G1 X109.026 Y182.497 E1381.88227
G1 X107.947 Y180.996 E1381.94376
G1 X106.999 Y179.878 E1381.99251
G1 X105.766 Y178.501 E1382.05399
G1 X104.669 Y177.464 E1382.1042
G1 X103.328 Y176.256 E1382.16423
G1 X102.129 Y175.346 E1382.21429
G1 X100.664 Y174.288 E1382.27439
G1 X99.395 Y173.525 E1382.32364
G1 X97.801 Y172.613 E1382.38472
G1 X96.453 Y171.99 E1382.43412
G1 X94.776 Y171.257 E1382.49499
G1 X93.355 Y170.779 E1382.54485
G1 X91.61 Y170.229 E1382.60571
G1 X90.142 Y169.91 E1382.65567
G1 X88.378 Y169.556 E1382.71551
G1 X86.845 Y169.391 E1382.76679
G1 X85.079 Y169.232 E1382.82577
G1 X83.526 Y169.233 E1382.87742
G1 X81.766 Y169.263 E1382.93597
G1 X80.307 Y169.422 E1382.98478
G1 X78.476 Y169.651 E1383.04616
G1 X76.966 Y169.985 E1383.09759
G1 X75.256 Y170.388 E1383.15603
G1 X73.768 Y170.887 E1383.20823
G1 X72.111 Y171.472 E1383.26667
G1 X70.713 Y172.119 E1383.31791
G1 X69.109 Y172.885 E1383.37703
G1 X67.793 Y173.677 E1383.42811
G1 X66.282 Y174.611 E1383.4872
G1 X65.069 Y175.533 E1383.53787
G1 X63.653 Y176.632 E1383.59749
G1 X62.553 Y177.675 E1383.64791
G1 X61.257 Y178.923 E1383.70775
G1 X60.277 Y180.076 E1383.75808
G1 X59.12 Y181.459 E1383.81805
G1 X57.27 Y184.209 E1383.92829
G1 X55.728 Y187.142 E1384.0385
G1 X54.501 Y190.237 E1384.14923
G1 X53.625 Y193.419 E1384.25901
G1 X53.093 Y196.692 E1384.36929
G1 X52.915 Y200.002 E1384.47954
G1 X53.087 Y203.208 E1384.58633
G1 X53.109 Y203.408 E1384.59302
G1 X53.626 Y206.582 E1384.69998
G1 X54.504 Y209.764 E1384.80977
G1 X55.729 Y212.859 E1384.92048
G1 X57.272 Y215.792 E1385.03071
G1 X59.121 Y218.542 E1385.14093
G1 X60.337 Y219.995 E1385.20394
G1 X61.258 Y221.078 E1385.25123
G1 X62.625 Y222.394 E1385.31434
G1 X63.654 Y223.369 E1385.36149
G1 X65.164 Y224.541 E1385.42506
G1 X66.284 Y225.39 E1385.47181
G1 X67.917 Y226.398 E1385.53564
G1 X69.111 Y227.116 E1385.58198
G1 X70.847 Y227.944 E1385.64595
G1 X72.112 Y228.529 E1385.6923
G1 X73.932 Y229.169 E1385.75647
G1 X75.241 Y229.61 E1385.80241
G1 X77.118 Y230.05 E1385.86653
G1 X78.475 Y230.35 E1385.91276
G1 X80.397 Y230.588 E1385.97717
G1 X81.768 Y230.738 E1386.02304
G1 X83.615 Y230.768 E1386.08448
G1 X85.079 Y230.767 E1386.13317
G1 X86.922 Y230.601 E1386.19472
G1 X88.057 Y230.479 E1386.23269
G1 X88.696 Y230.379 E1386.2542
G1 X90.244 Y230.068 E1386.30672
G1 X91.626 Y229.763 E1386.35379
G1 X93.351 Y229.222 E1386.41392
G1 X94.775 Y228.741 E1386.46391
G1 X96.47 Y228.002 E1386.52541
G1 X97.802 Y227.385 E1386.57423
G1 X99.418 Y226.462 E1386.63613
G1 X100.661 Y225.712 E1386.68442
G1 X102.18 Y224.615 E1386.74674
G1 X103.329 Y223.741 E1386.79475
G1 X104.701 Y222.505 E1386.85617
G1 X105.767 Y221.495 E1386.90501
G1 X107.001 Y220.12 E1386.96646
G1 X107.951 Y219 E1387.01531
G1 X109.027 Y217.501 E1387.07668
G1 X109.851 Y216.286 E1387.12551
G1 X110.761 Y214.679 E1387.18693
G1 X111.449 Y213.383 E1387.23574
G1 X112.182 Y211.691 E1387.29707
G1 X112.739 Y210.162 E1387.35119
G1 X113.044 Y209.397 E1387.37858
G1 X113.427 Y208.079 E1387.42423
G1 X113.53 Y207.955 E1387.42959
G1 X113.621 Y207.935 E1387.43269
G1 X127.776 Y207.962 E1387.90349
G1 X129.514 Y207.953 E1387.9613
G1 X129.514 Y192.048 E1388.4903
G1 X113.601 Y192.072 E1389.01957
M204 S3000
M205 X10 Y10
G0 F6000 X113.46 Y191.992
G0 X113.449 Y191.956
G0 X112.941 Y192.084
G0 X123.473 Y200.166
G0 X123.968 Y200.048
M204 S1800
M205 X8 Y8
G1 F3000 X124.203 Y198.997 E1389.05539
G1 X124.897 Y198.179 E1389.09107
G1 X125.895 Y197.776 E1389.12686
G1 X126.966 Y197.883 E1389.16266
G1 X127.864 Y198.476 E1389.19846
G1 X128.383 Y199.416 E1389.23417
G1 X128.406 Y200.493 E1389.27
G1 X127.927 Y201.455 E1389.30574
G1 X127.056 Y202.083 E1389.34146
G1 X126.278 Y202.2 E1389.36762
G1 X125.893 Y202.223 E1389.38045
G1 X124.975 Y201.874 E1389.41312
G1 X124.247 Y201.086 E1389.4488
G1 X123.968 Y200.048 E1389.48455
M204 S3000
M205 X10 Y10
G0 F6000 X124.011 Y199.853
G0 X123.499 Y199.73
G0 X95.054 Y220.398
G0 X94.335 Y221.222
G0 X93.973 Y222.683
G0 X94.468 Y222.565
M204 S1800
M205 X8 Y8
G1 F3000 X94.586 Y221.987 E1389.50417
G1 X94.709 Y221.495 E1389.52104
G1 X95.397 Y220.696 E1389.55611
G1 X96.441 Y220.293 E1389.59333
G1 X96.968 Y220.344 E1389.61094
G1 X97.527 Y220.425 E1389.62972
G1 X98.39 Y221.031 E1389.6648
G1 X98.888 Y221.978 E1389.70038
G1 X98.893 Y222.944 E1389.73251
G1 X98.865 Y223.146 E1389.7393
G1 X98.388 Y224.004 E1389.77195
G1 X97.496 Y224.616 E1389.80793
G1 X96.987 Y224.694 E1389.82505
G1 X96.487 Y224.751 E1389.84179
G1 X95.476 Y224.392 E1389.87747
G1 X94.875 Y223.747 E1389.9068
G1 X94.702 Y223.517 E1389.91637
G1 X94.468 Y222.565 E1389.94897
M204 S3000
M205 X10 Y10
G0 F6000 X94.508 Y222.369
G0 X93.999 Y222.246
G0 X77.339 Y205.083
G0 X76.367 Y203.537
G0 X75.827 Y201.986
G0 X75.509 Y200.081
G0 X76.015 Y200.025
M204 S1800
M205 X8 Y8
G1 F3000 X76.108 Y199.145 E1389.97841
G1 X76.206 Y198.288 E1390.0071
G1 X76.77 Y196.67 E1390.06409
G1 X77.066 Y196.193 E1390.08276
G1 X77.686 Y195.208 E1390.12147
G1 X77.868 Y195.022 E1390.13012
G1 X78.904 Y193.986 E1390.17885
G1 X78.972 Y193.939 E1390.1816
G1 X80.373 Y193.062 E1390.23658
G1 X81.994 Y192.494 E1390.29371
G1 X83.692 Y192.301 E1390.35055
G1 X84.57 Y192.395 E1390.37992
G1 X85.425 Y192.492 E1390.40854
G1 X87.034 Y193.054 E1390.46522
G1 X87.675 Y193.45 E1390.49028
G1 X88.496 Y193.965 E1390.52252
G1 X89.126 Y194.588 E1390.55199
G1 X89.732 Y195.196 E1390.58054
G1 X90.271 Y196.051 E1390.61415
G1 X90.649 Y196.654 E1390.63782
G1 X90.913 Y197.403 E1390.66424
G1 X91.223 Y198.295 E1390.69565
G1 X91.415 Y199.999 E1390.75268
G1 X91.225 Y201.689 E1390.80924
G1 X90.98 Y202.406 E1390.83445
G1 X90.652 Y203.34 E1390.86737
G1 X90.642 Y203.359 E1390.86808
G1 X89.744 Y204.788 E1390.92422
G1 X89.127 Y205.411 E1390.95338
G1 X88.513 Y206.023 E1390.98222
G1 X87.074 Y206.927 E1391.03874
G1 X86.33 Y207.192 E1391.06501
G1 X85.425 Y207.508 E1391.09689
G1 X83.717 Y207.7 E1391.15405
G1 X82.942 Y207.615 E1391.17999
G1 X82 Y207.507 E1391.21152
G1 X81.435 Y207.311 E1391.23141
G1 X80.373 Y206.938 E1391.26885
G1 X80.006 Y206.71 E1391.28322
G1 X78.92 Y206.027 E1391.32589
G1 X78.736 Y205.847 E1391.33445
G1 X77.694 Y204.803 E1391.38351
G1 X77.678 Y204.781 E1391.38442
G1 X76.775 Y203.341 E1391.44095
G1 X76.208 Y201.722 E1391.498
G1 X76.109 Y200.857 E1391.52696
G1 X76.015 Y200.025 E1391.55481
M204 S3000
M205 X10 Y10
G0 F6000 X76.036 Y199.826
G0 X75.526 Y199.768
G0 X58.678 Y202.542
G0 X57.38 Y202.685
G0 X56.197 Y202.248
G0 X55.329 Y201.289
G0 X54.973 Y200.166
G0 X55.468 Y200.048
M204 S1800
M205 X8 Y8
G1 F3000 X55.703 Y198.997 E1391.59063
G1 X56.397 Y198.179 E1391.62631
G1 X57.395 Y197.776 E1391.66211
G1 X58.467 Y197.883 E1391.69794
G1 X59.364 Y198.476 E1391.7337
G1 X59.883 Y199.416 E1391.76942
G1 X59.905 Y200.002 E1391.78892
G1 X59.905 Y200.506 E1391.80568
G1 X59.427 Y201.455 E1391.84103
G1 X58.733 Y201.961 E1391.86959
G1 X58.466 Y202.117 E1391.87988
G1 X57.489 Y202.235 E1391.91261
G1 X56.475 Y201.875 E1391.9484
G1 X55.747 Y201.086 E1391.9841
G1 X55.468 Y200.048 E1392.01985
M204 S3000
M205 X10 Y10
G0 F6000 X55.511 Y199.853
G0 X55.079 Y200.144
M204 S1800
M205 X8 Y8
;TYPE:WALL-INNER
G1 F3000 X55.08 Y199.856 E1392.02943
G1 X55.315 Y198.901 E1392.06214
G1 X55.448 Y198.647 E1392.07168
G1 X56.102 Y197.908 E1392.1045
G1 X56.334 Y197.75 E1392.11384
G1 X57.253 Y197.402 E1392.14652
G1 X57.538 Y197.368 E1392.15607
G1 X58.515 Y197.486 E1392.1888
G1 X58.784 Y197.588 E1392.19837
G1 X59.592 Y198.147 E1392.23105
G1 X59.782 Y198.362 E1392.24059
G1 X60.239 Y199.233 E1392.2733
G1 X60.306 Y199.509 E1392.28275
G1 X60.305 Y200.53 E1392.31671
G1 X60.237 Y200.773 E1392.3251
G1 X59.781 Y201.641 E1392.35771
G1 X59.59 Y201.855 E1392.36725
G1 X58.783 Y202.412 E1392.39987
G1 X58.514 Y202.514 E1392.40944
G1 X57.537 Y202.632 E1392.44217
G1 X57.251 Y202.597 E1392.45175
G1 X56.333 Y202.249 E1392.4844
G1 X56.097 Y202.085 E1392.49396
G1 X55.447 Y201.351 E1392.52657
G1 X55.314 Y201.097 E1392.53611
G1 X55.079 Y200.144 E1392.56875
M204 S3000
M205 X10 Y10
G0 F6000 X54.974 Y200.168
G0 X55.329 Y201.289
G0 X56.197 Y202.248
G0 X57.38 Y202.685
G0 X75.508 Y200.081
G0 X75.617 Y200.069
M204 S1800
M205 X8 Y8
G1 F3000 X75.71 Y199.101 E1392.6011
G1 X75.809 Y198.232 E1392.63019
G1 X76.176 Y197.157 E1392.66797
G1 X76.401 Y196.515 E1392.69059
G1 X76.727 Y195.98 E1392.71143
G1 X77.35 Y194.991 E1392.75031
G1 X77.585 Y194.739 E1392.76177
G1 X78.625 Y193.699 E1392.81069
G1 X78.76 Y193.6 E1392.81626
G1 X80.159 Y192.723 E1392.87117
G1 X80.261 Y192.676 E1392.87491
G1 X81.86 Y192.117 E1392.93125
G1 X82.896 Y191.988 E1392.96597
G1 X83.651 Y191.903 E1392.99124
G1 X84.615 Y191.997 E1393.02346
G1 X85.479 Y192.095 E1393.05238
G1 X86.461 Y192.429 E1393.08688
G1 X87.166 Y192.676 E1393.11172
G1 X87.887 Y193.111 E1393.13973
G1 X88.708 Y193.626 E1393.17196
G1 X89.409 Y194.306 E1393.20445
G1 X90.004 Y194.901 E1393.23243
G1 X90.61 Y195.838 E1393.26955
G1 X90.992 Y196.447 E1393.29346
G1 X91.291 Y197.271 E1393.32261
G1 X91.599 Y198.153 E1393.35369
G1 X91.716 Y199.097 E1393.38532
G1 X91.814 Y199.964 E1393.41434
G1 X91.718 Y200.899 E1393.44561
G1 X91.623 Y201.734 E1393.47356
G1 X91.358 Y202.538 E1393.50171
G1 X91.033 Y203.465 E1393.53439
G1 X90.981 Y203.572 E1393.53834
G1 X90.074 Y205.015 E1393.59503
G1 X89.41 Y205.693 E1393.62659
G1 X88.789 Y206.314 E1393.6558
G1 X88.325 Y206.614 E1393.67418
G1 X87.286 Y207.266 E1393.71498
G1 X86.462 Y207.57 E1393.74419
G1 X85.577 Y207.88 E1393.77538
G1 X84.616 Y208.002 E1393.8076
G1 X83.782 Y208.097 E1393.83552
G1 X82.897 Y208.013 E1393.86509
G1 X81.963 Y207.907 E1393.89635
G1 X81.303 Y207.689 E1393.91947
G1 X80.256 Y207.322 E1393.95637
G1 X79.794 Y207.049 E1393.97422
G1 X78.719 Y206.374 E1394.01644
G1 X78.453 Y206.13 E1394.02844
G1 X77.401 Y205.076 E1394.07797
G1 X77.339 Y204.994 E1394.08139
G1 X76.431 Y203.546 E1394.13824
G1 X76.18 Y202.854 E1394.16272
G1 X75.824 Y201.834 E1394.19865
G1 X75.711 Y200.901 E1394.22991
G1 X75.617 Y200.069 E1394.25776
M204 S3000
M205 X10 Y10
G0 F6000 X75.508 Y200.081
G0 X75.766 Y198.187
G0 X76.367 Y196.463
G0 X77.241 Y195.072
G0 X93.974 Y177.652
G0 X94.08 Y177.627
M204 S1800
M205 X8 Y8
G1 F3000 X94.08 Y177.339 E1394.26734
G1 X94.315 Y176.385 E1394.30002
G1 X94.448 Y176.131 E1394.30955
G1 X95.097 Y175.397 E1394.34214
G1 X95.335 Y175.233 E1394.35175
G1 X96.253 Y174.886 E1394.38439
G1 X96.538 Y174.851 E1394.39395
G1 X97.514 Y174.969 E1394.42664
G1 X97.784 Y175.07 E1394.43623
G1 X98.592 Y175.63 E1394.46893
G1 X98.782 Y175.845 E1394.47847
G1 X99.237 Y176.714 E1394.5111
G1 X99.305 Y177.009 E1394.52117
G1 X99.305 Y177.976 E1394.55333
G1 X99.237 Y178.256 E1394.56291
G1 X98.781 Y179.124 E1394.59552
G1 X98.59 Y179.338 E1394.60506
G1 X97.747 Y179.919 E1394.63912
G1 X97.514 Y179.997 E1394.64729
G1 X96.493 Y180.119 E1394.68149
G1 X96.251 Y180.08 E1394.68964
G1 X95.32 Y179.726 E1394.72277
G1 X95.097 Y179.568 E1394.73186
G1 X94.425 Y178.807 E1394.76563
G1 X94.314 Y178.58 E1394.77403
G1 X94.08 Y177.627 E1394.80667
M204 S3000
M205 X10 Y10
G0 F6000 X93.974 Y177.652
G0 X94.329 Y178.772
G0 X95.197 Y179.731
G0 X113.122 Y192.514
G0 X113.623 Y192.472
M204 S1800
M205 X8 Y8
G1 F3000 X113.353 Y192.41 E1394.81588
G1 X113.139 Y192.231 E1394.82516
G1 X113.039 Y192.02 E1394.83293
G1 X112.868 Y191.424 E1394.85355
G1 X112.35 Y189.809 E1394.90996
G1 X111.814 Y188.464 E1394.95812
G1 X111.087 Y186.789 E1395.01885
G1 X110.409 Y185.511 E1395.06697
G1 X109.702 Y184.261 E1395.11473
G1 X109.29 Y183.598 E1395.1407
G1 X108.698 Y182.726 E1395.17575
G1 X107.631 Y181.242 E1395.23654
G1 X106.697 Y180.141 E1395.28456
G1 X105.479 Y178.78 E1395.34531
G1 X104.401 Y177.761 E1395.39465
G1 X103.072 Y176.564 E1395.45414
G1 X101.895 Y175.67 E1395.5033
G1 X100.443 Y174.622 E1395.56286
G1 X99.196 Y173.872 E1395.61125
G1 X97.617 Y172.969 E1395.67175
G1 X96.293 Y172.356 E1395.72028
G1 X94.632 Y171.631 E1395.78056
G1 X93.235 Y171.161 E1395.82958
G1 X91.507 Y170.616 E1395.88985
G1 X90.064 Y170.302 E1395.93896
G1 X88.317 Y169.952 E1395.99822
G1 X86.809 Y169.789 E1396.04867
G1 X85.061 Y169.632 E1396.10705
G1 X83.532 Y169.633 E1396.1579
G1 X81.791 Y169.663 E1396.21582
G1 X80.353 Y169.819 E1396.26392
G1 X78.544 Y170.045 E1396.32456
G1 X77.131 Y170.357 E1396.37269
G1 X75.366 Y170.773 E1396.433
G1 X73.901 Y171.264 E1396.48439
G1 X72.262 Y171.843 E1396.54221
G1 X70.885 Y172.48 E1396.59267
G1 X69.299 Y173.238 E1396.65113
G1 X68.003 Y174.017 E1396.70143
G1 X66.509 Y174.941 E1396.75985
G1 X65.314 Y175.849 E1396.80977
G1 X63.914 Y176.936 E1396.86872
G1 X62.831 Y177.963 E1396.91836
G1 X61.549 Y179.197 E1396.97755
G1 X60.584 Y180.333 E1397.02712
G1 X59.44 Y181.699 E1397.08638
G1 X57.614 Y184.414 E1397.19521
G1 X56.092 Y187.309 E1397.30399
G1 X54.881 Y190.364 E1397.41329
G1 X54.017 Y193.505 E1397.52164
G1 X53.491 Y196.735 E1397.63049
G1 X53.338 Y199.598 E1397.72585
G1 X53.316 Y200.002 E1397.73931
G1 X53.492 Y203.266 E1397.84803
G1 X54.018 Y206.496 E1397.95687
G1 X54.884 Y209.637 E1398.06524
G1 X56.093 Y212.692 E1398.17452
G1 X57.616 Y215.587 E1398.28332
G1 X59.441 Y218.302 E1398.39212
G1 X60.642 Y219.736 E1398.45433
G1 X61.55 Y220.804 E1398.50096
G1 X62.9 Y222.104 E1398.56329
G1 X63.915 Y223.065 E1398.60978
G1 X65.406 Y224.223 E1398.67258
G1 X66.51 Y225.06 E1398.71865
G1 X68.123 Y226.055 E1398.78169
G1 X69.301 Y226.763 E1398.8274
G1 X71.015 Y227.581 E1398.89057
G1 X72.263 Y228.158 E1398.9363
G1 X73.985 Y228.765 E1398.99703
G1 X75.351 Y229.225 E1399.04497
G1 X77.204 Y229.66 E1399.10827
G1 X78.543 Y229.956 E1399.15388
G1 X80.44 Y230.19 E1399.21746
G1 X81.793 Y230.338 E1399.26273
G1 X83.618 Y230.368 E1399.32343
G1 X85.061 Y230.367 E1399.37143
G1 X86.809 Y230.211 E1399.4298
G1 X88.014 Y230.081 E1399.47011
G1 X88.617 Y229.987 E1399.49041
G1 X90.158 Y229.677 E1399.54269
G1 X91.523 Y229.376 E1399.58918
G1 X93.292 Y228.82 E1399.65085
G1 X94.631 Y228.367 E1399.69787
G1 X96.34 Y227.622 E1399.75988
G1 X97.618 Y227.029 E1399.80674
G1 X99.212 Y226.12 E1399.86777
G1 X100.44 Y225.378 E1399.91549
G1 X101.938 Y224.296 E1399.97695
G1 X103.073 Y223.433 E1400.02437
G1 X104.429 Y222.211 E1400.08508
G1 X105.48 Y221.216 E1400.13322
G1 X106.699 Y219.857 E1400.19394
G1 X107.635 Y218.754 E1400.24206
G1 X108.699 Y217.272 E1400.30274
G1 X109.511 Y216.075 E1400.35084
G1 X110.41 Y214.487 E1400.41154
G1 X111.088 Y213.209 E1400.45966
G1 X111.81 Y211.543 E1400.52005
G1 X112.367 Y210.014 E1400.57417
G1 X112.665 Y209.267 E1400.60092
G1 X113.043 Y207.967 E1400.64595
G1 X113.196 Y207.709 E1400.65593
G1 X113.448 Y207.559 E1400.66568
G1 X113.622 Y207.535 E1400.67152
G1 X127.774 Y207.562 E1401.14222
G1 X129.114 Y207.555 E1401.18679
G1 X129.114 Y201.846 E1401.37667
G1 F3061.2 X129.123 Y200.865 E1401.40865
G1 F3191.5 X129.13 Y200.187 E1401.42985
G1 F3324.1 X129.137 Y199.509 E1401.4502
G1 F3287.7 X129.126 Y198.833 E1401.47072
G1 F3092.8 X129.114 Y198.157 E1401.49253
G1 F3000 X129.114 Y192.448 E1401.68241
G1 X113.623 Y192.472 E1402.19765
M204 S3000
M205 X10 Y10
G0 F6000 X113.623 Y192.583
G0 X123.474 Y200.169
G0 X123.58 Y200.144
M204 S1800
M205 X8 Y8
G1 F3000 X123.58 Y199.856 E1402.20723
G1 X123.815 Y198.901 E1402.23994
G1 X123.948 Y198.647 E1402.24947
G1 X124.597 Y197.914 E1402.28204
G1 X124.834 Y197.75 E1402.29162
G1 X125.753 Y197.402 E1402.32431
G1 X126.038 Y197.368 E1402.33385
G1 X127.014 Y197.486 E1402.36655
G1 X127.284 Y197.588 E1402.37615
G1 X128.092 Y198.147 E1402.40883
G1 X128.281 Y198.362 E1402.41835
G1 F3015.1 X128.735 Y199.23 E1402.45077
G1 F3200 X128.783 Y199.509 E1402.45959
G1 F3389.8 X128.783 Y200.493 E1402.48856
G1 F3252 X128.729 Y200.768 E1402.49716
G1 F3061.2 X128.281 Y201.641 E1402.52914
G1 F3000 X128.09 Y201.855 E1402.53868
G1 X127.283 Y202.412 E1402.5713
G1 X127.014 Y202.514 E1402.58086
G1 X126.037 Y202.632 E1402.6136
G1 X125.751 Y202.597 E1402.62318
G1 X124.833 Y202.248 E1402.65584
G1 X124.597 Y202.085 E1402.66538
G1 X123.947 Y201.351 E1402.69799
G1 X123.814 Y201.097 E1402.70753
G1 X123.58 Y200.144 E1402.74017
M204 S3000
M205 X10 Y10
G0 F6000 X123.474 Y200.169
G0 X95.054 Y220.398
G0 X94.335 Y221.222
G0 X93.974 Y222.686
G0 X94.08 Y222.661
M204 S1800
M205 X8 Y8
G1 F3000 X94.08 Y222.373 E1402.74975
G1 X94.322 Y221.391 E1402.78338
G1 X94.477 Y221.132 E1402.79342
G1 X95.097 Y220.431 E1402.82455
G1 X95.343 Y220.264 E1402.83444
G1 X96.339 Y219.906 E1402.86964
G1 X96.594 Y219.887 E1402.87815
G1 X97.563 Y220.025 E1402.9107
G1 X97.837 Y220.138 E1402.92056
G1 X98.632 Y220.713 E1402.95319
G1 X98.809 Y220.925 E1402.96238
G1 X99.246 Y221.799 E1402.99488
G1 X99.309 Y222.08 E1403.00446
G1 X99.291 Y223.06 E1403.03706
G1 X99.215 Y223.34 E1403.04671
G1 X98.738 Y224.198 E1403.07936
G1 X98.543 Y224.408 E1403.08889
G1 X97.684 Y224.971 E1403.12305
G1 X97.454 Y225.045 E1403.13108
G1 X96.532 Y225.149 E1403.16194
G1 X96.23 Y225.106 E1403.17209
G1 X95.334 Y224.766 E1403.20396
G1 X95.097 Y224.602 E1403.21355
G1 X94.447 Y223.867 E1403.24619
G1 X94.314 Y223.613 E1403.25572
G1 X94.08 Y222.661 E1403.28833
M204 S3000
M205 X10 Y10
G0 F6000 X93.691 Y222.756
M204 S1800
M205 X8 Y8
G1 F3000 X93.668 Y222.414 E1403.29973
G1 X93.809 Y221.795 E1403.32084
G1 X93.939 Y221.277 E1403.33861
G1 X94.111 Y220.943 E1403.3511
G1 X94.798 Y220.166 E1403.3856
G1 X95.037 Y219.968 E1403.39592
G1 X96.169 Y219.541 E1403.43616
G1 X96.468 Y219.482 E1403.4463
G1 X97.081 Y219.552 E1403.46682
G1 X97.62 Y219.629 E1403.48493
G1 X97.992 Y219.761 E1403.49806
G1 X98.859 Y220.383 E1403.53355
G1 X99.064 Y220.582 E1403.54305
G1 X99.309 Y221.03 E1403.56003
G1 X99.604 Y221.62 E1403.58197
G1 X99.699 Y221.923 E1403.59253
G1 X99.693 Y222.96 E1403.62702
G1 X99.565 Y223.534 E1403.64658
G1 X99.088 Y224.393 E1403.67926
G1 X98.762 Y224.743 E1403.69517
G1 X97.883 Y225.319 E1403.73013
G1 X97.499 Y225.443 E1403.74355
G1 X96.577 Y225.547 E1403.77441
G1 X96.088 Y225.48 E1403.79082
G1 X95.192 Y225.14 E1403.8227
G1 X94.931 Y224.993 E1403.83266
G1 X94.275 Y224.277 E1403.86496
G1 X94.042 Y223.989 E1403.87728
G1 X93.925 Y223.708 E1403.8874
G1 X93.691 Y222.756 E1403.92001
M204 S3000
M205 X10 Y10
G0 F6000 X77.339 Y205.083
G0 X76.367 Y203.537
G0 X75.22 Y200.114
M204 S1800
M205 X8 Y8
G1 F3000 X75.313 Y199.056 E1403.95534
G1 X75.415 Y198.164 E1403.9852
G1 X75.798 Y197.025 E1404.02516
G1 X76.01 Y196.418 E1404.04655
G1 X76.389 Y195.768 E1404.07158
G1 X77.018 Y194.768 E1404.11087
G1 X77.302 Y194.457 E1404.12488
G1 X78.368 Y193.391 E1404.17502
G1 X78.547 Y193.261 E1404.18238
G1 X79.959 Y192.376 E1404.2378
G1 X80.129 Y192.299 E1404.24401
G1 X81.737 Y191.736 E1404.30067
G1 X82.852 Y191.591 E1404.33807
G1 X83.609 Y191.505 E1404.36341
G1 X84.66 Y191.6 E1404.39851
G1 X85.544 Y191.701 E1404.4281
G1 X86.593 Y192.052 E1404.46489
G1 X87.298 Y192.299 E1404.48974
G1 X88.1 Y192.773 E1404.52073
G1 X88.921 Y193.287 E1404.55294
G1 X89.692 Y194.023 E1404.58839
G1 X90.287 Y194.619 E1404.6164
G1 X90.579 Y195.037 E1404.63336
G1 X91.338 Y196.247 E1404.68087
G1 X91.669 Y197.139 E1404.71252
G1 X91.98 Y198.032 E1404.74397
G1 X92.113 Y199.052 E1404.77818
G1 X92.213 Y199.942 E1404.80797
G1 X92.115 Y200.943 E1404.84142
G1 X92.02 Y201.779 E1404.8694
G1 X91.854 Y202.331 E1404.88858
G1 X91.412 Y203.595 E1404.93311
G1 X91.319 Y203.784 E1404.94012
G1 X90.403 Y205.242 E1404.99739
G1 X89.693 Y205.976 E1405.03135
G1 X89.055 Y206.612 E1405.06132
G1 X88.538 Y206.953 E1405.08191
G1 X87.499 Y207.605 E1405.12271
G1 X86.594 Y207.947 E1405.15489
G1 X85.652 Y208.276 E1405.18808
G1 X84.66 Y208.399 E1405.22132
G1 X83.776 Y208.499 E1405.25091
G1 X82.852 Y208.41 E1405.28179
G1 X81.909 Y208.303 E1405.31335
G1 X81.171 Y208.066 E1405.33913
G1 X80.12 Y207.698 E1405.37617
G1 X79.581 Y207.388 E1405.39685
G1 X78.506 Y206.713 E1405.43907
G1 X78.17 Y206.412 E1405.45408
G1 X77.104 Y205.343 E1405.50429
G1 X77.001 Y205.206 E1405.50999
G1 X76.082 Y203.741 E1405.56751
G1 X75.802 Y202.986 E1405.59429
G1 X75.44 Y201.946 E1405.63092
G1 X75.314 Y200.946 E1405.66444
G1 X75.22 Y200.114 E1405.69229
M204 S3000
M205 X10 Y10
G0 F6000 X57.549 Y202.685
G0 X56.197 Y202.248
G0 X55.416 Y201.385
G0 X54.691 Y200.239
M204 S1800
M205 X8 Y8
G1 F3000 X54.664 Y199.946 E1405.70207
G1 X54.926 Y198.805 E1405.74101
G1 X55.149 Y198.381 E1405.75695
G1 X55.806 Y197.639 E1405.78991
G1 X56.192 Y197.376 E1405.80544
G1 X57.111 Y197.028 E1405.83813
G1 X57.379 Y196.967 E1405.84727
G1 X58.563 Y197.089 E1405.88686
G1 X58.931 Y197.209 E1405.89973
G1 X59.82 Y197.818 E1405.93557
G1 X60.069 Y198.067 E1405.94729
G1 X60.591 Y199.044 E1405.98413
G1 X60.695 Y199.356 E1405.99507
G1 X60.705 Y200.002 E1406.01656
G1 X60.705 Y200.52 E1406.03378
G1 X60.639 Y200.853 E1406.04507
G1 X60.135 Y201.827 E1406.08155
G1 X59.924 Y202.1 E1406.09303
G1 X59.188 Y202.62 E1406.123
G1 X58.836 Y202.838 E1406.13677
G1 X58.562 Y202.911 E1406.1462
G1 X57.585 Y203.029 E1406.17893
G1 X57.379 Y203.033 E1406.18579
G1 X57.109 Y202.971 E1406.195
G1 X56.191 Y202.623 E1406.22765
G1 X55.798 Y202.351 E1406.24355
G1 X55.147 Y201.616 E1406.27621
G1 X54.925 Y201.192 E1406.29212
G1 X54.691 Y200.239 E1406.32476
M204 S3000
M205 X10 Y10
G0 F6000 X55.335 Y198.705
G0 X56.185 Y197.767
G0 X93.691 Y177.722
M204 S1800
M205 X8 Y8
G1 F3000 X93.668 Y177.378 E1406.33623
G1 X93.817 Y176.73 E1406.35834
G1 X93.971 Y176.153 E1406.37821
G1 X94.148 Y175.866 E1406.38942
G1 X94.797 Y175.132 E1406.42201
G1 X94.931 Y175.006 E1406.42813
G1 X95.193 Y174.859 E1406.43812
G1 X96.112 Y174.511 E1406.4708
G1 X96.585 Y174.454 E1406.48665
G1 X97.561 Y174.572 E1406.51935
G1 X98.012 Y174.741 E1406.53537
G1 X98.82 Y175.3 E1406.56805
G1 X99.136 Y175.66 E1406.58398
G1 X99.592 Y176.528 E1406.61659
G1 X99.705 Y177.009 E1406.63302
G1 X99.705 Y177.976 E1406.66518
G1 X99.591 Y178.442 E1406.68114
G1 X99.135 Y179.31 E1406.71375
G1 X98.953 Y179.556 E1406.72393
G1 X98.193 Y180.099 E1406.755
G1 X97.803 Y180.334 E1406.77014
G1 X97.278 Y180.428 E1406.78788
G1 X96.585 Y180.512 E1406.8111
G1 X96.243 Y180.495 E1406.82249
G1 X95.435 Y180.198 E1406.85112
G1 X95.037 Y180.031 E1406.86548
G1 X94.798 Y179.833 E1406.8758
G1 X94.111 Y179.055 E1406.91032
G1 X93.938 Y178.721 E1406.92283
G1 X93.691 Y177.722 E1406.95706
M204 S3000
M205 X10 Y10
G0 F6000 X94.329 Y178.772
G0 X95.11 Y179.635
G0 X112.75 Y192.364
M204 S1800
M205 X8 Y8
G1 F3000 X112.578 Y191.829 E1406.97575
G1 X111.974 Y189.944 E1407.04158
G1 X111.444 Y188.618 E1407.08908
G1 X110.727 Y186.962 E1407.1491
G1 X110.059 Y185.704 E1407.19647
G1 X109.168 Y184.132 E1407.25657
G1 X108.436 Y183.051 E1407.29999
G1 X107.955 Y182.377 E1407.32753
G1 X107.316 Y181.489 E1407.36392
G1 X106.395 Y180.404 E1407.41126
G1 X105.192 Y179.06 E1407.47125
G1 X104.133 Y178.058 E1407.51974
G1 X102.817 Y176.873 E1407.57864
G1 X101.66 Y175.994 E1407.62697
G1 X100.223 Y174.956 E1407.68593
G1 X98.998 Y174.219 E1407.73348
G1 X98.514 Y173.944 E1407.75199
G1 X97.433 Y173.325 E1407.79342
G1 X96.133 Y172.723 E1407.84107
G1 X94.488 Y172.005 E1407.90077
G1 X93.115 Y171.542 E1407.94896
G1 X91.404 Y171.003 E1408.00863
G1 X89.985 Y170.694 E1408.05693
G1 X88.256 Y170.348 E1408.11558
G1 X86.773 Y170.188 E1408.16519
G1 X85.043 Y170.032 E1408.22296
G1 X83.539 Y170.033 E1408.27299
G1 X82.31 Y170.053 E1408.31387
G1 X81.326 Y170.116 E1408.34666
G1 X80.4 Y170.217 E1408.37764
G1 X78.612 Y170.44 E1408.43757
G1 X77.22 Y170.747 E1408.48498
G1 X75.475 Y171.158 E1408.54461
G1 X74.034 Y171.642 E1408.59517
G1 X72.412 Y172.214 E1408.65237
G1 X71.057 Y172.841 E1408.70203
G1 X69.489 Y173.59 E1408.75983
G1 X68.213 Y174.357 E1408.80935
G1 X66.735 Y175.271 E1408.86715
G1 X65.56 Y176.165 E1408.91625
G1 X64.174 Y177.24 E1408.97459
G1 X63.108 Y178.251 E1409.02346
G1 X61.841 Y179.471 E1409.08196
G1 X60.89 Y180.589 E1409.13077
G1 X59.76 Y181.94 E1409.18936
G1 X57.958 Y184.62 E1409.29677
G1 X56.456 Y187.477 E1409.40412
G1 X55.261 Y190.491 E1409.51196
G1 X54.408 Y193.59 E1409.61887
G1 X53.889 Y196.778 E1409.7263
G1 X53.737 Y199.62 E1409.82096
G1 X53.717 Y200.002 E1409.83368
G1 X53.885 Y203.135 E1409.93803
G1 X53.899 Y203.28 E1409.94288
G1 X54.409 Y206.411 E1410.04839
G1 X55.264 Y209.51 E1410.15531
G1 X56.457 Y212.525 E1410.26316
G1 X57.96 Y215.381 E1410.3705
G1 X59.761 Y218.061 E1410.47789
G1 X60.946 Y219.477 E1410.53931
G1 X61.842 Y220.53 E1410.58529
G1 X63.175 Y221.813 E1410.64683
G1 X64.176 Y222.761 E1410.69268
G1 X65.648 Y223.904 E1410.75467
G1 X66.737 Y224.73 E1410.80013
G1 X68.272 Y225.679 E1410.86015
G1 X69.052 Y226.146 E1410.89039
G1 X69.491 Y226.411 E1410.90745
G1 X71.183 Y227.218 E1410.96979
G1 X72.413 Y227.787 E1411.01487
G1 X74.187 Y228.411 E1411.07742
G1 X75.461 Y228.84 E1411.12213
G1 X77.29 Y229.269 E1411.18461
G1 X78.611 Y229.561 E1411.22961
G1 X80.401 Y229.784 E1411.28961
G1 X81.234 Y229.874 E1411.31747
G1 X81.818 Y229.938 E1411.33701
G1 X83.622 Y229.968 E1411.39702
G1 X85.043 Y229.967 E1411.44428
G1 X86.773 Y229.812 E1411.50206
G1 X87.97 Y229.683 E1411.5421
G1 X88.539 Y229.595 E1411.56125
G1 X90.072 Y229.287 E1411.61325
G1 X91.42 Y228.989 E1411.65917
G1 X93.164 Y228.441 E1411.71997
G1 X94.487 Y227.993 E1411.76643
G1 X96.172 Y227.259 E1411.82756
G1 X97.434 Y226.673 E1411.87384
G1 X99.006 Y225.777 E1411.93402
G1 X100.219 Y225.044 E1411.98116
G1 X101.696 Y223.978 E1412.04174
G1 X102.818 Y223.125 E1412.08862
G1 X104.184 Y221.892 E1412.14983
G1 X105.193 Y220.936 E1412.19606
G1 X106.398 Y219.594 E1412.25604
G1 X107.32 Y218.507 E1412.30345
G1 X108.371 Y217.043 E1412.36339
G1 X109.171 Y215.864 E1412.41078
G1 X110.06 Y214.295 E1412.47076
G1 X110.728 Y213.036 E1412.51817
G1 X111.438 Y211.395 E1412.57764
G1 X111.996 Y209.866 E1412.63177
G1 X112.287 Y209.137 E1412.65788
G1 X112.659 Y207.855 E1412.70228
G1 X112.818 Y207.536 E1412.71413
G1 X113.107 Y207.276 E1412.72706
G1 X113.425 Y207.153 E1412.7384
G1 X113.622 Y207.135 E1412.74498
G1 X127.772 Y207.162 E1413.21561
G1 X128.714 Y207.157 E1413.24694
G1 X128.714 Y201.676 E1413.42924
G1 X128.635 Y201.827 E1413.43491
G1 X128.318 Y202.184 E1413.45079
G1 X127.51 Y202.741 E1413.48343
G1 X127.062 Y202.911 E1413.49937
G1 X126.085 Y203.029 E1413.5321
G1 X125.79 Y203.021 E1413.54191
G1 X124.691 Y202.622 E1413.5808
G1 X124.471 Y202.505 E1413.58909
G1 X123.648 Y201.617 E1413.62936
G1 X123.47 Y201.331 E1413.64056
G1 X123.191 Y200.239 E1413.67805
G1 X123.169 Y199.886 E1413.68981
G1 X123.426 Y198.806 E1413.72674
G1 X123.544 Y198.523 E1413.73694
G1 X124.298 Y197.648 E1413.77535
G1 X124.471 Y197.493 E1413.78308
G1 X125.611 Y197.028 E1413.82403
G1 X125.964 Y196.964 E1413.83596
G1 X127.062 Y197.089 E1413.87272
G1 X127.511 Y197.259 E1413.88868
G1 X128.319 Y197.819 E1413.92138
G1 X128.635 Y198.176 E1413.93724
G1 X128.714 Y198.327 E1413.94291
G1 X128.714 Y192.849 E1414.12511
G1 X113.623 Y192.872 E1414.62704
G1 X113.251 Y192.802 E1414.63963
G1 X112.953 Y192.617 E1414.65129
G1 X112.75 Y192.364 E1414.66208
M204 S3000
M205 X10 Y10
G0 F6000 X112.622 Y192.823
M204 S1800
M205 X8 Y8
;TYPE:SKIN
G1 F1200 X112.363 Y192.438 E1414.67751
G1 X112.196 Y191.89 E1414.69657
G1 X111.616 Y190.072 E1414.76004
G1 X111.15 Y188.905 E1414.80183
G1 X110.383 Y187.127 E1414.86624
G1 X109.792 Y186.016 E1414.90809
G1 X108.844 Y184.332 E1414.97237
G1 X108.121 Y183.266 E1415.01521
G1 X107.016 Y181.722 E1415.07836
G1 X106.155 Y180.708 E1415.1226
G1 X104.919 Y179.324 E1415.18432
G1 X103.875 Y178.339 E1415.23206
G1 X102.574 Y177.167 E1415.2903
G1 X101.44 Y176.307 E1415.33763
G1 X100.02 Y175.282 E1415.39588
G1 X99.75 Y175.119 E1415.40637
G1 F897.2 X99.22 Y174.955 E1415.43105
G1 X99.452 Y175.451 E1415.45541
G1 F1200 X99.929 Y176.353 E1415.48935
G1 X100.08 Y176.943 E1415.5096
G1 X100.085 Y177.016 E1415.51204
G1 X100.075 Y178.152 E1415.54982
G1 X99.927 Y178.621 E1415.56618
G1 X99.678 Y179.096 E1415.58402
G1 X99.365 Y179.656 E1415.60536
G1 X99.081 Y179.947 E1415.61888
G1 X98.399 Y180.418 E1415.64645
G1 X97.961 Y180.68 E1415.66342
G1 X97.337 Y180.804 E1415.68458
G1 X96.426 Y180.899 E1415.71505
G1 X95.971 Y180.807 E1415.73049
G1 X94.855 Y180.364 E1415.77042
G1 X94.512 Y180.084 E1415.78515
G1 X93.767 Y179.231 E1415.82282
G1 X93.569 Y178.819 E1415.83802
G1 X93.442 Y178.302 E1415.85573
G1 X93.289 Y177.622 E1415.87891
G1 X93.32 Y177.162 E1415.89424
G1 X93.557 Y176.201 E1415.92716
G1 X93.732 Y175.792 E1415.94196
G1 X93.994 Y175.468 E1415.95582
G1 X94.673 Y174.727 E1415.98925
G1 X95.059 Y174.502 E1416.00411
G1 X95.976 Y174.155 E1416.03672
G1 X96.584 Y174.076 E1416.05711
G1 X97.131 Y174.136 E1416.07541
G1 F888.9 X97.698 Y174.073 E1416.10103
G1 X97.283 Y173.678 E1416.12675
G1 F1200 X96 Y173.082 E1416.17381
G1 X94.352 Y172.36 E1416.23365
G1 X93.026 Y171.915 E1416.28017
G1 X91.305 Y171.373 E1416.34018
G1 X89.947 Y171.076 E1416.38641
G1 X88.196 Y170.724 E1416.44582
G1 X86.811 Y170.576 E1416.49215
G1 X85.024 Y170.412 E1416.55183
G1 X83.543 Y170.413 E1416.60109
G1 X81.841 Y170.442 E1416.65771
G1 X80.449 Y170.594 E1416.70428
G1 X78.679 Y170.815 E1416.76361
G1 X77.313 Y171.118 E1416.81015
G1 X75.593 Y171.523 E1416.86892
G1 X74.318 Y171.946 E1416.9136
G1 X72.558 Y172.566 E1416.97566
G1 X71.399 Y173.101 E1417.01812
G1 X69.667 Y173.927 E1417.08194
G1 X68.524 Y174.612 E1417.12626
G1 X66.953 Y175.585 E1417.18772
G1 X65.839 Y176.433 E1417.23429
G1 X64.423 Y177.53 E1417.29386
G1 X62.118 Y179.733 E1417.39991
G1 X61.73 Y180.188 E1417.4198
G1 X60.063 Y182.17 E1417.50594
G1 X58.285 Y184.816 E1417.61197
G1 X56.991 Y187.28 E1417.70454
G1 X56.654 Y188.01 E1417.73128
G1 X55.621 Y190.613 E1417.82442
G1 X54.781 Y193.672 E1417.92993
G1 X54.307 Y196.582 E1418.02799
G1 X54.212 Y197.863 E1418.07072
G1 X54.17 Y198.661 E1418.0973
G1 F952.4 X54.221 Y199.642 E1418.13846
G1 X54.555 Y198.718 E1418.17964
G1 F1200 X54.836 Y198.169 E1418.20015
G1 X55.513 Y197.397 E1418.2343
G1 X56.014 Y197.043 E1418.2547
G1 X56.967 Y196.676 E1418.28867
G1 X57.369 Y196.588 E1418.30236
G1 X58.607 Y196.711 E1418.34374
G1 X59.012 Y196.828 E1418.35776
G1 X60.164 Y197.607 E1418.40401
G1 X60.474 Y198 E1418.42066
G1 X60.995 Y199.011 E1418.45849
G1 X61.084 Y199.444 E1418.47319
G1 X61.084 Y200.581 E1418.51101
G1 X60.959 Y201.07 E1418.52779
G1 X60.466 Y202.018 E1418.56333
G1 X60.364 Y202.177 E1418.56962
G1 X60.031 Y202.498 E1418.585
G1 X59.016 Y203.17 E1418.62549
G1 X58.6 Y203.29 E1418.63989
G1 X57.381 Y203.412 E1418.68064
G1 X56.973 Y203.328 E1418.69449
G1 X56.055 Y202.978 E1418.72717
G1 X55.557 Y202.643 E1418.74713
G1 X54.862 Y201.867 E1418.78178
G1 F1209.1 X54.574 Y201.324 E1418.80207
G1 F1263.2 X54.492 Y200.927 E1418.81488
G1 F935.7 X54.26 Y200.571 E1418.833
G1 X54.132 Y200.976 E1418.85112
G1 F1283.4 X54.168 Y201.487 E1418.86705
G1 F1227.6 X54.205 Y201.999 E1418.88374
G1 F1200 X54.266 Y203.131 E1418.92144
G1 X54.781 Y206.328 E1419.02915
G1 X55.621 Y209.374 E1419.13424
G1 X56.804 Y212.364 E1419.24119
G1 X58.287 Y215.185 E1419.34719
G1 X60.064 Y217.831 E1419.4532
G1 X60.948 Y218.887 E1419.49901
G1 X62.12 Y220.268 E1419.55925
G1 X63.403 Y221.503 E1419.61848
G1 X64.424 Y222.471 E1419.66528
G1 X65.339 Y223.182 E1419.70382
G1 X66.955 Y224.417 E1419.77146
G1 X68.474 Y225.356 E1419.83086
G1 X69.672 Y226.074 E1419.87731
G1 X71.105 Y226.757 E1419.93011
G1 X72.552 Y227.431 E1419.9832
G1 X74.242 Y228.028 E1420.04282
G1 X75.579 Y228.479 E1420.08975
G1 X77.031 Y228.817 E1420.13933
G1 X78.677 Y229.186 E1420.19544
G1 X80.439 Y229.404 E1420.25449
G1 X81.844 Y229.558 E1420.3015
G1 X83.623 Y229.587 E1420.36068
G1 X85.025 Y229.586 E1420.40731
G1 X86.805 Y229.427 E1420.46675
G1 X88.199 Y229.275 E1420.51339
G1 X89.947 Y228.923 E1420.57269
G1 X91.323 Y228.62 E1420.61955
G1 X92.79 Y228.162 E1420.67067
G1 X94.35 Y227.639 E1420.72539
G1 X96.01 Y226.915 E1420.78563
G1 X97.251 Y226.338 E1420.83115
G1 X97.686 Y226.09 E1420.8478
G1 F960 X98.063 Y225.762 E1420.86858
G1 X97.528 Y225.824 E1420.89097
G1 F1200 X96.622 Y225.924 E1420.92129
G1 X96.017 Y225.853 E1420.94155
G1 X95.055 Y225.495 E1420.97569
G1 X94.683 Y225.282 E1420.98994
G1 X93.862 Y224.385 E1421.03039
G1 X93.61 Y223.966 E1421.04665
G1 X93.445 Y223.355 E1421.0677
G1 X93.293 Y222.683 E1421.09062
G1 X93.305 Y222.269 E1421.10439
G1 X93.441 Y221.699 E1421.12388
G1 X93.635 Y221.003 E1421.14791
G1 X93.863 Y220.645 E1421.16203
G1 X94.593 Y219.828 E1421.19847
G1 X94.976 Y219.573 E1421.21377
G1 X96.054 Y219.178 E1421.25196
G1 X96.56 Y219.103 E1421.26897
G1 X97.134 Y219.175 E1421.28821
G1 X97.952 Y219.324 E1421.31587
G1 X98.297 Y219.508 E1421.32887
G1 X99.211 Y220.182 E1421.36664
G1 X99.507 Y220.576 E1421.38304
G1 X99.943 Y221.449 E1421.41549
G1 X100.077 Y221.885 E1421.43066
G1 X100.072 Y223.078 E1421.47034
G1 X99.915 Y223.676 E1421.49091
G1 X99.557 Y224.336 E1421.51588
G1 F960 X99.077 Y225.101 E1421.55343
G1 F768 X99.036 Y225.168 E1421.55751
G1 F914.3 X99.657 Y224.939 E1421.5864
G1 F1200 X100.571 Y224.319 E1421.62314
G1 X101.371 Y223.74 E1421.65598
G1 X102.575 Y222.829 E1421.7062
G1 X103.873 Y221.66 E1421.7643
G1 X104.921 Y220.67 E1421.81225
G1 X106.062 Y219.399 E1421.86906
G1 X107.022 Y218.271 E1421.91832
G1 X107.997 Y216.913 E1421.97392
G1 X108.848 Y215.661 E1422.02428
G1 X109.653 Y214.237 E1422.07868
G1 X110.384 Y212.868 E1422.1303
G1 X111.085 Y211.253 E1422.18886
G1 X111.63 Y209.758 E1422.24178
G1 X111.932 Y208.999 E1422.26895
G1 X112.294 Y207.75 E1422.3122
G1 X112.52 Y207.299 E1422.32898
G1 X112.857 Y206.987 E1422.34426
G1 X113.257 Y206.803 E1422.3589
G1 X113.624 Y206.755 E1422.37121
G1 X128.334 Y206.777 E1422.86047
G1 X128.334 Y202.634 E1422.99826
G1 X127.732 Y203.052 E1423.02264
G1 X127.15 Y203.278 E1423.04341
G1 X126.433 Y203.364 E1423.06742
G1 X125.925 Y203.413 E1423.0844
G1 X125.467 Y203.324 E1423.09992
G1 X124.548 Y202.973 E1423.13264
G1 X124.236 Y202.803 E1423.14445
G1 X124.008 Y202.598 E1423.15465
G1 X123.236 Y201.697 E1423.19411
G1 X123.054 Y201.279 E1423.20928
G1 X122.79 Y200.152 E1423.24778
G1 X122.82 Y199.666 E1423.26397
G1 X123.11 Y198.552 E1423.30226
G1 X123.365 Y198.128 E1423.31872
G1 X124.01 Y197.398 E1423.35111
G1 X124.276 Y197.168 E1423.36281
G1 X124.575 Y197.014 E1423.374
G1 X125.691 Y196.612 E1423.41345
G1 X126.132 Y196.593 E1423.42813
G1 X127.106 Y196.711 E1423.46076
G1 X127.69 Y196.927 E1423.48147
G1 X128.334 Y197.375 E1423.50757
G1 X128.334 Y193.232 E1423.64536
G1 X113.482 Y193.246 E1424.13934
G1 X112.991 Y193.101 E1424.15637
G1 X112.622 Y192.823 E1424.17174
M204 S3000
M205 X10 Y10
G0 F6000 X99.22 Y174.955
M204 S1800
M205 X8 Y8
G1 F736.2 X98.755 Y174.653 E1424.2018
G1 F786.9 X98.22 Y174.319 E1424.23379
G1 F758.3 X97.698 Y174.073 E1424.26416
M204 S3000
M205 X10 Y10
G0 F6000 X95.185 Y175.25
G0 X77.339 Y194.917
G0 X76.465 Y196.308
G0 X74.836 Y199.951
M204 S1800
M205 X8 Y8
G1 F1200 X74.935 Y199.012 E1424.29556
G1 X75.051 Y198.038 E1424.32819
G1 X75.065 Y197.984 E1424.33004
G1 X75.442 Y196.895 E1424.36837
G1 X75.745 Y196.081 E1424.39726
G1 X76.681 Y194.586 E1424.45593
G1 X77.035 Y194.191 E1424.47357
G1 X77.905 Y193.315 E1424.51463
G1 X78.374 Y192.925 E1424.53492
G1 X79.379 Y192.291 E1424.57444
G1 X79.886 Y191.987 E1424.5941
G1 X81.038 Y191.579 E1424.63475
G1 X81.845 Y191.323 E1424.66291
G1 X82.812 Y191.212 E1424.69528
G1 X83.787 Y191.122 E1424.72785
G1 X84.706 Y191.222 E1424.7586
G1 X85.798 Y191.374 E1424.79527
G1 X86.65 Y191.671 E1424.82528
G1 X87.573 Y191.999 E1424.85786
G1 X88.742 Y192.726 E1424.90364
G1 X89.294 Y193.092 E1424.92567
G1 X90.565 Y194.361 E1424.98541
G1 X91.086 Y195.13 E1425.0163
G1 X91.682 Y196.1 E1425.05417
G1 X92.026 Y197.013 E1425.08662
G1 X92.379 Y198.057 E1425.12328
G1 X92.492 Y199.014 E1425.15533
G1 X92.594 Y200.061 E1425.19031
G1 X92.493 Y200.989 E1425.22136
G1 X92.36 Y202.015 E1425.25577
G1 X92.191 Y202.515 E1425.27333
G1 X92.093 Y202.797 E1425.28326
G1 X91.696 Y203.893 E1425.32203
G1 X91.035 Y204.955 E1425.36363
G1 X90.57 Y205.636 E1425.39106
G1 X89.958 Y206.247 E1425.41982
G1 X89.143 Y207.021 E1425.45721
G1 X88.685 Y207.311 E1425.47524
G1 X87.684 Y207.938 E1425.51452
G1 X86.832 Y208.266 E1425.54489
G1 X85.92 Y208.572 E1425.57688
G1 X85.594 Y208.676 E1425.58826
G1 X84.699 Y208.778 E1425.61822
G1 X83.595 Y208.874 E1425.65508
G1 X82.745 Y208.779 E1425.68353
G1 X81.741 Y208.663 E1425.71714
G1 X79.99 Y208.055 E1425.77879
G1 X79.3 Y207.656 E1425.8053
G1 X78.332 Y207.052 E1425.84325
G1 X77.865 Y206.645 E1425.86386
G1 X77.03 Y205.81 E1425.90313
G1 X76.723 Y205.476 E1425.91822
G1 X76.066 Y204.434 E1425.95919
G1 X75.685 Y203.796 E1425.98391
G1 X75.442 Y203.109 E1426.00814
G1 X75.043 Y201.911 E1426.05014
G1 X74.935 Y200.984 E1426.08118
G1 X74.836 Y199.951 E1426.1157
M204 S3000
M205 X10 Y10
G0 F6000 X57.549 Y202.685
G0 X56.3 Y202.288
G0 X54.26 Y200.571
M204 S1800
M205 X8 Y8
G1 F771.7 X54.199 Y200.133 E1426.13857
G1 F805.4 X54.221 Y199.642 E1426.16293
M204 S3000
M205 X10 Y10
G0 F6000 X55.329 Y201.289
G0 X56.197 Y202.248
G0 X95.197 Y224.765
G0 X98.063 Y225.762
M204 S1800
M205 X8 Y8
G1 F804 X98.12 Y225.734 E1426.16608
G1 F789.5 X98.578 Y225.451 E1426.1933
G1 F754.7 X99.036 Y225.168 E1426.22177
M204 S3000
M205 X10 Y10
G0 F6000 X113.14 Y207.492
G0 X127.743 Y206.576
M204 S1800
M205 X8 Y8
G1 F1200 X128.134 Y206.185 E1426.24016
M204 S3000
M205 X10 Y10
G0 F6000 X128.134 Y205.62
M204 S1800
M205 X8 Y8
G1 F1200 X127.178 Y206.575 E1426.2851
M204 S3000
M205 X10 Y10
G0 F6000 X126.613 Y206.574
M204 S1800
M205 X8 Y8
G1 F1200 X128.134 Y205.054 E1426.35662
M204 S3000
M205 X10 Y10
G0 F6000 X128.134 Y204.488
M204 S1800
M205 X8 Y8
G1 F1200 X126.048 Y206.574 E1426.45474
M204 S3000
M205 X10 Y10
G0 F6000 X125.483 Y206.573
M204 S1800
M205 X8 Y8
G1 F1200 X128.134 Y203.923 E1426.57941
M204 S3000
M205 X10 Y10
G0 F6000 X128.134 Y203.357
M204 S1800
M205 X8 Y8
G1 F1200 X124.918 Y206.572 E1426.73066
M204 S3000
M205 X10 Y10
G0 F6000 X124.354 Y206.571
M204 S1800
M205 X8 Y8
G1 F1200 X127.613 Y203.312 E1426.88395
M204 S3000
M205 X10 Y10
G0 F6000 X126.842 Y203.518
M204 S1800
M205 X8 Y8
G1 F1200 X123.789 Y206.57 E1427.02753
M204 S3000
M205 X10 Y10
G0 F6000 X123.224 Y206.569
M204 S1800
M205 X8 Y8
G1 F1200 X126.212 Y203.581 E1427.16808
M204 S3000
M205 X10 Y10
G0 F6000 X125.664 Y203.564
M204 S1800
M205 X8 Y8
G1 F1200 X122.659 Y206.569 E1427.30943
M204 S3000
M205 X10 Y10
G0 F6000 X122.094 Y206.568
M204 S1800
M205 X8 Y8
G1 F1200 X125.22 Y203.443 E1427.45644
M204 S3000
M205 X10 Y10
G0 F6000 X124.81 Y203.286
M204 S1800
M205 X8 Y8
G1 F1200 X121.529 Y206.567 E1427.61077
M204 S3000
M205 X10 Y10
G0 F6000 X120.964 Y206.567
M204 S1800
M205 X8 Y8
G1 F1200 X124.409 Y203.122 E1427.77281
M204 S3000
M205 X10 Y10
G0 F6000 X124.061 Y202.904
M204 S1800
M205 X8 Y8
G1 F1200 X120.399 Y206.566 E1427.94506
M204 S3000
M205 X10 Y10
G0 F6000 X119.834 Y206.565
M204 S1800
M205 X8 Y8
G1 F1200 X123.774 Y202.626 E1428.13036
M204 S3000
M205 X10 Y10
G0 F6000 X123.511 Y202.323
M204 S1800
M205 X8 Y8
G1 F1200 X119.269 Y206.564 E1428.32987
M204 S3000
M205 X10 Y10
G0 F6000 X118.704 Y206.564
M204 S1800
M205 X8 Y8
G1 F1200 X123.25 Y202.018 E1428.5437
M204 S3000
M205 X10 Y10
G0 F6000 X123.017 Y201.685
M204 S1800
M205 X8 Y8
G1 F1200 X118.139 Y206.563 E1428.77315
M204 S3000
M205 X10 Y10
G0 F6000 X117.574 Y206.562
M204 S1800
M205 X8 Y8
G1 F1200 X122.853 Y201.284 E1429.02143
M204 S3000
M205 X10 Y10
G0 F6000 X122.744 Y200.827
M204 S1800
M205 X8 Y8
G1 F1200 X117.009 Y206.562 E1429.29119
M204 S3000
M205 X10 Y10
G0 F6000 X116.444 Y206.561
M204 S1800
M205 X8 Y8
G1 F1200 X122.634 Y200.371 E1429.58235
M204 S3000
M205 X10 Y10
G0 F6000 X122.61 Y199.83
M204 S1800
M205 X8 Y8
G1 F1200 X115.879 Y206.56 E1429.89893
M204 S3000
M205 X10 Y10
G0 F6000 X115.314 Y206.56
M204 S1800
M205 X8 Y8
G1 F1200 X122.757 Y199.117 E1430.24902
G1 X122.827 Y199.047
M204 S3000
M205 X10 Y10
G0 F6000 X123.054 Y198.255
M204 S1800
M205 X8 Y8
G1 F1200 X114.749 Y206.559 E1430.63964
M204 S3000
M205 X10 Y10
G0 F6000 X114.185 Y206.558
M204 S1800
M205 X8 Y8
G1 F1200 X127.311 Y193.431 E1431.25707
M204 S3000
M205 X10 Y10
G0 F6000 X126.745 Y193.432
M204 S1800
M205 X8 Y8
G1 F1200 X113.62 Y206.557 E1431.87443
G1 X113.55 Y206.627
M204 S3000
M205 X10 Y10
G0 F6000 X112.811 Y206.8
M204 S1800
M205 X8 Y8
G1 F1200 X126.179 Y193.432 E1432.50322
M204 S3000
M205 X10 Y10
G0 F6000 X125.613 Y193.433
M204 S1800
M205 X8 Y8
G1 F1200 X99.152 Y219.893 E1433.74784
M204 S3000
M205 X10 Y10
G0 F6000 X99.45 Y220.161
M204 S1800
M205 X8 Y8
G1 F1200 X112.27 Y207.342 E1434.35083
G1 X112.34 Y207.272
M204 S3000
M205 X10 Y10
G0 F6000 X111.945 Y208.232
M204 S1800
M205 X8 Y8
G1 F1200 X99.687 Y220.49 E1434.92741
M204 S3000
M205 X10 Y10
G0 F6000 X99.876 Y220.866
M204 S1800
M205 X8 Y8
G1 F1200 X111.698 Y209.045 E1435.48346
G1 X111.768 Y208.975
M204 S3000
M205 X10 Y10
G0 F6000 X111.338 Y209.971
M204 S1800
M205 X8 Y8
G1 F1200 X100.064 Y221.244 E1436.01373
M204 S3000
M205 X10 Y10
G0 F6000 X100.219 Y221.655
M204 S1800
M205 X8 Y8
G1 F1200 X111.014 Y210.86 E1436.52149
G1 X111.084 Y210.79
M204 S3000
M205 X10 Y10
G0 F6000 X110.619 Y211.82
M204 S1800
M205 X8 Y8
G1 F1200 X100.287 Y222.153 E1437.0075
M204 S3000
M205 X10 Y10
G0 F6000 X100.27 Y222.735
M204 S1800
M205 X8 Y8
G1 F1200 X110.177 Y212.829 E1437.47347
G1 X110.247 Y212.759
M204 S3000
M205 X10 Y10
G0 F6000 X109.521 Y214.05
M204 S1800
M205 X8 Y8
G1 F1200 X100.201 Y223.37 E1437.91186
G1 X100.131 Y223.44
M204 S3000
M205 X10 Y10
G0 F6000 X100.793 Y223.91
M204 S1800
M205 X8 Y8
G1 F1200 X107.644 Y217.058 E1438.23413
G1 X107.714 Y216.988
M204 S3000
M205 X10 Y10
G0 F6000 X108.801 Y215.336
M204 S1800
M205 X8 Y8
G1 F1200 X99.745 Y224.392 E1438.6601
G1 X99.675 Y224.462
M204 S3000
M205 X10 Y10
G0 F6000 X96.918 Y226.087
M204 S1800
M205 X8 Y8
G1 F1200 X96.575 Y226.431 E1438.67625
M204 S3000
M205 X10 Y10
G0 F6000 X96.348 Y226.092
M204 S1800
M205 X8 Y8
G1 F1200 X95.54 Y226.899 E1438.71424
G1 X95.47 Y226.969
M204 S3000
M205 X10 Y10
G0 F6000 X95.862 Y226.012
M204 S1800
M205 X8 Y8
G1 F1200 X94.543 Y227.332 E1438.7763
G1 X94.473 Y227.402
M204 S3000
M205 X10 Y10
G0 F6000 X93.646 Y227.662
M204 S1800
M205 X8 Y8
G1 F1200 X95.451 Y225.857 E1438.8612
M204 S3000
M205 X10 Y10
G0 F6000 X95.04 Y225.702
M204 S1800
M205 X8 Y8
G1 F1200 X92.795 Y227.947 E1438.9668
G1 X92.725 Y228.017
M204 S3000
M205 X10 Y10
G0 F6000 X91.97 Y228.207
M204 S1800
M205 X8 Y8
G1 F1200 X94.669 Y225.508 E1439.09375
M204 S3000
M205 X10 Y10
G0 F6000 X94.361 Y225.25
M204 S1800
M205 X8 Y8
G1 F1200 X91.163 Y228.449 E1439.2442
M204 S3000
M205 X10 Y10
G0 F6000 X90.438 Y228.608
M204 S1800
M205 X8 Y8
G1 F1200 X94.096 Y224.95 E1439.41626
M204 S3000
M205 X10 Y10
G0 F6000 X93.83 Y224.65
M204 S1800
M205 X8 Y8
G1 F1200 X89.714 Y228.766 E1439.60987
M204 S3000
M205 X10 Y10
G0 F6000 X89.007 Y228.908
M204 S1800
M205 X8 Y8
G1 F1200 X93.591 Y224.323 E1439.82551
M204 S3000
M205 X10 Y10
G0 F6000 X93.401 Y223.948
M204 S1800
M205 X8 Y8
G1 F1200 X88.299 Y229.05 E1440.06549
M204 S3000
M205 X10 Y10
G0 F6000 X87.652 Y229.131
M204 S1800
M205 X8 Y8
G1 F1200 X93.278 Y223.505 E1440.33012
M204 S3000
M205 X10 Y10
G0 F6000 X93.17 Y223.047
M204 S1800
M205 X8 Y8
G1 F1200 X87.019 Y229.198 E1440.61944
M204 S3000
M205 X10 Y10
G0 F6000 X86.389 Y229.263
M204 S1800
M205 X8 Y8
G1 F1200 X93.095 Y222.556 E1440.9349
M204 S3000
M205 X10 Y10
G0 F6000 X93.192 Y221.894
M204 S1800
M205 X8 Y8
G1 F1200 X85.768 Y229.318 E1441.2841
M204 S3000
M205 X10 Y10
G0 F6000 X85.146 Y229.374
M204 S1800
M205 X8 Y8
G1 F1200 X93.391 Y221.129 E1441.67192
G1 X93.461 Y221.059
M204 S3000
M205 X10 Y10
G0 F6000 X95.267 Y219.253
M204 S1800
M205 X8 Y8
G1 F1200 X121.082 Y193.438 E1442.88618
M204 S3000
M205 X10 Y10
G0 F6000 X120.516 Y193.438
M204 S1800
M205 X8 Y8
G1 F1200 X84.57 Y229.384 E1444.57697
M204 S3000
M205 X10 Y10
G0 F6000 X84.006 Y229.383
M204 S1800
M205 X8 Y8
G1 F1200 X119.95 Y193.438 E1446.26769
M204 S3000
M205 X10 Y10
G0 F6000 X119.384 Y193.439
M204 S1800
M205 X8 Y8
G1 F1200 X83.442 Y229.381 E1447.95829
M204 S3000
M205 X10 Y10
G0 F6000 X82.882 Y229.375
M204 S1800
M205 X8 Y8
G1 F1200 X118.817 Y193.44 E1449.64856
M204 S3000
M205 X10 Y10
G0 F6000 X118.251 Y193.441
M204 S1800
M205 X8 Y8
G1 F1200 X82.327 Y229.365 E1451.33832
M204 S3000
M205 X10 Y10
G0 F6000 X81.778 Y229.348
M204 S1800
M205 X8 Y8
G1 F1200 X117.685 Y193.441 E1453.02727
M204 S3000
M205 X10 Y10
G0 F6000 X117.119 Y193.441
M204 S1800
M205 X8 Y8
G1 F1200 X81.268 Y229.292 E1454.71359
M204 S3000
M205 X10 Y10
G0 F6000 X80.758 Y229.236
M204 S1800
M205 X8 Y8
G1 F1200 X116.553 Y193.442 E1456.39725
M204 S3000
M205 X10 Y10
G0 F6000 X115.986 Y193.443
M204 S1800
M205 X8 Y8
G1 F1200 X80.249 Y229.18 E1458.07821
M204 S3000
M205 X10 Y10
G0 F6000 X79.746 Y229.117
M204 S1800
M205 X8 Y8
G1 F1200 X115.42 Y193.443 E1459.75621
M204 S3000
M205 X10 Y10
G0 F6000 X114.853 Y193.444
M204 S1800
M205 X8 Y8
G1 F1200 X79.244 Y229.054 E1461.43117
M204 S3000
M205 X10 Y10
G0 F6000 X78.74 Y228.992
M204 S1800
M205 X8 Y8
G1 F1200 X114.287 Y193.445 E1463.10319
M204 S3000
M205 X10 Y10
G0 F6000 X113.721 Y193.445
M204 S1800
M205 X8 Y8
G1 F1200 X78.276 Y228.891 E1464.77044
M204 S3000
M205 X10 Y10
G0 F6000 X77.814 Y228.787
M204 S1800
M205 X8 Y8
G1 F1200 X113.222 Y193.378 E1466.43595
M204 S3000
M205 X10 Y10
G0 F6000 X112.818 Y193.217
M204 S1800
M205 X8 Y8
G1 F1200 X77.351 Y228.683 E1468.10418
M204 S3000
M205 X10 Y10
G0 F6000 X76.89 Y228.579
M204 S1800
M205 X8 Y8
G1 F1200 X112.493 Y192.976 E1469.77884
M204 S3000
M205 X10 Y10
G0 F6000 X112.257 Y192.646
M204 S1800
M205 X8 Y8
G1 F1200 X76.431 Y228.472 E1471.46398
M204 S3000
M205 X10 Y10
G0 F6000 X75.973 Y228.365
M204 S1800
M205 X8 Y8
G1 F1200 X112.099 Y192.239 E1473.16324
M204 S3000
M205 X10 Y10
G0 F6000 X111.961 Y191.811
M204 S1800
M205 X8 Y8
G1 F1200 X75.524 Y228.248 E1474.87713
M204 S3000
M205 X10 Y10
G0 F6000 X75.101 Y228.105
M204 S1800
M205 X8 Y8
G1 F1200 X111.824 Y191.382 E1476.60446
M204 S3000
M205 X10 Y10
G0 F6000 X111.688 Y190.953
M204 S1800
M205 X8 Y8
G1 F1200 X74.678 Y227.962 E1478.34528
M204 S3000
M205 X10 Y10
G0 F6000 X74.256 Y227.819
M204 S1800
M205 X8 Y8
G1 F1200 X111.551 Y190.524 E1480.09952
M204 S3000
M205 X10 Y10
G0 F6000 X111.411 Y190.098
M204 S1800
M205 X8 Y8
G1 F1200 X73.837 Y227.672 E1481.86688
M204 S3000
M205 X10 Y10
G0 F6000 X73.419 Y227.525
M204 S1800
M205 X8 Y8
G1 F1200 X111.249 Y189.694 E1483.64632
M204 S3000
M205 X10 Y10
G0 F6000 X111.087 Y189.291
M204 S1800
M205 X8 Y8
G1 F1200 X73.001 Y227.377 E1485.43776
M204 S3000
M205 X10 Y10
G0 F6000 X72.586 Y227.226
M204 S1800
M205 X8 Y8
G1 F1200 X110.921 Y188.891 E1487.24092
M204 S3000
M205 X10 Y10
G0 F6000 X110.752 Y188.495
M204 S1800
M205 X8 Y8
G1 F1200 X72.201 Y227.046 E1489.05425
M204 S3000
M205 X10 Y10
G0 F6000 X71.815 Y226.866
M204 S1800
M205 X8 Y8
G1 F1200 X110.582 Y188.099 E1490.87773
M204 S3000
M205 X10 Y10
G0 F6000 X110.412 Y187.703
M204 S1800
M205 X8 Y8
G1 F1200 X71.429 Y226.687 E1492.71139
M204 S3000
M205 X10 Y10
G0 F6000 X71.043 Y226.506
M204 S1800
M205 X8 Y8
G1 F1200 X110.242 Y187.307 E1494.55519
M204 S3000
M205 X10 Y10
G0 F6000 X110.052 Y186.932
M204 S1800
M205 X8 Y8
G1 F1200 X70.66 Y226.324 E1496.40807
M204 S3000
M205 X10 Y10
G0 F6000 X70.277 Y226.141
M204 S1800
M205 X8 Y8
G1 F1200 X89.2 Y207.219 E1497.29813
G1 X89.27 Y207.149
M204 S3000
M205 X10 Y10
G0 F6000 X87.753 Y208.1
M204 S1800
M205 X8 Y8
G1 F1200 X69.894 Y225.958 E1498.13814
M204 S3000
M205 X10 Y10
G0 F6000 X69.531 Y225.756
M204 S1800
M205 X8 Y8
G1 F1200 X86.8 Y208.486 E1498.95044
G1 X86.87 Y208.416
M204 S3000
M205 X10 Y10
G0 F6000 X85.952 Y208.769
M204 S1800
M205 X8 Y8
G1 F1200 X69.178 Y225.543 E1499.73944
M204 S3000
M205 X10 Y10
G0 F6000 X68.824 Y225.331
M204 S1800
M205 X8 Y8
G1 F1200 X85.242 Y208.913 E1500.51169
M204 S3000
M205 X10 Y10
G0 F6000 X84.605 Y208.985
M204 S1800
M205 X8 Y8
G1 F1200 X68.471 Y225.119 E1501.27058
M204 S3000
M205 X10 Y10
G0 F6000 X68.121 Y224.903
M204 S1800
M205 X8 Y8
G1 F1200 X83.985 Y209.039 E1502.01678
M204 S3000
M205 X10 Y10
G0 F6000 X83.406 Y209.053
M204 S1800
M205 X8 Y8
G1 F1200 X67.771 Y224.687 E1502.75218
M204 S3000
M205 X10 Y10
G0 F6000 X67.422 Y224.471
M204 S1800
M205 X8 Y8
G1 F1200 X82.899 Y208.994 E1503.48017
M204 S3000
M205 X10 Y10
G0 F6000 X82.391 Y208.936
M204 S1800
M205 X8 Y8
G1 F1200 X67.073 Y224.254 E1504.20068
M204 S3000
M205 X10 Y10
G0 F6000 X66.752 Y224.01
M204 S1800
M205 X8 Y8
G1 F1200 X81.883 Y208.878 E1504.91242
M204 S3000
M205 X10 Y10
G0 F6000 X81.431 Y208.764
M204 S1800
M205 X8 Y8
G1 F1200 X66.432 Y223.763 E1505.61793
M204 S3000
M205 X10 Y10
G0 F6000 X66.112 Y223.518
M204 S1800
M205 X8 Y8
G1 F1200 X81.011 Y208.619 E1506.31873
M204 S3000
M205 X10 Y10
G0 F6000 X80.591 Y208.473
M204 S1800
M205 X8 Y8
G1 F1200 X65.792 Y223.273 E1507.01485
M204 S3000
M205 X10 Y10
G0 F6000 X65.472 Y223.027
M204 S1800
M205 X8 Y8
G1 F1200 X80.171 Y208.328 E1507.70625
M204 S3000
M205 X10 Y10
G0 F6000 X79.761 Y208.172
M204 S1800
M205 X8 Y8
G1 F1200 X65.152 Y222.781 E1508.39341
M204 S3000
M205 X10 Y10
G0 F6000 X64.837 Y222.53
M204 S1800
M205 X8 Y8
G1 F1200 X79.412 Y207.955 E1509.07897
M204 S3000
M205 X10 Y10
G0 F6000 X79.063 Y207.739
M204 S1800
M205 X8 Y8
G1 F1200 X64.533 Y222.269 E1509.76242
M204 S3000
M205 X10 Y10
G0 F6000 X64.229 Y222.007
M204 S1800
M205 X8 Y8
G1 F1200 X78.713 Y207.523 E1510.4437
M204 S3000
M205 X10 Y10
G0 F6000 X78.363 Y207.307
M204 S1800
M205 X8 Y8
G1 F1200 X63.938 Y221.732 E1511.12221
M204 S3000
M205 X10 Y10
G0 F6000 X63.649 Y221.455
M204 S1800
M205 X8 Y8
G1 F1200 X78.028 Y207.076 E1511.79856
M204 S3000
M205 X10 Y10
G0 F6000 X77.742 Y206.797
M204 S1800
M205 X8 Y8
G1 F1200 X63.36 Y221.179 E1512.47504
M204 S3000
M205 X10 Y10
G0 F6000 X63.071 Y220.902
M204 S1800
M205 X8 Y8
G1 F1200 X77.458 Y206.515 E1513.15176
M204 S3000
M205 X10 Y10
G0 F6000 X77.175 Y206.233
M204 S1800
M205 X8 Y8
G1 F1200 X62.782 Y220.625 E1513.82874
M204 S3000
M205 X10 Y10
G0 F6000 X62.493 Y220.349
M204 S1800
M205 X8 Y8
G1 F1200 X76.89 Y205.951 E1514.50595
M204 S3000
M205 X10 Y10
G0 F6000 X76.617 Y205.659
M204 S1800
M205 X8 Y8
G1 F1200 X62.211 Y220.065 E1515.18357
M204 S3000
M205 X10 Y10
G0 F6000 X61.952 Y219.758
M204 S1800
M205 X8 Y8
G1 F1200 X76.391 Y205.319 E1515.86273
M204 S3000
M205 X10 Y10
G0 F6000 X76.171 Y204.973
M204 S1800
M205 X8 Y8
G1 F1200 X61.693 Y219.452 E1516.54376
M204 S3000
M205 X10 Y10
G0 F6000 X61.434 Y219.145
M204 S1800
M205 X8 Y8
G1 F1200 X75.951 Y204.628 E1517.22659
M204 S3000
M205 X10 Y10
G0 F6000 X75.738 Y204.276
M204 S1800
M205 X8 Y8
G1 F1200 X61.175 Y218.838 E1517.91157
M204 S3000
M205 X10 Y10
G0 F6000 X60.916 Y218.532
M204 S1800
M205 X8 Y8
G1 F1200 X75.526 Y203.921 E1518.5988
M204 S3000
M205 X10 Y10
G0 F6000 X75.373 Y203.509
M204 S1800
M205 X8 Y8
G1 F1200 X60.657 Y218.225 E1519.291
M204 S3000
M205 X10 Y10
G0 F6000 X60.398 Y217.918
M204 S1800
M205 X8 Y8
G1 F1200 X75.225 Y203.091 E1519.98841
M204 S3000
M205 X10 Y10
G0 F6000 X75.084 Y202.667
M204 S1800
M205 X8 Y8
G1 F1200 X60.15 Y217.6 E1520.69084
M204 S3000
M205 X10 Y10
G0 F6000 X59.923 Y217.262
M204 S1800
M205 X8 Y8
G1 F1200 X74.943 Y202.242 E1521.39734
M204 S3000
M205 X10 Y10
G0 F6000 X74.828 Y201.792
M204 S1800
M205 X8 Y8
G1 F1200 X59.696 Y216.924 E1522.1091
M204 S3000
M205 X10 Y10
G0 F6000 X59.469 Y216.585
M204 S1800
M205 X8 Y8
G1 F1200 X74.768 Y201.285 E1522.82874
M204 S3000
M205 X10 Y10
G0 F6000 X74.715 Y200.773
M204 S1800
M205 X8 Y8
G1 F1200 X59.242 Y216.246 E1523.55654
M204 S3000
M205 X10 Y10
G0 F6000 X59.014 Y215.908
M204 S1800
M205 X8 Y8
G1 F1200 X74.666 Y200.256 E1524.29276
M204 S3000
M205 X10 Y10
G0 F6000 X74.661 Y199.696
M204 S1800
M205 X8 Y8
G1 F1200 X58.787 Y215.569 E1525.03941
M204 S3000
M205 X10 Y10
G0 F6000 X58.559 Y215.231
M204 S1800
M205 X8 Y8
G1 F1200 X74.727 Y199.063 E1525.7999
M204 S3000
M205 X10 Y10
G0 F6000 X74.804 Y198.421
M204 S1800
M205 X8 Y8
G1 F1200 X58.351 Y214.874 E1526.5738
M204 S3000
M205 X10 Y10
G0 F6000 X58.155 Y214.504
M204 S1800
M205 X8 Y8
G1 F1200 X74.948 Y197.712 E1527.36366
G1 X75.018 Y197.642
M204 S3000
M205 X10 Y10
G0 F6000 X75.247 Y196.847
M204 S1800
M205 X8 Y8
G1 F1200 X57.96 Y214.133 E1528.17677
M204 S3000
M205 X10 Y10
G0 F6000 X57.766 Y213.762
M204 S1800
M205 X8 Y8
G1 F1200 X75.618 Y195.91 E1529.01647
G1 X75.688 Y195.84
M204 S3000
M205 X10 Y10
G0 F6000 X76.586 Y194.377
M204 S1800
M205 X8 Y8
G1 F1200 X57.571 Y213.392 E1529.91088
M204 S3000
M205 X10 Y10
G0 F6000 X57.376 Y213.021
M204 S1800
M205 X8 Y8
G1 F1200 X93.113 Y177.283 E1531.59186
M204 S3000
M205 X10 Y10
G0 F6000 X93.131 Y177.831
M204 S1800
M205 X8 Y8
G1 F1200 X78.097 Y192.865 E1532.29902
G1 X78.027 Y192.935
M204 S3000
M205 X10 Y10
G0 F6000 X79.61 Y191.918
M204 S1800
M205 X8 Y8
G1 F1200 X93.235 Y178.293 E1532.93989
M204 S3000
M205 X10 Y10
G0 F6000 X93.346 Y178.748
M204 S1800
M205 X8 Y8
G1 F1200 X80.557 Y191.536 E1533.54143
G1 X80.487 Y191.606
M204 S3000
M205 X10 Y10
G0 F6000 X81.409 Y191.25
M204 S1800
M205 X8 Y8
G1 F1200 X93.511 Y179.149 E1534.11064
M204 S3000
M205 X10 Y10
G0 F6000 X93.731 Y179.494
M204 S1800
M205 X8 Y8
G1 F1200 X82.137 Y191.088 E1534.65599
M204 S3000
M205 X10 Y10
G0 F6000 X82.776 Y191.014
M204 S1800
M205 X8 Y8
G1 F1200 X93.996 Y179.795 E1535.18372
M204 S3000
M205 X10 Y10
G0 F6000 X94.26 Y180.096
M204 S1800
M205 X8 Y8
G1 F1200 X83.396 Y190.96 E1535.69473
M204 S3000
M205 X10 Y10
G0 F6000 X83.981 Y190.941
M204 S1800
M205 X8 Y8
G1 F1200 X94.552 Y180.37 E1536.19196
M204 S3000
M205 X10 Y10
G0 F6000 X94.894 Y180.594
M204 S1800
M205 X8 Y8
G1 F1200 X84.488 Y191 E1536.68142
M204 S3000
M205 X10 Y10
G0 F6000 X84.994 Y191.059
M204 S1800
M205 X8 Y8
G1 F1200 X95.299 Y180.754 E1537.16614
M204 S3000
M205 X10 Y10
G0 F6000 X95.705 Y180.914
M204 S1800
M205 X8 Y8
G1 F1200 X85.488 Y191.131 E1537.64671
M204 S3000
M205 X10 Y10
G0 F6000 X85.967 Y191.217
M204 S1800
M205 X8 Y8
G1 F1200 X96.143 Y181.041 E1538.12536
M204 S3000
M205 X10 Y10
G0 F6000 X96.678 Y181.073
M204 S1800
M205 X8 Y8
G1 F1200 X86.385 Y191.365 E1538.60949
M204 S3000
M205 X10 Y10
G0 F6000 X86.803 Y191.514
M204 S1800
M205 X8 Y8
G1 F1200 X97.31 Y181.006 E1539.10373
M204 S3000
M205 X10 Y10
G0 F6000 X98.025 Y180.857
M204 S1800
M205 X8 Y8
G1 F1200 X87.22 Y191.662 E1539.61196
M204 S3000
M205 X10 Y10
G0 F6000 X87.638 Y191.809
M204 S1800
M205 X8 Y8
G1 F1200 X102.263 Y177.185 E1540.29986
M204 S3000
M205 X10 Y10
G0 F6000 X102.577 Y177.437
M204 S1800
M205 X8 Y8
G1 F1200 X87.989 Y192.024 E1540.98601
M204 S3000
M205 X10 Y10
G0 F6000 X88.338 Y192.241
M204 S1800
M205 X8 Y8
G1 F1200 X102.874 Y177.705 E1541.66974
M204 S3000
M205 X10 Y10
G0 F6000 X103.171 Y177.974
M204 S1800
M205 X8 Y8
G1 F1200 X88.688 Y192.457 E1542.35097
M204 S3000
M205 X10 Y10
G0 F6000 X89.031 Y192.679
M204 S1800
M205 X8 Y8
G1 F1200 X103.468 Y178.242 E1543.03004
M204 S3000
M205 X10 Y10
G0 F6000 X103.765 Y178.511
M204 S1800
M205 X8 Y8
G1 F1200 X89.371 Y192.905 E1543.70709
M204 S3000
M205 X10 Y10
G0 F6000 X89.663 Y193.179
M204 S1800
M205 X8 Y8
G1 F1200 X104.058 Y178.784 E1544.38419
M204 S3000
M205 X10 Y10
G0 F6000 X104.348 Y179.059
M204 S1800
M205 X8 Y8
G1 F1200 X89.946 Y193.461 E1545.06162
M204 S3000
M205 X10 Y10
G0 F6000 X90.229 Y193.744
M204 S1800
M205 X8 Y8
G1 F1200 X104.639 Y179.335 E1545.7394
M204 S3000
M205 X10 Y10
G0 F6000 X104.916 Y179.623
M204 S1800
M205 X8 Y8
G1 F1200 X90.508 Y194.03 E1546.41708
M204 S3000
M205 X10 Y10
G0 F6000 X90.787 Y194.317
M204 S1800
M205 X8 Y8
G1 F1200 X105.183 Y179.921 E1547.09422
M204 S3000
M205 X10 Y10
G0 F6000 X105.45 Y180.221
M204 S1800
M205 X8 Y8
G1 F1200 X91.018 Y194.653 E1547.77306
M204 S3000
M205 X10 Y10
G0 F6000 X91.238 Y194.998
M204 S1800
M205 X8 Y8
G1 F1200 X105.716 Y180.52 E1548.45406
M204 S3000
M205 X10 Y10
G0 F6000 X105.983 Y180.818
M204 S1800
M205 X8 Y8
G1 F1200 X91.458 Y195.343 E1549.13727
M204 S3000
M205 X10 Y10
G0 F6000 X91.672 Y195.696
M204 S1800
M205 X8 Y8
G1 F1200 X106.244 Y181.123 E1549.82272
M204 S3000
M205 X10 Y10
G0 F6000 X106.505 Y181.428
M204 S1800
M205 X8 Y8
G1 F1200 X91.885 Y196.048 E1550.5104
M204 S3000
M205 X10 Y10
G0 F6000 X92.041 Y196.458
M204 S1800
M205 X8 Y8
G1 F1200 X106.764 Y181.734 E1551.20295
M204 S3000
M205 X10 Y10
G0 F6000 X107.009 Y182.055
M204 S1800
M205 X8 Y8
G1 F1200 X92.19 Y196.874 E1551.89999
M204 S3000
M205 X10 Y10
G0 F6000 X92.334 Y197.296
M204 S1800
M205 X8 Y8
G1 F1200 X107.244 Y182.386 E1552.60131
M204 S3000
M205 X10 Y10
G0 F6000 X107.48 Y182.716
M204 S1800
M205 X8 Y8
G1 F1200 X92.476 Y197.719 E1553.30703
M204 S3000
M205 X10 Y10
G0 F6000 X92.592 Y198.169
M204 S1800
M205 X8 Y8
G1 F1200 X107.715 Y183.046 E1554.01837
M204 S3000
M205 X10 Y10
G0 F6000 X107.951 Y183.376
M204 S1800
M205 X8 Y8
G1 F1200 X92.652 Y198.675 E1554.73798
M204 S3000
M205 X10 Y10
G0 F6000 X92.709 Y199.184
M204 S1800
M205 X8 Y8
G1 F1200 X108.181 Y183.711 E1555.46576
M204 S3000
M205 X10 Y10
G0 F6000 X108.41 Y184.049
M204 S1800
M205 X8 Y8
G1 F1200 X92.759 Y199.699 E1556.20192
M204 S3000
M205 X10 Y10
G0 F6000 X92.77 Y200.254
M204 S1800
M205 X8 Y8
G1 F1200 X108.639 Y184.385 E1556.94834
M204 S3000
M205 X10 Y10
G0 F6000 X108.846 Y184.744
M204 S1800
M205 X8 Y8
G1 F1200 X92.704 Y200.886 E1557.70761
M204 S3000
M205 X10 Y10
G0 F6000 X92.623 Y201.533
M204 S1800
M205 X8 Y8
G1 F1200 X109.049 Y185.107 E1558.48024
M204 S3000
M205 X10 Y10
G0 F6000 X109.252 Y185.469
M204 S1800
M205 X8 Y8
G1 F1200 X92.501 Y202.22 E1559.26816
G1 X92.431 Y202.29
M204 S3000
M205 X10 Y10
G0 F6000 X92.196 Y203.09
M204 S1800
M205 X8 Y8
G1 F1200 X109.456 Y185.831 E1560.07999
M204 S3000
M205 X10 Y10
G0 F6000 X109.659 Y186.193
M204 S1800
M205 X8 Y8
G1 F1200 X91.873 Y203.979 E1560.91659
G1 X91.803 Y204.049
M204 S3000
M205 X10 Y10
G0 F6000 X90.868 Y205.55
M204 S1800
M205 X8 Y8
G1 F1200 X109.856 Y186.563 E1561.80971
G1 X109.926 Y186.493
M204 S3000
M205 X10 Y10
G0 F6000 X101.942 Y176.94
M204 S1800
M205 X8 Y8
G1 F1200 X100.032 Y178.849 E1561.89952
G1 X99.962 Y178.919
M204 S3000
M205 X10 Y10
G0 F6000 X100.274 Y178.042
M204 S1800
M205 X8 Y8
G1 F1200 X101.622 Y176.694 E1561.96293
M204 S3000
M205 X10 Y10
G0 F6000 X101.3 Y176.45
M204 S1800
M205 X8 Y8
G1 F1200 X100.281 Y177.47 E1562.01088
M204 S3000
M205 X10 Y10
G0 F6000 X100.269 Y176.916
M204 S1800
M205 X8 Y8
G1 F1200 X100.972 Y176.213 E1562.04395
M204 S3000
M205 X10 Y10
G0 F6000 X100.643 Y175.976
M204 S1800
M205 X8 Y8
G1 F1200 X100.164 Y176.455 E1562.06648
M204 S3000
M205 X10 Y10
G0 F6000 X99.994 Y176.06
M204 S1800
M205 X8 Y8
G1 F1200 X100.308 Y175.745 E1562.08127
M204 S3000
M205 X10 Y10
G0 F6000 X99.971 Y175.517
M204 S1800
M205 X8 Y8
G1 F1200 X99.803 Y175.684 E1562.08915
M204 S3000
M205 X10 Y10
G0 F6000 X97.135 Y173.828
M204 S1800
M205 X8 Y8
G1 F1200 X97.039 Y173.923 E1562.09364
M204 S3000
M205 X10 Y10
G0 F6000 X96.749 Y173.648
M204 S1800
M205 X8 Y8
G1 F1200 X96.505 Y173.892 E1562.10512
M204 S3000
M205 X10 Y10
G0 F6000 X96.363 Y173.468
M204 S1800
M205 X8 Y8
G1 F1200 X95.823 Y174.008 E1562.13052
M204 S3000
M205 X10 Y10
G0 F6000 X95.974 Y173.291
M204 S1800
M205 X8 Y8
G1 F1200 X94.898 Y174.367 E1562.18113
G1 X94.828 Y174.437
M204 S3000
M205 X10 Y10
G0 F6000 X95.581 Y173.118
M204 S1800
M205 X8 Y8
G1 F1200 X56.825 Y211.874 E1564.0041
M204 S3000
M205 X10 Y10
G0 F6000 X56.665 Y211.469
M204 S1800
M205 X8 Y8
G1 F1200 X95.189 Y172.945 E1565.81615
M204 S3000
M205 X10 Y10
G0 F6000 X94.796 Y172.773
M204 S1800
M205 X8 Y8
G1 F1200 X56.505 Y211.063 E1567.61721
M204 S3000
M205 X10 Y10
G0 F6000 X56.345 Y210.658
M204 S1800
M205 X8 Y8
G1 F1200 X94.402 Y172.6 E1569.40732
M204 S3000
M205 X10 Y10
G0 F6000 X93.987 Y172.45
M204 S1800
M205 X8 Y8
G1 F1200 X56.184 Y210.253 E1571.18546
M204 S3000
M205 X10 Y10
G0 F6000 X56.024 Y209.848
M204 S1800
M205 X8 Y8
G1 F1200 X93.565 Y172.307 E1572.95127
M204 S3000
M205 X10 Y10
G0 F6000 X93.142 Y172.163
M204 S1800
M205 X8 Y8
G1 F1200 X55.863 Y209.442 E1574.70476
M204 S3000
M205 X10 Y10
G0 F6000 X55.729 Y209.011
M204 S1800
M205 X8 Y8
G1 F1200 X92.715 Y172.025 E1576.44447
M204 S3000
M205 X10 Y10
G0 F6000 X92.285 Y171.889
M204 S1800
M205 X8 Y8
G1 F1200 X55.606 Y208.568 E1578.16974
M204 S3000
M205 X10 Y10
G0 F6000 X55.484 Y208.124
M204 S1800
M205 X8 Y8
G1 F1200 X91.855 Y171.754 E1579.8805
M204 S3000
M205 X10 Y10
G0 F6000 X91.424 Y171.619
M204 S1800
M205 X8 Y8
G1 F1200 X55.362 Y207.68 E1581.57672
M204 S3000
M205 X10 Y10
G0 F6000 X55.24 Y207.237
M204 S1800
M205 X8 Y8
G1 F1200 X59.172 Y203.305 E1581.76167
M204 S3000
M205 X10 Y10
G0 F6000 X58.402 Y203.509
M204 S1800
M205 X8 Y8
G1 F1200 X55.118 Y206.794 E1581.91616
M204 S3000
M205 X10 Y10
G0 F6000 X54.995 Y206.35
M204 S1800
M205 X8 Y8
G1 F1200 X57.773 Y203.573 E1582.04681
M204 S3000
M205 X10 Y10
G0 F6000 X57.207 Y203.573
M204 S1800
M205 X8 Y8
G1 F1200 X54.911 Y205.869 E1582.1548
M204 S3000
M205 X10 Y10
G0 F6000 X54.833 Y205.381
M204 S1800
M205 X8 Y8
G1 F1200 X56.758 Y203.457 E1582.24532
M204 S3000
M205 X10 Y10
G0 F6000 X56.352 Y203.297
M204 S1800
M205 X8 Y8
G1 F1200 X54.754 Y204.894 E1582.32047
M204 S3000
M205 X10 Y10
G0 F6000 X54.676 Y204.407
M204 S1800
M205 X8 Y8
G1 F1200 X55.946 Y203.137 E1582.3802
M204 S3000
M205 X10 Y10
G0 F6000 X55.609 Y202.908
M204 S1800
M205 X8 Y8
G1 F1200 X54.597 Y203.92 E1582.4278
M204 S3000
M205 X10 Y10
G0 F6000 X54.52 Y203.432
M204 S1800
M205 X8 Y8
G1 F1200 X55.295 Y202.657 E1582.46426
M204 S3000
M205 X10 Y10
G0 F6000 X55.032 Y202.354
M204 S1800
M205 X8 Y8
G1 F1200 X54.455 Y202.931 E1582.4914
M204 S3000
M205 X10 Y10
G0 F6000 X54.424 Y202.396
M204 S1800
M205 X8 Y8
G1 F1200 X54.77 Y202.05 E1582.50767
M204 S3000
M205 X10 Y10
G0 F6000 X54.551 Y201.704
M204 S1800
M205 X8 Y8
G1 F1200 X54.394 Y201.86 E1582.51503
M204 S3000
M205 X10 Y10
G0 F6000 X54.38 Y198.481
M204 S1800
M205 X8 Y8
G1 F1200 X54.53 Y198.33 E1582.52211
M204 S3000
M205 X10 Y10
G0 F6000 X54.412 Y197.883
M204 S1800
M205 X8 Y8
G1 F1200 X81.63 Y170.665 E1583.80236
M204 S3000
M205 X10 Y10
G0 F6000 X82.226 Y170.634
M204 S1800
M205 X8 Y8
G1 F1200 X56.054 Y196.806 E1585.03342
G1 X55.984 Y196.876
M204 S3000
M205 X10 Y10
G0 F6000 X56.951 Y196.475
M204 S1800
M205 X8 Y8
G1 F1200 X82.8 Y170.626 E1586.24927
M204 S3000
M205 X10 Y10
G0 F6000 X83.374 Y170.617
M204 S1800
M205 X8 Y8
G1 F1200 X57.6 Y196.391 E1587.4616
M204 S3000
M205 X10 Y10
G0 F6000 X58.108 Y196.449
M204 S1800
M205 X8 Y8
G1 F1200 X83.946 Y170.612 E1588.67692
M204 S3000
M205 X10 Y10
G0 F6000 X84.512 Y170.611
M204 S1800
M205 X8 Y8
G1 F1200 X58.614 Y196.509 E1589.89508
M204 S3000
M205 X10 Y10
G0 F6000 X59.054 Y196.635
M204 S1800
M205 X8 Y8
G1 F1200 X85.073 Y170.616 E1591.11894
M204 S3000
M205 X10 Y10
G0 F6000 X85.591 Y170.663
M204 S1800
M205 X8 Y8
G1 F1200 X59.414 Y196.84 E1592.35022
M204 S3000
M205 X10 Y10
G0 F6000 X59.751 Y197.069
M204 S1800
M205 X8 Y8
G1 F1200 X86.11 Y170.711 E1593.59005
M204 S3000
M205 X10 Y10
G0 F6000 X86.627 Y170.759
M204 S1800
M205 X8 Y8
G1 F1200 X60.082 Y197.304 E1594.83864
M204 S3000
M205 X10 Y10
G0 F6000 X60.384 Y197.568
M204 S1800
M205 X8 Y8
G1 F1200 X87.142 Y170.81 E1596.09726
M204 S3000
M205 X10 Y10
G0 F6000 X87.652 Y170.865
M204 S1800
M205 X8 Y8
G1 F1200 X60.635 Y197.883 E1597.36808
M204 S3000
M205 X10 Y10
G0 F6000 X60.828 Y198.255
M204 S1800
M205 X8 Y8
G1 F1200 X88.162 Y170.921 E1598.65378
M204 S3000
M205 X10 Y10
G0 F6000 X88.633 Y171.015
M204 S1800
M205 X8 Y8
G1 F1200 X61.022 Y198.627 E1599.95254
M204 S3000
M205 X10 Y10
G0 F6000 X61.193 Y199.021
M204 S1800
M205 X8 Y8
G1 F1200 X89.105 Y171.109 E1601.26544
M204 S3000
M205 X10 Y10
G0 F6000 X89.576 Y171.204
M204 S1800
M205 X8 Y8
G1 F1200 X61.279 Y199.501 E1602.59644
M204 S3000
M205 X10 Y10
G0 F6000 X61.282 Y200.064
M204 S1800
M205 X8 Y8
G1 F1200 X90.046 Y171.3 E1603.94941
M204 S3000
M205 X10 Y10
G0 F6000 X90.51 Y171.401
M204 S1800
M205 X8 Y8
G1 F1200 X61.276 Y200.635 E1605.32449
G1 X61.206 Y200.705
M204 S3000
M205 X10 Y10
G0 F6000 X60.931 Y201.546
M204 S1800
M205 X8 Y8
G1 F1200 X90.974 Y171.503 E1606.73762
G1 X91.044 Y171.433
M204 S3000
M205 X10 Y10
G0 F6000 X93.565 Y175.701
M204 S1800
M205 X8 Y8
G1 F1200 X56.986 Y212.279 E1608.45816
M204 S3000
M205 X10 Y10
G0 F6000 X57.181 Y212.65
M204 S1800
M205 X8 Y8
G1 F1200 X93.258 Y176.573 E1610.15511
G1 X93.328 Y176.503
M204 S3000
M205 X10 Y10
G0 F6000 X80.996 Y170.733
M204 S1800
M205 X8 Y8
G1 F1200 X54.445 Y197.284 E1611.40399
M204 S3000
M205 X10 Y10
G0 F6000 X54.493 Y196.67
M204 S1800
M205 X8 Y8
G1 F1200 X80.355 Y170.808 E1612.62046
M204 S3000
M205 X10 Y10
G0 F6000 X79.71 Y170.888
M204 S1800
M205 X8 Y8
G1 F1200 X54.604 Y195.994 E1613.80137
M204 S3000
M205 X10 Y10
G0 F6000 X54.715 Y195.317
M204 S1800
M205 X8 Y8
G1 F1200 X79.065 Y170.967 E1614.94672
M204 S3000
M205 X10 Y10
G0 F6000 X78.382 Y171.084
M204 S1800
M205 X8 Y8
G1 F1200 X54.825 Y194.641 E1616.05477
M204 S3000
M205 X10 Y10
G0 F6000 X54.935 Y193.965
M204 S1800
M205 X8 Y8
G1 F1200 X77.656 Y171.244 E1617.12349
M204 S3000
M205 X10 Y10
G0 F6000 X76.92 Y171.415
M204 S1800
M205 X8 Y8
G1 F1200 X55.111 Y193.223 E1618.1493
G1 X55.041 Y193.293
M204 S3000
M205 X10 Y10
G0 F6000 X55.326 Y192.444
M204 S1800
M205 X8 Y8
G1 F1200 X76.18 Y171.59 E1619.13021
M204 S3000
M205 X10 Y10
G0 F6000 X75.41 Y171.793
M204 S1800
M205 X8 Y8
G1 F1200 X55.54 Y191.664 E1620.06485
G1 X55.47 Y191.734
M204 S3000
M205 X10 Y10
G0 F6000 X55.753 Y190.884
M204 S1800
M205 X8 Y8
G1 F1200 X74.562 Y172.076 E1620.94955
G1 X74.632 Y172.006
M204 S3000
M205 X10 Y10
G0 F6000 X73.693 Y172.379
M204 S1800
M205 X8 Y8
G1 F1200 X56.084 Y189.988 E1621.77782
G1 X56.014 Y190.058
M204 S3000
M205 X10 Y10
G0 F6000 X56.456 Y189.051
M204 S1800
M205 X8 Y8
G1 F1200 X72.824 Y172.683 E1622.54772
G1 X72.894 Y172.613
M204 S3000
M205 X10 Y10
G0 F6000 X71.812 Y173.129
M204 S1800
M205 X8 Y8
G1 F1200 X56.828 Y188.113 E1623.25252
G1 X56.758 Y188.183
M204 S3000
M205 X10 Y10
G0 F6000 X57.347 Y187.028
M204 S1800
M205 X8 Y8
G1 F1200 X70.74 Y173.635 E1623.88249
G1 X70.81 Y173.565
M204 S3000
M205 X10 Y10
G0 F6000 X69.628 Y174.182
M204 S1800
M205 X8 Y8
G1 F1200 X57.974 Y185.836 E1624.43066
G1 X57.904 Y185.906
M204 S3000
M205 X10 Y10
G0 F6000 X58.723 Y184.52
M204 S1800
M205 X8 Y8
G1 F1200 X68.188 Y175.056 E1624.87584
G1 X68.258 Y174.986
M204 S3000
M205 X10 Y10
G0 F6000 X66.495 Y176.183
M204 S1800
M205 X8 Y8
G1 F1200 X59.884 Y182.794 E1625.1868
G1 X59.814 Y182.864
M204 S3000
M205 X10 Y10
G0 F6000 X77.339 Y205.083
G0 X78.5 Y206.245
G0 X96.121 Y218.965
M204 S1800
M205 X8 Y8
G1 F1200 X121.649 Y193.437 E1626.38756
M204 S3000
M205 X10 Y10
G0 F6000 X122.215 Y193.436
M204 S1800
M205 X8 Y8
G1 F1200 X96.731 Y218.92 E1627.58625
M204 S3000
M205 X10 Y10
G0 F6000 X97.229 Y218.988
M204 S1800
M205 X8 Y8
G1 F1200 X122.782 Y193.436 E1628.78816
M204 S3000
M205 X10 Y10
G0 F6000 X123.348 Y193.435
M204 S1800
M205 X8 Y8
G1 F1200 X97.708 Y219.075 E1629.99419
M204 S3000
M205 X10 Y10
G0 F6000 X98.141 Y219.208
M204 S1800
M205 X8 Y8
G1 F1200 X123.914 Y193.435 E1631.20647
M204 S3000
M205 X10 Y10
G0 F6000 X124.48 Y193.434
M204 S1800
M205 X8 Y8
G1 F1200 X98.503 Y219.411 E1632.42835
M204 S3000
M205 X10 Y10
G0 F6000 X98.828 Y219.652
M204 S1800
M205 X8 Y8
G1 F1200 X125.046 Y193.434 E1633.66156
G1 X125.116 Y193.364
M204 S3000
M205 X10 Y10
G0 F6000 X127.878 Y193.431
M204 S1800
M205 X8 Y8
G1 F1200 X124.464 Y196.844 E1633.82212
G1 X124.394 Y196.914
M204 S3000
M205 X10 Y10
G0 F6000 X125.353 Y196.521
M204 S1800
M205 X8 Y8
G1 F1200 X128.133 Y193.741 E1633.95289
M204 S3000
M205 X10 Y10
G0 F6000 X128.133 Y194.307
M204 S1800
M205 X8 Y8
G1 F1200 X126.046 Y196.394 E1634.05105
M204 S3000
M205 X10 Y10
G0 F6000 X126.561 Y196.444
M204 S1800
M205 X8 Y8
G1 F1200 X128.133 Y194.872 E1634.12499
M204 S3000
M205 X10 Y10
G0 F6000 X128.133 Y195.438
M204 S1800
M205 X8 Y8
G1 F1200 X127.058 Y196.513 E1634.17556
M204 S3000
M205 X10 Y10
G0 F6000 X127.497 Y196.64
M204 S1800
M205 X8 Y8
G1 F1200 X128.133 Y196.004 E1634.20547
M204 S3000
M205 X10 Y10
G0 F6000 X128.133 Y196.57
M204 S1800
M205 X8 Y8
G1 F1200 X127.882 Y196.821 E1634.21728
M204 S3000
M205 X10 Y10
G0 F6000 X125.855 Y197.313
G0 X124.685 Y197.767
G0 X113.14 Y207.492
G0 X105.108 Y220.16
M204 S1800
M205 X8 Y8
G1 F1200 X104.094 Y221.174 E1634.26498
G1 X104.024 Y221.244
M204 S3000
M205 X10 Y10
;MESH:NONMESH
G0 F600 X104.024 Y221.244 Z1.4
G0 F6000 X99.34 Y176.806
G0 X98.164 Y174.225
;TIME_ELAPSED:2138.910192
;LAYER:6
M204 S1800
M205 X8 Y8
;TYPE:FILL
;MESH:14_4_1.stl
G1 F2061.9 X98.606 Y174.501 E1634.29019
G1 F1935.5 X99.16 Y174.86 E1634.32423
M204 S3000
M205 X10 Y10
G0 F6000 X99.454 Y176.918
G0 X99.448 Y223.19
G0 X99.162 Y225.141
M204 S1800
M205 X8 Y8
G1 F1929.3 X98.583 Y225.515 E1634.35988
G1 F2033.9 X98.01 Y225.854 E1634.39254
G1 F2040.8 X97.913 Y225.897 E1634.39772
M204 S3000
M205 X10 Y10
G0 F6000 X99.383 Y224.746
M204 S1800
M205 X8 Y8
G1 F3000 X99.571 Y225.034 E1634.40916
G1 X100.064 Y224.736 E1634.42832
G1 X101.307 Y223.841 E1634.47927
G1 X102.596 Y222.862 E1634.5331
G1 X102.683 Y222.783 E1634.53701
G1 X87.747 Y207.848 E1635.23953
G1 X89.206 Y206.928 E1635.2969
G1 X89.91 Y206.239 E1635.32966
G1 X104.648 Y220.977 E1636.02289
G1 X104.989 Y220.655 E1636.03849
G1 X105.964 Y219.568 E1636.08706
G1 X106.447 Y219.004 E1636.11176
G1 X91.529 Y204.086 E1636.81346
G1 X91.737 Y203.694 E1636.82821
G1 X92.323 Y202.001 E1636.8878
G1 X92.425 Y201.211 E1636.9143
G1 X108.077 Y216.862 E1637.65049
G1 X108.914 Y215.631 E1637.70001
G1 X109.53 Y214.544 E1637.74156
G1 X91.976 Y196.99 E1638.56725
G1 X91.681 Y196.142 E1638.59711
G1 X90.669 Y194.546 E1638.65996
G1 X90.168 Y194.018 E1638.68417
G1 X89.243 Y193.092 E1638.72771
G1 X87.674 Y192.104 E1638.78938
G1 X87.262 Y191.872 E1638.8051
G1 X87.263 Y191.926 E1638.8069
M204 S3000
M205 X10 Y10
G0 F6000 X98.209 Y180.592
M204 S1800
M205 X8 Y8
G1 F3000 X112.955 Y195.338 E1639.50051
G1 X113.2 Y196.852 E1639.55152
G1 X113.344 Y199.5 E1639.63972
G1 X84.217 Y170.373 E1641.00976
G1 X83.483 Y170.373 E1641.03418
G1 X81.879 Y170.399 E1641.08753
G1 X80.61 Y170.537 E1641.12999
G1 X113.192 Y203.119 E1642.66255
G1 X113.146 Y203.523 E1642.67607
G1 X112.76 Y205.88 E1642.75551
G1 X112.661 Y206.359 E1642.77178
G1 X77.365 Y171.064 E1644.43197
G1 X75.6 Y171.475 E1644.49224
G1 X74.405 Y171.875 E1644.53416
G1 X111.851 Y209.321 E1646.2955
G1 X111.512 Y210.174 E1646.32603
G1 X111.045 Y211.453 E1646.37132
G1 X110.793 Y212.035 E1646.39241
G1 X71.684 Y172.926 E1648.23198
G1 X71.178 Y173.159 E1648.25051
G1 X69.665 Y173.88 E1648.30625
G1 X69.167 Y174.18 E1648.32559
G1 X86.724 Y191.738 E1649.15144
G1 X85.764 Y191.403 E1649.18526
G1 X84.588 Y191.248 E1649.22471
G1 X83.787 Y191.16 E1649.25151
G1 X82.502 Y191.287 E1649.29446
G1 X66.837 Y175.622 E1650.03129
G1 X65.65 Y176.523 E1650.08086
G1 X64.702 Y177.259 E1650.12078
G1 X79.63 Y192.187 E1650.82294
G1 X78.215 Y193.072 E1650.87845
G1 X77.473 Y193.802 E1650.91307
G1 X62.745 Y179.074 E1651.60583
G1 X62.102 Y179.689 E1651.63543
G1 X60.95 Y181.051 E1651.69476
G1 X75.864 Y195.964 E1652.39624
G1 X75.818 Y196.036 E1652.39909
G1 X75.518 Y196.797 E1652.42629
G1 X75.113 Y197.96 E1652.46725
G1 X74.995 Y198.867 E1652.49767
G1 X59.324 Y183.196 E1653.23479
G1 X58.255 Y184.783 E1653.29843
G1 X57.87 Y185.514 E1653.32591
G1 X75.491 Y203.135 E1654.15475
G1 X75.731 Y203.87 E1654.18046
G1 X76.153 Y204.496 E1654.20557
G1 X76.767 Y205.466 E1654.24376
G1 X78.205 Y206.928 E1654.31196
G1 X79.915 Y207.989 E1654.3789
M204 S3000
M205 X10 Y10
G0 F6000 X95.451 Y219.324
M204 S1800
M205 X8 Y8
G1 F3000 X84.847 Y208.72 E1654.87768
G1 X83.666 Y208.839 E1654.91715
G1 X82.587 Y208.721 E1654.95326
G1 X81.737 Y208.616 E1654.98174
G1 X80.571 Y208.215 E1655.02275
G1 X93.529 Y221.173 E1655.63226
G1 X93.364 Y221.764 E1655.65267
G1 X93.239 Y222.286 E1655.67052
G1 X93.235 Y222.657 E1655.68286
G1 X93.495 Y223.799 E1655.72181
G1 X93.644 Y224.175 E1655.73527
G1 X93.84 Y224.444 E1655.74634
G1 X94.707 Y225.371 E1655.78855
G1 X95.003 Y225.532 E1655.79976
G1 X95.955 Y225.9 E1655.83371
G1 X96.358 Y225.984 E1655.8474
G1 X97.467 Y225.878 E1655.88445
G1 X97.604 Y226.187 E1655.89569
G1 X96.814 Y226.58 E1655.92504
G1 X95.684 Y227.1 E1655.96641
G1 X56.603 Y188.019 E1657.80466
G1 X55.584 Y190.592 E1657.89671
G1 X55.546 Y190.733 E1657.90157
G1 X92.958 Y228.145 E1659.66131
G1 X91.373 Y228.647 E1659.71661
G1 X89.992 Y228.951 E1659.76364
G1 X61.14 Y200.099 E1661.12075
G1 X61.132 Y200.664 E1661.13955
G1 X61.174 Y200.664 E1661.14094
G1 X60.997 Y201.121 E1661.15724
G1 X60.526 Y202.023 E1661.19109
G1 X60.371 Y202.256 E1661.20039
G1 X59.914 Y202.645 E1661.22036
G1 X86.739 Y229.47 E1662.48212
G1 X85.074 Y229.625 E1662.53774
G1 X83.117 Y229.62 E1662.60283
G1 X56.834 Y203.337 E1663.8391
M204 S3000
M205 X10 Y10
G0 F6000 X55.99 Y203.011
M204 S1800
M205 X8 Y8
G1 F3000 X55.505 Y202.673 E1663.85876
G1 X54.815 Y201.902 E1663.89318
G1 X54.645 Y201.659 E1663.90304
G1 X54.498 Y201.294 E1663.91613
G1 X54.404 Y200.906 E1663.92941
M204 S3000
M205 X10 Y10
G0 F6000 X56.113 Y202.317
G0 X57.272 Y202.764
G0 X58.713 Y202.634
G0 X59.733 Y201.936
G0 X61.14 Y200.099
M204 S1800
M205 X8 Y8
G1 F3000 X61.143 Y199.435 E1663.95149
G1 X61.043 Y198.979 E1663.96702
G1 X60.975 Y198.827 E1663.97256
G1 X60.469 Y197.88 E1664.00827
G1 X60.215 Y197.573 E1664.02152
G1 X59.305 Y196.926 E1664.05866
G1 X58.926 Y196.729 E1664.07286
G1 X58.614 Y196.653 E1664.08354
G1 X57.573 Y196.532 E1664.1184
G1 X54.737 Y193.696 E1664.2518
G1 X54.234 Y196.777 E1664.35563
G1 X54.223 Y196.954 E1664.36153
G1 X55.076 Y197.807 E1664.40165
G1 X54.79 Y198.131 E1664.41602
G1 X54.512 Y198.66 E1664.4359
G1 X54.263 Y199.651 E1664.46989
G1 X54.201 Y200.073 E1664.48407
G1 X54.404 Y200.906 E1664.51259
G1 X54.092 Y200.594 E1664.52726
G1 X54.226 Y203.15 E1664.61239
G1 X54.486 Y204.761 E1664.66667
G1 X78.991 Y229.265 E1665.81929
G1 X78.697 Y229.229 E1665.82914
G1 X76.991 Y228.85 E1665.88726
G1 X75.579 Y228.519 E1665.9355
G1 X73.908 Y227.954 E1665.99417
G1 X55.736 Y209.783 E1666.8489
G1 X56.767 Y212.39 E1666.94214
G1 X58.257 Y215.215 E1667.04837
G1 X60.029 Y217.846 E1667.15387
G1 X65.677 Y223.495 E1667.41956
G1 X64.418 Y222.52 E1667.47253
G1 X62.103 Y220.309 E1667.579
G1 X60.879 Y218.867 E1667.64191
G1 X60.043 Y217.868 E1667.68523
M204 S3000
M205 X10 Y10
G0 F6000 X95.985 Y219.125
M204 S1800
M205 X8 Y8
G1 F3000 X96.274 Y219.053 E1667.69514
G1 X96.609 Y219.051 E1667.70628
G1 X97.688 Y219.181 E1667.74243
G1 X97.716 Y219.152 E1667.74377
G1 X98.06 Y219.298 E1667.7562
G1 X98.44 Y219.538 E1667.77115
G1 X99.286 Y220.159 E1667.80605
G1 X99.504 Y220.458 E1667.81836
G1 X99.977 Y221.349 E1667.85191
G1 X100.165 Y221.941 E1667.87257
G1 X100.146 Y222.025 E1667.87544
G1 X100.134 Y223.178 E1667.91379
G1 X99.996 Y223.635 E1667.92967
G1 X99.913 Y223.785 E1667.93537
G1 X100.529 Y224.401 E1667.96434
M204 S3000
M205 X10 Y10
G0 F6000 X107.09 Y181.752
M204 S1800
M205 X8 Y8
G1 F3000 X106.044 Y180.52 E1668.0181
G1 X104.986 Y179.335 E1668.07093
G1 X103.755 Y178.171 E1668.12728
G1 X102.693 Y177.215 E1668.17481
G1 X101.338 Y176.178 E1668.23156
G1 X107.542 Y182.382 E1668.52337
G1 X108.036 Y183.072 E1668.5516
G1 X108.916 Y184.37 E1668.60376
G1 X109.732 Y185.818 E1668.65904
G1 X110.447 Y187.166 E1668.70979
G1 X111.113 Y188.708 E1668.76566
G1 X111.68 Y190.135 E1668.81673
G1 X111.754 Y190.366 E1668.8248
G1 X99.995 Y178.607 E1669.3779
G1 X99.407 Y179.694 E1669.41901
G1 X99.062 Y180.03 E1669.43502
G1 X98.479 Y180.43 E1669.45854
G1 X97.882 Y180.788 E1669.48169
G1 X97.229 Y180.872 E1669.50359
G1 X96.426 Y180.956 E1669.53044
G1 X96.035 Y180.893 E1669.54362
G1 X95.308 Y180.616 E1669.56949
G1 X94.806 Y180.402 E1669.58764
G1 X94.492 Y180.143 E1669.60118
G1 X93.687 Y179.213 E1669.64209
G1 X93.516 Y178.841 E1669.65571
G1 X93.239 Y177.688 E1669.69515
G1 X93.236 Y177.282 E1669.70865
G1 X93.355 Y176.766 E1669.72627
G1 X93.577 Y175.961 E1669.75404
G1 X88.324 Y170.707 E1670.00115
G1 X89.749 Y170.99 E1670.04947
G1 X91.36 Y171.342 E1670.10432
G1 X92.855 Y171.812 E1670.15644
G1 X94.32 Y172.307 E1670.20787
G1 X95.098 Y172.637 E1670.23598
G1 X96.025 Y173.05 E1670.26973
G1 X97.335 Y173.656 E1670.31774
G1 X97.858 Y173.957 E1670.33781
G1 X97.731 Y174.162 E1670.34583
G1 X97.193 Y174.086 E1670.3639
G1 X96.596 Y174.016 E1670.38389
G1 X96 Y174.087 E1670.40386
M204 S3000
M205 X10 Y10
G0 F6000 X95.617 Y174.229
M204 S1800
M205 X8 Y8
G1 F3000 X93.376 Y171.988 E1670.50927
M204 S3000
M205 X10 Y10
G0 F6000 X93.871 Y177.636
G0 X94.366 Y177.517
M204 S1800
M205 X8 Y8
;TYPE:WALL-OUTER
G1 F3000 X94.615 Y176.439 E1670.54607
G1 X95.324 Y175.597 E1670.58268
G1 X95.446 Y175.512 E1670.58762
G1 X96.385 Y175.162 E1670.62095
G1 X97.061 Y175.219 E1670.64352
G1 X97.564 Y175.294 E1670.66043
G1 X98.437 Y175.896 E1670.6957
G1 X98.969 Y176.848 E1670.73197
G1 X99.006 Y176.995 E1670.73702
G1 X99 Y178.024 E1670.77124
G1 X98.515 Y178.981 E1670.80693
G1 X98.415 Y179.092 E1670.81189
G1 X97.573 Y179.669 E1670.84584
G1 X96.504 Y179.817 E1670.88174
G1 X96.355 Y179.8 E1670.88673
G1 X95.416 Y179.437 E1670.92021
G1 X94.701 Y178.666 E1670.95518
G1 X94.605 Y178.506 E1670.96139
G1 X94.366 Y177.517 E1670.99523
M204 S3000
M205 X10 Y10
G0 F6000 X94.411 Y177.323
G0 X93.9 Y177.195
G0 X94.188 Y178.689
G0 X95.113 Y179.8
G0 X113.266 Y193.165
G0 X113.757 Y192.723
M204 S1800
M205 X8 Y8
G1 F3000 X113.615 Y192.643 E1671.00065
G1 X113.449 Y191.998 E1671.0228
G1 X113.284 Y191.403 E1671.04334
G1 X112.753 Y189.743 E1671.10131
G1 X112.109 Y188.131 E1671.15904
G1 X111.48 Y186.68 E1671.21164
G1 X110.666 Y185.147 E1671.26937
G1 X109.885 Y183.769 E1671.32205
G1 X108.913 Y182.334 E1671.3797
G1 X107.988 Y181.048 E1671.43239
G1 X106.865 Y179.726 E1671.49008
G1 X105.81 Y178.546 E1671.54273
G1 X104.519 Y177.325 E1671.60183
G1 X103.374 Y176.295 E1671.65305
G1 X101.975 Y175.233 E1671.71147
G1 X100.712 Y174.32 E1671.76331
G1 X99.213 Y173.418 E1671.82149
G1 X97.85 Y172.638 E1671.87373
G1 X96.258 Y171.903 E1671.93205
G1 X94.824 Y171.275 E1671.98411
G1 X93.147 Y170.71 E1672.04297
G1 X91.658 Y170.242 E1672.09489
G1 X90.028 Y169.886 E1672.15038
G1 X88.423 Y169.564 E1672.20482
G1 X86.619 Y169.369 E1672.26517
G1 X85.123 Y169.233 E1672.31514
G1 X83.297 Y169.235 E1672.37587
G1 X81.806 Y169.261 E1672.42547
G1 X80.08 Y169.449 E1672.48321
G1 X78.513 Y169.645 E1672.53574
G1 X76.731 Y170.039 E1672.59644
G1 X75.289 Y170.378 E1672.64571
G1 X73.632 Y170.934 E1672.70384
G1 X72.141 Y171.46 E1672.75643
G1 X70.502 Y172.218 E1672.81649
G1 X69.134 Y172.871 E1672.86691
G1 X67.591 Y173.8 E1672.92681
G1 X66.303 Y174.596 E1672.97717
G1 X64.787 Y175.751 E1673.04056
G1 X63.671 Y176.617 E1673.08754
G1 X62.375 Y177.844 E1673.1469
G1 X61.271 Y178.909 E1673.19792
G1 X60.115 Y180.268 E1673.25726
G1 X59.131 Y181.445 E1673.30829
G1 X57.277 Y184.197 E1673.41865
G1 X55.731 Y187.131 E1673.52896
G1 X54.503 Y190.229 E1673.6398
G1 X53.627 Y193.414 E1673.74966
G1 X53.297 Y195.444 E1673.81807
G1 X53.093 Y196.69 E1673.86006
G1 X52.915 Y200.002 E1673.97038
G1 X52.922 Y200.144 E1673.97511
G1 X53.094 Y203.311 E1674.0806
G1 X53.628 Y206.587 E1674.191
G1 X54.506 Y209.772 E1674.30088
G1 X55.732 Y212.87 E1674.4117
G1 X57.278 Y215.804 E1674.522
G1 X59.132 Y218.556 E1674.63237
G1 X60.179 Y219.808 E1674.68665
G1 X61.272 Y221.092 E1674.74273
G1 X62.376 Y222.157 E1674.79375
G1 X63.672 Y223.385 E1674.85313
G1 X64.968 Y224.389 E1674.90766
G1 X66.305 Y225.405 E1674.96351
G1 X67.71 Y226.272 E1675.01842
G1 X69.136 Y227.13 E1675.07378
G1 X70.63 Y227.842 E1675.12882
G1 X72.142 Y228.541 E1675.18422
G1 X73.713 Y229.094 E1675.23962
G1 X75.274 Y229.62 E1675.29441
G1 X76.888 Y229.997 E1675.34953
G1 X78.512 Y230.356 E1675.40485
G1 X80.17 Y230.561 E1675.46042
G1 X81.808 Y230.74 E1675.51522
G1 X83.389 Y230.766 E1675.56781
G1 X85.123 Y230.766 E1675.62549
G1 X86.779 Y230.616 E1675.68079
G1 X88.425 Y230.435 E1675.73587
G1 X90.032 Y230.112 E1675.79038
G1 X91.674 Y229.75 E1675.84631
G1 X93.143 Y229.291 E1675.8975
G1 X94.823 Y228.723 E1675.95648
G1 X96.292 Y228.082 E1676.00979
G1 X97.851 Y227.36 E1676.06693
G1 X99.235 Y226.57 E1676.11994
G1 X100.709 Y225.68 E1676.17721
G1 X102.01 Y224.74 E1676.23059
G1 X103.375 Y223.702 E1676.28763
G1 X104.55 Y222.645 E1676.34019
G1 X105.811 Y221.45 E1676.39797
G1 X106.867 Y220.272 E1676.45059
G1 X107.992 Y218.948 E1676.50838
G1 X108.913 Y217.664 E1676.56094
G1 X109.888 Y216.227 E1676.61869
G1 X110.667 Y214.851 E1676.67128
G1 X111.481 Y213.318 E1676.72901
G1 X112.108 Y211.871 E1676.78147
G1 X112.585 Y210.559 E1676.8279
G1 X113.019 Y209.471 E1676.86686
G1 X113.534 Y207.69 E1676.92852
G1 X113.629 Y207.391 E1676.93896
G1 X113.775 Y207.329 E1676.94423
G1 X115.654 Y207.334 E1677.00673
G1 X129.514 Y207.27 E1677.46772
G1 X129.514 Y192.73 E1677.95132
G1 X124.703 Y192.706 E1678.11134
G1 X113.757 Y192.723 E1678.4754
M204 S3000
M205 X10 Y10
G0 F6000 X113.615 Y192.643
G0 X113.606 Y192.607
G0 X113.093 Y192.724
G0 X123.373 Y200.167
G0 X123.869 Y200.048
M204 S1800
M205 X8 Y8
G1 F3000 X123.87 Y199.951 E1678.47863
G1 X124.124 Y198.94 E1678.5133
G1 X124.168 Y198.855 E1678.51648
G1 X124.851 Y198.091 E1678.55057
G1 X125.636 Y197.769 E1678.57879
G1 X125.995 Y197.665 E1678.59122
G1 X127.018 Y197.797 E1678.62553
G1 X127.107 Y197.832 E1678.62871
G1 X127.949 Y198.422 E1678.6629
G1 X128.013 Y198.495 E1678.66613
G1 X128.484 Y199.424 E1678.70078
G1 X128.501 Y200.515 E1678.73707
G1 F3007.5 X128.477 Y200.608 E1678.74025
G1 X127.989 Y201.531 E1678.77489
G1 F3000 X127.924 Y201.603 E1678.77812
G1 X127.064 Y202.183 E1678.81262
G1 X125.974 Y202.332 E1678.84921
G1 X125.878 Y202.32 E1678.85243
G1 X124.911 Y201.95 E1678.88686
G1 X124.831 Y201.894 E1678.89011
G1 X124.147 Y201.102 E1678.92492
G1 X123.869 Y200.048 E1678.96117
M204 S3000
M205 X10 Y10
G0 F6000 X123.87 Y199.951
G0 X123.895 Y199.852
G0 X123.399 Y199.732
G0 X113.254 Y206.887
G0 X95.036 Y220.279
G0 X94.219 Y221.208
G0 X93.856 Y222.475
G0 X94.367 Y222.513
M204 S1800
M205 X8 Y8
G1 F3000 X94.615 Y221.472 E1678.99677
G1 X95.324 Y220.631 E1679.03335
G1 X95.445 Y220.546 E1679.03827
G1 X96.397 Y220.191 E1679.07206
G1 X97.151 Y220.263 E1679.09726
G1 X97.596 Y220.342 E1679.11229
G1 X98.451 Y220.938 E1679.14695
G1 X98.86 Y221.678 E1679.17507
G1 X99.004 Y221.999 E1679.18678
G1 X99.006 Y222.028 E1679.18774
G1 X99.001 Y223.052 E1679.2218
G1 X98.626 Y223.802 E1679.24969
G1 X98.448 Y224.097 E1679.26115
G1 X97.894 Y224.484 E1679.28363
G1 X97.502 Y224.726 E1679.29895
G1 X96.504 Y224.85 E1679.3324
G1 X96.184 Y224.767 E1679.34339
G1 X95.42 Y224.472 E1679.37063
G1 X94.692 Y223.689 E1679.40619
G1 X94.605 Y223.537 E1679.41202
G1 X94.367 Y222.513 E1679.44698
M204 S3000
M205 X10 Y10
G0 F6000 X94.413 Y222.319
G0 X93.909 Y222.193
G0 X77.339 Y205.083
G0 X76.367 Y203.537
G0 X75.827 Y201.986
G0 X75.509 Y200.081
G0 X76.015 Y200.025
M204 S1800
M205 X8 Y8
G1 F3000 X76.106 Y199.159 E1679.47595
G1 X76.203 Y198.299 E1679.50473
G1 X76.263 Y198.12 E1679.51101
G1 X76.775 Y196.659 E1679.5625
G1 X77.118 Y196.11 E1679.58403
G1 X77.686 Y195.207 E1679.61951
G1 X78.565 Y194.325 E1679.66093
G1 X78.931 Y193.965 E1679.678
G1 X80.376 Y193.061 E1679.73469
G1 X81.984 Y192.497 E1679.79137
G1 X82.713 Y192.412 E1679.81578
G1 X83.706 Y192.3 E1679.84902
G1 X84.462 Y192.382 E1679.87431
G1 X85.425 Y192.492 E1679.90655
G1 X87.034 Y193.054 E1679.96324
G1 X87.648 Y193.433 E1679.98723
G1 X88.509 Y193.974 E1680.02105
G1 X88.531 Y193.993 E1680.02202
G1 X89.733 Y195.197 E1680.07861
G1 X90.645 Y196.646 E1680.13555
G1 X90.937 Y197.472 E1680.16469
G1 X91.223 Y198.295 E1680.19367
G1 X91.414 Y199.999 E1680.2507
G1 X91.319 Y200.855 E1680.27935
G1 X91.223 Y201.705 E1680.3078
G1 X90.958 Y202.469 E1680.33469
G1 X90.653 Y203.339 E1680.36536
G1 X89.749 Y204.781 E1680.42196
G1 X89.127 Y205.411 E1680.45141
G1 X88.512 Y206.024 E1680.48029
G1 X87.066 Y206.932 E1680.53708
G1 X86.282 Y207.209 E1680.56473
G1 X85.424 Y207.508 E1680.59495
G1 X83.727 Y207.7 E1680.65176
G1 X82.715 Y207.589 E1680.68562
G1 X82 Y207.507 E1680.70956
G1 X81.217 Y207.235 E1680.73712
G1 X80.373 Y206.938 E1680.76688
G1 X79.804 Y206.583 E1680.78919
G1 X78.915 Y206.024 E1680.82412
G1 X77.885 Y204.995 E1680.87254
G1 X77.678 Y204.781 E1680.88244
G1 X76.777 Y203.345 E1680.93883
G1 X76.208 Y201.722 E1680.99603
G1 X76.109 Y200.857 E1681.02499
G1 X76.015 Y200.025 E1681.05284
M204 S3000
M205 X10 Y10
G0 F6000 X76.035 Y199.826
G0 X75.526 Y199.768
G0 X58.713 Y202.634
G0 X57.484 Y202.789
G0 X56.113 Y202.317
G0 X55.289 Y201.394
G0 X54.875 Y200.169
G0 X55.369 Y200.051
M204 S1800
M205 X8 Y8
G1 F3000 X55.371 Y199.921 E1681.05716
G1 X55.615 Y198.955 E1681.0903
G1 X55.658 Y198.871 E1681.09344
G1 X56.324 Y198.114 E1681.12697
G1 X56.445 Y198.029 E1681.13189
G1 X57.384 Y197.678 E1681.16523
G1 X57.479 Y197.667 E1681.16842
G1 X58.473 Y197.785 E1681.20171
G1 X58.653 Y197.863 E1681.20823
G1 X59.459 Y198.428 E1681.24097
G1 X59.499 Y198.481 E1681.24318
G1 X59.975 Y199.377 E1681.27693
G1 X60.006 Y199.511 E1681.2815
G1 X60.001 Y200.528 E1681.31533
G1 X59.979 Y200.608 E1681.31809
G1 X59.504 Y201.516 E1681.35217
G1 X58.714 Y202.09 E1681.38465
G1 X58.502 Y202.209 E1681.39273
G1 X57.504 Y202.334 E1681.42619
G1 X57.355 Y202.317 E1681.43117
G1 X56.419 Y201.955 E1681.46455
G1 X55.673 Y201.152 E1681.50101
G1 X55.605 Y201.023 E1681.50586
G1 X55.369 Y200.051 E1681.53913
M204 S3000
M205 X10 Y10
G0 F6000 X55.371 Y199.921
G0 X55.388 Y199.854
G0 X54.98 Y200.145
M204 S1800
M205 X8 Y8
;TYPE:WALL-INNER
G1 F3000 X54.983 Y199.823 E1681.54984
G1 X55.227 Y198.857 E1681.58297
G1 X55.358 Y198.607 E1681.59236
G1 X56.024 Y197.85 E1681.6259
G1 X56.305 Y197.654 E1681.63729
G1 X57.244 Y197.303 E1681.67063
G1 X57.526 Y197.27 E1681.68008
G1 X58.52 Y197.388 E1681.71337
G1 X58.8 Y197.481 E1681.72318
G1 X59.666 Y198.083 E1681.75826
G1 X59.852 Y198.293 E1681.76759
G1 X60.341 Y199.214 E1681.80227
G1 X60.406 Y199.513 E1681.81245
G1 X60.401 Y200.552 E1681.84701
G1 X60.334 Y200.793 E1681.85533
G1 X59.852 Y201.715 E1681.88993
G1 X59.641 Y201.939 E1681.90017
G1 X58.817 Y202.505 E1681.93342
G1 X58.552 Y202.606 E1681.94285
G1 X57.554 Y202.731 E1681.9763
G1 X57.211 Y202.69 E1681.98779
G1 X56.275 Y202.328 E1682.02117
G1 X56.024 Y202.146 E1682.03148
G1 X55.375 Y201.418 E1682.06392
G1 X55.216 Y201.117 E1682.07524
G1 X54.98 Y200.145 E1682.10851
M204 S3000
M205 X10 Y10
G0 F6000 X54.875 Y200.169
G0 X55.289 Y201.394
G0 X56.113 Y202.317
G0 X57.272 Y202.764
G0 X75.509 Y200.082
G0 X75.617 Y200.07
M204 S1800
M205 X8 Y8
G1 F3000 X75.708 Y199.115 E1682.14042
G1 X75.804 Y198.265 E1682.16887
G1 X75.885 Y197.988 E1682.17847
G1 X76.401 Y196.515 E1682.23038
G1 X76.779 Y195.897 E1682.25447
G1 X77.35 Y194.99 E1682.29012
G1 X78.282 Y194.042 E1682.33434
G1 X78.637 Y193.688 E1682.35101
G1 X79.589 Y193.081 E1682.38856
G1 X80.161 Y192.722 E1682.41103
G1 X81.074 Y192.392 E1682.44332
G1 X81.862 Y192.116 E1682.47109
G1 X82.668 Y192.014 E1682.49811
G1 X83.653 Y191.903 E1682.53108
G1 X84.507 Y191.984 E1682.55961
G1 X85.479 Y192.095 E1682.59215
G1 X86.49 Y192.439 E1682.62767
G1 X87.166 Y192.676 E1682.65149
G1 X87.86 Y193.094 E1682.67844
G1 X88.708 Y193.626 E1682.71173
G1 X88.814 Y193.71 E1682.71623
G1 X90.004 Y194.901 E1682.77223
G1 X90.31 Y195.36 E1682.79058
G1 X91.003 Y196.466 E1682.83399
G1 X91.315 Y197.34 E1682.86485
G1 X91.599 Y198.155 E1682.89356
G1 X91.716 Y199.097 E1682.92513
G1 X91.814 Y199.965 E1682.95418
G1 X91.717 Y200.9 E1682.98545
G1 X91.623 Y201.734 E1683.01336
G1 X91.336 Y202.601 E1683.04374
G1 X91.03 Y203.475 E1683.07454
G1 X90.621 Y204.145 E1683.10065
G1 X90.088 Y204.994 E1683.13399
G1 X89.41 Y205.693 E1683.16638
G1 X88.786 Y206.316 E1683.1957
G1 X88.338 Y206.606 E1683.21345
G1 X87.262 Y207.28 E1683.25568
G1 X86.414 Y207.587 E1683.28568
G1 X85.572 Y207.882 E1683.31535
G1 X84.616 Y208.002 E1683.3474
G1 X83.752 Y208.099 E1683.37632
G1 X82.67 Y207.987 E1683.4125
G1 X81.965 Y207.907 E1683.4361
G1 X81.085 Y207.613 E1683.46695
G1 X80.257 Y207.322 E1683.49614
G1 X79.592 Y206.922 E1683.52196
G1 X78.719 Y206.374 E1683.55624
G1 X78.283 Y205.96 E1683.57624
G1 X77.423 Y205.099 E1683.61671
G1 X77.339 Y204.994 E1683.62118
G1 X76.435 Y203.553 E1683.67776
G1 X76.183 Y202.862 E1683.70223
G1 X75.824 Y201.834 E1683.73844
G1 X75.711 Y200.901 E1683.7697
G1 X75.617 Y200.07 E1683.79752
M204 S3000
M205 X10 Y10
G0 F6000 X75.509 Y200.082
G0 X75.766 Y198.187
G0 X76.367 Y196.463
G0 X77.339 Y194.917
G0 X94 Y178.171
G0 X94.106 Y178.147
M204 S1800
M205 X8 Y8
G1 F3000 X93.98 Y177.628 E1683.81528
G1 X93.971 Y177.579 E1683.81694
G1 X93.984 Y177.306 E1683.82603
G1 X94.227 Y176.341 E1683.85912
G1 X94.358 Y176.091 E1683.86851
G1 X95.024 Y175.333 E1683.90207
G1 X95.306 Y175.137 E1683.91349
G1 X96.245 Y174.787 E1683.94682
G1 X96.526 Y174.753 E1683.95624
G1 X97.52 Y174.87 E1683.98953
G1 X97.845 Y174.992 E1684.00107
G1 X98.667 Y175.568 E1684.03446
G1 X98.853 Y175.777 E1684.04376
G1 X99.323 Y176.66 E1684.07703
G1 X99.406 Y176.997 E1684.08858
G1 X99.401 Y178.001 E1684.12197
G1 X99.334 Y178.276 E1684.13138
G1 X98.87 Y179.166 E1684.16477
G1 X98.641 Y179.422 E1684.17619
G1 X97.817 Y179.988 E1684.20944
G1 X97.552 Y180.089 E1684.21887
G1 X96.554 Y180.214 E1684.25233
G1 X96.252 Y180.187 E1684.26241
G1 X95.574 Y179.927 E1684.28656
G1 X95.13 Y179.73 E1684.30272
G1 X94.403 Y178.932 E1684.33862
G1 X94.235 Y178.662 E1684.3492
G1 X94.106 Y178.147 E1684.36686
M204 S3000
M205 X10 Y10
G0 F6000 X94 Y178.171
G0 X95.113 Y179.8
G0 X113.266 Y193.165
G0 X113.777 Y193.123
M204 S1800
M205 X8 Y8
G1 F3000 X113.517 Y193.065 E1684.37572
G1 X113.295 Y192.883 E1684.38527
G1 X113.191 Y192.659 E1684.39348
G1 X113.061 Y192.096 E1684.4127
G1 X112.9 Y191.517 E1684.43269
G1 X112.498 Y190.256 E1684.47671
G1 X112.23 Y189.512 E1684.50301
G1 X111.74 Y188.285 E1684.54695
G1 X111.119 Y186.854 E1684.59884
G1 X110.315 Y185.339 E1684.65588
G1 X109.545 Y183.98 E1684.70783
G1 X108.585 Y182.563 E1684.76476
G1 X107.673 Y181.295 E1684.81671
G1 X106.563 Y179.989 E1684.87372
G1 X105.523 Y178.825 E1684.92563
G1 X104.251 Y177.622 E1684.98386
G1 X103.118 Y176.603 E1685.03455
G1 X101.741 Y175.557 E1685.09206
G1 X100.491 Y174.654 E1685.14335
G1 X99.014 Y173.765 E1685.20069
G1 X97.666 Y172.994 E1685.25234
G1 X96.098 Y172.269 E1685.30979
G1 X94.68 Y171.649 E1685.36127
G1 X93.027 Y171.092 E1685.41929
G1 X91.555 Y170.629 E1685.47061
G1 X89.942 Y170.277 E1685.52552
G1 X88.362 Y169.96 E1685.57912
G1 X86.583 Y169.767 E1685.63864
G1 X85.105 Y169.633 E1685.688
G1 X83.304 Y169.635 E1685.7479
G1 X81.831 Y169.661 E1685.7969
G1 X80.214 Y169.836 E1685.85099
G1 X78.581 Y170.039 E1685.90572
G1 X76.978 Y170.393 E1685.96032
G1 X75.399 Y170.763 E1686.01427
G1 X73.762 Y171.312 E1686.07169
G1 X72.292 Y171.831 E1686.12354
G1 X70.674 Y172.579 E1686.18283
G1 X69.324 Y173.224 E1686.23259
G1 X67.801 Y174.14 E1686.2917
G1 X66.53 Y174.926 E1686.34141
G1 X65.032 Y176.067 E1686.40404
G1 X63.932 Y176.921 E1686.45036
G1 X62.653 Y178.132 E1686.50894
G1 X61.563 Y179.183 E1686.5593
G1 X60.422 Y180.524 E1686.61786
G1 X59.451 Y181.686 E1686.66823
G1 X57.621 Y184.403 E1686.77718
G1 X56.095 Y187.299 E1686.88606
G1 X54.883 Y190.356 E1686.99543
G1 X54.019 Y193.5 E1687.10388
G1 X53.586 Y196.152 E1687.19325
G1 X53.491 Y196.734 E1687.21287
G1 X53.323 Y199.874 E1687.31745
G1 X53.321 Y200.123 E1687.32574
G1 X53.492 Y203.268 E1687.43049
G1 X54.02 Y206.501 E1687.53945
G1 X54.886 Y209.645 E1687.64791
G1 X56.096 Y212.703 E1687.75729
G1 X57.622 Y215.598 E1687.86614
G1 X59.452 Y218.315 E1687.97509
G1 X60.483 Y219.549 E1688.02858
G1 X61.564 Y220.818 E1688.08402
G1 X62.725 Y221.937 E1688.13765
G1 X63.933 Y223.081 E1688.19299
G1 X65.21 Y224.071 E1688.24673
G1 X66.531 Y225.075 E1688.30192
G1 X67.916 Y225.929 E1688.35604
G1 X69.326 Y226.777 E1688.41076
G1 X70.798 Y227.479 E1688.465
G1 X72.293 Y228.17 E1688.51978
G1 X73.763 Y228.689 E1688.57163
G1 X75.384 Y229.235 E1688.62852
G1 X77.111 Y229.637 E1688.6875
G1 X78.58 Y229.962 E1688.73754
G1 X80.213 Y230.163 E1688.79226
G1 X81.833 Y230.34 E1688.84646
G1 X83.392 Y230.366 E1688.89832
G1 X85.105 Y230.366 E1688.9553
G1 X86.735 Y230.218 E1689.00974
G1 X88.364 Y230.039 E1689.06424
G1 X89.946 Y229.721 E1689.11791
G1 X91.571 Y229.363 E1689.17326
G1 X93.057 Y228.898 E1689.22504
G1 X94.679 Y228.349 E1689.282
G1 X96.124 Y227.719 E1689.33443
G1 X96.74 Y227.433 E1689.35702
G1 X97.667 Y227.004 E1689.39099
G1 X99.029 Y226.227 E1689.44314
G1 X100.488 Y225.346 E1689.49983
G1 X101.754 Y224.432 E1689.55177
G1 X103.119 Y223.394 E1689.6088
G1 X104.307 Y222.323 E1689.662
G1 X105.524 Y221.171 E1689.71774
G1 X106.565 Y220.009 E1689.76963
G1 X107.676 Y218.702 E1689.82668
G1 X108.585 Y217.435 E1689.87855
G1 X109.548 Y216.016 E1689.93558
G1 X110.316 Y214.659 E1689.98744
G1 X111.12 Y213.144 E1690.04449
G1 X111.736 Y211.723 E1690.096
G1 X112.213 Y210.411 E1690.14243
G1 X112.64 Y209.341 E1690.18075
G1 X113.146 Y207.592 E1690.24131
G1 X113.256 Y207.224 E1690.25408
G1 X113.44 Y207.029 E1690.263
G1 X113.717 Y206.931 E1690.27277
G1 X113.776 Y206.929 E1690.27474
G1 X115.652 Y206.934 E1690.33713
G1 X129.114 Y206.872 E1690.78489
G1 X129.114 Y201.91 E1690.94992
G1 F2836.9 X129.091 Y201.388 E1690.9683
G1 F2558.6 X129.068 Y200.865 E1690.98872
G1 F2154.4 X129.003 Y200.636 E1690.99974
G1 X128.873 Y200.817 E1691.01006
G1 F2558.6 X128.608 Y201.267 E1691.03043
G1 F2836.9 X128.342 Y201.718 E1691.04884
G1 F3000 X128.148 Y201.935 E1691.05853
G1 X127.288 Y202.515 E1691.09303
G1 X127.022 Y202.614 E1691.10247
G1 X126.02 Y202.73 E1691.13602
G1 X125.735 Y202.694 E1691.14557
G1 X124.768 Y202.324 E1691.18001
G1 X124.528 Y202.156 E1691.18975
G1 X123.844 Y201.364 E1691.22456
G1 X123.715 Y201.113 E1691.23394
G1 X123.48 Y200.142 E1691.26717
G1 X123.482 Y199.853 E1691.27678
G1 X123.736 Y198.842 E1691.31145
G1 X123.87 Y198.589 E1691.32098
G1 X124.553 Y197.825 E1691.35506
G1 X124.787 Y197.664 E1691.36451
G1 X125.725 Y197.307 E1691.39789
G1 X126.046 Y197.268 E1691.40864
G1 X127.069 Y197.4 E1691.44295
G1 X127.337 Y197.504 E1691.45251
G1 X128.178 Y198.094 E1691.48668
G1 X128.369 Y198.314 E1691.49637
G1 F2948.4 X128.611 Y198.775 E1691.51399
G1 F2843.6 X128.854 Y199.236 E1691.53228
G1 F2307.7 X129.009 Y199.518 E1691.54619
G1 X129.099 Y199.178 E1691.5614
G1 F2843.6 X129.106 Y198.657 E1691.57968
G1 F2948.4 X129.114 Y198.136 E1691.59732
G1 F3000 X129.114 Y193.128 E1691.76388
G1 X124.703 Y193.106 E1691.9106
G1 X113.777 Y193.123 E1692.274
M204 S3000
M205 X10 Y10
G0 F6000 X113.777 Y193.234
G0 X127.262 Y197.393
G0 X128.334 Y198.144
G0 X129.004 Y199.518
G0 X129.009 Y199.518
M204 S1800
M205 X8 Y8
G1 F1960.8 X129.007 Y200.517 E1692.32483
G1 F1941.7 X129.003 Y200.636 E1692.33095
M204 S3000
M205 X10 Y10
G0 F6000 X129.01 Y200.636
G0 X128.262 Y201.915
G0 X127.295 Y202.582
G0 X113.254 Y206.887
G0 X95.036 Y220.279
G0 X94.219 Y221.208
G0 X93.866 Y222.651
G0 X93.981 Y222.624
M204 S1800
M205 X8 Y8
G1 F3000 X93.97 Y222.565 E1692.33295
G1 X93.984 Y222.34 E1692.34045
G1 X94.234 Y221.347 E1692.3745
G1 X94.358 Y221.124 E1692.38299
G1 X95.024 Y220.367 E1692.41653
G1 X95.305 Y220.171 E1692.42792
G1 X96.244 Y219.82 E1692.46126
G1 X96.526 Y219.787 E1692.47071
G1 X97.557 Y219.91 E1692.50524
G1 X97.844 Y220.026 E1692.51554
G1 X98.666 Y220.6 E1692.54888
G1 X98.852 Y220.81 E1692.55821
G1 X99.322 Y221.694 E1692.59151
G1 X99.406 Y222.03 E1692.60303
G1 X99.401 Y223.034 E1692.63642
G1 X99.334 Y223.309 E1692.64584
G1 X98.87 Y224.2 E1692.67925
G1 X98.641 Y224.456 E1692.69067
G1 X97.817 Y225.022 E1692.72392
G1 X97.551 Y225.123 E1692.73339
G1 X96.553 Y225.247 E1692.76684
G1 X96.211 Y225.207 E1692.77829
G1 X95.276 Y224.845 E1692.81164
G1 X95.043 Y224.685 E1692.82104
G1 X94.374 Y223.934 E1692.85449
G1 X94.215 Y223.628 E1692.86596
G1 X93.981 Y222.624 E1692.90025
M204 S3000
M205 X10 Y10
G0 F6000 X93.711 Y223.225
M204 S1800
M205 X8 Y8
G1 F3000 X93.591 Y222.715 E1692.91767
G1 X93.574 Y222.617 E1692.92098
G1 X93.596 Y222.243 E1692.93344
G1 X93.851 Y221.231 E1692.96815
G1 X94.022 Y220.903 E1692.98046
G1 X94.724 Y220.103 E1693.01586
G1 X95.003 Y219.875 E1693.02784
G1 X96.104 Y219.446 E1693.06714
G1 X96.415 Y219.383 E1693.07769
G1 X97.245 Y219.468 E1693.10545
G1 X97.766 Y219.552 E1693.123
G1 X98.073 Y219.698 E1693.1343
G1 X98.895 Y220.272 E1693.16765
G1 X99.123 Y220.493 E1693.17821
G1 X99.567 Y221.302 E1693.2089
G1 X99.775 Y221.78 E1693.22624
G1 X99.806 Y222.032 E1693.23469
G1 X99.801 Y223.036 E1693.26808
G1 X99.688 Y223.493 E1693.28374
G1 X99.225 Y224.385 E1693.31717
G1 X99.036 Y224.64 E1693.32772
G1 X98.347 Y225.144 E1693.35612
G1 X97.817 Y225.471 E1693.37683
G1 X97.153 Y225.575 E1693.39918
G1 X96.603 Y225.644 E1693.41762
G1 X96.33 Y225.642 E1693.4267
G1 X95.896 Y225.514 E1693.44175
G1 X95.132 Y225.219 E1693.46899
G1 X94.906 Y225.096 E1693.47755
G1 X94.095 Y224.221 E1693.51723
G1 X93.887 Y223.9 E1693.52995
G1 X93.711 Y223.225 E1693.55315
M204 S3000
M205 X10 Y10
G0 F6000 X77.339 Y205.083
G0 X76.367 Y203.537
G0 X75.22 Y200.114
M204 S1800
M205 X8 Y8
G1 F3000 X75.311 Y199.07 E1693.588
G1 X75.407 Y198.219 E1693.61649
G1 X75.507 Y197.856 E1693.62901
G1 X76.01 Y196.418 E1693.67968
G1 X76.441 Y195.685 E1693.70796
G1 X77.018 Y194.767 E1693.74403
G1 X77.999 Y193.76 E1693.79079
G1 X78.37 Y193.39 E1693.80821
G1 X79.376 Y192.742 E1693.84801
G1 X79.962 Y192.375 E1693.87101
G1 X80.942 Y192.015 E1693.90573
G1 X81.74 Y191.735 E1693.93386
G1 X82.624 Y191.617 E1693.96353
G1 X83.613 Y191.505 E1693.99663
G1 X84.552 Y191.587 E1694.02798
G1 X85.494 Y191.694 E1694.05951
G1 X86.622 Y192.062 E1694.09898
G1 X87.298 Y192.299 E1694.1228
G1 X88.073 Y192.756 E1694.15273
G1 X88.921 Y193.287 E1694.186
G1 X89.097 Y193.428 E1694.1935
G1 X90.287 Y194.619 E1694.2495
G1 X90.649 Y195.148 E1694.27082
G1 X91.335 Y196.242 E1694.31377
G1 X91.693 Y197.208 E1694.34804
G1 X91.99 Y198.064 E1694.37817
G1 X92.113 Y199.052 E1694.41129
G1 X92.208 Y199.885 E1694.43917
G1 X92.114 Y200.945 E1694.47456
G1 X92.013 Y201.831 E1694.50422
G1 X91.714 Y202.733 E1694.53583
G1 X91.413 Y203.594 E1694.56617
G1 X90.959 Y204.357 E1694.5957
G1 X90.427 Y205.206 E1694.62902
G1 X89.693 Y205.976 E1694.6644
G1 X89.097 Y206.572 E1694.69244
G1 X88.551 Y206.944 E1694.71441
G1 X87.458 Y207.629 E1694.75731
G1 X86.546 Y207.965 E1694.78964
G1 X85.698 Y208.261 E1694.81951
G1 X84.66 Y208.4 E1694.85435
G1 X83.776 Y208.499 E1694.88393
G1 X82.625 Y208.384 E1694.9224
G1 X81.912 Y208.304 E1694.94627
G1 X80.953 Y207.99 E1694.97983
G1 X80.123 Y207.699 E1695.00908
G1 X79.379 Y207.261 E1695.0378
G1 X78.506 Y206.713 E1695.07208
G1 X78 Y206.242 E1695.09507
G1 X77.14 Y205.381 E1695.13555
G1 X77.001 Y205.206 E1695.14298
G1 X76.089 Y203.754 E1695.20001
G1 X75.805 Y202.994 E1695.227
G1 X75.456 Y201.996 E1695.26216
G1 X75.314 Y200.946 E1695.2974
G1 X75.22 Y200.114 E1695.32525
M204 S3000
M205 X10 Y10
G0 F6000 X57.484 Y202.789
G0 X56.113 Y202.317
G0 X55.447 Y201.57
G0 X54.591 Y200.24
M204 S1800
M205 X8 Y8
G1 F3000 X54.567 Y199.909 E1695.33629
G1 X54.839 Y198.759 E1695.37559
G1 X55.058 Y198.343 E1695.39123
G1 X55.724 Y197.586 E1695.42477
G1 X55.925 Y197.41 E1695.43365
G1 X56.165 Y197.28 E1695.44273
G1 X57.104 Y196.929 E1695.47607
G1 X57.351 Y196.871 E1695.48451
G1 X57.573 Y196.872 E1695.49189
G1 X58.567 Y196.99 E1695.52519
G1 X58.915 Y197.091 E1695.53724
G1 X59.895 Y197.755 E1695.57661
G1 X60.145 Y198.006 E1695.58839
G1 X60.206 Y198.105 E1695.59226
G1 X60.683 Y199.004 E1695.62611
G1 X60.795 Y199.359 E1695.63849
G1 X60.804 Y199.941 E1695.65785
G1 X60.802 Y200.52 E1695.67711
G1 X60.735 Y200.874 E1695.68909
G1 X60.688 Y200.978 E1695.69289
G1 X60.225 Y201.866 E1695.7262
G1 X59.97 Y202.188 E1695.73986
G1 X59.167 Y202.75 E1695.77246
G1 X58.862 Y202.934 E1695.7843
G1 X58.602 Y203.003 E1695.79325
G1 X57.604 Y203.128 E1695.8267
G1 X57.33 Y203.126 E1695.83582
G1 X57.067 Y203.063 E1695.84481
G1 X56.131 Y202.701 E1695.87819
G1 X55.726 Y202.412 E1695.89474
G1 X55.076 Y201.684 E1695.9272
G1 X54.918 Y201.447 E1695.93667
G1 X54.828 Y201.211 E1695.94507
G1 X54.591 Y200.24 E1695.97832
M204 S3000
M205 X10 Y10
G0 F6000 X55.219 Y198.691
G0 X56.036 Y197.762
G0 X93.592 Y177.722
M204 S1800
M205 X8 Y8
G1 F3000 X93.576 Y177.641 E1695.98106
G1 X93.573 Y177.33 E1695.99141
G1 X93.839 Y176.243 E1696.02863
G1 X93.961 Y175.957 E1696.03897
G1 X94.723 Y175.069 E1696.07789
G1 X94.925 Y174.892 E1696.08682
G1 X95.166 Y174.762 E1696.09593
G1 X96.105 Y174.412 E1696.12926
G1 X96.573 Y174.356 E1696.14494
G1 X97.567 Y174.473 E1696.17823
G1 X97.998 Y174.613 E1696.1933
G1 X98.896 Y175.241 E1696.22974
G1 X99.207 Y175.589 E1696.24527
G1 X99.676 Y176.472 E1696.27852
G1 X99.799 Y176.88 E1696.2927
G1 X99.806 Y176.999 E1696.29666
G1 X99.801 Y178.003 E1696.33005
G1 X99.688 Y178.461 E1696.34574
G1 X99.225 Y179.351 E1696.37911
G1 X98.947 Y179.692 E1696.39374
G1 X98.288 Y180.15 E1696.42044
G1 X97.843 Y180.424 E1696.43782
G1 X97.186 Y180.538 E1696.46
G1 X96.604 Y180.611 E1696.47951
G1 X96.204 Y180.588 E1696.49283
G1 X95.43 Y180.3 E1696.5203
G1 X94.982 Y180.112 E1696.53646
G1 X94.745 Y179.917 E1696.54667
G1 X94.039 Y179.123 E1696.582
G1 X93.841 Y178.745 E1696.5962
G1 X93.592 Y177.722 E1696.63122
M204 S3000
M205 X10 Y10
G0 F6000 X94.289 Y178.877
G0 X95.03 Y179.707
G0 X112.878 Y192.966
M204 S1800
M205 X8 Y8
G1 F3000 X112.725 Y192.42 E1696.65008
G1 X112.574 Y191.834 E1696.6702
G1 X112.374 Y191.182 E1696.69289
G1 X112 Y190.014 E1696.73368
G1 X111.37 Y188.439 E1696.7901
G1 X110.759 Y187.027 E1696.84127
G1 X109.965 Y185.532 E1696.89757
G1 X109.205 Y184.191 E1696.94884
G1 X108.257 Y182.792 E1697.00504
G1 X107.357 Y181.541 E1697.0563
G1 X106.261 Y180.252 E1697.11258
G1 X105.236 Y179.104 E1697.16376
G1 X103.983 Y177.92 E1697.2211
G1 X102.863 Y176.912 E1697.27122
G1 X101.507 Y175.881 E1697.32787
G1 X100.27 Y174.988 E1697.37862
G1 X98.815 Y174.113 E1697.43509
G1 X97.483 Y173.35 E1697.48614
G1 X95.938 Y172.636 E1697.54275
G1 X94.535 Y172.023 E1697.59368
G1 X92.907 Y171.473 E1697.65083
G1 X92.221 Y171.256 E1697.67476
G1 X91.452 Y171.016 E1697.70156
G1 X89.769 Y170.649 E1697.75885
G1 X88.301 Y170.356 E1697.80864
G1 X86.547 Y170.165 E1697.86732
G1 X85.087 Y170.033 E1697.91608
G1 X83.31 Y170.035 E1697.97518
G1 X81.856 Y170.061 E1698.02355
G1 X80.173 Y170.244 E1698.07986
G1 X78.649 Y170.434 E1698.13094
G1 X76.914 Y170.818 E1698.19004
G1 X75.508 Y171.148 E1698.23807
G1 X73.811 Y171.718 E1698.29762
G1 X72.443 Y172.202 E1698.34588
G1 X70.846 Y172.94 E1698.40439
G1 X69.514 Y173.576 E1698.45349
G1 X68.011 Y174.48 E1698.51182
G1 X66.756 Y175.256 E1698.5609
G1 X65.277 Y176.383 E1698.62274
G1 X64.192 Y177.225 E1698.66842
G1 X62.931 Y178.42 E1698.72621
G1 X61.855 Y179.457 E1698.77591
G1 X60.618 Y180.913 E1698.83945
G1 X59.771 Y181.926 E1698.88337
G1 X57.965 Y184.608 E1698.99091
G1 X56.459 Y187.466 E1699.09836
G1 X55.263 Y190.483 E1699.2063
G1 X54.449 Y193.445 E1699.30847
G1 X54.247 Y194.583 E1699.34691
G1 X53.981 Y196.217 E1699.40198
G1 X53.889 Y196.778 E1699.42088
G1 X53.723 Y199.895 E1699.5247
G1 X53.72 Y200.102 E1699.53159
G1 X53.811 Y201.756 E1699.58668
G1 X53.89 Y203.225 E1699.63561
G1 X54.411 Y206.416 E1699.74315
G1 X55.266 Y209.518 E1699.85017
G1 X56.46 Y212.535 E1699.95809
G1 X57.966 Y215.393 E1700.06554
G1 X59.772 Y218.075 E1700.17308
G1 X60.788 Y219.289 E1700.22573
G1 X61.856 Y220.544 E1700.28054
G1 X63 Y221.646 E1700.33338
G1 X64.193 Y222.777 E1700.38805
G1 X65.452 Y223.752 E1700.44102
G1 X66.758 Y224.745 E1700.49558
G1 X68.067 Y225.553 E1700.54675
G1 X69.516 Y226.425 E1700.60299
G1 X70.966 Y227.116 E1700.65642
G1 X72.444 Y227.799 E1700.71057
G1 X73.969 Y228.336 E1700.76435
G1 X75.494 Y228.85 E1700.81787
G1 X77.06 Y229.216 E1700.87136
G1 X78.648 Y229.567 E1700.92545
G1 X80.174 Y229.757 E1700.9766
G1 X81.233 Y229.872 E1701.01203
G1 X81.858 Y229.94 E1701.03294
G1 X83.396 Y229.966 E1701.0841
G1 X85.087 Y229.966 E1701.14034
G1 X86.692 Y229.82 E1701.19395
G1 X88.303 Y229.643 E1701.24785
G1 X89.86 Y229.331 E1701.30067
G1 X91.468 Y228.976 E1701.35544
G1 X92.933 Y228.518 E1701.40649
G1 X94.535 Y227.976 E1701.46274
G1 X95.956 Y227.355 E1701.51432
G1 X97.484 Y226.648 E1701.57031
G1 X98.823 Y225.884 E1701.62159
G1 X100.268 Y225.012 E1701.67772
G1 X101.526 Y224.103 E1701.72934
G1 X102.864 Y223.086 E1701.78524
G1 X104.032 Y222.032 E1701.83757
G1 X105.237 Y220.891 E1701.89276
G1 X106.264 Y219.746 E1701.94392
G1 X107.361 Y218.455 E1702.00027
G1 X108.257 Y217.206 E1702.05139
G1 X109.208 Y215.805 E1702.10771
G1 X109.966 Y214.467 E1702.15886
G1 X110.559 Y213.347 E1702.20101
G1 X110.929 Y212.579 E1702.22936
G1 X111.364 Y211.575 E1702.26576
G1 X111.842 Y210.263 E1702.3122
G1 X112.261 Y209.211 E1702.34986
G1 X112.758 Y207.495 E1702.40928
G1 X112.879 Y207.082 E1702.4236
G1 X113.083 Y206.805 E1702.43504
G1 X113.343 Y206.625 E1702.44556
G1 X113.68 Y206.533 E1702.45718
G1 X113.777 Y206.529 E1702.4604
G1 X115.65 Y206.534 E1702.5227
G1 X128.714 Y206.474 E1702.95722
G1 X128.714 Y201.87 E1703.11035
G1 X128.372 Y202.266 E1703.12775
G1 X127.512 Y202.847 E1703.16227
G1 X127.068 Y203.011 E1703.17801
G1 X126.066 Y203.127 E1703.21156
G1 X125.782 Y203.119 E1703.22101
G1 X125.592 Y203.068 E1703.22755
G1 X124.625 Y202.698 E1703.26199
G1 X124.4 Y202.577 E1703.27049
G1 X124.226 Y202.417 E1703.27835
G1 X123.542 Y201.625 E1703.31315
G1 X123.37 Y201.343 E1703.32414
G1 X123.092 Y200.236 E1703.3621
G1 X123.07 Y199.885 E1703.3738
G1 X123.094 Y199.756 E1703.37816
G1 X123.348 Y198.745 E1703.41284
G1 X123.466 Y198.463 E1703.423
G1 X123.572 Y198.322 E1703.42887
G1 X124.255 Y197.558 E1703.46295
G1 X124.427 Y197.405 E1703.47061
G1 X125.352 Y197.021 E1703.50392
G1 X125.836 Y196.872 E1703.52077
G1 X126.098 Y196.872 E1703.52948
G1 X127.121 Y197.004 E1703.56379
G1 X127.566 Y197.177 E1703.57967
G1 X128.408 Y197.767 E1703.61386
G1 X128.714 Y198.121 E1703.62943
G1 X128.714 Y193.526 E1703.78226
G1 X124.704 Y193.506 E1703.91563
G1 X113.778 Y193.523 E1704.27903
G1 X113.419 Y193.458 E1704.29117
G1 X113.085 Y193.247 E1704.30431
G1 X112.878 Y192.966 E1704.31591
M204 S3000
M205 X10 Y10
G0 F6000 X122.692 Y200.155
M204 S1800
M205 X8 Y8
;TYPE:SKIN
G1 F1200 X122.73 Y199.648 E1704.33282
G1 X122.983 Y198.641 E1704.36736
G1 X123.056 Y198.434 E1704.37466
G1 X123.288 Y198.069 E1704.38904
G1 X123.985 Y197.289 E1704.42384
G1 X124.232 Y197.08 E1704.4346
G1 X124.527 Y196.928 E1704.44563
G1 X125.671 Y196.515 E1704.48609
G1 X126.145 Y196.494 E1704.50187
G1 X127.166 Y196.626 E1704.53611
G1 X127.747 Y196.845 E1704.55676
G1 X128.334 Y197.25 E1704.58048
G1 X128.334 Y193.905 E1704.69174
G1 X125.212 Y193.89 E1704.79558
G1 X113.667 Y193.898 E1705.17956
G1 X113.25 Y193.798 E1705.19383
G1 X113.007 Y193.652 E1705.20326
G1 X113.512 Y196.752 E1705.30772
G1 X113.692 Y199.992 E1705.41565
G1 X113.532 Y202.967 E1705.51474
G1 X113.464 Y203.565 E1705.53476
G1 X113.074 Y205.943 E1705.61491
G1 X112.99 Y206.411 E1705.63072
G1 X113.213 Y206.27 E1705.6395
G1 X113.664 Y206.153 E1705.655
G1 X128.334 Y206.095 E1706.14293
G1 X128.334 Y202.75 E1706.25418
G1 X127.729 Y203.16 E1706.27849
G1 X127.154 Y203.378 E1706.29894
G1 X125.978 Y203.512 E1706.33831
G1 X125.45 Y203.421 E1706.35613
G1 X124.506 Y203.059 E1706.38976
G1 X124.161 Y202.871 E1706.40282
G1 X123.934 Y202.663 E1706.41306
G1 X123.24 Y201.858 E1706.44841
G1 X123.103 Y201.655 E1706.45656
G1 X122.955 Y201.293 E1706.46957
G1 X122.692 Y200.155 E1706.50842
M204 S3000
M205 X10 Y10
G0 F6000 X123.762 Y198.637
G0 X124.512 Y197.837
G0 X128.134 Y194.319
M204 S1800
M205 X8 Y8
G1 F1200 X127.917 Y194.102 E1706.51862
M204 S3000
M205 X10 Y10
G0 F6000 X127.348 Y194.099
M204 S1800
M205 X8 Y8
G1 F1200 X128.134 Y194.884 E1706.55557
M204 S3000
M205 X10 Y10
G0 F6000 X128.134 Y195.45
M204 S1800
M205 X8 Y8
G1 F1200 X126.78 Y194.096 E1706.61926
M204 S3000
M205 X10 Y10
G0 F6000 X126.211 Y194.093
M204 S1800
M205 X8 Y8
G1 F1200 X128.134 Y196.016 E1706.70971
M204 S3000
M205 X10 Y10
G0 F6000 X128.134 Y196.582
M204 S1800
M205 X8 Y8
G1 F1200 X125.645 Y194.093 E1706.82678
M204 S3000
M205 X10 Y10
G0 F6000 X125.08 Y194.093
M204 S1800
M205 X8 Y8
G1 F1200 X127.533 Y196.546 E1706.94217
M204 S3000
M205 X10 Y10
G0 F6000 X126.803 Y196.382
M204 S1800
M205 X8 Y8
G1 F1200 X124.514 Y194.093 E1707.04983
M204 S3000
M205 X10 Y10
G0 F6000 X123.949 Y194.094
M204 S1800
M205 X8 Y8
G1 F1200 X126.149 Y196.294 E1707.15332
M204 S3000
M205 X10 Y10
G0 F6000 X125.612 Y196.323
M204 S1800
M205 X8 Y8
G1 F1200 X123.383 Y194.094 E1707.25816
M204 S3000
M205 X10 Y10
G0 F6000 X122.818 Y194.094
M204 S1800
M205 X8 Y8
G1 F1200 X125.197 Y196.473 E1707.37006
M204 S3000
M205 X10 Y10
G0 F6000 X124.782 Y196.624
M204 S1800
M205 X8 Y8
G1 F1200 X122.252 Y194.094 E1707.48906
M204 S3000
M205 X10 Y10
G0 F6000 X121.687 Y194.095
M204 S1800
M205 X8 Y8
G1 F1200 X124.373 Y196.78 E1707.61538
M204 S3000
M205 X10 Y10
G0 F6000 X124.018 Y196.992
M204 S1800
M205 X8 Y8
G1 F1200 X121.121 Y194.095 E1707.75165
M204 S3000
M205 X10 Y10
G0 F6000 X120.556 Y194.095
M204 S1800
M205 X8 Y8
G1 F1200 X123.731 Y197.27 E1707.90099
M204 S3000
M205 X10 Y10
G0 F6000 X123.465 Y197.569
M204 S1800
M205 X8 Y8
G1 F1200 X119.99 Y194.095 E1708.06442
M204 S3000
M205 X10 Y10
G0 F6000 X119.425 Y194.095
M204 S1800
M205 X8 Y8
G1 F1200 X123.198 Y197.868 E1708.24189
M204 S3000
M205 X10 Y10
G0 F6000 X122.972 Y198.209
M204 S1800
M205 X8 Y8
G1 F1200 X118.859 Y194.095 E1708.43538
M204 S3000
M205 X10 Y10
G0 F6000 X118.294 Y194.095
M204 S1800
M205 X8 Y8
G1 F1200 X122.789 Y198.591 E1708.64683
M204 S3000
M205 X10 Y10
G0 F6000 X122.675 Y199.043
M204 S1800
M205 X8 Y8
G1 F1200 X117.729 Y194.096 E1708.8795
M204 S3000
M205 X10 Y10
G0 F6000 X117.163 Y194.096
M204 S1800
M205 X8 Y8
G1 F1200 X122.562 Y199.496 E1709.13348
M204 S3000
M205 X10 Y10
G0 F6000 X122.502 Y200
M204 S1800
M205 X8 Y8
G1 F1200 X116.597 Y194.096 E1709.41121
M204 S3000
M205 X10 Y10
G0 F6000 X116.031 Y194.096
M204 S1800
M205 X8 Y8
G1 F1200 X122.611 Y200.676 E1709.72071
M204 S3000
M205 X10 Y10
G0 F6000 X122.798 Y201.429
M204 S1800
M205 X8 Y8
G1 F1200 X115.467 Y194.097 E1710.06556
M204 S3000
M205 X10 Y10
G0 F6000 X114.901 Y194.097
M204 S1800
M205 X8 Y8
G1 F1200 X126.704 Y205.9 E1710.62074
M204 S3000
M205 X10 Y10
G0 F6000 X127.267 Y205.898
M204 S1800
M205 X8 Y8
G1 F1200 X124.727 Y203.358 E1710.74021
G1 X124.657 Y203.288
M204 S3000
M205 X10 Y10
G0 F6000 X125.582 Y203.647
M204 S1800
M205 X8 Y8
G1 F1200 X127.831 Y205.896 E1710.846
M204 S3000
M205 X10 Y10
G0 F6000 X128.133 Y205.632
M204 S1800
M205 X8 Y8
G1 F1200 X126.181 Y203.679 E1710.93784
M204 S3000
M205 X10 Y10
G0 F6000 X126.7 Y203.633
M204 S1800
M205 X8 Y8
G1 F1200 X128.133 Y205.066 E1711.00524
M204 S3000
M205 X10 Y10
G0 F6000 X128.133 Y204.5
M204 S1800
M205 X8 Y8
G1 F1200 X127.201 Y203.568 E1711.04908
M204 S3000
M205 X10 Y10
G0 F6000 X127.617 Y203.419
M204 S1800
M205 X8 Y8
G1 F1200 X128.133 Y203.935 E1711.07335
M204 S3000
M205 X10 Y10
G0 F6000 X128.133 Y203.369
M204 S1800
M205 X8 Y8
G1 F1200 X127.985 Y203.221 E1711.08031
M204 S3000
M205 X10 Y10
G0 F6000 X126.141 Y205.903
M204 S1800
M205 X8 Y8
G1 F1200 X114.335 Y194.097 E1711.63563
M204 S3000
M205 X10 Y10
G0 F6000 X113.769 Y194.097
M204 S1800
M205 X8 Y8
G1 F1200 X125.577 Y205.905 E1712.19104
M204 S3000
M205 X10 Y10
G0 F6000 X125.014 Y205.907
M204 S1800
M205 X8 Y8
G1 F1200 X113.295 Y194.188 E1712.74227
M204 S3000
M205 X10 Y10
G0 F6000 X113.406 Y194.865
M204 S1800
M205 X8 Y8
G1 F1200 X124.45 Y205.909 E1713.26174
M204 S3000
M205 X10 Y10
G0 F6000 X123.887 Y205.911
M204 S1800
M205 X8 Y8
G1 F1200 X113.517 Y195.541 E1713.74952
M204 S3000
M205 X10 Y10
G0 F6000 X113.627 Y196.217
M204 S1800
M205 X8 Y8
G1 F1200 X123.323 Y205.913 E1714.20559
M204 S3000
M205 X10 Y10
G0 F6000 X122.76 Y205.915
M204 S1800
M205 X8 Y8
G1 F1200 X113.716 Y196.871 E1714.63099
M204 S3000
M205 X10 Y10
G0 F6000 X113.75 Y197.472
M204 S1800
M205 X8 Y8
G1 F1200 X122.196 Y205.917 E1715.02824
M204 S3000
M205 X10 Y10
G0 F6000 X121.632 Y205.92
M204 S1800
M205 X8 Y8
G1 F1200 X113.784 Y198.071 E1715.39741
M204 S3000
M205 X10 Y10
G0 F6000 X113.818 Y198.671
M204 S1800
M205 X8 Y8
G1 F1200 X121.07 Y205.922 E1715.7385
M204 S3000
M205 X10 Y10
G0 F6000 X120.506 Y205.925
M204 S1800
M205 X8 Y8
G1 F1200 X113.852 Y199.271 E1716.05148
M204 S3000
M205 X10 Y10
G0 F6000 X113.887 Y199.871
M204 S1800
M205 X8 Y8
G1 F1200 X119.942 Y205.927 E1716.33631
M204 S3000
M205 X10 Y10
G0 F6000 X119.379 Y205.929
M204 S1800
M205 X8 Y8
G1 F1200 X113.867 Y200.417 E1716.59558
M204 S3000
M205 X10 Y10
G0 F6000 X113.839 Y200.954
M204 S1800
M205 X8 Y8
G1 F1200 X118.815 Y205.931 E1716.82966
M204 S3000
M205 X10 Y10
G0 F6000 X118.252 Y205.933
M204 S1800
M205 X8 Y8
G1 F1200 X113.81 Y201.492 E1717.03857
M204 S3000
M205 X10 Y10
G0 F6000 X113.782 Y202.029
M204 S1800
M205 X8 Y8
G1 F1200 X117.688 Y205.935 E1717.2223
M204 S3000
M205 X10 Y10
G0 F6000 X117.125 Y205.937
M204 S1800
M205 X8 Y8
G1 F1200 X113.753 Y202.566 E1717.38088
M204 S3000
M205 X10 Y10
G0 F6000 X113.718 Y203.096
M204 S1800
M205 X8 Y8
G1 F1200 X116.561 Y205.939 E1717.51461
M204 S3000
M205 X10 Y10
G0 F6000 X115.998 Y205.942
M204 S1800
M205 X8 Y8
G1 F1200 X113.658 Y203.602 E1717.62468
M204 S3000
M205 X10 Y10
G0 F6000 X113.579 Y204.088
M204 S1800
M205 X8 Y8
G1 F1200 X115.435 Y205.944 E1717.71198
M204 S3000
M205 X10 Y10
G0 F6000 X114.871 Y205.946
M204 S1800
M205 X8 Y8
G1 F1200 X113.499 Y204.575 E1717.77649
M204 S3000
M205 X10 Y10
G0 F6000 X113.419 Y205.06
M204 S1800
M205 X8 Y8
G1 F1200 X114.308 Y205.949 E1717.8183
M204 S3000
M205 X10 Y10
G0 F6000 X113.744 Y205.951
M204 S1800
M205 X8 Y8
G1 F1200 X113.34 Y205.546 E1717.83733
M204 S3000
M205 X10 Y10
;MESH:NONMESH
G0 F600 X113.34 Y205.546 Z1.6
G0 F6000 X94.188 Y178.689
G0 X93.894 Y177.733
G0 X94.281 Y177.641
;TIME_ELAPSED:2214.422412
;LAYER:7
M204 S1800
M205 X8 Y8
;TYPE:WALL-OUTER
;MESH:14_4_1.stl
G1 F3000 X94.279 Y177.35 E1717.84701
G1 X94.479 Y176.508 E1717.87579
G1 X94.644 Y176.196 E1717.88753
G1 X95.185 Y175.587 E1717.91463
G1 X95.497 Y175.373 E1717.92721
G1 X96.237 Y175.097 E1717.95348
G1 X96.599 Y175.05 E1717.96562
G1 X97.409 Y175.149 E1717.99276
G1 X97.778 Y175.299 E1718.00601
G1 X98.432 Y175.751 E1718.03245
G1 X98.652 Y176.008 E1718.0437
G1 X99.037 Y176.742 E1718.07127
G1 X99.115 Y177.076 E1718.08268
G1 X99.114 Y177.89 E1718.10975
G1 X99.035 Y178.225 E1718.1212
G1 X98.651 Y178.958 E1718.14872
G1 X98.411 Y179.231 E1718.16081
G1 X97.715 Y179.707 E1718.18886
G1 X97.408 Y179.818 E1718.19972
G1 X96.581 Y179.917 E1718.22742
G1 X96.234 Y179.873 E1718.23905
G1 X95.477 Y179.581 E1718.26604
G1 X95.183 Y179.38 E1718.27788
G1 X94.63 Y178.752 E1718.30571
G1 X94.476 Y178.45 E1718.31699
G1 X94.281 Y177.641 E1718.34467
M204 S3000
M205 X10 Y10
G0 F6000 X94.28 Y177.441
G0 X93.762 Y177.383
G0 X94.145 Y178.835
G0 X95.067 Y179.876
G0 X113.421 Y193.817
G0 X113.942 Y193.374
M204 S1800
M205 X8 Y8
G1 F3000 X113.791 Y193.319 E1718.35001
G1 X113.708 Y193.097 E1718.3579
G1 X113.507 Y192.229 E1718.38753
G1 X113.219 Y191.196 E1718.4232
G1 X112.778 Y189.814 E1718.47145
G1 X112.034 Y187.952 E1718.53814
G1 X111.511 Y186.745 E1718.58189
G1 X110.571 Y184.974 E1718.64858
G1 X110.121 Y184.179 E1718.67896
G1 X109.695 Y183.493 E1718.70582
G1 X108.797 Y182.17 E1718.759
G1 X108.029 Y181.1 E1718.80281
G1 X106.732 Y179.573 E1718.86944
G1 X105.854 Y178.592 E1718.91323
G1 X104.369 Y177.187 E1718.98122
G1 X103.421 Y176.334 E1719.02364
G1 X101.809 Y175.109 E1719.09098
G1 X100.76 Y174.352 E1719.13401
G1 X98.996 Y173.291 E1719.20247
G1 X97.899 Y172.664 E1719.2445
G1 X96.063 Y171.815 E1719.31178
G1 X94.873 Y171.294 E1719.35498
G1 X92.941 Y170.643 E1719.42279
G1 X91.705 Y170.255 E1719.46588
G1 X89.707 Y169.819 E1719.5339
G1 X88.469 Y169.571 E1719.57589
G1 X86.478 Y169.354 E1719.6425
G1 X85.166 Y169.236 E1719.68632
G1 X83.072 Y169.237 E1719.75596
G1 X81.846 Y169.258 E1719.79675
G1 X79.853 Y169.475 E1719.86343
G1 X78.55 Y169.638 E1719.9071
G1 X76.517 Y170.088 E1719.97636
G1 X75.322 Y170.369 E1720.01719
G1 X73.411 Y171.011 E1720.08424
G1 X72.17 Y171.448 E1720.128
G1 X70.288 Y172.319 E1720.19697
G1 X69.16 Y172.858 E1720.23855
G1 X67.444 Y173.889 E1720.30514
G1 X66.325 Y174.581 E1720.3489
G1 X64.693 Y175.824 E1720.41713
G1 X63.688 Y176.602 E1720.4594
G1 X62.196 Y178.014 E1720.52772
G1 X61.285 Y178.894 E1720.56985
G1 X59.957 Y180.456 E1720.63804
G1 X59.14 Y181.431 E1720.68035
G1 X57.997 Y183.12 E1720.74818
G1 X57.286 Y184.184 E1720.79074
G1 X55.736 Y187.121 E1720.9012
G1 X54.506 Y190.221 E1721.01212
G1 X53.628 Y193.408 E1721.12207
G1 X53.093 Y196.687 E1721.23257
G1 X52.915 Y200.002 E1721.34299
G1 X53.088 Y203.218 E1721.45011
G1 X53.188 Y203.894 E1721.47284
G1 X53.629 Y206.593 E1721.5638
G1 X54.509 Y209.78 E1721.67376
G1 X55.737 Y212.88 E1721.78467
G1 X57.287 Y215.817 E1721.89512
G1 X58.039 Y216.944 E1721.94018
G1 X59.141 Y218.57 E1722.00551
G1 X60.13 Y219.748 E1722.05667
G1 X61.286 Y221.107 E1722.11601
G1 X62.235 Y222.022 E1722.15986
G1 X63.689 Y223.399 E1722.22646
G1 X64.773 Y224.239 E1722.27208
G1 X66.327 Y225.42 E1722.337
G1 X67.507 Y226.148 E1722.38311
G1 X69.162 Y227.143 E1722.44734
G1 X70.417 Y227.742 E1722.49359
G1 X72.171 Y228.553 E1722.55786
G1 X73.487 Y229.016 E1722.60426
G1 X75.307 Y229.629 E1722.66814
G1 X76.665 Y229.946 E1722.71452
G1 X78.549 Y230.363 E1722.7787
G1 X79.943 Y230.535 E1722.82541
G1 X81.848 Y230.743 E1722.88915
G1 X83.259 Y230.764 E1722.93609
G1 X85.166 Y230.764 E1722.99951
G1 X86.561 Y230.637 E1723.0461
G1 X88.471 Y230.428 E1723.11001
G1 X89.818 Y230.157 E1723.15571
G1 X91.721 Y229.737 E1723.22053
G1 X93.013 Y229.333 E1723.26555
G1 X94.872 Y228.704 E1723.33082
G1 X96.097 Y228.169 E1723.37528
G1 X97.9 Y227.334 E1723.44137
G1 X99.053 Y226.677 E1723.48551
G1 X100.757 Y225.648 E1723.55172
G1 X101.842 Y224.865 E1723.59622
G1 X103.422 Y223.663 E1723.66225
G1 X104.399 Y222.784 E1723.70596
G1 X105.855 Y221.404 E1723.77268
G1 X106.734 Y220.425 E1723.81644
G1 X108.033 Y218.896 E1723.88317
G1 X108.798 Y217.828 E1723.92687
G1 X109.924 Y216.168 E1723.99358
G1 X110.572 Y215.024 E1724.03731
G1 X111.512 Y213.253 E1724.104
G1 X112.033 Y212.049 E1724.14763
G1 X112.432 Y210.957 E1724.1863
G1 X112.999 Y209.531 E1724.23734
G1 X113.406 Y208.13 E1724.28586
G1 X113.577 Y207.512 E1724.30719
G1 X113.739 Y206.746 E1724.33323
G1 X113.85 Y206.623 E1724.33874
G1 X113.931 Y206.607 E1724.34149
G1 X120.749 Y206.629 E1724.56826
G1 X123.556 Y206.615 E1724.66162
G1 X129.514 Y206.587 E1724.85979
G1 X129.514 Y193.412 E1725.29799
G1 X120.088 Y193.366 E1725.6115
G1 X113.942 Y193.374 E1725.81592
M204 S3000
M205 X10 Y10
G0 F6000 X113.791 Y193.319
G0 X113.777 Y193.282
G0 X113.254 Y193.402
G0 X123.275 Y200.214
G0 X123.78 Y200.155
M204 S1800
M205 X8 Y8
G1 F3000 X123.773 Y199.9 E1725.8244
G1 X124.001 Y198.962 E1725.85651
G1 X124.104 Y198.765 E1725.8639
G1 X124.719 Y198.069 E1725.8948
G1 X124.91 Y197.932 E1725.90261
G1 X125.793 Y197.594 E1725.93406
G1 X126.041 Y197.562 E1725.94238
G1 X126.987 Y197.678 E1725.97408
G1 X127.204 Y197.767 E1725.98188
G1 X127.974 Y198.306 E1726.01314
G1 X128.12 Y198.471 E1726.02047
G1 X128.553 Y199.298 E1726.05152
G1 X128.615 Y199.593 E1726.06154
G1 X128.614 Y200.407 E1726.08862
G1 X128.534 Y200.749 E1726.1003
G1 X128.152 Y201.475 E1726.12758
G1 X127.954 Y201.712 E1726.13785
G1 X127.205 Y202.231 E1726.16816
G1 X126.92 Y202.335 E1726.17825
G1 X126.037 Y202.437 E1726.20782
G1 X125.738 Y202.392 E1726.21787
G1 X125.006 Y202.111 E1726.24395
G1 X124.739 Y201.948 E1726.25436
G1 X124.131 Y201.27 E1726.28465
G1 X123.98 Y200.97 E1726.29582
G1 X123.78 Y200.155 E1726.32373
M204 S3000
M205 X10 Y10
G0 F6000 X123.775 Y199.955
G0 X123.259 Y199.911
G0 X113.41 Y206.164
G0 X94.876 Y220.293
G0 X94.143 Y221.169
G0 X93.874 Y222.262
G0 X94.281 Y222.675
M204 S1800
M205 X8 Y8
G1 F3000 X94.279 Y222.384 E1726.33341
G1 X94.479 Y221.541 E1726.36222
G1 X94.644 Y221.229 E1726.37396
G1 X95.199 Y220.606 E1726.40171
G1 X95.584 Y220.375 E1726.41665
G1 X96.25 Y220.126 E1726.4403
G1 X96.599 Y220.083 E1726.45199
G1 X97.433 Y220.187 E1726.47995
G1 X97.746 Y220.311 E1726.49114
G1 X98.414 Y220.772 E1726.51814
G1 X98.652 Y221.042 E1726.53011
G1 X99.039 Y221.78 E1726.55783
G1 X99.116 Y222.11 E1726.5691
G1 X99.115 Y222.924 E1726.59617
G1 X99.035 Y223.258 E1726.60759
G1 X98.651 Y223.992 E1726.63514
G1 X98.411 Y224.265 E1726.64723
G1 X97.729 Y224.733 E1726.67475
G1 X97.407 Y224.852 E1726.68616
G1 X96.597 Y224.949 E1726.7133
G1 X96.234 Y224.906 E1726.72545
G1 X95.494 Y224.622 E1726.75182
G1 X95.185 Y224.416 E1726.76417
G1 X94.648 Y223.804 E1726.79125
G1 X94.476 Y223.483 E1726.80336
G1 X94.281 Y222.675 E1726.83101
M204 S3000
M205 X10 Y10
G0 F6000 X94.28 Y222.475
G0 X93.762 Y222.417
G0 X77.339 Y205.083
G0 X76.367 Y203.537
G0 X75.827 Y201.986
G0 X75.509 Y200.081
G0 X76.015 Y200.025
M204 S1800
M205 X8 Y8
G1 F3000 X76.091 Y199.295 E1726.85542
G1 X76.203 Y198.3 E1726.88872
G1 X76.56 Y197.271 E1726.92495
G1 X76.772 Y196.665 E1726.9463
G1 X77.171 Y196.026 E1726.97136
G1 X77.686 Y195.207 E1727.00353
G1 X78.391 Y194.499 E1727.03677
G1 X78.916 Y193.975 E1727.06144
G1 X80.371 Y193.063 E1727.11855
G1 X81.985 Y192.497 E1727.17544
G1 X82.486 Y192.437 E1727.19222
G1 X83.711 Y192.3 E1727.23322
G1 X84.357 Y192.37 E1727.25483
G1 X85.425 Y192.492 E1727.29058
G1 X87.048 Y193.059 E1727.34776
G1 X87.71 Y193.472 E1727.37372
G1 X88.508 Y193.973 E1727.40505
G1 X89.344 Y194.806 E1727.44431
G1 X89.733 Y195.198 E1727.46267
G1 X90.285 Y196.072 E1727.49706
G1 X90.649 Y196.654 E1727.51989
G1 X90.96 Y197.539 E1727.55109
G1 X91.222 Y198.291 E1727.57757
G1 X91.415 Y199.997 E1727.63468
G1 X91.224 Y201.701 E1727.69171
G1 X90.814 Y202.881 E1727.73326
G1 X90.646 Y203.352 E1727.74989
G1 X89.749 Y204.781 E1727.80601
G1 X89.229 Y205.308 E1727.83063
G1 X88.521 Y206.016 E1727.86393
G1 X87.746 Y206.505 E1727.89441
G1 X87.059 Y206.935 E1727.92137
G1 X86.219 Y207.231 E1727.95099
G1 X85.425 Y207.508 E1727.97896
G1 X83.724 Y207.7 E1728.03589
G1 X83.691 Y207.699 E1728.03699
G1 X82.002 Y207.508 E1728.09353
G1 X80.994 Y207.157 E1728.12903
G1 X80.371 Y206.937 E1728.151
G1 X78.922 Y206.029 E1728.20788
G1 X78.392 Y205.503 E1728.23271
G1 X77.693 Y204.802 E1728.26564
G1 X77.389 Y204.321 E1728.28456
G1 X76.772 Y203.335 E1728.32325
G1 X76.206 Y201.712 E1728.38042
G1 X76.015 Y200.025 E1728.43689
M204 S3000
M205 X10 Y10
G0 F6000 X76.035 Y199.826
G0 X75.526 Y199.768
G0 X58.5 Y202.776
G0 X57.366 Y202.883
G0 X56.067 Y202.393
G0 X55.145 Y201.352
G0 X54.79 Y200.297
G0 X55.285 Y200.177
M204 S1800
M205 X8 Y8
G1 F3000 X55.279 Y199.867 E1728.4472
G1 X55.479 Y199.024 E1728.47602
G1 X55.644 Y198.712 E1728.48776
G1 X56.188 Y198.1 E1728.51499
G1 X56.496 Y197.89 E1728.52739
G1 X57.236 Y197.613 E1728.55367
G1 X57.599 Y197.566 E1728.56584
G1 X58.409 Y197.666 E1728.59299
G1 X58.746 Y197.794 E1728.60498
G1 X59.425 Y198.263 E1728.63243
G1 X59.652 Y198.525 E1728.64396
G1 X60.039 Y199.262 E1728.67164
G1 X60.115 Y199.593 E1728.68294
G1 X60.114 Y200.419 E1728.71041
G1 X60.035 Y200.742 E1728.72147
G1 X59.639 Y201.495 E1728.74977
G1 X59.411 Y201.748 E1728.76109
G1 X58.723 Y202.219 E1728.78883
G1 X58.408 Y202.335 E1728.79999
G1 X57.598 Y202.433 E1728.82713
G1 X57.234 Y202.39 E1728.83932
G1 X56.494 Y202.105 E1728.86569
G1 X56.182 Y201.897 E1728.87817
G1 X55.644 Y201.287 E1728.90522
G1 X55.476 Y200.967 E1728.91724
G1 X55.285 Y200.177 E1728.94427
M204 S3000
M205 X10 Y10
G0 F6000 X55.282 Y199.977
G0 X54.896 Y200.274
M204 S1800
M205 X8 Y8
;TYPE:WALL-INNER
G1 F3000 X54.879 Y199.869 E1728.95775
G1 X55.091 Y198.928 E1728.98984
G1 X55.263 Y198.564 E1729.00323
G1 X55.886 Y197.838 E1729.03504
G1 X56.227 Y197.582 E1729.04923
G1 X57.096 Y197.238 E1729.08031
G1 X57.493 Y197.17 E1729.09371
G1 X58.458 Y197.269 E1729.12597
G1 X58.912 Y197.427 E1729.14196
G1 X59.641 Y197.926 E1729.17134
G1 X59.986 Y198.305 E1729.18839
G1 X60.391 Y199.071 E1729.21721
G1 X60.514 Y199.555 E1729.23382
G1 X60.514 Y200.407 E1729.26216
G1 X60.409 Y200.886 E1729.27847
G1 X60.005 Y201.661 E1729.30754
G1 X59.67 Y202.054 E1729.32471
G1 X58.965 Y202.54 E1729.35319
G1 X58.548 Y202.713 E1729.36821
G1 X57.646 Y202.83 E1729.39846
G1 X57.236 Y202.8 E1729.41213
G1 X56.35 Y202.478 E1729.44349
G1 X55.893 Y202.173 E1729.46176
G1 X55.344 Y201.551 E1729.48935
G1 X55.14 Y201.2 E1729.50286
G1 X54.896 Y200.274 E1729.53471
M204 S3000
M205 X10 Y10
G0 F6000 X54.79 Y200.299
G0 X55.145 Y201.352
G0 X56.067 Y202.393
G0 X57.366 Y202.883
G0 X58.481 Y202.748
G0 X75.509 Y200.082
G0 X75.617 Y200.07
M204 S1800
M205 X8 Y8
G1 F3000 X75.693 Y199.251 E1729.56206
G1 X75.804 Y198.267 E1729.595
G1 X76.182 Y197.139 E1729.63457
G1 X76.398 Y196.524 E1729.65625
G1 X76.832 Y195.813 E1729.68395
G1 X77.351 Y194.989 E1729.71634
G1 X78.108 Y194.216 E1729.75233
G1 X78.638 Y193.687 E1729.77723
G1 X79.385 Y193.209 E1729.80673
G1 X80.162 Y192.721 E1729.83725
G1 X80.853 Y192.469 E1729.86171
G1 X81.864 Y192.116 E1729.89733
G1 X82.441 Y192.039 E1729.91669
G1 X83.655 Y191.902 E1729.95732
G1 X84.402 Y191.973 E1729.98228
G1 X85.479 Y192.095 E1730.01833
G1 X86.314 Y192.378 E1730.04765
G1 X87.166 Y192.676 E1730.07768
G1 X87.922 Y193.134 E1730.10707
G1 X88.708 Y193.626 E1730.13792
G1 X89.436 Y194.333 E1730.17167
G1 X90.004 Y194.901 E1730.19839
G1 X90.624 Y195.86 E1730.23637
G1 X90.993 Y196.448 E1730.25946
G1 X91.338 Y197.407 E1730.29335
G1 X91.603 Y198.167 E1730.32013
G1 X91.716 Y199.097 E1730.35128
G1 X91.814 Y199.964 E1730.3803
G1 X91.717 Y200.9 E1730.4116
G1 X91.618 Y201.77 E1730.44073
G1 X91.192 Y203.013 E1730.48443
G1 X91.023 Y203.491 E1730.50129
G1 X90.632 Y204.129 E1730.52618
G1 X90.073 Y205.016 E1730.56105
G1 X89.512 Y205.591 E1730.58777
G1 X88.814 Y206.29 E1730.62063
G1 X87.958 Y206.844 E1730.65454
G1 X87.261 Y207.281 E1730.6819
G1 X86.351 Y207.609 E1730.71407
G1 X85.546 Y207.89 E1730.74243
G1 X85.04 Y207.955 E1730.7594
G1 X83.744 Y208.1 E1730.80277
G1 X83.646 Y208.097 E1730.80604
G1 X81.971 Y207.908 E1730.8621
G1 X81.847 Y207.879 E1730.86633
G1 X80.259 Y207.323 E1730.9223
G1 X79.387 Y206.793 E1730.95624
G1 X78.691 Y206.356 E1730.98357
G1 X78.109 Y205.786 E1731.01066
G1 X77.423 Y205.099 E1731.04295
G1 X77.05 Y204.534 E1731.06547
G1 X76.43 Y203.543 E1731.10435
G1 X76.178 Y202.848 E1731.12894
G1 X75.824 Y201.834 E1731.16466
G1 X75.695 Y200.758 E1731.20071
G1 X75.617 Y200.07 E1731.22374
M204 S3000
M205 X10 Y10
G0 F6000 X75.509 Y200.082
G0 X75.766 Y198.187
G0 X76.367 Y196.463
G0 X77.241 Y195.072
G0 X93.79 Y177.782
G0 X93.896 Y177.757
M204 S1800
M205 X8 Y8
G1 F3000 X93.879 Y177.352 E1731.23722
G1 X94.091 Y176.412 E1731.26927
G1 X94.325 Y175.954 E1731.28637
G1 X94.886 Y175.321 E1731.31451
G1 X95.227 Y175.066 E1731.32867
G1 X95.83 Y174.822 E1731.3503
G1 X96.226 Y174.69 E1731.36419
G1 X96.647 Y174.653 E1731.37824
G1 X97.457 Y174.752 E1731.40539
G1 X97.931 Y174.919 E1731.4221
G1 X98.642 Y175.408 E1731.4508
G1 X98.926 Y175.706 E1731.46449
G1 X99.391 Y176.556 E1731.49672
G1 X99.5 Y176.938 E1731.50993
G1 X99.514 Y177.89 E1731.5416
G1 X99.397 Y178.396 E1731.55887
G1 X99.005 Y179.144 E1731.58696
G1 X98.714 Y179.499 E1731.60223
G1 X98.169 Y179.882 E1731.62438
G1 X97.839 Y180.088 E1731.63732
G1 X97.456 Y180.215 E1731.65074
G1 X96.646 Y180.313 E1731.67788
G1 X96.133 Y180.261 E1731.69503
G1 X95.513 Y180.024 E1731.71711
G1 X95.235 Y179.902 E1731.7272
G1 X94.883 Y179.644 E1731.74172
G1 X94.322 Y179.007 E1731.76995
G1 X94.087 Y178.544 E1731.78722
G1 X93.896 Y177.757 E1731.81416
M204 S3000
M205 X10 Y10
G0 F6000 X93.79 Y177.782
G0 X94.145 Y178.835
G0 X95.067 Y179.876
G0 X113.421 Y193.817
G0 X113.942 Y193.774
M204 S1800
M205 X8 Y8
G1 F3000 X113.692 Y193.726 E1731.82262
G1 X113.471 Y193.561 E1731.8318
G1 X113.346 Y193.31 E1731.84112
G1 X113.119 Y192.328 E1731.87464
G1 X112.836 Y191.31 E1731.90979
G1 X112.401 Y189.949 E1731.95731
G1 X111.665 Y188.106 E1732.02332
G1 X111.15 Y186.919 E1732.06635
G1 X110.22 Y185.166 E1732.13235
G1 X109.901 Y184.601 E1732.15393
G1 X109.581 Y184.039 E1732.17544
G1 X108.469 Y182.399 E1732.24135
G1 X107.713 Y181.346 E1732.28446
G1 X106.43 Y179.836 E1732.35037
G1 X105.567 Y178.871 E1732.39342
G1 X104.101 Y177.484 E1732.46055
G1 X103.165 Y176.642 E1732.50242
G1 X101.575 Y175.433 E1732.56886
G1 X100.539 Y174.686 E1732.61134
G1 X98.797 Y173.638 E1732.67895
G1 X97.715 Y173.02 E1732.7204
G1 X95.903 Y172.181 E1732.78681
G1 X94.729 Y171.668 E1732.82942
G1 X92.821 Y171.025 E1732.89639
G1 X91.602 Y170.642 E1732.93889
G1 X89.629 Y170.211 E1733.00606
G1 X88.408 Y169.967 E1733.04747
G1 X86.36 Y169.745 E1733.11599
G1 X85.148 Y169.636 E1733.15646
G1 X83.078 Y169.637 E1733.22531
G1 X81.871 Y169.658 E1733.26546
G1 X79.899 Y169.872 E1733.33144
G1 X78.618 Y170.032 E1733.37437
G1 X76.681 Y170.46 E1733.44035
G1 X75.432 Y170.754 E1733.48303
G1 X73.621 Y171.361 E1733.54656
G1 X72.321 Y171.819 E1733.5924
G1 X70.46 Y172.68 E1733.6606
G1 X69.35 Y173.211 E1733.70153
G1 X67.593 Y174.267 E1733.76971
G1 X66.552 Y174.911 E1733.81042
G1 X64.938 Y176.14 E1733.87789
G1 X63.948 Y176.906 E1733.91953
G1 X62.474 Y178.302 E1733.98705
G1 X61.577 Y179.168 E1734.02852
G1 X60.292 Y180.678 E1734.09447
G1 X59.824 Y181.239 E1734.11877
G1 X59.46 Y181.672 E1734.13758
G1 X58.329 Y183.342 E1734.20466
G1 X57.63 Y184.389 E1734.24654
G1 X56.1 Y187.289 E1734.35559
G1 X54.886 Y190.348 E1734.46505
G1 X54.02 Y193.494 E1734.57358
G1 X53.491 Y196.73 E1734.68264
G1 X53.315 Y200.002 E1734.79162
G1 X53.492 Y203.271 E1734.90051
G1 X54.021 Y206.507 E1735.00957
G1 X54.889 Y209.653 E1735.11811
G1 X56.101 Y212.712 E1735.22755
G1 X57.631 Y215.612 E1735.33661
G1 X58.37 Y216.72 E1735.3809
G1 X59.461 Y218.329 E1735.44556
G1 X60.265 Y219.288 E1735.48719
G1 X61.221 Y220.414 E1735.53631
G1 X61.578 Y220.833 E1735.55462
G1 X62.546 Y221.766 E1735.59934
G1 X63.95 Y223.095 E1735.66364
G1 X65.015 Y223.921 E1735.70847
G1 X66.554 Y225.09 E1735.77275
G1 X67.713 Y225.805 E1735.81804
G1 X69.352 Y226.79 E1735.88164
G1 X70.585 Y227.379 E1735.92709
G1 X72.322 Y228.182 E1735.99074
G1 X73.615 Y228.637 E1736.03633
G1 X75.417 Y229.244 E1736.09957
G1 X76.751 Y229.556 E1736.14514
G1 X78.617 Y229.969 E1736.2087
G1 X79.986 Y230.137 E1736.25458
G1 X81.873 Y230.343 E1736.31771
G1 X83.259 Y230.364 E1736.36382
G1 X85.148 Y230.364 E1736.42664
G1 X86.439 Y230.247 E1736.46976
G1 X88.41 Y230.032 E1736.5357
G1 X89.732 Y229.766 E1736.58055
G1 X91.618 Y229.35 E1736.64479
G1 X92.885 Y228.954 E1736.68894
G1 X94.728 Y228.33 E1736.75366
G1 X95.929 Y227.806 E1736.79724
G1 X97.716 Y226.978 E1736.86275
G1 X98.847 Y226.334 E1736.90603
G1 X100.536 Y225.314 E1736.97166
G1 X101.6 Y224.547 E1737.01528
G1 X103.166 Y223.355 E1737.08074
G1 X104.154 Y222.465 E1737.12497
G1 X105.568 Y221.125 E1737.18976
G1 X106.433 Y220.162 E1737.23282
G1 X107.717 Y218.65 E1737.29879
G1 X108.47 Y217.599 E1737.34179
G1 X109.584 Y215.957 E1737.40779
G1 X110.221 Y214.832 E1737.45079
G1 X111.151 Y213.079 E1737.51679
G1 X111.661 Y211.901 E1737.55949
G1 X112.06 Y210.809 E1737.59816
G1 X112.62 Y209.401 E1737.64855
G1 X113.02 Y208.024 E1737.69625
G1 X113.188 Y207.418 E1737.71716
G1 X113.342 Y206.683 E1737.74214
G1 X113.47 Y206.421 E1737.75184
G1 X113.691 Y206.256 E1737.76101
G1 X113.932 Y206.207 E1737.76919
G1 X120.747 Y206.229 E1737.99586
G1 X123.554 Y206.215 E1738.08922
G1 X129.114 Y206.189 E1738.27415
G1 X129.114 Y200.99 E1738.44707
G1 F2672.6 X129.048 Y200.551 E1738.46364
G1 X128.888 Y200.935 E1738.47917
G1 F3000 X128.506 Y201.661 E1738.50646
G1 X128.306 Y201.926 E1738.5175
G1 X127.433 Y202.56 E1738.55339
G1 X127.003 Y202.727 E1738.56873
G1 X126.083 Y202.835 E1738.59954
G1 X125.714 Y202.798 E1738.61187
G1 X124.862 Y202.485 E1738.64206
G1 X124.441 Y202.215 E1738.6587
G1 X123.833 Y201.537 E1738.68899
G1 X123.636 Y201.187 E1738.70235
G1 X123.396 Y200.273 E1738.73378
G1 X123.376 Y199.829 E1738.74856
G1 X123.613 Y198.864 E1738.78161
G1 X123.804 Y198.501 E1738.79525
G1 X124.419 Y197.804 E1738.82617
G1 X124.767 Y197.558 E1738.84034
G1 X125.65 Y197.22 E1738.87179
G1 X126.02 Y197.161 E1738.88425
G1 X127.026 Y197.28 E1738.91794
G1 X127.313 Y197.373 E1738.92798
G1 X128.204 Y197.978 E1738.9638
G1 X128.474 Y198.285 E1738.9774
G1 X128.907 Y199.112 E1739.00845
G1 F2631.6 X129.058 Y199.467 E1739.02307
G1 X129.114 Y199.061 E1739.03861
G1 F3000 X129.114 Y193.81 E1739.21326
G1 X120.088 Y193.766 E1739.51347
G1 X113.942 Y193.774 E1739.71789
M204 S3000
M205 X10 Y10
G1 F2400 E1733.71789
G1 F600 Z1.675
G0 F6000 X113.942 Y194.186 Z1.675
G0 X129.058 Y199.467
M204 S1800
M205 X8 Y8
G1 F600 Z1.6
G1 F2400 E1739.71789
G1 F2371.5 X129.064 Y200.407 E1739.75744
G1 F2381 X129.06 Y200.519 E1739.76214
M204 S3000
M205 X10 Y10
G1 F2400 E1733.76214
G1 F600 Z1.675
G0 F6000 X93.949 Y223.008 Z1.675
M204 S1800
M205 X8 Y8
G1 F600 Z1.6
G1 F2400 E1739.76214
G1 F3000 X93.88 Y222.652 E1739.7742
G1 X93.879 Y222.386 E1739.78304
G1 X93.984 Y221.881 E1739.8002
G1 X94.112 Y221.377 E1739.81749
G1 X94.345 Y220.963 E1739.8333
G1 X94.886 Y220.355 E1739.86036
G1 X95.303 Y220.055 E1739.87745
G1 X96.096 Y219.756 E1739.90564
G1 X96.597 Y219.682 E1739.92248
G1 X97.095 Y219.741 E1739.93916
G1 X97.597 Y219.82 E1739.95606
G1 X97.973 Y219.982 E1739.96968
G1 X98.641 Y220.443 E1739.99668
G1 X98.947 Y220.765 E1740.01145
G1 X99.391 Y221.588 E1740.04255
G1 X99.506 Y222.005 E1740.05694
G1 X99.515 Y222.924 E1740.08751
G1 X99.389 Y223.444 E1740.1053
G1 X99.005 Y224.178 E1740.13285
G1 X98.749 Y224.496 E1740.14643
G1 X98.006 Y225.029 E1740.17685
G1 X97.587 Y225.219 E1740.19215
G1 X96.645 Y225.346 E1740.22376
G1 X96.236 Y225.316 E1740.2374
G1 X95.35 Y224.996 E1740.26873
G1 X95.005 Y224.784 E1740.2822
G1 X94.354 Y224.076 E1740.31419
G1 X94.136 Y223.708 E1740.32842
G1 X93.949 Y223.008 E1740.35252
M204 S3000
M205 X10 Y10
G0 F6000 X93.561 Y223.103
M204 S1800
M205 X8 Y8
G1 F3000 X93.48 Y222.653 E1740.36772
G1 X93.479 Y222.387 E1740.37657
G1 X93.573 Y221.873 E1740.39395
G1 X93.702 Y221.35 E1740.41187
G1 X93.909 Y220.894 E1740.42852
G1 X94.587 Y220.089 E1740.46353
G1 X95.001 Y219.77 E1740.48091
G1 X95.956 Y219.381 E1740.51521
G1 X96.517 Y219.283 E1740.53415
G1 X97.144 Y219.344 E1740.5551
G1 X97.644 Y219.416 E1740.5719
G1 X98.131 Y219.609 E1740.58933
G1 X98.869 Y220.113 E1740.61905
G1 X99.227 Y220.477 E1740.63603
G1 X99.745 Y221.402 E1740.67129
G1 X99.89 Y221.882 E1740.68797
G1 X99.915 Y222.925 E1740.72267
G1 X99.831 Y223.395 E1740.73855
G1 X99.447 Y224.196 E1740.7681
G1 X99.226 Y224.558 E1740.7822
G1 X98.864 Y224.925 E1740.79935
G1 X98.196 Y225.384 E1740.82631
G1 X97.722 Y225.596 E1740.84358
G1 X96.692 Y225.744 E1740.87819
G1 X96.19 Y225.713 E1740.89491
G1 X95.699 Y225.559 E1740.91203
G1 X95.207 Y225.369 E1740.92957
G1 X94.784 Y225.118 E1740.94593
G1 X94.584 Y224.944 E1740.95475
G1 X94.053 Y224.34 E1740.9815
G1 X93.779 Y223.889 E1740.99905
G1 X93.561 Y223.103 E1741.02618
M204 S3000
M205 X10 Y10
G0 F6000 X77.339 Y205.083
G0 X76.367 Y203.537
G0 X75.22 Y200.114
M204 S1800
M205 X8 Y8
G1 F3000 X75.296 Y199.206 E1741.05648
G1 X75.407 Y198.222 E1741.08942
G1 X75.804 Y197.007 E1741.13193
G1 X76.026 Y196.375 E1741.15421
G1 X76.494 Y195.601 E1741.1843
G1 X77.02 Y194.765 E1741.21715
G1 X77.825 Y193.934 E1741.25563
G1 X78.371 Y193.389 E1741.28129
G1 X79.172 Y192.87 E1741.31303
G1 X79.964 Y192.374 E1741.34411
G1 X80.721 Y192.092 E1741.37098
G1 X81.743 Y191.734 E1741.407
G1 X82.397 Y191.642 E1741.42896
G1 X83.616 Y191.504 E1741.46977
G1 X84.447 Y191.575 E1741.49751
G1 X85.545 Y191.701 E1741.53427
G1 X86.446 Y192.001 E1741.56585
G1 X87.298 Y192.299 E1741.59587
G1 X88.135 Y192.795 E1741.62823
G1 X88.921 Y193.287 E1741.65907
G1 X89.719 Y194.051 E1741.69582
G1 X90.287 Y194.619 E1741.72254
G1 X90.605 Y195.08 E1741.74116
G1 X91.339 Y196.249 E1741.78707
G1 X91.716 Y197.275 E1741.82343
G1 X91.972 Y198.008 E1741.84925
G1 X92.113 Y199.052 E1741.88429
G1 X92.213 Y199.942 E1741.91408
G1 X92.114 Y200.945 E1741.9476
G1 X92.012 Y201.839 E1741.97753
G1 X91.569 Y203.145 E1742.0234
G1 X91.395 Y203.638 E1742.04078
G1 X90.97 Y204.341 E1742.06811
G1 X90.402 Y205.244 E1742.10359
G1 X89.795 Y205.873 E1742.13266
G1 X89.097 Y206.572 E1742.16552
G1 X88.644 Y206.887 E1742.18387
G1 X87.457 Y207.63 E1742.23045
G1 X86.483 Y207.987 E1742.26495
G1 X85.712 Y208.256 E1742.29211
G1 X85.085 Y208.352 E1742.3132
G1 X83.827 Y208.494 E1742.35531
G1 X83.601 Y208.494 E1742.36283
G1 X81.915 Y208.304 E1742.41926
G1 X81.715 Y208.256 E1742.4261
G1 X80.125 Y207.7 E1742.48212
G1 X79.174 Y207.132 E1742.51897
G1 X78.506 Y206.713 E1742.54519
G1 X77.826 Y206.068 E1742.57637
G1 X77.14 Y205.381 E1742.60866
G1 X76.712 Y204.746 E1742.63413
G1 X76.08 Y203.737 E1742.67373
G1 X75.8 Y202.98 E1742.70057
G1 X75.44 Y201.946 E1742.73699
G1 X75.298 Y200.803 E1742.7753
G1 X75.22 Y200.114 E1742.79836
M204 S3000
M205 X10 Y10
G0 F6000 X57.613 Y202.883
G0 X56.067 Y202.393
G0 X55.321 Y201.551
G0 X54.416 Y200.391
M204 S1800
M205 X8 Y8
G1 F2058.3 X54.39 Y199.87 E1742.82365
G1 X54.416 Y199.605 E1742.83655
G1 F2429.1 X54.702 Y198.833 E1742.87037
G1 F3000 X54.909 Y198.377 E1742.88703
G1 X55.587 Y197.572 E1742.92203
G1 X56.001 Y197.252 E1742.93944
G1 X56.956 Y196.864 E1742.97372
G1 X57.44 Y196.773 E1742.9901
G1 X58.507 Y196.872 E1743.02574
G1 X58.987 Y197.023 E1743.04248
G1 X59.868 Y197.596 E1743.07743
G1 X60.227 Y197.96 E1743.09444
G1 X60.745 Y198.885 E1743.1297
G1 X60.89 Y199.365 E1743.14638
G1 X60.915 Y199.982 E1743.16691
G1 X60.904 Y200.553 E1743.18591
G1 X60.776 Y201.044 E1743.20279
G1 X60.359 Y201.847 E1743.23288
G1 X60.05 Y202.242 E1743.24956
G1 X59.864 Y202.408 E1743.25785
G1 X59.188 Y202.872 E1743.28512
G1 X58.658 Y203.098 E1743.30429
G1 X57.694 Y203.227 E1743.33664
G1 X57.19 Y203.197 E1743.35343
G1 X56.206 Y202.852 E1743.38811
G1 X55.781 Y202.599 E1743.40456
G1 X55.582 Y202.426 E1743.41333
G1 X55.044 Y201.816 E1743.44038
G1 X54.786 Y201.386 E1743.45706
G1 F2684.6 X54.601 Y200.889 E1743.47677
G1 F2218.1 X54.416 Y200.391 E1743.50067
M204 S3000
M205 X10 Y10
G0 F6000 X55.143 Y198.652
G0 X56.063 Y197.611
G0 X93.479 Y177.353
M204 S1800
M205 X8 Y8
G1 F3000 X93.557 Y176.905 E1743.5158
G1 X93.702 Y176.317 E1743.53594
G1 X93.909 Y175.861 E1743.55259
G1 X94.587 Y175.055 E1743.58763
G1 X95.001 Y174.736 E1743.60501
G1 X95.69 Y174.447 E1743.62986
G1 X96.173 Y174.293 E1743.64672
G1 X96.696 Y174.255 E1743.66416
G1 X97.506 Y174.354 E1743.6913
G1 X97.988 Y174.505 E1743.7081
G1 X98.869 Y175.079 E1743.74307
G1 X99.228 Y175.443 E1743.76008
G1 X99.745 Y176.37 E1743.79538
G1 X99.89 Y176.847 E1743.81196
G1 X99.914 Y177.891 E1743.8467
G1 X99.831 Y178.361 E1743.86257
G1 X99.744 Y178.597 E1743.87094
G1 X99.36 Y179.33 E1743.89846
G1 X99.05 Y179.725 E1743.91516
G1 X98.396 Y180.212 E1743.94228
G1 X97.981 Y180.462 E1743.95839
G1 X97.504 Y180.612 E1743.97503
G1 X96.694 Y180.71 E1744.00216
G1 X96.19 Y180.68 E1744.01896
G1 X95.946 Y180.62 E1744.02731
G1 X95.188 Y180.328 E1744.05433
G1 X94.717 Y180.035 E1744.07278
G1 X94.068 Y179.326 E1744.10475
G1 X93.786 Y178.869 E1744.12261
G1 X93.603 Y178.243 E1744.1443
G1 X93.487 Y177.742 E1744.16141
G1 X93.479 Y177.353 E1744.17435
M204 S3000
M205 X10 Y10
G0 F6000 X94.284 Y179.038
G0 X94.917 Y179.716
G0 X113.096 Y193.726
M204 S1800
M205 X8 Y8
G1 F3000 X112.956 Y193.4 E1744.18615
G1 X112.731 Y192.426 E1744.2194
G1 X112.452 Y191.425 E1744.25396
G1 X112.025 Y190.084 E1744.30077
G1 X111.295 Y188.26 E1744.36611
G1 X110.79 Y187.092 E1744.40843
G1 X109.87 Y185.359 E1744.47369
G1 X109.241 Y184.251 E1744.51607
G1 X108.141 Y182.628 E1744.58128
G1 X107.398 Y181.593 E1744.62366
G1 X106.129 Y180.099 E1744.68885
G1 X105.28 Y179.15 E1744.7312
G1 X103.833 Y177.782 E1744.79744
G1 X102.91 Y176.95 E1744.83877
G1 X101.341 Y175.757 E1744.90432
G1 X100.297 Y175.007 E1744.94708
G1 X98.633 Y174.006 E1745.01166
G1 X97.531 Y173.376 E1745.05388
G1 X96.636 Y172.96 E1745.08671
G1 X95.743 Y172.548 E1745.11942
G1 X94.585 Y172.041 E1745.16147
G1 X92.701 Y171.407 E1745.22758
G1 X91.499 Y171.029 E1745.26949
G1 X89.551 Y170.603 E1745.33581
G1 X88.347 Y170.363 E1745.37664
G1 X86.324 Y170.143 E1745.44433
G1 X85.13 Y170.036 E1745.4842
G1 X83.085 Y170.037 E1745.55222
G1 X81.896 Y170.058 E1745.59177
G1 X79.862 Y170.28 E1745.65982
G1 X78.686 Y170.427 E1745.69924
G1 X76.7 Y170.867 E1745.7669
G1 X75.542 Y171.139 E1745.80646
G1 X73.595 Y171.794 E1745.87478
G1 X72.472 Y172.19 E1745.91439
G1 X70.751 Y172.985 E1745.97744
G1 X69.54 Y173.563 E1746.02207
G1 X67.803 Y174.607 E1746.08948
G1 X66.778 Y175.241 E1746.12956
G1 X65.183 Y176.456 E1746.19625
G1 X64.209 Y177.21 E1746.23722
G1 X62.752 Y178.59 E1746.30397
G1 X61.869 Y179.442 E1746.34478
G1 X60.57 Y180.969 E1746.41146
G1 X59.78 Y181.913 E1746.4524
G1 X58.662 Y183.564 E1746.51871
G1 X57.974 Y184.594 E1746.55991
G1 X56.464 Y187.456 E1746.66754
G1 X55.266 Y190.476 E1746.7756
G1 X54.411 Y193.579 E1746.88265
G1 X53.89 Y196.773 E1746.99029
G1 X53.787 Y198.697 E1747.05437
G1 F2429.1 X53.836 Y199.52 E1747.08824
G1 F2051.3 X53.807 Y200.002 E1747.11173
G1 X53.836 Y200.475 E1747.13478
G1 F2429.1 X53.785 Y201.289 E1747.16828
G1 F3000 X53.89 Y203.228 E1747.23287
G1 X54.412 Y206.421 E1747.34048
G1 X55.269 Y209.525 E1747.44758
G1 X56.465 Y212.545 E1747.55561
G1 X57.975 Y215.407 E1747.66324
G1 X58.701 Y216.496 E1747.70677
G1 X59.781 Y218.088 E1747.77076
G1 X60.625 Y219.097 E1747.81451
G1 X61.87 Y220.559 E1747.87838
G1 X62.821 Y221.476 E1747.92232
G1 X64.21 Y222.791 E1747.98593
G1 X65.257 Y223.602 E1748.02998
G1 X66.78 Y224.76 E1748.09362
G1 X67.862 Y225.428 E1748.13591
G1 X69.542 Y226.438 E1748.20111
G1 X70.632 Y226.958 E1748.24128
G1 X71.382 Y227.307 E1748.26879
G1 X72.472 Y227.811 E1748.30873
G1 X73.743 Y228.258 E1748.35354
G1 X75.527 Y228.859 E1748.41616
G1 X76.837 Y229.165 E1748.4609
G1 X78.685 Y229.574 E1748.52385
G1 X79.947 Y229.731 E1748.56615
G1 X81.234 Y229.87 E1748.6092
G1 X81.898 Y229.943 E1748.63142
G1 X83.259 Y229.964 E1748.67669
G1 X85.13 Y229.964 E1748.73892
G1 X86.474 Y229.841 E1748.78381
G1 X88.349 Y229.636 E1748.84655
G1 X89.646 Y229.376 E1748.89054
G1 X91.515 Y228.963 E1748.95421
G1 X92.757 Y228.575 E1748.99748
G1 X94.584 Y227.957 E1749.06163
G1 X95.761 Y227.442 E1749.10436
G1 X96.663 Y227.026 E1749.1374
G1 X97.551 Y226.612 E1749.16999
G1 X98.64 Y225.992 E1749.21167
G1 X100.315 Y224.98 E1749.27676
G1 X101.358 Y224.228 E1749.31952
G1 X102.911 Y223.047 E1749.38441
G1 X103.879 Y222.174 E1749.42777
G1 X105.281 Y220.845 E1749.49202
G1 X106.175 Y219.848 E1749.53656
G1 X107.402 Y218.403 E1749.59961
G1 X108.142 Y217.37 E1749.64188
G1 X109.244 Y215.746 E1749.70715
G1 X109.87 Y214.64 E1749.74942
G1 X110.79 Y212.906 E1749.81471
G1 X111.289 Y211.753 E1749.85649
G1 X111.688 Y210.661 E1749.89516
G1 X112.242 Y209.271 E1749.94493
G1 X112.635 Y207.917 E1749.99182
G1 X112.799 Y207.323 E1750.01232
G1 X112.951 Y206.601 E1750.03686
G1 X113.095 Y206.256 E1750.04929
G1 X113.326 Y206.009 E1750.06054
G1 X113.622 Y205.855 E1750.07164
G1 X113.934 Y205.807 E1750.08214
G1 X120.745 Y205.829 E1750.30868
G1 X123.552 Y205.815 E1750.40204
G1 X128.714 Y205.791 E1750.57373
G1 X128.714 Y202.059 E1750.69786
G1 X128.41 Y202.369 E1750.7123
G1 X127.661 Y202.889 E1750.74262
G1 X127.237 Y203.077 E1750.75805
G1 X126.129 Y203.232 E1750.79526
G1 X125.65 Y203.193 E1750.81125
G1 X124.719 Y202.858 E1750.84415
G1 X124.386 Y202.68 E1750.85671
G1 X124.143 Y202.482 E1750.86714
G1 X123.535 Y201.804 E1750.89743
G1 X123.277 Y201.363 E1750.91442
G1 X123.008 Y200.369 E1750.94867
G1 X122.978 Y199.785 E1750.96812
G1 X123.225 Y198.767 E1751.00296
G1 X123.371 Y198.429 E1751.01521
G1 X124.119 Y197.54 E1751.05385
G1 X124.389 Y197.312 E1751.0656
G1 X124.624 Y197.184 E1751.0745
G1 X125.507 Y196.847 E1751.10594
G1 X126.022 Y196.761 E1751.12331
G1 X127.074 Y196.883 E1751.15853
G1 X127.462 Y197.002 E1751.17203
G1 X128.433 Y197.65 E1751.21085
G1 X128.714 Y197.894 E1751.22323
G1 X128.714 Y194.208 E1751.34583
G1 X120.089 Y194.166 E1751.6327
G1 X113.943 Y194.174 E1751.83712
G1 X113.622 Y194.127 E1751.84791
G1 X113.327 Y193.973 E1751.85898
G1 X113.096 Y193.726 E1751.87022
M204 S3000
M205 X10 Y10
G0 F6000 X113.126 Y205.688
M204 S1800
M205 X8 Y8
;TYPE:SKIN
G1 F1200 X113.538 Y205.486 E1751.88549
G1 X113.935 Y205.427 E1751.89884
G1 X120.595 Y205.447 E1752.12035
G1 X128.334 Y205.412 E1752.37775
G1 X128.334 Y202.885 E1752.4618
G1 X127.882 Y203.198 E1752.48009
G1 X127.552 Y203.367 E1752.49242
G1 X127.152 Y203.493 E1752.50637
G1 X126.173 Y203.61 E1752.53916
G1 X125.781 Y203.599 E1752.5522
G1 X125.314 Y203.492 E1752.56814
G1 X124.409 Y203.131 E1752.60054
G1 X123.887 Y202.762 E1752.62181
G1 X123.252 Y202.06 E1752.65329
G1 X122.996 Y201.644 E1752.66954
G1 X122.832 Y201.252 E1752.68367
G1 X122.599 Y200.175 E1752.72032
G1 X122.624 Y199.607 E1752.73923
G1 X122.63 Y199.566 E1752.74061
G1 X122.89 Y198.56 E1752.77517
G1 X123.193 Y198.018 E1752.79582
G1 X123.22 Y197.982 E1752.79732
G1 X124.024 Y197.113 E1752.83669
G1 X124.457 Y196.845 E1752.85363
G1 X124.491 Y196.828 E1752.85489
G1 X125.597 Y196.428 E1752.89401
G1 X126.149 Y196.389 E1752.91242
G1 X127.122 Y196.505 E1752.94501
G1 X127.483 Y196.602 E1752.95744
G1 X127.884 Y196.8 E1752.97231
G1 X128.334 Y197.101 E1752.99032
G1 X128.334 Y194.586 E1753.07397
G1 X125.607 Y194.574 E1753.16467
G1 X125.276 Y194.571 E1753.17568
G1 X120.615 Y194.549 E1753.33071
G1 X113.924 Y194.554 E1753.55325
G1 X113.601 Y194.514 E1753.56408
G1 X113.158 Y194.317 E1753.5802
G1 X112.848 Y194.03 E1753.59425
G1 X112.612 Y193.586 E1753.61098
G1 X112.361 Y192.521 E1753.64737
G1 X112.092 Y191.547 E1753.68098
G1 X111.667 Y190.212 E1753.72758
G1 X110.999 Y188.543 E1753.78737
G1 X110.446 Y187.257 E1753.83393
G1 X109.6 Y185.664 E1753.89392
G1 X108.917 Y184.45 E1753.94025
G1 X107.885 Y182.928 E1754.00141
G1 X107.097 Y181.825 E1754.0465
G1 X105.882 Y180.394 E1754.10893
G1 X105.007 Y179.415 E1754.15261
G1 X103.715 Y178.193 E1754.21175
G1 X102.666 Y177.244 E1754.2588
G1 X101.212 Y176.138 E1754.31956
G1 X100.113 Y175.344 E1754.36466
G1 X99.605 Y175.038 E1754.38438
G1 F1140.1 X99.129 Y174.774 E1754.40344
G1 X99.498 Y175.175 E1754.42251
G1 F1200 X99.779 Y175.615 E1754.43988
G1 X100.19 Y176.476 E1754.47161
G1 X100.293 Y177.043 E1754.49078
G1 X100.295 Y177.083 E1754.49211
G1 X100.267 Y178.175 E1754.52844
G1 X100.109 Y178.71 E1754.547
G1 X99.7 Y179.505 E1754.57673
G1 X99.502 Y179.786 E1754.58816
G1 X99.108 Y180.18 E1754.6067
G1 X98.62 Y180.519 E1754.62646
G1 X98.306 Y180.729 E1754.63902
G1 X97.738 Y180.955 E1754.65936
G1 X97.219 Y181.03 E1754.6768
G1 X96.517 Y181.096 E1754.70025
G1 X95.938 Y181.014 E1754.7197
G1 X95.064 Y180.687 E1754.75074
G1 X94.579 Y180.406 E1754.76938
G1 X94.257 Y180.113 E1754.78386
G1 X93.768 Y179.561 E1754.80839
G1 X93.58 Y179.293 E1754.81928
G1 X93.357 Y178.828 E1754.83643
G1 X93.224 Y178.296 E1754.85467
G1 X93.135 Y177.921 E1754.86749
G1 X93.099 Y177.346 E1754.88665
G1 X93.183 Y176.828 E1754.9041
G1 X93.418 Y175.986 E1754.93318
G1 X93.697 Y175.49 E1754.9521
G1 X94.299 Y174.805 E1754.98244
G1 X94.621 Y174.539 E1754.99633
G1 X95.051 Y174.283 E1755.01297
G1 X95.557 Y174.092 E1755.03096
G1 X96.087 Y173.924 E1755.04945
G1 X96.703 Y173.877 E1755.07
G1 X97.286 Y173.944 E1755.08952
G1 F1134.8 X97.851 Y174.025 E1755.10959
G1 X97.368 Y173.722 E1755.12965
G1 F1200 X95.858 Y173.02 E1755.18503
G1 X94.446 Y172.395 E1755.23639
G1 X92.713 Y171.812 E1755.29721
G1 X91.388 Y171.392 E1755.34344
G1 X89.565 Y170.995 E1755.40549
G1 X88.537 Y170.79 E1755.44036
G1 X88.033 Y170.712 E1755.45732
G1 X86.433 Y170.536 E1755.51086
G1 X85.493 Y170.452 E1755.54225
G1 X84.728 Y170.416 E1755.56772
G1 X83.18 Y170.417 E1755.6192
G1 X81.92 Y170.437 E1755.66112
G1 X79.993 Y170.647 E1755.72559
G1 X78.753 Y170.802 E1755.76715
G1 X77.112 Y171.167 E1755.82307
G1 X75.659 Y171.504 E1755.87268
G1 X73.872 Y172.1 E1755.93533
G1 X72.617 Y172.544 E1755.97961
G1 X71.24 Y173.178 E1756.03003
G1 X69.718 Y173.9 E1756.08606
G1 X68.115 Y174.862 E1756.14824
G1 X66.996 Y175.555 E1756.19201
G1 X65.975 Y176.332 E1756.23469
G1 X64.457 Y177.501 E1756.29841
G1 X62.146 Y179.704 E1756.40461
G1 X61.766 Y180.15 E1756.42409
G1 X60.082 Y182.144 E1756.5109
G1 X58.3 Y184.79 E1756.617
G1 X56.81 Y187.617 E1756.72329
G1 X55.621 Y190.611 E1756.83044
G1 X54.783 Y193.662 E1756.93567
G1 X54.269 Y196.817 E1757.04199
G1 X54.169 Y198.694 E1757.10451
G1 X54.211 Y198.936 E1757.11268
G1 X54.44 Y198.448 E1757.13061
G1 X54.74 Y197.955 E1757.1498
G1 X55.303 Y197.318 E1757.17808
G1 X55.566 Y197.087 E1757.18972
G1 X56.05 Y196.8 E1757.20844
G1 X56.087 Y196.783 E1757.20979
G1 X57.082 Y196.441 E1757.24478
G1 X57.705 Y196.393 E1757.26557
G1 X58.553 Y196.494 E1757.29397
G1 X58.885 Y196.579 E1757.30537
G1 X59.371 Y196.795 E1757.32306
G1 X60.083 Y197.283 E1757.35177
G1 X60.346 Y197.52 E1757.36354
G1 X60.686 Y197.958 E1757.38199
G1 X61.124 Y198.796 E1757.41343
G1 X61.278 Y199.371 E1757.43323
G1 X61.295 Y199.978 E1757.45343
G1 X61.263 Y200.703 E1757.47757
G1 X61.095 Y201.257 E1757.49682
G1 X60.817 Y201.77 E1757.51623
G1 X60.563 Y202.229 E1757.53368
G1 X60.176 Y202.647 E1757.55262
G1 X59.414 Y203.179 E1757.58353
G1 X59.112 Y203.336 E1757.59485
G1 X58.582 Y203.5 E1757.61331
G1 X58.541 Y203.508 E1757.6147
G1 X57.456 Y203.607 E1757.65093
G1 X56.837 Y203.498 E1757.67184
G1 X56.798 Y203.486 E1757.67319
G1 X55.839 Y203.092 E1757.70768
G1 X55.344 Y202.726 E1757.72815
G1 X54.757 Y202.067 E1757.75751
G1 X54.568 Y201.788 E1757.76871
G1 X54.34 Y201.28 E1757.78723
G1 X54.214 Y201.026 E1757.79667
G1 X54.166 Y201.293 E1757.80569
G1 X54.269 Y203.188 E1757.86881
G1 X54.784 Y206.338 E1757.97497
G1 X55.626 Y209.39 E1758.08027
G1 X56.811 Y212.384 E1758.18737
G1 X58.301 Y215.211 E1758.29366
G1 X60.084 Y217.857 E1758.39978
G1 X60.97 Y218.913 E1758.44563
G1 X62.147 Y220.297 E1758.50605
G1 X63.017 Y221.136 E1758.54625
G1 X64.459 Y222.501 E1758.61229
G1 X65.411 Y223.24 E1758.65238
G1 X66.607 Y224.148 E1758.70232
G1 X67.417 Y224.706 E1758.73504
G1 X68.07 Y225.11 E1758.76058
G1 X69.723 Y226.101 E1758.82468
G1 X70.854 Y226.64 E1758.86635
G1 X72.619 Y227.459 E1758.93106
G1 X73.796 Y227.873 E1758.97256
G1 X75.63 Y228.492 E1759.03694
G1 X76.843 Y228.775 E1759.07837
G1 X78.751 Y229.199 E1759.14338
G1 X79.982 Y229.351 E1759.18463
G1 X81.924 Y229.564 E1759.24961
G1 X83.069 Y229.58 E1759.2877
G1 X85.112 Y229.583 E1759.35565
G1 X86.356 Y229.471 E1759.39719
G1 X88.29 Y229.26 E1759.4619
G1 X89.298 Y229.058 E1759.49609
G1 X91.419 Y228.594 E1759.5683
G1 X92.607 Y228.224 E1759.60969
G1 X94.39 Y227.622 E1759.67228
G1 X95.65 Y227.074 E1759.71798
G1 X97.349 Y226.287 E1759.78026
G1 F1197 X98.111 Y225.853 E1759.8095
G1 X97.572 Y226.021 E1759.82832
G1 F1200 X96.736 Y226.122 E1759.85633
G1 X96.156 Y226.092 E1759.87565
G1 X95.574 Y225.917 E1759.89586
G1 X94.831 Y225.604 E1759.92268
G1 X94.322 Y225.219 E1759.9439
G1 X93.68 Y224.451 E1759.9772
G1 X93.501 Y224.145 E1759.98899
G1 X93.328 Y223.764 E1760.0029
G1 X93.111 Y222.826 E1760.03493
G1 X93.108 Y222.228 E1760.05482
G1 X93.223 Y221.699 E1760.07282
G1 X93.41 Y221.035 E1760.09577
G1 X93.691 Y220.534 E1760.11487
G1 X94.238 Y219.908 E1760.14252
G1 X94.778 Y219.462 E1760.16581
G1 X95.203 Y219.259 E1760.18148
G1 X96.014 Y218.969 E1760.21013
G1 X96.595 Y218.903 E1760.22958
G1 X97.19 Y218.966 E1760.24948
G1 X97.743 Y219.05 E1760.26808
G1 X98.294 Y219.265 E1760.28775
G1 X99.083 Y219.797 E1760.3194
G1 X99.346 Y220.037 E1760.33124
G1 X99.681 Y220.465 E1760.34932
G1 X100.082 Y221.225 E1760.3779
G1 X100.206 Y221.564 E1760.38991
G1 X100.294 Y222.077 E1760.40722
G1 X100.296 Y222.117 E1760.40855
G1 X100.266 Y223.19 E1760.44425
G1 X100.1 Y223.757 E1760.4639
G1 X99.787 Y224.372 E1760.48686
G1 X99.504 Y224.819 E1760.50445
G1 F1142.9 X99.121 Y225.231 E1760.5241
G1 X99.612 Y224.958 E1760.54372
G1 F1200 X100.09 Y224.671 E1760.56226
G1 X100.644 Y224.272 E1760.58497
G1 X101.175 Y223.885 E1760.60682
G1 X102.668 Y222.751 E1760.66918
G1 X103.575 Y221.937 E1760.70971
G1 X105.009 Y220.579 E1760.7754
G1 X105.803 Y219.696 E1760.8149
G1 X107.104 Y218.167 E1760.88167
G1 X107.773 Y217.231 E1760.91994
G1 X108.921 Y215.543 E1760.98783
G1 X109.467 Y214.576 E1761.02477
G1 X110.447 Y212.739 E1761.09402
G1 X110.936 Y211.611 E1761.13491
G1 X111.28 Y210.668 E1761.16829
G1 X111.882 Y209.148 E1761.22267
G1 X112.428 Y207.232 E1761.28893
G1 X112.6 Y206.433 E1761.31612
G1 X112.799 Y206.019 E1761.3314
G1 X113.126 Y205.688 E1761.34687
M204 S3000
M205 X10 Y10
G0 F6000 X99.121 Y225.231
M204 S1800
M205 X8 Y8
G1 F1159.4 X98.436 Y225.674 E1761.37495
G1 F1215.2 X98.111 Y225.853 E1761.38714
M204 S3000
M205 X10 Y10
G0 F6000 X96.121 Y225.341
G0 X95.067 Y224.91
G0 X77.339 Y205.083
G0 X76.465 Y203.692
G0 X74.835 Y199.963
M204 S1800
M205 X8 Y8
G1 F1200 X74.918 Y199.163 E1761.41389
G1 X75.053 Y198.025 E1761.45201
G1 X75.44 Y196.901 E1761.49154
G1 X75.712 Y196.144 E1761.5183
G1 X76.19 Y195.37 E1761.54856
G1 X76.779 Y194.454 E1761.58478
G1 X77.558 Y193.665 E1761.62165
G1 X78.202 Y193.036 E1761.6516
G1 X78.97 Y192.548 E1761.68186
G1 X79.857 Y192.001 E1761.71652
G1 X80.697 Y191.701 E1761.74619
G1 X81.603 Y191.382 E1761.77813
G1 X82.454 Y191.255 E1761.80675
G1 X83.573 Y191.127 E1761.84421
G1 X84.559 Y191.207 E1761.87711
G1 X85.68 Y191.338 E1761.91465
G1 X86.57 Y191.642 E1761.94593
G1 X87.591 Y192.012 E1761.98205
G1 X87.965 Y192.241 E1761.99664
G1 X88.846 Y192.792 E1762.0312
G1 X89.279 Y193.079 E1762.04848
G1 X90.075 Y193.867 E1762.08573
G1 X90.693 Y194.513 E1762.11547
G1 X91.121 Y195.186 E1762.14199
G1 X91.648 Y196.025 E1762.17495
G1 X92.074 Y197.149 E1762.21493
G1 X92.386 Y198.098 E1762.24815
G1 X92.492 Y199.014 E1762.27882
G1 X92.594 Y200.061 E1762.31381
G1 X92.506 Y200.862 E1762.34061
G1 X92.397 Y201.833 E1762.37311
G1 X92.228 Y202.407 E1762.39301
G1 X91.928 Y203.274 E1762.42353
G1 X91.698 Y203.889 E1762.44536
G1 X90.938 Y205.11 E1762.4932
G1 X90.58 Y205.623 E1762.51401
G1 X89.944 Y206.263 E1762.54402
G1 X89.355 Y206.851 E1762.5717
G1 X88.579 Y207.373 E1762.6028
G1 X87.752 Y207.882 E1762.6351
G1 X87.503 Y208.029 E1762.64472
G1 X86.606 Y208.345 E1762.67635
G1 X85.62 Y208.671 E1762.71089
G1 X84.495 Y208.801 E1762.74856
G1 X83.669 Y208.879 E1762.77615
G1 X83.636 Y208.878 E1762.77725
G1 X82.352 Y208.737 E1762.82021
G1 X81.723 Y208.655 E1762.84131
G1 X81.701 Y208.649 E1762.84207
G1 X80.598 Y208.268 E1762.88088
G1 X79.774 Y207.954 E1762.91021
G1 X78.971 Y207.452 E1762.94171
G1 X78.116 Y206.895 E1762.97565
G1 X77.555 Y206.336 E1763.00199
G1 X76.74 Y205.497 E1763.04089
G1 X76.724 Y205.476 E1763.04177
G1 X76.172 Y204.603 E1763.07612
G1 X75.698 Y203.825 E1763.10643
G1 X75.44 Y203.103 E1763.13193
G1 X75.044 Y201.919 E1763.17345
G1 X75.039 Y201.889 E1763.17446
G1 X74.919 Y200.843 E1763.20948
G1 X74.835 Y199.963 E1763.23888
M204 S3000
M205 X10 Y10
G0 F6000 X76.367 Y196.463
G0 X77.339 Y194.917
G0 X95.063 Y175.094
G0 X97.851 Y174.025
M204 S1800
M205 X8 Y8
G1 F1159.4 X98.316 Y174.25 E1763.25666
G1 F1173.6 X99.095 Y174.75 E1763.28815
G1 F1093.4 X99.129 Y174.774 E1763.28966
M204 S3000
M205 X10 Y10
G0 F6000 X96.36 Y174.602
G0 X59.886 Y182.792
M204 S1800
M205 X8 Y8
G1 F1200 X66.468 Y176.21 E1763.59926
G1 X66.538 Y176.14
M204 S3000
M205 X10 Y10
G0 F6000 X68.2 Y175.044
M204 S1800
M205 X8 Y8
G1 F1200 X58.72 Y184.524 E1764.04517
G1 X58.65 Y184.594
M204 S3000
M205 X10 Y10
G0 F6000 X57.975 Y185.834
M204 S1800
M205 X8 Y8
G1 F1200 X69.616 Y174.194 E1764.5927
G1 X69.686 Y174.124
M204 S3000
M205 X10 Y10
G0 F6000 X70.739 Y173.636
M204 S1800
M205 X8 Y8
G1 F1200 X57.345 Y187.03 E1765.22272
G1 X57.275 Y187.1
M204 S3000
M205 X10 Y10
G0 F6000 X56.828 Y188.113
M204 S1800
M205 X8 Y8
G1 F1200 X71.804 Y173.137 E1765.92714
G1 X71.874 Y173.067
M204 S3000
M205 X10 Y10
G0 F6000 X72.827 Y172.679
M204 S1800
M205 X8 Y8
G1 F1200 X56.455 Y189.052 E1766.69725
G1 X56.385 Y189.122
M204 S3000
M205 X10 Y10
G0 F6000 X56.082 Y189.991
M204 S1800
M205 X8 Y8
G1 F1200 X73.701 Y172.372 E1767.526
G1 X73.771 Y172.302
M204 S3000
M205 X10 Y10
G0 F6000 X74.558 Y172.08
M204 S1800
M205 X8 Y8
G1 F1200 X55.752 Y190.886 E1768.41058
G1 X55.682 Y190.956
M204 S3000
M205 X10 Y10
G0 F6000 X55.538 Y191.665
M204 S1800
M205 X8 Y8
G1 F1200 X75.406 Y171.797 E1769.3451
G1 X75.476 Y171.727
M204 S3000
M205 X10 Y10
G0 F6000 X76.182 Y171.587
M204 S1800
M205 X8 Y8
G1 F1200 X55.324 Y192.445 E1770.3262
G1 X55.254 Y192.515
M204 S3000
M205 X10 Y10
G0 F6000 X55.111 Y193.224
M204 S1800
M205 X8 Y8
G1 F1200 X76.919 Y171.416 E1771.35198
M204 S3000
M205 X10 Y10
G0 F6000 X77.652 Y171.249
M204 S1800
M205 X8 Y8
G1 F1200 X54.936 Y193.965 E1772.42047
M204 S3000
M205 X10 Y10
G0 F6000 X54.826 Y194.641
M204 S1800
M205 X8 Y8
G1 F1200 X78.378 Y171.088 E1773.52831
M204 S3000
M205 X10 Y10
G0 F6000 X79.07 Y170.962
M204 S1800
M205 X8 Y8
G1 F1200 X54.715 Y195.317 E1774.6739
M204 S3000
M205 X10 Y10
G0 F6000 X54.605 Y195.993
M204 S1800
M205 X8 Y8
G1 F1200 X79.714 Y170.883 E1775.85497
M204 S3000
M205 X10 Y10
G0 F6000 X80.357 Y170.807
M204 S1800
M205 X8 Y8
G1 F1200 X54.495 Y196.669 E1777.07144
M204 S3000
M205 X10 Y10
G0 F6000 X54.445 Y197.284
M204 S1800
M205 X8 Y8
G1 F1200 X80.992 Y170.738 E1778.3201
M204 S3000
M205 X10 Y10
G0 F6000 X81.626 Y170.669
M204 S1800
M205 X8 Y8
G1 F1200 X54.413 Y197.882 E1779.60012
G1 X54.343 Y197.952
M204 S3000
M205 X10 Y10
G0 F6000 X56.396 Y196.465
M204 S1800
M205 X8 Y8
G1 F1200 X82.23 Y170.631 E1780.81527
M204 S3000
M205 X10 Y10
G0 F6000 X82.805 Y170.622
M204 S1800
M205 X8 Y8
G1 F1200 X57.2 Y196.226 E1782.01963
M204 S3000
M205 X10 Y10
G0 F6000 X57.793 Y196.198
M204 S1800
M205 X8 Y8
G1 F1200 X83.377 Y170.614 E1783.22302
M204 S3000
M205 X10 Y10
G0 F6000 X83.943 Y170.614
M204 S1800
M205 X8 Y8
G1 F1200 X58.298 Y196.26 E1784.42931
M204 S3000
M205 X10 Y10
G0 F6000 X58.777 Y196.346
M204 S1800
M205 X8 Y8
G1 F1200 X84.509 Y170.614 E1785.63966
M204 S3000
M205 X10 Y10
G0 F6000 X85.074 Y170.614
M204 S1800
M205 X8 Y8
G1 F1200 X59.191 Y196.498 E1786.85714
M204 S3000
M205 X10 Y10
G0 F6000 X59.57 Y196.684
M204 S1800
M205 X8 Y8
G1 F1200 X85.594 Y170.66 E1788.08123
M204 S3000
M205 X10 Y10
G0 F6000 X86.112 Y170.709
M204 S1800
M205 X8 Y8
G1 F1200 X59.905 Y196.915 E1789.31391
M204 S3000
M205 X10 Y10
G0 F6000 X60.234 Y197.151
M204 S1800
M205 X8 Y8
G1 F1200 X86.628 Y170.758 E1790.55538
M204 S3000
M205 X10 Y10
G0 F6000 X87.138 Y170.813
M204 S1800
M205 X8 Y8
G1 F1200 X60.526 Y197.426 E1791.80715
M204 S3000
M205 X10 Y10
G0 F6000 X60.773 Y197.744
M204 S1800
M205 X8 Y8
G1 F1200 X87.648 Y170.869 E1793.07126
M204 S3000
M205 X10 Y10
G0 F6000 X88.158 Y170.925
M204 S1800
M205 X8 Y8
G1 F1200 X60.984 Y198.099 E1794.34945
M204 S3000
M205 X10 Y10
G0 F6000 X61.177 Y198.472
M204 S1800
M205 X8 Y8
G1 F1200 X88.636 Y171.013 E1795.64103
M204 S3000
M205 X10 Y10
G0 F6000 X89.107 Y171.107
M204 S1800
M205 X8 Y8
G1 F1200 X61.35 Y198.864 E1796.94664
M204 S3000
M205 X10 Y10
G0 F6000 X61.468 Y199.312
M204 S1800
M205 X8 Y8
G1 F1200 X89.578 Y171.202 E1798.26884
M204 S3000
M205 X10 Y10
G0 F6000 X90.043 Y171.302
M204 S1800
M205 X8 Y8
G1 F1200 X61.492 Y199.854 E1799.61182
M204 S3000
M205 X10 Y10
G0 F6000 X61.469 Y200.442
M204 S1800
M205 X8 Y8
G1 F1200 X90.508 Y171.404 E1800.9777
M204 S3000
M205 X10 Y10
G0 F6000 X90.972 Y171.505
M204 S1800
M205 X8 Y8
G1 F1200 X61.34 Y201.137 E1802.3715
G1 X61.27 Y201.207
M204 S3000
M205 X10 Y10
G0 F6000 X60.753 Y202.29
M204 S1800
M205 X8 Y8
G1 F1200 X91.43 Y171.613 E1803.81445
M204 S3000
M205 X10 Y10
G0 F6000 X91.859 Y171.749
M204 S1800
M205 X8 Y8
G1 F1200 X55.485 Y208.124 E1805.5254
M204 S3000
M205 X10 Y10
G0 F6000 X55.607 Y208.567
M204 S1800
M205 X8 Y8
G1 F1200 X92.288 Y171.886 E1807.25076
M204 S3000
M205 X10 Y10
G0 F6000 X92.718 Y172.022
M204 S1800
M205 X8 Y8
G1 F1200 X55.729 Y209.01 E1808.99058
M204 S3000
M205 X10 Y10
G0 F6000 X55.863 Y209.442
M204 S1800
M205 X8 Y8
G1 F1200 X93.141 Y172.164 E1810.74403
M204 S3000
M205 X10 Y10
G0 F6000 X93.562 Y172.309
M204 S1800
M205 X8 Y8
G1 F1200 X56.024 Y209.848 E1812.50972
M204 S3000
M205 X10 Y10
G0 F6000 X56.183 Y210.253
M204 S1800
M205 X8 Y8
G1 F1200 X93.985 Y172.452 E1814.28779
M204 S3000
M205 X10 Y10
G0 F6000 X94.407 Y172.596
M204 S1800
M205 X8 Y8
G1 F1200 X56.344 Y210.659 E1816.07816
M204 S3000
M205 X10 Y10
G0 F6000 X56.504 Y211.064
M204 S1800
M205 X8 Y8
G1 F1200 X94.798 Y172.77 E1817.87939
M204 S3000
M205 X10 Y10
G0 F6000 X95.19 Y172.944
M204 S1800
M205 X8 Y8
G1 F1200 X56.665 Y211.469 E1819.69149
M204 S3000
M205 X10 Y10
G0 F6000 X56.825 Y211.874
M204 S1800
M205 X8 Y8
G1 F1200 X95.581 Y173.119 E1821.51443
M204 S3000
M205 X10 Y10
G0 F6000 X95.972 Y173.293
M204 S1800
M205 X8 Y8
G1 F1200 X95.288 Y173.977 E1821.5466
G1 X95.218 Y174.047
M204 S3000
M205 X10 Y10
G0 F6000 X96.116 Y173.715
M204 S1800
M205 X8 Y8
G1 F1200 X96.359 Y173.472 E1821.55803
M204 S3000
M205 X10 Y10
G0 F6000 X93.195 Y176.071
M204 S1800
M205 X8 Y8
G1 F1200 X56.985 Y212.28 E1823.26121
M204 S3000
M205 X10 Y10
G0 F6000 X57.179 Y212.652
M204 S1800
M205 X8 Y8
G1 F1200 X92.978 Y176.853 E1824.94509
M204 S3000
M205 X10 Y10
G0 F6000 X92.908 Y177.488
M204 S1800
M205 X8 Y8
G1 F1200 X57.374 Y213.022 E1826.6165
M204 S3000
M205 X10 Y10
G0 F6000 X57.569 Y213.393
M204 S1800
M205 X8 Y8
G1 F1200 X76.596 Y194.366 E1827.51147
G1 X76.666 Y194.296
M204 S3000
M205 X10 Y10
G0 F6000 X75.625 Y195.903
M204 S1800
M205 X8 Y8
G1 F1200 X57.765 Y213.763 E1828.35155
M204 S3000
M205 X10 Y10
G0 F6000 X57.96 Y214.133
M204 S1800
M205 X8 Y8
G1 F1200 X75.245 Y196.849 E1829.16456
G1 X75.315 Y196.779
M204 S3000
M205 X10 Y10
G0 F6000 X74.946 Y197.714
M204 S1800
M205 X8 Y8
G1 F1200 X58.155 Y214.504 E1829.95433
M204 S3000
M205 X10 Y10
G0 F6000 X58.351 Y214.874
M204 S1800
M205 X8 Y8
G1 F1200 X74.806 Y198.419 E1830.72833
M204 S3000
M205 X10 Y10
G0 F6000 X74.728 Y199.063
M204 S1800
M205 X8 Y8
G1 F1200 X58.558 Y215.233 E1831.48891
M204 S3000
M205 X10 Y10
G0 F6000 X58.786 Y215.571
M204 S1800
M205 X8 Y8
G1 F1200 X74.661 Y199.695 E1832.23565
M204 S3000
M205 X10 Y10
G0 F6000 X74.662 Y200.26
M204 S1800
M205 X8 Y8
G1 F1200 X59.013 Y215.909 E1832.97173
M204 S3000
M205 X10 Y10
G0 F6000 X59.241 Y216.247
M204 S1800
M205 X8 Y8
G1 F1200 X74.711 Y200.777 E1833.69939
M204 S3000
M205 X10 Y10
G0 F6000 X74.769 Y201.285
M204 S1800
M205 X8 Y8
G1 F1200 X59.469 Y216.585 E1834.41906
M204 S3000
M205 X10 Y10
G0 F6000 X59.696 Y216.923
M204 S1800
M205 X8 Y8
G1 F1200 X74.829 Y201.79 E1835.13087
M204 S3000
M205 X10 Y10
G0 F6000 X74.942 Y202.243
M204 S1800
M205 X8 Y8
G1 F1200 X59.924 Y217.261 E1835.83727
M204 S3000
M205 X10 Y10
G0 F6000 X60.152 Y217.599
M204 S1800
M205 X8 Y8
G1 F1200 X75.083 Y202.668 E1836.53958
M204 S3000
M205 X10 Y10
G0 F6000 X75.225 Y203.091
M204 S1800
M205 X8 Y8
G1 F1200 X60.397 Y217.919 E1837.23704
M204 S3000
M205 X10 Y10
G0 F6000 X60.656 Y218.226
M204 S1800
M205 X8 Y8
G1 F1200 X75.374 Y203.508 E1837.92933
M204 S3000
M205 X10 Y10
G0 F6000 X75.525 Y203.923
M204 S1800
M205 X8 Y8
G1 F1200 X60.915 Y218.532 E1838.61652
M204 S3000
M205 X10 Y10
G0 F6000 X61.175 Y218.838
M204 S1800
M205 X8 Y8
G1 F1200 X75.738 Y204.276 E1839.30149
M204 S3000
M205 X10 Y10
G0 F6000 X75.952 Y204.627
M204 S1800
M205 X8 Y8
G1 F1200 X61.434 Y219.145 E1839.98437
M204 S3000
M205 X10 Y10
G0 F6000 X61.694 Y219.451
M204 S1800
M205 X8 Y8
G1 F1200 X76.17 Y204.974 E1840.6653
M204 S3000
M205 X10 Y10
G0 F6000 X76.391 Y205.319
M204 S1800
M205 X8 Y8
G1 F1200 X61.953 Y219.757 E1841.34442
M204 S3000
M205 X10 Y10
G0 F6000 X62.213 Y220.063
M204 S1800
M205 X8 Y8
G1 F1200 X76.617 Y205.659 E1842.02194
M204 S3000
M205 X10 Y10
G0 F6000 X76.896 Y205.946
M204 S1800
M205 X8 Y8
G1 F1200 X62.491 Y220.351 E1842.69951
M204 S3000
M205 X10 Y10
G0 F6000 X62.779 Y220.628
M204 S1800
M205 X8 Y8
G1 F1200 X77.175 Y206.233 E1843.37663
M204 S3000
M205 X10 Y10
G0 F6000 X77.455 Y206.518
M204 S1800
M205 X8 Y8
G1 F1200 X63.069 Y220.904 E1844.0533
M204 S3000
M205 X10 Y10
G0 F6000 X63.359 Y221.18
M204 S1800
M205 X8 Y8
G1 F1200 X77.74 Y206.799 E1844.72974
M204 S3000
M205 X10 Y10
G0 F6000 X78.028 Y207.076
M204 S1800
M205 X8 Y8
G1 F1200 X63.649 Y221.455 E1845.40609
M204 S3000
M205 X10 Y10
G0 F6000 X63.939 Y221.731
M204 S1800
M205 X8 Y8
G1 F1200 X78.371 Y207.299 E1846.08492
M204 S3000
M205 X10 Y10
G0 F6000 X78.714 Y207.522
M204 S1800
M205 X8 Y8
G1 F1200 X64.229 Y222.007 E1846.76625
M204 S3000
M205 X10 Y10
G0 F6000 X64.533 Y222.269
M204 S1800
M205 X8 Y8
G1 F1200 X79.06 Y207.742 E1847.44956
M204 S3000
M205 X10 Y10
G0 F6000 X79.409 Y207.958
M204 S1800
M205 X8 Y8
G1 F1200 X64.838 Y222.53 E1848.13496
M204 S3000
M205 X10 Y10
G0 F6000 X65.151 Y222.782
M204 S1800
M205 X8 Y8
G1 F1200 X79.769 Y208.164 E1848.82254
M204 S3000
M205 X10 Y10
G0 F6000 X80.178 Y208.32
M204 S1800
M205 X8 Y8
G1 F1200 X65.471 Y223.027 E1849.51431
M204 S3000
M205 X10 Y10
G0 F6000 X65.792 Y223.272
M204 S1800
M205 X8 Y8
G1 F1200 X80.589 Y208.475 E1850.21032
M204 S3000
M205 X10 Y10
G0 F6000 X81.011 Y208.619
M204 S1800
M205 X8 Y8
G1 F1200 X66.113 Y223.517 E1850.91108
M204 S3000
M205 X10 Y10
G0 F6000 X66.434 Y223.762
M204 S1800
M205 X8 Y8
G1 F1200 X81.433 Y208.763 E1851.61658
M204 S3000
M205 X10 Y10
G0 F6000 X81.885 Y208.876
M204 S1800
M205 X8 Y8
G1 F1200 X66.754 Y224.007 E1852.3283
M204 S3000
M205 X10 Y10
G0 F6000 X67.074 Y224.253
M204 S1800
M205 X8 Y8
G1 F1200 X82.387 Y208.94 E1853.04858
M204 S3000
M205 X10 Y10
G0 F6000 X82.899 Y208.994
M204 S1800
M205 X8 Y8
G1 F1200 X67.421 Y224.472 E1853.77661
M204 S3000
M205 X10 Y10
G0 F6000 X67.769 Y224.689
M204 S1800
M205 X8 Y8
G1 F1200 X83.41 Y209.049 E1854.51229
M204 S3000
M205 X10 Y10
G0 F6000 X83.975 Y209.049
M204 S1800
M205 X8 Y8
G1 F1200 X68.121 Y224.903 E1855.25802
M204 S3000
M205 X10 Y10
G0 F6000 X68.474 Y225.116
M204 S1800
M205 X8 Y8
G1 F1200 X84.602 Y208.988 E1856.01663
M204 S3000
M205 X10 Y10
G0 F6000 X85.242 Y208.913
M204 S1800
M205 X8 Y8
G1 F1200 X68.827 Y225.328 E1856.78874
M204 S3000
M205 X10 Y10
G0 F6000 X69.18 Y225.541
M204 S1800
M205 X8 Y8
G1 F1200 X85.951 Y208.77 E1857.5776
G1 X86.021 Y208.7
M204 S3000
M205 X10 Y10
G0 F6000 X86.8 Y208.487
M204 S1800
M205 X8 Y8
G1 F1200 X69.534 Y225.753 E1858.38974
M204 S3000
M205 X10 Y10
G0 F6000 X69.892 Y225.96
M204 S1800
M205 X8 Y8
G1 F1200 X87.718 Y208.134 E1859.22822
G1 X87.788 Y208.064
M204 S3000
M205 X10 Y10
G0 F6000 X89.22 Y207.198
M204 S1800
M205 X8 Y8
G1 F1200 X70.275 Y226.143 E1860.11933
M204 S3000
M205 X10 Y10
G0 F6000 X70.658 Y226.326
M204 S1800
M205 X8 Y8
G1 F1200 X110.049 Y186.935 E1861.97216
M204 S3000
M205 X10 Y10
G0 F6000 X109.852 Y186.566
M204 S1800
M205 X8 Y8
G1 F1200 X90.878 Y205.54 E1862.86464
G1 X90.808 Y205.61
M204 S3000
M205 X10 Y10
G0 F6000 X91.874 Y203.979
M204 S1800
M205 X8 Y8
G1 F1200 X109.656 Y186.196 E1863.70108
M204 S3000
M205 X10 Y10
G0 F6000 X109.459 Y185.828
M204 S1800
M205 X8 Y8
G1 F1200 X92.205 Y203.082 E1864.51265
G1 X92.135 Y203.152
M204 S3000
M205 X10 Y10
G0 F6000 X92.499 Y202.222
M204 S1800
M205 X8 Y8
G1 F1200 X109.256 Y185.465 E1865.30085
M204 S3000
M205 X10 Y10
G0 F6000 X109.053 Y185.102
M204 S1800
M205 X8 Y8
G1 F1200 X92.627 Y201.528 E1866.07348
M204 S3000
M205 X10 Y10
G0 F6000 X92.704 Y200.886
M204 S1800
M205 X8 Y8
G1 F1200 X108.85 Y184.74 E1866.83294
M204 S3000
M205 X10 Y10
G0 F6000 X108.634 Y184.39
M204 S1800
M205 X8 Y8
G1 F1200 X92.771 Y200.253 E1867.57908
M204 S3000
M205 X10 Y10
G0 F6000 X92.759 Y199.699
M204 S1800
M205 X8 Y8
G1 F1200 X108.406 Y184.052 E1868.31507
M204 S3000
M205 X10 Y10
G0 F6000 X108.177 Y183.716
M204 S1800
M205 X8 Y8
G1 F1200 X92.709 Y199.184 E1869.04264
M204 S3000
M205 X10 Y10
G0 F6000 X92.653 Y198.674
M204 S1800
M205 X8 Y8
G1 F1200 X107.949 Y183.378 E1869.76212
M204 S3000
M205 X10 Y10
G0 F6000 X107.719 Y183.043
M204 S1800
M205 X8 Y8
G1 F1200 X92.594 Y198.168 E1870.47355
M204 S3000
M205 X10 Y10
G0 F6000 X92.474 Y197.722
M204 S1800
M205 X8 Y8
G1 F1200 X107.483 Y182.712 E1871.17955
M204 S3000
M205 X10 Y10
G0 F6000 X107.248 Y182.382
M204 S1800
M205 X8 Y8
G1 F1200 X92.334 Y197.296 E1871.88106
M204 S3000
M205 X10 Y10
G0 F6000 X92.189 Y196.875
M204 S1800
M205 X8 Y8
G1 F1200 X107.012 Y182.052 E1872.57829
M204 S3000
M205 X10 Y10
G0 F6000 X106.761 Y181.738
M204 S1800
M205 X8 Y8
G1 F1200 X92.041 Y196.458 E1873.27067
M204 S3000
M205 X10 Y10
G0 F6000 X91.884 Y196.048
M204 S1800
M205 X8 Y8
G1 F1200 X106.501 Y181.432 E1873.95819
M204 S3000
M205 X10 Y10
G0 F6000 X106.242 Y181.126
M204 S1800
M205 X8 Y8
G1 F1200 X91.67 Y195.698 E1874.64361
M204 S3000
M205 X10 Y10
G0 F6000 X91.455 Y195.347
M204 S1800
M205 X8 Y8
G1 F1200 X105.981 Y180.82 E1875.32689
M204 S3000
M205 X10 Y10
G0 F6000 X105.72 Y180.515
M204 S1800
M205 X8 Y8
G1 F1200 X91.238 Y194.998 E1876.0081
M204 S3000
M205 X10 Y10
G0 F6000 X91.018 Y194.652
M204 S1800
M205 X8 Y8
G1 F1200 X105.453 Y180.217 E1876.68708
M204 S3000
M205 X10 Y10
G0 F6000 X105.187 Y179.918
M204 S1800
M205 X8 Y8
G1 F1200 X90.785 Y194.32 E1877.36451
M204 S3000
M205 X10 Y10
G0 F6000 X90.508 Y194.03
M204 S1800
M205 X8 Y8
G1 F1200 X104.92 Y179.619 E1878.04238
M204 S3000
M205 X10 Y10
G0 F6000 X104.635 Y179.338
M204 S1800
M205 X8 Y8
G1 F1200 X90.233 Y193.74 E1878.71981
M204 S3000
M205 X10 Y10
G0 F6000 X89.948 Y193.46
M204 S1800
M205 X8 Y8
G1 F1200 X104.344 Y179.063 E1879.39697
M204 S3000
M205 X10 Y10
G0 F6000 X104.054 Y178.788
M204 S1800
M205 X8 Y8
G1 F1200 X89.663 Y193.179 E1880.07388
M204 S3000
M205 X10 Y10
G0 F6000 X89.374 Y192.902
M204 S1800
M205 X8 Y8
G1 F1200 X103.763 Y178.513 E1880.7507
M204 S3000
M205 X10 Y10
G0 F6000 X103.47 Y178.24
M204 S1800
M205 X8 Y8
G1 F1200 X89.034 Y192.676 E1881.42972
M204 S3000
M205 X10 Y10
G0 F6000 X88.688 Y192.457
M204 S1800
M205 X8 Y8
G1 F1200 X103.173 Y177.971 E1882.11107
M204 S3000
M205 X10 Y10
G0 F6000 X102.876 Y177.703
M204 S1800
M205 X8 Y8
G1 F1200 X88.339 Y192.24 E1882.79485
M204 S3000
M205 X10 Y10
G0 F6000 X87.991 Y192.022
M204 S1800
M205 X8 Y8
G1 F1200 X102.579 Y177.435 E1883.481
M204 S3000
M205 X10 Y10
G0 F6000 X102.261 Y177.187
M204 S1800
M205 X8 Y8
G1 F1200 X99.905 Y179.542 E1883.5918
G1 X99.835 Y179.612
M204 S3000
M205 X10 Y10
G0 F6000 X100.375 Y178.506
M204 S1800
M205 X8 Y8
G1 F1200 X101.939 Y176.943 E1883.66534
M204 S3000
M205 X10 Y10
G0 F6000 X101.617 Y176.699
M204 S1800
M205 X8 Y8
G1 F1200 X100.476 Y177.84 E1883.71901
M204 S3000
M205 X10 Y10
G0 F6000 X100.49 Y177.261
M204 S1800
M205 X8 Y8
G1 F1200 X101.295 Y176.456 E1883.75687
M204 S3000
M205 X10 Y10
G0 F6000 X100.973 Y176.212
M204 S1800
M205 X8 Y8
G1 F1200 X100.442 Y176.743 E1883.78185
M204 S3000
M205 X10 Y10
G0 F6000 X100.316 Y176.303
M204 S1800
M205 X8 Y8
G1 F1200 X100.644 Y175.975 E1883.79728
M204 S3000
M205 X10 Y10
G0 F6000 X100.314 Y175.74
M204 S1800
M205 X8 Y8
G1 F1200 X100.139 Y175.915 E1883.80551
M204 S3000
M205 X10 Y10
G0 F6000 X98.839 Y180.609
M204 S1800
M205 X8 Y8
G1 F1200 X87.633 Y191.815 E1884.33261
M204 S3000
M205 X10 Y10
G0 F6000 X87.218 Y191.664
M204 S1800
M205 X8 Y8
G1 F1200 X97.728 Y181.154 E1884.82696
M204 S3000
M205 X10 Y10
G0 F6000 X97.074 Y181.242
M204 S1800
M205 X8 Y8
G1 F1200 X86.803 Y191.513 E1885.31008
M204 S3000
M205 X10 Y10
G0 F6000 X86.384 Y191.367
M204 S1800
M205 X8 Y8
G1 F1200 X96.462 Y181.288 E1885.78414
M204 S3000
M205 X10 Y10
G0 F6000 X95.967 Y181.218
M204 S1800
M205 X8 Y8
G1 F1200 X85.961 Y191.224 E1886.25479
M204 S3000
M205 X10 Y10
G0 F6000 X85.503 Y191.116
M204 S1800
M205 X8 Y8
G1 F1200 X95.541 Y181.078 E1886.72695
M204 S3000
M205 X10 Y10
G0 F6000 X95.129 Y180.924
M204 S1800
M205 X8 Y8
G1 F1200 X84.996 Y191.058 E1887.2036
M204 S3000
M205 X10 Y10
G0 F6000 X84.489 Y190.999
M204 S1800
M205 X8 Y8
G1 F1200 X94.753 Y180.735 E1887.68639
M204 S3000
M205 X10 Y10
G0 F6000 X94.415 Y180.508
M204 S1800
M205 X8 Y8
G1 F1200 X83.983 Y190.94 E1888.17708
M204 S3000
M205 X10 Y10
G0 F6000 X83.414 Y190.942
M204 S1800
M205 X8 Y8
G1 F1200 X94.11 Y180.246 E1888.68018
M204 S3000
M205 X10 Y10
G0 F6000 X93.843 Y179.948
M204 S1800
M205 X8 Y8
G1 F1200 X82.773 Y191.018 E1889.20088
M204 S3000
M205 X10 Y10
G0 F6000 X82.131 Y191.094
M204 S1800
M205 X8 Y8
G1 F1200 X93.582 Y179.643 E1889.7395
M204 S3000
M205 X10 Y10
G0 F6000 X93.361 Y179.298
M204 S1800
M205 X8 Y8
G1 F1200 X81.415 Y191.244 E1890.3014
G1 X81.345 Y191.314
M204 S3000
M205 X10 Y10
G0 F6000 X80.557 Y191.537
M204 S1800
M205 X8 Y8
G1 F1200 X93.178 Y178.916 E1890.89506
M204 S3000
M205 X10 Y10
G0 F6000 X93.062 Y178.466
M204 S1800
M205 X8 Y8
G1 F1200 X79.607 Y191.921 E1891.52794
G1 X79.537 Y191.991
M204 S3000
M205 X10 Y10
G0 F6000 X78.097 Y192.866
M204 S1800
M205 X8 Y8
G1 F1200 X92.949 Y178.014 E1892.22653
G1 X93.019 Y177.944
M204 S3000
M205 X10 Y10
G0 F6000 X95.067 Y179.876
G0 X110.245 Y187.305
M204 S1800
M205 X8 Y8
G1 F1200 X71.043 Y226.507 E1894.07047
M204 S3000
M205 X10 Y10
G0 F6000 X71.429 Y226.686
M204 S1800
M205 X8 Y8
G1 F1200 X110.417 Y187.698 E1895.90435
M204 S3000
M205 X10 Y10
G0 F6000 X110.587 Y188.094
M204 S1800
M205 X8 Y8
G1 F1200 X71.815 Y226.866 E1897.72807
M204 S3000
M205 X10 Y10
G0 F6000 X72.202 Y227.044
M204 S1800
M205 X8 Y8
G1 F1200 X110.756 Y188.491 E1899.5415
M204 S3000
M205 X10 Y10
G0 F6000 X110.923 Y188.89
M204 S1800
M205 X8 Y8
G1 F1200 X72.588 Y227.224 E1901.34464
M204 S3000
M205 X10 Y10
G0 F6000 X72.998 Y227.38
M204 S1800
M205 X8 Y8
G1 F1200 X111.084 Y189.294 E1903.13609
M204 S3000
M205 X10 Y10
G0 F6000 X111.246 Y189.698
M204 S1800
M205 X8 Y8
G1 F1200 X73.417 Y227.527 E1904.91545
M204 S3000
M205 X10 Y10
G0 F6000 X73.838 Y227.672
M204 S1800
M205 X8 Y8
G1 F1200 X111.408 Y190.102 E1906.68263
M204 S3000
M205 X10 Y10
G0 F6000 X111.555 Y190.52
M204 S1800
M205 X8 Y8
G1 F1200 X74.261 Y227.814 E1908.43682
M204 S3000
M205 X10 Y10
G0 F6000 X74.683 Y227.958
M204 S1800
M205 X8 Y8
G1 F1200 X111.691 Y190.949 E1910.17759
M204 S3000
M205 X10 Y10
G0 F6000 X111.828 Y191.379
M204 S1800
M205 X8 Y8
G1 F1200 X75.105 Y228.102 E1911.90493
M204 S3000
M205 X10 Y10
G0 F6000 X75.527 Y228.245
M204 S1800
M205 X8 Y8
G1 F1200 X111.957 Y191.815 E1913.61848
M204 S3000
M205 X10 Y10
G0 F6000 X112.079 Y192.258
M204 S1800
M205 X8 Y8
G1 F1200 X75.972 Y228.366 E1915.31687
M204 S3000
M205 X10 Y10
G0 F6000 X76.431 Y228.473
M204 S1800
M205 X8 Y8
G1 F1200 X112.198 Y192.705 E1916.99926
M204 S3000
M205 X10 Y10
G0 F6000 X112.306 Y193.163
M204 S1800
M205 X8 Y8
G1 F1200 X76.89 Y228.58 E1918.66515
M204 S3000
M205 X10 Y10
G0 F6000 X77.353 Y228.682
M204 S1800
M205 X8 Y8
G1 F1200 X112.415 Y193.62 E1920.31435
M204 S3000
M205 X10 Y10
G0 F6000 X112.603 Y193.997
M204 S1800
M205 X8 Y8
G1 F1200 X77.815 Y228.785 E1921.95068
M204 S3000
M205 X10 Y10
G0 F6000 X78.278 Y228.889
M204 S1800
M205 X8 Y8
G1 F1200 X112.862 Y194.305 E1923.5774
M204 S3000
M205 X10 Y10
G0 F6000 X113.185 Y194.547
M204 S1800
M205 X8 Y8
G1 F1200 X78.74 Y228.992 E1925.19759
M204 S3000
M205 X10 Y10
G0 F6000 X79.24 Y229.058
M204 S1800
M205 X8 Y8
G1 F1200 X113.593 Y194.705 E1926.81345
M204 S3000
M205 X10 Y10
G0 F6000 X114.111 Y194.752
M204 S1800
M205 X8 Y8
G1 F1200 X79.743 Y229.12 E1928.43001
M204 S3000
M205 X10 Y10
G0 F6000 X80.253 Y229.176
M204 S1800
M205 X8 Y8
G1 F1200 X114.677 Y194.752 E1930.04921
M204 S3000
M205 X10 Y10
G0 F6000 X115.242 Y194.752
M204 S1800
M205 X8 Y8
G1 F1200 X80.762 Y229.233 E1931.67107
M204 S3000
M205 X10 Y10
G0 F6000 X81.271 Y229.289
M204 S1800
M205 X8 Y8
G1 F1200 X115.808 Y194.752 E1933.29558
M204 S3000
M205 X10 Y10
G0 F6000 X116.374 Y194.752
M204 S1800
M205 X8 Y8
G1 F1200 X81.78 Y229.346 E1934.92278
M204 S3000
M205 X10 Y10
G0 F6000 X82.322 Y229.369
M204 S1800
M205 X8 Y8
G1 F1200 X116.939 Y194.752 E1936.55106
M204 S3000
M205 X10 Y10
G0 F6000 X117.505 Y194.752
M204 S1800
M205 X8 Y8
G1 F1200 X82.879 Y229.378 E1938.17976
M204 S3000
M205 X10 Y10
G0 F6000 X83.444 Y229.379
M204 S1800
M205 X8 Y8
G1 F1200 X118.071 Y194.752 E1939.80851
M204 S3000
M205 X10 Y10
G0 F6000 X118.636 Y194.752
M204 S1800
M205 X8 Y8
G1 F1200 X84.009 Y229.38 E1941.43728
M204 S3000
M205 X10 Y10
G0 F6000 X84.573 Y229.381
M204 S1800
M205 X8 Y8
G1 F1200 X93.524 Y220.43 E1941.85831
G1 X93.594 Y220.36
M204 S3000
M205 X10 Y10
G0 F6000 X93.095 Y221.425
M204 S1800
M205 X8 Y8
G1 F1200 X85.141 Y229.379 E1942.23244
M204 S3000
M205 X10 Y10
G0 F6000 X85.762 Y229.323
M204 S1800
M205 X8 Y8
G1 F1200 X92.913 Y222.173 E1942.56877
M204 S3000
M205 X10 Y10
G0 F6000 X92.91 Y222.742
M204 S1800
M205 X8 Y8
G1 F1200 X86.387 Y229.264 E1942.87557
M204 S3000
M205 X10 Y10
G0 F6000 X87.022 Y229.195
M204 S1800
M205 X8 Y8
G1 F1200 X93.001 Y223.216 E1943.15681
M204 S3000
M205 X10 Y10
G0 F6000 X93.104 Y223.679
M204 S1800
M205 X8 Y8
G1 F1200 X87.656 Y229.127 E1943.41306
M204 S3000
M205 X10 Y10
G0 F6000 X88.294 Y229.055
M204 S1800
M205 X8 Y8
G1 F1200 X93.259 Y224.089 E1943.64663
M204 S3000
M205 X10 Y10
G0 F6000 X93.449 Y224.466
M204 S1800
M205 X8 Y8
G1 F1200 X89.001 Y228.913 E1943.85582
M204 S3000
M205 X10 Y10
G0 F6000 X89.723 Y228.757
M204 S1800
M205 X8 Y8
G1 F1200 X93.701 Y224.779 E1944.04294
M204 S3000
M205 X10 Y10
G0 F6000 X93.954 Y225.091
M204 S1800
M205 X8 Y8
G1 F1200 X90.446 Y228.6 E1944.20796
M204 S3000
M205 X10 Y10
G0 F6000 X91.168 Y228.443
M204 S1800
M205 X8 Y8
G1 F1200 X94.225 Y225.386 E1944.35176
M204 S3000
M205 X10 Y10
G0 F6000 X94.54 Y225.637
M204 S1800
M205 X8 Y8
G1 F1200 X91.962 Y228.215 E1944.47302
G1 X91.892 Y228.285
M204 S3000
M205 X10 Y10
G0 F6000 X92.797 Y227.945
M204 S1800
M205 X8 Y8
G1 F1200 X94.896 Y225.847 E1944.57172
M204 S3000
M205 X10 Y10
G0 F6000 X95.294 Y226.014
M204 S1800
M205 X8 Y8
G1 F1200 X93.649 Y227.66 E1944.64912
G1 X93.579 Y227.73
M204 S3000
M205 X10 Y10
G0 F6000 X94.538 Y227.336
M204 S1800
M205 X8 Y8
G1 F1200 X95.707 Y226.167 E1944.70411
M204 S3000
M205 X10 Y10
G0 F6000 X96.158 Y226.281
M204 S1800
M205 X8 Y8
G1 F1200 X95.537 Y226.903 E1944.73334
G1 X95.467 Y226.973
M204 S3000
M205 X10 Y10
G0 F6000 X96.589 Y226.417
M204 S1800
M205 X8 Y8
G1 F1200 X96.686 Y226.32 E1944.73791
M204 S3000
M205 X10 Y10
G0 F6000 X100.269 Y223.868
M204 S1800
M205 X8 Y8
G1 F1200 X108.814 Y215.323 E1945.13984
G1 X108.884 Y215.253
M204 S3000
M205 X10 Y10
G0 F6000 X109.513 Y214.058
M204 S1800
M205 X8 Y8
G1 F1200 X100.468 Y223.103 E1945.56529
M204 S3000
M205 X10 Y10
G0 F6000 X100.485 Y222.52
M204 S1800
M205 X8 Y8
G1 F1200 X110.165 Y212.84 E1946.0206
G1 X110.235 Y212.77
M204 S3000
M205 X10 Y10
G0 F6000 X110.631 Y211.808
M204 S1800
M205 X8 Y8
G1 F1200 X100.472 Y221.968 E1946.49848
M204 S3000
M205 X10 Y10
G0 F6000 X100.388 Y221.486
M204 S1800
M205 X8 Y8
G1 F1200 X110.986 Y210.888 E1946.99697
G1 X111.056 Y210.818
M204 S3000
M205 X10 Y10
G0 F6000 X111.341 Y209.967
M204 S1800
M205 X8 Y8
G1 F1200 X100.23 Y221.078 E1947.5196
M204 S3000
M205 X10 Y10
G0 F6000 X100.037 Y220.706
M204 S1800
M205 X8 Y8
G1 F1200 X111.703 Y209.039 E1948.06836
G1 X111.773 Y208.969
M204 S3000
M205 X10 Y10
G0 F6000 X111.93 Y208.247
M204 S1800
M205 X8 Y8
G1 F1200 X99.833 Y220.344 E1948.63736
M204 S3000
M205 X10 Y10
G0 F6000 X99.588 Y220.023
M204 S1800
M205 X8 Y8
G1 F1200 X112.155 Y207.456 E1949.22848
M204 S3000
M205 X10 Y10
G0 F6000 X112.333 Y206.712
M204 S1800
M205 X8 Y8
G1 F1200 X99.31 Y219.736 E1949.84106
M204 S3000
M205 X10 Y10
G0 F6000 X98.988 Y219.492
M204 S1800
M205 X8 Y8
G1 F1200 X123.718 Y194.761 E1951.00431
M204 S3000
M205 X10 Y10
G0 F6000 X123.155 Y194.759
M204 S1800
M205 X8 Y8
G1 F1200 X98.651 Y219.263 E1952.1569
M204 S3000
M205 X10 Y10
G0 F6000 X98.297 Y219.051
M204 S1800
M205 X8 Y8
G1 F1200 X122.592 Y194.757 E1953.29964
M204 S3000
M205 X10 Y10
G0 F6000 X122.029 Y194.754
M204 S1800
M205 X8 Y8
G1 F1200 X97.891 Y218.891 E1954.43499
M204 S3000
M205 X10 Y10
G0 F6000 X97.419 Y218.798
M204 S1800
M205 X8 Y8
G1 F1200 X121.465 Y194.752 E1955.56604
M204 S3000
M205 X10 Y10
G0 F6000 X120.899 Y194.752
M204 S1800
M205 X8 Y8
G1 F1200 X96.918 Y218.733 E1956.69404
M204 S3000
M205 X10 Y10
G0 F6000 X96.357 Y218.729
M204 S1800
M205 X8 Y8
G1 F1200 X120.334 Y194.752 E1957.82184
M204 S3000
M205 X10 Y10
G0 F6000 X119.768 Y194.752
M204 S1800
M205 X8 Y8
G1 F1200 X95.616 Y218.904 E1958.95788
G1 X95.546 Y218.974
M204 S3000
M205 X10 Y10
G0 F6000 X94.641 Y219.314
M204 S1800
M205 X8 Y8
G1 F1200 X119.202 Y194.752 E1960.11317
G1 X119.272 Y194.682
M204 S3000
M205 X10 Y10
G0 F6000 X124.281 Y194.764
M204 S1800
M205 X8 Y8
G1 F1200 X113.802 Y205.244 E1960.6061
M204 S3000
M205 X10 Y10
G0 F6000 X114.38 Y205.231
M204 S1800
M205 X8 Y8
G1 F1200 X124.844 Y194.767 E1961.09829
M204 S3000
M205 X10 Y10
G0 F6000 X125.407 Y194.77
M204 S1800
M205 X8 Y8
G1 F1200 X114.945 Y205.232 E1961.59039
M204 S3000
M205 X10 Y10
G0 F6000 X115.509 Y205.234
M204 S1800
M205 X8 Y8
G1 F1200 X125.97 Y194.773 E1962.08245
M204 S3000
M205 X10 Y10
G0 F6000 X126.533 Y194.776
M204 S1800
M205 X8 Y8
G1 F1200 X124.809 Y196.5 E1962.16354
G1 X124.739 Y196.57
M204 S3000
M205 X10 Y10
G0 F6000 X125.656 Y196.218
M204 S1800
M205 X8 Y8
G1 F1200 X127.096 Y194.778 E1962.23127
M204 S3000
M205 X10 Y10
G0 F6000 X127.658 Y194.781
M204 S1800
M205 X8 Y8
G1 F1200 X126.242 Y196.198 E1962.2979
M204 S3000
M205 X10 Y10
G0 F6000 X126.748 Y196.258
M204 S1800
M205 X8 Y8
G1 F1200 X128.134 Y194.872 E1962.36309
M204 S3000
M205 X10 Y10
G0 F6000 X128.134 Y195.437
M204 S1800
M205 X8 Y8
G1 F1200 X127.24 Y196.331 E1962.40514
M204 S3000
M205 X10 Y10
G0 F6000 X127.664 Y196.473
M204 S1800
M205 X8 Y8
G1 F1200 X128.134 Y196.003 E1962.42725
M204 S3000
M205 X10 Y10
G0 F6000 X128.134 Y196.569
M204 S1800
M205 X8 Y8
G1 F1200 X128.031 Y196.671 E1962.43207
M204 S3000
M205 X10 Y10
G0 F6000 X125.704 Y197.148
G0 X124.867 Y197.467
G0 X122.658 Y198.65
M204 S1800
M205 X8 Y8
G1 F1200 X116.073 Y205.235 E1962.74181
M204 S3000
M205 X10 Y10
G0 F6000 X116.637 Y205.237
M204 S1800
M205 X8 Y8
G1 F1200 X122.462 Y199.412 E1963.0158
M204 S3000
M205 X10 Y10
G0 F6000 X122.405 Y200.035
M204 S1800
M205 X8 Y8
G1 F1200 X117.202 Y205.238 E1963.26053
M204 S3000
M205 X10 Y10
G0 F6000 X117.766 Y205.239
M204 S1800
M205 X8 Y8
G1 F1200 X122.471 Y200.534 E1963.48184
M204 S3000
M205 X10 Y10
G0 F6000 X122.572 Y200.999
M204 S1800
M205 X8 Y8
G1 F1200 X118.33 Y205.241 E1963.68137
M204 S3000
M205 X10 Y10
G0 F6000 X118.895 Y205.242
M204 S1800
M205 X8 Y8
G1 F1200 X122.697 Y201.44 E1963.86021
M204 S3000
M205 X10 Y10
G0 F6000 X122.866 Y201.837
M204 S1800
M205 X8 Y8
G1 F1200 X119.459 Y205.244 E1964.02046
M204 S3000
M205 X10 Y10
G0 F6000 X120.023 Y205.245
M204 S1800
M205 X8 Y8
G1 F1200 X123.091 Y202.177 E1964.16477
M204 S3000
M205 X10 Y10
G0 F6000 X123.357 Y202.477
M204 S1800
M205 X8 Y8
G1 F1200 X120.59 Y205.244 E1964.29492
M204 S3000
M205 X10 Y10
G0 F6000 X121.159 Y205.241
M204 S1800
M205 X8 Y8
G1 F1200 X123.624 Y202.775 E1964.41089
M204 S3000
M205 X10 Y10
G0 F6000 X123.932 Y203.033
M204 S1800
M205 X8 Y8
G1 F1200 X121.727 Y205.239 E1964.51463
M204 S3000
M205 X10 Y10
G0 F6000 X122.294 Y205.237
M204 S1800
M205 X8 Y8
G1 F1200 X124.259 Y203.272 E1964.60706
M204 S3000
M205 X10 Y10
G0 F6000 X124.659 Y203.438
M204 S1800
M205 X8 Y8
G1 F1200 X122.863 Y205.234 E1964.69154
M204 S3000
M205 X10 Y10
G0 F6000 X123.431 Y205.232
M204 S1800
M205 X8 Y8
G1 F1200 X125.06 Y203.602 E1964.76819
M204 S3000
M205 X10 Y10
G0 F6000 X125.493 Y203.735
M204 S1800
M205 X8 Y8
G1 F1200 X123.998 Y205.229 E1964.83848
M204 S3000
M205 X10 Y10
G0 F6000 X124.567 Y205.227
M204 S1800
M205 X8 Y8
G1 F1200 X125.993 Y203.8 E1964.90558
M204 S3000
M205 X10 Y10
G0 F6000 X126.601 Y203.759
M204 S1800
M205 X8 Y8
G1 F1200 X125.135 Y205.225 E1964.97454
M204 S3000
M205 X10 Y10
G0 F6000 X125.703 Y205.222
M204 S1800
M205 X8 Y8
G1 F1200 X127.255 Y203.67 E1965.04754
G1 X127.325 Y203.6
M204 S3000
M205 X10 Y10
G0 F6000 X128.133 Y203.923
M204 S1800
M205 X8 Y8
G1 F1200 X126.839 Y205.217 E1965.1084
M204 S3000
M205 X10 Y10
G0 F6000 X127.407 Y205.215
M204 S1800
M205 X8 Y8
G1 F1200 X128.133 Y204.489 E1965.14255
M204 S3000
M205 X10 Y10
G0 F6000 X128.133 Y205.055
M204 S1800
M205 X8 Y8
G1 F1200 X127.975 Y205.212 E1965.14996
M204 S3000
M205 X10 Y10
G0 F6000 X126.271 Y205.22
M204 S1800
M205 X8 Y8
G1 F1200 X128.133 Y203.358 E1965.23754
G1 X128.203 Y203.288
M204 S3000
M205 X10 Y10
G0 F6000 X113.41 Y206.164
G0 X107.649 Y217.054
M204 S1800
M205 X8 Y8
G1 F1200 X100.764 Y223.938 E1965.56137
G1 X100.694 Y224.008
M204 S3000
M205 X10 Y10
G0 F6000 X104.25 Y221.018
M204 S1800
M205 X8 Y8
G1 F1200 X105.177 Y220.091 E1965.60497
G1 X105.247 Y220.021
M204 S3000
M205 X10 Y10
G0 F6000 X60.096 Y202.947
M204 S1800
M205 X8 Y8
G1 F1200 X55.362 Y207.68 E1965.82762
M204 S3000
M205 X10 Y10
G0 F6000 X55.24 Y207.237
M204 S1800
M205 X8 Y8
G1 F1200 X58.86 Y203.617 E1965.9979
M204 S3000
M205 X10 Y10
G0 F6000 X58.17 Y203.741
M204 S1800
M205 X8 Y8
G1 F1200 X55.118 Y206.794 E1966.14148
M204 S3000
M205 X10 Y10
G0 F6000 X54.996 Y206.35
M204 S1800
M205 X8 Y8
G1 F1200 X57.548 Y203.798 E1966.26151
M204 S3000
M205 X10 Y10
G0 F6000 X57.045 Y203.735
M204 S1800
M205 X8 Y8
G1 F1200 X54.911 Y205.869 E1966.36189
M204 S3000
M205 X10 Y10
G0 F6000 X54.832 Y205.382
M204 S1800
M205 X8 Y8
G1 F1200 X56.596 Y203.618 E1966.44486
M204 S3000
M205 X10 Y10
G0 F6000 X56.195 Y203.453
M204 S1800
M205 X8 Y8
G1 F1200 X54.753 Y204.896 E1966.51271
M204 S3000
M205 X10 Y10
G0 F6000 X54.673 Y204.41
M204 S1800
M205 X8 Y8
G1 F1200 X55.794 Y203.288 E1966.56547
M204 S3000
M205 X10 Y10
G0 F6000 X55.459 Y203.059
M204 S1800
M205 X8 Y8
G1 F1200 X54.594 Y203.923 E1966.60613
M204 S3000
M205 X10 Y10
G0 F6000 X54.515 Y203.437
M204 S1800
M205 X8 Y8
G1 F1200 X55.143 Y202.808 E1966.63569
M204 S3000
M205 X10 Y10
G0 F6000 X54.878 Y202.508
M204 S1800
M205 X8 Y8
G1 F1200 X54.455 Y202.931 E1966.65559
M204 S3000
M205 X10 Y10
G0 F6000 X54.426 Y202.394
M204 S1800
M205 X8 Y8
G1 F1200 X54.613 Y202.207 E1966.66439
M204 S3000
M205 X10 Y10
;MESH:NONMESH
G0 F600 X54.613 Y202.207 Z1.8
G0 F6000 X57.366 Y202.883
G0 X58.743 Y202.715
G0 X59.668 Y202.076
G0 X93.758 Y177.557
G0 X94.165 Y177.508
;TIME_ELAPSED:2576.529446
;LAYER:8
M204 S1800
M205 X8 Y8
;TYPE:WALL-OUTER
;MESH:14_4_1.stl
G1 F3000 X94.199 Y177.189 E1966.67506
G1 X94.441 Y176.334 E1966.70461
G1 X94.62 Y176.057 E1966.71558
G1 X95.234 Y175.41 E1966.74525
G1 X95.539 Y175.242 E1966.75683
G1 X96.364 Y174.961 E1966.78582
G1 X96.699 Y174.952 E1966.79696
G1 X97.576 Y175.088 E1966.82648
G1 X97.881 Y175.237 E1966.83777
G1 X98.602 Y175.772 E1966.86763
G1 X98.828 Y176.114 E1966.88126
G1 X99.177 Y176.835 E1966.90791
G1 X99.226 Y177.158 E1966.91877
G1 X99.225 Y177.809 E1966.94043
G1 X99.115 Y178.301 E1966.95719
G1 X98.645 Y179.141 E1966.98921
G1 X98.4 Y179.372 E1967.00041
G1 X97.64 Y179.859 E1967.03043
G1 X97.333 Y179.938 E1967.04097
G1 X96.434 Y180.016 E1967.07099
G1 X96.113 Y179.942 E1967.08194
G1 X95.302 Y179.603 E1967.11118
G1 X95.045 Y179.389 E1967.1223
G1 X94.479 Y178.705 E1967.15183
G1 X94.351 Y178.398 E1967.16289
G1 X94.165 Y177.508 E1967.19313
M204 S3000
M205 X10 Y10
G0 F6000 X94.186 Y177.309
G0 X93.678 Y177.249
G0 X77.339 Y194.917
G0 X76.367 Y196.463
G0 X75.827 Y198.014
G0 X75.509 Y200.081
G0 X76.015 Y200.025
M204 S1800
M205 X8 Y8
G1 F3000 X76.089 Y199.318 E1967.21678
G1 X76.205 Y198.29 E1967.25119
G1 X76.768 Y196.676 E1967.30804
G1 X77.224 Y195.942 E1967.33678
G1 X77.691 Y195.201 E1967.36591
G1 X78.9 Y193.989 E1967.42285
G1 X79.397 Y193.673 E1967.44244
G1 X80.367 Y193.065 E1967.48052
G1 X81.982 Y192.498 E1967.53745
G1 X82.261 Y192.463 E1967.5468
G1 X83.71 Y192.3 E1967.5953
G1 X84.692 Y192.408 E1967.62815
G1 X85.42 Y192.491 E1967.65252
G1 X86.431 Y192.843 E1967.68813
G1 X87.056 Y193.063 E1967.71017
G1 X88.017 Y193.664 E1967.74787
G1 X88.515 Y193.978 E1967.76745
G1 X89.721 Y195.184 E1967.82417
G1 X90.191 Y195.923 E1967.8533
G1 X90.647 Y196.649 E1967.88182
G1 X90.984 Y197.608 E1967.91563
G1 X91.221 Y198.289 E1967.93961
G1 X91.413 Y199.975 E1967.99605
G1 X91.32 Y200.854 E1968.02545
G1 X91.222 Y201.707 E1968.054
G1 X91.119 Y202.008 E1968.06459
G1 X90.654 Y203.336 E1968.11138
G1 X90.235 Y204.008 E1968.13772
G1 X89.74 Y204.793 E1968.16859
G1 X89.127 Y205.411 E1968.19754
G1 X88.517 Y206.019 E1968.22619
G1 X87.667 Y206.555 E1968.25961
G1 X87.054 Y206.938 E1968.28365
G1 X85.435 Y207.505 E1968.34071
G1 X84.571 Y207.605 E1968.36963
G1 X83.722 Y207.7 E1968.39805
G1 X83.691 Y207.699 E1968.39908
G1 X82.002 Y207.508 E1968.45562
G1 X80.774 Y207.08 E1968.49887
G1 X80.353 Y206.927 E1968.51377
G1 X78.917 Y206.025 E1968.57017
G1 X78.216 Y205.327 E1968.60307
G1 X77.695 Y204.804 E1968.62762
G1 X77.224 Y204.058 E1968.65697
G1 X76.775 Y203.341 E1968.68511
G1 X76.212 Y201.732 E1968.7418
G1 X76.087 Y200.663 E1968.7776
G1 X76.015 Y200.025 E1968.79895
M204 S3000
M205 X10 Y10
G0 F6000 X76.035 Y199.826
G0 X75.526 Y199.768
G0 X57.707 Y197.017
G0 X56.323 Y197.361
G0 X55.255 Y198.31
G0 X54.706 Y199.585
G0 X55.199 Y199.706
M204 S1800
M205 X8 Y8
G1 F3000 X55.441 Y198.851 E1968.82851
G1 X55.62 Y198.573 E1968.83951
G1 X56.235 Y197.927 E1968.86917
G1 X56.539 Y197.759 E1968.88072
G1 X57.364 Y197.477 E1968.90972
G1 X57.699 Y197.468 E1968.92087
G1 X58.593 Y197.608 E1968.95097
G1 X58.881 Y197.754 E1968.96171
G1 X59.606 Y198.293 E1968.99175
G1 X59.79 Y198.552 E1969.00232
G1 X60.177 Y199.352 E1969.03188
G1 X60.226 Y199.674 E1969.04271
G1 X60.224 Y200.34 E1969.06486
G1 X60.109 Y200.839 E1969.08189
G1 X59.645 Y201.658 E1969.1132
G1 X59.401 Y201.888 E1969.12435
G1 X58.64 Y202.375 E1969.15441
G1 X58.333 Y202.455 E1969.16496
G1 X57.447 Y202.533 E1969.19454
G1 X57.113 Y202.459 E1969.20592
G1 X56.302 Y202.12 E1969.23515
G1 X56.045 Y201.906 E1969.24628
G1 X55.479 Y201.222 E1969.27581
G1 X55.331 Y200.817 E1969.29015
G1 X55.168 Y200.042 E1969.31649
G1 X55.199 Y199.706 E1969.32771
M204 S3000
M205 X10 Y10
G0 F6000 X55.253 Y199.514
G0 X54.753 Y199.391
G0 X54.926 Y201.061
G0 X55.739 Y202.238
G0 X93.661 Y222.619
G0 X94.168 Y222.558
M204 S1800
M205 X8 Y8
G1 F3000 X94.199 Y222.223 E1969.3389
G1 X94.446 Y221.353 E1969.36898
G1 X94.621 Y221.09 E1969.37949
G1 X95.242 Y220.436 E1969.40948
G1 X95.539 Y220.276 E1969.4207
G1 X96.381 Y219.989 E1969.45029
G1 X96.699 Y219.985 E1969.46087
G1 X97.599 Y220.127 E1969.49117
G1 X97.881 Y220.271 E1969.5017
G1 X98.59 Y220.797 E1969.53107
G1 X98.79 Y221.069 E1969.5423
G1 X99.179 Y221.875 E1969.57206
G1 X99.225 Y222.191 E1969.58268
G1 X99.224 Y222.842 E1969.60434
G1 X99.115 Y223.334 E1969.6211
G1 X98.861 Y223.797 E1969.63866
G1 F3007.5 X98.605 Y224.224 E1969.65518
G1 X98.401 Y224.405 E1969.66423
G1 F3000 X97.648 Y224.889 E1969.694
G1 X97.276 Y224.977 E1969.70671
G1 X96.447 Y225.049 E1969.73439
G1 X96.113 Y224.975 E1969.74577
G1 X95.303 Y224.637 E1969.77496
G1 X95.043 Y224.42 E1969.78622
G1 X94.476 Y223.735 E1969.8158
G1 X94.351 Y223.432 E1969.8267
G1 X94.168 Y222.558 E1969.8564
M204 S3000
M205 X10 Y10
G0 F6000 X94.186 Y222.359
G0 X93.676 Y222.299
G0 X94.054 Y221.123
G0 X94.74 Y220.281
G0 X113.395 Y205.928
G0 X113.893 Y206.032
M204 S1800
M205 X8 Y8
G1 F3000 X113.997 Y205.905 E1969.86186
G1 X114.087 Y205.885 E1969.86493
G1 X115.459 Y205.888 E1969.91056
G1 X125.367 Y205.922 E1970.2401
G1 X126.279 Y205.92 E1970.27044
G1 X129.514 Y205.904 E1970.37803
G1 X129.514 Y194.096 E1970.77077
G1 X127.691 Y194.086 E1970.8314
G1 X126.306 Y194.08 E1970.87747
G1 X115.472 Y194.026 E1971.23781
G1 X114.061 Y194.026 E1971.28474
G1 X113.92 Y193.939 E1971.29026
G1 X113.713 Y193.099 E1971.31903
G1 X113.565 Y192.46 E1971.34085
G1 X113.155 Y190.988 E1971.39167
G1 X112.803 Y189.885 E1971.43018
G1 X111.96 Y187.773 E1971.50581
G1 X111.542 Y186.81 E1971.54073
G1 X110.476 Y184.802 E1971.61634
G1 X109.958 Y183.887 E1971.65131
G1 X108.683 Y182.007 E1971.72687
G1 X108.07 Y181.152 E1971.76186
G1 X106.554 Y179.371 E1971.83965
G1 X105.898 Y178.637 E1971.87239
G1 X104.249 Y177.076 E1971.94791
G1 X103.468 Y176.372 E1971.98288
G1 X101.644 Y174.988 E1972.05904
G1 X100.808 Y174.383 E1972.09336
G1 X98.85 Y173.206 E1972.16934
G1 X97.947 Y172.688 E1972.20397
G1 X95.868 Y171.728 E1972.28013
G1 X94.921 Y171.313 E1972.31452
G1 X92.734 Y170.576 E1972.39128
G1 X91.752 Y170.267 E1972.42552
G1 X89.492 Y169.774 E1972.50246
G1 X88.514 Y169.578 E1972.53563
G1 X86.257 Y169.332 E1972.61114
G1 X85.209 Y169.238 E1972.64614
G1 X82.849 Y169.239 E1972.72464
G1 X81.886 Y169.255 E1972.75667
G1 X79.627 Y169.502 E1972.83225
G1 X78.586 Y169.632 E1972.86714
G1 X76.288 Y170.139 E1972.94541
G1 X75.356 Y170.359 E1972.97726
G1 X73.19 Y171.087 E1973.05327
G1 X72.199 Y171.436 E1973.08821
G1 X70.08 Y172.417 E1973.16588
G1 X69.185 Y172.844 E1973.19886
G1 X67.182 Y174.05 E1973.27662
G1 X66.346 Y174.567 E1973.30931
G1 X64.497 Y175.974 E1973.38659
G1 X63.706 Y176.587 E1973.41988
G1 X62.021 Y178.183 E1973.49707
G1 X61.298 Y178.879 E1973.53045
G1 X59.799 Y180.644 E1973.60747
G1 X59.152 Y181.417 E1973.64099
G1 X57.292 Y184.172 E1973.75155
G1 X55.741 Y187.11 E1973.86205
G1 X54.509 Y190.213 E1973.9731
G1 X53.629 Y193.403 E1974.08316
G1 X53.093 Y196.684 E1974.19373
G1 X52.915 Y200.002 E1974.30425
G1 F3007.5 X52.992 Y201.465 E1974.35285
G1 X52.996 Y201.523 E1974.35478
G1 F3000 X53.094 Y203.317 E1974.41454
G1 X53.63 Y206.598 E1974.52511
G1 X54.512 Y209.788 E1974.63519
G1 X55.742 Y212.891 E1974.74621
G1 X57.293 Y215.829 E1974.85671
G1 X59.153 Y218.584 E1974.96727
G1 X59.856 Y219.424 E1975.0037
G1 X61.299 Y221.122 E1975.07782
G1 X62.093 Y221.886 E1975.11447
G1 X63.707 Y223.415 E1975.18841
G1 X64.585 Y224.095 E1975.22535
G1 X66.348 Y225.434 E1975.29898
G1 X67.3 Y226.022 E1975.3362
G1 X69.187 Y227.157 E1975.40944
G1 X70.198 Y227.638 E1975.44668
G1 X72.2 Y228.565 E1975.52005
G1 X73.266 Y228.94 E1975.55764
G1 X75.341 Y229.639 E1975.63046
G1 X76.442 Y229.896 E1975.66807
G1 X78.585 Y230.369 E1975.74106
G1 X79.712 Y230.508 E1975.77883
G1 X81.888 Y230.746 E1975.85163
G1 X83.032 Y230.762 E1975.88969
G1 X85.21 Y230.761 E1975.96213
G1 X86.342 Y230.659 E1975.99993
G1 X88.516 Y230.421 E1976.07267
G1 X89.605 Y230.202 E1976.10962
G1 X91.768 Y229.725 E1976.18329
G1 X92.728 Y229.426 E1976.21673
G1 X94.92 Y228.685 E1976.29369
G1 X95.902 Y228.256 E1976.32933
G1 X97.948 Y227.31 E1976.4043
G1 X98.869 Y226.784 E1976.43958
G1 X100.805 Y225.617 E1976.51476
G1 X101.673 Y224.99 E1976.55038
G1 X103.469 Y223.625 E1976.62541
G1 X104.275 Y222.897 E1976.66153
G1 X105.899 Y221.359 E1976.73593
G1 X106.601 Y220.577 E1976.77088
G1 X108.074 Y218.844 E1976.84653
G1 X108.684 Y217.991 E1976.8814
G1 X109.961 Y216.109 E1976.95705
G1 X110.477 Y215.196 E1976.99193
G1 X111.543 Y213.188 E1977.06754
G1 X111.959 Y212.228 E1977.10234
G1 X112.278 Y211.354 E1977.13329
G1 X112.979 Y209.591 E1977.19639
G1 X113.311 Y208.453 E1977.23582
G1 X113.62 Y207.333 E1977.27446
G1 X113.893 Y206.032 E1977.31868
M204 S3000
M205 X10 Y10
G0 F6000 X113.997 Y205.905
G0 X114.032 Y205.898
G0 X114.034 Y205.375
G0 X123.202 Y200.398
G0 X123.696 Y200.279
M204 S1800
M205 X8 Y8
G1 F3000 X123.681 Y199.817 E1977.33405
G1 X123.892 Y198.96 E1977.3634
G1 X124.045 Y198.672 E1977.37425
G1 X124.614 Y198.026 E1977.40288
G1 X124.889 Y197.827 E1977.41417
G1 X125.718 Y197.507 E1977.44373
G1 X126.088 Y197.459 E1977.45614
G1 X126.962 Y197.568 E1977.48543
G1 X127.304 Y197.703 E1977.49766
G1 X128.014 Y198.204 E1977.52656
G1 X128.227 Y198.448 E1977.53734
G1 X128.632 Y199.22 E1977.56633
G1 X128.725 Y199.68 E1977.58194
G1 X128.695 Y200.591 E1977.61226
G1 X128.598 Y200.864 E1977.62189
G1 X128.293 Y201.442 E1977.64363
G1 X127.983 Y201.824 E1977.65999
G1 X127.308 Y202.294 E1977.68735
G1 X126.865 Y202.453 E1977.70301
G1 X126.064 Y202.541 E1977.72981
G1 X125.624 Y202.465 E1977.74466
G1 X124.885 Y202.172 E1977.7711
G1 X124.505 Y201.856 E1977.78754
G1 X124.087 Y201.386 E1977.80846
G1 X123.853 Y200.915 E1977.82595
G1 X123.696 Y200.279 E1977.84774
M204 S3000
M205 X10 Y10
G0 F6000 X123.69 Y200.079
G0 X123.166 Y200.14
G0 X123.535 Y201.356
G0 X124.178 Y202.165
G0 X125.775 Y202.969
G0 X127.233 Y202.822
G0 X128.289 Y202.158
G0 X129.054 Y200.959
G0 X129.102 Y200.661
M204 S1800
M205 X8 Y8
;TYPE:WALL-INNER
G1 F2850.4 X129.105 Y200.575 E1977.85075
G1 F2905.6 X129.109 Y200.066 E1977.86823
G1 F2970.3 X129.114 Y199.557 E1977.88533
M204 S3000
M205 X10 Y10
G0 F6000 X129.091 Y199.265
G0 X128.588 Y198.169
G0 X127.499 Y197.293
G0 X126.061 Y197.003
G0 X124.643 Y197.443
G0 X113.565 Y205.442
G0 X113.502 Y205.944
M204 S1800
M205 X8 Y8
G1 F3000 X113.639 Y205.683 E1977.89513
G1 X113.877 Y205.522 E1977.90469
G1 X114.088 Y205.485 E1977.91182
G1 X115.461 Y205.488 E1977.95748
G1 X125.369 Y205.522 E1978.28703
G1 X126.277 Y205.52 E1978.31723
G1 X129.114 Y205.506 E1978.41159
G1 X129.114 Y203.249 E1978.48665
G1 F2985.1 X129.113 Y200.992 E1978.5621
G1 F2905.6 X129.102 Y200.661 E1978.57347
G1 F2912.6 X128.952 Y201.05 E1978.58775
G1 F3000 X128.647 Y201.629 E1978.60952
G1 X128.338 Y202.034 E1978.62646
G1 X127.537 Y202.622 E1978.65951
G1 X127.044 Y202.82 E1978.67718
G1 X126.129 Y202.938 E1978.70787
G1 X125.597 Y202.871 E1978.7257
G1 X124.737 Y202.544 E1978.7563
G1 X124.262 Y202.177 E1978.77627
G1 X123.788 Y201.652 E1978.79979
G1 X123.508 Y201.13 E1978.8195
G1 X123.308 Y200.375 E1978.84547
G1 X123.282 Y199.836 E1978.86342
G1 X123.504 Y198.861 E1978.89668
G1 X123.745 Y198.408 E1978.91375
G1 X124.314 Y197.762 E1978.94238
G1 X124.606 Y197.53 E1978.95478
G1 X125.574 Y197.134 E1978.98957
G1 X126.067 Y197.058 E1979.00616
G1 X127.012 Y197.171 E1979.03781
G1 X127.41 Y197.309 E1979.05182
G1 X128.244 Y197.877 E1979.08539
G1 X128.581 Y198.262 E1979.1024
G1 X128.986 Y199.034 E1979.1314
G1 X129.114 Y199.558 E1979.14934
G1 X129.114 Y194.494 E1979.31777
G1 X127.689 Y194.486 E1979.36517
G1 X126.304 Y194.48 E1979.41123
G1 X125.475 Y194.475 E1979.4388
G1 X115.472 Y194.426 E1979.77151
G1 X114.087 Y194.427 E1979.81757
G1 X113.82 Y194.366 E1979.82668
G1 X113.602 Y194.183 E1979.83615
G1 X113.501 Y193.962 E1979.84423
G1 X113.177 Y192.558 E1979.89216
G1 X112.771 Y191.102 E1979.94243
G1 X112.426 Y190.02 E1979.9802
G1 X111.591 Y187.927 E1980.05515
G1 X111.181 Y186.984 E1980.08935
G1 X110.125 Y184.994 E1980.16428
G1 X109.618 Y184.098 E1980.19852
G1 X108.355 Y182.236 E1980.27336
G1 X107.754 Y181.398 E1980.30766
G1 X106.256 Y179.637 E1980.38455
G1 X105.611 Y178.916 E1980.41673
G1 X103.977 Y177.37 E1980.49155
G1 X103.212 Y176.68 E1980.52581
G1 X101.41 Y175.312 E1980.60106
G1 X100.587 Y174.717 E1980.63484
G1 X98.651 Y173.553 E1980.70997
G1 X97.763 Y173.044 E1980.74401
G1 X95.708 Y172.094 E1980.81931
G1 X94.777 Y171.687 E1980.85311
G1 X92.614 Y170.958 E1980.92903
G1 X91.649 Y170.654 E1980.96268
G1 X89.414 Y170.166 E1981.03876
G1 X88.453 Y169.974 E1981.07136
G1 X86.137 Y169.723 E1981.14884
G1 X85.191 Y169.638 E1981.18043
G1 X82.855 Y169.639 E1981.25813
G1 X81.911 Y169.655 E1981.28953
G1 X79.673 Y169.899 E1981.36441
G1 X78.654 Y170.026 E1981.39856
G1 X76.455 Y170.512 E1981.47346
G1 X75.466 Y170.744 E1981.50725
G1 X73.32 Y171.465 E1981.58255
G1 X72.35 Y171.807 E1981.61676
G1 X70.252 Y172.778 E1981.69365
G1 X69.375 Y173.197 E1981.72598
G1 X67.392 Y174.39 E1981.80295
G1 X66.573 Y174.897 E1981.83498
G1 X64.742 Y176.29 E1981.9115
G1 X63.967 Y176.891 E1981.94412
G1 X62.333 Y178.437 E1982.01894
G1 X61.59 Y179.153 E1982.05326
G1 X60.106 Y180.901 E1982.12952
G1 X59.472 Y181.658 E1982.16237
G1 X57.636 Y184.378 E1982.27151
G1 X56.105 Y187.278 E1982.38059
G1 X54.889 Y190.341 E1982.4902
G1 X54.021 Y193.489 E1982.59881
G1 X53.491 Y196.727 E1982.70794
G1 X53.327 Y199.808 E1982.81055
G1 X53.332 Y200.311 E1982.82729
G1 X53.396 Y201.501 E1982.86692
G1 X53.492 Y203.274 E1982.92598
G1 X54.022 Y206.512 E1983.03511
G1 X54.892 Y209.66 E1983.14374
G1 X56.106 Y212.723 E1983.25332
G1 X57.637 Y215.623 E1983.36239
G1 X59.473 Y218.343 E1983.47154
G1 X60.161 Y219.165 E1983.50719
G1 X61.591 Y220.848 E1983.58065
G1 X62.368 Y221.596 E1983.61652
G1 X63.968 Y223.111 E1983.68981
G1 X64.827 Y223.777 E1983.72596
G1 X66.574 Y225.104 E1983.79893
G1 X67.506 Y225.679 E1983.83535
G1 X69.377 Y226.804 E1983.90796
G1 X70.366 Y227.275 E1983.9444
G1 X72.351 Y228.194 E1984.01715
G1 X73.394 Y228.561 E1984.05393
G1 X75.451 Y229.254 E1984.12612
G1 X76.528 Y229.506 E1984.16291
G1 X78.653 Y229.975 E1984.23529
G1 X79.756 Y230.11 E1984.27225
G1 X81.913 Y230.346 E1984.34442
G1 X82.942 Y230.362 E1984.37865
G1 X85.192 Y230.361 E1984.45348
G1 X86.218 Y230.269 E1984.48774
G1 X88.455 Y230.025 E1984.56259
G1 X89.519 Y229.811 E1984.59869
G1 X91.665 Y229.338 E1984.67177
G1 X92.609 Y229.044 E1984.70466
G1 X94.776 Y228.311 E1984.78075
G1 X95.734 Y227.893 E1984.81551
G1 X97.765 Y226.954 E1984.88993
G1 X98.663 Y226.441 E1984.92433
G1 X100.584 Y225.283 E1984.99893
G1 X101.431 Y224.671 E1985.03369
G1 X103.213 Y223.317 E1985.10813
G1 X104 Y222.607 E1985.14338
G1 X105.612 Y221.08 E1985.21723
G1 X106.3 Y220.314 E1985.25148
G1 X107.758 Y218.598 E1985.32637
G1 X108.356 Y217.762 E1985.36056
G1 X109.621 Y215.898 E1985.43548
G1 X110.126 Y215.004 E1985.46963
G1 X111.182 Y213.014 E1985.54456
G1 X111.587 Y212.08 E1985.57842
G1 X111.906 Y211.206 E1985.60937
G1 X112.601 Y209.461 E1985.67184
G1 X112.925 Y208.347 E1985.71043
G1 X113.231 Y207.239 E1985.74866
G1 X113.502 Y205.944 E1985.79266
M204 S3000
M205 X10 Y10
G0 F6000 X113.396 Y205.922
G0 X94.74 Y220.281
G0 X94.054 Y221.123
G0 X93.752 Y222.163
G0 X93.749 Y223.11
G0 X93.869 Y223.082
M204 S1800
M205 X8 Y8
G1 F3000 X93.776 Y222.64 E1985.80769
G1 X93.803 Y222.162 E1985.82361
G1 X94.056 Y221.259 E1985.8548
G1 X94.29 Y220.861 E1985.87016
G1 X94.945 Y220.168 E1985.90187
G1 X95.328 Y219.933 E1985.91682
G1 X96.234 Y219.616 E1985.94874
G1 X96.715 Y219.584 E1985.96478
G1 X97.638 Y219.727 E1985.99584
G1 X98.074 Y219.919 E1986.01169
G1 X98.828 Y220.476 E1986.04287
G1 X99.101 Y220.813 E1986.05729
G1 X99.537 Y221.695 E1986.09002
G1 X99.625 Y222.191 E1986.10677
G1 X99.624 Y222.842 E1986.12842
G1 X99.505 Y223.424 E1986.14818
G1 X99.209 Y223.995 E1986.16957
G1 F3007.5 X98.872 Y224.521 E1986.1903
G1 X98.617 Y224.742 E1986.20149
G1 F3000 X97.846 Y225.237 E1986.23197
G1 X97.367 Y225.37 E1986.2485
G1 X96.481 Y225.448 E1986.27808
G1 X96.046 Y225.373 E1986.29276
G1 X95.149 Y225.006 E1986.325
G1 X94.802 Y224.744 E1986.33946
G1 X94.17 Y223.993 E1986.37211
G1 X93.988 Y223.611 E1986.38618
G1 X93.869 Y223.082 E1986.40422
M204 S3000
M205 X10 Y10
G0 F6000 X93.749 Y223.11
G0 X77.339 Y205.083
G0 X76.367 Y203.537
G0 X75.827 Y201.986
G0 X75.509 Y200.082
G0 X75.617 Y200.07
M204 S1800
M205 X8 Y8
G1 F3000 X75.665 Y199.507 E1986.42301
G1 X75.804 Y198.267 E1986.46451
G1 X76.067 Y197.467 E1986.49252
G1 X76.4 Y196.518 E1986.52597
G1 X76.885 Y195.729 E1986.55677
G1 X77.35 Y194.99 E1986.58581
G1 X77.932 Y194.392 E1986.61357
G1 X78.639 Y193.686 E1986.6468
G1 X79.185 Y193.334 E1986.66841
G1 X80.163 Y192.721 E1986.7068
G1 X80.634 Y192.546 E1986.72351
G1 X81.866 Y192.115 E1986.76692
G1 X82.216 Y192.065 E1986.77868
G1 X83.68 Y191.9 E1986.82768
G1 X84.737 Y192.01 E1986.86303
G1 X85.449 Y192.091 E1986.88686
G1 X85.96 Y192.254 E1986.9047
G1 X87.188 Y192.684 E1986.94797
G1 X87.286 Y192.734 E1986.95163
G1 X88.727 Y193.639 E1987.00823
G1 X89.409 Y194.306 E1987.03996
G1 X90.004 Y194.901 E1987.06794
G1 X90.53 Y195.71 E1987.10004
G1 X90.987 Y196.439 E1987.12866
G1 X91.362 Y197.476 E1987.16533
G1 X91.605 Y198.173 E1987.18988
G1 X91.717 Y199.098 E1987.22087
G1 X91.814 Y199.963 E1987.24982
G1 X91.718 Y200.899 E1987.28112
G1 X91.618 Y201.77 E1987.31028
G1 X91.497 Y202.14 E1987.32323
G1 X91.034 Y203.465 E1987.36991
G1 X90.574 Y204.221 E1987.39934
G1 X90.088 Y204.994 E1987.42971
G1 X89.41 Y205.693 E1987.4621
G1 X88.794 Y206.308 E1987.49105
G1 X87.879 Y206.894 E1987.52719
G1 X87.286 Y207.266 E1987.55047
G1 X86.742 Y207.472 E1987.56982
G1 X85.58 Y207.879 E1987.61077
G1 X84.616 Y208.003 E1987.6431
G1 X83.758 Y208.099 E1987.67181
G1 X83.646 Y208.097 E1987.67554
G1 X81.969 Y207.908 E1987.73167
G1 X81.847 Y207.879 E1987.73584
G1 X80.26 Y207.324 E1987.79176
G1 X80.141 Y207.266 E1987.79616
G1 X78.686 Y206.352 E1987.85331
G1 X77.933 Y205.61 E1987.88847
G1 X77.423 Y205.099 E1987.91249
G1 X76.885 Y204.271 E1987.94533
G1 X76.431 Y203.546 E1987.97378
G1 X76.057 Y202.502 E1988.01066
G1 X75.834 Y201.864 E1988.03314
G1 X75.761 Y201.347 E1988.05051
G1 X75.617 Y200.07 E1988.09325
M204 S3000
M205 X10 Y10
G0 F6000 X75.509 Y200.082
G0 X57.707 Y197.017
G0 X56.323 Y197.361
G0 X55.255 Y198.31
G0 X54.688 Y199.678
G0 X54.796 Y199.691
M204 S1800
M205 X8 Y8
G1 F3000 X55.056 Y198.742 E1988.12598
G1 X55.268 Y198.374 E1988.1401
G1 X55.805 Y197.799 E1988.16627
G1 X56.104 Y197.532 E1988.1796
G1 X56.41 Y197.381 E1988.19095
G1 X57.234 Y197.099 E1988.21992
G1 X57.665 Y197.066 E1988.2343
G1 X58.638 Y197.21 E1988.26701
G1 X59.085 Y197.409 E1988.28329
G1 X59.828 Y197.959 E1988.31403
G1 X60.12 Y198.324 E1988.32958
G1 X60.459 Y199.017 E1988.35524
G1 X60.592 Y199.365 E1988.36763
G1 X60.625 Y199.977 E1988.38801
G1 X60.609 Y200.461 E1988.40412
G1 X60.486 Y200.973 E1988.42164
G1 X59.992 Y201.856 E1988.45529
G1 X59.657 Y202.196 E1988.47116
G1 X59.081 Y202.568 E1988.49397
G1 X58.693 Y202.78 E1988.50867
G1 X58.368 Y202.853 E1988.51975
G1 X57.482 Y202.931 E1988.54934
G1 X57.046 Y202.857 E1988.56404
G1 X56.148 Y202.489 E1988.59632
G1 X55.771 Y202.198 E1988.61216
G1 X55.171 Y201.477 E1988.64336
G1 F3007.5 X54.961 Y201.009 E1988.66038
G1 X54.939 Y200.899 E1988.6641
G1 F3000 X54.776 Y200.124 E1988.69044
G1 X54.796 Y199.691 E1988.70486
M204 S3000
M205 X10 Y10
G0 F6000 X54.688 Y199.678
G0 X55.054 Y198.606
G0 X55.74 Y197.764
G0 X93.665 Y177.619
G0 X93.776 Y177.606
M204 S1800
M205 X8 Y8
G1 F3000 X93.768 Y177.558 E1988.70648
G1 X93.814 Y177.08 E1988.72245
G1 X94.056 Y176.225 E1988.752
G1 X94.274 Y175.85 E1988.76643
G1 X94.944 Y175.134 E1988.79904
G1 X95.328 Y174.899 E1988.81402
G1 X96.235 Y174.582 E1988.84597
G1 X96.76 Y174.556 E1988.86346
G1 X97.637 Y174.692 E1988.89298
G1 X98.071 Y174.882 E1988.90873
G1 X98.828 Y175.441 E1988.94003
G1 X99.102 Y175.779 E1988.9545
G1 X99.537 Y176.661 E1988.98721
G1 X99.621 Y177.083 E1989.00152
G1 X99.625 Y177.809 E1989.02567
G1 X99.505 Y178.391 E1989.04544
G1 X98.993 Y179.339 E1989.08127
G1 X98.695 Y179.648 E1989.09555
G1 X97.905 Y180.164 E1989.12693
G1 X97.693 Y180.263 E1989.13472
G1 X97.368 Y180.336 E1989.14579
G1 X96.443 Y180.416 E1989.17667
G1 X95.959 Y180.311 E1989.19315
G1 X95.148 Y179.972 E1989.22238
G1 X94.767 Y179.678 E1989.23839
G1 X94.171 Y178.96 E1989.26943
G1 X93.971 Y178.527 E1989.28529
G1 X93.776 Y177.606 E1989.3166
M204 S3000
M205 X10 Y10
G0 F6000 X93.385 Y177.688
M204 S1800
M205 X8 Y8
G1 F3000 X93.371 Y177.608 E1989.3193
G1 X93.401 Y177.106 E1989.33603
G1 X93.671 Y176.116 E1989.37016
G1 X93.807 Y175.826 E1989.38081
G1 X94.04 Y175.506 E1989.39398
G1 X94.654 Y174.859 E1989.42364
G1 X94.919 Y174.659 E1989.43469
G1 X95.464 Y174.422 E1989.45445
G1 X96.106 Y174.204 E1989.477
G1 X96.663 Y174.15 E1989.49562
G1 X97.307 Y174.236 E1989.51723
G1 F2586.2 X98.035 Y174.341 E1989.5456
G1 F2285.7 X98.394 Y174.545 E1989.56363
G1 F2205.9 X99.116 Y175.053 E1989.60356
G1 F2112.7 X99.184 Y175.101 E1989.60749
G1 F2474.2 X99.43 Y175.549 E1989.6281
G1 F3000 X99.897 Y176.487 E1989.66296
G1 X99.989 Y176.8 E1989.67381
G1 X100.026 Y177.159 E1989.68581
G1 X100.025 Y177.81 E1989.70746
G1 X99.895 Y178.482 E1989.73023
G1 X99.789 Y178.752 E1989.73988
G1 X99.34 Y179.538 E1989.76998
G1 X99.143 Y179.783 E1989.78044
G1 X98.661 Y180.155 E1989.80069
G1 X98.088 Y180.522 E1989.82332
G1 X97.79 Y180.651 E1989.83412
G1 X97.403 Y180.735 E1989.84729
G1 X96.517 Y180.813 E1989.87688
G1 X96.188 Y180.787 E1989.88785
G1 X95.588 Y180.589 E1989.90887
G1 X94.994 Y180.341 E1989.93028
G1 X94.722 Y180.172 E1989.94093
G1 X94.429 Y179.899 E1989.95425
G1 X93.863 Y179.215 E1989.98378
G1 X93.703 Y178.945 E1989.99421
G1 X93.568 Y178.562 E1990.00772
G1 X93.385 Y177.688 E1990.03742
M204 S3000
M205 X10 Y10
G0 F6000 X94.256 Y179.172
G0 X94.864 Y179.805
G0 X113.194 Y194.28
M204 S1800
M205 X8 Y8
G1 F3000 X113.111 Y194.052 E1990.04549
G1 X112.789 Y192.657 E1990.09311
G1 X112.388 Y191.217 E1990.14283
G1 X112.05 Y190.155 E1990.17989
G1 X111.221 Y188.081 E1990.25418
G1 X110.821 Y187.158 E1990.28764
G1 X109.775 Y185.186 E1990.36188
G1 X109.278 Y184.309 E1990.39541
G1 X108.027 Y182.465 E1990.46953
G1 X107.439 Y181.645 E1990.50309
G1 X105.958 Y179.904 E1990.57911
G1 X105.324 Y179.195 E1990.61074
G1 X103.685 Y177.646 E1990.68575
G1 X102.957 Y176.988 E1990.71839
G1 X101.175 Y175.636 E1990.79279
G1 X100.347 Y175.038 E1990.82676
G1 F2919.7 X99.851 Y174.754 E1990.84629
G1 F2434.1 X99.43 Y174.584 E1990.8649
G1 F2205.9 X98.685 Y174.111 E1990.90482
G1 F2285.7 X98.287 Y173.878 E1990.92495
G1 F2586.2 X97.939 Y173.607 E1990.94197
G1 F3000 X97.116 Y173.187 E1990.9727
G1 X95.557 Y172.465 E1991.02984
G1 X94.633 Y172.06 E1991.0634
G1 X92.441 Y171.322 E1991.14033
G1 X91.546 Y171.041 E1991.17153
G1 X89.336 Y170.558 E1991.24677
G1 X88.392 Y170.37 E1991.27878
G1 X86.101 Y170.121 E1991.35543
G1 X85.173 Y170.038 E1991.38642
G1 X82.861 Y170.039 E1991.46331
G1 X81.936 Y170.055 E1991.49408
G1 X79.639 Y170.307 E1991.57094
G1 X78.722 Y170.421 E1991.60168
G1 X76.617 Y170.885 E1991.67337
G1 X75.576 Y171.129 E1991.70893
G1 X73.45 Y171.843 E1991.78352
G1 X72.501 Y172.178 E1991.817
G1 X70.424 Y173.139 E1991.89311
G1 X69.564 Y173.549 E1991.9248
G1 X67.602 Y174.73 E1992.00097
G1 X66.799 Y175.227 E1992.03238
G1 X64.987 Y176.606 E1992.10811
G1 X64.227 Y177.195 E1992.14009
G1 X62.576 Y178.759 E1992.21573
G1 X61.882 Y179.427 E1992.24777
G1 X60.412 Y181.157 E1992.32328
G1 X59.792 Y181.899 E1992.35544
G1 X57.98 Y184.584 E1992.46317
G1 X56.469 Y187.446 E1992.57082
G1 X55.269 Y190.468 E1992.67896
G1 X54.412 Y193.575 E1992.78616
G1 X53.889 Y196.77 E1992.89384
G1 X53.797 Y198.488 E1992.95107
G1 F2537 X53.824 Y199.38 E1992.98616
G1 F2247.2 X53.781 Y199.916 E1993.01004
G1 F2222.2 X53.825 Y200.496 E1993.03616
G1 F2090.6 X53.869 Y201.076 E1993.06392
G1 F2419.4 X53.795 Y201.479 E1993.08082
G1 F3000 X53.832 Y202.135 E1993.10267
G1 X53.878 Y203.022 E1993.13221
G1 X53.961 Y203.668 E1993.15388
G1 X54.413 Y206.426 E1993.24683
G1 X55.272 Y209.533 E1993.35405
G1 X56.47 Y212.556 E1993.4622
G1 X57.981 Y215.417 E1993.56981
G1 X59.793 Y218.102 E1993.67755
G1 X60.466 Y218.906 E1993.71242
G1 X61.883 Y220.574 E1993.78522
G1 X62.643 Y221.305 E1993.82029
G1 X64.228 Y222.807 E1993.89292
G1 X65.069 Y223.458 E1993.92829
G1 X66.801 Y224.774 E1994.00064
G1 X67.712 Y225.337 E1994.03626
G1 X69.567 Y226.452 E1994.10824
G1 X70.534 Y226.912 E1994.14386
G1 X72.502 Y227.823 E1994.21599
G1 X73.522 Y228.182 E1994.25195
G1 X75.561 Y228.869 E1994.32352
G1 X76.614 Y229.115 E1994.35948
G1 X78.721 Y229.58 E1994.43125
G1 X79.799 Y229.712 E1994.46737
G1 X81.23 Y229.868 E1994.51525
G1 X81.938 Y229.946 E1994.53894
G1 X82.945 Y229.962 E1994.57244
G1 X85.174 Y229.961 E1994.64657
G1 X86.178 Y229.871 E1994.6801
G1 X87.191 Y229.762 E1994.71399
G1 X88.394 Y229.629 E1994.75424
G1 X89.433 Y229.421 E1994.78949
G1 X91.562 Y228.951 E1994.862
G1 X92.489 Y228.662 E1994.8943
G1 X94.632 Y227.937 E1994.96954
G1 X95.566 Y227.529 E1995.00344
G1 X97.581 Y226.598 E1995.07727
G1 F2702.7 X98.027 Y226.293 E1995.09722
G1 F2395.2 X98.591 Y225.944 E1995.12485
G1 F2277 X99.156 Y225.595 E1995.15395
G1 F2553.2 X99.971 Y225.186 E1995.18958
G1 F3000 X100.765 Y224.66 E1995.22126
G1 X101.189 Y224.353 E1995.23867
G1 X102.957 Y223.009 E1995.31254
G1 X103.725 Y222.316 E1995.34694
G1 X105.325 Y220.8 E1995.42025
G1 X106.038 Y220.004 E1995.4558
G1 X107.443 Y218.352 E1995.52793
G1 X107.974 Y217.608 E1995.55833
G1 X108.416 Y216.961 E1995.58439
G1 X109.281 Y215.687 E1995.63561
G1 X109.775 Y214.812 E1995.66903
G1 X110.822 Y212.841 E1995.74326
G1 X111.215 Y211.932 E1995.7762
G1 X111.534 Y211.058 E1995.80714
G1 X112.222 Y209.33 E1995.869
G1 X112.54 Y208.24 E1995.90677
G1 X112.842 Y207.145 E1995.94455
G1 X113.113 Y205.85 E1995.98855
G1 X113.256 Y205.526 E1996.00033
G1 X113.49 Y205.281 E1996.0116
G1 X113.847 Y205.113 E1996.02472
G1 X114.09 Y205.085 E1996.03286
G1 X115.462 Y205.088 E1996.07849
G1 X125.37 Y205.122 E1996.40803
G1 X126.275 Y205.12 E1996.43814
G1 X127.06 Y205.115 E1996.46425
G1 X128.714 Y205.108 E1996.51926
G1 X128.714 Y202.202 E1996.61591
G1 X128.44 Y202.48 E1996.62889
G1 X127.765 Y202.951 E1996.65627
G1 X127.178 Y203.197 E1996.67744
G1 X126.173 Y203.336 E1996.71118
G1 X125.719 Y203.298 E1996.72634
G1 X125.329 Y203.209 E1996.73964
G1 X124.59 Y202.916 E1996.76608
G1 X124.304 Y202.743 E1996.7772
G1 X123.907 Y202.388 E1996.79491
G1 X123.489 Y201.918 E1996.81583
G1 X123.149 Y201.306 E1996.83912
G1 X122.92 Y200.471 E1996.86792
G1 X122.882 Y199.845 E1996.88878
G1 X122.912 Y199.564 E1996.89817
G1 X123.116 Y198.762 E1996.9257
G1 X123.314 Y198.331 E1996.94147
G1 X124.014 Y197.498 E1996.97766
G1 X124.369 Y197.208 E1996.99291
G1 X124.601 Y197.08 E1997.00172
G1 X125.43 Y196.76 E1997.03128
G1 X125.931 Y196.666 E1997.04823
G1 X126.187 Y196.665 E1997.05675
G1 X127.061 Y196.774 E1997.08604
G1 X127.558 Y196.938 E1997.10345
G1 X128.475 Y197.551 E1997.14014
G1 X128.714 Y197.781 E1997.15117
G1 X128.714 Y194.892 E1997.24726
G1 X126.302 Y194.88 E1997.32748
G1 X125.473 Y194.874 E1997.35505
G1 X124.195 Y194.869 E1997.39756
G1 X115.473 Y194.826 E1997.68766
G1 X114.088 Y194.827 E1997.73372
G1 X113.739 Y194.766 E1997.74551
G1 X113.431 Y194.584 E1997.75741
G1 X113.194 Y194.28 E1997.77023
M204 S3000
M205 X10 Y10
G0 F6000 X94.054 Y221.123
G0 X93.385 Y222.722
M204 S1800
M205 X8 Y8
G1 F3000 X93.38 Y222.314 E1997.7838
G1 X93.429 Y222.005 E1997.7942
G1 X93.682 Y221.114 E1997.82501
G1 X93.937 Y220.667 E1997.84213
G1 X94.655 Y219.893 E1997.87724
G1 X94.92 Y219.693 E1997.88828
G1 X95.28 Y219.519 E1997.90158
G1 X96.149 Y219.223 E1997.93212
G1 X96.663 Y219.183 E1997.94926
G1 X97.7 Y219.331 E1997.9841
G1 X98.006 Y219.432 E1997.99482
G1 X98.357 Y219.628 E1998.00819
G1 X99.066 Y220.154 E1998.03756
G1 X99.29 Y220.385 E1998.04826
G1 X99.51 Y220.721 E1998.06162
G1 X99.911 Y221.551 E1998.09227
G1 X100.018 Y222.066 E1998.10977
G1 X100.024 Y222.843 E1998.13561
G1 X99.895 Y223.515 E1998.15837
G1 X99.557 Y224.194 E1998.1836
G1 F2790.7 X99.161 Y224.842 E1998.21075
G1 F2371.5 X99.013 Y225.037 E1998.22105
G1 F2197.8 X98.58 Y225.316 E1998.24444
G1 F2247.2 X98.147 Y225.595 E1998.26731
G1 F2259.9 X97.912 Y225.722 E1998.2791
G1 F2569.6 X97.402 Y225.768 E1998.29899
G1 F3000 X96.516 Y225.846 E1998.32857
G1 X95.95 Y225.761 E1998.34761
G1 X94.995 Y225.376 E1998.38185
G1 X94.722 Y225.205 E1998.39257
G1 X94.427 Y224.931 E1998.40596
G1 X93.85 Y224.233 E1998.43608
G1 X93.616 Y223.757 E1998.45372
G1 X93.478 Y223.164 E1998.47397
G1 X93.385 Y222.722 E1998.48899
M204 S3000
M205 X10 Y10
G0 F6000 X77.339 Y205.083
G0 X76.367 Y203.537
G0 X75.22 Y200.114
M204 S1800
M205 X8 Y8
G1 F3000 X75.268 Y199.462 E1998.51074
G1 X75.407 Y198.222 E1998.55224
G1 X75.689 Y197.335 E1998.5832
G1 X76.02 Y196.391 E1998.61647
G1 X76.547 Y195.517 E1998.65041
G1 X77.019 Y194.766 E1998.67992
G1 X77.649 Y194.11 E1998.71017
G1 X78.35 Y193.408 E1998.74316
G1 X78.972 Y192.995 E1998.768
G1 X79.944 Y192.386 E1998.80615
G1 X80.502 Y192.169 E1998.82606
G1 X81.746 Y191.733 E1998.8699
G1 X82.172 Y191.668 E1998.88423
G1 X83.658 Y191.501 E1998.93397
G1 X84.782 Y191.613 E1998.97154
G1 X85.494 Y191.694 E1998.99537
G1 X86.092 Y191.877 E1999.01617
G1 X87.335 Y192.312 E1999.05997
G1 X87.499 Y192.395 E1999.06609
G1 X88.953 Y193.308 E1999.12319
G1 X89.692 Y194.023 E1999.15739
G1 X90.287 Y194.619 E1999.1854
G1 X90.868 Y195.498 E1999.22045
G1 X91.344 Y196.257 E1999.25025
G1 X91.74 Y197.344 E1999.28872
G1 X91.971 Y198.004 E1999.31198
G1 X92.114 Y199.053 E1999.34719
G1 X92.213 Y199.94 E1999.37688
G1 X92.115 Y200.944 E1999.41043
G1 X92.012 Y201.838 E1999.44036
G1 X91.874 Y202.272 E1999.45551
G1 X91.408 Y203.607 E1999.50254
G1 X90.912 Y204.433 E1999.53458
G1 X90.426 Y205.206 E1999.56495
G1 X89.693 Y205.976 E1999.60031
G1 X89.064 Y206.604 E1999.62988
G1 X88.092 Y207.233 E1999.66838
G1 X87.499 Y207.605 E1999.69167
G1 X86.874 Y207.85 E1999.71399
G1 X85.651 Y208.276 E1999.75707
G1 X84.66 Y208.4 E1999.79029
G1 X83.787 Y208.498 E1999.8195
G1 X83.602 Y208.494 E1999.82566
G1 X81.918 Y208.304 E1999.88202
G1 X81.715 Y208.256 E1999.88896
G1 X80.128 Y207.701 E1999.94488
G1 X79.928 Y207.605 E1999.95226
G1 X78.506 Y206.713 E2000.00809
G1 X77.65 Y205.892 E2000.04754
G1 X77.14 Y205.381 E2000.07155
G1 X76.547 Y204.483 E2000.10734
G1 X76.082 Y203.741 E2000.13647
G1 X75.679 Y202.634 E2000.17565
G1 X75.456 Y201.996 E2000.19813
G1 X75.364 Y201.392 E2000.21845
G1 X75.22 Y200.114 E2000.26123
M204 S3000
M205 X10 Y10
G0 F6000 X57.707 Y197.017
G0 X56.323 Y197.361
G0 X55.331 Y198.231
G0 X54.309 Y199.876
M204 S1800
M205 X8 Y8
G1 F2247.2 X54.358 Y199.468 E2000.27947
G1 F2537 X54.671 Y198.633 E2000.31454
G1 F3000 X54.937 Y198.15 E2000.33288
G1 X55.515 Y197.523 E2000.36125
G1 X55.92 Y197.176 E2000.37899
G1 X56.28 Y197.002 E2000.39229
G1 X57.105 Y196.72 E2000.42128
G1 X57.424 Y196.667 E2000.43204
G1 X57.823 Y196.677 E2000.44531
G1 X58.7 Y196.814 E2000.47484
G1 X59.006 Y196.915 E2000.48555
G1 X59.357 Y197.111 E2000.49893
G1 X60.066 Y197.637 E2000.52829
G1 X60.29 Y197.868 E2000.53899
G1 X60.51 Y198.204 E2000.55235
G1 X60.897 Y199.004 E2000.58191
G1 X60.989 Y199.316 E2000.59272
G1 X61.025 Y199.978 E2000.61478
G1 X60.999 Y200.552 E2000.63389
G1 X60.864 Y201.106 E2000.65285
G1 X60.34 Y202.055 E2000.68891
G1 X60.14 Y202.302 E2000.69948
G1 X59.833 Y202.561 E2000.71284
G1 X59.089 Y203.039 E2000.74225
G1 X58.766 Y203.174 E2000.75389
G1 X58.403 Y203.252 E2000.76624
G1 X57.517 Y203.33 E2000.79583
G1 X57.188 Y203.304 E2000.8068
G1 X56.805 Y203.197 E2000.82003
G1 X55.994 Y202.858 E2000.84926
G1 X55.542 Y202.532 E2000.8678
G1 X54.863 Y201.733 E2000.90267
G1 F2884.6 X54.602 Y201.248 E2000.92173
G1 F2343.8 X54.453 Y201.001 E2000.93401
G1 F2139 X54.321 Y200.219 E2000.971
G1 F2277 X54.309 Y199.876 E2000.98604
M204 S3000
M205 X10 Y10
G0 F6000 X55.255 Y198.31
G0 X56.006 Y197.529
G0 X57.006 Y197.102
G0 X58.226 Y197.089
G0 X74.834 Y199.977
M204 S1800
M205 X8 Y8
;TYPE:SKIN
G1 F1200 X74.947 Y198.916 E2001.02153
G1 X75.032 Y198.16 E2001.04683
G1 X75.331 Y197.21 E2001.07996
G1 X75.354 Y197.142 E2001.08234
G1 X75.727 Y196.118 E2001.11859
G1 X76.225 Y195.315 E2001.15002
G1 X76.78 Y194.451 E2001.18417
G1 X77.379 Y193.841 E2001.21261
G1 X78.197 Y193.04 E2001.25069
G1 X78.856 Y192.622 E2001.27664
G1 X79.736 Y192.067 E2001.31125
G1 X80.473 Y191.78 E2001.33755
G1 X81.601 Y191.381 E2001.37735
G1 X82.236 Y191.282 E2001.39872
G1 X83.572 Y191.127 E2001.44346
G1 X84.473 Y191.197 E2001.47351
G1 X85.742 Y191.355 E2001.51605
G1 X86.551 Y191.634 E2001.54451
G1 X87.457 Y191.954 E2001.57647
G1 X88.427 Y192.53 E2001.61399
G1 X88.864 Y192.81 E2001.63125
G1 X89.324 Y193.117 E2001.64965
G1 X90.563 Y194.359 E2001.708
G1 X91.189 Y195.292 E2001.74537
G1 X91.726 Y196.167 E2001.77951
G1 X92.099 Y197.221 E2001.8167
G1 X92.387 Y198.104 E2001.84759
G1 X92.493 Y199.013 E2001.87803
G1 X92.593 Y200.054 E2001.91281
G1 X92.509 Y200.847 E2001.93933
G1 X92.493 Y200.993 E2001.94422
G1 X92.365 Y202.005 E2001.97815
G1 X92.139 Y202.66 E2002.00119
G1 X91.783 Y203.684 E2002.03725
G1 X91.685 Y203.912 E2002.0455
G1 X91.234 Y204.639 E2002.07396
G1 X90.619 Y205.583 E2002.11143
G1 X89.958 Y206.248 E2002.14262
G1 X89.178 Y206.996 E2002.17856
G1 X88.42 Y207.476 E2002.2084
G1 X87.925 Y207.777 E2002.22767
G1 X87.427 Y208.061 E2002.24674
G1 X86.153 Y208.506 E2002.29162
G1 X85.636 Y208.669 E2002.30965
G1 X84.702 Y208.779 E2002.34093
G1 X83.67 Y208.879 E2002.37542
G1 X83.638 Y208.878 E2002.37648
G1 X82.124 Y208.71 E2002.42715
G1 X81.666 Y208.64 E2002.44256
G1 X80.38 Y208.192 E2002.48785
G1 X79.83 Y207.987 E2002.50737
G1 X78.769 Y207.327 E2002.54893
G1 X78.13 Y206.906 E2002.57438
G1 X78.11 Y206.889 E2002.57526
G1 X77.075 Y205.856 E2002.62389
G1 X76.731 Y205.485 E2002.64072
G1 X76.223 Y204.685 E2002.67224
G1 X75.687 Y203.799 E2002.70668
G1 X75.318 Y202.754 E2002.74354
G1 X75.032 Y201.846 E2002.77521
G1 X74.913 Y200.792 E2002.81048
G1 X74.834 Y199.977 E2002.83772
M204 S3000
M205 X10 Y10
G0 F6000 X76.367 Y203.537
G0 X77.339 Y205.083
G0 X78.63 Y206.375
G0 X80.176 Y207.346
G0 X81.9 Y207.948
G0 X83.532 Y208.133
G0 X113.14 Y205.08
M204 S1800
M205 X8 Y8
G1 F1200 X113.507 Y204.833 E2002.85243
G1 X114.054 Y204.709 E2002.87109
G1 X125.106 Y204.739 E2003.23868
G1 X128.334 Y204.729 E2003.34604
G1 X128.334 Y203.018 E2003.40295
G1 X127.964 Y203.274 E2003.41792
G1 X127.494 Y203.483 E2003.43502
G1 X127.078 Y203.615 E2003.44954
G1 X126.216 Y203.714 E2003.4784
G1 X125.821 Y203.7 E2003.49154
G1 X125.227 Y203.574 E2003.51174
G1 X124.45 Y203.271 E2003.53948
G1 X124.052 Y203.027 E2003.55501
G1 X123.622 Y202.639 E2003.57427
G1 X123.204 Y202.172 E2003.59512
G1 X122.991 Y201.851 E2003.60793
G1 X122.72 Y201.235 E2003.63031
G1 X122.55 Y200.566 E2003.65327
G1 X122.502 Y199.86 E2003.67681
G1 X122.547 Y199.448 E2003.69059
G1 X122.845 Y198.409 E2003.72654
G1 X123.139 Y197.918 E2003.74558
G1 X123.163 Y197.886 E2003.74691
G1 X123.919 Y197.071 E2003.78388
G1 X124.431 Y196.743 E2003.8041
G1 X125.301 Y196.404 E2003.83516
G1 X125.623 Y196.324 E2003.84619
G1 X126.211 Y196.286 E2003.86579
G1 X127.11 Y196.396 E2003.89592
G1 X127.46 Y196.49 E2003.90797
G1 X127.956 Y196.722 E2003.92618
G1 X128.334 Y196.971 E2003.94124
G1 X128.334 Y195.273 E2003.99771
G1 X114.07 Y195.207 E2004.47214
G1 X113.579 Y195.11 E2004.48879
G1 X113.241 Y194.918 E2004.50172
G1 X112.956 Y194.615 E2004.51555
G1 X112.757 Y194.206 E2004.53068
G1 X112.419 Y192.751 E2004.58036
G1 X112.027 Y191.339 E2004.6291
G1 X111.692 Y190.283 E2004.66595
G1 X110.927 Y188.369 E2004.73451
G1 X110.477 Y187.322 E2004.77241
G1 X109.5 Y185.483 E2004.84167
G1 X108.954 Y184.509 E2004.87881
G1 X107.79 Y182.794 E2004.94775
G1 X107.138 Y181.88 E2004.98509
G1 X105.712 Y180.205 E2005.05825
G1 X105.05 Y179.461 E2005.09138
G1 X103.447 Y177.946 E2005.16474
G1 X102.714 Y177.284 E2005.19759
G1 X100.957 Y175.95 E2005.27096
G1 X100.134 Y175.357 E2005.3047
G1 X99.679 Y175.11 E2005.32192
G1 X99.625 Y175.102 E2005.32373
G1 X99.888 Y175.591 E2005.3422
G1 X100.238 Y176.316 E2005.36898
G1 X100.367 Y176.756 E2005.38423
G1 X100.406 Y177.809 E2005.41928
G1 X100.269 Y178.558 E2005.4446
G1 X100.121 Y178.94 E2005.45823
G1 X99.67 Y179.726 E2005.48837
G1 X99.386 Y180.075 E2005.50333
G1 X98.866 Y180.477 E2005.52519
G1 X98.083 Y180.953 E2005.55567
G1 X97.561 Y181.096 E2005.57367
G1 X96.554 Y181.192 E2005.60732
G1 X96.22 Y181.181 E2005.61843
G1 X95.552 Y180.983 E2005.64161
G1 X94.931 Y180.721 E2005.66402
G1 X94.654 Y180.591 E2005.6742
G1 X94.262 Y180.274 E2005.69097
G1 X93.875 Y179.829 E2005.71058
G1 X93.44 Y179.271 E2005.73411
G1 X93.228 Y178.767 E2005.7523
G1 X93.013 Y177.768 E2005.78629
G1 X92.985 Y177.433 E2005.79747
G1 X93.056 Y176.895 E2005.81552
G1 X93.063 Y176.863 E2005.81661
G1 X93.388 Y175.798 E2005.85364
G1 X93.745 Y175.267 E2005.87492
G1 X94.377 Y174.6 E2005.90549
G1 X94.681 Y174.358 E2005.91841
G1 X95.133 Y174.135 E2005.93517
G1 X95.976 Y173.844 E2005.96483
G1 X96.434 Y173.771 E2005.98026
G1 X96.881 Y173.784 E2005.99513
G1 X97.707 Y173.912 E2006.02293
G1 X96.957 Y173.533 E2006.05088
G1 X95.404 Y172.814 E2006.1078
G1 X94.493 Y172.414 E2006.1409
G1 X92.407 Y171.711 E2006.21411
G1 X91.435 Y171.404 E2006.24801
G1 X89.513 Y170.986 E2006.31343
G1 X88.332 Y170.746 E2006.35352
G1 X86.215 Y170.515 E2006.42435
G1 X85.154 Y170.419 E2006.45978
G1 X82.95 Y170.419 E2006.53309
G1 X81.96 Y170.435 E2006.56602
G1 X79.843 Y170.665 E2006.63684
G1 X78.788 Y170.796 E2006.6722
G1 X76.635 Y171.272 E2006.74554
G1 X75.694 Y171.494 E2006.7777
G1 X73.65 Y172.176 E2006.84937
G1 X72.646 Y172.53 E2006.88477
G1 X71.042 Y173.273 E2006.94357
G1 X69.743 Y173.886 E2006.99134
G1 X67.842 Y175.028 E2007.0651
G1 X67.017 Y175.541 E2007.09741
G1 X65.878 Y176.406 E2007.14498
G1 X64.476 Y177.486 E2007.20385
G1 X62.159 Y179.689 E2007.31018
G1 X60.094 Y182.129 E2007.4165
G1 X58.306 Y184.781 E2007.52288
G1 X56.815 Y187.607 E2007.62915
G1 X55.624 Y190.604 E2007.73642
G1 X54.784 Y193.658 E2007.84177
G1 X54.275 Y196.773 E2007.94674
G1 X54.179 Y198.502 E2008.00434
G1 X54.205 Y198.733 E2008.01207
G1 X54.475 Y198.156 E2008.03326
G1 X54.765 Y197.758 E2008.04964
G1 X55.255 Y197.244 E2008.07326
G1 X55.706 Y196.865 E2008.09285
G1 X56.159 Y196.642 E2008.10965
G1 X57.197 Y196.307 E2008.14592
G1 X57.85 Y196.3 E2008.16764
G1 X57.885 Y196.303 E2008.16881
G1 X59.012 Y196.506 E2008.2069
G1 X59.56 Y196.789 E2008.22741
G1 X59.586 Y196.806 E2008.22845
G1 X60.406 Y197.424 E2008.2626
G1 X60.773 Y197.898 E2008.28254
G1 X61.196 Y198.75 E2008.31417
G1 X61.359 Y199.236 E2008.33122
G1 X61.405 Y199.966 E2008.35555
G1 X61.375 Y200.609 E2008.37696
G1 X61.177 Y201.34 E2008.40215
G1 X60.669 Y202.244 E2008.43664
G1 X60.367 Y202.601 E2008.45219
G1 X60.034 Y202.884 E2008.46673
G1 X59.077 Y203.469 E2008.50403
G1 X58.463 Y203.626 E2008.52511
G1 X58.429 Y203.631 E2008.52625
G1 X57.281 Y203.702 E2008.56451
G1 X56.697 Y203.561 E2008.58449
G1 X55.846 Y203.21 E2008.61511
G1 X55.467 Y202.973 E2008.62998
G1 X55.201 Y202.732 E2008.64191
G1 X54.569 Y201.974 E2008.67474
G1 X54.309 Y201.486 E2008.69313
G1 X54.23 Y201.396 E2008.69711
G1 X54.178 Y201.505 E2008.70113
G1 X54.264 Y203.1 E2008.75426
G1 X54.361 Y203.747 E2008.77602
G1 X54.785 Y206.343 E2008.8635
G1 X55.63 Y209.397 E2008.9689
G1 X56.816 Y212.395 E2009.07613
G1 X58.307 Y215.22 E2009.18237
G1 X60.096 Y217.872 E2009.28877
G1 X60.48 Y218.33 E2009.30865
G1 X62.16 Y220.312 E2009.39507
G1 X62.602 Y220.736 E2009.41544
G1 X64.477 Y222.517 E2009.50145
G1 X64.879 Y222.829 E2009.51838
G1 X67.019 Y224.461 E2009.60789
G1 X67.863 Y224.982 E2009.64088
G1 X69.747 Y226.115 E2009.714
G1 X70.276 Y226.366 E2009.73347
G1 X72.648 Y227.471 E2009.82051
G1 X73.578 Y227.799 E2009.85331
G1 X75.664 Y228.502 E2009.92652
G1 X76.614 Y228.723 E2009.95896
G1 X78.787 Y229.205 E2010.03299
G1 X79.396 Y229.28 E2010.0534
G1 X81.963 Y229.567 E2010.13931
G1 X82.941 Y229.581 E2010.17184
G1 X85.156 Y229.58 E2010.24552
G1 X86.151 Y229.491 E2010.27874
G1 X88.335 Y229.253 E2010.35181
G1 X89.31 Y229.058 E2010.38488
G1 X91.466 Y228.583 E2010.45831
G1 X92.4 Y228.292 E2010.49085
G1 X94.442 Y227.601 E2010.56255
G1 X95.461 Y227.159 E2010.59949
G1 X96.659 Y226.603 E2010.64342
G1 X97.604 Y226.13 E2010.67857
G1 X96.547 Y226.226 E2010.71387
G1 X96.075 Y226.185 E2010.72963
G1 X95.379 Y225.949 E2010.75407
G1 X94.685 Y225.643 E2010.7793
G1 X94.154 Y225.195 E2010.8024
G1 X93.55 Y224.433 E2010.83475
G1 X93.392 Y224.219 E2010.84359
G1 X93.251 Y223.867 E2010.8562
G1 X93.105 Y223.238 E2010.87768
G1 X92.988 Y222.61 E2010.89893
G1 X93.03 Y222.073 E2010.91684
G1 X93.306 Y221.049 E2010.95212
G1 X93.448 Y220.718 E2010.9641
G1 X93.763 Y220.277 E2010.98212
G1 X94.552 Y219.476 E2011.01952
G1 X95.129 Y219.17 E2011.04124
G1 X96.086 Y218.847 E2011.07483
G1 X96.749 Y218.806 E2011.09693
G1 X97.637 Y218.937 E2011.12678
G1 X98.085 Y219.051 E2011.14216
G1 X98.566 Y219.312 E2011.16036
G1 X99.43 Y219.966 E2011.1964
G1 X99.836 Y220.526 E2011.21941
G1 X100.24 Y221.354 E2011.25005
G1 X100.368 Y221.789 E2011.26513
G1 X100.405 Y222.841 E2011.30014
G1 X100.27 Y223.589 E2011.32542
G1 X100.12 Y223.973 E2011.33913
G1 X99.679 Y224.743 E2011.36865
G1 X99.567 Y224.949 E2011.37645
G1 X100.133 Y224.644 E2011.39783
G1 X100.984 Y224.029 E2011.43275
G1 X102.714 Y222.714 E2011.50503
G1 X103.443 Y222.057 E2011.53767
G1 X105.053 Y220.534 E2011.61138
G1 X105.672 Y219.845 E2011.64219
G1 X107.145 Y218.115 E2011.71776
G1 X107.709 Y217.323 E2011.7501
G1 X108.958 Y215.484 E2011.82404
G1 X109.378 Y214.74 E2011.85245
G1 X110.478 Y212.674 E2011.9303
G1 X110.863 Y211.791 E2011.96234
G1 X111.17 Y210.949 E2011.99215
G1 X111.679 Y209.666 E2012.03806
G1 X111.999 Y208.732 E2012.07089
G1 X112.471 Y207.055 E2012.12884
G1 X112.735 Y205.793 E2012.17172
G1 X112.87 Y205.435 E2012.18445
G1 X113.14 Y205.08 E2012.19928
M204 S3000
M205 X10 Y10
G0 F6000 X124.643 Y197.443
G0 X128.134 Y196.016
M204 S1800
M205 X8 Y8
G1 F1200 X127.586 Y195.469 E2012.22503
M204 S3000
M205 X10 Y10
G0 F6000 X127.018 Y195.466
M204 S1800
M205 X8 Y8
G1 F1200 X128.134 Y196.582 E2012.27753
G1 X128.204 Y196.652
M204 S3000
M205 X10 Y10
G0 F6000 X127.2 Y196.214
M204 S1800
M205 X8 Y8
G1 F1200 X126.45 Y195.464 E2012.3128
M204 S3000
M205 X10 Y10
G0 F6000 X125.881 Y195.461
M204 S1800
M205 X8 Y8
G1 F1200 X126.545 Y196.125 E2012.34404
M204 S3000
M205 X10 Y10
G0 F6000 X125.956 Y196.101
M204 S1800
M205 X8 Y8
G1 F1200 X125.313 Y195.458 E2012.37428
M204 S3000
M205 X10 Y10
G0 F6000 X124.745 Y195.456
M204 S1800
M205 X8 Y8
G1 F1200 X125.448 Y196.159 E2012.40735
M204 S3000
M205 X10 Y10
G0 F6000 X125.02 Y196.296
M204 S1800
M205 X8 Y8
G1 F1200 X124.177 Y195.453 E2012.447
M204 S3000
M205 X10 Y10
G0 F6000 X123.608 Y195.45
M204 S1800
M205 X8 Y8
G1 F1200 X124.611 Y196.453 E2012.49418
M204 S3000
M205 X10 Y10
G0 F6000 X124.229 Y196.637
M204 S1800
M205 X8 Y8
G1 F1200 X123.04 Y195.448 E2012.55011
M204 S3000
M205 X10 Y10
G0 F6000 X122.472 Y195.445
M204 S1800
M205 X8 Y8
G1 F1200 X123.877 Y196.85 E2012.61619
M204 S3000
M205 X10 Y10
G0 F6000 X123.59 Y197.13
M204 S1800
M205 X8 Y8
G1 F1200 X121.903 Y195.442 E2012.69557
M204 S3000
M205 X10 Y10
G0 F6000 X121.335 Y195.44
M204 S1800
M205 X8 Y8
G1 F1200 X123.318 Y197.423 E2012.78884
M204 S3000
M205 X10 Y10
G0 F6000 X123.046 Y197.716
M204 S1800
M205 X8 Y8
G1 F1200 X120.767 Y195.437 E2012.89604
M204 S3000
M205 X10 Y10
G0 F6000 X120.198 Y195.435
M204 S1800
M205 X8 Y8
G1 F1200 X122.821 Y198.057 E2013.01939
M204 S3000
M205 X10 Y10
G0 F6000 X122.63 Y198.432
M204 S1800
M205 X8 Y8
G1 F1200 X119.63 Y195.432 E2013.1605
M204 S3000
M205 X10 Y10
G0 F6000 X119.062 Y195.43
M204 S1800
M205 X8 Y8
G1 F1200 X122.504 Y198.872 E2013.32241
M204 S3000
M205 X10 Y10
G0 F6000 X122.378 Y199.312
M204 S1800
M205 X8 Y8
G1 F1200 X118.494 Y195.427 E2013.50512
M204 S3000
M205 X10 Y10
G0 F6000 X117.925 Y195.424
M204 S1800
M205 X8 Y8
G1 F1200 X122.309 Y199.808 E2013.71133
M204 S3000
M205 X10 Y10
G0 F6000 X122.336 Y200.401
M204 S1800
M205 X8 Y8
G1 F1200 X117.357 Y195.422 E2013.94553
M204 S3000
M205 X10 Y10
G0 F6000 X116.789 Y195.419
M204 S1800
M205 X8 Y8
G1 F1200 X122.482 Y201.113 E2014.21333
G1 X122.552 Y201.183
M204 S3000
M205 X10 Y10
G0 F6000 X122.949 Y202.145
M204 S1800
M205 X8 Y8
G1 F1200 X116.22 Y195.416 E2014.52984
M204 S3000
M205 X10 Y10
G0 F6000 X115.652 Y195.414
M204 S1800
M205 X8 Y8
G1 F1200 X124.771 Y204.533 E2014.95877
M204 S3000
M205 X10 Y10
G0 F6000 X124.206 Y204.534
M204 S1800
M205 X8 Y8
G1 F1200 X115.084 Y195.411 E2015.38787
M204 S3000
M205 X10 Y10
G0 F6000 X114.515 Y195.408
M204 S1800
M205 X8 Y8
G1 F1200 X123.641 Y204.534 E2015.81713
M204 S3000
M205 X10 Y10
G0 F6000 X123.074 Y204.533
M204 S1800
M205 X8 Y8
G1 F1200 X113.92 Y195.379 E2016.2477
G1 X113.85 Y195.309
M204 S3000
M205 X10 Y10
G0 F6000 X112.496 Y193.955
M204 S1800
M205 X8 Y8
G1 F1200 X99.094 Y180.553 E2016.87809
M204 S3000
M205 X10 Y10
G0 F6000 X99.411 Y180.304
M204 S1800
M205 X8 Y8
G1 F1200 X112.322 Y193.215 E2017.48539
M204 S3000
M205 X10 Y10
G0 F6000 X112.13 Y192.457
M204 S1800
M205 X8 Y8
G1 F1200 X99.69 Y180.018 E2018.0705
M204 S3000
M205 X10 Y10
G0 F6000 X99.923 Y179.685
M204 S1800
M205 X8 Y8
G1 F1200 X111.912 Y191.674 E2018.63443
G1 X111.982 Y191.744
M204 S3000
M205 X10 Y10
G0 F6000 X111.666 Y190.862
M204 S1800
M205 X8 Y8
G1 F1200 X100.127 Y179.323 E2019.17719
M204 S3000
M205 X10 Y10
G0 F6000 X100.329 Y178.959
M204 S1800
M205 X8 Y8
G1 F1200 X111.361 Y189.991 E2019.6961
G1 X111.431 Y190.061
M204 S3000
M205 X10 Y10
G0 F6000 X110.983 Y189.048
M204 S1800
M205 X8 Y8
G1 F1200 X100.475 Y178.54 E2020.19036
M204 S3000
M205 X10 Y10
G0 F6000 X100.564 Y178.062
M204 S1800
M205 X8 Y8
G1 F1200 X110.585 Y188.084 E2020.66174
G1 X110.655 Y188.154
M204 S3000
M205 X10 Y10
G0 F6000 X110.095 Y187.028
M204 S1800
M205 X8 Y8
G1 F1200 X100.602 Y177.535 E2021.10826
M204 S3000
M205 X10 Y10
G0 F6000 X100.582 Y176.949
M204 S1800
M205 X8 Y8
G1 F1200 X109.453 Y185.82 E2021.52553
G1 X109.523 Y185.89
M204 S3000
M205 X10 Y10
G0 F6000 X108.727 Y184.529
M204 S1800
M205 X8 Y8
G1 F1200 X100.409 Y176.211 E2021.91678
M204 S3000
M205 X10 Y10
G0 F6000 X100.993 Y176.23
M204 S1800
M205 X8 Y8
G1 F1200 X107.508 Y182.744 E2022.2232
G1 X107.578 Y182.814
M204 S3000
M205 X10 Y10
G0 F6000 X98.753 Y180.777
M204 S1800
M205 X8 Y8
G1 F1200 X122.507 Y204.532 E2023.34054
M204 S3000
M205 X10 Y10
G0 F6000 X121.94 Y204.53
M204 S1800
M205 X8 Y8
G1 F1200 X98.402 Y180.992 E2024.4477
M204 S3000
M205 X10 Y10
G0 F6000 X98.016 Y181.172
M204 S1800
M205 X8 Y8
G1 F1200 X121.373 Y204.529 E2025.54634
M204 S3000
M205 X10 Y10
G0 F6000 X120.806 Y204.527
M204 S1800
M205 X8 Y8
G1 F1200 X97.558 Y181.279 E2026.63985
M204 S3000
M205 X10 Y10
G0 F6000 X97.051 Y181.338
M204 S1800
M205 X8 Y8
G1 F1200 X120.239 Y204.526 E2027.73055
M204 S3000
M205 X10 Y10
G0 F6000 X119.671 Y204.524
M204 S1800
M205 X8 Y8
G1 F1200 X96.516 Y181.369 E2028.81969
M204 S3000
M205 X10 Y10
G0 F6000 X95.89 Y181.309
M204 S1800
M205 X8 Y8
G1 F1200 X119.104 Y204.522 E2029.91158
M204 S3000
M205 X10 Y10
G0 F6000 X118.537 Y204.521
M204 S1800
M205 X8 Y8
G1 F1200 X94.967 Y180.951 E2031.02024
G1 X94.897 Y180.881
M204 S3000
M205 X10 Y10
G0 F6000 X93.174 Y179.158
M204 S1800
M205 X8 Y8
G1 F1200 X84.634 Y170.618 E2031.42194
M204 S3000
M205 X10 Y10
G0 F6000 X84.067 Y170.617
M204 S1800
M205 X8 Y8
G1 F1200 X117.97 Y204.52 E2033.01663
M204 S3000
M205 X10 Y10
G0 F6000 X117.403 Y204.518
M204 S1800
M205 X8 Y8
G1 F1200 X83.502 Y170.617 E2034.61123
M204 S3000
M205 X10 Y10
G0 F6000 X82.937 Y170.619
M204 S1800
M205 X8 Y8
G1 F1200 X116.835 Y204.517 E2036.20569
M204 S3000
M205 X10 Y10
G0 F6000 X116.268 Y204.515
M204 S1800
M205 X8 Y8
G1 F1200 X82.381 Y170.628 E2037.79963
M204 S3000
M205 X10 Y10
G0 F6000 X81.837 Y170.649
M204 S1800
M205 X8 Y8
G1 F1200 X115.701 Y204.513 E2039.39248
M204 S3000
M205 X10 Y10
G0 F6000 X115.133 Y204.512
M204 S1800
M205 X8 Y8
G1 F1200 X81.326 Y170.704 E2040.98269
M204 S3000
M205 X10 Y10
G0 F6000 X80.816 Y170.76
M204 S1800
M205 X8 Y8
G1 F1200 X114.566 Y204.51 E2042.57018
M204 S3000
M205 X10 Y10
G0 F6000 X113.999 Y204.509
M204 S1800
M205 X8 Y8
G1 F1200 X80.306 Y170.815 E2044.15502
M204 S3000
M205 X10 Y10
G0 F6000 X79.797 Y170.873
M204 S1800
M205 X8 Y8
G1 F1200 X113.54 Y204.616 E2045.74219
M204 S3000
M205 X10 Y10
G0 F6000 X113.176 Y204.817
M204 S1800
M205 X8 Y8
G1 F1200 X79.293 Y170.934 E2047.33594
M204 S3000
M205 X10 Y10
G0 F6000 X78.792 Y170.998
M204 S1800
M205 X8 Y8
G1 F1200 X112.886 Y205.092 E2048.93962
M204 S3000
M205 X10 Y10
G0 F6000 X112.663 Y205.435
M204 S1800
M205 X8 Y8
G1 F1200 X78.329 Y171.101 E2050.55458
M204 S3000
M205 X10 Y10
G0 F6000 X77.865 Y171.203
M204 S1800
M205 X8 Y8
G1 F1200 X112.518 Y205.856 E2052.18456
M204 S3000
M205 X10 Y10
G0 F6000 X112.42 Y206.323
M204 S1800
M205 X8 Y8
G1 F1200 X77.402 Y171.306 E2053.83167
M204 S3000
M205 X10 Y10
G0 F6000 X76.939 Y171.409
M204 S1800
M205 X8 Y8
G1 F1200 X112.321 Y206.791 E2055.49593
M204 S3000
M205 X10 Y10
G0 F6000 X112.21 Y207.245
M204 S1800
M205 X8 Y8
G1 F1200 X76.479 Y171.515 E2057.17658
M204 S3000
M205 X10 Y10
G0 F6000 X76.021 Y171.622
M204 S1800
M205 X8 Y8
G1 F1200 X112.085 Y207.686 E2058.87292
M204 S3000
M205 X10 Y10
G0 F6000 X111.961 Y208.127
M204 S1800
M205 X8 Y8
G1 F1200 X75.576 Y171.743 E2060.58434
M204 S3000
M205 X10 Y10
G0 F6000 X75.152 Y171.884
M204 S1800
M205 X8 Y8
G1 F1200 X111.836 Y208.568 E2062.30984
M204 S3000
M205 X10 Y10
G0 F6000 X111.697 Y208.995
M204 S1800
M205 X8 Y8
G1 F1200 X74.728 Y172.026 E2064.04875
M204 S3000
M205 X10 Y10
G0 F6000 X74.304 Y172.167
M204 S1800
M205 X8 Y8
G1 F1200 X111.553 Y209.416 E2065.80083
M204 S3000
M205 X10 Y10
G0 F6000 X111.399 Y209.828
M204 S1800
M205 X8 Y8
G1 F1200 X73.879 Y172.309 E2067.56563
M204 S3000
M205 X10 Y10
G0 F6000 X73.46 Y172.455
M204 S1800
M205 X8 Y8
G1 F1200 X111.238 Y210.233 E2069.34259
M204 S3000
M205 X10 Y10
G0 F6000 X111.077 Y210.638
M204 S1800
M205 X8 Y8
G1 F1200 X73.042 Y172.602 E2071.13167
M204 S3000
M205 X10 Y10
G0 F6000 X72.63 Y172.756
M204 S1800
M205 X8 Y8
G1 F1200 X110.921 Y211.047 E2072.93276
M204 S3000
M205 X10 Y10
G0 F6000 X110.769 Y211.461
M204 S1800
M205 X8 Y8
G1 F1200 X72.243 Y172.935 E2074.7449
M204 S3000
M205 X10 Y10
G0 F6000 X71.858 Y173.116
M204 S1800
M205 X8 Y8
G1 F1200 X110.61 Y211.868 E2076.56768
M204 S3000
M205 X10 Y10
G0 F6000 X110.439 Y212.262
M204 S1800
M205 X8 Y8
G1 F1200 X71.472 Y173.296 E2078.40054
M204 S3000
M205 X10 Y10
G0 F6000 X71.088 Y173.477
M204 S1800
M205 X8 Y8
G1 F1200 X110.263 Y212.652 E2080.24322
M204 S3000
M205 X10 Y10
G0 F6000 X110.066 Y213.021
M204 S1800
M205 X8 Y8
G1 F1200 X70.702 Y173.657 E2082.09478
M204 S3000
M205 X10 Y10
G0 F6000 X70.317 Y173.837
M204 S1800
M205 X8 Y8
G1 F1200 X89.412 Y192.933 E2082.99297
G1 X89.482 Y193.003
M204 S3000
M205 X10 Y10
G0 F6000 X90.55 Y194.071
M204 S1800
M205 X8 Y8
G1 F1200 X109.869 Y213.389 E2083.90165
M204 S3000
M205 X10 Y10
G0 F6000 X109.672 Y213.759
M204 S1800
M205 X8 Y8
G1 F1200 X91.771 Y195.857 E2084.74369
G1 X91.701 Y195.787
M204 S3000
M205 X10 Y10
G0 F6000 X92.167 Y196.819
M204 S1800
M205 X8 Y8
G1 F1200 X109.475 Y214.127 E2085.5578
M204 S3000
M205 X10 Y10
G0 F6000 X109.279 Y214.496
M204 S1800
M205 X8 Y8
G1 F1200 X92.457 Y197.675 E2086.34903
M204 S3000
M205 X10 Y10
G0 F6000 X92.62 Y198.403
M204 S1800
M205 X8 Y8
G1 F1200 X109.079 Y214.862 E2087.12321
M204 S3000
M205 X10 Y10
G0 F6000 X108.874 Y215.223
M204 S1800
M205 X8 Y8
G1 F1200 X92.696 Y199.045 E2087.88418
M204 S3000
M205 X10 Y10
G0 F6000 X92.756 Y199.671
M204 S1800
M205 X8 Y8
G1 F1200 X108.656 Y215.57 E2088.63204
M204 S3000
M205 X10 Y10
G0 F6000 X108.427 Y215.907
M204 S1800
M205 X8 Y8
G1 F1200 X92.77 Y200.251 E2089.36847
M204 S3000
M205 X10 Y10
G0 F6000 X92.718 Y200.764
M204 S1800
M205 X8 Y8
G1 F1200 X108.198 Y216.244 E2090.09661
M204 S3000
M205 X10 Y10
G0 F6000 X107.969 Y216.581
M204 S1800
M205 X8 Y8
G1 F1200 X92.657 Y201.269 E2090.81684
M204 S3000
M205 X10 Y10
G0 F6000 X92.594 Y201.772
M204 S1800
M205 X8 Y8
G1 F1200 X107.74 Y216.917 E2091.52923
M204 S3000
M205 X10 Y10
G0 F6000 X107.511 Y217.254
M204 S1800
M205 X8 Y8
G1 F1200 X92.494 Y202.237 E2092.23559
M204 S3000
M205 X10 Y10
G0 F6000 X92.348 Y202.657
M204 S1800
M205 X8 Y8
G1 F1200 X107.277 Y217.585 E2092.93778
M204 S3000
M205 X10 Y10
G0 F6000 X107.041 Y217.915
M204 S1800
M205 X8 Y8
G1 F1200 X92.203 Y203.078 E2093.63569
M204 S3000
M205 X10 Y10
G0 F6000 X92.058 Y203.498
M204 S1800
M205 X8 Y8
G1 F1200 X106.786 Y218.226 E2094.32845
M204 S3000
M205 X10 Y10
G0 F6000 X106.526 Y218.532
M204 S1800
M205 X8 Y8
G1 F1200 X91.904 Y203.91 E2095.01622
M204 S3000
M205 X10 Y10
G0 F6000 X91.696 Y204.267
M204 S1800
M205 X8 Y8
G1 F1200 X106.265 Y218.836 E2095.7015
M204 S3000
M205 X10 Y10
G0 F6000 X106.005 Y219.142
M204 S1800
M205 X8 Y8
G1 F1200 X91.48 Y204.617 E2096.38472
M204 S3000
M205 X10 Y10
G0 F6000 X91.26 Y204.963
M204 S1800
M205 X8 Y8
G1 F1200 X105.744 Y219.447 E2097.066
M204 S3000
M205 X10 Y10
G0 F6000 X105.484 Y219.753
M204 S1800
M205 X8 Y8
G1 F1200 X91.037 Y205.305 E2097.74556
M204 S3000
M205 X10 Y10
G0 F6000 X90.813 Y205.647
M204 S1800
M205 X8 Y8
G1 F1200 X105.216 Y220.05 E2098.42304
M204 S3000
M205 X10 Y10
G0 F6000 X104.949 Y220.349
M204 S1800
M205 X8 Y8
G1 F1200 X90.542 Y205.942 E2099.1007
M204 S3000
M205 X10 Y10
G0 F6000 X90.26 Y206.226
M204 S1800
M205 X8 Y8
G1 F1200 X104.66 Y220.626 E2099.77803
M204 S3000
M205 X10 Y10
G0 F6000 X104.369 Y220.9
M204 S1800
M205 X8 Y8
G1 F1200 X89.976 Y206.507 E2100.45503
M204 S3000
M205 X10 Y10
G0 F6000 X89.688 Y206.784
M204 S1800
M205 X8 Y8
G1 F1200 X104.078 Y221.175 E2101.13192
M204 S3000
M205 X10 Y10
G0 F6000 X103.787 Y221.449
M204 S1800
M205 X8 Y8
G1 F1200 X89.399 Y207.062 E2101.80866
M204 S3000
M205 X10 Y10
G0 F6000 X89.073 Y207.301
M204 S1800
M205 X8 Y8
G1 F1200 X103.495 Y221.723 E2102.48703
M204 S3000
M205 X10 Y10
G0 F6000 X103.204 Y221.998
M204 S1800
M205 X8 Y8
G1 F1200 X88.725 Y207.519 E2103.16808
M204 S3000
M205 X10 Y10
G0 F6000 X88.377 Y207.737
M204 S1800
M205 X8 Y8
G1 F1200 X102.907 Y222.266 E2103.8515
M204 S3000
M205 X10 Y10
G0 F6000 X102.608 Y222.533
M204 S1800
M205 X8 Y8
G1 F1200 X88.024 Y207.95 E2104.53746
M204 S3000
M205 X10 Y10
G0 F6000 X87.664 Y208.155
M204 S1800
M205 X8 Y8
G1 F1200 X98.632 Y219.123 E2105.05336
G1 X98.702 Y219.193
M204 S3000
M205 X10 Y10
G0 F6000 X97.686 Y218.742
M204 S1800
M205 X8 Y8
G1 F1200 X87.268 Y208.324 E2105.54339
M204 S3000
M205 X10 Y10
G0 F6000 X86.849 Y208.472
M204 S1800
M205 X8 Y8
G1 F1200 X97.018 Y218.64 E2106.02169
M204 S3000
M205 X10 Y10
G0 F6000 X96.434 Y218.622
M204 S1800
M205 X8 Y8
G1 F1200 X86.431 Y208.619 E2106.4922
M204 S3000
M205 X10 Y10
G0 F6000 X86.006 Y208.759
M204 S1800
M205 X8 Y8
G1 F1200 X95.936 Y218.69 E2106.9593
M204 S3000
M205 X10 Y10
G0 F6000 X95.511 Y218.83
M204 S1800
M205 X8 Y8
G1 F1200 X85.556 Y208.875 E2107.42755
M204 S3000
M205 X10 Y10
G0 F6000 X85.052 Y208.937
M204 S1800
M205 X8 Y8
G1 F1200 X95.086 Y218.971 E2107.89952
M204 S3000
M205 X10 Y10
G0 F6000 X94.712 Y219.162
M204 S1800
M205 X8 Y8
G1 F1200 X84.543 Y208.993 E2108.37784
M204 S3000
M205 X10 Y10
G0 F6000 X84.025 Y209.041
M204 S1800
M205 X8 Y8
G1 F1200 X94.364 Y219.38 E2108.86415
M204 S3000
M205 X10 Y10
G0 F6000 X94.084 Y219.666
M204 S1800
M205 X8 Y8
G1 F1200 X83.478 Y209.061 E2109.36301
M204 S3000
M205 X10 Y10
G0 F6000 X82.843 Y208.991
M204 S1800
M205 X8 Y8
G1 F1200 X93.804 Y219.952 E2109.87858
M204 S3000
M205 X10 Y10
G0 F6000 X93.536 Y220.249
M204 S1800
M205 X8 Y8
G1 F1200 X82.206 Y208.92 E2110.41148
M204 S3000
M205 X10 Y10
G0 F6000 X81.518 Y208.798
M204 S1800
M205 X8 Y8
G1 F1200 X93.301 Y220.58 E2110.96569
M204 S3000
M205 X10 Y10
G0 F6000 X93.123 Y220.968
M204 S1800
M205 X8 Y8
G1 F1200 X80.651 Y208.496 E2111.55234
G1 X80.581 Y208.426
M204 S3000
M205 X10 Y10
G0 F6000 X79.763 Y208.174
M204 S1800
M205 X8 Y8
G1 F1200 X92.997 Y221.408 E2112.17483
M204 S3000
M205 X10 Y10
G0 F6000 X92.874 Y221.85
M204 S1800
M205 X8 Y8
G1 F1200 X78.243 Y207.219 E2112.86302
G1 X78.173 Y207.149
M204 S3000
M205 X10 Y10
G0 F6000 X76.478 Y205.454
M204 S1800
M205 X8 Y8
G1 F1200 X57.589 Y186.565 E2113.7515
M204 S3000
M205 X10 Y10
G0 F6000 X57.784 Y186.195
M204 S1800
M205 X8 Y8
G1 F1200 X75.557 Y203.968 E2114.58749
G1 X75.627 Y204.038
M204 S3000
M205 X10 Y10
G0 F6000 X75.214 Y203.059
M204 S1800
M205 X8 Y8
G1 F1200 X57.979 Y185.824 E2115.39817
M204 S3000
M205 X10 Y10
G0 F6000 X58.175 Y185.455
M204 S1800
M205 X8 Y8
G1 F1200 X74.939 Y202.219 E2116.1867
M204 S3000
M205 X10 Y10
G0 F6000 X74.795 Y201.509
M204 S1800
M205 X8 Y8
G1 F1200 X58.37 Y185.084 E2116.95928
M204 S3000
M205 X10 Y10
G0 F6000 X58.58 Y184.728
M204 S1800
M205 X8 Y8
G1 F1200 X74.721 Y200.869 E2117.7185
M204 S3000
M205 X10 Y10
G0 F6000 X74.659 Y200.242
M204 S1800
M205 X8 Y8
G1 F1200 X58.808 Y184.39 E2118.46411
M204 S3000
M205 X10 Y10
G0 F6000 X59.037 Y184.053
M204 S1800
M205 X8 Y8
G1 F1200 X74.665 Y199.682 E2119.19923
M204 S3000
M205 X10 Y10
G0 F6000 X74.719 Y199.17
M204 S1800
M205 X8 Y8
G1 F1200 X59.264 Y183.715 E2119.92618
M204 S3000
M205 X10 Y10
G0 F6000 X59.492 Y183.377
M204 S1800
M205 X8 Y8
G1 F1200 X74.78 Y198.665 E2120.64528
M204 S3000
M205 X10 Y10
G0 F6000 X74.849 Y198.168
M204 S1800
M205 X8 Y8
G1 F1200 X59.72 Y183.039 E2121.35691
M204 S3000
M205 X10 Y10
G0 F6000 X59.948 Y182.702
M204 S1800
M205 X8 Y8
G1 F1200 X74.949 Y197.703 E2122.06251
M204 S3000
M205 X10 Y10
G0 F6000 X75.094 Y197.282
M204 S1800
M205 X8 Y8
G1 F1200 X60.176 Y182.364 E2122.7642
M204 S3000
M205 X10 Y10
G0 F6000 X60.424 Y182.046
M204 S1800
M205 X8 Y8
G1 F1200 X75.243 Y196.865 E2123.46124
M204 S3000
M205 X10 Y10
G0 F6000 X75.394 Y196.451
M204 S1800
M205 X8 Y8
G1 F1200 X60.683 Y181.74 E2124.1532
M204 S3000
M205 X10 Y10
G0 F6000 X60.943 Y181.434
M204 S1800
M205 X8 Y8
G1 F1200 X75.545 Y196.036 E2124.84004
M204 S3000
M205 X10 Y10
G0 F6000 X75.76 Y195.685
M204 S1800
M205 X8 Y8
G1 F1200 X61.202 Y181.127 E2125.5248
M204 S3000
M205 X10 Y10
G0 F6000 X61.461 Y180.821
M204 S1800
M205 X8 Y8
G1 F1200 X75.976 Y195.336 E2126.20754
M204 S3000
M205 X10 Y10
G0 F6000 X76.196 Y194.99
M204 S1800
M205 X8 Y8
G1 F1200 X61.721 Y180.515 E2126.8884
M204 S3000
M205 X10 Y10
G0 F6000 X61.98 Y180.208
M204 S1800
M205 X8 Y8
G1 F1200 X76.417 Y194.645 E2127.56747
M204 S3000
M205 X10 Y10
G0 F6000 X76.643 Y194.305
M204 S1800
M205 X8 Y8
G1 F1200 X62.239 Y179.902 E2128.24497
M204 S3000
M205 X10 Y10
G0 F6000 X62.522 Y179.619
M204 S1800
M205 X8 Y8
G1 F1200 X76.923 Y194.02 E2128.92235
M204 S3000
M205 X10 Y10
G0 F6000 X77.203 Y193.734
M204 S1800
M205 X8 Y8
G1 F1200 X62.812 Y179.343 E2129.59926
M204 S3000
M205 X10 Y10
G0 F6000 X63.102 Y179.067
M204 S1800
M205 X8 Y8
G1 F1200 X77.487 Y193.453 E2130.27591
M204 S3000
M205 X10 Y10
G0 F6000 X77.773 Y193.173
M204 S1800
M205 X8 Y8
G1 F1200 X63.392 Y178.791 E2130.95237
M204 S3000
M205 X10 Y10
G0 F6000 X63.682 Y178.516
M204 S1800
M205 X8 Y8
G1 F1200 X78.059 Y192.893 E2131.62862
M204 S3000
M205 X10 Y10
G0 F6000 X78.403 Y192.672
M204 S1800
M205 X8 Y8
G1 F1200 X63.971 Y178.24 E2132.30746
M204 S3000
M205 X10 Y10
G0 F6000 X64.262 Y177.965
M204 S1800
M205 X8 Y8
G1 F1200 X78.75 Y192.453 E2132.98893
M204 S3000
M205 X10 Y10
G0 F6000 X79.096 Y192.233
M204 S1800
M205 X8 Y8
G1 F1200 X64.552 Y177.689 E2133.67303
M204 S3000
M205 X10 Y10
G0 F6000 X64.866 Y177.437
M204 S1800
M205 X8 Y8
G1 F1200 X79.442 Y192.014 E2134.35867
M204 S3000
M205 X10 Y10
G0 F6000 X79.802 Y191.808
M204 S1800
M205 X8 Y8
G1 F1200 X65.186 Y177.192 E2135.04616
M204 S3000
M205 X10 Y10
G0 F6000 X65.507 Y176.947
M204 S1800
M205 X8 Y8
G1 F1200 X80.219 Y191.659 E2135.73817
M204 S3000
M205 X10 Y10
G0 F6000 X80.636 Y191.51
M204 S1800
M205 X8 Y8
G1 F1200 X65.827 Y176.701 E2136.43474
M204 S3000
M205 X10 Y10
G0 F6000 X66.147 Y176.456
M204 S1800
M205 X8 Y8
G1 F1200 X81.053 Y191.362 E2137.13587
M204 S3000
M205 X10 Y10
G0 F6000 X81.47 Y191.213
M204 S1800
M205 X8 Y8
G1 F1200 X66.468 Y176.211 E2137.84152
M204 S3000
M205 X10 Y10
G0 F6000 X66.789 Y175.967
M204 S1800
M205 X8 Y8
G1 F1200 X81.94 Y191.117 E2138.55415
M204 S3000
M205 X10 Y10
G0 F6000 X82.445 Y191.057
M204 S1800
M205 X8 Y8
G1 F1200 X67.124 Y175.736 E2139.2748
M204 S3000
M205 X10 Y10
G0 F6000 X67.46 Y175.506
M204 S1800
M205 X8 Y8
G1 F1200 X82.951 Y190.997 E2140.00345
M204 S3000
M205 X10 Y10
G0 F6000 X83.456 Y190.937
M204 S1800
M205 X8 Y8
G1 F1200 X67.805 Y175.286 E2140.73963
M204 S3000
M205 X10 Y10
G0 F6000 X68.156 Y175.071
M204 S1800
M205 X8 Y8
G1 F1200 X84.034 Y190.949 E2141.48648
M204 S3000
M205 X10 Y10
G0 F6000 X84.666 Y191.015
M204 S1800
M205 X8 Y8
G1 F1200 X68.51 Y174.859 E2142.24641
M204 S3000
M205 X10 Y10
G0 F6000 X68.863 Y174.646
M204 S1800
M205 X8 Y8
G1 F1200 X85.314 Y191.097 E2143.02021
M204 S3000
M205 X10 Y10
G0 F6000 X86.019 Y191.237
M204 S1800
M205 X8 Y8
G1 F1200 X69.217 Y174.434 E2143.81055
M204 S3000
M205 X10 Y10
G0 F6000 X69.57 Y174.222
M204 S1800
M205 X8 Y8
G1 F1200 X86.891 Y191.543 E2144.62528
G1 X86.961 Y191.613
M204 S3000
M205 X10 Y10
G0 F6000 X87.853 Y191.939
M204 S1800
M205 X8 Y8
G1 F1200 X69.932 Y174.018 E2145.46823
G1 X69.862 Y173.948
M204 S3000
M205 X10 Y10
G0 F6000 X85.205 Y170.624
M204 S1800
M205 X8 Y8
G1 F1200 X92.935 Y178.354 E2145.83182
M204 S3000
M205 X10 Y10
G0 F6000 X92.803 Y177.656
M204 S1800
M205 X8 Y8
G1 F1200 X85.827 Y170.68 E2146.15995
M204 S3000
M205 X10 Y10
G0 F6000 X86.454 Y170.741
M204 S1800
M205 X8 Y8
G1 F1200 X92.826 Y177.113 E2146.45967
M204 S3000
M205 X10 Y10
G0 F6000 X92.925 Y176.646
M204 S1800
M205 X8 Y8
G1 F1200 X87.089 Y170.81 E2146.73418
M204 S3000
M205 X10 Y10
G0 F6000 X87.724 Y170.88
M204 S1800
M205 X8 Y8
G1 F1200 X93.055 Y176.211 E2146.98493
M204 S3000
M205 X10 Y10
G0 F6000 X93.186 Y175.776
M204 S1800
M205 X8 Y8
G1 F1200 X88.366 Y170.956 E2147.21165
M204 S3000
M205 X10 Y10
G0 F6000 X89.077 Y171.101
M204 S1800
M205 X8 Y8
G1 F1200 X93.397 Y175.421 E2147.41485
M204 S3000
M205 X10 Y10
G0 F6000 X93.635 Y175.094
M204 S1800
M205 X8 Y8
G1 F1200 X89.791 Y171.249 E2147.59568
M204 S3000
M205 X10 Y10
G0 F6000 X90.514 Y171.407
M204 S1800
M205 X8 Y8
G1 F1200 X93.91 Y174.803 E2147.75542
M204 S3000
M205 X10 Y10
G0 F6000 X94.185 Y174.512
M204 S1800
M205 X8 Y8
G1 F1200 X91.237 Y171.565 E2147.89406
G1 X91.167 Y171.495
M204 S3000
M205 X10 Y10
G0 F6000 X92.046 Y171.808
M204 S1800
M205 X8 Y8
G1 F1200 X94.489 Y174.251 E2148.00897
M204 S3000
M205 X10 Y10
G0 F6000 X94.854 Y174.05
M204 S1800
M205 X8 Y8
G1 F1200 X92.888 Y172.084 E2148.10145
G1 X92.818 Y172.014
M204 S3000
M205 X10 Y10
G0 F6000 X93.743 Y172.374
M204 S1800
M205 X8 Y8
G1 F1200 X95.25 Y173.881 E2148.17233
M204 S3000
M205 X10 Y10
G0 F6000 X95.674 Y173.738
M204 S1800
M205 X8 Y8
G1 F1200 X94.625 Y172.689 E2148.22167
G1 X94.555 Y172.619
M204 S3000
M205 X10 Y10
G0 F6000 X95.648 Y173.147
M204 S1800
M205 X8 Y8
G1 F1200 X96.121 Y173.62 E2148.24392
M204 S3000
M205 X10 Y10
G0 F6000 X98.696 Y175.256
G0 X113.576 Y194.469
G0 X124.076 Y203.271
M204 S1800
M205 X8 Y8
G1 F1200 X125.336 Y204.532 E2148.30321
M204 S3000
M205 X10 Y10
G0 F6000 X125.901 Y204.532
M204 S1800
M205 X8 Y8
G1 F1200 X125.109 Y203.74 E2148.34047
M204 S3000
M205 X10 Y10
G0 F6000 X125.833 Y203.897
M204 S1800
M205 X8 Y8
G1 F1200 X126.466 Y204.531 E2148.37026
M204 S3000
M205 X10 Y10
G0 F6000 X127.031 Y204.53
M204 S1800
M205 X8 Y8
G1 F1200 X126.395 Y203.894 E2148.40018
M204 S3000
M205 X10 Y10
G0 F6000 X126.903 Y203.836
M204 S1800
M205 X8 Y8
G1 F1200 X127.596 Y204.529 E2148.43278
M204 S3000
M205 X10 Y10
G0 F6000 X128.134 Y204.501
M204 S1800
M205 X8 Y8
G1 F1200 X127.365 Y203.733 E2148.46892
M204 S3000
M205 X10 Y10
G0 F6000 X127.782 Y203.584
M204 S1800
M205 X8 Y8
G1 F1200 X128.134 Y203.935 E2148.48546
M204 S3000
M205 X10 Y10
G0 F6000 X113.565 Y205.442
G0 X102.291 Y222.782
M204 S1800
M205 X8 Y8
G1 F1200 X100.077 Y220.568 E2148.5896
G1 X100.007 Y220.498
M204 S3000
M205 X10 Y10
G0 F6000 X100.513 Y221.569
M204 S1800
M205 X8 Y8
G1 F1200 X101.969 Y223.026 E2148.65811
M204 S3000
M205 X10 Y10
G0 F6000 X101.648 Y223.27
M204 S1800
M205 X8 Y8
G1 F1200 X100.605 Y222.228 E2148.70714
M204 S3000
M205 X10 Y10
G0 F6000 X100.599 Y222.787
M204 S1800
M205 X8 Y8
G1 F1200 X101.326 Y223.514 E2148.74134
M204 S3000
M205 X10 Y10
G0 F6000 X101.005 Y223.758
M204 S1800
M205 X8 Y8
G1 F1200 X100.528 Y223.282 E2148.76375
M204 S3000
M205 X10 Y10
G0 F6000 X100.421 Y223.741
M204 S1800
M205 X8 Y8
G1 F1200 X100.681 Y224 E2148.77596
M204 S3000
M205 X10 Y10
G0 F6000 X100.353 Y224.238
M204 S1800
M205 X8 Y8
G1 F1200 X100.252 Y224.138 E2148.78068
M204 S3000
M205 X10 Y10
G0 F6000 X96.394 Y226.502
M204 S1800
M205 X8 Y8
G1 F1200 X96.293 Y226.401 E2148.78544
M204 S3000
M205 X10 Y10
G0 F6000 X96.008 Y226.682
M204 S1800
M205 X8 Y8
G1 F1200 X95.541 Y226.214 E2148.80743
M204 S3000
M205 X10 Y10
G0 F6000 X95.622 Y226.861
M204 S1800
M205 X8 Y8
G1 F1200 X94.538 Y225.777 E2148.85841
G1 X94.468 Y225.707
M204 S3000
M205 X10 Y10
G0 F6000 X93.674 Y224.913
M204 S1800
M205 X8 Y8
G1 F1200 X56.841 Y188.08 E2150.59092
M204 S3000
M205 X10 Y10
G0 F6000 X57.003 Y187.676
M204 S1800
M205 X8 Y8
G1 F1200 X93.005 Y223.678 E2152.28435
M204 S3000
M205 X10 Y10
G0 F6000 X92.857 Y222.964
M204 S1800
M205 X8 Y8
G1 F1200 X57.198 Y187.306 E2153.96162
M204 S3000
M205 X10 Y10
G0 F6000 X57.394 Y186.936
M204 S1800
M205 X8 Y8
G1 F1200 X92.804 Y222.346 E2155.62719
G1 X92.874 Y222.416
M204 S3000
M205 X10 Y10
G0 F6000 X94.837 Y227.208
M204 S1800
M205 X8 Y8
G1 F1200 X56.519 Y188.89 E2157.42955
M204 S3000
M205 X10 Y10
G0 F6000 X56.359 Y189.295
M204 S1800
M205 X8 Y8
G1 F1200 X94.441 Y227.377 E2159.22081
M204 S3000
M205 X10 Y10
G0 F6000 X94.026 Y227.527
M204 S1800
M205 X8 Y8
G1 F1200 X56.198 Y189.699 E2161.00013
M204 S3000
M205 X10 Y10
G0 F6000 X56.037 Y190.104
M204 S1800
M205 X8 Y8
G1 F1200 X93.603 Y227.67 E2162.76712
M204 S3000
M205 X10 Y10
G0 F6000 X93.181 Y227.814
M204 S1800
M205 X8 Y8
G1 F1200 X55.876 Y190.509 E2164.52183
M204 S3000
M205 X10 Y10
G0 F6000 X55.739 Y190.937
M204 S1800
M205 X8 Y8
G1 F1200 X92.758 Y227.957 E2166.26311
M204 S3000
M205 X10 Y10
G0 F6000 X92.336 Y228.1
M204 S1800
M205 X8 Y8
G1 F1200 X55.617 Y191.381 E2167.99026
M204 S3000
M205 X10 Y10
G0 F6000 X55.495 Y191.825
M204 S1800
M205 X8 Y8
G1 F1200 X91.905 Y228.235 E2169.70288
M204 S3000
M205 X10 Y10
G0 F6000 X91.474 Y228.37
M204 S1800
M205 X8 Y8
G1 F1200 X60.993 Y197.889 E2171.13661
G1 X60.923 Y197.819
M204 S3000
M205 X10 Y10
G0 F6000 X61.475 Y198.937
M204 S1800
M205 X8 Y8
G1 F1200 X91.014 Y228.476 E2172.52603
M204 S3000
M205 X10 Y10
G0 F6000 X90.55 Y228.577
M204 S1800
M205 X8 Y8
G1 F1200 X61.584 Y199.611 E2173.88851
M204 S3000
M205 X10 Y10
G0 F6000 X61.593 Y200.186
M204 S1800
M205 X8 Y8
G1 F1200 X90.086 Y228.679 E2175.22873
M204 S3000
M205 X10 Y10
G0 F6000 X89.622 Y228.781
M204 S1800
M205 X8 Y8
G1 F1200 X61.555 Y200.714 E2176.54892
M204 S3000
M205 X10 Y10
G0 F6000 X61.432 Y201.157
M204 S1800
M205 X8 Y8
G1 F1200 X89.159 Y228.883 E2177.85309
M204 S3000
M205 X10 Y10
G0 F6000 X88.688 Y228.978
M204 S1800
M205 X8 Y8
G1 F1200 X61.279 Y201.569 E2179.14232
M204 S3000
M205 X10 Y10
G0 F6000 X61.074 Y201.93
M204 S1800
M205 X8 Y8
G1 F1200 X88.208 Y229.064 E2180.41862
M204 S3000
M205 X10 Y10
G0 F6000 X87.698 Y229.119
M204 S1800
M205 X8 Y8
G1 F1200 X60.87 Y202.291 E2181.68053
M204 S3000
M205 X10 Y10
G0 F6000 X60.637 Y202.624
M204 S1800
M205 X8 Y8
G1 F1200 X87.187 Y229.174 E2182.92936
M204 S3000
M205 X10 Y10
G0 F6000 X86.677 Y229.229
M204 S1800
M205 X8 Y8
G1 F1200 X60.336 Y202.889 E2184.16833
M204 S3000
M205 X10 Y10
G0 F6000 X60.01 Y203.128
M204 S1800
M205 X8 Y8
G1 F1200 X86.166 Y229.285 E2185.39866
M204 S3000
M205 X10 Y10
G0 F6000 X85.65 Y229.334
M204 S1800
M205 X8 Y8
G1 F1200 X59.66 Y203.344 E2186.62115
M204 S3000
M205 X10 Y10
G0 F6000 X59.309 Y203.559
M204 S1800
M205 X8 Y8
G1 F1200 X85.129 Y229.379 E2187.83564
M204 S3000
M205 X10 Y10
G0 F6000 X84.563 Y229.379
M204 S1800
M205 X8 Y8
G1 F1200 X58.909 Y203.724 E2189.04235
M204 S3000
M205 X10 Y10
G0 F6000 X58.448 Y203.829
M204 S1800
M205 X8 Y8
G1 F1200 X83.997 Y229.379 E2190.24412
M204 S3000
M205 X10 Y10
G0 F6000 X83.431 Y229.378
M204 S1800
M205 X8 Y8
G1 F1200 X57.916 Y203.863 E2191.44427
M204 S3000
M205 X10 Y10
G0 F6000 X57.383 Y203.896
M204 S1800
M205 X8 Y8
G1 F1200 X82.865 Y229.378 E2192.64286
M204 S3000
M205 X10 Y10
G0 F6000 X82.292 Y229.37
M204 S1800
M205 X8 Y8
G1 F1200 X56.687 Y203.765 E2193.84724
G1 X56.617 Y203.695
M204 S3000
M205 X10 Y10
G0 F6000 X55.722 Y203.366
M204 S1800
M205 X8 Y8
G1 F1200 X81.689 Y229.333 E2195.06865
M204 S3000
M205 X10 Y10
G0 F6000 X81.051 Y229.26
M204 S1800
M205 X8 Y8
G1 F1200 X54.442 Y202.651 E2196.32026
M204 S3000
M205 X10 Y10
G0 F6000 X54.486 Y203.262
M204 S1800
M205 X8 Y8
G1 F1200 X80.412 Y229.188 E2197.53974
M204 S3000
M205 X10 Y10
G0 F6000 X79.774 Y229.115
M204 S1800
M205 X8 Y8
G1 F1200 X54.597 Y203.938 E2198.72398
M204 S3000
M205 X10 Y10
G0 F6000 X54.706 Y204.613
M204 S1800
M205 X8 Y8
G1 F1200 X79.135 Y229.042 E2199.87305
M204 S3000
M205 X10 Y10
G0 F6000 X78.452 Y228.924
M204 S1800
M205 X8 Y8
G1 F1200 X54.816 Y205.288 E2200.98481
M204 S3000
M205 X10 Y10
G0 F6000 X54.926 Y205.964
M204 S1800
M205 X8 Y8
G1 F1200 X77.723 Y228.761 E2202.05712
M204 S3000
M205 X10 Y10
G0 F6000 X76.994 Y228.598
M204 S1800
M205 X8 Y8
G1 F1200 X55.089 Y206.693 E2203.08746
G1 X55.019 Y206.623
M204 S3000
M205 X10 Y10
G0 F6000 X55.306 Y207.475
M204 S1800
M205 X8 Y8
G1 F1200 X76.266 Y228.435 E2204.07335
G1 X76.336 Y228.505
M204 S3000
M205 X10 Y10
G0 F6000 X75.481 Y228.216
M204 S1800
M205 X8 Y8
G1 F1200 X55.522 Y208.257 E2205.01216
G1 X55.452 Y208.187
M204 S3000
M205 X10 Y10
G0 F6000 X55.738 Y209.039
M204 S1800
M205 X8 Y8
G1 F1200 X74.643 Y227.944 E2205.9014
G1 X74.713 Y228.014
M204 S3000
M205 X10 Y10
G0 F6000 X73.788 Y227.654
M204 S1800
M205 X8 Y8
G1 F1200 X56.05 Y209.917 E2206.73571
G1 X55.98 Y209.847
M204 S3000
M205 X10 Y10
G0 F6000 X56.421 Y210.853
M204 S1800
M205 X8 Y8
G1 F1200 X72.923 Y227.355 E2207.51192
G1 X72.993 Y227.425
M204 S3000
M205 X10 Y10
G0 F6000 X71.903 Y226.901
M204 S1800
M205 X8 Y8
G1 F1200 X56.792 Y211.79 E2208.22269
G1 X56.722 Y211.72
M204 S3000
M205 X10 Y10
G0 F6000 X57.279 Y212.842
M204 S1800
M205 X8 Y8
G1 F1200 X70.842 Y226.405 E2208.86066
G1 X70.912 Y226.475
M204 S3000
M205 X10 Y10
G0 F6000 X69.758 Y225.888
M204 S1800
M205 X8 Y8
G1 F1200 X57.911 Y214.04 E2209.41793
G1 X57.841 Y213.97
M204 S3000
M205 X10 Y10
G0 F6000 X58.598 Y215.293
M204 S1800
M205 X8 Y8
G1 F1200 X68.328 Y225.023 E2209.87559
G1 X68.398 Y225.093
M204 S3000
M205 X10 Y10
G0 F6000 X66.716 Y223.976
M204 S1800
M205 X8 Y8
G1 F1200 X59.769 Y217.03 E2210.20234
G1 X59.699 Y216.96
M204 S3000
M205 X10 Y10
G0 F6000 X62.072 Y219.898
M204 S1800
M205 X8 Y8
G1 F1200 X63.179 Y221.006 E2210.25443
G1 X63.249 Y221.076
M204 S3000
M205 X10 Y10
G0 F6000 X60.629 Y199.282
G0 X59.897 Y196.793
M204 S1800
M205 X8 Y8
G1 F1200 X55.373 Y192.269 E2210.46723
M204 S3000
M205 X10 Y10
G0 F6000 X55.251 Y192.712
M204 S1800
M205 X8 Y8
G1 F1200 X58.802 Y196.264 E2210.63428
M204 S3000
M205 X10 Y10
G0 F6000 X58.112 Y196.14
M204 S1800
M205 X8 Y8
G1 F1200 X55.129 Y193.156 E2210.77461
M204 S3000
M205 X10 Y10
G0 F6000 X55.007 Y193.6
M204 S1800
M205 X8 Y8
G1 F1200 X57.506 Y196.099 E2210.89216
M204 S3000
M205 X10 Y10
G0 F6000 X57 Y196.159
M204 S1800
M205 X8 Y8
G1 F1200 X54.918 Y194.076 E2210.99011
M204 S3000
M205 X10 Y10
G0 F6000 X54.838 Y194.563
M204 S1800
M205 X8 Y8
G1 F1200 X56.574 Y196.298 E2211.07174
M204 S3000
M205 X10 Y10
G0 F6000 X56.147 Y196.437
M204 S1800
M205 X8 Y8
G1 F1200 X54.759 Y195.049 E2211.13703
M204 S3000
M205 X10 Y10
G0 F6000 X54.679 Y195.535
M204 S1800
M205 X8 Y8
G1 F1200 X55.761 Y196.616 E2211.1879
M204 S3000
M205 X10 Y10
G0 F6000 X55.42 Y196.842
M204 S1800
M205 X8 Y8
G1 F1200 X54.599 Y196.021 E2211.22652
M204 S3000
M205 X10 Y10
G0 F6000 X54.52 Y196.507
M204 S1800
M205 X8 Y8
G1 F1200 X55.114 Y197.101 E2211.25446
M204 S3000
M205 X10 Y10
G0 F6000 X54.838 Y197.391
M204 S1800
M205 X8 Y8
G1 F1200 X54.462 Y197.015 E2211.27214
M204 S3000
M205 X10 Y10
G0 F6000 X54.432 Y197.55
M204 S1800
M205 X8 Y8
G1 F1200 X54.567 Y197.685 E2211.27849
M204 S3000
M205 X10 Y10
G0 F6000 X56.68 Y188.485
M204 S1800
M205 X8 Y8
G1 F1200 X95.234 Y227.039 E2213.09196
G1 X95.304 Y227.109
M204 S3000
M205 X10 Y10
;MESH:NONMESH
G0 F600 X95.304 Y227.109 Z2
G0 F6000 X93.926 Y223.578
G0 X93.732 Y222.624
G0 X93.66 Y177.57
G0 X94.067 Y177.521
;TIME_ELAPSED:2934.163827
;LAYER:9
M204 S1800
M205 X8 Y8
;TYPE:WALL-OUTER
;MESH:14_4_1.stl
G1 F3000 X94.112 Y177.08 E2213.1067
G1 X94.354 Y176.284 E2213.13437
G1 X94.594 Y175.921 E2213.14885
G1 X95.181 Y175.325 E2213.17667
G1 X95.579 Y175.11 E2213.19171
G1 X96.355 Y174.86 E2213.21883
G1 X96.798 Y174.852 E2213.23357
G1 X97.615 Y174.995 E2213.26115
G1 X98.394 Y175.457 E2213.29128
G1 X98.71 Y175.743 E2213.30545
G1 X98.931 Y176.07 E2213.31858
G1 X99.275 Y176.815 E2213.34587
G1 X99.335 Y177.249 E2213.36045
G1 X99.292 Y178.092 E2213.38852
G1 X99.151 Y178.482 E2213.40231
G1 X98.709 Y179.225 E2213.43107
G1 X98.394 Y179.51 E2213.4452
G1 X97.674 Y179.953 E2213.47331
G1 X97.262 Y180.057 E2213.48745
G1 X96.42 Y180.115 E2213.51552
G1 X95.907 Y179.976 E2213.5332
G1 X95.244 Y179.685 E2213.55728
G1 X94.905 Y179.396 E2213.57209
G1 X94.38 Y178.737 E2213.60012
G1 X94.224 Y178.343 E2213.61421
G1 X94.067 Y177.521 E2213.64205
M204 S3000
M205 X10 Y10
G0 F6000 X94.087 Y177.322
G0 X93.576 Y177.262
G0 X93.8 Y178.493
G0 X94.603 Y179.732
G0 X113.698 Y195.375
G0 X114.224 Y194.932
M204 S1800
M205 X8 Y8
G1 F3000 X114.082 Y194.853 E2213.64745
G1 X113.967 Y194.296 E2213.66637
G1 X113.829 Y193.591 E2213.69026
G1 X113.622 Y192.692 E2213.72094
G1 X113.091 Y190.781 E2213.78691
G1 X112.828 Y189.956 E2213.81571
G1 X111.885 Y187.595 E2213.90027
G1 X111.573 Y186.875 E2213.92637
G1 X110.382 Y184.63 E2214.0109
G1 X109.994 Y183.945 E2214.03708
G1 X108.57 Y181.844 E2214.1215
G1 X108.11 Y181.205 E2214.14769
G1 X106.466 Y179.268 E2214.23219
G1 X105.942 Y178.682 E2214.25833
G1 X104.073 Y176.913 E2214.34393
G1 X103.514 Y176.411 E2214.36891
G1 X101.478 Y174.864 E2214.45396
G1 X100.857 Y174.415 E2214.47945
G1 X98.668 Y173.099 E2214.5644
G1 X97.996 Y172.713 E2214.59018
G1 X95.787 Y171.692 E2214.67112
G1 X95.098 Y171.389 E2214.69615
G1 X94.166 Y171.061 E2214.72901
G1 X92.526 Y170.508 E2214.78658
G1 X91.8 Y170.28 E2214.81189
G1 X89.332 Y169.739 E2214.89592
G1 X88.56 Y169.585 E2214.9221
G1 X86.035 Y169.31 E2215.00658
G1 X85.252 Y169.24 E2215.03273
G1 X82.621 Y169.241 E2215.12024
G1 X81.927 Y169.253 E2215.14332
G1 X79.4 Y169.528 E2215.22787
G1 X78.624 Y169.625 E2215.25388
G1 X76.067 Y170.19 E2215.34098
G1 X75.389 Y170.35 E2215.36415
G1 X72.884 Y171.192 E2215.45204
G1 X72.229 Y171.424 E2215.47515
G1 X69.985 Y172.461 E2215.55737
G1 X69.21 Y172.83 E2215.58592
G1 X66.973 Y174.177 E2215.67277
G1 X66.367 Y174.551 E2215.69646
G1 X64.384 Y176.06 E2215.77934
G1 X63.723 Y176.571 E2215.80713
G1 X61.312 Y178.864 E2215.91779
G1 X59.161 Y181.404 E2216.0285
G1 X57.299 Y184.159 E2216.13909
G1 X55.746 Y187.1 E2216.24971
G1 X54.512 Y190.205 E2216.36084
G1 X53.63 Y193.397 E2216.47099
G1 X53.094 Y196.681 E2216.58166
G1 X52.915 Y200.002 E2216.69227
G1 X52.917 Y200.059 E2216.69417
G1 X53.095 Y203.32 E2216.80279
G1 X53.631 Y206.604 E2216.91347
G1 X54.515 Y209.796 E2217.02363
G1 X55.747 Y212.901 E2217.13473
G1 X57.3 Y215.842 E2217.24535
G1 X59.162 Y218.597 E2217.35595
G1 X61.313 Y221.137 E2217.46665
G1 X63.724 Y223.43 E2217.57732
G1 X64.391 Y223.946 E2217.60537
G1 X66.369 Y225.449 E2217.68799
G1 X67.1 Y225.9 E2217.71656
G1 X69.212 Y227.171 E2217.79855
G1 X69.988 Y227.541 E2217.82714
G1 X72.23 Y228.577 E2217.90928
G1 X72.97 Y228.838 E2217.93538
G1 X75.374 Y229.648 E2218.01976
G1 X76.212 Y229.843 E2218.04837
G1 X78.622 Y230.376 E2218.13047
G1 X79.487 Y230.482 E2218.15945
G1 X81.929 Y230.748 E2218.24115
G1 X82.808 Y230.761 E2218.27039
G1 X85.253 Y230.76 E2218.35171
G1 X86.122 Y230.681 E2218.38074
G1 X88.562 Y230.414 E2218.46238
G1 X89.389 Y230.247 E2218.49044
G1 X91.816 Y229.712 E2218.5731
G1 X92.562 Y229.479 E2218.59909
G1 X94.969 Y228.666 E2218.68359
G1 X95.708 Y228.344 E2218.7104
G1 X97.997 Y227.284 E2218.7943
G1 X98.665 Y226.905 E2218.81985
G1 X100.854 Y225.586 E2218.90485
G1 X101.476 Y225.135 E2218.9304
G1 X102.154 Y224.621 E2218.9587
G1 X103.515 Y223.586 E2219.01557
G1 X104.098 Y223.062 E2219.04164
G1 X105.943 Y221.314 E2219.12618
G1 X106.468 Y220.73 E2219.15229
G1 X108.114 Y218.791 E2219.23689
G1 X108.57 Y218.154 E2219.26295
G1 X109.997 Y216.051 E2219.34747
G1 X110.383 Y215.368 E2219.37357
G1 X111.574 Y213.123 E2219.45809
G1 X111.884 Y212.406 E2219.48407
G1 X112.124 Y211.751 E2219.50728
G1 X112.96 Y209.652 E2219.58242
G1 X113.254 Y208.632 E2219.61773
G1 X113.664 Y207.154 E2219.66874
G1 X114.051 Y205.304 E2219.73161
G1 X114.162 Y205.177 E2219.73722
G1 X114.257 Y205.161 E2219.74042
G1 X121.759 Y205.188 E2219.98994
G1 X129.514 Y205.143 E2220.24788
G1 X129.514 Y201.097 E2220.38245
G1 F2500 X129.434 Y200.603 E2220.40242
G1 F2185.8 X129.445 Y199.754 E2220.44118
G1 F2558.6 X129.514 Y199.122 E2220.46597
G1 F3000 X129.514 Y194.86 E2220.60773
G1 X128.38 Y194.842 E2220.64545
G1 X114.224 Y194.932 E2221.11629
M204 S3000
M205 X10 Y10
G0 F6000 X114.082 Y194.853
G0 X114.075 Y194.816
G0 X113.549 Y194.901
G0 X123.06 Y200.093
G0 X123.567 Y200.035
M204 S1800
M205 X8 Y8
G1 F3000 X123.595 Y199.678 E2221.1282
G1 X123.784 Y198.958 E2221.15296
G1 X123.985 Y198.579 E2221.16723
G1 X124.502 Y197.988 E2221.19334
G1 X124.873 Y197.719 E2221.20859
G1 X125.639 Y197.419 E2221.23595
G1 X126.134 Y197.356 E2221.25254
G1 X126.947 Y197.458 E2221.2798
G1 X127.405 Y197.64 E2221.29619
G1 X128.058 Y198.106 E2221.32287
G1 X128.336 Y198.424 E2221.33692
G1 X128.713 Y199.142 E2221.36389
G1 F2542.4 X128.903 Y199.702 E2221.3871
G1 F2173.9 X128.875 Y200.59 E2221.42788
G1 F2307.7 X128.575 Y201.125 E2221.4544
G1 F2727.3 X128.274 Y201.66 E2221.47686
G1 F3000 X128.011 Y201.936 E2221.48954
G1 X127.409 Y202.356 E2221.51395
G1 X126.854 Y202.561 E2221.53363
G1 X126.13 Y202.643 E2221.55787
G1 X125.553 Y202.553 E2221.57729
G1 X124.862 Y202.275 E2221.60206
G1 X124.552 Y202.057 E2221.61467
G1 X124.046 Y201.506 E2221.63955
G1 X123.837 Y201.172 E2221.65265
G1 X123.72 Y200.84 E2221.66436
G1 X123.567 Y200.035 E2221.69161
M204 S3000
M205 X10 Y10
G0 F6000 X123.582 Y199.836
G0 X123.072 Y199.788
G0 X113.722 Y204.718
G0 X94.604 Y220.269
G0 X93.966 Y221.075
G0 X93.561 Y222.614
G0 X94.067 Y222.555
M204 S1800
M205 X8 Y8
G1 F3000 X94.144 Y221.98 E2221.71091
G1 X94.305 Y221.442 E2221.72959
G1 X94.38 Y221.263 E2221.73604
G1 X94.594 Y220.954 E2221.74854
G1 X95.186 Y220.353 E2221.7766
G1 X95.579 Y220.143 E2221.79142
G1 X96.369 Y219.89 E2221.81901
G1 X96.798 Y219.886 E2221.83328
G1 X97.629 Y220.031 E2221.86134
G1 X98.012 Y220.228 E2221.87566
G1 X98.667 Y220.732 E2221.90315
G1 X98.926 Y221.094 E2221.91796
G1 X99.282 Y221.866 E2221.94623
G1 X99.335 Y222.282 E2221.96018
G1 X99.293 Y223.112 E2221.98782
G1 X99.152 Y223.515 E2222.00202
G1 X98.719 Y224.244 E2222.03022
G1 X98.393 Y224.544 E2222.04496
G1 X97.687 Y224.979 E2222.07254
G1 X97.262 Y225.091 E2222.08716
G1 X96.431 Y225.149 E2222.11486
G1 X95.995 Y225.048 E2222.12975
G1 X95.229 Y224.71 E2222.1576
G1 X94.905 Y224.429 E2222.17186
G1 X94.385 Y223.777 E2222.1996
G1 X94.224 Y223.376 E2222.21397
G1 X94.067 Y222.555 E2222.24177
M204 S3000
M205 X10 Y10
G0 F6000 X94.093 Y222.357
G0 X93.576 Y222.297
G0 X77.339 Y205.083
G0 X76.367 Y203.537
G0 X75.827 Y201.986
G0 X75.509 Y200.081
G0 X76.015 Y200.025
M204 S1800
M205 X8 Y8
G1 F3000 X76.091 Y199.297 E2222.26612
G1 X76.205 Y198.292 E2222.29976
G1 X76.382 Y197.779 E2222.31781
G1 X76.772 Y196.666 E2222.35703
G1 X77.276 Y195.858 E2222.38871
G1 X77.686 Y195.207 E2222.4143
G1 X77.908 Y194.982 E2222.42481
G1 X78.916 Y193.975 E2222.4722
G1 X80.364 Y193.067 E2222.52905
G1 X80.549 Y193 E2222.53559
G1 X82.002 Y192.492 E2222.58678
G1 X83.716 Y192.299 E2222.64415
G1 X85.418 Y192.491 E2222.70112
G1 X86.287 Y192.792 E2222.73171
G1 X87.041 Y193.056 E2222.75828
G1 X87.884 Y193.581 E2222.79131
G1 X88.512 Y193.976 E2222.81599
G1 X89.127 Y194.589 E2222.84487
G1 X89.737 Y195.202 E2222.87363
G1 X90.645 Y196.646 E2222.93036
G1 X90.661 Y196.682 E2222.93167
G1 X91.221 Y198.289 E2222.98828
G1 X91.414 Y199.987 E2223.04511
G1 X91.334 Y200.722 E2223.06971
G1 X91.224 Y201.701 E2223.10247
G1 X91.095 Y202.075 E2223.11563
G1 X90.654 Y203.335 E2223.16003
G1 X90.378 Y203.779 E2223.17742
G1 X89.741 Y204.792 E2223.21722
G1 X89.127 Y205.411 E2223.24622
G1 X88.521 Y206.016 E2223.2747
G1 X87.736 Y206.512 E2223.30558
G1 X87.054 Y206.938 E2223.33233
G1 X85.425 Y207.508 E2223.38973
G1 X83.72 Y207.7 E2223.4468
G1 X83.691 Y207.699 E2223.44776
G1 X82.002 Y207.508 E2223.5043
G1 X80.393 Y206.946 E2223.56098
G1 X80.353 Y206.927 E2223.56246
G1 X78.917 Y206.025 E2223.61886
G1 X78.896 Y206.007 E2223.61978
G1 X77.695 Y204.804 E2223.67632
G1 X77.277 Y204.143 E2223.70233
G1 X76.775 Y203.342 E2223.73377
G1 X76.205 Y201.71 E2223.79126
G1 X76.015 Y200.025 E2223.84766
M204 S3000
M205 X10 Y10
G0 F6000 X76.035 Y199.826
G0 X75.526 Y199.768
G0 X57.801 Y203.081
G0 X56.358 Y202.769
G0 X55.227 Y201.822
G0 X54.561 Y200.097
G0 X55.067 Y200.038
M204 S1800
M205 X8 Y8
G1 F3000 X55.064 Y200.011 E2223.84857
G1 X55.109 Y199.608 E2223.86205
G1 X55.235 Y199.104 E2223.87933
G1 X55.38 Y198.746 E2223.89218
G1 X55.594 Y198.437 E2223.90468
G1 X56.182 Y197.842 E2223.9325
G1 X56.579 Y197.627 E2223.94752
G1 X57.355 Y197.377 E2223.97464
G1 X57.798 Y197.369 E2223.98937
G1 X58.625 Y197.514 E2224.0173
G1 X59.394 Y197.974 E2224.0471
G1 X59.71 Y198.26 E2224.06128
G1 X59.926 Y198.577 E2224.07404
G1 X60.282 Y199.349 E2224.10231
G1 X60.335 Y199.765 E2224.11626
G1 X60.293 Y200.597 E2224.14397
G1 X60.151 Y200.999 E2224.15815
G1 X59.712 Y201.737 E2224.18671
G1 X59.393 Y202.027 E2224.20105
G1 X58.672 Y202.47 E2224.22919
G1 X58.262 Y202.574 E2224.24326
G1 X57.431 Y202.632 E2224.27097
G1 X56.995 Y202.531 E2224.28585
G1 X56.243 Y202.201 E2224.31317
G1 X55.907 Y201.915 E2224.32784
G1 X55.389 Y201.266 E2224.35546
G1 X55.224 Y200.86 E2224.37004
G1 X55.067 Y200.038 E2224.39787
M204 S3000
M205 X10 Y10
G0 F6000 X55.064 Y200.011
G0 X55.083 Y199.839
G0 X54.674 Y200.113
M204 S1800
M205 X8 Y8
;TYPE:WALL-INNER
G1 F3000 X54.664 Y200.033 E2224.40055
G1 X54.721 Y199.512 E2224.41798
G1 X54.862 Y198.958 E2224.437
G1 X55.049 Y198.521 E2224.45281
G1 X55.31 Y198.156 E2224.46773
G1 X55.898 Y197.561 E2224.49556
G1 X56.363 Y197.285 E2224.51354
G1 X57.232 Y196.996 E2224.544
G1 X57.761 Y196.967 E2224.56162
G1 X58.684 Y197.118 E2224.59273
G1 X58.894 Y197.198 E2224.6002
G1 X59.603 Y197.633 E2224.62787
G1 X59.986 Y197.966 E2224.64475
G1 X60.289 Y198.409 E2224.6626
G1 X60.638 Y199.164 E2224.69026
G1 X60.731 Y199.679 E2224.70767
G1 X60.698 Y200.527 E2224.7359
G1 X60.657 Y200.79 E2224.74475
G1 X60.495 Y201.203 E2224.7595
G1 X60.044 Y201.961 E2224.78884
G1 X59.649 Y202.336 E2224.80696
G1 X59.175 Y202.631 E2224.82553
G1 X58.729 Y202.872 E2224.84239
G1 X58.29 Y202.973 E2224.85737
G1 X57.459 Y203.031 E2224.88508
G1 X56.93 Y202.93 E2224.90299
G1 X56.082 Y202.567 E2224.93367
G1 X55.669 Y202.243 E2224.95113
G1 X55.076 Y201.516 E2224.98233
G1 X54.862 Y201.042 E2224.99963
G1 X54.674 Y200.113 E2225.03115
M204 S3000
M205 X10 Y10
G0 F6000 X54.564 Y200.125
G0 X54.967 Y201.443
G0 X55.603 Y202.25
G0 X56.889 Y202.972
G0 X58.169 Y203.027
G0 X75.508 Y200.081
G0 X75.617 Y200.069
M204 S1800
M205 X8 Y8
G1 F3000 X75.693 Y199.253 E2225.05841
G1 X75.804 Y198.267 E2225.09141
G1 X76.004 Y197.647 E2225.11308
G1 X76.398 Y196.522 E2225.15273
G1 X76.937 Y195.645 E2225.18696
G1 X77.35 Y194.99 E2225.21272
G1 X77.625 Y194.699 E2225.22604
G1 X78.64 Y193.685 E2225.27375
G1 X78.985 Y193.46 E2225.28745
G1 X80.172 Y192.716 E2225.33405
G1 X80.417 Y192.622 E2225.34278
G1 X81.875 Y192.112 E2225.39415
G1 X81.985 Y192.091 E2225.39787
G1 X83.674 Y191.901 E2225.45441
G1 X84.697 Y192.006 E2225.48861
G1 X85.491 Y192.097 E2225.51519
G1 X86.419 Y192.414 E2225.54781
G1 X87.187 Y192.684 E2225.57488
G1 X88.096 Y193.242 E2225.61036
G1 X88.718 Y193.633 E2225.63479
G1 X89.41 Y194.307 E2225.66692
G1 X90.029 Y194.928 E2225.69609
G1 X90.522 Y195.697 E2225.72647
G1 X90.989 Y196.442 E2225.75571
G1 X91.039 Y196.55 E2225.75967
G1 X91.605 Y198.173 E2225.81684
G1 X91.716 Y199.096 E2225.84776
G1 X91.811 Y199.93 E2225.87568
G1 X91.732 Y200.767 E2225.90364
G1 X91.618 Y201.771 E2225.93725
G1 X91.473 Y202.207 E2225.95253
G1 X91.026 Y203.485 E2225.99756
G1 X90.717 Y203.992 E2226.01731
G1 X90.088 Y204.994 E2226.05666
G1 X89.41 Y205.693 E2226.08905
G1 X88.784 Y206.318 E2226.11847
G1 X87.948 Y206.851 E2226.15145
G1 X87.286 Y207.266 E2226.17743
G1 X86.089 Y207.7 E2226.21978
G1 X85.545 Y207.89 E2226.23895
G1 X84.689 Y207.994 E2226.26763
G1 X83.771 Y208.098 E2226.29836
G1 X83.646 Y208.097 E2226.30251
G1 X81.971 Y207.908 E2226.35858
G1 X81.847 Y207.879 E2226.36281
G1 X80.261 Y207.324 E2226.4187
G1 X80.141 Y207.266 E2226.42313
G1 X78.719 Y206.374 E2226.47896
G1 X78.613 Y206.29 E2226.48346
G1 X77.423 Y205.099 E2226.53946
G1 X76.938 Y204.356 E2226.56897
G1 X76.432 Y203.547 E2226.60071
G1 X76.152 Y202.773 E2226.62808
G1 X75.827 Y201.842 E2226.66088
G1 X75.716 Y200.944 E2226.69098
G1 X75.617 Y200.069 E2226.72027
M204 S3000
M205 X10 Y10
G0 F6000 X75.508 Y200.081
G0 X75.766 Y198.187
G0 X76.367 Y196.463
G0 X77.241 Y195.072
G0 X93.564 Y177.608
G0 X93.674 Y177.596
M204 S1800
M205 X8 Y8
G1 F3000 X93.708 Y177.069 E2226.73783
G1 X93.971 Y176.168 E2226.76905
G1 X94.24 Y175.724 E2226.78631
G1 X94.896 Y175.044 E2226.81774
G1 X95.363 Y174.768 E2226.83578
G1 X96.232 Y174.479 E2226.86624
G1 X96.761 Y174.45 E2226.88386
G1 X97.318 Y174.538 E2226.90262
G1 X97.839 Y174.651 E2226.92035
G1 X98.604 Y175.116 E2226.95013
G1 X99.039 Y175.515 E2226.96976
G1 X99.294 Y175.902 E2226.98517
G1 X99.638 Y176.647 E2227.01247
G1 X99.731 Y177.164 E2227.02994
G1 X99.693 Y178.098 E2227.06103
G1 X99.543 Y178.585 E2227.07798
G1 X99.062 Y179.415 E2227.10988
G1 X98.689 Y179.787 E2227.1274
G1 X97.899 Y180.285 E2227.15847
G1 X97.393 Y180.44 E2227.17607
G1 X96.459 Y180.514 E2227.20723
G1 X95.932 Y180.414 E2227.22507
G1 X95.083 Y180.051 E2227.25578
G1 X94.667 Y179.723 E2227.2734
G1 X94.076 Y178.999 E2227.30448
G1 X93.862 Y178.524 E2227.32181
G1 X93.674 Y177.596 E2227.35331
M204 S3000
M205 X10 Y10
G0 F6000 X93.564 Y177.608
G0 X93.967 Y178.926
G0 X94.603 Y179.732
G0 X113.698 Y195.375
G0 X114.245 Y195.332
M204 S1800
M205 X8 Y8
G1 F3000 X114.001 Y195.282 E2227.36159
G1 X113.785 Y195.122 E2227.37053
G1 X113.663 Y194.89 E2227.37925
G1 X113.572 Y194.361 E2227.3971
G1 X113.439 Y193.681 E2227.42015
G1 X113.234 Y192.79 E2227.45056
G1 X112.707 Y190.895 E2227.51598
G1 X112.451 Y190.091 E2227.54404
G1 X111.515 Y187.749 E2227.62793
G1 X111.212 Y187.049 E2227.65329
G1 X110.031 Y184.822 E2227.73714
G1 X109.654 Y184.156 E2227.76259
G1 X108.242 Y182.073 E2227.84629
G1 X107.794 Y181.451 E2227.87178
G1 X106.164 Y179.531 E2227.95555
G1 X105.655 Y178.961 E2227.98097
G1 X103.805 Y177.21 E2228.06569
G1 X103.259 Y176.719 E2228.09011
G1 X101.244 Y175.188 E2228.17428
G1 X100.636 Y174.749 E2228.19923
G1 X98.469 Y173.446 E2228.28333
G1 X97.812 Y173.069 E2228.30852
G1 X95.512 Y172.006 E2228.39279
G1 X94.826 Y171.706 E2228.4177
G1 X92.406 Y170.89 E2228.50264
G1 X91.697 Y170.667 E2228.52736
G1 X89.198 Y170.121 E2228.61244
G1 X88.499 Y169.981 E2228.63615
G1 X85.995 Y169.708 E2228.71993
G1 X85.234 Y169.64 E2228.74534
G1 X82.627 Y169.641 E2228.83205
G1 X81.952 Y169.653 E2228.8545
G1 X79.446 Y169.926 E2228.93834
G1 X78.692 Y170.019 E2228.96361
G1 X76.302 Y170.547 E2229.04502
G1 X75.499 Y170.735 E2229.07245
G1 X73.017 Y171.569 E2229.15954
G1 X72.38 Y171.795 E2229.18202
G1 X70.153 Y172.824 E2229.26361
G1 X69.4 Y173.183 E2229.29136
G1 X67.183 Y174.517 E2229.37742
G1 X66.594 Y174.881 E2229.40045
G1 X64.431 Y176.529 E2229.49089
G1 X63.984 Y176.875 E2229.50969
G1 X61.603 Y179.139 E2229.61897
G1 X59.48 Y181.646 E2229.72823
G1 X57.643 Y184.365 E2229.83737
G1 X56.11 Y187.268 E2229.94656
G1 X54.892 Y190.333 E2230.05626
G1 X54.022 Y193.483 E2230.16495
G1 X53.492 Y196.724 E2230.27418
G1 X53.318 Y199.967 E2230.3822
G1 X53.317 Y200.037 E2230.38452
G1 X53.493 Y203.277 E2230.49245
G1 X54.022 Y206.518 E2230.60167
G1 X54.895 Y209.668 E2230.71039
G1 X56.111 Y212.733 E2230.82006
G1 X57.644 Y215.636 E2230.92925
G1 X59.481 Y218.355 E2231.03839
G1 X61.605 Y220.862 E2231.14767
G1 X63.985 Y223.126 E2231.25693
G1 X64.633 Y223.628 E2231.28419
G1 X66.596 Y225.119 E2231.36618
G1 X67.306 Y225.557 E2231.39393
G1 X69.402 Y226.818 E2231.47528
G1 X70.156 Y227.178 E2231.50307
G1 X72.381 Y228.206 E2231.58459
G1 X73.1 Y228.46 E2231.60996
G1 X75.484 Y229.263 E2231.69363
G1 X76.298 Y229.453 E2231.72143
G1 X78.69 Y229.982 E2231.80291
G1 X79.53 Y230.084 E2231.83105
G1 X81.954 Y230.348 E2231.91215
G1 X82.808 Y230.361 E2231.94056
G1 X85.235 Y230.36 E2232.02128
G1 X86.078 Y230.283 E2232.04944
G1 X88.501 Y230.018 E2232.13051
G1 X89.303 Y229.857 E2232.15771
G1 X91.713 Y229.325 E2232.2398
G1 X92.438 Y229.099 E2232.26506
G1 X94.825 Y228.292 E2232.34886
G1 X95.54 Y227.981 E2232.3748
G1 X97.813 Y226.928 E2232.45812
G1 X98.467 Y226.557 E2232.48312
G1 X100.633 Y225.252 E2232.56723
G1 X101.263 Y224.795 E2232.59312
G1 X103.259 Y223.278 E2232.6765
G1 X103.849 Y222.747 E2232.7029
G1 X105.656 Y221.034 E2232.78572
G1 X106.166 Y220.467 E2232.81108
G1 X107.798 Y218.545 E2232.89494
G1 X108.242 Y217.925 E2232.92031
G1 X109.657 Y215.84 E2233.00412
G1 X110.032 Y215.176 E2233.02948
G1 X111.213 Y212.95 E2233.11329
G1 X111.512 Y212.258 E2233.13836
G1 X111.752 Y211.603 E2233.16157
G1 X112.581 Y209.522 E2233.23607
G1 X112.823 Y208.687 E2233.26499
G1 X113.275 Y207.06 E2233.32115
G1 X113.655 Y205.238 E2233.38305
G1 X113.786 Y204.971 E2233.39295
G1 X114.002 Y204.811 E2233.40189
G1 X114.259 Y204.761 E2233.41059
G1 X121.757 Y204.788 E2233.65998
G1 X129.114 Y204.745 E2233.90468
G1 X129.114 Y200.908 E2234.0323
G1 X129.006 Y201.182 E2234.04209
G1 X128.621 Y201.858 E2234.06797
G1 X128.24 Y202.264 E2234.08649
G1 X127.638 Y202.684 E2234.1109
G1 X126.988 Y202.938 E2234.13411
G1 X126.172 Y203.041 E2234.16147
G1 X125.486 Y202.947 E2234.1845
G1 X124.71 Y202.645 E2234.21219
G1 X124.257 Y202.328 E2234.23058
G1 X123.752 Y201.776 E2234.25547
G1 X123.461 Y201.308 E2234.2738
G1 X123.327 Y200.915 E2234.28761
G1 X123.174 Y200.11 E2234.31486
G1 X123.208 Y199.576 E2234.33266
G1 X123.397 Y198.856 E2234.35741
G1 X123.684 Y198.315 E2234.37778
G1 X124.201 Y197.724 E2234.4039
G1 X124.591 Y197.421 E2234.42033
G1 X125.493 Y197.047 E2234.4528
G1 X126.032 Y196.959 E2234.47097
G1 X126.997 Y197.061 E2234.50324
G1 X127.511 Y197.245 E2234.5214
G1 X128.29 Y197.78 E2234.55283
G1 X128.69 Y198.238 E2234.57306
G1 X129.067 Y198.956 E2234.60003
G1 X129.114 Y199.092 E2234.60482
G1 X129.114 Y195.255 E2234.73244
G1 X128.382 Y195.242 E2234.75679
G1 X114.245 Y195.332 E2235.22699
M204 S3000
M205 X10 Y10
G0 F6000 X114.245 Y195.442
G0 X93.966 Y221.075
G0 X93.568 Y222.676
G0 X93.681 Y222.664
M204 S1800
M205 X8 Y8
G1 F3000 X93.674 Y222.63 E2235.22815
G1 X93.707 Y222.103 E2235.24571
G1 X93.839 Y221.55 E2235.26462
G1 X94.027 Y221.073 E2235.28167
G1 X94.309 Y220.673 E2235.29795
G1 X94.912 Y220.062 E2235.3265
G1 X95.363 Y219.801 E2235.34383
G1 X96.233 Y219.513 E2235.37431
G1 X96.761 Y219.484 E2235.3919
G1 X97.683 Y219.634 E2235.42297
G1 X98.167 Y219.854 E2235.44065
G1 X98.911 Y220.415 E2235.47165
G1 X99.238 Y220.836 E2235.48938
G1 X99.638 Y221.681 E2235.52047
G1 X99.731 Y222.196 E2235.53788
G1 X99.693 Y223.132 E2235.56903
G1 X99.543 Y223.619 E2235.58598
G1 X99.063 Y224.448 E2235.61784
G1 X98.69 Y224.82 E2235.63536
G1 X97.898 Y225.318 E2235.66648
G1 X97.394 Y225.474 E2235.68403
G1 X96.459 Y225.548 E2235.71522
G1 X95.93 Y225.447 E2235.73314
G1 X95.083 Y225.084 E2235.76379
G1 X94.666 Y224.756 E2235.78143
G1 X94.076 Y224.032 E2235.8125
G1 X93.862 Y223.557 E2235.82982
G1 X93.681 Y222.664 E2235.86013
M204 S3000
M205 X10 Y10
G0 F6000 X93.368 Y221.788
M204 S1800
M205 X8 Y8
G1 F3000 X93.56 Y221.151 E2235.88226
G1 X93.718 Y220.813 E2235.89467
G1 X94.024 Y220.393 E2235.91195
G1 X94.637 Y219.771 E2235.941
G1 X94.862 Y219.611 E2235.95018
G1 X95.335 Y219.381 E2235.96767
G1 X96.144 Y219.122 E2235.99593
G1 X96.414 Y219.085 E2236.00499
G1 X96.935 Y219.098 E2236.02232
G1 X97.796 Y219.249 E2236.0514
G1 X98.351 Y219.499 E2236.07164
G1 X99.155 Y220.098 E2236.10499
G1 X99.367 Y220.321 E2236.11522
G1 X99.652 Y220.758 E2236.13258
G1 X100.001 Y221.513 E2236.16024
G1 X100.086 Y221.81 E2236.17052
G1 X100.134 Y222.322 E2236.18762
G1 X100.092 Y223.152 E2236.21526
G1 X99.946 Y223.682 E2236.23355
G1 X99.669 Y224.209 E2236.25335
G1 X99.407 Y224.653 E2236.27049
G1 F2690.6 X98.989 Y225.152 E2236.29463
G1 F2459 X98.559 Y225.422 E2236.31524
G1 F2494.8 X98.128 Y225.692 E2236.33558
G1 F2489.6 X97.937 Y225.792 E2236.34422
G1 F2708.8 X97.404 Y225.88 E2236.36412
G1 F3000 X96.487 Y225.948 E2236.3947
G1 X96.174 Y225.92 E2236.40515
G1 X95.673 Y225.78 E2236.42246
G1 X94.922 Y225.45 E2236.44974
G1 X94.666 Y225.287 E2236.45983
G1 X94.28 Y224.928 E2236.47737
G1 X93.742 Y224.253 E2236.50607
G1 X93.489 Y223.703 E2236.52621
G1 X93.369 Y223.165 E2236.54454
G1 X93.281 Y222.705 E2236.56012
G1 X93.27 Y222.401 E2236.57024
G1 X93.368 Y221.788 E2236.59089
M204 S3000
M205 X10 Y10
G0 F6000 X77.339 Y205.083
G0 X76.367 Y203.537
G0 X75.22 Y200.114
M204 S1800
M205 X8 Y8
G1 F3000 X75.258 Y199.546 E2236.60982
G1 X75.407 Y198.222 E2236.65413
G1 X75.626 Y197.515 E2236.67875
G1 X76.019 Y196.394 E2236.71826
G1 X76.599 Y195.433 E2236.75559
G1 X77.019 Y194.766 E2236.78181
G1 X77.342 Y194.417 E2236.79763
G1 X78.348 Y193.41 E2236.84497
G1 X78.772 Y193.121 E2236.86204
G1 X79.944 Y192.386 E2236.90805
G1 X80.285 Y192.245 E2236.92032
G1 X81.761 Y191.729 E2236.97233
G1 X81.941 Y191.694 E2236.97843
G1 X83.648 Y191.502 E2237.03556
G1 X84.742 Y191.609 E2237.07212
G1 X85.494 Y191.694 E2237.09729
G1 X86.551 Y192.037 E2237.13425
G1 X87.333 Y192.312 E2237.16182
G1 X88.309 Y192.903 E2237.19977
G1 X88.938 Y193.298 E2237.22447
G1 X89.693 Y194.024 E2237.25931
G1 X90.329 Y194.663 E2237.2893
G1 X90.86 Y195.485 E2237.32185
G1 X91.348 Y196.264 E2237.35242
G1 X91.417 Y196.418 E2237.35803
G1 X91.971 Y198.004 E2237.41391
G1 X92.113 Y199.051 E2237.44905
G1 X92.208 Y199.885 E2237.47697
G1 X92.129 Y200.812 E2237.50791
G1 X92.012 Y201.841 E2237.54236
G1 X91.851 Y202.339 E2237.55977
G1 X91.405 Y203.613 E2237.60466
G1 X91.055 Y204.204 E2237.62751
G1 X90.426 Y205.206 E2237.66686
G1 X89.693 Y205.976 E2237.70221
G1 X89.073 Y206.596 E2237.73138
G1 X88.161 Y207.19 E2237.76758
G1 X87.499 Y207.605 E2237.79356
G1 X87.012 Y207.802 E2237.81104
G1 X85.655 Y208.275 E2237.85883
G1 X84.733 Y208.391 E2237.88974
G1 X83.808 Y208.496 E2237.9207
G1 X83.602 Y208.494 E2237.92756
G1 X81.921 Y208.305 E2237.98382
G1 X81.715 Y208.256 E2237.99086
G1 X80.129 Y207.701 E2238.04675
G1 X79.928 Y207.605 E2238.05416
G1 X78.506 Y206.713 E2238.10999
G1 X78.33 Y206.572 E2238.11749
G1 X77.14 Y205.381 E2238.17349
G1 X76.6 Y204.568 E2238.20595
G1 X76.083 Y203.743 E2238.23833
G1 X75.774 Y202.905 E2238.26804
G1 X75.444 Y201.959 E2238.30136
G1 X75.319 Y200.989 E2238.33389
G1 X75.22 Y200.114 E2238.36318
M204 S3000
M205 X10 Y10
G0 F6000 X57.801 Y203.081
G0 X56.358 Y202.769
G0 X55.227 Y201.822
G0 X54.242 Y200.196
M204 S1800
M205 X8 Y8
G1 F2526.3 X54.228 Y200.057 E2238.3687
G1 F2510.5 X54.268 Y199.535 E2238.3895
G1 F2714.9 X54.45 Y198.937 E2238.41248
G1 F3000 X54.718 Y198.296 E2238.43559
G1 X55.025 Y197.874 E2238.45294
G1 X55.613 Y197.279 E2238.48077
G1 X55.862 Y197.096 E2238.49104
G1 X56.334 Y196.865 E2238.50852
G1 X57.11 Y196.616 E2238.53563
G1 X57.414 Y196.568 E2238.54586
G1 X57.936 Y196.581 E2238.56323
G1 X58.802 Y196.734 E2238.59248
G1 X59.104 Y196.857 E2238.60333
G1 X59.812 Y197.292 E2238.63096
G1 X60.212 Y197.628 E2238.64834
G1 X60.566 Y198.091 E2238.66772
G1 X60.869 Y198.711 E2238.69068
G1 X61.064 Y199.174 E2238.70739
G1 X61.132 Y199.673 E2238.72414
G1 X61.097 Y200.547 E2238.75323
G1 X61.033 Y200.928 E2238.76608
G1 X60.839 Y201.407 E2238.78327
G1 X60.406 Y202.136 E2238.81147
G1 X60.214 Y202.371 E2238.82156
G1 X59.813 Y202.708 E2238.83898
G1 X59.108 Y203.142 E2238.86652
G1 X58.7 Y203.292 E2238.88098
G1 X58.318 Y203.372 E2238.89396
G1 X57.487 Y203.43 E2238.92166
G1 X57.175 Y203.403 E2238.93208
G1 X56.674 Y203.264 E2238.94937
G1 X55.922 Y202.933 E2238.9767
G1 X55.405 Y202.544 E2238.99822
G1 X54.763 Y201.766 E2239.03177
G1 F2823.5 X54.466 Y201.197 E2239.05445
G1 F2439 X54.372 Y201.023 E2239.06254
G1 F2371.5 X54.242 Y200.196 E2239.09776
M204 S3000
M205 X10 Y10
G0 F6000 X54.966 Y198.558
G0 X55.605 Y197.751
G0 X93.281 Y177.671
M204 S1800
M205 X8 Y8
G1 F3000 X93.27 Y177.367 E2239.10788
G1 X93.347 Y176.848 E2239.12533
G1 X93.589 Y176.052 E2239.153
G1 X93.807 Y175.649 E2239.16824
G1 X94.024 Y175.36 E2239.18026
G1 X94.611 Y174.764 E2239.20809
G1 X94.862 Y174.578 E2239.21848
G1 X95.334 Y174.348 E2239.23594
G1 X96.11 Y174.098 E2239.26306
G1 X96.76 Y174.05 E2239.28473
G1 X97.387 Y174.144 E2239.30582
G1 F2727.3 X98.028 Y174.253 E2239.32961
G1 F2494.8 X98.834 Y174.74 E2239.36727
G1 F2484.5 X98.987 Y174.852 E2239.37489
G1 F2714.9 X99.367 Y175.286 E2239.39609
G1 F3000 X99.653 Y175.724 E2239.41349
G1 X100.001 Y176.479 E2239.44114
G1 X100.087 Y176.776 E2239.45142
G1 X100.135 Y177.289 E2239.46856
G1 X100.092 Y178.118 E2239.49617
G1 X100.033 Y178.411 E2239.50611
G1 X99.839 Y178.89 E2239.5233
G1 X99.406 Y179.619 E2239.5515
G1 X99.214 Y179.854 E2239.56159
G1 X98.82 Y180.186 E2239.57873
G1 X98.109 Y180.626 E2239.60654
G1 X97.824 Y180.745 E2239.61681
G1 X97.318 Y180.855 E2239.63403
G1 X96.487 Y180.913 E2239.66174
G1 X96.175 Y180.886 E2239.67216
G1 X95.681 Y180.75 E2239.6892
G1 X94.922 Y180.417 E2239.71677
G1 X94.666 Y180.254 E2239.72686
G1 X94.28 Y179.895 E2239.74439
G1 X93.764 Y179.248 E2239.77192
G1 X93.614 Y178.989 E2239.78187
G1 X93.443 Y178.517 E2239.79857
G1 X93.281 Y177.671 E2239.82722
M204 S3000
M205 X10 Y10
G0 F6000 X94.227 Y179.305
G0 X94.813 Y179.898
G0 X113.392 Y195.26
M204 S1800
M205 X8 Y8
G1 F3000 X113.26 Y194.927 E2239.83913
G1 X113.123 Y194.095 E2239.86718
G1 X112.846 Y192.888 E2239.90837
G1 X112.324 Y191.009 E2239.97323
G1 X112.075 Y190.226 E2240.00056
G1 X111.146 Y187.903 E2240.08377
G1 X110.851 Y187.222 E2240.10845
G1 X109.68 Y185.014 E2240.19158
G1 X109.314 Y184.367 E2240.2163
G1 X107.914 Y182.302 E2240.29928
G1 X107.479 Y181.698 E2240.32404
G1 X105.862 Y179.793 E2240.40715
G1 X105.368 Y179.24 E2240.43181
G1 X103.537 Y177.507 E2240.51566
G1 X103.003 Y177.027 E2240.53954
G1 X101.022 Y175.522 E2240.62229
G1 X100.416 Y175.083 E2240.64718
G1 F2977.7 X99.598 Y174.595 E2240.6791
G1 F2702.7 X99.084 Y174.329 E2240.70046
G1 F2505.2 X98.362 Y173.892 E2240.73408
G1 F2739.7 X97.643 Y173.433 E2240.76515
G1 F3000 X95.373 Y172.381 E2240.84836
G1 X94.682 Y172.08 E2240.87343
G1 X92.314 Y171.281 E2240.95655
G1 X91.594 Y171.054 E2240.98166
G1 X89.12 Y170.513 E2241.06589
G1 X88.438 Y170.377 E2241.08902
G1 X85.956 Y170.106 E2241.17206
G1 X85.216 Y170.04 E2241.19677
G1 X82.634 Y170.041 E2241.28265
G1 X81.977 Y170.053 E2241.30451
G1 X79.492 Y170.323 E2241.38764
G1 X78.76 Y170.414 E2241.41218
G1 X76.25 Y170.969 E2241.49768
G1 X75.609 Y171.12 E2241.51958
G1 X73.151 Y171.946 E2241.60583
G1 X72.531 Y172.166 E2241.62771
G1 X70.321 Y173.187 E2241.70868
G1 X69.59 Y173.535 E2241.7356
G1 X67.394 Y174.857 E2241.82086
G1 X66.821 Y175.211 E2241.84326
G1 X64.795 Y176.753 E2241.92794
G1 X64.245 Y177.179 E2241.95108
G1 X61.895 Y179.414 E2242.05895
G1 X59.8 Y181.888 E2242.16677
G1 X57.986 Y184.571 E2242.27449
G1 X57.312 Y185.85 E2242.32258
G1 X56.474 Y187.436 E2242.38224
G1 X55.272 Y190.46 E2242.49047
G1 X54.413 Y193.569 E2242.59775
G1 X53.89 Y196.767 E2242.70553
G1 X53.779 Y198.838 E2242.77451
G1 F2714.9 X53.787 Y199.495 E2242.79866
G1 F2505.2 X53.753 Y200.002 E2242.8189
G1 F2531.6 X53.754 Y200.014 E2242.81937
G1 F2454 X53.798 Y200.55 E2242.84124
G1 F2312.1 X53.842 Y201.087 E2242.86449
G1 F2569.6 X53.807 Y201.681 E2242.8876
G1 F3000 X53.892 Y203.233 E2242.93929
G1 X54.414 Y206.432 E2243.0471
G1 X55.275 Y209.541 E2243.1544
G1 X56.475 Y212.565 E2243.26261
G1 X57.987 Y215.43 E2243.37035
G1 X59.801 Y218.113 E2243.47807
G1 X61.896 Y220.587 E2243.5859
G1 X64.246 Y222.822 E2243.69376
G1 X64.875 Y223.309 E2243.72022
G1 X66.822 Y224.789 E2243.80156
G1 X67.512 Y225.215 E2243.82853
G1 X69.592 Y226.466 E2243.90926
G1 X70.324 Y226.815 E2243.93624
G1 X72.532 Y227.835 E2244.01713
G1 X73.231 Y228.082 E2244.04179
G1 X75.594 Y228.878 E2244.12472
G1 X76.384 Y229.062 E2244.1517
G1 X78.758 Y229.587 E2244.23257
G1 X79.494 Y229.678 E2244.25723
G1 X81.237 Y229.867 E2244.31555
G1 X81.979 Y229.948 E2244.34037
G1 X82.808 Y229.961 E2244.36795
G1 X85.217 Y229.96 E2244.44807
G1 X86.035 Y229.885 E2244.47539
G1 X88.439 Y229.622 E2244.55583
G1 X89.217 Y229.466 E2244.58222
G1 X91.61 Y228.938 E2244.66372
G1 X92.314 Y228.718 E2244.68826
G1 X94.681 Y227.919 E2244.77135
G1 X95.372 Y227.618 E2244.79642
G1 X96.294 Y227.19 E2244.83022
G1 X97.616 Y226.579 E2244.87866
G1 F2708.8 X98.139 Y226.234 E2244.90174
G1 F2479.3 X99.084 Y225.671 E2244.94601
G1 F2690.6 X99.598 Y225.402 E2244.96753
G1 F2963 X100.393 Y224.929 E2244.99868
G1 F3000 X101.021 Y224.477 E2245.02441
G1 X103.004 Y222.97 E2245.10725
G1 X103.574 Y222.456 E2245.13278
G1 X105.37 Y220.755 E2245.21506
G1 X105.865 Y220.203 E2245.23972
G1 X107.483 Y218.299 E2245.32282
G1 X107.914 Y217.696 E2245.34747
G1 X109.317 Y215.629 E2245.43056
G1 X109.681 Y214.984 E2245.4552
G1 X110.852 Y212.776 E2245.53832
G1 X111.14 Y212.11 E2245.56246
G1 X111.381 Y211.455 E2245.58567
G1 X112.01 Y209.873 E2245.64229
G1 X112.203 Y209.392 E2245.65953
G1 X112.401 Y208.707 E2245.68325
G1 X112.688 Y207.679 E2245.71875
G1 X112.886 Y206.965 E2245.74339
G1 X113.263 Y205.156 E2245.80485
G1 X113.393 Y204.833 E2245.81643
G1 X113.653 Y204.553 E2245.82914
G1 X113.964 Y204.4 E2245.84067
G1 X114.26 Y204.361 E2245.8506
G1 X121.755 Y204.388 E2246.09988
G1 X125.334 Y204.366 E2246.21892
G1 X126.946 Y204.358 E2246.27254
G1 X128.714 Y204.347 E2246.33135
G1 X128.714 Y202.364 E2246.3973
G1 X128.469 Y202.592 E2246.40843
G1 X127.867 Y203.012 E2246.43285
G1 X127.63 Y203.134 E2246.44171
G1 X127.122 Y203.315 E2246.45965
G1 X126.214 Y203.439 E2246.49013
G1 X125.939 Y203.43 E2246.49928
G1 X125.418 Y203.342 E2246.51685
G1 X124.558 Y203.015 E2246.54746
G1 X124.124 Y202.74 E2246.56454
G1 X123.457 Y202.047 E2246.59654
G1 X123.179 Y201.636 E2246.61304
G1 X122.976 Y201.143 E2246.63077
G1 X122.781 Y200.184 E2246.66332
G1 X122.793 Y199.636 E2246.68155
G1 X123.01 Y198.755 E2246.71173
G1 X123.252 Y198.242 E2246.7306
G1 X123.9 Y197.461 E2246.76435
G1 X124.355 Y197.098 E2246.78371
G1 X124.581 Y196.974 E2246.79228
G1 X125.347 Y196.674 E2246.81964
G1 X125.981 Y196.562 E2246.84106
G1 X126.234 Y196.562 E2246.84947
G1 X127.047 Y196.664 E2246.87672
G1 X127.659 Y196.873 E2246.89823
G1 X128.522 Y197.455 E2246.93285
G1 X128.714 Y197.601 E2246.94088
G1 X128.714 Y195.648 E2247.00583
G1 X128.04 Y195.644 E2247.02825
G1 X114.246 Y195.732 E2247.48705
G1 X113.963 Y195.693 E2247.49655
G1 X113.652 Y195.54 E2247.50808
G1 X113.392 Y195.26 E2247.52079
M204 S3000
M205 X10 Y10
G0 F6000 X113.356 Y204.303
M204 S1800
M205 X8 Y8
;TYPE:SKIN
G1 F1200 X113.718 Y204.087 E2247.53481
G1 X114.152 Y203.985 E2247.54964
G1 X121.908 Y204.006 E2247.8076
G1 X125.061 Y203.987 E2247.91248
G1 F977.6 X125.848 Y203.892 E2247.94484
G1 X125.096 Y203.643 E2247.97718
G1 F1200 X124.172 Y203.234 E2248.01079
G1 X123.703 Y202.876 E2248.03041
G1 X123.043 Y202.129 E2248.06357
G1 X122.74 Y201.6 E2248.08384
G1 X122.57 Y201.1 E2248.10141
G1 X122.562 Y201.07 E2248.10244
G1 X122.386 Y200.043 E2248.1371
G1 X122.451 Y199.391 E2248.15889
G1 X122.734 Y198.412 E2248.19279
G1 X123.074 Y197.83 E2248.2152
G1 X123.099 Y197.797 E2248.21658
G1 X123.809 Y197.03 E2248.25134
G1 X124.411 Y196.636 E2248.27527
G1 F937.5 X125.165 Y196.216 E2248.31202
G1 F743 X125.219 Y196.179 E2248.31553
G1 F898.9 X124.338 Y196.05 E2248.35507
G1 F1200 X114.114 Y196.107 E2248.69513
G1 X113.661 Y195.982 E2248.71076
G1 X113.305 Y195.745 E2248.72498
G1 X113.027 Y195.386 E2248.74008
G1 X112.882 Y194.982 E2248.75436
G1 X112.752 Y194.182 E2248.78132
G1 X112.478 Y192.983 E2248.82222
G1 X111.96 Y191.117 E2248.88663
G1 X111.717 Y190.353 E2248.9133
G1 X110.85 Y188.187 E2248.9909
G1 X110.508 Y187.387 E2249.01983
G1 X109.405 Y185.309 E2249.09808
G1 X108.989 Y184.566 E2249.1264
G1 X107.653 Y182.596 E2249.20557
G1 X107.179 Y181.932 E2249.23271
G1 X105.578 Y180.049 E2249.31491
G1 X105.094 Y179.507 E2249.33908
G1 X103.327 Y177.836 E2249.41997
G1 X102.811 Y177.367 E2249.44316
G1 X100.836 Y175.863 E2249.52573
G1 X100.212 Y175.406 E2249.55145
G1 X99.702 Y175.103 E2249.57118
G1 X99.985 Y175.537 E2249.58842
G1 X100.302 Y176.218 E2249.6134
G1 X100.465 Y176.734 E2249.6314
G1 X100.514 Y177.277 E2249.64953
G1 X100.472 Y178.137 E2249.67817
G1 X100.391 Y178.542 E2249.69191
G1 X100.181 Y179.055 E2249.71034
G1 X99.732 Y179.813 E2249.73965
G1 X99.462 Y180.142 E2249.7538
G1 X99.043 Y180.494 E2249.772
G1 X98.309 Y180.951 E2249.80076
G1 X97.876 Y181.122 E2249.81625
G1 X97.347 Y181.235 E2249.83424
G1 X96.252 Y181.283 E2249.87069
G1 X95.642 Y181.142 E2249.89152
G1 X94.877 Y180.812 E2249.91923
G1 X94.439 Y180.559 E2249.93605
G1 X93.999 Y180.153 E2249.95596
G1 X93.465 Y179.485 E2249.98441
G1 X93.258 Y179.121 E2249.99833
G1 X93.066 Y178.568 E2250.0178
G1 X92.884 Y177.485 E2250.05433
G1 X92.949 Y176.867 E2250.075
G1 X93.223 Y175.943 E2250.10705
G1 X93.404 Y175.565 E2250.12099
G1 X93.734 Y175.114 E2250.13958
G1 X94.34 Y174.497 E2250.16834
G1 X94.666 Y174.249 E2250.18197
G1 X95.14 Y174.015 E2250.19955
G1 X95.988 Y173.737 E2250.22923
G1 X96.416 Y173.671 E2250.24363
G1 X96.787 Y173.672 E2250.25597
G1 F1191.1 X97.445 Y173.765 E2250.27824
G1 X96.439 Y173.296 E2250.31544
G1 F1200 X95.231 Y172.738 E2250.35969
G1 X94.55 Y172.437 E2250.38446
G1 X92.377 Y171.704 E2250.46073
G1 X91.482 Y171.416 E2250.492
G1 X89.177 Y170.914 E2250.57047
G1 X88.379 Y170.753 E2250.59754
G1 X85.93 Y170.488 E2250.67947
G1 X85.197 Y170.42 E2250.70396
G1 X82.632 Y170.421 E2250.78927
G1 X82.001 Y170.433 E2250.81026
G1 X79.616 Y170.692 E2250.89005
G1 X78.826 Y170.789 E2250.91652
G1 X76.412 Y171.324 E2250.99876
G1 X75.726 Y171.485 E2251.0222
G1 X73.433 Y172.251 E2251.10261
G1 X72.676 Y172.518 E2251.12931
G1 X69.767 Y173.872 E2251.23603
G1 X67.647 Y175.147 E2251.31831
G1 X67.038 Y175.525 E2251.34215
G1 X64.492 Y177.47 E2251.44871
G1 X62.171 Y179.676 E2251.55521
G1 X60.101 Y182.119 E2251.66171
G1 X58.312 Y184.768 E2251.76803
G1 X56.82 Y187.597 E2251.87441
G1 X55.632 Y190.582 E2251.98126
G1 X54.787 Y193.649 E2252.08707
G1 X54.276 Y196.771 E2252.19229
G1 X54.175 Y198.588 E2252.25282
G1 X54.385 Y198.113 E2252.27009
G1 X54.735 Y197.631 E2252.2899
G1 X55.135 Y197.22 E2252.30898
G1 X55.651 Y196.782 E2252.33149
G1 X56.205 Y196.506 E2252.35208
G1 X56.993 Y196.252 E2252.37961
G1 X57.423 Y196.188 E2252.39407
G1 X57.97 Y196.204 E2252.41228
G1 X58.002 Y196.207 E2252.41334
G1 X59.018 Y196.402 E2252.44775
G1 X59.583 Y196.705 E2252.46908
G1 X60.204 Y197.109 E2252.49372
G1 X60.656 Y197.559 E2252.51493
G1 X60.982 Y198.055 E2252.53467
G1 X61.215 Y198.551 E2252.5529
G1 X61.43 Y199.069 E2252.57155
G1 X61.514 Y199.707 E2252.59296
G1 X61.489 Y200.318 E2252.6133
G1 X61.399 Y201.024 E2252.63697
G1 X61.176 Y201.579 E2252.65686
G1 X60.811 Y202.169 E2252.67994
G1 X60.548 Y202.577 E2252.69608
G1 X60.118 Y202.96 E2252.71523
G1 X59.308 Y203.466 E2252.747
G1 X58.911 Y203.632 E2252.76131
G1 X58.37 Y203.748 E2252.77971
G1 X57.514 Y203.81 E2252.80826
G1 X57.088 Y203.775 E2252.82248
G1 X56.543 Y203.62 E2252.84132
G1 X55.773 Y203.285 E2252.86925
G1 X55.409 Y203.053 E2252.88361
G1 X55.002 Y202.672 E2252.90215
G1 X54.465 Y202.002 E2252.93071
G1 X54.208 Y201.568 E2252.94748
G1 X54.212 Y202.097 E2252.96508
G1 X54.266 Y203.128 E2252.99942
G1 X54.369 Y203.78 E2253.02137
G1 X54.785 Y206.349 E2253.10793
G1 X55.632 Y209.405 E2253.2134
G1 X56.821 Y212.404 E2253.32071
G1 X58.313 Y215.233 E2253.42708
G1 X60.102 Y217.881 E2253.53337
G1 X62.173 Y220.324 E2253.63989
G1 X64.495 Y222.532 E2253.74647
G1 X64.947 Y222.882 E2253.76548
G1 X67.041 Y224.476 E2253.85301
G1 X67.513 Y224.768 E2253.87147
G1 X69.774 Y226.129 E2253.95924
G1 X70.33 Y226.394 E2253.97973
G1 X72.233 Y227.277 E2254.0495
G1 X73.135 Y227.646 E2254.08192
G1 X75.229 Y228.353 E2254.15543
G1 X76.178 Y228.623 E2254.18824
G1 X78.34 Y229.104 E2254.26191
G1 X79.311 Y229.272 E2254.29469
G1 X81.524 Y229.516 E2254.36874
G1 X82.483 Y229.576 E2254.4007
G1 X85.199 Y229.579 E2254.49103
G1 X85.992 Y229.507 E2254.51751
G1 X88.381 Y229.246 E2254.59745
G1 X89.087 Y229.103 E2254.6214
G1 X91.514 Y228.568 E2254.70406
G1 X92.198 Y228.357 E2254.72787
G1 X94.494 Y227.581 E2254.80848
G1 X95.207 Y227.275 E2254.83429
G1 X97.393 Y226.262 E2254.91442
G1 X96.517 Y226.327 E2254.94364
G1 X96.07 Y226.287 E2254.95856
G1 X95.546 Y226.137 E2254.97669
G1 X94.77 Y225.799 E2255.00484
G1 X94.41 Y225.57 E2255.01903
G1 X93.999 Y225.184 E2255.03779
G1 X93.465 Y224.519 E2255.06615
G1 X93.257 Y224.152 E2255.08019
G1 X93.073 Y223.627 E2255.09869
G1 X92.915 Y222.811 E2255.12633
G1 X92.892 Y222.355 E2255.14152
G1 X92.961 Y221.848 E2255.15854
G1 X93.126 Y221.213 E2255.18036
G1 X93.363 Y220.666 E2255.20019
G1 X93.691 Y220.194 E2255.2193
G1 X94.34 Y219.529 E2255.25021
G1 X94.631 Y219.304 E2255.26244
G1 X95.144 Y219.046 E2255.28154
G1 X96 Y218.767 E2255.31149
G1 X96.416 Y218.705 E2255.32548
G1 X96.945 Y218.715 E2255.34307
G1 X97.817 Y218.865 E2255.3725
G1 X98.221 Y219.002 E2255.38669
G1 X98.699 Y219.266 E2255.40485
G1 X99.385 Y219.795 E2255.43367
G1 X99.684 Y220.11 E2255.44811
G1 X99.984 Y220.572 E2255.46643
G1 X100.346 Y221.352 E2255.49503
G1 X100.463 Y221.756 E2255.50902
G1 X100.514 Y222.313 E2255.52763
G1 X100.472 Y223.167 E2255.55606
G1 X100.388 Y223.581 E2255.57011
G1 X100.181 Y224.094 E2255.58851
G1 X99.737 Y224.844 E2255.6175
G1 X99.692 Y224.904 E2255.62
G1 X100.195 Y224.602 E2255.63951
G1 X100.721 Y224.224 E2255.66105
G1 X102.761 Y222.674 E2255.74627
G1 X103.293 Y222.195 E2255.77008
G1 X105.097 Y220.488 E2255.85268
G1 X105.578 Y219.952 E2255.87664
G1 X107.185 Y218.062 E2255.95915
G1 X107.552 Y217.548 E2255.98016
G1 X108.994 Y215.426 E2256.06549
G1 X109.34 Y214.809 E2256.08902
G1 X110.509 Y212.61 E2256.17185
G1 X110.787 Y211.968 E2256.19512
G1 X111.016 Y211.346 E2256.21716
G1 X111.848 Y209.254 E2256.29204
G1 X112.515 Y206.874 E2256.37425
G1 X112.888 Y205.087 E2256.43497
G1 X113.039 Y204.688 E2256.44916
G1 X113.356 Y204.303 E2256.46574
M204 S3000
M205 X10 Y10
G0 F6000 X125.848 Y203.892
M204 S1800
M205 X8 Y8
G1 F837.7 X126.264 Y203.899 E2256.48557
G1 F796 X127.035 Y203.854 E2256.52429
M204 S3000
M205 X10 Y10
G0 F6000 X127.098 Y203.827
M204 S1800
M205 X8 Y8
G1 F763.1 X127.035 Y203.854 E2256.52788
G1 F845.1 X127.817 Y203.925 E2256.56496
G1 F971.7 X128.287 Y203.922 E2256.58427
G1 X128.287 Y203.239 E2256.61232
G1 X127.788 Y203.529 E2256.63603
G1 F864.9 X127.098 Y203.827 E2256.67071
M204 S3000
M205 X10 Y10
G0 F6000 X124.614 Y202.654
G0 X123.673 Y201.76
G0 X123.163 Y200.448
G0 X123.279 Y199.093
G0 X123.599 Y198.339
G0 X124.213 Y197.637
G0 X125.376 Y197.043
G0 X127.933 Y196.55
M204 S1800
M205 X8 Y8
G1 F965.8 X128.286 Y196.752 E2256.68752
G1 X128.286 Y196.075 E2256.7155
G1 X127.525 Y196.079 E2256.74695
G1 F834.8 X127.111 Y196.16 E2256.76712
G1 X127.933 Y196.55 E2256.81062
M204 S3000
M205 X10 Y10
G0 F6000 X127.111 Y196.16
M204 S1800
M205 X8 Y8
G1 F798.7 X126.29 Y196.112 E2256.85172
G1 F830.4 X125.755 Y196.145 E2256.87748
G1 F752.4 X125.219 Y196.179 E2256.90597
M204 S3000
M205 X10 Y10
G0 F6000 X88.797 Y193.625
G0 X87.251 Y192.654
G0 X85.527 Y192.052
G0 X83.714 Y191.846
G0 X81.9 Y192.052
G0 X80.176 Y192.654
G0 X78.63 Y193.625
G0 X77.339 Y194.917
G0 X76.465 Y196.308
G0 X74.835 Y199.968
M204 S1800
M205 X8 Y8
G1 F1200 X74.918 Y199.166 E2256.93279
G1 X75.075 Y197.958 E2256.9733
G1 X75.264 Y197.405 E2256.99274
G1 X75.658 Y196.278 E2257.03245
G1 X75.909 Y195.82 E2257.04982
G1 X76.278 Y195.228 E2257.07302
G1 X76.794 Y194.432 E2257.10457
G1 X78.071 Y193.151 E2257.16473
G1 X78.479 Y192.86 E2257.1814
G1 X79.734 Y192.068 E2257.23076
G1 X80.257 Y191.855 E2257.24954
G1 X81.609 Y191.379 E2257.29722
G1 X81.97 Y191.308 E2257.30945
G1 X83.574 Y191.127 E2257.36314
G1 X84.554 Y191.206 E2257.39584
G1 X85.549 Y191.317 E2257.42914
G1 X86.677 Y191.679 E2257.46854
G1 X87.441 Y191.952 E2257.49553
G1 X87.716 Y192.088 E2257.50573
G1 X88.514 Y192.583 E2257.53696
G1 X89.313 Y193.108 E2257.56876
G1 X89.964 Y193.757 E2257.59934
G1 X90.714 Y194.543 E2257.63547
G1 X90.735 Y194.571 E2257.63663
G1 X91.622 Y195.983 E2257.6921
G1 X91.736 Y196.192 E2257.70001
G1 X92.201 Y197.513 E2257.74659
G1 X92.381 Y198.068 E2257.766
G1 X92.386 Y198.095 E2257.76691
G1 X92.519 Y199.244 E2257.80538
G1 X92.593 Y200.065 E2257.8328
G1 X92.494 Y200.977 E2257.86331
G1 X92.371 Y201.98 E2257.89692
G1 X92.186 Y202.522 E2257.91597
G1 X91.764 Y203.735 E2257.95869
G1 X91.36 Y204.433 E2257.98551
G1 X90.935 Y205.114 E2258.01221
G1 X90.632 Y205.569 E2258.03039
G1 X89.961 Y206.246 E2258.06209
G1 X89.209 Y206.975 E2258.09693
G1 X88.53 Y207.405 E2258.12366
G1 X88.045 Y207.709 E2258.1427
G1 X87.431 Y208.056 E2258.16616
G1 X86.344 Y208.437 E2258.20447
G1 X85.677 Y208.662 E2258.22788
G1 X84.777 Y208.769 E2258.25802
G1 X83.669 Y208.88 E2258.29506
G1 X83.555 Y208.869 E2258.29887
G1 X81.881 Y208.682 E2258.35489
G1 X81.644 Y208.632 E2258.36295
G1 X80.158 Y208.113 E2258.4153
G1 X79.785 Y207.962 E2258.42869
G1 X78.567 Y207.2 E2258.47647
G1 X78.142 Y206.917 E2258.49345
G1 X77.07 Y205.851 E2258.54374
G1 X76.728 Y205.481 E2258.5605
G1 X76.275 Y204.767 E2258.58862
G1 X75.693 Y203.812 E2258.62582
G1 X75.414 Y203.027 E2258.65353
G1 X75.04 Y201.897 E2258.69311
G1 X74.94 Y201.03 E2258.72214
G1 X74.835 Y199.968 E2258.75764
M204 S3000
M205 X10 Y10
G0 F6000 X59.889 Y182.789
M204 S1800
M205 X8 Y8
G1 F1200 X66.464 Y176.214 E2259.0669
G1 X66.534 Y176.144
M204 S3000
M205 X10 Y10
G0 F6000 X68.196 Y175.048
M204 S1800
M205 X8 Y8
G1 F1200 X58.711 Y184.533 E2259.51305
G1 X58.641 Y184.603
M204 S3000
M205 X10 Y10
G0 F6000 X57.974 Y185.835
M204 S1800
M205 X8 Y8
G1 F1200 X69.613 Y174.197 E2260.06049
G1 X69.683 Y174.127
M204 S3000
M205 X10 Y10
G0 F6000 X70.734 Y173.641
M204 S1800
M205 X8 Y8
G1 F1200 X57.344 Y187.031 E2260.69031
G1 X57.274 Y187.101
M204 S3000
M205 X10 Y10
G0 F6000 X56.831 Y188.11
M204 S1800
M205 X8 Y8
G1 F1200 X71.793 Y173.148 E2261.39408
G1 X71.863 Y173.078
M204 S3000
M205 X10 Y10
G0 F6000 X72.834 Y172.672
M204 S1800
M205 X8 Y8
G1 F1200 X56.457 Y189.049 E2262.1644
G1 X56.387 Y189.119
M204 S3000
M205 X10 Y10
G0 F6000 X56.083 Y189.989
M204 S1800
M205 X8 Y8
G1 F1200 X73.703 Y172.369 E2262.99319
G1 X73.773 Y172.299
M204 S3000
M205 X10 Y10
G0 F6000 X74.552 Y172.086
M204 S1800
M205 X8 Y8
G1 F1200 X55.757 Y190.881 E2263.87725
G1 X55.687 Y190.951
M204 S3000
M205 X10 Y10
G0 F6000 X55.542 Y191.662
M204 S1800
M205 X8 Y8
G1 F1200 X75.4 Y171.803 E2264.81134
G1 X75.47 Y171.733
M204 S3000
M205 X10 Y10
G0 F6000 X76.185 Y171.584
M204 S1800
M205 X8 Y8
G1 F1200 X55.326 Y192.443 E2265.79248
G1 X55.256 Y192.513
M204 S3000
M205 X10 Y10
G0 F6000 X55.111 Y193.223
M204 S1800
M205 X8 Y8
G1 F1200 X76.918 Y171.417 E2266.81819
M204 S3000
M205 X10 Y10
G0 F6000 X77.648 Y171.252
M204 S1800
M205 X8 Y8
G1 F1200 X54.937 Y193.963 E2267.88645
M204 S3000
M205 X10 Y10
G0 F6000 X54.827 Y194.639
M204 S1800
M205 X8 Y8
G1 F1200 X78.375 Y171.091 E2268.99407
M204 S3000
M205 X10 Y10
G0 F6000 X79.074 Y170.958
M204 S1800
M205 X8 Y8
G1 F1200 X54.716 Y195.316 E2270.1398
M204 S3000
M205 X10 Y10
G0 F6000 X54.605 Y195.993
M204 S1800
M205 X8 Y8
G1 F1200 X79.716 Y170.882 E2271.32094
M204 S3000
M205 X10 Y10
G0 F6000 X80.351 Y170.812
M204 S1800
M205 X8 Y8
G1 F1200 X54.494 Y196.669 E2272.53718
M204 S3000
M205 X10 Y10
G0 F6000 X54.45 Y197.279
M204 S1800
M205 X8 Y8
G1 F1200 X80.986 Y170.743 E2273.78535
M204 S3000
M205 X10 Y10
G0 F6000 X81.62 Y170.675
M204 S1800
M205 X8 Y8
G1 F1200 X55.831 Y196.464 E2274.99838
G1 X55.761 Y196.534
M204 S3000
M205 X10 Y10
G0 F6000 X56.736 Y196.124
M204 S1800
M205 X8 Y8
G1 F1200 X82.232 Y170.628 E2276.19764
M204 S3000
M205 X10 Y10
G0 F6000 X82.807 Y170.619
M204 S1800
M205 X8 Y8
G1 F1200 X57.438 Y195.988 E2277.39092
M204 S3000
M205 X10 Y10
G0 F6000 X57.984 Y196.008
M204 S1800
M205 X8 Y8
G1 F1200 X83.373 Y170.619 E2278.58514
M204 S3000
M205 X10 Y10
G0 F6000 X83.939 Y170.619
M204 S1800
M205 X8 Y8
G1 F1200 X58.463 Y196.094 E2279.78343
M204 S3000
M205 X10 Y10
G0 F6000 X58.936 Y196.187
M204 S1800
M205 X8 Y8
G1 F1200 X84.504 Y170.619 E2280.98607
M204 S3000
M205 X10 Y10
G0 F6000 X85.07 Y170.619
M204 S1800
M205 X8 Y8
G1 F1200 X59.343 Y196.345 E2282.19616
M204 S3000
M205 X10 Y10
G0 F6000 X59.708 Y196.546
M204 S1800
M205 X8 Y8
G1 F1200 X85.598 Y170.657 E2283.41393
M204 S3000
M205 X10 Y10
G0 F6000 X86.114 Y170.706
M204 S1800
M205 X8 Y8
G1 F1200 X60.049 Y196.771 E2284.63994
M204 S3000
M205 X10 Y10
G0 F6000 X60.383 Y197.003
M204 S1800
M205 X8 Y8
G1 F1200 X86.624 Y170.762 E2285.87424
M204 S3000
M205 X10 Y10
G0 F6000 X87.134 Y170.817
M204 S1800
M205 X8 Y8
G1 F1200 X60.665 Y197.287 E2287.11929
M204 S3000
M205 X10 Y10
G0 F6000 X60.922 Y197.596
M204 S1800
M205 X8 Y8
G1 F1200 X87.644 Y170.873 E2288.37623
M204 S3000
M205 X10 Y10
G0 F6000 X88.154 Y170.929
M204 S1800
M205 X8 Y8
G1 F1200 X61.145 Y197.938 E2289.64665
M204 S3000
M205 X10 Y10
G0 F6000 X61.329 Y198.32
M204 S1800
M205 X8 Y8
G1 F1200 X88.639 Y171.01 E2290.93123
M204 S3000
M205 X10 Y10
G0 F6000 X89.108 Y171.107
M204 S1800
M205 X8 Y8
G1 F1200 X61.496 Y198.718 E2292.22999
M204 S3000
M205 X10 Y10
G0 F6000 X61.643 Y199.137
M204 S1800
M205 X8 Y8
G1 F1200 X89.576 Y171.204 E2293.54387
M204 S3000
M205 X10 Y10
G0 F6000 X90.04 Y171.305
M204 S1800
M205 X8 Y8
G1 F1200 X61.706 Y199.64 E2294.87664
M204 S3000
M205 X10 Y10
G0 F6000 X61.692 Y200.22
M204 S1800
M205 X8 Y8
G1 F1200 X90.505 Y171.406 E2296.23194
M204 S3000
M205 X10 Y10
G0 F6000 X90.969 Y171.508
M204 S1800
M205 X8 Y8
G1 F1200 X61.63 Y200.847 E2297.61196
G1 X61.56 Y200.917
M204 S3000
M205 X10 Y10
G0 F6000 X61.33 Y201.712
M204 S1800
M205 X8 Y8
G1 F1200 X91.434 Y171.609 E2299.02793
M204 S3000
M205 X10 Y10
G0 F6000 X91.86 Y171.748
M204 S1800
M205 X8 Y8
G1 F1200 X55.485 Y208.124 E2300.73892
M204 S3000
M205 X10 Y10
G0 F6000 X55.608 Y208.566
M204 S1800
M205 X8 Y8
G1 F1200 X92.287 Y171.887 E2302.46419
M204 S3000
M205 X10 Y10
G0 F6000 X92.713 Y172.027
M204 S1800
M205 X8 Y8
G1 F1200 X55.73 Y209.01 E2304.20376
M204 S3000
M205 X10 Y10
G0 F6000 X55.862 Y209.443
M204 S1800
M205 X8 Y8
G1 F1200 X93.135 Y172.17 E2305.95697
M204 S3000
M205 X10 Y10
G0 F6000 X93.558 Y172.314
M204 S1800
M205 X8 Y8
G1 F1200 X56.024 Y209.848 E2307.72245
M204 S3000
M205 X10 Y10
G0 F6000 X56.184 Y210.253
M204 S1800
M205 X8 Y8
G1 F1200 X93.98 Y172.457 E2309.50026
M204 S3000
M205 X10 Y10
G0 F6000 X94.402 Y172.6
M204 S1800
M205 X8 Y8
G1 F1200 X56.345 Y210.658 E2311.29037
M204 S3000
M205 X10 Y10
G0 F6000 X56.505 Y211.063
M204 S1800
M205 X8 Y8
G1 F1200 X94.802 Y172.766 E2313.09174
M204 S3000
M205 X10 Y10
G0 F6000 X95.194 Y172.939
M204 S1800
M205 X8 Y8
G1 F1200 X56.666 Y211.468 E2314.904
M204 S3000
M205 X10 Y10
G0 F6000 X56.827 Y211.873
M204 S1800
M205 X8 Y8
G1 F1200 X93.232 Y175.468 E2316.61638
G1 X93.302 Y175.398
M204 S3000
M205 X10 Y10
G0 F6000 X92.88 Y176.385
M204 S1800
M205 X8 Y8
G1 F1200 X56.987 Y212.278 E2318.30468
M204 S3000
M205 X10 Y10
G0 F6000 X57.179 Y212.652
M204 S1800
M205 X8 Y8
G1 F1200 X92.722 Y177.109 E2319.97651
M204 S3000
M205 X10 Y10
G0 F6000 X92.714 Y177.683
M204 S1800
M205 X8 Y8
G1 F1200 X57.374 Y213.022 E2321.63877
M204 S3000
M205 X10 Y10
G0 F6000 X57.57 Y213.392
M204 S1800
M205 X8 Y8
G1 F1200 X76.595 Y194.367 E2322.53365
G1 X76.665 Y194.297
M204 S3000
M205 X10 Y10
G0 F6000 X75.622 Y195.906
M204 S1800
M205 X8 Y8
G1 F1200 X57.765 Y213.763 E2323.37359
M204 S3000
M205 X10 Y10
G0 F6000 X57.96 Y214.133
M204 S1800
M205 X8 Y8
G1 F1200 X75.248 Y196.846 E2324.18674
G1 X75.318 Y196.776
M204 S3000
M205 X10 Y10
G0 F6000 X74.948 Y197.712
M204 S1800
M205 X8 Y8
G1 F1200 X58.155 Y214.504 E2324.97661
M204 S3000
M205 X10 Y10
G0 F6000 X58.351 Y214.874
M204 S1800
M205 X8 Y8
G1 F1200 X74.814 Y198.412 E2325.75095
M204 S3000
M205 X10 Y10
G0 F6000 X74.729 Y199.061
M204 S1800
M205 X8 Y8
G1 F1200 X58.556 Y215.234 E2326.51168
M204 S3000
M205 X10 Y10
G0 F6000 X58.785 Y215.572
M204 S1800
M205 X8 Y8
G1 F1200 X74.661 Y199.696 E2327.25844
M204 S3000
M205 X10 Y10
G0 F6000 X74.664 Y200.259
M204 S1800
M205 X8 Y8
G1 F1200 X59.013 Y215.91 E2327.99462
M204 S3000
M205 X10 Y10
G0 F6000 X59.241 Y216.247
M204 S1800
M205 X8 Y8
G1 F1200 X74.714 Y200.774 E2328.72242
M204 S3000
M205 X10 Y10
G0 F6000 X74.768 Y201.285
M204 S1800
M205 X8 Y8
G1 F1200 X59.469 Y216.584 E2329.44204
M204 S3000
M205 X10 Y10
G0 F6000 X59.697 Y216.922
M204 S1800
M205 X8 Y8
G1 F1200 X74.829 Y201.79 E2330.1538
M204 S3000
M205 X10 Y10
G0 F6000 X74.943 Y202.242
M204 S1800
M205 X8 Y8
G1 F1200 X59.925 Y217.259 E2330.86018
M204 S3000
M205 X10 Y10
G0 F6000 X60.153 Y217.597
M204 S1800
M205 X8 Y8
G1 F1200 X75.085 Y202.665 E2331.56253
M204 S3000
M205 X10 Y10
G0 F6000 X75.226 Y203.09
M204 S1800
M205 X8 Y8
G1 F1200 X60.398 Y217.918 E2332.26
M204 S3000
M205 X10 Y10
G0 F6000 X60.657 Y218.225
M204 S1800
M205 X8 Y8
G1 F1200 X75.373 Y203.509 E2332.95219
M204 S3000
M205 X10 Y10
G0 F6000 X75.526 Y203.922
M204 S1800
M205 X8 Y8
G1 F1200 X60.917 Y218.531 E2333.63935
M204 S3000
M205 X10 Y10
G0 F6000 X61.176 Y218.837
M204 S1800
M205 X8 Y8
G1 F1200 X75.74 Y204.273 E2334.3244
M204 S3000
M205 X10 Y10
G0 F6000 X75.953 Y204.626
M204 S1800
M205 X8 Y8
G1 F1200 X61.436 Y219.142 E2335.00721
M204 S3000
M205 X10 Y10
G0 F6000 X61.696 Y219.449
M204 S1800
M205 X8 Y8
G1 F1200 X76.17 Y204.975 E2335.68802
M204 S3000
M205 X10 Y10
G0 F6000 X76.39 Y205.32
M204 S1800
M205 X8 Y8
G1 F1200 X61.955 Y219.755 E2336.367
M204 S3000
M205 X10 Y10
G0 F6000 X62.215 Y220.061
M204 S1800
M205 X8 Y8
G1 F1200 X76.617 Y205.659 E2337.04443
M204 S3000
M205 X10 Y10
G0 F6000 X76.89 Y205.951
M204 S1800
M205 X8 Y8
G1 F1200 X62.492 Y220.35 E2337.72169
M204 S3000
M205 X10 Y10
G0 F6000 X62.782 Y220.625
M204 S1800
M205 X8 Y8
G1 F1200 X77.173 Y206.234 E2338.3986
M204 S3000
M205 X10 Y10
G0 F6000 X77.457 Y206.516
M204 S1800
M205 X8 Y8
G1 F1200 X63.072 Y220.901 E2339.07522
M204 S3000
M205 X10 Y10
G0 F6000 X63.362 Y221.177
M204 S1800
M205 X8 Y8
G1 F1200 X77.742 Y206.797 E2339.75162
M204 S3000
M205 X10 Y10
G0 F6000 X78.026 Y207.079
M204 S1800
M205 X8 Y8
G1 F1200 X63.652 Y221.453 E2340.42772
M204 S3000
M205 X10 Y10
G0 F6000 X63.942 Y221.728
M204 S1800
M205 X8 Y8
G1 F1200 X78.365 Y207.305 E2341.10614
M204 S3000
M205 X10 Y10
G0 F6000 X78.711 Y207.525
M204 S1800
M205 X8 Y8
G1 F1200 X64.232 Y222.004 E2341.78719
M204 S3000
M205 X10 Y10
G0 F6000 X64.522 Y222.28
M204 S1800
M205 X8 Y8
G1 F1200 X79.06 Y207.741 E2342.47103
M204 S3000
M205 X10 Y10
G0 F6000 X79.409 Y207.958
M204 S1800
M205 X8 Y8
G1 F1200 X64.831 Y222.536 E2343.15674
M204 S3000
M205 X10 Y10
G0 F6000 X65.152 Y222.781
M204 S1800
M205 X8 Y8
G1 F1200 X79.763 Y208.17 E2343.84399
M204 S3000
M205 X10 Y10
G0 F6000 X80.171 Y208.328
M204 S1800
M205 X8 Y8
G1 F1200 X65.473 Y223.026 E2344.53534
M204 S3000
M205 X10 Y10
G0 F6000 X65.794 Y223.271
M204 S1800
M205 X8 Y8
G1 F1200 X80.591 Y208.474 E2345.23135
M204 S3000
M205 X10 Y10
G0 F6000 X81.011 Y208.619
M204 S1800
M205 X8 Y8
G1 F1200 X66.114 Y223.516 E2345.93206
M204 S3000
M205 X10 Y10
G0 F6000 X66.435 Y223.761
M204 S1800
M205 X8 Y8
G1 F1200 X81.431 Y208.764 E2346.63745
M204 S3000
M205 X10 Y10
G0 F6000 X81.879 Y208.882
M204 S1800
M205 X8 Y8
G1 F1200 X66.756 Y224.005 E2347.34879
M204 S3000
M205 X10 Y10
G0 F6000 X67.088 Y224.239
M204 S1800
M205 X8 Y8
G1 F1200 X82.387 Y208.94 E2348.0684
M204 S3000
M205 X10 Y10
G0 F6000 X82.897 Y208.996
M204 S1800
M205 X8 Y8
G1 F1200 X67.422 Y224.471 E2348.7963
M204 S3000
M205 X10 Y10
G0 F6000 X67.77 Y224.688
M204 S1800
M205 X8 Y8
G1 F1200 X83.406 Y209.052 E2349.53177
M204 S3000
M205 X10 Y10
G0 F6000 X83.976 Y209.048
M204 S1800
M205 X8 Y8
G1 F1200 X68.124 Y224.9 E2350.2774
M204 S3000
M205 X10 Y10
G0 F6000 X68.476 Y225.113
M204 S1800
M205 X8 Y8
G1 F1200 X84.603 Y208.986 E2351.03596
M204 S3000
M205 X10 Y10
G0 F6000 X85.243 Y208.913
M204 S1800
M205 X8 Y8
G1 F1200 X68.829 Y225.326 E2351.808
M204 S3000
M205 X10 Y10
G0 F6000 X69.182 Y225.539
M204 S1800
M205 X8 Y8
G1 F1200 X85.938 Y208.783 E2352.59616
G1 X86.008 Y208.713
M204 S3000
M205 X10 Y10
G0 F6000 X86.8 Y208.486
M204 S1800
M205 X8 Y8
G1 F1200 X69.535 Y225.752 E2353.40827
M204 S3000
M205 X10 Y10
G0 F6000 X69.89 Y225.963
M204 S1800
M205 X8 Y8
G1 F1200 X87.744 Y208.109 E2354.24807
G1 X87.814 Y208.039
M204 S3000
M205 X10 Y10
G0 F6000 X89.2 Y207.218
M204 S1800
M205 X8 Y8
G1 F1200 X70.275 Y226.143 E2355.13824
M204 S3000
M205 X10 Y10
G0 F6000 X70.661 Y226.322
M204 S1800
M205 X8 Y8
G1 F1200 X110.044 Y186.94 E2356.99068
M204 S3000
M205 X10 Y10
G0 F6000 X110.24 Y187.31
M204 S1800
M205 X8 Y8
G1 F1200 X71.047 Y226.503 E2358.83419
M204 S3000
M205 X10 Y10
G0 F6000 X71.433 Y226.682
M204 S1800
M205 X8 Y8
G1 F1200 X110.421 Y187.695 E2360.66805
M204 S3000
M205 X10 Y10
G0 F6000 X110.59 Y188.091
M204 S1800
M205 X8 Y8
G1 F1200 X71.818 Y226.863 E2362.49176
M204 S3000
M205 X10 Y10
G0 F6000 X72.204 Y227.042
M204 S1800
M205 X8 Y8
G1 F1200 X110.756 Y188.491 E2364.30511
M204 S3000
M205 X10 Y10
G0 F6000 X110.918 Y188.895
M204 S1800
M205 X8 Y8
G1 F1200 X72.601 Y227.211 E2366.1074
M204 S3000
M205 X10 Y10
G0 F6000 X73.002 Y227.376
M204 S1800
M205 X8 Y8
G1 F1200 X111.079 Y189.299 E2367.89842
M204 S3000
M205 X10 Y10
G0 F6000 X111.241 Y189.703
M204 S1800
M205 X8 Y8
G1 F1200 X73.414 Y227.529 E2369.67767
M204 S3000
M205 X10 Y10
G0 F6000 X73.837 Y227.672
M204 S1800
M205 X8 Y8
G1 F1200 X111.402 Y190.107 E2371.44461
M204 S3000
M205 X10 Y10
G0 F6000 X111.558 Y190.517
M204 S1800
M205 X8 Y8
G1 F1200 X74.26 Y227.815 E2373.19899
M204 S3000
M205 X10 Y10
G0 F6000 X74.683 Y227.957
M204 S1800
M205 X8 Y8
G1 F1200 X111.692 Y190.949 E2374.93976
M204 S3000
M205 X10 Y10
G0 F6000 X111.826 Y191.381
M204 S1800
M205 X8 Y8
G1 F1200 X75.106 Y228.1 E2376.66693
M204 S3000
M205 X10 Y10
G0 F6000 X75.539 Y228.233
M204 S1800
M205 X8 Y8
G1 F1200 X111.949 Y191.823 E2378.37954
M204 S3000
M205 X10 Y10
G0 F6000 X112.072 Y192.266
M204 S1800
M205 X8 Y8
G1 F1200 X75.98 Y228.358 E2380.0772
M204 S3000
M205 X10 Y10
G0 F6000 X76.429 Y228.474
M204 S1800
M205 X8 Y8
G1 F1200 X112.194 Y192.709 E2381.75948
M204 S3000
M205 X10 Y10
G0 F6000 X112.312 Y193.157
M204 S1800
M205 X8 Y8
G1 F1200 X76.892 Y228.577 E2383.42553
M204 S3000
M205 X10 Y10
G0 F6000 X77.355 Y228.68
M204 S1800
M205 X8 Y8
G1 F1200 X112.417 Y193.617 E2385.07476
M204 S3000
M205 X10 Y10
G0 F6000 X112.523 Y194.078
M204 S1800
M205 X8 Y8
G1 F1200 X77.818 Y228.782 E2386.70715
M204 S3000
M205 X10 Y10
G0 F6000 X78.28 Y228.886
M204 S1800
M205 X8 Y8
G1 F1200 X112.612 Y194.554 E2388.32202
M204 S3000
M205 X10 Y10
G0 F6000 X112.693 Y195.039
M204 S1800
M205 X8 Y8
G1 F1200 X78.759 Y228.973 E2389.91818
M204 S3000
M205 X10 Y10
G0 F6000 X79.241 Y229.056
M204 S1800
M205 X8 Y8
G1 F1200 X112.849 Y195.449 E2391.49897
M204 S3000
M205 X10 Y10
G0 F6000 X113.084 Y195.779
M204 S1800
M205 X8 Y8
G1 F1200 X79.746 Y229.118 E2393.06711
M204 S3000
M205 X10 Y10
G0 F6000 X80.255 Y229.174
M204 S1800
M205 X8 Y8
G1 F1200 X113.393 Y196.036 E2394.62582
M204 S3000
M205 X10 Y10
G0 F6000 X113.773 Y196.222
M204 S1800
M205 X8 Y8
G1 F1200 X80.765 Y229.23 E2396.17841
M204 S3000
M205 X10 Y10
G0 F6000 X81.274 Y229.287
M204 S1800
M205 X8 Y8
G1 F1200 X114.254 Y196.306 E2397.72972
M204 S3000
M205 X10 Y10
G0 F6000 X114.823 Y196.303
M204 S1800
M205 X8 Y8
G1 F1200 X81.794 Y229.332 E2399.2833
M204 S3000
M205 X10 Y10
G0 F6000 X82.327 Y229.364
M204 S1800
M205 X8 Y8
G1 F1200 X115.392 Y196.299 E2400.83858
M204 S3000
M205 X10 Y10
G0 F6000 X115.961 Y196.297
M204 S1800
M205 X8 Y8
G1 F1200 X82.882 Y229.375 E2402.39449
M204 S3000
M205 X10 Y10
G0 F6000 X83.447 Y229.376
M204 S1800
M205 X8 Y8
G1 F1200 X116.53 Y196.293 E2403.95061
M204 S3000
M205 X10 Y10
G0 F6000 X117.099 Y196.29
M204 S1800
M205 X8 Y8
G1 F1200 X84.012 Y229.376 E2405.5069
M204 S3000
M205 X10 Y10
G0 F6000 X84.577 Y229.377
M204 S1800
M205 X8 Y8
G1 F1200 X93.036 Y220.918 E2405.90478
G1 X93.106 Y220.848
M204 S3000
M205 X10 Y10
G0 F6000 X92.784 Y221.736
M204 S1800
M205 X8 Y8
G1 F1200 X85.142 Y229.378 E2406.26424
M204 S3000
M205 X10 Y10
G0 F6000 X85.758 Y229.328
M204 S1800
M205 X8 Y8
G1 F1200 X92.693 Y222.392 E2406.59046
M204 S3000
M205 X10 Y10
G0 F6000 X92.732 Y222.919
M204 S1800
M205 X8 Y8
G1 F1200 X86.391 Y229.26 E2406.88872
M204 S3000
M205 X10 Y10
G0 F6000 X87.026 Y229.191
M204 S1800
M205 X8 Y8
G1 F1200 X92.825 Y223.392 E2407.16149
M204 S3000
M205 X10 Y10
G0 F6000 X92.937 Y223.845
M204 S1800
M205 X8 Y8
G1 F1200 X87.66 Y229.123 E2407.40973
M204 S3000
M205 X10 Y10
G0 F6000 X88.295 Y229.053
M204 S1800
M205 X8 Y8
G1 F1200 X93.09 Y224.258 E2407.63527
M204 S3000
M205 X10 Y10
G0 F6000 X93.295 Y224.619
M204 S1800
M205 X8 Y8
G1 F1200 X88.999 Y228.915 E2407.83734
M204 S3000
M205 X10 Y10
G0 F6000 X89.724 Y228.756
M204 S1800
M205 X8 Y8
G1 F1200 X93.544 Y224.936 E2408.01702
M204 S3000
M205 X10 Y10
G0 F6000 X93.797 Y225.249
M204 S1800
M205 X8 Y8
G1 F1200 X90.45 Y228.596 E2408.17446
M204 S3000
M205 X10 Y10
G0 F6000 X91.175 Y228.436
M204 S1800
M205 X8 Y8
G1 F1200 X94.079 Y225.533 E2408.31103
M204 S3000
M205 X10 Y10
G0 F6000 X94.388 Y225.789
M204 S1800
M205 X8 Y8
G1 F1200 X91.955 Y228.222 E2408.42547
G1 X91.885 Y228.292
M204 S3000
M205 X10 Y10
G0 F6000 X92.803 Y227.94
M204 S1800
M205 X8 Y8
G1 F1200 X94.74 Y226.002 E2408.5166
M204 S3000
M205 X10 Y10
G0 F6000 X95.135 Y226.173
M204 S1800
M205 X8 Y8
G1 F1200 X93.657 Y227.652 E2408.58615
G1 X93.587 Y227.722
M204 S3000
M205 X10 Y10
G0 F6000 X94.528 Y227.346
M204 S1800
M205 X8 Y8
G1 F1200 X95.534 Y226.34 E2408.63347
M204 S3000
M205 X10 Y10
G0 F6000 X95.974 Y226.465
M204 S1800
M205 X8 Y8
G1 F1200 X95.542 Y226.898 E2408.65381
M204 S3000
M205 X10 Y10
G0 F6000 X100.764 Y223.939
M204 S1800
M205 X8 Y8
G1 F1200 X107.631 Y217.071 E2408.97684
G1 X107.701 Y217.001
M204 S3000
M205 X10 Y10
G0 F6000 X108.784 Y215.353
M204 S1800
M205 X8 Y8
G1 F1200 X100.597 Y223.539 E2409.3619
M204 S3000
M205 X10 Y10
G0 F6000 X100.685 Y222.886
M204 S1800
M205 X8 Y8
G1 F1200 X109.504 Y214.067 E2409.77672
G1 X109.574 Y213.997
M204 S3000
M205 X10 Y10
G0 F6000 X110.148 Y212.858
M204 S1800
M205 X8 Y8
G1 F1200 X100.713 Y222.293 E2410.22052
M204 S3000
M205 X10 Y10
G0 F6000 X100.665 Y221.774
M204 S1800
M205 X8 Y8
G1 F1200 X110.615 Y211.825 E2410.68851
G1 X110.685 Y211.755
M204 S3000
M205 X10 Y10
G0 F6000 X110.983 Y210.891
M204 S1800
M205 X8 Y8
G1 F1200 X100.546 Y221.328 E2411.17943
M204 S3000
M205 X10 Y10
G0 F6000 X100.373 Y220.935
M204 S1800
M205 X8 Y8
G1 F1200 X111.354 Y209.954 E2411.69595
G1 X111.424 Y209.884
M204 S3000
M205 X10 Y10
G0 F6000 X111.697 Y209.046
M204 S1800
M205 X8 Y8
G1 F1200 X100.193 Y220.55 E2412.23706
M204 S3000
M205 X10 Y10
G0 F6000 X99.979 Y220.198
M204 S1800
M205 X8 Y8
G1 F1200 X111.918 Y208.259 E2412.79863
G1 X111.988 Y208.189
M204 S3000
M205 X10 Y10
G0 F6000 X112.139 Y207.472
M204 S1800
M205 X8 Y8
G1 F1200 X99.739 Y219.872 E2413.38189
M204 S3000
M205 X10 Y10
G0 F6000 X99.451 Y219.594
M204 S1800
M205 X8 Y8
G1 F1200 X112.347 Y206.699 E2413.98846
M204 S3000
M205 X10 Y10
G0 F6000 X112.495 Y205.985
M204 S1800
M205 X8 Y8
G1 F1200 X99.13 Y219.35 E2414.6171
M204 S3000
M205 X10 Y10
G0 F6000 X98.81 Y219.104
M204 S1800
M205 X8 Y8
G1 F1200 X112.644 Y205.27 E2415.26781
G1 X112.714 Y205.2
M204 S3000
M205 X10 Y10
G0 F6000 X114.127 Y203.788
M204 S1800
M205 X8 Y8
G1 F1200 X121.65 Y196.264 E2415.6217
M204 S3000
M205 X10 Y10
G0 F6000 X122.219 Y196.261
M204 S1800
M205 X8 Y8
G1 F1200 X114.691 Y203.789 E2415.97579
M204 S3000
M205 X10 Y10
G0 F6000 X115.255 Y203.791
M204 S1800
M205 X8 Y8
G1 F1200 X122.788 Y196.258 E2416.33012
M204 S3000
M205 X10 Y10
G0 F6000 X123.357 Y196.254
M204 S1800
M205 X8 Y8
G1 F1200 X115.819 Y203.792 E2416.68468
M204 S3000
M205 X10 Y10
G0 F6000 X116.384 Y203.793
M204 S1800
M205 X8 Y8
G1 F1200 X123.926 Y196.251 E2417.03944
M204 S3000
M205 X10 Y10
G0 F6000 X124.213 Y196.53
M204 S1800
M205 X8 Y8
G1 F1200 X124.495 Y196.248 E2417.0527
M204 S3000
M205 X10 Y10
G0 F6000 X122.745 Y197.998
M204 S1800
M205 X8 Y8
G1 F1200 X116.948 Y203.795 E2417.32537
M204 S3000
M205 X10 Y10
G0 F6000 X117.512 Y203.796
M204 S1800
M205 X8 Y8
G1 F1200 X122.379 Y198.929 E2417.5543
M204 S3000
M205 X10 Y10
G0 F6000 X122.223 Y199.651
M204 S1800
M205 X8 Y8
G1 F1200 X118.076 Y203.798 E2417.74936
M204 S3000
M205 X10 Y10
G0 F6000 X118.641 Y203.799
M204 S1800
M205 X8 Y8
G1 F1200 X122.214 Y200.225 E2417.91745
M204 S3000
M205 X10 Y10
G0 F6000 X122.299 Y200.706
M204 S1800
M205 X8 Y8
G1 F1200 X119.205 Y203.8 E2418.06298
M204 S3000
M205 X10 Y10
G0 F6000 X119.769 Y203.802
M204 S1800
M205 X8 Y8
G1 F1200 X122.387 Y201.184 E2418.18613
M204 S3000
M205 X10 Y10
G0 F6000 X122.533 Y201.603
M204 S1800
M205 X8 Y8
G1 F1200 X120.334 Y203.803 E2418.28958
M204 S3000
M205 X10 Y10
G0 F6000 X120.898 Y203.805
M204 S1800
M205 X8 Y8
G1 F1200 X122.724 Y201.979 E2418.37547
M204 S3000
M205 X10 Y10
G0 F6000 X122.951 Y202.317
M204 S1800
M205 X8 Y8
G1 F1200 X121.463 Y203.805 E2418.44546
M204 S3000
M205 X10 Y10
G0 F6000 X122.032 Y203.802
M204 S1800
M205 X8 Y8
G1 F1200 X123.214 Y202.62 E2418.50106
M204 S3000
M205 X10 Y10
G0 F6000 X123.476 Y202.924
M204 S1800
M205 X8 Y8
G1 F1200 X122.601 Y203.799 E2418.54222
M204 S3000
M205 X10 Y10
G0 F6000 X123.169 Y203.796
M204 S1800
M205 X8 Y8
G1 F1200 X123.781 Y203.185 E2418.57098
M204 S3000
M205 X10 Y10
G0 F6000 X124.116 Y203.415
M204 S1800
M205 X8 Y8
G1 F1200 X123.738 Y203.793 E2418.58876
M204 S3000
M205 X10 Y10
G0 F6000 X124.307 Y203.79
M204 S1800
M205 X8 Y8
G1 F1200 X124.503 Y203.594 E2418.59798
M204 S3000
M205 X10 Y10
G0 F6000 X121.081 Y196.268
M204 S1800
M205 X8 Y8
G1 F1200 X98.447 Y218.901 E2419.66259
M204 S3000
M205 X10 Y10
G0 F6000 X98.05 Y218.732
M204 S1800
M205 X8 Y8
G1 F1200 X120.512 Y196.27 E2420.71914
M204 S3000
M205 X10 Y10
G0 F6000 X119.943 Y196.274
M204 S1800
M205 X8 Y8
G1 F1200 X97.594 Y218.623 E2421.77036
M204 S3000
M205 X10 Y10
G0 F6000 X97.11 Y218.541
M204 S1800
M205 X8 Y8
G1 F1200 X119.375 Y196.277 E2422.81762
M204 S3000
M205 X10 Y10
G0 F6000 X118.805 Y196.28
M204 S1800
M205 X8 Y8
G1 F1200 X96.575 Y218.51 E2423.86325
M204 S3000
M205 X10 Y10
G0 F6000 X95.944 Y218.576
M204 S1800
M205 X8 Y8
G1 F1200 X118.236 Y196.284 E2424.9118
M204 S3000
M205 X10 Y10
G0 F6000 X117.668 Y196.287
M204 S1800
M205 X8 Y8
G1 F1200 X95.102 Y218.853 E2425.97323
G1 X95.032 Y218.923
M204 S3000
M205 X10 Y10
G0 F6000 X104.353 Y220.915
M204 S1800
M205 X8 Y8
G1 F1200 X105.25 Y220.018 E2426.01542
G1 X105.32 Y219.948
M204 S3000
M205 X10 Y10
G0 F6000 X90.912 Y205.507
M204 S1800
M205 X8 Y8
G1 F1200 X109.848 Y186.57 E2426.90614
M204 S3000
M205 X10 Y10
G0 F6000 X109.652 Y186.201
M204 S1800
M205 X8 Y8
G1 F1200 X91.873 Y203.979 E2427.74238
G1 X91.803 Y204.049
M204 S3000
M205 X10 Y10
G0 F6000 X92.198 Y203.089
M204 S1800
M205 X8 Y8
G1 F1200 X109.455 Y185.831 E2428.55412
M204 S3000
M205 X10 Y10
G0 F6000 X109.259 Y185.462
M204 S1800
M205 X8 Y8
G1 F1200 X92.495 Y202.226 E2429.34265
M204 S3000
M205 X10 Y10
G0 F6000 X92.628 Y201.528
M204 S1800
M205 X8 Y8
G1 F1200 X109.057 Y185.099 E2430.11542
M204 S3000
M205 X10 Y10
G0 F6000 X108.854 Y184.735
M204 S1800
M205 X8 Y8
G1 F1200 X92.705 Y200.885 E2430.87504
M204 S3000
M205 X10 Y10
G0 F6000 X92.773 Y200.251
M204 S1800
M205 X8 Y8
G1 F1200 X108.63 Y184.394 E2431.62091
M204 S3000
M205 X10 Y10
G0 F6000 X108.402 Y184.057
M204 S1800
M205 X8 Y8
G1 F1200 X92.759 Y199.699 E2432.35668
M204 S3000
M205 X10 Y10
G0 F6000 X92.71 Y199.182
M204 S1800
M205 X8 Y8
G1 F1200 X108.173 Y183.719 E2433.08402
M204 S3000
M205 X10 Y10
G0 F6000 X107.944 Y183.383
M204 S1800
M205 X8 Y8
G1 F1200 X92.652 Y198.675 E2433.80331
M204 S3000
M205 X10 Y10
G0 F6000 X92.592 Y198.17
M204 S1800
M205 X8 Y8
G1 F1200 X107.716 Y183.045 E2434.51472
M204 S3000
M205 X10 Y10
G0 F6000 X107.486 Y182.71
M204 S1800
M205 X8 Y8
G1 F1200 X92.476 Y197.719 E2435.22072
M204 S3000
M205 X10 Y10
G0 F6000 X92.335 Y197.295
M204 S1800
M205 X8 Y8
G1 F1200 X107.251 Y182.379 E2435.92232
M204 S3000
M205 X10 Y10
G0 F6000 X107.015 Y182.049
M204 S1800
M205 X8 Y8
G1 F1200 X92.188 Y196.876 E2436.61974
M204 S3000
M205 X10 Y10
G0 F6000 X92.039 Y196.459
M204 S1800
M205 X8 Y8
G1 F1200 X106.756 Y181.743 E2437.31196
M204 S3000
M205 X10 Y10
G0 F6000 X106.496 Y181.437
M204 S1800
M205 X8 Y8
G1 F1200 X91.887 Y196.046 E2437.99912
M204 S3000
M205 X10 Y10
G0 F6000 X91.672 Y195.695
M204 S1800
M205 X8 Y8
G1 F1200 X106.236 Y181.131 E2438.68416
M204 S3000
M205 X10 Y10
G0 F6000 X105.976 Y180.825
M204 S1800
M205 X8 Y8
G1 F1200 X91.457 Y195.344 E2439.36709
M204 S3000
M205 X10 Y10
G0 F6000 X91.239 Y194.997
M204 S1800
M205 X8 Y8
G1 F1200 X105.717 Y180.519 E2440.04809
M204 S3000
M205 X10 Y10
G0 F6000 X105.456 Y180.214
M204 S1800
M205 X8 Y8
G1 F1200 X91.02 Y194.65 E2440.72712
M204 S3000
M205 X10 Y10
G0 F6000 X90.781 Y194.323
M204 S1800
M205 X8 Y8
G1 F1200 X105.189 Y179.915 E2441.40483
M204 S3000
M205 X10 Y10
G0 F6000 X104.921 Y179.618
M204 S1800
M205 X8 Y8
G1 F1200 X90.505 Y194.034 E2442.08291
M204 S3000
M205 X10 Y10
G0 F6000 X90.228 Y193.745
M204 S1800
M205 X8 Y8
G1 F1200 X104.63 Y179.343 E2442.76034
M204 S3000
M205 X10 Y10
G0 F6000 X104.339 Y179.068
M204 S1800
M205 X8 Y8
G1 F1200 X89.948 Y193.46 E2443.43727
M204 S3000
M205 X10 Y10
G0 F6000 X89.664 Y193.178
M204 S1800
M205 X8 Y8
G1 F1200 X104.05 Y178.792 E2444.11394
M204 S3000
M205 X10 Y10
G0 F6000 X103.759 Y178.517
M204 S1800
M205 X8 Y8
G1 F1200 X89.369 Y192.907 E2444.7908
M204 S3000
M205 X10 Y10
G0 F6000 X89.028 Y192.683
M204 S1800
M205 X8 Y8
G1 F1200 X103.468 Y178.242 E2445.47004
M204 S3000
M205 X10 Y10
G0 F6000 X103.176 Y177.968
M204 S1800
M205 X8 Y8
G1 F1200 X88.687 Y192.458 E2446.15158
M204 S3000
M205 X10 Y10
G0 F6000 X88.339 Y192.24
M204 S1800
M205 X8 Y8
G1 F1200 X102.88 Y177.699 E2446.83555
M204 S3000
M205 X10 Y10
G0 F6000 X102.572 Y177.441
M204 S1800
M205 X8 Y8
G1 F1200 X87.989 Y192.024 E2447.52149
M204 S3000
M205 X10 Y10
G0 F6000 X87.636 Y191.811
M204 S1800
M205 X8 Y8
G1 F1200 X98.266 Y181.181 E2448.02149
G1 X98.336 Y181.111
M204 S3000
M205 X10 Y10
G0 F6000 X97.473 Y181.409
M204 S1800
M205 X8 Y8
G1 F1200 X87.22 Y191.662 E2448.50376
M204 S3000
M205 X10 Y10
G0 F6000 X86.805 Y191.512
M204 S1800
M205 X8 Y8
G1 F1200 X96.864 Y181.452 E2448.97693
M204 S3000
M205 X10 Y10
G0 F6000 X96.274 Y181.476
M204 S1800
M205 X8 Y8
G1 F1200 X86.384 Y191.367 E2449.44215
M204 S3000
M205 X10 Y10
G0 F6000 X85.962 Y191.222
M204 S1800
M205 X8 Y8
G1 F1200 X95.802 Y181.383 E2449.90497
M204 S3000
M205 X10 Y10
G0 F6000 X95.375 Y181.244
M204 S1800
M205 X8 Y8
G1 F1200 X85.501 Y191.118 E2450.36941
M204 S3000
M205 X10 Y10
G0 F6000 X84.996 Y191.058
M204 S1800
M205 X8 Y8
G1 F1200 X94.98 Y181.073 E2450.83905
M204 S3000
M205 X10 Y10
G0 F6000 X94.605 Y180.882
M204 S1800
M205 X8 Y8
G1 F1200 X84.49 Y190.998 E2451.31485
M204 S3000
M205 X10 Y10
G0 F6000 X83.98 Y190.942
M204 S1800
M205 X8 Y8
G1 F1200 X94.258 Y180.665 E2451.79827
M204 S3000
M205 X10 Y10
G0 F6000 X93.964 Y180.392
M204 S1800
M205 X8 Y8
G1 F1200 X83.414 Y190.942 E2452.29451
M204 S3000
M205 X10 Y10
G0 F6000 X82.776 Y191.015
M204 S1800
M205 X8 Y8
G1 F1200 X93.697 Y180.094 E2452.8082
M204 S3000
M205 X10 Y10
G0 F6000 X93.445 Y179.78
M204 S1800
M205 X8 Y8
G1 F1200 X82.137 Y191.088 E2453.3401
M204 S3000
M205 X10 Y10
G0 F6000 X81.433 Y191.226
M204 S1800
M205 X8 Y8
G1 F1200 X93.212 Y179.447 E2453.89414
M204 S3000
M205 X10 Y10
G0 F6000 X93.027 Y179.067
M204 S1800
M205 X8 Y8
G1 F1200 X80.558 Y191.536 E2454.48065
G1 X80.488 Y191.606
M204 S3000
M205 X10 Y10
G0 F6000 X79.633 Y191.895
M204 S1800
M205 X8 Y8
G1 F1200 X92.88 Y178.648 E2455.10375
M204 S3000
M205 X10 Y10
G0 F6000 X92.797 Y178.166
M204 S1800
M205 X8 Y8
G1 F1200 X78.095 Y192.867 E2455.79526
G1 X78.025 Y192.937
M204 S3000
M205 X10 Y10
G0 F6000 X59.404 Y203.638
M204 S1800
M205 X8 Y8
G1 F1200 X55.362 Y207.68 E2455.98538
M204 S3000
M205 X10 Y10
G0 F6000 X55.239 Y207.238
M204 S1800
M205 X8 Y8
G1 F1200 X58.568 Y203.909 E2456.14197
M204 S3000
M205 X10 Y10
G0 F6000 X57.934 Y203.977
M204 S1800
M205 X8 Y8
G1 F1200 X55.117 Y206.794 E2456.27447
M204 S3000
M205 X10 Y10
G0 F6000 X54.994 Y206.352
M204 S1800
M205 X8 Y8
G1 F1200 X57.35 Y203.996 E2456.38529
M204 S3000
M205 X10 Y10
G0 F6000 X56.865 Y203.915
M204 S1800
M205 X8 Y8
G1 F1200 X54.911 Y205.869 E2456.4772
M204 S3000
M205 X10 Y10
G0 F6000 X54.832 Y205.382
M204 S1800
M205 X8 Y8
G1 F1200 X56.429 Y203.785 E2456.55232
M204 S3000
M205 X10 Y10
G0 F6000 X56.035 Y203.614
M204 S1800
M205 X8 Y8
G1 F1200 X54.753 Y204.896 E2456.61262
M204 S3000
M205 X10 Y10
G0 F6000 X54.674 Y204.409
M204 S1800
M205 X8 Y8
G1 F1200 X55.647 Y203.436 E2456.65839
M204 S3000
M205 X10 Y10
G0 F6000 X55.301 Y203.216
M204 S1800
M205 X8 Y8
G1 F1200 X54.596 Y203.921 E2456.69155
M204 S3000
M205 X10 Y10
G0 F6000 X54.517 Y203.435
M204 S1800
M205 X8 Y8
G1 F1200 X55.005 Y202.947 E2456.7145
M204 S3000
M205 X10 Y10
G0 F6000 X54.732 Y202.653
M204 S1800
M205 X8 Y8
G1 F1200 X54.456 Y202.93 E2456.72751
M204 S3000
M205 X10 Y10
G0 F6000 X57.801 Y203.081
G0 X58.815 Y202.901
G0 X59.523 Y202.469
G0 X94.684 Y174.016
M204 S1800
M205 X8 Y8
G1 F1200 X95.581 Y173.118 E2456.76972
M204 S3000
M205 X10 Y10
G0 F6000 X95.969 Y173.297
M204 S1800
M205 X8 Y8
G1 F1200 X95.617 Y173.648 E2456.78626
M204 S3000
M205 X10 Y10
G0 F6000 X97.962 Y174.679
G0 X100.48 Y176.139
M204 S1800
M205 X8 Y8
G1 F1200 X100.646 Y175.974 E2456.79404
M204 S3000
M205 X10 Y10
G0 F6000 X100.969 Y176.215
M204 S1800
M205 X8 Y8
G1 F1200 X100.619 Y176.565 E2456.8105
M204 S3000
M205 X10 Y10
G0 F6000 X100.694 Y177.056
M204 S1800
M205 X8 Y8
G1 F1200 X101.291 Y176.459 E2456.83859
M204 S3000
M205 X10 Y10
G0 F6000 X101.611 Y176.705
M204 S1800
M205 X8 Y8
G1 F1200 X100.696 Y177.62 E2456.88162
M204 S3000
M205 X10 Y10
G0 F6000 X100.655 Y178.227
M204 S1800
M205 X8 Y8
G1 F1200 X101.932 Y176.95 E2456.94169
M204 S3000
M205 X10 Y10
G0 F6000 X102.252 Y177.196
M204 S1800
M205 X8 Y8
G1 F1200 X100.399 Y179.049 E2457.02885
G1 X100.329 Y179.119
M204 S3000
M205 X10 Y10
;MESH:NONMESH
G0 F600 X100.329 Y179.119 Z2.2
G0 F6000 X97.814 Y180.385
G0 X96.801 Y180.564
G0 X95.358 Y180.253
G0 X94.227 Y179.305
G0 X93.559 Y177.564
G0 X93.966 Y177.517
;TIME_ELAPSED:3286.556919
;LAYER:10
M204 S1800
M205 X8 Y8
;TYPE:WALL-OUTER
;MESH:14_4_1.stl
G1 F3000 X94.018 Y177.01 E2457.0458
G1 X94.266 Y176.234 E2457.0729
G1 X94.543 Y175.814 E2457.08963
G1 X95.127 Y175.24 E2457.11687
G1 X95.586 Y174.991 E2457.13423
G1 X96.347 Y174.76 E2457.16069
G1 X96.856 Y174.751 E2457.17762
G1 F3007.5 X97.657 Y174.903 E2457.20467
G1 X98.111 Y175.131 E2457.22152
G1 F3000 X98.746 Y175.635 E2457.24849
G1 X99.044 Y176.05 E2457.26548
G1 X99.375 Y176.794 E2457.29256
G1 X99.444 Y177.294 E2457.30935
G1 X99.391 Y178.105 E2457.33638
G1 X99.209 Y178.608 E2457.35417
G1 X98.785 Y179.29 E2457.38088
G1 X98.393 Y179.644 E2457.39845
G1 X97.709 Y180.048 E2457.42487
G1 X97.214 Y180.174 E2457.44186
G1 X96.404 Y180.214 E2457.46884
G1 X95.913 Y180.1 E2457.4856
G1 X95.183 Y179.765 E2457.51231
G1 X94.794 Y179.434 E2457.5293
G1 X94.298 Y178.792 E2457.55629
G1 X94.108 Y178.325 E2457.57306
G1 X93.966 Y177.517 E2457.60034
M204 S3000
M205 X10 Y10
G0 F6000 X93.986 Y177.318
G0 X93.477 Y177.258
G0 X77.339 Y194.917
G0 X76.367 Y196.463
G0 X75.827 Y198.014
G0 X75.509 Y200.081
G0 X76.015 Y200.025
M204 S1800
M205 X8 Y8
G1 F3000 X76.091 Y199.294 E2457.62479
G1 X76.204 Y198.294 E2457.65826
G1 X76.541 Y197.325 E2457.69238
G1 X76.772 Y196.665 E2457.71564
G1 X76.785 Y196.641 E2457.71654
G1 X77.686 Y195.207 E2457.77287
G1 X77.917 Y194.973 E2457.78381
G1 X78.917 Y193.974 E2457.83082
G1 X80.362 Y193.068 E2457.88755
G1 X80.422 Y193.044 E2457.8897
G1 X82.002 Y192.492 E2457.94536
G1 X83.705 Y192.3 E2458.00237
G1 X84.607 Y192.399 E2458.03255
G1 X85.427 Y192.493 E2458.06
G1 X86.876 Y192.998 E2458.11103
G1 X87.074 Y193.073 E2458.11808
G1 X88.511 Y193.975 E2458.17451
G1 X89.144 Y194.606 E2458.20423
G1 X89.735 Y195.199 E2458.23208
G1 X90.642 Y196.641 E2458.28874
G1 X90.661 Y196.682 E2458.29024
G1 X91.222 Y198.293 E2458.34698
G1 X91.415 Y199.997 E2458.40402
G1 X91.28 Y201.209 E2458.44458
G1 X91.222 Y201.711 E2458.46139
G1 X90.654 Y203.337 E2458.51867
G1 X90.121 Y204.189 E2458.5521
G1 X89.742 Y204.791 E2458.57576
G1 X89.127 Y205.411 E2458.6048
G1 X88.511 Y206.025 E2458.63373
G1 X87.056 Y206.937 E2458.69085
G1 X85.437 Y207.505 E2458.74791
G1 X84.571 Y207.605 E2458.77691
G1 X83.727 Y207.7 E2458.80516
G1 X83.691 Y207.699 E2458.80635
G1 X81.998 Y207.507 E2458.86302
G1 X80.383 Y206.942 E2458.91993
G1 X80.353 Y206.927 E2458.92105
G1 X78.916 Y206.025 E2458.97748
G1 X77.706 Y204.816 E2459.03437
G1 X77.33 Y204.227 E2459.05761
G1 X76.777 Y203.344 E2459.09226
G1 X76.208 Y201.721 E2459.14947
G1 X76.124 Y200.992 E2459.17387
G1 X76.015 Y200.025 E2459.20624
M204 S3000
M205 X10 Y10
G0 F6000 X76.035 Y199.826
G0 X75.526 Y199.768
G0 X57.895 Y203.18
G0 X56.396 Y202.901
G0 X55.199 Y201.956
G0 X54.793 Y201.227
G0 X54.46 Y200.094
G0 X54.966 Y200.034
M204 S1800
M205 X8 Y8
G1 F3000 X55.018 Y199.527 E2459.22319
G1 X55.266 Y198.751 E2459.25029
G1 X55.543 Y198.331 E2459.26702
G1 X56.127 Y197.757 E2459.29426
G1 X56.586 Y197.508 E2459.31162
G1 X57.347 Y197.277 E2459.33807
G1 X57.856 Y197.268 E2459.35501
G1 X58.658 Y197.419 E2459.38215
G1 X59.11 Y197.647 E2459.39899
G1 X59.746 Y198.151 E2459.42598
G1 X60.044 Y198.568 E2459.44303
G1 X60.375 Y199.311 E2459.47008
G1 X60.444 Y199.811 E2459.48687
G1 X60.41 Y200.354 E2459.50496
G1 X60.379 Y200.678 E2459.51579
G1 X60.209 Y201.125 E2459.53169
G1 X59.78 Y201.813 E2459.55866
G1 X59.402 Y202.153 E2459.57557
G1 X58.721 Y202.557 E2459.60191
G1 X58.229 Y202.688 E2459.61884
G1 X57.415 Y202.731 E2459.64595
G1 X56.912 Y202.616 E2459.66311
G1 X56.183 Y202.281 E2459.6898
G1 X55.794 Y201.951 E2459.70676
G1 X55.298 Y201.309 E2459.73375
G1 X55.108 Y200.842 E2459.75052
G1 X54.966 Y200.034 E2459.7778
M204 S3000
M205 X10 Y10
G0 F6000 X54.986 Y199.835
G0 X54.477 Y199.775
G0 X54.673 Y200.956
G0 X55.467 Y202.261
G0 X93.46 Y222.611
G0 X93.966 Y222.551
M204 S1800
M205 X8 Y8
G1 F3000 X94.018 Y222.044 E2459.79475
G1 X94.266 Y221.268 E2459.82185
G1 X94.543 Y220.848 E2459.83858
G1 X95.127 Y220.273 E2459.86584
G1 X95.586 Y220.025 E2459.88319
G1 X96.347 Y219.794 E2459.90965
G1 X96.856 Y219.785 E2459.92658
G1 X97.657 Y219.935 E2459.95368
G1 X98.11 Y220.163 E2459.97055
G1 X98.746 Y220.669 E2459.99758
G1 X99.044 Y221.085 E2460.0146
G1 X99.375 Y221.828 E2460.04166
G1 X99.444 Y222.328 E2460.05844
G1 X99.391 Y223.139 E2460.08547
G1 X99.224 Y223.612 E2460.10216
G1 X98.791 Y224.313 E2460.12956
G1 X98.417 Y224.659 E2460.14651
G1 X97.721 Y225.074 E2460.17346
G1 X97.229 Y225.205 E2460.1904
G1 X96.415 Y225.248 E2460.21751
G1 X95.912 Y225.133 E2460.23467
G1 X95.183 Y224.798 E2460.26135
G1 X94.794 Y224.467 E2460.27834
G1 X94.297 Y223.825 E2460.30534
G1 X94.108 Y223.359 E2460.32207
G1 X93.966 Y222.551 E2460.34936
M204 S3000
M205 X10 Y10
G0 F6000 X93.986 Y222.352
G0 X93.477 Y222.292
G0 X93.877 Y221.029
G0 X94.409 Y220.334
G0 X113.696 Y204.113
G0 X114.204 Y204.171
M204 S1800
M205 X8 Y8
G1 F3000 X114.298 Y204.047 E2460.35453
G1 X114.443 Y204.02 E2460.35944
G1 X125.26 Y203.971 E2460.71922
G1 X127.842 Y203.959 E2460.80509
G1 X129.514 Y203.979 E2460.86071
G1 X129.514 Y201.203 E2460.95304
G1 F2631.6 X129.458 Y200.685 E2460.97279
G1 F2409.6 X129.473 Y199.836 E2461.00796
G1 F2494.8 X129.475 Y199.346 E2461.02755
G1 F2733.5 X129.514 Y198.885 E2461.04444
G1 F3000 X129.514 Y196.02 E2461.13973
G1 X128.026 Y196.035 E2461.18923
G1 X127.249 Y196.04 E2461.21507
G1 X125.541 Y196.007 E2461.27189
G1 X120.353 Y195.908 E2461.44447
G1 X114.398 Y195.944 E2461.64254
G1 X114.248 Y195.877 E2461.648
G1 X114.201 Y195.777 E2461.65168
G1 X113.87 Y193.756 E2461.71979
G1 X113.68 Y192.923 E2461.74821
G1 X113.027 Y190.573 E2461.82933
G1 X112.853 Y190.026 E2461.84843
G1 X111.811 Y187.416 E2461.9419
G1 X111.604 Y186.94 E2461.95916
G1 X110.287 Y184.457 E2462.05264
G1 X110.031 Y184.004 E2462.06995
G1 X108.456 Y181.68 E2462.16333
G1 X108.151 Y181.257 E2462.18067
G1 X106.333 Y179.116 E2462.27409
G1 X105.986 Y178.728 E2462.2914
G1 X103.924 Y176.778 E2462.3858
G1 X103.474 Y176.384 E2462.40569
G1 X101.312 Y174.741 E2462.496
G1 X100.905 Y174.447 E2462.5127
G1 F3007.5 X98.389 Y172.935 E2462.61009
G1 X97.612 Y172.54 E2462.63901
G1 F3000 X95.468 Y171.548 E2462.71758
G1 X94.932 Y171.322 E2462.73693
G1 X92.322 Y170.442 E2462.82854
G1 X91.672 Y170.254 E2462.85104
G1 X89.117 Y169.693 E2462.93805
G1 X88.606 Y169.592 E2462.95537
G1 X85.723 Y169.28 E2463.05182
G1 X84.892 Y169.242 E2463.07949
G1 X82.418 Y169.243 E2463.16178
G1 X81.521 Y169.298 E2463.19167
G1 X79.105 Y169.563 E2463.2725
G1 X78.225 Y169.715 E2463.30221
G1 X75.857 Y170.238 E2463.38287
G1 X75 Y170.481 E2463.41249
G1 X72.748 Y171.239 E2463.49152
G1 X72.258 Y171.412 E2463.50881
G1 X69.708 Y172.591 E2463.60225
G1 X69.238 Y172.817 E2463.61959
G1 X66.389 Y174.538 E2463.7303
G1 X63.74 Y176.557 E2463.84108
G1 X61.326 Y178.85 E2463.95182
G1 X59.172 Y181.391 E2464.06261
G1 X57.307 Y184.148 E2464.17332
G1 X55.751 Y187.089 E2464.28398
G1 X54.514 Y190.197 E2464.39524
G1 X53.631 Y193.391 E2464.50546
G1 X53.094 Y196.678 E2464.61623
G1 X52.915 Y200.002 E2464.72695
G1 X52.984 Y201.298 E2464.77012
G1 X53.095 Y203.323 E2464.83757
G1 X53.632 Y206.609 E2464.94831
G1 X54.517 Y209.804 E2465.05858
G1 X55.752 Y212.912 E2465.16982
G1 X57.308 Y215.853 E2465.28048
G1 X59.173 Y218.61 E2465.39119
G1 X61.327 Y221.151 E2465.50198
G1 X62.782 Y222.532 E2465.5687
G1 X63.741 Y223.444 E2465.61272
G1 X66.39 Y225.463 E2465.7235
G1 X69.239 Y227.184 E2465.8342
G1 X69.766 Y227.436 E2465.85363
G1 X72.259 Y228.589 E2465.94499
G1 X72.749 Y228.762 E2465.96227
G1 X75.407 Y229.658 E2466.05557
G1 X75.972 Y229.788 E2466.07485
G1 X78.659 Y230.382 E2466.16638
G1 X79.241 Y230.453 E2466.18588
G1 X81.969 Y230.751 E2466.27715
G1 X82.56 Y230.759 E2466.29681
G1 X85.296 Y230.758 E2466.38781
G1 X85.906 Y230.702 E2466.40818
G1 X88.608 Y230.407 E2466.49859
G1 X89.179 Y230.292 E2466.51796
G1 X91.863 Y229.7 E2466.60938
G1 X92.397 Y229.533 E2466.62798
G1 X95.017 Y228.648 E2466.71996
G1 X95.514 Y228.431 E2466.738
G1 X98.045 Y227.258 E2466.83078
G1 X98.506 Y226.997 E2466.8484
G1 X100.902 Y225.553 E2466.94145
G1 X101.338 Y225.239 E2466.95932
G1 X103.562 Y223.548 E2467.05224
G1 X103.969 Y223.179 E2467.07051
G1 X105.987 Y221.268 E2467.16295
G1 X106.335 Y220.882 E2467.18024
G1 X108.155 Y218.739 E2467.27375
G1 X108.456 Y218.318 E2467.29096
G1 X110.034 Y215.992 E2467.38445
G1 X110.288 Y215.541 E2467.40167
G1 X111.604 Y213.06 E2467.49507
G1 X112.94 Y209.713 E2467.61494
G1 X113.127 Y209.061 E2467.6375
G1 X113.709 Y206.973 E2467.70959
G1 X113.986 Y205.636 E2467.755
G1 X114.204 Y204.171 E2467.80427
M204 S3000
M205 X10 Y10
G0 F6000 X114.298 Y204.047
G0 X114.342 Y204.039
G0 X114.342 Y203.511
G0 X123.097 Y200.898
G0 X123.592 Y200.779
M204 S1800
M205 X8 Y8
G1 F3000 X123.466 Y200.031 E2467.8295
G1 X123.502 Y199.594 E2467.84408
G1 X123.674 Y198.956 E2467.86606
G1 X123.925 Y198.485 E2467.88381
G1 X124.394 Y197.947 E2467.90755
G1 X124.808 Y197.639 E2467.92471
G1 X125.564 Y197.332 E2467.95185
G1 X126.13 Y197.253 E2467.97086
G1 X126.933 Y197.349 E2467.99775
G1 X127.445 Y197.547 E2468.01601
G1 X127.907 Y197.867 E2468.03471
G1 X128.138 Y198.04 E2468.0443
G1 X128.445 Y198.399 E2468.06002
G1 X128.793 Y199.063 E2468.08495
G1 F2660.8 X128.961 Y199.462 E2468.10118
G1 F2429.1 X128.987 Y199.853 E2468.11728
G1 F2404.8 X128.947 Y200.641 E2468.15002
G1 F2631.6 X128.721 Y201.1 E2468.16942
G1 F3000 X128.365 Y201.709 E2468.19288
G1 X128.039 Y202.047 E2468.2085
G1 X127.486 Y202.433 E2468.23093
G1 F3007.5 X127.114 Y202.596 E2468.2444
G1 X126.75 Y202.691 E2468.25688
G1 F3000 X126.175 Y202.747 E2468.2761
G1 F3007.5 X125.762 Y202.711 E2468.28985
G1 X125.397 Y202.617 E2468.30236
G1 F3000 X124.838 Y202.378 E2468.32258
G1 X124.459 Y202.112 E2468.33798
G1 X124.004 Y201.624 E2468.36017
G1 X123.744 Y201.209 E2468.37646
G1 X123.592 Y200.779 E2468.39163
M204 S3000
M205 X10 Y10
G0 F6000 X123.559 Y200.582
G0 X123.05 Y200.704
G0 X113.827 Y203.583
G0 X113.804 Y204.133
M204 S1800
M205 X8 Y8
;TYPE:WALL-INNER
G1 F3000 X113.897 Y203.889 E2468.40031
G1 X114.1 Y203.699 E2468.40956
G1 X114.395 Y203.62 E2468.41972
G1 X125.258 Y203.571 E2468.78103
G1 F2963 X126.087 Y203.562 E2468.80895
G1 F2830.2 X126.812 Y203.544 E2468.83451
G1 F2870.8 X127.44 Y203.561 E2468.85635
G1 F3000 X127.992 Y203.56 E2468.87471
G1 X129.114 Y203.574 E2468.91203
G1 X129.113 Y201.203 E2468.99089
G1 X128.71 Y201.911 E2469.01799
G1 X128.354 Y202.302 E2469.03557
G1 X127.74 Y202.746 E2469.06077
G1 F2977.7 X127.217 Y202.987 E2469.08007
G1 F2850.4 X126.79 Y203.107 E2469.0956
G1 F2830.2 X126.214 Y203.15 E2469.11596
G1 F2898.6 X125.661 Y203.108 E2469.13505
G1 F2941.2 X125.239 Y202.985 E2469.14997
G1 F3000 X124.68 Y202.746 E2469.17019
G1 X124.261 Y202.467 E2469.18693
G1 X123.711 Y201.897 E2469.21327
G1 X123.424 Y201.46 E2469.23066
G1 X123.225 Y200.95 E2469.24887
G1 X123.072 Y200.097 E2469.27769
G1 X123.098 Y199.592 E2469.29451
G1 X123.288 Y198.852 E2469.31992
G1 X123.546 Y198.335 E2469.33914
G1 X124.092 Y197.684 E2469.3674
G1 X124.572 Y197.316 E2469.38752
G1 F2905.6 X125.411 Y196.948 E2469.41898
G1 F2708.8 X125.557 Y196.894 E2469.42471
G1 F2727.3 X126.077 Y196.846 E2469.44382
G1 F2733.5 X126.987 Y196.923 E2469.47716
G1 F2797.2 X127.593 Y197.175 E2469.50057
G1 F3000 X128.141 Y197.543 E2469.52252
G1 X128.439 Y197.777 E2469.53512
G1 X128.799 Y198.213 E2469.55393
G1 X129.114 Y198.815 E2469.57653
G1 X129.114 Y196.424 E2469.65605
G1 X128.046 Y196.435 E2469.69158
G1 F2905.6 X127.241 Y196.452 E2469.71923
G1 F2843.6 X126.264 Y196.43 E2469.75352
G1 F2733.5 X125.532 Y196.437 E2469.78024
G1 F2790.7 X124.55 Y196.388 E2469.8154
G1 F3000 X120.355 Y196.308 E2469.95495
G1 X114.396 Y196.344 E2470.15315
G1 X114.101 Y196.266 E2470.1633
G1 X113.898 Y196.075 E2470.17257
G1 X113.806 Y195.841 E2470.18093
G1 X113.477 Y193.833 E2470.24861
G1 X113.35 Y193.271 E2470.26777
G1 X113.223 Y192.773 E2470.28486
G1 X112.643 Y190.687 E2470.35688
G1 X112.476 Y190.161 E2470.37523
G1 X111.442 Y187.57 E2470.46802
G1 X111.074 Y186.796 E2470.49652
G1 X109.936 Y184.649 E2470.57734
G1 X109.478 Y183.899 E2470.60657
G1 X108.128 Y181.909 E2470.68655
G1 X107.657 Y181.294 E2470.71232
G1 X106.031 Y179.379 E2470.79587
G1 X105.569 Y178.884 E2470.81839
G1 X103.656 Y177.074 E2470.90599
G1 X103.232 Y176.702 E2470.92475
G1 X101.078 Y175.065 E2471.01473
G1 X100.653 Y174.762 E2471.03209
G1 X98.288 Y173.34 E2471.12387
G1 X97.833 Y173.083 E2471.14126
G1 X95.308 Y171.914 E2471.2338
G1 X94.804 Y171.701 E2471.252
G1 X92.232 Y170.833 E2471.34228
G1 X91.744 Y170.679 E2471.3593
G1 X89.095 Y170.099 E2471.4495
G1 X88.546 Y169.988 E2471.46813
G1 X85.663 Y169.676 E2471.56458
G1 X84.892 Y169.642 E2471.59024
G1 X82.424 Y169.643 E2471.67233
G1 X81.565 Y169.696 E2471.70096
G1 X79.154 Y169.96 E2471.78162
G1 X78.311 Y170.105 E2471.81007
G1 X76.005 Y170.615 E2471.88863
G1 X75.127 Y170.86 E2471.91894
G1 X72.81 Y171.641 E2472.00027
G1 X72.025 Y171.96 E2472.02845
G1 X69.878 Y172.953 E2472.10713
G1 X69.055 Y173.395 E2472.1382
G1 X66.615 Y174.869 E2472.23301
G1 X64 Y176.862 E2472.34237
G1 X61.617 Y179.125 E2472.45167
G1 X59.491 Y181.633 E2472.56103
G1 X57.651 Y184.354 E2472.67028
G1 X56.115 Y187.257 E2472.77951
G1 X54.894 Y190.325 E2472.88934
G1 X54.023 Y193.477 E2472.9981
G1 X53.492 Y196.721 E2473.10744
G1 X53.318 Y199.969 E2473.21562
G1 X53.315 Y200.002 E2473.21672
G1 X53.37 Y201.018 E2473.25056
G1 X53.493 Y203.279 E2473.32588
G1 X54.023 Y206.523 E2473.4352
G1 X54.897 Y209.676 E2473.54403
G1 X56.116 Y212.744 E2473.65383
G1 X57.652 Y215.647 E2473.76306
G1 X59.492 Y218.368 E2473.87232
G1 X61.618 Y220.876 E2473.98167
G1 X63.058 Y222.242 E2474.04769
G1 X64.001 Y223.139 E2474.09097
G1 X66.615 Y225.132 E2474.2003
G1 X69.429 Y226.832 E2474.30965
G1 X70.04 Y227.122 E2474.33214
G1 X72.41 Y228.218 E2474.41899
G1 X72.946 Y228.406 E2474.43788
G1 X75.517 Y229.273 E2474.52813
G1 X76.157 Y229.42 E2474.54997
G1 X78.727 Y229.987 E2474.6375
G1 X79.285 Y230.055 E2474.6562
G1 X81.994 Y230.351 E2474.74684
G1 X82.56 Y230.359 E2474.76566
G1 X85.278 Y230.358 E2474.85606
G1 X85.862 Y230.304 E2474.87557
G1 X88.547 Y230.011 E2474.9654
G1 X89.093 Y229.901 E2474.98393
G1 X91.76 Y229.313 E2475.07476
G1 X92.269 Y229.154 E2475.0925
G1 X94.873 Y228.274 E2475.18392
G1 X95.346 Y228.068 E2475.20108
G1 X96.029 Y227.752 E2475.22611
G1 X97.862 Y226.902 E2475.29331
G1 X98.3 Y226.654 E2475.31005
G1 X100.681 Y225.219 E2475.40252
G1 X101.096 Y224.921 E2475.41951
G1 X103.306 Y223.24 E2475.51186
G1 X103.694 Y222.889 E2475.52926
G1 X105.701 Y220.988 E2475.62121
G1 X106.075 Y220.569 E2475.63989
G1 X107.839 Y218.493 E2475.7305
G1 X108.178 Y218.016 E2475.74996
G1 X109.694 Y215.782 E2475.83976
G1 X109.987 Y215.252 E2475.8599
G1 X111.24 Y212.892 E2475.94877
G1 X112.561 Y209.583 E2476.06727
G1 X112.741 Y208.954 E2476.08903
G1 X113.32 Y206.879 E2476.16069
G1 X113.592 Y205.566 E2476.20528
G1 X113.804 Y204.133 E2476.25346
M204 S3000
M205 X10 Y10
G0 F6000 X113.696 Y204.12
G0 X94.469 Y220.256
G0 X93.877 Y221.029
G0 X93.607 Y221.859
G0 X93.504 Y222.969
G0 X93.63 Y222.955
M204 S1800
M205 X8 Y8
G1 F3000 X93.572 Y222.618 E2476.26484
G1 X93.621 Y221.997 E2476.28556
G1 X93.886 Y221.144 E2476.31527
G1 X94.213 Y220.622 E2476.33575
G1 X94.848 Y219.987 E2476.36562
G1 X95.402 Y219.67 E2476.38685
G1 X96.233 Y219.411 E2476.4158
G1 X96.855 Y219.385 E2476.43651
G1 X97.733 Y219.542 E2476.46617
G1 X98.296 Y219.809 E2476.4869
G1 X98.996 Y220.357 E2476.51646
G1 X99.373 Y220.857 E2476.53729
G1 X99.741 Y221.667 E2476.56688
G1 X99.841 Y222.28 E2476.58754
G1 X99.79 Y223.167 E2476.61709
G1 X99.602 Y223.744 E2476.63728
G1 X99.131 Y224.525 E2476.66761
G1 X98.683 Y224.957 E2476.68831
G1 X97.925 Y225.418 E2476.71782
G1 X97.366 Y225.582 E2476.73719
G1 X96.435 Y225.648 E2476.76824
G1 X95.816 Y225.521 E2476.78925
G1 X95.348 Y225.316 E2476.80625
G1 X94.872 Y225.068 E2476.8241
G1 X94.449 Y224.682 E2476.84314
G1 X93.962 Y224.045 E2476.86981
G1 X93.735 Y223.503 E2476.88936
G1 X93.63 Y222.955 E2476.90792
M204 S3000
M205 X10 Y10
G0 F6000 X93.504 Y222.969
G0 X77.339 Y205.083
G0 X76.367 Y203.537
G0 X75.827 Y201.986
G0 X75.509 Y200.082
G0 X75.617 Y200.07
M204 S1800
M205 X8 Y8
G1 F3000 X75.693 Y199.25 E2476.93531
G1 X75.804 Y198.267 E2476.96821
G1 X76.163 Y197.193 E2477.00587
G1 X76.397 Y196.525 E2477.02941
G1 X76.446 Y196.428 E2477.03303
G1 X77.35 Y194.989 E2477.08955
G1 X77.634 Y194.69 E2477.10327
G1 X78.639 Y193.686 E2477.15052
G1 X78.827 Y193.558 E2477.15808
G1 X80.166 Y192.719 E2477.21064
G1 X80.29 Y192.666 E2477.21512
G1 X81.868 Y192.114 E2477.27072
G1 X81.978 Y192.091 E2477.27446
G1 X83.668 Y191.901 E2477.33103
G1 X84.652 Y192.001 E2477.36392
G1 X85.483 Y192.096 E2477.39174
G1 X86.295 Y192.371 E2477.42025
G1 X87.186 Y192.683 E2477.45165
G1 X87.942 Y193.145 E2477.48112
G1 X88.716 Y193.631 E2477.51152
G1 X89.427 Y194.324 E2477.54454
G1 X90.025 Y194.924 E2477.57272
G1 X90.511 Y195.68 E2477.60261
G1 X90.996 Y196.453 E2477.63296
G1 X91.039 Y196.55 E2477.63649
G1 X91.605 Y198.173 E2477.69366
G1 X91.694 Y198.899 E2477.71799
G1 X91.814 Y199.964 E2477.75363
G1 X91.811 Y200.066 E2477.75703
G1 X91.623 Y201.734 E2477.81286
G1 X91.449 Y202.277 E2477.83182
G1 X91.03 Y203.475 E2477.87403
G1 X90.46 Y204.402 E2477.91023
G1 X90.068 Y205.024 E2477.93468
G1 X89.41 Y205.693 E2477.96589
G1 X88.795 Y206.308 E2477.99482
G1 X88.037 Y206.795 E2478.02479
G1 X87.286 Y207.266 E2478.05427
G1 X86.298 Y207.627 E2478.08926
G1 X85.548 Y207.889 E2478.11568
G1 X84.616 Y208.002 E2478.14691
G1 X83.753 Y208.099 E2478.17579
G1 X83.646 Y208.097 E2478.17935
G1 X81.937 Y207.903 E2478.23656
G1 X81.847 Y207.879 E2478.23965
G1 X80.261 Y207.324 E2478.29554
G1 X80.141 Y207.266 E2478.29997
G1 X78.719 Y206.374 E2478.3558
G1 X78.613 Y206.29 E2478.3603
G1 X77.423 Y205.099 E2478.4163
G1 X76.991 Y204.44 E2478.44251
G1 X76.433 Y203.55 E2478.47745
G1 X76.257 Y203.075 E2478.4943
G1 X75.823 Y201.83 E2478.53815
G1 X75.726 Y201.036 E2478.56475
G1 X75.617 Y200.07 E2478.59709
M204 S3000
M205 X10 Y10
G0 F6000 X75.509 Y200.082
G0 X57.895 Y203.18
G0 X56.396 Y202.901
G0 X55.199 Y201.956
G0 X54.793 Y201.227
G0 X54.463 Y200.113
G0 X54.572 Y200.101
M204 S1800
M205 X8 Y8
G1 F3000 X54.62 Y199.48 E2478.6178
G1 X54.886 Y198.627 E2478.64752
G1 X55.213 Y198.105 E2478.66801
G1 X55.575 Y197.736 E2478.6852
G1 X55.989 Y197.368 E2478.70362
G1 X56.507 Y197.11 E2478.72287
G1 X57.233 Y196.894 E2478.74806
G1 X57.855 Y196.868 E2478.76877
G1 X58.734 Y197.026 E2478.79847
G1 X59.296 Y197.293 E2478.81917
G1 X59.996 Y197.839 E2478.8487
G1 X60.373 Y198.34 E2478.86955
G1 X60.741 Y199.15 E2478.89914
G1 X60.841 Y199.763 E2478.9198
G1 X60.814 Y200.314 E2478.93815
G1 X60.754 Y200.817 E2478.955
G1 X60.57 Y201.3 E2478.97219
G1 X60.115 Y202.034 E2479.00091
G1 X59.683 Y202.441 E2479.02065
G1 X58.925 Y202.901 E2479.05014
G1 X58.325 Y203.076 E2479.07093
G1 X57.435 Y203.131 E2479.10059
G1 X56.816 Y203.004 E2479.1216
G1 X56.015 Y202.644 E2479.15081
G1 X55.531 Y202.253 E2479.17151
G1 X54.98 Y201.552 E2479.20116
G1 X54.735 Y200.987 E2479.22164
G1 X54.572 Y200.101 E2479.25161
M204 S3000
M205 X10 Y10
G0 F6000 X54.463 Y200.113
G0 X54.675 Y199.042
G0 X55.469 Y197.739
G0 X93.463 Y177.596
G0 X93.572 Y177.584
M204 S1800
M205 X8 Y8
G1 F3000 X93.621 Y176.963 E2479.27233
G1 X93.886 Y176.11 E2479.30203
G1 X94.213 Y175.588 E2479.32252
G1 X94.848 Y174.954 E2479.35237
G1 X95.401 Y174.636 E2479.37358
G1 X96.233 Y174.377 E2479.40257
G1 X96.855 Y174.351 E2479.42327
G1 X97.393 Y174.442 E2479.44142
G1 X97.899 Y174.567 E2479.45876
G1 X98.393 Y174.839 E2479.47751
G1 X98.996 Y175.323 E2479.50323
G1 X99.372 Y175.822 E2479.52401
G1 X99.741 Y176.633 E2479.55364
G1 X99.841 Y177.246 E2479.5743
G1 X99.79 Y178.133 E2479.60385
G1 X99.602 Y178.711 E2479.62407
G1 X99.131 Y179.491 E2479.65437
G1 X98.683 Y179.924 E2479.6751
G1 X97.925 Y180.385 E2479.7046
G1 X97.411 Y180.537 E2479.72243
G1 X96.435 Y180.614 E2479.755
G1 X95.817 Y180.488 E2479.77597
G1 X95.015 Y180.128 E2479.80521
G1 X94.53 Y179.735 E2479.82597
G1 X93.98 Y179.035 E2479.85558
G1 X93.735 Y178.469 E2479.8761
G1 X93.572 Y177.584 E2479.90603
M204 S3000
M205 X10 Y10
G0 F6000 X93.178 Y177.651
M204 S1800
M205 X8 Y8
G1 F3000 X93.17 Y177.365 E2479.91554
G1 X93.233 Y176.852 E2479.93273
G1 X93.505 Y175.986 E2479.96292
G1 X93.638 Y175.72 E2479.97282
G1 X94.01 Y175.211 E2479.99378
G1 X94.568 Y174.667 E2480.0197
G1 X94.861 Y174.466 E2480.03152
G1 X95.392 Y174.21 E2480.05113
G1 X96.118 Y173.993 E2480.07633
G1 X96.854 Y173.951 E2480.10085
G1 X97.469 Y174.05 E2480.12157
G1 F2836.9 X97.905 Y174.116 E2480.13708
G1 F2784.2 X98.486 Y174.417 E2480.16053
G1 F2708.8 X99.269 Y174.984 E2480.19614
G1 F2758.6 X99.701 Y175.594 E2480.22317
G1 F3000 X99.948 Y176.111 E2480.24223
G1 X100.185 Y176.753 E2480.26499
G1 X100.244 Y177.389 E2480.28624
G1 X100.19 Y178.161 E2480.31198
G1 X100.129 Y178.438 E2480.32141
G1 X99.889 Y179.031 E2480.34269
G1 X99.471 Y179.703 E2480.36901
G1 X99.288 Y179.92 E2480.37845
G1 X98.83 Y180.314 E2480.39855
G1 X98.128 Y180.73 E2480.42569
G1 X97.858 Y180.84 E2480.43538
G1 X97.347 Y180.962 E2480.45286
G1 X96.454 Y181.013 E2480.48261
G1 X96.117 Y180.974 E2480.49389
G1 X95.569 Y180.826 E2480.51277
G1 X94.846 Y180.49 E2480.53929
G1 X94.608 Y180.335 E2480.54873
G1 X94.2 Y179.972 E2480.5669
G1 X93.662 Y179.278 E2480.5961
G1 X93.497 Y178.962 E2480.60796
G1 X93.318 Y178.468 E2480.62544
G1 X93.178 Y177.651 E2480.65301
M204 S3000
M205 X10 Y10
G0 F6000 X77.339 Y194.917
G0 X76.367 Y196.463
G0 X76.027 Y197.439
G0 X75.22 Y200.114
M204 S1800
M205 X8 Y8
G1 F3000 X75.296 Y199.205 E2480.68334
G1 X75.407 Y198.222 E2480.71625
G1 X75.56 Y197.704 E2480.73421
G1 X76.026 Y196.376 E2480.78102
G1 X76.108 Y196.216 E2480.787
G1 X77.019 Y194.765 E2480.84398
G1 X77.351 Y194.408 E2480.8602
G1 X78.373 Y193.387 E2480.90825
G1 X78.614 Y193.219 E2480.91802
G1 X79.942 Y192.387 E2480.97014
G1 X80.158 Y192.289 E2480.97803
G1 X81.75 Y191.732 E2481.03413
G1 X81.934 Y191.694 E2481.04038
G1 X83.638 Y191.502 E2481.09741
G1 X84.697 Y191.604 E2481.1328
G1 X85.494 Y191.694 E2481.15947
G1 X86.427 Y191.994 E2481.19207
G1 X87.331 Y192.311 E2481.22393
G1 X88.155 Y192.807 E2481.25592
G1 X88.934 Y193.296 E2481.28651
G1 X89.71 Y194.041 E2481.32229
G1 X90.323 Y194.656 E2481.35117
G1 X90.849 Y195.468 E2481.38335
G1 X91.344 Y196.257 E2481.41433
G1 X91.417 Y196.418 E2481.42021
G1 X91.988 Y198.058 E2481.47797
G1 X92.091 Y198.854 E2481.50466
G1 X92.213 Y199.941 E2481.54104
G1 X92.208 Y200.111 E2481.5467
G1 X92.016 Y201.813 E2481.60367
G1 X91.827 Y202.409 E2481.62446
G1 X91.402 Y203.623 E2481.66724
G1 X90.798 Y204.614 E2481.70584
G1 X90.393 Y205.256 E2481.73109
G1 X89.692 Y205.976 E2481.76451
G1 X89.065 Y206.603 E2481.79401
G1 X88.25 Y207.134 E2481.82636
G1 X87.499 Y207.605 E2481.85584
G1 X86.43 Y208.005 E2481.89381
G1 X85.659 Y208.273 E2481.92095
G1 X84.66 Y208.4 E2481.95445
G1 X83.779 Y208.499 E2481.98394
G1 X83.602 Y208.494 E2481.98982
G1 X81.923 Y208.305 E2482.04602
G1 X81.715 Y208.256 E2482.05313
G1 X80.075 Y207.681 E2482.11093
G1 X79.928 Y207.605 E2482.11643
G1 X78.506 Y206.713 E2482.17227
G1 X78.33 Y206.572 E2482.17977
G1 X77.14 Y205.381 E2482.23576
G1 X76.653 Y204.652 E2482.26492
G1 X76.086 Y203.748 E2482.30042
G1 X75.879 Y203.207 E2482.31968
G1 X75.447 Y201.968 E2482.36332
G1 X75.329 Y201.081 E2482.39309
G1 X75.22 Y200.114 E2482.42545
M204 S3000
M205 X10 Y10
G0 F6000 X57.897 Y196.819
G0 X56.398 Y197.098
G0 X55.332 Y197.913
G0 X54.237 Y199.232
M204 S1800
M205 X8 Y8
G1 F2797.2 X54.505 Y198.503 E2482.45316
G1 F3000 X54.883 Y197.879 E2482.47742
G1 X55.296 Y197.449 E2482.49725
G1 X55.804 Y197.014 E2482.5195
G1 X56.392 Y196.727 E2482.54126
G1 X57.118 Y196.51 E2482.56646
G1 X57.402 Y196.469 E2482.57601
G1 X58.048 Y196.486 E2482.5975
G1 X58.824 Y196.636 E2482.62379
G1 X59.084 Y196.73 E2482.63298
G1 X59.584 Y197 E2482.65188
G1 X60.246 Y197.527 E2482.68003
G1 X60.443 Y197.738 E2482.68963
G1 X60.763 Y198.212 E2482.70865
G1 X61.107 Y198.989 E2482.73691
G1 X61.184 Y199.271 E2482.74663
G1 X61.246 Y199.825 E2482.76517
G1 X61.213 Y200.342 E2482.7824
G1 X61.162 Y200.848 E2482.79932
G1 X60.977 Y201.366 E2482.81761
G1 X60.679 Y201.886 E2482.83755
G1 X60.388 Y202.334 E2482.85532
G1 X59.949 Y202.739 E2482.87518
G1 X59.464 Y203.047 E2482.89429
G1 X59.008 Y203.306 E2482.91173
G1 X58.421 Y203.464 E2482.93195
G1 X57.455 Y203.531 E2482.96416
G1 X57.164 Y203.502 E2482.97389
G1 X56.539 Y203.328 E2482.99546
G1 X55.846 Y203.007 E2483.02087
G1 X55.267 Y202.554 E2483.04532
G1 X54.662 Y201.795 E2483.0776
G1 F2912.6 X54.35 Y201.136 E2483.10258
G1 F2678.6 X54.273 Y200.944 E2483.11028
G1 F2672.6 X54.165 Y200.171 E2483.13942
G1 F2823.5 X54.158 Y199.88 E2483.14971
G1 F2721.1 X54.237 Y199.232 E2483.17365
M204 S3000
M205 X10 Y10
G0 F6000 X54.673 Y200.956
G0 X55.467 Y202.261
G0 X93.233 Y221.885
M204 S1800
M205 X8 Y8
G1 F3000 X93.505 Y221.02 E2483.20381
G1 X93.631 Y220.766 E2483.21324
G1 X93.914 Y220.353 E2483.22989
G1 X94.568 Y219.7 E2483.26063
G1 X94.805 Y219.529 E2483.27035
G1 X95.307 Y219.274 E2483.28908
G1 X96.118 Y219.027 E2483.31727
G1 X96.402 Y218.986 E2483.32682
G1 X96.92 Y218.986 E2483.34405
G1 X97.809 Y219.15 E2483.37411
G1 X98.084 Y219.246 E2483.3838
G1 X98.587 Y219.518 E2483.40282
G1 X99.247 Y220.045 E2483.43091
G1 X99.443 Y220.255 E2483.44046
G1 X99.795 Y220.796 E2483.46193
G1 X100.107 Y221.506 E2483.48773
G1 X100.184 Y221.788 E2483.49745
G1 X100.243 Y222.423 E2483.51866
G1 X100.189 Y223.195 E2483.5444
G1 X99.978 Y223.883 E2483.56833
G1 X99.471 Y224.736 E2483.60134
G1 F2877.7 X98.961 Y225.268 E2483.62689
G1 F2790.7 X98.135 Y225.773 E2483.66151
G1 F2727.3 X97.867 Y225.898 E2483.67233
G1 F2484.5 X97.435 Y226.036 E2483.69054
G1 F2631.6 X96.455 Y226.048 E2483.7277
G1 F3000 X96.164 Y226.02 E2483.73742
G1 X95.539 Y225.845 E2483.75901
G1 X94.83 Y225.516 E2483.78501
G1 X94.266 Y225.068 E2483.80896
G1 X93.662 Y224.312 E2483.84115
G1 X93.522 Y224.064 E2483.85062
G1 X93.309 Y223.454 E2483.87211
G1 X93.178 Y222.685 E2483.89806
G1 X93.17 Y222.399 E2483.90757
G1 X93.233 Y221.885 E2483.9248
M204 S3000
M205 X10 Y10
G0 F6000 X94.469 Y220.256
G0 X114.041 Y203.286
M204 S1800
M205 X8 Y8
G1 F3000 X114.439 Y203.22 E2483.93821
G1 X124.66 Y203.172 E2484.27817
G1 X124.342 Y203.013 E2484.29
G1 X123.874 Y202.658 E2484.30953
G1 X123.418 Y202.17 E2484.33175
G1 X123.085 Y201.672 E2484.35167
G1 X122.849 Y201.086 E2484.37268
G1 X122.677 Y200.164 E2484.40388
G1 X122.7 Y199.555 E2484.42415
G1 X122.902 Y198.748 E2484.45182
G1 X123.193 Y198.147 E2484.47403
G1 X123.79 Y197.421 E2484.50529
G1 X124.336 Y196.992 E2484.52838
G1 X124.756 Y196.793 E2484.54384
G1 X120.386 Y196.708 E2484.68922
G1 X114.394 Y196.744 E2484.88852
G1 X114.041 Y196.679 E2484.90045
G1 X113.71 Y196.47 E2484.91347
G1 X113.497 Y196.178 E2484.92549
G1 X113.412 Y195.906 E2484.93497
G1 X113.085 Y193.91 E2485.00225
G1 X112.904 Y193.119 E2485.02923
G1 X112.26 Y190.801 E2485.10925
G1 X112.099 Y190.296 E2485.12688
G1 X111.122 Y187.846 E2485.21461
G1 X110.883 Y187.288 E2485.2348
G1 X109.585 Y184.841 E2485.32693
G1 X109.147 Y184.124 E2485.35487
G1 X107.8 Y182.138 E2485.43469
G1 X107.352 Y181.553 E2485.45919
G1 X105.729 Y179.641 E2485.54261
G1 X105.294 Y179.175 E2485.56381
G1 X103.388 Y177.371 E2485.6511
G1 X102.99 Y177.021 E2485.66873
G1 X100.843 Y175.389 E2485.75842
G1 X100.263 Y174.994 E2485.78176
G1 F2758.6 X99.537 Y174.598 E2485.81168
G1 F2702.7 X98.887 Y174.178 E2485.84025
G1 F2843.6 X98.299 Y173.83 E2485.86422
G1 F2905.6 X97.689 Y173.459 E2485.88874
G1 F3000 X97.03 Y173.151 E2485.91293
G1 X95.147 Y172.28 E2485.98194
G1 X94.676 Y172.08 E2485.99896
G1 X92.081 Y171.205 E2486.09004
G1 X91.5 Y171.035 E2486.11018
G1 X88.898 Y170.466 E2486.19876
G1 X88.242 Y170.358 E2486.22088
G1 X85.735 Y170.084 E2486.30476
G1 X84.892 Y170.042 E2486.33283
G1 X82.43 Y170.043 E2486.41472
G1 X81.608 Y170.094 E2486.44211
G1 X79.203 Y170.357 E2486.52258
G1 X78.397 Y170.496 E2486.54978
G1 X76.039 Y171.017 E2486.6301
G1 X75.255 Y171.24 E2486.65721
G1 X73.009 Y171.995 E2486.73602
G1 X72.193 Y172.323 E2486.76527
G1 X69.996 Y173.34 E2486.84579
G1 X69.262 Y173.737 E2486.87355
G1 X66.84 Y175.201 E2486.96768
G1 X64.26 Y177.167 E2487.07556
G1 X61.908 Y179.4 E2487.18343
G1 X59.81 Y181.875 E2487.29134
G1 X57.994 Y184.56 E2487.39916
G1 X56.479 Y187.425 E2487.50695
G1 X55.274 Y190.453 E2487.61534
G1 X54.414 Y193.563 E2487.72266
G1 X53.89 Y196.765 E2487.83058
G1 X53.804 Y198.373 E2487.88414
G1 F2797.2 X53.792 Y199.15 E2487.91186
G1 F2721.1 X53.737 Y199.845 E2487.93742
G1 F2830.2 X53.728 Y200.002 E2487.94297
G1 F2678.6 X53.806 Y200.995 E2487.98007
G1 F2752.3 X53.808 Y201.703 E2488.00574
G1 F3000 X53.889 Y203.192 E2488.05534
G1 X53.977 Y203.758 E2488.07439
G1 X54.393 Y206.308 E2488.16032
G1 X54.675 Y207.376 E2488.19706
G1 X55.277 Y209.548 E2488.27203
G1 X56.48 Y212.576 E2488.38039
G1 X57.995 Y215.441 E2488.48819
G1 X59.811 Y218.126 E2488.596
G1 X61.909 Y220.601 E2488.70391
G1 X63.333 Y221.952 E2488.7692
G1 X64.261 Y222.834 E2488.81178
G1 X66.841 Y224.8 E2488.91967
G1 X69.619 Y226.48 E2489.02765
G1 X70.102 Y226.71 E2489.04544
G1 X72.561 Y227.847 E2489.13555
G1 X73.074 Y228.027 E2489.15363
G1 X75.627 Y228.887 E2489.24323
G1 X76.144 Y229.007 E2489.26088
G1 X78.795 Y229.593 E2489.35118
G1 X79.328 Y229.657 E2489.36904
G1 X82.018 Y229.951 E2489.45904
G1 X82.56 Y229.959 E2489.47707
G1 X85.26 Y229.958 E2489.56687
G1 X85.819 Y229.906 E2489.58555
G1 X88.236 Y229.643 E2489.66641
G1 X88.733 Y229.567 E2489.68313
G1 X89.268 Y229.453 E2489.70133
G1 X91.658 Y228.926 E2489.78273
G1 X92.141 Y228.774 E2489.79957
G1 X94.729 Y227.901 E2489.89041
G1 X95.538 Y227.539 E2489.91989
G1 X96.689 Y227.004 E2489.96211
G1 F2864 X97.385 Y226.661 E2489.98914
G1 F2690.6 X98.033 Y226.315 E2490.01638
G1 X98.523 Y226.029 E2490.03742
G1 F2790.7 X99.014 Y225.743 E2490.05774
G1 F2919.7 X99.614 Y225.395 E2490.08144
G1 F3000 X100.461 Y224.885 E2490.11433
G1 X100.899 Y224.567 E2490.13233
G1 X103.05 Y222.932 E2490.22219
G1 X103.787 Y222.249 E2490.25561
G1 X105.414 Y220.709 E2490.33012
G1 X105.77 Y220.31 E2490.34791
G1 X107.524 Y218.246 E2490.438
G1 X107.847 Y217.791 E2490.45656
G1 X109.353 Y215.571 E2490.54578
G1 X109.634 Y215.065 E2490.56503
G1 X110.877 Y212.724 E2490.65319
G1 X112.183 Y209.453 E2490.77033
G1 X112.356 Y208.846 E2490.79133
G1 X112.931 Y206.785 E2490.86249
G1 X113.198 Y205.496 E2490.90628
G1 X113.408 Y204.074 E2490.95409
G1 X113.535 Y203.714 E2490.96678
G1 X113.793 Y203.423 E2490.97972
G1 X114.041 Y203.286 E2490.98914
M204 S3000
M205 X10 Y10
G0 F6000 X126.159 Y203.2
G0 X127.973 Y203.077
M204 S1800
M205 X8 Y8
G1 F2919.7 X127.851 Y203.152 E2490.99403
G1 X128.709 Y203.164 E2491.02336
G1 X128.709 Y202.518 E2491.04544
G1 X128.385 Y202.788 E2491.05985
G1 X127.973 Y203.077 E2491.07705
M204 S3000
M205 X10 Y10
G0 F6000 X126.159 Y203.2
G0 X125.286 Y203.056
G0 X124.184 Y202.473
G0 X123.628 Y201.875
G0 X123.075 Y200.55
G0 X123.147 Y199.169
G0 X123.539 Y198.245
G0 X124.103 Y197.596
G0 X125.477 Y196.886
G0 X127.855 Y196.853
M204 S1800
M205 X8 Y8
G1 F2898.6 X128.379 Y197.212 E2491.09891
G1 X128.707 Y197.475 E2491.11339
G1 X128.707 Y196.836 E2491.13538
G1 X128.065 Y196.842 E2491.15749
G1 X127.855 Y196.853 E2491.16472
M204 S3000
M205 X10 Y10
G0 F6000 X126.892 Y196.822
G0 X113.537 Y196.821
M204 S1800
M205 X8 Y8
;TYPE:SKIN
G1 F1200 X113.231 Y196.477 E2491.18004
G1 X113.062 Y196.092 E2491.19402
G1 X112.713 Y193.996 E2491.26469
G1 X112.536 Y193.212 E2491.29143
G1 X111.942 Y191.077 E2491.36513
G1 X111.742 Y190.421 E2491.38794
G1 X110.807 Y188.084 E2491.47166
G1 X110.539 Y187.452 E2491.4945
G1 X109.31 Y185.136 E2491.5817
G1 X109.026 Y184.623 E2491.6012
G1 X107.633 Y182.571 E2491.68369
G1 X107.219 Y181.982 E2491.70764
G1 X105.475 Y179.928 E2491.79726
G1 X105.14 Y179.554 E2491.81396
G1 X103.381 Y177.888 E2491.89454
G1 X102.857 Y177.405 E2491.91824
G1 X100.929 Y175.933 E2491.99892
G1 X100.259 Y175.438 E2492.02663
G1 X99.908 Y175.228 E2492.04023
G1 X100.121 Y175.561 E2492.05338
G1 X100.455 Y176.317 E2492.08087
G1 X100.564 Y176.712 E2492.0945
G1 X100.623 Y177.381 E2492.11683
G1 X100.569 Y178.187 E2492.1437
G1 X100.483 Y178.577 E2492.15698
G1 X100.23 Y179.194 E2492.17916
G1 X99.795 Y179.903 E2492.20683
G1 X99.536 Y180.207 E2492.22011
G1 X99.059 Y180.616 E2492.24101
G1 X98.322 Y181.057 E2492.26958
G1 X97.959 Y181.208 E2492.28265
G1 X97.321 Y181.349 E2492.30439
G1 X96.472 Y181.393 E2492.33266
G1 X96.02 Y181.343 E2492.34779
G1 X95.423 Y181.178 E2492.36839
G1 X94.664 Y180.825 E2492.39623
G1 X94.343 Y180.611 E2492.40906
G1 X93.855 Y180.156 E2492.43125
G1 X93.348 Y179.494 E2492.45899
G1 X93.133 Y179.074 E2492.47468
G1 X92.958 Y178.604 E2492.49136
G1 X92.803 Y177.717 E2492.52131
G1 X92.794 Y177.314 E2492.53472
G1 X92.897 Y176.637 E2492.55749
G1 X93.142 Y175.871 E2492.58424
G1 X93.328 Y175.499 E2492.59807
G1 X93.722 Y174.963 E2492.6202
G1 X94.3 Y174.398 E2492.64708
G1 X94.691 Y174.125 E2492.66294
G1 X95.253 Y173.858 E2492.68364
G1 X96.005 Y173.63 E2492.70977
G1 X96.412 Y173.572 E2492.72345
G1 X97.073 Y173.591 E2492.74544
G1 X95.357 Y172.797 E2492.80833
G1 X94.636 Y172.472 E2492.83463
G1 X92.409 Y171.718 E2492.91284
G1 X91.54 Y171.435 E2492.94323
G1 X88.849 Y170.846 E2493.03485
G1 X88.188 Y170.734 E2493.05715
G1 X85.712 Y170.466 E2493.13999
G1 X84.88 Y170.422 E2493.1677
G1 X82.549 Y170.423 E2493.24523
G1 X82.04 Y170.429 E2493.26216
G1 X79.449 Y170.713 E2493.34885
G1 X78.86 Y170.783 E2493.36858
G1 X75.742 Y171.478 E2493.47483
G1 X73.235 Y172.32 E2493.56279
G1 X72.706 Y172.506 E2493.58144
G1 X69.798 Y173.858 E2493.6881
G1 X67.057 Y175.515 E2493.79463
G1 X64.507 Y177.458 E2493.90126
G1 X62.185 Y179.663 E2494.00776
G1 X60.112 Y182.107 E2494.11435
G1 X58.32 Y184.758 E2494.22078
G1 X56.825 Y187.587 E2494.32721
G1 X55.628 Y190.589 E2494.4347
G1 X54.787 Y193.646 E2494.54015
G1 X54.275 Y196.771 E2494.64547
G1 X54.189 Y198.316 E2494.69694
G1 X54.321 Y198.023 E2494.70763
G1 X54.722 Y197.48 E2494.73008
G1 X55.3 Y196.914 E2494.75699
G1 X55.631 Y196.675 E2494.77057
G1 X56.256 Y196.374 E2494.79364
G1 X57.009 Y196.145 E2494.81982
G1 X57.412 Y196.089 E2494.83335
G1 X58.088 Y196.109 E2494.85584
G1 X58.896 Y196.262 E2494.88319
G1 X59.263 Y196.396 E2494.89619
G1 X59.798 Y196.688 E2494.91646
G1 X60.486 Y197.231 E2494.94561
G1 X60.866 Y197.685 E2494.9653
G1 X61.106 Y198.046 E2494.97972
G1 X61.46 Y198.848 E2495.00888
G1 X61.562 Y199.227 E2495.02193
G1 X61.627 Y199.818 E2495.04171
G1 X61.567 Y200.725 E2495.07194
G1 X61.484 Y201.09 E2495.08439
G1 X61.262 Y201.663 E2495.10483
G1 X60.794 Y202.42 E2495.13443
G1 X60.425 Y202.819 E2495.15251
G1 X60 Y203.173 E2495.1709
G1 X59.323 Y203.573 E2495.19706
G1 X58.882 Y203.74 E2495.21274
G1 X58.277 Y203.868 E2495.23331
G1 X57.474 Y203.91 E2495.26005
G1 X57.065 Y203.871 E2495.27372
G1 X56.405 Y203.683 E2495.29654
G1 X55.687 Y203.353 E2495.32283
G1 X55.354 Y203.135 E2495.33606
G1 X54.849 Y202.661 E2495.3591
G1 X54.36 Y202.028 E2495.3857
G1 X54.192 Y201.733 E2495.397
G1 X54.267 Y203.136 E2495.44373
G1 X54.35 Y203.667 E2495.4616
G1 X54.786 Y206.354 E2495.55214
G1 X55.634 Y209.413 E2495.65772
G1 X56.826 Y212.415 E2495.76515
G1 X58.321 Y215.243 E2495.87154
G1 X60.113 Y217.894 E2495.97797
G1 X62.186 Y220.338 E2496.08456
G1 X64.508 Y222.543 E2496.19107
G1 X67.057 Y224.486 E2496.29767
G1 X69.456 Y225.935 E2496.39088
G1 X70.165 Y226.318 E2496.41769
G1 X71.101 Y226.75 E2496.45197
G1 X72.347 Y227.328 E2496.49766
G1 X73.079 Y227.627 E2496.52396
G1 X75.728 Y228.52 E2496.61693
G1 X78.465 Y229.13 E2496.7102
G1 X79.258 Y229.265 E2496.73696
G1 X81.651 Y229.528 E2496.81703
G1 X82.437 Y229.577 E2496.84322
G1 X85.242 Y229.578 E2496.93651
G1 X86.625 Y229.436 E2496.98276
G1 X87.851 Y229.303 E2497.02377
G1 X88.663 Y229.191 E2497.05103
G1 X91.346 Y228.604 E2497.14238
G1 X91.909 Y228.448 E2497.16181
G1 X92.929 Y228.108 E2497.19757
G1 X94.548 Y227.561 E2497.25441
G1 X95.012 Y227.363 E2497.27119
G1 X96.528 Y226.66 E2497.32677
G1 X96.982 Y226.421 E2497.34384
G1 X96.109 Y226.394 E2497.37289
G1 X95.406 Y226.2 E2497.39714
G1 X94.685 Y225.869 E2497.42353
G1 X94.341 Y225.64 E2497.43727
G1 X93.85 Y225.178 E2497.4597
G1 X93.36 Y224.543 E2497.48637
G1 X93.165 Y224.191 E2497.49976
G1 X92.94 Y223.547 E2497.52245
G1 X92.803 Y222.75 E2497.54934
G1 X92.793 Y222.351 E2497.56262
G1 X92.877 Y221.729 E2497.58349
G1 X93.146 Y220.898 E2497.61255
G1 X93.319 Y220.549 E2497.6255
G1 X93.664 Y220.057 E2497.64549
G1 X94.301 Y219.429 E2497.67524
G1 X94.64 Y219.186 E2497.68911
G1 X95.225 Y218.899 E2497.71078
G1 X96.011 Y218.661 E2497.7381
G1 X96.403 Y218.606 E2497.75127
G1 X97.017 Y218.613 E2497.77169
G1 X97.875 Y218.773 E2497.80072
G1 X98.264 Y218.91 E2497.81443
G1 X98.808 Y219.208 E2497.83507
G1 X99.484 Y219.748 E2497.86384
G1 X99.759 Y220.044 E2497.87728
G1 X100.129 Y220.614 E2497.89988
G1 X100.455 Y221.351 E2497.92669
G1 X100.563 Y221.756 E2497.94063
G1 X100.622 Y222.416 E2497.96267
G1 X100.568 Y223.219 E2497.98943
G1 X100.485 Y223.611 E2498.00276
G1 X100.227 Y224.235 E2498.02522
G1 X99.897 Y224.772 E2498.04618
G1 X100.629 Y224.294 E2498.07526
G1 X102.753 Y222.679 E2498.16401
G1 X103.149 Y222.328 E2498.18161
G1 X105.035 Y220.542 E2498.268
G1 X105.409 Y220.145 E2498.28614
G1 X107.057 Y218.208 E2498.37073
G1 X107.373 Y217.804 E2498.38779
G1 X108.717 Y215.83 E2498.46722
G1 X109.053 Y215.303 E2498.488
G1 X109.334 Y214.813 E2498.50679
G1 X110.531 Y212.561 E2498.59162
G1 X111.821 Y209.33 E2498.70733
G1 X112.56 Y206.695 E2498.79835
G1 X112.823 Y205.429 E2498.84136
G1 X112.986 Y204.342 E2498.87791
G1 X113.07 Y203.85 E2498.89451
G1 X113.266 Y203.433 E2498.90984
G1 X113.586 Y203.104 E2498.9251
G1 X113.963 Y202.916 E2498.93912
G1 X114.438 Y202.84 E2498.95512
G1 X123.489 Y202.797 E2499.25616
G1 X122.995 Y202.239 E2499.28094
G1 X122.648 Y201.638 E2499.30403
G1 X122.435 Y201.005 E2499.32624
G1 X122.302 Y200.226 E2499.35252
G1 X122.289 Y199.866 E2499.36451
G1 X122.356 Y199.313 E2499.38303
G1 X122.626 Y198.409 E2499.41441
G1 X123.012 Y197.739 E2499.44013
G1 X123.501 Y197.173 E2499.46501
G1 X123.527 Y197.149 E2499.46618
G1 X122.779 Y197.135 E2499.49107
G1 X120.373 Y197.089 E2499.57111
G1 X114.388 Y197.124 E2499.77017
G1 X113.883 Y197.024 E2499.78729
G1 X113.537 Y196.821 E2499.80064
M204 S3000
M205 X10 Y10
G0 F6000 X85.527 Y192.052
G0 X83.714 Y191.846
G0 X81.9 Y192.052
G0 X80.176 Y192.654
G0 X78.63 Y193.625
G0 X77.339 Y194.917
G0 X76.465 Y196.308
G0 X74.835 Y199.985
M204 S1800
M205 X8 Y8
G1 F1200 X74.913 Y199.203 E2499.82678
G1 X75.067 Y197.978 E2499.86784
G1 X75.235 Y197.487 E2499.8851
G1 X75.658 Y196.278 E2499.9277
G1 X75.928 Y195.788 E2499.94631
G1 X76.331 Y195.145 E2499.97155
G1 X76.794 Y194.433 E2499.9998
G1 X78.07 Y193.149 E2500.06
G1 X78.435 Y192.887 E2500.07495
G1 X79.737 Y192.067 E2500.12613
G1 X80.129 Y191.901 E2500.14028
G1 X81.603 Y191.38 E2500.19228
G1 X81.936 Y191.311 E2500.20359
G1 X83.573 Y191.127 E2500.25838
G1 X84.514 Y191.202 E2500.28978
G1 X85.544 Y191.317 E2500.32425
G1 X86.553 Y191.635 E2500.35944
G1 X87.559 Y191.996 E2500.39499
G1 X88.356 Y192.483 E2500.42605
G1 X89.309 Y193.104 E2500.46388
G1 X90.555 Y194.35 E2500.52249
G1 X90.722 Y194.551 E2500.53118
G1 X91.172 Y195.267 E2500.55931
G1 X91.733 Y196.183 E2500.59504
G1 X92.139 Y197.336 E2500.63569
G1 X92.378 Y198.054 E2500.66086
G1 X92.587 Y199.86 E2500.72133
G1 X92.592 Y200.083 E2500.72875
G1 X92.453 Y201.348 E2500.77108
G1 X92.362 Y202.01 E2500.7933
G1 X92.167 Y202.582 E2500.8134
G1 X91.77 Y203.72 E2500.85349
G1 X91.489 Y204.227 E2500.87277
G1 X91.119 Y204.82 E2500.89602
G1 X90.615 Y205.588 E2500.92657
G1 X90.103 Y206.105 E2500.95077
G1 X89.243 Y206.949 E2500.99085
G1 X88.699 Y207.297 E2501.01233
G1 X88.044 Y207.71 E2501.03808
G1 X87.435 Y208.058 E2501.06141
G1 X86.539 Y208.368 E2501.09295
G1 X85.641 Y208.667 E2501.12442
G1 X84.976 Y208.745 E2501.14669
G1 X84.701 Y208.778 E2501.15591
G1 X83.68 Y208.879 E2501.19003
G1 X83.641 Y208.878 E2501.19133
G1 X81.878 Y208.682 E2501.25033
G1 X81.694 Y208.647 E2501.25656
G1 X80.024 Y208.066 E2501.31537
G1 X79.774 Y207.956 E2501.32445
G1 X78.406 Y207.098 E2501.37816
G1 X78.1 Y206.88 E2501.39066
G1 X77.08 Y205.861 E2501.43861
G1 X76.733 Y205.49 E2501.45551
G1 X75.778 Y203.975 E2501.51507
G1 X75.481 Y203.209 E2501.5424
G1 X75.308 Y202.723 E2501.55955
G1 X75.043 Y201.911 E2501.58796
G1 X74.951 Y201.124 E2501.61432
G1 X74.835 Y199.985 E2501.6524
M204 S3000
M205 X10 Y10
G0 F6000 X62.102 Y219.928
M204 S1800
M205 X8 Y8
G1 F1200 X63.157 Y220.983 E2501.70202
G1 X63.227 Y221.053
M204 S3000
M205 X10 Y10
G0 F6000 X66.701 Y223.961
M204 S1800
M205 X8 Y8
G1 F1200 X59.773 Y217.034 E2502.02787
G1 X59.703 Y216.964
M204 S3000
M205 X10 Y10
G0 F6000 X58.592 Y215.287
M204 S1800
M205 X8 Y8
G1 F1200 X68.317 Y225.011 E2502.48528
G1 X68.387 Y225.081
M204 S3000
M205 X10 Y10
G0 F6000 X69.72 Y225.849
M204 S1800
M205 X8 Y8
G1 F1200 X57.912 Y214.041 E2503.04069
G1 X57.842 Y213.971
M204 S3000
M205 X10 Y10
G0 F6000 X57.279 Y212.842
M204 S1800
M205 X8 Y8
G1 F1200 X70.85 Y226.414 E2503.67905
G1 X70.92 Y226.484
M204 S3000
M205 X10 Y10
G0 F6000 X71.904 Y226.902
M204 S1800
M205 X8 Y8
G1 F1200 X56.794 Y211.792 E2504.38978
G1 X56.724 Y211.722
M204 S3000
M205 X10 Y10
G0 F6000 X56.422 Y210.854
M204 S1800
M205 X8 Y8
G1 F1200 X72.907 Y227.339 E2505.16519
G1 X72.977 Y227.409
M204 S3000
M205 X10 Y10
G0 F6000 X73.786 Y227.653
M204 S1800
M205 X8 Y8
G1 F1200 X56.048 Y209.915 E2505.99953
G1 X55.978 Y209.845
M204 S3000
M205 X10 Y10
G0 F6000 X55.737 Y209.038
M204 S1800
M205 X8 Y8
G1 F1200 X74.64 Y227.94 E2506.88864
G1 X74.71 Y228.01
M204 S3000
M205 X10 Y10
G0 F6000 X75.493 Y228.228
M204 S1800
M205 X8 Y8
G1 F1200 X55.521 Y208.256 E2507.82806
G1 X55.451 Y208.186
M204 S3000
M205 X10 Y10
G0 F6000 X55.304 Y207.473
M204 S1800
M205 X8 Y8
G1 F1200 X76.264 Y228.433 E2508.81396
M204 S3000
M205 X10 Y10
G0 F6000 X76.992 Y228.596
M204 S1800
M205 X8 Y8
G1 F1200 X55.087 Y206.691 E2509.8443
M204 S3000
M205 X10 Y10
G0 F6000 X54.925 Y205.963
M204 S1800
M205 X8 Y8
G1 F1200 X77.72 Y228.758 E2510.91651
M204 S3000
M205 X10 Y10
G0 F6000 X78.448 Y228.92
M204 S1800
M205 X8 Y8
G1 F1200 X54.817 Y205.289 E2512.02804
M204 S3000
M205 X10 Y10
G0 F6000 X54.707 Y204.614
M204 S1800
M205 X8 Y8
G1 F1200 X79.133 Y229.04 E2513.17696
M204 S3000
M205 X10 Y10
G0 F6000 X79.779 Y229.12
M204 S1800
M205 X8 Y8
G1 F1200 X54.598 Y203.939 E2514.3614
M204 S3000
M205 X10 Y10
G0 F6000 X54.489 Y203.264
M204 S1800
M205 X8 Y8
G1 F1200 X80.415 Y229.19 E2515.58088
M204 S3000
M205 X10 Y10
G0 F6000 X81.05 Y229.26
M204 S1800
M205 X8 Y8
G1 F1200 X54.44 Y202.65 E2516.83253
G1 X54.37 Y202.58
M204 S3000
M205 X10 Y10
G0 F6000 X56.13 Y203.774
M204 S1800
M205 X8 Y8
G1 F1200 X81.685 Y229.329 E2518.03456
M204 S3000
M205 X10 Y10
G0 F6000 X82.288 Y229.367
M204 S1800
M205 X8 Y8
G1 F1200 X56.97 Y204.049 E2519.22544
M204 S3000
M205 X10 Y10
G0 F6000 X57.591 Y204.103
M204 S1800
M205 X8 Y8
G1 F1200 X82.863 Y229.376 E2520.41418
M204 S3000
M205 X10 Y10
G0 F6000 X83.429 Y229.376
M204 S1800
M205 X8 Y8
G1 F1200 X58.127 Y204.073 E2521.60434
M204 S3000
M205 X10 Y10
G0 F6000 X58.619 Y204
M204 S1800
M205 X8 Y8
G1 F1200 X83.995 Y229.376 E2522.79794
M204 S3000
M205 X10 Y10
G0 F6000 X84.56 Y229.376
M204 S1800
M205 X8 Y8
G1 F1200 X59.072 Y203.887 E2523.99685
M204 S3000
M205 X10 Y10
G0 F6000 X59.468 Y203.718
M204 S1800
M205 X8 Y8
G1 F1200 X85.118 Y229.368 E2525.20334
M204 S3000
M205 X10 Y10
G0 F6000 X85.652 Y229.336
M204 S1800
M205 X8 Y8
G1 F1200 X59.822 Y203.506 E2526.41831
M204 S3000
M205 X10 Y10
G0 F6000 X60.171 Y203.29
M204 S1800
M205 X8 Y8
G1 F1200 X86.163 Y229.282 E2527.64089
M204 S3000
M205 X10 Y10
G0 F6000 X86.675 Y229.227
M204 S1800
M205 X8 Y8
G1 F1200 X60.478 Y203.03 E2528.87312
M204 S3000
M205 X10 Y10
G0 F6000 X60.766 Y202.753
M204 S1800
M205 X8 Y8
G1 F1200 X87.185 Y229.172 E2530.11579
M204 S3000
M205 X10 Y10
G0 F6000 X87.696 Y229.118
M204 S1800
M205 X8 Y8
G1 F1200 X61.007 Y202.429 E2531.37115
M204 S3000
M205 X10 Y10
G0 F6000 X61.232 Y202.088
M204 S1800
M205 X8 Y8
G1 F1200 X88.196 Y229.051 E2532.63943
M204 S3000
M205 X10 Y10
G0 F6000 X88.688 Y228.978
M204 S1800
M205 X8 Y8
G1 F1200 X61.446 Y201.736 E2533.92082
M204 S3000
M205 X10 Y10
G0 F6000 X61.604 Y201.328
M204 S1800
M205 X8 Y8
G1 F1200 X89.153 Y228.877 E2535.21664
M204 S3000
M205 X10 Y10
G0 F6000 X89.617 Y228.775
M204 S1800
M205 X8 Y8
G1 F1200 X61.731 Y200.889 E2536.52831
M204 S3000
M205 X10 Y10
G0 F6000 X61.789 Y200.382
M204 S1800
M205 X8 Y8
G1 F1200 X90.081 Y228.674 E2537.85908
M204 S3000
M205 X10 Y10
G0 F6000 X90.545 Y228.572
M204 S1800
M205 X8 Y8
G1 F1200 X61.824 Y199.851 E2539.21002
M204 S3000
M205 X10 Y10
G0 F6000 X61.762 Y199.224
M204 S1800
M205 X8 Y8
G1 F1200 X91.01 Y228.471 E2540.58574
M204 S3000
M205 X10 Y10
G0 F6000 X91.466 Y228.362
M204 S1800
M205 X8 Y8
G1 F1200 X61.458 Y198.354 E2541.99722
G1 X61.388 Y198.284
M204 S3000
M205 X10 Y10
G0 F6000 X59.295 Y196.191
M204 S1800
M205 X8 Y8
G1 F1200 X55.372 Y192.268 E2542.18175
M204 S3000
M205 X10 Y10
G0 F6000 X55.495 Y191.825
M204 S1800
M205 X8 Y8
G1 F1200 X91.906 Y228.236 E2543.89441
M204 S3000
M205 X10 Y10
G0 F6000 X92.329 Y228.094
M204 S1800
M205 X8 Y8
G1 F1200 X55.617 Y191.381 E2545.62125
M204 S3000
M205 X10 Y10
G0 F6000 X55.739 Y190.937
M204 S1800
M205 X8 Y8
G1 F1200 X92.753 Y227.952 E2547.3623
M204 S3000
M205 X10 Y10
G0 F6000 X93.176 Y227.81
M204 S1800
M205 X8 Y8
G1 F1200 X55.874 Y190.508 E2549.11687
M204 S3000
M205 X10 Y10
G0 F6000 X56.036 Y190.103
M204 S1800
M205 X8 Y8
G1 F1200 X93.6 Y227.667 E2550.88377
M204 S3000
M205 X10 Y10
G0 F6000 X94.023 Y227.525
M204 S1800
M205 X8 Y8
G1 F1200 X56.197 Y189.699 E2552.66299
M204 S3000
M205 X10 Y10
G0 F6000 X56.358 Y189.294
M204 S1800
M205 X8 Y8
G1 F1200 X94.447 Y227.383 E2554.45458
M204 S3000
M205 X10 Y10
G0 F6000 X94.844 Y227.215
M204 S1800
M205 X8 Y8
G1 F1200 X56.519 Y188.89 E2556.25727
M204 S3000
M205 X10 Y10
G0 F6000 X56.68 Y188.485
M204 S1800
M205 X8 Y8
G1 F1200 X95.233 Y227.037 E2558.07066
M204 S3000
M205 X10 Y10
G0 F6000 X95.619 Y226.858
M204 S1800
M205 X8 Y8
G1 F1200 X94.993 Y226.232 E2558.1001
G1 X94.923 Y226.162
M204 S3000
M205 X10 Y10
G0 F6000 X95.864 Y226.537
M204 S1800
M205 X8 Y8
G1 F1200 X96.006 Y226.68 E2558.10681
M204 S3000
M205 X10 Y10
G0 F6000 X92.954 Y224.193
M204 S1800
M205 X8 Y8
G1 F1200 X56.842 Y188.081 E2559.8054
M204 S3000
M205 X10 Y10
G0 F6000 X57.004 Y187.677
M204 S1800
M205 X8 Y8
G1 F1200 X92.711 Y223.384 E2561.48495
M204 S3000
M205 X10 Y10
G0 F6000 X92.604 Y222.711
M204 S1800
M205 X8 Y8
G1 F1200 X57.198 Y187.306 E2563.15032
M204 S3000
M205 X10 Y10
G0 F6000 X57.394 Y186.936
M204 S1800
M205 X8 Y8
G1 F1200 X92.617 Y222.159 E2564.8071
M204 S3000
M205 X10 Y10
G0 F6000 X92.688 Y221.664
M204 S1800
M205 X8 Y8
G1 F1200 X78.27 Y207.246 E2565.48528
G1 X78.2 Y207.176
M204 S3000
M205 X10 Y10
G0 F6000 X79.758 Y208.168
M204 S1800
M205 X8 Y8
G1 F1200 X92.826 Y221.236 E2566.09996
M204 S3000
M205 X10 Y10
G0 F6000 X92.967 Y220.812
M204 S1800
M205 X8 Y8
G1 F1200 X80.649 Y208.494 E2566.67936
G1 X80.579 Y208.424
M204 S3000
M205 X10 Y10
G0 F6000 X81.514 Y208.793
M204 S1800
M205 X8 Y8
G1 F1200 X93.158 Y220.437 E2567.22706
M204 S3000
M205 X10 Y10
G0 F6000 X93.389 Y220.102
M204 S1800
M205 X8 Y8
G1 F1200 X82.206 Y208.92 E2567.75305
M204 S3000
M205 X10 Y10
G0 F6000 X82.841 Y208.989
M204 S1800
M205 X8 Y8
G1 F1200 X93.646 Y219.794 E2568.26128
M204 S3000
M205 X10 Y10
G0 F6000 X93.93 Y219.512
M204 S1800
M205 X8 Y8
G1 F1200 X83.476 Y209.058 E2568.75301
M204 S3000
M205 X10 Y10
G0 F6000 X84.026 Y209.043
M204 S1800
M205 X8 Y8
G1 F1200 X94.223 Y219.239 E2569.23262
M204 S3000
M205 X10 Y10
G0 F6000 X94.554 Y219.005
M204 S1800
M205 X8 Y8
G1 F1200 X84.543 Y208.993 E2569.70353
M204 S3000
M205 X10 Y10
G0 F6000 X85.051 Y208.936
M204 S1800
M205 X8 Y8
G1 F1200 X94.933 Y218.818 E2570.16835
M204 S3000
M205 X10 Y10
G0 F6000 X95.337 Y218.656
M204 S1800
M205 X8 Y8
G1 F1200 X85.557 Y208.876 E2570.62837
M204 S3000
M205 X10 Y10
G0 F6000 X86.003 Y208.757
M204 S1800
M205 X8 Y8
G1 F1200 X95.77 Y218.524 E2571.08778
M204 S3000
M205 X10 Y10
G0 F6000 X96.237 Y218.425
M204 S1800
M205 X8 Y8
G1 F1200 X86.427 Y208.615 E2571.54921
M204 S3000
M205 X10 Y10
G0 F6000 X86.848 Y208.471
M204 S1800
M205 X8 Y8
G1 F1200 X96.788 Y218.41 E2572.01673
M204 S3000
M205 X10 Y10
G0 F6000 X97.43 Y218.486
M204 S1800
M205 X8 Y8
G1 F1200 X87.268 Y208.324 E2572.49472
M204 S3000
M205 X10 Y10
G0 F6000 X87.664 Y208.155
M204 S1800
M205 X8 Y8
G1 F1200 X98.173 Y218.664 E2572.98903
G1 X98.243 Y218.734
M204 S3000
M205 X10 Y10
G0 F6000 X100.527 Y221.018
M204 S1800
M205 X8 Y8
G1 F1200 X102.288 Y222.779 E2573.07187
M204 S3000
M205 X10 Y10
G0 F6000 X102.608 Y222.534
M204 S1800
M205 X8 Y8
G1 F1200 X88.022 Y207.948 E2573.75795
M204 S3000
M205 X10 Y10
G0 F6000 X88.377 Y207.737
M204 S1800
M205 X8 Y8
G1 F1200 X102.91 Y222.27 E2574.44153
M204 S3000
M205 X10 Y10
G0 F6000 X103.203 Y221.997
M204 S1800
M205 X8 Y8
G1 F1200 X88.724 Y207.518 E2575.12258
M204 S3000
M205 X10 Y10
G0 F6000 X89.07 Y207.298
M204 S1800
M205 X8 Y8
G1 F1200 X103.494 Y221.722 E2575.80104
M204 S3000
M205 X10 Y10
G0 F6000 X103.784 Y221.447
M204 S1800
M205 X8 Y8
G1 F1200 X89.404 Y207.067 E2576.47743
M204 S3000
M205 X10 Y10
G0 F6000 X89.69 Y206.787
M204 S1800
M205 X8 Y8
G1 F1200 X104.075 Y221.172 E2577.15406
M204 S3000
M205 X10 Y10
G0 F6000 X104.366 Y220.897
M204 S1800
M205 X8 Y8
G1 F1200 X89.977 Y206.509 E2577.83085
M204 S3000
M205 X10 Y10
G0 F6000 X90.26 Y206.226
M204 S1800
M205 X8 Y8
G1 F1200 X104.656 Y220.622 E2578.508
M204 S3000
M205 X10 Y10
G0 F6000 X104.942 Y220.342
M204 S1800
M205 X8 Y8
G1 F1200 X90.542 Y205.942 E2579.18533
M204 S3000
M205 X10 Y10
G0 F6000 X90.813 Y205.647
M204 S1800
M205 X8 Y8
G1 F1200 X105.218 Y220.053 E2579.86292
M204 S3000
M205 X10 Y10
G0 F6000 X105.479 Y219.748
M204 S1800
M205 X8 Y8
G1 F1200 X91.037 Y205.306 E2580.54222
M204 S3000
M205 X10 Y10
G0 F6000 X91.262 Y204.964
M204 S1800
M205 X8 Y8
G1 F1200 X105.74 Y219.442 E2581.22323
M204 S3000
M205 X10 Y10
G0 F6000 X106 Y219.138
M204 S1800
M205 X8 Y8
G1 F1200 X91.479 Y204.616 E2581.90627
M204 S3000
M205 X10 Y10
G0 F6000 X91.695 Y204.266
M204 S1800
M205 X8 Y8
G1 F1200 X106.261 Y218.832 E2582.59141
M204 S3000
M205 X10 Y10
G0 F6000 X106.522 Y218.527
M204 S1800
M205 X8 Y8
G1 F1200 X91.905 Y203.911 E2583.27893
M204 S3000
M205 X10 Y10
G0 F6000 X92.058 Y203.498
M204 S1800
M205 X8 Y8
G1 F1200 X106.782 Y218.222 E2583.9715
M204 S3000
M205 X10 Y10
G0 F6000 X107.034 Y217.908
M204 S1800
M205 X8 Y8
G1 F1200 X92.203 Y203.078 E2584.66908
M204 S3000
M205 X10 Y10
G0 F6000 X92.348 Y202.657
M204 S1800
M205 X8 Y8
G1 F1200 X107.277 Y217.586 E2585.3713
M204 S3000
M205 X10 Y10
G0 F6000 X107.507 Y217.25
M204 S1800
M205 X8 Y8
G1 F1200 X92.494 Y202.237 E2586.07746
M204 S3000
M205 X10 Y10
G0 F6000 X92.594 Y201.771
M204 S1800
M205 X8 Y8
G1 F1200 X107.736 Y216.914 E2586.78972
M204 S3000
M205 X10 Y10
G0 F6000 X107.966 Y216.577
M204 S1800
M205 X8 Y8
G1 F1200 X92.661 Y201.272 E2587.50962
M204 S3000
M205 X10 Y10
G0 F6000 X92.717 Y200.763
M204 S1800
M205 X8 Y8
G1 F1200 X108.195 Y216.241 E2588.23766
M204 S3000
M205 X10 Y10
G0 F6000 X108.424 Y215.905
M204 S1800
M205 X8 Y8
G1 F1200 X92.77 Y200.251 E2588.97397
M204 S3000
M205 X10 Y10
G0 F6000 X92.755 Y199.669
M204 S1800
M205 X8 Y8
G1 F1200 X108.654 Y215.568 E2589.72181
M204 S3000
M205 X10 Y10
G0 F6000 X108.869 Y215.218
M204 S1800
M205 X8 Y8
G1 F1200 X92.692 Y199.041 E2590.48273
M204 S3000
M205 X10 Y10
G0 F6000 X92.616 Y198.4
M204 S1800
M205 X8 Y8
G1 F1200 X109.079 Y214.862 E2591.25707
M204 S3000
M205 X10 Y10
G0 F6000 X109.276 Y214.493
M204 S1800
M205 X8 Y8
G1 F1200 X92.465 Y197.683 E2592.04779
G1 X92.395 Y197.613
M204 S3000
M205 X10 Y10
G0 F6000 X92.167 Y196.818
M204 S1800
M205 X8 Y8
G1 F1200 X109.472 Y214.124 E2592.86179
M204 S3000
M205 X10 Y10
G0 F6000 X109.669 Y213.755
M204 S1800
M205 X8 Y8
G1 F1200 X91.762 Y195.848 E2593.70408
G1 X91.692 Y195.778
M204 S3000
M205 X10 Y10
G0 F6000 X90.56 Y194.081
M204 S1800
M205 X8 Y8
G1 F1200 X109.865 Y213.385 E2594.6121
M204 S3000
M205 X10 Y10
G0 F6000 X110.061 Y213.016
M204 S1800
M205 X8 Y8
G1 F1200 X70.702 Y173.657 E2596.46343
M204 S3000
M205 X10 Y10
G0 F6000 X71.088 Y173.478
M204 S1800
M205 X8 Y8
G1 F1200 X110.258 Y212.647 E2598.30584
M204 S3000
M205 X10 Y10
G0 F6000 X110.435 Y212.259
M204 S1800
M205 X8 Y8
G1 F1200 X71.475 Y173.298 E2600.13842
M204 S3000
M205 X10 Y10
G0 F6000 X71.861 Y173.118
M204 S1800
M205 X8 Y8
G1 F1200 X110.597 Y211.854 E2601.96045
M204 S3000
M205 X10 Y10
G0 F6000 X110.759 Y211.451
M204 S1800
M205 X8 Y8
G1 F1200 X72.247 Y172.939 E2603.77193
M204 S3000
M205 X10 Y10
G0 F6000 X72.633 Y172.759
M204 S1800
M205 X8 Y8
G1 F1200 X110.92 Y211.046 E2605.57284
M204 S3000
M205 X10 Y10
G0 F6000 X111.081 Y210.642
M204 S1800
M205 X8 Y8
G1 F1200 X73.039 Y172.6 E2607.36221
M204 S3000
M205 X10 Y10
G0 F6000 X73.459 Y172.454
M204 S1800
M205 X8 Y8
G1 F1200 X111.243 Y210.238 E2609.13946
M204 S3000
M205 X10 Y10
G0 F6000 X111.404 Y209.833
M204 S1800
M205 X8 Y8
G1 F1200 X73.883 Y172.312 E2610.90433
M204 S3000
M205 X10 Y10
G0 F6000 X74.307 Y172.17
M204 S1800
M205 X8 Y8
G1 F1200 X111.565 Y209.429 E2612.65686
M204 S3000
M205 X10 Y10
G0 F6000 X111.705 Y209.003
M204 S1800
M205 X8 Y8
G1 F1200 X74.73 Y172.028 E2614.39605
M204 S3000
M205 X10 Y10
G0 F6000 X75.154 Y171.886
M204 S1800
M205 X8 Y8
G1 F1200 X111.828 Y208.561 E2616.1211
M204 S3000
M205 X10 Y10
G0 F6000 X111.952 Y208.119
M204 S1800
M205 X8 Y8
G1 F1200 X75.577 Y171.744 E2617.83207
M204 S3000
M205 X10 Y10
G0 F6000 X76.019 Y171.62
M204 S1800
M205 X8 Y8
G1 F1200 X112.077 Y207.677 E2619.52811
M204 S3000
M205 X10 Y10
G0 F6000 X112.2 Y207.236
M204 S1800
M205 X8 Y8
G1 F1200 X76.482 Y171.517 E2621.20819
M204 S3000
M205 X10 Y10
G0 F6000 X76.944 Y171.413
M204 S1800
M205 X8 Y8
G1 F1200 X112.324 Y206.794 E2622.87238
M204 S3000
M205 X10 Y10
G0 F6000 X112.43 Y206.334
M204 S1800
M205 X8 Y8
G1 F1200 X77.406 Y171.31 E2624.51981
M204 S3000
M205 X10 Y10
G0 F6000 X77.87 Y171.208
M204 S1800
M205 X8 Y8
G1 F1200 X112.528 Y205.866 E2626.15001
M204 S3000
M205 X10 Y10
G0 F6000 X112.625 Y205.398
M204 S1800
M205 X8 Y8
G1 F1200 X78.332 Y171.104 E2627.76307
M204 S3000
M205 X10 Y10
G0 F6000 X78.795 Y171.001
M204 S1800
M205 X8 Y8
G1 F1200 X112.7 Y204.907 E2629.35788
M204 S3000
M205 X10 Y10
G0 F6000 X112.775 Y204.416
M204 S1800
M205 X8 Y8
G1 F1200 X79.294 Y170.935 E2630.93273
M204 S3000
M205 X10 Y10
G0 F6000 X79.803 Y170.878
M204 S1800
M205 X8 Y8
G1 F1200 X112.849 Y203.924 E2632.48711
M204 S3000
M205 X10 Y10
G0 F6000 X113.004 Y203.513
M204 S1800
M205 X8 Y8
G1 F1200 X80.312 Y170.822 E2634.02482
M204 S3000
M205 X10 Y10
G0 F6000 X80.821 Y170.765
M204 S1800
M205 X8 Y8
G1 F1200 X113.237 Y203.181 E2635.54957
M204 S3000
M205 X10 Y10
G0 F6000 X113.538 Y202.916
M204 S1800
M205 X8 Y8
G1 F1200 X81.33 Y170.709 E2637.06451
M204 S3000
M205 X10 Y10
G0 F6000 X81.839 Y170.652
M204 S1800
M205 X8 Y8
G1 F1200 X113.921 Y202.734 E2638.57355
M204 S3000
M205 X10 Y10
G0 F6000 X114.397 Y202.644
M204 S1800
M205 X8 Y8
G1 F1200 X82.378 Y170.625 E2640.07962
M204 S3000
M205 X10 Y10
G0 F6000 X82.94 Y170.621
M204 S1800
M205 X8 Y8
G1 F1200 X114.96 Y202.641 E2641.58575
M204 S3000
M205 X10 Y10
G0 F6000 X115.522 Y202.638
M204 S1800
M205 X8 Y8
G1 F1200 X83.505 Y170.621 E2643.09173
M204 S3000
M205 X10 Y10
G0 F6000 X84.071 Y170.621
M204 S1800
M205 X8 Y8
G1 F1200 X93.614 Y180.164 E2643.5406
M204 S3000
M205 X10 Y10
G0 F6000 X94.122 Y180.672
M204 S1800
M205 X8 Y8
G1 F1200 X116.085 Y202.635 E2644.57367
M204 S3000
M205 X10 Y10
G0 F6000 X116.647 Y202.632
M204 S1800
M205 X8 Y8
G1 F1200 X95.392 Y181.376 E2645.57347
M204 S3000
M205 X10 Y10
G0 F6000 X96.14 Y181.558
M204 S1800
M205 X8 Y8
G1 F1200 X117.21 Y202.629 E2646.56456
M204 S3000
M205 X10 Y10
G0 F6000 X117.773 Y202.626
M204 S1800
M205 X8 Y8
G1 F1200 X96.726 Y181.579 E2647.55455
M204 S3000
M205 X10 Y10
G0 F6000 X97.263 Y181.551
M204 S1800
M205 X8 Y8
G1 F1200 X118.335 Y202.622 E2648.54568
M204 S3000
M205 X10 Y10
G0 F6000 X118.898 Y202.62
M204 S1800
M205 X8 Y8
G1 F1200 X97.737 Y181.458 E2649.54106
M204 S3000
M205 X10 Y10
G0 F6000 X98.178 Y181.334
M204 S1800
M205 X8 Y8
G1 F1200 X112.85 Y196.006 E2650.23118
M204 S3000
M205 X10 Y10
G0 F6000 X112.735 Y195.325
M204 S1800
M205 X8 Y8
G1 F1200 X98.557 Y181.148 E2650.89805
M204 S3000
M205 X10 Y10
G0 F6000 X98.91 Y180.935
M204 S1800
M205 X8 Y8
G1 F1200 X112.62 Y194.645 E2651.54292
M204 S3000
M205 X10 Y10
G0 F6000 X112.499 Y193.958
M204 S1800
M205 X8 Y8
G1 F1200 X99.253 Y180.711 E2652.166
M204 S3000
M205 X10 Y10
G0 F6000 X99.555 Y180.448
M204 S1800
M205 X8 Y8
G1 F1200 X112.332 Y193.225 E2652.76699
G1 X112.402 Y193.295
M204 S3000
M205 X10 Y10
G0 F6000 X112.114 Y192.441
M204 S1800
M205 X8 Y8
G1 F1200 X99.834 Y180.162 E2653.34458
M204 S3000
M205 X10 Y10
G0 F6000 X100.071 Y179.833
M204 S1800
M205 X8 Y8
G1 F1200 X111.897 Y191.659 E2653.90084
G1 X111.967 Y191.729
M204 S3000
M205 X10 Y10
G0 F6000 X111.665 Y190.861
M204 S1800
M205 X8 Y8
G1 F1200 X100.288 Y179.484 E2654.43598
M204 S3000
M205 X10 Y10
G0 F6000 X100.477 Y179.107
M204 S1800
M205 X8 Y8
G1 F1200 X111.35 Y189.981 E2654.94743
G1 X111.42 Y190.051
M204 S3000
M205 X10 Y10
G0 F6000 X110.974 Y189.038
M204 S1800
M205 X8 Y8
G1 F1200 X100.643 Y178.708 E2655.43335
M204 S3000
M205 X10 Y10
G0 F6000 X100.756 Y178.255
M204 S1800
M205 X8 Y8
G1 F1200 X110.591 Y188.09 E2655.89596
G1 X110.661 Y188.16
M204 S3000
M205 X10 Y10
G0 F6000 X110.08 Y187.013
M204 S1800
M205 X8 Y8
G1 F1200 X100.798 Y177.731 E2656.33255
M204 S3000
M205 X10 Y10
G0 F6000 X100.805 Y177.172
M204 S1800
M205 X8 Y8
G1 F1200 X109.441 Y185.808 E2656.73877
G1 X109.511 Y185.878
M204 S3000
M205 X10 Y10
G0 F6000 X108.706 Y184.508
M204 S1800
M205 X8 Y8
G1 F1200 X100.713 Y176.515 E2657.11473
M204 S3000
M205 X10 Y10
G0 F6000 X101.03 Y176.266
M204 S1800
M205 X8 Y8
G1 F1200 X107.512 Y182.748 E2657.41963
G1 X107.582 Y182.818
M204 S3000
M205 X10 Y10
G0 F6000 X98.687 Y174.983
G0 X95.958 Y173.457
M204 S1800
M205 X8 Y8
G1 F1200 X95.662 Y173.161 E2657.43355
M204 S3000
M205 X10 Y10
G0 F6000 X95.512 Y173.577
M204 S1800
M205 X8 Y8
G1 F1200 X94.618 Y172.683 E2657.4756
G1 X94.548 Y172.613
M204 S3000
M205 X10 Y10
G0 F6000 X93.755 Y172.386
M204 S1800
M205 X8 Y8
G1 F1200 X95.088 Y173.718 E2657.53828
M204 S3000
M205 X10 Y10
G0 F6000 X94.701 Y173.897
M204 S1800
M205 X8 Y8
G1 F1200 X92.899 Y172.095 E2657.62304
G1 X92.829 Y172.025
M204 S3000
M205 X10 Y10
G0 F6000 X92.053 Y171.814
M204 S1800
M205 X8 Y8
G1 F1200 X94.355 Y174.117 E2657.73134
M204 S3000
M205 X10 Y10
G0 F6000 X94.042 Y174.369
M204 S1800
M205 X8 Y8
G1 F1200 X91.247 Y171.575 E2657.86278
M204 S3000
M205 X10 Y10
G0 F6000 X90.523 Y171.416
M204 S1800
M205 X8 Y8
G1 F1200 X93.757 Y174.65 E2658.0149
M204 S3000
M205 X10 Y10
G0 F6000 X93.487 Y174.945
M204 S1800
M205 X8 Y8
G1 F1200 X89.799 Y171.257 E2658.18837
M204 S3000
M205 X10 Y10
G0 F6000 X89.078 Y171.102
M204 S1800
M205 X8 Y8
G1 F1200 X93.248 Y175.273 E2658.38454
M204 S3000
M205 X10 Y10
G0 F6000 X93.038 Y175.629
M204 S1800
M205 X8 Y8
G1 F1200 X88.363 Y170.953 E2658.60446
M204 S3000
M205 X10 Y10
G0 F6000 X87.729 Y170.885
M204 S1800
M205 X8 Y8
G1 F1200 X92.879 Y176.035 E2658.8467
M204 S3000
M205 X10 Y10
G0 F6000 X92.744 Y176.465
M204 S1800
M205 X8 Y8
G1 F1200 X87.095 Y170.816 E2659.11241
M204 S3000
M205 X10 Y10
G0 F6000 X86.46 Y170.747
M204 S1800
M205 X8 Y8
G1 F1200 X92.648 Y176.935 E2659.40348
M204 S3000
M205 X10 Y10
G0 F6000 X92.599 Y177.452
M204 S1800
M205 X8 Y8
G1 F1200 X85.83 Y170.682 E2659.7219
M204 S3000
M205 X10 Y10
G0 F6000 X85.202 Y170.621
M204 S1800
M205 X8 Y8
G1 F1200 X92.665 Y178.084 E2660.07293
M204 S3000
M205 X10 Y10
G0 F6000 X92.818 Y178.802
M204 S1800
M205 X8 Y8
G1 F1200 X84.637 Y170.621 E2660.45774
G1 X84.567 Y170.551
M204 S3000
M205 X10 Y10
G0 F6000 X70.316 Y173.837
M204 S1800
M205 X8 Y8
G1 F1200 X89.409 Y192.929 E2661.35579
G1 X89.479 Y192.999
M204 S3000
M205 X10 Y10
G0 F6000 X87.854 Y191.94
M204 S1800
M205 X8 Y8
G1 F1200 X69.93 Y174.016 E2662.19888
M204 S3000
M205 X10 Y10
G0 F6000 X69.575 Y174.226
M204 S1800
M205 X8 Y8
G1 F1200 X86.891 Y191.543 E2663.0134
G1 X86.961 Y191.613
M204 S3000
M205 X10 Y10
G0 F6000 X86.024 Y191.241
M204 S1800
M205 X8 Y8
G1 F1200 X69.222 Y174.439 E2663.80371
M204 S3000
M205 X10 Y10
G0 F6000 X68.87 Y174.653
M204 S1800
M205 X8 Y8
G1 F1200 X85.307 Y191.09 E2664.57686
M204 S3000
M205 X10 Y10
G0 F6000 X84.668 Y191.017
M204 S1800
M205 X8 Y8
G1 F1200 X68.517 Y174.866 E2665.33655
M204 S3000
M205 X10 Y10
G0 F6000 X68.164 Y175.078
M204 S1800
M205 X8 Y8
G1 F1200 X84.033 Y190.948 E2666.08301
M204 S3000
M205 X10 Y10
G0 F6000 X83.456 Y190.937
M204 S1800
M205 X8 Y8
G1 F1200 X67.812 Y175.292 E2666.81887
M204 S3000
M205 X10 Y10
G0 F6000 X67.459 Y175.505
M204 S1800
M205 X8 Y8
G1 F1200 X82.949 Y190.995 E2667.54748
M204 S3000
M205 X10 Y10
G0 F6000 X82.442 Y191.053
M204 S1800
M205 X8 Y8
G1 F1200 X67.112 Y175.724 E2668.26853
M204 S3000
M205 X10 Y10
G0 F6000 X66.791 Y175.969
M204 S1800
M205 X8 Y8
G1 F1200 X81.935 Y191.112 E2668.98083
M204 S3000
M205 X10 Y10
G0 F6000 X81.47 Y191.212
M204 S1800
M205 X8 Y8
G1 F1200 X66.47 Y176.213 E2669.68636
M204 S3000
M205 X10 Y10
G0 F6000 X66.149 Y176.458
M204 S1800
M205 X8 Y8
G1 F1200 X81.052 Y191.361 E2670.38736
M204 S3000
M205 X10 Y10
G0 F6000 X80.636 Y191.51
M204 S1800
M205 X8 Y8
G1 F1200 X65.828 Y176.703 E2671.08385
M204 S3000
M205 X10 Y10
G0 F6000 X65.507 Y176.947
M204 S1800
M205 X8 Y8
G1 F1200 X80.219 Y191.659 E2671.77586
M204 S3000
M205 X10 Y10
G0 F6000 X79.801 Y191.807
M204 S1800
M205 X8 Y8
G1 F1200 X65.186 Y177.192 E2672.46331
M204 S3000
M205 X10 Y10
G0 F6000 X64.865 Y177.437
M204 S1800
M205 X8 Y8
G1 F1200 X79.442 Y192.014 E2673.14896
M204 S3000
M205 X10 Y10
G0 F6000 X79.096 Y192.234
M204 S1800
M205 X8 Y8
G1 F1200 X64.553 Y177.69 E2673.83305
M204 S3000
M205 X10 Y10
G0 F6000 X64.263 Y177.966
M204 S1800
M205 X8 Y8
G1 F1200 X78.75 Y192.453 E2674.51447
M204 S3000
M205 X10 Y10
G0 F6000 X78.404 Y192.673
M204 S1800
M205 X8 Y8
G1 F1200 X63.973 Y178.241 E2675.19328
M204 S3000
M205 X10 Y10
G0 F6000 X63.683 Y178.517
M204 S1800
M205 X8 Y8
G1 F1200 X78.058 Y192.892 E2675.86944
M204 S3000
M205 X10 Y10
G0 F6000 X77.769 Y193.168
M204 S1800
M205 X8 Y8
G1 F1200 X63.392 Y178.792 E2676.54567
M204 S3000
M205 X10 Y10
G0 F6000 X63.102 Y179.068
M204 S1800
M205 X8 Y8
G1 F1200 X77.487 Y193.453 E2677.22229
M204 S3000
M205 X10 Y10
G0 F6000 X77.206 Y193.737
M204 S1800
M205 X8 Y8
G1 F1200 X62.813 Y179.344 E2677.89929
M204 S3000
M205 X10 Y10
G0 F6000 X62.522 Y179.619
M204 S1800
M205 X8 Y8
G1 F1200 X76.924 Y194.021 E2678.57672
M204 S3000
M205 X10 Y10
G0 F6000 X76.643 Y194.305
M204 S1800
M205 X8 Y8
G1 F1200 X62.242 Y179.904 E2679.2541
M204 S3000
M205 X10 Y10
G0 F6000 X61.982 Y180.211
M204 S1800
M205 X8 Y8
G1 F1200 X76.416 Y194.644 E2679.93301
M204 S3000
M205 X10 Y10
G0 F6000 X76.193 Y194.987
M204 S1800
M205 X8 Y8
G1 F1200 X61.722 Y180.516 E2680.61368
M204 S3000
M205 X10 Y10
G0 F6000 X61.463 Y180.822
M204 S1800
M205 X8 Y8
G1 F1200 X75.976 Y195.336 E2681.29635
M204 S3000
M205 X10 Y10
G0 F6000 X75.76 Y195.685
M204 S1800
M205 X8 Y8
G1 F1200 X61.203 Y181.128 E2681.98107
M204 S3000
M205 X10 Y10
G0 F6000 X60.944 Y181.435
M204 S1800
M205 X8 Y8
G1 F1200 X75.545 Y196.036 E2682.66785
M204 S3000
M205 X10 Y10
G0 F6000 X75.393 Y196.449
M204 S1800
M205 X8 Y8
G1 F1200 X60.683 Y181.74 E2683.35974
M204 S3000
M205 X10 Y10
G0 F6000 X60.424 Y182.046
M204 S1800
M205 X8 Y8
G1 F1200 X75.241 Y196.863 E2684.05669
M204 S3000
M205 X10 Y10
G0 F6000 X75.096 Y197.284
M204 S1800
M205 X8 Y8
G1 F1200 X60.177 Y182.365 E2684.75843
M204 S3000
M205 X10 Y10
G0 F6000 X59.949 Y182.703
M204 S1800
M205 X8 Y8
G1 F1200 X74.95 Y197.704 E2685.46403
M204 S3000
M205 X10 Y10
G0 F6000 X74.844 Y198.163
M204 S1800
M205 X8 Y8
G1 F1200 X59.721 Y183.04 E2686.17537
M204 S3000
M205 X10 Y10
G0 F6000 X59.493 Y183.378
M204 S1800
M205 X8 Y8
G1 F1200 X74.78 Y198.665 E2686.89443
M204 S3000
M205 X10 Y10
G0 F6000 X74.715 Y199.166
M204 S1800
M205 X8 Y8
G1 F1200 X59.265 Y183.716 E2687.62115
M204 S3000
M205 X10 Y10
G0 F6000 X59.037 Y184.053
M204 S1800
M205 X8 Y8
G1 F1200 X74.664 Y199.68 E2688.35619
M204 S3000
M205 X10 Y10
G0 F6000 X74.661 Y200.244
M204 S1800
M205 X8 Y8
G1 F1200 X58.808 Y184.39 E2689.10189
M204 S3000
M205 X10 Y10
G0 F6000 X58.58 Y184.728
M204 S1800
M205 X8 Y8
G1 F1200 X74.729 Y200.877 E2689.86149
M204 S3000
M205 X10 Y10
G0 F6000 X74.795 Y201.509
M204 S1800
M205 X8 Y8
G1 F1200 X58.372 Y185.085 E2690.634
M204 S3000
M205 X10 Y10
G0 F6000 X58.176 Y185.455
M204 S1800
M205 X8 Y8
G1 F1200 X74.929 Y202.209 E2691.42204
G1 X74.999 Y202.279
M204 S3000
M205 X10 Y10
G0 F6000 X75.217 Y203.062
M204 S1800
M205 X8 Y8
G1 F1200 X57.981 Y185.826 E2692.23277
M204 S3000
M205 X10 Y10
G0 F6000 X57.785 Y186.196
M204 S1800
M205 X8 Y8
G1 F1200 X75.539 Y203.95 E2693.06786
G1 X75.609 Y204.02
M204 S3000
M205 X10 Y10
G0 F6000 X76.479 Y205.455
M204 S1800
M205 X8 Y8
G1 F1200 X57.589 Y186.565 E2693.95639
G1 X57.519 Y186.495
M204 S3000
M205 X10 Y10
G0 F6000 X55.251 Y192.712
M204 S1800
M205 X8 Y8
G1 F1200 X58.527 Y195.988 E2694.11048
M204 S3000
M205 X10 Y10
G0 F6000 X57.875 Y195.902
M204 S1800
M205 X8 Y8
G1 F1200 X55.128 Y193.156 E2694.23967
M204 S3000
M205 X10 Y10
G0 F6000 X55.007 Y193.6
M204 S1800
M205 X8 Y8
G1 F1200 X57.304 Y195.897 E2694.34771
M204 S3000
M205 X10 Y10
G0 F6000 X56.83 Y195.989
M204 S1800
M205 X8 Y8
G1 F1200 X54.918 Y194.077 E2694.43765
M204 S3000
M205 X10 Y10
G0 F6000 X54.838 Y194.563
M204 S1800
M205 X8 Y8
G1 F1200 X56.398 Y196.122 E2694.511
M204 S3000
M205 X10 Y10
G0 F6000 X55.989 Y196.279
M204 S1800
M205 X8 Y8
G1 F1200 X54.759 Y195.049 E2694.56885
M204 S3000
M205 X10 Y10
G0 F6000 X54.679 Y195.535
M204 S1800
M205 X8 Y8
G1 F1200 X55.607 Y196.463 E2694.61251
M204 S3000
M205 X10 Y10
G0 F6000 X55.269 Y196.69
M204 S1800
M205 X8 Y8
G1 F1200 X54.599 Y196.021 E2694.644
M204 S3000
M205 X10 Y10
G0 F6000 X54.52 Y196.507
M204 S1800
M205 X8 Y8
G1 F1200 X54.969 Y196.956 E2694.66512
M204 S3000
M205 X10 Y10
G0 F6000 X54.684 Y197.237
M204 S1800
M205 X8 Y8
G1 F1200 X54.462 Y197.014 E2694.67558
M204 S3000
M205 X10 Y10
G0 F6000 X57.897 Y196.819
G0 X58.849 Y197.004
G0 X98.687 Y220.016
G0 X100.769 Y221.825
M204 S1800
M205 X8 Y8
G1 F1200 X101.966 Y223.023 E2694.73191
M204 S3000
M205 X10 Y10
G0 F6000 X101.645 Y223.267
M204 S1800
M205 X8 Y8
G1 F1200 X100.819 Y222.442 E2694.77074
M204 S3000
M205 X10 Y10
G0 F6000 X100.785 Y222.973
M204 S1800
M205 X8 Y8
G1 F1200 X101.323 Y223.511 E2694.79604
M204 S3000
M205 X10 Y10
G0 F6000 X101.001 Y223.755
M204 S1800
M205 X8 Y8
G1 F1200 X100.716 Y223.469 E2694.80947
M204 S3000
M205 X10 Y10
G0 F6000 X100.58 Y223.9
M204 S1800
M205 X8 Y8
G1 F1200 X100.679 Y223.999 E2694.81413
M204 S3000
M205 X10 Y10
G0 F6000 X113.827 Y203.583
G0 X119.46 Y202.616
M204 S1800
M205 X8 Y8
G1 F1200 X114.121 Y197.277 E2695.06526
M204 S3000
M205 X10 Y10
G0 F6000 X114.732 Y197.322
M204 S1800
M205 X8 Y8
G1 F1200 X120.023 Y202.613 E2695.31413
M204 S3000
M205 X10 Y10
G0 F6000 X120.586 Y202.61
M204 S1800
M205 X8 Y8
G1 F1200 X115.294 Y197.318 E2695.56305
M204 S3000
M205 X10 Y10
G0 F6000 X115.856 Y197.315
M204 S1800
M205 X8 Y8
G1 F1200 X121.148 Y202.607 E2695.81197
M204 S3000
M205 X10 Y10
G0 F6000 X121.711 Y202.604
M204 S1800
M205 X8 Y8
G1 F1200 X116.418 Y197.311 E2696.06094
M204 S3000
M205 X10 Y10
G0 F6000 X116.981 Y197.308
M204 S1800
M205 X8 Y8
G1 F1200 X122.274 Y202.601 E2696.3099
M204 S3000
M205 X10 Y10
G0 F6000 X122.836 Y202.598
M204 S1800
M205 X8 Y8
G1 F1200 X117.543 Y197.305 E2696.55887
M204 S3000
M205 X10 Y10
G0 F6000 X118.105 Y197.301
M204 S1800
M205 X8 Y8
G1 F1200 X122.429 Y201.625 E2696.76226
G1 X122.499 Y201.695
M204 S3000
M205 X10 Y10
G0 F6000 X122.205 Y200.835
M204 S1800
M205 X8 Y8
G1 F1200 X118.668 Y197.298 E2696.92863
M204 S3000
M205 X10 Y10
G0 F6000 X119.23 Y197.295
M204 S1800
M205 X8 Y8
G1 F1200 X122.101 Y200.166 E2697.06367
M204 S3000
M205 X10 Y10
G0 F6000 X122.119 Y199.618
M204 S1800
M205 X8 Y8
G1 F1200 X119.793 Y197.291 E2697.1731
M204 S3000
M205 X10 Y10
G0 F6000 X120.355 Y197.288
M204 S1800
M205 X8 Y8
G1 F1200 X122.199 Y199.132 E2697.25984
M204 S3000
M205 X10 Y10
G0 F6000 X122.334 Y198.701
M204 S1800
M205 X8 Y8
G1 F1200 X120.93 Y197.298 E2697.32585
M204 S3000
M205 X10 Y10
G0 F6000 X121.507 Y197.309
M204 S1800
M205 X8 Y8
G1 F1200 X122.469 Y198.271 E2697.3711
M204 S3000
M205 X10 Y10
G0 F6000 X122.677 Y197.913
M204 S1800
M205 X8 Y8
G1 F1200 X122.084 Y197.32 E2697.399
M204 S3000
M205 X10 Y10
G0 F6000 X122.661 Y197.332
M204 S1800
M205 X8 Y8
G1 F1200 X122.897 Y197.568 E2697.4101
M204 S3000
M205 X10 Y10
;MESH:NONMESH
G0 F600 X122.897 Y197.568 Z2.4
G0 F6000 X113.855 Y196.387
G0 X94.466 Y179.744
G0 X93.549 Y178.182
G0 X93.938 Y178.089
;TIME_ELAPSED:3634.439907
;LAYER:11
M204 S1800
M205 X8 Y8
;TYPE:WALL-OUTER
;MESH:14_4_1.stl
G1 F3000 X93.865 Y177.507 E2697.42961
G1 X93.961 Y176.802 E2697.45327
G1 X94.182 Y176.177 E2697.47532
G1 X94.628 Y175.554 E2697.5008
G1 X95.077 Y175.151 E2697.52087
G1 X95.759 Y174.809 E2697.54625
G1 X96.344 Y174.658 E2697.56634
G1 X97.12 Y174.672 E2697.59216
G1 X97.7 Y174.811 E2697.61199
G1 X98.38 Y175.181 E2697.63774
G1 X98.829 Y175.575 E2697.65761
G1 X99.236 Y176.187 E2697.68205
G1 X99.476 Y176.779 E2697.7033
G1 X99.554 Y177.545 E2697.72891
G1 X99.487 Y178.139 E2697.74879
G1 X99.199 Y178.858 E2697.77455
G1 X98.881 Y179.325 E2697.79334
G1 X98.275 Y179.856 E2697.82014
G1 X97.748 Y180.138 E2697.84002
G1 X96.993 Y180.31 E2697.86578
G1 X96.393 Y180.314 E2697.88573
G1 X95.645 Y180.116 E2697.91147
G1 X95.117 Y179.842 E2697.93125
G1 X94.546 Y179.32 E2697.95699
G1 X94.204 Y178.83 E2697.97686
G1 X93.938 Y178.089 E2698.00305
M204 S3000
M205 X10 Y10
G0 F6000 X93.914 Y177.891
G0 X93.405 Y177.951
G0 X93.789 Y179.018
G0 X94.327 Y179.754
G0 X113.969 Y197.622
G0 X114.557 Y197.176
M204 S1800
M205 X8 Y8
G1 F3000 X114.41 Y197.112 E2698.00838
G1 X114.357 Y196.977 E2698.0132
G1 X114.25 Y196.124 E2698.0418
G1 X113.832 Y193.572 E2698.12781
G1 X113.687 Y192.97 E2698.1484
G1 X112.963 Y190.365 E2698.23833
G1 X112.679 Y189.597 E2698.26556
G1 X111.737 Y187.237 E2698.35008
G1 X111.377 Y186.516 E2698.37688
G1 X110.193 Y184.285 E2698.46089
G1 X109.805 Y183.677 E2698.48488
G1 X108.34 Y181.517 E2698.57168
G1 X107.971 Y181.05 E2698.59148
G1 X106.029 Y178.771 E2698.69107
G1 X103.773 Y176.637 E2698.79435
G1 X103.086 Y176.092 E2698.82352
G1 X101.146 Y174.618 E2698.90456
G1 X100.324 Y174.1 E2698.93687
G1 F3007.5 X98.325 Y172.897 E2699.01428
G1 X97.873 Y172.663 E2699.03116
G1 F3000 X95.282 Y171.465 E2699.12611
G1 X94.258 Y171.096 E2699.16231
G1 X92.107 Y170.375 E2699.23776
G1 X90.923 Y170.096 E2699.27822
G1 X88.902 Y169.648 E2699.34707
G1 X88.366 Y169.568 E2699.3651
G1 X85.545 Y169.262 E2699.45947
G1 X84.897 Y169.244 E2699.48103
G1 X82.007 Y169.248 E2699.57716
G1 X78.694 Y169.613 E2699.68801
G1 X75.438 Y170.334 E2699.79893
G1 X72.286 Y171.401 E2699.90961
G1 X69.262 Y172.803 E2700.02047
G1 X66.41 Y174.523 E2700.13125
G1 X63.757 Y176.542 E2700.24213
G1 X61.34 Y178.835 E2700.35294
G1 X59.182 Y181.377 E2700.46385
G1 X57.314 Y184.136 E2700.57467
G1 X55.756 Y187.08 E2700.68545
G1 X54.517 Y190.188 E2700.79674
G1 X53.633 Y193.386 E2700.90709
G1 X53.094 Y196.675 E2701.01794
G1 X52.915 Y200.002 E2701.12876
G1 X52.917 Y200.053 E2701.13046
G1 X53.095 Y203.326 E2701.23948
G1 X53.634 Y206.615 E2701.35033
G1 X54.52 Y209.813 E2701.4607
G1 X55.757 Y212.921 E2701.57196
G1 X57.315 Y215.865 E2701.68275
G1 X59.183 Y218.624 E2701.79356
G1 X61.341 Y221.166 E2701.90447
G1 X63.758 Y223.459 E2702.01528
G1 X65.914 Y225.099 E2702.10538
G1 X66.411 Y225.478 E2702.12617
G1 X69.263 Y227.198 E2702.23694
G1 X72.287 Y228.601 E2702.34782
G1 X74.848 Y229.466 E2702.43772
G1 X75.439 Y229.667 E2702.45848
G1 X78.083 Y230.252 E2702.54855
G1 X78.695 Y230.388 E2702.5694
G1 X82.008 Y230.752 E2702.68026
G1 X85.34 Y230.756 E2702.79108
G1 X85.881 Y230.703 E2702.80916
G1 X88.651 Y230.4 E2702.90184
G1 X91.911 Y229.687 E2703.01283
G1 X92.834 Y229.383 E2703.04515
G1 X95.065 Y228.629 E2703.12348
G1 X95.901 Y228.249 E2703.15402
G1 X98.094 Y227.233 E2703.23441
G1 X98.589 Y226.944 E2703.25347
G1 X100.95 Y225.521 E2703.34516
G1 X101.714 Y224.949 E2703.3769
G1 X103.608 Y223.509 E2703.45604
G1 X104.257 Y222.904 E2703.48555
G1 X106.032 Y221.223 E2703.56686
G1 X106.642 Y220.516 E2703.59792
G1 X108.194 Y218.689 E2703.67765
G1 X110.07 Y215.933 E2703.78853
G1 X110.357 Y215.406 E2703.80849
G1 X111.636 Y212.995 E2703.89927
G1 X112.926 Y209.76 E2704.0151
G1 X113.752 Y206.793 E2704.11754
G1 X113.89 Y206.132 E2704.14
G1 X114.239 Y203.992 E2704.21211
G1 X114.357 Y202.973 E2704.24623
G1 X114.428 Y202.847 E2704.25104
G1 X114.601 Y202.802 E2704.25699
G1 X125.313 Y202.78 E2704.61327
G1 F3116.9 X125.732 Y202.794 E2704.62669
G1 X125.29 Y202.694 E2704.6412
G1 F3000 X124.814 Y202.481 E2704.65855
G1 X124.396 Y202.192 E2704.67545
G1 X123.963 Y201.742 E2704.69622
G1 X123.67 Y201.285 E2704.71427
G1 X123.433 Y200.589 E2704.73873
G1 X123.365 Y200.02 E2704.75779
G1 X123.411 Y199.511 E2704.77479
G1 X123.566 Y198.954 E2704.79402
G1 X123.839 Y198.43 E2704.81367
G1 X124.284 Y197.907 E2704.83651
G1 X124.789 Y197.533 E2704.85741
G1 F2992.5 X125.487 Y197.244 E2704.8826
G1 F2977.7 X125.532 Y197.229 E2704.88419
G1 F2992.5 X124.778 Y197.212 E2704.90933
G1 F3000 X119.551 Y197.111 E2705.08322
G1 X114.557 Y197.176 E2705.24933
M204 S3000
M205 X10 Y10
G0 F6000 X114.41 Y197.112
G0 X114.396 Y197.075
G1 F2400 E2699.24933
G0 F6000 X113.856 Y197.119
G0 X124.571 Y197.423
G0 X125.537 Y197.23
M204 S1800
M205 X8 Y8
G1 F2400 E2705.24933
G1 F3225.8 X126.073 Y197.201 E2705.26594
G1 F3287.7 X126.602 Y197.205 E2705.28199
G1 F2926.8 X126.92 Y197.224 E2705.29285
M204 S3000
M205 X10 Y10
G0 F6000 X127.835 Y197.414
G0 X128.149 Y197.911
M204 S1800
M205 X8 Y8
G1 F3000 X128.527 Y198.338 E2705.31182
G1 X128.873 Y198.985 E2705.33622
G1 F2816.9 X129.037 Y199.47 E2705.35436
G1 F2721.1 X129.069 Y200.081 E2705.37679
G1 F2684.6 X129.021 Y200.657 E2705.39828
G1 F2777.8 X128.801 Y201.182 E2705.41873
G1 F3000 X128.455 Y201.758 E2705.44107
G1 X128.096 Y202.135 E2705.45839
G1 X127.612 Y202.48 E2705.47816
G1 X127.136 Y202.695 E2705.49553
G1 F3053.4 X126.723 Y202.796 E2705.50942
G1 X127.642 Y202.799 E2705.53945
G1 F3000 X129.514 Y202.82 E2705.60172
G1 X129.514 Y201.306 E2705.65208
G1 F2823.5 X129.489 Y200.778 E2705.67076
G1 F2721.1 X129.499 Y200.131 E2705.69448
G1 X129.488 Y199.454 E2705.71931
G1 F2816.9 X129.514 Y198.935 E2705.73772
G1 F3000 X129.514 Y197.18 E2705.79609
G1 X127.616 Y197.2 E2705.85922
G1 F2912.6 X126.975 Y197.219 E2705.88119
G1 F2810.3 X126.92 Y197.224 E2705.88315
G1 F2891.6 X127.562 Y197.489 E2705.90712
G1 F3000 X128.149 Y197.911 E2705.93116
M204 S3000
M205 X10 Y10
G0 F6000 X128.281 Y198.06
G1 F2400 E2699.93116
G0 F6000 X128.668 Y197.724
G0 X129.097 Y198.92
G0 X128.075 Y199.325
G0 X126.562 Y201.951
G0 X126.723 Y202.796
M204 S1800
M205 X8 Y8
G1 F2400 E2705.93116
G1 F3305.8 X126.202 Y202.816 E2705.9469
G1 F3380.3 X125.732 Y202.794 E2705.96079
M204 S3000
M205 X10 Y10
G1 F2400 E2699.96079
G0 F6000 X125.737 Y203.646
G0 X113.757 Y209.993
G0 X112.703 Y209.7
G0 X94.951 Y219.964
G0 X94.329 Y220.549
G0 X93.741 Y221.729
G0 X93.442 Y223.241
G1 F2400 E2705.96079
G0 F6000 X93.938 Y223.123
M204 S1800
M205 X8 Y8
G1 F3000 X93.865 Y222.541 E2705.9803
G1 X93.971 Y221.771 E2706.00615
G1 X94.171 Y221.238 E2706.02509
G1 X94.628 Y220.587 E2706.05154
G1 X95.077 Y220.184 E2706.07161
G1 X95.758 Y219.842 E2706.09695
G1 X96.283 Y219.707 E2706.11498
G1 X97.12 Y219.706 E2706.14282
G1 X97.7 Y219.844 E2706.16265
G1 X98.378 Y220.213 E2706.18833
G1 X98.829 Y220.609 E2706.20829
G1 X99.256 Y221.251 E2706.23393
G1 X99.475 Y221.813 E2706.25399
G1 X99.554 Y222.579 E2706.27961
G1 X99.487 Y223.173 E2706.29949
G1 X99.213 Y223.858 E2706.32403
G1 F3007.5 X98.86 Y224.388 E2706.34515
G1 X98.275 Y224.89 E2706.37073
G1 F3000 X97.747 Y225.172 E2706.39064
G1 X96.994 Y225.343 E2706.41632
G1 X96.393 Y225.347 E2706.43631
G1 X95.645 Y225.149 E2706.46205
G1 X95.117 Y224.876 E2706.48182
G1 X94.546 Y224.353 E2706.50757
G1 X94.204 Y223.864 E2706.52742
G1 X93.938 Y223.123 E2706.5536
M204 S3000
M205 X10 Y10
G0 F6000 X93.914 Y222.925
G0 X93.405 Y222.985
G0 X77.339 Y205.083
G0 X76.367 Y203.537
G0 X75.827 Y201.986
G0 X75.509 Y200.081
G0 X76.015 Y200.025
M204 S1800
M205 X8 Y8
G1 F3000 X76.068 Y199.5 E2706.57115
G1 X76.206 Y198.287 E2706.61176
G1 X76.766 Y196.682 E2706.6683
G1 X76.785 Y196.641 E2706.6698
G1 X77.686 Y195.207 E2706.72613
G1 X77.925 Y194.964 E2706.73746
G1 X78.916 Y193.975 E2706.78403
G1 X80.361 Y193.068 E2706.84077
G1 X80.395 Y193.054 E2706.842
G1 X82.002 Y192.492 E2706.89862
G1 X83.706 Y192.3 E2706.95565
G1 X84.57 Y192.395 E2706.98456
G1 X85.428 Y192.493 E2707.01329
G1 X86.387 Y192.827 E2707.04706
G1 X87.054 Y193.062 E2707.07058
G1 X87.843 Y193.555 E2707.10153
G1 X88.516 Y193.979 E2707.12798
G1 X89.729 Y195.192 E2707.18504
G1 X89.749 Y195.219 E2707.18616
G1 X90.655 Y196.665 E2707.24291
G1 X91.222 Y198.291 E2707.30019
G1 X91.415 Y199.997 E2707.35729
G1 X91.224 Y201.699 E2707.41425
G1 X91.037 Y202.243 E2707.43339
G1 X90.654 Y203.336 E2707.47191
G1 X90.172 Y204.108 E2707.50218
G1 X89.742 Y204.791 E2707.52902
G1 X89.149 Y205.389 E2707.55703
G1 X88.522 Y206.015 E2707.5865
G1 X87.574 Y206.613 E2707.62378
G1 X87.056 Y206.937 E2707.6441
G1 X85.437 Y207.505 E2707.70117
G1 X84.585 Y207.603 E2707.72969
G1 X83.71 Y207.7 E2707.75897
G1 X82.021 Y207.511 E2707.8155
G1 X81.979 Y207.501 E2707.81694
G1 X80.372 Y206.937 E2707.87358
G1 X80.353 Y206.927 E2707.8743
G1 X78.916 Y206.025 E2707.93073
G1 X77.706 Y204.816 E2707.98762
G1 X77.383 Y204.311 E2708.00756
G1 X76.779 Y203.348 E2708.04536
G1 X76.503 Y202.564 E2708.07301
G1 X76.207 Y201.718 E2708.10282
G1 X76.093 Y200.713 E2708.13646
G1 X76.015 Y200.025 E2708.15949
M204 S3000
M205 X10 Y10
G0 F6000 X76.035 Y199.826
G0 X75.526 Y199.768
G0 X57.989 Y203.28
G0 X56.432 Y203.031
G0 X55.169 Y202.087
G0 X54.442 Y200.724
G0 X54.938 Y200.606
M204 S1800
M205 X8 Y8
G1 F3007.5 X54.865 Y200.024 E2708.17895
G1 F3000 X54.97 Y199.254 E2708.2048
G1 X55.182 Y198.694 E2708.22471
G1 X55.628 Y198.07 E2708.25022
G1 X56.077 Y197.667 E2708.27029
G1 X56.759 Y197.326 E2708.29565
G1 X57.344 Y197.175 E2708.31575
G1 X58.12 Y197.189 E2708.34156
G1 X58.7 Y197.328 E2708.3614
G1 X59.192 Y197.594 E2708.38
G1 X59.416 Y197.724 E2708.38861
G1 X59.83 Y198.094 E2708.40708
G1 X60.23 Y198.695 E2708.43109
G1 X60.475 Y199.296 E2708.45268
G1 X60.532 Y199.828 E2708.47047
G1 X60.553 Y200.105 E2708.47971
G1 X60.483 Y200.68 E2708.49898
G1 X60.231 Y201.299 E2708.52121
G1 X59.861 Y201.871 E2708.54387
G1 X59.275 Y202.373 E2708.56953
G1 X58.747 Y202.655 E2708.58944
G1 X57.993 Y202.827 E2708.61516
G1 X57.393 Y202.831 E2708.63512
G1 X56.645 Y202.632 E2708.66086
G1 X56.117 Y202.36 E2708.68062
G1 X55.729 Y202.007 E2708.69806
G1 X55.518 Y201.804 E2708.7078
G1 X55.204 Y201.347 E2708.72624
G1 F3007.5 X54.938 Y200.606 E2708.75236
M204 S3000
M205 X10 Y10
G0 F6000 X54.914 Y200.408
G0 X54.561 Y200.738
M204 S1800
M205 X8 Y8
;TYPE:WALL-INNER
G1 F3007.5 X54.467 Y200.07 E2708.77475
G1 F3000 X54.574 Y199.196 E2708.80403
G1 X54.809 Y198.55 E2708.8269
G1 X55.304 Y197.835 E2708.85582
G1 X55.813 Y197.367 E2708.87882
G1 X56.583 Y196.967 E2708.90768
G1 X57.246 Y196.787 E2708.93053
G1 X58.131 Y196.789 E2708.95996
G1 X58.797 Y196.94 E2708.98268
G1 X59.386 Y197.244 E2709.00472
G1 X59.682 Y197.426 E2709.01628
G1 X60.099 Y197.798 E2709.03486
G1 X60.565 Y198.476 E2709.06223
G1 X60.849 Y199.154 E2709.08668
G1 X60.93 Y199.791 E2709.10803
G1 X60.95 Y200.153 E2709.12009
G1 X60.884 Y200.704 E2709.13855
G1 X60.601 Y201.451 E2709.16512
G1 X60.19 Y202.099 E2709.19064
G1 X59.532 Y202.679 E2709.21981
G1 X58.933 Y203.009 E2709.24256
G1 X58.079 Y203.218 E2709.2718
G1 X57.393 Y203.231 E2709.29462
G1 X56.538 Y203.018 E2709.32393
G1 X55.931 Y202.714 E2709.34651
G1 X55.456 Y202.3 E2709.36747
G1 X55.188 Y202.03 E2709.38012
G1 X54.874 Y201.574 E2709.39853
G1 F3007.5 X54.561 Y200.738 E2709.42815
M204 S3000
M205 X10 Y10
G0 F6000 X54.451 Y200.763
G0 X54.789 Y201.535
G0 X55.327 Y202.271
G0 X56.656 Y203.119
G0 X58.054 Y203.258
G0 X75.509 Y200.082
G0 X75.617 Y200.07
M204 S1800
M205 X8 Y8
G1 F3000 X75.67 Y199.456 E2709.44865
G1 X75.804 Y198.267 E2709.48844
G1 X76.103 Y197.365 E2709.52005
G1 X76.388 Y196.55 E2709.54877
G1 X76.446 Y196.428 E2709.55326
G1 X77.351 Y194.989 E2709.6098
G1 X77.642 Y194.681 E2709.62389
G1 X78.639 Y193.686 E2709.67074
G1 X78.841 Y193.55 E2709.67884
G1 X80.165 Y192.72 E2709.73081
G1 X80.263 Y192.676 E2709.73439
G1 X81.867 Y192.115 E2709.79091
G1 X81.978 Y192.091 E2709.79468
G1 X83.662 Y191.902 E2709.85104
G1 X84.615 Y191.997 E2709.8829
G1 X85.467 Y192.094 E2709.91142
G1 X86.519 Y192.449 E2709.94835
G1 X87.168 Y192.677 E2709.97123
G1 X88.055 Y193.216 E2710.00575
G1 X88.739 Y193.647 E2710.03264
G1 X89.409 Y194.306 E2710.0639
G1 X90.027 Y194.926 E2710.09301
G1 X90.088 Y195.006 E2710.09636
G1 X91.003 Y196.466 E2710.15367
G1 X91.039 Y196.55 E2710.1567
G1 X91.605 Y198.173 E2710.21387
G1 X91.733 Y199.244 E2710.24975
G1 X91.814 Y199.964 E2710.27385
G1 X91.689 Y201.149 E2710.31348
G1 X91.619 Y201.763 E2710.33403
G1 X91.415 Y202.375 E2710.35549
G1 X91.03 Y203.475 E2710.39425
G1 X90.51 Y204.321 E2710.42728
G1 X90.077 Y205.009 E2710.45432
G1 X89.432 Y205.671 E2710.48506
G1 X88.814 Y206.29 E2710.51415
G1 X88.388 Y206.574 E2710.53118
G1 X87.286 Y207.266 E2710.57446
G1 X86.233 Y207.65 E2710.61174
G1 X85.549 Y207.889 E2710.63584
G1 X84.63 Y208 E2710.66663
G1 X83.751 Y208.099 E2710.69605
G1 X83.646 Y208.097 E2710.69954
G1 X81.971 Y207.908 E2710.7556
G1 X81.847 Y207.879 E2710.75984
G1 X80.228 Y207.311 E2710.81691
G1 X80.141 Y207.266 E2710.82016
G1 X78.719 Y206.374 E2710.87599
G1 X78.613 Y206.29 E2710.88049
G1 X77.423 Y205.099 E2710.93649
G1 X77.044 Y204.524 E2710.9594
G1 X76.446 Y203.572 E2710.99679
G1 X76.125 Y202.696 E2711.02782
G1 X75.834 Y201.864 E2711.05713
G1 X75.695 Y200.758 E2711.09421
G1 X75.617 Y200.07 E2711.11724
M204 S3000
M205 X10 Y10
G0 F6000 X75.509 Y200.082
G0 X75.766 Y198.187
G0 X76.367 Y196.463
G0 X77.241 Y195.072
G0 X93.451 Y178.246
G0 X93.56 Y178.221
M204 S1800
M205 X8 Y8
G1 F3000 X93.468 Y177.553 E2711.13967
G1 X93.565 Y176.744 E2711.16677
G1 X93.809 Y176.033 E2711.19177
G1 X94.305 Y175.318 E2711.22071
G1 X94.812 Y174.851 E2711.24364
G1 X95.583 Y174.449 E2711.27256
G1 X96.247 Y174.27 E2711.29543
G1 X97.13 Y174.272 E2711.3248
G1 F3007.5 X97.643 Y174.385 E2711.34223
G1 X97.944 Y174.481 E2711.35271
G1 F3000 X98.593 Y174.841 E2711.37739
G1 X99.095 Y175.276 E2711.39949
G1 X99.571 Y175.968 E2711.42742
G1 X99.85 Y176.637 E2711.45153
G1 X99.952 Y177.508 E2711.4807
G1 X99.884 Y178.187 E2711.50339
G1 X99.569 Y179.01 E2711.5327
G1 X99.21 Y179.553 E2711.55435
G1 X99.083 Y179.7 E2711.56082
G1 X98.532 Y180.162 E2711.58473
G1 X97.934 Y180.492 E2711.60745
G1 X97.078 Y180.701 E2711.63676
G1 X96.393 Y180.714 E2711.65954
G1 X95.539 Y180.502 E2711.68881
G1 X94.93 Y180.196 E2711.71148
G1 X94.273 Y179.612 E2711.74072
G1 X93.874 Y179.056 E2711.76348
G1 X93.56 Y178.221 E2711.79315
M204 S3000
M205 X10 Y10
G0 F6000 X93.451 Y178.246
G0 X93.789 Y179.018
G0 X113.85 Y202.92
G0 X113.958 Y202.933
M204 S1800
M205 X8 Y8
G1 F3000 X114.043 Y202.688 E2711.80177
G1 X114.175 Y202.537 E2711.80844
G1 X114.396 Y202.423 E2711.81671
G1 X114.601 Y202.402 E2711.82357
G1 X122.536 Y202.387 E2712.08749
G1 X123.517 Y202.383 E2712.12012
G1 X124.02 Y202.383 E2712.13685
G1 X123.673 Y202.018 E2712.1536
G1 X123.332 Y201.499 E2712.17425
G1 X123.053 Y200.715 E2712.20193
G1 X122.967 Y200.064 E2712.22377
G1 X123.006 Y199.509 E2712.24227
G1 X123.18 Y198.847 E2712.26504
G1 X123.485 Y198.242 E2712.28758
G1 X123.981 Y197.645 E2712.31339
G1 X124.033 Y197.598 E2712.31572
G1 X119.556 Y197.511 E2712.46466
G1 X114.556 Y197.576 E2712.63097
G1 X114.269 Y197.503 E2712.64082
G1 X114.045 Y197.289 E2712.65112
G1 X113.959 Y197.012 E2712.66077
G1 X113.855 Y196.188 E2712.68839
G1 X113.439 Y193.648 E2712.774
G1 X113.301 Y193.077 E2712.79354
G1 X112.579 Y190.479 E2712.88322
G1 X112.307 Y189.745 E2712.90926
G1 X111.343 Y187.333 E2712.99565
G1 X111.023 Y186.704 E2713.01912
G1 X109.842 Y184.477 E2713.10297
G1 X109.474 Y183.901 E2713.1257
G1 X108.012 Y181.745 E2713.21234
G1 X107.667 Y181.31 E2713.23081
G1 X105.739 Y179.047 E2713.32969
G1 X103.505 Y176.935 E2713.43194
G1 X102.844 Y176.41 E2713.46001
G1 X100.912 Y174.942 E2713.54072
G1 X100.118 Y174.443 E2713.57191
G1 F3007.5 X99.36 Y173.987 E2713.60126
G1 X98.106 Y173.233 E2713.6498
G1 X97.45 Y172.907 E2713.67411
G1 F3000 X95.122 Y171.831 E2713.75941
G1 X94.13 Y171.475 E2713.79446
G1 X91.989 Y170.757 E2713.86957
G1 X90.837 Y170.486 E2713.90893
G1 X88.82 Y170.04 E2713.97764
G1 X88.322 Y169.966 E2713.99438
G1 X85.51 Y169.66 E2714.08846
G1 X84.897 Y169.644 E2714.10886
G1 X82.029 Y169.648 E2714.20425
G1 X78.76 Y170.008 E2714.31363
G1 X75.546 Y170.72 E2714.42312
G1 X72.434 Y171.773 E2714.53239
G1 X69.45 Y173.157 E2714.6418
G1 X66.635 Y174.855 E2714.75114
G1 X64.017 Y176.847 E2714.86055
G1 X61.631 Y179.111 E2714.96995
G1 X59.501 Y181.619 E2715.07939
G1 X57.658 Y184.342 E2715.18875
G1 X56.12 Y187.248 E2715.29811
G1 X54.897 Y190.316 E2715.40796
G1 X54.024 Y193.472 E2715.51687
G1 X53.492 Y196.719 E2715.62631
G1 X53.327 Y199.8 E2715.72893
G1 X53.317 Y200.032 E2715.73665
G1 X53.493 Y203.282 E2715.8449
G1 X54.025 Y206.529 E2715.95434
G1 X54.9 Y209.685 E2716.06327
G1 X56.121 Y212.753 E2716.17309
G1 X57.659 Y215.659 E2716.28245
G1 X59.502 Y218.382 E2716.39181
G1 X61.632 Y220.89 E2716.50125
G1 X64.018 Y223.154 E2716.61065
G1 X66.636 Y225.146 E2716.72007
G1 X69.451 Y226.844 E2716.82941
G1 X72.436 Y228.229 E2716.93886
G1 X75.547 Y229.281 E2717.04808
G1 X78.761 Y229.993 E2717.15757
G1 X82.03 Y230.352 E2717.26695
G1 X85.323 Y230.356 E2717.37648
G1 X85.837 Y230.305 E2717.39366
G1 X88.587 Y230.005 E2717.48567
G1 X91.809 Y229.3 E2717.59537
G1 X92.706 Y229.004 E2717.62678
G1 X94.921 Y228.255 E2717.70455
G1 X95.733 Y227.886 E2717.73422
G1 X97.912 Y226.877 E2717.81409
G1 X98.383 Y226.601 E2717.83224
G1 X100.73 Y225.187 E2717.92338
G1 X101.472 Y224.631 E2717.95422
G1 X103.353 Y223.201 E2718.0328
G1 X103.982 Y222.614 E2718.06142
G1 X105.745 Y220.943 E2718.14221
G1 X106.337 Y220.257 E2718.17235
G1 X107.876 Y218.446 E2718.25139
G1 X109.73 Y215.722 E2718.36099
G1 X110.003 Y215.218 E2718.38005
G1 X111.272 Y212.827 E2718.47009
G1 X112.546 Y209.632 E2718.58449
G1 X113.363 Y206.699 E2718.68575
G1 X113.496 Y206.059 E2718.7075
G1 X113.843 Y203.937 E2718.77901
G1 X113.958 Y202.933 E2718.81262
M204 S3000
M205 X10 Y10
G1 F2400 E2712.81262
G0 F6000 X113.85 Y202.92
G0 X124.562 Y202.573
G0 X125.225 Y201.718
G0 X127.165 Y201.737
G0 X127.836 Y202.587
G1 F2400 E2718.81262
G0 F6000 X128.41 Y202.398
M204 S1800
M205 X8 Y8
G1 F2870.8 X129.105 Y202.407 E2718.83678
G1 X129.105 Y201.476 E2718.86914
G1 X128.805 Y201.97 E2718.88923
G1 X128.41 Y202.398 E2718.90947
M204 S3000
M205 X10 Y10
G0 F6000 X128.504 Y202.36
G0 X129.025 Y201.295
G0 X129.304 Y199.899
G0 X128.514 Y197.63
G0 X128.417 Y197.603
M204 S1800
M205 X8 Y8
G1 F2836.9 X128.837 Y198.068 E2718.93151
G1 X129.103 Y198.54 E2718.95056
G1 X129.103 Y197.595 E2718.9838
G1 X128.417 Y197.603 E2719.00793
M204 S3000
M205 X10 Y10
G1 F2400 E2713.00793
G0 F6000 X128.514 Y197.63
G0 X127.166 Y198.263
G0 X124.231 Y199.989
G0 X123.133 Y200.005
G0 X114.163 Y202.563
G0 X94.329 Y220.549
G0 X93.741 Y221.729
G0 X93.451 Y223.28
G1 F2400 E2719.00793
G0 F6000 X93.56 Y223.255
M204 S1800
M205 X8 Y8
G1 F3000 X93.467 Y222.587 E2719.03037
G1 X93.575 Y221.713 E2719.05966
G1 X93.798 Y221.094 E2719.08154
G1 X94.304 Y220.352 E2719.11141
G1 X94.813 Y219.884 E2719.13441
G1 X95.582 Y219.483 E2719.16325
G1 X96.186 Y219.319 E2719.18407
G1 X96.41 Y219.286 E2719.1916
G1 X97.169 Y219.308 E2719.21686
G1 X97.796 Y219.456 E2719.23828
G1 X98.572 Y219.863 E2719.26743
G1 X99.095 Y220.311 E2719.29033
G1 X99.591 Y221.032 E2719.31944
G1 X99.849 Y221.671 E2719.34236
G1 X99.952 Y222.542 E2719.37153
G1 X99.884 Y223.221 E2719.39423
G1 X99.583 Y224.01 E2719.42231
G1 F3007.5 X99.19 Y224.616 E2719.44628
G1 X98.533 Y225.196 E2719.47535
G1 F3000 X97.933 Y225.526 E2719.49813
G1 X97.079 Y225.734 E2719.52736
G1 X96.393 Y225.747 E2719.55018
G1 X95.539 Y225.535 E2719.57945
G1 X94.931 Y225.23 E2719.60207
G1 X94.273 Y224.645 E2719.63136
G1 X93.874 Y224.091 E2719.65406
G1 X93.56 Y223.255 E2719.68377
M204 S3000
M205 X10 Y10
G0 F6000 X93.451 Y223.28
G0 X93.179 Y221.655
M204 S1800
M205 X8 Y8
G1 F3000 X93.425 Y220.949 E2719.70863
G1 X93.56 Y220.695 E2719.7182
G1 X94.013 Y220.074 E2719.74377
G1 X94.548 Y219.584 E2719.7679
G1 X94.768 Y219.437 E2719.7767
G1 X95.448 Y219.104 E2719.80188
G1 X96.09 Y218.931 E2719.82399
G1 X96.421 Y218.886 E2719.8351
G1 X97.175 Y218.907 E2719.86019
G1 X97.892 Y219.068 E2719.88463
G1 X98.137 Y219.164 E2719.89339
G1 X98.766 Y219.513 E2719.91731
G1 X99.362 Y220.013 E2719.94319
G1 X99.533 Y220.212 E2719.95191
G1 X99.926 Y220.814 E2719.97582
G1 X100.223 Y221.528 E2720.00154
G1 X100.284 Y221.792 E2720.01056
G1 X100.351 Y222.505 E2720.03438
G1 X100.281 Y223.269 E2720.05989
G1 X100.213 Y223.53 E2720.06886
G1 X99.94 Y224.196 E2720.0928
G1 F2992.5 X99.52 Y224.845 E2720.11858
G1 F2905.6 X99.347 Y225.049 E2720.12776
G1 F3038 X98.779 Y225.49 E2720.15138
G1 F3225.8 X98.114 Y225.87 E2720.17507
G1 F3100.8 X97.747 Y225.996 E2720.18756
G1 F3015.1 X97.164 Y226.125 E2720.20732
G1 F3000 X96.393 Y226.147 E2720.23298
G1 X96.127 Y226.112 E2720.2419
G1 X95.433 Y225.921 E2720.26584
G1 X94.907 Y225.67 E2720.28522
G1 X94.528 Y225.431 E2720.30013
G1 X94 Y224.938 E2720.32415
G1 X93.545 Y224.318 E2720.34973
G1 X93.424 Y224.08 E2720.35861
G1 X93.182 Y223.387 E2720.38303
G1 X93.07 Y222.633 E2720.40838
G1 X93.074 Y222.372 E2720.41706
G1 X93.179 Y221.655 E2720.44116
M204 S3000
M205 X10 Y10
G0 F6000 X77.339 Y205.083
G0 X76.367 Y203.537
G0 X75.22 Y200.114
M204 S1800
M205 X8 Y8
G1 F3000 X75.273 Y199.411 E2720.46461
G1 X75.407 Y198.222 E2720.50441
G1 X75.725 Y197.233 E2720.53896
G1 X76.01 Y196.418 E2720.56768
G1 X76.108 Y196.216 E2720.57514
G1 X77.019 Y194.765 E2720.63213
G1 X77.359 Y194.399 E2720.64874
G1 X78.374 Y193.386 E2720.69644
G1 X78.628 Y193.211 E2720.7067
G1 X79.943 Y192.386 E2720.75833
G1 X80.131 Y192.299 E2720.76522
G1 X81.747 Y191.733 E2720.82217
G1 X81.934 Y191.694 E2720.82852
G1 X83.628 Y191.503 E2720.88522
G1 X84.66 Y191.6 E2720.9197
G1 X85.524 Y191.698 E2720.94862
G1 X86.651 Y192.072 E2720.98811
G1 X87.302 Y192.3 E2721.01106
G1 X87.799 Y192.583 E2721.03008
G1 X88.923 Y193.288 E2721.07421
G1 X89.692 Y194.023 E2721.10959
G1 X90.326 Y194.66 E2721.13948
G1 X90.426 Y194.794 E2721.14504
G1 X91.342 Y196.253 E2721.20234
G1 X91.417 Y196.418 E2721.20837
G1 X91.99 Y198.063 E2721.26631
G1 X92.13 Y199.199 E2721.30437
G1 X92.213 Y199.941 E2721.32921
G1 X92.17 Y200.453 E2721.3463
G1 X92.014 Y201.828 E2721.39232
G1 X91.792 Y202.507 E2721.41608
G1 X91.402 Y203.623 E2721.4554
G1 X90.849 Y204.533 E2721.49082
G1 X90.391 Y205.259 E2721.51937
G1 X89.714 Y205.954 E2721.55164
G1 X89.097 Y206.572 E2721.58069
G1 X88.601 Y206.913 E2721.60071
G1 X87.499 Y207.605 E2721.64399
G1 X87.018 Y207.799 E2721.66124
G1 X85.66 Y208.273 E2721.70907
G1 X84.674 Y208.398 E2721.74213
G1 X83.776 Y208.499 E2721.77219
G1 X83.601 Y208.494 E2721.77801
G1 X81.921 Y208.305 E2721.83424
G1 X81.715 Y208.256 E2721.84128
G1 X80.13 Y207.702 E2721.89713
G1 X79.928 Y207.605 E2721.90458
G1 X78.506 Y206.713 E2721.96041
G1 X78.33 Y206.572 E2721.96791
G1 X77.14 Y205.381 E2722.02391
G1 X76.706 Y204.736 E2722.04977
G1 X76.077 Y203.732 E2722.08917
G1 X75.747 Y202.828 E2722.12118
G1 X75.456 Y201.996 E2722.1505
G1 X75.298 Y200.802 E2722.19056
G1 X75.22 Y200.114 E2722.21358
M204 S3000
M205 X10 Y10
G0 F6000 X57.993 Y196.719
G0 X56.436 Y196.966
G0 X55.298 Y197.788
G0 X54.174 Y199.137
M204 S1800
M205 X8 Y8
G1 F2970.3 X54.436 Y198.405 E2722.2397
G1 F3000 X54.559 Y198.178 E2722.24829
G1 X54.981 Y197.599 E2722.27212
G1 X55.548 Y197.067 E2722.29798
G1 X55.77 Y196.919 E2722.30685
G1 X56.407 Y196.607 E2722.33044
G1 X57.149 Y196.399 E2722.35608
G1 X57.421 Y196.369 E2722.36518
G1 X58.142 Y196.389 E2722.38917
G1 X58.894 Y196.552 E2722.41476
G1 X59.138 Y196.648 E2722.42348
G1 X59.769 Y197 E2722.44751
G1 X60.361 Y197.495 E2722.47318
G1 X60.533 Y197.695 E2722.48195
G1 X60.926 Y198.297 E2722.50586
G1 X61.223 Y199.011 E2722.53158
G1 X61.284 Y199.275 E2722.5406
G1 X61.35 Y199.988 E2722.56441
G1 X61.281 Y200.751 E2722.58989
G1 X61.213 Y201.013 E2722.5989
G1 X60.939 Y201.679 E2722.62285
G1 X60.519 Y202.327 E2722.64853
G1 X60.148 Y202.684 E2722.66566
G1 X59.715 Y203.042 E2722.68434
G1 X59.119 Y203.363 E2722.70686
G1 X58.726 Y203.485 E2722.72054
G1 X58.164 Y203.609 E2722.73969
G1 X57.393 Y203.631 E2722.76534
G1 X57.126 Y203.595 E2722.7743
G1 X56.432 Y203.403 E2722.79825
G1 X55.744 Y203.068 E2722.8237
G1 X55.183 Y202.592 E2722.84817
G1 X54.858 Y202.257 E2722.8637
G1 X54.544 Y201.8 E2722.88214
G1 X54.424 Y201.564 E2722.89094
G1 F3007.5 X54.183 Y200.87 E2722.91532
G1 F3108.8 X54.082 Y200.115 E2722.93977
G1 F3069.1 X54.174 Y199.137 E2722.9717
M204 S3000
M205 X10 Y10
G0 F6000 X55.332 Y197.727
G0 X93.179 Y176.621
M204 S1800
M205 X8 Y8
G1 F3000 X93.436 Y175.888 E2722.99754
G1 X93.56 Y175.661 E2723.00614
G1 X93.981 Y175.083 E2723.02992
G1 X94.547 Y174.551 E2723.05576
G1 X95.005 Y174.287 E2723.07334
G1 X95.605 Y174.018 E2723.09521
G1 X96.151 Y173.882 E2723.11393
G1 X96.42 Y173.853 E2723.12293
G1 X97.141 Y173.872 E2723.14692
G1 X97.741 Y173.996 E2723.16729
G1 F3084.8 X98.132 Y174.142 E2723.18079
G1 F3243.2 X98.789 Y174.513 E2723.20401
G1 F3149.6 X99.361 Y174.977 E2723.22734
G1 F3000 X99.906 Y175.749 E2723.25877
G1 X100.224 Y176.494 E2723.28571
G1 X100.285 Y176.758 E2723.29472
G1 X100.35 Y177.471 E2723.31854
G1 X100.282 Y178.234 E2723.34402
G1 X100.214 Y178.496 E2723.35302
G1 X99.939 Y179.162 E2723.37698
G1 X99.539 Y179.781 E2723.4015
G1 X99.34 Y180.006 E2723.41149
G1 X98.79 Y180.468 E2723.43538
G1 X98.12 Y180.846 E2723.46096
G1 X97.732 Y180.968 E2723.47449
G1 X97.163 Y181.092 E2723.49386
G1 X96.393 Y181.114 E2723.51948
G1 X96.127 Y181.079 E2723.5284
G1 X95.433 Y180.888 E2723.55235
G1 X94.743 Y180.55 E2723.5779
G1 X94.503 Y180.373 E2723.58782
G1 X94.001 Y179.905 E2723.61065
G1 X93.544 Y179.283 E2723.63632
G1 X93.424 Y179.046 E2723.64515
G1 X93.182 Y178.353 E2723.66957
G1 X93.07 Y177.599 E2723.69492
G1 X93.074 Y177.338 E2723.7036
G1 X93.179 Y176.621 E2723.7277
M204 S3000
M205 X10 Y10
G0 F6000 X93.546 Y178.384
G0 X94.224 Y179.613
G0 X113.704 Y197.498
M204 S1800
M205 X8 Y8
G1 F3000 X113.578 Y197.176 E2723.7392
G1 X113.525 Y196.647 E2723.75689
G1 X113.047 Y193.725 E2723.85536
G1 X112.916 Y193.184 E2723.87388
G1 X112.196 Y190.593 E2723.96332
G1 X111.936 Y189.893 E2723.98816
G1 X110.998 Y187.545 E2724.07225
G1 X110.67 Y186.891 E2724.09659
G1 X109.492 Y184.67 E2724.18021
G1 X109.143 Y184.126 E2724.2017
G1 X107.684 Y181.974 E2724.28818
G1 X107.362 Y181.569 E2724.30539
G1 X105.448 Y179.323 E2724.40353
G1 X103.237 Y177.232 E2724.50475
G1 X102.602 Y176.728 E2724.53171
G1 X100.819 Y175.374 E2724.60618
G1 X99.911 Y174.786 E2724.64216
G1 F3108.8 X99.161 Y174.318 E2724.67053
G1 F3200 X98.321 Y173.816 E2724.70105
G1 F3092.8 X97.735 Y173.482 E2724.72281
G1 F3000 X97.282 Y173.27 E2724.73944
G1 X94.961 Y172.197 E2724.82449
G1 X94.002 Y171.854 E2724.85836
G1 X91.87 Y171.139 E2724.93316
G1 X90.751 Y170.877 E2724.97138
G1 X88.739 Y170.432 E2725.03992
G1 X87.625 Y170.293 E2725.07726
G1 X85.515 Y170.062 E2725.14785
G1 X84.898 Y170.044 E2725.16838
G1 X82.051 Y170.048 E2725.26308
G1 X78.825 Y170.404 E2725.37102
G1 X75.654 Y171.106 E2725.47905
G1 X72.583 Y172.145 E2725.58688
G1 X69.638 Y173.511 E2725.69485
G1 X66.86 Y175.186 E2725.80274
G1 X64.276 Y177.152 E2725.91073
G1 X61.922 Y179.386 E2726.01867
G1 X59.82 Y181.861 E2726.12668
G1 X58.001 Y184.548 E2726.2346
G1 X56.484 Y187.416 E2726.34251
G1 X55.277 Y190.444 E2726.45093
G1 X54.416 Y193.558 E2726.55839
G1 X53.891 Y196.762 E2726.66637
G1 X53.809 Y198.271 E2726.71664
G1 F2970.3 X53.77 Y199.098 E2726.74445
G1 F3069.1 X53.714 Y199.821 E2726.76802
G1 F3208.6 X53.704 Y200.011 E2726.77394
G1 F3141.4 X53.749 Y200.688 E2726.79549
G1 F3038 X53.807 Y201.685 E2726.82829
G1 F3000 X53.891 Y203.239 E2726.88006
G1 X54.417 Y206.443 E2726.98805
G1 X55.28 Y209.557 E2727.09552
G1 X56.485 Y212.585 E2727.20392
G1 X58.002 Y215.453 E2727.31183
G1 X59.821 Y218.14 E2727.41975
G1 X61.923 Y220.615 E2727.52775
G1 X64.277 Y222.849 E2727.63569
G1 X66.861 Y224.815 E2727.74368
G1 X69.639 Y226.49 E2727.85158
G1 X72.584 Y227.857 E2727.95957
G1 X75.655 Y228.895 E2728.06738
G1 X78.826 Y229.597 E2728.17541
G1 X81.222 Y229.86 E2728.25558
G1 X82.052 Y229.952 E2728.28335
G1 X85.306 Y229.956 E2728.39158
G1 X86.604 Y229.819 E2728.43499
G1 X88.522 Y229.609 E2728.49916
G1 X91.581 Y228.94 E2728.60331
G1 X92.578 Y228.624 E2728.6381
G1 X94.777 Y227.881 E2728.7153
G1 X95.565 Y227.523 E2728.74409
G1 X97.729 Y226.52 E2728.82342
G1 F3061.2 X98.181 Y226.265 E2728.84033
G1 F3217.2 X98.778 Y225.919 E2728.86173
G1 F3061.2 X99.592 Y225.392 E2728.89334
G1 F2919.7 X100.359 Y224.943 E2728.92371
G1 F3000 X101.23 Y224.312 E2728.95949
G1 X103.097 Y222.892 E2729.0375
G1 X103.707 Y222.323 E2729.06525
G1 X105.458 Y220.664 E2729.14548
G1 X106.033 Y219.998 E2729.17474
G1 X107.557 Y218.204 E2729.25303
G1 X109.39 Y215.511 E2729.36138
G1 X109.65 Y215.031 E2729.37954
G1 X110.909 Y212.659 E2729.46886
G1 X112.167 Y209.504 E2729.58183
G1 X112.974 Y206.604 E2729.68195
G1 X113.103 Y205.986 E2729.70294
G1 X113.447 Y203.882 E2729.77385
G1 X113.561 Y202.887 E2729.80716
G1 X113.669 Y202.536 E2729.81938
G1 X113.921 Y202.227 E2729.83264
G1 X114.29 Y202.037 E2729.84644
G1 X114.6 Y202.002 E2729.85682
G1 X122.535 Y201.987 E2730.12074
G1 X123.166 Y201.984 E2730.14173
G1 X122.89 Y201.494 E2730.16043
G1 X122.673 Y200.841 E2730.18332
G1 X122.569 Y200.109 E2730.20791
G1 X122.608 Y199.472 E2730.22913
G1 X122.795 Y198.739 E2730.25429
G1 X123.132 Y198.054 E2730.27969
G1 X123.182 Y197.982 E2730.2826
G1 X119.593 Y197.911 E2730.402
G1 X114.555 Y197.976 E2730.56957
G1 X114.292 Y197.941 E2730.5784
G1 X113.924 Y197.75 E2730.59219
G1 X113.704 Y197.498 E2730.60331
M204 S3000
M205 X10 Y10
G0 F6000 X113.681 Y198.044
M204 S1800
M205 X8 Y8
;TYPE:SKIN
G1 F1200 X113.361 Y197.662 E2730.61989
G1 X113.199 Y197.195 E2730.63633
G1 X113.147 Y196.697 E2730.65298
G1 X112.707 Y194 E2730.74387
G1 X112.591 Y193.441 E2730.76286
G1 X111.765 Y190.49 E2730.86478
G1 X110.766 Y187.99 E2730.95433
G1 X110.57 Y187.516 E2730.97139
G1 X109.062 Y184.683 E2731.07813
G1 X107.26 Y182.035 E2731.18466
G1 X105.171 Y179.586 E2731.29172
G1 X102.853 Y177.397 E2731.39777
G1 X100.472 Y175.594 E2731.4971
G1 X100.091 Y175.341 E2731.51231
G1 X100.322 Y175.707 E2731.52671
G1 X100.578 Y176.356 E2731.54991
G1 X100.663 Y176.716 E2731.56221
G1 X100.726 Y177.69 E2731.59468
G1 X100.662 Y178.262 E2731.61382
G1 X100.564 Y178.646 E2731.627
G1 X100.165 Y179.54 E2731.65956
G1 X99.852 Y179.999 E2731.67804
G1 X99.582 Y180.3 E2731.69149
G1 X98.817 Y180.906 E2731.72395
G1 X98.3 Y181.182 E2731.74344
G1 X97.821 Y181.338 E2731.7602
G1 X97.052 Y181.49 E2731.78627
G1 X96.36 Y181.494 E2731.80929
G1 X96.025 Y181.447 E2731.82054
G1 X95.185 Y181.204 E2731.84962
G1 X94.566 Y180.885 E2731.87278
G1 X94.239 Y180.648 E2731.88622
G1 X93.603 Y180.03 E2731.91571
G1 X93.231 Y179.499 E2731.93727
G1 X93.065 Y179.169 E2731.94956
G1 X92.769 Y178.268 E2731.9811
G1 X92.692 Y177.637 E2732.00225
G1 X92.699 Y177.275 E2732.01429
G1 X92.872 Y176.303 E2732.04713
G1 X93.081 Y175.754 E2732.06666
G1 X93.255 Y175.433 E2732.07881
G1 X93.848 Y174.664 E2732.11111
G1 X94.294 Y174.266 E2732.13099
G1 X94.776 Y173.98 E2732.14963
G1 X95.475 Y173.662 E2732.17517
G1 X96.052 Y173.513 E2732.19499
G1 X96.438 Y173.473 E2732.2079
G1 X96.855 Y173.495 E2732.22179
G1 X94.665 Y172.485 E2732.302
G1 X92.7 Y171.819 E2732.37101
G1 X91.6 Y171.456 E2732.40954
G1 X88.47 Y170.767 E2732.51613
G1 X85.289 Y170.425 E2732.62254
G1 X82.074 Y170.428 E2732.72947
G1 X78.888 Y170.779 E2732.83608
G1 X75.754 Y171.474 E2732.94285
G1 X72.727 Y172.498 E2733.04913
G1 X69.817 Y173.848 E2733.15583
G1 X67.077 Y175.501 E2733.26226
G1 X64.523 Y177.444 E2733.369
G1 X62.198 Y179.649 E2733.47557
G1 X60.122 Y182.093 E2733.58223
G1 X58.327 Y184.746 E2733.68877
G1 X56.83 Y187.578 E2733.79531
G1 X55.632 Y190.58 E2733.90281
G1 X54.787 Y193.641 E2734.00843
G1 X54.355 Y196.281 E2734.0974
G1 X54.265 Y196.881 E2734.11758
G1 X54.208 Y198.032 E2734.15591
G1 X54.849 Y197.18 E2734.19138
G1 X55.286 Y196.791 E2734.21083
G1 X55.614 Y196.572 E2734.22395
G1 X56.478 Y196.179 E2734.25552
G1 X57.054 Y196.029 E2734.27532
G1 X57.435 Y195.989 E2734.28806
G1 X58.15 Y196.009 E2734.31185
G1 X58.666 Y196.103 E2734.3293
G1 X59.286 Y196.3 E2734.35093
G1 X60.104 Y196.765 E2734.38223
G1 X60.622 Y197.217 E2734.40509
G1 X60.975 Y197.686 E2734.42462
G1 X61.352 Y198.291 E2734.44833
G1 X61.58 Y198.881 E2734.46936
G1 X61.664 Y199.244 E2734.48176
G1 X61.731 Y200.174 E2734.51277
G1 X61.659 Y200.796 E2734.5336
G1 X61.481 Y201.355 E2734.55311
G1 X61.19 Y202.021 E2734.57728
G1 X60.833 Y202.543 E2734.59831
G1 X60.405 Y202.966 E2734.61833
G1 X59.841 Y203.41 E2734.6422
G1 X59.298 Y203.7 E2734.66268
G1 X58.807 Y203.858 E2734.67983
G1 X57.984 Y204.008 E2734.70766
G1 X57.395 Y204.011 E2734.72725
G1 X57.018 Y203.962 E2734.73989
G1 X56.084 Y203.674 E2734.7724
G1 X55.567 Y203.405 E2734.79178
G1 X55.268 Y203.192 E2734.80399
G1 X54.563 Y202.497 E2734.83692
G1 X54.233 Y202.021 E2734.85619
G1 X54.203 Y201.964 E2734.85833
G1 X54.266 Y203.146 E2734.8977
G1 X54.351 Y203.679 E2734.91565
G1 X54.788 Y206.36 E2735.006
G1 X55.636 Y209.421 E2735.11164
G1 X56.831 Y212.424 E2735.21914
G1 X58.328 Y215.255 E2735.32565
G1 X60.123 Y217.908 E2735.43219
G1 X62.199 Y220.352 E2735.53884
G1 X64.524 Y222.557 E2735.64542
G1 X66.633 Y224.16 E2735.73353
G1 X67.078 Y224.5 E2735.75216
G1 X69.819 Y226.153 E2735.85862
G1 X72.729 Y227.504 E2735.96533
G1 X75.226 Y228.347 E2736.05298
G1 X75.755 Y228.527 E2736.07157
G1 X78.337 Y229.099 E2736.15953
G1 X78.889 Y229.222 E2736.17834
G1 X82.075 Y229.572 E2736.28494
G1 X85.286 Y229.575 E2736.39174
G1 X88.182 Y229.265 E2736.48861
G1 X88.733 Y229.175 E2736.50718
G1 X91.594 Y228.55 E2736.60458
G1 X94.644 Y227.527 E2736.71158
G1 X96.808 Y226.527 E2736.79087
G1 X96.05 Y226.484 E2736.81612
G1 X95.333 Y226.287 E2736.84085
G1 X94.871 Y226.082 E2736.85766
G1 X94.299 Y225.733 E2736.87995
G1 X93.569 Y225.019 E2736.91391
G1 X93.231 Y224.533 E2736.9336
G1 X93.063 Y224.198 E2736.94606
G1 X92.771 Y223.307 E2736.97725
G1 X92.692 Y222.678 E2736.99833
G1 X92.698 Y222.315 E2737.01041
G1 X92.843 Y221.418 E2737.04063
G1 X93.069 Y220.815 E2737.06205
G1 X93.253 Y220.469 E2737.07508
G1 X93.778 Y219.767 E2737.10424
G1 X94.17 Y219.411 E2737.12185
G1 X94.585 Y219.104 E2737.13902
G1 X95.383 Y218.72 E2737.16848
G1 X95.995 Y218.561 E2737.18951
G1 X96.435 Y218.506 E2737.20425
G1 X97.335 Y218.543 E2737.23421
G1 X97.991 Y218.701 E2737.25666
G1 X98.326 Y218.834 E2737.26864
G1 X99.177 Y219.341 E2737.30159
G1 X99.615 Y219.728 E2737.32103
G1 X99.854 Y220.008 E2737.33328
G1 X100.36 Y220.834 E2737.36549
G1 X100.577 Y221.394 E2737.38547
G1 X100.664 Y221.763 E2737.39808
G1 X100.726 Y222.726 E2737.43017
G1 X100.66 Y223.316 E2737.44992
G1 X100.561 Y223.68 E2737.46247
G1 X100.149 Y224.609 E2737.49627
G1 X100.988 Y224.016 E2737.53044
G1 X102.899 Y222.558 E2737.61039
G1 X104.453 Y221.091 E2737.68146
G1 X105.284 Y220.289 E2737.71988
G1 X107.256 Y217.971 E2737.8211
G1 X109.066 Y215.31 E2737.92814
G1 X110.563 Y212.497 E2738.03412
G1 X111.809 Y209.367 E2738.14617
G1 X112.604 Y206.513 E2738.24471
G1 X112.729 Y205.915 E2738.26503
G1 X113.007 Y204.209 E2738.32252
G1 X113.087 Y203.648 E2738.34137
G1 X113.207 Y202.704 E2738.37302
G1 X113.397 Y202.253 E2738.38929
G1 X113.718 Y201.907 E2738.40499
G1 X114.177 Y201.673 E2738.42213
G1 X114.6 Y201.622 E2738.4363
G1 X122.526 Y201.604 E2738.69992
G1 X122.258 Y200.712 E2738.7309
G1 X122.188 Y199.905 E2738.75784
G1 X122.268 Y199.217 E2738.78088
G1 X122.426 Y198.646 E2738.80058
G1 X122.563 Y198.349 E2738.81146
G1 X119.597 Y198.292 E2738.91013
G1 X114.548 Y198.355 E2739.07807
G1 X114.149 Y198.291 E2739.09151
G1 X113.681 Y198.044 E2739.10911
M204 S3000
M205 X10 Y10
G0 F6000 X85.527 Y192.052
G0 X83.714 Y191.846
G0 X81.9 Y192.052
G0 X80.176 Y192.654
G0 X78.63 Y193.625
G0 X77.339 Y194.917
G0 X76.465 Y196.308
G0 X74.837 Y199.925
M204 S1800
M205 X8 Y8
G1 F1200 X74.88 Y199.508 E2739.12306
G1 X75.03 Y198.168 E2739.1679
G1 X75.367 Y197.108 E2739.2049
G1 X75.724 Y196.121 E2739.23981
G1 X76.062 Y195.575 E2739.26116
G1 X76.383 Y195.06 E2739.28135
G1 X76.789 Y194.44 E2739.306
G1 X77.107 Y194.117 E2739.32107
G1 X78.072 Y193.148 E2739.36656
G1 X78.452 Y192.877 E2739.38208
G1 X79.735 Y192.068 E2739.43253
G1 X80.039 Y191.933 E2739.44359
G1 X81.605 Y191.38 E2739.49883
G1 X81.809 Y191.329 E2739.50582
G1 X83.577 Y191.127 E2739.56501
G1 X84.703 Y191.222 E2739.60259
G1 X85.707 Y191.345 E2739.63624
G1 X86.466 Y191.606 E2739.66293
G1 X87.072 Y191.827 E2739.68439
G1 X87.686 Y192.066 E2739.7063
G1 X88.479 Y192.562 E2739.73741
G1 X89.328 Y193.123 E2739.77126
G1 X89.903 Y193.698 E2739.7983
G1 X90.69 Y194.51 E2739.83591
G1 X91.135 Y195.21 E2739.8635
G1 X91.649 Y196.026 E2739.89558
G1 X92.096 Y197.221 E2739.93801
G1 X92.373 Y198.024 E2739.96627
G1 X92.379 Y198.054 E2739.96728
G1 X92.544 Y199.468 E2740.01463
G1 X92.593 Y200.045 E2740.03389
G1 X92.478 Y201.109 E2740.06949
G1 X92.364 Y202.007 E2740.09959
G1 X92.154 Y202.62 E2740.12115
G1 X91.77 Y203.72 E2740.1599
G1 X91.49 Y204.225 E2740.1791
G1 X91.17 Y204.738 E2740.19921
G1 X90.648 Y205.546 E2740.23121
G1 X90.224 Y205.979 E2740.25136
G1 X89.402 Y206.804 E2740.2901
G1 X88.975 Y207.123 E2740.30783
G1 X88.196 Y207.616 E2740.33849
G1 X87.477 Y208.039 E2740.36623
G1 X86.488 Y208.386 E2740.40109
G1 X85.649 Y208.668 E2740.43053
G1 X84.715 Y208.776 E2740.46181
G1 X83.666 Y208.879 E2740.49686
G1 X83.631 Y208.878 E2740.49803
G1 X81.882 Y208.683 E2740.55656
G1 X81.715 Y208.653 E2740.5622
G1 X79.989 Y208.053 E2740.62298
G1 X79.771 Y207.954 E2740.63094
G1 X78.421 Y207.108 E2740.68393
G1 X78.109 Y206.889 E2740.69661
G1 X77.089 Y205.869 E2740.74459
G1 X76.734 Y205.491 E2740.76184
G1 X75.776 Y203.974 E2740.82151
G1 X75.39 Y202.954 E2740.85778
G1 X75.046 Y201.929 E2740.89374
G1 X74.919 Y200.84 E2740.93021
G1 X74.837 Y199.925 E2740.96077
M204 S3000
M205 X10 Y10
G0 F6000 X59.898 Y182.78
M204 S1800
M205 X8 Y8
G1 F1200 X66.451 Y176.227 E2741.269
G1 X66.521 Y176.157
M204 S3000
M205 X10 Y10
G0 F6000 X68.17 Y175.073
M204 S1800
M205 X8 Y8
G1 F1200 X58.716 Y184.528 E2741.71371
G1 X58.646 Y184.598
M204 S3000
M205 X10 Y10
G0 F6000 X57.98 Y185.829
M204 S1800
M205 X8 Y8
G1 F1200 X69.597 Y174.212 E2742.26014
G1 X69.667 Y174.142
M204 S3000
M205 X10 Y10
G0 F6000 X70.734 Y173.642
M204 S1800
M205 X8 Y8
G1 F1200 X57.345 Y187.03 E2742.88989
G1 X57.275 Y187.1
M204 S3000
M205 X10 Y10
G0 F6000 X56.833 Y188.108
M204 S1800
M205 X8 Y8
G1 F1200 X71.789 Y173.152 E2743.59338
G1 X71.859 Y173.082
M204 S3000
M205 X10 Y10
G0 F6000 X72.836 Y172.671
M204 S1800
M205 X8 Y8
G1 F1200 X56.458 Y189.049 E2744.36375
G1 X56.388 Y189.119
M204 S3000
M205 X10 Y10
G0 F6000 X56.082 Y189.991
M204 S1800
M205 X8 Y8
G1 F1200 X73.691 Y172.382 E2745.19202
G1 X73.761 Y172.312
M204 S3000
M205 X10 Y10
G0 F6000 X74.545 Y172.093
M204 S1800
M205 X8 Y8
G1 F1200 X55.756 Y190.882 E2746.0758
G1 X55.686 Y190.952
M204 S3000
M205 X10 Y10
G0 F6000 X55.54 Y191.664
M204 S1800
M205 X8 Y8
G1 F1200 X75.4 Y171.804 E2747.00995
G1 X75.47 Y171.734
M204 S3000
M205 X10 Y10
G0 F6000 X76.188 Y171.581
M204 S1800
M205 X8 Y8
G1 F1200 X55.325 Y192.444 E2747.99128
G1 X55.255 Y192.514
M204 S3000
M205 X10 Y10
G0 F6000 X55.11 Y193.225
M204 S1800
M205 X8 Y8
G1 F1200 X76.914 Y171.421 E2749.01688
M204 S3000
M205 X10 Y10
G0 F6000 X77.641 Y171.259
M204 S1800
M205 X8 Y8
G1 F1200 X54.937 Y193.964 E2750.08483
M204 S3000
M205 X10 Y10
G0 F6000 X54.828 Y194.638
M204 S1800
M205 X8 Y8
G1 F1200 X78.368 Y171.098 E2751.19207
M204 S3000
M205 X10 Y10
G0 F6000 X79.073 Y170.959
M204 S1800
M205 X8 Y8
G1 F1200 X54.719 Y195.313 E2752.33761
M204 S3000
M205 X10 Y10
G0 F6000 X54.61 Y195.988
M204 S1800
M205 X8 Y8
G1 F1200 X79.709 Y170.889 E2753.51819
M204 S3000
M205 X10 Y10
G0 F6000 X80.345 Y170.819
M204 S1800
M205 X8 Y8
G1 F1200 X54.502 Y196.661 E2754.73374
M204 S3000
M205 X10 Y10
G0 F6000 X54.446 Y197.283
M204 S1800
M205 X8 Y8
G1 F1200 X80.98 Y170.749 E2755.98182
M204 S3000
M205 X10 Y10
G0 F6000 X81.616 Y170.679
M204 S1800
M205 X8 Y8
G1 F1200 X56.209 Y196.086 E2757.17689
G1 X56.139 Y196.156
M204 S3000
M205 X10 Y10
G0 F6000 X57.029 Y195.831
M204 S1800
M205 X8 Y8
G1 F1200 X82.234 Y170.626 E2758.36246
M204 S3000
M205 X10 Y10
G0 F6000 X82.8 Y170.626
M204 S1800
M205 X8 Y8
G1 F1200 X57.63 Y195.796 E2759.54638
M204 S3000
M205 X10 Y10
G0 F6000 X58.179 Y195.813
M204 S1800
M205 X8 Y8
G1 F1200 X83.367 Y170.625 E2760.73114
M204 S3000
M205 X10 Y10
G0 F6000 X83.932 Y170.625
M204 S1800
M205 X8 Y8
G1 F1200 X58.66 Y195.898 E2761.91988
M204 S3000
M205 X10 Y10
G0 F6000 X59.093 Y196.03
M204 S1800
M205 X8 Y8
G1 F1200 X84.499 Y170.624 E2763.1149
M204 S3000
M205 X10 Y10
G0 F6000 X85.065 Y170.624
M204 S1800
M205 X8 Y8
G1 F1200 X59.5 Y196.189 E2764.3174
M204 S3000
M205 X10 Y10
G0 F6000 X59.859 Y196.396
M204 S1800
M205 X8 Y8
G1 F1200 X85.597 Y170.658 E2765.52804
M204 S3000
M205 X10 Y10
G0 F6000 X86.107 Y170.713
M204 S1800
M205 X8 Y8
G1 F1200 X60.217 Y196.603 E2766.74582
M204 S3000
M205 X10 Y10
G0 F6000 X60.522 Y196.864
M204 S1800
M205 X8 Y8
G1 F1200 X86.618 Y170.768 E2767.9733
M204 S3000
M205 X10 Y10
G0 F6000 X87.129 Y170.822
M204 S1800
M205 X8 Y8
G1 F1200 X60.816 Y197.136 E2769.21101
M204 S3000
M205 X10 Y10
G0 F6000 X61.063 Y197.454
M204 S1800
M205 X8 Y8
G1 F1200 X87.64 Y170.878 E2770.46108
M204 S3000
M205 X10 Y10
G0 F6000 X88.15 Y170.933
M204 S1800
M205 X8 Y8
G1 F1200 X61.282 Y197.801 E2771.72487
M204 S3000
M205 X10 Y10
G0 F6000 X61.5 Y198.148
M204 S1800
M205 X8 Y8
G1 F1200 X88.64 Y171.008 E2773.00145
M204 S3000
M205 X10 Y10
G0 F6000 X89.104 Y171.11
M204 S1800
M205 X8 Y8
G1 F1200 X61.666 Y198.549 E2774.29208
M204 S3000
M205 X10 Y10
G0 F6000 X61.806 Y198.974
M204 S1800
M205 X8 Y8
G1 F1200 X89.568 Y171.212 E2775.59792
M204 S3000
M205 X10 Y10
G0 F6000 X90.032 Y171.314
M204 S1800
M205 X8 Y8
G1 F1200 X61.877 Y199.469 E2776.92224
M204 S3000
M205 X10 Y10
G0 F6000 X61.917 Y199.994
M204 S1800
M205 X8 Y8
G1 F1200 X90.496 Y171.416 E2778.26649
M204 S3000
M205 X10 Y10
G0 F6000 X90.959 Y171.518
M204 S1800
M205 X8 Y8
G1 F1200 X61.884 Y200.593 E2779.63409
M204 S3000
M205 X10 Y10
G0 F6000 X61.697 Y201.345
M204 S1800
M205 X8 Y8
G1 F1200 X91.423 Y171.62 E2781.03228
M204 S3000
M205 X10 Y10
G0 F6000 X91.857 Y171.751
M204 S1800
M205 X8 Y8
G1 F1200 X61.091 Y202.518 E2782.47944
G1 X61.021 Y202.588
M204 S3000
M205 X10 Y10
G0 F6000 X60.338 Y203.271
M204 S1800
M205 X8 Y8
G1 F1200 X55.485 Y208.124 E2782.70771
M204 S3000
M205 X10 Y10
G0 F6000 X55.608 Y208.566
M204 S1800
M205 X8 Y8
G1 F1200 X92.281 Y171.893 E2784.4327
M204 S3000
M205 X10 Y10
G0 F6000 X92.705 Y172.035
M204 S1800
M205 X8 Y8
G1 F1200 X55.73 Y209.01 E2786.17189
M204 S3000
M205 X10 Y10
G0 F6000 X55.862 Y209.444
M204 S1800
M205 X8 Y8
G1 F1200 X93.128 Y172.177 E2787.92479
M204 S3000
M205 X10 Y10
G0 F6000 X93.552 Y172.319
M204 S1800
M205 X8 Y8
G1 F1200 X56.022 Y209.849 E2789.69009
M204 S3000
M205 X10 Y10
G0 F6000 X56.183 Y210.253
M204 S1800
M205 X8 Y8
G1 F1200 X93.975 Y172.461 E2791.46771
M204 S3000
M205 X10 Y10
G0 F6000 X94.396 Y172.606
M204 S1800
M205 X8 Y8
G1 F1200 X56.345 Y210.658 E2793.25753
M204 S3000
M205 X10 Y10
G0 F6000 X56.506 Y211.062
M204 S1800
M205 X8 Y8
G1 F1200 X94.801 Y172.768 E2795.05879
M204 S3000
M205 X10 Y10
G0 F6000 X95.188 Y172.946
M204 S1800
M205 X8 Y8
G1 F1200 X56.666 Y211.468 E2796.87075
M204 S3000
M205 X10 Y10
G0 F6000 X56.828 Y211.872
M204 S1800
M205 X8 Y8
G1 F1200 X92.814 Y175.885 E2798.56344
G1 X92.884 Y175.815
M204 S3000
M205 X10 Y10
G0 F6000 X92.606 Y176.66
M204 S1800
M205 X8 Y8
G1 F1200 X56.989 Y212.276 E2800.23873
M204 S3000
M205 X10 Y10
G0 F6000 X57.179 Y212.652
M204 S1800
M205 X8 Y8
G1 F1200 X92.495 Y177.336 E2801.89989
M204 S3000
M205 X10 Y10
G0 F6000 X92.519 Y177.877
M204 S1800
M205 X8 Y8
G1 F1200 X57.375 Y213.022 E2803.55298
M204 S3000
M205 X10 Y10
G0 F6000 X57.57 Y213.392
M204 S1800
M205 X8 Y8
G1 F1200 X76.6 Y194.363 E2804.44807
G1 X76.67 Y194.293
M204 S3000
M205 X10 Y10
G0 F6000 X75.617 Y195.911
M204 S1800
M205 X8 Y8
G1 F1200 X57.766 Y213.762 E2805.28772
M204 S3000
M205 X10 Y10
G0 F6000 X57.962 Y214.132
M204 S1800
M205 X8 Y8
G1 F1200 X75.249 Y196.845 E2806.10085
G1 X75.319 Y196.775
M204 S3000
M205 X10 Y10
G0 F6000 X74.952 Y197.707
M204 S1800
M205 X8 Y8
G1 F1200 X58.158 Y214.502 E2806.89081
M204 S3000
M205 X10 Y10
G0 F6000 X58.353 Y214.872
M204 S1800
M205 X8 Y8
G1 F1200 X74.799 Y198.426 E2807.66438
M204 S3000
M205 X10 Y10
G0 F6000 X74.729 Y199.061
M204 S1800
M205 X8 Y8
G1 F1200 X58.556 Y215.234 E2808.42511
M204 S3000
M205 X10 Y10
G0 F6000 X58.785 Y215.572
M204 S1800
M205 X8 Y8
G1 F1200 X74.661 Y199.696 E2809.17187
M204 S3000
M205 X10 Y10
G0 F6000 X74.666 Y200.256
M204 S1800
M205 X8 Y8
G1 F1200 X59.013 Y215.909 E2809.90814
M204 S3000
M205 X10 Y10
G0 F6000 X59.242 Y216.246
M204 S1800
M205 X8 Y8
G1 F1200 X74.712 Y200.776 E2810.6358
M204 S3000
M205 X10 Y10
G0 F6000 X74.769 Y201.285
M204 S1800
M205 X8 Y8
G1 F1200 X59.47 Y216.583 E2811.35539
M204 S3000
M205 X10 Y10
G0 F6000 X59.698 Y216.921
M204 S1800
M205 X8 Y8
G1 F1200 X74.829 Y201.79 E2812.06711
M204 S3000
M205 X10 Y10
G0 F6000 X74.942 Y202.243
M204 S1800
M205 X8 Y8
G1 F1200 X59.926 Y217.259 E2812.77342
M204 S3000
M205 X10 Y10
G0 F6000 X60.154 Y217.596
M204 S1800
M205 X8 Y8
G1 F1200 X75.083 Y202.668 E2813.47561
M204 S3000
M205 X10 Y10
G0 F6000 X75.225 Y203.091
M204 S1800
M205 X8 Y8
G1 F1200 X60.396 Y217.92 E2814.17312
M204 S3000
M205 X10 Y10
G0 F6000 X60.657 Y218.225
M204 S1800
M205 X8 Y8
G1 F1200 X75.375 Y203.507 E2814.86541
M204 S3000
M205 X10 Y10
G0 F6000 X75.525 Y203.923
M204 S1800
M205 X8 Y8
G1 F1200 X60.916 Y218.532 E2815.55257
M204 S3000
M205 X10 Y10
G0 F6000 X61.176 Y218.837
M204 S1800
M205 X8 Y8
G1 F1200 X75.736 Y204.278 E2816.2374
M204 S3000
M205 X10 Y10
G0 F6000 X75.951 Y204.628
M204 S1800
M205 X8 Y8
G1 F1200 X61.436 Y219.143 E2816.92015
M204 S3000
M205 X10 Y10
G0 F6000 X61.696 Y219.449
M204 S1800
M205 X8 Y8
G1 F1200 X76.171 Y204.973 E2817.60103
M204 S3000
M205 X10 Y10
G0 F6000 X76.392 Y205.319
M204 S1800
M205 X8 Y8
G1 F1200 X61.955 Y219.755 E2818.28008
M204 S3000
M205 X10 Y10
G0 F6000 X62.216 Y220.06
M204 S1800
M205 X8 Y8
G1 F1200 X76.617 Y205.659 E2818.95746
M204 S3000
M205 X10 Y10
G0 F6000 X76.892 Y205.95
M204 S1800
M205 X8 Y8
G1 F1200 X62.49 Y220.352 E2819.63488
M204 S3000
M205 X10 Y10
G0 F6000 X62.78 Y220.627
M204 S1800
M205 X8 Y8
G1 F1200 X77.174 Y206.234 E2820.31191
M204 S3000
M205 X10 Y10
G0 F6000 X77.457 Y206.516
M204 S1800
M205 X8 Y8
G1 F1200 X63.071 Y220.902 E2820.98858
M204 S3000
M205 X10 Y10
G0 F6000 X63.361 Y221.178
M204 S1800
M205 X8 Y8
G1 F1200 X77.741 Y206.798 E2821.66497
M204 S3000
M205 X10 Y10
G0 F6000 X78.027 Y207.077
M204 S1800
M205 X8 Y8
G1 F1200 X63.651 Y221.453 E2822.34118
M204 S3000
M205 X10 Y10
G0 F6000 X63.942 Y221.728
M204 S1800
M205 X8 Y8
G1 F1200 X78.362 Y207.308 E2823.01945
M204 S3000
M205 X10 Y10
G0 F6000 X78.712 Y207.524
M204 S1800
M205 X8 Y8
G1 F1200 X64.232 Y222.004 E2823.70054
M204 S3000
M205 X10 Y10
G0 F6000 X64.522 Y222.279
M204 S1800
M205 X8 Y8
G1 F1200 X79.06 Y207.741 E2824.38437
M204 S3000
M205 X10 Y10
G0 F6000 X79.409 Y207.958
M204 S1800
M205 X8 Y8
G1 F1200 X64.829 Y222.538 E2825.07016
M204 S3000
M205 X10 Y10
G0 F6000 X65.151 Y222.782
M204 S1800
M205 X8 Y8
G1 F1200 X79.763 Y208.17 E2825.75747
M204 S3000
M205 X10 Y10
G0 F6000 X80.171 Y208.327
M204 S1800
M205 X8 Y8
G1 F1200 X65.472 Y223.027 E2826.44889
M204 S3000
M205 X10 Y10
G0 F6000 X65.794 Y223.271
M204 S1800
M205 X8 Y8
G1 F1200 X80.592 Y208.472 E2827.14496
M204 S3000
M205 X10 Y10
G0 F6000 X81.012 Y208.618
M204 S1800
M205 X8 Y8
G1 F1200 X66.115 Y223.515 E2827.84567
M204 S3000
M205 X10 Y10
G0 F6000 X66.436 Y223.759
M204 S1800
M205 X8 Y8
G1 F1200 X81.433 Y208.763 E2828.55106
M204 S3000
M205 X10 Y10
G0 F6000 X81.879 Y208.882
M204 S1800
M205 X8 Y8
G1 F1200 X66.757 Y224.004 E2829.26235
M204 S3000
M205 X10 Y10
G0 F6000 X67.079 Y224.248
M204 S1800
M205 X8 Y8
G1 F1200 X82.388 Y208.939 E2829.98244
M204 S3000
M205 X10 Y10
G0 F6000 X82.898 Y208.995
M204 S1800
M205 X8 Y8
G1 F1200 X67.421 Y224.472 E2830.71043
M204 S3000
M205 X10 Y10
G0 F6000 X67.774 Y224.685
M204 S1800
M205 X8 Y8
G1 F1200 X83.408 Y209.051 E2831.44581
M204 S3000
M205 X10 Y10
G0 F6000 X83.979 Y209.045
M204 S1800
M205 X8 Y8
G1 F1200 X68.126 Y224.898 E2832.19149
M204 S3000
M205 X10 Y10
G0 F6000 X68.479 Y225.11
M204 S1800
M205 X8 Y8
G1 F1200 X84.605 Y208.985 E2832.94998
M204 S3000
M205 X10 Y10
G0 F6000 X85.242 Y208.913
M204 S1800
M205 X8 Y8
G1 F1200 X68.832 Y225.323 E2833.72186
M204 S3000
M205 X10 Y10
G0 F6000 X69.185 Y225.536
M204 S1800
M205 X8 Y8
G1 F1200 X85.943 Y208.778 E2834.5101
G1 X86.013 Y208.708
M204 S3000
M205 X10 Y10
G0 F6000 X86.8 Y208.487
M204 S1800
M205 X8 Y8
G1 F1200 X69.537 Y225.75 E2835.3221
M204 S3000
M205 X10 Y10
G0 F6000 X69.89 Y225.963
M204 S1800
M205 X8 Y8
G1 F1200 X87.737 Y208.116 E2836.16157
G1 X87.807 Y208.046
M204 S3000
M205 X10 Y10
G0 F6000 X89.22 Y207.198
M204 S1800
M205 X8 Y8
G1 F1200 X70.275 Y226.144 E2837.05271
M204 S3000
M205 X10 Y10
G0 F6000 X70.661 Y226.323
M204 S1800
M205 X8 Y8
G1 F1200 X110.039 Y186.945 E2838.90493
M204 S3000
M205 X10 Y10
G0 F6000 X110.235 Y187.314
M204 S1800
M205 X8 Y8
G1 F1200 X71.047 Y226.502 E2840.74821
M204 S3000
M205 X10 Y10
G0 F6000 X71.434 Y226.682
M204 S1800
M205 X8 Y8
G1 F1200 X110.424 Y187.691 E2842.5822
M204 S3000
M205 X10 Y10
G0 F6000 X110.587 Y188.094
M204 S1800
M205 X8 Y8
G1 F1200 X71.82 Y226.861 E2844.40568
M204 S3000
M205 X10 Y10
G0 F6000 X72.206 Y227.04
M204 S1800
M205 X8 Y8
G1 F1200 X110.749 Y188.498 E2846.21861
M204 S3000
M205 X10 Y10
G0 F6000 X110.911 Y188.901
M204 S1800
M205 X8 Y8
G1 F1200 X72.592 Y227.22 E2848.02101
M204 S3000
M205 X10 Y10
G0 F6000 X72.996 Y227.382
M204 S1800
M205 X8 Y8
G1 F1200 X111.074 Y189.304 E2849.81209
M204 S3000
M205 X10 Y10
G0 F6000 X111.236 Y189.708
M204 S1800
M205 X8 Y8
G1 F1200 X73.418 Y227.525 E2851.59091
M204 S3000
M205 X10 Y10
G0 F6000 X73.841 Y227.668
M204 S1800
M205 X8 Y8
G1 F1200 X111.399 Y190.111 E2853.35749
M204 S3000
M205 X10 Y10
G0 F6000 X111.559 Y190.516
M204 S1800
M205 X8 Y8
G1 F1200 X74.264 Y227.811 E2855.11174
M204 S3000
M205 X10 Y10
G0 F6000 X74.687 Y227.954
M204 S1800
M205 X8 Y8
G1 F1200 X111.686 Y190.954 E2856.85208
M204 S3000
M205 X10 Y10
G0 F6000 X111.811 Y191.396
M204 S1800
M205 X8 Y8
G1 F1200 X75.109 Y228.097 E2858.57841
M204 S3000
M205 X10 Y10
G0 F6000 X75.532 Y228.24
M204 S1800
M205 X8 Y8
G1 F1200 X111.935 Y191.838 E2860.29067
M204 S3000
M205 X10 Y10
G0 F6000 X112.058 Y192.28
M204 S1800
M205 X8 Y8
G1 F1200 X75.969 Y228.369 E2861.98818
M204 S3000
M205 X10 Y10
G0 F6000 X76.432 Y228.471
M204 S1800
M205 X8 Y8
G1 F1200 X112.182 Y192.721 E2863.66975
M204 S3000
M205 X10 Y10
G0 F6000 X112.306 Y193.163
M204 S1800
M205 X8 Y8
G1 F1200 X76.895 Y228.574 E2865.33538
M204 S3000
M205 X10 Y10
G0 F6000 X77.358 Y228.677
M204 S1800
M205 X8 Y8
G1 F1200 X112.422 Y193.612 E2866.98471
M204 S3000
M205 X10 Y10
G0 F6000 X112.517 Y194.083
M204 S1800
M205 X8 Y8
G1 F1200 X77.821 Y228.78 E2868.61672
M204 S3000
M205 X10 Y10
G0 F6000 X78.284 Y228.882
M204 S1800
M205 X8 Y8
G1 F1200 X112.596 Y194.57 E2870.23065
M204 S3000
M205 X10 Y10
G0 F6000 X112.676 Y195.056
M204 S1800
M205 X8 Y8
G1 F1200 X78.747 Y228.985 E2871.82657
M204 S3000
M205 X10 Y10
G0 F6000 X79.239 Y229.058
M204 S1800
M205 X8 Y8
G1 F1200 X112.755 Y195.542 E2873.40306
M204 S3000
M205 X10 Y10
G0 F6000 X112.835 Y196.029
M204 S1800
M205 X8 Y8
G1 F1200 X79.749 Y229.114 E2874.9593
M204 S3000
M205 X10 Y10
G0 F6000 X80.259 Y229.17
M204 S1800
M205 X8 Y8
G1 F1200 X112.914 Y196.515 E2876.49529
M204 S3000
M205 X10 Y10
G0 F6000 X112.981 Y197.014
M204 S1800
M205 X8 Y8
G1 F1200 X80.768 Y229.227 E2878.01049
M204 S3000
M205 X10 Y10
G0 F6000 X81.278 Y229.282
M204 S1800
M205 X8 Y8
G1 F1200 X113.08 Y197.48 E2879.50636
M204 S3000
M205 X10 Y10
G0 F6000 X113.261 Y197.865
M204 S1800
M205 X8 Y8
G1 F1200 X81.788 Y229.338 E2880.98675
M204 S3000
M205 X10 Y10
G0 F6000 X82.32 Y229.372
M204 S1800
M205 X8 Y8
G1 F1200 X113.525 Y198.167 E2882.45454
M204 S3000
M205 X10 Y10
G0 F6000 X113.883 Y198.374
M204 S1800
M205 X8 Y8
G1 F1200 X82.885 Y229.372 E2883.91259
M204 S3000
M205 X10 Y10
G0 F6000 X83.45 Y229.373
M204 S1800
M205 X8 Y8
G1 F1200 X114.313 Y198.511 E2885.36427
M204 S3000
M205 X10 Y10
G0 F6000 X114.838 Y198.551
M204 S1800
M205 X8 Y8
G1 F1200 X94.391 Y218.998 E2886.32603
G1 X94.321 Y219.068
M204 S3000
M205 X10 Y10
G0 F6000 X95.46 Y218.494
M204 S1800
M205 X8 Y8
G1 F1200 X115.411 Y198.544 E2887.26445
M204 S3000
M205 X10 Y10
G0 F6000 X115.984 Y198.536
M204 S1800
M205 X8 Y8
G1 F1200 X96.174 Y218.346 E2888.19625
M204 S3000
M205 X10 Y10
G0 F6000 X96.767 Y218.319
M204 S1800
M205 X8 Y8
G1 F1200 X116.557 Y198.529 E2889.12711
M204 S3000
M205 X10 Y10
G0 F6000 X117.13 Y198.522
M204 S1800
M205 X8 Y8
G1 F1200 X114.165 Y201.486 E2889.26655
M204 S3000
M205 X10 Y10
G0 F6000 X114.794 Y201.423
M204 S1800
M205 X8 Y8
G1 F1200 X117.702 Y198.515 E2889.40333
M204 S3000
M205 X10 Y10
G0 F6000 X118.275 Y198.508
M204 S1800
M205 X8 Y8
G1 F1200 X115.361 Y201.422 E2889.5404
M204 S3000
M205 X10 Y10
G0 F6000 X115.928 Y201.42
M204 S1800
M205 X8 Y8
G1 F1200 X118.848 Y198.501 E2889.67772
M204 S3000
M205 X10 Y10
G0 F6000 X119.421 Y198.493
M204 S1800
M205 X8 Y8
G1 F1200 X116.495 Y201.419 E2889.81535
M204 S3000
M205 X10 Y10
G0 F6000 X117.062 Y201.417
M204 S1800
M205 X8 Y8
G1 F1200 X119.983 Y198.497 E2889.95272
M204 S3000
M205 X10 Y10
G0 F6000 X120.538 Y198.508
M204 S1800
M205 X8 Y8
G1 F1200 X117.63 Y201.415 E2890.08948
M204 S3000
M205 X10 Y10
G0 F6000 X118.197 Y201.414
M204 S1800
M205 X8 Y8
G1 F1200 X121.093 Y198.518 E2890.2257
M204 S3000
M205 X10 Y10
G0 F6000 X121.647 Y198.53
M204 S1800
M205 X8 Y8
G1 F1200 X118.764 Y201.413 E2890.36131
M204 S3000
M205 X10 Y10
G0 F6000 X119.332 Y201.411
M204 S1800
M205 X8 Y8
G1 F1200 X122.202 Y198.54 E2890.49633
M204 S3000
M205 X10 Y10
G0 F6000 X122.066 Y199.242
M204 S1800
M205 X8 Y8
G1 F1200 X119.899 Y201.41 E2890.59828
M204 S3000
M205 X10 Y10
G0 F6000 X120.466 Y201.408
M204 S1800
M205 X8 Y8
G1 F1200 X121.992 Y199.882 E2890.67006
M204 S3000
M205 X10 Y10
G0 F6000 X122.03 Y200.41
M204 S1800
M205 X8 Y8
G1 F1200 X121.034 Y201.406 E2890.71691
M204 S3000
M205 X10 Y10
G0 F6000 X121.601 Y201.405
M204 S1800
M205 X8 Y8
G1 F1200 X122.11 Y200.896 E2890.74085
M204 S3000
M205 X10 Y10
G0 F6000 X122.236 Y201.335
M204 S1800
M205 X8 Y8
G1 F1200 X122.168 Y201.403 E2890.74405
M204 S3000
M205 X10 Y10
G0 F6000 X113.985 Y202.364
G0 X113.021 Y202.631
M204 S1800
M205 X8 Y8
G1 F1200 X97.312 Y218.34 E2891.48295
M204 S3000
M205 X10 Y10
G0 F6000 X97.773 Y218.445
M204 S1800
M205 X8 Y8
G1 F1200 X112.932 Y203.285 E2892.19601
M204 S3000
M205 X10 Y10
G0 F6000 X112.842 Y203.941
M204 S1800
M205 X8 Y8
G1 F1200 X98.202 Y218.58 E2892.88461
M204 S3000
M205 X10 Y10
G0 F6000 X98.587 Y218.761
M204 S1800
M205 X8 Y8
G1 F1200 X112.738 Y204.611 E2893.5502
M204 S3000
M205 X10 Y10
G0 F6000 X112.627 Y205.287
M204 S1800
M205 X8 Y8
G1 F1200 X98.944 Y218.971 E2894.19383
M204 S3000
M205 X10 Y10
G0 F6000 X99.297 Y219.183
M204 S1800
M205 X8 Y8
G1 F1200 X112.512 Y205.968 E2894.81543
M204 S3000
M205 X10 Y10
G0 F6000 X112.343 Y206.702
M204 S1800
M205 X8 Y8
G1 F1200 X99.598 Y219.447 E2895.41491
M204 S3000
M205 X10 Y10
G0 F6000 X99.879 Y219.732
M204 S1800
M205 X8 Y8
G1 F1200 X112.125 Y207.487 E2895.9909
G1 X112.195 Y207.417
M204 S3000
M205 X10 Y10
G0 F6000 X111.906 Y208.271
M204 S1800
M205 X8 Y8
G1 F1200 X100.119 Y220.058 E2896.54533
M204 S3000
M205 X10 Y10
G0 F6000 X100.332 Y220.411
M204 S1800
M205 X8 Y8
G1 F1200 X111.687 Y209.056 E2897.07943
G1 X111.757 Y208.986
M204 S3000
M205 X10 Y10
G0 F6000 X111.362 Y209.947
M204 S1800
M205 X8 Y8
G1 F1200 X100.544 Y220.764 E2897.58825
M204 S3000
M205 X10 Y10
G0 F6000 X100.705 Y221.169
M204 S1800
M205 X8 Y8
G1 F1200 X110.987 Y210.887 E2898.07189
G1 X111.057 Y210.817
M204 S3000
M205 X10 Y10
G0 F6000 X110.613 Y211.827
M204 S1800
M205 X8 Y8
G1 F1200 X100.831 Y221.609 E2898.532
M204 S3000
M205 X10 Y10
G0 F6000 X100.885 Y222.12
M204 S1800
M205 X8 Y8
G1 F1200 X110.138 Y212.868 E2898.96721
G1 X110.208 Y212.798
M204 S3000
M205 X10 Y10
G0 F6000 X109.495 Y214.076
M204 S1800
M205 X8 Y8
G1 F1200 X100.916 Y222.655 E2899.37074
M204 S3000
M205 X10 Y10
G0 F6000 X100.867 Y223.27
M204 S1800
M205 X8 Y8
G1 F1200 X108.816 Y215.321 E2899.74464
G1 X108.886 Y215.251
M204 S3000
M205 X10 Y10
G0 F6000 X107.613 Y217.089
M204 S1800
M205 X8 Y8
G1 F1200 X100.783 Y223.919 E2900.0659
G1 X100.713 Y223.989
M204 S3000
M205 X10 Y10
G0 F6000 X104.628 Y220.64
M204 S1800
M205 X8 Y8
G1 F1200 X105.25 Y220.018 E2900.09516
G1 X105.32 Y219.948
M204 S3000
M205 X10 Y10
G0 F6000 X98.481 Y225.294
G0 X95.814 Y226.626
M204 S1800
M205 X8 Y8
G1 F1200 X95.556 Y226.884 E2900.10729
M204 S3000
M205 X10 Y10
G0 F6000 X95.373 Y226.501
M204 S1800
M205 X8 Y8
G1 F1200 X94.516 Y227.358 E2900.1476
G1 X94.446 Y227.428
M204 S3000
M205 X10 Y10
G0 F6000 X93.664 Y227.644
M204 S1800
M205 X8 Y8
G1 F1200 X94.971 Y226.337 E2900.20908
M204 S3000
M205 X10 Y10
G0 F6000 X94.596 Y226.146
M204 S1800
M205 X8 Y8
G1 F1200 X92.813 Y227.93 E2900.29297
G1 X92.743 Y228
M204 S3000
M205 X10 Y10
G0 F6000 X91.962 Y228.215
M204 S1800
M205 X8 Y8
G1 F1200 X94.25 Y225.926 E2900.40061
M204 S3000
M205 X10 Y10
G0 F6000 X93.944 Y225.668
M204 S1800
M205 X8 Y8
G1 F1200 X91.175 Y228.436 E2900.53084
M204 S3000
M205 X10 Y10
G0 F6000 X90.452 Y228.594
M204 S1800
M205 X8 Y8
G1 F1200 X93.661 Y225.385 E2900.68178
M204 S3000
M205 X10 Y10
G0 F6000 X93.379 Y225.101
M204 S1800
M205 X8 Y8
G1 F1200 X89.729 Y228.751 E2900.85346
M204 S3000
M205 X10 Y10
G0 F6000 X89.006 Y228.908
M204 S1800
M205 X8 Y8
G1 F1200 X93.148 Y224.766 E2901.04829
M204 S3000
M205 X10 Y10
G0 F6000 X92.944 Y224.404
M204 S1800
M205 X8 Y8
G1 F1200 X88.3 Y229.048 E2901.26673
M204 S3000
M205 X10 Y10
G0 F6000 X87.666 Y229.117
M204 S1800
M205 X8 Y8
G1 F1200 X92.787 Y223.996 E2901.50761
M204 S3000
M205 X10 Y10
G0 F6000 X92.649 Y223.568
M204 S1800
M205 X8 Y8
G1 F1200 X87.032 Y229.185 E2901.77181
M204 S3000
M205 X10 Y10
G0 F6000 X86.398 Y229.253
M204 S1800
M205 X8 Y8
G1 F1200 X92.541 Y223.111 E2902.06074
M204 S3000
M205 X10 Y10
G0 F6000 X92.493 Y222.592
M204 S1800
M205 X8 Y8
G1 F1200 X85.764 Y229.322 E2902.37727
M204 S3000
M205 X10 Y10
G0 F6000 X85.146 Y229.374
M204 S1800
M205 X8 Y8
G1 F1200 X92.553 Y221.967 E2902.72567
M204 S3000
M205 X10 Y10
G0 F6000 X92.689 Y221.265
M204 S1800
M205 X8 Y8
G1 F1200 X84.581 Y229.374 E2903.10707
M204 S3000
M205 X10 Y10
G0 F6000 X84.015 Y229.374
M204 S1800
M205 X8 Y8
G1 F1200 X93.256 Y220.132 E2903.54176
G1 X93.326 Y220.062
M204 S3000
M205 X10 Y10
G0 F6000 X90.902 Y205.516
M204 S1800
M205 X8 Y8
G1 F1200 X109.842 Y186.576 E2904.43264
M204 S3000
M205 X10 Y10
G0 F6000 X109.646 Y186.206
M204 S1800
M205 X8 Y8
G1 F1200 X91.872 Y203.98 E2905.26868
G1 X91.802 Y204.05
M204 S3000
M205 X10 Y10
G0 F6000 X92.201 Y203.086
M204 S1800
M205 X8 Y8
G1 F1200 X109.45 Y185.837 E2906.08002
M204 S3000
M205 X10 Y10
G0 F6000 X109.253 Y185.468
M204 S1800
M205 X8 Y8
G1 F1200 X92.502 Y202.219 E2906.86793
M204 S3000
M205 X10 Y10
G0 F6000 X92.626 Y201.53
M204 S1800
M205 X8 Y8
G1 F1200 X109.057 Y185.099 E2907.6408
M204 S3000
M205 X10 Y10
G0 F6000 X108.855 Y184.735
M204 S1800
M205 X8 Y8
G1 F1200 X92.702 Y200.888 E2908.40059
M204 S3000
M205 X10 Y10
G0 F6000 X92.768 Y200.256
M204 S1800
M205 X8 Y8
G1 F1200 X108.626 Y184.398 E2909.1465
M204 S3000
M205 X10 Y10
G0 F6000 X108.397 Y184.062
M204 S1800
M205 X8 Y8
G1 F1200 X92.764 Y199.694 E2909.8818
M204 S3000
M205 X10 Y10
G0 F6000 X92.711 Y199.182
M204 S1800
M205 X8 Y8
G1 F1200 X108.168 Y183.724 E2910.60888
M204 S3000
M205 X10 Y10
G0 F6000 X107.939 Y183.388
M204 S1800
M205 X8 Y8
G1 F1200 X92.651 Y198.676 E2911.32798
M204 S3000
M205 X10 Y10
G0 F6000 X92.59 Y198.171
M204 S1800
M205 X8 Y8
G1 F1200 X107.71 Y183.051 E2912.03917
M204 S3000
M205 X10 Y10
G0 F6000 X107.481 Y182.714
M204 S1800
M205 X8 Y8
G1 F1200 X92.478 Y197.717 E2912.74487
M204 S3000
M205 X10 Y10
G0 F6000 X92.333 Y197.297
M204 S1800
M205 X8 Y8
G1 F1200 X107.252 Y182.378 E2913.44661
M204 S3000
M205 X10 Y10
G0 F6000 X107.012 Y182.052
M204 S1800
M205 X8 Y8
G1 F1200 X92.187 Y196.877 E2914.14394
M204 S3000
M205 X10 Y10
G0 F6000 X92.041 Y196.457
M204 S1800
M205 X8 Y8
G1 F1200 X106.752 Y181.746 E2914.8359
M204 S3000
M205 X10 Y10
G0 F6000 X106.491 Y181.442
M204 S1800
M205 X8 Y8
G1 F1200 X91.877 Y196.055 E2915.52327
M204 S3000
M205 X10 Y10
G0 F6000 X91.676 Y195.691
M204 S1800
M205 X8 Y8
G1 F1200 X106.231 Y181.136 E2916.20789
M204 S3000
M205 X10 Y10
G0 F6000 X105.971 Y180.831
M204 S1800
M205 X8 Y8
G1 F1200 X91.457 Y195.345 E2916.89059
M204 S3000
M205 X10 Y10
G0 F6000 X91.238 Y194.998
M204 S1800
M205 X8 Y8
G1 F1200 X105.71 Y180.526 E2917.57131
M204 S3000
M205 X10 Y10
G0 F6000 X105.45 Y180.221
M204 S1800
M205 X8 Y8
G1 F1200 X91.019 Y194.651 E2918.25007
M204 S3000
M205 X10 Y10
G0 F6000 X90.784 Y194.32
M204 S1800
M205 X8 Y8
G1 F1200 X105.189 Y179.915 E2918.92764
M204 S3000
M205 X10 Y10
G0 F6000 X104.918 Y179.621
M204 S1800
M205 X8 Y8
G1 F1200 X90.506 Y194.032 E2919.60551
M204 S3000
M205 X10 Y10
G0 F6000 X90.228 Y193.745
M204 S1800
M205 X8 Y8
G1 F1200 X104.627 Y179.346 E2920.2828
M204 S3000
M205 X10 Y10
G0 F6000 X104.337 Y179.071
M204 S1800
M205 X8 Y8
G1 F1200 X89.947 Y193.46 E2920.95964
M204 S3000
M205 X10 Y10
G0 F6000 X89.663 Y193.178
M204 S1800
M205 X8 Y8
G1 F1200 X104.045 Y178.796 E2921.63612
M204 S3000
M205 X10 Y10
G0 F6000 X103.755 Y178.521
M204 S1800
M205 X8 Y8
G1 F1200 X89.367 Y192.909 E2922.31289
M204 S3000
M205 X10 Y10
G0 F6000 X89.026 Y192.684
M204 S1800
M205 X8 Y8
G1 F1200 X103.463 Y178.247 E2922.99196
M204 S3000
M205 X10 Y10
G0 F6000 X103.173 Y177.972
M204 S1800
M205 X8 Y8
G1 F1200 X88.686 Y192.458 E2923.67336
M204 S3000
M205 X10 Y10
G0 F6000 X88.34 Y192.239
M204 S1800
M205 X8 Y8
G1 F1200 X102.882 Y177.697 E2924.35737
M204 S3000
M205 X10 Y10
G0 F6000 X102.577 Y177.437
M204 S1800
M205 X8 Y8
G1 F1200 X100.274 Y179.74 E2924.4657
G1 X100.204 Y179.81
M204 S3000
M205 X10 Y10
G0 F6000 X100.756 Y178.692
M204 S1800
M205 X8 Y8
G1 F1200 X102.255 Y177.193 E2924.53621
M204 S3000
M205 X10 Y10
G0 F6000 X101.933 Y176.949
M204 S1800
M205 X8 Y8
G1 F1200 X100.896 Y177.986 E2924.58498
M204 S3000
M205 X10 Y10
G0 F6000 X100.904 Y177.412
M204 S1800
M205 X8 Y8
G1 F1200 X101.611 Y176.705 E2924.61824
M204 S3000
M205 X10 Y10
G0 F6000 X101.289 Y176.462
M204 S1800
M205 X8 Y8
G1 F1200 X100.873 Y176.877 E2924.63778
M204 S3000
M205 X10 Y10
G0 F6000 X100.791 Y176.394
M204 S1800
M205 X8 Y8
G1 F1200 X100.967 Y176.218 E2924.64606
M204 S3000
M205 X10 Y10
G0 F6000 X98.992 Y181.021
M204 S1800
M205 X8 Y8
G1 F1200 X87.991 Y192.022 E2925.16351
M204 S3000
M205 X10 Y10
G0 F6000 X87.623 Y191.825
M204 S1800
M205 X8 Y8
G1 F1200 X97.939 Y181.509 E2925.64875
M204 S3000
M205 X10 Y10
G0 F6000 X97.227 Y181.655
M204 S1800
M205 X8 Y8
G1 F1200 X87.214 Y191.668 E2926.11973
M204 S3000
M205 X10 Y10
G0 F6000 X86.805 Y191.512
M204 S1800
M205 X8 Y8
G1 F1200 X96.625 Y181.691 E2926.58165
M204 S3000
M205 X10 Y10
G0 F6000 X96.093 Y181.657
M204 S1800
M205 X8 Y8
G1 F1200 X86.385 Y191.366 E2927.03831
M204 S3000
M205 X10 Y10
G0 F6000 X85.964 Y191.221
M204 S1800
M205 X8 Y8
G1 F1200 X95.644 Y181.541 E2927.49363
M204 S3000
M205 X10 Y10
G0 F6000 X95.204 Y181.416
M204 S1800
M205 X8 Y8
G1 F1200 X85.499 Y191.12 E2927.9501
M204 S3000
M205 X10 Y10
G0 F6000 X84.997 Y191.057
M204 S1800
M205 X8 Y8
G1 F1200 X94.817 Y181.237 E2928.412
M204 S3000
M205 X10 Y10
G0 F6000 X94.446 Y181.041
M204 S1800
M205 X8 Y8
G1 F1200 X84.492 Y190.996 E2928.88023
M204 S3000
M205 X10 Y10
G0 F6000 X83.983 Y190.939
M204 S1800
M205 X8 Y8
G1 F1200 X94.117 Y180.805 E2929.3569
M204 S3000
M205 X10 Y10
G0 F6000 X93.83 Y180.526
M204 S1800
M205 X8 Y8
G1 F1200 X83.414 Y190.942 E2929.84684
M204 S3000
M205 X10 Y10
G0 F6000 X82.773 Y191.017
M204 S1800
M205 X8 Y8
G1 F1200 X93.544 Y180.247 E2930.35345
M204 S3000
M205 X10 Y10
G0 F6000 X93.29 Y179.935
M204 S1800
M205 X8 Y8
G1 F1200 X82.133 Y191.092 E2930.87824
M204 S3000
M205 X10 Y10
G0 F6000 X81.433 Y191.227
M204 S1800
M205 X8 Y8
G1 F1200 X93.06 Y179.6 E2931.42514
M204 S3000
M205 X10 Y10
G0 F6000 X92.874 Y179.219
M204 S1800
M205 X8 Y8
G1 F1200 X80.556 Y191.538 E2932.00457
G1 X80.486 Y191.608
M204 S3000
M205 X10 Y10
G0 F6000 X79.632 Y191.896
M204 S1800
M205 X8 Y8
G1 F1200 X92.732 Y178.796 E2932.62075
M204 S3000
M205 X10 Y10
G0 F6000 X92.591 Y178.371
M204 S1800
M205 X8 Y8
G1 F1200 X78.087 Y192.875 E2933.30297
G1 X78.017 Y192.945
M204 S3000
M205 X10 Y10
G0 F6000 X59.057 Y203.986
M204 S1800
M205 X8 Y8
G1 F1200 X55.362 Y207.681 E2933.47677
M204 S3000
M205 X10 Y10
G0 F6000 X55.239 Y207.238
M204 S1800
M205 X8 Y8
G1 F1200 X58.335 Y204.142 E2933.6224
M204 S3000
M205 X10 Y10
G0 F6000 X57.702 Y204.21
M204 S1800
M205 X8 Y8
G1 F1200 X55.116 Y206.795 E2933.74402
M204 S3000
M205 X10 Y10
G0 F6000 X54.994 Y206.352
M204 S1800
M205 X8 Y8
G1 F1200 X57.166 Y204.179 E2933.8462
M204 S3000
M205 X10 Y10
G0 F6000 X56.708 Y204.072
M204 S1800
M205 X8 Y8
G1 F1200 X54.911 Y205.869 E2933.93073
M204 S3000
M205 X10 Y10
G0 F6000 X54.832 Y205.382
M204 S1800
M205 X8 Y8
G1 F1200 X56.278 Y203.936 E2933.99874
M204 S3000
M205 X10 Y10
G0 F6000 X55.863 Y203.786
M204 S1800
M205 X8 Y8
G1 F1200 X54.753 Y204.896 E2934.05095
M204 S3000
M205 X10 Y10
G0 F6000 X54.674 Y204.409
M204 S1800
M205 X8 Y8
G1 F1200 X55.493 Y203.59 E2934.08948
M204 S3000
M205 X10 Y10
G0 F6000 X55.159 Y203.358
M204 S1800
M205 X8 Y8
G1 F1200 X54.595 Y203.923 E2934.11603
M204 S3000
M205 X10 Y10
G0 F6000 X54.515 Y203.436
M204 S1800
M205 X8 Y8
G1 F1200 X54.871 Y203.081 E2934.13275
M204 S3000
M205 X10 Y10
G0 F6000 X54.586 Y202.8
M204 S1800
M205 X8 Y8
G1 F1200 X54.455 Y202.931 E2934.13891
M204 S3000
M205 X10 Y10
G0 F6000 X57.316 Y203.28
G0 X58.229 Y203.252
G0 X59.529 Y202.725
G0 X95.082 Y173.618
M204 S1800
M205 X8 Y8
G1 F1200 X95.576 Y173.124 E2934.16215
M204 S3000
M205 X10 Y10
;MESH:NONMESH
G0 F600 X95.576 Y173.124 Z2.6
G0 F6000 X93.789 Y175.948
G0 X93.358 Y177.555
G0 X93.766 Y177.507
;TIME_ELAPSED:3978.752250
;LAYER:12
M204 S1800
M205 X8 Y8
;TYPE:WALL-OUTER
;MESH:14_4_1.stl
G1 F3000 X93.843 Y176.803 E2934.1857
G1 X94.094 Y176.131 E2934.20956
G1 X94.489 Y175.548 E2934.23299
G1 X95.021 Y175.07 E2934.25677
G1 X95.643 Y174.735 E2934.28027
G1 X96.333 Y174.559 E2934.30396
G1 X97.045 Y174.553 E2934.32764
G1 X97.739 Y174.718 E2934.35136
G1 X98.367 Y175.041 E2934.37485
G1 X98.903 Y175.51 E2934.39854
G1 X99.313 Y176.088 E2934.42211
G1 X99.572 Y176.756 E2934.44594
G1 X99.663 Y177.458 E2934.46948
G1 X99.589 Y178.116 E2934.49151
G1 X99.338 Y178.83 E2934.51668
G1 X98.976 Y179.362 E2934.53808
G1 X98.408 Y179.898 E2934.56406
G1 X97.783 Y180.232 E2934.58763
G1 X97.213 Y180.378 E2934.6072
G1 X97.045 Y180.413 E2934.6129
G1 X96.369 Y180.412 E2934.63539
G1 X95.689 Y180.25 E2934.65864
G1 X95.06 Y179.924 E2934.6822
G1 X94.521 Y179.455 E2934.70596
G1 X94.116 Y178.877 E2934.72944
G1 X93.855 Y178.211 E2934.75323
G1 X93.766 Y177.507 E2934.77683
M204 S3000
M205 X10 Y10
G0 F6000 X93.787 Y177.309
G0 X93.279 Y177.249
G0 X77.339 Y194.917
G0 X76.367 Y196.463
G0 X75.827 Y198.014
G0 X75.509 Y200.081
G0 X76.015 Y200.025
M204 S1800
M205 X8 Y8
G1 F3000 X76.097 Y199.244 E2934.80295
G1 X76.206 Y198.287 E2934.83499
G1 X76.768 Y196.674 E2934.8918
G1 X77.11 Y196.123 E2934.91337
G1 X77.687 Y195.207 E2934.94937
G1 X77.934 Y194.956 E2934.96109
G1 X78.916 Y193.975 E2935.00725
G1 X80.361 Y193.068 E2935.064
G1 X80.414 Y193.047 E2935.06589
G1 X82.002 Y192.492 E2935.12184
G1 X83.695 Y192.3 E2935.17851
G1 X84.57 Y192.395 E2935.20779
G1 X85.43 Y192.493 E2935.23658
G1 X87.039 Y193.056 E2935.29327
G1 X87.929 Y193.609 E2935.32812
G1 X88.509 Y193.974 E2935.35092
G1 X89.176 Y194.639 E2935.38224
G1 X89.729 Y195.193 E2935.40828
G1 X90.162 Y195.877 E2935.4352
G1 X90.65 Y196.655 E2935.46575
G1 X90.661 Y196.682 E2935.46672
G1 X91.222 Y198.291 E2935.52339
G1 X91.414 Y199.987 E2935.58016
G1 X91.328 Y200.78 E2935.60669
G1 X91.222 Y201.709 E2935.63779
G1 X91.014 Y202.31 E2935.65895
G1 X90.655 Y203.335 E2935.69507
G1 X90.163 Y204.122 E2935.72594
G1 X89.738 Y204.796 E2935.75244
G1 X89.177 Y205.36 E2935.7789
G1 X88.522 Y206.016 E2935.80973
G1 X87.93 Y206.39 E2935.83302
G1 X87.056 Y206.937 E2935.86731
G1 X85.43 Y207.507 E2935.92462
G1 X83.736 Y207.699 E2935.98132
G1 X83.691 Y207.699 E2935.98282
G1 X81.998 Y207.507 E2936.03949
G1 X80.383 Y206.942 E2936.0964
G1 X80.353 Y206.927 E2936.09752
G1 X78.916 Y206.025 E2936.15395
G1 X77.706 Y204.816 E2936.21084
G1 X77.435 Y204.394 E2936.22752
G1 X76.779 Y203.349 E2936.26855
G1 X76.489 Y202.525 E2936.29761
G1 X76.206 Y201.713 E2936.32621
G1 X76.097 Y200.755 E2936.35828
G1 X76.015 Y200.025 E2936.38271
M204 S3000
M205 X10 Y10
G0 F6000 X76.035 Y199.827
G0 X75.526 Y199.769
G0 X58.123 Y196.621
G0 X57.304 Y196.622
G0 X56.506 Y196.817
G0 X55.781 Y197.2
G0 X55.166 Y197.742
G0 X54.338 Y199.261
G0 X54.843 Y199.32
M204 S1800
M205 X8 Y8
G1 F3000 X55.094 Y198.648 E2936.40657
G1 X55.489 Y198.065 E2936.42999
G1 X56.022 Y197.587 E2936.4538
G1 X56.643 Y197.252 E2936.47727
G1 X57.333 Y197.076 E2936.50096
G1 X58.045 Y197.07 E2936.52464
G1 X58.739 Y197.235 E2936.54837
G1 X59.325 Y197.536 E2936.57028
G1 X59.902 Y198.026 E2936.59545
G1 X60.313 Y198.605 E2936.61907
G1 X60.572 Y199.273 E2936.6429
G1 X60.663 Y199.975 E2936.66644
G1 X60.583 Y200.681 E2936.69008
G1 X60.338 Y201.347 E2936.71368
G1 X59.935 Y201.938 E2936.73747
G1 X59.407 Y202.414 E2936.76111
G1 X58.783 Y202.748 E2936.78465
G1 X58.095 Y202.925 E2936.80828
G1 X57.38 Y202.929 E2936.83206
G1 X56.689 Y202.766 E2936.85568
G1 X56.061 Y202.44 E2936.87921
G1 X55.593 Y202.035 E2936.8998
G1 X55.116 Y201.394 E2936.92637
G1 X54.855 Y200.728 E2936.95016
G1 X54.811 Y200.404 E2936.96104
G1 X54.766 Y199.976 E2936.97535
G1 X54.843 Y199.32 E2936.99732
M204 S3000
M205 X10 Y10
G0 F6000 X54.913 Y199.133
G0 X54.434 Y198.95
G0 X53.425 Y199.999
G0 X52.915 Y200.001
M204 S1800
M205 X8 Y8
G1 F3000 X52.944 Y200.561 E2937.01597
G1 X53.095 Y203.328 E2937.10814
G1 X53.634 Y206.619 E2937.21906
G1 X54.522 Y209.82 E2937.32954
G1 X55.761 Y212.931 E2937.44092
G1 X57.322 Y215.877 E2937.55181
G1 X59.193 Y218.637 E2937.66271
G1 X61.354 Y221.18 E2937.77371
G1 X63.775 Y223.473 E2937.88461
G1 X66.432 Y225.492 E2937.9956
G1 X68.751 Y226.887 E2938.08561
G1 X69.287 Y227.211 E2938.10645
G1 X72.316 Y228.611 E2938.21743
G1 X75.472 Y229.675 E2938.32821
G1 X78.731 Y230.394 E2938.43921
G1 X82.047 Y230.754 E2938.55015
G1 X85.38 Y230.755 E2938.661
G1 X88.696 Y230.394 E2938.77194
G1 X91.955 Y229.676 E2938.88294
G1 X95.111 Y228.611 E2938.99372
G1 X98.14 Y227.21 E2939.10472
G1 X100.995 Y225.492 E2939.21555
G1 X103.652 Y223.473 E2939.32654
G1 X106.073 Y221.18 E2939.43744
G1 X108.234 Y218.637 E2939.54844
G1 X110.105 Y215.877 E2939.65934
G1 X111.666 Y212.931 E2939.77023
G1 X112.907 Y209.82 E2939.88163
G1 X113.793 Y206.619 E2939.9921
G1 X114.332 Y203.331 E2940.10292
G1 X114.515 Y200.007 E2940.21364
G1 X114.368 Y197.312 E2940.30341
G1 X114.333 Y196.694 E2940.324
G1 X113.794 Y193.39 E2940.43535
G1 X112.905 Y190.18 E2940.54613
G1 X111.666 Y187.069 E2940.65751
G1 X110.103 Y184.121 E2940.76849
G1 X108.232 Y181.361 E2940.87939
G1 X106.073 Y178.82 E2940.99029
G1 X103.65 Y176.525 E2941.10129
G1 X100.995 Y174.508 E2941.21219
G1 X99.489 Y173.602 E2941.27064
G1 X98.14 Y172.79 E2941.32301
G1 X95.111 Y171.389 E2941.43401
G1 X91.955 Y170.324 E2941.5448
G1 X89.027 Y169.68 E2941.64451
G1 X88.359 Y169.57 E2941.66703
G1 X85.38 Y169.245 E2941.7667
G1 X82.047 Y169.246 E2941.87755
G1 X79.481 Y169.524 E2941.9634
G1 X78.731 Y169.606 E2941.98849
G1 X75.472 Y170.325 E2942.09949
G1 X72.316 Y171.389 E2942.21027
G1 X69.287 Y172.789 E2942.32125
G1 X66.432 Y174.508 E2942.43209
G1 X63.775 Y176.527 E2942.54309
G1 X61.354 Y178.82 E2942.65399
G1 X59.193 Y181.363 E2942.76499
G1 X57.322 Y184.123 E2942.87589
G1 X55.761 Y187.069 E2942.98678
G1 X54.52 Y190.18 E2943.09818
G1 X53.634 Y193.38 E2943.20862
G1 X53.095 Y196.671 E2943.31954
G1 X52.915 Y200.001 E2943.43045
M204 S3000
M205 X10 Y10
G0 F6000 X52.925 Y200.201
G0 X53.434 Y200.174
G0 X55.166 Y202.258
G0 X93.379 Y223.426
G0 X93.855 Y223.245
M204 S1800
M205 X8 Y8
G1 F3000 X93.766 Y222.541 E2943.45405
G1 X93.843 Y221.837 E2943.47761
G1 X94.094 Y221.165 E2943.50147
G1 X94.489 Y220.581 E2943.52492
G1 X95.021 Y220.103 E2943.54871
G1 X95.643 Y219.768 E2943.5722
G1 X96.194 Y219.627 E2943.59112
G1 X96.38 Y219.588 E2943.59744
G1 X97.065 Y219.587 E2943.62022
G1 X97.738 Y219.751 E2943.64326
G1 X98.367 Y220.074 E2943.66678
G1 X98.903 Y220.543 E2943.69047
G1 X99.313 Y221.122 E2943.71407
G1 X99.572 Y221.79 E2943.7379
G1 X99.663 Y222.492 E2943.76144
G1 X99.583 Y223.198 E2943.78507
G1 X99.337 Y223.864 E2943.80869
G1 X98.935 Y224.454 E2943.83243
G1 X98.408 Y224.931 E2943.85607
G1 X97.783 Y225.265 E2943.87964
G1 X97.095 Y225.442 E2943.90327
G1 X96.38 Y225.447 E2943.92705
G1 X95.689 Y225.283 E2943.95067
G1 X95.06 Y224.957 E2943.97424
G1 X94.521 Y224.488 E2943.998
G1 X94.116 Y223.911 E2944.02145
G1 X93.855 Y223.245 E2944.04524
M204 S3000
M205 X10 Y10
G0 F6000 X93.83 Y223.047
G0 X93.369 Y222.587
M204 S1800
M205 X8 Y8
;TYPE:WALL-INNER
G1 F3000 X93.446 Y221.791 E2944.07184
G1 X93.72 Y221.022 E2944.09899
G1 X94.159 Y220.354 E2944.12558
G1 X94.575 Y219.963 E2944.14456
G1 X94.873 Y219.722 E2944.15731
G1 X95.456 Y219.414 E2944.17924
G1 X96.099 Y219.239 E2944.20141
G1 X96.38 Y219.188 E2944.21091
G1 X97.074 Y219.187 E2944.23399
G1 X97.834 Y219.363 E2944.25993
G1 X98.553 Y219.72 E2944.28663
G1 X99.169 Y220.244 E2944.31353
G1 X99.641 Y220.893 E2944.34022
G1 X99.946 Y221.648 E2944.36731
G1 X100.06 Y222.444 E2944.39405
G1 X99.981 Y223.246 E2944.42085
G1 X99.711 Y224.005 E2944.44765
G1 X99.263 Y224.682 E2944.47465
G1 X98.674 Y225.229 E2944.50139
G1 X97.969 Y225.619 E2944.52818
G1 X97.191 Y225.83 E2944.55499
G1 X96.38 Y225.847 E2944.58197
G1 X95.594 Y225.672 E2944.60876
G1 X95.112 Y225.438 E2944.62658
G1 X94.756 Y225.23 E2944.64029
G1 X94.256 Y224.788 E2944.66249
G1 X93.787 Y224.138 E2944.68915
G1 X93.481 Y223.388 E2944.71609
G1 X93.369 Y222.587 E2944.74299
M204 S3000
M205 X10 Y10
G0 F6000 X93.26 Y222.599
G0 X77.339 Y205.083
G0 X76.367 Y203.537
G0 X75.766 Y201.813
G0 X75.6 Y200.346
G0 X75.592 Y199.188
G0 X75.699 Y199.2
M204 S1800
M205 X8 Y8
G1 F3000 X75.804 Y198.267 E2944.77422
G1 X76.111 Y197.343 E2944.8066
G1 X76.396 Y196.528 E2944.83532
G1 X76.771 Y195.91 E2944.85936
G1 X77.351 Y194.989 E2944.89556
G1 X77.651 Y194.673 E2944.91005
G1 X78.64 Y193.685 E2944.95655
G1 X78.856 Y193.54 E2944.9652
G1 X80.165 Y192.719 E2945.01659
G1 X80.282 Y192.669 E2945.02083
G1 X81.868 Y192.114 E2945.07671
G1 X81.978 Y192.091 E2945.08045
G1 X83.657 Y191.902 E2945.13665
G1 X84.615 Y191.997 E2945.16867
G1 X85.483 Y192.096 E2945.19772
G1 X86.172 Y192.328 E2945.2219
G1 X87.183 Y192.682 E2945.25753
G1 X88.141 Y193.27 E2945.29492
G1 X88.712 Y193.629 E2945.31735
G1 X89.459 Y194.357 E2945.35204
G1 X90.028 Y194.927 E2945.37883
G1 X90.501 Y195.664 E2945.40796
G1 X90.995 Y196.453 E2945.43892
G1 X91.039 Y196.55 E2945.44246
G1 X91.605 Y198.173 E2945.49963
G1 X91.728 Y199.198 E2945.53397
G1 X91.814 Y199.965 E2945.55964
G1 X91.726 Y200.825 E2945.58839
G1 X91.619 Y201.764 E2945.61982
G1 X91.392 Y202.442 E2945.64361
G1 X91.03 Y203.475 E2945.68001
G1 X90.502 Y204.335 E2945.71358
G1 X90.073 Y205.016 E2945.74035
G1 X89.46 Y205.643 E2945.76951
G1 X88.814 Y206.29 E2945.79992
G1 X88.142 Y206.729 E2945.82662
G1 X87.286 Y207.266 E2945.86023
G1 X86.765 Y207.464 E2945.87876
G1 X85.553 Y207.887 E2945.92146
G1 X84.616 Y208.003 E2945.95286
G1 X83.778 Y208.097 E2945.98091
G1 X83.646 Y208.097 E2945.9853
G1 X81.937 Y207.903 E2946.04251
G1 X81.847 Y207.879 E2946.0456
G1 X80.261 Y207.324 E2946.10149
G1 X80.141 Y207.266 E2946.10592
G1 X78.719 Y206.374 E2946.16176
G1 X78.613 Y206.29 E2946.16625
G1 X77.392 Y205.066 E2946.22376
G1 X77.096 Y204.607 E2946.24192
G1 X76.446 Y203.572 E2946.28257
G1 X76.111 Y202.657 E2946.31498
G1 X75.83 Y201.851 E2946.34337
G1 X75.699 Y200.799 E2946.37863
G1 X75.617 Y200.07 E2946.40303
G1 X75.699 Y199.2 E2946.43209
M204 S3000
M205 X10 Y10
G0 F6000 X75.592 Y199.188
G0 X58.123 Y196.621
G0 X57.304 Y196.622
G0 X56.506 Y196.817
G0 X55.781 Y197.2
G0 X55.166 Y197.742
G0 X54.338 Y199.261
G0 X54.445 Y199.273
M204 S1800
M205 X8 Y8
G1 F3000 X54.72 Y198.505 E2946.45923
G1 X55.159 Y197.838 E2946.48579
G1 X55.758 Y197.287 E2946.51286
G1 X56.456 Y196.898 E2946.53943
G1 X57.237 Y196.688 E2946.56633
G1 X58.045 Y196.67 E2946.59321
G1 X58.835 Y196.847 E2946.62014
G1 X59.511 Y197.182 E2946.64523
G1 X60.168 Y197.727 E2946.67362
G1 X60.641 Y198.376 E2946.70033
G1 X60.946 Y199.131 E2946.72742
G1 X61.06 Y199.927 E2946.75416
G1 X60.98 Y200.729 E2946.78097
G1 X60.712 Y201.488 E2946.80774
G1 X60.263 Y202.166 E2946.83479
G1 X59.673 Y202.713 E2946.86155
G1 X58.969 Y203.102 E2946.8883
G1 X58.436 Y203.252 E2946.90672
G1 X58.045 Y203.33 E2946.91998
G1 X57.38 Y203.329 E2946.9421
G1 X56.594 Y203.154 E2946.96888
G1 X55.874 Y202.794 E2946.99565
G1 X55.328 Y202.335 E2947.01938
G1 X55.159 Y202.162 E2947.02742
G1 X54.786 Y201.621 E2947.04928
G1 X54.481 Y200.871 E2947.0762
G1 X54.413 Y200.45 E2947.09039
G1 X54.368 Y199.93 E2947.10775
G1 X54.445 Y199.273 E2947.12975
M204 S3000
M205 X10 Y10
G0 F6000 X54.338 Y199.261
G0 X53.425 Y199.98
G0 X53.317 Y199.974
M204 S1800
M205 X8 Y8
G1 F3000 X53.344 Y200.54 E2947.1486
G1 X53.493 Y203.284 E2947.24
G1 X54.025 Y206.533 E2947.3495
G1 X54.902 Y209.692 E2947.45854
G1 X56.125 Y212.763 E2947.56848
G1 X57.665 Y215.671 E2947.67793
G1 X59.512 Y218.395 E2947.78739
G1 X61.645 Y220.904 E2947.89692
G1 X63.595 Y222.751 E2947.98626
G1 X64.035 Y223.167 E2948.0064
G1 X66.657 Y225.16 E2948.11594
G1 X69.475 Y226.857 E2948.22535
G1 X72.464 Y228.239 E2948.33487
G1 X75.579 Y229.289 E2948.44421
G1 X78.796 Y229.999 E2948.55378
G1 X82.069 Y230.354 E2948.66328
G1 X85.358 Y230.355 E2948.77267
G1 X88.631 Y229.998 E2948.88218
G1 X91.848 Y229.29 E2948.99174
G1 X94.963 Y228.239 E2949.10108
G1 X97.952 Y226.856 E2949.21062
G1 X99.105 Y226.164 E2949.25535
G1 X100.77 Y225.16 E2949.32001
G1 X103.392 Y223.167 E2949.42955
G1 X105.782 Y220.904 E2949.53903
G1 X107.915 Y218.395 E2949.64856
G1 X109.762 Y215.671 E2949.75802
G1 X111.302 Y212.763 E2949.86747
G1 X112.527 Y209.692 E2949.97743
G1 X113.402 Y206.533 E2950.08646
G1 X113.934 Y203.287 E2950.19586
G1 X114.113 Y200.004 E2950.30522
G1 X113.935 Y196.737 E2950.41404
G1 X113.403 Y193.476 E2950.52393
G1 X112.525 Y190.308 E2950.63327
G1 X111.302 Y187.237 E2950.74322
G1 X109.76 Y184.327 E2950.85275
G1 X107.913 Y181.603 E2950.96222
G1 X105.782 Y179.096 E2951.07165
G1 X103.391 Y176.831 E2951.1812
G1 X100.77 Y174.84 E2951.29067
G1 X99.282 Y173.945 E2951.34842
G1 X97.952 Y173.144 E2951.40006
G1 X97.33 Y172.855 E2951.42287
G1 X94.963 Y171.761 E2951.5096
G1 X91.848 Y170.71 E2951.61895
G1 X88.631 Y170.002 E2951.72851
G1 X85.358 Y169.645 E2951.83801
G1 X82.069 Y169.646 E2951.9474
G1 X78.796 Y170.001 E2952.0569
G1 X75.579 Y170.711 E2952.16648
G1 X72.464 Y171.761 E2952.27581
G1 X69.475 Y173.143 E2952.38534
G1 X66.657 Y174.84 E2952.49475
G1 X64.035 Y176.833 E2952.60429
G1 X61.645 Y179.096 E2952.71376
G1 X59.512 Y181.605 E2952.82329
G1 X57.665 Y184.329 E2952.93275
G1 X56.125 Y187.237 E2953.0422
G1 X54.9 Y190.308 E2953.15217
G1 X54.065 Y193.325 E2953.25628
G1 X53.883 Y194.337 E2953.29048
G1 X53.493 Y196.714 E2953.3706
G1 X53.317 Y199.974 E2953.47919
M204 S3000
M205 X10 Y10
G0 F6000 X53.425 Y199.98
G0 X55.166 Y197.742
G0 X93.26 Y177.565
G0 X93.369 Y177.553
M204 S1800
M205 X8 Y8
G1 F3000 X93.446 Y176.757 E2953.50579
G1 X93.72 Y175.988 E2953.53294
G1 X94.159 Y175.321 E2953.5595
G1 X94.756 Y174.77 E2953.58652
G1 X95.456 Y174.381 E2953.61315
G1 X96.237 Y174.17 E2953.64006
G1 X97.045 Y174.153 E2953.66694
G1 X97.835 Y174.33 E2953.69387
G1 X98.553 Y174.687 E2953.72054
G1 X99.169 Y175.211 E2953.74743
G1 X99.641 Y175.859 E2953.7741
G1 X99.946 Y176.614 E2953.80118
G1 X100.06 Y177.41 E2953.82793
G1 X99.986 Y178.164 E2953.85313
G1 X99.712 Y178.971 E2953.88147
G1 X99.304 Y179.59 E2953.90613
G1 X99.17 Y179.754 E2953.91317
G1 X98.674 Y180.197 E2953.93529
G1 X97.969 Y180.586 E2953.96207
G1 X97.309 Y180.766 E2953.98483
G1 X97.045 Y180.813 E2953.99375
G1 X96.345 Y180.811 E2954.01703
G1 X95.594 Y180.638 E2954.04266
G1 X94.873 Y180.278 E2954.06946
G1 X94.256 Y179.755 E2954.09637
G1 X93.786 Y179.104 E2954.12307
G1 X93.481 Y178.354 E2954.15
G1 X93.369 Y177.553 E2954.1769
M204 S3000
M205 X10 Y10
G0 F6000 X93.26 Y177.565
G0 X93.408 Y176.669
G0 X93.701 Y175.901
G0 X94.166 Y175.226
G0 X94.781 Y174.683
G0 X95.506 Y174.3
G0 X98.213 Y173.915
M204 S1800
M205 X8 Y8
G1 F1895.7 X98.788 Y174.238 E2954.21161
G1 F1929.3 X99.016 Y174.386 E2954.22567
M204 S3000
M205 X10 Y10
G0 F6000 X97.123 Y174.104
G0 X96.304 Y174.105
G0 X95.506 Y174.3
G0 X94.781 Y174.683
G0 X59.647 Y202.801
G0 X58.044 Y203.73
M204 S1800
M205 X8 Y8
G1 F3000 X57.379 Y203.729 E2954.24779
G1 X56.498 Y203.543 E2954.27774
G1 X55.687 Y203.148 E2954.30774
G1 X55.064 Y202.635 E2954.33458
G1 X54.83 Y202.389 E2954.34588
G1 X54.457 Y201.849 E2954.3677
G1 F3108.8 X54.122 Y201.009 E2954.39673
G1 F2294.5 X53.88 Y200.512 E2954.42077
G1 F2339.2 X53.742 Y200.925 E2954.43934
G1 F3191.5 X53.811 Y201.751 E2954.46526
G1 F3000 X53.892 Y203.241 E2954.51489
G1 X54.417 Y206.447 E2954.62294
G1 X55.215 Y209.325 E2954.72228
G1 X55.525 Y210.176 E2954.7524
G1 X56.489 Y212.595 E2954.83901
G1 X58.009 Y215.464 E2954.947
G1 X59.501 Y217.667 E2955.03549
G1 X59.831 Y218.152 E2955.055
G1 X61.935 Y220.629 E2955.1631
G1 X64.294 Y222.862 E2955.27114
G1 X66.882 Y224.829 E2955.37925
G1 X69.663 Y226.503 E2955.48721
G1 X72.612 Y227.867 E2955.59528
G1 X75.687 Y228.903 E2955.70321
G1 X78.861 Y229.603 E2955.81131
G1 X81.237 Y229.861 E2955.8908
G1 X82.091 Y229.954 E2955.91937
G1 X85.336 Y229.955 E2956.0273
G1 X88.566 Y229.603 E2956.13537
G1 X91.74 Y228.904 E2956.24347
G1 X94.815 Y227.867 E2956.3514
G1 X97.764 Y226.502 E2956.45948
G1 F2251.4 X98.1 Y226.146 E2956.48118
G1 X97.624 Y226.135 E2956.50228
G1 F3000 X97.044 Y226.247 E2956.52193
G1 X96.379 Y226.247 E2956.54404
G1 X95.498 Y226.061 E2956.57399
G1 X94.925 Y225.792 E2956.59505
G1 X94.491 Y225.53 E2956.61191
G1 X93.991 Y225.088 E2956.6341
G1 X93.457 Y224.365 E2956.664
G1 X93.108 Y223.531 E2956.69407
G1 X92.971 Y222.634 E2956.72425
G1 X93.048 Y221.744 E2956.75396
G1 X93.347 Y220.879 E2956.7844
G1 X93.83 Y220.128 E2956.8141
G1 X94.31 Y219.663 E2956.83633
G1 X94.686 Y219.368 E2956.85222
G1 X95.269 Y219.06 E2956.87415
G1 X96.005 Y218.85 E2956.89961
G1 X96.379 Y218.788 E2956.91222
G1 X97.093 Y218.788 E2956.93597
G1 X97.93 Y218.975 E2956.96449
G1 X98.739 Y219.366 E2956.99438
G1 X99.435 Y219.946 E2957.02451
G1 X99.969 Y220.665 E2957.0543
G1 X100.32 Y221.507 E2957.08464
G1 X100.458 Y222.396 E2957.11456
G1 X100.378 Y223.295 E2957.14458
G1 X100.085 Y224.146 E2957.17451
G1 X99.591 Y224.911 E2957.2048
G1 F2325.6 X99.017 Y225.614 E2957.24374
G1 X99.645 Y225.371 E2957.27263
G1 F3000 X100.545 Y224.828 E2957.30759
G1 X101.298 Y224.257 E2957.33903
G1 X103.133 Y222.862 E2957.41569
G1 X105.491 Y220.628 E2957.52373
G1 X107.374 Y218.415 E2957.62037
G1 X107.789 Y217.868 E2957.64321
G1 X109.418 Y215.464 E2957.73979
G1 X110.939 Y212.595 E2957.8478
G1 X112.147 Y209.564 E2957.95632
G1 X113.01 Y206.447 E2958.06389
G1 X113.536 Y203.244 E2958.17185
G1 X113.713 Y200.004 E2958.27978
G1 X113.537 Y196.781 E2958.38713
G1 X113.106 Y194.138 E2958.4762
G1 X113.011 Y193.562 E2958.49562
G1 X112.302 Y191 E2958.58403
G1 X112.145 Y190.436 E2958.6035
G1 X110.939 Y187.405 E2958.712
G1 X109.416 Y184.534 E2958.8201
G1 X107.788 Y182.13 E2958.91666
G1 X107.372 Y181.584 E2958.93949
G1 X105.491 Y179.371 E2959.03609
G1 X103.131 Y177.136 E2959.1442
G1 X100.545 Y175.172 E2959.25221
G1 X99.644 Y174.63 E2959.28718
G1 F2330.1 X99.016 Y174.386 E2959.31603
G1 X99.436 Y174.913 E2959.34489
G1 F3000 X99.969 Y175.63 E2959.3746
G1 X100.32 Y176.472 E2959.40494
G1 X100.457 Y177.362 E2959.43489
G1 X100.383 Y178.212 E2959.46327
G1 X100.32 Y178.493 E2959.47285
G1 X100.086 Y179.113 E2959.49489
G1 X99.633 Y179.818 E2959.52276
G1 X99.436 Y180.053 E2959.53296
G1 X98.94 Y180.495 E2959.55506
G1 X98.155 Y180.94 E2959.58507
G1 X97.405 Y181.154 E2959.61101
G1 X97.044 Y181.213 E2959.62318
G1 X96.321 Y181.211 E2959.64722
G1 X95.5 Y181.027 E2959.67521
G1 X95.269 Y180.94 E2959.68342
G1 X94.686 Y180.632 E2959.70535
G1 X93.991 Y180.055 E2959.73539
G1 X93.457 Y179.331 E2959.76531
G1 X93.108 Y178.497 E2959.79538
G1 X93.048 Y178.256 E2959.80364
G1 X92.967 Y177.555 E2959.82711
G1 X93.048 Y176.71 E2959.85535
G1 X93.347 Y175.845 E2959.88579
G1 X93.83 Y175.094 E2959.91549
G1 X94.491 Y174.47 E2959.94572
G1 X94.925 Y174.209 E2959.96256
G1 X95.498 Y173.94 E2959.98362
G1 X96.142 Y173.782 E2960.00567
G1 X97.044 Y173.753 E2960.03569
G1 X97.624 Y173.865 E2960.05534
G1 F2281.4 X98.213 Y173.915 E2960.08119
G1 F2120.1 X98.025 Y173.701 E2960.0946
G1 F2727.3 X97.754 Y173.494 E2960.10707
G1 F3000 X97.162 Y173.218 E2960.1288
G1 X94.815 Y172.133 E2960.2148
G1 X91.74 Y171.096 E2960.32273
G1 X88.566 Y170.397 E2960.43083
G1 X85.336 Y170.045 E2960.53889
G1 X82.091 Y170.046 E2960.64682
G1 X78.861 Y170.397 E2960.75489
G1 X75.687 Y171.097 E2960.86299
G1 X72.612 Y172.133 E2960.97091
G1 X69.663 Y173.497 E2961.07898
G1 X66.882 Y175.171 E2961.18694
G1 X64.294 Y177.138 E2961.29506
G1 X61.935 Y179.371 E2961.4031
G1 X59.831 Y181.848 E2961.51119
G1 X58.009 Y184.536 E2961.6192
G1 X56.488 Y187.405 E2961.7272
G1 X55.28 Y190.436 E2961.83573
G1 X54.417 Y193.552 E2961.94327
G1 X53.891 Y196.758 E2962.05132
G1 X53.812 Y198.249 E2962.10098
G1 F2727.3 X53.816 Y198.917 E2962.12542
G1 F2051.3 X53.904 Y199.21 E2962.1403
G1 X54.07 Y198.971 E2962.15446
G1 F2727.3 X54.346 Y198.362 E2962.17892
G1 F3000 X54.83 Y197.611 E2962.20864
G1 X55.493 Y196.987 E2962.23892
G1 X56.269 Y196.544 E2962.26864
G1 X57.142 Y196.299 E2962.2988
G1 X58.044 Y196.27 E2962.32881
G1 X58.932 Y196.459 E2962.35901
G1 X59.697 Y196.828 E2962.38726
G1 X59.939 Y196.988 E2962.39691
G1 X60.441 Y197.434 E2962.41924
G1 X60.969 Y198.148 E2962.44878
G1 X61.32 Y198.99 E2962.47912
G1 X61.457 Y199.878 E2962.509
G1 X61.377 Y200.778 E2962.53906
G1 X61.086 Y201.63 E2962.569
G1 X60.592 Y202.394 E2962.59926
G1 X59.939 Y203.012 E2962.62916
G1 X59.155 Y203.456 E2962.65913
G1 X58.533 Y203.64 E2962.68071
G1 X58.044 Y203.73 E2962.69724
M204 S3000
M205 X10 Y10
G0 F6000 X56.506 Y203.183
G0 X55.781 Y202.8
G0 X53.88 Y200.512
M204 S1800
M205 X8 Y8
G1 F1815.4 X53.848 Y199.869 E2962.73263
G1 F1793.7 X53.904 Y199.21 E2962.76942
M204 S3000
M205 X10 Y10
G0 F6000 X55.166 Y197.742
G0 X55.781 Y197.2
G0 X56.506 Y196.817
G0 X57.304 Y196.622
G0 X75.302 Y199.155
M204 S1800
M205 X8 Y8
G1 F3000 X75.407 Y198.222 E2962.80065
G1 X75.733 Y197.211 E2962.83598
G1 X76.024 Y196.381 E2962.86523
G1 X76.433 Y195.698 E2962.89171
G1 X77.02 Y194.764 E2962.9284
G1 X77.368 Y194.391 E2962.94537
G1 X78.375 Y193.385 E2962.99271
G1 X78.643 Y193.201 E2963.00352
G1 X79.969 Y192.371 E2963.05555
G1 X80.15 Y192.292 E2963.06212
G1 X81.749 Y191.732 E2963.11847
G1 X81.934 Y191.694 E2963.12475
G1 X83.619 Y191.504 E2963.18115
G1 X84.66 Y191.6 E2963.21592
G1 X85.522 Y191.697 E2963.24477
G1 X86.304 Y191.951 E2963.27212
G1 X87.326 Y192.309 E2963.30814
G1 X87.794 Y192.58 E2963.32612
G1 X88.928 Y193.292 E2963.37066
G1 X89.742 Y194.074 E2963.4082
G1 X90.327 Y194.661 E2963.43577
G1 X90.839 Y195.452 E2963.4671
G1 X91.344 Y196.257 E2963.49871
G1 X91.417 Y196.418 E2963.50459
G1 X91.971 Y198.004 E2963.56047
G1 X92.125 Y199.153 E2963.59902
G1 X92.213 Y199.942 E2963.62543
G1 X92.123 Y200.87 E2963.65644
G1 X92.014 Y201.828 E2963.68851
G1 X91.77 Y202.574 E2963.71461
G1 X91.402 Y203.623 E2963.75159
G1 X90.84 Y204.547 E2963.78756
G1 X90.401 Y205.244 E2963.81496
G1 X89.743 Y205.925 E2963.84645
G1 X89.097 Y206.572 E2963.87686
G1 X88.355 Y207.068 E2963.90655
G1 X87.499 Y207.605 E2963.94016
G1 X86.897 Y207.841 E2963.96166
G1 X85.667 Y208.271 E2964.005
G1 X84.66 Y208.4 E2964.03877
G1 X83.821 Y208.495 E2964.06685
G1 X83.601 Y208.494 E2964.07417
G1 X81.923 Y208.305 E2964.13033
G1 X81.715 Y208.256 E2964.13744
G1 X80.129 Y207.701 E2964.19333
G1 X79.928 Y207.605 E2964.20073
G1 X78.506 Y206.713 E2964.25657
G1 X78.33 Y206.572 E2964.26407
G1 X77.14 Y205.381 E2964.32006
G1 X76.758 Y204.819 E2964.34266
G1 X76.078 Y203.735 E2964.38523
G1 X75.733 Y202.789 E2964.41872
G1 X75.449 Y201.974 E2964.44742
G1 X75.302 Y200.844 E2964.48532
G1 X75.22 Y200.114 E2964.50976
G1 X75.302 Y199.155 E2964.54177
M204 S3000
M205 X10 Y10
G0 F6000 X75.766 Y201.813
G0 X76.367 Y203.537
G0 X77.339 Y205.083
G0 X94.166 Y224.774
G0 X94.781 Y225.317
G0 X95.506 Y225.7
G0 X98.1 Y226.146
M204 S1800
M205 X8 Y8
G1 F1818.2 X98.213 Y226.085 E2964.54882
G1 F1866.3 X99.017 Y225.614 E2964.59864
M204 S3000
M205 X10 Y10
G1 F2400 E2958.59864
G0 F6000 X114.106 Y203.302
G0 X115.197 Y203.361
G0 X115.656 Y200.735
G0 X115.696 Y200.002
M204 S1800
M205 X8 Y8
;TYPE:WALL-OUTER
G1 F2400 E2964.59864
G1 F3529.4 X116.181 Y199.993 E2964.61235
G1 X123.395 Y199.992 E2964.8163
M204 S3000
M205 X10 Y10
G1 F2400 E2958.8163
G0 F6000 X123.394 Y199.25
G0 X121.346 Y199.25
G0 X115.329 Y199.295
G0 X114.284 Y199.999
G0 X85.482 Y192.248
G0 X83.714 Y192.047
G0 X81.945 Y192.248
G0 X80.263 Y192.835
G0 X78.756 Y193.782
G0 X77.496 Y195.043
G0 X76.729 Y196.263
G0 X74.838 Y199.919
M204 S1800
M205 X8 Y8
;TYPE:SKIN
G1 F2400 E2964.8163
G1 F1200 X74.924 Y199.113 E2964.84326
G1 X75.056 Y198.023 E2964.87977
G1 X75.378 Y197.084 E2964.91279
G1 X75.653 Y196.293 E2964.94064
G1 X75.852 Y195.906 E2964.95512
G1 X76.437 Y194.976 E2964.99166
G1 X76.785 Y194.444 E2965.01281
G1 X77.112 Y194.111 E2965.02833
G1 X78.071 Y193.149 E2965.07351
G1 X78.467 Y192.867 E2965.08968
G1 X79.737 Y192.066 E2965.13962
G1 X80.054 Y191.928 E2965.15112
G1 X81.609 Y191.38 E2965.20595
G1 X81.879 Y191.317 E2965.21517
G1 X83.672 Y191.12 E2965.27517
G1 X84.702 Y191.222 E2965.30959
G1 X85.704 Y191.346 E2965.34317
G1 X86.25 Y191.531 E2965.36235
G1 X87.031 Y191.803 E2965.38986
G1 X87.687 Y192.065 E2965.41335
G1 X88.559 Y192.61 E2965.44755
G1 X89.282 Y193.083 E2965.47629
G1 X90.011 Y193.805 E2965.51041
G1 X90.678 Y194.488 E2965.54217
G1 X91.163 Y195.251 E2965.57224
G1 X91.731 Y196.18 E2965.60845
G1 X92.128 Y197.301 E2965.64801
G1 X92.387 Y198.098 E2965.67588
G1 X92.504 Y199.113 E2965.70986
G1 X92.593 Y200.052 E2965.74123
G1 X92.501 Y200.912 E2965.77
G1 X92.36 Y202.017 E2965.80705
G1 X92.126 Y202.698 E2965.831
G1 X91.771 Y203.717 E2965.86689
G1 X91.691 Y203.905 E2965.87369
G1 X91.16 Y204.752 E2965.90694
G1 X90.622 Y205.58 E2965.93978
G1 X90.013 Y206.194 E2965.96854
G1 X89.213 Y206.973 E2966.00568
G1 X87.991 Y207.744 E2966.05374
G1 X87.475 Y208.041 E2966.07354
G1 X86.429 Y208.408 E2966.11041
G1 X85.63 Y208.669 E2966.13837
G1 X84.703 Y208.778 E2966.16941
G1 X83.694 Y208.88 E2966.20314
G1 X83.657 Y208.879 E2966.20437
G1 X81.877 Y208.683 E2966.26393
G1 X81.691 Y208.647 E2966.27023
G1 X80.01 Y208.061 E2966.32944
G1 X79.771 Y207.954 E2966.33815
G1 X78.435 Y207.116 E2966.39061
G1 X78.113 Y206.891 E2966.40367
G1 X77.097 Y205.877 E2966.45141
G1 X76.735 Y205.492 E2966.46899
G1 X76.107 Y204.502 E2966.50798
G1 X75.679 Y203.777 E2966.53599
G1 X75.323 Y202.766 E2966.57164
G1 X75.092 Y202.104 E2966.59496
G1 X74.962 Y201.215 E2966.62484
G1 X74.892 Y200.527 E2966.64784
G1 X74.838 Y199.919 E2966.66814
M204 S3000
M205 X10 Y10
G0 F6000 X57.05 Y195.928
M204 S1800
M205 X8 Y8
G1 F1200 X57.38 Y195.891 E2966.67919
G1 X58.04 Y195.89 E2966.70114
G1 X58.609 Y195.987 E2966.72034
G1 X59.296 Y196.192 E2966.74418
G1 X59.763 Y196.443 E2966.76182
G1 X60.206 Y196.72 E2966.77919
G1 X60.689 Y197.145 E2966.80059
G1 X61.103 Y197.68 E2966.82309
G1 X61.385 Y198.103 E2966.84
G1 X61.684 Y198.879 E2966.86766
G1 X61.835 Y199.832 E2966.89975
G1 X61.834 Y200.173 E2966.91109
G1 X61.708 Y201.051 E2966.9406
G1 X61.441 Y201.764 E2966.96592
G1 X61.282 Y202.068 E2966.97733
G1 X60.754 Y202.793 E2967.00716
G1 X60.194 Y203.293 E2967.03213
G1 X59.875 Y203.51 E2967.04496
G1 X59.211 Y203.848 E2967.06974
G1 X58.63 Y204.01 E2967.0898
G1 X58.076 Y204.108 E2967.10852
G1 X57.091 Y204.077 E2967.14129
G1 X56.14 Y203.811 E2967.17414
G1 X55.508 Y203.484 E2967.1978
G1 X55.228 Y203.286 E2967.20921
G1 X54.54 Y202.635 E2967.24071
G1 X54.214 Y202.133 E2967.26062
G1 X54.27 Y203.172 E2967.29523
G1 X54.788 Y206.364 E2967.40278
G1 X55.638 Y209.428 E2967.50854
G1 X56.834 Y212.433 E2967.61611
G1 X58.334 Y215.266 E2967.72273
G1 X60.132 Y217.92 E2967.82936
G1 X62.212 Y220.366 E2967.93615
G1 X64.541 Y222.57 E2968.0428
G1 X66.651 Y224.173 E2968.13093
G1 X67.098 Y224.514 E2968.14963
G1 X69.361 Y225.875 E2968.23746
G1 X69.842 Y226.166 E2968.25616
G1 X72.756 Y227.513 E2968.36293
G1 X75.787 Y228.535 E2968.46932
G1 X78.923 Y229.228 E2968.57614
G1 X82.113 Y229.574 E2968.68286
G1 X85.314 Y229.575 E2968.78933
G1 X88.504 Y229.227 E2968.89606
G1 X91.625 Y228.539 E2969.00236
G1 X94.679 Y227.513 E2969.10951
G1 X96.62 Y226.613 E2969.18067
G1 X96.087 Y226.593 E2969.19841
G1 X95.403 Y226.428 E2969.22181
G1 X94.757 Y226.134 E2969.24542
G1 X94.268 Y225.838 E2969.26443
G1 X93.542 Y225.153 E2969.29763
G1 X93.157 Y224.558 E2969.3212
G1 X92.991 Y224.288 E2969.33174
G1 X92.746 Y223.643 E2969.35469
G1 X92.67 Y223.328 E2969.36547
G1 X92.588 Y222.452 E2969.39473
G1 X92.671 Y221.701 E2969.41986
G1 X92.853 Y221.12 E2969.44011
G1 X93.091 Y220.538 E2969.46103
G1 X93.515 Y219.914 E2969.48612
G1 X93.743 Y219.656 E2969.49757
G1 X94.441 Y219.07 E2969.52788
G1 X95.09 Y218.724 E2969.55235
G1 X95.527 Y218.578 E2969.56767
G1 X96.278 Y218.412 E2969.59325
G1 X97.045 Y218.407 E2969.61876
G1 X97.5 Y218.476 E2969.63407
G1 X98.237 Y218.677 E2969.65948
G1 X98.918 Y219.029 E2969.68497
G1 X99.192 Y219.22 E2969.69608
G1 X99.687 Y219.66 E2969.71811
G1 X100.28 Y220.445 E2969.75083
G1 X100.448 Y220.763 E2969.76279
G1 X100.673 Y221.367 E2969.78423
G1 X100.761 Y221.747 E2969.79721
G1 X100.836 Y222.643 E2969.82711
G1 X100.756 Y223.342 E2969.85051
G1 X100.675 Y223.67 E2969.86175
G1 X100.432 Y224.303 E2969.8843
G1 X100.32 Y224.518 E2969.89236
G1 X102.886 Y222.57 E2969.99952
G1 X105.215 Y220.366 E2970.10617
G1 X107.295 Y217.92 E2970.21296
G1 X109.093 Y215.266 E2970.31958
G1 X110.593 Y212.433 E2970.4262
G1 X111.792 Y209.428 E2970.53381
G1 X112.639 Y206.364 E2970.63954
G1 X113.157 Y203.2 E2970.74617
G1 X113.332 Y200.002 E2970.8527
G1 X113.158 Y196.822 E2970.95863
G1 X112.64 Y193.643 E2971.06575
G1 X111.788 Y190.572 E2971.17175
G1 X110.593 Y187.567 E2971.27931
G1 X109.089 Y184.73 E2971.38611
G1 X107.291 Y182.076 E2971.49273
G1 X105.215 Y179.634 E2971.59934
G1 X102.885 Y177.428 E2971.70606
G1 X100.319 Y175.482 E2971.81317
G1 X100.442 Y175.719 E2971.82205
G1 X100.747 Y176.617 E2971.85359
G1 X100.836 Y177.609 E2971.88672
G1 X100.745 Y178.223 E2971.90737
G1 X100.676 Y178.634 E2971.92123
G1 X100.449 Y179.232 E2971.9425
G1 X100.283 Y179.548 E2971.95437
G1 X99.933 Y180.053 E2971.97481
G1 X99.688 Y180.336 E2971.98726
G1 X99.175 Y180.795 E2972.01015
G1 X98.915 Y180.972 E2972.02062
G1 X98.309 Y181.287 E2972.04333
G1 X97.907 Y181.42 E2972.05742
G1 X97.19 Y181.585 E2972.08189
G1 X96.379 Y181.592 E2972.10886
G1 X95.811 Y181.495 E2972.12803
G1 X95.272 Y181.347 E2972.14662
G1 X94.365 Y180.879 E2972.18056
G1 X93.931 Y180.507 E2972.19958
G1 X93.532 Y180.108 E2972.21834
G1 X93.061 Y179.408 E2972.2464
G1 X92.754 Y178.635 E2972.27407
G1 X92.671 Y178.295 E2972.28571
G1 X92.585 Y177.48 E2972.31297
G1 X92.671 Y176.667 E2972.34016
G1 X92.756 Y176.329 E2972.35175
G1 X93.113 Y175.472 E2972.38263
G1 X93.512 Y174.88 E2972.40637
G1 X93.738 Y174.627 E2972.41766
G1 X94.24 Y174.183 E2972.43995
G1 X94.735 Y173.878 E2972.45928
G1 X95.368 Y173.586 E2972.48247
G1 X96.046 Y173.412 E2972.50575
G1 X96.589 Y173.373 E2972.52386
G1 X96.072 Y173.136 E2972.54277
G1 X94.672 Y172.487 E2972.5941
G1 X91.64 Y171.465 E2972.70052
G1 X88.504 Y170.773 E2972.80733
G1 X85.314 Y170.425 E2972.91406
G1 X82.113 Y170.426 E2973.02053
G1 X78.923 Y170.772 E2973.12725
G1 X75.787 Y171.465 E2973.23407
G1 X72.756 Y172.487 E2973.34046
G1 X69.842 Y173.834 E2973.44723
G1 X67.098 Y175.486 E2973.55376
G1 X64.541 Y177.43 E2973.66059
G1 X62.212 Y179.634 E2973.76724
G1 X60.132 Y182.08 E2973.87403
G1 X58.334 Y184.734 E2973.98066
G1 X56.834 Y187.567 E2974.08728
G1 X55.637 Y190.572 E2974.19486
G1 X54.788 Y193.636 E2974.30061
G1 X54.274 Y196.789 E2974.40686
G1 X54.218 Y197.827 E2974.44144
G1 X54.512 Y197.397 E2974.45876
G1 X54.824 Y197.07 E2974.47379
G1 X55.475 Y196.539 E2974.50174
G1 X56.102 Y196.202 E2974.52541
G1 X57.05 Y195.928 E2974.55823
M204 S3000
M205 X10 Y10
G0 F6000 X59.647 Y197.199
G0 X60.26 Y197.743
G0 X60.728 Y198.418
G0 X61.018 Y199.186
G0 X62.107 Y219.933
M204 S1800
M205 X8 Y8
G1 F1200 X63.171 Y220.997 E2974.60828
G1 X63.241 Y221.067
M204 S3000
M205 X10 Y10
G0 F6000 X66.695 Y223.956
M204 S1800
M205 X8 Y8
G1 F1200 X59.773 Y217.034 E2974.93387
G1 X59.703 Y216.964
M204 S3000
M205 X10 Y10
G0 F6000 X58.585 Y215.28
M204 S1800
M205 X8 Y8
G1 F1200 X68.322 Y225.016 E2975.39184
G1 X68.392 Y225.086
M204 S3000
M205 X10 Y10
G0 F6000 X69.743 Y225.872
M204 S1800
M205 X8 Y8
G1 F1200 X57.911 Y214.04 E2975.94839
G1 X57.841 Y213.97
M204 S3000
M205 X10 Y10
G0 F6000 X57.274 Y212.838
M204 S1800
M205 X8 Y8
G1 F1200 X70.845 Y226.408 E2976.5867
G1 X70.915 Y226.478
M204 S3000
M205 X10 Y10
G0 F6000 X71.896 Y226.894
M204 S1800
M205 X8 Y8
G1 F1200 X56.793 Y211.791 E2977.2971
G1 X56.723 Y211.721
M204 S3000
M205 X10 Y10
G0 F6000 X56.42 Y210.852
M204 S1800
M205 X8 Y8
G1 F1200 X72.926 Y227.358 E2978.07349
G1 X72.996 Y227.428
M204 S3000
M205 X10 Y10
G0 F6000 X73.779 Y227.645
M204 S1800
M205 X8 Y8
G1 F1200 X56.046 Y209.913 E2978.90757
G1 X55.976 Y209.843
M204 S3000
M205 X10 Y10
G0 F6000 X55.737 Y209.038
M204 S1800
M205 X8 Y8
G1 F1200 X74.632 Y227.933 E2979.79634
G1 X74.702 Y228.003
M204 S3000
M205 X10 Y10
G0 F6000 X75.486 Y228.221
M204 S1800
M205 X8 Y8
G1 F1200 X55.52 Y208.255 E2980.73548
G1 X55.45 Y208.185
M204 S3000
M205 X10 Y10
G0 F6000 X55.303 Y207.472
M204 S1800
M205 X8 Y8
G1 F1200 X76.265 Y228.434 E2981.72146
M204 S3000
M205 X10 Y10
G0 F6000 X76.991 Y228.595
M204 S1800
M205 X8 Y8
G1 F1200 X55.086 Y206.69 E2982.75181
M204 S3000
M205 X10 Y10
G0 F6000 X54.925 Y205.963
M204 S1800
M205 X8 Y8
G1 F1200 X77.718 Y228.756 E2983.82392
M204 S3000
M205 X10 Y10
G0 F6000 X78.444 Y228.916
M204 S1800
M205 X8 Y8
G1 F1200 X54.816 Y205.288 E2984.93531
M204 S3000
M205 X10 Y10
G0 F6000 X54.706 Y204.612
M204 S1800
M205 X8 Y8
G1 F1200 X79.142 Y229.049 E2986.08473
M204 S3000
M205 X10 Y10
G0 F6000 X79.777 Y229.118
M204 S1800
M205 X8 Y8
G1 F1200 X54.596 Y203.937 E2987.26916
M204 S3000
M205 X10 Y10
G0 F6000 X54.486 Y203.262
M204 S1800
M205 X8 Y8
G1 F1200 X80.412 Y229.187 E2988.48862
M204 S3000
M205 X10 Y10
G0 F6000 X81.046 Y229.256
M204 S1800
M205 X8 Y8
G1 F1200 X55.49 Y203.699 E2989.69072
G1 X55.42 Y203.629
M204 S3000
M205 X10 Y10
G0 F6000 X56.463 Y204.107
M204 S1800
M205 X8 Y8
G1 F1200 X81.681 Y229.325 E2990.8769
M204 S3000
M205 X10 Y10
G0 F6000 X82.295 Y229.373
M204 S1800
M205 X8 Y8
G1 F1200 X57.192 Y204.271 E2992.05764
M204 S3000
M205 X10 Y10
G0 F6000 X57.786 Y204.298
M204 S1800
M205 X8 Y8
G1 F1200 X82.86 Y229.373 E2993.23707
M204 S3000
M205 X10 Y10
G0 F6000 X83.426 Y229.373
M204 S1800
M205 X8 Y8
G1 F1200 X58.315 Y204.262 E2994.41821
M204 S3000
M205 X10 Y10
G0 F6000 X58.79 Y204.171
M204 S1800
M205 X8 Y8
G1 F1200 X83.992 Y229.373 E2995.60364
M204 S3000
M205 X10 Y10
G0 F6000 X84.557 Y229.373
M204 S1800
M205 X8 Y8
G1 F1200 X59.235 Y204.05 E2996.79473
M204 S3000
M205 X10 Y10
G0 F6000 X59.613 Y203.863
M204 S1800
M205 X8 Y8
G1 F1200 X85.123 Y229.373 E2997.99464
M204 S3000
M205 X10 Y10
G0 F6000 X85.651 Y229.335
M204 S1800
M205 X8 Y8
G1 F1200 X59.988 Y203.672 E2999.20175
M204 S3000
M205 X10 Y10
G0 F6000 X60.324 Y203.443
M204 S1800
M205 X8 Y8
G1 F1200 X86.161 Y229.28 E3000.41705
M204 S3000
M205 X10 Y10
G0 F6000 X86.671 Y229.224
M204 S1800
M205 X8 Y8
G1 F1200 X60.623 Y203.176 E3001.64226
M204 S3000
M205 X10 Y10
G0 F6000 X60.917 Y202.904
M204 S1800
M205 X8 Y8
G1 F1200 X87.182 Y229.169 E3002.87769
M204 S3000
M205 X10 Y10
G0 F6000 X87.691 Y229.113
M204 S1800
M205 X8 Y8
G1 F1200 X61.156 Y202.577 E3004.12584
M204 S3000
M205 X10 Y10
G0 F6000 X61.395 Y202.25
M204 S1800
M205 X8 Y8
G1 F1200 X88.201 Y229.057 E3005.38673
M204 S3000
M205 X10 Y10
G0 F6000 X88.69 Y228.98
M204 S1800
M205 X8 Y8
G1 F1200 X61.584 Y201.874 E3006.66172
M204 S3000
M205 X10 Y10
G0 F6000 X61.757 Y201.481
M204 S1800
M205 X8 Y8
G1 F1200 X89.153 Y228.877 E3007.95034
M204 S3000
M205 X10 Y10
G0 F6000 X89.617 Y228.775
M204 S1800
M205 X8 Y8
G1 F1200 X61.906 Y201.065 E3009.25376
M204 S3000
M205 X10 Y10
G0 F6000 X61.978 Y200.571
M204 S1800
M205 X8 Y8
G1 F1200 X90.08 Y228.673 E3010.57559
M204 S3000
M205 X10 Y10
G0 F6000 X90.544 Y228.571
M204 S1800
M205 X8 Y8
G1 F1200 X62.035 Y200.063 E3011.91654
M204 S3000
M205 X10 Y10
G0 F6000 X61.988 Y199.45
M204 S1800
M205 X8 Y8
G1 F1200 X91.007 Y228.469 E3013.28151
M204 S3000
M205 X10 Y10
G0 F6000 X91.471 Y228.367
M204 S1800
M205 X8 Y8
G1 F1200 X61.847 Y198.743 E3014.67493
G1 X61.777 Y198.673
M204 S3000
M205 X10 Y10
G0 F6000 X61.326 Y197.656
M204 S1800
M205 X8 Y8
G1 F1200 X91.903 Y228.233 E3016.11318
M204 S3000
M205 X10 Y10
G0 F6000 X92.326 Y228.09
M204 S1800
M205 X8 Y8
G1 F1200 X55.618 Y191.383 E3017.83978
M204 S3000
M205 X10 Y10
G0 F6000 X55.496 Y191.826
M204 S1800
M205 X8 Y8
G1 F1200 X60.038 Y196.368 E3018.05343
G1 X60.108 Y196.438
M204 S3000
M205 X10 Y10
G0 F6000 X58.998 Y195.894
M204 S1800
M205 X8 Y8
G1 F1200 X55.373 Y192.269 E3018.22394
M204 S3000
M205 X10 Y10
G0 F6000 X55.251 Y192.712
M204 S1800
M205 X8 Y8
G1 F1200 X58.259 Y195.721 E3018.36545
M204 S3000
M205 X10 Y10
G0 F6000 X57.664 Y195.691
M204 S1800
M205 X8 Y8
G1 F1200 X55.128 Y193.155 E3018.48473
M204 S3000
M205 X10 Y10
G0 F6000 X55.005 Y193.598
M204 S1800
M205 X8 Y8
G1 F1200 X57.125 Y195.718 E3018.58445
M204 S3000
M205 X10 Y10
G0 F6000 X56.661 Y195.819
M204 S1800
M205 X8 Y8
G1 F1200 X54.918 Y194.076 E3018.66644
M204 S3000
M205 X10 Y10
G0 F6000 X54.838 Y194.563
M204 S1800
M205 X8 Y8
G1 F1200 X56.219 Y195.943 E3018.73137
M204 S3000
M205 X10 Y10
G0 F6000 X55.828 Y196.118
M204 S1800
M205 X8 Y8
G1 F1200 X54.759 Y195.049 E3018.78165
M204 S3000
M205 X10 Y10
G0 F6000 X54.679 Y195.534
M204 S1800
M205 X8 Y8
G1 F1200 X55.459 Y196.314 E3018.81834
M204 S3000
M205 X10 Y10
G0 F6000 X55.138 Y196.559
M204 S1800
M205 X8 Y8
G1 F1200 X54.599 Y196.021 E3018.84367
M204 S3000
M205 X10 Y10
G0 F6000 X54.52 Y196.507
M204 S1800
M205 X8 Y8
G1 F1200 X54.824 Y196.811 E3018.85797
M204 S3000
M205 X10 Y10
G0 F6000 X54.532 Y197.084
M204 S1800
M205 X8 Y8
G1 F1200 X54.462 Y197.014 E3018.86126
M204 S3000
M205 X10 Y10
G0 F6000 X55.741 Y190.94
M204 S1800
M205 X8 Y8
G1 F1200 X92.749 Y227.948 E3020.60201
M204 S3000
M205 X10 Y10
G0 F6000 X93.173 Y227.806
M204 S1800
M205 X8 Y8
G1 F1200 X55.876 Y190.509 E3022.35634
M204 S3000
M205 X10 Y10
G0 F6000 X56.037 Y190.104
M204 S1800
M205 X8 Y8
G1 F1200 X93.596 Y227.664 E3024.12303
M204 S3000
M205 X10 Y10
G0 F6000 X94.02 Y227.522
M204 S1800
M205 X8 Y8
G1 F1200 X56.198 Y189.7 E3025.90206
M204 S3000
M205 X10 Y10
G0 F6000 X56.359 Y189.296
M204 S1800
M205 X8 Y8
G1 F1200 X94.444 Y227.38 E3027.69343
M204 S3000
M205 X10 Y10
G0 F6000 X94.842 Y227.213
M204 S1800
M205 X8 Y8
G1 F1200 X56.521 Y188.891 E3029.49596
M204 S3000
M205 X10 Y10
G0 F6000 X56.682 Y188.487
M204 S1800
M205 X8 Y8
G1 F1200 X93.218 Y225.023 E3031.2145
G1 X93.288 Y225.093
M204 S3000
M205 X10 Y10
G0 F6000 X92.609 Y223.848
M204 S1800
M205 X8 Y8
G1 F1200 X56.843 Y188.082 E3032.89682
M204 S3000
M205 X10 Y10
G0 F6000 X57.004 Y187.678
M204 S1800
M205 X8 Y8
G1 F1200 X92.452 Y223.125 E3034.56417
M204 S3000
M205 X10 Y10
G0 F6000 X92.398 Y222.505
M204 S1800
M205 X8 Y8
G1 F1200 X57.197 Y187.305 E3036.21989
M204 S3000
M205 X10 Y10
G0 F6000 X57.393 Y186.935
M204 S1800
M205 X8 Y8
G1 F1200 X92.437 Y221.979 E3037.86825
M204 S3000
M205 X10 Y10
G0 F6000 X92.517 Y221.493
M204 S1800
M205 X8 Y8
G1 F1200 X78.264 Y207.24 E3038.53867
G1 X78.194 Y207.17
M204 S3000
M205 X10 Y10
G0 F6000 X79.756 Y208.167
M204 S1800
M205 X8 Y8
G1 F1200 X92.659 Y221.07 E3039.14559
M204 S3000
M205 X10 Y10
G0 F6000 X92.823 Y220.668
M204 S1800
M205 X8 Y8
G1 F1200 X80.648 Y208.493 E3039.71826
G1 X80.578 Y208.423
M204 S3000
M205 X10 Y10
G0 F6000 X81.513 Y208.792
M204 S1800
M205 X8 Y8
G1 F1200 X93.017 Y220.296 E3040.25937
M204 S3000
M205 X10 Y10
G0 F6000 X93.244 Y219.958
M204 S1800
M205 X8 Y8
G1 F1200 X82.206 Y208.919 E3040.77859
M204 S3000
M205 X10 Y10
G0 F6000 X82.841 Y208.988
M204 S1800
M205 X8 Y8
G1 F1200 X93.49 Y219.638 E3041.27951
M204 S3000
M205 X10 Y10
G0 F6000 X93.781 Y219.363
M204 S1800
M205 X8 Y8
G1 F1200 X83.476 Y209.058 E3041.76423
M204 S3000
M205 X10 Y10
G0 F6000 X84.029 Y209.045
M204 S1800
M205 X8 Y8
G1 F1200 X94.089 Y219.105 E3042.23742
M204 S3000
M205 X10 Y10
G0 F6000 X94.409 Y218.86
M204 S1800
M205 X8 Y8
G1 F1200 X84.543 Y208.994 E3042.70149
M204 S3000
M205 X10 Y10
G0 F6000 X85.052 Y208.937
M204 S1800
M205 X8 Y8
G1 F1200 X94.777 Y218.662 E3043.15892
M204 S3000
M205 X10 Y10
G0 F6000 X95.162 Y218.481
M204 S1800
M205 X8 Y8
G1 F1200 X85.557 Y208.877 E3043.61069
M204 S3000
M205 X10 Y10
G0 F6000 X86.003 Y208.757
M204 S1800
M205 X8 Y8
G1 F1200 X95.603 Y218.357 E3044.06224
M204 S3000
M205 X10 Y10
G0 F6000 X96.065 Y218.253
M204 S1800
M205 X8 Y8
G1 F1200 X86.428 Y208.617 E3044.51551
M204 S3000
M205 X10 Y10
G0 F6000 X86.848 Y208.47
M204 S1800
M205 X8 Y8
G1 F1200 X96.587 Y218.21 E3044.97363
M204 S3000
M205 X10 Y10
G0 F6000 X97.167 Y218.223
M204 S1800
M205 X8 Y8
G1 F1200 X87.266 Y208.322 E3045.43934
M204 S3000
M205 X10 Y10
G0 F6000 X87.669 Y208.16
M204 S1800
M205 X8 Y8
G1 F1200 X97.882 Y218.373 E3045.91973
G1 X97.952 Y218.443
M204 S3000
M205 X10 Y10
G0 F6000 X98.837 Y218.762
M204 S1800
M205 X8 Y8
G1 F1200 X88.027 Y207.953 E3046.42817
M204 S3000
M205 X10 Y10
G0 F6000 X88.377 Y207.736
M204 S1800
M205 X8 Y8
G1 F1200 X102.91 Y222.269 E3047.11176
M204 S3000
M205 X10 Y10
G0 F6000 X103.2 Y221.994
M204 S1800
M205 X8 Y8
G1 F1200 X88.723 Y207.517 E3047.79272
M204 S3000
M205 X10 Y10
G0 F6000 X89.069 Y207.297
M204 S1800
M205 X8 Y8
G1 F1200 X103.491 Y221.719 E3048.47108
M204 S3000
M205 X10 Y10
G0 F6000 X103.782 Y221.445
M204 S1800
M205 X8 Y8
G1 F1200 X89.404 Y207.067 E3049.14738
M204 S3000
M205 X10 Y10
G0 F6000 X89.69 Y206.787
M204 S1800
M205 X8 Y8
G1 F1200 X104.073 Y221.17 E3049.82391
M204 S3000
M205 X10 Y10
G0 F6000 X104.364 Y220.895
M204 S1800
M205 X8 Y8
G1 F1200 X89.977 Y206.508 E3050.50063
M204 S3000
M205 X10 Y10
G0 F6000 X90.26 Y206.226
M204 S1800
M205 X8 Y8
G1 F1200 X104.654 Y220.62 E3051.17768
M204 S3000
M205 X10 Y10
G0 F6000 X104.945 Y220.345
M204 S1800
M205 X8 Y8
G1 F1200 X90.542 Y205.942 E3051.85516
M204 S3000
M205 X10 Y10
G0 F6000 X90.814 Y205.648
M204 S1800
M205 X8 Y8
G1 F1200 X105.218 Y220.053 E3052.5327
M204 S3000
M205 X10 Y10
G0 F6000 X105.479 Y219.747
M204 S1800
M205 X8 Y8
G1 F1200 X91.037 Y205.305 E3053.21201
M204 S3000
M205 X10 Y10
G0 F6000 X91.26 Y204.963
M204 S1800
M205 X8 Y8
G1 F1200 X105.738 Y219.441 E3053.89301
M204 S3000
M205 X10 Y10
G0 F6000 X105.998 Y219.135
M204 S1800
M205 X8 Y8
G1 F1200 X91.479 Y204.616 E3054.57594
M204 S3000
M205 X10 Y10
G0 F6000 X91.696 Y204.267
M204 S1800
M205 X8 Y8
G1 F1200 X106.259 Y218.83 E3055.26093
M204 S3000
M205 X10 Y10
G0 F6000 X106.518 Y218.524
M204 S1800
M205 X8 Y8
G1 F1200 X91.906 Y203.911 E3055.94826
M204 S3000
M205 X10 Y10
G0 F6000 X92.057 Y203.497
M204 S1800
M205 X8 Y8
G1 F1200 X106.778 Y218.218 E3056.64069
M204 S3000
M205 X10 Y10
G0 F6000 X107.038 Y217.913
M204 S1800
M205 X8 Y8
G1 F1200 X92.203 Y203.077 E3057.33851
M204 S3000
M205 X10 Y10
G0 F6000 X92.348 Y202.657
M204 S1800
M205 X8 Y8
G1 F1200 X107.278 Y217.587 E3058.04077
M204 S3000
M205 X10 Y10
G0 F6000 X107.507 Y217.25
M204 S1800
M205 X8 Y8
G1 F1200 X92.493 Y202.236 E3058.74698
M204 S3000
M205 X10 Y10
G0 F6000 X92.592 Y201.769
M204 S1800
M205 X8 Y8
G1 F1200 X107.735 Y216.912 E3059.45926
M204 S3000
M205 X10 Y10
G0 F6000 X107.963 Y216.575
M204 S1800
M205 X8 Y8
G1 F1200 X92.656 Y201.268 E3060.17926
M204 S3000
M205 X10 Y10
G0 F6000 X92.717 Y200.763
M204 S1800
M205 X8 Y8
G1 F1200 X108.192 Y216.238 E3060.90715
M204 S3000
M205 X10 Y10
G0 F6000 X108.42 Y215.9
M204 S1800
M205 X8 Y8
G1 F1200 X92.77 Y200.25 E3061.64328
M204 S3000
M205 X10 Y10
G0 F6000 X92.757 Y199.672
M204 S1800
M205 X8 Y8
G1 F1200 X108.649 Y215.563 E3062.39077
M204 S3000
M205 X10 Y10
G0 F6000 X108.877 Y215.226
M204 S1800
M205 X8 Y8
G1 F1200 X92.696 Y199.045 E3063.15187
M204 S3000
M205 X10 Y10
G0 F6000 X92.62 Y198.403
M204 S1800
M205 X8 Y8
G1 F1200 X109.079 Y214.862 E3063.92606
M204 S3000
M205 X10 Y10
G0 F6000 X109.275 Y214.493
M204 S1800
M205 X8 Y8
G1 F1200 X92.461 Y197.678 E3064.71696
G1 X92.391 Y197.608
M204 S3000
M205 X10 Y10
G0 F6000 X92.168 Y196.82
M204 S1800
M205 X8 Y8
G1 F1200 X109.471 Y214.123 E3065.53084
M204 S3000
M205 X10 Y10
G0 F6000 X109.667 Y213.753
M204 S1800
M205 X8 Y8
G1 F1200 X91.763 Y195.849 E3066.37299
G1 X91.693 Y195.779
M204 S3000
M205 X10 Y10
G0 F6000 X90.521 Y194.042
M204 S1800
M205 X8 Y8
G1 F1200 X109.863 Y213.383 E3067.28275
M204 S3000
M205 X10 Y10
G0 F6000 X110.059 Y213.013
M204 S1800
M205 X8 Y8
G1 F1200 X70.702 Y173.656 E3069.13398
M204 S3000
M205 X10 Y10
G0 F6000 X71.088 Y173.478
M204 S1800
M205 X8 Y8
G1 F1200 X110.254 Y212.643 E3070.97621
M204 S3000
M205 X10 Y10
G0 F6000 X110.443 Y212.267
M204 S1800
M205 X8 Y8
G1 F1200 X71.475 Y173.299 E3072.80914
M204 S3000
M205 X10 Y10
G0 F6000 X71.862 Y173.12
M204 S1800
M205 X8 Y8
G1 F1200 X110.604 Y211.862 E3074.63145
M204 S3000
M205 X10 Y10
G0 F6000 X110.766 Y211.458
M204 S1800
M205 X8 Y8
G1 F1200 X72.249 Y172.941 E3076.44317
M204 S3000
M205 X10 Y10
G0 F6000 X72.636 Y172.762
M204 S1800
M205 X8 Y8
G1 F1200 X110.927 Y211.053 E3078.24426
M204 S3000
M205 X10 Y10
G0 F6000 X111.089 Y210.649
M204 S1800
M205 X8 Y8
G1 F1200 X73.04 Y172.601 E3080.03395
M204 S3000
M205 X10 Y10
G0 F6000 X73.464 Y172.459
M204 S1800
M205 X8 Y8
G1 F1200 X111.25 Y210.245 E3081.81129
M204 S3000
M205 X10 Y10
G0 F6000 X111.411 Y209.841
M204 S1800
M205 X8 Y8
G1 F1200 X73.887 Y172.316 E3083.57632
M204 S3000
M205 X10 Y10
G0 F6000 X74.309 Y172.173
M204 S1800
M205 X8 Y8
G1 F1200 X111.572 Y209.436 E3085.32906
M204 S3000
M205 X10 Y10
G0 F6000 X111.703 Y209
M204 S1800
M205 X8 Y8
G1 F1200 X74.733 Y172.031 E3087.06799
M204 S3000
M205 X10 Y10
G0 F6000 X75.156 Y171.888
M204 S1800
M205 X8 Y8
G1 F1200 X111.825 Y208.557 E3088.79279
M204 S3000
M205 X10 Y10
G0 F6000 X111.947 Y208.114
M204 S1800
M205 X8 Y8
G1 F1200 X75.579 Y171.746 E3090.50343
M204 S3000
M205 X10 Y10
G0 F6000 X76.017 Y171.618
M204 S1800
M205 X8 Y8
G1 F1200 X112.07 Y207.67 E3092.19923
M204 S3000
M205 X10 Y10
G0 F6000 X112.193 Y207.228
M204 S1800
M205 X8 Y8
G1 F1200 X76.481 Y171.516 E3093.87901
M204 S3000
M205 X10 Y10
G0 F6000 X76.944 Y171.413
M204 S1800
M205 X8 Y8
G1 F1200 X112.315 Y206.784 E3095.54275
M204 S3000
M205 X10 Y10
G0 F6000 X112.437 Y206.341
M204 S1800
M205 X8 Y8
G1 F1200 X77.407 Y171.311 E3097.19046
M204 S3000
M205 X10 Y10
G0 F6000 X77.87 Y171.208
M204 S1800
M205 X8 Y8
G1 F1200 X112.519 Y205.857 E3098.82024
M204 S3000
M205 X10 Y10
G0 F6000 X112.598 Y205.371
M204 S1800
M205 X8 Y8
G1 F1200 X78.334 Y171.107 E3100.43191
M204 S3000
M205 X10 Y10
G0 F6000 X78.797 Y171.004
M204 S1800
M205 X8 Y8
G1 F1200 X112.678 Y204.885 E3102.02557
M204 S3000
M205 X10 Y10
G0 F6000 X112.758 Y204.399
M204 S1800
M205 X8 Y8
G1 F1200 X79.292 Y170.933 E3103.59971
M204 S3000
M205 X10 Y10
G0 F6000 X79.802 Y170.878
M204 S1800
M205 X8 Y8
G1 F1200 X112.837 Y203.912 E3105.15355
M204 S3000
M205 X10 Y10
G0 F6000 X112.917 Y203.426
M204 S1800
M205 X8 Y8
G1 F1200 X80.312 Y170.822 E3106.68717
M204 S3000
M205 X10 Y10
G0 F6000 X80.823 Y170.766
M204 S1800
M205 X8 Y8
G1 F1200 X112.972 Y202.916 E3108.19938
M204 S3000
M205 X10 Y10
G0 F6000 X113.002 Y202.38
M204 S1800
M205 X8 Y8
G1 F1200 X81.333 Y170.711 E3109.68899
M204 S3000
M205 X10 Y10
G0 F6000 X81.844 Y170.656
M204 S1800
M205 X8 Y8
G1 F1200 X113.031 Y201.843 E3111.15593
M204 S3000
M205 X10 Y10
G0 F6000 X113.06 Y201.307
M204 S1800
M205 X8 Y8
G1 F1200 X82.378 Y170.625 E3112.59912
M204 S3000
M205 X10 Y10
G0 F6000 X82.944 Y170.625
M204 S1800
M205 X8 Y8
G1 F1200 X113.09 Y200.771 E3114.0171
M204 S3000
M205 X10 Y10
G0 F6000 X113.119 Y200.234
M204 S1800
M205 X8 Y8
G1 F1200 X83.51 Y170.625 E3115.40981
M204 S3000
M205 X10 Y10
G0 F6000 X84.074 Y170.624
M204 S1800
M205 X8 Y8
G1 F1200 X92.828 Y179.378 E3115.82158
G1 X92.898 Y179.448
M204 S3000
M205 X10 Y10
G0 F6000 X92.514 Y178.498
M204 S1800
M205 X8 Y8
G1 F1200 X84.64 Y170.624 E3116.19194
M204 S3000
M205 X10 Y10
G0 F6000 X85.206 Y170.624
M204 S1800
M205 X8 Y8
G1 F1200 X92.425 Y177.844 E3116.53153
M204 S3000
M205 X10 Y10
G0 F6000 X92.406 Y177.259
M204 S1800
M205 X8 Y8
G1 F1200 X85.829 Y170.682 E3116.84089
M204 S3000
M205 X10 Y10
G0 F6000 X86.464 Y170.751
M204 S1800
M205 X8 Y8
G1 F1200 X92.461 Y176.748 E3117.12297
M204 S3000
M205 X10 Y10
G0 F6000 X92.563 Y176.284
M204 S1800
M205 X8 Y8
G1 F1200 X87.099 Y170.82 E3117.37998
M204 S3000
M205 X10 Y10
G0 F6000 X87.734 Y170.89
M204 S1800
M205 X8 Y8
G1 F1200 X92.727 Y175.883 E3117.61484
M204 S3000
M205 X10 Y10
G0 F6000 X92.896 Y175.486
M204 S1800
M205 X8 Y8
G1 F1200 X88.369 Y170.959 E3117.82777
M204 S3000
M205 X10 Y10
G0 F6000 X89.079 Y171.104
M204 S1800
M205 X8 Y8
G1 F1200 X93.101 Y175.126 E3118.01695
M204 S3000
M205 X10 Y10
G0 F6000 X93.331 Y174.79
M204 S1800
M205 X8 Y8
G1 F1200 X89.806 Y171.264 E3118.18278
M204 S3000
M205 X10 Y10
G0 F6000 X90.531 Y171.424
M204 S1800
M205 X8 Y8
G1 F1200 X93.594 Y174.487 E3118.32686
M204 S3000
M205 X10 Y10
G0 F6000 X93.896 Y174.223
M204 S1800
M205 X8 Y8
G1 F1200 X91.257 Y171.585 E3118.45096
G1 X91.187 Y171.515
M204 S3000
M205 X10 Y10
G0 F6000 X92.053 Y171.815
M204 S1800
M205 X8 Y8
G1 F1200 X94.204 Y173.965 E3118.55212
M204 S3000
M205 X10 Y10
G0 F6000 X94.557 Y173.753
M204 S1800
M205 X8 Y8
G1 F1200 X92.908 Y172.104 E3118.62968
G1 X92.838 Y172.034
M204 S3000
M205 X10 Y10
G0 F6000 X93.763 Y172.394
M204 S1800
M205 X8 Y8
G1 F1200 X94.935 Y173.565 E3118.68478
M204 S3000
M205 X10 Y10
G0 F6000 X95.325 Y173.39
M204 S1800
M205 X8 Y8
G1 F1200 X94.617 Y172.682 E3118.71809
G1 X94.547 Y172.612
M204 S3000
M205 X10 Y10
G0 F6000 X95.67 Y173.169
M204 S1800
M205 X8 Y8
G1 F1200 X95.774 Y173.272 E3118.72295
M204 S3000
M205 X10 Y10
G0 F6000 X98.647 Y174.682
G0 X101.049 Y176.285
M204 S1800
M205 X8 Y8
G1 F1200 X107.494 Y182.73 E3119.02611
G1 X107.564 Y182.8
M204 S3000
M205 X10 Y10
G0 F6000 X108.68 Y184.482
M204 S1800
M205 X8 Y8
G1 F1200 X100.964 Y176.766 E3119.38904
M204 S3000
M205 X10 Y10
G0 F6000 X101.008 Y177.376
M204 S1800
M205 X8 Y8
G1 F1200 X109.428 Y185.795 E3119.78507
G1 X109.498 Y185.865
M204 S3000
M205 X10 Y10
G0 F6000 X110.066 Y187
M204 S1800
M205 X8 Y8
G1 F1200 X100.992 Y177.925 E3120.21191
M204 S3000
M205 X10 Y10
G0 F6000 X100.911 Y178.41
M204 S1800
M205 X8 Y8
G1 F1200 X110.583 Y188.081 E3120.66683
G1 X110.653 Y188.151
M204 S3000
M205 X10 Y10
G0 F6000 X110.956 Y189.02
M204 S1800
M205 X8 Y8
G1 F1200 X100.801 Y178.866 E3121.14446
M204 S3000
M205 X10 Y10
G0 F6000 X100.645 Y179.275
M204 S1800
M205 X8 Y8
G1 F1200 X111.329 Y189.959 E3121.64701
G1 X111.399 Y190.029
M204 S3000
M205 X10 Y10
G0 F6000 X111.659 Y190.855
M204 S1800
M205 X8 Y8
G1 F1200 X100.453 Y179.649 E3122.1741
M204 S3000
M205 X10 Y10
G0 F6000 X100.212 Y179.974
M204 S1800
M205 X8 Y8
G1 F1200 X111.876 Y191.637 E3122.72272
G1 X111.946 Y191.707
M204 S3000
M205 X10 Y10
G0 F6000 X112.093 Y192.42
M204 S1800
M205 X8 Y8
G1 F1200 X99.97 Y180.297 E3123.29295
M204 S3000
M205 X10 Y10
G0 F6000 X99.699 Y180.592
M204 S1800
M205 X8 Y8
G1 F1200 X112.31 Y193.203 E3123.88613
M204 S3000
M205 X10 Y10
G0 F6000 X112.486 Y193.945
M204 S1800
M205 X8 Y8
G1 F1200 X99.402 Y180.86 E3124.50158
M204 S3000
M205 X10 Y10
G0 F6000 X99.079 Y181.103
M204 S1800
M205 X8 Y8
G1 F1200 X112.596 Y194.621 E3125.1374
M204 S3000
M205 X10 Y10
G0 F6000 X112.707 Y195.297
M204 S1800
M205 X8 Y8
G1 F1200 X98.712 Y181.302 E3125.79569
M204 S3000
M205 X10 Y10
G0 F6000 X98.332 Y181.488
M204 S1800
M205 X8 Y8
G1 F1200 X112.817 Y195.973 E3126.47702
M204 S3000
M205 X10 Y10
G0 F6000 X112.927 Y196.649
M204 S1800
M205 X8 Y8
G1 F1200 X97.903 Y181.625 E3127.1837
M204 S3000
M205 X10 Y10
G0 F6000 X97.441 Y181.728
M204 S1800
M205 X8 Y8
G1 F1200 X112.982 Y197.27 E3127.91472
M204 S3000
M205 X10 Y10
G0 F6000 X113.015 Y197.868
M204 S1800
M205 X8 Y8
G1 F1200 X96.934 Y181.787 E3128.67113
M204 S3000
M205 X10 Y10
G0 F6000 X96.37 Y181.789
M204 S1800
M205 X8 Y8
G1 F1200 X113.047 Y198.466 E3129.45556
M204 S3000
M205 X10 Y10
G0 F6000 X113.081 Y199.065
M204 S1800
M205 X8 Y8
G1 F1200 X95.678 Y181.662 E3130.27414
G1 X95.608 Y181.592
M204 S3000
M205 X10 Y10
G0 F6000 X94.779 Y181.329
M204 S1800
M205 X8 Y8
G1 F1200 X113.113 Y199.663 E3131.13652
G1 X113.183 Y199.733
M204 S3000
M205 X10 Y10
G0 F6000 X100.489 Y220.415
M204 S1800
M205 X8 Y8
G1 F1200 X102.605 Y222.53 E3131.23603
M204 S3000
M205 X10 Y10
G0 F6000 X102.283 Y222.774
M204 S1800
M205 X8 Y8
G1 F1200 X100.877 Y221.368 E3131.30216
M204 S3000
M205 X10 Y10
G0 F6000 X100.983 Y222.04
M204 S1800
M205 X8 Y8
G1 F1200 X101.962 Y223.019 E3131.34821
M204 S3000
M205 X10 Y10
G0 F6000 X101.64 Y223.263
M204 S1800
M205 X8 Y8
G1 F1200 X101.03 Y222.652 E3131.37692
M204 S3000
M205 X10 Y10
G0 F6000 X100.976 Y223.165
M204 S1800
M205 X8 Y8
G1 F1200 X101.319 Y223.507 E3131.39303
M204 S3000
M205 X10 Y10
G0 F6000 X100.997 Y223.751
M204 S1800
M205 X8 Y8
G1 F1200 X100.879 Y223.633 E3131.39859
M204 S3000
M205 X10 Y10
G0 F6000 X98.647 Y225.318
G0 X95.617 Y226.856
M204 S1800
M205 X8 Y8
G1 F1200 X95.383 Y226.622 E3131.40959
M204 S3000
M205 X10 Y10
G0 F6000 X95.23 Y227.035
M204 S1800
M205 X8 Y8
G1 F1200 X94.246 Y226.05 E3131.4559
G1 X94.176 Y225.98
M204 S3000
M205 X10 Y10
G0 F6000 X76.479 Y205.456
M204 S1800
M205 X8 Y8
G1 F1200 X57.589 Y186.565 E3132.34445
M204 S3000
M205 X10 Y10
G0 F6000 X57.785 Y186.196
M204 S1800
M205 X8 Y8
G1 F1200 X75.564 Y203.974 E3133.1807
G1 X75.634 Y204.044
M204 S3000
M205 X10 Y10
G0 F6000 X75.214 Y203.059
M204 S1800
M205 X8 Y8
G1 F1200 X57.981 Y185.826 E3133.99128
M204 S3000
M205 X10 Y10
G0 F6000 X58.177 Y185.456
M204 S1800
M205 X8 Y8
G1 F1200 X74.929 Y202.208 E3134.77925
M204 S3000
M205 X10 Y10
G0 F6000 X74.796 Y201.509
M204 S1800
M205 X8 Y8
G1 F1200 X58.373 Y185.086 E3135.55173
M204 S3000
M205 X10 Y10
G0 F6000 X58.579 Y184.727
M204 S1800
M205 X8 Y8
G1 F1200 X74.722 Y200.869 E3136.31103
M204 S3000
M205 X10 Y10
G0 F6000 X74.667 Y200.249
M204 S1800
M205 X8 Y8
G1 F1200 X58.807 Y184.39 E3137.05701
M204 S3000
M205 X10 Y10
G0 F6000 X59.036 Y184.052
M204 S1800
M205 X8 Y8
G1 F1200 X74.663 Y199.679 E3137.79206
M204 S3000
M205 X10 Y10
G0 F6000 X74.717 Y199.167
M204 S1800
M205 X8 Y8
G1 F1200 X59.264 Y183.715 E3138.5189
M204 S3000
M205 X10 Y10
G0 F6000 X59.493 Y183.378
M204 S1800
M205 X8 Y8
G1 F1200 X74.777 Y198.663 E3139.23783
M204 S3000
M205 X10 Y10
G0 F6000 X74.839 Y198.158
M204 S1800
M205 X8 Y8
G1 F1200 X59.721 Y183.04 E3139.94894
M204 S3000
M205 X10 Y10
G0 F6000 X59.949 Y182.702
M204 S1800
M205 X8 Y8
G1 F1200 X74.953 Y197.707 E3140.6547
M204 S3000
M205 X10 Y10
G0 F6000 X75.097 Y197.285
M204 S1800
M205 X8 Y8
G1 F1200 X60.177 Y182.365 E3141.35649
M204 S3000
M205 X10 Y10
G0 F6000 X60.422 Y182.044
M204 S1800
M205 X8 Y8
G1 F1200 X75.244 Y196.867 E3142.0537
M204 S3000
M205 X10 Y10
G0 F6000 X75.395 Y196.452
M204 S1800
M205 X8 Y8
G1 F1200 X60.682 Y181.739 E3142.74575
M204 S3000
M205 X10 Y10
G0 F6000 X60.942 Y181.433
M204 S1800
M205 X8 Y8
G1 F1200 X75.547 Y196.038 E3143.43273
M204 S3000
M205 X10 Y10
G0 F6000 X75.759 Y195.684
M204 S1800
M205 X8 Y8
G1 F1200 X61.202 Y181.128 E3144.11742
M204 S3000
M205 X10 Y10
G0 F6000 X61.462 Y180.822
M204 S1800
M205 X8 Y8
G1 F1200 X75.977 Y195.336 E3144.80014
M204 S3000
M205 X10 Y10
G0 F6000 X76.194 Y194.988
M204 S1800
M205 X8 Y8
G1 F1200 X61.722 Y180.516 E3145.48086
M204 S3000
M205 X10 Y10
G0 F6000 X61.982 Y180.211
M204 S1800
M205 X8 Y8
G1 F1200 X76.416 Y194.644 E3146.15976
M204 S3000
M205 X10 Y10
G0 F6000 X76.641 Y194.303
M204 S1800
M205 X8 Y8
G1 F1200 X62.243 Y179.905 E3146.837
M204 S3000
M205 X10 Y10
G0 F6000 X62.52 Y179.617
M204 S1800
M205 X8 Y8
G1 F1200 X76.922 Y194.019 E3147.51443
M204 S3000
M205 X10 Y10
G0 F6000 X77.204 Y193.735
M204 S1800
M205 X8 Y8
G1 F1200 X62.811 Y179.342 E3148.19143
M204 S3000
M205 X10 Y10
G0 F6000 X63.102 Y179.067
M204 S1800
M205 X8 Y8
G1 F1200 X77.486 Y193.452 E3148.86803
M204 S3000
M205 X10 Y10
G0 F6000 X77.768 Y193.168
M204 S1800
M205 X8 Y8
G1 F1200 X63.392 Y178.792 E3149.54424
M204 S3000
M205 X10 Y10
G0 F6000 X63.683 Y178.517
M204 S1800
M205 X8 Y8
G1 F1200 X78.058 Y192.893 E3150.22041
M204 S3000
M205 X10 Y10
G0 F6000 X78.404 Y192.673
M204 S1800
M205 X8 Y8
G1 F1200 X63.974 Y178.242 E3150.89918
M204 S3000
M205 X10 Y10
G0 F6000 X64.264 Y177.967
M204 S1800
M205 X8 Y8
G1 F1200 X78.75 Y192.453 E3151.58056
M204 S3000
M205 X10 Y10
G0 F6000 X79.096 Y192.234
M204 S1800
M205 X8 Y8
G1 F1200 X64.555 Y177.692 E3152.26455
M204 S3000
M205 X10 Y10
G0 F6000 X64.864 Y177.435
M204 S1800
M205 X8 Y8
G1 F1200 X79.442 Y192.014 E3152.95027
M204 S3000
M205 X10 Y10
G0 F6000 X79.801 Y191.807
M204 S1800
M205 X8 Y8
G1 F1200 X65.186 Y177.191 E3153.63774
M204 S3000
M205 X10 Y10
G0 F6000 X65.507 Y176.947
M204 S1800
M205 X8 Y8
G1 F1200 X80.219 Y191.659 E3154.32975
M204 S3000
M205 X10 Y10
G0 F6000 X80.636 Y191.51
M204 S1800
M205 X8 Y8
G1 F1200 X65.828 Y176.702 E3155.02627
M204 S3000
M205 X10 Y10
G0 F6000 X66.149 Y176.458
M204 S1800
M205 X8 Y8
G1 F1200 X81.053 Y191.362 E3155.72731
M204 S3000
M205 X10 Y10
G0 F6000 X81.47 Y191.213
M204 S1800
M205 X8 Y8
G1 F1200 X66.47 Y176.213 E3156.43286
M204 S3000
M205 X10 Y10
G0 F6000 X66.792 Y175.969
M204 S1800
M205 X8 Y8
G1 F1200 X81.93 Y191.107 E3157.14491
M204 S3000
M205 X10 Y10
G0 F6000 X82.441 Y191.053
M204 S1800
M205 X8 Y8
G1 F1200 X67.113 Y175.725 E3157.86589
M204 S3000
M205 X10 Y10
G0 F6000 X67.457 Y175.503
M204 S1800
M205 X8 Y8
G1 F1200 X82.952 Y190.998 E3158.59473
M204 S3000
M205 X10 Y10
G0 F6000 X83.462 Y190.942
M204 S1800
M205 X8 Y8
G1 F1200 X67.81 Y175.29 E3159.33095
M204 S3000
M205 X10 Y10
G0 F6000 X68.163 Y175.078
M204 S1800
M205 X8 Y8
G1 F1200 X84.033 Y190.947 E3160.0774
M204 S3000
M205 X10 Y10
G0 F6000 X84.666 Y191.015
M204 S1800
M205 X8 Y8
G1 F1200 X68.516 Y174.865 E3160.83705
M204 S3000
M205 X10 Y10
G0 F6000 X68.869 Y174.652
M204 S1800
M205 X8 Y8
G1 F1200 X85.313 Y191.096 E3161.61053
M204 S3000
M205 X10 Y10
G0 F6000 X86.024 Y191.241
M204 S1800
M205 X8 Y8
G1 F1200 X69.222 Y174.44 E3162.40082
M204 S3000
M205 X10 Y10
G0 F6000 X69.575 Y174.227
M204 S1800
M205 X8 Y8
G1 F1200 X86.888 Y191.54 E3163.21517
G1 X86.958 Y191.61
M204 S3000
M205 X10 Y10
G0 F6000 X87.84 Y191.926
M204 S1800
M205 X8 Y8
G1 F1200 X69.929 Y174.015 E3164.05765
M204 S3000
M205 X10 Y10
G0 F6000 X70.315 Y173.835
M204 S1800
M205 X8 Y8
G1 F1200 X89.406 Y192.927 E3164.95565
G1 X89.476 Y192.997
M204 S3000
M205 X10 Y10
G1 F2400 E3158.95565
G0 F6000 X114.284 Y199.999
G0 X115.329 Y199.295
G0 X116.168 Y199.251
G0 X124.196 Y199.263
G0 X128.296 Y199.989
G0 X129.034 Y199.993
M204 S1800
M205 X8 Y8
;TYPE:WALL-OUTER
G1 F2400 E3164.95565
G1 F3529.4 X129.562 Y199.992 E3164.97058
;TIME_ELAPSED:4314.297900
G1 F2400 E3158.97058
M140 S0
M204 S4000
M205 X20 Y20
M107
G91 ;Change to relative positioning mode for filament retraction and nozzle lifting
G1 F200 E-4;Retract the filament a bit before lifting the nozzle
G1 F1000 Z5;Lift nozzle 5mm
G90 ;Change to absolute positioning mode to prepare for part rermoval
G1 X0 Y400 ;Move the print to max y pos for part rermoval
M104 S0 ; Turn off hotend
M106 S0 ; Turn off cooling fan
M140 S0 ; Turn off bed
M84 ; Disable motors

M82 ;absolute extrusion mode
M104 S0
;End of Gcode
;SETTING_3 {"global_quality": "[general]\\nversion = 4\\nname = Normal #2\\ndefi
;SETTING_3 nition = anycubic_chiron\\n\\n[metadata]\\ntype = quality_changes\\nq
;SETTING_3 uality_type = normal\\nsetting_version = 20\\n\\n[values]\\nadhesion_
;SETTING_3 type = brim\\nmaterial_bed_temperature = 55\\nsupport_type = buildpla
;SETTING_3 te\\n\\n", "extruder_quality": ["[general]\\nversion = 4\\nname = Nor
;SETTING_3 mal #2\\ndefinition = anycubic_chiron\\n\\n[metadata]\\ntype = qualit
;SETTING_3 y_changes\\nquality_type = normal\\nsetting_version = 20\\nposition =
;SETTING_3  0\\n\\n[values]\\ninfill_sparse_density = 15\\nmaterial_print_temper
;SETTING_3 ature = 195\\n\\n"]}
