;FLAVOR:Marlin
;TIME:305
;Filament used: 0.46749m
;Layer height: 0.2
;MINX:65.132
;MINY:158.813
;MINZ:0.2
;MAXX:147.476
;MAXY:241.187
;MAXZ:2
;Generated with Cura_SteamEngine 5.0.0
M140 S55
M105
M190 S55
M104 S195
M105
M109 S195
M82 ;absolute extrusion mode
M107 ;Start with the fan off
G21 ;Set units to millimeters
G91 ;Change to relative positioning mode for retract filament and nozzle lifting
G1 F200 E-3 ;Retract 3mm filament for a clean start
G92 E0 ;Zero the extruded length
G1 F1000 Z5 ;Lift the nozzle 5mm before homing axes
G90 ;Absolute positioning
M82 ;Set extruder to absolute mode too
G28 X0 Y0 ;First move X/Y to min endstops
G28 Z0 ;Then move Z to min endstops
G1 F1000 Z15 ;After homing lift the nozzle 15mm before start printing

G92 E0
G92 E0
G1 F2400 E-6
;LAYER_COUNT:10
;LAYER:0
M106 S255
M204 S3000
M205 X10 Y10
G1 F600 Z0.275
G0 F3000 X87.112 Y163.537 Z0.275
G1 F600 Z0.2
G0 F3000 X83.107 Y165.942
M204 S1800
M205 X8 Y8
;TYPE:SKIRT
G1 F2400 E0
G1 X83.466 Y165.7 E0.02016
G1 X86.73 Y163.74 E0.19744
G1 X87.112 Y163.537 E0.21759
G1 X90.563 Y161.922 E0.395
G1 X90.963 Y161.759 E0.41512
G1 X94.562 Y160.507 E0.59255
G1 X94.977 Y160.386 E0.61268
G1 X98.683 Y159.511 E0.78999
G1 X99.109 Y159.434 E0.81015
G1 X102.889 Y158.945 E0.98763
G1 X103.32 Y158.911 E1.00776
G1 X107.127 Y158.813 E1.18509
G1 X107.559 Y158.825 E1.20521
G1 X111.356 Y159.119 E1.38255
G1 X111.786 Y159.174 E1.40273
G1 X115.536 Y159.858 E1.58023
G1 X115.956 Y159.957 E1.60032
G1 X119.612 Y161.021 E1.77762
G1 X120.021 Y161.164 E1.7978
G1 X123.55 Y162.6 E1.97521
G1 X123.94 Y162.782 E1.99525
G1 X127.302 Y164.571 E2.17258
G1 X127.674 Y164.795 E2.1928
G1 X130.836 Y166.923 E2.37027
G1 X131.18 Y167.181 E2.3903
G1 X134.105 Y169.619 E2.5676
G1 X134.425 Y169.915 E2.5879
G1 X137.082 Y172.643 E2.76522
G1 X137.366 Y172.967 E2.78529
G1 X139.73 Y175.954 E2.96266
G1 X139.981 Y176.306 E2.98279
G1 X142.026 Y179.521 E3.16022
G1 X142.239 Y179.897 E3.18034
G1 X143.942 Y183.304 E3.3577
G1 X144.115 Y183.7 E3.37782
G1 X145.46 Y187.267 E3.55533
G1 X145.591 Y187.679 E3.57546
G1 X146.561 Y191.361 E3.75276
G1 X146.65 Y191.785 E3.77293
G1 X147.236 Y195.549 E3.95031
G1 X147.28 Y195.979 E3.97044
G1 X147.476 Y199.783 E4.1478
G1 X147.476 Y200.215 E4.16792
G1 X147.28 Y204.019 E4.34528
G1 X147.236 Y204.449 E4.36541
G1 X146.65 Y208.215 E4.54288
G1 X146.561 Y208.639 E4.56306
G1 X145.591 Y212.321 E4.74036
G1 X145.46 Y212.733 E4.76049
G1 X144.116 Y216.298 E4.93789
G1 X143.943 Y216.694 E4.95801
G1 X142.24 Y220.101 E5.13537
G1 X142.027 Y220.477 E5.1555
G1 X139.982 Y223.693 E5.33296
G1 X139.731 Y224.045 E5.35309
G1 X137.368 Y227.031 E5.5304
G1 X137.084 Y227.355 E5.55046
G1 X134.426 Y230.084 E5.72785
G1 X134.106 Y230.38 E5.74815
G1 X131.18 Y232.819 E5.92552
G1 X130.836 Y233.077 E5.94554
G1 X127.674 Y235.205 E6.12302
G1 X127.302 Y235.429 E6.14324
G1 X123.94 Y237.218 E6.32057
G1 X123.551 Y237.4 E6.34057
G1 X120.022 Y238.837 E6.51799
G1 X119.611 Y238.98 E6.53826
G1 X115.955 Y240.043 E6.71555
G1 X115.536 Y240.142 E6.73559
G1 X111.786 Y240.826 E6.91309
G1 X111.356 Y240.881 E6.93328
G1 X107.559 Y241.175 E7.11061
G1 X107.127 Y241.187 E7.13073
G1 X103.32 Y241.089 E7.30806
G1 X102.89 Y241.055 E7.32815
G1 X99.11 Y240.567 E7.50562
G1 X98.682 Y240.489 E7.52588
G1 X94.976 Y239.613 E7.7032
G1 X94.562 Y239.493 E7.72327
G1 X90.963 Y238.241 E7.90071
G1 X90.563 Y238.078 E7.92082
G1 X87.112 Y236.463 E8.09824
G1 X86.73 Y236.26 E8.11838
G1 X83.466 Y234.3 E8.29566
G1 X83.107 Y234.058 E8.31582
G1 X80.06 Y231.771 E8.49322
G1 X79.727 Y231.494 E8.51339
G1 X76.931 Y228.905 E8.69083
G1 X76.631 Y228.597 E8.71085
G1 X74.115 Y225.736 E8.88826
G1 X73.846 Y225.395 E8.90848
G1 X71.639 Y222.29 E9.08586
G1 X71.407 Y221.926 E9.10596
G1 X69.53 Y218.61 E9.28339
G1 X69.336 Y218.223 E9.30355
G1 X67.811 Y214.733 E9.48089
G1 X67.659 Y214.327 E9.50108
G1 X66.502 Y210.7 E9.67835
G1 X66.392 Y210.283 E9.69844
G1 X65.612 Y206.552 E9.87592
G1 X65.545 Y206.124 E9.89609
G1 X65.154 Y202.337 E10.07337
G1 X65.132 Y201.906 E10.09347
G1 X65.132 Y198.096 E10.27088
G1 X65.154 Y197.665 E10.29097
G1 X65.545 Y193.876 E10.46834
G1 X65.612 Y193.448 E10.48851
G1 X66.392 Y189.717 E10.666
G1 X66.502 Y189.3 E10.68608
G1 X67.659 Y185.673 E10.86335
G1 X67.811 Y185.267 E10.88354
G1 X69.336 Y181.777 E11.06089
G1 X69.53 Y181.39 E11.08104
G1 X71.407 Y178.074 E11.25847
G1 X71.639 Y177.71 E11.27857
G1 X73.846 Y174.605 E11.45595
G1 X74.115 Y174.264 E11.47618
G1 X76.631 Y171.403 E11.65358
G1 X76.931 Y171.095 E11.6736
G1 X79.727 Y168.506 E11.85104
G1 X80.06 Y168.229 E11.87121
G1 X83.107 Y165.942 E12.04861
M204 S3000
M205 X10 Y10
G1 F2400 E6.04861
G0 F3000 X80.108 Y168.917
M204 S1800
M205 X8 Y8
G1 F2400 E12.04861
G1 X80.396 Y168.677 E12.06607
G1 X83.443 Y166.39 E12.24347
G1 X83.754 Y166.18 E12.26094
G1 X87.018 Y164.22 E12.43822
G1 X87.349 Y164.044 E12.45568
G1 X90.8 Y162.429 E12.6331
G1 X91.147 Y162.288 E12.65054
G1 X94.746 Y161.036 E12.82797
G1 X95.106 Y160.931 E12.84544
G1 X98.812 Y160.056 E13.02275
G1 X99.181 Y159.989 E13.04021
G1 X102.961 Y159.5 E13.21769
G1 X103.334 Y159.471 E13.23511
G1 X107.141 Y159.373 E13.41244
G1 X107.516 Y159.383 E13.42991
G1 X111.313 Y159.677 E13.60724
G1 X111.685 Y159.725 E13.62471
G1 X115.435 Y160.409 E13.8022
G1 X115.799 Y160.495 E13.81962
G1 X119.455 Y161.559 E13.99692
G1 X119.81 Y161.682 E14.01442
G1 X123.339 Y163.118 E14.19182
G1 X123.677 Y163.277 E14.20922
G1 X127.039 Y165.066 E14.38655
G1 X127.361 Y165.259 E14.40403
G1 X130.523 Y167.387 E14.5815
G1 X130.822 Y167.611 E14.5989
G1 X133.747 Y170.049 E14.77621
G1 X134.024 Y170.305 E14.79377
G1 X136.681 Y173.033 E14.97109
G1 X136.927 Y173.314 E14.98848
G1 X139.291 Y176.301 E15.16586
G1 X139.508 Y176.606 E15.18329
G1 X141.553 Y179.821 E15.36071
G1 X141.738 Y180.148 E15.37821
G1 X143.441 Y183.555 E15.55557
G1 X143.591 Y183.898 E15.573
G1 X144.936 Y187.465 E15.75051
G1 X145.05 Y187.822 E15.76796
G1 X146.02 Y191.504 E15.94526
G1 X146.097 Y191.871 E15.96272
G1 X146.683 Y195.635 E16.1401
G1 X146.721 Y196.008 E16.15756
G1 X146.917 Y199.812 E16.33492
G1 X146.917 Y200.186 E16.35234
G1 X146.721 Y203.99 E16.5297
G1 X146.683 Y204.363 E16.54716
G1 X146.097 Y208.129 E16.72463
G1 X146.02 Y208.496 E16.74209
G1 X145.05 Y212.178 E16.91939
G1 X144.936 Y212.535 E16.93684
G1 X143.592 Y216.1 E17.11425
G1 X143.442 Y216.443 E17.13168
G1 X141.739 Y219.85 E17.30904
G1 X141.555 Y220.176 E17.32647
G1 X139.51 Y223.392 E17.50393
G1 X139.292 Y223.698 E17.52143
G1 X136.929 Y226.684 E17.69874
G1 X136.683 Y226.965 E17.71613
G1 X134.025 Y229.694 E17.89351
G1 X133.748 Y229.95 E17.91108
G1 X130.822 Y232.389 E18.08845
G1 X130.523 Y232.613 E18.10585
G1 X127.361 Y234.741 E18.28332
G1 X127.039 Y234.934 E18.3008
G1 X123.677 Y236.723 E18.47813
G1 X123.34 Y236.881 E18.49547
G1 X119.811 Y238.318 E18.67289
G1 X119.454 Y238.442 E18.69049
G1 X115.798 Y239.505 E18.86778
G1 X115.435 Y239.591 E18.88515
G1 X111.685 Y240.275 E19.06265
G1 X111.313 Y240.323 E19.08011
G1 X107.516 Y240.617 E19.25744
G1 X107.141 Y240.627 E19.27491
G1 X103.334 Y240.529 E19.45224
G1 X102.962 Y240.5 E19.46961
G1 X99.182 Y240.012 E19.64709
G1 X98.811 Y239.944 E19.66465
G1 X95.105 Y239.068 E19.84197
G1 X94.746 Y238.964 E19.85938
G1 X91.147 Y237.712 E20.03681
G1 X90.8 Y237.571 E20.05425
G1 X87.349 Y235.956 E20.23167
G1 X87.018 Y235.78 E20.24913
G1 X83.754 Y233.82 E20.42641
G1 X83.443 Y233.61 E20.44388
G1 X80.396 Y231.323 E20.62128
G1 X80.108 Y231.083 E20.63874
G1 X77.312 Y228.494 E20.81618
G1 X77.052 Y228.227 E20.83353
G1 X74.536 Y225.366 E21.01094
G1 X74.302 Y225.071 E21.02847
G1 X72.095 Y221.966 E21.20585
G1 X71.894 Y221.65 E21.22329
G1 X70.017 Y218.334 E21.40072
G1 X69.85 Y217.998 E21.41819
G1 X68.325 Y214.508 E21.59554
G1 X68.192 Y214.157 E21.61302
G1 X67.035 Y210.53 E21.79029
G1 X66.94 Y210.169 E21.80767
G1 X66.16 Y206.438 E21.98516
G1 X66.102 Y206.067 E22.00264
G1 X65.711 Y202.28 E22.17992
G1 X65.692 Y201.906 E22.19736
G1 X65.692 Y198.096 E22.37477
G1 X65.711 Y197.722 E22.3922
G1 X66.102 Y193.933 E22.56957
G1 X66.16 Y193.562 E22.58706
G1 X66.94 Y189.831 E22.76454
G1 X67.035 Y189.47 E22.78193
G1 X68.192 Y185.843 E22.9592
G1 X68.325 Y185.492 E22.97668
G1 X69.85 Y182.002 E23.15402
G1 X70.017 Y181.666 E23.1715
G1 X71.894 Y178.35 E23.34892
G1 X72.095 Y178.034 E23.36636
G1 X74.302 Y174.929 E23.54374
G1 X74.536 Y174.634 E23.56128
G1 X77.052 Y171.773 E23.73868
G1 X77.312 Y171.506 E23.75604
G1 X80.108 Y168.917 E23.93347
M204 S3000
M205 X10 Y10
G1 F2400 E17.93347
G0 F3000 X77.472 Y172.143
M204 S1800
M205 X8 Y8
G1 F2400 E23.93347
G1 X77.692 Y171.917 E23.94816
G1 X80.488 Y169.328 E24.1256
G1 X80.732 Y169.125 E24.14038
G1 X83.779 Y166.838 E24.31778
G1 X84.042 Y166.66 E24.33257
G1 X87.306 Y164.7 E24.50985
G1 X87.587 Y164.551 E24.52466
G1 X91.038 Y162.936 E24.70208
G1 X91.331 Y162.817 E24.7168
G1 X94.93 Y161.565 E24.89424
G1 X95.234 Y161.476 E24.90899
G1 X98.94 Y160.601 E25.0863
G1 X99.253 Y160.544 E25.10111
G1 X103.033 Y160.055 E25.27859
G1 X103.349 Y160.031 E25.29335
G1 X107.156 Y159.933 E25.47068
G1 X107.473 Y159.941 E25.48544
G1 X111.27 Y160.235 E25.66278
G1 X111.585 Y160.276 E25.67757
G1 X115.335 Y160.96 E25.85506
G1 X115.643 Y161.033 E25.8698
G1 X119.299 Y162.097 E26.04711
G1 X119.599 Y162.201 E26.06189
G1 X123.128 Y163.637 E26.2393
G1 X123.414 Y163.771 E26.25401
G1 X126.776 Y165.56 E26.43134
G1 X127.049 Y165.724 E26.44617
G1 X130.211 Y167.852 E26.62364
G1 X130.463 Y168.041 E26.63831
G1 X133.388 Y170.479 E26.81562
G1 X133.622 Y170.696 E26.83048
G1 X136.279 Y173.424 E27.0078
G1 X136.488 Y173.662 E27.02255
G1 X138.852 Y176.649 E27.19992
G1 X139.036 Y176.907 E27.21468
G1 X141.081 Y180.122 E27.3921
G1 X141.237 Y180.398 E27.40686
G1 X142.94 Y183.805 E27.58422
G1 X143.067 Y184.095 E27.59897
G1 X144.412 Y187.662 E27.77648
G1 X144.508 Y187.964 E27.79123
G1 X145.478 Y191.646 E27.96853
G1 X145.543 Y191.957 E27.98332
G1 X146.129 Y195.721 E28.1607
G1 X146.162 Y196.037 E28.1755
G1 X146.358 Y199.841 E28.35286
G1 X146.358 Y200.157 E28.36758
G1 X146.162 Y203.961 E28.54494
G1 X146.129 Y204.277 E28.55974
G1 X145.543 Y208.043 E28.73721
G1 X145.478 Y208.354 E28.752
G1 X144.508 Y212.036 E28.9293
G1 X144.412 Y212.338 E28.94406
G1 X143.068 Y215.903 E29.12146
G1 X142.941 Y216.193 E29.1362
G1 X141.238 Y219.6 E29.31356
G1 X141.082 Y219.876 E29.32833
G1 X139.037 Y223.092 E29.50579
G1 X138.853 Y223.35 E29.52054
G1 X136.49 Y226.336 E29.69786
G1 X136.281 Y226.574 E29.7126
G1 X133.623 Y229.303 E29.88999
G1 X133.389 Y229.52 E29.90485
G1 X130.463 Y231.959 E30.08222
G1 X130.211 Y232.148 E30.09689
G1 X127.049 Y234.276 E30.27437
G1 X126.776 Y234.44 E30.2892
G1 X123.414 Y236.229 E30.46653
G1 X123.129 Y236.363 E30.48119
G1 X119.6 Y237.8 E30.65862
G1 X119.298 Y237.905 E30.67351
G1 X115.642 Y238.968 E30.8508
G1 X115.335 Y239.04 E30.86548
G1 X111.585 Y239.724 E31.04298
G1 X111.27 Y239.765 E31.05777
G1 X107.473 Y240.059 E31.2351
G1 X107.156 Y240.067 E31.24987
G1 X103.349 Y239.969 E31.42719
G1 X103.034 Y239.945 E31.4419
G1 X99.254 Y239.457 E31.61938
G1 X98.939 Y239.399 E31.63429
G1 X95.233 Y238.523 E31.81161
G1 X94.93 Y238.435 E31.82631
G1 X91.331 Y237.183 E32.00374
G1 X91.038 Y237.064 E32.01847
G1 X87.587 Y235.449 E32.19589
G1 X87.306 Y235.3 E32.2107
G1 X84.042 Y233.34 E32.38798
G1 X83.779 Y233.162 E32.40277
G1 X80.732 Y230.875 E32.58017
G1 X80.488 Y230.672 E32.59495
G1 X77.692 Y228.083 E32.77238
G1 X77.472 Y227.857 E32.78707
G1 X74.956 Y224.996 E32.96448
G1 X74.759 Y224.746 E32.9793
G1 X72.552 Y221.641 E33.15668
G1 X72.382 Y221.374 E33.17142
G1 X70.505 Y218.058 E33.34885
G1 X70.363 Y217.774 E33.36363
G1 X68.838 Y214.284 E33.54098
G1 X68.726 Y213.987 E33.55576
G1 X67.569 Y210.36 E33.73303
G1 X67.488 Y210.054 E33.74777
G1 X66.708 Y206.323 E33.92526
G1 X66.659 Y206.009 E33.94006
G1 X66.268 Y202.222 E34.11733
G1 X66.252 Y201.906 E34.13206
G1 X66.252 Y198.096 E34.30947
G1 X66.268 Y197.78 E34.32421
G1 X66.659 Y193.991 E34.50158
G1 X66.708 Y193.677 E34.51637
G1 X67.488 Y189.946 E34.69386
G1 X67.569 Y189.64 E34.7086
G1 X68.726 Y186.013 E34.88587
G1 X68.838 Y185.716 E34.90065
G1 X70.363 Y182.226 E35.078
G1 X70.505 Y181.942 E35.09278
G1 X72.382 Y178.626 E35.27021
G1 X72.552 Y178.359 E35.28495
G1 X74.759 Y175.254 E35.46233
G1 X74.956 Y175.004 E35.47716
G1 X77.472 Y172.143 E35.65456
M204 S3000
M205 X10 Y10
G1 F2400 E29.65456
G0 F3000 X75.215 Y175.578
M204 S1800
M205 X8 Y8
G1 F2400 E35.65456
G1 X75.377 Y175.374 E35.66669
G1 X77.893 Y172.513 E35.8441
G1 X78.073 Y172.328 E35.85612
G1 X80.869 Y169.739 E36.03355
G1 X81.068 Y169.573 E36.04562
G1 X84.115 Y167.286 E36.22302
G1 X84.331 Y167.141 E36.23514
G1 X87.595 Y165.181 E36.41242
G1 X87.824 Y165.059 E36.4245
G1 X91.275 Y163.444 E36.60192
G1 X91.515 Y163.346 E36.61399
G1 X95.114 Y162.094 E36.79142
G1 X95.363 Y162.021 E36.80351
G1 X99.069 Y161.146 E36.98082
G1 X99.325 Y161.1 E36.99293
G1 X103.105 Y160.611 E37.17041
G1 X103.363 Y160.591 E37.18246
G1 X107.17 Y160.493 E37.35979
G1 X107.43 Y160.5 E37.3719
G1 X111.227 Y160.794 E37.54923
G1 X111.484 Y160.827 E37.5613
G1 X115.234 Y161.511 E37.73879
G1 X115.486 Y161.57 E37.75085
G1 X119.142 Y162.634 E37.92815
G1 X119.388 Y162.72 E37.94028
G1 X122.917 Y164.156 E38.11769
G1 X123.151 Y164.265 E38.12971
G1 X126.513 Y166.054 E38.30704
G1 X126.736 Y166.188 E38.31916
G1 X129.898 Y168.316 E38.49663
G1 X130.104 Y168.471 E38.50864
G1 X133.029 Y170.909 E38.68594
G1 X133.221 Y171.087 E38.69814
G1 X135.878 Y173.815 E38.87546
G1 X136.049 Y174.009 E38.8875
G1 X138.413 Y176.996 E39.06487
G1 X138.563 Y177.208 E39.07697
G1 X140.608 Y180.423 E39.25439
G1 X140.736 Y180.648 E39.26644
G1 X142.439 Y184.055 E39.4438
G1 X142.543 Y184.293 E39.4559
G1 X143.888 Y187.86 E39.63341
G1 X143.967 Y188.107 E39.64548
G1 X144.937 Y191.789 E39.82278
G1 X144.99 Y192.043 E39.83486
G1 X145.576 Y195.807 E40.01224
G1 X145.603 Y196.065 E40.02432
G1 X145.799 Y199.869 E40.20169
G1 X145.799 Y200.129 E40.21379
G1 X145.603 Y203.933 E40.39116
G1 X145.576 Y204.19 E40.40319
G1 X144.99 Y207.956 E40.58066
G1 X144.937 Y208.211 E40.59279
G1 X143.967 Y211.893 E40.77009
G1 X143.888 Y212.14 E40.78216
G1 X142.544 Y215.705 E40.95957
G1 X142.44 Y215.943 E40.97166
G1 X140.737 Y219.35 E41.14902
G1 X140.609 Y219.575 E41.16108
G1 X138.564 Y222.791 E41.33854
G1 X138.414 Y223.003 E41.35063
G1 X136.051 Y225.989 E41.52794
G1 X135.88 Y226.183 E41.53998
G1 X133.222 Y228.912 E41.71737
G1 X133.031 Y229.09 E41.72953
G1 X130.105 Y231.529 E41.9069
G1 X129.898 Y231.684 E41.91894
G1 X126.736 Y233.812 E42.09642
G1 X126.513 Y233.946 E42.10853
G1 X123.151 Y235.735 E42.28586
G1 X122.917 Y235.844 E42.29788
G1 X119.388 Y237.281 E42.47531
G1 X119.142 Y237.367 E42.48745
G1 X115.486 Y238.43 E42.66473
G1 X115.234 Y238.489 E42.67679
G1 X111.484 Y239.173 E42.85428
G1 X111.227 Y239.206 E42.86635
G1 X107.43 Y239.5 E43.04368
G1 X107.17 Y239.507 E43.05579
G1 X103.363 Y239.409 E43.23312
G1 X103.105 Y239.389 E43.24517
G1 X99.325 Y238.901 E43.42264
G1 X99.068 Y238.854 E43.43481
G1 X95.362 Y237.978 E43.61213
G1 X95.114 Y237.906 E43.62416
G1 X91.515 Y236.654 E43.80159
G1 X91.275 Y236.556 E43.81366
G1 X87.824 Y234.941 E43.99108
G1 X87.595 Y234.819 E44.00316
G1 X84.331 Y232.859 E44.18045
G1 X84.115 Y232.714 E44.19256
G1 X81.068 Y230.427 E44.36996
G1 X80.869 Y230.261 E44.38203
G1 X78.073 Y227.672 E44.55946
G1 X77.893 Y227.487 E44.57148
G1 X75.377 Y224.626 E44.74889
G1 X75.215 Y224.422 E44.76102
G1 X73.008 Y221.317 E44.9384
G1 X72.869 Y221.098 E44.95048
G1 X70.992 Y217.782 E45.12791
G1 X70.876 Y217.55 E45.13999
G1 X69.351 Y214.06 E45.31733
G1 X69.259 Y213.817 E45.32943
G1 X68.102 Y210.19 E45.5067
G1 X68.036 Y209.94 E45.51874
G1 X67.256 Y206.209 E45.69623
G1 X67.216 Y205.952 E45.70834
G1 X66.825 Y202.165 E45.88562
G1 X66.812 Y201.906 E45.89769
G1 X66.812 Y198.096 E46.0751
G1 X66.825 Y197.837 E46.08718
G1 X67.216 Y194.048 E46.26455
G1 X67.256 Y193.791 E46.27666
G1 X68.036 Y190.06 E46.45415
G1 X68.102 Y189.81 E46.46618
G1 X69.259 Y186.183 E46.64346
G1 X69.351 Y185.94 E46.65556
G1 X70.876 Y182.45 E46.8329
G1 X70.992 Y182.218 E46.84498
G1 X72.869 Y178.902 E47.02241
G1 X73.008 Y178.683 E47.03449
G1 X75.215 Y175.578 E47.21187
M204 S3000
M205 X10 Y10
G1 F2400 E41.21187
G0 F3000 X73.356 Y179.178
M204 S1800
M205 X8 Y8
G1 F2400 E47.21187
G1 X73.464 Y179.007 E47.22129
G1 X75.671 Y175.902 E47.39867
G1 X75.797 Y175.744 E47.40808
G1 X78.313 Y172.883 E47.58549
G1 X78.453 Y172.739 E47.59484
G1 X81.249 Y170.15 E47.77228
G1 X81.404 Y170.02 E47.7817
G1 X84.451 Y167.733 E47.9591
G1 X84.619 Y167.621 E47.9685
G1 X87.883 Y165.661 E48.14578
G1 X88.061 Y165.566 E48.15518
G1 X91.512 Y163.951 E48.33259
G1 X91.699 Y163.875 E48.34199
G1 X95.298 Y162.623 E48.51943
G1 X95.492 Y162.566 E48.52884
G1 X99.198 Y161.691 E48.70616
G1 X99.397 Y161.655 E48.71557
G1 X103.177 Y161.166 E48.89305
G1 X103.378 Y161.151 E48.90244
G1 X107.185 Y161.053 E49.07977
G1 X107.386 Y161.058 E49.08913
G1 X111.183 Y161.352 E49.26646
G1 X111.384 Y161.378 E49.2759
G1 X115.134 Y162.062 E49.4534
G1 X115.33 Y162.108 E49.46277
G1 X118.986 Y163.172 E49.64007
G1 X119.177 Y163.239 E49.6495
G1 X122.706 Y164.675 E49.82691
G1 X122.888 Y164.76 E49.83626
G1 X126.25 Y166.549 E50.01359
G1 X126.423 Y166.653 E50.02299
G1 X129.585 Y168.781 E50.20046
G1 X129.746 Y168.901 E50.20982
G1 X132.671 Y171.339 E50.38712
G1 X132.82 Y171.477 E50.39658
G1 X135.477 Y174.205 E50.5739
G1 X135.61 Y174.357 E50.58331
G1 X137.974 Y177.344 E50.76068
G1 X138.091 Y177.508 E50.77006
G1 X140.136 Y180.723 E50.94749
G1 X140.235 Y180.899 E50.95689
G1 X141.938 Y184.306 E51.13425
G1 X142.019 Y184.49 E51.14361
G1 X143.364 Y188.057 E51.32112
G1 X143.425 Y188.25 E51.33054
G1 X144.395 Y191.932 E51.50784
G1 X144.437 Y192.129 E51.51722
G1 X145.023 Y195.893 E51.6946
G1 X145.043 Y196.094 E51.70401
G1 X145.239 Y199.898 E51.88137
G1 X145.239 Y200.1 E51.89078
G1 X145.043 Y203.904 E52.06814
G1 X145.023 Y204.104 E52.0775
G1 X144.437 Y207.87 E52.25497
G1 X144.395 Y208.068 E52.2644
G1 X143.425 Y211.75 E52.4417
G1 X143.364 Y211.942 E52.45108
G1 X142.02 Y215.507 E52.62848
G1 X141.939 Y215.692 E52.63789
G1 X140.236 Y219.099 E52.81525
G1 X140.137 Y219.275 E52.82465
G1 X138.092 Y222.491 E53.00211
G1 X137.975 Y222.655 E53.01149
G1 X135.612 Y225.641 E53.1888
G1 X135.479 Y225.793 E53.19821
G1 X132.821 Y228.522 E53.37559
G1 X132.672 Y228.66 E53.38505
G1 X129.746 Y231.099 E53.56243
G1 X129.585 Y231.219 E53.57178
G1 X126.423 Y233.347 E53.74925
G1 X126.25 Y233.451 E53.75865
G1 X122.888 Y235.24 E53.93598
G1 X122.706 Y235.325 E53.94533
G1 X119.177 Y236.762 E54.12276
G1 X118.985 Y236.829 E54.13223
G1 X115.329 Y237.892 E54.30952
G1 X115.134 Y237.938 E54.31885
G1 X111.384 Y238.622 E54.49634
G1 X111.183 Y238.648 E54.50578
G1 X107.386 Y238.942 E54.68312
G1 X107.185 Y238.947 E54.69248
G1 X103.378 Y238.849 E54.86981
G1 X103.177 Y238.834 E54.87919
G1 X99.397 Y238.346 E55.05666
G1 X99.197 Y238.309 E55.06614
G1 X95.491 Y237.433 E55.24346
G1 X95.298 Y237.377 E55.25282
G1 X91.699 Y236.125 E55.43025
G1 X91.512 Y236.049 E55.43965
G1 X88.061 Y234.434 E55.61707
G1 X87.883 Y234.339 E55.62646
G1 X84.619 Y232.379 E55.80375
G1 X84.451 Y232.267 E55.81315
G1 X81.404 Y229.98 E55.99055
G1 X81.249 Y229.85 E55.99997
G1 X78.453 Y227.261 E56.1774
G1 X78.313 Y227.117 E56.18676
G1 X75.797 Y224.256 E56.36416
G1 X75.671 Y224.098 E56.37357
G1 X73.464 Y220.993 E56.55096
G1 X73.356 Y220.822 E56.56037
G1 X71.479 Y217.506 E56.7378
G1 X71.389 Y217.326 E56.74717
G1 X69.864 Y213.836 E56.92452
G1 X69.793 Y213.647 E56.93392
G1 X68.636 Y210.02 E57.11119
G1 X68.584 Y209.825 E57.12059
G1 X67.804 Y206.094 E57.29808
G1 X67.773 Y205.894 E57.3075
G1 X67.382 Y202.107 E57.48478
G1 X67.372 Y201.906 E57.49415
G1 X67.372 Y198.096 E57.67156
G1 X67.382 Y197.895 E57.68093
G1 X67.773 Y194.106 E57.8583
G1 X67.804 Y193.906 E57.86772
G1 X68.584 Y190.175 E58.04521
G1 X68.636 Y189.98 E58.05461
G1 X69.793 Y186.353 E58.23188
G1 X69.864 Y186.164 E58.24128
G1 X71.389 Y182.674 E58.41863
G1 X71.479 Y182.494 E58.428
G1 X73.356 Y179.178 E58.60542
M204 S3000
M205 X10 Y10
G1 F2400 E52.60542
G0 F3000 X72.454 Y183.045
M204 S1800
M205 X8 Y8
G1 F2400 E58.60542
G1 X74.377 Y179.656 E58.78686
G1 X76.638 Y176.483 E58.96829
G1 X79.214 Y173.561 E59.14967
G1 X82.077 Y170.916 E59.33117
G1 X85.196 Y168.581 E59.51259
G1 X88.536 Y166.58 E59.69389
G1 X92.067 Y164.933 E59.87532
G1 X95.749 Y163.656 E60.05678
G1 X99.54 Y162.766 E60.23811
G1 X103.406 Y162.27 E60.4196
G1 X107.213 Y162.172 E60.59693
G1 X111.097 Y162.469 E60.77831
G1 X114.933 Y163.164 E60.95984
G1 X115.017 Y163.183 E60.96385
G1 X118.755 Y164.276 E61.1452
G1 X122.362 Y165.748 E61.3266
G1 X125.798 Y167.582 E61.50796
G1 X129.029 Y169.762 E61.68945
G1 X132.018 Y172.259 E61.87081
G1 X134.732 Y175.052 E62.05215
G1 X137.146 Y178.109 E62.23353
G1 X139.233 Y181.399 E62.41494
G1 X140.971 Y184.886 E62.59637
G1 X142.342 Y188.535 E62.77787
G1 X143.33 Y192.302 E62.95921
G1 X143.925 Y196.152 E63.14062
G1 X144.121 Y200.042 E63.32198
G1 X143.916 Y203.932 E63.50337
G1 X143.312 Y207.783 E63.68488
G1 X142.316 Y211.547 E63.86618
G1 X140.937 Y215.192 E64.04764
G1 X139.192 Y218.674 E64.229
G1 X137.097 Y221.96 E64.41046
G1 X134.677 Y225.011 E64.59179
G1 X131.955 Y227.799 E64.77323
G1 X128.96 Y230.29 E64.95462
G1 X125.724 Y232.463 E65.13612
G1 X122.284 Y234.288 E65.31745
G1 X118.673 Y235.754 E65.49892
G1 X114.933 Y236.836 E65.68021
G1 X111.097 Y237.531 E65.86174
G1 X107.213 Y237.828 E66.04313
G1 X103.32 Y237.723 E66.22447
G1 X99.455 Y237.219 E66.40596
G1 X95.666 Y236.319 E66.5873
G1 X91.987 Y235.035 E66.76874
G1 X88.46 Y233.379 E66.95018
G1 X85.124 Y231.371 E67.13148
G1 X82.01 Y229.028 E67.31295
G1 X79.154 Y226.378 E67.49436
G1 X76.584 Y223.449 E67.67581
G1 X74.331 Y220.271 E67.8572
G1 X72.415 Y216.877 E68.03868
G1 X70.86 Y213.306 E68.22005
G1 X69.681 Y209.596 E68.40131
G1 X68.887 Y205.779 E68.58285
G1 X68.492 Y201.906 E68.76413
G1 X68.496 Y198.01 E68.94555
G1 X68.901 Y194.135 E69.12697
G1 X69.703 Y190.321 E69.30844
G1 X70.89 Y186.613 E69.48974
G1 X72.454 Y183.045 E69.67114
M204 S3000
M205 X10 Y10
G1 F2400 E63.67114
G0 F3000 X71.051 Y186.684
G0 X71.403 Y186.837
M204 S1800
M205 X8 Y8
G1 F2400 E69.67114
G1 X72.941 Y183.321 E69.84984
G1 X74.834 Y179.981 E70.0286
G1 X77.059 Y176.853 E70.20734
G1 X79.595 Y173.972 E70.38606
G1 X82.413 Y171.364 E70.56485
G1 X85.484 Y169.061 E70.7436
G1 X88.773 Y167.087 E70.92221
G1 X92.251 Y165.462 E71.10097
G1 X95.878 Y164.201 E71.27977
G1 X99.612 Y163.321 E71.4584
G1 X103.421 Y162.83 E71.63724
G1 X107.228 Y162.732 E71.81456
G1 X111.082 Y163.031 E71.99456
G1 X114.86 Y163.721 E72.17339
G1 X118.544 Y164.795 E72.35207
G1 X122.099 Y166.243 E72.53082
G1 X125.485 Y168.047 E72.70946
G1 X128.67 Y170.192 E72.88827
G1 X131.617 Y172.65 E73.06696
G1 X134.293 Y175.399 E73.2456
G1 X136.673 Y178.41 E73.42431
G1 X138.732 Y181.65 E73.60307
G1 X140.447 Y185.083 E73.78176
G1 X141.801 Y188.678 E73.96064
G1 X142.777 Y192.388 E74.13927
G1 X143.366 Y196.181 E74.318
G1 X143.562 Y200.013 E74.49667
G1 X143.363 Y203.846 E74.67539
G1 X142.771 Y207.64 E74.85419
G1 X141.792 Y211.35 E75.03286
G1 X140.436 Y214.941 E75.2116
G1 X138.719 Y218.373 E75.39029
G1 X136.658 Y221.613 E75.56909
G1 X134.276 Y224.62 E75.74772
G1 X131.596 Y227.369 E75.92649
G1 X128.647 Y229.825 E76.10519
G1 X125.461 Y231.968 E76.28398
G1 X122.073 Y233.769 E76.46265
G1 X118.516 Y235.216 E76.64146
G1 X114.832 Y236.285 E76.82007
G1 X111.054 Y236.973 E76.99889
G1 X107.228 Y237.268 E77.17757
G1 X103.392 Y237.168 E77.35625
G1 X99.584 Y236.674 E77.53505
G1 X95.85 Y235.79 E77.71373
G1 X92.224 Y234.528 E77.89251
G1 X88.748 Y232.899 E78.07126
G1 X85.46 Y230.923 E78.24988
G1 X82.391 Y228.617 E78.42863
G1 X79.575 Y226.008 E78.60738
G1 X77.041 Y223.124 E78.78615
G1 X74.818 Y219.995 E78.96487
G1 X72.928 Y216.653 E79.14365
G1 X71.393 Y213.136 E79.32234
G1 X70.229 Y209.481 E79.50095
G1 X69.444 Y205.722 E79.67976
G1 X69.052 Y201.906 E79.85839
G1 X69.053 Y198.067 E80.03715
G1 X69.449 Y194.25 E80.21584
G1 X70.236 Y190.491 E80.39467
G1 X71.403 Y186.837 E80.57328
M204 S3000
M205 X10 Y10
G1 F2400 E74.57328
G0 F3000 X71.035 Y186.72
G0 X69.133 Y190.29
M204 S1800
M205 X8 Y8
G1 F2400 E80.57328
G1 X69.169 Y190.151 E80.57996
G1 X70.326 Y186.524 E80.75724
G1 X70.377 Y186.388 E80.764
G1 X71.902 Y182.898 E80.94135
G1 X71.967 Y182.769 E80.94807
G1 X73.844 Y179.453 E81.1255
G1 X73.921 Y179.332 E81.13218
G1 X76.128 Y176.227 E81.30956
G1 X76.218 Y176.113 E81.31632
G1 X78.734 Y173.252 E81.49373
G1 X78.834 Y173.15 E81.50038
G1 X81.63 Y170.561 E81.67782
G1 X81.741 Y170.468 E81.68456
G1 X84.788 Y168.181 E81.86196
G1 X84.907 Y168.101 E81.86864
G1 X88.171 Y166.141 E82.04592
G1 X88.299 Y166.073 E82.05267
G1 X91.75 Y164.458 E82.23009
G1 X91.883 Y164.404 E82.23677
G1 X95.482 Y163.152 E82.41421
G1 X95.62 Y163.111 E82.42091
G1 X99.326 Y162.236 E82.59822
G1 X99.468 Y162.211 E82.60494
G1 X103.248 Y161.722 E82.78242
G1 X103.392 Y161.71 E82.78915
G1 X107.199 Y161.612 E82.96647
G1 X107.343 Y161.616 E82.97318
G1 X111.14 Y161.91 E83.15052
G1 X111.283 Y161.929 E83.15723
G1 X115.033 Y162.613 E83.33473
G1 X115.173 Y162.646 E83.34143
G1 X118.829 Y163.71 E83.51873
G1 X118.966 Y163.757 E83.52547
G1 X122.495 Y165.193 E83.70288
G1 X122.625 Y165.254 E83.70957
G1 X125.987 Y167.043 E83.8869
G1 X126.111 Y167.118 E83.89365
G1 X129.273 Y169.246 E84.07112
G1 X129.387 Y169.332 E84.07777
G1 X132.312 Y171.77 E84.25508
G1 X132.419 Y171.868 E84.26184
G1 X135.076 Y174.596 E84.43916
G1 X135.171 Y174.704 E84.44586
G1 X137.535 Y177.691 E84.62323
G1 X137.618 Y177.809 E84.62995
G1 X139.663 Y181.024 E84.80737
G1 X139.734 Y181.149 E84.81407
G1 X141.437 Y184.556 E84.99143
G1 X141.495 Y184.688 E84.99814
G1 X142.84 Y188.255 E85.17565
G1 X142.884 Y188.392 E85.18235
G1 X143.854 Y192.074 E85.35965
G1 X143.883 Y192.216 E85.3664
G1 X144.469 Y195.98 E85.54378
G1 X144.484 Y196.123 E85.55047
G1 X144.68 Y199.927 E85.72784
G1 X144.68 Y200.071 E85.73454
G1 X144.484 Y203.875 E85.91191
G1 X144.469 Y204.018 E85.9186
G1 X143.883 Y207.784 E86.09607
G1 X143.854 Y207.926 E86.10282
G1 X142.884 Y211.608 E86.28012
G1 X142.84 Y211.745 E86.28682
G1 X141.496 Y215.31 E86.46423
G1 X141.438 Y215.442 E86.47094
G1 X139.735 Y218.849 E86.6483
G1 X139.664 Y218.974 E86.65499
G1 X137.619 Y222.19 E86.83246
G1 X137.536 Y222.308 E86.83917
G1 X135.173 Y225.294 E87.01648
G1 X135.078 Y225.402 E87.02318
G1 X132.42 Y228.131 E87.20057
G1 X132.313 Y228.229 E87.20732
G1 X129.387 Y230.668 E87.3847
G1 X129.273 Y230.754 E87.39135
G1 X126.111 Y232.882 E87.56882
G1 X125.987 Y232.957 E87.57557
G1 X122.625 Y234.746 E87.7529
G1 X122.495 Y234.807 E87.75959
G1 X118.966 Y236.244 E87.93702
G1 X118.829 Y236.291 E87.94376
G1 X115.173 Y237.354 E88.12105
G1 X115.033 Y237.387 E88.12775
G1 X111.283 Y238.071 E88.30524
G1 X111.14 Y238.09 E88.31196
G1 X107.343 Y238.384 E88.48929
G1 X107.199 Y238.388 E88.496
G1 X103.392 Y238.29 E88.67333
G1 X103.249 Y238.278 E88.68001
G1 X99.469 Y237.79 E88.85748
G1 X99.326 Y237.764 E88.86425
G1 X95.62 Y236.888 E89.04157
G1 X95.482 Y236.848 E89.04827
G1 X91.883 Y235.596 E89.2257
G1 X91.75 Y235.542 E89.23238
G1 X88.299 Y233.927 E89.4098
G1 X88.171 Y233.859 E89.41655
G1 X84.907 Y231.899 E89.59383
G1 X84.788 Y231.819 E89.60051
G1 X81.741 Y229.532 E89.77791
G1 X81.63 Y229.439 E89.78465
G1 X78.834 Y226.85 E89.96209
G1 X78.734 Y226.748 E89.96874
G1 X76.218 Y223.887 E90.14615
G1 X76.128 Y223.773 E90.15291
G1 X73.921 Y220.668 E90.3303
G1 X73.844 Y220.547 E90.33697
G1 X71.967 Y217.231 E90.5144
G1 X71.902 Y217.102 E90.52113
G1 X70.377 Y213.612 E90.69847
G1 X70.326 Y213.476 E90.70524
G1 X69.169 Y209.849 E90.88251
G1 X69.133 Y209.71 E90.8892
G1 X68.353 Y205.979 E91.06668
G1 X68.33 Y205.837 E91.07338
G1 X67.939 Y202.05 E91.25066
G1 X67.932 Y201.906 E91.25737
G1 X67.932 Y198.096 E91.43478
G1 X67.939 Y197.952 E91.44149
G1 X68.33 Y194.163 E91.61886
G1 X68.353 Y194.021 E91.62556
G1 X69.133 Y190.29 E91.80305
M204 S3000
M205 X10 Y10
G1 F2400 E85.80305
;MESH:15_4_1.stl
G0 F3000 X70.916 Y190.694
G0 X70.042 Y198.147
G1 F2400 E91.80305
G0 F3000 X69.612 Y198.147
M204 S1800
M205 X8 Y8
;TYPE:WALL-OUTER
G1 F1500 X69.612 Y201.891 E91.97738
G1 X70.001 Y205.649 E92.15331
G1 X70.771 Y209.338 E92.32878
G1 X71.923 Y212.953 E92.50545
G1 X72.128 Y213.426 E92.52946
G1 X72.135 Y213.437 E92.53007
G1 X73.437 Y216.416 E92.68145
G1 X75.299 Y219.707 E92.85752
G1 X75.69 Y220.256 E92.88891
G1 X77.489 Y222.788 E93.03354
G1 X79.984 Y225.627 E93.20953
G1 X80.663 Y226.255 E93.25259
G1 X82.764 Y228.201 E93.38594
G1 X85.786 Y230.465 E93.56177
G1 X89.025 Y232.41 E93.73769
G1 X90.206 Y232.962 E93.7984
G1 X92.452 Y234.014 E93.91388
G1 X93.8 Y234.483 E93.98034
G1 X96.034 Y235.262 E94.09051
G1 X99.702 Y236.124 E94.26596
G1 X103.449 Y236.61 E94.4419
G1 X105.256 Y236.656 E94.52607
G1 X107.226 Y236.707 E94.61783
G1 X110.995 Y236.415 E94.79385
G1 X114.715 Y235.737 E94.96993
G1 X118.332 Y234.684 E95.14534
G1 X121.847 Y233.257 E95.32199
G1 X123.997 Y232.112 E95.43541
G1 X125.186 Y231.479 E95.49814
G1 X127.309 Y230.05 E95.6173
G1 X128.29 Y229.391 E95.67233
G1 X128.35 Y229.345 E95.67585
G1 X131.224 Y226.948 E95.85011
G1 X133.864 Y224.239 E96.02625
G1 X136.209 Y221.275 E96.20223
G1 X138.237 Y218.086 E96.37821
G1 X139.929 Y214.703 E96.55434
G1 X141.268 Y211.152 E96.73105
G1 X142.225 Y207.509 E96.90644
G1 X142.806 Y203.773 E97.0825
G1 X143.001 Y199.998 E97.25851
G1 X142.807 Y196.225 E97.43443
G1 X142.225 Y192.489 E97.61049
G1 X141.266 Y188.848 E97.78582
G1 X139.929 Y185.296 E97.96254
G1 X138.237 Y181.914 E98.13863
G1 X137.866 Y181.328 E98.17092
G1 X136.229 Y178.757 E98.31285
G1 X135.752 Y178.147 E98.34891
G1 X133.862 Y175.759 E98.49071
G1 X131.224 Y173.052 E98.66672
G1 X128.32 Y170.629 E98.84283
G1 X125.186 Y168.521 E99.0187
G1 X121.847 Y166.743 E99.19485
G1 X120.58 Y166.228 E99.25853
G1 X118.332 Y165.312 E99.37156
G1 X114.715 Y164.264 E99.54691
G1 X110.995 Y163.585 E99.72299
G1 X107.226 Y163.293 E99.89902
G1 X103.449 Y163.39 E100.07495
G1 X101.472 Y163.645 E100.16777
G1 X99.702 Y163.875 E100.25088
G1 X96.034 Y164.742 E100.42639
G1 X92.452 Y165.986 E100.60295
G1 X89.025 Y167.59 E100.77914
G1 X86.887 Y168.875 E100.89529
G1 X85.786 Y169.535 E100.95507
G1 X83.686 Y171.11 E101.0773
G1 X82.766 Y171.8 E101.13085
G1 X79.984 Y174.373 E101.3073
G1 X77.489 Y177.212 E101.48329
G1 X75.299 Y180.293 E101.6593
G1 X73.438 Y183.584 E101.83535
G1 X71.923 Y187.048 E102.0114
G1 X70.768 Y190.662 E102.18807
G1 X70.058 Y194.079 E102.35058
G1 X69.997 Y194.387 E102.3652
G1 X69.627 Y197.96 E102.53246
G1 X69.612 Y198.147 E102.5412
M204 S3000
M205 X10 Y10
G0 F3000 X69.612 Y198.347
G0 X70.042 Y198.347
G0 X71.052 Y198.137
M204 S1800
M205 X8 Y8
G1 F1500 X71.053 Y198.108 E102.54255
G1 X71.449 Y194.404 E102.716
G1 X71.454 Y194.374 E102.71742
G1 X72.242 Y190.73 E102.89102
G1 X72.25 Y190.701 E102.89242
G1 X73.43 Y187.139 E103.06715
G1 X74.968 Y183.747 E103.24057
G1 X74.982 Y183.72 E103.24199
G1 X76.887 Y180.49 E103.4166
G1 X79.129 Y177.475 E103.59155
G1 X81.678 Y174.714 E103.76653
G1 X84.506 Y172.241 E103.94146
G1 X87.583 Y170.083 E104.11646
G1 X90.866 Y168.265 E104.29121
G1 X94.318 Y166.81 E104.46564
G1 X97.909 Y165.727 E104.64029
G1 X101.616 Y165.03 E104.81593
G1 X103.565 Y164.875 E104.90697
G1 X105.344 Y164.732 E104.99007
G1 X107.188 Y164.78 E105.07597
G1 X109.112 Y164.834 E105.16559
G1 X112.82 Y165.33 E105.33979
G1 X116.453 Y166.216 E105.51392
G1 X117.835 Y166.713 E105.5823
G1 X119.995 Y167.494 E105.68925
G1 X123.372 Y169.134 E105.86406
G1 X126.557 Y171.127 E106.03901
G1 X127.419 Y171.802 E106.08999
G1 X129.509 Y173.444 E106.21375
G1 X132.2 Y176.063 E106.38861
G1 X134.598 Y178.953 E106.56347
G1 X136.677 Y182.084 E106.73848
G1 X138.404 Y185.406 E106.91282
G1 X139.773 Y188.907 E107.08786
G1 X140.763 Y192.529 E107.2627
G1 X141.361 Y196.235 E107.4375
G1 X141.562 Y199.998 E107.61297
G1 X141.365 Y203.734 E107.78718
G1 X140.769 Y207.444 E107.96214
G1 X140.763 Y207.473 E107.96352
G1 X139.775 Y211.091 E108.13816
G1 X138.581 Y214.146 E108.29089
G1 X138.403 Y214.598 E108.31351
G1 X136.688 Y217.893 E108.48648
G1 X134.999 Y220.445 E108.62898
G1 X134.598 Y221.047 E108.66266
G1 X132.197 Y223.94 E108.83772
G1 X129.51 Y226.554 E109.01228
G1 X126.574 Y228.861 E109.18615
G1 X123.374 Y230.865 E109.36196
G1 X119.994 Y232.506 E109.53692
G1 X116.465 Y233.78 E109.71162
G1 X112.82 Y234.67 E109.88633
G1 X109.097 Y235.168 E110.06124
G1 X105.329 Y235.268 E110.23675
G1 X101.587 Y234.966 E110.41156
G1 X97.909 Y234.273 E110.58584
G1 X94.3 Y233.184 E110.76137
G1 X90.84 Y231.722 E110.93628
G1 X87.557 Y229.901 E111.11109
G1 X84.5 Y227.754 E111.28504
G1 X81.672 Y225.281 E111.45997
G1 X79.129 Y222.525 E111.63458
G1 X76.887 Y219.51 E111.80953
G1 X74.98 Y216.276 E111.98435
G1 X74.757 Y215.788 E112.00934
G1 X73.429 Y212.858 E112.15913
G1 X72.249 Y209.296 E112.33386
G1 X71.453 Y205.624 E112.50881
G1 X71.053 Y201.895 E112.68344
G1 X71.052 Y198.137 E112.85843
M204 S3000
M205 X10 Y10
G0 F3000 X71.053 Y198.108
G0 X71.071 Y197.938
G0 X70.332 Y198.147
M204 S1800
M205 X8 Y8
;TYPE:WALL-INNER
G1 F954.5 X70.332 Y201.855 E113.12976
G1 F958.9 X70.341 Y201.971 E113.13823
G1 F962.2 X70.394 Y202.48 E113.17538
G1 F960 X70.448 Y202.989 E113.21262
G1 F957.8 X70.501 Y203.498 E113.24994
G1 F955.6 X70.555 Y204.008 E113.28742
G1 F953.5 X70.608 Y204.517 E113.32491
G1 F951.3 X70.662 Y205.026 E113.36249
G1 F949.2 X70.715 Y205.536 E113.40022
G1 F957.8 X70.756 Y205.776 E113.41798
G1 F965.5 X70.875 Y206.339 E113.45961
G1 F961.1 X70.995 Y206.902 E113.50144
G1 F956.7 X71.115 Y207.466 E113.54354
G1 F951.3 X71.235 Y208.029 E113.5858
G1 F947 X71.354 Y208.593 E113.62832
G1 F942.8 X71.474 Y209.156 E113.67096
G1 F956.7 X71.575 Y209.521 E113.69861
G1 F971.1 X71.746 Y210.049 E113.73853
G1 F964.4 X71.918 Y210.578 E113.77882
G1 F957.8 X72.09 Y211.107 E113.81938
G1 F950.2 X72.261 Y211.636 E113.86025
G1 F943.8 X72.433 Y212.165 E113.90141
G1 F937.5 X72.605 Y212.694 E113.94285
G1 F955.6 X72.785 Y213.154 E113.97896
G1 F975.6 X73.002 Y213.642 E114.01719
G1 F966.6 X73.22 Y214.131 E114.05588
G1 F958.9 X73.438 Y214.62 E114.09488
G1 F951.3 X73.655 Y215.109 E114.13416
G1 F942.8 X73.873 Y215.598 E114.17382
G1 F935.4 X74.091 Y216.087 E114.2138
G1 F955.6 X74.324 Y216.545 E114.25136
G1 F983.6 X74.374 Y216.638 E114.25886
G1 F981.3 X74.631 Y217.083 E114.29543
G1 F971.1 X74.889 Y217.529 E114.33249
G1 F961.1 X75.146 Y217.975 E114.3699
G1 F951.3 X75.404 Y218.421 E114.40773
G1 F941.7 X75.661 Y218.867 E114.44591
G1 F932.3 X75.919 Y219.313 E114.48451
G1 F955.6 X76.266 Y219.848 E114.53112
G1 F987.1 X76.325 Y219.935 E114.53856
G1 F981.3 X76.673 Y220.413 E114.58064
G1 F967.7 X77.021 Y220.892 E114.62337
G1 F953.5 X77.369 Y221.371 E114.66674
G1 F940.6 X77.717 Y221.85 E114.71071
G1 F928.2 X78.065 Y222.329 E114.75526
G1 F953.5 X78.549 Y222.928 E114.81168
G1 F990.6 X78.617 Y223.007 E114.81903
G1 F985.9 X78.995 Y223.427 E114.85906
G1 F970 X79.374 Y223.848 E114.89985
G1 F954.5 X79.753 Y224.269 E114.9413
G1 F940.6 X80.132 Y224.689 E114.9833
G1 F926.1 X80.511 Y225.11 E115.02602
G1 F955.6 X81.141 Y225.741 E115.09119
G1 F996.4 X81.217 Y225.814 E115.09858
G1 F989.4 X81.621 Y226.177 E115.13692
G1 F972.2 X82.025 Y226.541 E115.17599
G1 F954.5 X82.43 Y226.905 E115.21583
G1 F938.5 X82.834 Y227.269 E115.2563
G1 F923.1 X83.238 Y227.633 E115.29745
G1 F934.4 X83.63 Y227.95 E115.33514
G1 F975.6 X84.022 Y228.268 E115.37127
G1 F1000 X84.105 Y228.331 E115.37855
G1 F992.9 X84.523 Y228.634 E115.41487
G1 F974.5 X84.942 Y228.938 E115.45197
G1 F955.6 X85.36 Y229.242 E115.48975
G1 F938.5 X85.779 Y229.545 E115.52823
G1 F922.1 X86.198 Y229.849 E115.56744
G1 F934.4 X86.677 Y230.161 E115.61018
G1 F979 X87.156 Y230.473 E115.65096
G1 F1003.6 X87.245 Y230.527 E115.6582
G1 F992.9 X87.777 Y230.833 E115.70138
G1 F967.7 X88.309 Y231.14 E115.74571
G1 F944.9 X88.841 Y231.447 E115.79111
G1 F922.1 X89.373 Y231.754 E115.83764
G1 F933.3 X89.938 Y232.043 E115.88513
G1 F981.3 X90.502 Y232.331 E115.93021
G1 F1008.4 X90.596 Y232.376 E115.93742
G1 F996.4 X91.129 Y232.613 E115.97831
G1 F970 X91.663 Y232.85 E116.02038
G1 F944.9 X92.197 Y233.088 E116.0636
G1 F921.1 X92.731 Y233.325 E116.1079
G1 F932.3 X93.38 Y233.576 E116.16003
G1 F981.3 X94.029 Y233.826 E116.20954
G1 F1008.4 X94.127 Y233.86 E116.21672
G1 F995.3 X94.655 Y234.031 E116.25567
G1 F967.7 X95.184 Y234.203 E116.29582
G1 F941.7 X95.713 Y234.375 E116.33708
G1 F917 X96.242 Y234.547 E116.37944
G1 F921.1 X96.725 Y234.676 E116.41736
G1 F953.5 X97.208 Y234.806 E116.454
G1 F989.4 X97.691 Y234.935 E116.48929
G1 F1008.4 X97.793 Y234.96 E116.49656
G1 F996.4 X98.303 Y235.068 E116.53311
G1 F968.9 X98.814 Y235.176 E116.57076
G1 F943.8 X99.325 Y235.284 E116.60941
G1 F919 X99.835 Y235.392 E116.64903
G1 F923.1 X100.375 Y235.478 E116.6904
G1 F955.6 X100.916 Y235.564 E116.73044
G1 F991.7 X101.458 Y235.65 E116.76909
G1 F1008.4 X101.561 Y235.664 E116.77629
G1 F989.4 X102.209 Y235.731 E116.82228
G1 F953.5 X102.858 Y235.799 E116.87008
G1 F921.1 X103.506 Y235.867 E116.91949
G1 X104.095 Y235.898 E116.96422
G1 F954.5 X104.684 Y235.929 E117.00738
G1 F990.6 X105.274 Y235.961 E117.04904
G1 F1009.6 X105.378 Y235.964 E117.05624
G1 F991.7 X105.988 Y235.964 E117.0992
G1 F955.6 X106.598 Y235.964 E117.14378
G1 F923.1 X107.208 Y235.963 E117.18994
G1 X107.838 Y235.931 E117.23767
G1 F955.6 X108.468 Y235.898 E117.28378
G1 F991.7 X109.099 Y235.865 E117.32828
G1 F1009.6 X109.203 Y235.856 E117.3355
G1 F990.6 X109.768 Y235.797 E117.37556
G1 F954.5 X110.334 Y235.737 E117.41721
G1 F921.1 X110.9 Y235.677 E117.46037
G1 F918 X111.399 Y235.598 E117.49881
G1 F942.8 X111.899 Y235.519 E117.53631
G1 F970 X112.399 Y235.44 E117.57276
G1 F997.6 X112.899 Y235.361 E117.6082
G1 F1010.8 X113.001 Y235.342 E117.61537
G1 F991.7 X113.515 Y235.233 E117.65238
G1 F955.6 X114.03 Y235.123 E117.69087
G1 F923.1 X114.545 Y235.013 E117.73071
G1 F919 X115.063 Y234.875 E117.77145
G1 F943.8 X115.581 Y234.736 E117.81114
G1 F970 X116.099 Y234.598 E117.84975
G1 F997.6 X116.617 Y234.459 E117.8873
G1 F1010.8 X116.718 Y234.429 E117.89458
G1 F982.5 X117.403 Y234.206 E117.94579
G1 F932.3 X118.089 Y233.982 E117.99986
G1 F921.1 X118.622 Y233.778 E118.04313
G1 F943.8 X119.155 Y233.574 E118.08537
G1 F968.9 X119.688 Y233.369 E118.12654
G1 F994.1 X120.221 Y233.165 E118.16664
G1 F1006 X120.315 Y233.126 E118.1737
G1 F979 X120.923 Y232.855 E118.22119
G1 F931.3 X121.532 Y232.584 E118.27119
G1 F920 X122.066 Y232.313 E118.31665
G1 F942.8 X122.6 Y232.041 E118.36105
G1 F966.6 X123.134 Y231.77 E118.40432
G1 F991.7 X123.668 Y231.498 E118.44652
G1 F1004.8 X123.761 Y231.447 E118.4539
G1 F980.2 X124.283 Y231.145 E118.49687
G1 F933.3 X124.805 Y230.843 E118.542
G1 F920 X125.227 Y230.569 E118.5802
G1 F937.5 X125.65 Y230.295 E118.61775
G1 F954.5 X126.073 Y230.02 E118.65466
G1 F973.3 X126.496 Y229.746 E118.69083
G1 F992.9 X126.919 Y229.471 E118.72632
G1 F1001.2 X127.006 Y229.411 E118.73369
G1 F977.9 X127.442 Y229.094 E118.7722
G1 F935.4 X127.878 Y228.777 E118.81245
G1 F923.1 X128.289 Y228.445 E118.85243
G1 F938.5 X128.7 Y228.112 E118.89179
G1 F954.5 X129.111 Y227.779 E118.9305
G1 F972.2 X129.523 Y227.446 E118.96856
G1 F989.4 X129.934 Y227.113 E119.0059
G1 F975.6 X130.329 Y226.758 E119.04392
G1 F934.4 X130.722 Y226.405 E119.08341
G1 F923.1 X131.114 Y226.013 E119.12536
G1 F938.5 X131.507 Y225.621 E119.16666
G1 F953.5 X131.899 Y225.229 E119.20728
G1 F970 X132.292 Y224.836 E119.2473
G1 F987.1 X132.685 Y224.444 E119.28657
G1 F955.6 X133.31 Y223.753 E119.35467
G1 F926.1 X133.675 Y223.303 E119.39837
G1 F940.6 X134.04 Y222.852 E119.44145
G1 F954.5 X134.405 Y222.401 E119.48391
G1 F970 X134.771 Y221.951 E119.52568
G1 F985.9 X135.136 Y221.5 E119.56678
G1 F958.9 X135.61 Y220.85 E119.62538
G1 F932.3 X135.885 Y220.427 E119.66318
G1 F941.7 X136.16 Y220.003 E119.70066
G1 F951.3 X136.435 Y219.58 E119.7377
G1 F961.1 X136.71 Y219.156 E119.77443
G1 F971.1 X136.985 Y218.733 E119.81072
G1 F981.3 X137.26 Y218.309 E119.84669
G1 F957.8 X137.6 Y217.726 E119.8959
G1 F936.5 X137.838 Y217.26 E119.93493
G1 F944.9 X138.076 Y216.793 E119.97368
G1 F953.5 X138.314 Y216.326 E120.01207
G1 F963.3 X138.552 Y215.859 E120.05008
G1 F972.2 X138.79 Y215.392 E120.08773
G1 F981.3 X139.028 Y214.925 E120.12504
G1 F960 X139.26 Y214.411 E120.16607
G1 F938.5 X139.455 Y213.902 E120.20664
G1 F944.9 X139.651 Y213.392 E120.24702
G1 F951.3 X139.846 Y212.882 E120.28711
G1 F957.8 X140.042 Y212.372 E120.32696
G1 F964.4 X140.238 Y211.862 E120.36653
G1 F971.1 X140.433 Y211.352 E120.4058
G1 F954.5 X140.573 Y210.931 E120.43826
G1 F938.5 X140.718 Y210.387 E120.48016
G1 F944.9 X140.864 Y209.842 E120.52187
G1 F951.3 X141.01 Y209.297 E120.56329
G1 F956.7 X141.156 Y208.752 E120.60448
G1 F963.3 X141.302 Y208.207 E120.64539
G1 F970 X141.448 Y207.662 E120.68602
G1 F958.9 X141.515 Y207.362 E120.70841
G1 F948.1 X141.593 Y206.865 E120.74547
G1 F951.3 X141.672 Y206.367 E120.7825
G1 F954.5 X141.751 Y205.869 E120.81939
G1 F956.7 X141.83 Y205.371 E120.8562
G1 F960 X141.909 Y204.873 E120.89289
G1 F963.3 X141.988 Y204.375 E120.92945
G1 F966.6 X142.067 Y203.877 E120.96588
G1 F960 X142.088 Y203.699 E120.97892
G1 F953.5 X142.151 Y202.484 E121.06805
G1 F955.6 X142.215 Y201.268 E121.15705
G1 F957.8 X142.279 Y200.052 E121.24584
G1 F958.9 X142.28 Y199.947 E121.25349
G1 F957.8 X142.233 Y199.036 E121.32001
G1 F955.6 X142.185 Y198.124 E121.38676
G1 F953.5 X142.137 Y197.212 E121.45366
G1 F951.3 X142.089 Y196.3 E121.52072
G1 F957.8 X142.068 Y196.125 E121.53357
G1 F964.4 X141.99 Y195.628 E121.57001
G1 F962.2 X141.911 Y195.13 E121.60661
G1 F958.9 X141.832 Y194.632 E121.64334
G1 F955.6 X141.753 Y194.134 E121.68019
G1 F953.5 X141.674 Y193.636 E121.71713
G1 F950.2 X141.595 Y193.138 E121.75419
G1 F948.1 X141.516 Y192.64 E121.79134
G1 F957.8 X141.449 Y192.339 E121.81382
G1 F967.7 X141.303 Y191.795 E121.85448
G1 F962.2 X141.157 Y191.25 E121.89543
G1 F956.7 X141.011 Y190.705 E121.93662
G1 F951.3 X140.865 Y190.16 E121.97805
G1 F945.9 X140.719 Y189.615 E122.01971
G1 F940.6 X140.573 Y189.07 E122.06161
G1 F956.7 X140.432 Y188.647 E122.09416
G1 F973.3 X140.237 Y188.138 E122.13327
G1 F965.5 X140.041 Y187.628 E122.1728
G1 F958.9 X139.846 Y187.118 E122.21257
G1 F951.3 X139.65 Y186.608 E122.25268
G1 F943.8 X139.455 Y186.098 E122.29309
G1 F937.5 X139.259 Y185.588 E122.33379
G1 F958.9 X139.036 Y185.089 E122.37361
G1 F984.8 X139.029 Y185.077 E122.37459
G1 F979 X138.791 Y184.611 E122.41192
G1 F970 X138.553 Y184.144 E122.44967
G1 F961.1 X138.315 Y183.677 E122.48776
G1 F951.3 X138.077 Y183.21 E122.52624
G1 F942.8 X137.839 Y182.743 E122.56507
G1 F934.4 X137.601 Y182.276 E122.60426
G1 F955.6 X137.316 Y181.78 E122.64607
G1 F985.9 X137.261 Y181.69 E122.65354
G1 F983.6 X136.986 Y181.267 E122.68937
G1 F972.2 X136.711 Y180.844 E122.72561
G1 F961.1 X136.436 Y180.42 E122.76234
G1 F951.3 X136.16 Y179.997 E122.79942
G1 F940.6 X135.885 Y179.573 E122.83695
G1 F930.2 X135.61 Y179.15 E122.87483
G1 F956.7 X135.199 Y178.583 E122.92596
G1 F991.7 X135.135 Y178.499 E122.93339
G1 F985.9 X134.77 Y178.049 E122.97444
G1 F970 X134.405 Y177.598 E123.01622
G1 F954.5 X134.04 Y177.148 E123.05862
G1 F940.6 X133.674 Y176.697 E123.10175
G1 F926.1 X133.309 Y176.246 E123.1455
G1 F954.5 X132.756 Y175.631 E123.20602
G1 F994.1 X132.684 Y175.555 E123.21338
G1 F987.1 X132.292 Y175.163 E123.25261
G1 F970 X131.899 Y174.771 E123.29258
G1 F953.5 X131.506 Y174.379 E123.33324
G1 F938.5 X131.114 Y173.986 E123.37455
G1 F923.1 X130.721 Y173.594 E123.41655
G1 F953.5 X130.014 Y172.956 E123.48631
G1 F996.4 X129.935 Y172.888 E123.49362
G1 F989.4 X129.524 Y172.555 E123.53096
G1 F971.1 X129.112 Y172.221 E123.56911
G1 F953.5 X128.7 Y171.888 E123.60791
G1 F937.5 X128.288 Y171.554 E123.64743
G1 F921.1 X127.876 Y171.221 E123.6876
G1 F933.3 X127.441 Y170.905 E123.72784
G1 F976.7 X127.006 Y170.589 E123.76628
G1 F1000 X126.92 Y170.529 E123.77361
G1 F990.6 X126.498 Y170.255 E123.80909
G1 F972.2 X126.075 Y169.981 E123.84529
G1 F954.5 X125.652 Y169.707 E123.88217
G1 F937.5 X125.229 Y169.432 E123.91976
G1 F921.1 X124.806 Y169.158 E123.95798
G1 F934.4 X124.282 Y168.855 E124.00323
G1 F980.2 X123.759 Y168.552 E124.0463
G1 F1004.8 X123.667 Y168.502 E124.05358
G1 F991.7 X123.134 Y168.231 E124.09569
G1 F966.6 X122.6 Y167.959 E124.13899
G1 F942.8 X122.066 Y167.688 E124.18336
G1 F920 X121.532 Y167.416 E124.22885
G1 F931.3 X120.925 Y167.145 E124.27871
G1 F979 X120.317 Y166.874 E124.3262
G1 F1004.8 X120.221 Y166.834 E124.33343
G1 F991.7 X119.688 Y166.63 E124.37362
G1 F966.6 X119.155 Y166.425 E124.41489
G1 F941.7 X118.622 Y166.22 E124.45724
G1 F919 X118.088 Y166.015 E124.50071
G1 F930.2 X117.403 Y165.793 E124.55478
G1 F980.2 X116.718 Y165.57 E124.60612
G1 F1008.4 X116.618 Y165.54 E124.61335
G1 F996.4 X116.1 Y165.402 E124.65092
G1 F970 X115.582 Y165.264 E124.68952
G1 F944.9 X115.064 Y165.126 E124.72915
G1 F921.1 X114.546 Y164.988 E124.7698
G1 F925.1 X114.031 Y164.878 E124.80956
G1 F957.8 X113.516 Y164.768 E124.84796
G1 F994.1 X113.001 Y164.658 E124.88497
G1 F1012 X112.898 Y164.639 E124.89219
G1 F997.6 X112.399 Y164.56 E124.92757
G1 F970 X111.899 Y164.481 E124.96402
G1 F943.8 X111.399 Y164.402 E125.00148
G1 F919 X110.899 Y164.323 E125.03995
G1 F923.1 X110.335 Y164.264 E125.08286
G1 F955.6 X109.769 Y164.204 E125.12446
G1 F991.7 X109.203 Y164.144 E125.16454
G1 F1009.6 X109.1 Y164.136 E125.17169
G1 F991.7 X108.47 Y164.104 E125.21612
G1 F955.6 X107.84 Y164.071 E125.26223
G1 F923.1 X107.209 Y164.038 E125.31004
G1 X106.598 Y164.037 E125.35627
G1 F955.6 X105.988 Y164.037 E125.40085
G1 F991.7 X105.378 Y164.036 E125.44382
G1 F1009.6 X105.274 Y164.039 E125.45101
G1 F990.6 X104.685 Y164.07 E125.4926
G1 F953.5 X104.096 Y164.101 E125.53581
G1 F920 X103.506 Y164.133 E125.58067
G1 F919 X102.858 Y164.2 E125.63018
G1 F952.4 X102.209 Y164.268 E125.67803
G1 F988.2 X101.561 Y164.336 E125.72408
G1 F1008.4 X101.458 Y164.35 E125.73128
G1 F990.6 X100.917 Y164.436 E125.76991
G1 F954.5 X100.376 Y164.522 E125.80999
G1 F921.1 X99.835 Y164.608 E125.85153
G1 F918 X99.325 Y164.716 E125.8912
G1 F942.8 X98.814 Y164.824 E125.92989
G1 F970 X98.303 Y164.932 E125.9675
G1 F997.6 X97.793 Y165.041 E126.00401
G1 F1010.8 X97.692 Y165.065 E126.01119
G1 F991.7 X97.209 Y165.195 E126.04641
G1 F956.7 X96.725 Y165.325 E126.083
G1 F925.1 X96.241 Y165.455 E126.12084
G1 F921.1 X95.713 Y165.626 E126.16293
G1 F944.9 X95.185 Y165.797 E126.20395
G1 F970 X94.657 Y165.968 E126.24392
G1 F996.4 X94.129 Y166.139 E126.28282
G1 F1009.6 X94.03 Y166.175 E126.29011
G1 F982.5 X93.381 Y166.424 E126.33953
G1 F932.3 X92.731 Y166.674 E126.3917
G1 F921.1 X92.198 Y166.911 E126.43594
G1 F944.9 X91.664 Y167.149 E126.47915
G1 F970 X91.13 Y167.386 E126.52122
G1 F996.4 X90.596 Y167.624 E126.5622
G1 F1008.4 X90.502 Y167.669 E126.56942
G1 F981.3 X89.938 Y167.957 E126.6145
G1 F933.3 X89.374 Y168.245 E126.66189
G1 F922.1 X88.842 Y168.551 E126.70838
G1 F944.9 X88.31 Y168.858 E126.75378
G1 F967.7 X87.778 Y169.165 E126.79811
G1 F992.9 X87.246 Y169.472 E126.84132
G1 F1003.6 X87.156 Y169.527 E126.84866
G1 F979 X86.678 Y169.838 E126.88935
G1 F934.4 X86.199 Y170.15 E126.93208
G1 F922.1 X85.781 Y170.453 E126.97118
G1 F938.5 X85.362 Y170.757 E127.00971
G1 F955.6 X84.944 Y171.061 E127.04749
G1 F974.5 X84.525 Y171.364 E127.08455
G1 F992.9 X84.106 Y171.668 E127.12096
G1 F1001.2 X84.022 Y171.733 E127.12837
G1 F977.9 X83.631 Y172.05 E127.16433
G1 F936.5 X83.239 Y172.367 E127.20193
G1 F925.1 X82.835 Y172.731 E127.24298
G1 F940.6 X82.431 Y173.095 E127.28336
G1 F956.7 X82.026 Y173.459 E127.32312
G1 F974.5 X81.622 Y173.823 E127.36209
G1 F991.7 X81.217 Y174.187 E127.40044
G1 F957.8 X80.513 Y174.888 E127.47289
G1 F926.1 X80.135 Y175.308 E127.51551
G1 F940.6 X79.756 Y175.729 E127.55757
G1 F954.5 X79.377 Y176.15 E127.59902
G1 F970 X78.998 Y176.57 E127.63975
G1 F985.9 X78.619 Y176.991 E127.67989
G1 F955.6 X78.067 Y177.669 E127.74379
G1 F928.2 X77.719 Y178.147 E127.78828
G1 F940.6 X77.371 Y178.626 E127.83224
G1 F953.5 X77.023 Y179.105 E127.87561
G1 F967.7 X76.675 Y179.584 E127.91835
G1 F981.3 X76.327 Y180.063 E127.96049
G1 F956.7 X75.919 Y180.687 E128.01492
G1 F932.3 X75.662 Y181.132 E128.05342
G1 F941.7 X75.404 Y181.578 E128.09163
G1 F951.3 X75.147 Y182.024 E128.12943
G1 F961.1 X74.889 Y182.47 E128.16687
G1 F971.1 X74.632 Y182.916 E128.20389
G1 F981.3 X74.374 Y183.362 E128.24057
G1 F958.9 X74.092 Y183.911 E128.28552
G1 F937.5 X73.875 Y184.399 E128.32531
G1 F944.9 X73.657 Y184.888 E128.36489
G1 F952.4 X73.439 Y185.377 E128.40416
G1 F960 X73.222 Y185.866 E128.44308
G1 F967.7 X73.004 Y186.355 E128.48172
G1 F975.6 X72.786 Y186.844 E128.52005
G1 F956.7 X72.606 Y187.305 E128.55618
G1 F938.5 X72.434 Y187.833 E128.59751
G1 F944.9 X72.262 Y188.362 E128.63863
G1 F951.3 X72.09 Y188.891 E128.67947
G1 F956.7 X71.918 Y189.42 E128.72008
G1 F963.3 X71.746 Y189.949 E128.76041
G1 F970 X71.574 Y190.478 E128.80047
G1 F955.6 X71.472 Y190.847 E128.82845
G1 F942.8 X71.353 Y191.409 E128.87101
G1 F947 X71.234 Y191.972 E128.91345
G1 F951.3 X71.115 Y192.534 E128.95563
G1 F956.7 X70.995 Y193.097 E128.99765
G1 F961.1 X70.876 Y193.659 E129.0394
G1 F965.5 X70.757 Y194.222 E129.08103
G1 F958.9 X70.716 Y194.461 E129.09869
G1 F951.3 X70.622 Y195.354 E129.16462
G1 F953.5 X70.528 Y196.247 E129.2304
G1 F955.6 X70.434 Y197.14 E129.29603
G1 F957.8 X70.339 Y198.034 E129.36159
G1 F956.7 X70.332 Y198.147 E129.36985
M204 S3000
M205 X10 Y10
G0 F3000 X70.162 Y198.165
;MESH:NONMESH
G0 F600 X70.162 Y198.165 Z0.4
G0 F3000 X69.532 Y198.107
;TIME_ELAPSED:90.798733
;LAYER:1
M204 S1800
M205 X8 Y8
;TYPE:WALL-OUTER
;MESH:15_4_1.stl
G1 F2250 X69.532 Y201.895 E129.49584
G1 X69.922 Y205.662 E129.6218
G1 X70.685 Y209.319 E129.74605
G1 X70.822 Y209.76 E129.76141
G1 X71.848 Y212.981 E129.87385
G1 X73.366 Y216.452 E129.99985
G1 X75.232 Y219.75 E130.12588
G1 X77.427 Y222.838 E130.25189
G1 X79.927 Y225.683 E130.37786
G1 X82.713 Y228.263 E130.50415
G1 X83.554 Y228.892 E130.53908
G1 X85.741 Y230.531 E130.62998
G1 X86.755 Y231.14 E130.66933
G1 X88.988 Y232.481 E130.75596
G1 X90.172 Y233.034 E130.79942
G1 X92.422 Y234.088 E130.88206
G1 X96.012 Y235.339 E131.00851
G1 X99.687 Y236.203 E131.13407
G1 X103.443 Y236.69 E131.26004
G1 X107.228 Y236.787 E131.38597
G1 X111.006 Y236.495 E131.512
G1 X114.734 Y235.815 E131.63804
G1 X118.359 Y234.759 E131.76362
G1 X121.881 Y233.329 E131.89005
G1 X125.227 Y231.548 E132.01612
G1 X127.354 Y230.116 E132.10141
G1 X128.37 Y229.433 E132.14213
G1 X131.278 Y227.006 E132.26811
G1 X133.924 Y224.292 E132.39418
G1 X136.274 Y221.321 E132.52017
G1 X138.307 Y218.126 E132.64612
G1 X140.002 Y214.735 E132.77221
G1 X141.345 Y211.177 E132.8987
G1 X142.303 Y207.526 E133.02424
G1 X142.886 Y203.781 E133.1503
G1 X143.081 Y199.998 E133.27629
G1 X142.889 Y196.259 E133.40082
G1 X142.853 Y196.001 E133.40948
G1 X142.303 Y192.473 E133.52824
G1 X141.342 Y188.823 E133.65378
G1 X140.002 Y185.264 E133.78026
G1 X138.307 Y181.874 E133.90632
G1 X136.274 Y178.678 E134.03231
G1 X133.922 Y175.706 E134.15836
G1 X131.278 Y172.994 E134.28434
G1 X128.368 Y170.565 E134.41041
G1 X125.227 Y168.452 E134.53632
G1 X121.881 Y166.671 E134.66239
G1 X120.61 Y166.154 E134.70803
G1 X118.359 Y165.237 E134.78887
G1 X114.734 Y164.186 E134.91441
G1 X111.006 Y163.505 E135.04045
G1 X107.228 Y163.213 E135.16648
G1 X103.443 Y163.31 E135.29242
G1 X99.687 Y163.797 E135.41839
G1 X96.052 Y164.655 E135.54261
G1 X95.972 Y164.679 E135.54539
G1 X92.422 Y165.912 E135.67038
G1 X88.988 Y167.519 E135.79648
G1 X85.741 Y169.469 E135.92246
G1 X82.715 Y171.738 E136.04825
G1 X79.927 Y174.317 E136.17457
G1 X78.029 Y176.477 E136.27021
G1 X77.427 Y177.162 E136.30054
G1 X75.673 Y179.627 E136.40116
G1 X75.257 Y180.216 E136.42515
G1 X75.212 Y180.286 E136.42792
G1 X73.366 Y183.548 E136.55258
G1 X72.063 Y186.529 E136.66078
G1 X71.848 Y187.019 E136.67858
G1 X70.69 Y190.642 E136.80509
G1 X69.922 Y194.338 E136.93064
G1 X69.532 Y198.107 E137.05667
M204 S3000
M205 X10 Y10
G0 F4500 X69.532 Y198.307
G0 X70.042 Y198.307
G0 X71.132 Y198.137
M204 S1800
M205 X8 Y8
G1 F2250 X71.513 Y194.547 E137.17674
G1 X71.532 Y194.391 E137.18197
G1 X72.32 Y190.747 E137.30597
G1 X73.502 Y187.174 E137.43115
G1 X75.049 Y183.764 E137.55569
G1 X76.955 Y180.533 E137.68046
G1 X79.192 Y177.524 E137.80516
G1 X81.731 Y174.774 E137.92965
G1 X84.552 Y172.307 E138.0543
G1 X87.622 Y170.153 E138.17903
G1 X89.772 Y168.963 E138.26076
G1 X90.891 Y168.342 E138.30333
G1 X94.352 Y166.883 E138.42825
G1 X97.936 Y165.803 E138.55275
G1 X101.623 Y165.11 E138.67753
G1 X105.358 Y164.812 E138.80215
G1 X109.09 Y164.912 E138.92632
G1 X112.796 Y165.407 E139.05068
G1 X116.442 Y166.296 E139.1755
G1 X119.965 Y167.568 E139.30008
G1 X123.347 Y169.212 E139.42515
G1 X126.512 Y171.193 E139.54934
G1 X129.458 Y173.506 E139.67391
G1 X132.154 Y176.131 E139.79906
G1 X134.545 Y179.016 E139.92369
G1 X136.618 Y182.142 E140.04845
G1 X138.339 Y185.459 E140.17274
G1 X139.703 Y188.954 E140.29752
G1 X140.69 Y192.569 E140.42215
G1 X141.284 Y196.268 E140.54676
G1 X141.482 Y200.01 E140.67139
G1 X141.282 Y203.751 E140.796
G1 X140.687 Y207.45 E140.92061
G1 X139.793 Y210.718 E141.0333
G1 X139.698 Y211.064 E141.04523
G1 X138.334 Y214.558 E141.16998
G1 X136.608 Y217.871 E141.29423
G1 X134.533 Y221.001 E141.41913
G1 X132.141 Y223.883 E141.5437
G1 X129.454 Y226.497 E141.66839
G1 X126.507 Y228.81 E141.79299
G1 X123.33 Y230.797 E141.91762
G1 X119.956 Y232.435 E142.04237
G1 X116.434 Y233.706 E142.1669
G1 X112.796 Y234.593 E142.29145
G1 X109.09 Y235.088 E142.41581
G1 X105.336 Y235.188 E142.54071
G1 X101.613 Y234.889 E142.66493
G1 X97.928 Y234.195 E142.78965
G1 X94.343 Y233.114 E142.91419
G1 X90.878 Y231.652 E143.03928
G1 X87.603 Y229.835 E143.16385
G1 X84.548 Y227.69 E143.288
G1 X81.715 Y225.211 E143.41321
G1 X79.189 Y222.473 E143.53711
G1 X76.943 Y219.449 E143.6624
G1 X75.041 Y216.22 E143.78704
G1 X73.502 Y212.826 E143.91099
G1 X72.32 Y209.253 E144.03616
G1 X71.529 Y205.588 E144.16086
G1 X71.133 Y201.887 E144.28466
G1 X71.132 Y198.137 E144.40939
M204 S3000
M205 X10 Y10
G0 F4500 X71.153 Y197.939
G0 X70.732 Y198.137
M204 S1800
M205 X8 Y8
;TYPE:WALL-INNER
G1 F2250 X70.735 Y198.075 E144.41145
G1 X71.115 Y194.504 E144.5309
G1 X71.141 Y194.307 E144.5375
G1 X71.929 Y190.663 E144.66151
G1 X71.946 Y190.601 E144.66364
G1 X73.116 Y187.066 E144.78749
G1 X73.139 Y187.006 E144.78963
G1 X74.677 Y183.615 E144.91347
G1 X74.706 Y183.558 E144.9156
G1 X76.598 Y180.348 E145.03953
G1 X76.634 Y180.294 E145.04169
G1 X78.888 Y177.263 E145.16732
G1 X81.421 Y174.518 E145.29155
G1 X81.467 Y174.473 E145.29369
G1 X84.272 Y172.019 E145.41765
G1 X84.322 Y171.979 E145.41978
G1 X87.409 Y169.814 E145.54519
G1 X90.684 Y167.998 E145.66974
G1 X90.742 Y167.97 E145.67188
G1 X94.176 Y166.521 E145.79585
G1 X94.236 Y166.5 E145.79796
G1 X97.835 Y165.415 E145.92299
G1 X101.561 Y164.714 E146.04909
G1 X105.336 Y164.412 E146.17505
G1 X107.197 Y164.46 E146.23696
G1 X109.121 Y164.513 E146.30098
G1 X112.849 Y165.01 E146.42607
G1 X112.912 Y165.022 E146.4282
G1 X116.554 Y165.912 E146.5529
G1 X117.944 Y166.412 E146.60203
G1 X120.116 Y167.198 E146.67886
G1 X121.348 Y167.795 E146.72439
G1 X123.523 Y168.851 E146.80481
G1 X126.735 Y170.861 E146.93084
G1 X126.772 Y170.887 E146.93234
G1 X129.714 Y173.198 E147.05677
G1 X132.429 Y175.839 E147.18275
G1 X134.849 Y178.754 E147.30876
G1 X135.265 Y179.378 E147.3337
G1 X136.947 Y181.912 E147.43486
G1 X137.235 Y182.463 E147.45554
G1 X138.69 Y185.262 E147.56046
G1 X138.877 Y185.736 E147.57741
G1 X140.069 Y188.788 E147.68638
G1 X140.179 Y189.176 E147.6998
G1 X141.073 Y192.447 E147.81258
G1 X141.116 Y192.7 E147.82112
G1 X141.678 Y196.186 E147.93856
G1 X141.687 Y196.319 E147.94299
G1 X141.882 Y199.967 E148.0645
G1 X141.882 Y200.031 E148.06663
G1 X141.68 Y203.812 E148.19256
G1 X141.075 Y207.552 E148.31857
G1 X141.071 Y207.557 E148.31879
G1 X140.076 Y211.204 E148.44452
G1 X140.07 Y211.209 E148.44478
G1 X138.694 Y214.738 E148.57076
G1 X138.687 Y214.746 E148.57112
G1 X136.972 Y218.041 E148.69466
G1 X136.94 Y218.095 E148.69675
G1 X134.879 Y221.205 E148.82084
G1 X134.841 Y221.257 E148.82298
G1 X132.464 Y224.123 E148.94683
G1 X132.42 Y224.17 E148.94897
G1 X129.749 Y226.77 E149.07295
G1 X129.701 Y226.812 E149.07507
G1 X126.772 Y229.113 E149.19895
G1 X126.719 Y229.149 E149.20108
G1 X123.525 Y231.148 E149.32641
G1 X120.115 Y232.802 E149.45246
G1 X116.591 Y234.076 E149.57709
G1 X116.529 Y234.095 E149.57925
G1 X112.849 Y234.99 E149.70522
G1 X109.122 Y235.487 E149.83027
G1 X105.368 Y235.588 E149.95518
G1 X105.304 Y235.587 E149.95731
G1 X101.561 Y235.286 E150.0822
G1 X99.912 Y234.977 E150.138
G1 X97.836 Y234.585 E150.20827
G1 X94.235 Y233.5 E150.33336
G1 X94.175 Y233.479 E150.33547
G1 X90.721 Y232.02 E150.46018
G1 X90.684 Y232.002 E150.46155
G1 X87.41 Y230.186 E150.58607
G1 X87.373 Y230.163 E150.58752
G1 X84.308 Y228.01 E150.7121
G1 X84.272 Y227.981 E150.71364
G1 X81.455 Y225.516 E150.83814
G1 X80.819 Y224.83 E150.86925
G1 X78.889 Y222.737 E150.96395
G1 X78.401 Y222.084 E150.99106
G1 X76.626 Y219.696 E151.09002
G1 X76.275 Y219.104 E151.11291
G1 X74.701 Y216.433 E151.21603
G1 X74.466 Y215.92 E151.2348
G1 X73.136 Y212.986 E151.34194
G1 X72.995 Y212.568 E151.35661
G1 X71.944 Y209.393 E151.46785
G1 X71.872 Y209.069 E151.47889
G1 X71.14 Y205.69 E151.59388
G1 X71.116 Y205.496 E151.60038
G1 X70.735 Y201.929 E151.7197
G1 X70.732 Y201.855 E151.72216
G1 X70.732 Y198.137 E151.84582
M204 S3000
M205 X10 Y10
G0 F4500 X69.932 Y198.127
M204 S1800
M205 X8 Y8
G1 F2250 X69.932 Y201.875 E151.97048
G1 X70.318 Y205.6 E152.09504
G1 X71.076 Y209.237 E152.2186
G1 X72.222 Y212.84 E152.34436
G1 X73.724 Y216.273 E152.46899
G1 X75.57 Y219.535 E152.59365
G1 X75.951 Y220.071 E152.61552
G1 X77.741 Y222.589 E152.71828
G1 X80.214 Y225.403 E152.84288
G1 X80.881 Y226.021 E152.87312
G1 X82.97 Y227.955 E152.96781
G1 X85.965 Y230.199 E153.09228
G1 X86.961 Y230.797 E153.13092
G1 X89.176 Y232.127 E153.21685
G1 X90.342 Y232.672 E153.25966
G1 X92.573 Y233.717 E153.3416
G1 X96.124 Y234.954 E153.46667
G1 X97.606 Y235.302 E153.5173
G1 X99.759 Y235.809 E153.59087
G1 X101.41 Y236.022 E153.64623
G1 X101.513 Y236.037 E153.64969
G1 X103.474 Y236.29 E153.71546
G1 X105.264 Y236.336 E153.77501
G1 X107.218 Y236.386 E153.84003
G1 X110.954 Y236.098 E153.96465
G1 X112.965 Y235.73 E154.03265
G1 X114.642 Y235.425 E154.08934
G1 X118.227 Y234.381 E154.21353
G1 X120.361 Y233.514 E154.29015
G1 X121.69 Y232.975 E154.33784
G1 X121.729 Y232.956 E154.33929
G1 X123.879 Y231.814 E154.42026
G1 X123.938 Y231.78 E154.42252
G1 X125.021 Y231.204 E154.46332
G1 X127.131 Y229.784 E154.54791
G1 X128.13 Y229.112 E154.58796
G1 X131.006 Y226.712 E154.71255
G1 X132.959 Y224.709 E154.80559
G1 X133.623 Y224.028 E154.83723
G1 X135.947 Y221.089 E154.96185
G1 X137.958 Y217.928 E155.08645
G1 X139.635 Y214.575 E155.21115
G1 X140.963 Y211.055 E155.33628
G1 X141.911 Y207.444 E155.46045
G1 X142.487 Y203.74 E155.58513
G1 X142.68 Y199.979 E155.71038
G1 X142.488 Y196.258 E155.83431
G1 X141.911 Y192.555 E155.95896
G1 X140.96 Y188.945 E156.08312
G1 X139.635 Y185.424 E156.20825
G1 X137.959 Y182.071 E156.33293
G1 X135.948 Y178.91 E156.45753
G1 X135.5 Y178.345 E156.48152
G1 X133.621 Y175.97 E156.58224
G1 X133.03 Y175.364 E156.61039
G1 X131.006 Y173.288 E156.70683
G1 X130.259 Y172.664 E156.7392
G1 X128.128 Y170.885 E156.83153
G1 X127.218 Y170.274 E156.86799
G1 X125.021 Y168.796 E156.95606
G1 X123.936 Y168.219 E156.99693
G1 X121.711 Y167.034 E157.08077
G1 X120.459 Y166.524 E157.12574
G1 X118.227 Y165.615 E157.20589
G1 X116.823 Y165.209 E157.25451
G1 X114.642 Y164.576 E157.33004
G1 X113.068 Y164.289 E157.38325
G1 X110.954 Y163.903 E157.45473
G1 X109.232 Y163.77 E157.51217
G1 X107.198 Y163.614 E157.58002
G1 X103.474 Y163.709 E157.70392
G1 X99.759 Y164.191 E157.82852
G1 X96.123 Y165.05 E157.95278
G1 X94.005 Y165.785 E158.02735
G1 X92.553 Y166.292 E158.0785
G1 X90.437 Y167.283 E158.15622
G1 X89.176 Y167.873 E158.20252
G1 X87.051 Y169.149 E158.28496
G1 X85.965 Y169.801 E158.32709
G1 X82.971 Y172.046 E158.45156
G1 X80.959 Y173.908 E158.54274
G1 X80.214 Y174.597 E158.57649
G1 X78.33 Y176.741 E158.67142
G1 X77.741 Y177.411 E158.70109
G1 X75.999 Y179.859 E158.80102
G1 X75.583 Y180.448 E158.825
G1 X75.56 Y180.484 E158.82643
G1 X73.725 Y183.728 E158.95039
G1 X72.429 Y186.69 E159.05792
G1 X72.223 Y187.161 E159.07502
G1 X71.078 Y190.744 E159.20013
G1 X70.371 Y194.144 E159.31563
G1 X70.316 Y194.42 E159.32499
G1 X69.945 Y197.993 E159.44447
G1 X69.932 Y198.127 E159.44895
M204 S3000
M205 X10 Y10
G0 F4500 X70.332 Y198.147
M204 S1800
M205 X8 Y8
G1 F2250 X70.332 Y201.855 E159.57227
G1 F2272.7 X70.341 Y201.971 E159.57611
G1 F2290.1 X70.394 Y202.48 E159.59283
G1 F2278.5 X70.448 Y202.989 E159.60964
G1 F2267 X70.501 Y203.498 E159.62653
G1 F2255.6 X70.555 Y204.008 E159.64355
G1 F2244.4 X70.608 Y204.517 E159.66061
G1 F2233.3 X70.662 Y205.026 E159.67776
G1 F2222.2 X70.715 Y205.536 E159.69503
G1 F2267 X70.756 Y205.776 E159.70307
G1 F2307.7 X70.875 Y206.339 E159.72173
G1 F2284.3 X70.995 Y206.902 E159.74059
G1 F2261.3 X71.115 Y207.466 E159.75967
G1 F2233.3 X71.235 Y208.029 E159.77896
G1 F2211.3 X71.354 Y208.593 E159.79847
G1 F2189.8 X71.474 Y209.156 E159.81814
G1 F2261.3 X71.575 Y209.521 E159.83067
G1 F2337.7 X71.746 Y210.049 E159.84844
G1 F2301.8 X71.918 Y210.578 E159.86653
G1 F2267 X72.09 Y211.107 E159.88489
G1 F2227.7 X72.261 Y211.636 E159.90356
G1 F2195.1 X72.433 Y212.165 E159.92253
G1 F2163.5 X72.605 Y212.694 E159.94177
G1 F2255.6 X72.785 Y213.154 E159.95816
G1 F2362.2 X73.002 Y213.642 E159.97508
G1 F2313.6 X73.22 Y214.131 E159.99239
G1 F2272.7 X73.438 Y214.62 E160.01002
G1 F2233.3 X73.655 Y215.109 E160.02795
G1 F2189.8 X73.873 Y215.598 E160.04625
G1 F2153.1 X74.091 Y216.087 E160.06486
G1 F2255.6 X74.324 Y216.545 E160.08191
G1 F2406.4 X74.374 Y216.638 E160.08519
G1 F2393.6 X74.631 Y217.083 E160.10125
G1 F2337.7 X74.889 Y217.529 E160.11775
G1 F2284.3 X75.146 Y217.975 E160.13461
G1 F2233.3 X75.404 Y218.421 E160.15188
G1 F2184.5 X75.661 Y218.867 E160.16951
G1 F2137.8 X75.919 Y219.313 E160.18755
G1 F2255.6 X76.266 Y219.848 E160.20871
G1 F2425.9 X76.325 Y219.935 E160.21195
G1 F2393.6 X76.673 Y220.413 E160.23043
G1 F2319.6 X77.021 Y220.892 E160.24954
G1 F2244.4 X77.369 Y221.371 E160.26928
G1 F2179.2 X77.717 Y221.85 E160.28961
G1 F2117.6 X78.065 Y222.329 E160.31053
G1 F2244.4 X78.549 Y222.928 E160.33621
G1 F2445.7 X78.617 Y223.007 E160.3394
G1 F2419.4 X78.995 Y223.427 E160.35688
G1 F2331.6 X79.374 Y223.848 E160.37506
G1 F2250 X79.753 Y224.269 E160.3939
G1 F2179.2 X80.132 Y224.689 E160.41333
G1 F2107.7 X80.511 Y225.11 E160.43344
G1 F2255.6 X81.141 Y225.741 E160.46302
G1 F2479.3 X81.217 Y225.814 E160.4662
G1 F2439 X81.621 Y226.177 E160.48287
G1 F2343.8 X82.025 Y226.541 E160.50023
G1 F2250 X82.43 Y226.905 E160.51834
G1 F2168.7 X82.834 Y227.269 E160.53711
G1 F2093 X83.238 Y227.633 E160.55655
G1 F2148 X83.63 Y227.95 E160.57411
G1 F2362.2 X84.022 Y228.268 E160.59011
G1 F2500 X84.105 Y228.331 E160.59323
G1 F2459 X84.523 Y228.634 E160.60894
G1 F2356 X84.942 Y228.938 E160.62538
G1 F2255.6 X85.36 Y229.242 E160.64253
G1 F2168.7 X85.779 Y229.545 E160.66037
G1 F2088.2 X86.198 Y229.849 E160.67892
G1 F2148 X86.677 Y230.161 E160.69884
G1 F2381 X87.156 Y230.473 E160.71681
G1 F2521 X87.245 Y230.527 E160.7199
G1 F2459 X87.777 Y230.833 E160.73857
G1 F2319.6 X88.309 Y231.14 E160.75839
G1 F2200.5 X88.841 Y231.447 E160.77928
G1 F2088.2 X89.373 Y231.754 E160.80129
G1 F2142.9 X89.938 Y232.043 E160.82345
G1 F2393.6 X90.502 Y232.331 E160.84325
G1 F2549.6 X90.596 Y232.376 E160.84631
G1 F2479.3 X91.129 Y232.613 E160.86392
G1 F2331.6 X91.663 Y232.85 E160.88267
G1 F2200.5 X92.197 Y233.088 E160.90255
G1 F2083.3 X92.731 Y233.325 E160.92354
G1 F2137.8 X93.38 Y233.576 E160.9479
G1 F2393.6 X94.029 Y233.826 E160.96964
G1 F2549.6 X94.127 Y233.86 E160.97269
G1 F2472.5 X94.655 Y234.031 E160.98949
G1 F2319.6 X95.184 Y234.203 E161.00743
G1 F2184.5 X95.713 Y234.375 E161.02649
G1 F2064.2 X96.242 Y234.547 E161.04665
G1 F2083.3 X96.725 Y234.676 E161.06461
G1 F2244.4 X97.208 Y234.806 E161.08129
G1 F2439 X97.691 Y234.935 E161.09663
G1 F2549.6 X97.793 Y234.96 E161.09971
G1 F2479.3 X98.303 Y235.068 E161.11545
G1 F2325.6 X98.814 Y235.176 E161.13225
G1 F2195.1 X99.325 Y235.284 E161.15006
G1 F2073.7 X99.835 Y235.392 E161.16887
G1 F2093 X100.375 Y235.478 E161.18842
G1 F2255.6 X100.916 Y235.564 E161.2066
G1 F2452.3 X101.458 Y235.65 E161.22334
G1 F2549.6 X101.561 Y235.664 E161.22639
G1 F2439 X102.209 Y235.731 E161.24638
G1 F2244.4 X102.858 Y235.799 E161.26814
G1 F2083.3 X103.506 Y235.867 E161.29155
G1 X104.095 Y235.898 E161.31273
G1 F2250 X104.684 Y235.929 E161.33235
G1 F2445.7 X105.274 Y235.961 E161.35043
G1 F2556.8 X105.378 Y235.964 E161.35347
G1 F2452.3 X105.988 Y235.964 E161.37209
G1 F2255.6 X106.598 Y235.964 E161.39233
G1 F2093 X107.208 Y235.963 E161.41414
G1 X107.838 Y235.931 E161.43669
G1 F2255.6 X108.468 Y235.898 E161.45762
G1 F2452.3 X109.099 Y235.865 E161.4769
G1 F2556.8 X109.203 Y235.856 E161.47996
G1 F2445.7 X109.768 Y235.797 E161.49734
G1 F2250 X110.334 Y235.737 E161.51627
G1 F2083.3 X110.9 Y235.677 E161.53672
G1 F2069 X111.399 Y235.598 E161.55499
G1 F2189.8 X111.899 Y235.519 E161.57229
G1 F2331.6 X112.399 Y235.44 E161.58854
G1 F2486.2 X112.899 Y235.361 E161.60378
G1 F2564.1 X113.001 Y235.342 E161.6068
G1 F2452.3 X113.515 Y235.233 E161.62284
G1 F2255.6 X114.03 Y235.123 E161.64031
G1 F2093 X114.545 Y235.013 E161.65914
G1 F2073.7 X115.063 Y234.875 E161.67848
G1 F2195.1 X115.581 Y234.736 E161.69677
G1 F2331.6 X116.099 Y234.598 E161.71397
G1 F2486.2 X116.617 Y234.459 E161.73012
G1 F2564.1 X116.718 Y234.429 E161.73319
G1 F2400 X117.403 Y234.206 E161.75565
G1 F2137.8 X118.089 Y233.982 E161.78092
G1 F2083.3 X118.622 Y233.778 E161.80142
G1 F2195.1 X119.155 Y233.574 E161.82087
G1 F2325.6 X119.688 Y233.369 E161.83925
G1 F2465.8 X120.221 Y233.165 E161.85657
G1 F2535.2 X120.315 Y233.126 E161.85957
G1 F2381 X120.923 Y232.855 E161.8805
G1 F2132.7 X121.532 Y232.584 E161.90389
G1 F2078.5 X122.066 Y232.313 E161.92545
G1 F2189.8 X122.6 Y232.041 E161.94593
G1 F2313.6 X123.134 Y231.77 E161.9653
G1 F2452.3 X123.668 Y231.498 E161.98358
G1 F2528.1 X123.761 Y231.447 E161.98672
G1 F2387.3 X124.283 Y231.145 E162.00563
G1 F2142.9 X124.805 Y230.843 E162.02669
G1 F2078.5 X125.227 Y230.569 E162.04481
G1 F2163.5 X125.65 Y230.295 E162.06224
G1 F2250 X126.073 Y230.02 E162.07902
G1 F2349.9 X126.496 Y229.746 E162.09507
G1 F2459 X126.919 Y229.471 E162.11042
G1 F2507 X127.006 Y229.411 E162.11358
G1 F2374.7 X127.442 Y229.094 E162.13057
G1 F2153.1 X127.878 Y228.777 E162.1493
G1 F2093 X128.289 Y228.445 E162.16819
G1 F2168.7 X128.7 Y228.112 E162.18645
G1 F2250 X129.111 Y227.779 E162.20404
G1 F2343.8 X129.523 Y227.446 E162.22096
G1 F2439 X129.934 Y227.113 E162.23719
G1 F2362.2 X130.329 Y226.758 E162.25401
G1 F2148 X130.722 Y226.405 E162.27242
G1 F2093 X131.114 Y226.013 E162.29224
G1 F2168.7 X131.507 Y225.621 E162.31139
G1 F2244.4 X131.899 Y225.229 E162.32988
G1 F2331.6 X132.292 Y224.836 E162.34771
G1 F2425.9 X132.685 Y224.444 E162.36484
G1 F2255.6 X133.31 Y223.753 E162.39575
G1 F2107.7 X133.675 Y223.303 E162.41632
G1 F2179.2 X134.04 Y222.852 E162.43625
G1 F2250 X134.405 Y222.401 E162.45554
G1 F2331.6 X134.771 Y221.951 E162.47416
G1 F2419.4 X135.136 Y221.5 E162.49211
G1 F2272.7 X135.61 Y220.85 E162.5186
G1 F2137.8 X135.885 Y220.427 E162.53626
G1 F2184.5 X136.16 Y220.003 E162.55357
G1 F2233.3 X136.435 Y219.58 E162.57048
G1 F2284.3 X136.71 Y219.156 E162.58703
G1 F2337.7 X136.985 Y218.733 E162.60319
G1 F2393.6 X137.26 Y218.309 E162.61899
G1 F2267 X137.6 Y217.726 E162.64127
G1 F2158.3 X137.838 Y217.26 E162.65941
G1 F2200.5 X138.076 Y216.793 E162.67723
G1 F2244.4 X138.314 Y216.326 E162.69471
G1 F2295.9 X138.552 Y215.859 E162.7118
G1 F2343.8 X138.79 Y215.392 E162.72853
G1 F2393.6 X139.028 Y214.925 E162.74492
G1 F2278.5 X139.26 Y214.411 E162.76344
G1 F2168.7 X139.455 Y213.902 E162.78225
G1 F2200.5 X139.651 Y213.392 E162.80083
G1 F2233.3 X139.846 Y212.882 E162.81913
G1 F2267 X140.042 Y212.372 E162.83716
G1 F2301.8 X140.238 Y211.862 E162.85493
G1 F2337.7 X140.433 Y211.352 E162.87241
G1 F2250 X140.573 Y210.931 E162.88716
G1 F2168.7 X140.718 Y210.387 E162.90659
G1 F2200.5 X140.864 Y209.842 E162.92578
G1 F2233.3 X141.01 Y209.297 E162.94468
G1 F2261.3 X141.156 Y208.752 E162.96336
G1 F2295.9 X141.302 Y208.207 E162.98175
G1 F2331.6 X141.448 Y207.662 E162.99986
G1 F2272.7 X141.515 Y207.362 E163.00998
G1 F2216.7 X141.593 Y206.865 E163.02696
G1 F2233.3 X141.672 Y206.367 E163.04386
G1 F2250 X141.751 Y205.869 E163.06063
G1 F2261.3 X141.83 Y205.371 E163.07732
G1 F2278.5 X141.909 Y204.873 E163.09388
G1 F2295.9 X141.988 Y204.375 E163.11031
G1 F2313.6 X142.067 Y203.877 E163.12662
G1 F2278.5 X142.088 Y203.699 E163.13251
G1 F2244.4 X142.151 Y202.484 E163.17308
G1 F2255.6 X142.215 Y201.268 E163.21347
G1 F2267 X142.279 Y200.052 E163.25367
G1 F2272.7 X142.28 Y199.947 E163.25713
G1 F2267 X142.233 Y199.036 E163.28724
G1 F2255.6 X142.185 Y198.124 E163.31754
G1 F2244.4 X142.137 Y197.212 E163.34799
G1 F2233.3 X142.089 Y196.3 E163.37859
G1 F2267 X142.068 Y196.125 E163.38441
G1 F2301.8 X141.99 Y195.628 E163.40077
G1 F2290.1 X141.911 Y195.13 E163.41725
G1 F2272.7 X141.832 Y194.632 E163.43385
G1 F2255.6 X141.753 Y194.134 E163.45058
G1 F2244.4 X141.674 Y193.636 E163.46739
G1 F2227.7 X141.595 Y193.138 E163.48433
G1 F2216.7 X141.516 Y192.64 E163.50135
G1 F2267 X141.449 Y192.339 E163.51153
G1 F2319.6 X141.303 Y191.795 E163.5297
G1 F2290.1 X141.157 Y191.25 E163.54814
G1 F2261.3 X141.011 Y190.705 E163.56681
G1 F2233.3 X140.865 Y190.16 E163.58572
G1 F2205.9 X140.719 Y189.615 E163.60486
G1 F2179.2 X140.573 Y189.07 E163.62424
G1 F2261.3 X140.432 Y188.647 E163.63899
G1 F2349.9 X140.237 Y188.138 E163.65635
G1 F2307.7 X140.041 Y187.628 E163.67407
G1 F2272.7 X139.846 Y187.118 E163.69205
G1 F2233.3 X139.65 Y186.608 E163.71036
G1 F2195.1 X139.455 Y186.098 E163.72897
G1 F2163.5 X139.259 Y185.588 E163.74787
G1 F2272.7 X139.036 Y185.089 E163.76587
G1 F2412.9 X139.029 Y185.077 E163.7663
G1 F2381 X138.791 Y184.611 E163.78274
G1 F2331.6 X138.553 Y184.144 E163.79957
G1 F2284.3 X138.315 Y183.677 E163.81674
G1 F2233.3 X138.077 Y183.21 E163.8343
G1 F2189.8 X137.839 Y182.743 E163.85221
G1 F2148 X137.601 Y182.276 E163.87048
G1 F2255.6 X137.316 Y181.78 E163.88946
G1 F2419.4 X137.261 Y181.69 E163.89272
G1 F2406.4 X136.986 Y181.267 E163.90841
G1 F2343.8 X136.711 Y180.844 E163.92452
G1 F2284.3 X136.436 Y180.42 E163.94107
G1 F2233.3 X136.16 Y179.997 E163.958
G1 F2179.2 X135.885 Y179.573 E163.97535
G1 F2127.7 X135.61 Y179.15 E163.9931
G1 F2261.3 X135.199 Y178.583 E164.01628
G1 F2452.3 X135.135 Y178.499 E164.0195
G1 F2419.4 X134.77 Y178.049 E164.03742
G1 F2331.6 X134.405 Y177.598 E164.05604
G1 F2250 X134.04 Y177.148 E164.07531
G1 F2179.2 X133.674 Y176.697 E164.09526
G1 F2107.7 X133.309 Y176.246 E164.11586
G1 F2250 X132.756 Y175.631 E164.14337
G1 F2465.8 X132.684 Y175.555 E164.14655
G1 F2425.9 X132.292 Y175.163 E164.16365
G1 F2331.6 X131.899 Y174.771 E164.18146
G1 F2244.4 X131.506 Y174.379 E164.19997
G1 F2168.7 X131.114 Y173.986 E164.21913
G1 F2093 X130.721 Y173.594 E164.23897
G1 F2244.4 X130.014 Y172.956 E164.27073
G1 F2479.3 X129.935 Y172.888 E164.27387
G1 F2439 X129.524 Y172.555 E164.2901
G1 F2337.7 X129.112 Y172.221 E164.30708
G1 F2244.4 X128.7 Y171.888 E164.32474
G1 F2163.5 X128.288 Y171.554 E164.34309
G1 F2083.3 X127.876 Y171.221 E164.36212
G1 F2142.9 X127.441 Y170.905 E164.3809
G1 F2368.4 X127.006 Y170.589 E164.39788
G1 F2500 X126.92 Y170.529 E164.40102
G1 F2445.7 X126.498 Y170.255 E164.41642
G1 F2343.8 X126.075 Y169.981 E164.43251
G1 F2250 X125.652 Y169.707 E164.44927
G1 F2163.5 X125.229 Y169.432 E164.46673
G1 F2083.3 X124.806 Y169.158 E164.48483
G1 F2148 X124.282 Y168.855 E164.50592
G1 F2387.3 X123.759 Y168.552 E164.52487
G1 F2528.1 X123.667 Y168.502 E164.52797
G1 F2452.3 X123.134 Y168.231 E164.54621
G1 F2313.6 X122.6 Y167.959 E164.5656
G1 F2189.8 X122.066 Y167.688 E164.58606
G1 F2078.5 X121.532 Y167.416 E164.60764
G1 F2132.7 X120.925 Y167.145 E164.63096
G1 F2381 X120.317 Y166.874 E164.65189
G1 F2528.1 X120.221 Y166.834 E164.65496
G1 F2452.3 X119.688 Y166.63 E164.67238
G1 F2313.6 X119.155 Y166.425 E164.69085
G1 F2184.5 X118.622 Y166.22 E164.71042
G1 F2073.7 X118.088 Y166.015 E164.73106
G1 F2127.7 X117.403 Y165.793 E164.75638
G1 F2387.3 X116.718 Y165.57 E164.77897
G1 F2549.6 X116.618 Y165.54 E164.78203
G1 F2479.3 X116.1 Y165.402 E164.79821
G1 F2331.6 X115.582 Y165.264 E164.81542
G1 F2200.5 X115.064 Y165.126 E164.83365
G1 F2083.3 X114.546 Y164.988 E164.8529
G1 F2102.8 X114.031 Y164.878 E164.87165
G1 F2267 X113.516 Y164.768 E164.88903
G1 F2465.8 X113.001 Y164.658 E164.90501
G1 F2571.4 X112.898 Y164.639 E164.90806
G1 F2486.2 X112.399 Y164.56 E164.92327
G1 F2331.6 X111.899 Y164.481 E164.93951
G1 F2195.1 X111.399 Y164.402 E164.95677
G1 F2073.7 X110.899 Y164.323 E164.97504
G1 F2093 X110.335 Y164.264 E164.99531
G1 F2255.6 X109.769 Y164.204 E165.0142
G1 F2452.3 X109.203 Y164.144 E165.03157
G1 F2556.8 X109.1 Y164.136 E165.03459
G1 F2452.3 X108.47 Y164.104 E165.05384
G1 F2255.6 X107.84 Y164.071 E165.07477
G1 F2093 X107.209 Y164.038 E165.09736
G1 X106.598 Y164.037 E165.11921
G1 F2255.6 X105.988 Y164.037 E165.13945
G1 F2452.3 X105.378 Y164.036 E165.15806
G1 F2556.8 X105.274 Y164.039 E165.16111
G1 F2445.7 X104.685 Y164.07 E165.17916
G1 F2244.4 X104.096 Y164.101 E165.19882
G1 F2078.5 X103.506 Y164.133 E165.2201
G1 F2073.7 X102.858 Y164.2 E165.2436
G1 F2238.8 X102.209 Y164.268 E165.26542
G1 F2432.4 X101.561 Y164.336 E165.28546
G1 F2549.6 X101.458 Y164.35 E165.28851
G1 F2445.7 X100.917 Y164.436 E165.30528
G1 F2250 X100.376 Y164.522 E165.3235
G1 F2083.3 X99.835 Y164.608 E165.34317
G1 F2069 X99.325 Y164.716 E165.36203
G1 F2189.8 X98.814 Y164.824 E165.37988
G1 F2331.6 X98.303 Y164.932 E165.39664
G1 F2486.2 X97.793 Y165.041 E165.41234
G1 F2564.1 X97.692 Y165.065 E165.41537
G1 F2452.3 X97.209 Y165.195 E165.43063
G1 F2261.3 X96.725 Y165.325 E165.44722
G1 F2102.8 X96.241 Y165.455 E165.46505
G1 F2083.3 X95.713 Y165.626 E165.48499
G1 F2200.5 X95.185 Y165.797 E165.50386
G1 F2331.6 X94.657 Y165.968 E165.52168
G1 F2479.3 X94.129 Y166.139 E165.53843
G1 F2556.8 X94.03 Y166.175 E165.54151
G1 F2400 X93.381 Y166.424 E165.56319
G1 F2137.8 X92.731 Y166.674 E165.58757
G1 F2083.3 X92.198 Y166.911 E165.60852
G1 F2200.5 X91.664 Y167.149 E165.6284
G1 F2331.6 X91.13 Y167.386 E165.64715
G1 F2479.3 X90.596 Y167.624 E165.6648
G1 F2549.6 X90.502 Y167.669 E165.66786
G1 F2393.6 X89.938 Y167.957 E165.68766
G1 F2142.9 X89.374 Y168.245 E165.70977
G1 F2088.2 X88.842 Y168.551 E165.73177
G1 F2200.5 X88.31 Y168.858 E165.75266
G1 F2319.6 X87.778 Y169.165 E165.77247
G1 F2459 X87.246 Y169.472 E165.79117
G1 F2521 X87.156 Y169.527 E165.7943
G1 F2381 X86.678 Y169.838 E165.81222
G1 F2148 X86.199 Y170.15 E165.83214
G1 F2088.2 X85.781 Y170.453 E165.85064
G1 F2168.7 X85.362 Y170.757 E165.8685
G1 F2255.6 X84.944 Y171.061 E165.88565
G1 F2356 X84.525 Y171.364 E165.90208
G1 F2459 X84.106 Y171.668 E165.91783
G1 F2507 X84.022 Y171.733 E165.921
G1 F2374.7 X83.631 Y172.05 E165.93686
G1 F2158.3 X83.239 Y172.367 E165.95434
G1 F2102.8 X82.835 Y172.731 E165.9737
G1 F2179.2 X82.431 Y173.095 E165.99237
G1 F2261.3 X82.026 Y173.459 E166.01039
G1 F2356 X81.622 Y173.823 E166.02766
G1 F2452.3 X81.217 Y174.187 E166.04428
G1 F2267 X80.513 Y174.888 E166.07708
G1 F2107.7 X80.135 Y175.308 E166.09714
G1 F2179.2 X79.756 Y175.729 E166.11659
G1 F2250 X79.377 Y176.15 E166.13543
G1 F2331.6 X78.998 Y176.57 E166.15359
G1 F2419.4 X78.619 Y176.991 E166.17111
G1 F2255.6 X78.067 Y177.669 E166.20012
G1 F2117.6 X77.719 Y178.147 E166.22101
G1 F2179.2 X77.371 Y178.626 E166.24134
G1 F2244.4 X77.023 Y179.105 E166.26109
G1 F2319.6 X76.675 Y179.584 E166.28019
G1 F2393.6 X76.327 Y180.063 E166.2987
G1 F2261.3 X75.919 Y180.687 E166.32337
G1 F2137.8 X75.662 Y181.132 E166.34136
G1 F2184.5 X75.404 Y181.578 E166.35901
G1 F2233.3 X75.147 Y182.024 E166.37626
G1 F2284.3 X74.889 Y182.47 E166.39314
G1 F2337.7 X74.632 Y182.916 E166.40962
G1 F2393.6 X74.374 Y183.362 E166.42573
G1 F2272.7 X74.092 Y183.911 E166.44605
G1 F2163.5 X73.875 Y184.399 E166.46453
G1 F2200.5 X73.657 Y184.888 E166.48273
G1 F2238.8 X73.439 Y185.377 E166.50063
G1 F2278.5 X73.222 Y185.866 E166.5182
G1 F2319.6 X73.004 Y186.355 E166.53547
G1 F2362.2 X72.786 Y186.844 E166.55243
G1 F2261.3 X72.606 Y187.305 E166.56881
G1 F2168.7 X72.434 Y187.833 E166.58798
G1 F2200.5 X72.262 Y188.362 E166.60689
G1 F2233.3 X72.09 Y188.891 E166.62553
G1 F2261.3 X71.918 Y189.42 E166.64394
G1 F2295.9 X71.746 Y189.949 E166.66207
G1 F2331.6 X71.574 Y190.478 E166.67993
G1 F2255.6 X71.472 Y190.847 E166.69263
G1 F2189.8 X71.353 Y191.409 E166.71226
G1 F2211.3 X71.234 Y191.972 E166.73173
G1 F2233.3 X71.115 Y192.534 E166.75098
G1 F2261.3 X70.995 Y193.097 E166.77003
G1 F2284.3 X70.876 Y193.659 E166.78885
G1 F2307.7 X70.757 Y194.222 E166.80752
G1 F2272.7 X70.716 Y194.461 E166.8155
G1 F2233.3 X70.622 Y195.354 E166.84559
G1 F2244.4 X70.528 Y196.247 E166.87553
G1 F2255.6 X70.434 Y197.14 E166.90532
G1 F2267 X70.339 Y198.034 E166.935
G1 F2261.3 X70.332 Y198.147 E166.93874
M204 S3000
M205 X10 Y10
G0 F4500 X70.322 Y198.149
;MESH:NONMESH
G0 F600 X70.322 Y198.149 Z0.6
G0 F4500 X69.532 Y198.147
;TIME_ELAPSED:121.247249
;LAYER:2
M204 S1800
M205 X8 Y8
;TYPE:WALL-OUTER
;MESH:15_4_1.stl
G1 F3000 X69.532 Y201.895 E167.0634
G1 X69.922 Y205.662 E167.18936
G1 X70.685 Y209.319 E167.31362
G1 X70.822 Y209.76 E167.32897
G1 X71.848 Y212.981 E167.44141
G1 X73.366 Y216.452 E167.56741
G1 X75.232 Y219.75 E167.69345
G1 X77.427 Y222.838 E167.81946
G1 X79.927 Y225.683 E167.94542
G1 X82.713 Y228.263 E168.07172
G1 X83.554 Y228.892 E168.10665
G1 X85.741 Y230.531 E168.19755
G1 X86.755 Y231.14 E168.23689
G1 X88.988 Y232.481 E168.32352
G1 X90.172 Y233.034 E168.36698
G1 X92.422 Y234.088 E168.44962
G1 X96.012 Y235.339 E168.57607
G1 X99.687 Y236.203 E168.70163
G1 X103.443 Y236.69 E168.8276
G1 X107.228 Y236.787 E168.95353
G1 X111.006 Y236.495 E169.07957
G1 X114.734 Y235.815 E169.20561
G1 X118.359 Y234.759 E169.33119
G1 X121.881 Y233.329 E169.45762
G1 X125.227 Y231.548 E169.58369
G1 X127.354 Y230.116 E169.66897
G1 X128.37 Y229.433 E169.70969
G1 X131.278 Y227.006 E169.83567
G1 X133.924 Y224.292 E169.96174
G1 X136.274 Y221.321 E170.08773
G1 X138.307 Y218.126 E170.21368
G1 X140.002 Y214.735 E170.33977
G1 X141.345 Y211.177 E170.46626
G1 X142.303 Y207.526 E170.59181
G1 X142.886 Y203.781 E170.71787
G1 X143.081 Y199.998 E170.84386
G1 X142.889 Y196.259 E170.96838
G1 X142.853 Y196.001 E170.97704
G1 X142.303 Y192.473 E171.0958
G1 X141.342 Y188.823 E171.22134
G1 X140.002 Y185.264 E171.34782
G1 X138.307 Y181.874 E171.47389
G1 X136.274 Y178.678 E171.59987
G1 X133.922 Y175.706 E171.72593
G1 X131.278 Y172.994 E171.8519
G1 X128.368 Y170.565 E171.97798
G1 X125.227 Y168.452 E172.10388
G1 X121.881 Y166.671 E172.22996
G1 X120.61 Y166.154 E172.27559
G1 X118.359 Y165.237 E172.35644
G1 X114.734 Y164.186 E172.48197
G1 X111.006 Y163.505 E172.60801
G1 X107.228 Y163.213 E172.73405
G1 X103.443 Y163.31 E172.85998
G1 X99.687 Y163.797 E172.98595
G1 X96.052 Y164.655 E173.11017
G1 X95.972 Y164.679 E173.11295
G1 X92.422 Y165.912 E173.23794
G1 X88.988 Y167.519 E173.36404
G1 X85.741 Y169.469 E173.49002
G1 X82.715 Y171.738 E173.61581
G1 X79.927 Y174.317 E173.74213
G1 X78.029 Y176.477 E173.83777
G1 X77.427 Y177.162 E173.8681
G1 X75.673 Y179.627 E173.96873
G1 X75.257 Y180.216 E173.99271
G1 X75.212 Y180.286 E173.99548
G1 X73.366 Y183.548 E174.12014
G1 X72.063 Y186.529 E174.22835
G1 X71.848 Y187.019 E174.24614
G1 X70.69 Y190.642 E174.37265
G1 X69.922 Y194.338 E174.49821
G1 X69.532 Y198.107 E174.62423
G1 X69.532 Y198.147 E174.62556
M204 S3000
M205 X10 Y10
G0 F6000 X69.532 Y198.347
G0 X70.042 Y198.347
G0 X70.622 Y201.865
G0 X71.132 Y201.865
M204 S1800
M205 X8 Y8
G1 F3000 X71.133 Y198.116 E174.75026
G1 X71.513 Y194.547 E174.86963
G1 X71.532 Y194.391 E174.87486
G1 X72.32 Y190.747 E174.99886
G1 X73.502 Y187.174 E175.12403
G1 X75.049 Y183.764 E175.24857
G1 X76.955 Y180.533 E175.37334
G1 X79.192 Y177.524 E175.49805
G1 X81.731 Y174.774 E175.62254
G1 X84.552 Y172.307 E175.74718
G1 X87.622 Y170.153 E175.87192
G1 X89.772 Y168.963 E175.95365
G1 X90.891 Y168.342 E175.99621
G1 X94.352 Y166.883 E176.12114
G1 X97.936 Y165.803 E176.24564
G1 X101.623 Y165.11 E176.37041
G1 X105.358 Y164.812 E176.49504
G1 X109.09 Y164.912 E176.61921
G1 X112.796 Y165.407 E176.74356
G1 X116.442 Y166.296 E176.86838
G1 X119.965 Y167.568 E176.99296
G1 X123.347 Y169.212 E177.11803
G1 X126.512 Y171.193 E177.24222
G1 X129.458 Y173.506 E177.3668
G1 X132.154 Y176.131 E177.49195
G1 X134.545 Y179.016 E177.61658
G1 X136.618 Y182.142 E177.74133
G1 X138.339 Y185.459 E177.86562
G1 X139.703 Y188.954 E177.99041
G1 X140.69 Y192.569 E178.11504
G1 X141.284 Y196.268 E178.23965
G1 X141.482 Y200.01 E178.36428
G1 X141.282 Y203.751 E178.48888
G1 X140.687 Y207.45 E178.61349
G1 X139.793 Y210.718 E178.72618
G1 X139.698 Y211.064 E178.73812
G1 X138.334 Y214.558 E178.86287
G1 X136.608 Y217.871 E178.98712
G1 X134.533 Y221.001 E179.11202
G1 X132.141 Y223.883 E179.23659
G1 X129.454 Y226.497 E179.36127
G1 X126.507 Y228.81 E179.48588
G1 X123.33 Y230.797 E179.61051
G1 X119.956 Y232.435 E179.73525
G1 X116.434 Y233.706 E179.85979
G1 X112.796 Y234.593 E179.98434
G1 X109.09 Y235.088 E180.10869
G1 X105.336 Y235.188 E180.23359
G1 X101.613 Y234.889 E180.35782
G1 X97.928 Y234.195 E180.48254
G1 X94.343 Y233.114 E180.60708
G1 X90.878 Y231.652 E180.73216
G1 X87.603 Y229.835 E180.85673
G1 X84.548 Y227.69 E180.98089
G1 X81.715 Y225.211 E181.10609
G1 X79.189 Y222.473 E181.23
G1 X76.943 Y219.449 E181.35528
G1 X75.041 Y216.22 E181.47993
G1 X73.502 Y212.826 E181.60387
G1 X72.32 Y209.253 E181.72905
G1 X71.529 Y205.588 E181.85375
G1 X71.133 Y201.887 E181.97755
G1 X71.132 Y201.865 E181.97828
M204 S3000
M205 X10 Y10
G0 F6000 X71.132 Y201.665
G0 X70.622 Y201.665
G0 X70.627 Y198.063
G0 X70.735 Y198.075
M204 S1800
M205 X8 Y8
;TYPE:WALL-INNER
G1 F3000 X71.115 Y194.504 E182.09772
G1 X71.141 Y194.307 E182.10433
G1 X71.929 Y190.663 E182.22834
G1 X71.946 Y190.601 E182.23047
G1 X73.116 Y187.066 E182.35432
G1 X73.139 Y187.006 E182.35646
G1 X74.677 Y183.615 E182.4803
G1 X74.706 Y183.558 E182.48243
G1 X76.598 Y180.348 E182.60636
G1 X76.634 Y180.294 E182.60852
G1 X78.888 Y177.263 E182.73415
G1 X81.421 Y174.518 E182.85838
G1 X81.467 Y174.473 E182.86052
G1 X84.272 Y172.019 E182.98448
G1 X84.322 Y171.979 E182.98661
G1 X87.409 Y169.814 E183.11202
G1 X90.684 Y167.998 E183.23657
G1 X90.742 Y167.97 E183.23871
G1 X94.176 Y166.521 E183.36268
G1 X94.236 Y166.5 E183.36479
G1 X97.835 Y165.415 E183.48982
G1 X101.561 Y164.714 E183.61592
G1 X105.336 Y164.412 E183.74188
G1 X107.197 Y164.46 E183.80379
G1 X109.121 Y164.513 E183.86781
G1 X112.849 Y165.01 E183.9929
G1 X112.912 Y165.022 E183.99503
G1 X116.554 Y165.912 E184.11973
G1 X117.944 Y166.412 E184.16886
G1 X120.116 Y167.198 E184.24569
G1 X121.348 Y167.795 E184.29122
G1 X123.523 Y168.851 E184.37164
G1 X126.735 Y170.861 E184.49766
G1 X126.772 Y170.887 E184.49917
G1 X129.714 Y173.198 E184.6236
G1 X132.429 Y175.839 E184.74958
G1 X134.849 Y178.754 E184.87559
G1 X135.265 Y179.378 E184.90053
G1 X136.947 Y181.912 E185.00169
G1 X137.235 Y182.463 E185.02237
G1 X138.69 Y185.262 E185.12729
G1 X138.877 Y185.736 E185.14424
G1 X140.069 Y188.788 E185.25321
G1 X140.179 Y189.176 E185.26663
G1 X141.073 Y192.447 E185.37941
G1 X141.116 Y192.7 E185.38795
G1 X141.678 Y196.186 E185.50539
G1 X141.687 Y196.319 E185.50982
G1 X141.882 Y199.967 E185.63133
G1 X141.882 Y200.031 E185.63346
G1 X141.68 Y203.812 E185.75939
G1 X141.075 Y207.552 E185.8854
G1 X141.071 Y207.557 E185.88562
G1 X140.076 Y211.204 E186.01135
G1 X140.07 Y211.209 E186.01161
G1 X138.694 Y214.738 E186.13759
G1 X138.687 Y214.746 E186.13794
G1 X136.972 Y218.041 E186.26149
G1 X136.94 Y218.095 E186.26358
G1 X134.879 Y221.205 E186.38767
G1 X134.841 Y221.257 E186.38981
G1 X132.464 Y224.123 E186.51366
G1 X132.42 Y224.17 E186.5158
G1 X129.749 Y226.77 E186.63977
G1 X129.701 Y226.812 E186.6419
G1 X126.772 Y229.113 E186.76578
G1 X126.719 Y229.149 E186.76791
G1 X123.525 Y231.148 E186.89324
G1 X120.115 Y232.802 E187.01929
G1 X116.591 Y234.076 E187.14392
G1 X116.529 Y234.095 E187.14608
G1 X112.849 Y234.99 E187.27204
G1 X109.122 Y235.487 E187.3971
G1 X105.368 Y235.588 E187.52201
G1 X105.304 Y235.587 E187.52414
G1 X101.561 Y235.286 E187.64903
G1 X99.912 Y234.977 E187.70483
G1 X97.836 Y234.585 E187.7751
G1 X94.235 Y233.5 E187.90019
G1 X94.175 Y233.479 E187.9023
G1 X90.721 Y232.02 E188.02701
G1 X90.684 Y232.002 E188.02838
G1 X87.41 Y230.186 E188.1529
G1 X87.373 Y230.163 E188.15435
G1 X84.308 Y228.01 E188.27893
G1 X84.272 Y227.981 E188.28047
G1 X81.455 Y225.516 E188.40497
G1 X80.819 Y224.83 E188.43608
G1 X78.889 Y222.737 E188.53077
G1 X78.401 Y222.084 E188.55789
G1 X76.626 Y219.696 E188.65685
G1 X76.275 Y219.104 E188.67974
G1 X74.701 Y216.433 E188.78286
G1 X74.466 Y215.92 E188.80163
G1 X73.136 Y212.986 E188.90877
G1 X72.995 Y212.568 E188.92344
G1 X71.944 Y209.393 E189.03468
G1 X71.872 Y209.069 E189.04572
G1 X71.14 Y205.69 E189.16071
G1 X71.116 Y205.496 E189.16721
G1 X70.735 Y201.929 E189.28652
G1 X70.732 Y201.865 E189.28866
G1 X70.732 Y198.137 E189.41265
G1 X70.735 Y198.075 E189.41471
M204 S3000
M205 X10 Y10
G0 F6000 X69.932 Y198.147
M204 S1800
M205 X8 Y8
G1 F3000 X69.932 Y201.875 E189.53871
G1 X70.318 Y205.6 E189.66327
G1 X71.076 Y209.237 E189.78683
G1 X72.222 Y212.84 E189.91258
G1 X73.724 Y216.273 E190.03722
G1 X75.57 Y219.535 E190.16188
G1 X75.951 Y220.071 E190.18375
G1 X77.741 Y222.589 E190.28651
G1 X80.214 Y225.403 E190.41111
G1 X80.881 Y226.021 E190.44135
G1 X82.97 Y227.955 E190.53603
G1 X85.965 Y230.199 E190.66051
G1 X86.961 Y230.797 E190.69915
G1 X89.176 Y232.127 E190.78508
G1 X90.342 Y232.672 E190.82789
G1 X92.573 Y233.717 E190.90983
G1 X96.124 Y234.954 E191.03489
G1 X97.606 Y235.302 E191.08553
G1 X99.759 Y235.809 E191.15909
G1 X101.41 Y236.022 E191.21446
G1 X101.513 Y236.037 E191.21792
G1 X103.474 Y236.29 E191.28369
G1 X105.264 Y236.336 E191.34324
G1 X107.218 Y236.386 E191.40825
G1 X110.954 Y236.098 E191.53288
G1 X112.965 Y235.73 E191.60088
G1 X114.642 Y235.425 E191.65757
G1 X118.227 Y234.381 E191.78176
G1 X120.361 Y233.514 E191.85837
G1 X121.69 Y232.975 E191.90607
G1 X121.729 Y232.956 E191.90752
G1 X123.879 Y231.814 E191.98849
G1 X123.938 Y231.78 E191.99075
G1 X125.021 Y231.204 E192.03155
G1 X127.131 Y229.784 E192.11614
G1 X128.13 Y229.112 E192.15619
G1 X131.006 Y226.712 E192.28077
G1 X132.959 Y224.709 E192.37382
G1 X133.623 Y224.028 E192.40546
G1 X135.947 Y221.089 E192.53008
G1 X137.958 Y217.928 E192.65468
G1 X139.635 Y214.575 E192.77938
G1 X140.963 Y211.055 E192.90451
G1 X141.911 Y207.444 E193.02868
G1 X142.487 Y203.74 E193.15335
G1 X142.68 Y199.979 E193.27861
G1 X142.488 Y196.258 E193.40254
G1 X141.911 Y192.555 E193.52718
G1 X140.96 Y188.945 E193.65135
G1 X139.635 Y185.424 E193.77648
G1 X137.959 Y182.071 E193.90115
G1 X135.948 Y178.91 E194.02576
G1 X135.5 Y178.345 E194.04974
G1 X133.621 Y175.97 E194.15047
G1 X133.03 Y175.364 E194.17862
G1 X131.006 Y173.288 E194.27506
G1 X130.259 Y172.664 E194.30743
G1 X128.128 Y170.885 E194.39976
G1 X127.218 Y170.274 E194.43622
G1 X125.021 Y168.796 E194.52428
G1 X123.936 Y168.219 E194.56516
G1 X121.711 Y167.034 E194.649
G1 X120.459 Y166.524 E194.69397
G1 X118.227 Y165.615 E194.77412
G1 X116.823 Y165.209 E194.82273
G1 X114.642 Y164.576 E194.89827
G1 X113.068 Y164.289 E194.95148
G1 X110.954 Y163.903 E195.02296
G1 X109.232 Y163.77 E195.0804
G1 X107.198 Y163.614 E195.14825
G1 X103.474 Y163.709 E195.27215
G1 X99.759 Y164.191 E195.39675
G1 X96.123 Y165.05 E195.52101
G1 X94.005 Y165.785 E195.59558
G1 X92.553 Y166.292 E195.64673
G1 X90.437 Y167.283 E195.72445
G1 X89.176 Y167.873 E195.77075
G1 X87.051 Y169.149 E195.85319
G1 X85.965 Y169.801 E195.89532
G1 X82.971 Y172.046 E196.01979
G1 X80.959 Y173.908 E196.11097
G1 X80.214 Y174.597 E196.14472
G1 X78.33 Y176.741 E196.23965
G1 X77.741 Y177.411 E196.26932
G1 X75.999 Y179.859 E196.36925
G1 X75.583 Y180.448 E196.39323
G1 X75.56 Y180.484 E196.39465
G1 X73.725 Y183.728 E196.51862
G1 X72.429 Y186.69 E196.62615
G1 X72.223 Y187.161 E196.64325
G1 X71.078 Y190.744 E196.76836
G1 X70.371 Y194.144 E196.88386
G1 X70.316 Y194.42 E196.89322
G1 X69.945 Y197.993 E197.0127
G1 X69.932 Y198.147 E197.01784
M204 S3000
M205 X10 Y10
G0 F6000 X70.332 Y198.147
M204 S1800
M205 X8 Y8
G1 F3000 X70.332 Y201.855 E197.14117
G1 F3030.3 X70.341 Y201.971 E197.145
G1 F3053.4 X70.394 Y202.48 E197.16172
G1 F3038 X70.448 Y202.989 E197.17853
G1 F3022.7 X70.501 Y203.498 E197.19543
G1 F3007.5 X70.555 Y204.008 E197.21244
G1 F2992.5 X70.608 Y204.517 E197.2295
G1 F2977.7 X70.662 Y205.026 E197.24666
G1 F2963 X70.715 Y205.536 E197.26392
G1 F3022.7 X70.756 Y205.776 E197.27196
G1 F3076.9 X70.875 Y206.339 E197.29062
G1 F3045.7 X70.995 Y206.902 E197.30948
G1 F3015.1 X71.115 Y207.466 E197.32856
G1 F2977.7 X71.235 Y208.029 E197.34785
G1 F2948.4 X71.354 Y208.593 E197.36736
G1 F2919.7 X71.474 Y209.156 E197.38703
G1 F3015.1 X71.575 Y209.521 E197.39957
G1 F3116.9 X71.746 Y210.049 E197.41733
G1 F3069.1 X71.918 Y210.578 E197.43542
G1 F3022.7 X72.09 Y211.107 E197.45378
G1 F2970.3 X72.261 Y211.636 E197.47246
G1 F2926.8 X72.433 Y212.165 E197.49142
G1 F2884.6 X72.605 Y212.694 E197.51066
G1 F3007.5 X72.785 Y213.154 E197.52705
G1 F3149.6 X73.002 Y213.642 E197.54397
G1 F3084.8 X73.22 Y214.131 E197.56129
G1 F3030.3 X73.438 Y214.62 E197.57892
G1 F2977.7 X73.655 Y215.109 E197.59684
G1 F2919.7 X73.873 Y215.598 E197.61514
G1 F2870.8 X74.091 Y216.087 E197.63375
G1 F3007.5 X74.324 Y216.545 E197.6508
G1 F3208.6 X74.374 Y216.638 E197.65408
G1 F3191.5 X74.631 Y217.083 E197.67015
G1 F3116.9 X74.889 Y217.529 E197.68664
G1 F3045.7 X75.146 Y217.975 E197.7035
G1 F2977.7 X75.404 Y218.421 E197.72077
G1 F2912.6 X75.661 Y218.867 E197.7384
G1 F2850.4 X75.919 Y219.313 E197.75644
G1 F3007.5 X76.266 Y219.848 E197.7776
G1 F3234.5 X76.325 Y219.935 E197.78084
G1 F3191.5 X76.673 Y220.413 E197.79933
G1 F3092.8 X77.021 Y220.892 E197.81843
G1 F2992.5 X77.369 Y221.371 E197.83817
G1 F2905.6 X77.717 Y221.85 E197.8585
G1 F2823.5 X78.065 Y222.329 E197.87942
G1 F2992.5 X78.549 Y222.928 E197.9051
G1 F3260.9 X78.617 Y223.007 E197.90829
G1 F3225.8 X78.995 Y223.427 E197.92577
G1 F3108.8 X79.374 Y223.848 E197.94395
G1 F3000 X79.753 Y224.269 E197.96279
G1 F2905.6 X80.132 Y224.689 E197.98222
G1 F2810.3 X80.511 Y225.11 E198.00233
G1 F3007.5 X81.141 Y225.741 E198.03191
G1 F3305.8 X81.217 Y225.814 E198.03509
G1 F3252 X81.621 Y226.177 E198.05176
G1 F3125 X82.025 Y226.541 E198.06912
G1 F3000 X82.43 Y226.905 E198.08723
G1 F2891.6 X82.834 Y227.269 E198.106
G1 F2790.7 X83.238 Y227.633 E198.12544
G1 F2864 X83.63 Y227.95 E198.14301
G1 F3149.6 X84.022 Y228.268 E198.159
G1 F3333.3 X84.105 Y228.331 E198.16212
G1 F3278.7 X84.523 Y228.634 E198.17783
G1 F3141.4 X84.942 Y228.938 E198.19427
G1 F3007.5 X85.36 Y229.242 E198.21142
G1 F2891.6 X85.779 Y229.545 E198.22926
G1 F2784.2 X86.198 Y229.849 E198.24781
G1 F2864 X86.677 Y230.161 E198.26773
G1 F3174.6 X87.156 Y230.473 E198.2857
G1 F3361.3 X87.245 Y230.527 E198.28879
G1 F3278.7 X87.777 Y230.833 E198.30746
G1 F3092.8 X88.309 Y231.14 E198.32728
G1 F2934 X88.841 Y231.447 E198.34817
G1 F2784.2 X89.373 Y231.754 E198.37018
G1 F2857.1 X89.938 Y232.043 E198.39235
G1 F3191.5 X90.502 Y232.331 E198.41214
G1 F3399.4 X90.596 Y232.376 E198.4152
G1 F3305.8 X91.129 Y232.613 E198.43281
G1 F3108.8 X91.663 Y232.85 E198.45156
G1 F2934 X92.197 Y233.088 E198.47144
G1 F2777.8 X92.731 Y233.325 E198.49243
G1 F2850.4 X93.38 Y233.576 E198.51679
G1 F3191.5 X94.029 Y233.826 E198.53853
G1 F3399.4 X94.127 Y233.86 E198.54158
G1 F3296.7 X94.655 Y234.031 E198.55838
G1 F3092.8 X95.184 Y234.203 E198.57632
G1 F2912.6 X95.713 Y234.375 E198.59538
G1 F2752.3 X96.242 Y234.547 E198.61555
G1 F2777.8 X96.725 Y234.676 E198.6335
G1 F2992.5 X97.208 Y234.806 E198.65018
G1 F3252 X97.691 Y234.935 E198.66552
G1 F3399.4 X97.793 Y234.96 E198.6686
G1 F3305.8 X98.303 Y235.068 E198.68434
G1 F3100.8 X98.814 Y235.176 E198.70114
G1 F2926.8 X99.325 Y235.284 E198.71895
G1 F2765 X99.835 Y235.392 E198.73776
G1 F2790.7 X100.375 Y235.478 E198.75731
G1 F3007.5 X100.916 Y235.564 E198.77549
G1 F3269.8 X101.458 Y235.65 E198.79223
G1 F3399.4 X101.561 Y235.664 E198.79529
G1 F3252 X102.209 Y235.731 E198.81527
G1 F2992.5 X102.858 Y235.799 E198.83703
G1 F2777.8 X103.506 Y235.867 E198.86044
G1 X104.095 Y235.898 E198.88162
G1 F3000 X104.684 Y235.929 E198.90124
G1 F3260.9 X105.274 Y235.961 E198.91932
G1 F3409.1 X105.378 Y235.964 E198.92237
G1 F3269.8 X105.988 Y235.964 E198.94098
G1 F3007.5 X106.598 Y235.964 E198.96122
G1 F2790.7 X107.208 Y235.963 E198.98303
G1 X107.838 Y235.931 E199.00558
G1 F3007.5 X108.468 Y235.898 E199.02651
G1 F3269.8 X109.099 Y235.865 E199.0458
G1 F3409.1 X109.203 Y235.856 E199.04885
G1 F3260.9 X109.768 Y235.797 E199.06623
G1 F3000 X110.334 Y235.737 E199.08516
G1 F2777.8 X110.9 Y235.677 E199.10561
G1 F2758.6 X111.399 Y235.598 E199.12388
G1 F2919.7 X111.899 Y235.519 E199.14118
G1 F3108.8 X112.399 Y235.44 E199.15743
G1 F3314.9 X112.899 Y235.361 E199.17267
G1 F3418.8 X113.001 Y235.342 E199.1757
G1 F3269.8 X113.515 Y235.233 E199.19173
G1 F3007.5 X114.03 Y235.123 E199.2092
G1 F2790.7 X114.545 Y235.013 E199.22803
G1 F2765 X115.063 Y234.875 E199.24737
G1 F2926.8 X115.581 Y234.736 E199.26566
G1 F3108.8 X116.099 Y234.598 E199.28286
G1 F3314.9 X116.617 Y234.459 E199.29901
G1 F3418.8 X116.718 Y234.429 E199.30208
G1 F3200 X117.403 Y234.206 E199.32455
G1 F2850.4 X118.089 Y233.982 E199.34981
G1 F2777.8 X118.622 Y233.778 E199.37031
G1 F2926.8 X119.155 Y233.574 E199.38976
G1 F3100.8 X119.688 Y233.369 E199.40814
G1 F3287.7 X120.221 Y233.165 E199.42546
G1 F3380.3 X120.315 Y233.126 E199.42847
G1 F3174.6 X120.923 Y232.855 E199.44939
G1 F2843.6 X121.532 Y232.584 E199.47278
G1 F2771.4 X122.066 Y232.313 E199.49434
G1 F2919.7 X122.6 Y232.041 E199.51482
G1 F3084.8 X123.134 Y231.77 E199.53419
G1 F3269.8 X123.668 Y231.498 E199.55248
G1 F3370.8 X123.761 Y231.447 E199.55562
G1 F3183 X124.283 Y231.145 E199.57452
G1 F2857.1 X124.805 Y230.843 E199.59558
G1 F2771.4 X125.227 Y230.569 E199.6137
G1 F2884.6 X125.65 Y230.295 E199.63113
G1 F3000 X126.073 Y230.02 E199.64791
G1 F3133.2 X126.496 Y229.746 E199.66396
G1 F3278.7 X126.919 Y229.471 E199.67932
G1 F3342.6 X127.006 Y229.411 E199.68247
G1 F3166.2 X127.442 Y229.094 E199.69946
G1 F2870.8 X127.878 Y228.777 E199.71819
G1 F2790.7 X128.289 Y228.445 E199.73709
G1 F2891.6 X128.7 Y228.112 E199.75534
G1 F3000 X129.111 Y227.779 E199.77293
G1 F3125 X129.523 Y227.446 E199.78985
G1 F3252 X129.934 Y227.113 E199.80608
G1 F3149.6 X130.329 Y226.758 E199.8229
G1 F2864 X130.722 Y226.405 E199.84131
G1 F2790.7 X131.114 Y226.013 E199.86113
G1 F2891.6 X131.507 Y225.621 E199.88028
G1 F2992.5 X131.899 Y225.229 E199.89877
G1 F3108.8 X132.292 Y224.836 E199.91661
G1 F3234.5 X132.685 Y224.444 E199.93373
G1 F3007.5 X133.31 Y223.753 E199.96464
G1 F2810.3 X133.675 Y223.303 E199.98521
G1 F2905.6 X134.04 Y222.852 E200.00514
G1 F3000 X134.405 Y222.401 E200.02443
G1 F3108.8 X134.771 Y221.951 E200.04305
G1 F3225.8 X135.136 Y221.5 E200.061
G1 F3030.3 X135.61 Y220.85 E200.08749
G1 F2850.4 X135.885 Y220.427 E200.10515
G1 F2912.6 X136.16 Y220.003 E200.12246
G1 F2977.7 X136.435 Y219.58 E200.13937
G1 F3045.7 X136.71 Y219.156 E200.15593
G1 F3116.9 X136.985 Y218.733 E200.17208
G1 F3191.5 X137.26 Y218.309 E200.18788
G1 F3022.7 X137.6 Y217.726 E200.21016
G1 F2877.7 X137.838 Y217.26 E200.2283
G1 F2934 X138.076 Y216.793 E200.24613
G1 F2992.5 X138.314 Y216.326 E200.2636
G1 F3061.2 X138.552 Y215.859 E200.28069
G1 F3125 X138.79 Y215.392 E200.29742
G1 F3191.5 X139.028 Y214.925 E200.31381
G1 F3038 X139.26 Y214.411 E200.33233
G1 F2891.6 X139.455 Y213.902 E200.35114
G1 F2934 X139.651 Y213.392 E200.36972
G1 F2977.7 X139.846 Y212.882 E200.38802
G1 F3022.7 X140.042 Y212.372 E200.40605
G1 F3069.1 X140.238 Y211.862 E200.42382
G1 F3116.9 X140.433 Y211.352 E200.4413
G1 F3000 X140.573 Y210.931 E200.45605
G1 F2891.6 X140.718 Y210.387 E200.47548
G1 F2934 X140.864 Y209.842 E200.49467
G1 F2977.7 X141.01 Y209.297 E200.51358
G1 F3015.1 X141.156 Y208.752 E200.53225
G1 F3061.2 X141.302 Y208.207 E200.55064
G1 F3108.8 X141.448 Y207.662 E200.56875
G1 F3030.3 X141.515 Y207.362 E200.57887
G1 F2955.7 X141.593 Y206.865 E200.59585
G1 F2977.7 X141.672 Y206.367 E200.61275
G1 F3000 X141.751 Y205.869 E200.62952
G1 F3015.1 X141.83 Y205.371 E200.64621
G1 F3038 X141.909 Y204.873 E200.66277
G1 F3061.2 X141.988 Y204.375 E200.6792
G1 F3084.8 X142.067 Y203.877 E200.69551
G1 F3038 X142.088 Y203.699 E200.7014
G1 F2992.5 X142.151 Y202.484 E200.74197
G1 F3007.5 X142.215 Y201.268 E200.78237
G1 F3022.7 X142.279 Y200.052 E200.82256
G1 F3030.3 X142.28 Y199.947 E200.82602
G1 F3022.7 X142.233 Y199.036 E200.85613
G1 F3007.5 X142.185 Y198.124 E200.88643
G1 F2992.5 X142.137 Y197.212 E200.91688
G1 F2977.7 X142.089 Y196.3 E200.94749
G1 F3022.7 X142.068 Y196.125 E200.9533
G1 F3069.1 X141.99 Y195.628 E200.96966
G1 F3053.4 X141.911 Y195.13 E200.98614
G1 F3030.3 X141.832 Y194.632 E201.00274
G1 F3007.5 X141.753 Y194.134 E201.01947
G1 F2992.5 X141.674 Y193.636 E201.03628
G1 F2970.3 X141.595 Y193.138 E201.05322
G1 F2955.7 X141.516 Y192.64 E201.07024
G1 F3022.7 X141.449 Y192.339 E201.08042
G1 F3092.8 X141.303 Y191.795 E201.09859
G1 F3053.4 X141.157 Y191.25 E201.11703
G1 F3015.1 X141.011 Y190.705 E201.1357
G1 F2977.7 X140.865 Y190.16 E201.15461
G1 F2941.2 X140.719 Y189.615 E201.17375
G1 F2905.6 X140.573 Y189.07 E201.19313
G1 F3015.1 X140.432 Y188.647 E201.20788
G1 F3133.2 X140.237 Y188.138 E201.22524
G1 F3076.9 X140.041 Y187.628 E201.24296
G1 F3030.3 X139.846 Y187.118 E201.26094
G1 F2977.7 X139.65 Y186.608 E201.27925
G1 F2926.8 X139.455 Y186.098 E201.29786
G1 F2884.6 X139.259 Y185.588 E201.31676
G1 F3030.3 X139.036 Y185.089 E201.33476
G1 F3217.2 X139.029 Y185.077 E201.33519
G1 F3174.6 X138.791 Y184.611 E201.35163
G1 F3108.8 X138.553 Y184.144 E201.36846
G1 F3045.7 X138.315 Y183.677 E201.38563
G1 F2977.7 X138.077 Y183.21 E201.40319
G1 F2919.7 X137.839 Y182.743 E201.42111
G1 F2864 X137.601 Y182.276 E201.43937
G1 F3007.5 X137.316 Y181.78 E201.45835
G1 F3225.8 X137.261 Y181.69 E201.46161
G1 F3208.6 X136.986 Y181.267 E201.4773
G1 F3125 X136.711 Y180.844 E201.49341
G1 F3045.7 X136.436 Y180.42 E201.50997
G1 F2977.7 X136.16 Y179.997 E201.52689
G1 F2905.6 X135.885 Y179.573 E201.54425
G1 F2836.9 X135.61 Y179.15 E201.56199
G1 F3015.1 X135.199 Y178.583 E201.58517
G1 F3269.8 X135.135 Y178.499 E201.58839
G1 F3225.8 X134.77 Y178.049 E201.60631
G1 F3108.8 X134.405 Y177.598 E201.62493
G1 F3000 X134.04 Y177.148 E201.6442
G1 F2905.6 X133.674 Y176.697 E201.66415
G1 F2810.3 X133.309 Y176.246 E201.68475
G1 F3000 X132.756 Y175.631 E201.71226
G1 F3287.7 X132.684 Y175.555 E201.71544
G1 F3234.5 X132.292 Y175.163 E201.73254
G1 F3108.8 X131.899 Y174.771 E201.75035
G1 F2992.5 X131.506 Y174.379 E201.76886
G1 F2891.6 X131.114 Y173.986 E201.78802
G1 F2790.7 X130.721 Y173.594 E201.80786
G1 F2992.5 X130.014 Y172.956 E201.83962
G1 F3305.8 X129.935 Y172.888 E201.84276
G1 F3252 X129.524 Y172.555 E201.85899
G1 F3116.9 X129.112 Y172.221 E201.87597
G1 F2992.5 X128.7 Y171.888 E201.89363
G1 F2884.6 X128.288 Y171.554 E201.91198
G1 F2777.8 X127.876 Y171.221 E201.93101
G1 F2857.1 X127.441 Y170.905 E201.94979
G1 F3157.9 X127.006 Y170.589 E201.96678
G1 F3333.3 X126.92 Y170.529 E201.96991
G1 F3260.9 X126.498 Y170.255 E201.98531
G1 F3125 X126.075 Y169.981 E202.0014
G1 F3000 X125.652 Y169.707 E202.01817
G1 F2884.6 X125.229 Y169.432 E202.03562
G1 F2777.8 X124.806 Y169.158 E202.05372
G1 F2864 X124.282 Y168.855 E202.07481
G1 F3183 X123.759 Y168.552 E202.09376
G1 F3370.8 X123.667 Y168.502 E202.09686
G1 F3269.8 X123.134 Y168.231 E202.1151
G1 F3084.8 X122.6 Y167.959 E202.13449
G1 F2919.7 X122.066 Y167.688 E202.15495
G1 F2771.4 X121.532 Y167.416 E202.17653
G1 F2843.6 X120.925 Y167.145 E202.19986
G1 F3174.6 X120.317 Y166.874 E202.22078
G1 F3370.8 X120.221 Y166.834 E202.22386
G1 F3269.8 X119.688 Y166.63 E202.24127
G1 F3084.8 X119.155 Y166.425 E202.25974
G1 F2912.6 X118.622 Y166.22 E202.27931
G1 F2765 X118.088 Y166.015 E202.29995
G1 F2836.9 X117.403 Y165.793 E202.32528
G1 F3183 X116.718 Y165.57 E202.34786
G1 F3399.4 X116.618 Y165.54 E202.35092
G1 F3305.8 X116.1 Y165.402 E202.3671
G1 F3108.8 X115.582 Y165.264 E202.38431
G1 F2934 X115.064 Y165.126 E202.40254
G1 F2777.8 X114.546 Y164.988 E202.42179
G1 F2803.7 X114.031 Y164.878 E202.44054
G1 F3022.7 X113.516 Y164.768 E202.45792
G1 F3287.7 X113.001 Y164.658 E202.4739
G1 F3428.6 X112.898 Y164.639 E202.47695
G1 F3314.9 X112.399 Y164.56 E202.49216
G1 F3108.8 X111.899 Y164.481 E202.50841
G1 F2926.8 X111.399 Y164.402 E202.52566
G1 F2765 X110.899 Y164.323 E202.54393
G1 F2790.7 X110.335 Y164.264 E202.56421
G1 F3007.5 X109.769 Y164.204 E202.58309
G1 F3269.8 X109.203 Y164.144 E202.60046
G1 F3409.1 X109.1 Y164.136 E202.60348
G1 F3269.8 X108.47 Y164.104 E202.62273
G1 F3007.5 X107.84 Y164.071 E202.64366
G1 F2790.7 X107.209 Y164.038 E202.66625
G1 X106.598 Y164.037 E202.6881
G1 F3007.5 X105.988 Y164.037 E202.70834
G1 F3269.8 X105.378 Y164.036 E202.72695
G1 F3409.1 X105.274 Y164.039 E202.73
G1 F3260.9 X104.685 Y164.07 E202.74805
G1 F2992.5 X104.096 Y164.101 E202.76771
G1 F2771.4 X103.506 Y164.133 E202.78899
G1 F2765 X102.858 Y164.2 E202.8125
G1 F2985.1 X102.209 Y164.268 E202.83431
G1 F3243.2 X101.561 Y164.336 E202.85435
G1 F3399.4 X101.458 Y164.35 E202.8574
G1 F3260.9 X100.917 Y164.436 E202.87417
G1 F3000 X100.376 Y164.522 E202.89239
G1 F2777.8 X99.835 Y164.608 E202.91206
G1 F2758.6 X99.325 Y164.716 E202.93092
G1 F2919.7 X98.814 Y164.824 E202.94877
G1 F3108.8 X98.303 Y164.932 E202.96553
G1 F3314.9 X97.793 Y165.041 E202.98123
G1 F3418.8 X97.692 Y165.065 E202.98426
G1 F3269.8 X97.209 Y165.195 E202.99952
G1 F3015.1 X96.725 Y165.325 E203.01611
G1 F2803.7 X96.241 Y165.455 E203.03394
G1 F2777.8 X95.713 Y165.626 E203.05388
G1 F2934 X95.185 Y165.797 E203.07275
G1 F3108.8 X94.657 Y165.968 E203.09057
G1 F3305.8 X94.129 Y166.139 E203.10732
G1 F3409.1 X94.03 Y166.175 E203.1104
G1 F3200 X93.381 Y166.424 E203.13208
G1 F2850.4 X92.731 Y166.674 E203.15646
G1 F2777.8 X92.198 Y166.911 E203.17741
G1 F2934 X91.664 Y167.149 E203.19729
G1 F3108.8 X91.13 Y167.386 E203.21604
G1 F3305.8 X90.596 Y167.624 E203.23369
G1 F3399.4 X90.502 Y167.669 E203.23675
G1 F3191.5 X89.938 Y167.957 E203.25655
G1 F2857.1 X89.374 Y168.245 E203.27867
G1 F2784.2 X88.842 Y168.551 E203.30066
G1 F2934 X88.31 Y168.858 E203.32155
G1 F3092.8 X87.778 Y169.165 E203.34137
G1 F3278.7 X87.246 Y169.472 E203.36006
G1 F3361.3 X87.156 Y169.527 E203.36319
G1 F3174.6 X86.678 Y169.838 E203.38111
G1 F2864 X86.199 Y170.15 E203.40103
G1 F2784.2 X85.781 Y170.453 E203.41953
G1 F2891.6 X85.362 Y170.757 E203.43739
G1 F3007.5 X84.944 Y171.061 E203.45454
G1 F3141.4 X84.525 Y171.364 E203.47097
G1 F3278.7 X84.106 Y171.668 E203.48672
G1 F3342.6 X84.022 Y171.733 E203.48989
G1 F3166.2 X83.631 Y172.05 E203.50575
G1 F2877.7 X83.239 Y172.367 E203.52323
G1 F2803.7 X82.835 Y172.731 E203.54259
G1 F2905.6 X82.431 Y173.095 E203.56126
G1 F3015.1 X82.026 Y173.459 E203.57928
G1 F3141.4 X81.622 Y173.823 E203.59655
G1 F3269.8 X81.217 Y174.187 E203.61317
G1 F3022.7 X80.513 Y174.888 E203.64597
G1 F2810.3 X80.135 Y175.308 E203.66603
G1 F2905.6 X79.756 Y175.729 E203.68548
G1 F3000 X79.377 Y176.15 E203.70432
G1 F3108.8 X78.998 Y176.57 E203.72248
G1 F3225.8 X78.619 Y176.991 E203.74
G1 F3007.5 X78.067 Y177.669 E203.76901
G1 F2823.5 X77.719 Y178.147 E203.7899
G1 F2905.6 X77.371 Y178.626 E203.81024
G1 F2992.5 X77.023 Y179.105 E203.82998
G1 F3092.8 X76.675 Y179.584 E203.84908
G1 F3191.5 X76.327 Y180.063 E203.86759
G1 F3015.1 X75.919 Y180.687 E203.89226
G1 F2850.4 X75.662 Y181.132 E203.91025
G1 F2912.6 X75.404 Y181.578 E203.9279
G1 F2977.7 X75.147 Y182.024 E203.94515
G1 F3045.7 X74.889 Y182.47 E203.96203
G1 F3116.9 X74.632 Y182.916 E203.97851
G1 F3191.5 X74.374 Y183.362 E203.99462
G1 F3030.3 X74.092 Y183.911 E204.01494
G1 F2884.6 X73.875 Y184.399 E204.03342
G1 F2934 X73.657 Y184.888 E204.05162
G1 F2985.1 X73.439 Y185.377 E204.06952
G1 F3038 X73.222 Y185.866 E204.08709
G1 F3092.8 X73.004 Y186.355 E204.10436
G1 F3149.6 X72.786 Y186.844 E204.12133
G1 F3015.1 X72.606 Y187.305 E204.1377
G1 F2891.6 X72.434 Y187.833 E204.15687
G1 F2934 X72.262 Y188.362 E204.17578
G1 F2977.7 X72.09 Y188.891 E204.19442
G1 F3015.1 X71.918 Y189.42 E204.21283
G1 F3061.2 X71.746 Y189.949 E204.23096
G1 F3108.8 X71.574 Y190.478 E204.24882
G1 F3007.5 X71.472 Y190.847 E204.26152
G1 F2919.7 X71.353 Y191.409 E204.28115
G1 F2948.4 X71.234 Y191.972 E204.30063
G1 F2977.7 X71.115 Y192.534 E204.31988
G1 F3015.1 X70.995 Y193.097 E204.33893
G1 F3045.7 X70.876 Y193.659 E204.35775
G1 F3076.9 X70.757 Y194.222 E204.37641
G1 F3030.3 X70.716 Y194.461 E204.38439
G1 F2977.7 X70.622 Y195.354 E204.41448
G1 F2992.5 X70.528 Y196.247 E204.44442
G1 F3007.5 X70.434 Y197.14 E204.47421
G1 F3022.7 X70.339 Y198.034 E204.50389
G1 F3015.1 X70.332 Y198.147 E204.50764
M204 S3000
M205 X10 Y10
G0 F6000 X70.322 Y198.149
;MESH:NONMESH
G0 F600 X70.322 Y198.149 Z0.8
G0 F6000 X69.532 Y198.107
;TIME_ELAPSED:144.354209
;LAYER:3
M204 S1800
M205 X8 Y8
;TYPE:WALL-OUTER
;MESH:15_4_1.stl
G1 F3000 X69.532 Y201.895 E204.63362
G1 X69.922 Y205.662 E204.75959
G1 X70.685 Y209.319 E204.88384
G1 X70.822 Y209.76 E204.8992
G1 X71.848 Y212.981 E205.01163
G1 X73.366 Y216.452 E205.13763
G1 X75.232 Y219.75 E205.26367
G1 X77.427 Y222.838 E205.38968
G1 X79.927 Y225.683 E205.51565
G1 X82.713 Y228.263 E205.64194
G1 X83.554 Y228.892 E205.67687
G1 X85.741 Y230.531 E205.76777
G1 X86.755 Y231.14 E205.80711
G1 X88.988 Y232.481 E205.89374
G1 X90.172 Y233.034 E205.93721
G1 X92.422 Y234.088 E206.01985
G1 X96.012 Y235.339 E206.14629
G1 X99.687 Y236.203 E206.27185
G1 X103.443 Y236.69 E206.39783
G1 X107.228 Y236.787 E206.52376
G1 X111.006 Y236.495 E206.64979
G1 X114.734 Y235.815 E206.77583
G1 X118.359 Y234.759 E206.90141
G1 X121.881 Y233.329 E207.02784
G1 X125.227 Y231.548 E207.15391
G1 X127.354 Y230.116 E207.23919
G1 X128.37 Y229.433 E207.27991
G1 X131.278 Y227.006 E207.40589
G1 X133.924 Y224.292 E207.53196
G1 X136.274 Y221.321 E207.65795
G1 X138.307 Y218.126 E207.78391
G1 X140.002 Y214.735 E207.91
G1 X141.345 Y211.177 E208.03648
G1 X142.303 Y207.526 E208.16203
G1 X142.886 Y203.781 E208.28809
G1 X143.081 Y199.998 E208.41408
G1 X142.889 Y196.259 E208.5386
G1 X142.853 Y196.001 E208.54727
G1 X142.303 Y192.473 E208.66602
G1 X141.342 Y188.823 E208.79156
G1 X140.002 Y185.264 E208.91805
G1 X138.307 Y181.874 E209.04411
G1 X136.274 Y178.678 E209.17009
G1 X133.922 Y175.706 E209.29615
G1 X131.278 Y172.994 E209.42212
G1 X128.368 Y170.565 E209.5482
G1 X125.227 Y168.452 E209.67411
G1 X121.881 Y166.671 E209.80018
G1 X120.61 Y166.154 E209.84581
G1 X118.359 Y165.237 E209.92666
G1 X114.734 Y164.186 E210.05219
G1 X111.006 Y163.505 E210.17824
G1 X107.228 Y163.213 E210.30427
G1 X103.443 Y163.31 E210.4302
G1 X99.687 Y163.797 E210.55617
G1 X96.052 Y164.655 E210.68039
G1 X95.972 Y164.679 E210.68317
G1 X92.422 Y165.912 E210.80816
G1 X88.988 Y167.519 E210.93427
G1 X85.741 Y169.469 E211.06024
G1 X82.715 Y171.738 E211.18604
G1 X79.927 Y174.317 E211.31236
G1 X78.029 Y176.477 E211.40799
G1 X77.427 Y177.162 E211.43832
G1 X75.673 Y179.627 E211.53895
G1 X75.257 Y180.216 E211.56293
G1 X75.212 Y180.286 E211.5657
G1 X73.366 Y183.548 E211.69036
G1 X72.063 Y186.529 E211.79857
G1 X71.848 Y187.019 E211.81636
G1 X70.69 Y190.642 E211.94287
G1 X69.922 Y194.338 E212.06843
G1 X69.532 Y198.107 E212.19445
M204 S3000
M205 X10 Y10
G0 F6000 X69.532 Y198.307
G0 X70.042 Y198.307
G0 X71.132 Y198.137
M204 S1800
M205 X8 Y8
G1 F3000 X71.513 Y194.547 E212.31453
G1 X71.532 Y194.391 E212.31976
G1 X72.32 Y190.747 E212.44376
G1 X73.502 Y187.174 E212.56893
G1 X75.049 Y183.764 E212.69347
G1 X76.955 Y180.533 E212.81824
G1 X79.192 Y177.524 E212.94295
G1 X81.731 Y174.774 E213.06744
G1 X84.552 Y172.307 E213.19208
G1 X87.622 Y170.153 E213.31681
G1 X89.772 Y168.963 E213.39855
G1 X90.891 Y168.342 E213.44111
G1 X94.352 Y166.883 E213.56603
G1 X97.936 Y165.803 E213.69053
G1 X101.623 Y165.11 E213.81531
G1 X105.358 Y164.812 E213.93993
G1 X109.09 Y164.912 E214.0641
G1 X112.796 Y165.407 E214.18846
G1 X116.442 Y166.296 E214.31328
G1 X119.965 Y167.568 E214.43786
G1 X123.347 Y169.212 E214.56293
G1 X126.512 Y171.193 E214.68712
G1 X129.458 Y173.506 E214.8117
G1 X132.154 Y176.131 E214.93685
G1 X134.545 Y179.016 E215.06147
G1 X136.618 Y182.142 E215.18623
G1 X138.339 Y185.459 E215.31052
G1 X139.703 Y188.954 E215.4353
G1 X140.69 Y192.569 E215.55994
G1 X141.284 Y196.268 E215.68454
G1 X141.482 Y200.01 E215.80918
G1 X141.282 Y203.751 E215.93378
G1 X140.687 Y207.45 E216.05839
G1 X139.793 Y210.718 E216.17108
G1 X139.698 Y211.064 E216.18301
G1 X138.334 Y214.558 E216.30777
G1 X136.608 Y217.871 E216.43201
G1 X134.533 Y221.001 E216.55692
G1 X132.141 Y223.883 E216.68149
G1 X129.454 Y226.497 E216.80617
G1 X126.507 Y228.81 E216.93077
G1 X123.33 Y230.797 E217.05541
G1 X119.956 Y232.435 E217.18015
G1 X116.434 Y233.706 E217.30469
G1 X112.796 Y234.593 E217.42923
G1 X109.09 Y235.088 E217.55359
G1 X105.336 Y235.188 E217.67849
G1 X101.613 Y234.889 E217.80272
G1 X97.928 Y234.195 E217.92744
G1 X94.343 Y233.114 E218.05198
G1 X90.878 Y231.652 E218.17706
G1 X87.603 Y229.835 E218.30163
G1 X84.548 Y227.69 E218.42578
G1 X81.715 Y225.211 E218.55099
G1 X79.189 Y222.473 E218.67489
G1 X76.943 Y219.449 E218.80018
G1 X75.041 Y216.22 E218.92482
G1 X73.502 Y212.826 E219.04877
G1 X72.32 Y209.253 E219.17394
G1 X71.529 Y205.588 E219.29865
G1 X71.133 Y201.887 E219.42245
G1 X71.132 Y198.137 E219.54717
M204 S3000
M205 X10 Y10
G0 F6000 X71.153 Y197.939
G0 X70.732 Y198.137
M204 S1800
M205 X8 Y8
;TYPE:WALL-INNER
G1 F3000 X70.735 Y198.075 E219.54924
G1 X71.115 Y194.504 E219.66868
G1 X71.141 Y194.307 E219.67529
G1 X71.929 Y190.663 E219.79929
G1 X71.946 Y190.601 E219.80143
G1 X73.116 Y187.066 E219.92527
G1 X73.139 Y187.006 E219.92741
G1 X74.677 Y183.615 E220.05126
G1 X74.706 Y183.558 E220.05338
G1 X76.598 Y180.348 E220.17731
G1 X76.634 Y180.294 E220.17947
G1 X78.888 Y177.263 E220.3051
G1 X81.421 Y174.518 E220.42933
G1 X81.467 Y174.473 E220.43147
G1 X84.272 Y172.019 E220.55543
G1 X84.322 Y171.979 E220.55756
G1 X87.409 Y169.814 E220.68297
G1 X90.684 Y167.998 E220.80752
G1 X90.742 Y167.97 E220.80966
G1 X94.176 Y166.521 E220.93363
G1 X94.236 Y166.5 E220.93575
G1 X97.835 Y165.415 E221.06077
G1 X101.561 Y164.714 E221.18687
G1 X105.336 Y164.412 E221.31283
G1 X107.197 Y164.46 E221.37475
G1 X109.121 Y164.513 E221.43876
G1 X112.849 Y165.01 E221.56386
G1 X112.912 Y165.022 E221.56599
G1 X116.554 Y165.912 E221.69069
G1 X117.944 Y166.412 E221.73982
G1 X120.116 Y167.198 E221.81664
G1 X121.348 Y167.795 E221.86218
G1 X123.523 Y168.851 E221.94259
G1 X126.735 Y170.861 E222.06862
G1 X126.772 Y170.887 E222.07012
G1 X129.714 Y173.198 E222.19455
G1 X132.429 Y175.839 E222.32053
G1 X134.849 Y178.754 E222.44654
G1 X135.265 Y179.378 E222.47148
G1 X136.947 Y181.912 E222.57264
G1 X137.235 Y182.463 E222.59332
G1 X138.69 Y185.262 E222.69824
G1 X138.877 Y185.736 E222.71519
G1 X140.069 Y188.788 E222.82417
G1 X140.179 Y189.176 E222.83758
G1 X141.073 Y192.447 E222.95037
G1 X141.116 Y192.7 E222.9589
G1 X141.678 Y196.186 E223.07634
G1 X141.687 Y196.319 E223.08078
G1 X141.882 Y199.967 E223.20228
G1 X141.882 Y200.031 E223.20441
G1 X141.68 Y203.812 E223.33035
G1 X141.075 Y207.552 E223.45636
G1 X141.071 Y207.557 E223.45657
G1 X140.076 Y211.204 E223.5823
G1 X140.07 Y211.209 E223.58256
G1 X138.694 Y214.738 E223.70855
G1 X138.687 Y214.746 E223.7089
G1 X136.972 Y218.041 E223.83245
G1 X136.94 Y218.095 E223.83453
G1 X134.879 Y221.205 E223.95863
G1 X134.841 Y221.257 E223.96077
G1 X132.464 Y224.123 E224.08461
G1 X132.42 Y224.17 E224.08675
G1 X129.749 Y226.77 E224.21073
G1 X129.701 Y226.812 E224.21285
G1 X126.772 Y229.113 E224.33674
G1 X126.719 Y229.149 E224.33887
G1 X123.525 Y231.148 E224.46419
G1 X120.115 Y232.802 E224.59024
G1 X116.591 Y234.076 E224.71488
G1 X116.529 Y234.095 E224.71703
G1 X112.849 Y234.99 E224.843
G1 X109.122 Y235.487 E224.96806
G1 X105.368 Y235.588 E225.09296
G1 X105.304 Y235.587 E225.09509
G1 X101.561 Y235.286 E225.21998
G1 X99.912 Y234.977 E225.27579
G1 X97.836 Y234.585 E225.34605
G1 X94.235 Y233.5 E225.47114
G1 X94.175 Y233.479 E225.47326
G1 X90.721 Y232.02 E225.59796
G1 X90.684 Y232.002 E225.59933
G1 X87.41 Y230.186 E225.72386
G1 X87.373 Y230.163 E225.72531
G1 X84.308 Y228.01 E225.84989
G1 X84.272 Y227.981 E225.85142
G1 X81.455 Y225.516 E225.97592
G1 X80.819 Y224.83 E226.00704
G1 X78.889 Y222.737 E226.10173
G1 X78.401 Y222.084 E226.12884
G1 X76.626 Y219.696 E226.22781
G1 X76.275 Y219.104 E226.2507
G1 X74.701 Y216.433 E226.35381
G1 X74.466 Y215.92 E226.37258
G1 X73.136 Y212.986 E226.47972
G1 X72.995 Y212.568 E226.4944
G1 X71.944 Y209.393 E226.60563
G1 X71.872 Y209.069 E226.61667
G1 X71.14 Y205.69 E226.73166
G1 X71.116 Y205.496 E226.73817
G1 X70.735 Y201.929 E226.85748
G1 X70.732 Y201.855 E226.85994
G1 X70.732 Y198.137 E226.9836
M204 S3000
M205 X10 Y10
G0 F6000 X69.932 Y198.127
M204 S1800
M205 X8 Y8
G1 F3000 X69.932 Y201.875 E227.10826
G1 X70.318 Y205.6 E227.23282
G1 X71.076 Y209.237 E227.35639
G1 X72.222 Y212.84 E227.48214
G1 X73.724 Y216.273 E227.60677
G1 X75.57 Y219.535 E227.73143
G1 X75.951 Y220.071 E227.75331
G1 X77.741 Y222.589 E227.85606
G1 X80.214 Y225.403 E227.98066
G1 X80.881 Y226.021 E228.0109
G1 X82.97 Y227.955 E228.10559
G1 X85.965 Y230.199 E228.23006
G1 X86.961 Y230.797 E228.2687
G1 X89.176 Y232.127 E228.35463
G1 X90.342 Y232.672 E228.39744
G1 X92.573 Y233.717 E228.47938
G1 X96.124 Y234.954 E228.60445
G1 X97.606 Y235.302 E228.65508
G1 X99.759 Y235.809 E228.72865
G1 X101.41 Y236.022 E228.78402
G1 X101.513 Y236.037 E228.78748
G1 X103.474 Y236.29 E228.85324
G1 X105.264 Y236.336 E228.9128
G1 X107.218 Y236.386 E228.97781
G1 X110.954 Y236.098 E229.10244
G1 X112.965 Y235.73 E229.17043
G1 X114.642 Y235.425 E229.22713
G1 X118.227 Y234.381 E229.35132
G1 X120.361 Y233.514 E229.42793
G1 X121.69 Y232.975 E229.47563
G1 X121.729 Y232.956 E229.47707
G1 X123.879 Y231.814 E229.55804
G1 X123.938 Y231.78 E229.56031
G1 X125.021 Y231.204 E229.60111
G1 X127.131 Y229.784 E229.6857
G1 X128.13 Y229.112 E229.72574
G1 X131.006 Y226.712 E229.85033
G1 X132.959 Y224.709 E229.94338
G1 X133.623 Y224.028 E229.97501
G1 X135.947 Y221.089 E230.09963
G1 X137.958 Y217.928 E230.22424
G1 X139.635 Y214.575 E230.34893
G1 X140.963 Y211.055 E230.47406
G1 X141.911 Y207.444 E230.59823
G1 X142.487 Y203.74 E230.72291
G1 X142.68 Y199.979 E230.84817
G1 X142.488 Y196.258 E230.97209
G1 X141.911 Y192.555 E231.09674
G1 X140.96 Y188.945 E231.2209
G1 X139.635 Y185.424 E231.34603
G1 X137.959 Y182.071 E231.47071
G1 X135.948 Y178.91 E231.59532
G1 X135.5 Y178.345 E231.6193
G1 X133.621 Y175.97 E231.72002
G1 X133.03 Y175.364 E231.74818
G1 X131.006 Y173.288 E231.84461
G1 X130.259 Y172.664 E231.87699
G1 X128.128 Y170.885 E231.96931
G1 X127.218 Y170.274 E232.00577
G1 X125.021 Y168.796 E232.09384
G1 X123.936 Y168.219 E232.13471
G1 X121.711 Y167.034 E232.21856
G1 X120.459 Y166.524 E232.26352
G1 X118.227 Y165.615 E232.34368
G1 X116.823 Y165.209 E232.39229
G1 X114.642 Y164.576 E232.46782
G1 X113.068 Y164.289 E232.52104
G1 X110.954 Y163.903 E232.59251
G1 X109.232 Y163.77 E232.64996
G1 X107.198 Y163.614 E232.71781
G1 X103.474 Y163.709 E232.84171
G1 X99.759 Y164.191 E232.9663
G1 X96.123 Y165.05 E233.09057
G1 X94.005 Y165.785 E233.16513
G1 X92.553 Y166.292 E233.21629
G1 X90.437 Y167.283 E233.294
G1 X89.176 Y167.873 E233.34031
G1 X87.051 Y169.149 E233.42275
G1 X85.965 Y169.801 E233.46488
G1 X82.971 Y172.046 E233.58934
G1 X80.959 Y173.908 E233.68052
G1 X80.214 Y174.597 E233.71427
G1 X78.33 Y176.741 E233.8092
G1 X77.741 Y177.411 E233.83887
G1 X75.999 Y179.859 E233.9388
G1 X75.583 Y180.448 E233.96279
G1 X75.56 Y180.484 E233.96421
G1 X73.725 Y183.728 E234.08817
G1 X72.429 Y186.69 E234.1957
G1 X72.223 Y187.161 E234.2128
G1 X71.078 Y190.744 E234.33791
G1 X70.371 Y194.144 E234.45341
G1 X70.316 Y194.42 E234.46277
G1 X69.945 Y197.993 E234.58225
G1 X69.932 Y198.127 E234.58673
M204 S3000
M205 X10 Y10
G0 F6000 X70.332 Y198.147
M204 S1800
M205 X8 Y8
G1 F3000 X70.332 Y201.855 E234.71006
G1 F3030.3 X70.341 Y201.971 E234.71389
G1 F3053.4 X70.394 Y202.48 E234.73061
G1 F3038 X70.448 Y202.989 E234.74742
G1 F3022.7 X70.501 Y203.498 E234.76432
G1 F3007.5 X70.555 Y204.008 E234.78133
G1 F2992.5 X70.608 Y204.517 E234.7984
G1 F2977.7 X70.662 Y205.026 E234.81555
G1 F2963 X70.715 Y205.536 E234.83282
G1 F3022.7 X70.756 Y205.776 E234.84085
G1 F3076.9 X70.875 Y206.339 E234.85951
G1 F3045.7 X70.995 Y206.902 E234.87837
G1 F3015.1 X71.115 Y207.466 E234.89745
G1 F2977.7 X71.235 Y208.029 E234.91674
G1 F2948.4 X71.354 Y208.593 E234.93625
G1 F2919.7 X71.474 Y209.156 E234.95592
G1 F3015.1 X71.575 Y209.521 E234.96846
G1 F3116.9 X71.746 Y210.049 E234.98622
G1 F3069.1 X71.918 Y210.578 E235.00431
G1 F3022.7 X72.09 Y211.107 E235.02267
G1 F2970.3 X72.261 Y211.636 E235.04135
G1 F2926.8 X72.433 Y212.165 E235.06031
G1 F2884.6 X72.605 Y212.694 E235.07955
G1 F3007.5 X72.785 Y213.154 E235.09594
G1 F3149.6 X73.002 Y213.642 E235.11286
G1 F3084.8 X73.22 Y214.131 E235.13018
G1 F3030.3 X73.438 Y214.62 E235.14781
G1 F2977.7 X73.655 Y215.109 E235.16573
G1 F2919.7 X73.873 Y215.598 E235.18403
G1 F2870.8 X74.091 Y216.087 E235.20264
G1 F3007.5 X74.324 Y216.545 E235.21969
G1 F3208.6 X74.374 Y216.638 E235.22297
G1 F3191.5 X74.631 Y217.083 E235.23904
G1 F3116.9 X74.889 Y217.529 E235.25553
G1 F3045.7 X75.146 Y217.975 E235.2724
G1 F2977.7 X75.404 Y218.421 E235.28966
G1 F2912.6 X75.661 Y218.867 E235.3073
G1 F2850.4 X75.919 Y219.313 E235.32533
G1 F3007.5 X76.266 Y219.848 E235.34649
G1 F3234.5 X76.325 Y219.935 E235.34973
G1 F3191.5 X76.673 Y220.413 E235.36822
G1 F3092.8 X77.021 Y220.892 E235.38732
G1 F2992.5 X77.369 Y221.371 E235.40706
G1 F2905.6 X77.717 Y221.85 E235.42739
G1 F2823.5 X78.065 Y222.329 E235.44832
G1 F2992.5 X78.549 Y222.928 E235.47399
G1 F3260.9 X78.617 Y223.007 E235.47718
G1 F3225.8 X78.995 Y223.427 E235.49466
G1 F3108.8 X79.374 Y223.848 E235.51284
G1 F3000 X79.753 Y224.269 E235.53168
G1 F2905.6 X80.132 Y224.689 E235.55111
G1 F2810.3 X80.511 Y225.11 E235.57122
G1 F3007.5 X81.141 Y225.741 E235.60081
G1 F3305.8 X81.217 Y225.814 E235.60399
G1 F3252 X81.621 Y226.177 E235.62065
G1 F3125 X82.025 Y226.541 E235.63801
G1 F3000 X82.43 Y226.905 E235.65613
G1 F2891.6 X82.834 Y227.269 E235.67489
G1 F2790.7 X83.238 Y227.633 E235.69433
G1 F2864 X83.63 Y227.95 E235.7119
G1 F3149.6 X84.022 Y228.268 E235.72789
G1 F3333.3 X84.105 Y228.331 E235.73101
G1 F3278.7 X84.523 Y228.634 E235.74672
G1 F3141.4 X84.942 Y228.938 E235.76316
G1 F3007.5 X85.36 Y229.242 E235.78031
G1 F2891.6 X85.779 Y229.545 E235.79815
G1 F2784.2 X86.198 Y229.849 E235.81671
G1 F2864 X86.677 Y230.161 E235.83662
G1 F3174.6 X87.156 Y230.473 E235.85459
G1 F3361.3 X87.245 Y230.527 E235.85768
G1 F3278.7 X87.777 Y230.833 E235.87636
G1 F3092.8 X88.309 Y231.14 E235.89617
G1 F2934 X88.841 Y231.447 E235.91706
G1 F2784.2 X89.373 Y231.754 E235.93907
G1 F2857.1 X89.938 Y232.043 E235.96124
G1 F3191.5 X90.502 Y232.331 E235.98104
G1 F3399.4 X90.596 Y232.376 E235.9841
G1 F3305.8 X91.129 Y232.613 E236.0017
G1 F3108.8 X91.663 Y232.85 E236.02045
G1 F2934 X92.197 Y233.088 E236.04034
G1 F2777.8 X92.731 Y233.325 E236.06132
G1 F2850.4 X93.38 Y233.576 E236.08568
G1 F3191.5 X94.029 Y233.826 E236.10743
G1 F3399.4 X94.127 Y233.86 E236.11047
G1 F3296.7 X94.655 Y234.031 E236.12727
G1 F3092.8 X95.184 Y234.203 E236.14521
G1 F2912.6 X95.713 Y234.375 E236.16427
G1 F2752.3 X96.242 Y234.547 E236.18444
G1 F2777.8 X96.725 Y234.676 E236.2024
G1 F2992.5 X97.208 Y234.806 E236.21907
G1 F3252 X97.691 Y234.935 E236.23441
G1 F3399.4 X97.793 Y234.96 E236.2375
G1 F3305.8 X98.303 Y235.068 E236.25323
G1 F3100.8 X98.814 Y235.176 E236.27004
G1 F2926.8 X99.325 Y235.284 E236.28784
G1 F2765 X99.835 Y235.392 E236.30666
G1 F2790.7 X100.375 Y235.478 E236.32621
G1 F3007.5 X100.916 Y235.564 E236.34438
G1 F3269.8 X101.458 Y235.65 E236.36113
G1 F3399.4 X101.561 Y235.664 E236.36418
G1 F3252 X102.209 Y235.731 E236.38417
G1 F2992.5 X102.858 Y235.799 E236.40592
G1 F2777.8 X103.506 Y235.867 E236.42933
G1 X104.095 Y235.898 E236.45052
G1 F3000 X104.684 Y235.929 E236.47013
G1 F3260.9 X105.274 Y235.961 E236.48821
G1 F3409.1 X105.378 Y235.964 E236.49126
G1 F3269.8 X105.988 Y235.964 E236.50987
G1 F3007.5 X106.598 Y235.964 E236.53011
G1 F2790.7 X107.208 Y235.963 E236.55192
G1 X107.838 Y235.931 E236.57448
G1 F3007.5 X108.468 Y235.898 E236.59541
G1 F3269.8 X109.099 Y235.865 E236.61469
G1 F3409.1 X109.203 Y235.856 E236.61774
G1 F3260.9 X109.768 Y235.797 E236.63513
G1 F3000 X110.334 Y235.737 E236.65406
G1 F2777.8 X110.9 Y235.677 E236.6745
G1 F2758.6 X111.399 Y235.598 E236.69278
G1 F2919.7 X111.899 Y235.519 E236.71008
G1 F3108.8 X112.399 Y235.44 E236.72632
G1 F3314.9 X112.899 Y235.361 E236.74156
G1 F3418.8 X113.001 Y235.342 E236.74459
G1 F3269.8 X113.515 Y235.233 E236.76062
G1 F3007.5 X114.03 Y235.123 E236.77809
G1 F2790.7 X114.545 Y235.013 E236.79692
G1 F2765 X115.063 Y234.875 E236.81627
G1 F2926.8 X115.581 Y234.736 E236.83455
G1 F3108.8 X116.099 Y234.598 E236.85176
G1 F3314.9 X116.617 Y234.459 E236.8679
G1 F3418.8 X116.718 Y234.429 E236.87098
G1 F3200 X117.403 Y234.206 E236.89344
G1 F2850.4 X118.089 Y233.982 E236.9187
G1 F2777.8 X118.622 Y233.778 E236.9392
G1 F2926.8 X119.155 Y233.574 E236.95866
G1 F3100.8 X119.688 Y233.369 E236.97703
G1 F3287.7 X120.221 Y233.165 E236.99435
G1 F3380.3 X120.315 Y233.126 E236.99736
G1 F3174.6 X120.923 Y232.855 E237.01828
G1 F2843.6 X121.532 Y232.584 E237.04167
G1 F2771.4 X122.066 Y232.313 E237.06323
G1 F2919.7 X122.6 Y232.041 E237.08371
G1 F3084.8 X123.134 Y231.77 E237.10308
G1 F3269.8 X123.668 Y231.498 E237.12137
G1 F3370.8 X123.761 Y231.447 E237.12451
G1 F3183 X124.283 Y231.145 E237.14341
G1 F2857.1 X124.805 Y230.843 E237.16447
G1 F2771.4 X125.227 Y230.569 E237.18259
G1 F2884.6 X125.65 Y230.295 E237.20002
G1 F3000 X126.073 Y230.02 E237.2168
G1 F3133.2 X126.496 Y229.746 E237.23285
G1 F3278.7 X126.919 Y229.471 E237.24821
G1 F3342.6 X127.006 Y229.411 E237.25136
G1 F3166.2 X127.442 Y229.094 E237.26835
G1 F2870.8 X127.878 Y228.777 E237.28709
G1 F2790.7 X128.289 Y228.445 E237.30598
G1 F2891.6 X128.7 Y228.112 E237.32423
G1 F3000 X129.111 Y227.779 E237.34182
G1 F3125 X129.523 Y227.446 E237.35874
G1 F3252 X129.934 Y227.113 E237.37497
G1 F3149.6 X130.329 Y226.758 E237.39179
G1 F2864 X130.722 Y226.405 E237.4102
G1 F2790.7 X131.114 Y226.013 E237.43002
G1 F2891.6 X131.507 Y225.621 E237.44917
G1 F2992.5 X131.899 Y225.229 E237.46766
G1 F3108.8 X132.292 Y224.836 E237.4855
G1 F3234.5 X132.685 Y224.444 E237.50262
G1 F3007.5 X133.31 Y223.753 E237.53353
G1 F2810.3 X133.675 Y223.303 E237.55411
G1 F2905.6 X134.04 Y222.852 E237.57403
G1 F3000 X134.405 Y222.401 E237.59333
G1 F3108.8 X134.771 Y221.951 E237.61194
G1 F3225.8 X135.136 Y221.5 E237.62989
G1 F3030.3 X135.61 Y220.85 E237.65638
G1 F2850.4 X135.885 Y220.427 E237.67404
G1 F2912.6 X136.16 Y220.003 E237.69135
G1 F2977.7 X136.435 Y219.58 E237.70826
G1 F3045.7 X136.71 Y219.156 E237.72482
G1 F3116.9 X136.985 Y218.733 E237.74097
G1 F3191.5 X137.26 Y218.309 E237.75677
G1 F3022.7 X137.6 Y217.726 E237.77905
G1 F2877.7 X137.838 Y217.26 E237.79719
G1 F2934 X138.076 Y216.793 E237.81502
G1 F2992.5 X138.314 Y216.326 E237.83249
G1 F3061.2 X138.552 Y215.859 E237.84958
G1 F3125 X138.79 Y215.392 E237.86632
G1 F3191.5 X139.028 Y214.925 E237.8827
G1 F3038 X139.26 Y214.411 E237.90122
G1 F2891.6 X139.455 Y213.902 E237.92003
G1 F2934 X139.651 Y213.392 E237.93861
G1 F2977.7 X139.846 Y212.882 E237.95691
G1 F3022.7 X140.042 Y212.372 E237.97495
G1 F3069.1 X140.238 Y211.862 E237.99271
G1 F3116.9 X140.433 Y211.352 E238.01019
G1 F3000 X140.573 Y210.931 E238.02495
G1 F2891.6 X140.718 Y210.387 E238.04437
G1 F2934 X140.864 Y209.842 E238.06356
G1 F2977.7 X141.01 Y209.297 E238.08247
G1 F3015.1 X141.156 Y208.752 E238.10114
G1 F3061.2 X141.302 Y208.207 E238.11953
G1 F3108.8 X141.448 Y207.662 E238.13764
G1 F3030.3 X141.515 Y207.362 E238.14776
G1 F2955.7 X141.593 Y206.865 E238.16475
G1 F2977.7 X141.672 Y206.367 E238.18164
G1 F3000 X141.751 Y205.869 E238.19841
G1 F3015.1 X141.83 Y205.371 E238.2151
G1 F3038 X141.909 Y204.873 E238.23166
G1 F3061.2 X141.988 Y204.375 E238.2481
G1 F3084.8 X142.067 Y203.877 E238.26441
G1 F3038 X142.088 Y203.699 E238.27029
G1 F2992.5 X142.151 Y202.484 E238.31086
G1 F3007.5 X142.215 Y201.268 E238.35126
G1 F3022.7 X142.279 Y200.052 E238.39145
G1 F3030.3 X142.28 Y199.947 E238.39491
G1 F3022.7 X142.233 Y199.036 E238.42502
G1 F3007.5 X142.185 Y198.124 E238.45532
G1 F2992.5 X142.137 Y197.212 E238.48577
G1 F2977.7 X142.089 Y196.3 E238.51638
G1 F3022.7 X142.068 Y196.125 E238.5222
G1 F3069.1 X141.99 Y195.628 E238.53855
G1 F3053.4 X141.911 Y195.13 E238.55503
G1 F3030.3 X141.832 Y194.632 E238.57163
G1 F3007.5 X141.753 Y194.134 E238.58836
G1 F2992.5 X141.674 Y193.636 E238.60517
G1 F2970.3 X141.595 Y193.138 E238.62211
G1 F2955.7 X141.516 Y192.64 E238.63913
G1 F3022.7 X141.449 Y192.339 E238.64931
G1 F3092.8 X141.303 Y191.795 E238.66749
G1 F3053.4 X141.157 Y191.25 E238.68592
G1 F3015.1 X141.011 Y190.705 E238.7046
G1 F2977.7 X140.865 Y190.16 E238.7235
G1 F2941.2 X140.719 Y189.615 E238.74264
G1 F2905.6 X140.573 Y189.07 E238.76202
G1 F3015.1 X140.432 Y188.647 E238.77677
G1 F3133.2 X140.237 Y188.138 E238.79413
G1 F3076.9 X140.041 Y187.628 E238.81185
G1 F3030.3 X139.846 Y187.118 E238.82983
G1 F2977.7 X139.65 Y186.608 E238.84814
G1 F2926.8 X139.455 Y186.098 E238.86675
G1 F2884.6 X139.259 Y185.588 E238.88565
G1 F3030.3 X139.036 Y185.089 E238.90365
G1 F3217.2 X139.029 Y185.077 E238.90408
G1 F3174.6 X138.791 Y184.611 E238.92053
G1 F3108.8 X138.553 Y184.144 E238.93735
G1 F3045.7 X138.315 Y183.677 E238.95452
G1 F2977.7 X138.077 Y183.21 E238.97209
G1 F2919.7 X137.839 Y182.743 E238.99
G1 F2864 X137.601 Y182.276 E239.00826
G1 F3007.5 X137.316 Y181.78 E239.02724
G1 F3225.8 X137.261 Y181.69 E239.0305
G1 F3208.6 X136.986 Y181.267 E239.04619
G1 F3125 X136.711 Y180.844 E239.0623
G1 F3045.7 X136.436 Y180.42 E239.07886
G1 F2977.7 X136.16 Y179.997 E239.09578
G1 F2905.6 X135.885 Y179.573 E239.11314
G1 F2836.9 X135.61 Y179.15 E239.13088
G1 F3015.1 X135.199 Y178.583 E239.15406
G1 F3269.8 X135.135 Y178.499 E239.15728
G1 F3225.8 X134.77 Y178.049 E239.1752
G1 F3108.8 X134.405 Y177.598 E239.19383
G1 F3000 X134.04 Y177.148 E239.2131
G1 F2905.6 X133.674 Y176.697 E239.23304
G1 F2810.3 X133.309 Y176.246 E239.25364
G1 F3000 X132.756 Y175.631 E239.28115
G1 F3287.7 X132.684 Y175.555 E239.28433
G1 F3234.5 X132.292 Y175.163 E239.30143
G1 F3108.8 X131.899 Y174.771 E239.31925
G1 F2992.5 X131.506 Y174.379 E239.33775
G1 F2891.6 X131.114 Y173.986 E239.35691
G1 F2790.7 X130.721 Y173.594 E239.37676
G1 F2992.5 X130.014 Y172.956 E239.40851
G1 F3305.8 X129.935 Y172.888 E239.41165
G1 F3252 X129.524 Y172.555 E239.42788
G1 F3116.9 X129.112 Y172.221 E239.44486
G1 F2992.5 X128.7 Y171.888 E239.46253
G1 F2884.6 X128.288 Y171.554 E239.48087
G1 F2777.8 X127.876 Y171.221 E239.4999
G1 F2857.1 X127.441 Y170.905 E239.51868
G1 F3157.9 X127.006 Y170.589 E239.53567
G1 F3333.3 X126.92 Y170.529 E239.53881
G1 F3260.9 X126.498 Y170.255 E239.5542
G1 F3125 X126.075 Y169.981 E239.5703
G1 F3000 X125.652 Y169.707 E239.58706
G1 F2884.6 X125.229 Y169.432 E239.60451
G1 F2777.8 X124.806 Y169.158 E239.62261
G1 F2864 X124.282 Y168.855 E239.6437
G1 F3183 X123.759 Y168.552 E239.66265
G1 F3370.8 X123.667 Y168.502 E239.66575
G1 F3269.8 X123.134 Y168.231 E239.684
G1 F3084.8 X122.6 Y167.959 E239.70338
G1 F2919.7 X122.066 Y167.688 E239.72385
G1 F2771.4 X121.532 Y167.416 E239.74542
G1 F2843.6 X120.925 Y167.145 E239.76875
G1 F3174.6 X120.317 Y166.874 E239.78967
G1 F3370.8 X120.221 Y166.834 E239.79275
G1 F3269.8 X119.688 Y166.63 E239.81016
G1 F3084.8 X119.155 Y166.425 E239.82864
G1 F2912.6 X118.622 Y166.22 E239.8482
G1 F2765 X118.088 Y166.015 E239.86884
G1 F2836.9 X117.403 Y165.793 E239.89417
G1 F3183 X116.718 Y165.57 E239.91675
G1 F3399.4 X116.618 Y165.54 E239.91981
G1 F3305.8 X116.1 Y165.402 E239.93599
G1 F3108.8 X115.582 Y165.264 E239.9532
G1 F2934 X115.064 Y165.126 E239.97143
G1 F2777.8 X114.546 Y164.988 E239.99069
G1 F2803.7 X114.031 Y164.878 E240.00943
G1 F3022.7 X113.516 Y164.768 E240.02681
G1 F3287.7 X113.001 Y164.658 E240.0428
G1 F3428.6 X112.898 Y164.639 E240.04584
G1 F3314.9 X112.399 Y164.56 E240.06105
G1 F3108.8 X111.899 Y164.481 E240.0773
G1 F2926.8 X111.399 Y164.402 E240.09456
G1 F2765 X110.899 Y164.323 E240.11282
G1 F2790.7 X110.335 Y164.264 E240.1331
G1 F3007.5 X109.769 Y164.204 E240.15198
G1 F3269.8 X109.203 Y164.144 E240.16935
G1 F3409.1 X109.1 Y164.136 E240.17237
G1 F3269.8 X108.47 Y164.104 E240.19162
G1 F3007.5 X107.84 Y164.071 E240.21255
G1 F2790.7 X107.209 Y164.038 E240.23515
G1 X106.598 Y164.037 E240.25699
G1 F3007.5 X105.988 Y164.037 E240.27723
G1 F3269.8 X105.378 Y164.036 E240.29585
G1 F3409.1 X105.274 Y164.039 E240.29889
G1 F3260.9 X104.685 Y164.07 E240.31694
G1 F2992.5 X104.096 Y164.101 E240.3366
G1 F2771.4 X103.506 Y164.133 E240.35788
G1 F2765 X102.858 Y164.2 E240.38139
G1 F2985.1 X102.209 Y164.268 E240.4032
G1 F3243.2 X101.561 Y164.336 E240.42325
G1 F3399.4 X101.458 Y164.35 E240.4263
G1 F3260.9 X100.917 Y164.436 E240.44306
G1 F3000 X100.376 Y164.522 E240.46128
G1 F2777.8 X99.835 Y164.608 E240.48096
G1 F2758.6 X99.325 Y164.716 E240.49981
G1 F2919.7 X98.814 Y164.824 E240.51766
G1 F3108.8 X98.303 Y164.932 E240.53442
G1 F3314.9 X97.793 Y165.041 E240.55012
G1 F3418.8 X97.692 Y165.065 E240.55315
G1 F3269.8 X97.209 Y165.195 E240.56842
G1 F3015.1 X96.725 Y165.325 E240.585
G1 F2803.7 X96.241 Y165.455 E240.60284
G1 F2777.8 X95.713 Y165.626 E240.62277
G1 F2934 X95.185 Y165.797 E240.64165
G1 F3108.8 X94.657 Y165.968 E240.65946
G1 F3305.8 X94.129 Y166.139 E240.67621
G1 F3409.1 X94.03 Y166.175 E240.6793
G1 F3200 X93.381 Y166.424 E240.70097
G1 F2850.4 X92.731 Y166.674 E240.72535
G1 F2777.8 X92.198 Y166.911 E240.7463
G1 F2934 X91.664 Y167.149 E240.76619
G1 F3108.8 X91.13 Y167.386 E240.78494
G1 F3305.8 X90.596 Y167.624 E240.80258
G1 F3399.4 X90.502 Y167.669 E240.80564
G1 F3191.5 X89.938 Y167.957 E240.82544
G1 F2857.1 X89.374 Y168.245 E240.84756
G1 F2784.2 X88.842 Y168.551 E240.86955
G1 F2934 X88.31 Y168.858 E240.89044
G1 F3092.8 X87.778 Y169.165 E240.91026
G1 F3278.7 X87.246 Y169.472 E240.92895
G1 F3361.3 X87.156 Y169.527 E240.93208
G1 F3174.6 X86.678 Y169.838 E240.95001
G1 F2864 X86.199 Y170.15 E240.96992
G1 F2784.2 X85.781 Y170.453 E240.98842
G1 F2891.6 X85.362 Y170.757 E241.00629
G1 F3007.5 X84.944 Y171.061 E241.02343
G1 F3141.4 X84.525 Y171.364 E241.03986
G1 F3278.7 X84.106 Y171.668 E241.05561
G1 F3342.6 X84.022 Y171.733 E241.05878
G1 F3166.2 X83.631 Y172.05 E241.07465
G1 F2877.7 X83.239 Y172.367 E241.09213
G1 F2803.7 X82.835 Y172.731 E241.11148
G1 F2905.6 X82.431 Y173.095 E241.13015
G1 F3015.1 X82.026 Y173.459 E241.14817
G1 F3141.4 X81.622 Y173.823 E241.16545
G1 F3269.8 X81.217 Y174.187 E241.18206
G1 F3022.7 X80.513 Y174.888 E241.21486
G1 F2810.3 X80.135 Y175.308 E241.23492
G1 F2905.6 X79.756 Y175.729 E241.25438
G1 F3000 X79.377 Y176.15 E241.27322
G1 F3108.8 X78.998 Y176.57 E241.29137
G1 F3225.8 X78.619 Y176.991 E241.3089
G1 F3007.5 X78.067 Y177.669 E241.3379
G1 F2823.5 X77.719 Y178.147 E241.3588
G1 F2905.6 X77.371 Y178.626 E241.37913
G1 F2992.5 X77.023 Y179.105 E241.39887
G1 F3092.8 X76.675 Y179.584 E241.41797
G1 F3191.5 X76.327 Y180.063 E241.43648
G1 F3015.1 X75.919 Y180.687 E241.46116
G1 F2850.4 X75.662 Y181.132 E241.47914
G1 F2912.6 X75.404 Y181.578 E241.4968
G1 F2977.7 X75.147 Y182.024 E241.51404
G1 F3045.7 X74.889 Y182.47 E241.53092
G1 F3116.9 X74.632 Y182.916 E241.5474
G1 F3191.5 X74.374 Y183.362 E241.56351
G1 F3030.3 X74.092 Y183.911 E241.58383
G1 F2884.6 X73.875 Y184.399 E241.60231
G1 F2934 X73.657 Y184.888 E241.62052
G1 F2985.1 X73.439 Y185.377 E241.63841
G1 F3038 X73.222 Y185.866 E241.65598
G1 F3092.8 X73.004 Y186.355 E241.67326
G1 F3149.6 X72.786 Y186.844 E241.69022
G1 F3015.1 X72.606 Y187.305 E241.7066
G1 F2891.6 X72.434 Y187.833 E241.72576
G1 F2934 X72.262 Y188.362 E241.74468
G1 F2977.7 X72.09 Y188.891 E241.76332
G1 F3015.1 X71.918 Y189.42 E241.78173
G1 F3061.2 X71.746 Y189.949 E241.79986
G1 F3108.8 X71.574 Y190.478 E241.81771
G1 F3007.5 X71.472 Y190.847 E241.83041
G1 F2919.7 X71.353 Y191.409 E241.85004
G1 F2948.4 X71.234 Y191.972 E241.86952
G1 F2977.7 X71.115 Y192.534 E241.88877
G1 F3015.1 X70.995 Y193.097 E241.90782
G1 F3045.7 X70.876 Y193.659 E241.92664
G1 F3076.9 X70.757 Y194.222 E241.9453
G1 F3030.3 X70.716 Y194.461 E241.95328
G1 F2977.7 X70.622 Y195.354 E241.98337
G1 F2992.5 X70.528 Y196.247 E242.01331
G1 F3007.5 X70.434 Y197.14 E242.0431
G1 F3022.7 X70.339 Y198.034 E242.07278
G1 F3015.1 X70.332 Y198.147 E242.07653
M204 S3000
M205 X10 Y10
G0 F6000 X70.322 Y198.149
;MESH:NONMESH
G0 F600 X70.322 Y198.149 Z1
G0 F6000 X69.532 Y198.147
;TIME_ELAPSED:167.322088
;LAYER:4
M204 S1800
M205 X8 Y8
;TYPE:WALL-OUTER
;MESH:15_4_1.stl
G1 F3000 X69.532 Y201.895 E242.20119
G1 X69.922 Y205.662 E242.32715
G1 X70.685 Y209.319 E242.4514
G1 X70.822 Y209.76 E242.46676
G1 X71.848 Y212.981 E242.57919
G1 X73.366 Y216.452 E242.7052
G1 X75.232 Y219.75 E242.83123
G1 X77.427 Y222.838 E242.95724
G1 X79.927 Y225.683 E243.08321
G1 X82.713 Y228.263 E243.2095
G1 X83.554 Y228.892 E243.24443
G1 X85.741 Y230.531 E243.33533
G1 X86.755 Y231.14 E243.37467
G1 X88.988 Y232.481 E243.4613
G1 X90.172 Y233.034 E243.50477
G1 X92.422 Y234.088 E243.58741
G1 X96.012 Y235.339 E243.71385
G1 X99.687 Y236.203 E243.83942
G1 X103.443 Y236.69 E243.96539
G1 X107.228 Y236.787 E244.09132
G1 X111.006 Y236.495 E244.21735
G1 X114.734 Y235.815 E244.34339
G1 X118.359 Y234.759 E244.46897
G1 X121.881 Y233.329 E244.5954
G1 X125.227 Y231.548 E244.72147
G1 X127.354 Y230.116 E244.80675
G1 X128.37 Y229.433 E244.84747
G1 X131.278 Y227.006 E244.97345
G1 X133.924 Y224.292 E245.09952
G1 X136.274 Y221.321 E245.22551
G1 X138.307 Y218.126 E245.35147
G1 X140.002 Y214.735 E245.47756
G1 X141.345 Y211.177 E245.60405
G1 X142.303 Y207.526 E245.72959
G1 X142.886 Y203.781 E245.85565
G1 X143.081 Y199.998 E245.98164
G1 X142.889 Y196.259 E246.10616
G1 X142.853 Y196.001 E246.11483
G1 X142.303 Y192.473 E246.23359
G1 X141.342 Y188.823 E246.35912
G1 X140.002 Y185.264 E246.48561
G1 X138.307 Y181.874 E246.61167
G1 X136.274 Y178.678 E246.73765
G1 X133.922 Y175.706 E246.86371
G1 X131.278 Y172.994 E246.98969
G1 X128.368 Y170.565 E247.11576
G1 X125.227 Y168.452 E247.24167
G1 X121.881 Y166.671 E247.36774
G1 X120.61 Y166.154 E247.41338
G1 X118.359 Y165.237 E247.49422
G1 X114.734 Y164.186 E247.61975
G1 X111.006 Y163.505 E247.7458
G1 X107.228 Y163.213 E247.87183
G1 X103.443 Y163.31 E247.99776
G1 X99.687 Y163.797 E248.12373
G1 X96.052 Y164.655 E248.24795
G1 X95.972 Y164.679 E248.25073
G1 X92.422 Y165.912 E248.37572
G1 X88.988 Y167.519 E248.50183
G1 X85.741 Y169.469 E248.6278
G1 X82.715 Y171.738 E248.7536
G1 X79.927 Y174.317 E248.87992
G1 X78.029 Y176.477 E248.97555
G1 X77.427 Y177.162 E249.00589
G1 X75.673 Y179.627 E249.10651
G1 X75.257 Y180.216 E249.13049
G1 X75.212 Y180.286 E249.13326
G1 X73.366 Y183.548 E249.25792
G1 X72.063 Y186.529 E249.36613
G1 X71.848 Y187.019 E249.38393
G1 X70.69 Y190.642 E249.51043
G1 X69.922 Y194.338 E249.63599
G1 X69.532 Y198.107 E249.76202
G1 X69.532 Y198.147 E249.76335
M204 S3000
M205 X10 Y10
G0 F6000 X69.532 Y198.347
G0 X70.042 Y198.347
G0 X70.622 Y201.865
G0 X71.132 Y201.865
M204 S1800
M205 X8 Y8
G1 F3000 X71.133 Y198.116 E249.88804
G1 X71.513 Y194.547 E250.00741
G1 X71.532 Y194.391 E250.01264
G1 X72.32 Y190.747 E250.13664
G1 X73.502 Y187.174 E250.26182
G1 X75.049 Y183.764 E250.38636
G1 X76.955 Y180.533 E250.51113
G1 X79.192 Y177.524 E250.63583
G1 X81.731 Y174.774 E250.76032
G1 X84.552 Y172.307 E250.88497
G1 X87.622 Y170.153 E251.0097
G1 X89.772 Y168.963 E251.09143
G1 X90.891 Y168.342 E251.134
G1 X94.352 Y166.883 E251.25892
G1 X97.936 Y165.803 E251.38342
G1 X101.623 Y165.11 E251.5082
G1 X105.358 Y164.812 E251.63282
G1 X109.09 Y164.912 E251.75699
G1 X112.796 Y165.407 E251.88135
G1 X116.442 Y166.296 E252.00617
G1 X119.965 Y167.568 E252.13075
G1 X123.347 Y169.212 E252.25582
G1 X126.512 Y171.193 E252.38001
G1 X129.458 Y173.506 E252.50458
G1 X132.154 Y176.131 E252.62973
G1 X134.545 Y179.016 E252.75436
G1 X136.618 Y182.142 E252.87912
G1 X138.339 Y185.459 E253.00341
G1 X139.703 Y188.954 E253.12819
G1 X140.69 Y192.569 E253.25282
G1 X141.284 Y196.268 E253.37743
G1 X141.482 Y200.01 E253.50206
G1 X141.282 Y203.751 E253.62667
G1 X140.687 Y207.45 E253.75128
G1 X139.793 Y210.718 E253.86397
G1 X139.698 Y211.064 E253.8759
G1 X138.334 Y214.558 E254.00065
G1 X136.608 Y217.871 E254.1249
G1 X134.533 Y221.001 E254.2498
G1 X132.141 Y223.883 E254.37437
G1 X129.454 Y226.497 E254.49906
G1 X126.507 Y228.81 E254.62366
G1 X123.33 Y230.797 E254.74829
G1 X119.956 Y232.435 E254.87304
G1 X116.434 Y233.706 E254.99757
G1 X112.796 Y234.593 E255.12212
G1 X109.09 Y235.088 E255.24648
G1 X105.336 Y235.188 E255.37138
G1 X101.613 Y234.889 E255.4956
G1 X97.928 Y234.195 E255.62032
G1 X94.343 Y233.114 E255.74486
G1 X90.878 Y231.652 E255.86995
G1 X87.603 Y229.835 E255.99452
G1 X84.548 Y227.69 E256.11867
G1 X81.715 Y225.211 E256.24388
G1 X79.189 Y222.473 E256.36778
G1 X76.943 Y219.449 E256.49307
G1 X75.041 Y216.22 E256.61771
G1 X73.502 Y212.826 E256.74166
G1 X72.32 Y209.253 E256.86683
G1 X71.529 Y205.588 E256.99153
G1 X71.133 Y201.887 E257.11533
G1 X71.132 Y201.865 E257.11607
M204 S3000
M205 X10 Y10
G0 F6000 X71.132 Y201.665
G0 X70.622 Y201.665
G0 X70.627 Y198.063
G0 X70.735 Y198.075
M204 S1800
M205 X8 Y8
;TYPE:WALL-INNER
G1 F3000 X71.115 Y194.504 E257.23551
G1 X71.141 Y194.307 E257.24212
G1 X71.929 Y190.663 E257.36612
G1 X71.946 Y190.601 E257.36826
G1 X73.116 Y187.066 E257.4921
G1 X73.139 Y187.006 E257.49424
G1 X74.677 Y183.615 E257.61808
G1 X74.706 Y183.558 E257.62021
G1 X76.598 Y180.348 E257.74414
G1 X76.634 Y180.294 E257.7463
G1 X78.888 Y177.263 E257.87193
G1 X81.421 Y174.518 E257.99616
G1 X81.467 Y174.473 E257.9983
G1 X84.272 Y172.019 E258.12226
G1 X84.322 Y171.979 E258.12439
G1 X87.409 Y169.814 E258.2498
G1 X90.684 Y167.998 E258.37435
G1 X90.742 Y167.97 E258.37649
G1 X94.176 Y166.521 E258.50046
G1 X94.236 Y166.5 E258.50257
G1 X97.835 Y165.415 E258.6276
G1 X101.561 Y164.714 E258.7537
G1 X105.336 Y164.412 E258.87966
G1 X107.197 Y164.46 E258.94158
G1 X109.121 Y164.513 E259.00559
G1 X112.849 Y165.01 E259.13068
G1 X112.912 Y165.022 E259.13282
G1 X116.554 Y165.912 E259.25752
G1 X117.944 Y166.412 E259.30665
G1 X120.116 Y167.198 E259.38347
G1 X121.348 Y167.795 E259.42901
G1 X123.523 Y168.851 E259.50942
G1 X126.735 Y170.861 E259.63545
G1 X126.772 Y170.887 E259.63695
G1 X129.714 Y173.198 E259.76138
G1 X132.429 Y175.839 E259.88736
G1 X134.849 Y178.754 E260.01337
G1 X135.265 Y179.378 E260.03831
G1 X136.947 Y181.912 E260.13947
G1 X137.235 Y182.463 E260.16015
G1 X138.69 Y185.262 E260.26507
G1 X138.877 Y185.736 E260.28202
G1 X140.069 Y188.788 E260.391
G1 X140.179 Y189.176 E260.40441
G1 X141.073 Y192.447 E260.51719
G1 X141.116 Y192.7 E260.52573
G1 X141.678 Y196.186 E260.64317
G1 X141.687 Y196.319 E260.64761
G1 X141.882 Y199.967 E260.76911
G1 X141.882 Y200.031 E260.77124
G1 X141.68 Y203.812 E260.89718
G1 X141.075 Y207.552 E261.02319
G1 X141.071 Y207.557 E261.0234
G1 X140.076 Y211.204 E261.14913
G1 X140.07 Y211.209 E261.14939
G1 X138.694 Y214.738 E261.27537
G1 X138.687 Y214.746 E261.27573
G1 X136.972 Y218.041 E261.39928
G1 X136.94 Y218.095 E261.40136
G1 X134.879 Y221.205 E261.52545
G1 X134.841 Y221.257 E261.5276
G1 X132.464 Y224.123 E261.65144
G1 X132.42 Y224.17 E261.65358
G1 X129.749 Y226.77 E261.77756
G1 X129.701 Y226.812 E261.77968
G1 X126.772 Y229.113 E261.90356
G1 X126.719 Y229.149 E261.9057
G1 X123.525 Y231.148 E262.03102
G1 X120.115 Y232.802 E262.15707
G1 X116.591 Y234.076 E262.28171
G1 X116.529 Y234.095 E262.28386
G1 X112.849 Y234.99 E262.40983
G1 X109.122 Y235.487 E262.53489
G1 X105.368 Y235.588 E262.65979
G1 X105.304 Y235.587 E262.66192
G1 X101.561 Y235.286 E262.78681
G1 X99.912 Y234.977 E262.84261
G1 X97.836 Y234.585 E262.91288
G1 X94.235 Y233.5 E263.03797
G1 X94.175 Y233.479 E263.04008
G1 X90.721 Y232.02 E263.16479
G1 X90.684 Y232.002 E263.16616
G1 X87.41 Y230.186 E263.29069
G1 X87.373 Y230.163 E263.29213
G1 X84.308 Y228.01 E263.41671
G1 X84.272 Y227.981 E263.41825
G1 X81.455 Y225.516 E263.54275
G1 X80.819 Y224.83 E263.57387
G1 X78.889 Y222.737 E263.66856
G1 X78.401 Y222.084 E263.69567
G1 X76.626 Y219.696 E263.79463
G1 X76.275 Y219.104 E263.81753
G1 X74.701 Y216.433 E263.92064
G1 X74.466 Y215.92 E263.93941
G1 X73.136 Y212.986 E264.04655
G1 X72.995 Y212.568 E264.06122
G1 X71.944 Y209.393 E264.17246
G1 X71.872 Y209.069 E264.1835
G1 X71.14 Y205.69 E264.29849
G1 X71.116 Y205.496 E264.30499
G1 X70.735 Y201.929 E264.42431
G1 X70.732 Y201.865 E264.42644
G1 X70.732 Y198.137 E264.55043
G1 X70.735 Y198.075 E264.5525
M204 S3000
M205 X10 Y10
G0 F6000 X69.932 Y198.147
M204 S1800
M205 X8 Y8
G1 F3000 X69.932 Y201.875 E264.67649
G1 X70.318 Y205.6 E264.80105
G1 X71.076 Y209.237 E264.92462
G1 X72.222 Y212.84 E265.05037
G1 X73.724 Y216.273 E265.175
G1 X75.57 Y219.535 E265.29966
G1 X75.951 Y220.071 E265.32153
G1 X77.741 Y222.589 E265.42429
G1 X80.214 Y225.403 E265.54889
G1 X80.881 Y226.021 E265.57913
G1 X82.97 Y227.955 E265.67382
G1 X85.965 Y230.199 E265.79829
G1 X86.961 Y230.797 E265.83693
G1 X89.176 Y232.127 E265.92286
G1 X90.342 Y232.672 E265.96567
G1 X92.573 Y233.717 E266.04761
G1 X96.124 Y234.954 E266.17268
G1 X97.606 Y235.302 E266.22331
G1 X99.759 Y235.809 E266.29688
G1 X101.41 Y236.022 E266.35225
G1 X101.513 Y236.037 E266.35571
G1 X103.474 Y236.29 E266.42147
G1 X105.264 Y236.336 E266.48103
G1 X107.218 Y236.386 E266.54604
G1 X110.954 Y236.098 E266.67067
G1 X112.965 Y235.73 E266.73866
G1 X114.642 Y235.425 E266.79536
G1 X118.227 Y234.381 E266.91955
G1 X120.361 Y233.514 E266.99616
G1 X121.69 Y232.975 E267.04386
G1 X121.729 Y232.956 E267.0453
G1 X123.879 Y231.814 E267.12627
G1 X123.938 Y231.78 E267.12854
G1 X125.021 Y231.204 E267.16933
G1 X127.131 Y229.784 E267.25393
G1 X128.13 Y229.112 E267.29397
G1 X131.006 Y226.712 E267.41856
G1 X132.959 Y224.709 E267.5116
G1 X133.623 Y224.028 E267.54324
G1 X135.947 Y221.089 E267.66786
G1 X137.958 Y217.928 E267.79247
G1 X139.635 Y214.575 E267.91716
G1 X140.963 Y211.055 E268.04229
G1 X141.911 Y207.444 E268.16646
G1 X142.487 Y203.74 E268.29114
G1 X142.68 Y199.979 E268.41639
G1 X142.488 Y196.258 E268.54032
G1 X141.911 Y192.555 E268.66497
G1 X140.96 Y188.945 E268.78913
G1 X139.635 Y185.424 E268.91426
G1 X137.959 Y182.071 E269.03894
G1 X135.948 Y178.91 E269.16355
G1 X135.5 Y178.345 E269.18753
G1 X133.621 Y175.97 E269.28825
G1 X133.03 Y175.364 E269.31641
G1 X131.006 Y173.288 E269.41284
G1 X130.259 Y172.664 E269.44521
G1 X128.128 Y170.885 E269.53754
G1 X127.218 Y170.274 E269.574
G1 X125.021 Y168.796 E269.66207
G1 X123.936 Y168.219 E269.70294
G1 X121.711 Y167.034 E269.78679
G1 X120.459 Y166.524 E269.83175
G1 X118.227 Y165.615 E269.91191
G1 X116.823 Y165.209 E269.96052
G1 X114.642 Y164.576 E270.03605
G1 X113.068 Y164.289 E270.08927
G1 X110.954 Y163.903 E270.16074
G1 X109.232 Y163.77 E270.21818
G1 X107.198 Y163.614 E270.28603
G1 X103.474 Y163.709 E270.40994
G1 X99.759 Y164.191 E270.53453
G1 X96.123 Y165.05 E270.6588
G1 X94.005 Y165.785 E270.73336
G1 X92.553 Y166.292 E270.78451
G1 X90.437 Y167.283 E270.86223
G1 X89.176 Y167.873 E270.90853
G1 X87.051 Y169.149 E270.99097
G1 X85.965 Y169.801 E271.0331
G1 X82.971 Y172.046 E271.15757
G1 X80.959 Y173.908 E271.24875
G1 X80.214 Y174.597 E271.2825
G1 X78.33 Y176.741 E271.37743
G1 X77.741 Y177.411 E271.4071
G1 X75.999 Y179.859 E271.50703
G1 X75.583 Y180.448 E271.53102
G1 X75.56 Y180.484 E271.53244
G1 X73.725 Y183.728 E271.6564
G1 X72.429 Y186.69 E271.76393
G1 X72.223 Y187.161 E271.78103
G1 X71.078 Y190.744 E271.90614
G1 X70.371 Y194.144 E272.02164
G1 X70.316 Y194.42 E272.031
G1 X69.945 Y197.993 E272.15048
G1 X69.932 Y198.147 E272.15562
M204 S3000
M205 X10 Y10
G0 F6000 X70.332 Y198.147
M204 S1800
M205 X8 Y8
G1 F3000 X70.332 Y201.855 E272.27895
G1 F3030.3 X70.341 Y201.971 E272.28278
G1 F3053.4 X70.394 Y202.48 E272.2995
G1 F3038 X70.448 Y202.989 E272.31632
G1 F3022.7 X70.501 Y203.498 E272.33321
G1 F3007.5 X70.555 Y204.008 E272.35022
G1 F2992.5 X70.608 Y204.517 E272.36729
G1 F2977.7 X70.662 Y205.026 E272.38444
G1 F2963 X70.715 Y205.536 E272.40171
G1 F3022.7 X70.756 Y205.776 E272.40974
G1 F3076.9 X70.875 Y206.339 E272.4284
G1 F3045.7 X70.995 Y206.902 E272.44726
G1 F3015.1 X71.115 Y207.466 E272.46635
G1 F2977.7 X71.235 Y208.029 E272.48564
G1 F2948.4 X71.354 Y208.593 E272.50514
G1 F2919.7 X71.474 Y209.156 E272.52482
G1 F3015.1 X71.575 Y209.521 E272.53735
G1 F3116.9 X71.746 Y210.049 E272.55512
G1 F3069.1 X71.918 Y210.578 E272.5732
G1 F3022.7 X72.09 Y211.107 E272.59156
G1 F2970.3 X72.261 Y211.636 E272.61024
G1 F2926.8 X72.433 Y212.165 E272.6292
G1 F2884.6 X72.605 Y212.694 E272.64844
G1 F3007.5 X72.785 Y213.154 E272.66483
G1 F3149.6 X73.002 Y213.642 E272.68175
G1 F3084.8 X73.22 Y214.131 E272.69907
G1 F3030.3 X73.438 Y214.62 E272.7167
G1 F2977.7 X73.655 Y215.109 E272.73463
G1 F2919.7 X73.873 Y215.598 E272.75292
G1 F2870.8 X74.091 Y216.087 E272.77153
G1 F3007.5 X74.324 Y216.545 E272.78858
G1 F3208.6 X74.374 Y216.638 E272.79186
G1 F3191.5 X74.631 Y217.083 E272.80793
G1 F3116.9 X74.889 Y217.529 E272.82442
G1 F3045.7 X75.146 Y217.975 E272.84129
G1 F2977.7 X75.404 Y218.421 E272.85855
G1 F2912.6 X75.661 Y218.867 E272.87619
G1 F2850.4 X75.919 Y219.313 E272.89422
G1 F3007.5 X76.266 Y219.848 E272.91538
G1 F3234.5 X76.325 Y219.935 E272.91862
G1 F3191.5 X76.673 Y220.413 E272.93711
G1 F3092.8 X77.021 Y220.892 E272.95621
G1 F2992.5 X77.369 Y221.371 E272.97595
G1 F2905.6 X77.717 Y221.85 E272.99628
G1 F2823.5 X78.065 Y222.329 E273.01721
G1 F2992.5 X78.549 Y222.928 E273.04289
G1 F3260.9 X78.617 Y223.007 E273.04607
G1 F3225.8 X78.995 Y223.427 E273.06355
G1 F3108.8 X79.374 Y223.848 E273.08173
G1 F3000 X79.753 Y224.269 E273.10057
G1 F2905.6 X80.132 Y224.689 E273.12
G1 F2810.3 X80.511 Y225.11 E273.14011
G1 F3007.5 X81.141 Y225.741 E273.1697
G1 F3305.8 X81.217 Y225.814 E273.17288
G1 F3252 X81.621 Y226.177 E273.18954
G1 F3125 X82.025 Y226.541 E273.20691
G1 F3000 X82.43 Y226.905 E273.22502
G1 F2891.6 X82.834 Y227.269 E273.24378
G1 F2790.7 X83.238 Y227.633 E273.26323
G1 F2864 X83.63 Y227.95 E273.28079
G1 F3149.6 X84.022 Y228.268 E273.29678
G1 F3333.3 X84.105 Y228.331 E273.2999
G1 F3278.7 X84.523 Y228.634 E273.31561
G1 F3141.4 X84.942 Y228.938 E273.33205
G1 F3007.5 X85.36 Y229.242 E273.3492
G1 F2891.6 X85.779 Y229.545 E273.36704
G1 F2784.2 X86.198 Y229.849 E273.3856
G1 F2864 X86.677 Y230.161 E273.40551
G1 F3174.6 X87.156 Y230.473 E273.42348
G1 F3361.3 X87.245 Y230.527 E273.42657
G1 F3278.7 X87.777 Y230.833 E273.44525
G1 F3092.8 X88.309 Y231.14 E273.46506
G1 F2934 X88.841 Y231.447 E273.48595
G1 F2784.2 X89.373 Y231.754 E273.50797
G1 F2857.1 X89.938 Y232.043 E273.53013
G1 F3191.5 X90.502 Y232.331 E273.54993
G1 F3399.4 X90.596 Y232.376 E273.55299
G1 F3305.8 X91.129 Y232.613 E273.57059
G1 F3108.8 X91.663 Y232.85 E273.58935
G1 F2934 X92.197 Y233.088 E273.60923
G1 F2777.8 X92.731 Y233.325 E273.63021
G1 F2850.4 X93.38 Y233.576 E273.65457
G1 F3191.5 X94.029 Y233.826 E273.67632
G1 F3399.4 X94.127 Y233.86 E273.67936
G1 F3296.7 X94.655 Y234.031 E273.69616
G1 F3092.8 X95.184 Y234.203 E273.71411
G1 F2912.6 X95.713 Y234.375 E273.73316
G1 F2752.3 X96.242 Y234.547 E273.75333
G1 F2777.8 X96.725 Y234.676 E273.77129
G1 F2992.5 X97.208 Y234.806 E273.78796
G1 F3252 X97.691 Y234.935 E273.8033
G1 F3399.4 X97.793 Y234.96 E273.80639
G1 F3305.8 X98.303 Y235.068 E273.82212
G1 F3100.8 X98.814 Y235.176 E273.83893
G1 F2926.8 X99.325 Y235.284 E273.85673
G1 F2765 X99.835 Y235.392 E273.87555
G1 F2790.7 X100.375 Y235.478 E273.8951
G1 F3007.5 X100.916 Y235.564 E273.91327
G1 F3269.8 X101.458 Y235.65 E273.93002
G1 F3399.4 X101.561 Y235.664 E273.93307
G1 F3252 X102.209 Y235.731 E273.95306
G1 F2992.5 X102.858 Y235.799 E273.97482
G1 F2777.8 X103.506 Y235.867 E273.99822
G1 X104.095 Y235.898 E274.01941
G1 F3000 X104.684 Y235.929 E274.03902
G1 F3260.9 X105.274 Y235.961 E274.0571
G1 F3409.1 X105.378 Y235.964 E274.06015
G1 F3269.8 X105.988 Y235.964 E274.07876
G1 F3007.5 X106.598 Y235.964 E274.099
G1 F2790.7 X107.208 Y235.963 E274.12081
G1 X107.838 Y235.931 E274.14337
G1 F3007.5 X108.468 Y235.898 E274.1643
G1 F3269.8 X109.099 Y235.865 E274.18358
G1 F3409.1 X109.203 Y235.856 E274.18663
G1 F3260.9 X109.768 Y235.797 E274.20402
G1 F3000 X110.334 Y235.737 E274.22295
G1 F2777.8 X110.9 Y235.677 E274.24339
G1 F2758.6 X111.399 Y235.598 E274.26167
G1 F2919.7 X111.899 Y235.519 E274.27897
G1 F3108.8 X112.399 Y235.44 E274.29521
G1 F3314.9 X112.899 Y235.361 E274.31045
G1 F3418.8 X113.001 Y235.342 E274.31348
G1 F3269.8 X113.515 Y235.233 E274.32951
G1 F3007.5 X114.03 Y235.123 E274.34698
G1 F2790.7 X114.545 Y235.013 E274.36581
G1 F2765 X115.063 Y234.875 E274.38516
G1 F2926.8 X115.581 Y234.736 E274.40344
G1 F3108.8 X116.099 Y234.598 E274.42065
G1 F3314.9 X116.617 Y234.459 E274.43679
G1 F3418.8 X116.718 Y234.429 E274.43987
G1 F3200 X117.403 Y234.206 E274.46233
G1 F2850.4 X118.089 Y233.982 E274.48759
G1 F2777.8 X118.622 Y233.778 E274.50809
G1 F2926.8 X119.155 Y233.574 E274.52755
G1 F3100.8 X119.688 Y233.369 E274.54592
G1 F3287.7 X120.221 Y233.165 E274.56325
G1 F3380.3 X120.315 Y233.126 E274.56625
G1 F3174.6 X120.923 Y232.855 E274.58717
G1 F2843.6 X121.532 Y232.584 E274.61056
G1 F2771.4 X122.066 Y232.313 E274.63212
G1 F2919.7 X122.6 Y232.041 E274.6526
G1 F3084.8 X123.134 Y231.77 E274.67197
G1 F3269.8 X123.668 Y231.498 E274.69026
G1 F3370.8 X123.761 Y231.447 E274.6934
G1 F3183 X124.283 Y231.145 E274.7123
G1 F2857.1 X124.805 Y230.843 E274.73336
G1 F2771.4 X125.227 Y230.569 E274.75148
G1 F2884.6 X125.65 Y230.295 E274.76891
G1 F3000 X126.073 Y230.02 E274.78569
G1 F3133.2 X126.496 Y229.746 E274.80174
G1 F3278.7 X126.919 Y229.471 E274.8171
G1 F3342.6 X127.006 Y229.411 E274.82025
G1 F3166.2 X127.442 Y229.094 E274.83724
G1 F2870.8 X127.878 Y228.777 E274.85598
G1 F2790.7 X128.289 Y228.445 E274.87487
G1 F2891.6 X128.7 Y228.112 E274.89312
G1 F3000 X129.111 Y227.779 E274.91072
G1 F3125 X129.523 Y227.446 E274.92763
G1 F3252 X129.934 Y227.113 E274.94386
G1 F3149.6 X130.329 Y226.758 E274.96069
G1 F2864 X130.722 Y226.405 E274.97909
G1 F2790.7 X131.114 Y226.013 E274.99891
G1 F2891.6 X131.507 Y225.621 E275.01807
G1 F2992.5 X131.899 Y225.229 E275.03655
G1 F3108.8 X132.292 Y224.836 E275.05439
G1 F3234.5 X132.685 Y224.444 E275.07151
G1 F3007.5 X133.31 Y223.753 E275.10242
G1 F2810.3 X133.675 Y223.303 E275.123
G1 F2905.6 X134.04 Y222.852 E275.14292
G1 F3000 X134.405 Y222.401 E275.16222
G1 F3108.8 X134.771 Y221.951 E275.18084
G1 F3225.8 X135.136 Y221.5 E275.19878
G1 F3030.3 X135.61 Y220.85 E275.22527
G1 F2850.4 X135.885 Y220.427 E275.24293
G1 F2912.6 X136.16 Y220.003 E275.26025
G1 F2977.7 X136.435 Y219.58 E275.27715
G1 F3045.7 X136.71 Y219.156 E275.29371
G1 F3116.9 X136.985 Y218.733 E275.30986
G1 F3191.5 X137.26 Y218.309 E275.32566
G1 F3022.7 X137.6 Y217.726 E275.34794
G1 F2877.7 X137.838 Y217.26 E275.36608
G1 F2934 X138.076 Y216.793 E275.38391
G1 F2992.5 X138.314 Y216.326 E275.40139
G1 F3061.2 X138.552 Y215.859 E275.41847
G1 F3125 X138.79 Y215.392 E275.43521
G1 F3191.5 X139.028 Y214.925 E275.45159
G1 F3038 X139.26 Y214.411 E275.47012
G1 F2891.6 X139.455 Y213.902 E275.48892
G1 F2934 X139.651 Y213.392 E275.50751
G1 F2977.7 X139.846 Y212.882 E275.5258
G1 F3022.7 X140.042 Y212.372 E275.54384
G1 F3069.1 X140.238 Y211.862 E275.5616
G1 F3116.9 X140.433 Y211.352 E275.57908
G1 F3000 X140.573 Y210.931 E275.59384
G1 F2891.6 X140.718 Y210.387 E275.61326
G1 F2934 X140.864 Y209.842 E275.63245
G1 F2977.7 X141.01 Y209.297 E275.65136
G1 F3015.1 X141.156 Y208.752 E275.67003
G1 F3061.2 X141.302 Y208.207 E275.68842
G1 F3108.8 X141.448 Y207.662 E275.70653
G1 F3030.3 X141.515 Y207.362 E275.71665
G1 F2955.7 X141.593 Y206.865 E275.73364
G1 F2977.7 X141.672 Y206.367 E275.75053
G1 F3000 X141.751 Y205.869 E275.7673
G1 F3015.1 X141.83 Y205.371 E275.78399
G1 F3038 X141.909 Y204.873 E275.80055
G1 F3061.2 X141.988 Y204.375 E275.81699
G1 F3084.8 X142.067 Y203.877 E275.8333
G1 F3038 X142.088 Y203.699 E275.83918
G1 F2992.5 X142.151 Y202.484 E275.87975
G1 F3007.5 X142.215 Y201.268 E275.92015
G1 F3022.7 X142.279 Y200.052 E275.96035
G1 F3030.3 X142.28 Y199.947 E275.9638
G1 F3022.7 X142.233 Y199.036 E275.99392
G1 F3007.5 X142.185 Y198.124 E276.02421
G1 F2992.5 X142.137 Y197.212 E276.05467
G1 F2977.7 X142.089 Y196.3 E276.08527
G1 F3022.7 X142.068 Y196.125 E276.09109
G1 F3069.1 X141.99 Y195.628 E276.10744
G1 F3053.4 X141.911 Y195.13 E276.12392
G1 F3030.3 X141.832 Y194.632 E276.14052
G1 F3007.5 X141.753 Y194.134 E276.15725
G1 F2992.5 X141.674 Y193.636 E276.17406
G1 F2970.3 X141.595 Y193.138 E276.191
G1 F2955.7 X141.516 Y192.64 E276.20803
G1 F3022.7 X141.449 Y192.339 E276.2182
G1 F3092.8 X141.303 Y191.795 E276.23638
G1 F3053.4 X141.157 Y191.25 E276.25481
G1 F3015.1 X141.011 Y190.705 E276.27349
G1 F2977.7 X140.865 Y190.16 E276.29239
G1 F2941.2 X140.719 Y189.615 E276.31153
G1 F2905.6 X140.573 Y189.07 E276.33091
G1 F3015.1 X140.432 Y188.647 E276.34567
G1 F3133.2 X140.237 Y188.138 E276.36302
G1 F3076.9 X140.041 Y187.628 E276.38074
G1 F3030.3 X139.846 Y187.118 E276.39872
G1 F2977.7 X139.65 Y186.608 E276.41703
G1 F2926.8 X139.455 Y186.098 E276.43564
G1 F2884.6 X139.259 Y185.588 E276.45454
G1 F3030.3 X139.036 Y185.089 E276.47254
G1 F3217.2 X139.029 Y185.077 E276.47297
G1 F3174.6 X138.791 Y184.611 E276.48942
G1 F3108.8 X138.553 Y184.144 E276.50624
G1 F3045.7 X138.315 Y183.677 E276.52341
G1 F2977.7 X138.077 Y183.21 E276.54098
G1 F2919.7 X137.839 Y182.743 E276.55889
G1 F2864 X137.601 Y182.276 E276.57715
G1 F3007.5 X137.316 Y181.78 E276.59613
G1 F3225.8 X137.261 Y181.69 E276.59939
G1 F3208.6 X136.986 Y181.267 E276.61508
G1 F3125 X136.711 Y180.844 E276.63119
G1 F3045.7 X136.436 Y180.42 E276.64775
G1 F2977.7 X136.16 Y179.997 E276.66467
G1 F2905.6 X135.885 Y179.573 E276.68203
G1 F2836.9 X135.61 Y179.15 E276.69977
G1 F3015.1 X135.199 Y178.583 E276.72295
G1 F3269.8 X135.135 Y178.499 E276.72617
G1 F3225.8 X134.77 Y178.049 E276.74409
G1 F3108.8 X134.405 Y177.598 E276.76272
G1 F3000 X134.04 Y177.148 E276.78199
G1 F2905.6 X133.674 Y176.697 E276.80193
G1 F2810.3 X133.309 Y176.246 E276.82253
G1 F3000 X132.756 Y175.631 E276.85004
G1 F3287.7 X132.684 Y175.555 E276.85322
G1 F3234.5 X132.292 Y175.163 E276.87032
G1 F3108.8 X131.899 Y174.771 E276.88814
G1 F2992.5 X131.506 Y174.379 E276.90665
G1 F2891.6 X131.114 Y173.986 E276.9258
G1 F2790.7 X130.721 Y173.594 E276.94565
G1 F2992.5 X130.014 Y172.956 E276.9774
G1 F3305.8 X129.935 Y172.888 E276.98055
G1 F3252 X129.524 Y172.555 E276.99678
G1 F3116.9 X129.112 Y172.221 E277.01375
G1 F2992.5 X128.7 Y171.888 E277.03142
G1 F2884.6 X128.288 Y171.554 E277.04976
G1 F2777.8 X127.876 Y171.221 E277.06879
G1 F2857.1 X127.441 Y170.905 E277.08757
G1 F3157.9 X127.006 Y170.589 E277.10456
G1 F3333.3 X126.92 Y170.529 E277.1077
G1 F3260.9 X126.498 Y170.255 E277.12309
G1 F3125 X126.075 Y169.981 E277.13919
G1 F3000 X125.652 Y169.707 E277.15595
G1 F2884.6 X125.229 Y169.432 E277.1734
G1 F2777.8 X124.806 Y169.158 E277.1915
G1 F2864 X124.282 Y168.855 E277.21259
G1 F3183 X123.759 Y168.552 E277.23154
G1 F3370.8 X123.667 Y168.502 E277.23464
G1 F3269.8 X123.134 Y168.231 E277.25289
G1 F3084.8 X122.6 Y167.959 E277.27227
G1 F2919.7 X122.066 Y167.688 E277.29274
G1 F2771.4 X121.532 Y167.416 E277.31431
G1 F2843.6 X120.925 Y167.145 E277.33764
G1 F3174.6 X120.317 Y166.874 E277.35856
G1 F3370.8 X120.221 Y166.834 E277.36164
G1 F3269.8 X119.688 Y166.63 E277.37906
G1 F3084.8 X119.155 Y166.425 E277.39753
G1 F2912.6 X118.622 Y166.22 E277.41709
G1 F2765 X118.088 Y166.015 E277.43773
G1 F2836.9 X117.403 Y165.793 E277.46306
G1 F3183 X116.718 Y165.57 E277.48564
G1 F3399.4 X116.618 Y165.54 E277.48871
G1 F3305.8 X116.1 Y165.402 E277.50489
G1 F3108.8 X115.582 Y165.264 E277.52209
G1 F2934 X115.064 Y165.126 E277.54032
G1 F2777.8 X114.546 Y164.988 E277.55958
G1 F2803.7 X114.031 Y164.878 E277.57832
G1 F3022.7 X113.516 Y164.768 E277.5957
G1 F3287.7 X113.001 Y164.658 E277.61169
G1 F3428.6 X112.898 Y164.639 E277.61473
G1 F3314.9 X112.399 Y164.56 E277.62994
G1 F3108.8 X111.899 Y164.481 E277.64619
G1 F2926.8 X111.399 Y164.402 E277.66345
G1 F2765 X110.899 Y164.323 E277.68171
G1 F2790.7 X110.335 Y164.264 E277.70199
G1 F3007.5 X109.769 Y164.204 E277.72087
G1 F3269.8 X109.203 Y164.144 E277.73824
G1 F3409.1 X109.1 Y164.136 E277.74127
G1 F3269.8 X108.47 Y164.104 E277.76052
G1 F3007.5 X107.84 Y164.071 E277.78145
G1 F2790.7 X107.209 Y164.038 E277.80404
G1 X106.598 Y164.037 E277.82588
G1 F3007.5 X105.988 Y164.037 E277.84612
G1 F3269.8 X105.378 Y164.036 E277.86474
G1 F3409.1 X105.274 Y164.039 E277.86778
G1 F3260.9 X104.685 Y164.07 E277.88583
G1 F2992.5 X104.096 Y164.101 E277.9055
G1 F2771.4 X103.506 Y164.133 E277.92677
G1 F2765 X102.858 Y164.2 E277.95028
G1 F2985.1 X102.209 Y164.268 E277.97209
G1 F3243.2 X101.561 Y164.336 E277.99214
G1 F3399.4 X101.458 Y164.35 E277.99519
G1 F3260.9 X100.917 Y164.436 E278.01195
G1 F3000 X100.376 Y164.522 E278.03017
G1 F2777.8 X99.835 Y164.608 E278.04985
G1 F2758.6 X99.325 Y164.716 E278.0687
G1 F2919.7 X98.814 Y164.824 E278.08655
G1 F3108.8 X98.303 Y164.932 E278.10332
G1 F3314.9 X97.793 Y165.041 E278.11901
G1 F3418.8 X97.692 Y165.065 E278.12204
G1 F3269.8 X97.209 Y165.195 E278.13731
G1 F3015.1 X96.725 Y165.325 E278.15389
G1 F2803.7 X96.241 Y165.455 E278.17173
G1 F2777.8 X95.713 Y165.626 E278.19166
G1 F2934 X95.185 Y165.797 E278.21054
G1 F3108.8 X94.657 Y165.968 E278.22835
G1 F3305.8 X94.129 Y166.139 E278.2451
G1 F3409.1 X94.03 Y166.175 E278.24819
G1 F3200 X93.381 Y166.424 E278.26986
G1 F2850.4 X92.731 Y166.674 E278.29424
G1 F2777.8 X92.198 Y166.911 E278.31519
G1 F2934 X91.664 Y167.149 E278.33508
G1 F3108.8 X91.13 Y167.386 E278.35383
G1 F3305.8 X90.596 Y167.624 E278.37147
G1 F3399.4 X90.502 Y167.669 E278.37453
G1 F3191.5 X89.938 Y167.957 E278.39433
G1 F2857.1 X89.374 Y168.245 E278.41645
G1 F2784.2 X88.842 Y168.551 E278.43844
G1 F2934 X88.31 Y168.858 E278.45933
G1 F3092.8 X87.778 Y169.165 E278.47915
G1 F3278.7 X87.246 Y169.472 E278.49784
G1 F3361.3 X87.156 Y169.527 E278.50097
G1 F3174.6 X86.678 Y169.838 E278.5189
G1 F2864 X86.199 Y170.15 E278.53881
G1 F2784.2 X85.781 Y170.453 E278.55731
G1 F2891.6 X85.362 Y170.757 E278.57518
G1 F3007.5 X84.944 Y171.061 E278.59233
G1 F3141.4 X84.525 Y171.364 E278.60875
G1 F3278.7 X84.106 Y171.668 E278.6245
G1 F3342.6 X84.022 Y171.733 E278.62767
G1 F3166.2 X83.631 Y172.05 E278.64354
G1 F2877.7 X83.239 Y172.367 E278.66102
G1 F2803.7 X82.835 Y172.731 E278.68037
G1 F2905.6 X82.431 Y173.095 E278.69904
G1 F3015.1 X82.026 Y173.459 E278.71707
G1 F3141.4 X81.622 Y173.823 E278.73434
G1 F3269.8 X81.217 Y174.187 E278.75096
G1 F3022.7 X80.513 Y174.888 E278.78375
G1 F2810.3 X80.135 Y175.308 E278.80381
G1 F2905.6 X79.756 Y175.729 E278.82327
G1 F3000 X79.377 Y176.15 E278.84211
G1 F3108.8 X78.998 Y176.57 E278.86026
G1 F3225.8 X78.619 Y176.991 E278.87779
G1 F3007.5 X78.067 Y177.669 E278.90679
G1 F2823.5 X77.719 Y178.147 E278.92769
G1 F2905.6 X77.371 Y178.626 E278.94802
G1 F2992.5 X77.023 Y179.105 E278.96776
G1 F3092.8 X76.675 Y179.584 E278.98686
G1 F3191.5 X76.327 Y180.063 E279.00537
G1 F3015.1 X75.919 Y180.687 E279.03005
G1 F2850.4 X75.662 Y181.132 E279.04804
G1 F2912.6 X75.404 Y181.578 E279.06569
G1 F2977.7 X75.147 Y182.024 E279.08294
G1 F3045.7 X74.889 Y182.47 E279.09982
G1 F3116.9 X74.632 Y182.916 E279.11629
G1 F3191.5 X74.374 Y183.362 E279.1324
G1 F3030.3 X74.092 Y183.911 E279.15273
G1 F2884.6 X73.875 Y184.399 E279.1712
G1 F2934 X73.657 Y184.888 E279.18941
G1 F2985.1 X73.439 Y185.377 E279.2073
G1 F3038 X73.222 Y185.866 E279.22488
G1 F3092.8 X73.004 Y186.355 E279.24215
G1 F3149.6 X72.786 Y186.844 E279.25911
G1 F3015.1 X72.606 Y187.305 E279.27549
G1 F2891.6 X72.434 Y187.833 E279.29465
G1 F2934 X72.262 Y188.362 E279.31357
G1 F2977.7 X72.09 Y188.891 E279.33221
G1 F3015.1 X71.918 Y189.42 E279.35062
G1 F3061.2 X71.746 Y189.949 E279.36875
G1 F3108.8 X71.574 Y190.478 E279.3866
G1 F3007.5 X71.472 Y190.847 E279.3993
G1 F2919.7 X71.353 Y191.409 E279.41893
G1 F2948.4 X71.234 Y191.972 E279.43841
G1 F2977.7 X71.115 Y192.534 E279.45766
G1 F3015.1 X70.995 Y193.097 E279.47671
G1 F3045.7 X70.876 Y193.659 E279.49553
G1 F3076.9 X70.757 Y194.222 E279.51419
G1 F3030.3 X70.716 Y194.461 E279.52217
G1 F2977.7 X70.622 Y195.354 E279.55226
G1 F2992.5 X70.528 Y196.247 E279.5822
G1 F3007.5 X70.434 Y197.14 E279.61199
G1 F3022.7 X70.339 Y198.034 E279.64167
G1 F3015.1 X70.332 Y198.147 E279.64542
M204 S3000
M205 X10 Y10
G0 F6000 X70.322 Y198.149
;MESH:NONMESH
G0 F600 X70.322 Y198.149 Z1.2
G0 F6000 X69.532 Y198.107
;TIME_ELAPSED:190.429048
;LAYER:5
M204 S1800
M205 X8 Y8
;TYPE:WALL-OUTER
;MESH:15_4_1.stl
G1 F3000 X69.532 Y201.895 E279.77141
G1 X69.922 Y205.662 E279.89737
G1 X70.685 Y209.319 E280.02162
G1 X70.822 Y209.76 E280.03698
G1 X71.848 Y212.981 E280.14941
G1 X73.366 Y216.452 E280.27542
G1 X75.232 Y219.75 E280.40145
G1 X77.427 Y222.838 E280.52746
G1 X79.927 Y225.683 E280.65343
G1 X82.713 Y228.263 E280.77972
G1 X83.554 Y228.892 E280.81465
G1 X85.741 Y230.531 E280.90555
G1 X86.755 Y231.14 E280.94489
G1 X88.988 Y232.481 E281.03153
G1 X90.172 Y233.034 E281.07499
G1 X92.422 Y234.088 E281.15763
G1 X96.012 Y235.339 E281.28407
G1 X99.687 Y236.203 E281.40964
G1 X103.443 Y236.69 E281.53561
G1 X107.228 Y236.787 E281.66154
G1 X111.006 Y236.495 E281.78757
G1 X114.734 Y235.815 E281.91361
G1 X118.359 Y234.759 E282.03919
G1 X121.881 Y233.329 E282.16562
G1 X125.227 Y231.548 E282.29169
G1 X127.354 Y230.116 E282.37698
G1 X128.37 Y229.433 E282.41769
G1 X131.278 Y227.006 E282.54367
G1 X133.924 Y224.292 E282.66974
G1 X136.274 Y221.321 E282.79573
G1 X138.307 Y218.126 E282.92169
G1 X140.002 Y214.735 E283.04778
G1 X141.345 Y211.177 E283.17427
G1 X142.303 Y207.526 E283.29981
G1 X142.886 Y203.781 E283.42587
G1 X143.081 Y199.998 E283.55186
G1 X142.889 Y196.259 E283.67638
G1 X142.853 Y196.001 E283.68505
G1 X142.303 Y192.473 E283.80381
G1 X141.342 Y188.823 E283.92934
G1 X140.002 Y185.264 E284.05583
G1 X138.307 Y181.874 E284.18189
G1 X136.274 Y178.678 E284.30787
G1 X133.922 Y175.706 E284.43393
G1 X131.278 Y172.994 E284.55991
G1 X128.368 Y170.565 E284.68598
G1 X125.227 Y168.452 E284.81189
G1 X121.881 Y166.671 E284.93796
G1 X120.61 Y166.154 E284.9836
G1 X118.359 Y165.237 E285.06444
G1 X114.734 Y164.186 E285.18997
G1 X111.006 Y163.505 E285.31602
G1 X107.228 Y163.213 E285.44205
G1 X103.443 Y163.31 E285.56798
G1 X99.687 Y163.797 E285.69395
G1 X96.052 Y164.655 E285.81818
G1 X95.972 Y164.679 E285.82095
G1 X92.422 Y165.912 E285.94595
G1 X88.988 Y167.519 E286.07205
G1 X85.741 Y169.469 E286.19802
G1 X82.715 Y171.738 E286.32382
G1 X79.927 Y174.317 E286.45014
G1 X78.029 Y176.477 E286.54578
G1 X77.427 Y177.162 E286.57611
G1 X75.673 Y179.627 E286.67673
G1 X75.257 Y180.216 E286.70071
G1 X75.212 Y180.286 E286.70348
G1 X73.366 Y183.548 E286.82814
G1 X72.063 Y186.529 E286.93635
G1 X71.848 Y187.019 E286.95415
G1 X70.69 Y190.642 E287.08066
G1 X69.922 Y194.338 E287.20621
G1 X69.532 Y198.107 E287.33224
M204 S3000
M205 X10 Y10
G0 F6000 X69.532 Y198.307
G0 X70.042 Y198.307
G0 X71.132 Y198.137
M204 S1800
M205 X8 Y8
G1 F3000 X71.513 Y194.547 E287.45231
G1 X71.532 Y194.391 E287.45754
G1 X72.32 Y190.747 E287.58154
G1 X73.502 Y187.174 E287.70671
G1 X75.049 Y183.764 E287.83126
G1 X76.955 Y180.533 E287.95602
G1 X79.192 Y177.524 E288.08073
G1 X81.731 Y174.774 E288.20522
G1 X84.552 Y172.307 E288.32986
G1 X87.622 Y170.153 E288.4546
G1 X89.772 Y168.963 E288.53633
G1 X90.891 Y168.342 E288.57889
G1 X94.352 Y166.883 E288.70382
G1 X97.936 Y165.803 E288.82832
G1 X101.623 Y165.11 E288.95309
G1 X105.358 Y164.812 E289.07772
G1 X109.09 Y164.912 E289.20189
G1 X112.796 Y165.407 E289.32624
G1 X116.442 Y166.296 E289.45106
G1 X119.965 Y167.568 E289.57564
G1 X123.347 Y169.212 E289.70071
G1 X126.512 Y171.193 E289.8249
G1 X129.458 Y173.506 E289.94948
G1 X132.154 Y176.131 E290.07463
G1 X134.545 Y179.016 E290.19926
G1 X136.618 Y182.142 E290.32401
G1 X138.339 Y185.459 E290.4483
G1 X139.703 Y188.954 E290.57309
G1 X140.69 Y192.569 E290.69772
G1 X141.284 Y196.268 E290.82233
G1 X141.482 Y200.01 E290.94696
G1 X141.282 Y203.751 E291.07156
G1 X140.687 Y207.45 E291.19618
G1 X139.793 Y210.718 E291.30886
G1 X139.698 Y211.064 E291.3208
G1 X138.334 Y214.558 E291.44555
G1 X136.608 Y217.871 E291.5698
G1 X134.533 Y221.001 E291.6947
G1 X132.141 Y223.883 E291.81927
G1 X129.454 Y226.497 E291.94395
G1 X126.507 Y228.81 E292.06856
G1 X123.33 Y230.797 E292.19319
G1 X119.956 Y232.435 E292.31793
G1 X116.434 Y233.706 E292.44247
G1 X112.796 Y234.593 E292.56702
G1 X109.09 Y235.088 E292.69137
G1 X105.336 Y235.188 E292.81628
G1 X101.613 Y234.889 E292.9405
G1 X97.928 Y234.195 E293.06522
G1 X94.343 Y233.114 E293.18976
G1 X90.878 Y231.652 E293.31484
G1 X87.603 Y229.835 E293.43941
G1 X84.548 Y227.69 E293.56357
G1 X81.715 Y225.211 E293.68878
G1 X79.189 Y222.473 E293.81268
G1 X76.943 Y219.449 E293.93796
G1 X75.041 Y216.22 E294.06261
G1 X73.502 Y212.826 E294.18655
G1 X72.32 Y209.253 E294.31173
G1 X71.529 Y205.588 E294.43643
G1 X71.133 Y201.887 E294.56023
G1 X71.132 Y198.137 E294.68496
M204 S3000
M205 X10 Y10
G0 F6000 X71.153 Y197.939
G0 X70.732 Y198.137
M204 S1800
M205 X8 Y8
;TYPE:WALL-INNER
G1 F3000 X70.735 Y198.075 E294.68702
G1 X71.115 Y194.504 E294.80646
G1 X71.141 Y194.307 E294.81307
G1 X71.929 Y190.663 E294.93707
G1 X71.946 Y190.601 E294.93921
G1 X73.116 Y187.066 E295.06306
G1 X73.139 Y187.006 E295.0652
G1 X74.677 Y183.615 E295.18904
G1 X74.706 Y183.558 E295.19117
G1 X76.598 Y180.348 E295.3151
G1 X76.634 Y180.294 E295.31726
G1 X78.888 Y177.263 E295.44289
G1 X81.421 Y174.518 E295.56712
G1 X81.467 Y174.473 E295.56926
G1 X84.272 Y172.019 E295.69322
G1 X84.322 Y171.979 E295.69535
G1 X87.409 Y169.814 E295.82075
G1 X90.684 Y167.998 E295.94531
G1 X90.742 Y167.97 E295.94745
G1 X94.176 Y166.521 E296.07141
G1 X94.236 Y166.5 E296.07353
G1 X97.835 Y165.415 E296.19855
G1 X101.561 Y164.714 E296.32466
G1 X105.336 Y164.412 E296.45061
G1 X107.197 Y164.46 E296.51253
G1 X109.121 Y164.513 E296.57655
G1 X112.849 Y165.01 E296.70164
G1 X112.912 Y165.022 E296.70377
G1 X116.554 Y165.912 E296.82847
G1 X117.944 Y166.412 E296.8776
G1 X120.116 Y167.198 E296.95443
G1 X121.348 Y167.795 E296.99996
G1 X123.523 Y168.851 E297.08038
G1 X126.735 Y170.861 E297.2064
G1 X126.772 Y170.887 E297.20791
G1 X129.714 Y173.198 E297.33234
G1 X132.429 Y175.839 E297.45831
G1 X134.849 Y178.754 E297.58432
G1 X135.265 Y179.378 E297.60927
G1 X136.947 Y181.912 E297.71043
G1 X137.235 Y182.463 E297.7311
G1 X138.69 Y185.262 E297.83603
G1 X138.877 Y185.736 E297.85297
G1 X140.069 Y188.788 E297.96195
G1 X140.179 Y189.176 E297.97537
G1 X141.073 Y192.447 E298.08815
G1 X141.116 Y192.7 E298.09668
G1 X141.678 Y196.186 E298.21413
G1 X141.687 Y196.319 E298.21856
G1 X141.882 Y199.967 E298.34007
G1 X141.882 Y200.031 E298.3422
G1 X141.68 Y203.812 E298.46813
G1 X141.075 Y207.552 E298.59414
G1 X141.071 Y207.557 E298.59435
G1 X140.076 Y211.204 E298.72009
G1 X140.07 Y211.209 E298.72035
G1 X138.694 Y214.738 E298.84633
G1 X138.687 Y214.746 E298.84668
G1 X136.972 Y218.041 E298.97023
G1 X136.94 Y218.095 E298.97232
G1 X134.879 Y221.205 E299.09641
G1 X134.841 Y221.257 E299.09855
G1 X132.464 Y224.123 E299.22239
G1 X132.42 Y224.17 E299.22454
G1 X129.749 Y226.77 E299.34851
G1 X129.701 Y226.812 E299.35063
G1 X126.772 Y229.113 E299.47452
G1 X126.719 Y229.149 E299.47665
G1 X123.525 Y231.148 E299.60197
G1 X120.115 Y232.802 E299.72803
G1 X116.591 Y234.076 E299.85266
G1 X116.529 Y234.095 E299.85482
G1 X112.849 Y234.99 E299.98078
G1 X109.122 Y235.487 E300.10584
G1 X105.368 Y235.588 E300.23074
G1 X105.304 Y235.587 E300.23287
G1 X101.561 Y235.286 E300.35777
G1 X99.912 Y234.977 E300.41357
G1 X97.836 Y234.585 E300.48384
G1 X94.235 Y233.5 E300.60893
G1 X94.175 Y233.479 E300.61104
G1 X90.721 Y232.02 E300.73575
G1 X90.684 Y232.002 E300.73712
G1 X87.41 Y230.186 E300.86164
G1 X87.373 Y230.163 E300.86309
G1 X84.308 Y228.01 E300.98767
G1 X84.272 Y227.981 E300.98921
G1 X81.455 Y225.516 E301.11371
G1 X80.819 Y224.83 E301.14482
G1 X78.889 Y222.737 E301.23951
G1 X78.401 Y222.084 E301.26663
G1 X76.626 Y219.696 E301.36559
G1 X76.275 Y219.104 E301.38848
G1 X74.701 Y216.433 E301.4916
G1 X74.466 Y215.92 E301.51036
G1 X73.136 Y212.986 E301.61751
G1 X72.995 Y212.568 E301.63218
G1 X71.944 Y209.393 E301.74342
G1 X71.872 Y209.069 E301.75445
G1 X71.14 Y205.69 E301.86945
G1 X71.116 Y205.496 E301.87595
G1 X70.735 Y201.929 E301.99526
G1 X70.732 Y201.855 E301.99773
G1 X70.732 Y198.137 E302.12139
M204 S3000
M205 X10 Y10
G0 F6000 X69.932 Y198.127
M204 S1800
M205 X8 Y8
G1 F3000 X69.932 Y201.875 E302.24605
G1 X70.318 Y205.6 E302.3706
G1 X71.076 Y209.237 E302.49417
G1 X72.222 Y212.84 E302.61992
G1 X73.724 Y216.273 E302.74455
G1 X75.57 Y219.535 E302.86922
G1 X75.951 Y220.071 E302.89109
G1 X77.741 Y222.589 E302.99384
G1 X80.214 Y225.403 E303.11844
G1 X80.881 Y226.021 E303.14869
G1 X82.97 Y227.955 E303.24337
G1 X85.965 Y230.199 E303.36784
G1 X86.961 Y230.797 E303.40648
G1 X89.176 Y232.127 E303.49242
G1 X90.342 Y232.672 E303.53522
G1 X92.573 Y233.717 E303.61716
G1 X96.124 Y234.954 E303.74223
G1 X97.606 Y235.302 E303.79286
G1 X99.759 Y235.809 E303.86643
G1 X101.41 Y236.022 E303.9218
G1 X101.513 Y236.037 E303.92526
G1 X103.474 Y236.29 E303.99103
G1 X105.264 Y236.336 E304.05058
G1 X107.218 Y236.386 E304.11559
G1 X110.954 Y236.098 E304.24022
G1 X112.965 Y235.73 E304.30822
G1 X114.642 Y235.425 E304.36491
G1 X118.227 Y234.381 E304.4891
G1 X120.361 Y233.514 E304.56571
G1 X121.69 Y232.975 E304.61341
G1 X121.729 Y232.956 E304.61485
G1 X123.879 Y231.814 E304.69583
G1 X123.938 Y231.78 E304.69809
G1 X125.021 Y231.204 E304.73889
G1 X127.131 Y229.784 E304.82348
G1 X128.13 Y229.112 E304.86353
G1 X131.006 Y226.712 E304.98811
G1 X132.959 Y224.709 E305.08116
G1 X133.623 Y224.028 E305.11279
G1 X135.947 Y221.089 E305.23741
G1 X137.958 Y217.928 E305.36202
G1 X139.635 Y214.575 E305.48671
G1 X140.963 Y211.055 E305.61184
G1 X141.911 Y207.444 E305.73602
G1 X142.487 Y203.74 E305.86069
G1 X142.68 Y199.979 E305.98595
G1 X142.488 Y196.258 E306.10987
G1 X141.911 Y192.555 E306.23452
G1 X140.96 Y188.945 E306.35869
G1 X139.635 Y185.424 E306.48381
G1 X137.959 Y182.071 E306.60849
G1 X135.948 Y178.91 E306.7331
G1 X135.5 Y178.345 E306.75708
G1 X133.621 Y175.97 E306.85781
G1 X133.03 Y175.364 E306.88596
G1 X131.006 Y173.288 E306.9824
G1 X130.259 Y172.664 E307.01477
G1 X128.128 Y170.885 E307.1071
G1 X127.218 Y170.274 E307.14355
G1 X125.021 Y168.796 E307.23162
G1 X123.936 Y168.219 E307.2725
G1 X121.711 Y167.034 E307.35634
G1 X120.459 Y166.524 E307.4013
G1 X118.227 Y165.615 E307.48146
G1 X116.823 Y165.209 E307.53007
G1 X114.642 Y164.576 E307.60561
G1 X113.068 Y164.289 E307.65882
G1 X110.954 Y163.903 E307.73029
G1 X109.232 Y163.77 E307.78774
G1 X107.198 Y163.614 E307.85559
G1 X103.474 Y163.709 E307.97949
G1 X99.759 Y164.191 E308.10409
G1 X96.123 Y165.05 E308.22835
G1 X94.005 Y165.785 E308.30292
G1 X92.553 Y166.292 E308.35407
G1 X90.437 Y167.283 E308.43178
G1 X89.176 Y167.873 E308.47809
G1 X87.051 Y169.149 E308.56053
G1 X85.965 Y169.801 E308.60266
G1 X82.971 Y172.046 E308.72713
G1 X80.959 Y173.908 E308.8183
G1 X80.214 Y174.597 E308.85206
G1 X78.33 Y176.741 E308.94699
G1 X77.741 Y177.411 E308.97666
G1 X75.999 Y179.859 E309.07659
G1 X75.583 Y180.448 E309.10057
G1 X75.56 Y180.484 E309.10199
G1 X73.725 Y183.728 E309.22595
G1 X72.429 Y186.69 E309.33349
G1 X72.223 Y187.161 E309.35059
G1 X71.078 Y190.744 E309.47569
G1 X70.371 Y194.144 E309.5912
G1 X70.316 Y194.42 E309.60056
G1 X69.945 Y197.993 E309.72004
G1 X69.932 Y198.127 E309.72451
M204 S3000
M205 X10 Y10
G0 F6000 X70.332 Y198.147
M204 S1800
M205 X8 Y8
G1 F3000 X70.332 Y201.855 E309.84784
G1 F3030.3 X70.341 Y201.971 E309.85167
G1 F3053.4 X70.394 Y202.48 E309.8684
G1 F3038 X70.448 Y202.989 E309.88521
G1 F3022.7 X70.501 Y203.498 E309.9021
G1 F3007.5 X70.555 Y204.008 E309.91912
G1 F2992.5 X70.608 Y204.517 E309.93618
G1 F2977.7 X70.662 Y205.026 E309.95333
G1 F2963 X70.715 Y205.536 E309.9706
G1 F3022.7 X70.756 Y205.776 E309.97864
G1 F3076.9 X70.875 Y206.339 E309.9973
G1 F3045.7 X70.995 Y206.902 E310.01616
G1 F3015.1 X71.115 Y207.466 E310.03524
G1 F2977.7 X71.235 Y208.029 E310.05453
G1 F2948.4 X71.354 Y208.593 E310.07404
G1 F2919.7 X71.474 Y209.156 E310.09371
G1 F3015.1 X71.575 Y209.521 E310.10624
G1 F3116.9 X71.746 Y210.049 E310.12401
G1 F3069.1 X71.918 Y210.578 E310.14209
G1 F3022.7 X72.09 Y211.107 E310.16046
G1 F2970.3 X72.261 Y211.636 E310.17913
G1 F2926.8 X72.433 Y212.165 E310.1981
G1 F2884.6 X72.605 Y212.694 E310.21734
G1 F3007.5 X72.785 Y213.154 E310.23372
G1 F3149.6 X73.002 Y213.642 E310.25064
G1 F3084.8 X73.22 Y214.131 E310.26796
G1 F3030.3 X73.438 Y214.62 E310.28559
G1 F2977.7 X73.655 Y215.109 E310.30352
G1 F2919.7 X73.873 Y215.598 E310.32182
G1 F2870.8 X74.091 Y216.087 E310.34042
G1 F3007.5 X74.324 Y216.545 E310.35747
G1 F3208.6 X74.374 Y216.638 E310.36076
G1 F3191.5 X74.631 Y217.083 E310.37682
G1 F3116.9 X74.889 Y217.529 E310.39332
G1 F3045.7 X75.146 Y217.975 E310.41018
G1 F2977.7 X75.404 Y218.421 E310.42745
G1 F2912.6 X75.661 Y218.867 E310.44508
G1 F2850.4 X75.919 Y219.313 E310.46312
G1 F3007.5 X76.266 Y219.848 E310.48427
G1 F3234.5 X76.325 Y219.935 E310.48752
G1 F3191.5 X76.673 Y220.413 E310.506
G1 F3092.8 X77.021 Y220.892 E310.5251
G1 F2992.5 X77.369 Y221.371 E310.54484
G1 F2905.6 X77.717 Y221.85 E310.56518
G1 F2823.5 X78.065 Y222.329 E310.5861
G1 F2992.5 X78.549 Y222.928 E310.61178
G1 F3260.9 X78.617 Y223.007 E310.61497
G1 F3225.8 X78.995 Y223.427 E310.63245
G1 F3108.8 X79.374 Y223.848 E310.65063
G1 F3000 X79.753 Y224.269 E310.66947
G1 F2905.6 X80.132 Y224.689 E310.68889
G1 F2810.3 X80.511 Y225.11 E310.70901
G1 F3007.5 X81.141 Y225.741 E310.73859
G1 F3305.8 X81.217 Y225.814 E310.74177
G1 F3252 X81.621 Y226.177 E310.75844
G1 F3125 X82.025 Y226.541 E310.7758
G1 F3000 X82.43 Y226.905 E310.79391
G1 F2891.6 X82.834 Y227.269 E310.81267
G1 F2790.7 X83.238 Y227.633 E310.83212
G1 F2864 X83.63 Y227.95 E310.84968
G1 F3149.6 X84.022 Y228.268 E310.86567
G1 F3333.3 X84.105 Y228.331 E310.86879
G1 F3278.7 X84.523 Y228.634 E310.8845
G1 F3141.4 X84.942 Y228.938 E310.90095
G1 F3007.5 X85.36 Y229.242 E310.91809
G1 F2891.6 X85.779 Y229.545 E310.93594
G1 F2784.2 X86.198 Y229.849 E310.95449
G1 F2864 X86.677 Y230.161 E310.97441
G1 F3174.6 X87.156 Y230.473 E310.99237
G1 F3361.3 X87.245 Y230.527 E310.99546
G1 F3278.7 X87.777 Y230.833 E311.01414
G1 F3092.8 X88.309 Y231.14 E311.03396
G1 F2934 X88.841 Y231.447 E311.05485
G1 F2784.2 X89.373 Y231.754 E311.07686
G1 F2857.1 X89.938 Y232.043 E311.09902
G1 F3191.5 X90.502 Y232.331 E311.11882
G1 F3399.4 X90.596 Y232.376 E311.12188
G1 F3305.8 X91.129 Y232.613 E311.13949
G1 F3108.8 X91.663 Y232.85 E311.15824
G1 F2934 X92.197 Y233.088 E311.17812
G1 F2777.8 X92.731 Y233.325 E311.19911
G1 F2850.4 X93.38 Y233.576 E311.22347
G1 F3191.5 X94.029 Y233.826 E311.24521
G1 F3399.4 X94.127 Y233.86 E311.24825
G1 F3296.7 X94.655 Y234.031 E311.26505
G1 F3092.8 X95.184 Y234.203 E311.283
G1 F2912.6 X95.713 Y234.375 E311.30205
G1 F2752.3 X96.242 Y234.547 E311.32222
G1 F2777.8 X96.725 Y234.676 E311.34018
G1 F2992.5 X97.208 Y234.806 E311.35686
G1 F3252 X97.691 Y234.935 E311.3722
G1 F3399.4 X97.793 Y234.96 E311.37528
G1 F3305.8 X98.303 Y235.068 E311.39101
G1 F3100.8 X98.814 Y235.176 E311.40782
G1 F2926.8 X99.325 Y235.284 E311.42563
G1 F2765 X99.835 Y235.392 E311.44444
G1 F2790.7 X100.375 Y235.478 E311.46399
G1 F3007.5 X100.916 Y235.564 E311.48216
G1 F3269.8 X101.458 Y235.65 E311.49891
G1 F3399.4 X101.561 Y235.664 E311.50196
G1 F3252 X102.209 Y235.731 E311.52195
G1 F2992.5 X102.858 Y235.799 E311.54371
G1 F2777.8 X103.506 Y235.867 E311.56711
G1 X104.095 Y235.898 E311.5883
G1 F3000 X104.684 Y235.929 E311.60792
G1 F3260.9 X105.274 Y235.961 E311.626
G1 F3409.1 X105.378 Y235.964 E311.62904
G1 F3269.8 X105.988 Y235.964 E311.64766
G1 F3007.5 X106.598 Y235.964 E311.66789
G1 F2790.7 X107.208 Y235.963 E311.68971
G1 X107.838 Y235.931 E311.71226
G1 F3007.5 X108.468 Y235.898 E311.73319
G1 F3269.8 X109.099 Y235.865 E311.75247
G1 F3409.1 X109.203 Y235.856 E311.75553
G1 F3260.9 X109.768 Y235.797 E311.77291
G1 F3000 X110.334 Y235.737 E311.79184
G1 F2777.8 X110.9 Y235.677 E311.81229
G1 F2758.6 X111.399 Y235.598 E311.83056
G1 F2919.7 X111.899 Y235.519 E311.84786
G1 F3108.8 X112.399 Y235.44 E311.86411
G1 F3314.9 X112.899 Y235.361 E311.87934
G1 F3418.8 X113.001 Y235.342 E311.88237
G1 F3269.8 X113.515 Y235.233 E311.8984
G1 F3007.5 X114.03 Y235.123 E311.91588
G1 F2790.7 X114.545 Y235.013 E311.93471
G1 F2765 X115.063 Y234.875 E311.95405
G1 F2926.8 X115.581 Y234.736 E311.97233
G1 F3108.8 X116.099 Y234.598 E311.98954
G1 F3314.9 X116.617 Y234.459 E312.00568
G1 F3418.8 X116.718 Y234.429 E312.00876
G1 F3200 X117.403 Y234.206 E312.03122
G1 F2850.4 X118.089 Y233.982 E312.05648
G1 F2777.8 X118.622 Y233.778 E312.07698
G1 F2926.8 X119.155 Y233.574 E312.09644
G1 F3100.8 X119.688 Y233.369 E312.11482
G1 F3287.7 X120.221 Y233.165 E312.13214
G1 F3380.3 X120.315 Y233.126 E312.13514
G1 F3174.6 X120.923 Y232.855 E312.15606
G1 F2843.6 X121.532 Y232.584 E312.17945
G1 F2771.4 X122.066 Y232.313 E312.20101
G1 F2919.7 X122.6 Y232.041 E312.22149
G1 F3084.8 X123.134 Y231.77 E312.24086
G1 F3269.8 X123.668 Y231.498 E312.25915
G1 F3370.8 X123.761 Y231.447 E312.26229
G1 F3183 X124.283 Y231.145 E312.2812
G1 F2857.1 X124.805 Y230.843 E312.30226
G1 F2771.4 X125.227 Y230.569 E312.32037
G1 F2884.6 X125.65 Y230.295 E312.33781
G1 F3000 X126.073 Y230.02 E312.35459
G1 F3133.2 X126.496 Y229.746 E312.37064
G1 F3278.7 X126.919 Y229.471 E312.38599
G1 F3342.6 X127.006 Y229.411 E312.38915
G1 F3166.2 X127.442 Y229.094 E312.40613
G1 F2870.8 X127.878 Y228.777 E312.42487
G1 F2790.7 X128.289 Y228.445 E312.44376
G1 F2891.6 X128.7 Y228.112 E312.46201
G1 F3000 X129.111 Y227.779 E312.47961
G1 F3125 X129.523 Y227.446 E312.49652
G1 F3252 X129.934 Y227.113 E312.51275
G1 F3149.6 X130.329 Y226.758 E312.52958
G1 F2864 X130.722 Y226.405 E312.54798
G1 F2790.7 X131.114 Y226.013 E312.5678
G1 F2891.6 X131.507 Y225.621 E312.58696
G1 F2992.5 X131.899 Y225.229 E312.60544
G1 F3108.8 X132.292 Y224.836 E312.62328
G1 F3234.5 X132.685 Y224.444 E312.6404
G1 F3007.5 X133.31 Y223.753 E312.67132
G1 F2810.3 X133.675 Y223.303 E312.69189
G1 F2905.6 X134.04 Y222.852 E312.71181
G1 F3000 X134.405 Y222.401 E312.73111
G1 F3108.8 X134.771 Y221.951 E312.74973
G1 F3225.8 X135.136 Y221.5 E312.76767
G1 F3030.3 X135.61 Y220.85 E312.79416
G1 F2850.4 X135.885 Y220.427 E312.81183
G1 F2912.6 X136.16 Y220.003 E312.82914
G1 F2977.7 X136.435 Y219.58 E312.84605
G1 F3045.7 X136.71 Y219.156 E312.8626
G1 F3116.9 X136.985 Y218.733 E312.87875
G1 F3191.5 X137.26 Y218.309 E312.89455
G1 F3022.7 X137.6 Y217.726 E312.91683
G1 F2877.7 X137.838 Y217.26 E312.93498
G1 F2934 X138.076 Y216.793 E312.9528
G1 F2992.5 X138.314 Y216.326 E312.97028
G1 F3061.2 X138.552 Y215.859 E312.98736
G1 F3125 X138.79 Y215.392 E313.0041
G1 F3191.5 X139.028 Y214.925 E313.02049
G1 F3038 X139.26 Y214.411 E313.03901
G1 F2891.6 X139.455 Y213.902 E313.05782
G1 F2934 X139.651 Y213.392 E313.0764
G1 F2977.7 X139.846 Y212.882 E313.09469
G1 F3022.7 X140.042 Y212.372 E313.11273
G1 F3069.1 X140.238 Y211.862 E313.13049
G1 F3116.9 X140.433 Y211.352 E313.14797
G1 F3000 X140.573 Y210.931 E313.16273
G1 F2891.6 X140.718 Y210.387 E313.18216
G1 F2934 X140.864 Y209.842 E313.20135
G1 F2977.7 X141.01 Y209.297 E313.22025
G1 F3015.1 X141.156 Y208.752 E313.23892
G1 F3061.2 X141.302 Y208.207 E313.25731
G1 F3108.8 X141.448 Y207.662 E313.27542
G1 F3030.3 X141.515 Y207.362 E313.28555
G1 F2955.7 X141.593 Y206.865 E313.30253
G1 F2977.7 X141.672 Y206.367 E313.31943
G1 F3000 X141.751 Y205.869 E313.3362
G1 F3015.1 X141.83 Y205.371 E313.35288
G1 F3038 X141.909 Y204.873 E313.36944
G1 F3061.2 X141.988 Y204.375 E313.38588
G1 F3084.8 X142.067 Y203.877 E313.40219
G1 F3038 X142.088 Y203.699 E313.40808
G1 F2992.5 X142.151 Y202.484 E313.44864
G1 F3007.5 X142.215 Y201.268 E313.48904
G1 F3022.7 X142.279 Y200.052 E313.52924
G1 F3030.3 X142.28 Y199.947 E313.5327
G1 F3022.7 X142.233 Y199.036 E313.56281
G1 F3007.5 X142.185 Y198.124 E313.59311
G1 F2992.5 X142.137 Y197.212 E313.62356
G1 F2977.7 X142.089 Y196.3 E313.65416
G1 F3022.7 X142.068 Y196.125 E313.65998
G1 F3069.1 X141.99 Y195.628 E313.67634
G1 F3053.4 X141.911 Y195.13 E313.69281
G1 F3030.3 X141.832 Y194.632 E313.70942
G1 F3007.5 X141.753 Y194.134 E313.72614
G1 F2992.5 X141.674 Y193.636 E313.74296
G1 F2970.3 X141.595 Y193.138 E313.7599
G1 F2955.7 X141.516 Y192.64 E313.77692
G1 F3022.7 X141.449 Y192.339 E313.7871
G1 F3092.8 X141.303 Y191.795 E313.80527
G1 F3053.4 X141.157 Y191.25 E313.82371
G1 F3015.1 X141.011 Y190.705 E313.84238
G1 F2977.7 X140.865 Y190.16 E313.86129
G1 F2941.2 X140.719 Y189.615 E313.88043
G1 F2905.6 X140.573 Y189.07 E313.8998
G1 F3015.1 X140.432 Y188.647 E313.91456
G1 F3133.2 X140.237 Y188.138 E313.93192
G1 F3076.9 X140.041 Y187.628 E313.94964
G1 F3030.3 X139.846 Y187.118 E313.96761
G1 F2977.7 X139.65 Y186.608 E313.98592
G1 F2926.8 X139.455 Y186.098 E314.00454
G1 F2884.6 X139.259 Y185.588 E314.02344
G1 F3030.3 X139.036 Y185.089 E314.04143
G1 F3217.2 X139.029 Y185.077 E314.04186
G1 F3174.6 X138.791 Y184.611 E314.05831
G1 F3108.8 X138.553 Y184.144 E314.07513
G1 F3045.7 X138.315 Y183.677 E314.0923
G1 F2977.7 X138.077 Y183.21 E314.10987
G1 F2919.7 X137.839 Y182.743 E314.12778
G1 F2864 X137.601 Y182.276 E314.14604
G1 F3007.5 X137.316 Y181.78 E314.16502
G1 F3225.8 X137.261 Y181.69 E314.16828
G1 F3208.6 X136.986 Y181.267 E314.18397
G1 F3125 X136.711 Y180.844 E314.20008
G1 F3045.7 X136.436 Y180.42 E314.21664
G1 F2977.7 X136.16 Y179.997 E314.23357
G1 F2905.6 X135.885 Y179.573 E314.25092
G1 F2836.9 X135.61 Y179.15 E314.26867
G1 F3015.1 X135.199 Y178.583 E314.29184
G1 F3269.8 X135.135 Y178.499 E314.29506
G1 F3225.8 X134.77 Y178.049 E314.31299
G1 F3108.8 X134.405 Y177.598 E314.33161
G1 F3000 X134.04 Y177.148 E314.35088
G1 F2905.6 X133.674 Y176.697 E314.37083
G1 F2810.3 X133.309 Y176.246 E314.39143
G1 F3000 X132.756 Y175.631 E314.41893
G1 F3287.7 X132.684 Y175.555 E314.42211
G1 F3234.5 X132.292 Y175.163 E314.43921
G1 F3108.8 X131.899 Y174.771 E314.45703
G1 F2992.5 X131.506 Y174.379 E314.47554
G1 F2891.6 X131.114 Y173.986 E314.49469
G1 F2790.7 X130.721 Y173.594 E314.51454
G1 F2992.5 X130.014 Y172.956 E314.54629
G1 F3305.8 X129.935 Y172.888 E314.54944
G1 F3252 X129.524 Y172.555 E314.56567
G1 F3116.9 X129.112 Y172.221 E314.58265
G1 F2992.5 X128.7 Y171.888 E314.60031
G1 F2884.6 X128.288 Y171.554 E314.61866
G1 F2777.8 X127.876 Y171.221 E314.63769
G1 F2857.1 X127.441 Y170.905 E314.65646
G1 F3157.9 X127.006 Y170.589 E314.67345
G1 F3333.3 X126.92 Y170.529 E314.67659
G1 F3260.9 X126.498 Y170.255 E314.69199
G1 F3125 X126.075 Y169.981 E314.70808
G1 F3000 X125.652 Y169.707 E314.72484
G1 F2884.6 X125.229 Y169.432 E314.74229
G1 F2777.8 X124.806 Y169.158 E314.7604
G1 F2864 X124.282 Y168.855 E314.78149
G1 F3183 X123.759 Y168.552 E314.80043
G1 F3370.8 X123.667 Y168.502 E314.80353
G1 F3269.8 X123.134 Y168.231 E314.82178
G1 F3084.8 X122.6 Y167.959 E314.84116
G1 F2919.7 X122.066 Y167.688 E314.86163
G1 F2771.4 X121.532 Y167.416 E314.88321
G1 F2843.6 X120.925 Y167.145 E314.90653
G1 F3174.6 X120.317 Y166.874 E314.92745
G1 F3370.8 X120.221 Y166.834 E314.93053
G1 F3269.8 X119.688 Y166.63 E314.94795
G1 F3084.8 X119.155 Y166.425 E314.96642
G1 F2912.6 X118.622 Y166.22 E314.98598
G1 F2765 X118.088 Y166.015 E315.00662
G1 F2836.9 X117.403 Y165.793 E315.03195
G1 F3183 X116.718 Y165.57 E315.05453
G1 F3399.4 X116.618 Y165.54 E315.0576
G1 F3305.8 X116.1 Y165.402 E315.07378
G1 F3108.8 X115.582 Y165.264 E315.09098
G1 F2934 X115.064 Y165.126 E315.10921
G1 F2777.8 X114.546 Y164.988 E315.12847
G1 F2803.7 X114.031 Y164.878 E315.14721
G1 F3022.7 X113.516 Y164.768 E315.1646
G1 F3287.7 X113.001 Y164.658 E315.18058
G1 F3428.6 X112.898 Y164.639 E315.18363
G1 F3314.9 X112.399 Y164.56 E315.19883
G1 F3108.8 X111.899 Y164.481 E315.21508
G1 F2926.8 X111.399 Y164.402 E315.23234
G1 F2765 X110.899 Y164.323 E315.25061
G1 F2790.7 X110.335 Y164.264 E315.27088
G1 F3007.5 X109.769 Y164.204 E315.28977
G1 F3269.8 X109.203 Y164.144 E315.30713
G1 F3409.1 X109.1 Y164.136 E315.31016
G1 F3269.8 X108.47 Y164.104 E315.32941
G1 F3007.5 X107.84 Y164.071 E315.35034
G1 F2790.7 X107.209 Y164.038 E315.37293
G1 X106.598 Y164.037 E315.39478
G1 F3007.5 X105.988 Y164.037 E315.41501
G1 F3269.8 X105.378 Y164.036 E315.43363
G1 F3409.1 X105.274 Y164.039 E315.43667
G1 F3260.9 X104.685 Y164.07 E315.45472
G1 F2992.5 X104.096 Y164.101 E315.47439
G1 F2771.4 X103.506 Y164.133 E315.49566
G1 F2765 X102.858 Y164.2 E315.51917
G1 F2985.1 X102.209 Y164.268 E315.54098
G1 F3243.2 X101.561 Y164.336 E315.56103
G1 F3399.4 X101.458 Y164.35 E315.56408
G1 F3260.9 X100.917 Y164.436 E315.58084
G1 F3000 X100.376 Y164.522 E315.59906
G1 F2777.8 X99.835 Y164.608 E315.61874
G1 F2758.6 X99.325 Y164.716 E315.6376
G1 F2919.7 X98.814 Y164.824 E315.65544
G1 F3108.8 X98.303 Y164.932 E315.67221
G1 F3314.9 X97.793 Y165.041 E315.68791
G1 F3418.8 X97.692 Y165.065 E315.69094
G1 F3269.8 X97.209 Y165.195 E315.7062
G1 F3015.1 X96.725 Y165.325 E315.72278
G1 F2803.7 X96.241 Y165.455 E315.74062
G1 F2777.8 X95.713 Y165.626 E315.76056
G1 F2934 X95.185 Y165.797 E315.77943
G1 F3108.8 X94.657 Y165.968 E315.79724
G1 F3305.8 X94.129 Y166.139 E315.814
G1 F3409.1 X94.03 Y166.175 E315.81708
G1 F3200 X93.381 Y166.424 E315.83875
G1 F2850.4 X92.731 Y166.674 E315.86313
G1 F2777.8 X92.198 Y166.911 E315.88409
G1 F2934 X91.664 Y167.149 E315.90397
G1 F3108.8 X91.13 Y167.386 E315.92272
G1 F3305.8 X90.596 Y167.624 E315.94037
G1 F3399.4 X90.502 Y167.669 E315.94343
G1 F3191.5 X89.938 Y167.957 E315.96323
G1 F2857.1 X89.374 Y168.245 E315.98534
G1 F2784.2 X88.842 Y168.551 E316.00734
G1 F2934 X88.31 Y168.858 E316.02822
G1 F3092.8 X87.778 Y169.165 E316.04804
G1 F3278.7 X87.246 Y169.472 E316.06673
G1 F3361.3 X87.156 Y169.527 E316.06986
G1 F3174.6 X86.678 Y169.838 E316.08779
G1 F2864 X86.199 Y170.15 E316.1077
G1 F2784.2 X85.781 Y170.453 E316.12621
G1 F2891.6 X85.362 Y170.757 E316.14407
G1 F3007.5 X84.944 Y171.061 E316.16122
G1 F3141.4 X84.525 Y171.364 E316.17764
G1 F3278.7 X84.106 Y171.668 E316.1934
G1 F3342.6 X84.022 Y171.733 E316.19657
G1 F3166.2 X83.631 Y172.05 E316.21243
G1 F2877.7 X83.239 Y172.367 E316.22991
G1 F2803.7 X82.835 Y172.731 E316.24926
G1 F2905.6 X82.431 Y173.095 E316.26794
G1 F3015.1 X82.026 Y173.459 E316.28596
G1 F3141.4 X81.622 Y173.823 E316.30323
G1 F3269.8 X81.217 Y174.187 E316.31985
G1 F3022.7 X80.513 Y174.888 E316.35264
G1 F2810.3 X80.135 Y175.308 E316.37271
G1 F2905.6 X79.756 Y175.729 E316.39216
G1 F3000 X79.377 Y176.15 E316.411
G1 F3108.8 X78.998 Y176.57 E316.42916
G1 F3225.8 X78.619 Y176.991 E316.44668
G1 F3007.5 X78.067 Y177.669 E316.47569
G1 F2823.5 X77.719 Y178.147 E316.49658
G1 F2905.6 X77.371 Y178.626 E316.51691
G1 F2992.5 X77.023 Y179.105 E316.53665
G1 F3092.8 X76.675 Y179.584 E316.55575
G1 F3191.5 X76.327 Y180.063 E316.57427
G1 F3015.1 X75.919 Y180.687 E316.59894
G1 F2850.4 X75.662 Y181.132 E316.61693
G1 F2912.6 X75.404 Y181.578 E316.63458
G1 F2977.7 X75.147 Y182.024 E316.65183
G1 F3045.7 X74.889 Y182.47 E316.66871
G1 F3116.9 X74.632 Y182.916 E316.68519
G1 F3191.5 X74.374 Y183.362 E316.7013
G1 F3030.3 X74.092 Y183.911 E316.72162
G1 F2884.6 X73.875 Y184.399 E316.74009
G1 F2934 X73.657 Y184.888 E316.7583
G1 F2985.1 X73.439 Y185.377 E316.7762
G1 F3038 X73.222 Y185.866 E316.79377
G1 F3092.8 X73.004 Y186.355 E316.81104
G1 F3149.6 X72.786 Y186.844 E316.828
G1 F3015.1 X72.606 Y187.305 E316.84438
G1 F2891.6 X72.434 Y187.833 E316.86354
G1 F2934 X72.262 Y188.362 E316.88246
G1 F2977.7 X72.09 Y188.891 E316.9011
G1 F3015.1 X71.918 Y189.42 E316.91951
G1 F3061.2 X71.746 Y189.949 E316.93764
G1 F3108.8 X71.574 Y190.478 E316.95549
G1 F3007.5 X71.472 Y190.847 E316.96819
G1 F2919.7 X71.353 Y191.409 E316.98783
G1 F2948.4 X71.234 Y191.972 E317.0073
G1 F2977.7 X71.115 Y192.534 E317.02655
G1 F3015.1 X70.995 Y193.097 E317.0456
G1 F3045.7 X70.876 Y193.659 E317.06442
G1 F3076.9 X70.757 Y194.222 E317.08308
G1 F3030.3 X70.716 Y194.461 E317.09107
G1 F2977.7 X70.622 Y195.354 E317.12116
G1 F2992.5 X70.528 Y196.247 E317.1511
G1 F3007.5 X70.434 Y197.14 E317.18089
G1 F3022.7 X70.339 Y198.034 E317.21056
G1 F3015.1 X70.332 Y198.147 E317.21431
M204 S3000
M205 X10 Y10
G0 F6000 X70.322 Y198.149
;MESH:NONMESH
G0 F600 X70.322 Y198.149 Z1.4
G0 F6000 X69.532 Y198.107
;TIME_ELAPSED:213.396950
;LAYER:6
M204 S1800
M205 X8 Y8
;TYPE:WALL-OUTER
;MESH:15_4_1.stl
G1 F3000 X69.532 Y201.895 E317.3403
G1 X69.922 Y205.662 E317.46626
G1 X70.685 Y209.319 E317.59051
G1 X70.822 Y209.76 E317.60587
G1 X71.848 Y212.981 E317.71831
G1 X73.366 Y216.452 E317.84431
G1 X75.232 Y219.75 E317.97034
G1 X77.427 Y222.838 E318.09635
G1 X79.927 Y225.683 E318.22232
G1 X82.713 Y228.263 E318.34861
G1 X83.554 Y228.892 E318.38354
G1 X85.741 Y230.531 E318.47444
G1 X86.755 Y231.14 E318.51378
G1 X88.988 Y232.481 E318.60042
G1 X90.172 Y233.034 E318.64388
G1 X92.422 Y234.088 E318.72652
G1 X96.012 Y235.339 E318.85297
G1 X99.687 Y236.203 E318.97853
G1 X103.443 Y236.69 E319.1045
G1 X107.228 Y236.787 E319.23043
G1 X111.006 Y236.495 E319.35646
G1 X114.734 Y235.815 E319.4825
G1 X118.359 Y234.759 E319.60808
G1 X121.881 Y233.329 E319.73451
G1 X125.227 Y231.548 E319.86058
G1 X127.354 Y230.116 E319.94587
G1 X128.37 Y229.433 E319.98659
G1 X131.278 Y227.006 E320.11257
G1 X133.924 Y224.292 E320.23863
G1 X136.274 Y221.321 E320.36463
G1 X138.307 Y218.126 E320.49058
G1 X140.002 Y214.735 E320.61667
G1 X141.345 Y211.177 E320.74316
G1 X142.303 Y207.526 E320.8687
G1 X142.886 Y203.781 E320.99476
G1 X143.081 Y199.998 E321.12075
G1 X142.889 Y196.259 E321.24528
G1 X142.853 Y196.001 E321.25394
G1 X142.303 Y192.473 E321.3727
G1 X141.342 Y188.823 E321.49824
G1 X140.002 Y185.264 E321.62472
G1 X138.307 Y181.874 E321.75078
G1 X136.274 Y178.678 E321.87677
G1 X133.922 Y175.706 E322.00282
G1 X131.278 Y172.994 E322.1288
G1 X128.368 Y170.565 E322.25487
G1 X125.227 Y168.452 E322.38078
G1 X121.881 Y166.671 E322.50685
G1 X120.61 Y166.154 E322.55249
G1 X118.359 Y165.237 E322.63333
G1 X114.734 Y164.186 E322.75887
G1 X111.006 Y163.505 E322.88491
G1 X107.228 Y163.213 E323.01094
G1 X103.443 Y163.31 E323.13687
G1 X99.687 Y163.797 E323.26285
G1 X96.052 Y164.655 E323.38707
G1 X95.972 Y164.679 E323.38985
G1 X92.422 Y165.912 E323.51484
G1 X88.988 Y167.519 E323.64094
G1 X85.741 Y169.469 E323.76692
G1 X82.715 Y171.738 E323.89271
G1 X79.927 Y174.317 E324.01903
G1 X78.029 Y176.477 E324.11467
G1 X77.427 Y177.162 E324.145
G1 X75.673 Y179.627 E324.24562
G1 X75.257 Y180.216 E324.26961
G1 X75.212 Y180.286 E324.27237
G1 X73.366 Y183.548 E324.39704
G1 X72.063 Y186.529 E324.50524
G1 X71.848 Y187.019 E324.52304
G1 X70.69 Y190.642 E324.64955
G1 X69.922 Y194.338 E324.7751
G1 X69.532 Y198.107 E324.90113
M204 S3000
M205 X10 Y10
G0 F6000 X69.532 Y198.307
G0 X70.042 Y198.307
G0 X71.132 Y198.137
M204 S1800
M205 X8 Y8
G1 F3000 X71.513 Y194.547 E325.0212
G1 X71.532 Y194.391 E325.02643
G1 X72.32 Y190.747 E325.15043
G1 X73.502 Y187.174 E325.2756
G1 X75.049 Y183.764 E325.40015
G1 X76.955 Y180.533 E325.52492
G1 X79.192 Y177.524 E325.64962
G1 X81.731 Y174.774 E325.77411
G1 X84.552 Y172.307 E325.89875
G1 X87.622 Y170.153 E326.02349
G1 X89.772 Y168.963 E326.10522
G1 X90.891 Y168.342 E326.14779
G1 X94.352 Y166.883 E326.27271
G1 X97.936 Y165.803 E326.39721
G1 X101.623 Y165.11 E326.52199
G1 X105.358 Y164.812 E326.64661
G1 X109.09 Y164.912 E326.77078
G1 X112.796 Y165.407 E326.89514
G1 X116.442 Y166.296 E327.01996
G1 X119.965 Y167.568 E327.14453
G1 X123.347 Y169.212 E327.26961
G1 X126.512 Y171.193 E327.39379
G1 X129.458 Y173.506 E327.51837
G1 X132.154 Y176.131 E327.64352
G1 X134.545 Y179.016 E327.76815
G1 X136.618 Y182.142 E327.89291
G1 X138.339 Y185.459 E328.01719
G1 X139.703 Y188.954 E328.14198
G1 X140.69 Y192.569 E328.26661
G1 X141.284 Y196.268 E328.39122
G1 X141.482 Y200.01 E328.51585
G1 X141.282 Y203.751 E328.64046
G1 X140.687 Y207.45 E328.76507
G1 X139.793 Y210.718 E328.87776
G1 X139.698 Y211.064 E328.88969
G1 X138.334 Y214.558 E329.01444
G1 X136.608 Y217.871 E329.13869
G1 X134.533 Y221.001 E329.26359
G1 X132.141 Y223.883 E329.38816
G1 X129.454 Y226.497 E329.51285
G1 X126.507 Y228.81 E329.63745
G1 X123.33 Y230.797 E329.76208
G1 X119.956 Y232.435 E329.88683
G1 X116.434 Y233.706 E330.01136
G1 X112.796 Y234.593 E330.13591
G1 X109.09 Y235.088 E330.26026
G1 X105.336 Y235.188 E330.38517
G1 X101.613 Y234.889 E330.50939
G1 X97.928 Y234.195 E330.63411
G1 X94.343 Y233.114 E330.75865
G1 X90.878 Y231.652 E330.88374
G1 X87.603 Y229.835 E331.00831
G1 X84.548 Y227.69 E331.13246
G1 X81.715 Y225.211 E331.25767
G1 X79.189 Y222.473 E331.38157
G1 X76.943 Y219.449 E331.50685
G1 X75.041 Y216.22 E331.6315
G1 X73.502 Y212.826 E331.75545
G1 X72.32 Y209.253 E331.88062
G1 X71.529 Y205.588 E332.00532
G1 X71.133 Y201.887 E332.12912
G1 X71.132 Y198.137 E332.25385
M204 S3000
M205 X10 Y10
G0 F6000 X71.153 Y197.939
G0 X70.732 Y198.137
M204 S1800
M205 X8 Y8
;TYPE:WALL-INNER
G1 F3000 X70.735 Y198.075 E332.25591
G1 X71.115 Y194.504 E332.37535
G1 X71.141 Y194.307 E332.38196
G1 X71.929 Y190.663 E332.50597
G1 X71.946 Y190.601 E332.5081
G1 X73.116 Y187.066 E332.63195
G1 X73.139 Y187.006 E332.63409
G1 X74.677 Y183.615 E332.75793
G1 X74.706 Y183.558 E332.76006
G1 X76.598 Y180.348 E332.88399
G1 X76.634 Y180.294 E332.88615
G1 X78.888 Y177.263 E333.01178
G1 X81.421 Y174.518 E333.13601
G1 X81.467 Y174.473 E333.13815
G1 X84.272 Y172.019 E333.26211
G1 X84.322 Y171.979 E333.26424
G1 X87.409 Y169.814 E333.38965
G1 X90.684 Y167.998 E333.5142
G1 X90.742 Y167.97 E333.51634
G1 X94.176 Y166.521 E333.64031
G1 X94.236 Y166.5 E333.64242
G1 X97.835 Y165.415 E333.76745
G1 X101.561 Y164.714 E333.89355
G1 X105.336 Y164.412 E334.01951
G1 X107.197 Y164.46 E334.08142
G1 X109.121 Y164.513 E334.14544
G1 X112.849 Y165.01 E334.27053
G1 X112.912 Y165.022 E334.27266
G1 X116.554 Y165.912 E334.39736
G1 X117.944 Y166.412 E334.44649
G1 X120.116 Y167.198 E334.52332
G1 X121.348 Y167.795 E334.56885
G1 X123.523 Y168.851 E334.64927
G1 X126.735 Y170.861 E334.77529
G1 X126.772 Y170.887 E334.7768
G1 X129.714 Y173.198 E334.90123
G1 X132.429 Y175.839 E335.02721
G1 X134.849 Y178.754 E335.15322
G1 X135.265 Y179.378 E335.17816
G1 X136.947 Y181.912 E335.27932
G1 X137.235 Y182.463 E335.3
G1 X138.69 Y185.262 E335.40492
G1 X138.877 Y185.736 E335.42187
G1 X140.069 Y188.788 E335.53084
G1 X140.179 Y189.176 E335.54426
G1 X141.073 Y192.447 E335.65704
G1 X141.116 Y192.7 E335.66558
G1 X141.678 Y196.186 E335.78302
G1 X141.687 Y196.319 E335.78745
G1 X141.882 Y199.967 E335.90896
G1 X141.882 Y200.031 E335.91109
G1 X141.68 Y203.812 E336.03702
G1 X141.075 Y207.552 E336.16303
G1 X141.071 Y207.557 E336.16325
G1 X140.076 Y211.204 E336.28898
G1 X140.07 Y211.209 E336.28924
G1 X138.694 Y214.738 E336.41522
G1 X138.687 Y214.746 E336.41557
G1 X136.972 Y218.041 E336.53912
G1 X136.94 Y218.095 E336.54121
G1 X134.879 Y221.205 E336.6653
G1 X134.841 Y221.257 E336.66744
G1 X132.464 Y224.123 E336.79129
G1 X132.42 Y224.17 E336.79343
G1 X129.749 Y226.77 E336.9174
G1 X129.701 Y226.812 E336.91953
G1 X126.772 Y229.113 E337.04341
G1 X126.719 Y229.149 E337.04554
G1 X123.525 Y231.148 E337.17087
G1 X120.115 Y232.802 E337.29692
G1 X116.591 Y234.076 E337.42155
G1 X116.529 Y234.095 E337.42371
G1 X112.849 Y234.99 E337.54968
G1 X109.122 Y235.487 E337.67473
G1 X105.368 Y235.588 E337.79964
G1 X105.304 Y235.587 E337.80177
G1 X101.561 Y235.286 E337.92666
G1 X99.912 Y234.977 E337.98246
G1 X97.836 Y234.585 E338.05273
G1 X94.235 Y233.5 E338.17782
G1 X94.175 Y233.479 E338.17993
G1 X90.721 Y232.02 E338.30464
G1 X90.684 Y232.002 E338.30601
G1 X87.41 Y230.186 E338.43053
G1 X87.373 Y230.163 E338.43198
G1 X84.308 Y228.01 E338.55656
G1 X84.272 Y227.981 E338.5581
G1 X81.455 Y225.516 E338.6826
G1 X80.819 Y224.83 E338.71371
G1 X78.889 Y222.737 E338.8084
G1 X78.401 Y222.084 E338.83552
G1 X76.626 Y219.696 E338.93448
G1 X76.275 Y219.104 E338.95737
G1 X74.701 Y216.433 E339.06049
G1 X74.466 Y215.92 E339.07926
G1 X73.136 Y212.986 E339.1864
G1 X72.995 Y212.568 E339.20107
G1 X71.944 Y209.393 E339.31231
G1 X71.872 Y209.069 E339.32335
G1 X71.14 Y205.69 E339.43834
G1 X71.116 Y205.496 E339.44484
G1 X70.735 Y201.929 E339.56416
G1 X70.732 Y201.855 E339.56662
G1 X70.732 Y198.137 E339.69028
M204 S3000
M205 X10 Y10
G0 F6000 X69.932 Y198.127
M204 S1800
M205 X8 Y8
G1 F3000 X69.932 Y201.875 E339.81494
G1 X70.318 Y205.6 E339.9395
G1 X71.076 Y209.237 E340.06306
G1 X72.222 Y212.84 E340.18881
G1 X73.724 Y216.273 E340.31345
G1 X75.57 Y219.535 E340.43811
G1 X75.951 Y220.071 E340.45998
G1 X77.741 Y222.589 E340.56274
G1 X80.214 Y225.403 E340.68734
G1 X80.881 Y226.021 E340.71758
G1 X82.97 Y227.955 E340.81226
G1 X85.965 Y230.199 E340.93674
G1 X86.961 Y230.797 E340.97538
G1 X89.176 Y232.127 E341.06131
G1 X90.342 Y232.672 E341.10412
G1 X92.573 Y233.717 E341.18606
G1 X96.124 Y234.954 E341.31112
G1 X97.606 Y235.302 E341.36176
G1 X99.759 Y235.809 E341.43532
G1 X101.41 Y236.022 E341.49069
G1 X101.513 Y236.037 E341.49415
G1 X103.474 Y236.29 E341.55992
G1 X105.264 Y236.336 E341.61947
G1 X107.218 Y236.386 E341.68448
G1 X110.954 Y236.098 E341.80911
G1 X112.965 Y235.73 E341.87711
G1 X114.642 Y235.425 E341.9338
G1 X118.227 Y234.381 E342.05799
G1 X120.361 Y233.514 E342.1346
G1 X121.69 Y232.975 E342.1823
G1 X121.729 Y232.956 E342.18375
G1 X123.879 Y231.814 E342.26472
G1 X123.938 Y231.78 E342.26698
G1 X125.021 Y231.204 E342.30778
G1 X127.131 Y229.784 E342.39237
G1 X128.13 Y229.112 E342.43242
G1 X131.006 Y226.712 E342.557
G1 X132.959 Y224.709 E342.65005
G1 X133.623 Y224.028 E342.68169
G1 X135.947 Y221.089 E342.80631
G1 X137.958 Y217.928 E342.93091
G1 X139.635 Y214.575 E343.05561
G1 X140.963 Y211.055 E343.18074
G1 X141.911 Y207.444 E343.30491
G1 X142.487 Y203.74 E343.42959
G1 X142.68 Y199.979 E343.55484
G1 X142.488 Y196.258 E343.67877
G1 X141.911 Y192.555 E343.80342
G1 X140.96 Y188.945 E343.92758
G1 X139.635 Y185.424 E344.05271
G1 X137.959 Y182.071 E344.17738
G1 X135.948 Y178.91 E344.30199
G1 X135.5 Y178.345 E344.32598
G1 X133.621 Y175.97 E344.4267
G1 X133.03 Y175.364 E344.45485
G1 X131.006 Y173.288 E344.55129
G1 X130.259 Y172.664 E344.58366
G1 X128.128 Y170.885 E344.67599
G1 X127.218 Y170.274 E344.71245
G1 X125.021 Y168.796 E344.80052
G1 X123.936 Y168.219 E344.84139
G1 X121.711 Y167.034 E344.92523
G1 X120.459 Y166.524 E344.9702
G1 X118.227 Y165.615 E345.05035
G1 X116.823 Y165.209 E345.09896
G1 X114.642 Y164.576 E345.1745
G1 X113.068 Y164.289 E345.22771
G1 X110.954 Y163.903 E345.29919
G1 X109.232 Y163.77 E345.35663
G1 X107.198 Y163.614 E345.42448
G1 X103.474 Y163.709 E345.54838
G1 X99.759 Y164.191 E345.67298
G1 X96.123 Y165.05 E345.79724
G1 X94.005 Y165.785 E345.87181
G1 X92.553 Y166.292 E345.92296
G1 X90.437 Y167.283 E346.00068
G1 X89.176 Y167.873 E346.04698
G1 X87.051 Y169.149 E346.12942
G1 X85.965 Y169.801 E346.17155
G1 X82.971 Y172.046 E346.29602
G1 X80.959 Y173.908 E346.3872
G1 X80.214 Y174.597 E346.42095
G1 X78.33 Y176.741 E346.51588
G1 X77.741 Y177.411 E346.54555
G1 X75.999 Y179.859 E346.64548
G1 X75.583 Y180.448 E346.66946
G1 X75.56 Y180.484 E346.67088
G1 X73.725 Y183.728 E346.79485
G1 X72.429 Y186.69 E346.90238
G1 X72.223 Y187.161 E346.91948
G1 X71.078 Y190.744 E347.04459
G1 X70.371 Y194.144 E347.16009
G1 X70.316 Y194.42 E347.16945
G1 X69.945 Y197.993 E347.28893
G1 X69.932 Y198.127 E347.29341
M204 S3000
M205 X10 Y10
G0 F6000 X70.332 Y198.147
M204 S1800
M205 X8 Y8
G1 F3000 X70.332 Y201.855 E347.41673
G1 F3030.3 X70.341 Y201.971 E347.42057
G1 F3053.4 X70.394 Y202.48 E347.43729
G1 F3038 X70.448 Y202.989 E347.4541
G1 F3022.7 X70.501 Y203.498 E347.47099
G1 F3007.5 X70.555 Y204.008 E347.48801
G1 F2992.5 X70.608 Y204.517 E347.50507
G1 F2977.7 X70.662 Y205.026 E347.52222
G1 F2963 X70.715 Y205.536 E347.53949
G1 F3022.7 X70.756 Y205.776 E347.54753
G1 F3076.9 X70.875 Y206.339 E347.56619
G1 F3045.7 X70.995 Y206.902 E347.58505
G1 F3015.1 X71.115 Y207.466 E347.60413
G1 F2977.7 X71.235 Y208.029 E347.62342
G1 F2948.4 X71.354 Y208.593 E347.64293
G1 F2919.7 X71.474 Y209.156 E347.6626
G1 F3015.1 X71.575 Y209.521 E347.67513
G1 F3116.9 X71.746 Y210.049 E347.6929
G1 F3069.1 X71.918 Y210.578 E347.71099
G1 F3022.7 X72.09 Y211.107 E347.72935
G1 F2970.3 X72.261 Y211.636 E347.74802
G1 F2926.8 X72.433 Y212.165 E347.76699
G1 F2884.6 X72.605 Y212.694 E347.78623
G1 F3007.5 X72.785 Y213.154 E347.80262
G1 F3149.6 X73.002 Y213.642 E347.81954
G1 F3084.8 X73.22 Y214.131 E347.83685
G1 F3030.3 X73.438 Y214.62 E347.85448
G1 F2977.7 X73.655 Y215.109 E347.87241
G1 F2919.7 X73.873 Y215.598 E347.89071
G1 F2870.8 X74.091 Y216.087 E347.90932
G1 F3007.5 X74.324 Y216.545 E347.92636
G1 F3208.6 X74.374 Y216.638 E347.92965
G1 F3191.5 X74.631 Y217.083 E347.94571
G1 F3116.9 X74.889 Y217.529 E347.96221
G1 F3045.7 X75.146 Y217.975 E347.97907
G1 F2977.7 X75.404 Y218.421 E347.99634
G1 F2912.6 X75.661 Y218.867 E348.01397
G1 F2850.4 X75.919 Y219.313 E348.03201
G1 F3007.5 X76.266 Y219.848 E348.05317
G1 F3234.5 X76.325 Y219.935 E348.05641
G1 F3191.5 X76.673 Y220.413 E348.07489
G1 F3092.8 X77.021 Y220.892 E348.094
G1 F2992.5 X77.369 Y221.371 E348.11374
G1 F2905.6 X77.717 Y221.85 E348.13407
G1 F2823.5 X78.065 Y222.329 E348.15499
G1 F2992.5 X78.549 Y222.928 E348.18067
G1 F3260.9 X78.617 Y223.007 E348.18386
G1 F3225.8 X78.995 Y223.427 E348.20134
G1 F3108.8 X79.374 Y223.848 E348.21952
G1 F3000 X79.753 Y224.269 E348.23836
G1 F2905.6 X80.132 Y224.689 E348.25779
G1 F2810.3 X80.511 Y225.11 E348.2779
G1 F3007.5 X81.141 Y225.741 E348.30748
G1 F3305.8 X81.217 Y225.814 E348.31066
G1 F3252 X81.621 Y226.177 E348.32733
G1 F3125 X82.025 Y226.541 E348.34469
G1 F3000 X82.43 Y226.905 E348.3628
G1 F2891.6 X82.834 Y227.269 E348.38157
G1 F2790.7 X83.238 Y227.633 E348.40101
G1 F2864 X83.63 Y227.95 E348.41857
G1 F3149.6 X84.022 Y228.268 E348.43457
G1 F3333.3 X84.105 Y228.331 E348.43768
G1 F3278.7 X84.523 Y228.634 E348.4534
G1 F3141.4 X84.942 Y228.938 E348.46984
G1 F3007.5 X85.36 Y229.242 E348.48699
G1 F2891.6 X85.779 Y229.545 E348.50483
G1 F2784.2 X86.198 Y229.849 E348.52338
G1 F2864 X86.677 Y230.161 E348.5433
G1 F3174.6 X87.156 Y230.473 E348.56127
G1 F3361.3 X87.245 Y230.527 E348.56436
G1 F3278.7 X87.777 Y230.833 E348.58303
G1 F3092.8 X88.309 Y231.14 E348.60285
G1 F2934 X88.841 Y231.447 E348.62374
G1 F2784.2 X89.373 Y231.754 E348.64575
G1 F2857.1 X89.938 Y232.043 E348.66791
G1 F3191.5 X90.502 Y232.331 E348.68771
G1 F3399.4 X90.596 Y232.376 E348.69077
G1 F3305.8 X91.129 Y232.613 E348.70838
G1 F3108.8 X91.663 Y232.85 E348.72713
G1 F2934 X92.197 Y233.088 E348.74701
G1 F2777.8 X92.731 Y233.325 E348.768
G1 F2850.4 X93.38 Y233.576 E348.79236
G1 F3191.5 X94.029 Y233.826 E348.8141
G1 F3399.4 X94.127 Y233.86 E348.81715
G1 F3296.7 X94.655 Y234.031 E348.83394
G1 F3092.8 X95.184 Y234.203 E348.85189
G1 F2912.6 X95.713 Y234.375 E348.87095
G1 F2752.3 X96.242 Y234.547 E348.89111
G1 F2777.8 X96.725 Y234.676 E348.90907
G1 F2992.5 X97.208 Y234.806 E348.92575
G1 F3252 X97.691 Y234.935 E348.94109
G1 F3399.4 X97.793 Y234.96 E348.94417
G1 F3305.8 X98.303 Y235.068 E348.95991
G1 F3100.8 X98.814 Y235.176 E348.97671
G1 F2926.8 X99.325 Y235.284 E348.99452
G1 F2765 X99.835 Y235.392 E349.01333
G1 F2790.7 X100.375 Y235.478 E349.03288
G1 F3007.5 X100.916 Y235.564 E349.05106
G1 F3269.8 X101.458 Y235.65 E349.0678
G1 F3399.4 X101.561 Y235.664 E349.07085
G1 F3252 X102.209 Y235.731 E349.09084
G1 F2992.5 X102.858 Y235.799 E349.1126
G1 F2777.8 X103.506 Y235.867 E349.136
G1 X104.095 Y235.898 E349.15719
G1 F3000 X104.684 Y235.929 E349.17681
G1 F3260.9 X105.274 Y235.961 E349.19489
G1 F3409.1 X105.378 Y235.964 E349.19793
G1 F3269.8 X105.988 Y235.964 E349.21655
G1 F3007.5 X106.598 Y235.964 E349.23679
G1 F2790.7 X107.208 Y235.963 E349.2586
G1 X107.838 Y235.931 E349.28115
G1 F3007.5 X108.468 Y235.898 E349.30208
G1 F3269.8 X109.099 Y235.865 E349.32136
G1 F3409.1 X109.203 Y235.856 E349.32442
G1 F3260.9 X109.768 Y235.797 E349.3418
G1 F3000 X110.334 Y235.737 E349.36073
G1 F2777.8 X110.9 Y235.677 E349.38118
G1 F2758.6 X111.399 Y235.598 E349.39945
G1 F2919.7 X111.899 Y235.519 E349.41675
G1 F3108.8 X112.399 Y235.44 E349.433
G1 F3314.9 X112.899 Y235.361 E349.44824
G1 F3418.8 X113.001 Y235.342 E349.45126
G1 F3269.8 X113.515 Y235.233 E349.4673
G1 F3007.5 X114.03 Y235.123 E349.48477
G1 F2790.7 X114.545 Y235.013 E349.5036
G1 F2765 X115.063 Y234.875 E349.52294
G1 F2926.8 X115.581 Y234.736 E349.54123
G1 F3108.8 X116.099 Y234.598 E349.55843
G1 F3314.9 X116.617 Y234.459 E349.57458
G1 F3418.8 X116.718 Y234.429 E349.57765
G1 F3200 X117.403 Y234.206 E349.60011
G1 F2850.4 X118.089 Y233.982 E349.62538
G1 F2777.8 X118.622 Y233.778 E349.64588
G1 F2926.8 X119.155 Y233.574 E349.66533
G1 F3100.8 X119.688 Y233.369 E349.68371
G1 F3287.7 X120.221 Y233.165 E349.70103
G1 F3380.3 X120.315 Y233.126 E349.70403
G1 F3174.6 X120.923 Y232.855 E349.72496
G1 F2843.6 X121.532 Y232.584 E349.74835
G1 F2771.4 X122.066 Y232.313 E349.76991
G1 F2919.7 X122.6 Y232.041 E349.79039
G1 F3084.8 X123.134 Y231.77 E349.80976
G1 F3269.8 X123.668 Y231.498 E349.82804
G1 F3370.8 X123.761 Y231.447 E349.83118
G1 F3183 X124.283 Y231.145 E349.85009
G1 F2857.1 X124.805 Y230.843 E349.87115
G1 F2771.4 X125.227 Y230.569 E349.88926
G1 F2884.6 X125.65 Y230.295 E349.9067
G1 F3000 X126.073 Y230.02 E349.92348
G1 F3133.2 X126.496 Y229.746 E349.93953
G1 F3278.7 X126.919 Y229.471 E349.95488
G1 F3342.6 X127.006 Y229.411 E349.95804
G1 F3166.2 X127.442 Y229.094 E349.97503
G1 F2870.8 X127.878 Y228.777 E349.99376
G1 F2790.7 X128.289 Y228.445 E350.01265
G1 F2891.6 X128.7 Y228.112 E350.03091
G1 F3000 X129.111 Y227.779 E350.0485
G1 F3125 X129.523 Y227.446 E350.06541
G1 F3252 X129.934 Y227.113 E350.08165
G1 F3149.6 X130.329 Y226.758 E350.09847
G1 F2864 X130.722 Y226.405 E350.11687
G1 F2790.7 X131.114 Y226.013 E350.1367
G1 F2891.6 X131.507 Y225.621 E350.15585
G1 F2992.5 X131.899 Y225.229 E350.17433
G1 F3108.8 X132.292 Y224.836 E350.19217
G1 F3234.5 X132.685 Y224.444 E350.2093
G1 F3007.5 X133.31 Y223.753 E350.24021
G1 F2810.3 X133.675 Y223.303 E350.26078
G1 F2905.6 X134.04 Y222.852 E350.28071
G1 F3000 X134.405 Y222.401 E350.3
G1 F3108.8 X134.771 Y221.951 E350.31862
G1 F3225.8 X135.136 Y221.5 E350.33657
G1 F3030.3 X135.61 Y220.85 E350.36306
G1 F2850.4 X135.885 Y220.427 E350.38072
G1 F2912.6 X136.16 Y220.003 E350.39803
G1 F2977.7 X136.435 Y219.58 E350.41494
G1 F3045.7 X136.71 Y219.156 E350.43149
G1 F3116.9 X136.985 Y218.733 E350.44765
G1 F3191.5 X137.26 Y218.309 E350.46345
G1 F3022.7 X137.6 Y217.726 E350.48572
G1 F2877.7 X137.838 Y217.26 E350.50387
G1 F2934 X138.076 Y216.793 E350.52169
G1 F2992.5 X138.314 Y216.326 E350.53917
G1 F3061.2 X138.552 Y215.859 E350.55626
G1 F3125 X138.79 Y215.392 E350.57299
G1 F3191.5 X139.028 Y214.925 E350.58938
G1 F3038 X139.26 Y214.411 E350.6079
G1 F2891.6 X139.455 Y213.902 E350.62671
G1 F2934 X139.651 Y213.392 E350.64529
G1 F2977.7 X139.846 Y212.882 E350.66359
G1 F3022.7 X140.042 Y212.372 E350.68162
G1 F3069.1 X140.238 Y211.862 E350.69939
G1 F3116.9 X140.433 Y211.352 E350.71687
G1 F3000 X140.573 Y210.931 E350.73162
G1 F2891.6 X140.718 Y210.387 E350.75105
G1 F2934 X140.864 Y209.842 E350.77024
G1 F2977.7 X141.01 Y209.297 E350.78914
G1 F3015.1 X141.156 Y208.752 E350.80782
G1 F3061.2 X141.302 Y208.207 E350.82621
G1 F3108.8 X141.448 Y207.662 E350.84432
G1 F3030.3 X141.515 Y207.362 E350.85444
G1 F2955.7 X141.593 Y206.865 E350.87142
G1 F2977.7 X141.672 Y206.367 E350.88832
G1 F3000 X141.751 Y205.869 E350.90509
G1 F3015.1 X141.83 Y205.371 E350.92178
G1 F3038 X141.909 Y204.873 E350.93834
G1 F3061.2 X141.988 Y204.375 E350.95477
G1 F3084.8 X142.067 Y203.877 E350.97108
G1 F3038 X142.088 Y203.699 E350.97697
G1 F2992.5 X142.151 Y202.484 E351.01753
G1 F3007.5 X142.215 Y201.268 E351.05793
G1 F3022.7 X142.279 Y200.052 E351.09813
G1 F3030.3 X142.28 Y199.947 E351.10159
G1 F3022.7 X142.233 Y199.036 E351.1317
G1 F3007.5 X142.185 Y198.124 E351.162
G1 F2992.5 X142.137 Y197.212 E351.19245
G1 F2977.7 X142.089 Y196.3 E351.22305
G1 F3022.7 X142.068 Y196.125 E351.22887
G1 F3069.1 X141.99 Y195.628 E351.24523
G1 F3053.4 X141.911 Y195.13 E351.26171
G1 F3030.3 X141.832 Y194.632 E351.27831
G1 F3007.5 X141.753 Y194.134 E351.29504
G1 F2992.5 X141.674 Y193.636 E351.31185
G1 F2970.3 X141.595 Y193.138 E351.32879
G1 F2955.7 X141.516 Y192.64 E351.34581
G1 F3022.7 X141.449 Y192.339 E351.35599
G1 F3092.8 X141.303 Y191.795 E351.37416
G1 F3053.4 X141.157 Y191.25 E351.3926
G1 F3015.1 X141.011 Y190.705 E351.41127
G1 F2977.7 X140.865 Y190.16 E351.43018
G1 F2941.2 X140.719 Y189.615 E351.44932
G1 F2905.6 X140.573 Y189.07 E351.46869
G1 F3015.1 X140.432 Y188.647 E351.48345
G1 F3133.2 X140.237 Y188.138 E351.50081
G1 F3076.9 X140.041 Y187.628 E351.51853
G1 F3030.3 X139.846 Y187.118 E351.53651
G1 F2977.7 X139.65 Y186.608 E351.55481
G1 F2926.8 X139.455 Y186.098 E351.57343
G1 F2884.6 X139.259 Y185.588 E351.59233
G1 F3030.3 X139.036 Y185.089 E351.61033
G1 F3217.2 X139.029 Y185.077 E351.61076
G1 F3174.6 X138.791 Y184.611 E351.6272
G1 F3108.8 X138.553 Y184.144 E351.64403
G1 F3045.7 X138.315 Y183.677 E351.6612
G1 F2977.7 X138.077 Y183.21 E351.67876
G1 F2919.7 X137.839 Y182.743 E351.69667
G1 F2864 X137.601 Y182.276 E351.71494
G1 F3007.5 X137.316 Y181.78 E351.73391
G1 F3225.8 X137.261 Y181.69 E351.73718
G1 F3208.6 X136.986 Y181.267 E351.75287
G1 F3125 X136.711 Y180.844 E351.76898
G1 F3045.7 X136.436 Y180.42 E351.78553
G1 F2977.7 X136.16 Y179.997 E351.80246
G1 F2905.6 X135.885 Y179.573 E351.81981
G1 F2836.9 X135.61 Y179.15 E351.83756
G1 F3015.1 X135.199 Y178.583 E351.86073
G1 F3269.8 X135.135 Y178.499 E351.86396
G1 F3225.8 X134.77 Y178.049 E351.88188
G1 F3108.8 X134.405 Y177.598 E351.9005
G1 F3000 X134.04 Y177.148 E351.91977
G1 F2905.6 X133.674 Y176.697 E351.93972
G1 F2810.3 X133.309 Y176.246 E351.96032
G1 F3000 X132.756 Y175.631 E351.98783
G1 F3287.7 X132.684 Y175.555 E351.991
G1 F3234.5 X132.292 Y175.163 E352.00811
G1 F3108.8 X131.899 Y174.771 E352.02592
G1 F2992.5 X131.506 Y174.379 E352.04443
G1 F2891.6 X131.114 Y173.986 E352.06358
G1 F2790.7 X130.721 Y173.594 E352.08343
G1 F2992.5 X130.014 Y172.956 E352.11518
G1 F3305.8 X129.935 Y172.888 E352.11833
G1 F3252 X129.524 Y172.555 E352.13456
G1 F3116.9 X129.112 Y172.221 E352.15154
G1 F2992.5 X128.7 Y171.888 E352.1692
G1 F2884.6 X128.288 Y171.554 E352.18755
G1 F2777.8 X127.876 Y171.221 E352.20658
G1 F2857.1 X127.441 Y170.905 E352.22536
G1 F3157.9 X127.006 Y170.589 E352.24234
G1 F3333.3 X126.92 Y170.529 E352.24548
G1 F3260.9 X126.498 Y170.255 E352.26088
G1 F3125 X126.075 Y169.981 E352.27697
G1 F3000 X125.652 Y169.707 E352.29373
G1 F2884.6 X125.229 Y169.432 E352.31119
G1 F2777.8 X124.806 Y169.158 E352.32929
G1 F2864 X124.282 Y168.855 E352.35038
G1 F3183 X123.759 Y168.552 E352.36933
G1 F3370.8 X123.667 Y168.502 E352.37243
G1 F3269.8 X123.134 Y168.231 E352.39067
G1 F3084.8 X122.6 Y167.959 E352.41006
G1 F2919.7 X122.066 Y167.688 E352.43052
G1 F2771.4 X121.532 Y167.416 E352.4521
G1 F2843.6 X120.925 Y167.145 E352.47542
G1 F3174.6 X120.317 Y166.874 E352.49635
G1 F3370.8 X120.221 Y166.834 E352.49942
G1 F3269.8 X119.688 Y166.63 E352.51684
G1 F3084.8 X119.155 Y166.425 E352.53531
G1 F2912.6 X118.622 Y166.22 E352.55487
G1 F2765 X118.088 Y166.015 E352.57552
G1 F2836.9 X117.403 Y165.793 E352.60084
G1 F3183 X116.718 Y165.57 E352.62343
G1 F3399.4 X116.618 Y165.54 E352.62649
G1 F3305.8 X116.1 Y165.402 E352.64267
G1 F3108.8 X115.582 Y165.264 E352.65988
G1 F2934 X115.064 Y165.126 E352.67811
G1 F2777.8 X114.546 Y164.988 E352.69736
G1 F2803.7 X114.031 Y164.878 E352.7161
G1 F3022.7 X113.516 Y164.768 E352.73349
G1 F3287.7 X113.001 Y164.658 E352.74947
G1 F3428.6 X112.898 Y164.639 E352.75252
G1 F3314.9 X112.399 Y164.56 E352.76773
G1 F3108.8 X111.899 Y164.481 E352.78397
G1 F2926.8 X111.399 Y164.402 E352.80123
G1 F2765 X110.899 Y164.323 E352.8195
G1 F2790.7 X110.335 Y164.264 E352.83977
G1 F3007.5 X109.769 Y164.204 E352.85866
G1 F3269.8 X109.203 Y164.144 E352.87603
G1 F3409.1 X109.1 Y164.136 E352.87905
G1 F3269.8 X108.47 Y164.104 E352.8983
G1 F3007.5 X107.84 Y164.071 E352.91923
G1 F2790.7 X107.209 Y164.038 E352.94182
G1 X106.598 Y164.037 E352.96367
G1 F3007.5 X105.988 Y164.037 E352.98391
G1 F3269.8 X105.378 Y164.036 E353.00252
G1 F3409.1 X105.274 Y164.039 E353.00557
G1 F3260.9 X104.685 Y164.07 E353.02361
G1 F2992.5 X104.096 Y164.101 E353.04328
G1 F2771.4 X103.506 Y164.133 E353.06455
G1 F2765 X102.858 Y164.2 E353.08806
G1 F2985.1 X102.209 Y164.268 E353.10988
G1 F3243.2 X101.561 Y164.336 E353.12992
G1 F3399.4 X101.458 Y164.35 E353.13297
G1 F3260.9 X100.917 Y164.436 E353.14973
G1 F3000 X100.376 Y164.522 E353.16795
G1 F2777.8 X99.835 Y164.608 E353.18763
G1 F2758.6 X99.325 Y164.716 E353.20649
G1 F2919.7 X98.814 Y164.824 E353.22434
G1 F3108.8 X98.303 Y164.932 E353.2411
G1 F3314.9 X97.793 Y165.041 E353.2568
G1 F3418.8 X97.692 Y165.065 E353.25983
G1 F3269.8 X97.209 Y165.195 E353.27509
G1 F3015.1 X96.725 Y165.325 E353.29168
G1 F2803.7 X96.241 Y165.455 E353.30951
G1 F2777.8 X95.713 Y165.626 E353.32945
G1 F2934 X95.185 Y165.797 E353.34832
G1 F3108.8 X94.657 Y165.968 E353.36614
G1 F3305.8 X94.129 Y166.139 E353.38289
G1 F3409.1 X94.03 Y166.175 E353.38597
G1 F3200 X93.381 Y166.424 E353.40765
G1 F2850.4 X92.731 Y166.674 E353.43203
G1 F2777.8 X92.198 Y166.911 E353.45298
G1 F2934 X91.664 Y167.149 E353.47286
G1 F3108.8 X91.13 Y167.386 E353.49161
G1 F3305.8 X90.596 Y167.624 E353.50926
G1 F3399.4 X90.502 Y167.669 E353.51232
G1 F3191.5 X89.938 Y167.957 E353.53212
G1 F2857.1 X89.374 Y168.245 E353.55423
G1 F2784.2 X88.842 Y168.551 E353.57623
G1 F2934 X88.31 Y168.858 E353.59712
G1 F3092.8 X87.778 Y169.165 E353.61693
G1 F3278.7 X87.246 Y169.472 E353.63563
G1 F3361.3 X87.156 Y169.527 E353.63876
G1 F3174.6 X86.678 Y169.838 E353.65668
G1 F2864 X86.199 Y170.15 E353.6766
G1 F2784.2 X85.781 Y170.453 E353.6951
G1 F2891.6 X85.362 Y170.757 E353.71296
G1 F3007.5 X84.944 Y171.061 E353.73011
G1 F3141.4 X84.525 Y171.364 E353.74653
G1 F3278.7 X84.106 Y171.668 E353.76229
G1 F3342.6 X84.022 Y171.733 E353.76546
G1 F3166.2 X83.631 Y172.05 E353.78132
G1 F2877.7 X83.239 Y172.367 E353.7988
G1 F2803.7 X82.835 Y172.731 E353.81815
G1 F2905.6 X82.431 Y173.095 E353.83683
G1 F3015.1 X82.026 Y173.459 E353.85485
G1 F3141.4 X81.622 Y173.823 E353.87212
G1 F3269.8 X81.217 Y174.187 E353.88874
G1 F3022.7 X80.513 Y174.888 E353.92154
G1 F2810.3 X80.135 Y175.308 E353.9416
G1 F2905.6 X79.756 Y175.729 E353.96105
G1 F3000 X79.377 Y176.15 E353.97989
G1 F3108.8 X78.998 Y176.57 E353.99805
G1 F3225.8 X78.619 Y176.991 E354.01557
G1 F3007.5 X78.067 Y177.669 E354.04458
G1 F2823.5 X77.719 Y178.147 E354.06547
G1 F2905.6 X77.371 Y178.626 E354.0858
G1 F2992.5 X77.023 Y179.105 E354.10555
G1 F3092.8 X76.675 Y179.584 E354.12465
G1 F3191.5 X76.327 Y180.063 E354.14316
G1 F3015.1 X75.919 Y180.687 E354.16783
G1 F2850.4 X75.662 Y181.132 E354.18582
G1 F2912.6 X75.404 Y181.578 E354.20347
G1 F2977.7 X75.147 Y182.024 E354.22072
G1 F3045.7 X74.889 Y182.47 E354.2376
G1 F3116.9 X74.632 Y182.916 E354.25408
G1 F3191.5 X74.374 Y183.362 E354.27019
G1 F3030.3 X74.092 Y183.911 E354.29051
G1 F2884.6 X73.875 Y184.399 E354.30898
G1 F2934 X73.657 Y184.888 E354.32719
G1 F2985.1 X73.439 Y185.377 E354.34509
G1 F3038 X73.222 Y185.866 E354.36266
G1 F3092.8 X73.004 Y186.355 E354.37993
G1 F3149.6 X72.786 Y186.844 E354.39689
G1 F3015.1 X72.606 Y187.305 E354.41327
G1 F2891.6 X72.434 Y187.833 E354.43243
G1 F2934 X72.262 Y188.362 E354.45135
G1 F2977.7 X72.09 Y188.891 E354.46999
G1 F3015.1 X71.918 Y189.42 E354.4884
G1 F3061.2 X71.746 Y189.949 E354.50653
G1 F3108.8 X71.574 Y190.478 E354.52439
G1 F3007.5 X71.472 Y190.847 E354.53709
G1 F2919.7 X71.353 Y191.409 E354.55672
G1 F2948.4 X71.234 Y191.972 E354.57619
G1 F2977.7 X71.115 Y192.534 E354.59544
G1 F3015.1 X70.995 Y193.097 E354.61449
G1 F3045.7 X70.876 Y193.659 E354.63331
G1 F3076.9 X70.757 Y194.222 E354.65197
G1 F3030.3 X70.716 Y194.461 E354.65996
G1 F2977.7 X70.622 Y195.354 E354.69005
G1 F2992.5 X70.528 Y196.247 E354.71999
G1 F3007.5 X70.434 Y197.14 E354.74978
G1 F3022.7 X70.339 Y198.034 E354.77946
G1 F3015.1 X70.332 Y198.147 E354.7832
M204 S3000
M205 X10 Y10
G0 F6000 X70.322 Y198.149
;MESH:NONMESH
G0 F600 X70.322 Y198.149 Z1.6
G0 F6000 X69.532 Y198.107
;TIME_ELAPSED:236.364852
;LAYER:7
M204 S1800
M205 X8 Y8
;TYPE:WALL-OUTER
;MESH:15_4_1.stl
G1 F3000 X69.532 Y201.895 E354.90919
G1 X69.922 Y205.662 E355.03515
G1 X70.685 Y209.319 E355.15941
G1 X70.822 Y209.76 E355.17476
G1 X71.848 Y212.981 E355.2872
G1 X73.366 Y216.452 E355.4132
G1 X75.232 Y219.75 E355.53924
G1 X77.427 Y222.838 E355.66525
G1 X79.927 Y225.683 E355.79121
G1 X82.713 Y228.263 E355.91751
G1 X83.554 Y228.892 E355.95244
G1 X85.741 Y230.531 E356.04334
G1 X86.755 Y231.14 E356.08268
G1 X88.988 Y232.481 E356.16931
G1 X90.172 Y233.034 E356.21277
G1 X92.422 Y234.088 E356.29541
G1 X96.012 Y235.339 E356.42186
G1 X99.687 Y236.203 E356.54742
G1 X103.443 Y236.69 E356.67339
G1 X107.228 Y236.787 E356.79932
G1 X111.006 Y236.495 E356.92536
G1 X114.734 Y235.815 E357.0514
G1 X118.359 Y234.759 E357.17698
G1 X121.881 Y233.329 E357.30341
G1 X125.227 Y231.548 E357.42948
G1 X127.354 Y230.116 E357.51476
G1 X128.37 Y229.433 E357.55548
G1 X131.278 Y227.006 E357.68146
G1 X133.924 Y224.292 E357.80753
G1 X136.274 Y221.321 E357.93352
G1 X138.307 Y218.126 E358.05947
G1 X140.002 Y214.735 E358.18556
G1 X141.345 Y211.177 E358.31205
G1 X142.303 Y207.526 E358.4376
G1 X142.886 Y203.781 E358.56366
G1 X143.081 Y199.998 E358.68965
G1 X142.889 Y196.259 E358.81417
G1 X142.853 Y196.001 E358.82283
G1 X142.303 Y192.473 E358.94159
G1 X141.342 Y188.823 E359.06713
G1 X140.002 Y185.264 E359.19361
G1 X138.307 Y181.874 E359.31967
G1 X136.274 Y178.678 E359.44566
G1 X133.922 Y175.706 E359.57172
G1 X131.278 Y172.994 E359.69769
G1 X128.368 Y170.565 E359.82377
G1 X125.227 Y168.452 E359.94967
G1 X121.881 Y166.671 E360.07575
G1 X120.61 Y166.154 E360.12138
G1 X118.359 Y165.237 E360.20223
G1 X114.734 Y164.186 E360.32776
G1 X111.006 Y163.505 E360.4538
G1 X107.228 Y163.213 E360.57984
G1 X103.443 Y163.31 E360.70577
G1 X99.687 Y163.797 E360.83174
G1 X96.052 Y164.655 E360.95596
G1 X95.972 Y164.679 E360.95874
G1 X92.422 Y165.912 E361.08373
G1 X88.988 Y167.519 E361.20983
G1 X85.741 Y169.469 E361.33581
G1 X82.715 Y171.738 E361.4616
G1 X79.927 Y174.317 E361.58792
G1 X78.029 Y176.477 E361.68356
G1 X77.427 Y177.162 E361.71389
G1 X75.673 Y179.627 E361.81452
G1 X75.257 Y180.216 E361.8385
G1 X75.212 Y180.286 E361.84127
G1 X73.366 Y183.548 E361.96593
G1 X72.063 Y186.529 E362.07414
G1 X71.848 Y187.019 E362.09193
G1 X70.69 Y190.642 E362.21844
G1 X69.922 Y194.338 E362.344
G1 X69.532 Y198.107 E362.47002
M204 S3000
M205 X10 Y10
G0 F6000 X69.532 Y198.307
G0 X70.042 Y198.307
G0 X71.132 Y198.137
M204 S1800
M205 X8 Y8
G1 F3000 X71.513 Y194.547 E362.5901
G1 X71.532 Y194.391 E362.59532
G1 X72.32 Y190.747 E362.71932
G1 X73.502 Y187.174 E362.8445
G1 X75.049 Y183.764 E362.96904
G1 X76.955 Y180.533 E363.09381
G1 X79.192 Y177.524 E363.21852
G1 X81.731 Y174.774 E363.343
G1 X84.552 Y172.307 E363.46765
G1 X87.622 Y170.153 E363.59238
G1 X89.772 Y168.963 E363.67411
G1 X90.891 Y168.342 E363.71668
G1 X94.352 Y166.883 E363.8416
G1 X97.936 Y165.803 E363.9661
G1 X101.623 Y165.11 E364.09088
G1 X105.358 Y164.812 E364.2155
G1 X109.09 Y164.912 E364.33967
G1 X112.796 Y165.407 E364.46403
G1 X116.442 Y166.296 E364.58885
G1 X119.965 Y167.568 E364.71343
G1 X123.347 Y169.212 E364.8385
G1 X126.512 Y171.193 E364.96269
G1 X129.458 Y173.506 E365.08726
G1 X132.154 Y176.131 E365.21242
G1 X134.545 Y179.016 E365.33704
G1 X136.618 Y182.142 E365.4618
G1 X138.339 Y185.459 E365.58609
G1 X139.703 Y188.954 E365.71087
G1 X140.69 Y192.569 E365.83551
G1 X141.284 Y196.268 E365.96011
G1 X141.482 Y200.01 E366.08475
G1 X141.282 Y203.751 E366.20935
G1 X140.687 Y207.45 E366.33396
G1 X139.793 Y210.718 E366.44665
G1 X139.698 Y211.064 E366.45858
G1 X138.334 Y214.558 E366.58333
G1 X136.608 Y217.871 E366.70758
G1 X134.533 Y221.001 E366.83248
G1 X132.141 Y223.883 E366.95706
G1 X129.454 Y226.497 E367.08174
G1 X126.507 Y228.81 E367.20634
G1 X123.33 Y230.797 E367.33097
G1 X119.956 Y232.435 E367.45572
G1 X116.434 Y233.706 E367.58026
G1 X112.796 Y234.593 E367.7048
G1 X109.09 Y235.088 E367.82916
G1 X105.336 Y235.188 E367.95406
G1 X101.613 Y234.889 E368.07829
G1 X97.928 Y234.195 E368.203
G1 X94.343 Y233.114 E368.32754
G1 X90.878 Y231.652 E368.45263
G1 X87.603 Y229.835 E368.5772
G1 X84.548 Y227.69 E368.70135
G1 X81.715 Y225.211 E368.82656
G1 X79.189 Y222.473 E368.95046
G1 X76.943 Y219.449 E369.07575
G1 X75.041 Y216.22 E369.20039
G1 X73.502 Y212.826 E369.32434
G1 X72.32 Y209.253 E369.44951
G1 X71.529 Y205.588 E369.57422
G1 X71.133 Y201.887 E369.69801
G1 X71.132 Y198.137 E369.82274
M204 S3000
M205 X10 Y10
G0 F6000 X71.153 Y197.939
G0 X70.732 Y198.137
M204 S1800
M205 X8 Y8
;TYPE:WALL-INNER
G1 F3000 X70.735 Y198.075 E369.8248
G1 X71.115 Y194.504 E369.94425
G1 X71.141 Y194.307 E369.95086
G1 X71.929 Y190.663 E370.07486
G1 X71.946 Y190.601 E370.077
G1 X73.116 Y187.066 E370.20084
G1 X73.139 Y187.006 E370.20298
G1 X74.677 Y183.615 E370.32682
G1 X74.706 Y183.558 E370.32895
G1 X76.598 Y180.348 E370.45288
G1 X76.634 Y180.294 E370.45504
G1 X78.888 Y177.263 E370.58067
G1 X81.421 Y174.518 E370.7049
G1 X81.467 Y174.473 E370.70704
G1 X84.272 Y172.019 E370.831
G1 X84.322 Y171.979 E370.83313
G1 X87.409 Y169.814 E370.95854
G1 X90.684 Y167.998 E371.08309
G1 X90.742 Y167.97 E371.08523
G1 X94.176 Y166.521 E371.2092
G1 X94.236 Y166.5 E371.21131
G1 X97.835 Y165.415 E371.33634
G1 X101.561 Y164.714 E371.46244
G1 X105.336 Y164.412 E371.5884
G1 X107.197 Y164.46 E371.65032
G1 X109.121 Y164.513 E371.71433
G1 X112.849 Y165.01 E371.83942
G1 X112.912 Y165.022 E371.84156
G1 X116.554 Y165.912 E371.96625
G1 X117.944 Y166.412 E372.01539
G1 X120.116 Y167.198 E372.09221
G1 X121.348 Y167.795 E372.13775
G1 X123.523 Y168.851 E372.21816
G1 X126.735 Y170.861 E372.34419
G1 X126.772 Y170.887 E372.34569
G1 X129.714 Y173.198 E372.47012
G1 X132.429 Y175.839 E372.5961
G1 X134.849 Y178.754 E372.72211
G1 X135.265 Y179.378 E372.74705
G1 X136.947 Y181.912 E372.84821
G1 X137.235 Y182.463 E372.86889
G1 X138.69 Y185.262 E372.97381
G1 X138.877 Y185.736 E372.99076
G1 X140.069 Y188.788 E373.09974
G1 X140.179 Y189.176 E373.11315
G1 X141.073 Y192.447 E373.22593
G1 X141.116 Y192.7 E373.23447
G1 X141.678 Y196.186 E373.35191
G1 X141.687 Y196.319 E373.35635
G1 X141.882 Y199.967 E373.47785
G1 X141.882 Y200.031 E373.47998
G1 X141.68 Y203.812 E373.60592
G1 X141.075 Y207.552 E373.73193
G1 X141.071 Y207.557 E373.73214
G1 X140.076 Y211.204 E373.85787
G1 X140.07 Y211.209 E373.85813
G1 X138.694 Y214.738 E373.98411
G1 X138.687 Y214.746 E373.98447
G1 X136.972 Y218.041 E374.10802
G1 X136.94 Y218.095 E374.1101
G1 X134.879 Y221.205 E374.23419
G1 X134.841 Y221.257 E374.23634
G1 X132.464 Y224.123 E374.36018
G1 X132.42 Y224.17 E374.36232
G1 X129.749 Y226.77 E374.4863
G1 X129.701 Y226.812 E374.48842
G1 X126.772 Y229.113 E374.6123
G1 X126.719 Y229.149 E374.61443
G1 X123.525 Y231.148 E374.73976
G1 X120.115 Y232.802 E374.86581
G1 X116.591 Y234.076 E374.99045
G1 X116.529 Y234.095 E374.9926
G1 X112.849 Y234.99 E375.11857
G1 X109.122 Y235.487 E375.24363
G1 X105.368 Y235.588 E375.36853
G1 X105.304 Y235.587 E375.37066
G1 X101.561 Y235.286 E375.49555
G1 X99.912 Y234.977 E375.55135
G1 X97.836 Y234.585 E375.62162
G1 X94.235 Y233.5 E375.74671
G1 X94.175 Y233.479 E375.74882
G1 X90.721 Y232.02 E375.87353
G1 X90.684 Y232.002 E375.8749
G1 X87.41 Y230.186 E375.99942
G1 X87.373 Y230.163 E376.00087
G1 X84.308 Y228.01 E376.12545
G1 X84.272 Y227.981 E376.12699
G1 X81.455 Y225.516 E376.25149
G1 X80.819 Y224.83 E376.2826
G1 X78.889 Y222.737 E376.3773
G1 X78.401 Y222.084 E376.40441
G1 X76.626 Y219.696 E376.50337
G1 X76.275 Y219.104 E376.52626
G1 X74.701 Y216.433 E376.62938
G1 X74.466 Y215.92 E376.64815
G1 X73.136 Y212.986 E376.75529
G1 X72.995 Y212.568 E376.76996
G1 X71.944 Y209.393 E376.8812
G1 X71.872 Y209.069 E376.89224
G1 X71.14 Y205.69 E377.00723
G1 X71.116 Y205.496 E377.01373
G1 X70.735 Y201.929 E377.13305
G1 X70.732 Y201.855 E377.13551
G1 X70.732 Y198.137 E377.25917
M204 S3000
M205 X10 Y10
G0 F6000 X69.932 Y198.127
M204 S1800
M205 X8 Y8
G1 F3000 X69.932 Y201.875 E377.38383
G1 X70.318 Y205.6 E377.50839
G1 X71.076 Y209.237 E377.63195
G1 X72.222 Y212.84 E377.75771
G1 X73.724 Y216.273 E377.88234
G1 X75.57 Y219.535 E378.007
G1 X75.951 Y220.071 E378.02887
G1 X77.741 Y222.589 E378.13163
G1 X80.214 Y225.403 E378.25623
G1 X80.881 Y226.021 E378.28647
G1 X82.97 Y227.955 E378.38116
G1 X85.965 Y230.199 E378.50563
G1 X86.961 Y230.797 E378.54427
G1 X89.176 Y232.127 E378.6302
G1 X90.342 Y232.672 E378.67301
G1 X92.573 Y233.717 E378.75495
G1 X96.124 Y234.954 E378.88002
G1 X97.606 Y235.302 E378.93065
G1 X99.759 Y235.809 E379.00422
G1 X101.41 Y236.022 E379.05958
G1 X101.513 Y236.037 E379.06305
G1 X103.474 Y236.29 E379.12881
G1 X105.264 Y236.336 E379.18837
G1 X107.218 Y236.386 E379.25338
G1 X110.954 Y236.098 E379.37801
G1 X112.965 Y235.73 E379.446
G1 X114.642 Y235.425 E379.50269
G1 X118.227 Y234.381 E379.62689
G1 X120.361 Y233.514 E379.7035
G1 X121.69 Y232.975 E379.7512
G1 X121.729 Y232.956 E379.75264
G1 X123.879 Y231.814 E379.83361
G1 X123.938 Y231.78 E379.83588
G1 X125.021 Y231.204 E379.87667
G1 X127.131 Y229.784 E379.96126
G1 X128.13 Y229.112 E380.00131
G1 X131.006 Y226.712 E380.1259
G1 X132.959 Y224.709 E380.21894
G1 X133.623 Y224.028 E380.25058
G1 X135.947 Y221.089 E380.3752
G1 X137.958 Y217.928 E380.49981
G1 X139.635 Y214.575 E380.6245
G1 X140.963 Y211.055 E380.74963
G1 X141.911 Y207.444 E380.8738
G1 X142.487 Y203.74 E380.99848
G1 X142.68 Y199.979 E381.12373
G1 X142.488 Y196.258 E381.24766
G1 X141.911 Y192.555 E381.37231
G1 X140.96 Y188.945 E381.49647
G1 X139.635 Y185.424 E381.6216
G1 X137.959 Y182.071 E381.74628
G1 X135.948 Y178.91 E381.87088
G1 X135.5 Y178.345 E381.89487
G1 X133.621 Y175.97 E381.99559
G1 X133.03 Y175.364 E382.02375
G1 X131.006 Y173.288 E382.12018
G1 X130.259 Y172.664 E382.15255
G1 X128.128 Y170.885 E382.24488
G1 X127.218 Y170.274 E382.28134
G1 X125.021 Y168.796 E382.36941
G1 X123.936 Y168.219 E382.41028
G1 X121.711 Y167.034 E382.49413
G1 X120.459 Y166.524 E382.53909
G1 X118.227 Y165.615 E382.61925
G1 X116.823 Y165.209 E382.66786
G1 X114.642 Y164.576 E382.74339
G1 X113.068 Y164.289 E382.79661
G1 X110.954 Y163.903 E382.86808
G1 X109.232 Y163.77 E382.92552
G1 X107.198 Y163.614 E382.99337
G1 X103.474 Y163.709 E383.11727
G1 X99.759 Y164.191 E383.24187
G1 X96.123 Y165.05 E383.36613
G1 X94.005 Y165.785 E383.4407
G1 X92.553 Y166.292 E383.49185
G1 X90.437 Y167.283 E383.56957
G1 X89.176 Y167.873 E383.61587
G1 X87.051 Y169.149 E383.69831
G1 X85.965 Y169.801 E383.74044
G1 X82.971 Y172.046 E383.86491
G1 X80.959 Y173.908 E383.95609
G1 X80.214 Y174.597 E383.98984
G1 X78.33 Y176.741 E384.08477
G1 X77.741 Y177.411 E384.11444
G1 X75.999 Y179.859 E384.21437
G1 X75.583 Y180.448 E384.23836
G1 X75.56 Y180.484 E384.23978
G1 X73.725 Y183.728 E384.36374
G1 X72.429 Y186.69 E384.47127
G1 X72.223 Y187.161 E384.48837
G1 X71.078 Y190.744 E384.61348
G1 X70.371 Y194.144 E384.72898
G1 X70.316 Y194.42 E384.73834
G1 X69.945 Y197.993 E384.85782
G1 X69.932 Y198.127 E384.8623
M204 S3000
M205 X10 Y10
G0 F6000 X70.332 Y198.147
M204 S1800
M205 X8 Y8
G1 F3000 X70.332 Y201.855 E384.98563
G1 F3030.3 X70.341 Y201.971 E384.98946
G1 F3053.4 X70.394 Y202.48 E385.00618
G1 F3038 X70.448 Y202.989 E385.02299
G1 F3022.7 X70.501 Y203.498 E385.03989
G1 F3007.5 X70.555 Y204.008 E385.0569
G1 F2992.5 X70.608 Y204.517 E385.07396
G1 F2977.7 X70.662 Y205.026 E385.09112
G1 F2963 X70.715 Y205.536 E385.10838
G1 F3022.7 X70.756 Y205.776 E385.11642
G1 F3076.9 X70.875 Y206.339 E385.13508
G1 F3045.7 X70.995 Y206.902 E385.15394
G1 F3015.1 X71.115 Y207.466 E385.17302
G1 F2977.7 X71.235 Y208.029 E385.19231
G1 F2948.4 X71.354 Y208.593 E385.21182
G1 F2919.7 X71.474 Y209.156 E385.23149
G1 F3015.1 X71.575 Y209.521 E385.24403
G1 F3116.9 X71.746 Y210.049 E385.26179
G1 F3069.1 X71.918 Y210.578 E385.27988
G1 F3022.7 X72.09 Y211.107 E385.29824
G1 F2970.3 X72.261 Y211.636 E385.31692
G1 F2926.8 X72.433 Y212.165 E385.33588
G1 F2884.6 X72.605 Y212.694 E385.35512
G1 F3007.5 X72.785 Y213.154 E385.37151
G1 F3149.6 X73.002 Y213.642 E385.38843
G1 F3084.8 X73.22 Y214.131 E385.40575
G1 F3030.3 X73.438 Y214.62 E385.42338
G1 F2977.7 X73.655 Y215.109 E385.4413
G1 F2919.7 X73.873 Y215.598 E385.4596
G1 F2870.8 X74.091 Y216.087 E385.47821
G1 F3007.5 X74.324 Y216.545 E385.49526
G1 F3208.6 X74.374 Y216.638 E385.49854
G1 F3191.5 X74.631 Y217.083 E385.51461
G1 F3116.9 X74.889 Y217.529 E385.5311
G1 F3045.7 X75.146 Y217.975 E385.54796
G1 F2977.7 X75.404 Y218.421 E385.56523
G1 F2912.6 X75.661 Y218.867 E385.58286
G1 F2850.4 X75.919 Y219.313 E385.6009
G1 F3007.5 X76.266 Y219.848 E385.62206
G1 F3234.5 X76.325 Y219.935 E385.6253
G1 F3191.5 X76.673 Y220.413 E385.64379
G1 F3092.8 X77.021 Y220.892 E385.66289
G1 F2992.5 X77.369 Y221.371 E385.68263
G1 F2905.6 X77.717 Y221.85 E385.70296
G1 F2823.5 X78.065 Y222.329 E385.72388
G1 F2992.5 X78.549 Y222.928 E385.74956
G1 F3260.9 X78.617 Y223.007 E385.75275
G1 F3225.8 X78.995 Y223.427 E385.77023
G1 F3108.8 X79.374 Y223.848 E385.78841
G1 F3000 X79.753 Y224.269 E385.80725
G1 F2905.6 X80.132 Y224.689 E385.82668
G1 F2810.3 X80.511 Y225.11 E385.84679
G1 F3007.5 X81.141 Y225.741 E385.87637
G1 F3305.8 X81.217 Y225.814 E385.87956
G1 F3252 X81.621 Y226.177 E385.89622
G1 F3125 X82.025 Y226.541 E385.91358
G1 F3000 X82.43 Y226.905 E385.93169
G1 F2891.6 X82.834 Y227.269 E385.95046
G1 F2790.7 X83.238 Y227.633 E385.9699
G1 F2864 X83.63 Y227.95 E385.98747
G1 F3149.6 X84.022 Y228.268 E386.00346
G1 F3333.3 X84.105 Y228.331 E386.00658
G1 F3278.7 X84.523 Y228.634 E386.02229
G1 F3141.4 X84.942 Y228.938 E386.03873
G1 F3007.5 X85.36 Y229.242 E386.05588
G1 F2891.6 X85.779 Y229.545 E386.07372
G1 F2784.2 X86.198 Y229.849 E386.09227
G1 F2864 X86.677 Y230.161 E386.11219
G1 F3174.6 X87.156 Y230.473 E386.13016
G1 F3361.3 X87.245 Y230.527 E386.13325
G1 F3278.7 X87.777 Y230.833 E386.15193
G1 F3092.8 X88.309 Y231.14 E386.17174
G1 F2934 X88.841 Y231.447 E386.19263
G1 F2784.2 X89.373 Y231.754 E386.21464
G1 F2857.1 X89.938 Y232.043 E386.23681
G1 F3191.5 X90.502 Y232.331 E386.25661
G1 F3399.4 X90.596 Y232.376 E386.25966
G1 F3305.8 X91.129 Y232.613 E386.27727
G1 F3108.8 X91.663 Y232.85 E386.29602
G1 F2934 X92.197 Y233.088 E386.3159
G1 F2777.8 X92.731 Y233.325 E386.33689
G1 F2850.4 X93.38 Y233.576 E386.36125
G1 F3191.5 X94.029 Y233.826 E386.38299
G1 F3399.4 X94.127 Y233.86 E386.38604
G1 F3296.7 X94.655 Y234.031 E386.40284
G1 F3092.8 X95.184 Y234.203 E386.42078
G1 F2912.6 X95.713 Y234.375 E386.43984
G1 F2752.3 X96.242 Y234.547 E386.46001
G1 F2777.8 X96.725 Y234.676 E386.47796
G1 F2992.5 X97.208 Y234.806 E386.49464
G1 F3252 X97.691 Y234.935 E386.50998
G1 F3399.4 X97.793 Y234.96 E386.51306
G1 F3305.8 X98.303 Y235.068 E386.5288
G1 F3100.8 X98.814 Y235.176 E386.54561
G1 F2926.8 X99.325 Y235.284 E386.56341
G1 F2765 X99.835 Y235.392 E386.58222
G1 F2790.7 X100.375 Y235.478 E386.60177
G1 F3007.5 X100.916 Y235.564 E386.61995
G1 F3269.8 X101.458 Y235.65 E386.63669
G1 F3399.4 X101.561 Y235.664 E386.63975
G1 F3252 X102.209 Y235.731 E386.65973
G1 F2992.5 X102.858 Y235.799 E386.68149
G1 F2777.8 X103.506 Y235.867 E386.7049
G1 X104.095 Y235.898 E386.72608
G1 F3000 X104.684 Y235.929 E386.7457
G1 F3260.9 X105.274 Y235.961 E386.76378
G1 F3409.1 X105.378 Y235.964 E386.76683
G1 F3269.8 X105.988 Y235.964 E386.78544
G1 F3007.5 X106.598 Y235.964 E386.80568
G1 F2790.7 X107.208 Y235.963 E386.82749
G1 X107.838 Y235.931 E386.85004
G1 F3007.5 X108.468 Y235.898 E386.87097
G1 F3269.8 X109.099 Y235.865 E386.89026
G1 F3409.1 X109.203 Y235.856 E386.89331
G1 F3260.9 X109.768 Y235.797 E386.91069
G1 F3000 X110.334 Y235.737 E386.92963
G1 F2777.8 X110.9 Y235.677 E386.95007
G1 F2758.6 X111.399 Y235.598 E386.96834
G1 F2919.7 X111.899 Y235.519 E386.98564
G1 F3108.8 X112.399 Y235.44 E387.00189
G1 F3314.9 X112.899 Y235.361 E387.01713
G1 F3418.8 X113.001 Y235.342 E387.02016
G1 F3269.8 X113.515 Y235.233 E387.03619
G1 F3007.5 X114.03 Y235.123 E387.05366
G1 F2790.7 X114.545 Y235.013 E387.07249
G1 F2765 X115.063 Y234.875 E387.09184
G1 F2926.8 X115.581 Y234.736 E387.11012
G1 F3108.8 X116.099 Y234.598 E387.12733
G1 F3314.9 X116.617 Y234.459 E387.14347
G1 F3418.8 X116.718 Y234.429 E387.14654
G1 F3200 X117.403 Y234.206 E387.16901
G1 F2850.4 X118.089 Y233.982 E387.19427
G1 F2777.8 X118.622 Y233.778 E387.21477
G1 F2926.8 X119.155 Y233.574 E387.23423
G1 F3100.8 X119.688 Y233.369 E387.2526
G1 F3287.7 X120.221 Y233.165 E387.26992
G1 F3380.3 X120.315 Y233.126 E387.27293
G1 F3174.6 X120.923 Y232.855 E387.29385
G1 F2843.6 X121.532 Y232.584 E387.31724
G1 F2771.4 X122.066 Y232.313 E387.3388
G1 F2919.7 X122.6 Y232.041 E387.35928
G1 F3084.8 X123.134 Y231.77 E387.37865
G1 F3269.8 X123.668 Y231.498 E387.39694
G1 F3370.8 X123.761 Y231.447 E387.40008
G1 F3183 X124.283 Y231.145 E387.41898
G1 F2857.1 X124.805 Y230.843 E387.44004
G1 F2771.4 X125.227 Y230.569 E387.45816
G1 F2884.6 X125.65 Y230.295 E387.47559
G1 F3000 X126.073 Y230.02 E387.49237
G1 F3133.2 X126.496 Y229.746 E387.50842
G1 F3278.7 X126.919 Y229.471 E387.52378
G1 F3342.6 X127.006 Y229.411 E387.52693
G1 F3166.2 X127.442 Y229.094 E387.54392
G1 F2870.8 X127.878 Y228.777 E387.56265
G1 F2790.7 X128.289 Y228.445 E387.58155
G1 F2891.6 X128.7 Y228.112 E387.5998
G1 F3000 X129.111 Y227.779 E387.61739
G1 F3125 X129.523 Y227.446 E387.63431
G1 F3252 X129.934 Y227.113 E387.65054
G1 F3149.6 X130.329 Y226.758 E387.66736
G1 F2864 X130.722 Y226.405 E387.68577
G1 F2790.7 X131.114 Y226.013 E387.70559
G1 F2891.6 X131.507 Y225.621 E387.72474
G1 F2992.5 X131.899 Y225.229 E387.74323
G1 F3108.8 X132.292 Y224.836 E387.76107
G1 F3234.5 X132.685 Y224.444 E387.77819
G1 F3007.5 X133.31 Y223.753 E387.8091
G1 F2810.3 X133.675 Y223.303 E387.82967
G1 F2905.6 X134.04 Y222.852 E387.8496
G1 F3000 X134.405 Y222.401 E387.8689
G1 F3108.8 X134.771 Y221.951 E387.88751
G1 F3225.8 X135.136 Y221.5 E387.90546
G1 F3030.3 X135.61 Y220.85 E387.93195
G1 F2850.4 X135.885 Y220.427 E387.94961
G1 F2912.6 X136.16 Y220.003 E387.96692
G1 F2977.7 X136.435 Y219.58 E387.98383
G1 F3045.7 X136.71 Y219.156 E388.00039
G1 F3116.9 X136.985 Y218.733 E388.01654
G1 F3191.5 X137.26 Y218.309 E388.03234
G1 F3022.7 X137.6 Y217.726 E388.05462
G1 F2877.7 X137.838 Y217.26 E388.07276
G1 F2934 X138.076 Y216.793 E388.09059
G1 F2992.5 X138.314 Y216.326 E388.10806
G1 F3061.2 X138.552 Y215.859 E388.12515
G1 F3125 X138.79 Y215.392 E388.14188
G1 F3191.5 X139.028 Y214.925 E388.15827
G1 F3038 X139.26 Y214.411 E388.17679
G1 F2891.6 X139.455 Y213.902 E388.1956
G1 F2934 X139.651 Y213.392 E388.21418
G1 F2977.7 X139.846 Y212.882 E388.23248
G1 F3022.7 X140.042 Y212.372 E388.25052
G1 F3069.1 X140.238 Y211.862 E388.26828
G1 F3116.9 X140.433 Y211.352 E388.28576
G1 F3000 X140.573 Y210.931 E388.30051
G1 F2891.6 X140.718 Y210.387 E388.31994
G1 F2934 X140.864 Y209.842 E388.33913
G1 F2977.7 X141.01 Y209.297 E388.35804
G1 F3015.1 X141.156 Y208.752 E388.37671
G1 F3061.2 X141.302 Y208.207 E388.3951
G1 F3108.8 X141.448 Y207.662 E388.41321
G1 F3030.3 X141.515 Y207.362 E388.42333
G1 F2955.7 X141.593 Y206.865 E388.44031
G1 F2977.7 X141.672 Y206.367 E388.45721
G1 F3000 X141.751 Y205.869 E388.47398
G1 F3015.1 X141.83 Y205.371 E388.49067
G1 F3038 X141.909 Y204.873 E388.50723
G1 F3061.2 X141.988 Y204.375 E388.52366
G1 F3084.8 X142.067 Y203.877 E388.53997
G1 F3038 X142.088 Y203.699 E388.54586
G1 F2992.5 X142.151 Y202.484 E388.58643
G1 F3007.5 X142.215 Y201.268 E388.62683
G1 F3022.7 X142.279 Y200.052 E388.66702
G1 F3030.3 X142.28 Y199.947 E388.67048
G1 F3022.7 X142.233 Y199.036 E388.70059
G1 F3007.5 X142.185 Y198.124 E388.73089
G1 F2992.5 X142.137 Y197.212 E388.76134
G1 F2977.7 X142.089 Y196.3 E388.79195
G1 F3022.7 X142.068 Y196.125 E388.79776
G1 F3069.1 X141.99 Y195.628 E388.81412
G1 F3053.4 X141.911 Y195.13 E388.8306
G1 F3030.3 X141.832 Y194.632 E388.8472
G1 F3007.5 X141.753 Y194.134 E388.86393
G1 F2992.5 X141.674 Y193.636 E388.88074
G1 F2970.3 X141.595 Y193.138 E388.89768
G1 F2955.7 X141.516 Y192.64 E388.9147
G1 F3022.7 X141.449 Y192.339 E388.92488
G1 F3092.8 X141.303 Y191.795 E388.94305
G1 F3053.4 X141.157 Y191.25 E388.96149
G1 F3015.1 X141.011 Y190.705 E388.98016
G1 F2977.7 X140.865 Y190.16 E388.99907
G1 F2941.2 X140.719 Y189.615 E389.01821
G1 F2905.6 X140.573 Y189.07 E389.03759
G1 F3015.1 X140.432 Y188.647 E389.05234
G1 F3133.2 X140.237 Y188.138 E389.0697
G1 F3076.9 X140.041 Y187.628 E389.08742
G1 F3030.3 X139.846 Y187.118 E389.1054
G1 F2977.7 X139.65 Y186.608 E389.12371
G1 F2926.8 X139.455 Y186.098 E389.14232
G1 F2884.6 X139.259 Y185.588 E389.16122
G1 F3030.3 X139.036 Y185.089 E389.17922
G1 F3217.2 X139.029 Y185.077 E389.17965
G1 F3174.6 X138.791 Y184.611 E389.19609
G1 F3108.8 X138.553 Y184.144 E389.21292
G1 F3045.7 X138.315 Y183.677 E389.23009
G1 F2977.7 X138.077 Y183.21 E389.24765
G1 F2919.7 X137.839 Y182.743 E389.26557
G1 F2864 X137.601 Y182.276 E389.28383
G1 F3007.5 X137.316 Y181.78 E389.30281
G1 F3225.8 X137.261 Y181.69 E389.30607
G1 F3208.6 X136.986 Y181.267 E389.32176
G1 F3125 X136.711 Y180.844 E389.33787
G1 F3045.7 X136.436 Y180.42 E389.35443
G1 F2977.7 X136.16 Y179.997 E389.37135
G1 F2905.6 X135.885 Y179.573 E389.38871
G1 F2836.9 X135.61 Y179.15 E389.40645
G1 F3015.1 X135.199 Y178.583 E389.42963
G1 F3269.8 X135.135 Y178.499 E389.43285
G1 F3225.8 X134.77 Y178.049 E389.45077
G1 F3108.8 X134.405 Y177.598 E389.46939
G1 F3000 X134.04 Y177.148 E389.48867
G1 F2905.6 X133.674 Y176.697 E389.50861
G1 F2810.3 X133.309 Y176.246 E389.52921
G1 F3000 X132.756 Y175.631 E389.55672
G1 F3287.7 X132.684 Y175.555 E389.5599
G1 F3234.5 X132.292 Y175.163 E389.577
G1 F3108.8 X131.899 Y174.771 E389.59481
G1 F2992.5 X131.506 Y174.379 E389.61332
G1 F2891.6 X131.114 Y173.986 E389.63248
G1 F2790.7 X130.721 Y173.594 E389.65232
G1 F2992.5 X130.014 Y172.956 E389.68408
G1 F3305.8 X129.935 Y172.888 E389.68722
G1 F3252 X129.524 Y172.555 E389.70345
G1 F3116.9 X129.112 Y172.221 E389.72043
G1 F2992.5 X128.7 Y171.888 E389.7381
G1 F2884.6 X128.288 Y171.554 E389.75644
G1 F2777.8 X127.876 Y171.221 E389.77547
G1 F2857.1 X127.441 Y170.905 E389.79425
G1 F3157.9 X127.006 Y170.589 E389.81124
G1 F3333.3 X126.92 Y170.529 E389.81437
G1 F3260.9 X126.498 Y170.255 E389.82977
G1 F3125 X126.075 Y169.981 E389.84586
G1 F3000 X125.652 Y169.707 E389.86263
G1 F2884.6 X125.229 Y169.432 E389.88008
G1 F2777.8 X124.806 Y169.158 E389.89818
G1 F2864 X124.282 Y168.855 E389.91927
G1 F3183 X123.759 Y168.552 E389.93822
G1 F3370.8 X123.667 Y168.502 E389.94132
G1 F3269.8 X123.134 Y168.231 E389.95956
G1 F3084.8 X122.6 Y167.959 E389.97895
G1 F2919.7 X122.066 Y167.688 E389.99941
G1 F2771.4 X121.532 Y167.416 E390.02099
G1 F2843.6 X120.925 Y167.145 E390.04432
G1 F3174.6 X120.317 Y166.874 E390.06524
G1 F3370.8 X120.221 Y166.834 E390.06832
G1 F3269.8 X119.688 Y166.63 E390.08573
G1 F3084.8 X119.155 Y166.425 E390.1042
G1 F2912.6 X118.622 Y166.22 E390.12377
G1 F2765 X118.088 Y166.015 E390.14441
G1 F2836.9 X117.403 Y165.793 E390.16974
G1 F3183 X116.718 Y165.57 E390.19232
G1 F3399.4 X116.618 Y165.54 E390.19538
G1 F3305.8 X116.1 Y165.402 E390.21156
G1 F3108.8 X115.582 Y165.264 E390.22877
G1 F2934 X115.064 Y165.126 E390.247
G1 F2777.8 X114.546 Y164.988 E390.26626
G1 F2803.7 X114.031 Y164.878 E390.285
G1 F3022.7 X113.516 Y164.768 E390.30238
G1 F3287.7 X113.001 Y164.658 E390.31836
G1 F3428.6 X112.898 Y164.639 E390.32141
G1 F3314.9 X112.399 Y164.56 E390.33662
G1 F3108.8 X111.899 Y164.481 E390.35287
G1 F2926.8 X111.399 Y164.402 E390.37012
G1 F2765 X110.899 Y164.323 E390.38839
G1 F2790.7 X110.335 Y164.264 E390.40867
G1 F3007.5 X109.769 Y164.204 E390.42755
G1 F3269.8 X109.203 Y164.144 E390.44492
G1 F3409.1 X109.1 Y164.136 E390.44794
G1 F3269.8 X108.47 Y164.104 E390.46719
G1 F3007.5 X107.84 Y164.071 E390.48812
G1 F2790.7 X107.209 Y164.038 E390.51071
G1 X106.598 Y164.037 E390.53256
G1 F3007.5 X105.988 Y164.037 E390.5528
G1 F3269.8 X105.378 Y164.036 E390.57141
G1 F3409.1 X105.274 Y164.039 E390.57446
G1 F3260.9 X104.685 Y164.07 E390.59251
G1 F2992.5 X104.096 Y164.101 E390.61217
G1 F2771.4 X103.506 Y164.133 E390.63345
G1 F2765 X102.858 Y164.2 E390.65696
G1 F2985.1 X102.209 Y164.268 E390.67877
G1 F3243.2 X101.561 Y164.336 E390.69881
G1 F3399.4 X101.458 Y164.35 E390.70187
G1 F3260.9 X100.917 Y164.436 E390.71863
G1 F3000 X100.376 Y164.522 E390.73685
G1 F2777.8 X99.835 Y164.608 E390.75652
G1 F2758.6 X99.325 Y164.716 E390.77538
G1 F2919.7 X98.814 Y164.824 E390.79323
G1 F3108.8 X98.303 Y164.932 E390.80999
G1 F3314.9 X97.793 Y165.041 E390.82569
G1 F3418.8 X97.692 Y165.065 E390.82872
G1 F3269.8 X97.209 Y165.195 E390.84398
G1 F3015.1 X96.725 Y165.325 E390.86057
G1 F2803.7 X96.241 Y165.455 E390.8784
G1 F2777.8 X95.713 Y165.626 E390.89834
G1 F2934 X95.185 Y165.797 E390.91722
G1 F3108.8 X94.657 Y165.968 E390.93503
G1 F3305.8 X94.129 Y166.139 E390.95178
G1 F3409.1 X94.03 Y166.175 E390.95486
G1 F3200 X93.381 Y166.424 E390.97654
G1 F2850.4 X92.731 Y166.674 E391.00092
G1 F2777.8 X92.198 Y166.911 E391.02187
G1 F2934 X91.664 Y167.149 E391.04175
G1 F3108.8 X91.13 Y167.386 E391.06051
G1 F3305.8 X90.596 Y167.624 E391.07815
G1 F3399.4 X90.502 Y167.669 E391.08121
G1 F3191.5 X89.938 Y167.957 E391.10101
G1 F2857.1 X89.374 Y168.245 E391.12313
G1 F2784.2 X88.842 Y168.551 E391.14512
G1 F2934 X88.31 Y168.858 E391.16601
G1 F3092.8 X87.778 Y169.165 E391.18583
G1 F3278.7 X87.246 Y169.472 E391.20452
G1 F3361.3 X87.156 Y169.527 E391.20765
G1 F3174.6 X86.678 Y169.838 E391.22557
G1 F2864 X86.199 Y170.15 E391.24549
G1 F2784.2 X85.781 Y170.453 E391.26399
G1 F2891.6 X85.362 Y170.757 E391.28185
G1 F3007.5 X84.944 Y171.061 E391.299
G1 F3141.4 X84.525 Y171.364 E391.31543
G1 F3278.7 X84.106 Y171.668 E391.33118
G1 F3342.6 X84.022 Y171.733 E391.33435
G1 F3166.2 X83.631 Y172.05 E391.35021
G1 F2877.7 X83.239 Y172.367 E391.36769
G1 F2803.7 X82.835 Y172.731 E391.38705
G1 F2905.6 X82.431 Y173.095 E391.40572
G1 F3015.1 X82.026 Y173.459 E391.42374
G1 F3141.4 X81.622 Y173.823 E391.44102
G1 F3269.8 X81.217 Y174.187 E391.45763
G1 F3022.7 X80.513 Y174.888 E391.49043
G1 F2810.3 X80.135 Y175.308 E391.51049
G1 F2905.6 X79.756 Y175.729 E391.52994
G1 F3000 X79.377 Y176.15 E391.54878
G1 F3108.8 X78.998 Y176.57 E391.56694
G1 F3225.8 X78.619 Y176.991 E391.58446
G1 F3007.5 X78.067 Y177.669 E391.61347
G1 F2823.5 X77.719 Y178.147 E391.63436
G1 F2905.6 X77.371 Y178.626 E391.6547
G1 F2992.5 X77.023 Y179.105 E391.67444
G1 F3092.8 X76.675 Y179.584 E391.69354
G1 F3191.5 X76.327 Y180.063 E391.71205
G1 F3015.1 X75.919 Y180.687 E391.73672
G1 F2850.4 X75.662 Y181.132 E391.75471
G1 F2912.6 X75.404 Y181.578 E391.77236
G1 F2977.7 X75.147 Y182.024 E391.78961
G1 F3045.7 X74.889 Y182.47 E391.80649
G1 F3116.9 X74.632 Y182.916 E391.82297
G1 F3191.5 X74.374 Y183.362 E391.83908
G1 F3030.3 X74.092 Y183.911 E391.8594
G1 F2884.6 X73.875 Y184.399 E391.87788
G1 F2934 X73.657 Y184.888 E391.89608
G1 F2985.1 X73.439 Y185.377 E391.91398
G1 F3038 X73.222 Y185.866 E391.93155
G1 F3092.8 X73.004 Y186.355 E391.94883
G1 F3149.6 X72.786 Y186.844 E391.96579
G1 F3015.1 X72.606 Y187.305 E391.98216
G1 F2891.6 X72.434 Y187.833 E392.00133
G1 F2934 X72.262 Y188.362 E392.02024
G1 F2977.7 X72.09 Y188.891 E392.03888
G1 F3015.1 X71.918 Y189.42 E392.05729
G1 F3061.2 X71.746 Y189.949 E392.07542
G1 F3108.8 X71.574 Y190.478 E392.09328
G1 F3007.5 X71.472 Y190.847 E392.10598
G1 F2919.7 X71.353 Y191.409 E392.12561
G1 F2948.4 X71.234 Y191.972 E392.14509
G1 F2977.7 X71.115 Y192.534 E392.16434
G1 F3015.1 X70.995 Y193.097 E392.18339
G1 F3045.7 X70.876 Y193.659 E392.20221
G1 F3076.9 X70.757 Y194.222 E392.22087
G1 F3030.3 X70.716 Y194.461 E392.22885
G1 F2977.7 X70.622 Y195.354 E392.25894
G1 F2992.5 X70.528 Y196.247 E392.28888
G1 F3007.5 X70.434 Y197.14 E392.31867
G1 F3022.7 X70.339 Y198.034 E392.34835
G1 F3015.1 X70.332 Y198.147 E392.3521
M204 S3000
M205 X10 Y10
G0 F6000 X70.322 Y198.149
;MESH:NONMESH
G0 F600 X70.322 Y198.149 Z1.8
G0 F6000 X69.532 Y198.107
;TIME_ELAPSED:259.332754
;LAYER:8
M204 S1800
M205 X8 Y8
;TYPE:WALL-OUTER
;MESH:15_4_1.stl
G1 F3000 X69.532 Y201.895 E392.47809
G1 X69.922 Y205.662 E392.60405
G1 X70.685 Y209.319 E392.7283
G1 X70.822 Y209.76 E392.74366
G1 X71.848 Y212.981 E392.85609
G1 X73.366 Y216.452 E392.98209
G1 X75.232 Y219.75 E393.10813
G1 X77.427 Y222.838 E393.23414
G1 X79.927 Y225.683 E393.36011
G1 X82.713 Y228.263 E393.4864
G1 X83.554 Y228.892 E393.52133
G1 X85.741 Y230.531 E393.61223
G1 X86.755 Y231.14 E393.65157
G1 X88.988 Y232.481 E393.7382
G1 X90.172 Y233.034 E393.78167
G1 X92.422 Y234.088 E393.86431
G1 X96.012 Y235.339 E393.99075
G1 X99.687 Y236.203 E394.11632
G1 X103.443 Y236.69 E394.24229
G1 X107.228 Y236.787 E394.36822
G1 X111.006 Y236.495 E394.49425
G1 X114.734 Y235.815 E394.62029
G1 X118.359 Y234.759 E394.74587
G1 X121.881 Y233.329 E394.8723
G1 X125.227 Y231.548 E394.99837
G1 X127.354 Y230.116 E395.08365
G1 X128.37 Y229.433 E395.12437
G1 X131.278 Y227.006 E395.25035
G1 X133.924 Y224.292 E395.37642
G1 X136.274 Y221.321 E395.50241
G1 X138.307 Y218.126 E395.62837
G1 X140.002 Y214.735 E395.75446
G1 X141.345 Y211.177 E395.88094
G1 X142.303 Y207.526 E396.00649
G1 X142.886 Y203.781 E396.13255
G1 X143.081 Y199.998 E396.25854
G1 X142.889 Y196.259 E396.38306
G1 X142.853 Y196.001 E396.39173
G1 X142.303 Y192.473 E396.51048
G1 X141.342 Y188.823 E396.63602
G1 X140.002 Y185.264 E396.76251
G1 X138.307 Y181.874 E396.88857
G1 X136.274 Y178.678 E397.01455
G1 X133.922 Y175.706 E397.14061
G1 X131.278 Y172.994 E397.26658
G1 X128.368 Y170.565 E397.39266
G1 X125.227 Y168.452 E397.51857
G1 X121.881 Y166.671 E397.64464
G1 X120.61 Y166.154 E397.69028
G1 X118.359 Y165.237 E397.77112
G1 X114.734 Y164.186 E397.89665
G1 X111.006 Y163.505 E398.0227
G1 X107.228 Y163.213 E398.14873
G1 X103.443 Y163.31 E398.27466
G1 X99.687 Y163.797 E398.40063
G1 X96.052 Y164.655 E398.52485
G1 X95.972 Y164.679 E398.52763
G1 X92.422 Y165.912 E398.65262
G1 X88.988 Y167.519 E398.77873
G1 X85.741 Y169.469 E398.9047
G1 X82.715 Y171.738 E399.0305
G1 X79.927 Y174.317 E399.15682
G1 X78.029 Y176.477 E399.25245
G1 X77.427 Y177.162 E399.28278
G1 X75.673 Y179.627 E399.38341
G1 X75.257 Y180.216 E399.40739
G1 X75.212 Y180.286 E399.41016
G1 X73.366 Y183.548 E399.53482
G1 X72.063 Y186.529 E399.64303
G1 X71.848 Y187.019 E399.66083
G1 X70.69 Y190.642 E399.78733
G1 X69.922 Y194.338 E399.91289
G1 X69.532 Y198.107 E400.03891
M204 S3000
M205 X10 Y10
G0 F6000 X69.532 Y198.307
G0 X70.042 Y198.307
G0 X71.132 Y198.137
M204 S1800
M205 X8 Y8
G1 F3000 X71.513 Y194.547 E400.15899
G1 X71.532 Y194.391 E400.16422
G1 X72.32 Y190.747 E400.28822
G1 X73.502 Y187.174 E400.41339
G1 X75.049 Y183.764 E400.53793
G1 X76.955 Y180.533 E400.6627
G1 X79.192 Y177.524 E400.78741
G1 X81.731 Y174.774 E400.9119
G1 X84.552 Y172.307 E401.03654
G1 X87.622 Y170.153 E401.16127
G1 X89.772 Y168.963 E401.24301
G1 X90.891 Y168.342 E401.28557
G1 X94.352 Y166.883 E401.4105
G1 X97.936 Y165.803 E401.53499
G1 X101.623 Y165.11 E401.65977
G1 X105.358 Y164.812 E401.78439
G1 X109.09 Y164.912 E401.90856
G1 X112.796 Y165.407 E402.03292
G1 X116.442 Y166.296 E402.15774
G1 X119.965 Y167.568 E402.28232
G1 X123.347 Y169.212 E402.40739
G1 X126.512 Y171.193 E402.53158
G1 X129.458 Y173.506 E402.65616
G1 X132.154 Y176.131 E402.78131
G1 X134.545 Y179.016 E402.90593
G1 X136.618 Y182.142 E403.03069
G1 X138.339 Y185.459 E403.15498
G1 X139.703 Y188.954 E403.27976
G1 X140.69 Y192.569 E403.4044
G1 X141.284 Y196.268 E403.529
G1 X141.482 Y200.01 E403.65364
G1 X141.282 Y203.751 E403.77824
G1 X140.687 Y207.45 E403.90285
G1 X139.793 Y210.718 E404.01554
G1 X139.698 Y211.064 E404.02747
G1 X138.334 Y214.558 E404.15223
G1 X136.608 Y217.871 E404.27647
G1 X134.533 Y221.001 E404.40138
G1 X132.141 Y223.883 E404.52595
G1 X129.454 Y226.497 E404.65063
G1 X126.507 Y228.81 E404.77523
G1 X123.33 Y230.797 E404.89987
G1 X119.956 Y232.435 E405.02461
G1 X116.434 Y233.706 E405.14915
G1 X112.796 Y234.593 E405.27369
G1 X109.09 Y235.088 E405.39805
G1 X105.336 Y235.188 E405.52295
G1 X101.613 Y234.889 E405.64718
G1 X97.928 Y234.195 E405.7719
G1 X94.343 Y233.114 E405.89644
G1 X90.878 Y231.652 E406.02152
G1 X87.603 Y229.835 E406.14609
G1 X84.548 Y227.69 E406.27024
G1 X81.715 Y225.211 E406.39545
G1 X79.189 Y222.473 E406.51935
G1 X76.943 Y219.449 E406.64464
G1 X75.041 Y216.22 E406.76928
G1 X73.502 Y212.826 E406.89323
G1 X72.32 Y209.253 E407.0184
G1 X71.529 Y205.588 E407.14311
G1 X71.133 Y201.887 E407.26691
G1 X71.132 Y198.137 E407.39163
M204 S3000
M205 X10 Y10
G0 F6000 X71.153 Y197.939
G0 X70.732 Y198.137
M204 S1800
M205 X8 Y8
;TYPE:WALL-INNER
G1 F3000 X70.735 Y198.075 E407.3937
G1 X71.115 Y194.504 E407.51314
G1 X71.141 Y194.307 E407.51975
G1 X71.929 Y190.663 E407.64375
G1 X71.946 Y190.601 E407.64589
G1 X73.116 Y187.066 E407.76974
G1 X73.139 Y187.006 E407.77187
G1 X74.677 Y183.615 E407.89572
G1 X74.706 Y183.558 E407.89784
G1 X76.598 Y180.348 E408.02177
G1 X76.634 Y180.294 E408.02393
G1 X78.888 Y177.263 E408.14956
G1 X81.421 Y174.518 E408.27379
G1 X81.467 Y174.473 E408.27593
G1 X84.272 Y172.019 E408.39989
G1 X84.322 Y171.979 E408.40202
G1 X87.409 Y169.814 E408.52743
G1 X90.684 Y167.998 E408.65198
G1 X90.742 Y167.97 E408.65413
G1 X94.176 Y166.521 E408.77809
G1 X94.236 Y166.5 E408.78021
G1 X97.835 Y165.415 E408.90523
G1 X101.561 Y164.714 E409.03133
G1 X105.336 Y164.412 E409.15729
G1 X107.197 Y164.46 E409.21921
G1 X109.121 Y164.513 E409.28322
G1 X112.849 Y165.01 E409.40832
G1 X112.912 Y165.022 E409.41045
G1 X116.554 Y165.912 E409.53515
G1 X117.944 Y166.412 E409.58428
G1 X120.116 Y167.198 E409.6611
G1 X121.348 Y167.795 E409.70664
G1 X123.523 Y168.851 E409.78705
G1 X126.735 Y170.861 E409.91308
G1 X126.772 Y170.887 E409.91458
G1 X129.714 Y173.198 E410.03901
G1 X132.429 Y175.839 E410.16499
G1 X134.849 Y178.754 E410.291
G1 X135.265 Y179.378 E410.31594
G1 X136.947 Y181.912 E410.4171
G1 X137.235 Y182.463 E410.43778
G1 X138.69 Y185.262 E410.5427
G1 X138.877 Y185.736 E410.55965
G1 X140.069 Y188.788 E410.66863
G1 X140.179 Y189.176 E410.68204
G1 X141.073 Y192.447 E410.79483
G1 X141.116 Y192.7 E410.80336
G1 X141.678 Y196.186 E410.9208
G1 X141.687 Y196.319 E410.92524
G1 X141.882 Y199.967 E411.04674
G1 X141.882 Y200.031 E411.04887
G1 X141.68 Y203.812 E411.17481
G1 X141.075 Y207.552 E411.30082
G1 X141.071 Y207.557 E411.30103
G1 X140.076 Y211.204 E411.42676
G1 X140.07 Y211.209 E411.42702
G1 X138.694 Y214.738 E411.55301
G1 X138.687 Y214.746 E411.55336
G1 X136.972 Y218.041 E411.67691
G1 X136.94 Y218.095 E411.679
G1 X134.879 Y221.205 E411.80309
G1 X134.841 Y221.257 E411.80523
G1 X132.464 Y224.123 E411.92907
G1 X132.42 Y224.17 E411.93121
G1 X129.749 Y226.77 E412.05519
G1 X129.701 Y226.812 E412.05731
G1 X126.772 Y229.113 E412.1812
G1 X126.719 Y229.149 E412.18333
G1 X123.525 Y231.148 E412.30865
G1 X120.115 Y232.802 E412.43471
G1 X116.591 Y234.076 E412.55934
G1 X116.529 Y234.095 E412.56149
G1 X112.849 Y234.99 E412.68746
G1 X109.122 Y235.487 E412.81252
G1 X105.368 Y235.588 E412.93742
G1 X105.304 Y235.587 E412.93955
G1 X101.561 Y235.286 E413.06445
G1 X99.912 Y234.977 E413.12025
G1 X97.836 Y234.585 E413.19051
G1 X94.235 Y233.5 E413.3156
G1 X94.175 Y233.479 E413.31772
G1 X90.721 Y232.02 E413.44243
G1 X90.684 Y232.002 E413.44379
G1 X87.41 Y230.186 E413.56832
G1 X87.373 Y230.163 E413.56977
G1 X84.308 Y228.01 E413.69435
G1 X84.272 Y227.981 E413.69588
G1 X81.455 Y225.516 E413.82038
G1 X80.819 Y224.83 E413.8515
G1 X78.889 Y222.737 E413.94619
G1 X78.401 Y222.084 E413.9733
G1 X76.626 Y219.696 E414.07227
G1 X76.275 Y219.104 E414.09516
G1 X74.701 Y216.433 E414.19827
G1 X74.466 Y215.92 E414.21704
G1 X73.136 Y212.986 E414.32418
G1 X72.995 Y212.568 E414.33886
G1 X71.944 Y209.393 E414.45009
G1 X71.872 Y209.069 E414.46113
G1 X71.14 Y205.69 E414.57612
G1 X71.116 Y205.496 E414.58263
G1 X70.735 Y201.929 E414.70194
G1 X70.732 Y201.855 E414.7044
G1 X70.732 Y198.137 E414.82806
M204 S3000
M205 X10 Y10
G0 F6000 X69.932 Y198.127
M204 S1800
M205 X8 Y8
G1 F3000 X69.932 Y201.875 E414.95272
G1 X70.318 Y205.6 E415.07728
G1 X71.076 Y209.237 E415.20085
G1 X72.222 Y212.84 E415.3266
G1 X73.724 Y216.273 E415.45123
G1 X75.57 Y219.535 E415.57589
G1 X75.951 Y220.071 E415.59777
G1 X77.741 Y222.589 E415.70052
G1 X80.214 Y225.403 E415.82512
G1 X80.881 Y226.021 E415.85536
G1 X82.97 Y227.955 E415.95005
G1 X85.965 Y230.199 E416.07452
G1 X86.961 Y230.797 E416.11316
G1 X89.176 Y232.127 E416.19909
G1 X90.342 Y232.672 E416.2419
G1 X92.573 Y233.717 E416.32384
G1 X96.124 Y234.954 E416.44891
G1 X97.606 Y235.302 E416.49954
G1 X99.759 Y235.809 E416.57311
G1 X101.41 Y236.022 E416.62848
G1 X101.513 Y236.037 E416.63194
G1 X103.474 Y236.29 E416.6977
G1 X105.264 Y236.336 E416.75726
G1 X107.218 Y236.386 E416.82227
G1 X110.954 Y236.098 E416.9469
G1 X112.965 Y235.73 E417.01489
G1 X114.642 Y235.425 E417.07159
G1 X118.227 Y234.381 E417.19578
G1 X120.361 Y233.514 E417.27239
G1 X121.69 Y232.975 E417.32009
G1 X121.729 Y232.956 E417.32153
G1 X123.879 Y231.814 E417.4025
G1 X123.938 Y231.78 E417.40477
G1 X125.021 Y231.204 E417.44557
G1 X127.131 Y229.784 E417.53016
G1 X128.13 Y229.112 E417.5702
G1 X131.006 Y226.712 E417.69479
G1 X132.959 Y224.709 E417.78784
G1 X133.623 Y224.028 E417.81947
G1 X135.947 Y221.089 E417.94409
G1 X137.958 Y217.928 E418.0687
G1 X139.635 Y214.575 E418.19339
G1 X140.963 Y211.055 E418.31852
G1 X141.911 Y207.444 E418.44269
G1 X142.487 Y203.74 E418.56737
G1 X142.68 Y199.979 E418.69263
G1 X142.488 Y196.258 E418.81655
G1 X141.911 Y192.555 E418.9412
G1 X140.96 Y188.945 E419.06537
G1 X139.635 Y185.424 E419.19049
G1 X137.959 Y182.071 E419.31517
G1 X135.948 Y178.91 E419.43978
G1 X135.5 Y178.345 E419.46376
G1 X133.621 Y175.97 E419.56449
G1 X133.03 Y175.364 E419.59264
G1 X131.006 Y173.288 E419.68907
G1 X130.259 Y172.664 E419.72145
G1 X128.128 Y170.885 E419.81377
G1 X127.218 Y170.274 E419.85023
G1 X125.021 Y168.796 E419.9383
G1 X123.936 Y168.219 E419.97917
G1 X121.711 Y167.034 E420.06302
G1 X120.459 Y166.524 E420.10798
G1 X118.227 Y165.615 E420.18814
G1 X116.823 Y165.209 E420.23675
G1 X114.642 Y164.576 E420.31228
G1 X113.068 Y164.289 E420.3655
G1 X110.954 Y163.903 E420.43697
G1 X109.232 Y163.77 E420.49442
G1 X107.198 Y163.614 E420.56227
G1 X103.474 Y163.709 E420.68617
G1 X99.759 Y164.191 E420.81076
G1 X96.123 Y165.05 E420.93503
G1 X94.005 Y165.785 E421.00959
G1 X92.553 Y166.292 E421.06075
G1 X90.437 Y167.283 E421.13846
G1 X89.176 Y167.873 E421.18477
G1 X87.051 Y169.149 E421.26721
G1 X85.965 Y169.801 E421.30934
G1 X82.971 Y172.046 E421.4338
G1 X80.959 Y173.908 E421.52498
G1 X80.214 Y174.597 E421.55873
G1 X78.33 Y176.741 E421.65366
G1 X77.741 Y177.411 E421.68333
G1 X75.999 Y179.859 E421.78326
G1 X75.583 Y180.448 E421.80725
G1 X75.56 Y180.484 E421.80867
G1 X73.725 Y183.728 E421.93263
G1 X72.429 Y186.69 E422.04017
G1 X72.223 Y187.161 E422.05726
G1 X71.078 Y190.744 E422.18237
G1 X70.371 Y194.144 E422.29787
G1 X70.316 Y194.42 E422.30724
G1 X69.945 Y197.993 E422.42671
G1 X69.932 Y198.127 E422.43119
M204 S3000
M205 X10 Y10
G0 F6000 X70.332 Y198.147
M204 S1800
M205 X8 Y8
G1 F3000 X70.332 Y201.855 E422.55452
G1 F3030.3 X70.341 Y201.971 E422.55835
G1 F3053.4 X70.394 Y202.48 E422.57507
G1 F3038 X70.448 Y202.989 E422.59188
G1 F3022.7 X70.501 Y203.498 E422.60878
G1 F3007.5 X70.555 Y204.008 E422.62579
G1 F2992.5 X70.608 Y204.517 E422.64286
G1 F2977.7 X70.662 Y205.026 E422.66001
G1 F2963 X70.715 Y205.536 E422.67728
G1 F3022.7 X70.756 Y205.776 E422.68531
G1 F3076.9 X70.875 Y206.339 E422.70397
G1 F3045.7 X70.995 Y206.902 E422.72283
G1 F3015.1 X71.115 Y207.466 E422.74192
G1 F2977.7 X71.235 Y208.029 E422.7612
G1 F2948.4 X71.354 Y208.593 E422.78071
G1 F2919.7 X71.474 Y209.156 E422.80038
G1 F3015.1 X71.575 Y209.521 E422.81292
G1 F3116.9 X71.746 Y210.049 E422.83069
G1 F3069.1 X71.918 Y210.578 E422.84877
G1 F3022.7 X72.09 Y211.107 E422.86713
G1 F2970.3 X72.261 Y211.636 E422.88581
G1 F2926.8 X72.433 Y212.165 E422.90477
G1 F2884.6 X72.605 Y212.694 E422.92401
G1 F3007.5 X72.785 Y213.154 E422.9404
G1 F3149.6 X73.002 Y213.642 E422.95732
G1 F3084.8 X73.22 Y214.131 E422.97464
G1 F3030.3 X73.438 Y214.62 E422.99227
G1 F2977.7 X73.655 Y215.109 E423.0102
G1 F2919.7 X73.873 Y215.598 E423.02849
G1 F2870.8 X74.091 Y216.087 E423.0471
G1 F3007.5 X74.324 Y216.545 E423.06415
G1 F3208.6 X74.374 Y216.638 E423.06743
G1 F3191.5 X74.631 Y217.083 E423.0835
G1 F3116.9 X74.889 Y217.529 E423.09999
G1 F3045.7 X75.146 Y217.975 E423.11686
G1 F2977.7 X75.404 Y218.421 E423.13412
G1 F2912.6 X75.661 Y218.867 E423.15176
G1 F2850.4 X75.919 Y219.313 E423.16979
G1 F3007.5 X76.266 Y219.848 E423.19095
G1 F3234.5 X76.325 Y219.935 E423.19419
G1 F3191.5 X76.673 Y220.413 E423.21268
G1 F3092.8 X77.021 Y220.892 E423.23178
G1 F2992.5 X77.369 Y221.371 E423.25152
G1 F2905.6 X77.717 Y221.85 E423.27185
G1 F2823.5 X78.065 Y222.329 E423.29278
G1 F2992.5 X78.549 Y222.928 E423.31845
G1 F3260.9 X78.617 Y223.007 E423.32164
G1 F3225.8 X78.995 Y223.427 E423.33912
G1 F3108.8 X79.374 Y223.848 E423.3573
G1 F3000 X79.753 Y224.269 E423.37614
G1 F2905.6 X80.132 Y224.689 E423.39557
G1 F2810.3 X80.511 Y225.11 E423.41568
G1 F3007.5 X81.141 Y225.741 E423.44527
G1 F3305.8 X81.217 Y225.814 E423.44845
G1 F3252 X81.621 Y226.177 E423.46511
G1 F3125 X82.025 Y226.541 E423.48248
G1 F3000 X82.43 Y226.905 E423.50059
G1 F2891.6 X82.834 Y227.269 E423.51935
G1 F2790.7 X83.238 Y227.633 E423.53879
G1 F2864 X83.63 Y227.95 E423.55636
G1 F3149.6 X84.022 Y228.268 E423.57235
G1 F3333.3 X84.105 Y228.331 E423.57547
G1 F3278.7 X84.523 Y228.634 E423.59118
G1 F3141.4 X84.942 Y228.938 E423.60762
G1 F3007.5 X85.36 Y229.242 E423.62477
G1 F2891.6 X85.779 Y229.545 E423.64261
G1 F2784.2 X86.198 Y229.849 E423.66117
G1 F2864 X86.677 Y230.161 E423.68108
G1 F3174.6 X87.156 Y230.473 E423.69905
G1 F3361.3 X87.245 Y230.527 E423.70214
G1 F3278.7 X87.777 Y230.833 E423.72082
G1 F3092.8 X88.309 Y231.14 E423.74063
G1 F2934 X88.841 Y231.447 E423.76152
G1 F2784.2 X89.373 Y231.754 E423.78354
G1 F2857.1 X89.938 Y232.043 E423.8057
G1 F3191.5 X90.502 Y232.331 E423.8255
G1 F3399.4 X90.596 Y232.376 E423.82856
G1 F3305.8 X91.129 Y232.613 E423.84616
G1 F3108.8 X91.663 Y232.85 E423.86491
G1 F2934 X92.197 Y233.088 E423.8848
G1 F2777.8 X92.731 Y233.325 E423.90578
G1 F2850.4 X93.38 Y233.576 E423.93014
G1 F3191.5 X94.029 Y233.826 E423.95189
G1 F3399.4 X94.127 Y233.86 E423.95493
G1 F3296.7 X94.655 Y234.031 E423.97173
G1 F3092.8 X95.184 Y234.203 E423.98968
G1 F2912.6 X95.713 Y234.375 E424.00873
G1 F2752.3 X96.242 Y234.547 E424.0289
G1 F2777.8 X96.725 Y234.676 E424.04686
G1 F2992.5 X97.208 Y234.806 E424.06353
G1 F3252 X97.691 Y234.935 E424.07887
G1 F3399.4 X97.793 Y234.96 E424.08196
G1 F3305.8 X98.303 Y235.068 E424.09769
G1 F3100.8 X98.814 Y235.176 E424.1145
G1 F2926.8 X99.325 Y235.284 E424.1323
G1 F2765 X99.835 Y235.392 E424.15112
G1 F2790.7 X100.375 Y235.478 E424.17067
G1 F3007.5 X100.916 Y235.564 E424.18884
G1 F3269.8 X101.458 Y235.65 E424.20559
G1 F3399.4 X101.561 Y235.664 E424.20864
G1 F3252 X102.209 Y235.731 E424.22863
G1 F2992.5 X102.858 Y235.799 E424.25038
G1 F2777.8 X103.506 Y235.867 E424.27379
G1 X104.095 Y235.898 E424.29498
G1 F3000 X104.684 Y235.929 E424.31459
G1 F3260.9 X105.274 Y235.961 E424.33267
G1 F3409.1 X105.378 Y235.964 E424.33572
G1 F3269.8 X105.988 Y235.964 E424.35433
G1 F3007.5 X106.598 Y235.964 E424.37457
G1 F2790.7 X107.208 Y235.963 E424.39638
G1 X107.838 Y235.931 E424.41894
G1 F3007.5 X108.468 Y235.898 E424.43987
G1 F3269.8 X109.099 Y235.865 E424.45915
G1 F3409.1 X109.203 Y235.856 E424.4622
G1 F3260.9 X109.768 Y235.797 E424.47959
G1 F3000 X110.334 Y235.737 E424.49852
G1 F2777.8 X110.9 Y235.677 E424.51896
G1 F2758.6 X111.399 Y235.598 E424.53724
G1 F2919.7 X111.899 Y235.519 E424.55454
G1 F3108.8 X112.399 Y235.44 E424.57078
G1 F3314.9 X112.899 Y235.361 E424.58602
G1 F3418.8 X113.001 Y235.342 E424.58905
G1 F3269.8 X113.515 Y235.233 E424.60508
G1 F3007.5 X114.03 Y235.123 E424.62255
G1 F2790.7 X114.545 Y235.013 E424.64138
G1 F2765 X115.063 Y234.875 E424.66073
G1 F2926.8 X115.581 Y234.736 E424.67901
G1 F3108.8 X116.099 Y234.598 E424.69622
G1 F3314.9 X116.617 Y234.459 E424.71236
G1 F3418.8 X116.718 Y234.429 E424.71544
G1 F3200 X117.403 Y234.206 E424.7379
G1 F2850.4 X118.089 Y233.982 E424.76316
G1 F2777.8 X118.622 Y233.778 E424.78366
G1 F2926.8 X119.155 Y233.574 E424.80312
G1 F3100.8 X119.688 Y233.369 E424.82149
G1 F3287.7 X120.221 Y233.165 E424.83881
G1 F3380.3 X120.315 Y233.126 E424.84182
G1 F3174.6 X120.923 Y232.855 E424.86274
G1 F2843.6 X121.532 Y232.584 E424.88613
G1 F2771.4 X122.066 Y232.313 E424.90769
G1 F2919.7 X122.6 Y232.041 E424.92817
G1 F3084.8 X123.134 Y231.77 E424.94754
G1 F3269.8 X123.668 Y231.498 E424.96583
G1 F3370.8 X123.761 Y231.447 E424.96897
G1 F3183 X124.283 Y231.145 E424.98787
G1 F2857.1 X124.805 Y230.843 E425.00893
G1 F2771.4 X125.227 Y230.569 E425.02705
G1 F2884.6 X125.65 Y230.295 E425.04448
G1 F3000 X126.073 Y230.02 E425.06126
G1 F3133.2 X126.496 Y229.746 E425.07731
G1 F3278.7 X126.919 Y229.471 E425.09267
G1 F3342.6 X127.006 Y229.411 E425.09582
G1 F3166.2 X127.442 Y229.094 E425.11281
G1 F2870.8 X127.878 Y228.777 E425.13155
G1 F2790.7 X128.289 Y228.445 E425.15044
G1 F2891.6 X128.7 Y228.112 E425.16869
G1 F3000 X129.111 Y227.779 E425.18628
G1 F3125 X129.523 Y227.446 E425.2032
G1 F3252 X129.934 Y227.113 E425.21943
G1 F3149.6 X130.329 Y226.758 E425.23625
G1 F2864 X130.722 Y226.405 E425.25466
G1 F2790.7 X131.114 Y226.013 E425.27448
G1 F2891.6 X131.507 Y225.621 E425.29363
G1 F2992.5 X131.899 Y225.229 E425.31212
G1 F3108.8 X132.292 Y224.836 E425.32996
G1 F3234.5 X132.685 Y224.444 E425.34708
G1 F3007.5 X133.31 Y223.753 E425.37799
G1 F2810.3 X133.675 Y223.303 E425.39857
G1 F2905.6 X134.04 Y222.852 E425.41849
G1 F3000 X134.405 Y222.401 E425.43779
G1 F3108.8 X134.771 Y221.951 E425.4564
G1 F3225.8 X135.136 Y221.5 E425.47435
G1 F3030.3 X135.61 Y220.85 E425.50084
G1 F2850.4 X135.885 Y220.427 E425.5185
G1 F2912.6 X136.16 Y220.003 E425.53582
G1 F2977.7 X136.435 Y219.58 E425.55272
G1 F3045.7 X136.71 Y219.156 E425.56928
G1 F3116.9 X136.985 Y218.733 E425.58543
G1 F3191.5 X137.26 Y218.309 E425.60123
G1 F3022.7 X137.6 Y217.726 E425.62351
G1 F2877.7 X137.838 Y217.26 E425.64165
G1 F2934 X138.076 Y216.793 E425.65948
G1 F2992.5 X138.314 Y216.326 E425.67696
G1 F3061.2 X138.552 Y215.859 E425.69404
G1 F3125 X138.79 Y215.392 E425.71078
G1 F3191.5 X139.028 Y214.925 E425.72716
G1 F3038 X139.26 Y214.411 E425.74569
G1 F2891.6 X139.455 Y213.902 E425.76449
G1 F2934 X139.651 Y213.392 E425.78308
G1 F2977.7 X139.846 Y212.882 E425.80137
G1 F3022.7 X140.042 Y212.372 E425.81941
G1 F3069.1 X140.238 Y211.862 E425.83717
G1 F3116.9 X140.433 Y211.352 E425.85465
G1 F3000 X140.573 Y210.931 E425.86941
G1 F2891.6 X140.718 Y210.387 E425.88883
G1 F2934 X140.864 Y209.842 E425.90802
G1 F2977.7 X141.01 Y209.297 E425.92693
G1 F3015.1 X141.156 Y208.752 E425.9456
G1 F3061.2 X141.302 Y208.207 E425.96399
G1 F3108.8 X141.448 Y207.662 E425.9821
G1 F3030.3 X141.515 Y207.362 E425.99222
G1 F2955.7 X141.593 Y206.865 E426.00921
G1 F2977.7 X141.672 Y206.367 E426.0261
G1 F3000 X141.751 Y205.869 E426.04287
G1 F3015.1 X141.83 Y205.371 E426.05956
G1 F3038 X141.909 Y204.873 E426.07612
G1 F3061.2 X141.988 Y204.375 E426.09256
G1 F3084.8 X142.067 Y203.877 E426.10887
G1 F3038 X142.088 Y203.699 E426.11475
G1 F2992.5 X142.151 Y202.484 E426.15532
G1 F3007.5 X142.215 Y201.268 E426.19572
G1 F3022.7 X142.279 Y200.052 E426.23591
G1 F3030.3 X142.28 Y199.947 E426.23937
G1 F3022.7 X142.233 Y199.036 E426.26949
G1 F3007.5 X142.185 Y198.124 E426.29978
G1 F2992.5 X142.137 Y197.212 E426.33024
G1 F2977.7 X142.089 Y196.3 E426.36084
G1 F3022.7 X142.068 Y196.125 E426.36666
G1 F3069.1 X141.99 Y195.628 E426.38301
G1 F3053.4 X141.911 Y195.13 E426.39949
G1 F3030.3 X141.832 Y194.632 E426.41609
G1 F3007.5 X141.753 Y194.134 E426.43282
G1 F2992.5 X141.674 Y193.636 E426.44963
G1 F2970.3 X141.595 Y193.138 E426.46657
G1 F2955.7 X141.516 Y192.64 E426.4836
G1 F3022.7 X141.449 Y192.339 E426.49377
G1 F3092.8 X141.303 Y191.795 E426.51195
G1 F3053.4 X141.157 Y191.25 E426.53038
G1 F3015.1 X141.011 Y190.705 E426.54906
G1 F2977.7 X140.865 Y190.16 E426.56796
G1 F2941.2 X140.719 Y189.615 E426.5871
G1 F2905.6 X140.573 Y189.07 E426.60648
G1 F3015.1 X140.432 Y188.647 E426.62124
G1 F3133.2 X140.237 Y188.138 E426.63859
G1 F3076.9 X140.041 Y187.628 E426.65631
G1 F3030.3 X139.846 Y187.118 E426.67429
G1 F2977.7 X139.65 Y186.608 E426.6926
G1 F2926.8 X139.455 Y186.098 E426.71121
G1 F2884.6 X139.259 Y185.588 E426.73011
G1 F3030.3 X139.036 Y185.089 E426.74811
G1 F3217.2 X139.029 Y185.077 E426.74854
G1 F3174.6 X138.791 Y184.611 E426.76499
G1 F3108.8 X138.553 Y184.144 E426.78181
G1 F3045.7 X138.315 Y183.677 E426.79898
G1 F2977.7 X138.077 Y183.21 E426.81655
G1 F2919.7 X137.839 Y182.743 E426.83446
G1 F2864 X137.601 Y182.276 E426.85272
G1 F3007.5 X137.316 Y181.78 E426.8717
G1 F3225.8 X137.261 Y181.69 E426.87496
G1 F3208.6 X136.986 Y181.267 E426.89065
G1 F3125 X136.711 Y180.844 E426.90676
G1 F3045.7 X136.436 Y180.42 E426.92332
G1 F2977.7 X136.16 Y179.997 E426.94024
G1 F2905.6 X135.885 Y179.573 E426.9576
G1 F2836.9 X135.61 Y179.15 E426.97534
G1 F3015.1 X135.199 Y178.583 E426.99852
G1 F3269.8 X135.135 Y178.499 E427.00174
G1 F3225.8 X134.77 Y178.049 E427.01966
G1 F3108.8 X134.405 Y177.598 E427.03829
G1 F3000 X134.04 Y177.148 E427.05756
G1 F2905.6 X133.674 Y176.697 E427.0775
G1 F2810.3 X133.309 Y176.246 E427.0981
G1 F3000 X132.756 Y175.631 E427.12561
G1 F3287.7 X132.684 Y175.555 E427.12879
G1 F3234.5 X132.292 Y175.163 E427.14589
G1 F3108.8 X131.899 Y174.771 E427.16371
G1 F2992.5 X131.506 Y174.379 E427.18221
G1 F2891.6 X131.114 Y173.986 E427.20137
G1 F2790.7 X130.721 Y173.594 E427.22122
G1 F2992.5 X130.014 Y172.956 E427.25297
G1 F3305.8 X129.935 Y172.888 E427.25612
G1 F3252 X129.524 Y172.555 E427.27235
G1 F3116.9 X129.112 Y172.221 E427.28932
G1 F2992.5 X128.7 Y171.888 E427.30699
G1 F2884.6 X128.288 Y171.554 E427.32533
G1 F2777.8 X127.876 Y171.221 E427.34436
G1 F2857.1 X127.441 Y170.905 E427.36314
G1 F3157.9 X127.006 Y170.589 E427.38013
G1 F3333.3 X126.92 Y170.529 E427.38327
G1 F3260.9 X126.498 Y170.255 E427.39866
G1 F3125 X126.075 Y169.981 E427.41476
G1 F3000 X125.652 Y169.707 E427.43152
G1 F2884.6 X125.229 Y169.432 E427.44897
G1 F2777.8 X124.806 Y169.158 E427.46707
G1 F2864 X124.282 Y168.855 E427.48816
G1 F3183 X123.759 Y168.552 E427.50711
G1 F3370.8 X123.667 Y168.502 E427.51021
G1 F3269.8 X123.134 Y168.231 E427.52846
G1 F3084.8 X122.6 Y167.959 E427.54784
G1 F2919.7 X122.066 Y167.688 E427.56831
G1 F2771.4 X121.532 Y167.416 E427.58988
G1 F2843.6 X120.925 Y167.145 E427.61321
G1 F3174.6 X120.317 Y166.874 E427.63413
G1 F3370.8 X120.221 Y166.834 E427.63721
G1 F3269.8 X119.688 Y166.63 E427.65462
G1 F3084.8 X119.155 Y166.425 E427.6731
G1 F2912.6 X118.622 Y166.22 E427.69266
G1 F2765 X118.088 Y166.015 E427.7133
G1 F2836.9 X117.403 Y165.793 E427.73863
G1 F3183 X116.718 Y165.57 E427.76121
G1 F3399.4 X116.618 Y165.54 E427.76427
G1 F3305.8 X116.1 Y165.402 E427.78046
G1 F3108.8 X115.582 Y165.264 E427.79766
G1 F2934 X115.064 Y165.126 E427.81589
G1 F2777.8 X114.546 Y164.988 E427.83515
G1 F2803.7 X114.031 Y164.878 E427.85389
G1 F3022.7 X113.516 Y164.768 E427.87127
G1 F3287.7 X113.001 Y164.658 E427.88726
G1 F3428.6 X112.898 Y164.639 E427.8903
G1 F3314.9 X112.399 Y164.56 E427.90551
G1 F3108.8 X111.899 Y164.481 E427.92176
G1 F2926.8 X111.399 Y164.402 E427.93902
G1 F2765 X110.899 Y164.323 E427.95728
G1 F2790.7 X110.335 Y164.264 E427.97756
G1 F3007.5 X109.769 Y164.204 E427.99644
G1 F3269.8 X109.203 Y164.144 E428.01381
G1 F3409.1 X109.1 Y164.136 E428.01683
G1 F3269.8 X108.47 Y164.104 E428.03608
G1 F3007.5 X107.84 Y164.071 E428.05701
G1 F2790.7 X107.209 Y164.038 E428.07961
G1 X106.598 Y164.037 E428.10145
G1 F3007.5 X105.988 Y164.037 E428.12169
G1 F3269.8 X105.378 Y164.036 E428.14031
G1 F3409.1 X105.274 Y164.039 E428.14335
G1 F3260.9 X104.685 Y164.07 E428.1614
G1 F2992.5 X104.096 Y164.101 E428.18107
G1 F2771.4 X103.506 Y164.133 E428.20234
G1 F2765 X102.858 Y164.2 E428.22585
G1 F2985.1 X102.209 Y164.268 E428.24766
G1 F3243.2 X101.561 Y164.336 E428.26771
G1 F3399.4 X101.458 Y164.35 E428.27076
G1 F3260.9 X100.917 Y164.436 E428.28752
G1 F3000 X100.376 Y164.522 E428.30574
G1 F2777.8 X99.835 Y164.608 E428.32542
G1 F2758.6 X99.325 Y164.716 E428.34427
G1 F2919.7 X98.814 Y164.824 E428.36212
G1 F3108.8 X98.303 Y164.932 E428.37888
G1 F3314.9 X97.793 Y165.041 E428.39458
G1 F3418.8 X97.692 Y165.065 E428.39761
G1 F3269.8 X97.209 Y165.195 E428.41288
G1 F3015.1 X96.725 Y165.325 E428.42946
G1 F2803.7 X96.241 Y165.455 E428.4473
G1 F2777.8 X95.713 Y165.626 E428.46723
G1 F2934 X95.185 Y165.797 E428.48611
G1 F3108.8 X94.657 Y165.968 E428.50392
G1 F3305.8 X94.129 Y166.139 E428.52067
G1 F3409.1 X94.03 Y166.175 E428.52376
G1 F3200 X93.381 Y166.424 E428.54543
G1 F2850.4 X92.731 Y166.674 E428.56981
G1 F2777.8 X92.198 Y166.911 E428.59076
G1 F2934 X91.664 Y167.149 E428.61065
G1 F3108.8 X91.13 Y167.386 E428.6294
G1 F3305.8 X90.596 Y167.624 E428.64704
G1 F3399.4 X90.502 Y167.669 E428.6501
G1 F3191.5 X89.938 Y167.957 E428.6699
G1 F2857.1 X89.374 Y168.245 E428.69202
G1 F2784.2 X88.842 Y168.551 E428.71401
G1 F2934 X88.31 Y168.858 E428.7349
G1 F3092.8 X87.778 Y169.165 E428.75472
G1 F3278.7 X87.246 Y169.472 E428.77341
G1 F3361.3 X87.156 Y169.527 E428.77654
G1 F3174.6 X86.678 Y169.838 E428.79447
G1 F2864 X86.199 Y170.15 E428.81438
G1 F2784.2 X85.781 Y170.453 E428.83288
G1 F2891.6 X85.362 Y170.757 E428.85075
G1 F3007.5 X84.944 Y171.061 E428.86789
G1 F3141.4 X84.525 Y171.364 E428.88432
G1 F3278.7 X84.106 Y171.668 E428.90007
G1 F3342.6 X84.022 Y171.733 E428.90324
G1 F3166.2 X83.631 Y172.05 E428.91911
G1 F2877.7 X83.239 Y172.367 E428.93659
G1 F2803.7 X82.835 Y172.731 E428.95594
G1 F2905.6 X82.431 Y173.095 E428.97461
G1 F3015.1 X82.026 Y173.459 E428.99263
G1 F3141.4 X81.622 Y173.823 E429.00991
G1 F3269.8 X81.217 Y174.187 E429.02652
G1 F3022.7 X80.513 Y174.888 E429.05932
G1 F2810.3 X80.135 Y175.308 E429.07938
G1 F2905.6 X79.756 Y175.729 E429.09884
G1 F3000 X79.377 Y176.15 E429.11768
G1 F3108.8 X78.998 Y176.57 E429.13583
G1 F3225.8 X78.619 Y176.991 E429.15336
G1 F3007.5 X78.067 Y177.669 E429.18236
G1 F2823.5 X77.719 Y178.147 E429.20326
G1 F2905.6 X77.371 Y178.626 E429.22359
G1 F2992.5 X77.023 Y179.105 E429.24333
G1 F3092.8 X76.675 Y179.584 E429.26243
G1 F3191.5 X76.327 Y180.063 E429.28094
G1 F3015.1 X75.919 Y180.687 E429.30562
G1 F2850.4 X75.662 Y181.132 E429.3236
G1 F2912.6 X75.404 Y181.578 E429.34126
G1 F2977.7 X75.147 Y182.024 E429.35851
G1 F3045.7 X74.889 Y182.47 E429.37539
G1 F3116.9 X74.632 Y182.916 E429.39186
G1 F3191.5 X74.374 Y183.362 E429.40797
G1 F3030.3 X74.092 Y183.911 E429.4283
G1 F2884.6 X73.875 Y184.399 E429.44677
G1 F2934 X73.657 Y184.888 E429.46498
G1 F2985.1 X73.439 Y185.377 E429.48287
G1 F3038 X73.222 Y185.866 E429.50044
G1 F3092.8 X73.004 Y186.355 E429.51772
G1 F3149.6 X72.786 Y186.844 E429.53468
G1 F3015.1 X72.606 Y187.305 E429.55106
G1 F2891.6 X72.434 Y187.833 E429.57022
G1 F2934 X72.262 Y188.362 E429.58914
G1 F2977.7 X72.09 Y188.891 E429.60778
G1 F3015.1 X71.918 Y189.42 E429.62619
G1 F3061.2 X71.746 Y189.949 E429.64432
G1 F3108.8 X71.574 Y190.478 E429.66217
G1 F3007.5 X71.472 Y190.847 E429.67487
G1 F2919.7 X71.353 Y191.409 E429.6945
G1 F2948.4 X71.234 Y191.972 E429.71398
G1 F2977.7 X71.115 Y192.534 E429.73323
G1 F3015.1 X70.995 Y193.097 E429.75228
G1 F3045.7 X70.876 Y193.659 E429.7711
G1 F3076.9 X70.757 Y194.222 E429.78976
G1 F3030.3 X70.716 Y194.461 E429.79774
G1 F2977.7 X70.622 Y195.354 E429.82783
G1 F2992.5 X70.528 Y196.247 E429.85777
G1 F3007.5 X70.434 Y197.14 E429.88756
G1 F3022.7 X70.339 Y198.034 E429.91724
G1 F3015.1 X70.332 Y198.147 E429.92099
M204 S3000
M205 X10 Y10
G0 F6000 X70.322 Y198.149
;MESH:NONMESH
G0 F600 X70.322 Y198.149 Z2
G0 F6000 X69.532 Y198.107
;TIME_ELAPSED:282.300656
;LAYER:9
M204 S1800
M205 X8 Y8
;TYPE:WALL-OUTER
;MESH:15_4_1.stl
G1 F3000 X69.532 Y201.895 E430.04698
G1 X69.922 Y205.662 E430.17294
G1 X70.685 Y209.319 E430.29719
G1 X70.822 Y209.76 E430.31255
G1 X71.848 Y212.981 E430.42498
G1 X73.366 Y216.452 E430.55099
G1 X75.232 Y219.75 E430.67702
G1 X77.427 Y222.838 E430.80303
G1 X79.927 Y225.683 E430.929
G1 X82.713 Y228.263 E431.05529
G1 X83.554 Y228.892 E431.09022
G1 X85.741 Y230.531 E431.18112
G1 X86.755 Y231.14 E431.22046
G1 X88.988 Y232.481 E431.3071
G1 X90.172 Y233.034 E431.35056
G1 X92.422 Y234.088 E431.4332
G1 X96.012 Y235.339 E431.55964
G1 X99.687 Y236.203 E431.68521
G1 X103.443 Y236.69 E431.81118
G1 X107.228 Y236.787 E431.93711
G1 X111.006 Y236.495 E432.06314
G1 X114.734 Y235.815 E432.18918
G1 X118.359 Y234.759 E432.31476
G1 X121.881 Y233.329 E432.44119
G1 X125.227 Y231.548 E432.56726
G1 X127.354 Y230.116 E432.65254
G1 X128.37 Y229.433 E432.69326
G1 X131.278 Y227.006 E432.81924
G1 X133.924 Y224.292 E432.94531
G1 X136.274 Y221.321 E433.0713
G1 X138.307 Y218.126 E433.19726
G1 X140.002 Y214.735 E433.32335
G1 X141.345 Y211.177 E433.44984
G1 X142.303 Y207.526 E433.57538
G1 X142.886 Y203.781 E433.70144
G1 X143.081 Y199.998 E433.82743
G1 X142.889 Y196.259 E433.95195
G1 X142.853 Y196.001 E433.96062
G1 X142.303 Y192.473 E434.07938
G1 X141.342 Y188.823 E434.20491
G1 X140.002 Y185.264 E434.3314
G1 X138.307 Y181.874 E434.45746
G1 X136.274 Y178.678 E434.58344
G1 X133.922 Y175.706 E434.7095
G1 X131.278 Y172.994 E434.83548
G1 X128.368 Y170.565 E434.96155
G1 X125.227 Y168.452 E435.08746
G1 X121.881 Y166.671 E435.21353
G1 X120.61 Y166.154 E435.25917
G1 X118.359 Y165.237 E435.34001
G1 X114.734 Y164.186 E435.46554
G1 X111.006 Y163.505 E435.59159
G1 X107.228 Y163.213 E435.71762
G1 X103.443 Y163.31 E435.84355
G1 X99.687 Y163.797 E435.96952
G1 X96.052 Y164.655 E436.09375
G1 X95.972 Y164.679 E436.09652
G1 X92.422 Y165.912 E436.22152
G1 X88.988 Y167.519 E436.34762
G1 X85.741 Y169.469 E436.47359
G1 X82.715 Y171.738 E436.59939
G1 X79.927 Y174.317 E436.72571
G1 X78.029 Y176.477 E436.82135
G1 X77.427 Y177.162 E436.85168
G1 X75.673 Y179.627 E436.9523
G1 X75.257 Y180.216 E436.97628
G1 X75.212 Y180.286 E436.97905
G1 X73.366 Y183.548 E437.10371
G1 X72.063 Y186.529 E437.21192
G1 X71.848 Y187.019 E437.22972
G1 X70.69 Y190.642 E437.35622
G1 X69.922 Y194.338 E437.48178
G1 X69.532 Y198.107 E437.60781
M204 S3000
M205 X10 Y10
G0 F6000 X69.532 Y198.307
G0 X70.042 Y198.307
G0 X70.622 Y201.855
G0 X71.132 Y201.855
M204 S1800
M205 X8 Y8
G1 F3000 X71.133 Y198.116 E437.73217
G1 X71.513 Y194.547 E437.85154
G1 X71.532 Y194.391 E437.85677
G1 X72.32 Y190.747 E437.98077
G1 X73.502 Y187.174 E438.10594
G1 X75.049 Y183.764 E438.23049
G1 X76.955 Y180.533 E438.35525
G1 X79.192 Y177.524 E438.47996
G1 X81.731 Y174.774 E438.60445
G1 X84.552 Y172.307 E438.72909
G1 X87.622 Y170.153 E438.85383
G1 X89.772 Y168.963 E438.93556
G1 X90.891 Y168.342 E438.97813
G1 X94.352 Y166.883 E439.10305
G1 X97.936 Y165.803 E439.22755
G1 X101.623 Y165.11 E439.35233
G1 X105.358 Y164.812 E439.47695
G1 X109.09 Y164.912 E439.60112
G1 X112.796 Y165.407 E439.72548
G1 X116.442 Y166.296 E439.85029
G1 X119.965 Y167.568 E439.97487
G1 X123.347 Y169.212 E440.09995
G1 X126.512 Y171.193 E440.22413
G1 X129.458 Y173.506 E440.34871
G1 X132.154 Y176.131 E440.47386
G1 X134.545 Y179.016 E440.59849
G1 X136.618 Y182.142 E440.72324
G1 X138.339 Y185.459 E440.84753
G1 X139.703 Y188.954 E440.97232
G1 X140.69 Y192.569 E441.09695
G1 X141.284 Y196.268 E441.22156
G1 X141.482 Y200.01 E441.34619
G1 X141.282 Y203.751 E441.4708
G1 X140.687 Y207.45 E441.59541
G1 X139.793 Y210.718 E441.70809
G1 X139.698 Y211.064 E441.72003
G1 X138.334 Y214.558 E441.84478
G1 X136.608 Y217.871 E441.96903
G1 X134.533 Y221.001 E442.09393
G1 X132.141 Y223.883 E442.2185
G1 X129.454 Y226.497 E442.34319
G1 X126.507 Y228.81 E442.46779
G1 X123.33 Y230.797 E442.59242
G1 X119.956 Y232.435 E442.71717
G1 X116.434 Y233.706 E442.8417
G1 X112.796 Y234.593 E442.96625
G1 X109.09 Y235.088 E443.0906
G1 X105.336 Y235.188 E443.21551
G1 X101.613 Y234.889 E443.33973
G1 X97.928 Y234.195 E443.46445
G1 X94.343 Y233.114 E443.58899
G1 X90.878 Y231.652 E443.71408
G1 X87.603 Y229.835 E443.83864
G1 X84.548 Y227.69 E443.9628
G1 X81.715 Y225.211 E444.08801
G1 X79.189 Y222.473 E444.21191
G1 X76.943 Y219.449 E444.33719
G1 X75.041 Y216.22 E444.46184
G1 X73.502 Y212.826 E444.58579
G1 X72.32 Y209.253 E444.71096
G1 X71.529 Y205.588 E444.83566
G1 X71.133 Y201.887 E444.95946
G1 X71.132 Y201.855 E444.96053
M204 S3000
M205 X10 Y10
G0 F6000 X71.132 Y201.655
G0 X70.622 Y201.655
G0 X70.627 Y198.063
G0 X70.735 Y198.075
M204 S1800
M205 X8 Y8
;TYPE:WALL-INNER
G1 F3000 X71.115 Y194.504 E445.07997
G1 X71.141 Y194.307 E445.08658
G1 X71.929 Y190.663 E445.21058
G1 X71.946 Y190.601 E445.21272
G1 X73.116 Y187.066 E445.33656
G1 X73.139 Y187.006 E445.3387
G1 X74.677 Y183.615 E445.46254
G1 X74.706 Y183.558 E445.46467
G1 X76.598 Y180.348 E445.5886
G1 X76.634 Y180.294 E445.59076
G1 X78.888 Y177.263 E445.71639
G1 X81.421 Y174.518 E445.84062
G1 X81.467 Y174.473 E445.84276
G1 X84.272 Y172.019 E445.96672
G1 X84.322 Y171.979 E445.96885
G1 X87.409 Y169.814 E446.09426
G1 X90.684 Y167.998 E446.21881
G1 X90.742 Y167.97 E446.22095
G1 X94.176 Y166.521 E446.34492
G1 X94.236 Y166.5 E446.34704
G1 X97.835 Y165.415 E446.47206
G1 X101.561 Y164.714 E446.59816
G1 X105.336 Y164.412 E446.72412
G1 X107.197 Y164.46 E446.78604
G1 X109.121 Y164.513 E446.85005
G1 X112.849 Y165.01 E446.97514
G1 X112.912 Y165.022 E446.97728
G1 X116.554 Y165.912 E447.10198
G1 X117.944 Y166.412 E447.15111
G1 X120.116 Y167.198 E447.22793
G1 X121.348 Y167.795 E447.27347
G1 X123.523 Y168.851 E447.35388
G1 X126.735 Y170.861 E447.47991
G1 X126.772 Y170.887 E447.48141
G1 X129.714 Y173.198 E447.60584
G1 X132.429 Y175.839 E447.73182
G1 X134.849 Y178.754 E447.85783
G1 X135.265 Y179.378 E447.88277
G1 X136.947 Y181.912 E447.98393
G1 X137.235 Y182.463 E448.00461
G1 X138.69 Y185.262 E448.10953
G1 X138.877 Y185.736 E448.12648
G1 X140.069 Y188.788 E448.23546
G1 X140.179 Y189.176 E448.24887
G1 X141.073 Y192.447 E448.36166
G1 X141.116 Y192.7 E448.37019
G1 X141.678 Y196.186 E448.48763
G1 X141.687 Y196.319 E448.49207
G1 X141.882 Y199.967 E448.61357
G1 X141.882 Y200.031 E448.6157
G1 X141.68 Y203.812 E448.74164
G1 X141.075 Y207.552 E448.86765
G1 X141.071 Y207.557 E448.86786
G1 X140.076 Y211.204 E448.99359
G1 X140.07 Y211.209 E448.99385
G1 X138.694 Y214.738 E449.11983
G1 X138.687 Y214.746 E449.12019
G1 X136.972 Y218.041 E449.24374
G1 X136.94 Y218.095 E449.24582
G1 X134.879 Y221.205 E449.36992
G1 X134.841 Y221.257 E449.37206
G1 X132.464 Y224.123 E449.4959
G1 X132.42 Y224.17 E449.49804
G1 X129.749 Y226.77 E449.62202
G1 X129.701 Y226.812 E449.62414
G1 X126.772 Y229.113 E449.74802
G1 X126.719 Y229.149 E449.75016
G1 X123.525 Y231.148 E449.87548
G1 X120.115 Y232.802 E450.00153
G1 X116.591 Y234.076 E450.12617
G1 X116.529 Y234.095 E450.12832
G1 X112.849 Y234.99 E450.25429
G1 X109.122 Y235.487 E450.37935
G1 X105.368 Y235.588 E450.50425
G1 X105.304 Y235.587 E450.50638
G1 X101.561 Y235.286 E450.63127
G1 X99.912 Y234.977 E450.68707
G1 X97.836 Y234.585 E450.75734
G1 X94.235 Y233.5 E450.88243
G1 X94.175 Y233.479 E450.88455
G1 X90.721 Y232.02 E451.00925
G1 X90.684 Y232.002 E451.01062
G1 X87.41 Y230.186 E451.13515
G1 X87.373 Y230.163 E451.1366
G1 X84.308 Y228.01 E451.26117
G1 X84.272 Y227.981 E451.26271
G1 X81.455 Y225.516 E451.38721
G1 X80.819 Y224.83 E451.41833
G1 X78.889 Y222.737 E451.51302
G1 X78.401 Y222.084 E451.54013
G1 X76.626 Y219.696 E451.6391
G1 X76.275 Y219.104 E451.66199
G1 X74.701 Y216.433 E451.7651
G1 X74.466 Y215.92 E451.78387
G1 X73.136 Y212.986 E451.89101
G1 X72.995 Y212.568 E451.90568
G1 X71.944 Y209.393 E452.01692
G1 X71.872 Y209.069 E452.02796
G1 X71.14 Y205.69 E452.14295
G1 X71.116 Y205.496 E452.14945
G1 X70.735 Y201.929 E452.26877
G1 X70.732 Y201.855 E452.27123
G1 X70.732 Y198.137 E452.39489
G1 X70.735 Y198.075 E452.39696
M204 S3000
M205 X10 Y10
G0 F6000 X69.932 Y198.127
M204 S1800
M205 X8 Y8
G1 F3000 X69.932 Y201.875 E452.52162
G1 X70.318 Y205.6 E452.64617
G1 X71.076 Y209.237 E452.76974
G1 X72.222 Y212.84 E452.89549
G1 X73.724 Y216.273 E453.02012
G1 X75.57 Y219.535 E453.14479
G1 X75.951 Y220.071 E453.16666
G1 X77.741 Y222.589 E453.26941
G1 X80.214 Y225.403 E453.39401
G1 X80.881 Y226.021 E453.42426
G1 X82.97 Y227.955 E453.51894
G1 X85.965 Y230.199 E453.64342
G1 X86.961 Y230.797 E453.68205
G1 X89.176 Y232.127 E453.76799
G1 X90.342 Y232.672 E453.81079
G1 X92.573 Y233.717 E453.89273
G1 X96.124 Y234.954 E454.0178
G1 X97.606 Y235.302 E454.06843
G1 X99.759 Y235.809 E454.142
G1 X101.41 Y236.022 E454.19737
G1 X101.513 Y236.037 E454.20083
G1 X103.474 Y236.29 E454.2666
G1 X105.264 Y236.336 E454.32615
G1 X107.218 Y236.386 E454.39116
G1 X110.954 Y236.098 E454.51579
G1 X112.965 Y235.73 E454.58379
G1 X114.642 Y235.425 E454.64048
G1 X118.227 Y234.381 E454.76467
G1 X120.361 Y233.514 E454.84128
G1 X121.69 Y232.975 E454.88898
G1 X121.729 Y232.956 E454.89042
G1 X123.879 Y231.814 E454.9714
G1 X123.938 Y231.78 E454.97366
G1 X125.021 Y231.204 E455.01446
G1 X127.131 Y229.784 E455.09905
G1 X128.13 Y229.112 E455.1391
G1 X131.006 Y226.712 E455.26368
G1 X132.959 Y224.709 E455.35673
G1 X133.623 Y224.028 E455.38836
G1 X135.947 Y221.089 E455.51298
G1 X137.958 Y217.928 E455.63759
G1 X139.635 Y214.575 E455.76228
G1 X140.963 Y211.055 E455.88741
G1 X141.911 Y207.444 E456.01159
G1 X142.487 Y203.74 E456.13626
G1 X142.68 Y199.979 E456.26152
G1 X142.488 Y196.258 E456.38544
G1 X141.911 Y192.555 E456.51009
G1 X140.96 Y188.945 E456.63426
G1 X139.635 Y185.424 E456.75939
G1 X137.959 Y182.071 E456.88406
G1 X135.948 Y178.91 E457.00867
G1 X135.5 Y178.345 E457.03265
G1 X133.621 Y175.97 E457.13338
G1 X133.03 Y175.364 E457.16153
G1 X131.006 Y173.288 E457.25797
G1 X130.259 Y172.664 E457.29034
G1 X128.128 Y170.885 E457.38267
G1 X127.218 Y170.274 E457.41912
G1 X125.021 Y168.796 E457.50719
G1 X123.936 Y168.219 E457.54807
G1 X121.711 Y167.034 E457.63191
G1 X120.459 Y166.524 E457.67687
G1 X118.227 Y165.615 E457.75703
G1 X116.823 Y165.209 E457.80564
G1 X114.642 Y164.576 E457.88118
G1 X113.068 Y164.289 E457.93439
G1 X110.954 Y163.903 E458.00587
G1 X109.232 Y163.77 E458.06331
G1 X107.198 Y163.614 E458.13116
G1 X103.474 Y163.709 E458.25506
G1 X99.759 Y164.191 E458.37966
G1 X96.123 Y165.05 E458.50392
G1 X94.005 Y165.785 E458.57849
G1 X92.553 Y166.292 E458.62964
G1 X90.437 Y167.283 E458.70735
G1 X89.176 Y167.873 E458.75366
G1 X87.051 Y169.149 E458.8361
G1 X85.965 Y169.801 E458.87823
G1 X82.971 Y172.046 E459.0027
G1 X80.959 Y173.908 E459.09388
G1 X80.214 Y174.597 E459.12763
G1 X78.33 Y176.741 E459.22256
G1 X77.741 Y177.411 E459.25223
G1 X75.999 Y179.859 E459.35216
G1 X75.583 Y180.448 E459.37614
G1 X75.56 Y180.484 E459.37756
G1 X73.725 Y183.728 E459.50152
G1 X72.429 Y186.69 E459.60906
G1 X72.223 Y187.161 E459.62616
G1 X71.078 Y190.744 E459.75126
G1 X70.371 Y194.144 E459.86677
G1 X70.316 Y194.42 E459.87613
G1 X69.945 Y197.993 E459.99561
G1 X69.932 Y198.127 E460.00008
M204 S3000
M205 X10 Y10
G0 F6000 X70.332 Y198.147
M204 S1800
M205 X8 Y8
G1 F3000 X70.332 Y201.855 E460.12341
G1 F3030.3 X70.341 Y201.971 E460.12724
G1 F3053.4 X70.394 Y202.48 E460.14397
G1 F3038 X70.448 Y202.989 E460.16078
G1 F3022.7 X70.501 Y203.498 E460.17767
G1 F3007.5 X70.555 Y204.008 E460.19469
G1 F2992.5 X70.608 Y204.517 E460.21175
G1 F2977.7 X70.662 Y205.026 E460.2289
G1 F2963 X70.715 Y205.536 E460.24617
G1 F3022.7 X70.756 Y205.776 E460.25421
G1 F3076.9 X70.875 Y206.339 E460.27287
G1 F3045.7 X70.995 Y206.902 E460.29173
G1 F3015.1 X71.115 Y207.466 E460.31081
G1 F2977.7 X71.235 Y208.029 E460.3301
G1 F2948.4 X71.354 Y208.593 E460.34961
G1 F2919.7 X71.474 Y209.156 E460.36928
G1 F3015.1 X71.575 Y209.521 E460.38181
G1 F3116.9 X71.746 Y210.049 E460.39958
G1 F3069.1 X71.918 Y210.578 E460.41766
G1 F3022.7 X72.09 Y211.107 E460.43603
G1 F2970.3 X72.261 Y211.636 E460.4547
G1 F2926.8 X72.433 Y212.165 E460.47367
G1 F2884.6 X72.605 Y212.694 E460.49291
G1 F3007.5 X72.785 Y213.154 E460.5093
G1 F3149.6 X73.002 Y213.642 E460.52621
G1 F3084.8 X73.22 Y214.131 E460.54353
G1 F3030.3 X73.438 Y214.62 E460.56116
G1 F2977.7 X73.655 Y215.109 E460.57909
G1 F2919.7 X73.873 Y215.598 E460.59739
G1 F2870.8 X74.091 Y216.087 E460.61599
G1 F3007.5 X74.324 Y216.545 E460.63304
G1 F3208.6 X74.374 Y216.638 E460.63633
G1 F3191.5 X74.631 Y217.083 E460.65239
G1 F3116.9 X74.889 Y217.529 E460.66889
G1 F3045.7 X75.146 Y217.975 E460.68575
G1 F2977.7 X75.404 Y218.421 E460.70302
G1 F2912.6 X75.661 Y218.867 E460.72065
G1 F2850.4 X75.919 Y219.313 E460.73869
G1 F3007.5 X76.266 Y219.848 E460.75984
G1 F3234.5 X76.325 Y219.935 E460.76309
G1 F3191.5 X76.673 Y220.413 E460.78157
G1 F3092.8 X77.021 Y220.892 E460.80067
G1 F2992.5 X77.369 Y221.371 E460.82041
G1 F2905.6 X77.717 Y221.85 E460.84075
G1 F2823.5 X78.065 Y222.329 E460.86167
G1 F2992.5 X78.549 Y222.928 E460.88735
G1 F3260.9 X78.617 Y223.007 E460.89054
G1 F3225.8 X78.995 Y223.427 E460.90802
G1 F3108.8 X79.374 Y223.848 E460.9262
G1 F3000 X79.753 Y224.269 E460.94504
G1 F2905.6 X80.132 Y224.689 E460.96447
G1 F2810.3 X80.511 Y225.11 E460.98458
G1 F3007.5 X81.141 Y225.741 E461.01416
G1 F3305.8 X81.217 Y225.814 E461.01734
G1 F3252 X81.621 Y226.177 E461.03401
G1 F3125 X82.025 Y226.541 E461.05137
G1 F3000 X82.43 Y226.905 E461.06948
G1 F2891.6 X82.834 Y227.269 E461.08824
G1 F2790.7 X83.238 Y227.633 E461.10769
G1 F2864 X83.63 Y227.95 E461.12525
G1 F3149.6 X84.022 Y228.268 E461.14124
G1 F3333.3 X84.105 Y228.331 E461.14436
G1 F3278.7 X84.523 Y228.634 E461.16007
G1 F3141.4 X84.942 Y228.938 E461.17652
G1 F3007.5 X85.36 Y229.242 E461.19366
G1 F2891.6 X85.779 Y229.545 E461.21151
G1 F2784.2 X86.198 Y229.849 E461.23006
G1 F2864 X86.677 Y230.161 E461.24998
G1 F3174.6 X87.156 Y230.473 E461.26794
G1 F3361.3 X87.245 Y230.527 E461.27103
G1 F3278.7 X87.777 Y230.833 E461.28971
G1 F3092.8 X88.309 Y231.14 E461.30953
G1 F2934 X88.841 Y231.447 E461.33042
G1 F2784.2 X89.373 Y231.754 E461.35243
G1 F2857.1 X89.938 Y232.043 E461.37459
G1 F3191.5 X90.502 Y232.331 E461.39439
G1 F3399.4 X90.596 Y232.376 E461.39745
G1 F3305.8 X91.129 Y232.613 E461.41506
G1 F3108.8 X91.663 Y232.85 E461.43381
G1 F2934 X92.197 Y233.088 E461.45369
G1 F2777.8 X92.731 Y233.325 E461.47468
G1 F2850.4 X93.38 Y233.576 E461.49904
G1 F3191.5 X94.029 Y233.826 E461.52078
G1 F3399.4 X94.127 Y233.86 E461.52382
G1 F3296.7 X94.655 Y234.031 E461.54062
G1 F3092.8 X95.184 Y234.203 E461.55857
G1 F2912.6 X95.713 Y234.375 E461.57762
G1 F2752.3 X96.242 Y234.547 E461.59779
G1 F2777.8 X96.725 Y234.676 E461.61575
G1 F2992.5 X97.208 Y234.806 E461.63243
G1 F3252 X97.691 Y234.935 E461.64777
G1 F3399.4 X97.793 Y234.96 E461.65085
G1 F3305.8 X98.303 Y235.068 E461.66658
G1 F3100.8 X98.814 Y235.176 E461.68339
G1 F2926.8 X99.325 Y235.284 E461.7012
G1 F2765 X99.835 Y235.392 E461.72001
G1 F2790.7 X100.375 Y235.478 E461.73956
G1 F3007.5 X100.916 Y235.564 E461.75773
G1 F3269.8 X101.458 Y235.65 E461.77448
G1 F3399.4 X101.561 Y235.664 E461.77753
G1 F3252 X102.209 Y235.731 E461.79752
G1 F2992.5 X102.858 Y235.799 E461.81928
G1 F2777.8 X103.506 Y235.867 E461.84268
G1 X104.095 Y235.898 E461.86387
G1 F3000 X104.684 Y235.929 E461.88349
G1 F3260.9 X105.274 Y235.961 E461.90157
G1 F3409.1 X105.378 Y235.964 E461.90461
G1 F3269.8 X105.988 Y235.964 E461.92323
G1 F3007.5 X106.598 Y235.964 E461.94347
G1 F2790.7 X107.208 Y235.963 E461.96528
G1 X107.838 Y235.931 E461.98783
G1 F3007.5 X108.468 Y235.898 E462.00876
G1 F3269.8 X109.099 Y235.865 E462.02804
G1 F3409.1 X109.203 Y235.856 E462.0311
G1 F3260.9 X109.768 Y235.797 E462.04848
G1 F3000 X110.334 Y235.737 E462.06741
G1 F2777.8 X110.9 Y235.677 E462.08786
G1 F2758.6 X111.399 Y235.598 E462.10613
G1 F2919.7 X111.899 Y235.519 E462.12343
G1 F3108.8 X112.399 Y235.44 E462.13968
G1 F3314.9 X112.899 Y235.361 E462.15491
G1 F3418.8 X113.001 Y235.342 E462.15794
G1 F3269.8 X113.515 Y235.233 E462.17398
G1 F3007.5 X114.03 Y235.123 E462.19145
G1 F2790.7 X114.545 Y235.013 E462.21028
G1 F2765 X115.063 Y234.875 E462.22962
G1 F2926.8 X115.581 Y234.736 E462.24791
G1 F3108.8 X116.099 Y234.598 E462.26511
G1 F3314.9 X116.617 Y234.459 E462.28125
G1 F3418.8 X116.718 Y234.429 E462.28433
G1 F3200 X117.403 Y234.206 E462.30679
G1 F2850.4 X118.089 Y233.982 E462.33205
G1 F2777.8 X118.622 Y233.778 E462.35255
G1 F2926.8 X119.155 Y233.574 E462.37201
G1 F3100.8 X119.688 Y233.369 E462.39039
G1 F3287.7 X120.221 Y233.165 E462.40771
G1 F3380.3 X120.315 Y233.126 E462.41071
G1 F3174.6 X120.923 Y232.855 E462.43163
G1 F2843.6 X121.532 Y232.584 E462.45502
G1 F2771.4 X122.066 Y232.313 E462.47658
G1 F2919.7 X122.6 Y232.041 E462.49706
G1 F3084.8 X123.134 Y231.77 E462.51643
G1 F3269.8 X123.668 Y231.498 E462.53472
G1 F3370.8 X123.761 Y231.447 E462.53786
G1 F3183 X124.283 Y231.145 E462.55677
G1 F2857.1 X124.805 Y230.843 E462.57783
G1 F2771.4 X125.227 Y230.569 E462.59594
G1 F2884.6 X125.65 Y230.295 E462.61338
G1 F3000 X126.073 Y230.02 E462.63016
G1 F3133.2 X126.496 Y229.746 E462.64621
G1 F3278.7 X126.919 Y229.471 E462.66156
G1 F3342.6 X127.006 Y229.411 E462.66472
G1 F3166.2 X127.442 Y229.094 E462.6817
G1 F2870.8 X127.878 Y228.777 E462.70044
G1 F2790.7 X128.289 Y228.445 E462.71933
G1 F2891.6 X128.7 Y228.112 E462.73758
G1 F3000 X129.111 Y227.779 E462.75518
G1 F3125 X129.523 Y227.446 E462.77209
G1 F3252 X129.934 Y227.113 E462.78832
G1 F3149.6 X130.329 Y226.758 E462.80515
G1 F2864 X130.722 Y226.405 E462.82355
G1 F2790.7 X131.114 Y226.013 E462.84337
G1 F2891.6 X131.507 Y225.621 E462.86253
G1 F2992.5 X131.899 Y225.229 E462.88101
G1 F3108.8 X132.292 Y224.836 E462.89885
G1 F3234.5 X132.685 Y224.444 E462.91597
G1 F3007.5 X133.31 Y223.753 E462.94689
G1 F2810.3 X133.675 Y223.303 E462.96746
G1 F2905.6 X134.04 Y222.852 E462.98738
G1 F3000 X134.405 Y222.401 E463.00668
G1 F3108.8 X134.771 Y221.951 E463.0253
G1 F3225.8 X135.136 Y221.5 E463.04324
G1 F3030.3 X135.61 Y220.85 E463.06973
G1 F2850.4 X135.885 Y220.427 E463.0874
G1 F2912.6 X136.16 Y220.003 E463.10471
G1 F2977.7 X136.435 Y219.58 E463.12162
G1 F3045.7 X136.71 Y219.156 E463.13817
G1 F3116.9 X136.985 Y218.733 E463.15432
G1 F3191.5 X137.26 Y218.309 E463.17012
G1 F3022.7 X137.6 Y217.726 E463.1924
G1 F2877.7 X137.838 Y217.26 E463.21055
G1 F2934 X138.076 Y216.793 E463.22837
G1 F2992.5 X138.314 Y216.326 E463.24585
G1 F3061.2 X138.552 Y215.859 E463.26293
G1 F3125 X138.79 Y215.392 E463.27967
G1 F3191.5 X139.028 Y214.925 E463.29606
G1 F3038 X139.26 Y214.411 E463.31458
G1 F2891.6 X139.455 Y213.902 E463.33339
G1 F2934 X139.651 Y213.392 E463.35197
G1 F2977.7 X139.846 Y212.882 E463.37027
G1 F3022.7 X140.042 Y212.372 E463.3883
G1 F3069.1 X140.238 Y211.862 E463.40606
G1 F3116.9 X140.433 Y211.352 E463.42354
G1 F3000 X140.573 Y210.931 E463.4383
G1 F2891.6 X140.718 Y210.387 E463.45773
G1 F2934 X140.864 Y209.842 E463.47692
G1 F2977.7 X141.01 Y209.297 E463.49582
G1 F3015.1 X141.156 Y208.752 E463.51449
G1 F3061.2 X141.302 Y208.207 E463.53289
G1 F3108.8 X141.448 Y207.662 E463.55099
G1 F3030.3 X141.515 Y207.362 E463.56112
G1 F2955.7 X141.593 Y206.865 E463.5781
G1 F2977.7 X141.672 Y206.367 E463.595
G1 F3000 X141.751 Y205.869 E463.61177
G1 F3015.1 X141.83 Y205.371 E463.62845
G1 F3038 X141.909 Y204.873 E463.64501
G1 F3061.2 X141.988 Y204.375 E463.66145
G1 F3084.8 X142.067 Y203.877 E463.67776
G1 F3038 X142.088 Y203.699 E463.68365
G1 F2992.5 X142.151 Y202.484 E463.72421
G1 F3007.5 X142.215 Y201.268 E463.76461
G1 F3022.7 X142.279 Y200.052 E463.80481
G1 F3030.3 X142.28 Y199.947 E463.80827
G1 F3022.7 X142.233 Y199.036 E463.83838
G1 F3007.5 X142.185 Y198.124 E463.86868
G1 F2992.5 X142.137 Y197.212 E463.89913
G1 F2977.7 X142.089 Y196.3 E463.92973
G1 F3022.7 X142.068 Y196.125 E463.93555
G1 F3069.1 X141.99 Y195.628 E463.95191
G1 F3053.4 X141.911 Y195.13 E463.96838
G1 F3030.3 X141.832 Y194.632 E463.98499
G1 F3007.5 X141.753 Y194.134 E464.00172
G1 F2992.5 X141.674 Y193.636 E464.01853
G1 F2970.3 X141.595 Y193.138 E464.03547
G1 F2955.7 X141.516 Y192.64 E464.05249
G1 F3022.7 X141.449 Y192.339 E464.06267
G1 F3092.8 X141.303 Y191.795 E464.08084
G1 F3053.4 X141.157 Y191.25 E464.09928
G1 F3015.1 X141.011 Y190.705 E464.11795
G1 F2977.7 X140.865 Y190.16 E464.13686
G1 F2941.2 X140.719 Y189.615 E464.156
G1 F2905.6 X140.573 Y189.07 E464.17537
G1 F3015.1 X140.432 Y188.647 E464.19013
G1 F3133.2 X140.237 Y188.138 E464.20749
G1 F3076.9 X140.041 Y187.628 E464.22521
G1 F3030.3 X139.846 Y187.118 E464.24318
G1 F2977.7 X139.65 Y186.608 E464.26149
G1 F2926.8 X139.455 Y186.098 E464.28011
G1 F2884.6 X139.259 Y185.588 E464.29901
G1 F3030.3 X139.036 Y185.089 E464.317
G1 F3217.2 X139.029 Y185.077 E464.31743
G1 F3174.6 X138.791 Y184.611 E464.33388
G1 F3108.8 X138.553 Y184.144 E464.3507
G1 F3045.7 X138.315 Y183.677 E464.36788
G1 F2977.7 X138.077 Y183.21 E464.38544
G1 F2919.7 X137.839 Y182.743 E464.40335
G1 F2864 X137.601 Y182.276 E464.42161
G1 F3007.5 X137.316 Y181.78 E464.44059
G1 F3225.8 X137.261 Y181.69 E464.44385
G1 F3208.6 X136.986 Y181.267 E464.45954
G1 F3125 X136.711 Y180.844 E464.47565
G1 F3045.7 X136.436 Y180.42 E464.49221
G1 F2977.7 X136.16 Y179.997 E464.50914
G1 F2905.6 X135.885 Y179.573 E464.52649
G1 F2836.9 X135.61 Y179.15 E464.54424
G1 F3015.1 X135.199 Y178.583 E464.56741
G1 F3269.8 X135.135 Y178.499 E464.57063
G1 F3225.8 X134.77 Y178.049 E464.58856
G1 F3108.8 X134.405 Y177.598 E464.60718
G1 F3000 X134.04 Y177.148 E464.62645
G1 F2905.6 X133.674 Y176.697 E464.6464
G1 F2810.3 X133.309 Y176.246 E464.667
G1 F3000 X132.756 Y175.631 E464.69451
G1 F3287.7 X132.684 Y175.555 E464.69768
G1 F3234.5 X132.292 Y175.163 E464.71478
G1 F3108.8 X131.899 Y174.771 E464.7326
G1 F2992.5 X131.506 Y174.379 E464.75111
G1 F2891.6 X131.114 Y173.986 E464.77026
G1 F2790.7 X130.721 Y173.594 E464.79011
G1 F2992.5 X130.014 Y172.956 E464.82186
G1 F3305.8 X129.935 Y172.888 E464.82501
G1 F3252 X129.524 Y172.555 E464.84124
G1 F3116.9 X129.112 Y172.221 E464.85822
G1 F2992.5 X128.7 Y171.888 E464.87588
G1 F2884.6 X128.288 Y171.554 E464.89423
G1 F2777.8 X127.876 Y171.221 E464.91326
G1 F2857.1 X127.441 Y170.905 E464.93203
G1 F3157.9 X127.006 Y170.589 E464.94902
G1 F3333.3 X126.92 Y170.529 E464.95216
G1 F3260.9 X126.498 Y170.255 E464.96756
G1 F3125 X126.075 Y169.981 E464.98365
G1 F3000 X125.652 Y169.707 E465.00041
G1 F2884.6 X125.229 Y169.432 E465.01786
G1 F2777.8 X124.806 Y169.158 E465.03597
G1 F2864 X124.282 Y168.855 E465.05706
G1 F3183 X123.759 Y168.552 E465.076
G1 F3370.8 X123.667 Y168.502 E465.0791
G1 F3269.8 X123.134 Y168.231 E465.09735
G1 F3084.8 X122.6 Y167.959 E465.11673
G1 F2919.7 X122.066 Y167.688 E465.1372
G1 F2771.4 X121.532 Y167.416 E465.15878
G1 F2843.6 X120.925 Y167.145 E465.1821
G1 F3174.6 X120.317 Y166.874 E465.20302
G1 F3370.8 X120.221 Y166.834 E465.2061
G1 F3269.8 X119.688 Y166.63 E465.22352
G1 F3084.8 X119.155 Y166.425 E465.24199
G1 F2912.6 X118.622 Y166.22 E465.26155
G1 F2765 X118.088 Y166.015 E465.28219
G1 F2836.9 X117.403 Y165.793 E465.30752
G1 F3183 X116.718 Y165.57 E465.3301
G1 F3399.4 X116.618 Y165.54 E465.33317
G1 F3305.8 X116.1 Y165.402 E465.34935
G1 F3108.8 X115.582 Y165.264 E465.36655
G1 F2934 X115.064 Y165.126 E465.38479
G1 F2777.8 X114.546 Y164.988 E465.40404
G1 F2803.7 X114.031 Y164.878 E465.42278
G1 F3022.7 X113.516 Y164.768 E465.44017
G1 F3287.7 X113.001 Y164.658 E465.45615
G1 F3428.6 X112.898 Y164.639 E465.4592
G1 F3314.9 X112.399 Y164.56 E465.4744
G1 F3108.8 X111.899 Y164.481 E465.49065
G1 F2926.8 X111.399 Y164.402 E465.50791
G1 F2765 X110.899 Y164.323 E465.52618
G1 F2790.7 X110.335 Y164.264 E465.54645
G1 F3007.5 X109.769 Y164.204 E465.56534
G1 F3269.8 X109.203 Y164.144 E465.5827
G1 F3409.1 X109.1 Y164.136 E465.58573
G1 F3269.8 X108.47 Y164.104 E465.60498
G1 F3007.5 X107.84 Y164.071 E465.62591
G1 F2790.7 X107.209 Y164.038 E465.6485
G1 X106.598 Y164.037 E465.67035
G1 F3007.5 X105.988 Y164.037 E465.69058
G1 F3269.8 X105.378 Y164.036 E465.7092
G1 F3409.1 X105.274 Y164.039 E465.71224
G1 F3260.9 X104.685 Y164.07 E465.73029
G1 F2992.5 X104.096 Y164.101 E465.74996
G1 F2771.4 X103.506 Y164.133 E465.77123
G1 F2765 X102.858 Y164.2 E465.79474
G1 F2985.1 X102.209 Y164.268 E465.81655
G1 F3243.2 X101.561 Y164.336 E465.8366
G1 F3399.4 X101.458 Y164.35 E465.83965
G1 F3260.9 X100.917 Y164.436 E465.85641
G1 F3000 X100.376 Y164.522 E465.87463
G1 F2777.8 X99.835 Y164.608 E465.89431
G1 F2758.6 X99.325 Y164.716 E465.91317
G1 F2919.7 X98.814 Y164.824 E465.93101
G1 F3108.8 X98.303 Y164.932 E465.94778
G1 F3314.9 X97.793 Y165.041 E465.96348
G1 F3418.8 X97.692 Y165.065 E465.96651
G1 F3269.8 X97.209 Y165.195 E465.98177
G1 F3015.1 X96.725 Y165.325 E465.99835
G1 F2803.7 X96.241 Y165.455 E466.01619
G1 F2777.8 X95.713 Y165.626 E466.03613
G1 F2934 X95.185 Y165.797 E466.055
G1 F3108.8 X94.657 Y165.968 E466.07281
G1 F3305.8 X94.129 Y166.139 E466.08957
G1 F3409.1 X94.03 Y166.175 E466.09265
G1 F3200 X93.381 Y166.424 E466.11432
G1 F2850.4 X92.731 Y166.674 E466.1387
G1 F2777.8 X92.198 Y166.911 E466.15966
G1 F2934 X91.664 Y167.149 E466.17954
G1 F3108.8 X91.13 Y167.386 E466.19829
G1 F3305.8 X90.596 Y167.624 E466.21594
G1 F3399.4 X90.502 Y167.669 E466.219
G1 F3191.5 X89.938 Y167.957 E466.2388
G1 F2857.1 X89.374 Y168.245 E466.26091
G1 F2784.2 X88.842 Y168.551 E466.28291
G1 F2934 X88.31 Y168.858 E466.30379
G1 F3092.8 X87.778 Y169.165 E466.32361
G1 F3278.7 X87.246 Y169.472 E466.3423
G1 F3361.3 X87.156 Y169.527 E466.34544
G1 F3174.6 X86.678 Y169.838 E466.36336
G1 F2864 X86.199 Y170.15 E466.38328
G1 F2784.2 X85.781 Y170.453 E466.40178
G1 F2891.6 X85.362 Y170.757 E466.41964
G1 F3007.5 X84.944 Y171.061 E466.43679
G1 F3141.4 X84.525 Y171.364 E466.45321
G1 F3278.7 X84.106 Y171.668 E466.46897
G1 F3342.6 X84.022 Y171.733 E466.47214
G1 F3166.2 X83.631 Y172.05 E466.488
G1 F2877.7 X83.239 Y172.367 E466.50548
G1 F2803.7 X82.835 Y172.731 E466.52483
G1 F2905.6 X82.431 Y173.095 E466.54351
G1 F3015.1 X82.026 Y173.459 E466.56153
G1 F3141.4 X81.622 Y173.823 E466.5788
G1 F3269.8 X81.217 Y174.187 E466.59542
G1 F3022.7 X80.513 Y174.888 E466.62821
G1 F2810.3 X80.135 Y175.308 E466.64828
G1 F2905.6 X79.756 Y175.729 E466.66773
G1 F3000 X79.377 Y176.15 E466.68657
G1 F3108.8 X78.998 Y176.57 E466.70473
G1 F3225.8 X78.619 Y176.991 E466.72225
G1 F3007.5 X78.067 Y177.669 E466.75126
G1 F2823.5 X77.719 Y178.147 E466.77215
G1 F2905.6 X77.371 Y178.626 E466.79248
G1 F2992.5 X77.023 Y179.105 E466.81222
G1 F3092.8 X76.675 Y179.584 E466.83133
G1 F3191.5 X76.327 Y180.063 E466.84984
G1 F3015.1 X75.919 Y180.687 E466.87451
G1 F2850.4 X75.662 Y181.132 E466.8925
G1 F2912.6 X75.404 Y181.578 E466.91015
G1 F2977.7 X75.147 Y182.024 E466.9274
G1 F3045.7 X74.889 Y182.47 E466.94428
G1 F3116.9 X74.632 Y182.916 E466.96076
G1 F3191.5 X74.374 Y183.362 E466.97687
G1 F3030.3 X74.092 Y183.911 E466.99719
G1 F2884.6 X73.875 Y184.399 E467.01566
G1 F2934 X73.657 Y184.888 E467.03387
G1 F2985.1 X73.439 Y185.377 E467.05177
G1 F3038 X73.222 Y185.866 E467.06934
G1 F3092.8 X73.004 Y186.355 E467.08661
G1 F3149.6 X72.786 Y186.844 E467.10357
G1 F3015.1 X72.606 Y187.305 E467.11995
G1 F2891.6 X72.434 Y187.833 E467.13911
G1 F2934 X72.262 Y188.362 E467.15803
G1 F2977.7 X72.09 Y188.891 E467.17667
G1 F3015.1 X71.918 Y189.42 E467.19508
G1 F3061.2 X71.746 Y189.949 E467.21321
G1 F3108.8 X71.574 Y190.478 E467.23106
G1 F3007.5 X71.472 Y190.847 E467.24377
G1 F2919.7 X71.353 Y191.409 E467.2634
G1 F2948.4 X71.234 Y191.972 E467.28287
G1 F2977.7 X71.115 Y192.534 E467.30212
G1 F3015.1 X70.995 Y193.097 E467.32117
G1 F3045.7 X70.876 Y193.659 E467.33999
G1 F3076.9 X70.757 Y194.222 E467.35865
G1 F3030.3 X70.716 Y194.461 E467.36664
G1 F2977.7 X70.622 Y195.354 E467.39673
G1 F2992.5 X70.528 Y196.247 E467.42667
G1 F3007.5 X70.434 Y197.14 E467.45646
G1 F3022.7 X70.339 Y198.034 E467.48613
G1 F3015.1 X70.332 Y198.147 E467.48988
M204 S3000
M205 X10 Y10
G0 F6000 X70.322 Y198.149
;TIME_ELAPSED:305.314667
G1 F2400 E461.48988
M140 S0
M204 S4000
M205 X20 Y20
M107
G91 ;Change to relative positioning mode for filament retraction and nozzle lifting
G1 F200 E-4;Retract the filament a bit before lifting the nozzle
G1 F1000 Z5;Lift nozzle 5mm
G90 ;Change to absolute positioning mode to prepare for part rermoval
G1 X0 Y400 ;Move the print to max y pos for part rermoval
M104 S0 ; Turn off hotend
M106 S0 ; Turn off cooling fan
M140 S0 ; Turn off bed
M84 ; Disable motors

M82 ;absolute extrusion mode
M104 S0
;End of Gcode
;SETTING_3 {"global_quality": "[general]\\nversion = 4\\nname = Normal #2\\ndefi
;SETTING_3 nition = anycubic_chiron\\n\\n[metadata]\\ntype = quality_changes\\nq
;SETTING_3 uality_type = normal\\nsetting_version = 20\\n\\n[values]\\nadhesion_
;SETTING_3 type = brim\\nmaterial_bed_temperature = 55\\nsupport_enable = False\
;SETTING_3 \nsupport_type = buildplate\\n\\n", "extruder_quality": ["[general]\\
;SETTING_3 nversion = 4\\nname = Normal #2\\ndefinition = anycubic_chiron\\n\\n[
;SETTING_3 metadata]\\ntype = quality_changes\\nquality_type = normal\\nsetting_
;SETTING_3 version = 20\\nposition = 0\\n\\n[values]\\ninfill_sparse_density = 1
;SETTING_3 5\\nmaterial_print_temperature = 195\\n\\n"]}
