;FLAVOR:Marlin
;TIME:532
;Filament used: 0.672129m
;Layer height: 0.2
;MINX:57.414
;MINY:157.814
;MINZ:0.2
;MAXX:141.757
;MAXY:242.186
;MAXZ:2
;Generated with Cura_SteamEngine 5.0.0
M140 S60
M105
M190 S60
M104 S210
M105
M109 S210
M82 ;absolute extrusion mode
M107 ;Start with the fan off
G21 ;Set units to millimeters
G91 ;Change to relative positioning mode for retract filament and nozzle lifting
G1 F200 E-3 ;Retract 3mm filament for a clean start
G92 E0 ;Zero the extruded length
G1 F1000 Z5 ;Lift the nozzle 5mm before homing axes
G90 ;Absolute positioning
M82 ;Set extruder to absolute mode too
G28 X0 Y0 ;First move X/Y to min endstops
G28 Z0 ;Then move Z to min endstops
G1 F1000 Z15 ;After homing lift the nozzle 15mm before start printing

G92 E0
G92 E0
G1 F2400 E-6
;LAYER_COUNT:10
;LAYER:0
M106 S255
M204 S3000
M205 X10 Y10
G1 F600 Z0.275
G0 F3000 X79.923 Y162.654 Z0.275
G1 F600 Z0.2
G0 F3000 X75.829 Y165.113
M204 S1800
M205 X8 Y8
;TYPE:SKIRT
G1 F2400 E0
G1 X76.189 Y164.87 E0.02022
G1 X79.541 Y162.857 E0.20229
G1 X79.923 Y162.654 E0.22243
G1 X83.467 Y160.996 E0.40462
G1 X83.867 Y160.833 E0.42474
G1 X87.564 Y159.547 E0.607
G1 X87.98 Y159.426 E0.62717
G1 X91.786 Y158.528 E0.80926
G1 X92.21 Y158.451 E0.82933
G1 X96.092 Y157.948 E1.0116
G1 X96.525 Y157.914 E1.03183
G1 X100.435 Y157.814 E1.21395
G1 X100.866 Y157.826 E1.23403
G1 X104.765 Y158.128 E1.41613
G1 X105.194 Y158.183 E1.43627
G1 X109.045 Y158.885 E1.61854
G1 X109.465 Y158.984 E1.63863
G1 X113.22 Y160.076 E1.82073
G1 X113.63 Y160.219 E1.84095
G1 X117.255 Y161.694 E2.02318
G1 X117.646 Y161.877 E2.04328
G1 X121.098 Y163.715 E2.22539
G1 X121.468 Y163.937 E2.24548
G1 X124.716 Y166.122 E2.42776
G1 X125.061 Y166.381 E2.44784
G1 X128.065 Y168.885 E2.62994
G1 X128.385 Y169.181 E2.65024
G1 X131.114 Y171.983 E2.83237
G1 X131.398 Y172.307 E2.85243
G1 X133.826 Y175.375 E3.03462
G1 X134.077 Y175.727 E3.05475
G1 X136.177 Y179.028 E3.23692
G1 X136.39 Y179.405 E3.25709
G1 X138.139 Y182.905 E3.43928
G1 X138.312 Y183.3 E3.45936
G1 X139.693 Y186.963 E3.64164
G1 X139.824 Y187.374 E3.66173
G1 X140.821 Y191.155 E3.8438
G1 X140.91 Y191.58 E3.86402
G1 X141.512 Y195.446 E4.04621
G1 X141.556 Y195.876 E4.06634
G1 X141.757 Y199.783 E4.2485
G1 X141.757 Y200.215 E4.26862
G1 X141.556 Y204.122 E4.45079
G1 X141.512 Y204.552 E4.47091
G1 X140.91 Y208.42 E4.65319
G1 X140.821 Y208.845 E4.67341
G1 X139.824 Y212.626 E4.85549
G1 X139.693 Y213.036 E4.87553
G1 X138.313 Y216.697 E5.05771
G1 X138.14 Y217.093 E5.07783
G1 X136.391 Y220.593 E5.26002
G1 X136.178 Y220.97 E5.28019
G1 X134.078 Y224.272 E5.4624
G1 X133.828 Y224.624 E5.48251
G1 X131.401 Y227.691 E5.66462
G1 X131.116 Y228.015 E5.68472
G1 X128.386 Y230.818 E5.86691
G1 X128.066 Y231.114 E5.88721
G1 X125.061 Y233.619 E6.06938
G1 X124.716 Y233.878 E6.08946
G1 X121.468 Y236.063 E6.27174
G1 X121.098 Y236.285 E6.29183
G1 X117.646 Y238.123 E6.47394
G1 X117.256 Y238.306 E6.494
G1 X113.631 Y239.782 E6.67625
G1 X113.219 Y239.925 E6.69656
G1 X109.464 Y241.016 E6.87863
G1 X109.045 Y241.115 E6.89868
G1 X105.194 Y241.817 E7.08096
G1 X104.765 Y241.872 E7.1011
G1 X100.866 Y242.174 E7.28319
G1 X100.435 Y242.186 E7.30327
G1 X96.525 Y242.086 E7.4854
G1 X96.093 Y242.052 E7.50557
G1 X92.211 Y241.55 E7.68784
G1 X91.785 Y241.473 E7.708
G1 X87.979 Y240.574 E7.8901
G1 X87.564 Y240.453 E7.91023
G1 X83.867 Y239.167 E8.09249
G1 X83.467 Y239.004 E8.11261
G1 X79.923 Y237.346 E8.2948
G1 X79.541 Y237.143 E8.31494
G1 X76.189 Y235.13 E8.497
G1 X75.829 Y234.887 E8.51723
G1 X72.7 Y232.537 E8.69944
G1 X72.37 Y232.262 E8.71945
G1 X69.497 Y229.604 E8.9017
G1 X69.194 Y229.294 E8.92188
G1 X66.611 Y226.355 E9.10408
G1 X66.343 Y226.015 E9.12423
G1 X64.076 Y222.826 E9.30642
G1 X63.844 Y222.462 E9.32652
G1 X61.917 Y219.058 E9.50866
G1 X61.724 Y218.671 E9.5288
G1 X60.157 Y215.086 E9.71098
G1 X60.004 Y214.68 E9.73119
G1 X58.816 Y210.955 E9.91325
G1 X58.706 Y210.538 E9.93333
G1 X57.905 Y206.706 E10.11562
G1 X57.838 Y206.279 E10.13574
G1 X57.436 Y202.389 E10.31784
G1 X57.414 Y201.957 E10.33799
G1 X57.414 Y198.045 E10.52014
G1 X57.436 Y197.613 E10.54029
G1 X57.838 Y193.721 E10.72248
G1 X57.905 Y193.294 E10.7426
G1 X58.706 Y189.462 E10.92489
G1 X58.816 Y189.045 E10.94498
G1 X60.004 Y185.32 E11.12704
G1 X60.157 Y184.914 E11.14724
G1 X61.724 Y181.329 E11.32942
G1 X61.917 Y180.942 E11.34956
G1 X63.844 Y177.538 E11.5317
G1 X64.076 Y177.174 E11.5518
G1 X66.343 Y173.985 E11.73399
G1 X66.611 Y173.645 E11.75415
G1 X69.194 Y170.706 E11.93634
G1 X69.497 Y170.396 E11.95653
G1 X72.37 Y167.738 E12.13878
G1 X72.7 Y167.463 E12.15878
G1 X75.829 Y165.113 E12.34099
M204 S3000
M205 X10 Y10
G1 F2400 E6.34099
G0 F3000 X72.75 Y168.149
M204 S1800
M205 X8 Y8
G1 F2400 E12.34099
G1 X73.036 Y167.91 E12.35835
G1 X76.165 Y165.56 E12.54056
G1 X76.477 Y165.35 E12.55808
G1 X79.829 Y163.337 E12.74014
G1 X80.161 Y163.161 E12.75764
G1 X83.705 Y161.503 E12.93983
G1 X84.051 Y161.362 E12.95723
G1 X87.748 Y160.076 E13.13949
G1 X88.108 Y159.971 E13.15695
G1 X91.914 Y159.073 E13.33904
G1 X92.282 Y159.006 E13.35646
G1 X96.164 Y158.503 E13.53873
G1 X96.539 Y158.474 E13.55625
G1 X100.449 Y158.374 E13.73837
G1 X100.823 Y158.384 E13.75579
G1 X104.722 Y158.686 E13.93789
G1 X105.094 Y158.734 E13.95536
G1 X108.945 Y159.436 E14.13763
G1 X109.308 Y159.522 E14.155
G1 X113.063 Y160.614 E14.33709
G1 X113.419 Y160.737 E14.35463
G1 X117.044 Y162.212 E14.53687
G1 X117.383 Y162.371 E14.5543
G1 X120.835 Y164.209 E14.73641
G1 X121.156 Y164.402 E14.75385
G1 X124.404 Y166.587 E14.93612
G1 X124.703 Y166.811 E14.95352
G1 X127.707 Y169.315 E15.13562
G1 X127.984 Y169.571 E15.15318
G1 X130.713 Y172.373 E15.33531
G1 X130.959 Y172.654 E15.3527
G1 X133.387 Y175.722 E15.53489
G1 X133.604 Y176.027 E15.55232
G1 X135.704 Y179.328 E15.73449
G1 X135.889 Y179.655 E15.75199
G1 X137.638 Y183.155 E15.93418
G1 X137.788 Y183.498 E15.95161
G1 X139.169 Y187.161 E16.13389
G1 X139.283 Y187.517 E16.1513
G1 X140.28 Y191.298 E16.33338
G1 X140.357 Y191.666 E16.35088
G1 X140.959 Y195.532 E16.53307
G1 X140.997 Y195.905 E16.55053
G1 X141.198 Y199.812 E16.7327
G1 X141.198 Y200.186 E16.75011
G1 X140.997 Y204.093 E16.93228
G1 X140.959 Y204.466 E16.94974
G1 X140.357 Y208.334 E17.13201
G1 X140.28 Y208.702 E17.14952
G1 X139.283 Y212.483 E17.3316
G1 X139.169 Y212.839 E17.349
G1 X137.789 Y216.5 E17.53118
G1 X137.639 Y216.843 E17.54862
G1 X135.89 Y220.343 E17.73081
G1 X135.705 Y220.669 E17.74826
G1 X133.605 Y223.971 E17.93048
G1 X133.388 Y224.277 E17.94794
G1 X130.961 Y227.344 E18.13006
G1 X130.715 Y227.625 E18.14745
G1 X127.985 Y230.428 E18.32965
G1 X127.708 Y230.684 E18.34721
G1 X124.703 Y233.189 E18.52938
G1 X124.404 Y233.413 E18.54677
G1 X121.156 Y235.598 E18.72905
G1 X120.835 Y235.791 E18.74649
G1 X117.383 Y237.629 E18.9286
G1 X117.045 Y237.787 E18.94597
G1 X113.42 Y239.263 E19.12822
G1 X113.063 Y239.387 E19.14582
G1 X109.308 Y240.478 E19.3279
G1 X108.945 Y240.564 E19.34527
G1 X105.094 Y241.266 E19.52754
G1 X104.722 Y241.314 E19.54501
G1 X100.823 Y241.616 E19.7271
G1 X100.449 Y241.626 E19.74453
G1 X96.539 Y241.526 E19.92665
G1 X96.165 Y241.497 E19.94412
G1 X92.283 Y240.995 E20.12639
G1 X91.913 Y240.928 E20.14389
G1 X88.107 Y240.029 E20.32599
G1 X87.748 Y239.924 E20.34341
G1 X84.051 Y238.638 E20.52568
G1 X83.705 Y238.497 E20.54307
G1 X80.161 Y236.839 E20.72526
G1 X79.829 Y236.663 E20.74276
G1 X76.477 Y234.65 E20.92483
G1 X76.165 Y234.44 E20.94234
G1 X73.036 Y232.09 E21.12455
G1 X72.75 Y231.851 E21.14191
G1 X69.877 Y229.193 E21.32416
G1 X69.615 Y228.924 E21.34165
G1 X67.032 Y225.985 E21.52384
G1 X66.799 Y225.691 E21.54131
G1 X64.532 Y222.502 E21.7235
G1 X64.331 Y222.186 E21.74094
G1 X62.404 Y218.782 E21.92308
G1 X62.237 Y218.447 E21.94051
G1 X60.67 Y214.862 E22.12269
G1 X60.537 Y214.51 E22.14021
G1 X59.349 Y210.785 E22.32227
G1 X59.254 Y210.424 E22.33965
G1 X58.453 Y206.592 E22.52194
G1 X58.395 Y206.221 E22.53943
G1 X57.993 Y202.331 E22.72153
G1 X57.974 Y201.957 E22.73896
G1 X57.974 Y198.045 E22.92112
G1 X57.993 Y197.671 E22.93856
G1 X58.395 Y193.779 E23.12075
G1 X58.453 Y193.408 E23.13824
G1 X59.254 Y189.576 E23.32053
G1 X59.349 Y189.215 E23.33791
G1 X60.537 Y185.49 E23.51997
G1 X60.67 Y185.138 E23.53749
G1 X62.237 Y181.553 E23.71967
G1 X62.404 Y181.218 E23.7371
G1 X64.331 Y177.814 E23.91924
G1 X64.532 Y177.498 E23.93668
G1 X66.799 Y174.309 E24.11887
G1 X67.032 Y174.015 E24.13634
G1 X69.615 Y171.076 E24.31854
G1 X69.877 Y170.807 E24.33602
G1 X72.75 Y168.149 E24.51827
M204 S3000
M205 X10 Y10
G1 F2400 E18.51827
G0 F3000 X70.036 Y171.446
M204 S1800
M205 X8 Y8
G1 F2400 E24.51827
G1 X70.257 Y171.218 E24.53306
G1 X73.13 Y168.56 E24.71531
G1 X73.372 Y168.358 E24.72998
G1 X76.501 Y166.008 E24.9122
G1 X76.765 Y165.831 E24.927
G1 X80.117 Y163.818 E25.10907
G1 X80.398 Y163.668 E25.1239
G1 X83.942 Y162.01 E25.30609
G1 X84.235 Y161.891 E25.32081
G1 X87.932 Y160.605 E25.50308
G1 X88.237 Y160.516 E25.51787
G1 X92.043 Y159.618 E25.69996
G1 X92.354 Y159.562 E25.71468
G1 X96.236 Y159.059 E25.89695
G1 X96.553 Y159.034 E25.91176
G1 X100.463 Y158.934 E26.09388
G1 X100.78 Y158.942 E26.10865
G1 X104.679 Y159.244 E26.29075
G1 X104.993 Y159.285 E26.30549
G1 X108.844 Y159.987 E26.48776
G1 X109.152 Y160.06 E26.5025
G1 X112.907 Y161.152 E26.6846
G1 X113.208 Y161.256 E26.69942
G1 X116.833 Y162.731 E26.88166
G1 X117.12 Y162.865 E26.89641
G1 X120.572 Y164.703 E27.07851
G1 X120.843 Y164.866 E27.09324
G1 X124.091 Y167.051 E27.27551
G1 X124.344 Y167.241 E27.29025
G1 X127.348 Y169.745 E27.47235
G1 X127.582 Y169.962 E27.48721
G1 X130.311 Y172.764 E27.66934
G1 X130.52 Y173.002 E27.68409
G1 X132.948 Y176.07 E27.86627
G1 X133.132 Y176.328 E27.88103
G1 X135.232 Y179.629 E28.0632
G1 X135.388 Y179.905 E28.07796
G1 X137.137 Y183.405 E28.26015
G1 X137.264 Y183.695 E28.2749
G1 X138.645 Y187.358 E28.45718
G1 X138.741 Y187.66 E28.47194
G1 X139.738 Y191.441 E28.65401
G1 X139.803 Y191.752 E28.66881
G1 X140.405 Y195.618 E28.85099
G1 X140.438 Y195.934 E28.86579
G1 X140.639 Y199.841 E29.04796
G1 X140.639 Y200.157 E29.06267
G1 X140.438 Y204.064 E29.24484
G1 X140.405 Y204.38 E29.25963
G1 X139.803 Y208.248 E29.44191
G1 X139.738 Y208.559 E29.4567
G1 X138.741 Y212.34 E29.63878
G1 X138.645 Y212.641 E29.65349
G1 X137.265 Y216.302 E29.83567
G1 X137.138 Y216.593 E29.85046
G1 X135.389 Y220.093 E30.03265
G1 X135.233 Y220.369 E30.04741
G1 X133.133 Y223.671 E30.22963
G1 X132.949 Y223.929 E30.24438
G1 X130.522 Y226.996 E30.4265
G1 X130.313 Y227.234 E30.44125
G1 X127.583 Y230.037 E30.62344
G1 X127.349 Y230.254 E30.6383
G1 X124.344 Y232.759 E30.82047
G1 X124.091 Y232.949 E30.8352
G1 X120.843 Y235.134 E31.01748
G1 X120.572 Y235.297 E31.03221
G1 X117.12 Y237.135 E31.21431
G1 X116.833 Y237.269 E31.22906
G1 X113.208 Y238.745 E31.41131
G1 X112.906 Y238.85 E31.4262
G1 X109.151 Y239.941 E31.60828
G1 X108.844 Y240.013 E31.62296
G1 X104.993 Y240.715 E31.80523
G1 X104.679 Y240.756 E31.81998
G1 X100.78 Y241.058 E32.00208
G1 X100.463 Y241.066 E32.01684
G1 X96.553 Y240.966 E32.19897
G1 X96.237 Y240.942 E32.21373
G1 X92.355 Y240.44 E32.39599
G1 X92.042 Y240.383 E32.41081
G1 X88.236 Y239.484 E32.59291
G1 X87.932 Y239.395 E32.60766
G1 X84.235 Y238.109 E32.78992
G1 X83.942 Y237.99 E32.80465
G1 X80.398 Y236.332 E32.98684
G1 X80.117 Y236.182 E33.00167
G1 X76.765 Y234.169 E33.18374
G1 X76.501 Y233.992 E33.19854
G1 X73.372 Y231.642 E33.38075
G1 X73.13 Y231.44 E33.39543
G1 X70.257 Y228.782 E33.57768
G1 X70.036 Y228.554 E33.59246
G1 X67.453 Y225.615 E33.77466
G1 X67.256 Y225.367 E33.78941
G1 X64.989 Y222.178 E33.9716
G1 X64.819 Y221.91 E33.98637
G1 X62.892 Y218.506 E34.16852
G1 X62.75 Y218.223 E34.18326
G1 X61.183 Y214.638 E34.36544
G1 X61.071 Y214.34 E34.38027
G1 X59.883 Y210.615 E34.56232
G1 X59.802 Y210.309 E34.57706
G1 X59.001 Y206.477 E34.75935
G1 X58.952 Y206.164 E34.77411
G1 X58.55 Y202.274 E34.95621
G1 X58.534 Y201.957 E34.97099
G1 X58.534 Y198.045 E35.15314
G1 X58.55 Y197.729 E35.16788
G1 X58.952 Y193.837 E35.35007
G1 X59.001 Y193.523 E35.36487
G1 X59.802 Y189.691 E35.54716
G1 X59.883 Y189.385 E35.5619
G1 X61.071 Y185.66 E35.74396
G1 X61.183 Y185.362 E35.75878
G1 X62.75 Y181.777 E35.94096
G1 X62.892 Y181.494 E35.95571
G1 X64.819 Y178.09 E36.13785
G1 X64.989 Y177.822 E36.15262
G1 X67.256 Y174.633 E36.33482
G1 X67.453 Y174.385 E36.34956
G1 X70.036 Y171.446 E36.53176
M204 S3000
M205 X10 Y10
G1 F2400 E30.53176
G0 F3000 X67.712 Y174.958
M204 S1800
M205 X8 Y8
G1 F2400 E36.53176
G1 X67.873 Y174.754 E36.54386
G1 X70.456 Y171.815 E36.72605
G1 X70.638 Y171.629 E36.73817
G1 X73.511 Y168.971 E36.92042
G1 X73.709 Y168.806 E36.93242
G1 X76.838 Y166.456 E37.11464
G1 X77.054 Y166.311 E37.12675
G1 X80.406 Y164.298 E37.30882
G1 X80.635 Y164.175 E37.32092
G1 X84.179 Y162.517 E37.50311
G1 X84.419 Y162.42 E37.51516
G1 X88.116 Y161.134 E37.69743
G1 X88.365 Y161.061 E37.70951
G1 X92.171 Y160.163 E37.8916
G1 X92.426 Y160.117 E37.90367
G1 X96.308 Y159.614 E38.08594
G1 X96.568 Y159.594 E38.09808
G1 X100.478 Y159.494 E38.28021
G1 X100.737 Y159.501 E38.29227
G1 X104.636 Y159.803 E38.47437
G1 X104.893 Y159.836 E38.48644
G1 X108.744 Y160.538 E38.66871
G1 X108.996 Y160.597 E38.68076
G1 X112.751 Y161.689 E38.86285
G1 X112.997 Y161.775 E38.87499
G1 X116.622 Y163.25 E39.05722
G1 X116.856 Y163.36 E39.06926
G1 X120.308 Y165.198 E39.25136
G1 X120.531 Y165.331 E39.26346
G1 X123.779 Y167.516 E39.44573
G1 X123.986 Y167.671 E39.45777
G1 X126.99 Y170.175 E39.63988
G1 X127.181 Y170.353 E39.65203
G1 X129.91 Y173.155 E39.83416
G1 X130.081 Y173.349 E39.8462
G1 X132.509 Y176.417 E40.02839
G1 X132.659 Y176.628 E40.04044
G1 X134.759 Y179.929 E40.22262
G1 X134.887 Y180.156 E40.23475
G1 X136.636 Y183.656 E40.41694
G1 X136.74 Y183.893 E40.42899
G1 X138.121 Y187.556 E40.61128
G1 X138.2 Y187.802 E40.62331
G1 X139.197 Y191.583 E40.80539
G1 X139.25 Y191.838 E40.81751
G1 X139.852 Y195.704 E40.9997
G1 X139.879 Y195.963 E41.01183
G1 X140.08 Y199.87 E41.19399
G1 X140.08 Y200.128 E41.20601
G1 X139.879 Y204.035 E41.38817
G1 X139.852 Y204.294 E41.4003
G1 X139.25 Y208.162 E41.58258
G1 X139.197 Y208.417 E41.59471
G1 X138.2 Y212.198 E41.77678
G1 X138.121 Y212.444 E41.78881
G1 X136.741 Y216.105 E41.97099
G1 X136.637 Y216.342 E41.98305
G1 X134.888 Y219.842 E42.16524
G1 X134.76 Y220.068 E42.17733
G1 X132.66 Y223.37 E42.35955
G1 X132.51 Y223.582 E42.37164
G1 X130.083 Y226.649 E42.55376
G1 X129.912 Y226.843 E42.5658
G1 X127.182 Y229.646 E42.74799
G1 X126.991 Y229.824 E42.76015
G1 X123.986 Y232.329 E42.94232
G1 X123.779 Y232.484 E42.95436
G1 X120.531 Y234.669 E43.13664
G1 X120.308 Y234.802 E43.14873
G1 X116.856 Y236.64 E43.33083
G1 X116.622 Y236.75 E43.34287
G1 X112.997 Y238.226 E43.52512
G1 X112.75 Y238.312 E43.5373
G1 X108.995 Y239.403 E43.71938
G1 X108.744 Y239.462 E43.73139
G1 X104.893 Y240.164 E43.91366
G1 X104.636 Y240.197 E43.92572
G1 X100.737 Y240.499 E44.10782
G1 X100.478 Y240.506 E44.11989
G1 X96.568 Y240.406 E44.30201
G1 X96.309 Y240.386 E44.31411
G1 X92.427 Y239.884 E44.49638
G1 X92.171 Y239.838 E44.50849
G1 X88.365 Y238.939 E44.69059
G1 X88.116 Y238.866 E44.70267
G1 X84.419 Y237.58 E44.88493
G1 X84.179 Y237.483 E44.89699
G1 X80.635 Y235.825 E45.07918
G1 X80.406 Y235.702 E45.09128
G1 X77.054 Y233.689 E45.27335
G1 X76.838 Y233.544 E45.28546
G1 X73.709 Y231.194 E45.46768
G1 X73.511 Y231.029 E45.47968
G1 X70.638 Y228.371 E45.66193
G1 X70.456 Y228.185 E45.67405
G1 X67.873 Y225.246 E45.85624
G1 X67.712 Y225.042 E45.86834
G1 X65.445 Y221.853 E46.05053
G1 X65.306 Y221.634 E46.06261
G1 X63.379 Y218.23 E46.24475
G1 X63.263 Y217.998 E46.25683
G1 X61.696 Y214.413 E46.43901
G1 X61.604 Y214.17 E46.45111
G1 X60.416 Y210.445 E46.63317
G1 X60.35 Y210.195 E46.64521
G1 X59.549 Y206.363 E46.8275
G1 X59.509 Y206.106 E46.83961
G1 X59.107 Y202.216 E47.02171
G1 X59.094 Y201.957 E47.03378
G1 X59.094 Y198.045 E47.21594
G1 X59.107 Y197.786 E47.22802
G1 X59.509 Y193.894 E47.41021
G1 X59.549 Y193.637 E47.42232
G1 X60.35 Y189.805 E47.60461
G1 X60.416 Y189.555 E47.61665
G1 X61.604 Y185.83 E47.79871
G1 X61.696 Y185.587 E47.81081
G1 X63.263 Y182.002 E47.99299
G1 X63.379 Y181.77 E48.00507
G1 X65.306 Y178.366 E48.18721
G1 X65.445 Y178.147 E48.19929
G1 X67.712 Y174.958 E48.38148
M204 S3000
M205 X10 Y10
G1 F2400 E42.38148
G0 F3000 X65.793 Y178.641
M204 S1800
M205 X8 Y8
G1 F2400 E48.38148
G1 X65.902 Y178.471 E48.39088
G1 X68.169 Y175.282 E48.57307
G1 X68.294 Y175.124 E48.58245
G1 X70.877 Y172.185 E48.76465
G1 X71.018 Y172.04 E48.77407
G1 X73.891 Y169.382 E48.95632
G1 X74.045 Y169.254 E48.96564
G1 X77.174 Y166.904 E49.14786
G1 X77.342 Y166.791 E49.15728
G1 X80.694 Y164.778 E49.33935
G1 X80.872 Y164.683 E49.34875
G1 X84.416 Y163.025 E49.53093
G1 X84.603 Y162.949 E49.54033
G1 X88.3 Y161.663 E49.7226
G1 X88.494 Y161.606 E49.73201
G1 X92.3 Y160.708 E49.9141
G1 X92.498 Y160.672 E49.92348
G1 X96.38 Y160.169 E50.10575
G1 X96.582 Y160.154 E50.11518
G1 X100.492 Y160.054 E50.29731
G1 X100.693 Y160.059 E50.30667
G1 X104.592 Y160.361 E50.48877
G1 X104.792 Y160.387 E50.49816
G1 X108.643 Y161.089 E50.68043
G1 X108.839 Y161.135 E50.68981
G1 X112.594 Y162.227 E50.8719
G1 X112.786 Y162.294 E50.88137
G1 X116.411 Y163.769 E51.0636
G1 X116.593 Y163.854 E51.07295
G1 X120.045 Y165.692 E51.25506
G1 X120.218 Y165.796 E51.26446
G1 X123.466 Y167.981 E51.44673
G1 X123.627 Y168.101 E51.45608
G1 X126.631 Y170.605 E51.63819
G1 X126.78 Y170.743 E51.64764
G1 X129.509 Y173.545 E51.82977
G1 X129.642 Y173.697 E51.83918
G1 X132.07 Y176.765 E52.02136
G1 X132.187 Y176.929 E52.03074
G1 X134.287 Y180.23 E52.21292
G1 X134.386 Y180.406 E52.22232
G1 X136.135 Y183.906 E52.40451
G1 X136.216 Y184.091 E52.41391
G1 X137.597 Y187.754 E52.5962
G1 X137.658 Y187.945 E52.60553
G1 X138.655 Y191.726 E52.78761
G1 X138.697 Y191.924 E52.79704
G1 X139.299 Y195.79 E52.97922
G1 X139.319 Y195.991 E52.98863
G1 X139.52 Y199.898 E53.17079
G1 X139.52 Y200.1 E53.1802
G1 X139.319 Y204.007 E53.36237
G1 X139.299 Y204.207 E53.37173
G1 X138.697 Y208.075 E53.55401
G1 X138.655 Y208.274 E53.56348
G1 X137.658 Y212.055 E53.74555
G1 X137.597 Y212.246 E53.75489
G1 X136.217 Y215.907 E53.93707
G1 X136.136 Y216.092 E53.94647
G1 X134.387 Y219.592 E54.12866
G1 X134.288 Y219.768 E54.13807
G1 X132.188 Y223.07 E54.32028
G1 X132.071 Y223.234 E54.32966
G1 X129.644 Y226.301 E54.51178
G1 X129.511 Y226.453 E54.52119
G1 X126.781 Y229.256 E54.70338
G1 X126.632 Y229.394 E54.71284
G1 X123.627 Y231.899 E54.895
G1 X123.466 Y232.019 E54.90435
G1 X120.218 Y234.204 E55.08663
G1 X120.045 Y234.308 E55.09603
G1 X116.593 Y236.146 E55.27814
G1 X116.411 Y236.231 E55.28749
G1 X112.786 Y237.707 E55.46974
G1 X112.594 Y237.774 E55.47921
G1 X108.839 Y238.865 E55.66129
G1 X108.643 Y238.911 E55.67066
G1 X104.792 Y239.613 E55.85294
G1 X104.592 Y239.639 E55.86233
G1 X100.693 Y239.941 E56.04442
G1 X100.492 Y239.946 E56.05379
G1 X96.582 Y239.846 E56.23591
G1 X96.381 Y239.831 E56.2453
G1 X92.499 Y239.329 E56.42757
G1 X92.299 Y239.293 E56.43703
G1 X88.493 Y238.394 E56.61913
G1 X88.3 Y238.337 E56.6285
G1 X84.603 Y237.051 E56.81076
G1 X84.416 Y236.975 E56.82016
G1 X80.872 Y235.317 E57.00235
G1 X80.694 Y235.222 E57.01175
G1 X77.342 Y233.209 E57.19381
G1 X77.174 Y233.096 E57.20324
G1 X74.045 Y230.746 E57.38546
G1 X73.891 Y230.618 E57.39478
G1 X71.018 Y227.96 E57.57703
G1 X70.877 Y227.815 E57.58645
G1 X68.294 Y224.876 E57.76864
G1 X68.169 Y224.718 E57.77802
G1 X65.902 Y221.529 E57.96021
G1 X65.793 Y221.359 E57.96962
G1 X63.866 Y217.955 E58.15176
G1 X63.776 Y217.774 E58.16117
G1 X62.209 Y214.189 E58.34335
G1 X62.138 Y214 E58.35275
G1 X60.95 Y210.275 E58.53481
G1 X60.898 Y210.08 E58.54421
G1 X60.097 Y206.248 E58.7265
G1 X60.066 Y206.048 E58.73593
G1 X59.664 Y202.158 E58.91803
G1 X59.654 Y201.957 E58.9274
G1 X59.654 Y198.045 E59.10956
G1 X59.664 Y197.844 E59.11893
G1 X60.066 Y193.952 E59.30112
G1 X60.097 Y193.752 E59.31054
G1 X60.898 Y189.92 E59.49283
G1 X60.95 Y189.725 E59.50223
G1 X62.138 Y186 E59.68429
G1 X62.209 Y185.811 E59.69369
G1 X63.776 Y182.226 E59.87587
G1 X63.866 Y182.045 E59.88529
G1 X65.793 Y178.641 E60.06743
M204 S3000
M205 X10 Y10
G1 F2400 E54.06743
G0 F3000 X64.289 Y182.45
M204 S1800
M205 X8 Y8
G1 F2400 E60.06743
G1 X64.354 Y182.321 E60.07415
G1 X66.281 Y178.917 E60.25629
G1 X66.358 Y178.796 E60.26297
G1 X68.625 Y175.607 E60.44516
G1 X68.714 Y175.494 E60.45186
G1 X71.297 Y172.555 E60.63405
G1 X71.398 Y172.451 E60.6408
G1 X74.271 Y169.793 E60.82305
G1 X74.381 Y169.702 E60.8297
G1 X77.51 Y167.352 E61.01192
G1 X77.63 Y167.271 E61.01866
G1 X80.982 Y165.258 E61.20072
G1 X81.11 Y165.19 E61.20747
G1 X84.654 Y163.532 E61.38966
G1 X84.787 Y163.478 E61.39635
G1 X88.484 Y162.192 E61.57861
G1 X88.623 Y162.151 E61.58536
G1 X92.429 Y161.253 E61.76745
G1 X92.57 Y161.228 E61.77412
G1 X96.452 Y160.725 E61.95639
G1 X96.596 Y160.713 E61.96312
G1 X100.506 Y160.613 E62.14524
G1 X100.65 Y160.617 E62.15195
G1 X104.549 Y160.919 E62.33405
G1 X104.692 Y160.938 E62.34077
G1 X108.543 Y161.64 E62.52304
G1 X108.683 Y161.673 E62.52974
G1 X112.438 Y162.765 E62.71183
G1 X112.575 Y162.812 E62.71857
G1 X116.2 Y164.287 E62.90081
G1 X116.33 Y164.348 E62.9075
G1 X119.782 Y166.186 E63.0896
G1 X119.905 Y166.26 E63.09628
G1 X123.153 Y168.445 E63.27856
G1 X123.268 Y168.532 E63.28528
G1 X126.272 Y171.036 E63.46738
G1 X126.379 Y171.134 E63.47413
G1 X129.108 Y173.936 E63.65626
G1 X129.203 Y174.044 E63.66296
G1 X131.631 Y177.112 E63.84514
G1 X131.714 Y177.23 E63.85186
G1 X133.814 Y180.531 E64.03404
G1 X133.885 Y180.656 E64.04073
G1 X135.634 Y184.156 E64.22292
G1 X135.692 Y184.288 E64.22964
G1 X137.073 Y187.951 E64.41192
G1 X137.117 Y188.088 E64.41862
G1 X138.114 Y191.869 E64.6007
G1 X138.143 Y192.011 E64.60745
G1 X138.745 Y195.877 E64.78963
G1 X138.76 Y196.02 E64.79633
G1 X138.961 Y199.927 E64.97849
G1 X138.961 Y200.071 E64.9852
G1 X138.76 Y203.978 E65.16737
G1 X138.745 Y204.121 E65.17406
G1 X138.143 Y207.989 E65.35634
G1 X138.114 Y208.131 E65.36309
G1 X137.117 Y211.912 E65.54517
G1 X137.073 Y212.049 E65.55187
G1 X135.693 Y215.71 E65.73405
G1 X135.635 Y215.842 E65.74076
G1 X133.886 Y219.342 E65.92295
G1 X133.815 Y219.467 E65.92964
G1 X131.715 Y222.769 E66.11186
G1 X131.632 Y222.887 E66.11858
G1 X129.205 Y225.954 E66.30069
G1 X129.11 Y226.062 E66.30739
G1 X126.38 Y228.865 E66.48959
G1 X126.273 Y228.963 E66.49634
G1 X123.268 Y231.468 E66.67851
G1 X123.153 Y231.555 E66.68522
G1 X119.905 Y233.74 E66.8675
G1 X119.782 Y233.814 E66.87419
G1 X116.33 Y235.652 E67.05629
G1 X116.2 Y235.713 E67.06298
G1 X112.575 Y237.189 E67.24523
G1 X112.438 Y237.236 E67.25197
G1 X108.683 Y238.327 E67.43405
G1 X108.543 Y238.36 E67.44075
G1 X104.692 Y239.062 E67.62302
G1 X104.549 Y239.081 E67.62974
G1 X100.65 Y239.383 E67.81184
G1 X100.506 Y239.387 E67.81855
G1 X96.596 Y239.287 E68.00067
G1 X96.452 Y239.275 E68.0074
G1 X92.57 Y238.773 E68.18967
G1 X92.428 Y238.748 E68.19638
G1 X88.622 Y237.849 E68.37848
G1 X88.484 Y237.808 E68.38519
G1 X84.787 Y236.522 E68.56745
G1 X84.654 Y236.468 E68.57413
G1 X81.11 Y234.81 E68.75632
G1 X80.982 Y234.742 E68.76307
G1 X77.63 Y232.729 E68.94514
G1 X77.51 Y232.648 E68.95188
G1 X74.381 Y230.298 E69.1341
G1 X74.271 Y230.207 E69.14074
G1 X71.398 Y227.549 E69.32299
G1 X71.297 Y227.445 E69.32974
G1 X68.714 Y224.506 E69.51194
G1 X68.625 Y224.393 E69.51864
G1 X66.358 Y221.204 E69.70083
G1 X66.281 Y221.083 E69.7075
G1 X64.354 Y217.679 E69.88964
G1 X64.289 Y217.55 E69.89637
G1 X62.722 Y213.965 E70.07855
G1 X62.671 Y213.829 E70.08532
G1 X61.483 Y210.104 E70.26738
G1 X61.447 Y209.965 E70.27406
G1 X60.646 Y206.133 E70.45635
G1 X60.623 Y205.991 E70.46305
G1 X60.221 Y202.101 E70.64515
G1 X60.214 Y201.957 E70.65186
G1 X60.214 Y198.045 E70.83402
G1 X60.221 Y197.901 E70.84074
G1 X60.623 Y194.009 E71.02293
G1 X60.646 Y193.867 E71.02963
G1 X61.447 Y190.035 E71.21192
G1 X61.483 Y189.896 E71.2186
G1 X62.671 Y186.171 E71.40066
G1 X62.722 Y186.035 E71.40743
G1 X64.289 Y182.45 E71.58961
M204 S3000
M205 X10 Y10
G1 F2400 E65.58961
G0 F3000 X63.205 Y186.341
M204 S1800
M205 X8 Y8
G1 F2400 E71.58961
G1 X64.802 Y182.675 E71.77581
G1 X66.768 Y179.193 E71.962
G1 X69.081 Y175.931 E72.1482
G1 X71.718 Y172.924 E72.33444
G1 X74.652 Y170.204 E72.52073
G1 X77.847 Y167.799 E72.70694
G1 X81.271 Y165.738 E72.89303
G1 X84.891 Y164.039 E73.07924
G1 X88.668 Y162.721 E73.26551
G1 X88.751 Y162.696 E73.26955
G1 X92.642 Y161.783 E73.45565
G1 X96.611 Y161.273 E73.64198
G1 X100.521 Y161.173 E73.82411
G1 X104.506 Y161.478 E74.01021
G1 X108.443 Y162.191 E74.19651
G1 X108.527 Y162.21 E74.20052
G1 X112.364 Y163.331 E74.38666
G1 X116.067 Y164.843 E74.57291
G1 X119.593 Y166.725 E74.75902
G1 X122.91 Y168.962 E74.94531
G1 X125.978 Y171.525 E75.13146
G1 X128.764 Y174.392 E75.31761
G1 X131.242 Y177.53 E75.50379
G1 X133.342 Y180.831 E75.68597
G1 X135.133 Y184.407 E75.8722
G1 X136.549 Y188.149 E76.0585
G1 X137.572 Y192.012 E76.24458
G1 X138.192 Y195.963 E76.43081
G1 X138.402 Y199.956 E76.61699
G1 X138.201 Y203.949 E76.80316
G1 X137.59 Y207.903 E76.98946
G1 X136.575 Y211.769 E77.17558
G1 X135.169 Y215.512 E77.36176
G1 X133.385 Y219.091 E77.54797
G1 X133.343 Y219.167 E77.55201
G1 X131.193 Y222.539 E77.73823
G1 X128.709 Y225.671 E77.92437
G1 X125.915 Y228.533 E78.11061
G1 X122.841 Y231.09 E78.29679
G1 X119.519 Y233.319 E78.48307
G1 X115.989 Y235.194 E78.66919
G1 X112.281 Y236.699 E78.85553
G1 X108.443 Y237.809 E79.04157
G1 X104.506 Y238.522 E79.22788
G1 X100.521 Y238.827 E79.41398
G1 X96.524 Y238.72 E79.60016
G1 X92.557 Y238.203 E79.78644
G1 X88.751 Y237.304 E79.96854
G1 X84.971 Y235.993 E80.15484
G1 X81.347 Y234.303 E80.34104
G1 X77.919 Y232.249 E80.52712
G1 X74.718 Y229.851 E80.71336
G1 X71.779 Y227.138 E80.8996
G1 X69.135 Y224.137 E81.08584
G1 X66.814 Y220.88 E81.27207
G1 X64.841 Y217.403 E81.45822
G1 X63.235 Y213.74 E81.64446
G1 X62.017 Y209.934 E81.83054
G1 X61.194 Y206.019 E82.01682
G1 X60.778 Y202.043 E82.20297
G1 X60.774 Y198.045 E82.38914
G1 X61.18 Y194.067 E82.57533
G1 X61.995 Y190.149 E82.76167
G1 X63.205 Y186.341 E82.94773
M204 S3000
M205 X10 Y10
G1 F2400 E76.94773
G0 F3000 X62.183 Y190.12
G0 X62.55 Y190.236
M204 S1800
M205 X8 Y8
G1 F2400 E82.94773
G1 X63.748 Y186.484 E83.13113
G1 X65.328 Y182.873 E83.31466
G1 X67.271 Y179.445 E83.49814
G1 X69.556 Y176.233 E83.68169
G1 X72.159 Y173.273 E83.86523
G1 X75.054 Y170.597 E84.0488
G1 X78.207 Y168.231 E84.23236
G1 X81.584 Y166.204 E84.41576
G1 X85.155 Y164.536 E84.59928
G1 X88.88 Y163.241 E84.78292
G1 X92.714 Y162.338 E84.96633
G1 X96.625 Y161.833 E85.14996
G1 X100.535 Y161.733 E85.33208
G1 X104.491 Y162.04 E85.51684
G1 X108.37 Y162.748 E85.70045
G1 X112.153 Y163.85 E85.88392
G1 X115.804 Y165.337 E86.06749
G1 X119.28 Y167.19 E86.25091
G1 X122.551 Y169.392 E86.43452
G1 X125.577 Y171.916 E86.618
G1 X128.325 Y174.739 E86.80145
G1 X130.769 Y177.831 E86.98497
G1 X132.883 Y181.157 E87.16848
G1 X134.644 Y184.683 E87.352
G1 X136.034 Y188.374 E87.53565
G1 X137.037 Y192.183 E87.71906
G1 X137.642 Y196.078 E87.9026
G1 X137.843 Y200.013 E88.08607
G1 X137.639 Y203.949 E88.2696
G1 X137.031 Y207.845 E88.45321
G1 X136.025 Y211.654 E88.63665
G1 X134.633 Y215.341 E88.82016
G1 X132.87 Y218.866 E89.00368
G1 X130.754 Y222.192 E89.18724
G1 X128.308 Y225.28 E89.37068
G1 X125.556 Y228.103 E89.55425
G1 X122.528 Y230.625 E89.73775
G1 X119.256 Y232.825 E89.92134
G1 X115.778 Y234.675 E90.10478
G1 X112.125 Y236.161 E90.28841
G1 X108.342 Y237.258 E90.47182
G1 X104.463 Y237.964 E90.65541
G1 X100.535 Y238.267 E90.83886
G1 X96.596 Y238.165 E91.02234
G1 X92.686 Y237.658 E91.20593
G1 X88.852 Y236.75 E91.38939
G1 X85.128 Y235.454 E91.573
G1 X81.559 Y233.782 E91.75652
G1 X78.183 Y231.753 E91.93993
G1 X75.032 Y229.385 E92.12346
G1 X72.139 Y226.706 E92.30706
G1 X69.538 Y223.744 E92.49061
G1 X67.255 Y220.531 E92.67415
G1 X65.315 Y217.101 E92.85764
G1 X63.738 Y213.489 E93.04116
G1 X62.543 Y209.736 E93.22456
G1 X61.737 Y205.876 E93.40818
G1 X61.334 Y201.957 E93.59162
G1 X61.335 Y198.016 E93.77513
G1 X61.742 Y194.096 E93.95864
G1 X62.55 Y190.236 E94.14228
M204 S3000
M205 X10 Y10
G1 F2400 E88.14228
;MESH:15_4_2.stl
G0 F3000 X62.323 Y198.083
G1 F2400 E94.14228
G0 F3000 X61.894 Y198.06
M204 S1800
M205 X8 Y8
;TYPE:WALL-OUTER
G1 F1500 X61.894 Y201.942 E94.32304
G1 X62.294 Y205.803 E94.50379
G1 X63.086 Y209.593 E94.68408
G1 X64.248 Y213.244 E94.86249
G1 X64.293 Y213.364 E94.86845
G1 X65.824 Y216.864 E95.04634
G1 X67.736 Y220.243 E95.22712
G1 X69.49 Y222.71 E95.36807
G1 X69.987 Y223.409 E95.40801
G1 X72.548 Y226.325 E95.58872
G1 X75.405 Y228.968 E95.76995
G1 X78.509 Y231.295 E95.95059
G1 X81.769 Y233.254 E96.12769
G1 X82.025 Y233.381 E96.141
G1 X85.356 Y234.94 E96.31225
G1 X89.036 Y236.222 E96.49371
G1 X92.804 Y237.107 E96.67393
G1 X96.653 Y237.607 E96.85467
G1 X100.533 Y237.706 E97.03539
G1 X104.404 Y237.407 E97.21618
G1 X108.225 Y236.71 E97.39704
G1 X111.941 Y235.629 E97.57724
G1 X115.552 Y234.162 E97.75873
G1 X118.981 Y232.336 E97.93963
G1 X122.203 Y230.169 E98.12043
G1 X125.184 Y227.682 E98.30121
G1 X127.896 Y224.899 E98.48215
G1 X130.305 Y221.854 E98.66294
G1 X132.388 Y218.579 E98.84367
G1 X134.125 Y215.103 E99.02461
G1 X135.501 Y211.456 E99.20612
G1 X136.485 Y207.714 E99.38629
G1 X137.082 Y203.876 E99.56715
G1 X137.282 Y199.998 E99.74796
G1 X137.083 Y196.122 E99.92868
G1 X136.485 Y192.284 E100.10955
G1 X135.515 Y188.604 E100.28676
G1 X135.294 Y188 E100.31671
G1 X134.125 Y184.895 E100.4712
G1 X132.418 Y181.479 E100.64902
G1 X131.876 Y180.615 E100.69651
G1 X130.305 Y178.146 E100.83278
G1 X127.894 Y175.099 E101.0137
G1 X125.184 Y172.318 E101.19451
G1 X122.201 Y169.829 E101.37542
G1 X118.981 Y167.664 E101.55609
G1 X115.552 Y165.838 E101.73699
G1 X111.942 Y164.367 E101.91851
G1 X108.225 Y163.291 E102.09869
G1 X104.404 Y162.594 E102.27955
G1 X100.533 Y162.294 E102.46034
G1 X96.653 Y162.393 E102.64107
G1 X92.804 Y162.892 E102.82179
G1 X89.036 Y163.782 E103.00207
G1 X85.356 Y165.06 E103.18347
G1 X81.836 Y166.707 E103.36443
G1 X78.509 Y168.705 E103.54514
G1 X75.407 Y171.033 E103.72573
G1 X72.548 Y173.675 E103.907
G1 X69.987 Y176.591 E104.08771
G1 X67.736 Y179.757 E104.2686
G1 X65.825 Y183.136 E104.44936
G1 X64.268 Y186.695 E104.63024
G1 X63.082 Y190.407 E104.8117
G1 X62.785 Y191.838 E104.87975
G1 X62.294 Y194.197 E104.99195
G1 X61.894 Y198.06 E105.17279
M204 S3000
M205 X10 Y10
G0 F3000 X61.894 Y198.26
G0 X62.324 Y198.26
G0 X63.854 Y200.039
G0 X64.283 Y200.017
M204 S1800
M205 X8 Y8
G1 F1500 X64.283 Y199.985 E105.17428
G1 X64.489 Y196.189 E105.3513
G1 X65.104 Y192.43 E105.52866
G1 X65.484 Y191.055 E105.59509
G1 X66.134 Y188.72 E105.70795
G1 X67.54 Y185.191 E105.88483
G1 X69.325 Y181.824 E106.06229
G1 X71.47 Y178.656 E106.24043
G1 X73.941 Y175.746 E106.4182
G1 X74.274 Y175.428 E106.43964
G1 X76.713 Y173.12 E106.596
G1 X79.754 Y170.807 E106.7739
G1 X79.819 Y170.765 E106.77751
G1 X83.05 Y168.822 E106.95306
G1 X86.517 Y167.221 E107.13088
G1 X90.14 Y166.001 E107.30889
G1 X93.868 Y165.182 E107.48662
G1 X97.66 Y164.771 E107.66423
G1 X101.48 Y164.771 E107.84211
G1 X105.279 Y165.185 E108.02005
G1 X109.004 Y166.005 E108.19765
G1 X112.625 Y167.227 E108.37561
G1 X116.089 Y168.828 E108.5533
G1 X119.361 Y170.798 E108.73114
G1 X122.403 Y173.11 E108.90906
G1 X125.173 Y175.733 E109.08669
G1 X127.647 Y178.644 E109.26458
G1 X129.789 Y181.803 E109.4423
G1 X131.579 Y185.176 E109.62011
G1 X132.993 Y188.723 E109.79791
G1 X134.022 Y192.43 E109.97705
G1 X134.638 Y196.199 E110.15488
G1 X134.844 Y199.998 E110.33204
G1 X134.636 Y203.826 E110.51055
G1 X134.017 Y207.596 E110.68845
G1 X132.994 Y211.276 E110.8663
G1 X131.58 Y214.822 E111.04406
G1 X129.786 Y218.202 E111.22224
G1 X127.641 Y221.363 E111.40012
G1 X125.175 Y224.265 E111.57745
G1 X122.403 Y226.89 E111.75522
G1 X119.349 Y229.209 E111.93378
G1 X116.077 Y231.178 E112.11159
G1 X112.609 Y232.779 E112.28946
G1 X108.987 Y233.999 E112.46742
G1 X105.259 Y234.818 E112.64515
G1 X101.48 Y235.229 E112.82216
G1 X97.637 Y235.228 E113.0011
G1 X93.862 Y234.817 E113.17792
G1 X90.136 Y233.998 E113.35556
G1 X89.772 Y233.877 E113.37342
G1 X86.514 Y232.778 E113.53353
G1 X83.05 Y231.178 E113.7112
G1 X83.023 Y231.164 E113.71262
G1 X79.778 Y229.209 E113.88902
G1 X79.753 Y229.192 E113.89043
G1 X76.711 Y226.878 E114.0684
G1 X73.959 Y224.273 E114.24485
G1 X73.938 Y224.251 E114.24627
G1 X71.47 Y221.344 E114.42383
G1 X69.325 Y218.176 E114.60198
G1 X67.536 Y214.8 E114.77989
G1 X66.128 Y211.262 E114.9572
G1 X65.104 Y207.57 E115.13561
G1 X64.488 Y203.798 E115.31357
G1 X64.283 Y200.017 E115.48989
M204 S3000
M205 X10 Y10
G0 F3000 X64.283 Y199.985
G0 X64.292 Y199.818
G0 X63.724 Y200.047
M204 S1800
M205 X8 Y8
;TYPE:WALL-INNER
G1 F1500 X63.724 Y199.955 E115.49417
G1 X63.931 Y196.131 E115.6725
G1 X64.197 Y194.497 E115.74958
G1 X64.558 Y192.304 E115.85307
G1 X64.571 Y192.251 E115.85561
G1 X65.594 Y188.568 E116.0336
G1 X65.614 Y188.513 E116.03633
G1 X67.027 Y184.967 E116.21407
G1 X67.054 Y184.91 E116.21701
G1 X68.841 Y181.542 E116.39454
G1 X69.34 Y180.8 E116.43618
G1 X71.013 Y178.332 E116.57502
G1 X71.467 Y177.793 E116.60783
G1 X73.52 Y175.376 E116.7555
G1 X73.889 Y175.021 E116.77934
G1 X76.333 Y172.709 E116.936
G1 X76.595 Y172.505 E116.95146
G1 X79.418 Y170.359 E117.11658
G1 X79.531 Y170.285 E117.12287
G1 X82.742 Y168.352 E117.29739
G1 X82.815 Y168.314 E117.30122
G1 X86.254 Y166.724 E117.47764
G1 X86.338 Y166.69 E117.48186
G1 X89.932 Y165.478 E117.65847
G1 X90.02 Y165.454 E117.66272
G1 X93.718 Y164.64 E117.83904
G1 X93.807 Y164.625 E117.84324
G1 X97.576 Y164.215 E118.01977
G1 X97.668 Y164.211 E118.02406
G1 X101.458 Y164.211 E118.20054
G1 X101.549 Y164.215 E118.20478
G1 X105.319 Y164.625 E118.38136
G1 X105.409 Y164.64 E118.38561
G1 X109.107 Y165.454 E118.56193
G1 X109.195 Y165.478 E118.56618
G1 X112.836 Y166.708 E118.74513
G1 X114.737 Y167.585 E118.84261
G1 X116.352 Y168.334 E118.92551
G1 X119.638 Y170.311 E119.10408
G1 X119.713 Y170.362 E119.1083
G1 X122.732 Y172.656 E119.28486
G1 X122.802 Y172.715 E119.28912
G1 X125.575 Y175.341 E119.46695
G1 X128.087 Y178.296 E119.64755
G1 X128.732 Y179.245 E119.70098
G1 X130.262 Y181.501 E119.82791
G1 X130.713 Y182.348 E119.87259
G1 X132.081 Y184.925 E120.00844
G1 X132.367 Y185.638 E120.04421
G1 X133.518 Y188.525 E120.18894
G1 X134.558 Y192.261 E120.36951
G1 X134.624 Y192.642 E120.38752
G1 X135.189 Y196.085 E120.54998
G1 X135.203 Y196.283 E120.55923
G1 X135.404 Y199.998 E120.73247
G1 X135.403 Y200.045 E120.73465
G1 X135.198 Y203.828 E120.91107
G1 X135.188 Y203.918 E120.91528
G1 X134.575 Y207.66 E121.09185
G1 X134.555 Y207.75 E121.09614
G1 X133.542 Y211.401 E121.27257
G1 X133.512 Y211.488 E121.27685
G1 X132.11 Y215.007 E121.45324
G1 X132.073 Y215.091 E121.45751
G1 X130.712 Y217.652 E121.59256
G1 X130.297 Y218.439 E121.63399
G1 X130.25 Y218.516 E121.63819
G1 X128.088 Y221.703 E121.81751
G1 X125.577 Y224.657 E121.99804
G1 X122.763 Y227.321 E122.17848
G1 X119.673 Y229.667 E122.35913
G1 X116.355 Y231.665 E122.53948
G1 X112.836 Y233.292 E122.72001
G1 X112.788 Y233.31 E122.72239
G1 X109.162 Y234.532 E122.90057
G1 X109.107 Y234.546 E122.90321
G1 X105.38 Y235.366 E123.0809
G1 X105.319 Y235.375 E123.08377
G1 X101.524 Y235.787 E123.26152
G1 X100.502 Y235.789 E123.30911
G1 X97.646 Y235.789 E123.4421
G1 X96.821 Y235.704 E123.48072
G1 X93.79 Y235.373 E123.62269
G1 X93.168 Y235.24 E123.65231
G1 X90.008 Y234.544 E123.80298
G1 X89.592 Y234.408 E123.82336
G1 X86.33 Y233.307 E123.98367
G1 X86.097 Y233.203 E123.99555
G1 X82.811 Y231.684 E124.16412
G1 X82.735 Y231.644 E124.16812
G1 X79.489 Y229.689 E124.34456
G1 X79.414 Y229.638 E124.34879
G1 X76.395 Y227.343 E124.52537
G1 X76.326 Y227.285 E124.52957
G1 X73.574 Y224.679 E124.70605
G1 X73.511 Y224.613 E124.7103
G1 X71.058 Y221.725 E124.88674
G1 X71.003 Y221.653 E124.89096
G1 X68.877 Y218.516 E125.06741
G1 X68.83 Y218.438 E125.07165
G1 X67.054 Y215.09 E125.24813
G1 X67.016 Y215.007 E125.25238
G1 X65.614 Y211.487 E125.42881
G1 X65.585 Y211.401 E125.43303
G1 X64.558 Y207.697 E125.61201
G1 X63.938 Y203.919 E125.79029
G1 X63.929 Y203.828 E125.79454
G1 X63.724 Y200.047 E125.97086
M204 S3000
M205 X10 Y10
G0 F3000 X62.454 Y198.089
M204 S1800
M205 X8 Y8
G1 F1500 X62.454 Y201.913 E126.14892
G1 X62.848 Y205.717 E126.327
G1 X63.628 Y209.45 E126.50458
G1 X64.793 Y213.108 E126.68334
G1 X66.326 Y216.613 E126.86148
G1 X68.209 Y219.942 E127.03957
G1 X69.947 Y222.385 E127.17917
G1 X70.427 Y223.061 E127.21778
G1 X72.532 Y225.458 E127.36632
G1 X72.95 Y225.933 E127.39579
G1 X75.437 Y228.234 E127.55355
G1 X75.791 Y228.558 E127.5759
G1 X78.625 Y230.682 E127.74081
G1 X78.851 Y230.847 E127.75384
G1 X82.057 Y232.774 E127.92802
G1 X82.262 Y232.874 E127.93864
G1 X85.568 Y234.42 E128.10858
G1 X89.193 Y235.683 E128.28733
G1 X92.904 Y236.555 E128.46483
G1 X93.496 Y236.632 E128.49263
G1 X96.696 Y237.047 E128.64288
G1 X97.491 Y237.068 E128.67992
G1 X100.519 Y237.145 E128.82096
G1 X104.332 Y236.851 E128.99903
G1 X108.096 Y236.164 E129.1772
G1 X111.757 Y235.099 E129.35473
G1 X113.23 Y234.501 E129.42876
G1 X115.314 Y233.654 E129.53351
G1 X116.876 Y232.822 E129.61592
G1 X118.692 Y231.855 E129.71172
G1 X121.867 Y229.721 E129.88985
G1 X124.803 Y227.27 E130.06794
G1 X127.474 Y224.529 E130.24615
G1 X129.848 Y221.529 E130.42429
G1 X131.9 Y218.303 E130.60232
G1 X133.611 Y214.879 E130.78055
G1 X134.966 Y211.286 E130.95936
G1 X135.936 Y207.6 E131.13684
G1 X136.524 Y203.818 E131.31506
G1 X136.721 Y199.998 E131.49317
G1 X136.525 Y196.18 E131.67119
G1 X135.936 Y192.399 E131.84937
G1 X134.964 Y188.714 E132.02683
G1 X133.611 Y185.119 E132.20569
G1 X131.9 Y181.697 E132.38384
G1 X129.848 Y178.471 E132.56187
G1 X129.154 Y177.593 E132.61398
G1 X127.473 Y175.469 E132.74011
G1 X124.803 Y172.73 E132.91822
G1 X121.865 Y170.277 E133.09644
G1 X120.453 Y169.329 E133.17564
G1 X118.692 Y168.145 E133.27445
G1 X115.314 Y166.346 E133.45266
G1 X113.379 Y165.557 E133.54996
G1 X111.791 Y164.911 E133.62979
G1 X111.724 Y164.888 E133.63309
G1 X108.097 Y163.837 E133.80892
G1 X104.332 Y163.15 E133.98713
G1 X100.519 Y162.855 E134.16521
G1 X96.696 Y162.952 E134.34328
G1 X93.656 Y163.347 E134.48603
G1 X92.905 Y163.444 E134.52129
G1 X89.193 Y164.32 E134.69888
G1 X85.567 Y165.58 E134.87763
G1 X82.1 Y167.202 E135.05586
G1 X78.822 Y169.17 E135.23389
G1 X75.766 Y171.463 E135.4118
G1 X72.95 Y174.067 E135.59039
G1 X70.427 Y176.939 E135.7684
G1 X70.04 Y177.483 E135.79948
G1 X68.21 Y180.058 E135.94658
G1 X66.327 Y183.387 E136.12467
G1 X64.793 Y186.893 E136.30287
G1 X64.413 Y188.083 E136.36104
G1 X63.625 Y190.549 E136.48158
G1 X62.849 Y194.283 E136.65917
G1 X62.454 Y198.089 E136.83735
M204 S3000
M205 X10 Y10
G0 F3000 X63.09 Y200.081
M204 S1800
M205 X8 Y8
G1 F1157 X63.106 Y200.68 E136.87352
G1 F1105.3 X63.122 Y201.279 E136.91138
G1 F1059.3 X63.138 Y201.878 E136.9509
G1 X63.189 Y202.539 E136.99461
G1 F1103.8 X63.241 Y203.2 E137.03657
G1 F1153.8 X63.293 Y203.861 E137.0767
G1 F1179.8 X63.311 Y204.021 E137.08623
G1 F1155.4 X63.382 Y204.551 E137.11856
G1 F1106.7 X63.453 Y205.081 E137.15231
G1 F1063.3 X63.524 Y205.612 E137.1875
G1 F1057.9 X63.624 Y206.149 E137.22356
G1 F1090.9 X63.724 Y206.687 E137.2586
G1 F1124.5 X63.824 Y207.225 E137.29259
G1 F1161.8 X63.924 Y207.763 E137.32548
G1 F1179.8 X63.958 Y207.919 E137.33494
G1 F1142.9 X64.123 Y208.598 E137.37764
G1 F1075.5 X64.288 Y209.277 E137.42302
G1 F1060.6 X64.458 Y209.85 E137.46238
G1 F1090.9 X64.629 Y210.423 E137.50067
G1 F1124.5 X64.8 Y210.996 E137.53781
G1 F1158.6 X64.97 Y211.57 E137.5739
G1 F1173.2 X65.021 Y211.723 E137.5835
G1 F1136.7 X65.226 Y212.295 E137.62084
G1 F1075.5 X65.431 Y212.868 E137.66036
G1 F1059.3 X65.629 Y213.343 E137.69429
G1 F1082.5 X65.828 Y213.818 E137.72752
G1 F1106.7 X66.026 Y214.294 E137.76006
G1 F1133.6 X66.225 Y214.769 E137.79179
G1 F1160.2 X66.423 Y215.244 E137.82277
G1 F1169.9 X66.489 Y215.39 E137.83233
G1 F1136.7 X66.711 Y215.85 E137.86372
G1 F1079.7 X66.934 Y216.31 E137.89679
G1 F1063.3 X67.2 Y216.795 E137.93312
G1 F1083.9 X67.466 Y217.281 E137.96883
G1 F1105.3 X67.732 Y217.767 E138.00384
G1 F1129 X67.998 Y218.253 E138.03811
G1 F1152.3 X68.264 Y218.739 E138.0717
G1 F1108.2 X68.781 Y219.579 E138.13387
G1 F1067.3 X69.119 Y220.066 E138.17266
G1 F1086.7 X69.457 Y220.553 E138.21076
G1 F1105.3 X69.795 Y221.04 E138.24822
G1 F1126 X70.133 Y221.527 E138.28499
G1 F1147.5 X70.472 Y222.014 E138.32111
G1 F1111.1 X70.955 Y222.643 E138.37096
G1 F1075.5 X71.298 Y223.041 E138.40508
G1 F1086.7 X71.642 Y223.439 E138.43889
G1 F1099.5 X71.986 Y223.837 E138.47231
G1 F1112.6 X72.33 Y224.235 E138.50534
G1 F1124.5 X72.674 Y224.633 E138.53801
G1 F1138.2 X73.018 Y225.032 E138.57034
G1 F1111.1 X73.43 Y225.465 E138.60791
G1 F1083.9 X73.838 Y225.847 E138.64393
G1 F1092.3 X74.246 Y226.229 E138.67967
G1 F1100.9 X74.654 Y226.611 E138.71513
G1 F1109.6 X75.062 Y226.993 E138.75031
G1 F1118.5 X75.47 Y227.375 E138.78521
G1 F1127.5 X75.879 Y227.757 E138.81988
G1 F1108.2 X76.191 Y228.025 E138.8458
G1 F1088.1 X76.594 Y228.329 E138.87821
G1 F1093.7 X76.998 Y228.634 E138.91054
G1 F1098 X77.402 Y228.939 E138.94273
G1 F1102.4 X77.806 Y229.244 E138.97481
G1 F1108.2 X78.21 Y229.549 E139.00671
G1 F1112.6 X78.614 Y229.854 E139.03849
G1 F1118.5 X79.018 Y230.159 E139.0701
G1 F1111.1 X79.191 Y230.281 E139.08341
G1 F1103.8 X82.396 Y232.21 E139.32011
G1 F1111.1 X82.54 Y232.281 E139.33021
G1 F1115.5 X83.008 Y232.498 E139.3625
G1 F1112.6 X83.476 Y232.716 E139.39492
G1 F1109.6 X83.944 Y232.933 E139.42739
G1 F1105.3 X84.412 Y233.151 E139.46001
G1 F1102.4 X84.88 Y233.368 E139.4927
G1 F1099.5 X85.348 Y233.586 E139.5255
G1 F1096.6 X85.816 Y233.804 E139.55838
G1 F1111.1 X86.13 Y233.927 E139.57958
G1 F1126 X86.671 Y234.112 E139.61504
G1 F1117 X87.212 Y234.298 E139.65082
G1 F1109.6 X87.753 Y234.483 E139.68681
G1 F1102.4 X88.294 Y234.669 E139.72305
G1 F1093.7 X88.835 Y234.854 E139.75956
G1 F1086.7 X89.377 Y235.04 E139.7964
G1 F1111.1 X89.881 Y235.179 E139.82926
G1 F1136.7 X90.404 Y235.298 E139.86222
G1 F1124.5 X90.928 Y235.417 E139.8956
G1 F1114.1 X91.452 Y235.536 E139.92929
G1 F1103.8 X91.975 Y235.656 E139.96324
G1 F1092.3 X92.499 Y235.775 E139.9976
G1 F1082.5 X93.023 Y235.894 E140.03227
G1 F1111.1 X93.579 Y235.991 E140.06775
G1 F1150.7 X93.738 Y236.015 E140.07751
G1 F1146 X94.239 Y236.074 E140.10826
G1 F1130.6 X94.741 Y236.134 E140.13949
G1 F1115.5 X95.242 Y236.194 E140.17108
G1 F1100.9 X95.744 Y236.254 E140.20316
G1 F1086.7 X96.245 Y236.314 E140.23559
G1 F1072.8 X96.747 Y236.373 E140.2685
G1 F1108.2 X97.507 Y236.425 E140.31651
G1 F1157 X97.668 Y236.431 E140.32624
G1 F1149.1 X98.235 Y236.438 E140.36071
G1 F1127.5 X98.802 Y236.445 E140.39583
G1 F1105.3 X99.369 Y236.452 E140.43167
G1 F1085.3 X99.936 Y236.459 E140.46816
G1 F1066 X100.503 Y236.467 E140.50531
G1 F1106.7 X101.458 Y236.43 E140.56563
G1 F1166.7 X101.618 Y236.42 E140.57523
G1 F1157 X102.143 Y236.371 E140.60706
G1 F1130.6 X102.669 Y236.322 E140.6397
G1 F1105.3 X103.195 Y236.273 E140.67308
G1 F1082.5 X103.721 Y236.224 E140.70717
G1 F1059.3 X104.246 Y236.175 E140.74194
G1 F1076.9 X104.816 Y236.092 E140.77929
G1 F1139.8 X105.388 Y236.009 E140.81471
G1 F1174.8 X105.546 Y235.982 E140.82424
G1 F1158.6 X106.144 Y235.862 E140.86101
G1 F1124.5 X106.743 Y235.741 E140.89897
G1 F1090.9 X107.342 Y235.621 E140.93808
G1 F1060.6 X107.941 Y235.5 E140.97833
G1 F1075.5 X108.592 Y235.334 E141.02196
G1 F1142.9 X109.244 Y235.167 E141.06309
G1 F1179.8 X109.398 Y235.124 E141.07256
G1 F1161.8 X109.931 Y234.957 E141.10613
G1 F1124.5 X110.465 Y234.789 E141.14091
G1 F1090.9 X110.998 Y234.621 E141.17669
G1 F1057.9 X111.532 Y234.454 E141.21363
G1 F1063.3 X112.018 Y234.273 E141.24769
G1 F1106.7 X112.504 Y234.093 E141.2804
G1 F1155.4 X112.99 Y233.913 E141.31173
G1 F1179.8 X113.138 Y233.853 E141.32118
G1 F1160.2 X113.609 Y233.649 E141.35208
G1 F1123 X114.081 Y233.444 E141.38409
G1 F1088.1 X114.552 Y233.239 E141.41706
G1 F1055.3 X115.024 Y233.034 E141.45112
G1 F1061.9 X115.541 Y232.777 E141.4891
G1 F1106.7 X116.059 Y232.52 E141.52559
G1 F1157 X116.577 Y232.263 E141.5605
G1 F1183.1 X116.72 Y232.187 E141.57006
G1 F1157 X117.26 Y231.881 E141.60753
G1 F1106.7 X117.8 Y231.575 E141.6467
G1 F1061.9 X118.34 Y231.268 E141.68756
G1 F1060.6 X118.881 Y230.924 E141.72978
G1 F1105.3 X119.423 Y230.579 E141.77038
G1 F1153.8 X119.965 Y230.234 E141.80927
G1 F1179.8 X120.098 Y230.144 E141.81878
G1 F1153.8 X120.55 Y229.821 E141.85241
G1 F1105.3 X121.002 Y229.498 E141.88751
G1 F1060.6 X121.455 Y229.174 E141.92419
G1 F1055.3 X121.871 Y228.842 E141.95942
G1 F1088.1 X122.286 Y228.511 E141.99349
G1 F1123 X122.701 Y228.18 E142.02651
G1 F1160.2 X123.117 Y227.849 E142.05851
G1 F1179.8 X123.239 Y227.747 E142.06793
G1 F1142.9 X123.789 Y227.258 E142.11291
G1 F1074.2 X124.339 Y226.769 E142.16076
G1 F1057.9 X124.752 Y226.362 E142.19904
G1 F1089.5 X125.165 Y225.955 E142.23622
G1 F1123 X125.578 Y225.547 E142.27232
G1 F1158.6 X125.991 Y225.14 E142.30728
G1 F1176.5 X126.101 Y225.026 E142.31668
G1 F1141.3 X126.531 Y224.553 E142.3558
G1 F1076.9 X126.962 Y224.079 E142.39736
G1 F1059.3 X127.28 Y223.691 E142.43043
G1 F1083.9 X127.598 Y223.303 E142.46276
G1 F1108.2 X127.917 Y222.915 E142.49442
G1 F1135.1 X128.235 Y222.527 E142.52529
G1 F1163.4 X128.554 Y222.138 E142.55549
G1 F1173.2 X128.652 Y222.011 E142.56504
G1 F1138.2 X128.973 Y221.573 E142.59836
G1 F1079.7 X129.294 Y221.135 E142.63349
G1 F1063.3 X129.591 Y220.683 E142.66902
G1 F1085.3 X129.888 Y220.231 E142.70383
G1 F1108.2 X130.185 Y219.779 E142.73792
G1 F1132.1 X130.482 Y219.327 E142.77129
G1 F1157 X130.779 Y218.875 E142.80394
G1 F1139.8 X131.044 Y218.422 E142.8361
G1 F1083.9 X131.31 Y217.969 E142.86995
G1 F1068.7 X131.575 Y217.454 E142.9078
G1 F1088.1 X131.841 Y216.938 E142.94507
G1 F1108.2 X132.107 Y216.423 E142.9816
G1 F1130.6 X132.373 Y215.907 E143.01747
G1 F1152.3 X132.639 Y215.391 E143.05266
G1 F1114.1 X132.994 Y214.609 E143.1065
G1 F1075.5 X133.18 Y214.129 E143.13993
G1 F1088.1 X133.366 Y213.649 E143.17297
G1 F1102.4 X133.552 Y213.168 E143.20565
G1 F1115.5 X133.738 Y212.688 E143.23788
G1 F1129 X133.924 Y212.208 E143.26973
G1 F1144.4 X134.11 Y211.727 E143.3012
G1 F1112.6 X134.327 Y211.082 E143.34392
G1 F1082.5 X134.469 Y210.556 E143.37908
G1 F1092.3 X134.611 Y210.03 E143.41392
G1 F1102.4 X134.753 Y209.504 E143.44844
G1 F1112.6 X134.895 Y208.978 E143.48264
G1 F1123 X135.037 Y208.452 E143.51653
G1 F1133.6 X135.179 Y207.925 E143.55016
G1 F1111.1 X135.282 Y207.464 E143.57985
G1 F1089.5 X135.373 Y206.891 E143.61705
G1 F1095.2 X135.465 Y206.317 E143.65412
G1 F1102.4 X135.557 Y205.743 E143.69095
G1 F1109.6 X135.648 Y205.169 E143.72754
G1 F1115.5 X135.74 Y204.595 E143.76393
G1 F1123 X135.832 Y204.022 E143.80003
G1 F1112.6 X135.865 Y203.75 E143.81723
G1 F1100.9 X135.897 Y203.138 E143.85611
G1 F1103.8 X135.929 Y202.526 E143.89489
G1 F1106.7 X135.962 Y201.914 E143.93357
G1 F1109.6 X135.994 Y201.302 E143.97214
G1 F1112.6 X136.026 Y200.69 E144.01062
G1 F1115.5 X136.059 Y200.078 E144.04899
G1 X136.06 Y199.921 E144.05882
G1 F1112.6 X136.028 Y199.309 E144.09729
G1 F1109.6 X135.995 Y198.697 E144.13587
G1 F1106.7 X135.963 Y198.085 E144.17455
G1 F1103.8 X135.93 Y197.473 E144.21333
G1 F1100.9 X135.898 Y196.861 E144.25221
G1 F1098 X135.865 Y196.248 E144.29126
G1 F1111.1 X135.832 Y195.973 E144.30867
G1 F1123 X135.741 Y195.401 E144.3447
G1 F1115.5 X135.649 Y194.828 E144.38103
G1 F1109.6 X135.558 Y194.255 E144.41755
G1 F1102.4 X135.466 Y193.682 E144.45432
G1 F1095.2 X135.374 Y193.109 E144.49133
G1 F1089.5 X135.283 Y192.536 E144.52853
G1 F1109.6 X135.18 Y192.077 E144.55814
G1 F1130.6 X135.038 Y191.551 E144.5918
G1 F1120 X134.896 Y191.025 E144.62578
G1 F1109.6 X134.753 Y190.499 E144.66009
G1 F1099.5 X134.611 Y189.973 E144.6947
G1 F1089.5 X134.468 Y189.447 E144.72964
G1 F1079.7 X134.326 Y188.92 E144.76495
G1 F1108.2 X134.164 Y188.424 E144.79784
G1 F1149.1 X134.11 Y188.273 E144.80759
G1 F1146 X133.924 Y187.793 E144.83896
G1 F1130.6 X133.738 Y187.313 E144.87076
G1 F1115.5 X133.552 Y186.832 E144.90305
G1 F1100.9 X133.366 Y186.352 E144.93571
G1 F1086.7 X133.18 Y185.872 E144.9688
G1 F1072.8 X132.994 Y185.391 E145.00238
G1 F1106.7 X132.708 Y184.752 E145.04656
G1 F1155.4 X132.638 Y184.607 E145.05629
G1 F1149.1 X132.373 Y184.093 E145.09144
G1 F1127.5 X132.108 Y183.578 E145.12732
G1 F1106.7 X131.843 Y183.063 E145.16388
G1 F1086.7 X131.578 Y182.548 E145.2011
G1 F1067.3 X131.312 Y182.033 E145.23903
G1 F1106.7 X130.862 Y181.259 E145.29554
G1 F1163.4 X130.777 Y181.123 E145.30517
G1 F1155.4 X130.481 Y180.672 E145.33778
G1 F1130.6 X130.185 Y180.221 E145.3711
G1 F1106.7 X129.888 Y179.769 E145.40524
G1 F1085.3 X129.592 Y179.318 E145.43996
G1 F1063.3 X129.295 Y178.866 E145.47548
G1 F1079.7 X128.973 Y178.427 E145.5107
G1 F1136.7 X128.652 Y177.989 E145.54407
G1 F1171.5 X128.554 Y177.862 E145.55364
G1 F1161.8 X128.235 Y177.474 E145.58383
G1 F1133.6 X127.916 Y177.085 E145.61483
G1 F1106.7 X127.597 Y176.696 E145.64658
G1 F1081.1 X127.278 Y176.307 E145.67908
G1 F1056.6 X126.959 Y175.918 E145.71234
G1 F1075.5 X126.53 Y175.446 E145.75376
G1 F1141.3 X126.099 Y174.972 E145.79296
G1 F1176.5 X125.988 Y174.857 E145.80245
G1 F1158.6 X125.576 Y174.451 E145.83732
G1 F1123 X125.164 Y174.044 E145.87334
G1 F1089.5 X124.751 Y173.637 E145.91052
G1 F1057.9 X124.339 Y173.231 E145.9487
G1 F1074.2 X123.789 Y172.742 E145.99656
G1 F1142.9 X123.239 Y172.253 E146.04154
G1 F1179.8 X123.117 Y172.15 E146.05099
G1 F1160.2 X122.701 Y171.819 E146.08299
G1 F1123 X122.285 Y171.487 E146.1161
G1 F1088.1 X121.869 Y171.156 E146.15022
G1 F1055.3 X121.453 Y170.824 E146.18545
G1 F1060.6 X121.003 Y170.503 E146.22185
G1 F1105.3 X120.551 Y170.18 E146.25696
G1 F1153.8 X120.099 Y169.857 E146.29059
G1 F1179.8 X119.965 Y169.766 E146.30018
G1 F1153.8 X119.424 Y169.422 E146.33899
G1 F1105.3 X118.882 Y169.077 E146.37959
G1 F1060.6 X118.34 Y168.732 E146.4219
G1 F1061.9 X117.8 Y168.426 E146.46272
G1 F1106.7 X117.26 Y168.119 E146.50192
G1 F1157 X116.719 Y167.813 E146.53945
G1 F1183.1 X116.576 Y167.737 E146.54901
G1 F1157 X116.059 Y167.48 E146.58386
G1 F1108.2 X115.541 Y167.223 E146.62031
G1 F1063.3 X115.024 Y166.965 E146.65826
G1 F1057.9 X114.553 Y166.761 E146.69215
G1 F1089.5 X114.082 Y166.556 E146.72508
G1 F1123 X113.61 Y166.351 E146.75708
G1 F1158.6 X113.139 Y166.146 E146.78805
G1 F1176.5 X112.991 Y166.087 E146.79751
G1 F1150.7 X112.506 Y165.907 E146.82891
G1 F1102.4 X112.02 Y165.726 E146.86177
G1 F1057.9 X111.534 Y165.546 E146.89599
G1 F1054 X111 Y165.378 E146.93309
G1 F1086.7 X110.466 Y165.211 E146.96905
G1 F1123 X109.933 Y165.044 E147.00379
G1 F1160.2 X109.399 Y164.877 E147.03747
G1 F1178.1 X109.244 Y164.832 E147.04704
G1 F1141.3 X108.593 Y164.666 E147.08816
G1 F1076.9 X107.941 Y164.5 E147.13179
G1 F1061.9 X107.343 Y164.38 E147.17191
G1 F1092.3 X106.744 Y164.259 E147.21098
G1 F1124.5 X106.145 Y164.139 E147.24893
G1 F1158.6 X105.546 Y164.018 E147.28577
G1 F1174.8 X105.388 Y163.991 E147.2953
G1 F1139.8 X104.817 Y163.908 E147.33066
G1 F1078.3 X104.245 Y163.825 E147.3681
G1 F1061.9 X103.72 Y163.776 E147.40278
G1 F1083.9 X103.194 Y163.727 E147.43682
G1 F1106.7 X102.668 Y163.678 E147.47016
G1 F1132.1 X102.142 Y163.629 E147.50275
G1 F1157 X101.617 Y163.58 E147.53458
G1 F1139.8 X101.06 Y163.557 E147.56875
G1 F1083.9 X100.502 Y163.533 E147.60474
G1 F1067.3 X99.935 Y163.54 E147.64184
G1 F1086.7 X99.368 Y163.547 E147.67829
G1 F1106.7 X98.801 Y163.554 E147.71408
G1 F1127.5 X98.234 Y163.561 E147.7492
G1 F1149.1 X97.667 Y163.569 E147.78367
G1 F1109.6 X96.748 Y163.626 E147.84163
G1 F1071.4 X96.247 Y163.685 E147.87451
G1 F1085.3 X95.745 Y163.745 E147.90705
G1 F1099.5 X95.244 Y163.805 E147.93911
G1 F1115.5 X94.742 Y163.865 E147.97076
G1 F1130.6 X94.241 Y163.925 E148.00194
G1 F1146 X93.739 Y163.984 E148.03274
G1 F1111.1 X93.025 Y164.105 E148.07827
G1 F1078.3 X92.502 Y164.224 E148.11301
G1 F1089.5 X91.978 Y164.343 E148.14746
G1 F1100.9 X91.454 Y164.463 E148.18156
G1 F1114.1 X90.931 Y164.582 E148.21519
G1 F1126 X90.407 Y164.702 E148.24853
G1 F1138.2 X89.883 Y164.821 E148.28151
G1 F1114.1 X89.379 Y164.961 E148.3143
G1 F1089.5 X88.838 Y165.146 E148.35096
G1 F1096.6 X88.297 Y165.331 E148.38738
G1 F1103.8 X87.756 Y165.516 E148.42355
G1 F1111.1 X87.215 Y165.701 E148.4595
G1 F1118.5 X86.674 Y165.887 E148.49522
G1 F1126 X86.132 Y166.072 E148.53075
G1 F1111.1 X85.817 Y166.195 E148.552
G1 F1096.6 X85.35 Y166.412 E148.5848
G1 F1099.5 X84.882 Y166.63 E148.6176
G1 F1102.4 X84.414 Y166.847 E148.65028
G1 F1105.3 X83.946 Y167.065 E148.68291
G1 F1109.6 X83.478 Y167.282 E148.71538
G1 F1112.6 X83.01 Y167.5 E148.74779
G1 F1115.5 X82.542 Y167.718 E148.78012
G1 F1114.1 X82.395 Y167.793 E148.79047
G1 F1109.6 X81.327 Y168.435 E148.8689
G1 F1106.7 X80.259 Y169.077 E148.94754
G1 F1103.8 X79.191 Y169.719 E149.0264
G1 F1111.1 X79.018 Y169.841 E149.0397
G1 F1118.5 X78.615 Y170.146 E149.07126
G1 F1114.1 X78.211 Y170.451 E149.103
G1 F1109.6 X77.807 Y170.756 E149.13486
G1 F1103.8 X77.403 Y171.061 E149.16689
G1 F1099.5 X77 Y171.366 E149.199
G1 F1095.2 X76.596 Y171.671 E149.23128
G1 F1090.9 X76.192 Y171.976 E149.26369
G1 F1111.1 X75.879 Y172.244 E149.2896
G1 F1130.6 X75.471 Y172.625 E149.32408
G1 F1121.5 X75.063 Y173.007 E149.35889
G1 F1112.6 X74.655 Y173.389 E149.39398
G1 F1102.4 X74.246 Y173.771 E149.42944
G1 F1093.7 X73.838 Y174.153 E149.46513
G1 F1085.3 X73.43 Y174.535 E149.5011
G1 F1109.6 X73.034 Y174.949 E149.53717
G1 F1142.9 X73.018 Y174.968 E149.53868
G1 F1138.2 X72.675 Y175.366 E149.57093
G1 F1124.5 X72.331 Y175.764 E149.6036
G1 F1112.6 X71.987 Y176.162 E149.63663
G1 F1099.5 X71.643 Y176.56 E149.67004
G1 F1086.7 X71.299 Y176.958 E149.70386
G1 F1075.5 X70.955 Y177.357 E149.73807
G1 F1106.7 X70.566 Y177.857 E149.77805
G1 F1152.3 X70.471 Y177.987 E149.78781
G1 F1147.5 X70.133 Y178.474 E149.82389
G1 F1127.5 X69.795 Y178.961 E149.86061
G1 F1106.7 X69.457 Y179.448 E149.89803
G1 F1088.1 X69.119 Y179.935 E149.93608
G1 F1070.1 X68.78 Y180.422 E149.97481
G1 F1106.7 X68.345 Y181.124 E150.02693
G1 F1160.2 X68.264 Y181.262 E150.03656
G1 F1152.3 X67.998 Y181.747 E150.07009
G1 F1129 X67.732 Y182.233 E150.10437
G1 F1106.7 X67.466 Y182.719 E150.13933
G1 F1086.7 X67.2 Y183.205 E150.17495
G1 F1066 X66.934 Y183.691 E150.21125
G1 F1081.1 X66.712 Y184.15 E150.24419
G1 F1136.7 X66.489 Y184.61 E150.2756
G1 F1169.9 X66.423 Y184.757 E150.28522
G1 F1160.2 X66.225 Y185.232 E150.3162
G1 F1133.6 X66.027 Y185.707 E150.34791
G1 F1106.7 X65.828 Y186.183 E150.38047
G1 F1082.5 X65.63 Y186.658 E150.41367
G1 F1059.3 X65.431 Y187.133 E150.44763
G1 F1076.9 X65.226 Y187.705 E150.48704
G1 F1139.8 X65.021 Y188.277 E150.52428
G1 F1174.8 X64.971 Y188.429 E150.53379
G1 F1158.6 X64.8 Y189.002 E150.56984
G1 F1123 X64.629 Y189.576 E150.60709
G1 F1089.5 X64.457 Y190.15 E150.64551
G1 F1057.9 X64.286 Y190.724 E150.68505
G1 F1072.8 X64.122 Y191.402 E150.73046
G1 F1139.8 X63.957 Y192.081 E150.77328
G1 F1176.5 X63.923 Y192.237 E150.78276
G1 F1158.6 X63.824 Y192.774 E150.81568
G1 F1124.5 X63.724 Y193.312 E150.84967
G1 F1090.9 X63.624 Y193.85 E150.88471
G1 F1060.6 X63.524 Y194.388 E150.92074
G1 F1066 X63.454 Y194.917 E150.95571
G1 F1108.2 X63.383 Y195.447 E150.98941
G1 F1155.4 X63.312 Y195.978 E151.0218
G1 F1179.8 X63.294 Y196.138 E151.03133
G1 F1153.8 X63.242 Y196.8 E151.07152
G1 F1105.3 X63.19 Y197.462 E151.11349
G1 F1060.6 X63.138 Y198.124 E151.15722
G1 F1061.9 X63.122 Y198.723 E151.19663
G1 F1106.7 X63.106 Y199.322 E151.23445
G1 F1157 X63.09 Y199.921 E151.27062
G1 F1183.1 X63.09 Y200.081 E151.28007
M204 S3000
M205 X10 Y10
;MESH:NONMESH
G0 F600 X63.09 Y200.081 Z0.4
G0 F3000 X62.323 Y198.083
G0 X61.814 Y198.056
;TIME_ELAPSED:108.955549
;LAYER:1
M204 S1800
M205 X8 Y8
;TYPE:WALL-OUTER
;MESH:15_4_2.stl
G1 F2250 X61.814 Y201.946 E151.40945
G1 X62.215 Y205.816 E151.53885
G1 X63.008 Y209.614 E151.6679
G1 X64.193 Y213.334 E151.79775
G1 X65.753 Y216.9 E151.92721
G1 X67.669 Y220.286 E152.05661
G1 X69.924 Y223.458 E152.18605
G1 X72.491 Y226.381 E152.31544
G1 X75.354 Y229.03 E152.44517
G1 X78.464 Y231.361 E152.57444
G1 X81.799 Y233.364 E152.70383
G1 X85.326 Y235.014 E152.83334
G1 X89.013 Y236.299 E152.96321
G1 X92.789 Y237.186 E153.09222
G1 X96.579 Y237.677 E153.21933
G1 X97.474 Y237.708 E153.24911
G1 X100.535 Y237.786 E153.35095
G1 X104.415 Y237.486 E153.48039
G1 X108.244 Y236.788 E153.60984
G1 X111.968 Y235.704 E153.73884
G1 X115.586 Y234.235 E153.86872
G1 X119.022 Y232.405 E153.9982
G1 X122.251 Y230.233 E154.12763
G1 X125.238 Y227.741 E154.25701
G1 X127.956 Y224.952 E154.38654
G1 X130.37 Y221.9 E154.51596
G1 X132.458 Y218.619 E154.64531
G1 X134.199 Y215.135 E154.77486
G1 X135.553 Y211.544 E154.9025
G1 X135.594 Y211.416 E154.90697
G1 X136.563 Y207.731 E155.0337
G1 X137.162 Y203.884 E155.1632
G1 X137.362 Y199.998 E155.29261
G1 X137.167 Y196.182 E155.4197
G1 X137.11 Y195.776 E155.43334
G1 X136.563 Y192.268 E155.55142
G1 X135.575 Y188.519 E155.68037
G1 X134.199 Y184.863 E155.8103
G1 X132.458 Y181.381 E155.93978
G1 X130.37 Y178.1 E156.06913
G1 X127.954 Y175.046 E156.19865
G1 X125.238 Y172.259 E156.32808
G1 X122.249 Y169.765 E156.45756
G1 X119.022 Y167.595 E156.5869
G1 X115.586 Y165.765 E156.71638
G1 X113.62 Y164.965 E156.78697
G1 X111.968 Y164.292 E156.84631
G1 X108.244 Y163.213 E156.97526
G1 X104.415 Y162.514 E157.10472
G1 X100.535 Y162.214 E157.23415
G1 X96.647 Y162.313 E157.36351
G1 X92.789 Y162.813 E157.4929
G1 X89.014 Y163.705 E157.62192
G1 X85.692 Y164.858 E157.73887
G1 X85.266 Y165.014 E157.75396
G1 X81.799 Y166.636 E157.88127
G1 X78.464 Y168.639 E158.01066
G1 X75.356 Y170.971 E158.1399
G1 X72.491 Y173.619 E158.26965
G1 X69.924 Y176.542 E158.39904
G1 X67.669 Y179.714 E158.52848
G1 X65.753 Y183.1 E158.65788
G1 X64.193 Y186.666 E158.78734
G1 X63.803 Y187.888 E158.83001
G1 X63.004 Y190.386 E158.91724
G1 X62.215 Y194.184 E159.04625
G1 X61.814 Y198.056 E159.17573
M204 S3000
M205 X10 Y10
G0 F4500 X61.814 Y198.256
G0 X62.324 Y198.256
G0 X63.855 Y199.973
G0 X64.363 Y200.001
M204 S1800
M205 X8 Y8
G1 F2250 X64.568 Y196.197 E159.30243
G1 X65.185 Y192.435 E159.42923
G1 X66.204 Y188.763 E159.55597
G1 X67.613 Y185.223 E159.6827
G1 X69.407 Y181.843 E159.80997
G1 X71.546 Y178.689 E159.93672
G1 X74.014 Y175.785 E160.06348
G1 X76.768 Y173.179 E160.18959
G1 X79.801 Y170.871 E160.31635
G1 X83.066 Y168.904 E160.44313
G1 X86.543 Y167.297 E160.57053
G1 X90.157 Y166.079 E160.69737
G1 X93.873 Y165.262 E160.82392
G1 X97.668 Y164.851 E160.95088
G1 X101.474 Y164.851 E161.07747
G1 X105.272 Y165.265 E161.20454
G1 X108.982 Y166.082 E161.33089
G1 X112.603 Y167.305 E161.45801
G1 X116.061 Y168.904 E161.58473
G1 X119.326 Y170.871 E161.7115
G1 X122.352 Y173.172 E161.83794
G1 X125.116 Y175.789 E161.96454
G1 X127.593 Y178.706 E162.09182
G1 X129.722 Y181.846 E162.218
G1 X131.514 Y185.227 E162.34527
G1 X132.916 Y188.748 E162.47132
G1 X133.943 Y192.443 E162.59888
G1 X134.558 Y196.204 E162.72563
G1 X134.763 Y200.01 E162.8524
G1 X134.557 Y203.813 E162.97908
G1 X133.938 Y207.578 E163.10598
G1 X132.919 Y211.247 E163.23263
G1 X131.506 Y214.79 E163.3595
G1 X129.719 Y218.157 E163.48628
G1 X127.58 Y221.311 E163.61303
G1 X125.112 Y224.215 E163.73979
G1 X122.345 Y226.834 E163.86651
G1 X119.308 Y229.141 E163.99336
G1 X116.043 Y231.105 E164.12008
G1 X112.583 Y232.703 E164.24685
G1 X108.97 Y233.921 E164.37366
G1 X105.25 Y234.738 E164.50034
G1 X101.458 Y235.149 E164.6272
G1 X97.646 Y235.148 E164.75398
G1 X93.873 Y234.738 E164.88021
G1 X90.155 Y233.92 E165.00683
G1 X89.797 Y233.801 E165.01938
G1 X86.522 Y232.695 E165.13435
G1 X83.066 Y231.096 E165.261
G1 X79.801 Y229.129 E165.38778
G1 X76.782 Y226.834 E165.51392
G1 X74.33 Y224.515 E165.62617
G1 X73.999 Y224.199 E165.64139
G1 X71.546 Y221.311 E165.76741
G1 X69.398 Y218.143 E165.89472
G1 X67.611 Y214.771 E166.02165
G1 X66.202 Y211.23 E166.1484
G1 X65.183 Y207.557 E166.27518
G1 X64.568 Y203.793 E166.40203
G1 X64.363 Y200.001 E166.52834
M204 S3000
M205 X10 Y10
G0 F4500 X64.373 Y199.802
G0 X63.963 Y200.001
M204 S1800
M205 X8 Y8
;TYPE:WALL-INNER
G1 F2250 X63.963 Y199.968 E166.52944
G1 X64.17 Y196.156 E166.65641
G1 X64.788 Y192.378 E166.78374
G1 X64.802 Y192.315 E166.78589
G1 X65.823 Y188.641 E166.91271
G1 X65.837 Y188.601 E166.91412
G1 X67.247 Y185.063 E167.0408
G1 X67.266 Y185.022 E167.0423
G1 X69.05 Y181.66 E167.16889
G1 X69.539 Y180.935 E167.19798
G1 X71.209 Y178.471 E167.29698
G1 X71.65 Y177.948 E167.31973
G1 X73.701 Y175.535 E167.42506
G1 X74.054 Y175.195 E167.44136
G1 X76.496 Y172.885 E167.55317
G1 X76.74 Y172.696 E167.56343
G1 X79.562 Y170.551 E167.68133
G1 X79.655 Y170.491 E167.68501
G1 X82.864 Y168.559 E167.80959
G1 X82.916 Y168.532 E167.81154
G1 X86.354 Y166.942 E167.93753
G1 X86.415 Y166.918 E167.93971
G1 X90.009 Y165.706 E168.06586
G1 X90.071 Y165.688 E168.068
G1 X93.769 Y164.874 E168.19394
G1 X93.833 Y164.864 E168.1961
G1 X97.602 Y164.454 E168.3222
G1 X97.668 Y164.451 E168.32439
G1 X101.458 Y164.451 E168.45045
G1 X101.523 Y164.454 E168.45261
G1 X105.293 Y164.864 E168.57874
G1 X105.358 Y164.874 E168.58093
G1 X109.056 Y165.688 E168.70687
G1 X109.118 Y165.706 E168.70902
G1 X112.746 Y166.931 E168.83638
G1 X114.637 Y167.803 E168.90564
G1 X116.24 Y168.546 E168.9644
G1 X119.539 Y170.532 E169.09248
G1 X122.608 Y172.864 E169.22068
G1 X122.637 Y172.889 E169.22195
G1 X125.385 Y175.493 E169.34787
G1 X125.43 Y175.54 E169.35003
G1 X127.899 Y178.445 E169.47684
G1 X130.049 Y181.617 E169.60429
G1 X130.501 Y182.46 E169.6361
G1 X131.866 Y185.032 E169.73295
G1 X133.293 Y188.609 E169.86104
G1 X134.326 Y192.322 E169.98922
G1 X134.387 Y192.681 E170.00133
G1 X134.952 Y196.122 E170.11731
G1 X134.964 Y196.296 E170.12312
G1 X135.164 Y199.998 E170.24642
G1 X134.965 Y203.702 E170.3698
G1 X134.951 Y203.879 E170.3757
G1 X134.338 Y207.621 E170.50182
G1 X134.324 Y207.685 E170.504
G1 X133.311 Y211.337 E170.63005
G1 X133.289 Y211.399 E170.63224
G1 X131.887 Y214.918 E170.75823
G1 X131.86 Y214.978 E170.76042
G1 X130.061 Y218.367 E170.88803
G1 X127.899 Y221.554 E171.01612
G1 X125.405 Y224.489 E171.14423
G1 X122.609 Y227.136 E171.27228
G1 X119.539 Y229.467 E171.40049
G1 X119.514 Y229.484 E171.4015
G1 X116.242 Y231.453 E171.52851
G1 X112.746 Y233.07 E171.65662
G1 X109.094 Y234.302 E171.78481
G1 X109.056 Y234.312 E171.78612
G1 X105.337 Y235.13 E171.91277
G1 X101.505 Y235.548 E172.04098
G1 X97.652 Y235.549 E172.16913
G1 X96.847 Y235.465 E172.19605
G1 X93.821 Y235.135 E172.29729
G1 X93.22 Y235.005 E172.31775
G1 X90.063 Y234.31 E172.42526
G1 X89.669 Y234.18 E172.43906
G1 X86.409 Y233.08 E172.5535
G1 X86.197 Y232.986 E172.56121
G1 X82.913 Y231.467 E172.68155
G1 X82.859 Y231.438 E172.68359
G1 X79.613 Y229.484 E172.80961
G1 X79.559 Y229.447 E172.81178
G1 X76.54 Y227.152 E172.93792
G1 X76.491 Y227.11 E172.94006
G1 X73.739 Y224.505 E173.0661
G1 X73.694 Y224.458 E173.06826
G1 X71.241 Y221.57 E173.19429
G1 X71.202 Y221.518 E173.19645
G1 X69.05 Y218.34 E173.32411
G1 X67.266 Y214.978 E173.4507
G1 X67.239 Y214.919 E173.45285
G1 X65.823 Y211.359 E173.58028
G1 X64.802 Y207.685 E173.70711
G1 X64.788 Y207.622 E173.70926
G1 X64.17 Y203.845 E173.83655
G1 X63.963 Y200.034 E173.96349
G1 X63.963 Y200.001 E173.96459
M204 S3000
M205 X10 Y10
G0 F4500 X63.853 Y200.006
G0 X62.323 Y198.083
G0 X62.214 Y198.077
M204 S1800
M205 X8 Y8
G1 F2250 X62.214 Y201.925 E174.09257
G1 X62.611 Y205.754 E174.22061
G1 X63.396 Y209.512 E174.3483
G1 X64.568 Y213.193 E174.47679
G1 X66.111 Y216.721 E174.60486
G1 X67.497 Y219.171 E174.69848
G1 X68.007 Y220.071 E174.73289
G1 X70.238 Y223.21 E174.86098
G1 X72.778 Y226.101 E174.98897
G1 X75.274 Y228.41 E175.10206
G1 X75.647 Y228.75 E175.11885
G1 X78.481 Y230.874 E175.23664
G1 X78.727 Y231.052 E175.24674
G1 X81.934 Y232.98 E175.3712
G1 X82.161 Y233.091 E175.3796
G1 X85.477 Y234.643 E175.50138
G1 X89.125 Y235.914 E175.62986
G1 X92.861 Y236.792 E175.75751
G1 X93.465 Y236.87 E175.77776
G1 X96.678 Y237.287 E175.88553
G1 X100.525 Y237.386 E176.01352
G1 X104.363 Y237.089 E176.14155
G1 X108.152 Y236.398 E176.26966
G1 X111.836 Y235.326 E176.39727
G1 X113.32 Y234.723 E176.45054
G1 X115.416 Y233.872 E176.52578
G1 X118.816 Y232.061 E176.65391
G1 X122.011 Y229.913 E176.78196
G1 X124.966 Y227.447 E176.90997
G1 X127.655 Y224.688 E177.03811
G1 X130.044 Y221.668 E177.16618
G1 X132.109 Y218.421 E177.29417
G1 X133.832 Y214.975 E177.42231
G1 X135.196 Y211.359 E177.55085
G1 X136.039 Y208.149 E177.66124
G1 X136.171 Y207.649 E177.67844
G1 X136.763 Y203.843 E177.80655
G1 X136.961 Y199.998 E177.9346
G1 X136.764 Y196.155 E178.06259
G1 X136.171 Y192.35 E178.19067
G1 X135.193 Y188.641 E178.31825
G1 X133.832 Y185.023 E178.44682
G1 X132.11 Y181.579 E178.57489
G1 X130.044 Y178.332 E178.70289
G1 X127.653 Y175.31 E178.83106
G1 X124.966 Y172.553 E178.9591
G1 X122.009 Y170.085 E179.08721
G1 X118.816 Y167.939 E179.21516
G1 X115.416 Y166.128 E179.34329
G1 X111.836 Y164.67 E179.47186
G1 X108.152 Y163.603 E179.59942
G1 X104.363 Y162.912 E179.72753
G1 X100.525 Y162.615 E179.85556
G1 X97.485 Y162.691 E179.9567
G1 X96.678 Y162.713 E179.98355
G1 X92.861 Y163.207 E180.11157
G1 X89.678 Y163.959 E180.22035
G1 X89.126 Y164.089 E180.23921
G1 X85.477 Y165.357 E180.36769
G1 X81.987 Y166.99 E180.49585
G1 X78.688 Y168.971 E180.62384
G1 X75.612 Y171.279 E180.75174
G1 X72.778 Y173.899 E180.88011
G1 X70.238 Y176.79 E181.00811
G1 X68.007 Y179.929 E181.13619
G1 X66.111 Y183.279 E181.26422
G1 X64.568 Y186.808 E181.39233
G1 X64.184 Y188.01 E181.4343
G1 X63.392 Y190.488 E181.52082
G1 X62.611 Y194.246 E181.64848
G1 X62.441 Y195.889 E181.70342
G1 X62.214 Y198.077 E181.77659
M204 S3000
M205 X10 Y10
G0 F4500 X62.614 Y198.097
M204 S1800
M205 X8 Y8
G1 F2250 X62.614 Y201.905 E181.90324
G1 X63.007 Y205.692 E182.02987
G1 X63.471 Y207.924 E182.1057
G1 X63.492 Y208.016 E182.10884
G1 X63.783 Y209.41 E182.1562
G1 X64.943 Y213.051 E182.2833
G1 X65.985 Y215.434 E182.3698
G1 X66.469 Y216.542 E182.41002
G1 X67.846 Y218.974 E182.50297
G1 X68.345 Y219.856 E182.53668
G1 X70.077 Y222.293 E182.63612
G1 X70.552 Y222.961 E182.66338
G1 X72.653 Y225.353 E182.76927
G1 X73.065 Y225.821 E182.79001
G1 X75.546 Y228.117 E182.90244
G1 X75.887 Y228.43 E182.91783
G1 X78.721 Y230.554 E183.03563
G1 X78.933 Y230.71 E183.04438
G1 X82.139 Y232.638 E183.16881
G1 X82.33 Y232.729 E183.17585
G1 X85.628 Y234.272 E183.29695
G1 X89.237 Y235.529 E183.42406
G1 X89.748 Y235.652 E183.44154
G1 X89.77 Y235.654 E183.44228
G1 X92.933 Y236.397 E183.55034
G1 X93.517 Y236.473 E183.56993
G1 X96.709 Y236.887 E183.67699
G1 X97.618 Y236.913 E183.70723
G1 X97.656 Y236.912 E183.7085
G1 X100.515 Y236.985 E183.80362
G1 X101.495 Y236.91 E183.83631
G1 X104.312 Y236.692 E183.93028
G1 X105.473 Y236.479 E183.96954
G1 X108.06 Y236.008 E184.057
G1 X111.705 Y234.947 E184.18326
G1 X113.169 Y234.353 E184.23581
G1 X115.246 Y233.509 E184.31038
G1 X118.61 Y231.718 E184.43714
G1 X121.77 Y229.592 E184.56381
G1 X124.694 Y227.153 E184.69045
G1 X127.354 Y224.423 E184.81723
G1 X129.717 Y221.436 E184.94391
G1 X131.76 Y218.224 E185.07052
G1 X133.464 Y214.814 E185.19731
G1 X134.814 Y211.237 E185.32447
G1 X135.779 Y207.567 E185.45068
G1 X136.365 Y203.801 E185.57745
G1 X136.56 Y199.998 E185.7041
G1 X136.367 Y196.223 E185.82982
G1 X136.319 Y195.898 E185.84075
G1 X135.779 Y192.432 E185.95742
G1 X134.812 Y188.763 E186.08362
G1 X133.464 Y185.183 E186.21085
G1 X131.761 Y181.776 E186.33754
G1 X129.717 Y178.564 E186.46417
G1 X127.352 Y175.574 E186.59096
G1 X124.694 Y172.847 E186.71762
G1 X121.768 Y170.406 E186.84436
G1 X118.61 Y168.282 E186.97094
G1 X116.941 Y167.394 E187.03382
G1 X115.246 Y166.491 E187.0977
G1 X113.255 Y165.678 E187.16922
G1 X113.17 Y165.646 E187.17225
G1 X111.705 Y165.049 E187.22486
G1 X109.53 Y164.419 E187.30018
G1 X108.06 Y163.993 E187.35108
G1 X104.312 Y163.309 E187.4778
G1 X101.654 Y163.103 E187.56647
G1 X100.515 Y163.015 E187.60446
G1 X96.709 Y163.112 E187.73109
G1 X93.676 Y163.505 E187.83282
G1 X92.96 Y163.598 E187.85683
G1 X92.908 Y163.607 E187.85858
G1 X89.238 Y164.474 E187.98401
G1 X85.627 Y165.728 E188.11115
G1 X82.175 Y167.343 E188.23791
G1 X78.911 Y169.303 E188.36454
G1 X75.869 Y171.586 E188.49104
G1 X73.065 Y174.179 E188.61806
G1 X70.552 Y177.039 E188.74469
G1 X70.17 Y177.576 E188.76661
G1 X68.345 Y180.144 E188.87139
G1 X66.47 Y183.458 E188.99804
G1 X66.05 Y184.418 E189.03289
G1 X64.943 Y186.949 E189.12477
G1 X64.566 Y188.132 E189.16607
G1 X63.78 Y190.59 E189.2519
G1 X63.49 Y191.984 E189.29926
G1 X63.007 Y194.307 E189.37817
G1 X62.614 Y198.097 E189.5049
M204 S3000
M205 X10 Y10
G0 F4500 X63.563 Y200.001
M204 S1800
M205 X8 Y8
G1 F2250 X63.564 Y199.946 E189.50673
G1 X63.772 Y196.114 E189.63437
G1 X64.039 Y194.471 E189.68974
G1 X64.401 Y192.272 E189.76386
G1 X64.416 Y192.208 E189.76605
G1 X65.442 Y188.519 E189.8934
G1 X65.465 Y188.453 E189.89572
G1 X66.88 Y184.903 E190.02283
G1 X66.913 Y184.835 E190.02535
G1 X68.702 Y181.463 E190.15231
G1 X69.208 Y180.71 E190.18248
G1 X70.883 Y178.239 E190.28177
G1 X71.345 Y177.689 E190.30566
G1 X73.4 Y175.271 E190.4112
G1 X73.779 Y174.905 E190.42873
G1 X76.225 Y172.591 E190.54072
G1 X76.498 Y172.378 E190.55223
G1 X79.322 Y170.231 E190.67022
G1 X79.449 Y170.148 E190.67527
G1 X82.661 Y168.214 E190.79997
G1 X82.748 Y168.169 E190.80323
G1 X86.186 Y166.579 E190.92922
G1 X86.287 Y166.539 E190.93283
G1 X89.881 Y165.327 E191.05898
G1 X89.985 Y165.297 E191.06258
G1 X93.683 Y164.483 E191.18852
G1 X93.79 Y164.466 E191.19212
G1 X97.559 Y164.056 E191.31822
G1 X97.668 Y164.051 E191.32185
G1 X101.458 Y164.051 E191.44791
G1 X101.567 Y164.056 E191.45154
G1 X105.337 Y164.466 E191.57767
G1 X105.444 Y164.484 E191.58127
G1 X109.142 Y165.298 E191.70721
G1 X109.246 Y165.327 E191.71081
G1 X112.839 Y166.539 E191.83692
G1 X112.939 Y166.579 E191.84051
G1 X116.377 Y168.168 E191.96648
G1 X116.473 Y168.219 E191.97009
G1 X119.72 Y170.173 E192.09614
G1 X119.81 Y170.234 E192.09975
G1 X122.865 Y172.557 E192.2274
G1 X122.912 Y172.599 E192.2295
G1 X125.69 Y175.23 E192.35676
G1 X125.736 Y175.281 E192.35904
G1 X128.213 Y178.197 E192.4863
G1 X130.398 Y181.415 E192.61567
G1 X132.212 Y184.833 E192.74437
G1 X132.515 Y185.579 E192.77115
G1 X133.66 Y188.452 E192.87401
G1 X133.833 Y189.054 E192.89485
G1 X134.713 Y192.22 E193.00414
G1 X134.782 Y192.616 E193.01751
G1 X135.347 Y196.06 E193.13359
G1 X135.363 Y196.274 E193.14073
G1 X135.563 Y199.946 E193.26304
G1 X135.563 Y200.054 E193.26663
G1 X135.358 Y203.837 E193.39264
G1 X135.346 Y203.944 E193.39622
G1 X134.733 Y207.686 E193.52234
G1 X134.709 Y207.792 E193.52595
G1 X133.697 Y211.444 E193.652
G1 X133.661 Y211.547 E193.65563
G1 X132.259 Y215.066 E193.78162
G1 X132.214 Y215.166 E193.78526
G1 X130.438 Y218.514 E193.91131
G1 X130.382 Y218.606 E193.9149
G1 X128.256 Y221.743 E194.04094
G1 X128.191 Y221.829 E194.04452
G1 X125.738 Y224.717 E194.17055
G1 X125.662 Y224.795 E194.17417
G1 X122.866 Y227.444 E194.30228
G1 X119.81 Y229.766 E194.42993
G1 X119.72 Y229.827 E194.43355
G1 X116.43 Y231.806 E194.56125
G1 X114.805 Y232.559 E194.62081
G1 X112.896 Y233.44 E194.69074
G1 X112.839 Y233.461 E194.69276
G1 X109.206 Y234.686 E194.82028
G1 X109.142 Y234.702 E194.82248
G1 X105.409 Y235.523 E194.9496
G1 X105.337 Y235.534 E194.95203
G1 X101.536 Y235.947 E195.07919
G1 X100.502 Y235.949 E195.11358
G1 X97.642 Y235.949 E195.20871
G1 X96.804 Y235.863 E195.23673
G1 X93.769 Y235.531 E195.33827
G1 X93.134 Y235.397 E195.35986
G1 X89.972 Y234.699 E195.46756
G1 X89.541 Y234.56 E195.48262
G1 X86.277 Y233.458 E195.5972
G1 X86.029 Y233.348 E195.60623
G1 X82.743 Y231.829 E195.72663
G1 X82.653 Y231.781 E195.73002
G1 X79.406 Y229.827 E195.85607
G1 X79.317 Y229.765 E195.85967
G1 X76.298 Y227.47 E195.98581
G1 X76.216 Y227.401 E195.98937
G1 X73.464 Y224.796 E196.11541
G1 X73.389 Y224.717 E196.11903
G1 X70.936 Y221.829 E196.24506
G1 X70.87 Y221.743 E196.24866
G1 X69.209 Y219.289 E196.34722
G1 X68.744 Y218.606 E196.3747
G1 X68.689 Y218.513 E196.3783
G1 X66.913 Y215.165 E196.50435
G1 X66.867 Y215.067 E196.50795
G1 X65.465 Y211.546 E196.634
G1 X65.43 Y211.444 E196.63759
G1 X64.416 Y207.792 E196.76365
G1 X64.393 Y207.686 E196.76726
G1 X63.772 Y203.886 E196.89532
G1 X63.564 Y200.056 E197.0229
G1 X63.563 Y200.001 E197.02473
M204 S3000
M205 X10 Y10
G0 F4500 X63.089 Y200.015
M204 S1800
M205 X8 Y8
;TYPE:SKIN
G1 F892.6 X63.105 Y200.63 E197.05567
G1 F845.1 X63.121 Y201.245 E197.08836
G1 F802.4 X63.138 Y201.86 E197.12279
G1 F797.6 X63.178 Y202.374 E197.15181
G1 F829.5 X63.218 Y202.889 E197.17977
G1 F864 X63.259 Y203.403 E197.20657
G1 F901.5 X63.299 Y203.918 E197.2323
G1 F921.5 X63.303 Y203.95 E197.23387
G1 F897 X63.376 Y204.498 E197.26154
G1 F849.1 X63.449 Y205.046 E197.29078
G1 F807.2 X63.522 Y205.595 E197.32159
G1 F802.4 X63.624 Y206.148 E197.35306
G1 F833.3 X63.727 Y206.702 E197.38342
G1 F866.8 X63.83 Y207.256 E197.41261
G1 F903 X63.933 Y207.81 E197.44063
G1 F919.9 X63.939 Y207.842 E197.44222
G1 F882.4 X64.109 Y208.544 E197.47897
G1 F818.2 X64.28 Y209.247 E197.51868
G1 F803.6 X64.456 Y209.84 E197.55324
G1 F833.3 X64.633 Y210.433 E197.58659
G1 F864 X64.809 Y211.027 E197.61878
G1 F898.5 X64.986 Y211.62 E197.64971
G1 F913.7 X64.996 Y211.65 E197.65126
G1 F878 X65.21 Y212.25 E197.68384
G1 F816.9 X65.425 Y212.851 E197.71892
G1 F800 X65.627 Y213.336 E197.74841
G1 F821.9 X65.83 Y213.822 E197.77718
G1 F843.8 X66.033 Y214.307 E197.80516
G1 F868.2 X66.235 Y214.793 E197.83238
G1 F894 X66.438 Y215.278 E197.85879
G1 F906 X66.451 Y215.308 E197.86041
G1 F876.6 X66.689 Y215.801 E197.88845
G1 F821.9 X66.928 Y216.295 E197.91843
G1 F806 X67.198 Y216.789 E197.94979
G1 F824.4 X67.468 Y217.283 E197.98045
G1 F843.8 X67.738 Y217.777 E198.01041
G1 F865.4 X68.008 Y218.271 E198.03962
G1 F886.7 X68.278 Y218.765 E198.06813
G1 F846.4 X68.773 Y219.564 E198.11799
G1 F808.4 X69.058 Y219.975 E198.14577
G1 F821.9 X69.343 Y220.387 E198.17314
G1 F837.2 X69.629 Y220.799 E198.20004
G1 F851.7 X69.914 Y221.211 E198.22645
G1 F866.8 X70.2 Y221.623 E198.25243
G1 F883.8 X70.485 Y222.034 E198.27784
G1 F850.4 X70.955 Y222.643 E198.31846
G1 F819.4 X71.3 Y223.043 E198.3474
G1 F829.5 X71.646 Y223.443 E198.37603
G1 F839.8 X71.992 Y223.844 E198.40435
G1 F851.7 X72.338 Y224.244 E198.43223
G1 F862.6 X72.684 Y224.644 E198.45976
G1 F873.8 X73.03 Y225.045 E198.48697
G1 F850.4 X73.43 Y225.465 E198.5176
G1 F827 X73.84 Y225.849 E198.5481
G1 F833.3 X74.25 Y226.233 E198.57837
G1 F841.1 X74.66 Y226.617 E198.60835
G1 F847.7 X75.07 Y227.002 E198.63814
G1 F854.4 X75.48 Y227.386 E198.66766
G1 F862.6 X75.89 Y227.77 E198.6969
G1 F843.8 X76.182 Y228.015 E198.71719
G1 F825.7 X76.587 Y228.321 E198.74479
G1 F830.8 X76.992 Y228.628 E198.77226
G1 F835.9 X77.397 Y228.934 E198.79953
G1 F839.8 X77.802 Y229.241 E198.8267
G1 F845.1 X78.207 Y229.547 E198.85367
G1 F850.4 X78.612 Y229.854 E198.8805
G1 F855.8 X79.017 Y230.16 E198.90713
G1 F851.7 X79.19 Y230.279 E198.9182
G1 F846.4 X82.384 Y232.203 E199.11601
G1 F853.1 X82.541 Y232.281 E199.12524
G1 F858.5 X83.007 Y232.497 E199.1521
G1 F855.8 X83.473 Y232.714 E199.17907
G1 F853.1 X83.939 Y232.931 E199.20613
G1 F849.1 X84.405 Y233.148 E199.23332
G1 F846.4 X84.871 Y233.364 E199.26056
G1 F843.8 X85.337 Y233.581 E199.28792
G1 F841.1 X85.804 Y233.798 E199.31541
G1 F855.8 X86.144 Y233.93 E199.33454
G1 F869.6 X86.683 Y234.115 E199.36397
G1 F861.2 X87.222 Y234.3 E199.39368
G1 F853.1 X87.761 Y234.485 E199.42367
G1 F845.1 X88.3 Y234.67 E199.45395
G1 F837.2 X88.839 Y234.856 E199.48453
G1 F829.5 X89.378 Y235.041 E199.51538
G1 F849.1 X89.876 Y235.181 E199.54274
G1 F876.6 X89.881 Y235.18 E199.543
G1 F875.2 X90.401 Y235.298 E199.57036
G1 F865.4 X90.922 Y235.416 E199.59807
G1 F855.8 X91.443 Y235.534 E199.6261
G1 F846.4 X91.964 Y235.653 E199.65445
G1 F837.2 X92.485 Y235.771 E199.6831
G1 F828.2 X93.006 Y235.889 E199.71206
G1 F854.4 X93.593 Y235.992 E199.74338
G1 F892.6 X93.736 Y236.013 E199.75065
G1 F889.6 X94.235 Y236.072 E199.77601
G1 F873.8 X94.734 Y236.132 E199.80184
G1 F858.5 X95.234 Y236.192 E199.82818
G1 F843.8 X95.733 Y236.251 E199.85492
G1 F829.5 X96.233 Y236.311 E199.88218
G1 F815.7 X96.732 Y236.371 E199.90984
G1 F850.4 X97.521 Y236.424 E199.9516
G1 F898.5 X97.637 Y236.429 E199.9574
G1 F889.6 X98.207 Y236.436 E199.98617
G1 F868.2 X98.777 Y236.443 E200.01565
G1 F846.4 X99.347 Y236.451 E200.04589
G1 F827 X99.917 Y236.458 E200.07685
G1 F808.4 X100.487 Y236.466 E200.10851
G1 F823.2 X101.029 Y236.445 E200.1381
G1 F876.6 X101.573 Y236.424 E200.16598
G1 F907.6 X101.58 Y236.422 E200.16634
G1 F897 X102.108 Y236.373 E200.19288
G1 F871 X102.637 Y236.324 E200.22027
G1 F846.4 X103.166 Y236.275 E200.24846
G1 F824.4 X103.695 Y236.226 E200.27739
G1 F802.4 X104.224 Y236.177 E200.30712
G1 F819.4 X104.849 Y236.085 E200.34174
G1 F880.9 X105.474 Y235.994 E200.37393
G1 F913.7 X105.506 Y235.989 E200.37552
G1 F895.5 X106.109 Y235.868 E200.40636
G1 F862.6 X106.713 Y235.746 E200.43843
G1 F832 X107.317 Y235.625 E200.47168
G1 F803.6 X107.921 Y235.503 E200.50611
G1 F819.4 X108.621 Y235.325 E200.54568
G1 F885.2 X109.322 Y235.146 E200.58238
G1 F921.5 X109.353 Y235.137 E200.58395
G1 F903 X109.89 Y234.969 E200.61193
G1 F866.8 X110.427 Y234.8 E200.6411
G1 F833.3 X110.964 Y234.632 E200.67141
G1 F802.4 X111.502 Y234.463 E200.70297
G1 F807.2 X112.021 Y234.271 E200.73375
G1 F849.1 X112.54 Y234.078 E200.76304
G1 F897 X113.06 Y233.885 E200.7908
G1 F919.9 X113.09 Y233.873 E200.79238
G1 F900 X113.569 Y233.666 E200.81841
G1 F864 X114.048 Y233.458 E200.84555
G1 F830.8 X114.527 Y233.25 E200.87377
G1 F800 X115.006 Y233.042 E200.90308
G1 F806 X115.55 Y232.772 E200.93692
G1 F849.1 X116.095 Y232.501 E200.96911
G1 F898.5 X116.64 Y232.23 E200.99952
G1 F924.7 X116.668 Y232.215 E201.00106
G1 F898.5 X117.219 Y231.903 E201.03271
G1 F850.4 X117.771 Y231.59 E201.06621
G1 F807.2 X118.323 Y231.277 E201.10151
G1 F802.4 X118.746 Y231.007 E201.12959
G1 F832 X119.169 Y230.738 E201.15665
G1 F865.4 X119.592 Y230.469 E201.18266
G1 F900 X120.015 Y230.2 E201.20767
G1 F918.4 X120.041 Y230.182 E201.20921
G1 F894 X120.507 Y229.849 E201.23798
G1 F847.7 X120.974 Y229.516 E201.26836
G1 F807.2 X121.441 Y229.183 E201.30026
G1 F802.4 X121.87 Y228.841 E201.33097
G1 F834.6 X122.3 Y228.499 E201.36052
G1 F868.2 X122.73 Y228.157 E201.38894
G1 F906 X123.16 Y227.815 E201.41617
G1 F924.7 X123.184 Y227.795 E201.41768
G1 F900 X123.564 Y227.457 E201.44306
G1 F854.4 X123.945 Y227.119 E201.46982
G1 F813.3 X124.325 Y226.781 E201.4979
G1 F808.4 X124.75 Y226.362 E201.53105
G1 F838.5 X125.175 Y225.943 E201.56301
G1 F869.6 X125.601 Y225.524 E201.59386
G1 F904.5 X126.026 Y225.105 E201.62349
G1 F919.9 X126.047 Y225.084 E201.62494
G1 F883.8 X126.498 Y224.588 E201.659
G1 F821.9 X126.95 Y224.092 E201.69566
G1 F804.8 X127.276 Y223.695 E201.72432
G1 F827 X127.602 Y223.298 E201.75221
G1 F850.4 X127.929 Y222.901 E201.77937
G1 F875.2 X128.255 Y222.503 E201.80576
G1 F901.5 X128.581 Y222.106 E201.83135
G1 F915.3 X128.602 Y222.079 E201.83303
G1 F883.8 X128.943 Y221.614 E201.86232
G1 F825.7 X129.284 Y221.149 E201.89368
G1 F809.6 X129.586 Y220.689 E201.9242
G1 F829.5 X129.889 Y220.229 E201.95402
G1 F850.4 X130.192 Y219.768 E201.98314
G1 F873.8 X130.494 Y219.308 E202.01142
G1 F897 X130.797 Y218.847 E202.03903
G1 F854.4 X131.302 Y217.983 E202.09163
G1 F814.5 X131.572 Y217.46 E202.12407
G1 F832 X131.842 Y216.937 E202.15584
G1 F850.4 X132.112 Y216.413 E202.18696
G1 F869.6 X132.382 Y215.89 E202.21735
G1 F889.6 X132.653 Y215.366 E202.24713
G1 F853.1 X132.994 Y214.607 E202.29092
G1 F816.9 X133.181 Y214.124 E202.31939
G1 F829.5 X133.369 Y213.64 E202.3475
G1 F842.4 X133.557 Y213.156 E202.37517
G1 F854.4 X133.745 Y212.672 E202.40246
G1 F868.2 X133.933 Y212.188 E202.42931
G1 F882.4 X134.121 Y211.705 E202.45569
G1 F853.1 X134.327 Y211.083 E202.49017
G1 F825.7 X134.47 Y210.554 E202.51997
G1 F833.3 X134.614 Y210.024 E202.54957
G1 F842.4 X134.757 Y209.494 E202.57883
G1 F851.7 X134.901 Y208.964 E202.60778
G1 F859.9 X135.044 Y208.434 E202.63644
G1 F869.6 X135.188 Y207.904 E202.6648
G1 F849.1 X135.277 Y207.48 E202.68771
G1 F829.5 X135.356 Y206.985 E202.71485
G1 F834.6 X135.436 Y206.489 E202.74188
G1 F841.1 X135.515 Y205.993 E202.76869
G1 F846.4 X135.595 Y205.498 E202.79529
G1 F853.1 X135.675 Y205.002 E202.82173
G1 F859.9 X135.754 Y204.506 E202.84796
G1 F865.4 X135.834 Y204.011 E202.87398
G1 F853.1 X135.861 Y203.767 E202.8869
G1 F839.8 X135.889 Y203.24 E202.91511
G1 F842.4 X135.917 Y202.713 E202.94324
G1 F845.1 X135.945 Y202.186 E202.97128
G1 F847.7 X135.974 Y201.658 E202.99929
G1 F850.4 X136.002 Y201.131 E203.02716
G1 F853.1 X136.03 Y200.604 E203.05493
G1 F855.8 X136.059 Y200.077 E203.08263
G1 F857.1 X136.059 Y199.92 E203.09085
G1 F855.8 X136.032 Y199.398 E203.11828
G1 F853.1 X136.004 Y198.876 E203.14579
G1 F850.4 X135.977 Y198.354 E203.17339
G1 F847.7 X135.949 Y197.831 E203.20113
G1 F845.1 X135.922 Y197.309 E203.2289
G1 F842.4 X135.894 Y196.787 E203.25676
G1 F839.8 X135.866 Y196.265 E203.28471
G1 F853.1 X135.832 Y195.976 E203.30003
G1 F864 X135.741 Y195.406 E203.33003
G1 F855.8 X135.649 Y194.835 E203.36037
G1 F847.7 X135.557 Y194.264 E203.39101
G1 F838.5 X135.466 Y193.693 E203.42197
G1 F830.8 X135.374 Y193.122 E203.45323
G1 F823.2 X135.282 Y192.551 E203.48478
G1 F847.7 X135.182 Y192.087 E203.50992
G1 F873.8 X135.04 Y191.561 E203.53791
G1 F862.6 X134.897 Y191.035 E203.56629
G1 F851.7 X134.755 Y190.509 E203.59501
G1 F841.1 X134.612 Y189.983 E203.62411
G1 F830.8 X134.469 Y189.457 E203.65357
G1 F820.7 X134.327 Y188.931 E203.68338
G1 F851.7 X134.121 Y188.297 E203.71852
G1 F894 X134.117 Y188.292 E203.71884
G1 F889.6 X133.931 Y187.811 E203.74487
G1 F872.4 X133.744 Y187.33 E203.77143
G1 F857.1 X133.558 Y186.849 E203.79845
G1 F842.4 X133.371 Y186.368 E203.82596
G1 F827 X133.184 Y185.887 E203.85398
G1 F813.3 X132.998 Y185.406 E203.88245
G1 F849.1 X132.638 Y184.608 E203.92875
G1 F886.7 X132.375 Y184.097 E203.95785
G1 F866.8 X132.112 Y183.586 E203.98762
G1 F846.4 X131.848 Y183.075 E204.01813
G1 F828.2 X131.585 Y182.564 E204.04929
G1 F810.8 X131.321 Y182.053 E204.08114
G1 F824.4 X131.061 Y181.605 E204.10935
G1 F875.2 X130.801 Y181.156 E204.13597
G1 F906 X130.795 Y181.15 E204.13639
G1 F897 X130.497 Y180.697 E204.16353
G1 F872.4 X130.199 Y180.243 E204.19149
G1 F847.7 X129.9 Y179.789 E204.22028
G1 F825.7 X129.602 Y179.335 E204.24981
G1 F804.8 X129.303 Y178.881 E204.28014
G1 F820.7 X128.938 Y178.384 E204.31388
G1 F879.5 X128.574 Y177.887 E204.34533
G1 F913.7 X128.554 Y177.862 E204.3469
G1 F898.5 X128.159 Y177.38 E204.37805
G1 F866.8 X127.763 Y176.897 E204.4104
G1 F835.9 X127.367 Y176.415 E204.44391
G1 F808.4 X126.971 Y175.932 E204.4786
G1 F821.9 X126.507 Y175.422 E204.51627
G1 F883.8 X126.041 Y174.91 E204.55144
G1 F918.4 X126.019 Y174.887 E204.553
G1 F900 X125.602 Y174.476 E204.58221
G1 F865.4 X125.184 Y174.065 E204.61262
G1 F832 X124.767 Y173.654 E204.64422
G1 F802.4 X124.349 Y173.243 E204.67703
G1 F806 X123.947 Y172.887 E204.70694
G1 F846.4 X123.544 Y172.529 E204.73554
G1 F891.1 X123.141 Y172.171 E204.7627
G1 F915.3 X123.117 Y172.151 E204.76423
G1 F897 X122.705 Y171.823 E204.79059
G1 F862.6 X122.293 Y171.495 E204.818
G1 F829.5 X121.881 Y171.166 E204.84654
G1 F800 X121.468 Y170.838 E204.87615
G1 F804.8 X120.992 Y170.498 E204.90878
G1 F846.4 X120.517 Y170.158 E204.93977
G1 F894 X120.042 Y169.818 E204.96911
G1 F918.4 X120.015 Y169.8 E204.9707
G1 F894 X119.462 Y169.448 E205.00362
G1 F847.7 X118.909 Y169.095 E205.03837
G1 F807.2 X118.356 Y168.743 E205.07483
G1 X117.792 Y168.423 E205.1109
G1 F850.4 X117.227 Y168.102 E205.14522
G1 F898.5 X116.662 Y167.782 E205.17766
G1 F923.1 X116.633 Y167.766 E205.17928
G1 F897 X116.102 Y167.502 E205.20896
G1 F850.4 X115.57 Y167.238 E205.24032
G1 F809.6 X115.038 Y166.973 E205.27328
G1 F803.6 X114.551 Y166.762 E205.30294
G1 F833.3 X114.063 Y166.55 E205.33161
G1 F864 X113.575 Y166.338 E205.35926
G1 F898.5 X113.087 Y166.126 E205.38584
G1 F915.3 X113.059 Y166.114 E205.38734
G1 F889.6 X112.551 Y165.925 E205.4147
G1 F842.4 X112.043 Y165.736 E205.44359
G1 F800 X111.535 Y165.547 E205.47401
G1 F795.3 X110.988 Y165.375 E205.50638
G1 F827 X110.441 Y165.204 E205.5375
G1 F859.9 X109.894 Y165.032 E205.56744
G1 F897 X109.347 Y164.861 E205.59613
G1 F913.7 X109.317 Y164.852 E205.59767
G1 F879.5 X108.637 Y164.679 E205.63349
G1 F820.7 X107.957 Y164.506 E205.67188
G1 F807.2 X107.352 Y164.384 E205.70621
G1 F834.6 X106.746 Y164.261 E205.73948
G1 F864 X106.14 Y164.139 E205.7716
G1 F895.5 X105.535 Y164.016 E205.80256
G1 F910.6 X105.388 Y163.991 E205.80991
G1 F879.5 X104.825 Y163.909 E205.83896
G1 F825.7 X104.262 Y163.827 E205.8699
G1 F810.8 X103.727 Y163.778 E205.89965
G1 F830.8 X103.191 Y163.728 E205.92874
G1 F851.7 X102.655 Y163.678 E205.95712
G1 F873.8 X102.119 Y163.628 E205.98479
G1 F897 X101.583 Y163.579 E206.01173
G1 F907.6 X101.55 Y163.576 E206.01337
G1 F878 X101.033 Y163.556 E206.03983
G1 F825.7 X100.516 Y163.535 E206.06796
G1 F810.8 X99.941 Y163.542 E206.09981
G1 F828.2 X99.365 Y163.549 E206.13104
G1 F846.4 X98.789 Y163.556 E206.1616
G1 F866.8 X98.213 Y163.563 E206.19144
G1 F886.7 X97.637 Y163.57 E206.22061
G1 F846.4 X96.766 Y163.627 E206.26691
G1 F808.4 X96.262 Y163.686 E206.2951
G1 F821.9 X95.757 Y163.746 E206.32288
G1 F837.2 X95.253 Y163.805 E206.3501
G1 F851.7 X94.748 Y163.865 E206.37691
G1 F866.8 X94.244 Y163.925 E206.4032
G1 F883.8 X93.739 Y163.984 E206.42903
G1 F853.1 X93.025 Y164.105 E206.46715
G1 F823.2 X92.499 Y164.225 E206.49657
G1 F833.3 X91.972 Y164.345 E206.5257
G1 F843.8 X91.446 Y164.465 E206.55441
G1 F854.4 X90.919 Y164.585 E206.58281
G1 F865.4 X90.393 Y164.705 E206.6108
G1 F876.6 X89.866 Y164.825 E206.63849
G1 F853.1 X89.399 Y164.958 E206.66405
G1 F829.5 X88.856 Y165.143 E206.6951
G1 F835.9 X88.313 Y165.328 E206.72591
G1 F843.8 X87.769 Y165.513 E206.75649
G1 F850.4 X87.226 Y165.698 E206.78678
G1 F857.1 X86.682 Y165.883 E206.81688
G1 F865.4 X86.139 Y166.068 E206.84664
G1 F853.1 X85.817 Y166.196 E206.86488
G1 F839.8 X85.27 Y166.45 E206.89713
G1 F842.4 X84.722 Y166.705 E206.92934
G1 F845.1 X84.174 Y166.959 E206.96143
G1 F847.7 X83.626 Y167.214 E206.99345
G1 F850.4 X83.078 Y167.468 E207.02534
G1 F853.1 X82.53 Y167.723 E207.05715
G1 X82.394 Y167.794 E207.06523
G1 F850.4 X81.597 Y168.273 E207.11433
G1 F847.7 X80.8 Y168.752 E207.16358
G1 F845.1 X80.003 Y169.231 E207.21298
G1 F842.4 X79.206 Y169.71 E207.26255
G1 F850.4 X79.017 Y169.843 E207.27475
G1 F858.5 X78.616 Y170.146 E207.30104
G1 F854.4 X78.215 Y170.449 E207.32745
G1 F850.4 X77.813 Y170.752 E207.35403
G1 F846.4 X77.412 Y171.055 E207.38069
G1 F843.8 X77.01 Y171.358 E207.40748
G1 F839.8 X76.609 Y171.661 E207.43435
G1 F835.9 X76.207 Y171.964 E207.46139
G1 F854.4 X75.88 Y172.245 E207.48405
G1 F872.4 X75.474 Y172.624 E207.51264
G1 F861.2 X75.068 Y173.004 E207.54163
G1 F851.7 X74.661 Y173.383 E207.57095
G1 F842.4 X74.255 Y173.763 E207.60059
G1 F832 X73.849 Y174.142 E207.63056
G1 F823.2 X73.442 Y174.522 E207.66093
G1 F850.4 X73.029 Y174.956 E207.69256
G1 F885.2 X73.017 Y174.97 E207.6935
G1 F879.5 X72.676 Y175.366 E207.72018
G1 F865.4 X72.334 Y175.762 E207.74733
G1 F853.1 X71.992 Y176.158 E207.77487
G1 F841.1 X71.651 Y176.554 E207.80276
G1 F828.2 X71.309 Y176.95 E207.83113
G1 F816.9 X70.967 Y177.346 E207.85989
G1 F851.7 X70.504 Y177.942 E207.89968
G1 F898.5 X70.485 Y177.968 E207.90129
G1 F889.6 X70.147 Y178.456 E207.93125
G1 F869.6 X69.808 Y178.944 E207.96193
G1 F849.1 X69.47 Y179.432 E207.99332
G1 F830.8 X69.131 Y179.92 E208.02544
G1 F813.3 X68.792 Y180.408 E208.05824
G1 F850.4 X68.28 Y181.235 E208.1096
G1 F892.6 X68.013 Y181.723 E208.13758
G1 F869.6 X67.745 Y182.212 E208.16638
G1 F847.7 X67.478 Y182.7 E208.19584
G1 F828.2 X67.21 Y183.189 E208.22607
G1 F808.4 X66.943 Y183.677 E208.25697
G1 F824.4 X66.691 Y184.198 E208.28849
G1 F879.5 X66.439 Y184.721 E208.31813
G1 F897 X66.239 Y185.2 E208.34411
G1 F871 X66.039 Y185.679 E208.37087
G1 F846.4 X65.839 Y186.158 E208.39841
G1 F824.4 X65.639 Y186.637 E208.42668
G1 F802.4 X65.439 Y187.116 E208.45573
G1 F819.4 X65.214 Y187.744 E208.49228
G1 F880.9 X64.989 Y188.37 E208.52619
G1 F915.3 X64.979 Y188.4 E208.52774
G1 F897 X64.808 Y188.976 E208.55782
G1 F862.6 X64.636 Y189.553 E208.58916
G1 F830.8 X64.464 Y190.13 E208.6217
G1 F801.2 X64.292 Y190.707 E208.65544
G1 F806 X64.175 Y191.193 E208.68329
G1 F846.4 X64.057 Y191.68 E208.70987
G1 F891.1 X63.939 Y192.167 E208.73512
G1 F916.8 X63.932 Y192.199 E208.73673
G1 F901.5 X63.832 Y192.742 E208.76423
G1 F866.8 X63.731 Y193.286 E208.79289
G1 F835.9 X63.63 Y193.83 E208.82261
G1 F806 X63.529 Y194.373 E208.85338
G1 F812 X63.454 Y194.932 E208.88457
G1 F853.1 X63.379 Y195.492 E208.9143
G1 F900 X63.304 Y196.053 E208.94254
G1 F923.1 X63.3 Y196.084 E208.94406
G1 F903 X63.261 Y196.589 E208.96925
G1 F866.8 X63.221 Y197.095 E208.99554
G1 F833.3 X63.181 Y197.6 E209.02284
G1 F802.4 X63.141 Y198.106 E209.05124
G1 F807.2 X63.124 Y198.732 E209.08608
G1 F847.7 X63.107 Y199.357 E209.11919
G1 F894 X63.09 Y199.982 E209.15059
G1 F918.4 X63.089 Y200.015 E209.15221
M204 S3000
M205 X10 Y10
;MESH:NONMESH
G0 F600 X63.089 Y200.015 Z0.6
G0 F4500 X62.323 Y198.083
G0 X61.814 Y198.056
;TIME_ELAPSED:162.349087
;LAYER:2
M204 S1800
M205 X8 Y8
;TYPE:WALL-OUTER
;MESH:15_4_2.stl
G1 F3000 X61.814 Y201.946 E209.28159
G1 X62.215 Y205.816 E209.411
G1 X63.008 Y209.614 E209.54004
G1 X64.193 Y213.334 E209.6699
G1 X65.753 Y216.9 E209.79935
G1 X67.669 Y220.286 E209.92875
G1 X69.924 Y223.458 E210.0582
G1 X72.491 Y226.381 E210.18758
G1 X75.354 Y229.03 E210.31732
G1 X78.464 Y231.361 E210.44658
G1 X81.799 Y233.364 E210.57598
G1 X85.326 Y235.014 E210.70549
G1 X89.013 Y236.299 E210.83535
G1 X92.789 Y237.186 E210.96436
G1 X96.579 Y237.677 E211.09147
G1 X97.474 Y237.708 E211.12125
G1 X100.535 Y237.786 E211.2231
G1 X104.415 Y237.486 E211.35253
G1 X108.244 Y236.788 E211.48198
G1 X111.968 Y235.704 E211.61098
G1 X115.586 Y234.235 E211.74086
G1 X119.022 Y232.405 E211.87034
G1 X122.251 Y230.233 E211.99977
G1 X125.238 Y227.741 E212.12916
G1 X127.956 Y224.952 E212.25868
G1 X130.37 Y221.9 E212.38811
G1 X132.458 Y218.619 E212.51746
G1 X134.199 Y215.135 E212.647
G1 X135.553 Y211.544 E212.77464
G1 X135.594 Y211.416 E212.77911
G1 X136.563 Y207.731 E212.90584
G1 X137.162 Y203.884 E213.03534
G1 X137.362 Y199.998 E213.16476
G1 X137.167 Y196.182 E213.29184
G1 X137.11 Y195.776 E213.30548
G1 X136.563 Y192.268 E213.42357
G1 X135.575 Y188.519 E213.55252
G1 X134.199 Y184.863 E213.68244
G1 X132.458 Y181.381 E213.81192
G1 X130.37 Y178.1 E213.94127
G1 X127.954 Y175.046 E214.07079
G1 X125.238 Y172.259 E214.20023
G1 X122.249 Y169.765 E214.3297
G1 X119.022 Y167.595 E214.45904
G1 X115.586 Y165.765 E214.58852
G1 X113.62 Y164.965 E214.65912
G1 X111.968 Y164.292 E214.71845
G1 X108.244 Y163.213 E214.8474
G1 X104.415 Y162.514 E214.97686
G1 X100.535 Y162.214 E215.1063
G1 X96.647 Y162.313 E215.23565
G1 X92.789 Y162.813 E215.36504
G1 X89.014 Y163.705 E215.49406
G1 X85.692 Y164.858 E215.61101
G1 X85.266 Y165.014 E215.6261
G1 X81.799 Y166.636 E215.75341
G1 X78.464 Y168.639 E215.8828
G1 X75.356 Y170.971 E216.01204
G1 X72.491 Y173.619 E216.1418
G1 X69.924 Y176.542 E216.27118
G1 X67.669 Y179.714 E216.40063
G1 X65.753 Y183.1 E216.53003
G1 X64.193 Y186.666 E216.65948
G1 X63.803 Y187.888 E216.70215
G1 X63.004 Y190.386 E216.78938
G1 X62.215 Y194.184 E216.9184
G1 X61.814 Y198.056 E217.04787
M204 S3000
M205 X10 Y10
G0 F6000 X61.814 Y198.256
G0 X62.324 Y198.256
G0 X63.854 Y200.039
G0 X64.363 Y200.012
M204 S1800
M205 X8 Y8
G1 F3000 X64.568 Y196.197 E217.17494
G1 X65.185 Y192.435 E217.30174
G1 X66.204 Y188.763 E217.42848
G1 X67.613 Y185.223 E217.55521
G1 X69.407 Y181.843 E217.68248
G1 X71.546 Y178.689 E217.80923
G1 X74.014 Y175.785 E217.93599
G1 X76.768 Y173.179 E218.0621
G1 X79.801 Y170.871 E218.18886
G1 X83.066 Y168.904 E218.31564
G1 X86.543 Y167.297 E218.44304
G1 X90.157 Y166.079 E218.56988
G1 X93.873 Y165.262 E218.69643
G1 X97.668 Y164.851 E218.82339
G1 X101.474 Y164.851 E218.94998
G1 X105.272 Y165.265 E219.07705
G1 X108.982 Y166.082 E219.2034
G1 X112.603 Y167.305 E219.33052
G1 X116.061 Y168.904 E219.45723
G1 X119.326 Y170.871 E219.58401
G1 X122.352 Y173.172 E219.71045
G1 X125.116 Y175.789 E219.83705
G1 X127.593 Y178.706 E219.96433
G1 X129.722 Y181.846 E220.09051
G1 X131.514 Y185.227 E220.21778
G1 X132.916 Y188.748 E220.34383
G1 X133.943 Y192.443 E220.47139
G1 X134.558 Y196.204 E220.59814
G1 X134.763 Y200.01 E220.72491
G1 X134.557 Y203.813 E220.85159
G1 X133.938 Y207.578 E220.97849
G1 X132.919 Y211.247 E221.10514
G1 X131.506 Y214.79 E221.23201
G1 X129.719 Y218.157 E221.35879
G1 X127.58 Y221.311 E221.48554
G1 X125.112 Y224.215 E221.6123
G1 X122.345 Y226.834 E221.73902
G1 X119.308 Y229.141 E221.86587
G1 X116.043 Y231.105 E221.99259
G1 X112.583 Y232.703 E222.11935
G1 X108.97 Y233.921 E222.24617
G1 X105.25 Y234.738 E222.37284
G1 X101.458 Y235.149 E222.49971
G1 X97.646 Y235.148 E222.62649
G1 X93.873 Y234.738 E222.75272
G1 X90.155 Y233.92 E222.87934
G1 X89.797 Y233.801 E222.89189
G1 X86.522 Y232.695 E223.00686
G1 X83.066 Y231.096 E223.13351
G1 X79.801 Y229.129 E223.26029
G1 X76.782 Y226.834 E223.38642
G1 X74.33 Y224.515 E223.49867
G1 X73.999 Y224.199 E223.51389
G1 X71.546 Y221.311 E223.63992
G1 X69.398 Y218.143 E223.76723
G1 X67.611 Y214.771 E223.89416
G1 X66.202 Y211.23 E224.02091
G1 X65.183 Y207.557 E224.14769
G1 X64.568 Y203.793 E224.27454
G1 X64.363 Y200.012 E224.40048
M204 S3000
M205 X10 Y10
G0 F6000 X64.373 Y199.813
G0 X63.963 Y200.034
M204 S1800
M205 X8 Y8
;TYPE:WALL-INNER
G1 F3000 X63.963 Y199.968 E224.40268
G1 X64.17 Y196.156 E224.52965
G1 X64.788 Y192.378 E224.65698
G1 X64.802 Y192.315 E224.65913
G1 X65.823 Y188.641 E224.78595
G1 X65.837 Y188.601 E224.78736
G1 X67.247 Y185.063 E224.91404
G1 X67.266 Y185.022 E224.91554
G1 X69.05 Y181.66 E225.04213
G1 X69.539 Y180.935 E225.07122
G1 X71.209 Y178.471 E225.17022
G1 X71.65 Y177.948 E225.19297
G1 X73.701 Y175.535 E225.2983
G1 X74.054 Y175.195 E225.3146
G1 X76.496 Y172.885 E225.42641
G1 X76.74 Y172.696 E225.43667
G1 X79.562 Y170.551 E225.55457
G1 X79.655 Y170.491 E225.55825
G1 X82.864 Y168.559 E225.68283
G1 X82.916 Y168.532 E225.68478
G1 X86.354 Y166.942 E225.81077
G1 X86.415 Y166.918 E225.81295
G1 X90.009 Y165.706 E225.9391
G1 X90.071 Y165.688 E225.94125
G1 X93.769 Y164.874 E226.06719
G1 X93.833 Y164.864 E226.06934
G1 X97.602 Y164.454 E226.19544
G1 X97.668 Y164.451 E226.19763
G1 X101.458 Y164.451 E226.32369
G1 X101.523 Y164.454 E226.32585
G1 X105.293 Y164.864 E226.45198
G1 X105.358 Y164.874 E226.45417
G1 X109.056 Y165.688 E226.58011
G1 X109.118 Y165.706 E226.58226
G1 X112.746 Y166.931 E226.70962
G1 X114.637 Y167.803 E226.77888
G1 X116.24 Y168.546 E226.83765
G1 X119.539 Y170.532 E226.96572
G1 X122.608 Y172.864 E227.09392
G1 X122.637 Y172.889 E227.09519
G1 X125.385 Y175.493 E227.22111
G1 X125.43 Y175.54 E227.22327
G1 X127.899 Y178.445 E227.35008
G1 X130.049 Y181.617 E227.47753
G1 X130.501 Y182.46 E227.50934
G1 X131.866 Y185.032 E227.60619
G1 X133.293 Y188.609 E227.73428
G1 X134.326 Y192.322 E227.86246
G1 X134.387 Y192.681 E227.87458
G1 X134.952 Y196.122 E227.99056
G1 X134.964 Y196.296 E227.99636
G1 X135.164 Y199.998 E228.11967
G1 X134.965 Y203.702 E228.24304
G1 X134.951 Y203.879 E228.24894
G1 X134.338 Y207.621 E228.37506
G1 X134.324 Y207.685 E228.37724
G1 X133.311 Y211.337 E228.50329
G1 X133.289 Y211.399 E228.50548
G1 X131.887 Y214.918 E228.63147
G1 X131.86 Y214.978 E228.63366
G1 X130.061 Y218.367 E228.76128
G1 X127.899 Y221.554 E228.88936
G1 X125.405 Y224.489 E229.01747
G1 X122.609 Y227.136 E229.14553
G1 X119.539 Y229.467 E229.27373
G1 X119.514 Y229.484 E229.27474
G1 X116.242 Y231.453 E229.40175
G1 X112.746 Y233.07 E229.52986
G1 X109.094 Y234.302 E229.65805
G1 X109.056 Y234.312 E229.65936
G1 X105.337 Y235.13 E229.78601
G1 X101.505 Y235.548 E229.91422
G1 X97.652 Y235.549 E230.04237
G1 X96.847 Y235.465 E230.06929
G1 X93.821 Y235.135 E230.17053
G1 X93.22 Y235.005 E230.19099
G1 X90.063 Y234.31 E230.2985
G1 X89.669 Y234.18 E230.3123
G1 X86.409 Y233.08 E230.42674
G1 X86.197 Y232.986 E230.43445
G1 X82.913 Y231.467 E230.55479
G1 X82.859 Y231.438 E230.55683
G1 X79.613 Y229.484 E230.68285
G1 X79.559 Y229.447 E230.68502
G1 X76.54 Y227.152 E230.81116
G1 X76.491 Y227.11 E230.8133
G1 X73.739 Y224.505 E230.93934
G1 X73.694 Y224.458 E230.9415
G1 X71.241 Y221.57 E231.06753
G1 X71.202 Y221.518 E231.06969
G1 X69.05 Y218.34 E231.19735
G1 X67.266 Y214.978 E231.32394
G1 X67.239 Y214.919 E231.32609
G1 X65.823 Y211.359 E231.45352
G1 X64.802 Y207.685 E231.58035
G1 X64.788 Y207.622 E231.5825
G1 X64.17 Y203.845 E231.70979
G1 X63.963 Y200.034 E231.83673
M204 S3000
M205 X10 Y10
G0 F6000 X63.854 Y200.039
G0 X62.323 Y198.083
G0 X62.214 Y198.077
M204 S1800
M205 X8 Y8
G1 F3000 X62.214 Y201.925 E231.96472
G1 X62.611 Y205.754 E232.09275
G1 X63.396 Y209.512 E232.22044
G1 X64.568 Y213.193 E232.34893
G1 X66.111 Y216.721 E232.477
G1 X67.497 Y219.171 E232.57063
G1 X68.007 Y220.071 E232.60503
G1 X70.238 Y223.21 E232.73312
G1 X72.778 Y226.101 E232.86111
G1 X75.274 Y228.41 E232.97421
G1 X75.647 Y228.75 E232.99099
G1 X78.481 Y230.874 E233.10879
G1 X78.727 Y231.052 E233.11889
G1 X81.934 Y232.98 E233.24334
G1 X82.161 Y233.091 E233.25175
G1 X85.477 Y234.643 E233.37352
G1 X89.125 Y235.914 E233.50201
G1 X92.861 Y236.792 E233.62965
G1 X93.465 Y236.87 E233.64991
G1 X96.678 Y237.287 E233.75767
G1 X100.525 Y237.386 E233.88566
G1 X104.363 Y237.089 E234.0137
G1 X108.152 Y236.398 E234.1418
G1 X111.836 Y235.326 E234.26941
G1 X113.32 Y234.723 E234.32269
G1 X115.416 Y233.872 E234.39793
G1 X118.816 Y232.061 E234.52605
G1 X122.011 Y229.913 E234.6541
G1 X124.966 Y227.447 E234.78211
G1 X127.655 Y224.688 E234.91025
G1 X130.044 Y221.668 E235.03833
G1 X132.109 Y218.421 E235.16631
G1 X133.832 Y214.975 E235.29446
G1 X135.196 Y211.359 E235.423
G1 X136.039 Y208.149 E235.53338
G1 X136.171 Y207.649 E235.55058
G1 X136.763 Y203.843 E235.67869
G1 X136.961 Y199.998 E235.80675
G1 X136.764 Y196.155 E235.93473
G1 X136.171 Y192.35 E236.06282
G1 X135.193 Y188.641 E236.19039
G1 X133.832 Y185.023 E236.31896
G1 X132.11 Y181.579 E236.44703
G1 X130.044 Y178.332 E236.57503
G1 X127.653 Y175.31 E236.7032
G1 X124.966 Y172.553 E236.83125
G1 X122.009 Y170.085 E236.95935
G1 X118.816 Y167.939 E237.08731
G1 X115.416 Y166.128 E237.21543
G1 X111.836 Y164.67 E237.344
G1 X108.152 Y163.603 E237.47157
G1 X104.363 Y162.912 E237.59967
G1 X100.525 Y162.615 E237.7277
G1 X97.485 Y162.691 E237.82885
G1 X96.678 Y162.713 E237.8557
G1 X92.861 Y163.207 E237.98371
G1 X89.678 Y163.959 E238.09249
G1 X89.126 Y164.089 E238.11135
G1 X85.477 Y165.357 E238.23984
G1 X81.987 Y166.99 E238.36799
G1 X78.688 Y168.971 E238.49598
G1 X75.612 Y171.279 E238.62389
G1 X72.778 Y173.899 E238.75225
G1 X70.238 Y176.79 E238.88025
G1 X68.007 Y179.929 E239.00834
G1 X66.111 Y183.279 E239.13637
G1 X64.568 Y186.808 E239.26447
G1 X64.184 Y188.01 E239.30644
G1 X63.392 Y190.488 E239.39297
G1 X62.611 Y194.246 E239.52063
G1 X62.441 Y195.889 E239.57557
G1 X62.214 Y198.077 E239.64873
M204 S3000
M205 X10 Y10
G0 F6000 X62.614 Y198.097
M204 S1800
M205 X8 Y8
G1 F3000 X62.614 Y201.905 E239.77538
G1 X63.007 Y205.692 E239.90202
G1 X63.471 Y207.924 E239.97784
G1 X63.492 Y208.016 E239.98098
G1 X63.783 Y209.41 E240.02834
G1 X64.943 Y213.051 E240.15544
G1 X65.985 Y215.434 E240.24195
G1 X66.469 Y216.542 E240.28216
G1 X67.846 Y218.974 E240.37511
G1 X68.345 Y219.856 E240.40882
G1 X70.077 Y222.293 E240.50826
G1 X70.552 Y222.961 E240.53552
G1 X72.653 Y225.353 E240.64141
G1 X73.065 Y225.821 E240.66215
G1 X75.546 Y228.117 E240.77458
G1 X75.887 Y228.43 E240.78998
G1 X78.721 Y230.554 E240.90777
G1 X78.933 Y230.71 E240.91653
G1 X82.139 Y232.638 E241.04095
G1 X82.33 Y232.729 E241.04799
G1 X85.628 Y234.272 E241.1691
G1 X89.237 Y235.529 E241.2962
G1 X89.748 Y235.652 E241.31368
G1 X89.77 Y235.654 E241.31442
G1 X92.933 Y236.397 E241.42248
G1 X93.517 Y236.473 E241.44207
G1 X96.709 Y236.887 E241.54913
G1 X97.618 Y236.913 E241.57937
G1 X97.656 Y236.912 E241.58064
G1 X100.515 Y236.985 E241.67576
G1 X101.495 Y236.91 E241.70845
G1 X104.312 Y236.692 E241.80242
G1 X105.473 Y236.479 E241.84168
G1 X108.06 Y236.008 E241.92914
G1 X111.705 Y234.947 E242.05541
G1 X113.169 Y234.353 E242.10796
G1 X115.246 Y233.509 E242.18252
G1 X118.61 Y231.718 E242.30928
G1 X121.77 Y229.592 E242.43595
G1 X124.694 Y227.153 E242.5626
G1 X127.354 Y224.423 E242.68937
G1 X129.717 Y221.436 E242.81605
G1 X131.76 Y218.224 E242.94266
G1 X133.464 Y214.814 E243.06945
G1 X134.814 Y211.237 E243.19661
G1 X135.779 Y207.567 E243.32283
G1 X136.365 Y203.801 E243.44959
G1 X136.56 Y199.998 E243.57625
G1 X136.367 Y196.223 E243.70197
G1 X136.319 Y195.898 E243.71289
G1 X135.779 Y192.432 E243.82956
G1 X134.812 Y188.763 E243.95576
G1 X133.464 Y185.183 E244.08299
G1 X131.761 Y181.776 E244.20968
G1 X129.717 Y178.564 E244.33631
G1 X127.352 Y175.574 E244.4631
G1 X124.694 Y172.847 E244.58976
G1 X121.768 Y170.406 E244.7165
G1 X118.61 Y168.282 E244.84308
G1 X116.941 Y167.394 E244.90596
G1 X115.246 Y166.491 E244.96984
G1 X113.255 Y165.678 E245.04137
G1 X113.17 Y165.646 E245.04439
G1 X111.705 Y165.049 E245.09701
G1 X109.53 Y164.419 E245.17232
G1 X108.06 Y163.993 E245.22322
G1 X104.312 Y163.309 E245.34994
G1 X101.654 Y163.103 E245.43861
G1 X100.515 Y163.015 E245.47661
G1 X96.709 Y163.112 E245.60324
G1 X93.676 Y163.505 E245.70496
G1 X92.96 Y163.598 E245.72897
G1 X92.908 Y163.607 E245.73073
G1 X89.238 Y164.474 E245.85615
G1 X85.627 Y165.728 E245.98329
G1 X82.175 Y167.343 E246.11005
G1 X78.911 Y169.303 E246.23668
G1 X75.869 Y171.586 E246.36318
G1 X73.065 Y174.179 E246.49021
G1 X70.552 Y177.039 E246.61683
G1 X70.17 Y177.576 E246.63875
G1 X68.345 Y180.144 E246.74354
G1 X66.47 Y183.458 E246.87018
G1 X66.05 Y184.418 E246.90503
G1 X64.943 Y186.949 E246.99691
G1 X64.566 Y188.132 E247.03821
G1 X63.78 Y190.59 E247.12404
G1 X63.49 Y191.984 E247.1714
G1 X63.007 Y194.307 E247.25031
G1 X62.614 Y198.097 E247.37705
M204 S3000
M205 X10 Y10
G0 F6000 X63.564 Y199.946
M204 S1800
M205 X8 Y8
G1 F3000 X63.772 Y196.114 E247.50469
G1 X64.039 Y194.471 E247.56005
G1 X64.401 Y192.272 E247.63417
G1 X64.416 Y192.208 E247.63636
G1 X65.442 Y188.519 E247.76371
G1 X65.465 Y188.453 E247.76604
G1 X66.88 Y184.903 E247.89315
G1 X66.913 Y184.835 E247.89566
G1 X68.702 Y181.463 E248.02262
G1 X69.208 Y180.71 E248.05279
G1 X70.883 Y178.239 E248.15208
G1 X71.345 Y177.689 E248.17597
G1 X73.4 Y175.271 E248.28152
G1 X73.779 Y174.905 E248.29904
G1 X76.225 Y172.591 E248.41103
G1 X76.498 Y172.378 E248.42255
G1 X79.322 Y170.231 E248.54054
G1 X79.449 Y170.148 E248.54558
G1 X82.661 Y168.214 E248.67029
G1 X82.748 Y168.169 E248.67354
G1 X86.186 Y166.579 E248.79953
G1 X86.287 Y166.539 E248.80314
G1 X89.881 Y165.327 E248.92929
G1 X89.985 Y165.297 E248.93289
G1 X93.683 Y164.483 E249.05883
G1 X93.79 Y164.466 E249.06244
G1 X97.559 Y164.056 E249.18853
G1 X97.668 Y164.051 E249.19216
G1 X101.458 Y164.051 E249.31822
G1 X101.567 Y164.056 E249.32185
G1 X105.337 Y164.466 E249.44798
G1 X105.444 Y164.484 E249.45159
G1 X109.142 Y165.298 E249.57753
G1 X109.246 Y165.327 E249.58112
G1 X112.839 Y166.539 E249.70724
G1 X112.939 Y166.579 E249.71082
G1 X116.377 Y168.168 E249.83679
G1 X116.473 Y168.219 E249.84041
G1 X119.72 Y170.173 E249.96645
G1 X119.81 Y170.234 E249.97007
G1 X122.865 Y172.557 E250.09771
G1 X122.912 Y172.599 E250.09981
G1 X125.69 Y175.23 E250.22707
G1 X125.736 Y175.281 E250.22935
G1 X128.213 Y178.197 E250.35661
G1 X130.398 Y181.415 E250.48598
G1 X132.212 Y184.833 E250.61468
G1 X132.515 Y185.579 E250.64146
G1 X133.66 Y188.452 E250.74433
G1 X133.833 Y189.054 E250.76516
G1 X134.713 Y192.22 E250.87445
G1 X134.782 Y192.616 E250.88782
G1 X135.347 Y196.06 E251.0039
G1 X135.363 Y196.274 E251.01104
G1 X135.563 Y199.946 E251.13335
G1 X135.563 Y200.054 E251.13695
G1 X135.358 Y203.837 E251.26295
G1 X135.346 Y203.944 E251.26653
G1 X134.733 Y207.686 E251.39265
G1 X134.709 Y207.792 E251.39627
G1 X133.697 Y211.444 E251.52231
G1 X133.661 Y211.547 E251.52594
G1 X132.259 Y215.066 E251.65193
G1 X132.214 Y215.166 E251.65558
G1 X130.438 Y218.514 E251.78163
G1 X130.382 Y218.606 E251.78521
G1 X128.256 Y221.743 E251.91125
G1 X128.191 Y221.829 E251.91484
G1 X125.738 Y224.717 E252.04087
G1 X125.662 Y224.795 E252.04449
G1 X122.866 Y227.444 E252.17259
G1 X119.81 Y229.766 E252.30025
G1 X119.72 Y229.827 E252.30386
G1 X116.43 Y231.806 E252.43156
G1 X114.805 Y232.559 E252.49113
G1 X112.896 Y233.44 E252.56106
G1 X112.839 Y233.461 E252.56308
G1 X109.206 Y234.686 E252.6906
G1 X109.142 Y234.702 E252.69279
G1 X105.409 Y235.523 E252.81992
G1 X105.337 Y235.534 E252.82234
G1 X101.536 Y235.947 E252.94951
G1 X100.502 Y235.949 E252.9839
G1 X97.642 Y235.949 E253.07902
G1 X96.804 Y235.863 E253.10704
G1 X93.769 Y235.531 E253.20859
G1 X93.134 Y235.397 E253.23017
G1 X89.972 Y234.699 E253.33787
G1 X89.541 Y234.56 E253.35293
G1 X86.277 Y233.458 E253.46752
G1 X86.029 Y233.348 E253.47654
G1 X82.743 Y231.829 E253.59694
G1 X82.653 Y231.781 E253.60034
G1 X79.406 Y229.827 E253.72638
G1 X79.317 Y229.765 E253.72999
G1 X76.298 Y227.47 E253.85612
G1 X76.216 Y227.401 E253.85968
G1 X73.464 Y224.796 E253.98572
G1 X73.389 Y224.717 E253.98934
G1 X70.936 Y221.829 E254.11537
G1 X70.87 Y221.743 E254.11898
G1 X69.209 Y219.289 E254.21754
G1 X68.744 Y218.606 E254.24502
G1 X68.689 Y218.513 E254.24861
G1 X66.913 Y215.165 E254.37466
G1 X66.867 Y215.067 E254.37826
G1 X65.465 Y211.546 E254.50431
G1 X65.43 Y211.444 E254.5079
G1 X64.416 Y207.792 E254.63396
G1 X64.393 Y207.686 E254.63757
G1 X63.772 Y203.886 E254.76564
G1 X63.564 Y200.056 E254.89321
G1 X63.564 Y199.946 E254.89687
M204 S3000
M205 X10 Y10
G0 F6000 X63.089 Y200.015
M204 S1800
M205 X8 Y8
;TYPE:SKIN
G1 F793.4 X63.105 Y200.63 E254.92782
G1 F751.2 X63.121 Y201.245 E254.9605
G1 F713.2 X63.138 Y201.86 E254.99493
G1 F709 X63.178 Y202.374 E255.02396
G1 F737.3 X63.218 Y202.889 E255.05192
G1 F768 X63.259 Y203.403 E255.07871
G1 F801.3 X63.299 Y203.918 E255.10444
G1 F819.1 X63.303 Y203.95 E255.10601
G1 F797.3 X63.376 Y204.498 E255.13369
G1 F754.7 X63.449 Y205.046 E255.16292
G1 F717.5 X63.522 Y205.595 E255.19373
G1 F713.2 X63.624 Y206.148 E255.2252
G1 F740.7 X63.727 Y206.702 E255.25556
G1 F770.5 X63.83 Y207.256 E255.28475
G1 F802.7 X63.933 Y207.81 E255.31277
G1 F817.7 X63.939 Y207.842 E255.31436
G1 F784.3 X64.109 Y208.544 E255.35111
G1 F727.3 X64.28 Y209.247 E255.39082
G1 F714.3 X64.456 Y209.84 E255.42538
G1 F740.7 X64.633 Y210.433 E255.45873
G1 F768 X64.809 Y211.027 E255.49092
G1 F798.7 X64.986 Y211.62 E255.52185
G1 F812.2 X64.996 Y211.65 E255.5234
G1 F780.5 X65.21 Y212.25 E255.55598
G1 F726.2 X65.425 Y212.851 E255.59106
G1 F711.1 X65.627 Y213.336 E255.62055
G1 F730.6 X65.83 Y213.822 E255.64932
G1 F750 X66.033 Y214.307 E255.6773
G1 F771.7 X66.235 Y214.793 E255.70452
G1 F794.7 X66.438 Y215.278 E255.73093
G1 F805.4 X66.451 Y215.308 E255.73255
G1 F779.2 X66.689 Y215.801 E255.76059
G1 F730.6 X66.928 Y216.295 E255.79057
G1 F716.4 X67.198 Y216.789 E255.82193
G1 F732.8 X67.468 Y217.283 E255.85259
G1 F750 X67.738 Y217.777 E255.88255
G1 F769.2 X68.008 Y218.271 E255.91176
G1 F788.2 X68.278 Y218.765 E255.94027
G1 F752.4 X68.773 Y219.564 E255.99013
G1 F718.6 X69.058 Y219.975 E256.01791
G1 F730.6 X69.343 Y220.387 E256.04528
G1 F744.2 X69.629 Y220.799 E256.07218
G1 F757.1 X69.914 Y221.211 E256.09859
G1 F770.5 X70.2 Y221.623 E256.12457
G1 F785.6 X70.485 Y222.034 E256.14998
G1 F755.9 X70.955 Y222.643 E256.1906
G1 F728.4 X71.3 Y223.043 E256.21954
G1 F737.3 X71.646 Y223.443 E256.24817
G1 F746.5 X71.992 Y223.844 E256.27649
G1 F757.1 X72.338 Y224.244 E256.30437
G1 F766.8 X72.684 Y224.644 E256.3319
G1 F776.7 X73.03 Y225.045 E256.35912
G1 F755.9 X73.43 Y225.465 E256.38974
G1 F735.1 X73.84 Y225.849 E256.42024
G1 F740.7 X74.25 Y226.233 E256.45051
G1 F747.7 X74.66 Y226.617 E256.4805
G1 F753.5 X75.07 Y227.002 E256.51029
G1 F759.5 X75.48 Y227.386 E256.53981
G1 F766.8 X75.89 Y227.77 E256.56905
G1 F750 X76.182 Y228.015 E256.58933
G1 F733.9 X76.587 Y228.321 E256.61694
G1 F738.5 X76.992 Y228.628 E256.6444
G1 F743 X77.397 Y228.934 E256.67167
G1 F746.5 X77.802 Y229.241 E256.69884
G1 F751.2 X78.207 Y229.547 E256.72581
G1 F755.9 X78.612 Y229.854 E256.75264
G1 F760.7 X79.017 Y230.16 E256.77928
G1 F757.1 X79.19 Y230.279 E256.79035
G1 F752.4 X82.384 Y232.203 E256.98816
G1 F758.3 X82.541 Y232.281 E256.99738
G1 F763.1 X83.007 Y232.497 E257.02425
G1 F760.7 X83.473 Y232.714 E257.05122
G1 F758.3 X83.939 Y232.931 E257.07827
G1 F754.7 X84.405 Y233.148 E257.10546
G1 F752.4 X84.871 Y233.364 E257.13271
G1 F750 X85.337 Y233.581 E257.16006
G1 F747.7 X85.804 Y233.798 E257.18755
G1 F760.7 X86.144 Y233.93 E257.20669
G1 F772.9 X86.683 Y234.115 E257.23611
G1 F765.6 X87.222 Y234.3 E257.26582
G1 F758.3 X87.761 Y234.485 E257.29582
G1 F751.2 X88.3 Y234.67 E257.3261
G1 F744.2 X88.839 Y234.856 E257.35668
G1 F737.3 X89.378 Y235.041 E257.38752
G1 F754.7 X89.876 Y235.181 E257.41488
G1 F779.2 X89.881 Y235.18 E257.41514
G1 F778 X90.401 Y235.298 E257.4425
G1 F769.2 X90.922 Y235.416 E257.47022
G1 F760.7 X91.443 Y235.534 E257.49824
G1 F752.4 X91.964 Y235.653 E257.52659
G1 F744.2 X92.485 Y235.771 E257.55524
G1 F736.2 X93.006 Y235.889 E257.58421
G1 F759.5 X93.593 Y235.992 E257.61552
G1 F793.4 X93.736 Y236.013 E257.62279
G1 F790.8 X94.235 Y236.072 E257.64816
G1 F776.7 X94.734 Y236.132 E257.67398
G1 F763.1 X95.234 Y236.192 E257.70032
G1 F750 X95.733 Y236.251 E257.72706
G1 F737.3 X96.233 Y236.311 E257.75432
G1 F725.1 X96.732 Y236.371 E257.78199
G1 F755.9 X97.521 Y236.424 E257.82374
G1 F798.7 X97.637 Y236.429 E257.82954
G1 F790.8 X98.207 Y236.436 E257.85831
G1 F771.7 X98.777 Y236.443 E257.8878
G1 F752.4 X99.347 Y236.451 E257.91804
G1 F735.1 X99.917 Y236.458 E257.94899
G1 F718.6 X100.487 Y236.466 E257.98065
G1 F731.7 X101.029 Y236.445 E258.01024
G1 F779.2 X101.573 Y236.424 E258.03812
G1 F806.7 X101.58 Y236.422 E258.03848
G1 F797.3 X102.108 Y236.373 E258.06503
G1 F774.2 X102.637 Y236.324 E258.09242
G1 F752.4 X103.166 Y236.275 E258.1206
G1 F732.8 X103.695 Y236.226 E258.14953
G1 F713.2 X104.224 Y236.177 E258.17926
G1 F728.4 X104.849 Y236.085 E258.21388
G1 F783 X105.474 Y235.994 E258.24607
G1 F812.2 X105.506 Y235.989 E258.24766
G1 F796 X106.109 Y235.868 E258.2785
G1 F766.8 X106.713 Y235.746 E258.31058
G1 F739.6 X107.317 Y235.625 E258.34382
G1 F714.3 X107.921 Y235.503 E258.37825
G1 F728.4 X108.621 Y235.325 E258.41783
G1 F786.9 X109.322 Y235.146 E258.45452
G1 F819.1 X109.353 Y235.137 E258.4561
G1 F802.7 X109.89 Y234.969 E258.48407
G1 F770.5 X110.427 Y234.8 E258.51324
G1 F740.7 X110.964 Y234.632 E258.54355
G1 F713.2 X111.502 Y234.463 E258.57511
G1 F717.5 X112.021 Y234.271 E258.60589
G1 F754.7 X112.54 Y234.078 E258.63518
G1 F797.3 X113.06 Y233.885 E258.66294
G1 F817.7 X113.09 Y233.873 E258.66452
G1 F800 X113.569 Y233.666 E258.69055
G1 F768 X114.048 Y233.458 E258.71769
G1 F738.5 X114.527 Y233.25 E258.74592
G1 F711.1 X115.006 Y233.042 E258.77523
G1 F716.4 X115.55 Y232.772 E258.80906
G1 F754.7 X116.095 Y232.501 E258.84125
G1 F798.7 X116.64 Y232.23 E258.87166
G1 F821.9 X116.668 Y232.215 E258.87321
G1 F798.7 X117.219 Y231.903 E258.90485
G1 F755.9 X117.771 Y231.59 E258.93836
G1 F717.5 X118.323 Y231.277 E258.97366
G1 F713.2 X118.746 Y231.007 E259.00174
G1 F739.6 X119.169 Y230.738 E259.02879
G1 F769.2 X119.592 Y230.469 E259.0548
G1 F800 X120.015 Y230.2 E259.07981
G1 F816.3 X120.041 Y230.182 E259.08135
G1 F794.7 X120.507 Y229.849 E259.11012
G1 F753.5 X120.974 Y229.516 E259.1405
G1 F717.5 X121.441 Y229.183 E259.17241
G1 F713.2 X121.87 Y228.841 E259.20311
G1 F741.9 X122.3 Y228.499 E259.23267
G1 F771.7 X122.73 Y228.157 E259.26108
G1 F805.4 X123.16 Y227.815 E259.28831
G1 F821.9 X123.184 Y227.795 E259.28983
G1 F800 X123.564 Y227.457 E259.3152
G1 F759.5 X123.945 Y227.119 E259.34196
G1 F722.9 X124.325 Y226.781 E259.37004
G1 F718.6 X124.75 Y226.362 E259.40319
G1 F745.3 X125.175 Y225.943 E259.43515
G1 F772.9 X125.601 Y225.524 E259.46601
G1 F804 X126.026 Y225.105 E259.49563
G1 F817.7 X126.047 Y225.084 E259.49708
G1 F785.6 X126.498 Y224.588 E259.53114
G1 F730.6 X126.95 Y224.092 E259.5678
G1 F715.4 X127.276 Y223.695 E259.59646
G1 F735.1 X127.602 Y223.298 E259.62435
G1 F755.9 X127.929 Y222.901 E259.65151
G1 F778 X128.255 Y222.503 E259.6779
G1 F801.3 X128.581 Y222.106 E259.70349
G1 F813.6 X128.602 Y222.079 E259.70517
G1 F785.6 X128.943 Y221.614 E259.73446
G1 F733.9 X129.284 Y221.149 E259.76582
G1 F719.6 X129.586 Y220.689 E259.79634
G1 F737.3 X129.889 Y220.229 E259.82616
G1 F755.9 X130.192 Y219.768 E259.85529
G1 F776.7 X130.494 Y219.308 E259.88356
G1 F797.3 X130.797 Y218.847 E259.91118
G1 F759.5 X131.302 Y217.983 E259.96377
G1 F724 X131.572 Y217.46 E259.99622
G1 F739.6 X131.842 Y216.937 E260.02798
G1 F755.9 X132.112 Y216.413 E260.0591
G1 F772.9 X132.382 Y215.89 E260.08949
G1 F790.8 X132.653 Y215.366 E260.11927
G1 F758.3 X132.994 Y214.607 E260.16307
G1 F726.2 X133.181 Y214.124 E260.19153
G1 F737.3 X133.369 Y213.64 E260.21964
G1 F748.8 X133.557 Y213.156 E260.24731
G1 F759.5 X133.745 Y212.672 E260.2746
G1 F771.7 X133.933 Y212.188 E260.30145
G1 F784.3 X134.121 Y211.705 E260.32783
G1 F758.3 X134.327 Y211.083 E260.36232
G1 F733.9 X134.47 Y210.554 E260.39212
G1 F740.7 X134.614 Y210.024 E260.42171
G1 F748.8 X134.757 Y209.494 E260.45097
G1 F757.1 X134.901 Y208.964 E260.47992
G1 F764.3 X135.044 Y208.434 E260.50859
G1 F772.9 X135.188 Y207.904 E260.53695
G1 F754.7 X135.277 Y207.48 E260.55986
G1 F737.3 X135.356 Y206.985 E260.58699
G1 F741.9 X135.436 Y206.489 E260.61402
G1 F747.7 X135.515 Y205.993 E260.64083
G1 F752.4 X135.595 Y205.498 E260.66743
G1 F758.3 X135.675 Y205.002 E260.69388
G1 F764.3 X135.754 Y204.506 E260.7201
G1 F769.2 X135.834 Y204.011 E260.74612
G1 F758.3 X135.861 Y203.767 E260.75904
G1 F746.5 X135.889 Y203.24 E260.78726
G1 F748.8 X135.917 Y202.713 E260.81538
G1 F751.2 X135.945 Y202.186 E260.84343
G1 F753.5 X135.974 Y201.658 E260.87143
G1 F755.9 X136.002 Y201.131 E260.8993
G1 F758.3 X136.03 Y200.604 E260.92708
G1 F760.7 X136.059 Y200.077 E260.95477
G1 F761.9 X136.059 Y199.92 E260.96299
G1 F760.7 X136.032 Y199.398 E260.99042
G1 F758.3 X136.004 Y198.876 E261.01793
G1 F755.9 X135.977 Y198.354 E261.04553
G1 F753.5 X135.949 Y197.831 E261.07327
G1 F751.2 X135.922 Y197.309 E261.10105
G1 F748.8 X135.894 Y196.787 E261.12891
G1 F746.5 X135.866 Y196.265 E261.15686
G1 F758.3 X135.832 Y195.976 E261.17217
G1 F768 X135.741 Y195.406 E261.20217
G1 F760.7 X135.649 Y194.835 E261.23252
G1 F753.5 X135.557 Y194.264 E261.26315
G1 F745.3 X135.466 Y193.693 E261.29411
G1 F738.5 X135.374 Y193.122 E261.32537
G1 F731.7 X135.282 Y192.551 E261.35692
G1 F753.5 X135.182 Y192.087 E261.38206
G1 F776.7 X135.04 Y191.561 E261.41006
G1 F766.8 X134.897 Y191.035 E261.43843
G1 F757.1 X134.755 Y190.509 E261.46715
G1 F747.7 X134.612 Y189.983 E261.49625
G1 F738.5 X134.469 Y189.457 E261.52571
G1 F729.5 X134.327 Y188.931 E261.55552
G1 F757.1 X134.121 Y188.297 E261.59066
G1 F794.7 X134.117 Y188.292 E261.59099
G1 F790.8 X133.931 Y187.811 E261.61701
G1 F775.4 X133.744 Y187.33 E261.64358
G1 F761.9 X133.558 Y186.849 E261.67059
G1 F748.8 X133.371 Y186.368 E261.6981
G1 F735.1 X133.184 Y185.887 E261.72612
G1 F722.9 X132.998 Y185.406 E261.75459
G1 F754.7 X132.638 Y184.608 E261.80089
G1 F788.2 X132.375 Y184.097 E261.82999
G1 F770.5 X132.112 Y183.586 E261.85976
G1 F752.4 X131.848 Y183.075 E261.89028
G1 F736.2 X131.585 Y182.564 E261.92143
G1 F720.7 X131.321 Y182.053 E261.95328
G1 F732.8 X131.061 Y181.605 E261.9815
G1 F778 X130.801 Y181.156 E262.00811
G1 F805.4 X130.795 Y181.15 E262.00853
G1 F797.3 X130.497 Y180.697 E262.03568
G1 F775.4 X130.199 Y180.243 E262.06363
G1 F753.5 X129.9 Y179.789 E262.09242
G1 F733.9 X129.602 Y179.335 E262.12195
G1 F715.4 X129.303 Y178.881 E262.15228
G1 F729.5 X128.938 Y178.384 E262.18602
G1 F781.8 X128.574 Y177.887 E262.21747
G1 F812.2 X128.554 Y177.862 E262.21905
G1 F798.7 X128.159 Y177.38 E262.25019
G1 F770.5 X127.763 Y176.897 E262.28254
G1 F743 X127.367 Y176.415 E262.31605
G1 F718.6 X126.971 Y175.932 E262.35074
G1 F730.6 X126.507 Y175.422 E262.38841
G1 F785.6 X126.041 Y174.91 E262.42358
G1 F816.3 X126.019 Y174.887 E262.42514
G1 F800 X125.602 Y174.476 E262.45435
G1 F769.2 X125.184 Y174.065 E262.48477
G1 F739.6 X124.767 Y173.654 E262.51636
G1 F713.2 X124.349 Y173.243 E262.54917
G1 F716.4 X123.947 Y172.887 E262.57908
G1 F752.4 X123.544 Y172.529 E262.60768
G1 F792.1 X123.141 Y172.171 E262.63484
G1 F813.6 X123.117 Y172.151 E262.63637
G1 F797.3 X122.705 Y171.823 E262.66274
G1 F766.8 X122.293 Y171.495 E262.69015
G1 F737.3 X121.881 Y171.166 E262.71869
G1 F711.1 X121.468 Y170.838 E262.74829
G1 F715.4 X120.992 Y170.498 E262.78093
G1 F752.4 X120.517 Y170.158 E262.81191
G1 F794.7 X120.042 Y169.818 E262.84125
G1 F816.3 X120.015 Y169.8 E262.84284
G1 F794.7 X119.462 Y169.448 E262.87576
G1 F753.5 X118.909 Y169.095 E262.91051
G1 F717.5 X118.356 Y168.743 E262.94698
G1 X117.792 Y168.423 E262.98305
G1 F755.9 X117.227 Y168.102 E263.01736
G1 F798.7 X116.662 Y167.782 E263.04981
G1 F820.5 X116.633 Y167.766 E263.05142
G1 F797.3 X116.102 Y167.502 E263.0811
G1 F755.9 X115.57 Y167.238 E263.11246
G1 F719.6 X115.038 Y166.973 E263.14542
G1 F714.3 X114.551 Y166.762 E263.17508
G1 F740.7 X114.063 Y166.55 E263.20375
G1 F768 X113.575 Y166.338 E263.2314
G1 F798.7 X113.087 Y166.126 E263.25799
G1 F813.6 X113.059 Y166.114 E263.25948
G1 F790.8 X112.551 Y165.925 E263.28684
G1 F748.8 X112.043 Y165.736 E263.31573
G1 F711.1 X111.535 Y165.547 E263.34615
G1 F706.9 X110.988 Y165.375 E263.37852
G1 F735.1 X110.441 Y165.204 E263.40964
G1 F764.3 X109.894 Y165.032 E263.43958
G1 F797.3 X109.347 Y164.861 E263.46827
G1 F812.2 X109.317 Y164.852 E263.46981
G1 F781.8 X108.637 Y164.679 E263.50563
G1 F729.5 X107.957 Y164.506 E263.54402
G1 F717.5 X107.352 Y164.384 E263.57836
G1 F741.9 X106.746 Y164.261 E263.61162
G1 F768 X106.14 Y164.139 E263.64375
G1 F796 X105.535 Y164.016 E263.6747
G1 F809.4 X105.388 Y163.991 E263.68205
G1 F781.8 X104.825 Y163.909 E263.7111
G1 F733.9 X104.262 Y163.827 E263.74204
G1 F720.7 X103.727 Y163.778 E263.77179
G1 F738.5 X103.191 Y163.728 E263.80089
G1 F757.1 X102.655 Y163.678 E263.82927
G1 F776.7 X102.119 Y163.628 E263.85693
G1 F797.3 X101.583 Y163.579 E263.88387
G1 F806.7 X101.55 Y163.576 E263.88551
G1 F780.5 X101.033 Y163.556 E263.91197
G1 F733.9 X100.516 Y163.535 E263.94011
G1 F720.7 X99.941 Y163.542 E263.97195
G1 F736.2 X99.365 Y163.549 E264.00318
G1 F752.4 X98.789 Y163.556 E264.03374
G1 F770.5 X98.213 Y163.563 E264.06358
G1 F788.2 X97.637 Y163.57 E264.09275
G1 F752.4 X96.766 Y163.627 E264.13906
G1 F718.6 X96.262 Y163.686 E264.16724
G1 F730.6 X95.757 Y163.746 E264.19502
G1 F744.2 X95.253 Y163.805 E264.22224
G1 F757.1 X94.748 Y163.865 E264.24905
G1 F770.5 X94.244 Y163.925 E264.27534
G1 F785.6 X93.739 Y163.984 E264.30117
G1 F758.3 X93.025 Y164.105 E264.33929
G1 F731.7 X92.499 Y164.225 E264.36872
G1 F740.7 X91.972 Y164.345 E264.39784
G1 F750 X91.446 Y164.465 E264.42655
G1 F759.5 X90.919 Y164.585 E264.45495
G1 F769.2 X90.393 Y164.705 E264.48295
G1 F779.2 X89.866 Y164.825 E264.51063
G1 F758.3 X89.399 Y164.958 E264.53619
G1 F737.3 X88.856 Y165.143 E264.56724
G1 F743 X88.313 Y165.328 E264.59805
G1 F750 X87.769 Y165.513 E264.62863
G1 F755.9 X87.226 Y165.698 E264.65892
G1 F761.9 X86.682 Y165.883 E264.68902
G1 F769.2 X86.139 Y166.068 E264.71879
G1 F758.3 X85.817 Y166.196 E264.73702
G1 F746.5 X85.27 Y166.45 E264.76927
G1 F748.8 X84.722 Y166.705 E264.80148
G1 F751.2 X84.174 Y166.959 E264.83358
G1 F753.5 X83.626 Y167.214 E264.86559
G1 F755.9 X83.078 Y167.468 E264.89748
G1 F758.3 X82.53 Y167.723 E264.9293
G1 X82.394 Y167.794 E264.93737
G1 F755.9 X81.597 Y168.273 E264.98647
G1 F753.5 X80.8 Y168.752 E265.03572
G1 F751.2 X80.003 Y169.231 E265.08513
G1 F748.8 X79.206 Y169.71 E265.13469
G1 F755.9 X79.017 Y169.843 E265.14689
G1 F763.1 X78.616 Y170.146 E265.17318
G1 F759.5 X78.215 Y170.449 E265.19959
G1 F755.9 X77.813 Y170.752 E265.22617
G1 F752.4 X77.412 Y171.055 E265.25283
G1 F750 X77.01 Y171.358 E265.27962
G1 F746.5 X76.609 Y171.661 E265.30649
G1 F743 X76.207 Y171.964 E265.33353
G1 F759.5 X75.88 Y172.245 E265.35619
G1 F775.4 X75.474 Y172.624 E265.38478
G1 F765.6 X75.068 Y173.004 E265.41377
G1 F757.1 X74.661 Y173.383 E265.44309
G1 F748.8 X74.255 Y173.763 E265.47273
G1 F739.6 X73.849 Y174.142 E265.5027
G1 F731.7 X73.442 Y174.522 E265.53307
G1 F755.9 X73.029 Y174.956 E265.56471
G1 F786.9 X73.017 Y174.97 E265.56564
G1 F781.8 X72.676 Y175.366 E265.59232
G1 F769.2 X72.334 Y175.762 E265.61947
G1 F758.3 X71.992 Y176.158 E265.64701
G1 F747.7 X71.651 Y176.554 E265.67491
G1 F736.2 X71.309 Y176.95 E265.70327
G1 F726.2 X70.967 Y177.346 E265.73203
G1 F757.1 X70.504 Y177.942 E265.77182
G1 F798.7 X70.485 Y177.968 E265.77343
G1 F790.8 X70.147 Y178.456 E265.80339
G1 F772.9 X69.808 Y178.944 E265.83407
G1 F754.7 X69.47 Y179.432 E265.86546
G1 F738.5 X69.131 Y179.92 E265.89758
G1 F722.9 X68.792 Y180.408 E265.93039
G1 F755.9 X68.28 Y181.235 E265.98174
G1 F793.4 X68.013 Y181.723 E266.00973
G1 F772.9 X67.745 Y182.212 E266.03852
G1 F753.5 X67.478 Y182.7 E266.06798
G1 F736.2 X67.21 Y183.189 E266.09822
G1 F718.6 X66.943 Y183.677 E266.12911
G1 F732.8 X66.691 Y184.198 E266.16063
G1 F781.8 X66.439 Y184.721 E266.19027
G1 F797.3 X66.239 Y185.2 E266.21626
G1 F774.2 X66.039 Y185.679 E266.24302
G1 F752.4 X65.839 Y186.158 E266.27055
G1 F732.8 X65.639 Y186.637 E266.29882
G1 F713.2 X65.439 Y187.116 E266.32787
G1 F728.4 X65.214 Y187.744 E266.36442
G1 F783 X64.989 Y188.37 E266.39833
G1 F813.6 X64.979 Y188.4 E266.39988
G1 F797.3 X64.808 Y188.976 E266.42996
G1 F766.8 X64.636 Y189.553 E266.4613
G1 F738.5 X64.464 Y190.13 E266.49384
G1 F712.2 X64.292 Y190.707 E266.52758
G1 F716.4 X64.175 Y191.193 E266.55543
G1 F752.4 X64.057 Y191.68 E266.58202
G1 F792.1 X63.939 Y192.167 E266.60727
G1 F814.9 X63.932 Y192.199 E266.60887
G1 F801.3 X63.832 Y192.742 E266.63637
G1 F770.5 X63.731 Y193.286 E266.66503
G1 F743 X63.63 Y193.83 E266.69475
G1 F716.4 X63.529 Y194.373 E266.72552
G1 F721.8 X63.454 Y194.932 E266.75671
G1 F758.3 X63.379 Y195.492 E266.78645
G1 F800 X63.304 Y196.053 E266.81468
G1 F820.5 X63.3 Y196.084 E266.8162
G1 F802.7 X63.261 Y196.589 E266.84139
G1 F770.5 X63.221 Y197.095 E266.86768
G1 F740.7 X63.181 Y197.6 E266.89498
G1 F713.2 X63.141 Y198.106 E266.92338
G1 F717.5 X63.124 Y198.732 E266.95822
G1 F753.5 X63.107 Y199.357 E266.99134
G1 F794.7 X63.09 Y199.982 E267.02274
G1 F816.3 X63.089 Y200.015 E267.02435
M204 S3000
M205 X10 Y10
;MESH:NONMESH
G0 F600 X63.089 Y200.015 Z0.8
G0 F6000 X62.323 Y198.083
G0 X61.814 Y198.056
;TIME_ELAPSED:208.635058
;LAYER:3
M204 S1800
M205 X8 Y8
;TYPE:WALL-OUTER
;MESH:15_4_2.stl
G1 F3000 X61.814 Y201.946 E267.15373
G1 X62.215 Y205.816 E267.28314
G1 X63.008 Y209.614 E267.41218
G1 X64.193 Y213.334 E267.54204
G1 X65.753 Y216.9 E267.6715
G1 X67.669 Y220.286 E267.8009
G1 X69.924 Y223.458 E267.93034
G1 X72.491 Y226.381 E268.05973
G1 X75.354 Y229.03 E268.18946
G1 X78.464 Y231.361 E268.31873
G1 X81.799 Y233.364 E268.44812
G1 X85.326 Y235.014 E268.57763
G1 X89.013 Y236.299 E268.70749
G1 X92.789 Y237.186 E268.8365
G1 X96.579 Y237.677 E268.96361
G1 X97.474 Y237.708 E268.9934
G1 X100.535 Y237.786 E269.09524
G1 X104.415 Y237.486 E269.22467
G1 X108.244 Y236.788 E269.35413
G1 X111.968 Y235.704 E269.48313
G1 X115.586 Y234.235 E269.613
G1 X119.022 Y232.405 E269.74248
G1 X122.251 Y230.233 E269.87192
G1 X125.238 Y227.741 E270.0013
G1 X127.956 Y224.952 E270.13083
G1 X130.37 Y221.9 E270.26025
G1 X132.458 Y218.619 E270.3896
G1 X134.199 Y215.135 E270.51914
G1 X135.553 Y211.544 E270.64679
G1 X135.594 Y211.416 E270.65126
G1 X136.563 Y207.731 E270.77799
G1 X137.162 Y203.884 E270.90748
G1 X137.362 Y199.998 E271.0369
G1 X137.167 Y196.182 E271.16399
G1 X137.11 Y195.776 E271.17762
G1 X136.563 Y192.268 E271.29571
G1 X135.575 Y188.519 E271.42466
G1 X134.199 Y184.863 E271.55459
G1 X132.458 Y181.381 E271.68407
G1 X130.37 Y178.1 E271.81342
G1 X127.954 Y175.046 E271.94294
G1 X125.238 Y172.259 E272.07237
G1 X122.249 Y169.765 E272.20184
G1 X119.022 Y167.595 E272.33119
G1 X115.586 Y165.765 E272.46066
G1 X113.62 Y164.965 E272.53126
G1 X111.968 Y164.292 E272.59059
G1 X108.244 Y163.213 E272.71955
G1 X104.415 Y162.514 E272.849
G1 X100.535 Y162.214 E272.97844
G1 X96.647 Y162.313 E273.1078
G1 X92.789 Y162.813 E273.23719
G1 X89.014 Y163.705 E273.3662
G1 X85.692 Y164.858 E273.48316
G1 X85.266 Y165.014 E273.49825
G1 X81.799 Y166.636 E273.62555
G1 X78.464 Y168.639 E273.75495
G1 X75.356 Y170.971 E273.88418
G1 X72.491 Y173.619 E274.01394
G1 X69.924 Y176.542 E274.14333
G1 X67.669 Y179.714 E274.27277
G1 X65.753 Y183.1 E274.40217
G1 X64.193 Y186.666 E274.53163
G1 X63.803 Y187.888 E274.57429
G1 X63.004 Y190.386 E274.66152
G1 X62.215 Y194.184 E274.79054
G1 X61.814 Y198.056 E274.92001
M204 S3000
M205 X10 Y10
G0 F6000 X61.814 Y198.256
G0 X62.324 Y198.256
G0 X63.854 Y200.039
G0 X64.363 Y200.012
M204 S1800
M205 X8 Y8
G1 F3000 X64.568 Y196.197 E275.04708
G1 X65.185 Y192.435 E275.17388
G1 X66.204 Y188.763 E275.30063
G1 X67.613 Y185.223 E275.42735
G1 X69.407 Y181.843 E275.55462
G1 X71.546 Y178.689 E275.68137
G1 X74.014 Y175.785 E275.80813
G1 X76.768 Y173.179 E275.93424
G1 X79.801 Y170.871 E276.061
G1 X83.066 Y168.904 E276.18778
G1 X86.543 Y167.297 E276.31518
G1 X90.157 Y166.079 E276.44203
G1 X93.873 Y165.262 E276.56857
G1 X97.668 Y164.851 E276.69553
G1 X101.474 Y164.851 E276.82212
G1 X105.272 Y165.265 E276.94919
G1 X108.982 Y166.082 E277.07554
G1 X112.603 Y167.305 E277.20266
G1 X116.061 Y168.904 E277.32938
G1 X119.326 Y170.871 E277.45616
G1 X122.352 Y173.172 E277.58259
G1 X125.116 Y175.789 E277.70919
G1 X127.593 Y178.706 E277.83647
G1 X129.722 Y181.846 E277.96265
G1 X131.514 Y185.227 E278.08992
G1 X132.916 Y188.748 E278.21597
G1 X133.943 Y192.443 E278.34353
G1 X134.558 Y196.204 E278.47028
G1 X134.763 Y200.01 E278.59705
G1 X134.557 Y203.813 E278.72373
G1 X133.938 Y207.578 E278.85063
G1 X132.919 Y211.247 E278.97728
G1 X131.506 Y214.79 E279.10415
G1 X129.719 Y218.157 E279.23093
G1 X127.58 Y221.311 E279.35768
G1 X125.112 Y224.215 E279.48444
G1 X122.345 Y226.834 E279.61116
G1 X119.308 Y229.141 E279.73801
G1 X116.043 Y231.105 E279.86474
G1 X112.583 Y232.703 E279.9915
G1 X108.97 Y233.921 E280.11831
G1 X105.25 Y234.738 E280.24499
G1 X101.458 Y235.149 E280.37185
G1 X97.646 Y235.148 E280.49864
G1 X93.873 Y234.738 E280.62486
G1 X90.155 Y233.92 E280.75148
G1 X89.797 Y233.801 E280.76403
G1 X86.522 Y232.695 E280.879
G1 X83.066 Y231.096 E281.00566
G1 X79.801 Y229.129 E281.13243
G1 X76.782 Y226.834 E281.25857
G1 X74.33 Y224.515 E281.37082
G1 X73.999 Y224.199 E281.38604
G1 X71.546 Y221.311 E281.51207
G1 X69.398 Y218.143 E281.63937
G1 X67.611 Y214.771 E281.7663
G1 X66.202 Y211.23 E281.89305
G1 X65.183 Y207.557 E282.01983
G1 X64.568 Y203.793 E282.14668
G1 X64.363 Y200.012 E282.27263
M204 S3000
M205 X10 Y10
G0 F6000 X64.373 Y199.813
G0 X63.963 Y200.034
M204 S1800
M205 X8 Y8
;TYPE:WALL-INNER
G1 F3000 X63.963 Y199.968 E282.27482
G1 X64.17 Y196.156 E282.4018
G1 X64.788 Y192.378 E282.52912
G1 X64.802 Y192.315 E282.53127
G1 X65.823 Y188.641 E282.6581
G1 X65.837 Y188.601 E282.65951
G1 X67.247 Y185.063 E282.78618
G1 X67.266 Y185.022 E282.78768
G1 X69.05 Y181.66 E282.91427
G1 X69.539 Y180.935 E282.94336
G1 X71.209 Y178.471 E283.04236
G1 X71.65 Y177.948 E283.06511
G1 X73.701 Y175.535 E283.17045
G1 X74.054 Y175.195 E283.18675
G1 X76.496 Y172.885 E283.29855
G1 X76.74 Y172.696 E283.30882
G1 X79.562 Y170.551 E283.42671
G1 X79.655 Y170.491 E283.43039
G1 X82.864 Y168.559 E283.55498
G1 X82.916 Y168.532 E283.55692
G1 X86.354 Y166.942 E283.68291
G1 X86.415 Y166.918 E283.68509
G1 X90.009 Y165.706 E283.81124
G1 X90.071 Y165.688 E283.81339
G1 X93.769 Y164.874 E283.93933
G1 X93.833 Y164.864 E283.94148
G1 X97.602 Y164.454 E284.06758
G1 X97.668 Y164.451 E284.06978
G1 X101.458 Y164.451 E284.19583
G1 X101.523 Y164.454 E284.198
G1 X105.293 Y164.864 E284.32413
G1 X105.358 Y164.874 E284.32631
G1 X109.056 Y165.688 E284.45226
G1 X109.118 Y165.706 E284.4544
G1 X112.746 Y166.931 E284.58176
G1 X114.637 Y167.803 E284.65102
G1 X116.24 Y168.546 E284.70979
G1 X119.539 Y170.532 E284.83786
G1 X122.608 Y172.864 E284.96606
G1 X122.637 Y172.889 E284.96734
G1 X125.385 Y175.493 E285.09325
G1 X125.43 Y175.54 E285.09542
G1 X127.899 Y178.445 E285.22222
G1 X130.049 Y181.617 E285.34967
G1 X130.501 Y182.46 E285.38149
G1 X131.866 Y185.032 E285.47833
G1 X133.293 Y188.609 E285.60642
G1 X134.326 Y192.322 E285.73461
G1 X134.387 Y192.681 E285.74672
G1 X134.952 Y196.122 E285.8627
G1 X134.964 Y196.296 E285.8685
G1 X135.164 Y199.998 E285.99181
G1 X134.965 Y203.702 E286.11518
G1 X134.951 Y203.879 E286.12109
G1 X134.338 Y207.621 E286.2472
G1 X134.324 Y207.685 E286.24938
G1 X133.311 Y211.337 E286.37544
G1 X133.289 Y211.399 E286.37762
G1 X131.887 Y214.918 E286.50361
G1 X131.86 Y214.978 E286.5058
G1 X130.061 Y218.367 E286.63342
G1 X127.899 Y221.554 E286.76151
G1 X125.405 Y224.489 E286.88961
G1 X122.609 Y227.136 E287.01767
G1 X119.539 Y229.467 E287.14587
G1 X119.514 Y229.484 E287.14688
G1 X116.242 Y231.453 E287.27389
G1 X112.746 Y233.07 E287.40201
G1 X109.094 Y234.302 E287.5302
G1 X109.056 Y234.312 E287.5315
G1 X105.337 Y235.13 E287.65816
G1 X101.505 Y235.548 E287.78636
G1 X97.652 Y235.549 E287.91452
G1 X96.847 Y235.465 E287.94144
G1 X93.821 Y235.135 E288.04268
G1 X93.22 Y235.005 E288.06313
G1 X90.063 Y234.31 E288.17065
G1 X89.669 Y234.18 E288.18444
G1 X86.409 Y233.08 E288.29888
G1 X86.197 Y232.986 E288.30659
G1 X82.913 Y231.467 E288.42694
G1 X82.859 Y231.438 E288.42898
G1 X79.613 Y229.484 E288.55499
G1 X79.559 Y229.447 E288.55717
G1 X76.54 Y227.152 E288.6833
G1 X76.491 Y227.11 E288.68545
G1 X73.739 Y224.505 E288.81148
G1 X73.694 Y224.458 E288.81365
G1 X71.241 Y221.57 E288.93967
G1 X71.202 Y221.518 E288.94184
G1 X69.05 Y218.34 E289.06949
G1 X67.266 Y214.978 E289.19608
G1 X67.239 Y214.919 E289.19824
G1 X65.823 Y211.359 E289.32567
G1 X64.802 Y207.685 E289.45249
G1 X64.788 Y207.622 E289.45464
G1 X64.17 Y203.845 E289.58193
G1 X63.963 Y200.034 E289.70888
M204 S3000
M205 X10 Y10
G0 F6000 X63.854 Y200.039
G0 X62.323 Y198.083
G0 X62.214 Y198.077
M204 S1800
M205 X8 Y8
G1 F3000 X62.214 Y201.925 E289.83686
G1 X62.611 Y205.754 E289.9649
G1 X63.396 Y209.512 E290.09259
G1 X64.568 Y213.193 E290.22107
G1 X66.111 Y216.721 E290.34915
G1 X67.497 Y219.171 E290.44277
G1 X68.007 Y220.071 E290.47717
G1 X70.238 Y223.21 E290.60526
G1 X72.778 Y226.101 E290.73326
G1 X75.274 Y228.41 E290.84635
G1 X75.647 Y228.75 E290.86314
G1 X78.481 Y230.874 E290.98093
G1 X78.727 Y231.052 E290.99103
G1 X81.934 Y232.98 E291.11549
G1 X82.161 Y233.091 E291.12389
G1 X85.477 Y234.643 E291.24566
G1 X89.125 Y235.914 E291.37415
G1 X92.861 Y236.792 E291.50179
G1 X93.465 Y236.87 E291.52205
G1 X96.678 Y237.287 E291.62981
G1 X100.525 Y237.386 E291.75781
G1 X104.363 Y237.089 E291.88584
G1 X108.152 Y236.398 E292.01394
G1 X111.836 Y235.326 E292.14155
G1 X113.32 Y234.723 E292.19483
G1 X115.416 Y233.872 E292.27007
G1 X118.816 Y232.061 E292.3982
G1 X122.011 Y229.913 E292.52625
G1 X124.966 Y227.447 E292.65426
G1 X127.655 Y224.688 E292.7824
G1 X130.044 Y221.668 E292.91047
G1 X132.109 Y218.421 E293.03846
G1 X133.832 Y214.975 E293.1666
G1 X135.196 Y211.359 E293.29514
G1 X136.039 Y208.149 E293.40552
G1 X136.171 Y207.649 E293.42272
G1 X136.763 Y203.843 E293.55083
G1 X136.961 Y199.998 E293.67889
G1 X136.764 Y196.155 E293.80688
G1 X136.171 Y192.35 E293.93496
G1 X135.193 Y188.641 E294.06254
G1 X133.832 Y185.023 E294.1911
G1 X132.11 Y181.579 E294.31917
G1 X130.044 Y178.332 E294.44718
G1 X127.653 Y175.31 E294.57534
G1 X124.966 Y172.553 E294.70339
G1 X122.009 Y170.085 E294.83149
G1 X118.816 Y167.939 E294.95945
G1 X115.416 Y166.128 E295.08758
G1 X111.836 Y164.67 E295.21614
G1 X108.152 Y163.603 E295.34371
G1 X104.363 Y162.912 E295.47181
G1 X100.525 Y162.615 E295.59985
G1 X97.485 Y162.691 E295.70099
G1 X96.678 Y162.713 E295.72784
G1 X92.861 Y163.207 E295.85585
G1 X89.678 Y163.959 E295.96463
G1 X89.126 Y164.089 E295.98349
G1 X85.477 Y165.357 E296.11198
G1 X81.987 Y166.99 E296.24014
G1 X78.688 Y168.971 E296.36812
G1 X75.612 Y171.279 E296.49603
G1 X72.778 Y173.899 E296.6244
G1 X70.238 Y176.79 E296.75239
G1 X68.007 Y179.929 E296.88048
G1 X66.111 Y183.279 E297.00851
G1 X64.568 Y186.808 E297.13661
G1 X64.184 Y188.01 E297.17858
G1 X63.392 Y190.488 E297.26511
G1 X62.611 Y194.246 E297.39277
G1 X62.441 Y195.889 E297.44771
G1 X62.214 Y198.077 E297.52087
M204 S3000
M205 X10 Y10
G0 F6000 X62.614 Y198.097
M204 S1800
M205 X8 Y8
G1 F3000 X62.614 Y201.905 E297.64753
G1 X63.007 Y205.692 E297.77416
G1 X63.471 Y207.924 E297.84998
G1 X63.492 Y208.016 E297.85312
G1 X63.783 Y209.41 E297.90049
G1 X64.943 Y213.051 E298.02758
G1 X65.985 Y215.434 E298.11409
G1 X66.469 Y216.542 E298.1543
G1 X67.846 Y218.974 E298.24726
G1 X68.345 Y219.856 E298.28096
G1 X70.077 Y222.293 E298.3804
G1 X70.552 Y222.961 E298.40767
G1 X72.653 Y225.353 E298.51356
G1 X73.065 Y225.821 E298.53429
G1 X75.546 Y228.117 E298.64673
G1 X75.887 Y228.43 E298.66212
G1 X78.721 Y230.554 E298.77991
G1 X78.933 Y230.71 E298.78867
G1 X82.139 Y232.638 E298.9131
G1 X82.33 Y232.729 E298.92013
G1 X85.628 Y234.272 E299.04124
G1 X89.237 Y235.529 E299.16835
G1 X89.748 Y235.652 E299.18583
G1 X89.77 Y235.654 E299.18656
G1 X92.933 Y236.397 E299.29463
G1 X93.517 Y236.473 E299.31422
G1 X96.709 Y236.887 E299.42127
G1 X97.618 Y236.913 E299.45152
G1 X97.656 Y236.912 E299.45278
G1 X100.515 Y236.985 E299.5479
G1 X101.495 Y236.91 E299.58059
G1 X104.312 Y236.692 E299.67457
G1 X105.473 Y236.479 E299.71383
G1 X108.06 Y236.008 E299.80128
G1 X111.705 Y234.947 E299.92755
G1 X113.169 Y234.353 E299.9801
G1 X115.246 Y233.509 E300.05466
G1 X118.61 Y231.718 E300.18142
G1 X121.77 Y229.592 E300.3081
G1 X124.694 Y227.153 E300.43474
G1 X127.354 Y224.423 E300.56152
G1 X129.717 Y221.436 E300.68819
G1 X131.76 Y218.224 E300.8148
G1 X133.464 Y214.814 E300.94159
G1 X134.814 Y211.237 E301.06875
G1 X135.779 Y207.567 E301.19497
G1 X136.365 Y203.801 E301.32173
G1 X136.56 Y199.998 E301.44839
G1 X136.367 Y196.223 E301.57411
G1 X136.319 Y195.898 E301.58504
G1 X135.779 Y192.432 E301.70171
G1 X134.812 Y188.763 E301.8279
G1 X133.464 Y185.183 E301.95514
G1 X131.761 Y181.776 E302.08182
G1 X129.717 Y178.564 E302.20845
G1 X127.352 Y175.574 E302.33525
G1 X124.694 Y172.847 E302.4619
G1 X121.768 Y170.406 E302.58864
G1 X118.61 Y168.282 E302.71522
G1 X116.941 Y167.394 E302.7781
G1 X115.246 Y166.491 E302.84198
G1 X113.255 Y165.678 E302.91351
G1 X113.17 Y165.646 E302.91653
G1 X111.705 Y165.049 E302.96915
G1 X109.53 Y164.419 E303.04446
G1 X108.06 Y163.993 E303.09537
G1 X104.312 Y163.309 E303.22208
G1 X101.654 Y163.103 E303.31075
G1 X100.515 Y163.015 E303.34875
G1 X96.709 Y163.112 E303.47538
G1 X93.676 Y163.505 E303.5771
G1 X92.96 Y163.598 E303.60112
G1 X92.908 Y163.607 E303.60287
G1 X89.238 Y164.474 E303.7283
G1 X85.627 Y165.728 E303.85543
G1 X82.175 Y167.343 E303.98219
G1 X78.911 Y169.303 E304.10882
G1 X75.869 Y171.586 E304.23532
G1 X73.065 Y174.179 E304.36235
G1 X70.552 Y177.039 E304.48898
G1 X70.17 Y177.576 E304.5109
G1 X68.345 Y180.144 E304.61568
G1 X66.47 Y183.458 E304.74232
G1 X66.05 Y184.418 E304.77718
G1 X64.943 Y186.949 E304.86906
G1 X64.566 Y188.132 E304.91035
G1 X63.78 Y190.59 E304.99618
G1 X63.49 Y191.984 E305.04354
G1 X63.007 Y194.307 E305.12246
G1 X62.614 Y198.097 E305.24919
M204 S3000
M205 X10 Y10
G0 F6000 X63.564 Y199.946
M204 S1800
M205 X8 Y8
G1 F3000 X63.772 Y196.114 E305.37683
G1 X64.039 Y194.471 E305.43219
G1 X64.401 Y192.272 E305.50632
G1 X64.416 Y192.208 E305.5085
G1 X65.442 Y188.519 E305.63586
G1 X65.465 Y188.453 E305.63818
G1 X66.88 Y184.903 E305.76529
G1 X66.913 Y184.835 E305.7678
G1 X68.702 Y181.463 E305.89476
G1 X69.208 Y180.71 E305.92494
G1 X70.883 Y178.239 E306.02422
G1 X71.345 Y177.689 E306.04812
G1 X73.4 Y175.271 E306.15366
G1 X73.779 Y174.905 E306.17118
G1 X76.225 Y172.591 E306.28317
G1 X76.498 Y172.378 E306.29469
G1 X79.322 Y170.231 E306.41268
G1 X79.449 Y170.148 E306.41773
G1 X82.661 Y168.214 E306.54243
G1 X82.748 Y168.169 E306.54569
G1 X86.186 Y166.579 E306.67167
G1 X86.287 Y166.539 E306.67528
G1 X89.881 Y165.327 E306.80144
G1 X89.985 Y165.297 E306.80504
G1 X93.683 Y164.483 E306.93098
G1 X93.79 Y164.466 E306.93458
G1 X97.559 Y164.056 E307.06068
G1 X97.668 Y164.051 E307.06431
G1 X101.458 Y164.051 E307.19036
G1 X101.567 Y164.056 E307.19399
G1 X105.337 Y164.466 E307.32012
G1 X105.444 Y164.484 E307.32373
G1 X109.142 Y165.298 E307.44967
G1 X109.246 Y165.327 E307.45326
G1 X112.839 Y166.539 E307.57938
G1 X112.939 Y166.579 E307.58296
G1 X116.377 Y168.168 E307.70893
G1 X116.473 Y168.219 E307.71255
G1 X119.72 Y170.173 E307.83859
G1 X119.81 Y170.234 E307.84221
G1 X122.865 Y172.557 E307.96986
G1 X122.912 Y172.599 E307.97195
G1 X125.69 Y175.23 E308.09921
G1 X125.736 Y175.281 E308.1015
G1 X128.213 Y178.197 E308.22875
G1 X130.398 Y181.415 E308.35812
G1 X132.212 Y184.833 E308.48682
G1 X132.515 Y185.579 E308.51361
G1 X133.66 Y188.452 E308.61647
G1 X133.833 Y189.054 E308.6373
G1 X134.713 Y192.22 E308.7466
G1 X134.782 Y192.616 E308.75997
G1 X135.347 Y196.06 E308.87605
G1 X135.363 Y196.274 E308.88318
G1 X135.563 Y199.946 E309.0055
G1 X135.563 Y200.054 E309.00909
G1 X135.358 Y203.837 E309.1351
G1 X135.346 Y203.944 E309.13868
G1 X134.733 Y207.686 E309.26479
G1 X134.709 Y207.792 E309.26841
G1 X133.697 Y211.444 E309.39445
G1 X133.661 Y211.547 E309.39808
G1 X132.259 Y215.066 E309.52407
G1 X132.214 Y215.166 E309.52772
G1 X130.438 Y218.514 E309.65377
G1 X130.382 Y218.606 E309.65735
G1 X128.256 Y221.743 E309.78339
G1 X128.191 Y221.829 E309.78698
G1 X125.738 Y224.717 E309.91301
G1 X125.662 Y224.795 E309.91663
G1 X122.866 Y227.444 E310.04473
G1 X119.81 Y229.766 E310.17239
G1 X119.72 Y229.827 E310.17601
G1 X116.43 Y231.806 E310.3037
G1 X114.805 Y232.559 E310.36327
G1 X112.896 Y233.44 E310.4332
G1 X112.839 Y233.461 E310.43522
G1 X109.206 Y234.686 E310.56274
G1 X109.142 Y234.702 E310.56493
G1 X105.409 Y235.523 E310.69206
G1 X105.337 Y235.534 E310.69448
G1 X101.536 Y235.947 E310.82165
G1 X100.502 Y235.949 E310.85604
G1 X97.642 Y235.949 E310.95116
G1 X96.804 Y235.863 E310.97918
G1 X93.769 Y235.531 E311.08073
G1 X93.134 Y235.397 E311.10231
G1 X89.972 Y234.699 E311.21001
G1 X89.541 Y234.56 E311.22508
G1 X86.277 Y233.458 E311.33966
G1 X86.029 Y233.348 E311.34868
G1 X82.743 Y231.829 E311.46909
G1 X82.653 Y231.781 E311.47248
G1 X79.406 Y229.827 E311.59852
G1 X79.317 Y229.765 E311.60213
G1 X76.298 Y227.47 E311.72826
G1 X76.216 Y227.401 E311.73183
G1 X73.464 Y224.796 E311.85786
G1 X73.389 Y224.717 E311.86148
G1 X70.936 Y221.829 E311.98751
G1 X70.87 Y221.743 E311.99112
G1 X69.209 Y219.289 E312.08968
G1 X68.744 Y218.606 E312.11716
G1 X68.689 Y218.513 E312.12075
G1 X66.913 Y215.165 E312.24681
G1 X66.867 Y215.067 E312.25041
G1 X65.465 Y211.546 E312.37646
G1 X65.43 Y211.444 E312.38004
G1 X64.416 Y207.792 E312.50611
G1 X64.393 Y207.686 E312.50971
G1 X63.772 Y203.886 E312.63778
G1 X63.564 Y200.056 E312.76535
G1 X63.564 Y199.946 E312.76901
M204 S3000
M205 X10 Y10
G0 F6000 X63.089 Y200.015
M204 S1800
M205 X8 Y8
;TYPE:SKIN
G1 F793.4 X63.105 Y200.63 E312.79996
G1 F751.2 X63.121 Y201.245 E312.83265
G1 F713.2 X63.138 Y201.86 E312.86708
G1 F709 X63.178 Y202.374 E312.8961
G1 F737.3 X63.218 Y202.889 E312.92406
G1 F768 X63.259 Y203.403 E312.95086
G1 F801.3 X63.299 Y203.918 E312.97658
G1 F819.1 X63.303 Y203.95 E312.97816
G1 F797.3 X63.376 Y204.498 E313.00583
G1 F754.7 X63.449 Y205.046 E313.03506
G1 F717.5 X63.522 Y205.595 E313.06587
G1 F713.2 X63.624 Y206.148 E313.09734
G1 F740.7 X63.727 Y206.702 E313.1277
G1 F770.5 X63.83 Y207.256 E313.15689
G1 F802.7 X63.933 Y207.81 E313.18491
G1 F817.7 X63.939 Y207.842 E313.1865
G1 F784.3 X64.109 Y208.544 E313.22326
G1 F727.3 X64.28 Y209.247 E313.26296
G1 F714.3 X64.456 Y209.84 E313.29753
G1 F740.7 X64.633 Y210.433 E313.33087
G1 F768 X64.809 Y211.027 E313.36307
G1 F798.7 X64.986 Y211.62 E313.39399
G1 F812.2 X64.996 Y211.65 E313.39555
G1 F780.5 X65.21 Y212.25 E313.42812
G1 F726.2 X65.425 Y212.851 E313.46321
G1 F711.1 X65.627 Y213.336 E313.49269
G1 F730.6 X65.83 Y213.822 E313.52147
G1 F750 X66.033 Y214.307 E313.54945
G1 F771.7 X66.235 Y214.793 E313.57667
G1 F794.7 X66.438 Y215.278 E313.60307
G1 F805.4 X66.451 Y215.308 E313.60469
G1 F779.2 X66.689 Y215.801 E313.63273
G1 F730.6 X66.928 Y216.295 E313.66271
G1 F716.4 X67.198 Y216.789 E313.69408
G1 F732.8 X67.468 Y217.283 E313.72474
G1 F750 X67.738 Y217.777 E313.7547
G1 F769.2 X68.008 Y218.271 E313.78391
G1 F788.2 X68.278 Y218.765 E313.81241
G1 F752.4 X68.773 Y219.564 E313.86228
G1 F718.6 X69.058 Y219.975 E313.89006
G1 F730.6 X69.343 Y220.387 E313.91742
G1 F744.2 X69.629 Y220.799 E313.94432
G1 F757.1 X69.914 Y221.211 E313.97073
G1 F770.5 X70.2 Y221.623 E313.99671
G1 F785.6 X70.485 Y222.034 E314.02212
G1 F755.9 X70.955 Y222.643 E314.06274
G1 F728.4 X71.3 Y223.043 E314.09169
G1 F737.3 X71.646 Y223.443 E314.12031
G1 F746.5 X71.992 Y223.844 E314.14863
G1 F757.1 X72.338 Y224.244 E314.17651
G1 F766.8 X72.684 Y224.644 E314.20404
G1 F776.7 X73.03 Y225.045 E314.23126
G1 F755.9 X73.43 Y225.465 E314.26188
G1 F735.1 X73.84 Y225.849 E314.29238
G1 F740.7 X74.25 Y226.233 E314.32265
G1 F747.7 X74.66 Y226.617 E314.35264
G1 F753.5 X75.07 Y227.002 E314.38243
G1 F759.5 X75.48 Y227.386 E314.41195
G1 F766.8 X75.89 Y227.77 E314.44119
G1 F750 X76.182 Y228.015 E314.46147
G1 F733.9 X76.587 Y228.321 E314.48908
G1 F738.5 X76.992 Y228.628 E314.51655
G1 F743 X77.397 Y228.934 E314.54381
G1 F746.5 X77.802 Y229.241 E314.57098
G1 F751.2 X78.207 Y229.547 E314.59795
G1 F755.9 X78.612 Y229.854 E314.62479
G1 F760.7 X79.017 Y230.16 E314.65142
G1 F757.1 X79.19 Y230.279 E314.66249
G1 F752.4 X82.384 Y232.203 E314.8603
G1 F758.3 X82.541 Y232.281 E314.86953
G1 F763.1 X83.007 Y232.497 E314.89639
G1 F760.7 X83.473 Y232.714 E314.92336
G1 F758.3 X83.939 Y232.931 E314.95042
G1 F754.7 X84.405 Y233.148 E314.9776
G1 F752.4 X84.871 Y233.364 E315.00485
G1 F750 X85.337 Y233.581 E315.0322
G1 F747.7 X85.804 Y233.798 E315.05969
G1 F760.7 X86.144 Y233.93 E315.07883
G1 F772.9 X86.683 Y234.115 E315.10826
G1 F765.6 X87.222 Y234.3 E315.13797
G1 F758.3 X87.761 Y234.485 E315.16796
G1 F751.2 X88.3 Y234.67 E315.19824
G1 F744.2 X88.839 Y234.856 E315.22882
G1 F737.3 X89.378 Y235.041 E315.25967
G1 F754.7 X89.876 Y235.181 E315.28702
G1 F779.2 X89.881 Y235.18 E315.28728
G1 F778 X90.401 Y235.298 E315.31464
G1 F769.2 X90.922 Y235.416 E315.34236
G1 F760.7 X91.443 Y235.534 E315.37039
G1 F752.4 X91.964 Y235.653 E315.39874
G1 F744.2 X92.485 Y235.771 E315.42739
G1 F736.2 X93.006 Y235.889 E315.45635
G1 F759.5 X93.593 Y235.992 E315.48767
G1 F793.4 X93.736 Y236.013 E315.49494
G1 F790.8 X94.235 Y236.072 E315.5203
G1 F776.7 X94.734 Y236.132 E315.54613
G1 F763.1 X95.234 Y236.192 E315.57246
G1 F750 X95.733 Y236.251 E315.5992
G1 F737.3 X96.233 Y236.311 E315.62646
G1 F725.1 X96.732 Y236.371 E315.65413
G1 F755.9 X97.521 Y236.424 E315.69588
G1 F798.7 X97.637 Y236.429 E315.70168
G1 F790.8 X98.207 Y236.436 E315.73046
G1 F771.7 X98.777 Y236.443 E315.75994
G1 F752.4 X99.347 Y236.451 E315.79018
G1 F735.1 X99.917 Y236.458 E315.82113
G1 F718.6 X100.487 Y236.466 E315.85279
G1 F731.7 X101.029 Y236.445 E315.88238
G1 F779.2 X101.573 Y236.424 E315.91027
G1 F806.7 X101.58 Y236.422 E315.91063
G1 F797.3 X102.108 Y236.373 E315.93717
G1 F774.2 X102.637 Y236.324 E315.96456
G1 F752.4 X103.166 Y236.275 E315.99274
G1 F732.8 X103.695 Y236.226 E316.02168
G1 F713.2 X104.224 Y236.177 E316.05141
G1 F728.4 X104.849 Y236.085 E316.08602
G1 F783 X105.474 Y235.994 E316.11822
G1 F812.2 X105.506 Y235.989 E316.11981
G1 F796 X106.109 Y235.868 E316.15064
G1 F766.8 X106.713 Y235.746 E316.18272
G1 F739.6 X107.317 Y235.625 E316.21596
G1 F714.3 X107.921 Y235.503 E316.25039
G1 F728.4 X108.621 Y235.325 E316.28997
G1 F786.9 X109.322 Y235.146 E316.32667
G1 F819.1 X109.353 Y235.137 E316.32824
G1 F802.7 X109.89 Y234.969 E316.35622
G1 F770.5 X110.427 Y234.8 E316.38538
G1 F740.7 X110.964 Y234.632 E316.4157
G1 F713.2 X111.502 Y234.463 E316.44725
G1 F717.5 X112.021 Y234.271 E316.47804
G1 F754.7 X112.54 Y234.078 E316.50732
G1 F797.3 X113.06 Y233.885 E316.53508
G1 F817.7 X113.09 Y233.873 E316.53666
G1 F800 X113.569 Y233.666 E316.5627
G1 F768 X114.048 Y233.458 E316.58983
G1 F738.5 X114.527 Y233.25 E316.61806
G1 F711.1 X115.006 Y233.042 E316.64737
G1 F716.4 X115.55 Y232.772 E316.6812
G1 F754.7 X116.095 Y232.501 E316.71339
G1 F798.7 X116.64 Y232.23 E316.74381
G1 F821.9 X116.668 Y232.215 E316.74535
G1 F798.7 X117.219 Y231.903 E316.77699
G1 F755.9 X117.771 Y231.59 E316.8105
G1 F717.5 X118.323 Y231.277 E316.8458
G1 F713.2 X118.746 Y231.007 E316.87388
G1 F739.6 X119.169 Y230.738 E316.90093
G1 F769.2 X119.592 Y230.469 E316.92694
G1 F800 X120.015 Y230.2 E316.95195
G1 F816.3 X120.041 Y230.182 E316.9535
G1 F794.7 X120.507 Y229.849 E316.98226
G1 F753.5 X120.974 Y229.516 E317.01264
G1 F717.5 X121.441 Y229.183 E317.04455
G1 F713.2 X121.87 Y228.841 E317.07525
G1 F741.9 X122.3 Y228.499 E317.10481
G1 F771.7 X122.73 Y228.157 E317.13322
G1 F805.4 X123.16 Y227.815 E317.16045
G1 F821.9 X123.184 Y227.795 E317.16197
G1 F800 X123.564 Y227.457 E317.18734
G1 F759.5 X123.945 Y227.119 E317.21411
G1 F722.9 X124.325 Y226.781 E317.24219
G1 F718.6 X124.75 Y226.362 E317.27534
G1 F745.3 X125.175 Y225.943 E317.30729
G1 F772.9 X125.601 Y225.524 E317.33815
G1 F804 X126.026 Y225.105 E317.36777
G1 F817.7 X126.047 Y225.084 E317.36922
G1 F785.6 X126.498 Y224.588 E317.40328
G1 F730.6 X126.95 Y224.092 E317.43994
G1 F715.4 X127.276 Y223.695 E317.4686
G1 F735.1 X127.602 Y223.298 E317.4965
G1 F755.9 X127.929 Y222.901 E317.52365
G1 F778 X128.255 Y222.503 E317.55005
G1 F801.3 X128.581 Y222.106 E317.57563
G1 F813.6 X128.602 Y222.079 E317.57731
G1 F785.6 X128.943 Y221.614 E317.60661
G1 F733.9 X129.284 Y221.149 E317.63796
G1 F719.6 X129.586 Y220.689 E317.66848
G1 F737.3 X129.889 Y220.229 E317.6983
G1 F755.9 X130.192 Y219.768 E317.72743
G1 F776.7 X130.494 Y219.308 E317.75571
G1 F797.3 X130.797 Y218.847 E317.78332
G1 F759.5 X131.302 Y217.983 E317.83591
G1 F724 X131.572 Y217.46 E317.86836
G1 F739.6 X131.842 Y216.937 E317.90012
G1 F755.9 X132.112 Y216.413 E317.93125
G1 F772.9 X132.382 Y215.89 E317.96164
G1 F790.8 X132.653 Y215.366 E317.99141
G1 F758.3 X132.994 Y214.607 E318.03521
G1 F726.2 X133.181 Y214.124 E318.06368
G1 F737.3 X133.369 Y213.64 E318.09178
G1 F748.8 X133.557 Y213.156 E318.11946
G1 F759.5 X133.745 Y212.672 E318.14674
G1 F771.7 X133.933 Y212.188 E318.1736
G1 F784.3 X134.121 Y211.705 E318.19997
G1 F758.3 X134.327 Y211.083 E318.23446
G1 F733.9 X134.47 Y210.554 E318.26426
G1 F740.7 X134.614 Y210.024 E318.29385
G1 F748.8 X134.757 Y209.494 E318.32311
G1 F757.1 X134.901 Y208.964 E318.35206
G1 F764.3 X135.044 Y208.434 E318.38073
G1 F772.9 X135.188 Y207.904 E318.40909
G1 F754.7 X135.277 Y207.48 E318.432
G1 F737.3 X135.356 Y206.985 E318.45913
G1 F741.9 X135.436 Y206.489 E318.48616
G1 F747.7 X135.515 Y205.993 E318.51297
G1 F752.4 X135.595 Y205.498 E318.53957
G1 F758.3 X135.675 Y205.002 E318.56602
G1 F764.3 X135.754 Y204.506 E318.59224
G1 F769.2 X135.834 Y204.011 E318.61826
G1 F758.3 X135.861 Y203.767 E318.63118
G1 F746.5 X135.889 Y203.24 E318.6594
G1 F748.8 X135.917 Y202.713 E318.68753
G1 F751.2 X135.945 Y202.186 E318.71557
G1 F753.5 X135.974 Y201.658 E318.74358
G1 F755.9 X136.002 Y201.131 E318.77144
G1 F758.3 X136.03 Y200.604 E318.79922
G1 F760.7 X136.059 Y200.077 E318.82691
G1 F761.9 X136.059 Y199.92 E318.83514
G1 F760.7 X136.032 Y199.398 E318.86256
G1 F758.3 X136.004 Y198.876 E318.89008
G1 F755.9 X135.977 Y198.354 E318.91767
G1 F753.5 X135.949 Y197.831 E318.94542
G1 F751.2 X135.922 Y197.309 E318.97319
G1 F748.8 X135.894 Y196.787 E319.00105
G1 F746.5 X135.866 Y196.265 E319.029
G1 F758.3 X135.832 Y195.976 E319.04432
G1 F768 X135.741 Y195.406 E319.07431
G1 F760.7 X135.649 Y194.835 E319.10466
G1 F753.5 X135.557 Y194.264 E319.13529
G1 F745.3 X135.466 Y193.693 E319.16625
G1 F738.5 X135.374 Y193.122 E319.19751
G1 F731.7 X135.282 Y192.551 E319.22906
G1 F753.5 X135.182 Y192.087 E319.2542
G1 F776.7 X135.04 Y191.561 E319.2822
G1 F766.8 X134.897 Y191.035 E319.31057
G1 F757.1 X134.755 Y190.509 E319.33929
G1 F747.7 X134.612 Y189.983 E319.36839
G1 F738.5 X134.469 Y189.457 E319.39785
G1 F729.5 X134.327 Y188.931 E319.42766
G1 F757.1 X134.121 Y188.297 E319.46281
G1 F794.7 X134.117 Y188.292 E319.46313
G1 F790.8 X133.931 Y187.811 E319.48916
G1 F775.4 X133.744 Y187.33 E319.51572
G1 F761.9 X133.558 Y186.849 E319.54273
G1 F748.8 X133.371 Y186.368 E319.57024
G1 F735.1 X133.184 Y185.887 E319.59826
G1 F722.9 X132.998 Y185.406 E319.62674
G1 F754.7 X132.638 Y184.608 E319.67303
G1 F788.2 X132.375 Y184.097 E319.70213
G1 F770.5 X132.112 Y183.586 E319.73191
G1 F752.4 X131.848 Y183.075 E319.76242
G1 F736.2 X131.585 Y182.564 E319.79358
G1 F720.7 X131.321 Y182.053 E319.82543
G1 F732.8 X131.061 Y181.605 E319.85364
G1 F778 X130.801 Y181.156 E319.88026
G1 F805.4 X130.795 Y181.15 E319.88068
G1 F797.3 X130.497 Y180.697 E319.90782
G1 F775.4 X130.199 Y180.243 E319.93577
G1 F753.5 X129.9 Y179.789 E319.96456
G1 F733.9 X129.602 Y179.335 E319.9941
G1 F715.4 X129.303 Y178.881 E320.02443
G1 F729.5 X128.938 Y178.384 E320.05816
G1 F781.8 X128.574 Y177.887 E320.08962
G1 F812.2 X128.554 Y177.862 E320.09119
G1 F798.7 X128.159 Y177.38 E320.12233
G1 F770.5 X127.763 Y176.897 E320.15469
G1 F743 X127.367 Y176.415 E320.1882
G1 F718.6 X126.971 Y175.932 E320.22289
G1 F730.6 X126.507 Y175.422 E320.26055
G1 F785.6 X126.041 Y174.91 E320.29573
G1 F816.3 X126.019 Y174.887 E320.29728
G1 F800 X125.602 Y174.476 E320.32649
G1 F769.2 X125.184 Y174.065 E320.35691
G1 F739.6 X124.767 Y173.654 E320.38851
G1 F713.2 X124.349 Y173.243 E320.42131
G1 F716.4 X123.947 Y172.887 E320.45123
G1 F752.4 X123.544 Y172.529 E320.47982
G1 F792.1 X123.141 Y172.171 E320.50698
G1 F813.6 X123.117 Y172.151 E320.50852
G1 F797.3 X122.705 Y171.823 E320.53488
G1 F766.8 X122.293 Y171.495 E320.56229
G1 F737.3 X121.881 Y171.166 E320.59083
G1 F711.1 X121.468 Y170.838 E320.62043
G1 F715.4 X120.992 Y170.498 E320.65307
G1 F752.4 X120.517 Y170.158 E320.68406
G1 F794.7 X120.042 Y169.818 E320.71339
G1 F816.3 X120.015 Y169.8 E320.71498
G1 F794.7 X119.462 Y169.448 E320.7479
G1 F753.5 X118.909 Y169.095 E320.78265
G1 F717.5 X118.356 Y168.743 E320.81912
G1 X117.792 Y168.423 E320.85519
G1 F755.9 X117.227 Y168.102 E320.8895
G1 F798.7 X116.662 Y167.782 E320.92195
G1 F820.5 X116.633 Y167.766 E320.92356
G1 F797.3 X116.102 Y167.502 E320.95324
G1 F755.9 X115.57 Y167.238 E320.9846
G1 F719.6 X115.038 Y166.973 E321.01757
G1 F714.3 X114.551 Y166.762 E321.04722
G1 F740.7 X114.063 Y166.55 E321.07589
G1 F768 X113.575 Y166.338 E321.10354
G1 F798.7 X113.087 Y166.126 E321.13013
G1 F813.6 X113.059 Y166.114 E321.13162
G1 F790.8 X112.551 Y165.925 E321.15898
G1 F748.8 X112.043 Y165.736 E321.18787
G1 F711.1 X111.535 Y165.547 E321.21829
G1 F706.9 X110.988 Y165.375 E321.25067
G1 F735.1 X110.441 Y165.204 E321.28178
G1 F764.3 X109.894 Y165.032 E321.31173
G1 F797.3 X109.347 Y164.861 E321.34041
G1 F812.2 X109.317 Y164.852 E321.34195
G1 F781.8 X108.637 Y164.679 E321.37778
G1 F729.5 X107.957 Y164.506 E321.41617
G1 F717.5 X107.352 Y164.384 E321.4505
G1 F741.9 X106.746 Y164.261 E321.48376
G1 F768 X106.14 Y164.139 E321.51589
G1 F796 X105.535 Y164.016 E321.54685
G1 F809.4 X105.388 Y163.991 E321.5542
G1 F781.8 X104.825 Y163.909 E321.58324
G1 F733.9 X104.262 Y163.827 E321.61418
G1 F720.7 X103.727 Y163.778 E321.64393
G1 F738.5 X103.191 Y163.728 E321.67303
G1 F757.1 X102.655 Y163.678 E321.70141
G1 F776.7 X102.119 Y163.628 E321.72907
G1 F797.3 X101.583 Y163.579 E321.75601
G1 F806.7 X101.55 Y163.576 E321.75765
G1 F780.5 X101.033 Y163.556 E321.78411
G1 F733.9 X100.516 Y163.535 E321.81225
G1 F720.7 X99.941 Y163.542 E321.84409
G1 F736.2 X99.365 Y163.549 E321.87532
G1 F752.4 X98.789 Y163.556 E321.90588
G1 F770.5 X98.213 Y163.563 E321.93572
G1 F788.2 X97.637 Y163.57 E321.96489
G1 F752.4 X96.766 Y163.627 E322.0112
G1 F718.6 X96.262 Y163.686 E322.03938
G1 F730.6 X95.757 Y163.746 E322.06717
G1 F744.2 X95.253 Y163.805 E322.09438
G1 F757.1 X94.748 Y163.865 E322.12119
G1 F770.5 X94.244 Y163.925 E322.14748
G1 F785.6 X93.739 Y163.984 E322.17331
G1 F758.3 X93.025 Y164.105 E322.21143
G1 F731.7 X92.499 Y164.225 E322.24086
G1 F740.7 X91.972 Y164.345 E322.26998
G1 F750 X91.446 Y164.465 E322.29869
G1 F759.5 X90.919 Y164.585 E322.3271
G1 F769.2 X90.393 Y164.705 E322.35509
G1 F779.2 X89.866 Y164.825 E322.38277
G1 F758.3 X89.399 Y164.958 E322.40833
G1 F737.3 X88.856 Y165.143 E322.43938
G1 F743 X88.313 Y165.328 E322.4702
G1 F750 X87.769 Y165.513 E322.50078
G1 F755.9 X87.226 Y165.698 E322.53106
G1 F761.9 X86.682 Y165.883 E322.56116
G1 F769.2 X86.139 Y166.068 E322.59093
G1 F758.3 X85.817 Y166.196 E322.60917
G1 F746.5 X85.27 Y166.45 E322.64141
G1 F748.8 X84.722 Y166.705 E322.67363
G1 F751.2 X84.174 Y166.959 E322.70572
G1 F753.5 X83.626 Y167.214 E322.73773
G1 F755.9 X83.078 Y167.468 E322.76963
G1 F758.3 X82.53 Y167.723 E322.80144
G1 X82.394 Y167.794 E322.80951
G1 F755.9 X81.597 Y168.273 E322.85861
G1 F753.5 X80.8 Y168.752 E322.90786
G1 F751.2 X80.003 Y169.231 E322.95727
G1 F748.8 X79.206 Y169.71 E323.00683
G1 F755.9 X79.017 Y169.843 E323.01903
G1 F763.1 X78.616 Y170.146 E323.04532
G1 F759.5 X78.215 Y170.449 E323.07173
G1 F755.9 X77.813 Y170.752 E323.09831
G1 F752.4 X77.412 Y171.055 E323.12498
G1 F750 X77.01 Y171.358 E323.15176
G1 F746.5 X76.609 Y171.661 E323.17864
G1 F743 X76.207 Y171.964 E323.20568
G1 F759.5 X75.88 Y172.245 E323.22833
G1 F775.4 X75.474 Y172.624 E323.25692
G1 F765.6 X75.068 Y173.004 E323.28591
G1 F757.1 X74.661 Y173.383 E323.31523
G1 F748.8 X74.255 Y173.763 E323.34487
G1 F739.6 X73.849 Y174.142 E323.37484
G1 F731.7 X73.442 Y174.522 E323.40522
G1 F755.9 X73.029 Y174.956 E323.43685
G1 F786.9 X73.017 Y174.97 E323.43778
G1 F781.8 X72.676 Y175.366 E323.46446
G1 F769.2 X72.334 Y175.762 E323.49161
G1 F758.3 X71.992 Y176.158 E323.51915
G1 F747.7 X71.651 Y176.554 E323.54705
G1 F736.2 X71.309 Y176.95 E323.57542
G1 F726.2 X70.967 Y177.346 E323.60418
G1 F757.1 X70.504 Y177.942 E323.64396
G1 F798.7 X70.485 Y177.968 E323.64557
G1 F790.8 X70.147 Y178.456 E323.67553
G1 F772.9 X69.808 Y178.944 E323.70621
G1 F754.7 X69.47 Y179.432 E323.73761
G1 F738.5 X69.131 Y179.92 E323.76972
G1 F722.9 X68.792 Y180.408 E323.80253
G1 F755.9 X68.28 Y181.235 E323.85389
G1 F793.4 X68.013 Y181.723 E323.88187
G1 F772.9 X67.745 Y182.212 E323.91066
G1 F753.5 X67.478 Y182.7 E323.94013
G1 F736.2 X67.21 Y183.189 E323.97036
G1 F718.6 X66.943 Y183.677 E324.00126
G1 F732.8 X66.691 Y184.198 E324.03278
G1 F781.8 X66.439 Y184.721 E324.06241
G1 F797.3 X66.239 Y185.2 E324.0884
G1 F774.2 X66.039 Y185.679 E324.11516
G1 F752.4 X65.839 Y186.158 E324.1427
G1 F732.8 X65.639 Y186.637 E324.17097
G1 F713.2 X65.439 Y187.116 E324.20001
G1 F728.4 X65.214 Y187.744 E324.23657
G1 F783 X64.989 Y188.37 E324.27047
G1 F813.6 X64.979 Y188.4 E324.27203
G1 F797.3 X64.808 Y188.976 E324.3021
G1 F766.8 X64.636 Y189.553 E324.33344
G1 F738.5 X64.464 Y190.13 E324.36598
G1 F712.2 X64.292 Y190.707 E324.39973
G1 F716.4 X64.175 Y191.193 E324.42758
G1 F752.4 X64.057 Y191.68 E324.45416
G1 F792.1 X63.939 Y192.167 E324.47941
G1 F814.9 X63.932 Y192.199 E324.48101
G1 F801.3 X63.832 Y192.742 E324.50851
G1 F770.5 X63.731 Y193.286 E324.53717
G1 F743 X63.63 Y193.83 E324.56689
G1 F716.4 X63.529 Y194.373 E324.59766
G1 F721.8 X63.454 Y194.932 E324.62885
G1 F758.3 X63.379 Y195.492 E324.65859
G1 F800 X63.304 Y196.053 E324.68683
G1 F820.5 X63.3 Y196.084 E324.68835
G1 F802.7 X63.261 Y196.589 E324.71353
G1 F770.5 X63.221 Y197.095 E324.73983
G1 F740.7 X63.181 Y197.6 E324.76712
G1 F713.2 X63.141 Y198.106 E324.79553
G1 F717.5 X63.124 Y198.732 E324.83036
G1 F753.5 X63.107 Y199.357 E324.86348
G1 F794.7 X63.09 Y199.982 E324.89488
G1 F816.3 X63.089 Y200.015 E324.89649
M204 S3000
M205 X10 Y10
;MESH:NONMESH
G0 F600 X63.089 Y200.015 Z1
G0 F6000 X62.323 Y198.083
G0 X61.814 Y198.056
;TIME_ELAPSED:254.921029
;LAYER:4
M204 S1800
M205 X8 Y8
;TYPE:WALL-OUTER
;MESH:15_4_2.stl
G1 F3000 X61.814 Y201.946 E325.02588
G1 X62.215 Y205.816 E325.15528
G1 X63.008 Y209.614 E325.28433
G1 X64.193 Y213.334 E325.41418
G1 X65.753 Y216.9 E325.54364
G1 X67.669 Y220.286 E325.67304
G1 X69.924 Y223.458 E325.80248
G1 X72.491 Y226.381 E325.93187
G1 X75.354 Y229.03 E326.0616
G1 X78.464 Y231.361 E326.19087
G1 X81.799 Y233.364 E326.32026
G1 X85.326 Y235.014 E326.44977
G1 X89.013 Y236.299 E326.57964
G1 X92.789 Y237.186 E326.70864
G1 X96.579 Y237.677 E326.83575
G1 X97.474 Y237.708 E326.86554
G1 X100.535 Y237.786 E326.96738
G1 X104.415 Y237.486 E327.09682
G1 X108.244 Y236.788 E327.22627
G1 X111.968 Y235.704 E327.35527
G1 X115.586 Y234.235 E327.48515
G1 X119.022 Y232.405 E327.61463
G1 X122.251 Y230.233 E327.74406
G1 X125.238 Y227.741 E327.87344
G1 X127.956 Y224.952 E328.00297
G1 X130.37 Y221.9 E328.13239
G1 X132.458 Y218.619 E328.26174
G1 X134.199 Y215.135 E328.39128
G1 X135.553 Y211.544 E328.51893
G1 X135.594 Y211.416 E328.5234
G1 X136.563 Y207.731 E328.65013
G1 X137.162 Y203.884 E328.77962
G1 X137.362 Y199.998 E328.90904
G1 X137.167 Y196.182 E329.03613
G1 X137.11 Y195.776 E329.04977
G1 X136.563 Y192.268 E329.16785
G1 X135.575 Y188.519 E329.2968
G1 X134.199 Y184.863 E329.42673
G1 X132.458 Y181.381 E329.55621
G1 X130.37 Y178.1 E329.68556
G1 X127.954 Y175.046 E329.81508
G1 X125.238 Y172.259 E329.94451
G1 X122.249 Y169.765 E330.07399
G1 X119.022 Y167.595 E330.20333
G1 X115.586 Y165.765 E330.33281
G1 X113.62 Y164.965 E330.4034
G1 X111.968 Y164.292 E330.46273
G1 X108.244 Y163.213 E330.59169
G1 X104.415 Y162.514 E330.72115
G1 X100.535 Y162.214 E330.85058
G1 X96.647 Y162.313 E330.97994
G1 X92.789 Y162.813 E331.10933
G1 X89.014 Y163.705 E331.23834
G1 X85.692 Y164.858 E331.3553
G1 X85.266 Y165.014 E331.37039
G1 X81.799 Y166.636 E331.4977
G1 X78.464 Y168.639 E331.62709
G1 X75.356 Y170.971 E331.75632
G1 X72.491 Y173.619 E331.88608
G1 X69.924 Y176.542 E332.01547
G1 X67.669 Y179.714 E332.14491
G1 X65.753 Y183.1 E332.27431
G1 X64.193 Y186.666 E332.40377
G1 X63.803 Y187.888 E332.44643
G1 X63.004 Y190.386 E332.53366
G1 X62.215 Y194.184 E332.66268
G1 X61.814 Y198.056 E332.79215
M204 S3000
M205 X10 Y10
G0 F6000 X61.814 Y198.256
G0 X62.324 Y198.256
G0 X63.854 Y200.039
G0 X64.363 Y200.012
M204 S1800
M205 X8 Y8
G1 F3000 X64.568 Y196.197 E332.91923
G1 X65.185 Y192.435 E333.04602
G1 X66.204 Y188.763 E333.17277
G1 X67.613 Y185.223 E333.29949
G1 X69.407 Y181.843 E333.42677
G1 X71.546 Y178.689 E333.55352
G1 X74.014 Y175.785 E333.68027
G1 X76.768 Y173.179 E333.80638
G1 X79.801 Y170.871 E333.93315
G1 X83.066 Y168.904 E334.05992
G1 X86.543 Y167.297 E334.18732
G1 X90.157 Y166.079 E334.31417
G1 X93.873 Y165.262 E334.44072
G1 X97.668 Y164.851 E334.56768
G1 X101.474 Y164.851 E334.69426
G1 X105.272 Y165.265 E334.82133
G1 X108.982 Y166.082 E334.94769
G1 X112.603 Y167.305 E335.0748
G1 X116.061 Y168.904 E335.20152
G1 X119.326 Y170.871 E335.3283
G1 X122.352 Y173.172 E335.45474
G1 X125.116 Y175.789 E335.58134
G1 X127.593 Y178.706 E335.70862
G1 X129.722 Y181.846 E335.83479
G1 X131.514 Y185.227 E335.96207
G1 X132.916 Y188.748 E336.08812
G1 X133.943 Y192.443 E336.21567
G1 X134.558 Y196.204 E336.34243
G1 X134.763 Y200.01 E336.4692
G1 X134.557 Y203.813 E336.59587
G1 X133.938 Y207.578 E336.72278
G1 X132.919 Y211.247 E336.84943
G1 X131.506 Y214.79 E336.97629
G1 X129.719 Y218.157 E337.10307
G1 X127.58 Y221.311 E337.22983
G1 X125.112 Y224.215 E337.35658
G1 X122.345 Y226.834 E337.4833
G1 X119.308 Y229.141 E337.61015
G1 X116.043 Y231.105 E337.73688
G1 X112.583 Y232.703 E337.86364
G1 X108.97 Y233.921 E337.99045
G1 X105.25 Y234.738 E338.11713
G1 X101.458 Y235.149 E338.24399
G1 X97.646 Y235.148 E338.37078
G1 X93.873 Y234.738 E338.49701
G1 X90.155 Y233.92 E338.62363
G1 X89.797 Y233.801 E338.63617
G1 X86.522 Y232.695 E338.75114
G1 X83.066 Y231.096 E338.8778
G1 X79.801 Y229.129 E339.00458
G1 X76.782 Y226.834 E339.13071
G1 X74.33 Y224.515 E339.24296
G1 X73.999 Y224.199 E339.25818
G1 X71.546 Y221.311 E339.38421
G1 X69.398 Y218.143 E339.51151
G1 X67.611 Y214.771 E339.63844
G1 X66.202 Y211.23 E339.7652
G1 X65.183 Y207.557 E339.89198
G1 X64.568 Y203.793 E340.01883
G1 X64.363 Y200.012 E340.14477
M204 S3000
M205 X10 Y10
G0 F6000 X64.373 Y199.813
G0 X63.963 Y200.034
M204 S1800
M205 X8 Y8
;TYPE:WALL-INNER
G1 F3000 X63.963 Y199.968 E340.14696
G1 X64.17 Y196.156 E340.27394
G1 X64.788 Y192.378 E340.40126
G1 X64.802 Y192.315 E340.40341
G1 X65.823 Y188.641 E340.53024
G1 X65.837 Y188.601 E340.53165
G1 X67.247 Y185.063 E340.65832
G1 X67.266 Y185.022 E340.65983
G1 X69.05 Y181.66 E340.78642
G1 X69.539 Y180.935 E340.8155
G1 X71.209 Y178.471 E340.9145
G1 X71.65 Y177.948 E340.93726
G1 X73.701 Y175.535 E341.04259
G1 X74.054 Y175.195 E341.05889
G1 X76.496 Y172.885 E341.17069
G1 X76.74 Y172.696 E341.18096
G1 X79.562 Y170.551 E341.29885
G1 X79.655 Y170.491 E341.30254
G1 X82.864 Y168.559 E341.42712
G1 X82.916 Y168.532 E341.42907
G1 X86.354 Y166.942 E341.55505
G1 X86.415 Y166.918 E341.55723
G1 X90.009 Y165.706 E341.68338
G1 X90.071 Y165.688 E341.68553
G1 X93.769 Y164.874 E341.81147
G1 X93.833 Y164.864 E341.81363
G1 X97.602 Y164.454 E341.93972
G1 X97.668 Y164.451 E341.94192
G1 X101.458 Y164.451 E342.06798
G1 X101.523 Y164.454 E342.07014
G1 X105.293 Y164.864 E342.19627
G1 X105.358 Y164.874 E342.19846
G1 X109.056 Y165.688 E342.3244
G1 X109.118 Y165.706 E342.32654
G1 X112.746 Y166.931 E342.45391
G1 X114.637 Y167.803 E342.52317
G1 X116.24 Y168.546 E342.58193
G1 X119.539 Y170.532 E342.71
G1 X122.608 Y172.864 E342.8382
G1 X122.637 Y172.889 E342.83948
G1 X125.385 Y175.493 E342.96539
G1 X125.43 Y175.54 E342.96756
G1 X127.899 Y178.445 E343.09436
G1 X130.049 Y181.617 E343.22181
G1 X130.501 Y182.46 E343.25363
G1 X131.866 Y185.032 E343.35047
G1 X133.293 Y188.609 E343.47856
G1 X134.326 Y192.322 E343.60675
G1 X134.387 Y192.681 E343.61886
G1 X134.952 Y196.122 E343.73484
G1 X134.964 Y196.296 E343.74064
G1 X135.164 Y199.998 E343.86395
G1 X134.965 Y203.702 E343.98732
G1 X134.951 Y203.879 E343.99323
G1 X134.338 Y207.621 E344.11935
G1 X134.324 Y207.685 E344.12153
G1 X133.311 Y211.337 E344.24758
G1 X133.289 Y211.399 E344.24977
G1 X131.887 Y214.918 E344.37576
G1 X131.86 Y214.978 E344.37794
G1 X130.061 Y218.367 E344.50556
G1 X127.899 Y221.554 E344.63365
G1 X125.405 Y224.489 E344.76175
G1 X122.609 Y227.136 E344.88981
G1 X119.539 Y229.467 E345.01802
G1 X119.514 Y229.484 E345.01902
G1 X116.242 Y231.453 E345.14604
G1 X112.746 Y233.07 E345.27415
G1 X109.094 Y234.302 E345.40234
G1 X109.056 Y234.312 E345.40365
G1 X105.337 Y235.13 E345.5303
G1 X101.505 Y235.548 E345.65851
G1 X97.652 Y235.549 E345.78666
G1 X96.847 Y235.465 E345.81358
G1 X93.821 Y235.135 E345.91482
G1 X93.22 Y235.005 E345.93527
G1 X90.063 Y234.31 E346.04279
G1 X89.669 Y234.18 E346.05659
G1 X86.409 Y233.08 E346.17102
G1 X86.197 Y232.986 E346.17873
G1 X82.913 Y231.467 E346.29908
G1 X82.859 Y231.438 E346.30112
G1 X79.613 Y229.484 E346.42713
G1 X79.559 Y229.447 E346.42931
G1 X76.54 Y227.152 E346.55544
G1 X76.491 Y227.11 E346.55759
G1 X73.739 Y224.505 E346.68362
G1 X73.694 Y224.458 E346.68579
G1 X71.241 Y221.57 E346.81182
G1 X71.202 Y221.518 E346.81398
G1 X69.05 Y218.34 E346.94163
G1 X67.266 Y214.978 E347.06822
G1 X67.239 Y214.919 E347.07038
G1 X65.823 Y211.359 E347.19781
G1 X64.802 Y207.685 E347.32464
G1 X64.788 Y207.622 E347.32678
G1 X64.17 Y203.845 E347.45408
G1 X63.963 Y200.034 E347.58102
M204 S3000
M205 X10 Y10
G0 F6000 X63.854 Y200.039
G0 X62.323 Y198.083
G0 X62.214 Y198.077
M204 S1800
M205 X8 Y8
G1 F3000 X62.214 Y201.925 E347.709
G1 X62.611 Y205.754 E347.83704
G1 X63.396 Y209.512 E347.96473
G1 X64.568 Y213.193 E348.09321
G1 X66.111 Y216.721 E348.22129
G1 X67.497 Y219.171 E348.31491
G1 X68.007 Y220.071 E348.34932
G1 X70.238 Y223.21 E348.4774
G1 X72.778 Y226.101 E348.6054
G1 X75.274 Y228.41 E348.71849
G1 X75.647 Y228.75 E348.73528
G1 X78.481 Y230.874 E348.85307
G1 X78.727 Y231.052 E348.86317
G1 X81.934 Y232.98 E348.98763
G1 X82.161 Y233.091 E348.99603
G1 X85.477 Y234.643 E349.11781
G1 X89.125 Y235.914 E349.24629
G1 X92.861 Y236.792 E349.37394
G1 X93.465 Y236.87 E349.39419
G1 X96.678 Y237.287 E349.50195
G1 X100.525 Y237.386 E349.62995
G1 X104.363 Y237.089 E349.75798
G1 X108.152 Y236.398 E349.88608
G1 X111.836 Y235.326 E350.0137
G1 X113.32 Y234.723 E350.06697
G1 X115.416 Y233.872 E350.14221
G1 X118.816 Y232.061 E350.27034
G1 X122.011 Y229.913 E350.39839
G1 X124.966 Y227.447 E350.5264
G1 X127.655 Y224.688 E350.65454
G1 X130.044 Y221.668 E350.78261
G1 X132.109 Y218.421 E350.9106
G1 X133.832 Y214.975 E351.03874
G1 X135.196 Y211.359 E351.16728
G1 X136.039 Y208.149 E351.27767
G1 X136.171 Y207.649 E351.29487
G1 X136.763 Y203.843 E351.42298
G1 X136.961 Y199.998 E351.55103
G1 X136.764 Y196.155 E351.67902
G1 X136.171 Y192.35 E351.8071
G1 X135.193 Y188.641 E351.93468
G1 X133.832 Y185.023 E352.06325
G1 X132.11 Y181.579 E352.19132
G1 X130.044 Y178.332 E352.31932
G1 X127.653 Y175.31 E352.44749
G1 X124.966 Y172.553 E352.57553
G1 X122.009 Y170.085 E352.70364
G1 X118.816 Y167.939 E352.83159
G1 X115.416 Y166.128 E352.95972
G1 X111.836 Y164.67 E353.08829
G1 X108.152 Y163.603 E353.21585
G1 X104.363 Y162.912 E353.34395
G1 X100.525 Y162.615 E353.47199
G1 X97.485 Y162.691 E353.57313
G1 X96.678 Y162.713 E353.59998
G1 X92.861 Y163.207 E353.72799
G1 X89.678 Y163.959 E353.83678
G1 X89.126 Y164.089 E353.85564
G1 X85.477 Y165.357 E353.98412
G1 X81.987 Y166.99 E354.11228
G1 X78.688 Y168.971 E354.24027
G1 X75.612 Y171.279 E354.36817
G1 X72.778 Y173.899 E354.49654
G1 X70.238 Y176.79 E354.62454
G1 X68.007 Y179.929 E354.75262
G1 X66.111 Y183.279 E354.88065
G1 X64.568 Y186.808 E355.00876
G1 X64.184 Y188.01 E355.05072
G1 X63.392 Y190.488 E355.13725
G1 X62.611 Y194.246 E355.26491
G1 X62.441 Y195.889 E355.31985
G1 X62.214 Y198.077 E355.39301
M204 S3000
M205 X10 Y10
G0 F6000 X62.614 Y198.097
M204 S1800
M205 X8 Y8
G1 F3000 X62.614 Y201.905 E355.51967
G1 X63.007 Y205.692 E355.6463
G1 X63.471 Y207.924 E355.72213
G1 X63.492 Y208.016 E355.72526
G1 X63.783 Y209.41 E355.77263
G1 X64.943 Y213.051 E355.89973
G1 X65.985 Y215.434 E355.98623
G1 X66.469 Y216.542 E356.02645
G1 X67.846 Y218.974 E356.1194
G1 X68.345 Y219.856 E356.15311
G1 X70.077 Y222.293 E356.25255
G1 X70.552 Y222.961 E356.27981
G1 X72.653 Y225.353 E356.3857
G1 X73.065 Y225.821 E356.40644
G1 X75.546 Y228.117 E356.51887
G1 X75.887 Y228.43 E356.53426
G1 X78.721 Y230.554 E356.65206
G1 X78.933 Y230.71 E356.66081
G1 X82.139 Y232.638 E356.78524
G1 X82.33 Y232.729 E356.79228
G1 X85.628 Y234.272 E356.91338
G1 X89.237 Y235.529 E357.04049
G1 X89.748 Y235.652 E357.05797
G1 X89.77 Y235.654 E357.0587
G1 X92.933 Y236.397 E357.16677
G1 X93.517 Y236.473 E357.18636
G1 X96.709 Y236.887 E357.29341
G1 X97.618 Y236.913 E357.32366
G1 X97.656 Y236.912 E357.32492
G1 X100.515 Y236.985 E357.42005
G1 X101.495 Y236.91 E357.45274
G1 X104.312 Y236.692 E357.54671
G1 X105.473 Y236.479 E357.58597
G1 X108.06 Y236.008 E357.67343
G1 X111.705 Y234.947 E357.79969
G1 X113.169 Y234.353 E357.85224
G1 X115.246 Y233.509 E357.92681
G1 X118.61 Y231.718 E358.05356
G1 X121.77 Y229.592 E358.18024
G1 X124.694 Y227.153 E358.30688
G1 X127.354 Y224.423 E358.43366
G1 X129.717 Y221.436 E358.56033
G1 X131.76 Y218.224 E358.68695
G1 X133.464 Y214.814 E358.81373
G1 X134.814 Y211.237 E358.9409
G1 X135.779 Y207.567 E359.06711
G1 X136.365 Y203.801 E359.19388
G1 X136.56 Y199.998 E359.32053
G1 X136.367 Y196.223 E359.44625
G1 X136.319 Y195.898 E359.45718
G1 X135.779 Y192.432 E359.57385
G1 X134.812 Y188.763 E359.70005
G1 X133.464 Y185.183 E359.82728
G1 X131.761 Y181.776 E359.95397
G1 X129.717 Y178.564 E360.08059
G1 X127.352 Y175.574 E360.20739
G1 X124.694 Y172.847 E360.33405
G1 X121.768 Y170.406 E360.46079
G1 X118.61 Y168.282 E360.58737
G1 X116.941 Y167.394 E360.65025
G1 X115.246 Y166.491 E360.71412
G1 X113.255 Y165.678 E360.78565
G1 X113.17 Y165.646 E360.78867
G1 X111.705 Y165.049 E360.84129
G1 X109.53 Y164.419 E360.9166
G1 X108.06 Y163.993 E360.96751
G1 X104.312 Y163.309 E361.09423
G1 X101.654 Y163.103 E361.1829
G1 X100.515 Y163.015 E361.22089
G1 X96.709 Y163.112 E361.34752
G1 X93.676 Y163.505 E361.44924
G1 X92.96 Y163.598 E361.47326
G1 X92.908 Y163.607 E361.47501
G1 X89.238 Y164.474 E361.60044
G1 X85.627 Y165.728 E361.72758
G1 X82.175 Y167.343 E361.85433
G1 X78.911 Y169.303 E361.98096
G1 X75.869 Y171.586 E362.10747
G1 X73.065 Y174.179 E362.23449
G1 X70.552 Y177.039 E362.36112
G1 X70.17 Y177.576 E362.38304
G1 X68.345 Y180.144 E362.48782
G1 X66.47 Y183.458 E362.61447
G1 X66.05 Y184.418 E362.64932
G1 X64.943 Y186.949 E362.7412
G1 X64.566 Y188.132 E362.7825
G1 X63.78 Y190.59 E362.86833
G1 X63.49 Y191.984 E362.91568
G1 X63.007 Y194.307 E362.9946
G1 X62.614 Y198.097 E363.12133
M204 S3000
M205 X10 Y10
G0 F6000 X63.564 Y199.946
M204 S1800
M205 X8 Y8
G1 F3000 X63.772 Y196.114 E363.24897
G1 X64.039 Y194.471 E363.30434
G1 X64.401 Y192.272 E363.37846
G1 X64.416 Y192.208 E363.38065
G1 X65.442 Y188.519 E363.508
G1 X65.465 Y188.453 E363.51032
G1 X66.88 Y184.903 E363.63743
G1 X66.913 Y184.835 E363.63994
G1 X68.702 Y181.463 E363.7669
G1 X69.208 Y180.71 E363.79708
G1 X70.883 Y178.239 E363.89637
G1 X71.345 Y177.689 E363.92026
G1 X73.4 Y175.271 E364.0258
G1 X73.779 Y174.905 E364.04333
G1 X76.225 Y172.591 E364.15532
G1 X76.498 Y172.378 E364.16683
G1 X79.322 Y170.231 E364.28482
G1 X79.449 Y170.148 E364.28987
G1 X82.661 Y168.214 E364.41457
G1 X82.748 Y168.169 E364.41783
G1 X86.186 Y166.579 E364.54381
G1 X86.287 Y166.539 E364.54743
G1 X89.881 Y165.327 E364.67358
G1 X89.985 Y165.297 E364.67718
G1 X93.683 Y164.483 E364.80312
G1 X93.79 Y164.466 E364.80672
G1 X97.559 Y164.056 E364.93282
G1 X97.668 Y164.051 E364.93645
G1 X101.458 Y164.051 E365.0625
G1 X101.567 Y164.056 E365.06613
G1 X105.337 Y164.466 E365.19226
G1 X105.444 Y164.484 E365.19587
G1 X109.142 Y165.298 E365.32181
G1 X109.246 Y165.327 E365.3254
G1 X112.839 Y166.539 E365.45152
G1 X112.939 Y166.579 E365.45511
G1 X116.377 Y168.168 E365.58108
G1 X116.473 Y168.219 E365.58469
G1 X119.72 Y170.173 E365.71074
G1 X119.81 Y170.234 E365.71435
G1 X122.865 Y172.557 E365.842
G1 X122.912 Y172.599 E365.8441
G1 X125.69 Y175.23 E365.97135
G1 X125.736 Y175.281 E365.97364
G1 X128.213 Y178.197 E366.10089
G1 X130.398 Y181.415 E366.23027
G1 X132.212 Y184.833 E366.35897
G1 X132.515 Y185.579 E366.38575
G1 X133.66 Y188.452 E366.48861
G1 X133.833 Y189.054 E366.50945
G1 X134.713 Y192.22 E366.61874
G1 X134.782 Y192.616 E366.63211
G1 X135.347 Y196.06 E366.74819
G1 X135.363 Y196.274 E366.75533
G1 X135.563 Y199.946 E366.87764
G1 X135.563 Y200.054 E366.88123
G1 X135.358 Y203.837 E367.00724
G1 X135.346 Y203.944 E367.01082
G1 X134.733 Y207.686 E367.13694
G1 X134.709 Y207.792 E367.14055
G1 X133.697 Y211.444 E367.2666
G1 X133.661 Y211.547 E367.27022
G1 X132.259 Y215.066 E367.39621
G1 X132.214 Y215.166 E367.39986
G1 X130.438 Y218.514 E367.52591
G1 X130.382 Y218.606 E367.5295
G1 X128.256 Y221.743 E367.65554
G1 X128.191 Y221.829 E367.65912
G1 X125.738 Y224.717 E367.78515
G1 X125.662 Y224.795 E367.78877
G1 X122.866 Y227.444 E367.91688
G1 X119.81 Y229.766 E368.04453
G1 X119.72 Y229.827 E368.04815
G1 X116.43 Y231.806 E368.17585
G1 X114.805 Y232.559 E368.23541
G1 X112.896 Y233.44 E368.30534
G1 X112.839 Y233.461 E368.30736
G1 X109.206 Y234.686 E368.43488
G1 X109.142 Y234.702 E368.43708
G1 X105.409 Y235.523 E368.5642
G1 X105.337 Y235.534 E368.56663
G1 X101.536 Y235.947 E368.69379
G1 X100.502 Y235.949 E368.72818
G1 X97.642 Y235.949 E368.82331
G1 X96.804 Y235.863 E368.85132
G1 X93.769 Y235.531 E368.95287
G1 X93.134 Y235.397 E368.97446
G1 X89.972 Y234.699 E369.08216
G1 X89.541 Y234.56 E369.09722
G1 X86.277 Y233.458 E369.2118
G1 X86.029 Y233.348 E369.22082
G1 X82.743 Y231.829 E369.34123
G1 X82.653 Y231.781 E369.34462
G1 X79.406 Y229.827 E369.47066
G1 X79.317 Y229.765 E369.47427
G1 X76.298 Y227.47 E369.6004
G1 X76.216 Y227.401 E369.60397
G1 X73.464 Y224.796 E369.73
G1 X73.389 Y224.717 E369.73363
G1 X70.936 Y221.829 E369.85966
G1 X70.87 Y221.743 E369.86326
G1 X69.209 Y219.289 E369.96182
G1 X68.744 Y218.606 E369.9893
G1 X68.689 Y218.513 E369.9929
G1 X66.913 Y215.165 E370.11895
G1 X66.867 Y215.067 E370.12255
G1 X65.465 Y211.546 E370.2486
G1 X65.43 Y211.444 E370.25219
G1 X64.416 Y207.792 E370.37825
G1 X64.393 Y207.686 E370.38186
G1 X63.772 Y203.886 E370.50992
G1 X63.564 Y200.056 E370.63749
G1 X63.564 Y199.946 E370.64115
M204 S3000
M205 X10 Y10
G0 F6000 X63.089 Y200.015
M204 S1800
M205 X8 Y8
;TYPE:SKIN
G1 F793.4 X63.105 Y200.63 E370.6721
G1 F751.2 X63.121 Y201.245 E370.70479
G1 F713.2 X63.138 Y201.86 E370.73922
G1 F709 X63.178 Y202.374 E370.76824
G1 F737.3 X63.218 Y202.889 E370.7962
G1 F768 X63.259 Y203.403 E370.823
G1 F801.3 X63.299 Y203.918 E370.84873
G1 F819.1 X63.303 Y203.95 E370.8503
G1 F797.3 X63.376 Y204.498 E370.87797
G1 F754.7 X63.449 Y205.046 E370.90721
G1 F717.5 X63.522 Y205.595 E370.93802
G1 F713.2 X63.624 Y206.148 E370.96948
G1 F740.7 X63.727 Y206.702 E370.99985
G1 F770.5 X63.83 Y207.256 E371.02904
G1 F802.7 X63.933 Y207.81 E371.05706
G1 F817.7 X63.939 Y207.842 E371.05864
G1 F784.3 X64.109 Y208.544 E371.0954
G1 F727.3 X64.28 Y209.247 E371.13511
G1 F714.3 X64.456 Y209.84 E371.16967
G1 F740.7 X64.633 Y210.433 E371.20301
G1 F768 X64.809 Y211.027 E371.23521
G1 F798.7 X64.986 Y211.62 E371.26614
G1 F812.2 X64.996 Y211.65 E371.26769
G1 F780.5 X65.21 Y212.25 E371.30027
G1 F726.2 X65.425 Y212.851 E371.33535
G1 F711.1 X65.627 Y213.336 E371.36484
G1 F730.6 X65.83 Y213.822 E371.39361
G1 F750 X66.033 Y214.307 E371.42159
G1 F771.7 X66.235 Y214.793 E371.44881
G1 F794.7 X66.438 Y215.278 E371.47521
G1 F805.4 X66.451 Y215.308 E371.47683
G1 F779.2 X66.689 Y215.801 E371.50487
G1 F730.6 X66.928 Y216.295 E371.53485
G1 F716.4 X67.198 Y216.789 E371.56622
G1 F732.8 X67.468 Y217.283 E371.59688
G1 F750 X67.738 Y217.777 E371.62684
G1 F769.2 X68.008 Y218.271 E371.65605
G1 F788.2 X68.278 Y218.765 E371.68456
G1 F752.4 X68.773 Y219.564 E371.73442
G1 F718.6 X69.058 Y219.975 E371.7622
G1 F730.6 X69.343 Y220.387 E371.78957
G1 F744.2 X69.629 Y220.799 E371.81647
G1 F757.1 X69.914 Y221.211 E371.84288
G1 F770.5 X70.2 Y221.623 E371.86886
G1 F785.6 X70.485 Y222.034 E371.89427
G1 F755.9 X70.955 Y222.643 E371.93488
G1 F728.4 X71.3 Y223.043 E371.96383
G1 F737.3 X71.646 Y223.443 E371.99246
G1 F746.5 X71.992 Y223.844 E372.02078
G1 F757.1 X72.338 Y224.244 E372.04866
G1 F766.8 X72.684 Y224.644 E372.07619
G1 F776.7 X73.03 Y225.045 E372.1034
G1 F755.9 X73.43 Y225.465 E372.13403
G1 F735.1 X73.84 Y225.849 E372.16453
G1 F740.7 X74.25 Y226.233 E372.1948
G1 F747.7 X74.66 Y226.617 E372.22478
G1 F753.5 X75.07 Y227.002 E372.25457
G1 F759.5 X75.48 Y227.386 E372.28409
G1 F766.8 X75.89 Y227.77 E372.31333
G1 F750 X76.182 Y228.015 E372.33362
G1 F733.9 X76.587 Y228.321 E372.36122
G1 F738.5 X76.992 Y228.628 E372.38869
G1 F743 X77.397 Y228.934 E372.41595
G1 F746.5 X77.802 Y229.241 E372.44313
G1 F751.2 X78.207 Y229.547 E372.4701
G1 F755.9 X78.612 Y229.854 E372.49693
G1 F760.7 X79.017 Y230.16 E372.52356
G1 F757.1 X79.19 Y230.279 E372.53463
G1 F752.4 X82.384 Y232.203 E372.73244
G1 F758.3 X82.541 Y232.281 E372.74167
G1 F763.1 X83.007 Y232.497 E372.76853
G1 F760.7 X83.473 Y232.714 E372.7955
G1 F758.3 X83.939 Y232.931 E372.82256
G1 F754.7 X84.405 Y233.148 E372.84974
G1 F752.4 X84.871 Y233.364 E372.87699
G1 F750 X85.337 Y233.581 E372.90435
G1 F747.7 X85.804 Y233.798 E372.93184
G1 F760.7 X86.144 Y233.93 E372.95097
G1 F772.9 X86.683 Y234.115 E372.9804
G1 F765.6 X87.222 Y234.3 E373.01011
G1 F758.3 X87.761 Y234.485 E373.0401
G1 F751.2 X88.3 Y234.67 E373.07038
G1 F744.2 X88.839 Y234.856 E373.10096
G1 F737.3 X89.378 Y235.041 E373.13181
G1 F754.7 X89.876 Y235.181 E373.15917
G1 F779.2 X89.881 Y235.18 E373.15943
G1 F778 X90.401 Y235.298 E373.18678
G1 F769.2 X90.922 Y235.416 E373.2145
G1 F760.7 X91.443 Y235.534 E373.24253
G1 F752.4 X91.964 Y235.653 E373.27088
G1 F744.2 X92.485 Y235.771 E373.29953
G1 F736.2 X93.006 Y235.889 E373.32849
G1 F759.5 X93.593 Y235.992 E373.35981
G1 F793.4 X93.736 Y236.013 E373.36708
G1 F790.8 X94.235 Y236.072 E373.39244
G1 F776.7 X94.734 Y236.132 E373.41827
G1 F763.1 X95.234 Y236.192 E373.44461
G1 F750 X95.733 Y236.251 E373.47135
G1 F737.3 X96.233 Y236.311 E373.49861
G1 F725.1 X96.732 Y236.371 E373.52627
G1 F755.9 X97.521 Y236.424 E373.56802
G1 F798.7 X97.637 Y236.429 E373.57383
G1 F790.8 X98.207 Y236.436 E373.6026
G1 F771.7 X98.777 Y236.443 E373.63208
G1 F752.4 X99.347 Y236.451 E373.66232
G1 F735.1 X99.917 Y236.458 E373.69327
G1 F718.6 X100.487 Y236.466 E373.72494
G1 F731.7 X101.029 Y236.445 E373.75452
G1 F779.2 X101.573 Y236.424 E373.78241
G1 F806.7 X101.58 Y236.422 E373.78277
G1 F797.3 X102.108 Y236.373 E373.80931
G1 F774.2 X102.637 Y236.324 E373.8367
G1 F752.4 X103.166 Y236.275 E373.86488
G1 F732.8 X103.695 Y236.226 E373.89382
G1 F713.2 X104.224 Y236.177 E373.92355
G1 F728.4 X104.849 Y236.085 E373.95816
G1 F783 X105.474 Y235.994 E373.99036
G1 F812.2 X105.506 Y235.989 E373.99195
G1 F796 X106.109 Y235.868 E374.02279
G1 F766.8 X106.713 Y235.746 E374.05486
G1 F739.6 X107.317 Y235.625 E374.0881
G1 F714.3 X107.921 Y235.503 E374.12253
G1 F728.4 X108.621 Y235.325 E374.16211
G1 F786.9 X109.322 Y235.146 E374.19881
G1 F819.1 X109.353 Y235.137 E374.20038
G1 F802.7 X109.89 Y234.969 E374.22836
G1 F770.5 X110.427 Y234.8 E374.25752
G1 F740.7 X110.964 Y234.632 E374.28784
G1 F713.2 X111.502 Y234.463 E374.3194
G1 F717.5 X112.021 Y234.271 E374.35018
G1 F754.7 X112.54 Y234.078 E374.37946
G1 F797.3 X113.06 Y233.885 E374.40723
G1 F817.7 X113.09 Y233.873 E374.4088
G1 F800 X113.569 Y233.666 E374.43484
G1 F768 X114.048 Y233.458 E374.46198
G1 F738.5 X114.527 Y233.25 E374.4902
G1 F711.1 X115.006 Y233.042 E374.51951
G1 F716.4 X115.55 Y232.772 E374.55335
G1 F754.7 X116.095 Y232.501 E374.58553
G1 F798.7 X116.64 Y232.23 E374.61595
G1 F821.9 X116.668 Y232.215 E374.61749
G1 F798.7 X117.219 Y231.903 E374.64914
G1 F755.9 X117.771 Y231.59 E374.68264
G1 F717.5 X118.323 Y231.277 E374.71794
G1 F713.2 X118.746 Y231.007 E374.74602
G1 F739.6 X119.169 Y230.738 E374.77307
G1 F769.2 X119.592 Y230.469 E374.79908
G1 F800 X120.015 Y230.2 E374.82409
G1 F816.3 X120.041 Y230.182 E374.82564
G1 F794.7 X120.507 Y229.849 E374.8544
G1 F753.5 X120.974 Y229.516 E374.88478
G1 F717.5 X121.441 Y229.183 E374.91669
G1 F713.2 X121.87 Y228.841 E374.94739
G1 F741.9 X122.3 Y228.499 E374.97695
G1 F771.7 X122.73 Y228.157 E375.00537
G1 F805.4 X123.16 Y227.815 E375.03259
G1 F821.9 X123.184 Y227.795 E375.03411
G1 F800 X123.564 Y227.457 E375.05948
G1 F759.5 X123.945 Y227.119 E375.08625
G1 F722.9 X124.325 Y226.781 E375.11433
G1 F718.6 X124.75 Y226.362 E375.14748
G1 F745.3 X125.175 Y225.943 E375.17944
G1 F772.9 X125.601 Y225.524 E375.21029
G1 F804 X126.026 Y225.105 E375.23992
G1 F817.7 X126.047 Y225.084 E375.24137
G1 F785.6 X126.498 Y224.588 E375.27543
G1 F730.6 X126.95 Y224.092 E375.31209
G1 F715.4 X127.276 Y223.695 E375.34075
G1 F735.1 X127.602 Y223.298 E375.36864
G1 F755.9 X127.929 Y222.901 E375.3958
G1 F778 X128.255 Y222.503 E375.42219
G1 F801.3 X128.581 Y222.106 E375.44778
G1 F813.6 X128.602 Y222.079 E375.44945
G1 F785.6 X128.943 Y221.614 E375.47875
G1 F733.9 X129.284 Y221.149 E375.51011
G1 F719.6 X129.586 Y220.689 E375.54063
G1 F737.3 X129.889 Y220.229 E375.57044
G1 F755.9 X130.192 Y219.768 E375.59957
G1 F776.7 X130.494 Y219.308 E375.62785
G1 F797.3 X130.797 Y218.847 E375.65546
G1 F759.5 X131.302 Y217.983 E375.70805
G1 F724 X131.572 Y217.46 E375.7405
G1 F739.6 X131.842 Y216.937 E375.77226
G1 F755.9 X132.112 Y216.413 E375.80339
G1 F772.9 X132.382 Y215.89 E375.83378
G1 F790.8 X132.653 Y215.366 E375.86356
G1 F758.3 X132.994 Y214.607 E375.90735
G1 F726.2 X133.181 Y214.124 E375.93582
G1 F737.3 X133.369 Y213.64 E375.96392
G1 F748.8 X133.557 Y213.156 E375.9916
G1 F759.5 X133.745 Y212.672 E376.01889
G1 F771.7 X133.933 Y212.188 E376.04574
G1 F784.3 X134.121 Y211.705 E376.07211
G1 F758.3 X134.327 Y211.083 E376.1066
G1 F733.9 X134.47 Y210.554 E376.1364
G1 F740.7 X134.614 Y210.024 E376.16599
G1 F748.8 X134.757 Y209.494 E376.19525
G1 F757.1 X134.901 Y208.964 E376.22421
G1 F764.3 X135.044 Y208.434 E376.25287
G1 F772.9 X135.188 Y207.904 E376.28123
G1 F754.7 X135.277 Y207.48 E376.30414
G1 F737.3 X135.356 Y206.985 E376.33128
G1 F741.9 X135.436 Y206.489 E376.3583
G1 F747.7 X135.515 Y205.993 E376.38512
G1 F752.4 X135.595 Y205.498 E376.41172
G1 F758.3 X135.675 Y205.002 E376.43816
G1 F764.3 X135.754 Y204.506 E376.46439
G1 F769.2 X135.834 Y204.011 E376.4904
G1 F758.3 X135.861 Y203.767 E376.50333
G1 F746.5 X135.889 Y203.24 E376.53154
G1 F748.8 X135.917 Y202.713 E376.55967
G1 F751.2 X135.945 Y202.186 E376.58771
G1 F753.5 X135.974 Y201.658 E376.61572
G1 F755.9 X136.002 Y201.131 E376.64358
G1 F758.3 X136.03 Y200.604 E376.67136
G1 F760.7 X136.059 Y200.077 E376.69905
G1 F761.9 X136.059 Y199.92 E376.70728
G1 F760.7 X136.032 Y199.398 E376.7347
G1 F758.3 X136.004 Y198.876 E376.76222
G1 F755.9 X135.977 Y198.354 E376.78982
G1 F753.5 X135.949 Y197.831 E376.81756
G1 F751.2 X135.922 Y197.309 E376.84533
G1 F748.8 X135.894 Y196.787 E376.87319
G1 F746.5 X135.866 Y196.265 E376.90114
G1 F758.3 X135.832 Y195.976 E376.91646
G1 F768 X135.741 Y195.406 E376.94646
G1 F760.7 X135.649 Y194.835 E376.9768
G1 F753.5 X135.557 Y194.264 E377.00743
G1 F745.3 X135.466 Y193.693 E377.0384
G1 F738.5 X135.374 Y193.122 E377.06966
G1 F731.7 X135.282 Y192.551 E377.1012
G1 F753.5 X135.182 Y192.087 E377.12635
G1 F776.7 X135.04 Y191.561 E377.15434
G1 F766.8 X134.897 Y191.035 E377.18272
G1 F757.1 X134.755 Y190.509 E377.21144
G1 F747.7 X134.612 Y189.983 E377.24054
G1 F738.5 X134.469 Y189.457 E377.27
G1 F729.5 X134.327 Y188.931 E377.29981
G1 F757.1 X134.121 Y188.297 E377.33495
G1 F794.7 X134.117 Y188.292 E377.33527
G1 F790.8 X133.931 Y187.811 E377.3613
G1 F775.4 X133.744 Y187.33 E377.38786
G1 F761.9 X133.558 Y186.849 E377.41488
G1 F748.8 X133.371 Y186.368 E377.44238
G1 F735.1 X133.184 Y185.887 E377.4704
G1 F722.9 X132.998 Y185.406 E377.49888
G1 F754.7 X132.638 Y184.608 E377.54517
G1 F788.2 X132.375 Y184.097 E377.57428
G1 F770.5 X132.112 Y183.586 E377.60405
G1 F752.4 X131.848 Y183.075 E377.63456
G1 F736.2 X131.585 Y182.564 E377.66572
G1 F720.7 X131.321 Y182.053 E377.69757
G1 F732.8 X131.061 Y181.605 E377.72578
G1 F778 X130.801 Y181.156 E377.7524
G1 F805.4 X130.795 Y181.15 E377.75282
G1 F797.3 X130.497 Y180.697 E377.77996
G1 F775.4 X130.199 Y180.243 E377.80791
G1 F753.5 X129.9 Y179.789 E377.83671
G1 F733.9 X129.602 Y179.335 E377.86624
G1 F715.4 X129.303 Y178.881 E377.89657
G1 F729.5 X128.938 Y178.384 E377.93031
G1 F781.8 X128.574 Y177.887 E377.96176
G1 F812.2 X128.554 Y177.862 E377.96333
G1 F798.7 X128.159 Y177.38 E377.99447
G1 F770.5 X127.763 Y176.897 E378.02683
G1 F743 X127.367 Y176.415 E378.06034
G1 F718.6 X126.971 Y175.932 E378.09503
G1 F730.6 X126.507 Y175.422 E378.1327
G1 F785.6 X126.041 Y174.91 E378.16787
G1 F816.3 X126.019 Y174.887 E378.16943
G1 F800 X125.602 Y174.476 E378.19864
G1 F769.2 X125.184 Y174.065 E378.22905
G1 F739.6 X124.767 Y173.654 E378.26065
G1 F713.2 X124.349 Y173.243 E378.29345
G1 F716.4 X123.947 Y172.887 E378.32337
G1 F752.4 X123.544 Y172.529 E378.35196
G1 F792.1 X123.141 Y172.171 E378.37913
G1 F813.6 X123.117 Y172.151 E378.38066
G1 F797.3 X122.705 Y171.823 E378.40702
G1 F766.8 X122.293 Y171.495 E378.43443
G1 F737.3 X121.881 Y171.166 E378.46297
G1 F711.1 X121.468 Y170.838 E378.49257
G1 F715.4 X120.992 Y170.498 E378.52521
G1 F752.4 X120.517 Y170.158 E378.5562
G1 F794.7 X120.042 Y169.818 E378.58554
G1 F816.3 X120.015 Y169.8 E378.58712
G1 F794.7 X119.462 Y169.448 E378.62005
G1 F753.5 X118.909 Y169.095 E378.65479
G1 F717.5 X118.356 Y168.743 E378.69126
G1 X117.792 Y168.423 E378.72733
G1 F755.9 X117.227 Y168.102 E378.76164
G1 F798.7 X116.662 Y167.782 E378.79409
G1 F820.5 X116.633 Y167.766 E378.7957
G1 F797.3 X116.102 Y167.502 E378.82539
G1 F755.9 X115.57 Y167.238 E378.85675
G1 F719.6 X115.038 Y166.973 E378.88971
G1 F714.3 X114.551 Y166.762 E378.91937
G1 F740.7 X114.063 Y166.55 E378.94803
G1 F768 X113.575 Y166.338 E378.97568
G1 F798.7 X113.087 Y166.126 E379.00227
G1 F813.6 X113.059 Y166.114 E379.00377
G1 F790.8 X112.551 Y165.925 E379.03112
G1 F748.8 X112.043 Y165.736 E379.06001
G1 F711.1 X111.535 Y165.547 E379.09044
G1 F706.9 X110.988 Y165.375 E379.12281
G1 F735.1 X110.441 Y165.204 E379.15393
G1 F764.3 X109.894 Y165.032 E379.18387
G1 F797.3 X109.347 Y164.861 E379.21256
G1 F812.2 X109.317 Y164.852 E379.2141
G1 F781.8 X108.637 Y164.679 E379.24992
G1 F729.5 X107.957 Y164.506 E379.28831
G1 F717.5 X107.352 Y164.384 E379.32264
G1 F741.9 X106.746 Y164.261 E379.35591
G1 F768 X106.14 Y164.139 E379.38803
G1 F796 X105.535 Y164.016 E379.41899
G1 F809.4 X105.388 Y163.991 E379.42634
G1 F781.8 X104.825 Y163.909 E379.45539
G1 F733.9 X104.262 Y163.827 E379.48633
G1 F720.7 X103.727 Y163.778 E379.51608
G1 F738.5 X103.191 Y163.728 E379.54517
G1 F757.1 X102.655 Y163.678 E379.57355
G1 F776.7 X102.119 Y163.628 E379.60121
G1 F797.3 X101.583 Y163.579 E379.62816
G1 F806.7 X101.55 Y163.576 E379.6298
G1 F780.5 X101.033 Y163.556 E379.65625
G1 F733.9 X100.516 Y163.535 E379.68439
G1 F720.7 X99.941 Y163.542 E379.71624
G1 F736.2 X99.365 Y163.549 E379.74747
G1 F752.4 X98.789 Y163.556 E379.77803
G1 F770.5 X98.213 Y163.563 E379.80787
G1 F788.2 X97.637 Y163.57 E379.83704
G1 F752.4 X96.766 Y163.627 E379.88334
G1 F718.6 X96.262 Y163.686 E379.91153
G1 F730.6 X95.757 Y163.746 E379.93931
G1 F744.2 X95.253 Y163.805 E379.96652
G1 F757.1 X94.748 Y163.865 E379.99333
G1 F770.5 X94.244 Y163.925 E380.01963
G1 F785.6 X93.739 Y163.984 E380.04546
G1 F758.3 X93.025 Y164.105 E380.08357
G1 F731.7 X92.499 Y164.225 E380.113
G1 F740.7 X91.972 Y164.345 E380.14212
G1 F750 X91.446 Y164.465 E380.17084
G1 F759.5 X90.919 Y164.585 E380.19924
G1 F769.2 X90.393 Y164.705 E380.22723
G1 F779.2 X89.866 Y164.825 E380.25492
G1 F758.3 X89.399 Y164.958 E380.28047
G1 F737.3 X88.856 Y165.143 E380.31153
G1 F743 X88.313 Y165.328 E380.34234
G1 F750 X87.769 Y165.513 E380.37292
G1 F755.9 X87.226 Y165.698 E380.40321
G1 F761.9 X86.682 Y165.883 E380.43331
G1 F769.2 X86.139 Y166.068 E380.46307
G1 F758.3 X85.817 Y166.196 E380.48131
G1 F746.5 X85.27 Y166.45 E380.51355
G1 F748.8 X84.722 Y166.705 E380.54577
G1 F751.2 X84.174 Y166.959 E380.57786
G1 F753.5 X83.626 Y167.214 E380.60988
G1 F755.9 X83.078 Y167.468 E380.64177
G1 F758.3 X82.53 Y167.723 E380.67358
G1 X82.394 Y167.794 E380.68166
G1 F755.9 X81.597 Y168.273 E380.73075
G1 F753.5 X80.8 Y168.752 E380.78001
G1 F751.2 X80.003 Y169.231 E380.82941
G1 F748.8 X79.206 Y169.71 E380.87897
G1 F755.9 X79.017 Y169.843 E380.89118
G1 F763.1 X78.616 Y170.146 E380.91746
G1 F759.5 X78.215 Y170.449 E380.94388
G1 F755.9 X77.813 Y170.752 E380.97046
G1 F752.4 X77.412 Y171.055 E380.99712
G1 F750 X77.01 Y171.358 E381.02391
G1 F746.5 X76.609 Y171.661 E381.05078
G1 F743 X76.207 Y171.964 E381.07782
G1 F759.5 X75.88 Y172.245 E381.10048
G1 F775.4 X75.474 Y172.624 E381.12906
G1 F765.6 X75.068 Y173.004 E381.15806
G1 F757.1 X74.661 Y173.383 E381.18737
G1 F748.8 X74.255 Y173.763 E381.21701
G1 F739.6 X73.849 Y174.142 E381.24699
G1 F731.7 X73.442 Y174.522 E381.27736
G1 F755.9 X73.029 Y174.956 E381.30899
G1 F786.9 X73.017 Y174.97 E381.30993
G1 F781.8 X72.676 Y175.366 E381.33661
G1 F769.2 X72.334 Y175.762 E381.36376
G1 F758.3 X71.992 Y176.158 E381.3913
G1 F747.7 X71.651 Y176.554 E381.41919
G1 F736.2 X71.309 Y176.95 E381.44756
G1 F726.2 X70.967 Y177.346 E381.47632
G1 F757.1 X70.504 Y177.942 E381.5161
G1 F798.7 X70.485 Y177.968 E381.51771
G1 F790.8 X70.147 Y178.456 E381.54768
G1 F772.9 X69.808 Y178.944 E381.57836
G1 F754.7 X69.47 Y179.432 E381.60975
G1 F738.5 X69.131 Y179.92 E381.64186
G1 F722.9 X68.792 Y180.408 E381.67467
G1 F755.9 X68.28 Y181.235 E381.72603
G1 F793.4 X68.013 Y181.723 E381.75401
G1 F772.9 X67.745 Y182.212 E381.78281
G1 F753.5 X67.478 Y182.7 E381.81227
G1 F736.2 X67.21 Y183.189 E381.8425
G1 F718.6 X66.943 Y183.677 E381.8734
G1 F732.8 X66.691 Y184.198 E381.90492
G1 F781.8 X66.439 Y184.721 E381.93456
G1 F797.3 X66.239 Y185.2 E381.96054
G1 F774.2 X66.039 Y185.679 E381.9873
G1 F752.4 X65.839 Y186.158 E382.01484
G1 F732.8 X65.639 Y186.637 E382.04311
G1 F713.2 X65.439 Y187.116 E382.07216
G1 F728.4 X65.214 Y187.744 E382.10871
G1 F783 X64.989 Y188.37 E382.14262
G1 F813.6 X64.979 Y188.4 E382.14417
G1 F797.3 X64.808 Y188.976 E382.17424
G1 F766.8 X64.636 Y189.553 E382.20558
G1 F738.5 X64.464 Y190.13 E382.23813
G1 F712.2 X64.292 Y190.707 E382.27187
G1 F716.4 X64.175 Y191.193 E382.29972
G1 F752.4 X64.057 Y191.68 E382.3263
G1 F792.1 X63.939 Y192.167 E382.35155
G1 F814.9 X63.932 Y192.199 E382.35315
G1 F801.3 X63.832 Y192.742 E382.38065
G1 F770.5 X63.731 Y193.286 E382.40932
G1 F743 X63.63 Y193.83 E382.43904
G1 F716.4 X63.529 Y194.373 E382.46981
G1 F721.8 X63.454 Y194.932 E382.50099
G1 F758.3 X63.379 Y195.492 E382.53073
G1 F800 X63.304 Y196.053 E382.55897
G1 F820.5 X63.3 Y196.084 E382.56049
G1 F802.7 X63.261 Y196.589 E382.58568
G1 F770.5 X63.221 Y197.095 E382.61197
G1 F740.7 X63.181 Y197.6 E382.63926
G1 F713.2 X63.141 Y198.106 E382.66767
G1 F717.5 X63.124 Y198.732 E382.7025
G1 F753.5 X63.107 Y199.357 E382.73562
G1 F794.7 X63.09 Y199.982 E382.76702
G1 F816.3 X63.089 Y200.015 E382.76864
M204 S3000
M205 X10 Y10
;MESH:NONMESH
G0 F600 X63.089 Y200.015 Z1.2
G0 F6000 X62.323 Y198.083
G0 X61.814 Y198.056
;TIME_ELAPSED:301.207000
;LAYER:5
M204 S1800
M205 X8 Y8
;TYPE:WALL-OUTER
;MESH:15_4_2.stl
G1 F3000 X61.814 Y201.946 E382.89802
G1 X62.215 Y205.816 E383.02742
G1 X63.008 Y209.614 E383.15647
G1 X64.193 Y213.334 E383.28632
G1 X65.753 Y216.9 E383.41578
G1 X67.669 Y220.286 E383.54518
G1 X69.924 Y223.458 E383.67462
G1 X72.491 Y226.381 E383.80401
G1 X75.354 Y229.03 E383.93374
G1 X78.464 Y231.361 E384.06301
G1 X81.799 Y233.364 E384.1924
G1 X85.326 Y235.014 E384.32191
G1 X89.013 Y236.299 E384.45178
G1 X92.789 Y237.186 E384.58079
G1 X96.579 Y237.677 E384.7079
G1 X97.474 Y237.708 E384.73768
G1 X100.535 Y237.786 E384.83952
G1 X104.415 Y237.486 E384.96896
G1 X108.244 Y236.788 E385.09841
G1 X111.968 Y235.704 E385.22741
G1 X115.586 Y234.235 E385.35729
G1 X119.022 Y232.405 E385.48677
G1 X122.251 Y230.233 E385.6162
G1 X125.238 Y227.741 E385.74558
G1 X127.956 Y224.952 E385.87511
G1 X130.37 Y221.9 E386.00454
G1 X132.458 Y218.619 E386.13389
G1 X134.199 Y215.135 E386.26343
G1 X135.553 Y211.544 E386.39107
G1 X135.594 Y211.416 E386.39554
G1 X136.563 Y207.731 E386.52227
G1 X137.162 Y203.884 E386.65177
G1 X137.362 Y199.998 E386.78119
G1 X137.167 Y196.182 E386.90827
G1 X137.11 Y195.776 E386.92191
G1 X136.563 Y192.268 E387.03999
G1 X135.575 Y188.519 E387.16894
G1 X134.199 Y184.863 E387.29887
G1 X132.458 Y181.381 E387.42835
G1 X130.37 Y178.1 E387.5577
G1 X127.954 Y175.046 E387.68722
G1 X125.238 Y172.259 E387.81665
G1 X122.249 Y169.765 E387.94613
G1 X119.022 Y167.595 E388.07547
G1 X115.586 Y165.765 E388.20495
G1 X113.62 Y164.965 E388.27555
G1 X111.968 Y164.292 E388.33488
G1 X108.244 Y163.213 E388.46383
G1 X104.415 Y162.514 E388.59329
G1 X100.535 Y162.214 E388.72272
G1 X96.647 Y162.313 E388.85208
G1 X92.789 Y162.813 E388.98147
G1 X89.014 Y163.705 E389.11049
G1 X85.692 Y164.858 E389.22744
G1 X85.266 Y165.014 E389.24253
G1 X81.799 Y166.636 E389.36984
G1 X78.464 Y168.639 E389.49923
G1 X75.356 Y170.971 E389.62847
G1 X72.491 Y173.619 E389.75822
G1 X69.924 Y176.542 E389.88761
G1 X67.669 Y179.714 E390.01706
G1 X65.753 Y183.1 E390.14645
G1 X64.193 Y186.666 E390.27591
G1 X63.803 Y187.888 E390.31858
G1 X63.004 Y190.386 E390.40581
G1 X62.215 Y194.184 E390.53483
G1 X61.814 Y198.056 E390.6643
M204 S3000
M205 X10 Y10
G0 F6000 X61.814 Y198.256
G0 X62.324 Y198.256
G0 X63.854 Y200.039
G0 X64.363 Y200.012
M204 S1800
M205 X8 Y8
G1 F3000 X64.568 Y196.197 E390.79137
G1 X65.185 Y192.435 E390.91816
G1 X66.204 Y188.763 E391.04491
G1 X67.613 Y185.223 E391.17164
G1 X69.407 Y181.843 E391.29891
G1 X71.546 Y178.689 E391.42566
G1 X74.014 Y175.785 E391.55242
G1 X76.768 Y173.179 E391.67852
G1 X79.801 Y170.871 E391.80529
G1 X83.066 Y168.904 E391.93207
G1 X86.543 Y167.297 E392.05947
G1 X90.157 Y166.079 E392.18631
G1 X93.873 Y165.262 E392.31286
G1 X97.668 Y164.851 E392.43982
G1 X101.474 Y164.851 E392.56641
G1 X105.272 Y165.265 E392.69348
G1 X108.982 Y166.082 E392.81983
G1 X112.603 Y167.305 E392.94695
G1 X116.061 Y168.904 E393.07366
G1 X119.326 Y170.871 E393.20044
G1 X122.352 Y173.172 E393.32688
G1 X125.116 Y175.789 E393.45348
G1 X127.593 Y178.706 E393.58076
G1 X129.722 Y181.846 E393.70694
G1 X131.514 Y185.227 E393.83421
G1 X132.916 Y188.748 E393.96026
G1 X133.943 Y192.443 E394.08781
G1 X134.558 Y196.204 E394.21457
G1 X134.763 Y200.01 E394.34134
G1 X134.557 Y203.813 E394.46801
G1 X133.938 Y207.578 E394.59492
G1 X132.919 Y211.247 E394.72157
G1 X131.506 Y214.79 E394.84844
G1 X129.719 Y218.157 E394.97522
G1 X127.58 Y221.311 E395.10197
G1 X125.112 Y224.215 E395.22873
G1 X122.345 Y226.834 E395.35544
G1 X119.308 Y229.141 E395.48229
G1 X116.043 Y231.105 E395.60902
G1 X112.583 Y232.703 E395.73578
G1 X108.97 Y233.921 E395.8626
G1 X105.25 Y234.738 E395.98927
G1 X101.458 Y235.149 E396.11613
G1 X97.646 Y235.148 E396.24292
G1 X93.873 Y234.738 E396.36915
G1 X90.155 Y233.92 E396.49577
G1 X89.797 Y233.801 E396.50832
G1 X86.522 Y232.695 E396.62329
G1 X83.066 Y231.096 E396.74994
G1 X79.801 Y229.129 E396.87672
G1 X76.782 Y226.834 E397.00285
G1 X74.33 Y224.515 E397.1151
G1 X73.999 Y224.199 E397.13032
G1 X71.546 Y221.311 E397.25635
G1 X69.398 Y218.143 E397.38366
G1 X67.611 Y214.771 E397.51058
G1 X66.202 Y211.23 E397.63734
G1 X65.183 Y207.557 E397.76412
G1 X64.568 Y203.793 E397.89097
G1 X64.363 Y200.012 E398.01691
M204 S3000
M205 X10 Y10
G0 F6000 X64.373 Y199.813
G0 X63.963 Y200.034
M204 S1800
M205 X8 Y8
;TYPE:WALL-INNER
G1 F3000 X63.963 Y199.968 E398.01911
G1 X64.17 Y196.156 E398.14608
G1 X64.788 Y192.378 E398.27341
G1 X64.802 Y192.315 E398.27555
G1 X65.823 Y188.641 E398.40238
G1 X65.837 Y188.601 E398.40379
G1 X67.247 Y185.063 E398.53047
G1 X67.266 Y185.022 E398.53197
G1 X69.05 Y181.66 E398.65856
G1 X69.539 Y180.935 E398.68764
G1 X71.209 Y178.471 E398.78665
G1 X71.65 Y177.948 E398.8094
G1 X73.701 Y175.535 E398.91473
G1 X74.054 Y175.195 E398.93103
G1 X76.496 Y172.885 E399.04284
G1 X76.74 Y172.696 E399.0531
G1 X79.562 Y170.551 E399.171
G1 X79.655 Y170.491 E399.17468
G1 X82.864 Y168.559 E399.29926
G1 X82.916 Y168.532 E399.30121
G1 X86.354 Y166.942 E399.42719
G1 X86.415 Y166.918 E399.42937
G1 X90.009 Y165.706 E399.55553
G1 X90.071 Y165.688 E399.55767
G1 X93.769 Y164.874 E399.68361
G1 X93.833 Y164.864 E399.68577
G1 X97.602 Y164.454 E399.81186
G1 X97.668 Y164.451 E399.81406
G1 X101.458 Y164.451 E399.94012
G1 X101.523 Y164.454 E399.94228
G1 X105.293 Y164.864 E400.06841
G1 X105.358 Y164.874 E400.0706
G1 X109.056 Y165.688 E400.19654
G1 X109.118 Y165.706 E400.19869
G1 X112.746 Y166.931 E400.32605
G1 X114.637 Y167.803 E400.39531
G1 X116.24 Y168.546 E400.45407
G1 X119.539 Y170.532 E400.58215
G1 X122.608 Y172.864 E400.71035
G1 X122.637 Y172.889 E400.71162
G1 X125.385 Y175.493 E400.83754
G1 X125.43 Y175.54 E400.8397
G1 X127.899 Y178.445 E400.9665
G1 X130.049 Y181.617 E401.09396
G1 X130.501 Y182.46 E401.12577
G1 X131.866 Y185.032 E401.22262
G1 X133.293 Y188.609 E401.35071
G1 X134.326 Y192.322 E401.47889
G1 X134.387 Y192.681 E401.491
G1 X134.952 Y196.122 E401.60698
G1 X134.964 Y196.296 E401.61278
G1 X135.164 Y199.998 E401.73609
G1 X134.965 Y203.702 E401.85947
G1 X134.951 Y203.879 E401.86537
G1 X134.338 Y207.621 E401.99149
G1 X134.324 Y207.685 E401.99367
G1 X133.311 Y211.337 E402.11972
G1 X133.289 Y211.399 E402.12191
G1 X131.887 Y214.918 E402.2479
G1 X131.86 Y214.978 E402.25009
G1 X130.061 Y218.367 E402.3777
G1 X127.899 Y221.554 E402.50579
G1 X125.405 Y224.489 E402.63389
G1 X122.609 Y227.136 E402.76195
G1 X119.539 Y229.467 E402.89016
G1 X119.514 Y229.484 E402.89117
G1 X116.242 Y231.453 E403.01818
G1 X112.746 Y233.07 E403.14629
G1 X109.094 Y234.302 E403.27448
G1 X109.056 Y234.312 E403.27579
G1 X105.337 Y235.13 E403.40244
G1 X101.505 Y235.548 E403.53065
G1 X97.652 Y235.549 E403.6588
G1 X96.847 Y235.465 E403.68572
G1 X93.821 Y235.135 E403.78696
G1 X93.22 Y235.005 E403.80741
G1 X90.063 Y234.31 E403.91493
G1 X89.669 Y234.18 E403.92873
G1 X86.409 Y233.08 E404.04316
G1 X86.197 Y232.986 E404.05088
G1 X82.913 Y231.467 E404.17122
G1 X82.859 Y231.438 E404.17326
G1 X79.613 Y229.484 E404.29928
G1 X79.559 Y229.447 E404.30145
G1 X76.54 Y227.152 E404.42758
G1 X76.491 Y227.11 E404.42973
G1 X73.739 Y224.505 E404.55577
G1 X73.694 Y224.458 E404.55793
G1 X71.241 Y221.57 E404.68396
G1 X71.202 Y221.518 E404.68612
G1 X69.05 Y218.34 E404.81378
G1 X67.266 Y214.978 E404.94036
G1 X67.239 Y214.919 E404.94252
G1 X65.823 Y211.359 E405.06995
G1 X64.802 Y207.685 E405.19678
G1 X64.788 Y207.622 E405.19893
G1 X64.17 Y203.845 E405.32622
G1 X63.963 Y200.034 E405.45316
M204 S3000
M205 X10 Y10
G0 F6000 X63.854 Y200.039
G0 X62.323 Y198.083
G0 X62.214 Y198.077
M204 S1800
M205 X8 Y8
G1 F3000 X62.214 Y201.925 E405.58115
G1 X62.611 Y205.754 E405.70918
G1 X63.396 Y209.512 E405.83687
G1 X64.568 Y213.193 E405.96536
G1 X66.111 Y216.721 E406.09343
G1 X67.497 Y219.171 E406.18705
G1 X68.007 Y220.071 E406.22146
G1 X70.238 Y223.21 E406.34955
G1 X72.778 Y226.101 E406.47754
G1 X75.274 Y228.41 E406.59063
G1 X75.647 Y228.75 E406.60742
G1 X78.481 Y230.874 E406.72521
G1 X78.727 Y231.052 E406.73531
G1 X81.934 Y232.98 E406.85977
G1 X82.161 Y233.091 E406.86818
G1 X85.477 Y234.643 E406.98995
G1 X89.125 Y235.914 E407.11843
G1 X92.861 Y236.792 E407.24608
G1 X93.465 Y236.87 E407.26634
G1 X96.678 Y237.287 E407.3741
G1 X100.525 Y237.386 E407.50209
G1 X104.363 Y237.089 E407.63012
G1 X108.152 Y236.398 E407.75823
G1 X111.836 Y235.326 E407.88584
G1 X113.32 Y234.723 E407.93912
G1 X115.416 Y233.872 E408.01436
G1 X118.816 Y232.061 E408.14248
G1 X122.011 Y229.913 E408.27053
G1 X124.966 Y227.447 E408.39854
G1 X127.655 Y224.688 E408.52668
G1 X130.044 Y221.668 E408.65476
G1 X132.109 Y218.421 E408.78274
G1 X133.832 Y214.975 E408.91088
G1 X135.196 Y211.359 E409.03942
G1 X136.039 Y208.149 E409.14981
G1 X136.171 Y207.649 E409.16701
G1 X136.763 Y203.843 E409.29512
G1 X136.961 Y199.998 E409.42317
G1 X136.764 Y196.155 E409.55116
G1 X136.171 Y192.35 E409.67924
G1 X135.193 Y188.641 E409.80682
G1 X133.832 Y185.023 E409.93539
G1 X132.11 Y181.579 E410.06346
G1 X130.044 Y178.332 E410.19146
G1 X127.653 Y175.31 E410.31963
G1 X124.966 Y172.553 E410.44767
G1 X122.009 Y170.085 E410.57578
G1 X118.816 Y167.939 E410.70374
G1 X115.416 Y166.128 E410.83186
G1 X111.836 Y164.67 E410.96043
G1 X108.152 Y163.603 E411.088
G1 X104.363 Y162.912 E411.2161
G1 X100.525 Y162.615 E411.34413
G1 X97.485 Y162.691 E411.44527
G1 X96.678 Y162.713 E411.47212
G1 X92.861 Y163.207 E411.60014
G1 X89.678 Y163.959 E411.70892
G1 X89.126 Y164.089 E411.72778
G1 X85.477 Y165.357 E411.85626
G1 X81.987 Y166.99 E411.98442
G1 X78.688 Y168.971 E412.11241
G1 X75.612 Y171.279 E412.24031
G1 X72.778 Y173.899 E412.36868
G1 X70.238 Y176.79 E412.49668
G1 X68.007 Y179.929 E412.62476
G1 X66.111 Y183.279 E412.75279
G1 X64.568 Y186.808 E412.8809
G1 X64.184 Y188.01 E412.92287
G1 X63.392 Y190.488 E413.00939
G1 X62.611 Y194.246 E413.13706
G1 X62.441 Y195.889 E413.19199
G1 X62.214 Y198.077 E413.26516
M204 S3000
M205 X10 Y10
G0 F6000 X62.614 Y198.097
M204 S1800
M205 X8 Y8
G1 F3000 X62.614 Y201.905 E413.39181
G1 X63.007 Y205.692 E413.51844
G1 X63.471 Y207.924 E413.59427
G1 X63.492 Y208.016 E413.59741
G1 X63.783 Y209.41 E413.64477
G1 X64.943 Y213.051 E413.77187
G1 X65.985 Y215.434 E413.85837
G1 X66.469 Y216.542 E413.89859
G1 X67.846 Y218.974 E413.99154
G1 X68.345 Y219.856 E414.02525
G1 X70.077 Y222.293 E414.12469
G1 X70.552 Y222.961 E414.15195
G1 X72.653 Y225.353 E414.25784
G1 X73.065 Y225.821 E414.27858
G1 X75.546 Y228.117 E414.39101
G1 X75.887 Y228.43 E414.40641
G1 X78.721 Y230.554 E414.5242
G1 X78.933 Y230.71 E414.53295
G1 X82.139 Y232.638 E414.65738
G1 X82.33 Y232.729 E414.66442
G1 X85.628 Y234.272 E414.78552
G1 X89.237 Y235.529 E414.91263
G1 X89.748 Y235.652 E414.93011
G1 X89.77 Y235.654 E414.93085
G1 X92.933 Y236.397 E415.03891
G1 X93.517 Y236.473 E415.0585
G1 X96.709 Y236.887 E415.16556
G1 X97.618 Y236.913 E415.1958
G1 X97.656 Y236.912 E415.19707
G1 X100.515 Y236.985 E415.29219
G1 X101.495 Y236.91 E415.32488
G1 X104.312 Y236.692 E415.41885
G1 X105.473 Y236.479 E415.45811
G1 X108.06 Y236.008 E415.54557
G1 X111.705 Y234.947 E415.67183
G1 X113.169 Y234.353 E415.72438
G1 X115.246 Y233.509 E415.79895
G1 X118.61 Y231.718 E415.92571
G1 X121.77 Y229.592 E416.05238
G1 X124.694 Y227.153 E416.17903
G1 X127.354 Y224.423 E416.3058
G1 X129.717 Y221.436 E416.43248
G1 X131.76 Y218.224 E416.55909
G1 X133.464 Y214.814 E416.68588
G1 X134.814 Y211.237 E416.81304
G1 X135.779 Y207.567 E416.93925
G1 X136.365 Y203.801 E417.06602
G1 X136.56 Y199.998 E417.19267
G1 X136.367 Y196.223 E417.31839
G1 X136.319 Y195.898 E417.32932
G1 X135.779 Y192.432 E417.44599
G1 X134.812 Y188.763 E417.57219
G1 X133.464 Y185.183 E417.69942
G1 X131.761 Y181.776 E417.82611
G1 X129.717 Y178.564 E417.95274
G1 X127.352 Y175.574 E418.07953
G1 X124.694 Y172.847 E418.20619
G1 X121.768 Y170.406 E418.33293
G1 X118.61 Y168.282 E418.45951
G1 X116.941 Y167.394 E418.52239
G1 X115.246 Y166.491 E418.58627
G1 X113.255 Y165.678 E418.6578
G1 X113.17 Y165.646 E418.66082
G1 X111.705 Y165.049 E418.71343
G1 X109.53 Y164.419 E418.78875
G1 X108.06 Y163.993 E418.83965
G1 X104.312 Y163.309 E418.96637
G1 X101.654 Y163.103 E419.05504
G1 X100.515 Y163.015 E419.09304
G1 X96.709 Y163.112 E419.21967
G1 X93.676 Y163.505 E419.32139
G1 X92.96 Y163.598 E419.3454
G1 X92.908 Y163.607 E419.34716
G1 X89.238 Y164.474 E419.47258
G1 X85.627 Y165.728 E419.59972
G1 X82.175 Y167.343 E419.72648
G1 X78.911 Y169.303 E419.85311
G1 X75.869 Y171.586 E419.97961
G1 X73.065 Y174.179 E420.10663
G1 X70.552 Y177.039 E420.23326
G1 X70.17 Y177.576 E420.25518
G1 X68.345 Y180.144 E420.35997
G1 X66.47 Y183.458 E420.48661
G1 X66.05 Y184.418 E420.52146
G1 X64.943 Y186.949 E420.61334
G1 X64.566 Y188.132 E420.65464
G1 X63.78 Y190.59 E420.74047
G1 X63.49 Y191.984 E420.78783
G1 X63.007 Y194.307 E420.86674
G1 X62.614 Y198.097 E420.99347
M204 S3000
M205 X10 Y10
G0 F6000 X63.564 Y199.946
M204 S1800
M205 X8 Y8
G1 F3000 X63.772 Y196.114 E421.12111
G1 X64.039 Y194.471 E421.17648
G1 X64.401 Y192.272 E421.2506
G1 X64.416 Y192.208 E421.25279
G1 X65.442 Y188.519 E421.38014
G1 X65.465 Y188.453 E421.38247
G1 X66.88 Y184.903 E421.50957
G1 X66.913 Y184.835 E421.51209
G1 X68.702 Y181.463 E421.63905
G1 X69.208 Y180.71 E421.66922
G1 X70.883 Y178.239 E421.76851
G1 X71.345 Y177.689 E421.7924
G1 X73.4 Y175.271 E421.89794
G1 X73.779 Y174.905 E421.91547
G1 X76.225 Y172.591 E422.02746
G1 X76.498 Y172.378 E422.03898
G1 X79.322 Y170.231 E422.15697
G1 X79.449 Y170.148 E422.16201
G1 X82.661 Y168.214 E422.28671
G1 X82.748 Y168.169 E422.28997
G1 X86.186 Y166.579 E422.41596
G1 X86.287 Y166.539 E422.41957
G1 X89.881 Y165.327 E422.54572
G1 X89.985 Y165.297 E422.54932
G1 X93.683 Y164.483 E422.67526
G1 X93.79 Y164.466 E422.67887
G1 X97.559 Y164.056 E422.80496
G1 X97.668 Y164.051 E422.80859
G1 X101.458 Y164.051 E422.93465
G1 X101.567 Y164.056 E422.93828
G1 X105.337 Y164.466 E423.06441
G1 X105.444 Y164.484 E423.06802
G1 X109.142 Y165.298 E423.19396
G1 X109.246 Y165.327 E423.19755
G1 X112.839 Y166.539 E423.32367
G1 X112.939 Y166.579 E423.32725
G1 X116.377 Y168.168 E423.45322
G1 X116.473 Y168.219 E423.45684
G1 X119.72 Y170.173 E423.58288
G1 X119.81 Y170.234 E423.58649
G1 X122.865 Y172.557 E423.71414
G1 X122.912 Y172.599 E423.71624
G1 X125.69 Y175.23 E423.8435
G1 X125.736 Y175.281 E423.84578
G1 X128.213 Y178.197 E423.97304
G1 X130.398 Y181.415 E424.10241
G1 X132.212 Y184.833 E424.23111
G1 X132.515 Y185.579 E424.25789
G1 X133.66 Y188.452 E424.36076
G1 X133.833 Y189.054 E424.38159
G1 X134.713 Y192.22 E424.49088
G1 X134.782 Y192.616 E424.50425
G1 X135.347 Y196.06 E424.62033
G1 X135.363 Y196.274 E424.62747
G1 X135.563 Y199.946 E424.74978
G1 X135.563 Y200.054 E424.75337
G1 X135.358 Y203.837 E424.87938
G1 X135.346 Y203.944 E424.88296
G1 X134.733 Y207.686 E425.00908
G1 X134.709 Y207.792 E425.01269
G1 X133.697 Y211.444 E425.13874
G1 X133.661 Y211.547 E425.14237
G1 X132.259 Y215.066 E425.26836
G1 X132.214 Y215.166 E425.272
G1 X130.438 Y218.514 E425.39806
G1 X130.382 Y218.606 E425.40164
G1 X128.256 Y221.743 E425.52768
G1 X128.191 Y221.829 E425.53126
G1 X125.738 Y224.717 E425.65729
G1 X125.662 Y224.795 E425.66091
G1 X122.866 Y227.444 E425.78902
G1 X119.81 Y229.766 E425.91667
G1 X119.72 Y229.827 E425.92029
G1 X116.43 Y231.806 E426.04799
G1 X114.805 Y232.559 E426.10756
G1 X112.896 Y233.44 E426.17749
G1 X112.839 Y233.461 E426.17951
G1 X109.206 Y234.686 E426.30702
G1 X109.142 Y234.702 E426.30922
G1 X105.409 Y235.523 E426.43635
G1 X105.337 Y235.534 E426.43877
G1 X101.536 Y235.947 E426.56593
G1 X100.502 Y235.949 E426.60032
G1 X97.642 Y235.949 E426.69545
G1 X96.804 Y235.863 E426.72347
G1 X93.769 Y235.531 E426.82501
G1 X93.134 Y235.397 E426.8466
G1 X89.972 Y234.699 E426.9543
G1 X89.541 Y234.56 E426.96936
G1 X86.277 Y233.458 E427.08394
G1 X86.029 Y233.348 E427.09297
G1 X82.743 Y231.829 E427.21337
G1 X82.653 Y231.781 E427.21676
G1 X79.406 Y229.827 E427.34281
G1 X79.317 Y229.765 E427.34642
G1 X76.298 Y227.47 E427.47255
G1 X76.216 Y227.401 E427.47611
G1 X73.464 Y224.796 E427.60215
G1 X73.389 Y224.717 E427.60577
G1 X70.936 Y221.829 E427.7318
G1 X70.87 Y221.743 E427.7354
G1 X69.209 Y219.289 E427.83396
G1 X68.744 Y218.606 E427.86144
G1 X68.689 Y218.513 E427.86504
G1 X66.913 Y215.165 E427.99109
G1 X66.867 Y215.067 E427.99469
G1 X65.465 Y211.546 E428.12074
G1 X65.43 Y211.444 E428.12433
G1 X64.416 Y207.792 E428.25039
G1 X64.393 Y207.686 E428.254
G1 X63.772 Y203.886 E428.38206
G1 X63.564 Y200.056 E428.50964
G1 X63.564 Y199.946 E428.5133
M204 S3000
M205 X10 Y10
G0 F6000 X63.089 Y200.015
M204 S1800
M205 X8 Y8
;TYPE:SKIN
G1 F793.4 X63.105 Y200.63 E428.54424
G1 F751.2 X63.121 Y201.245 E428.57693
G1 F713.2 X63.138 Y201.86 E428.61136
G1 F709 X63.178 Y202.374 E428.64038
G1 F737.3 X63.218 Y202.889 E428.66834
G1 F768 X63.259 Y203.403 E428.69514
G1 F801.3 X63.299 Y203.918 E428.72087
G1 F819.1 X63.303 Y203.95 E428.72244
G1 F797.3 X63.376 Y204.498 E428.75011
G1 F754.7 X63.449 Y205.046 E428.77935
G1 F717.5 X63.522 Y205.595 E428.81016
G1 F713.2 X63.624 Y206.148 E428.84163
G1 F740.7 X63.727 Y206.702 E428.87199
G1 F770.5 X63.83 Y207.256 E428.90118
G1 F802.7 X63.933 Y207.81 E428.9292
G1 F817.7 X63.939 Y207.842 E428.93079
G1 F784.3 X64.109 Y208.544 E428.96754
G1 F727.3 X64.28 Y209.247 E429.00725
G1 F714.3 X64.456 Y209.84 E429.04181
G1 F740.7 X64.633 Y210.433 E429.07516
G1 F768 X64.809 Y211.027 E429.10735
G1 F798.7 X64.986 Y211.62 E429.13828
G1 F812.2 X64.996 Y211.65 E429.13983
G1 F780.5 X65.21 Y212.25 E429.17241
G1 F726.2 X65.425 Y212.851 E429.20749
G1 F711.1 X65.627 Y213.336 E429.23698
G1 F730.6 X65.83 Y213.822 E429.26575
G1 F750 X66.033 Y214.307 E429.29373
G1 F771.7 X66.235 Y214.793 E429.32095
G1 F794.7 X66.438 Y215.278 E429.34736
G1 F805.4 X66.451 Y215.308 E429.34898
G1 F779.2 X66.689 Y215.801 E429.37702
G1 F730.6 X66.928 Y216.295 E429.407
G1 F716.4 X67.198 Y216.789 E429.43836
G1 F732.8 X67.468 Y217.283 E429.46902
G1 F750 X67.738 Y217.777 E429.49898
G1 F769.2 X68.008 Y218.271 E429.52819
G1 F788.2 X68.278 Y218.765 E429.5567
G1 F752.4 X68.773 Y219.564 E429.60656
G1 F718.6 X69.058 Y219.975 E429.63434
G1 F730.6 X69.343 Y220.387 E429.66171
G1 F744.2 X69.629 Y220.799 E429.68861
G1 F757.1 X69.914 Y221.211 E429.71502
G1 F770.5 X70.2 Y221.623 E429.741
G1 F785.6 X70.485 Y222.034 E429.76641
G1 F755.9 X70.955 Y222.643 E429.80703
G1 F728.4 X71.3 Y223.043 E429.83597
G1 F737.3 X71.646 Y223.443 E429.8646
G1 F746.5 X71.992 Y223.844 E429.89292
G1 F757.1 X72.338 Y224.244 E429.9208
G1 F766.8 X72.684 Y224.644 E429.94833
G1 F776.7 X73.03 Y225.045 E429.97554
G1 F755.9 X73.43 Y225.465 E430.00617
G1 F735.1 X73.84 Y225.849 E430.03667
G1 F740.7 X74.25 Y226.233 E430.06694
G1 F747.7 X74.66 Y226.617 E430.09692
G1 F753.5 X75.07 Y227.002 E430.12671
G1 F759.5 X75.48 Y227.386 E430.15624
G1 F766.8 X75.89 Y227.77 E430.18548
G1 F750 X76.182 Y228.015 E430.20576
G1 F733.9 X76.587 Y228.321 E430.23336
G1 F738.5 X76.992 Y228.628 E430.26083
G1 F743 X77.397 Y228.934 E430.2881
G1 F746.5 X77.802 Y229.241 E430.31527
G1 F751.2 X78.207 Y229.547 E430.34224
G1 F755.9 X78.612 Y229.854 E430.36907
G1 F760.7 X79.017 Y230.16 E430.3957
G1 F757.1 X79.19 Y230.279 E430.40677
G1 F752.4 X82.384 Y232.203 E430.60458
G1 F758.3 X82.541 Y232.281 E430.61381
G1 F763.1 X83.007 Y232.497 E430.64067
G1 F760.7 X83.473 Y232.714 E430.66764
G1 F758.3 X83.939 Y232.931 E430.6947
G1 F754.7 X84.405 Y233.148 E430.72189
G1 F752.4 X84.871 Y233.364 E430.74913
G1 F750 X85.337 Y233.581 E430.77649
G1 F747.7 X85.804 Y233.798 E430.80398
G1 F760.7 X86.144 Y233.93 E430.82312
G1 F772.9 X86.683 Y234.115 E430.85254
G1 F765.6 X87.222 Y234.3 E430.88225
G1 F758.3 X87.761 Y234.485 E430.91225
G1 F751.2 X88.3 Y234.67 E430.94252
G1 F744.2 X88.839 Y234.856 E430.9731
G1 F737.3 X89.378 Y235.041 E431.00395
G1 F754.7 X89.876 Y235.181 E431.03131
G1 F779.2 X89.881 Y235.18 E431.03157
G1 F778 X90.401 Y235.298 E431.05893
G1 F769.2 X90.922 Y235.416 E431.08664
G1 F760.7 X91.443 Y235.534 E431.11467
G1 F752.4 X91.964 Y235.653 E431.14302
G1 F744.2 X92.485 Y235.771 E431.17167
G1 F736.2 X93.006 Y235.889 E431.20063
G1 F759.5 X93.593 Y235.992 E431.23195
G1 F793.4 X93.736 Y236.013 E431.23922
G1 F790.8 X94.235 Y236.072 E431.26458
G1 F776.7 X94.734 Y236.132 E431.29041
G1 F763.1 X95.234 Y236.192 E431.31675
G1 F750 X95.733 Y236.251 E431.34349
G1 F737.3 X96.233 Y236.311 E431.37075
G1 F725.1 X96.732 Y236.371 E431.39841
G1 F755.9 X97.521 Y236.424 E431.44017
G1 F798.7 X97.637 Y236.429 E431.44597
G1 F790.8 X98.207 Y236.436 E431.47474
G1 F771.7 X98.777 Y236.443 E431.50422
G1 F752.4 X99.347 Y236.451 E431.53446
G1 F735.1 X99.917 Y236.458 E431.56542
G1 F718.6 X100.487 Y236.466 E431.59708
G1 F731.7 X101.029 Y236.445 E431.62667
G1 F779.2 X101.573 Y236.424 E431.65455
G1 F806.7 X101.58 Y236.422 E431.65491
G1 F797.3 X102.108 Y236.373 E431.68145
G1 F774.2 X102.637 Y236.324 E431.70884
G1 F752.4 X103.166 Y236.275 E431.73703
G1 F732.8 X103.695 Y236.226 E431.76596
G1 F713.2 X104.224 Y236.177 E431.79569
G1 F728.4 X104.849 Y236.085 E431.83031
G1 F783 X105.474 Y235.994 E431.8625
G1 F812.2 X105.506 Y235.989 E431.86409
G1 F796 X106.109 Y235.868 E431.89493
G1 F766.8 X106.713 Y235.746 E431.927
G1 F739.6 X107.317 Y235.625 E431.96025
G1 F714.3 X107.921 Y235.503 E431.99468
G1 F728.4 X108.621 Y235.325 E432.03425
G1 F786.9 X109.322 Y235.146 E432.07095
G1 F819.1 X109.353 Y235.137 E432.07252
G1 F802.7 X109.89 Y234.969 E432.1005
G1 F770.5 X110.427 Y234.8 E432.12967
G1 F740.7 X110.964 Y234.632 E432.15998
G1 F713.2 X111.502 Y234.463 E432.19154
G1 F717.5 X112.021 Y234.271 E432.22232
G1 F754.7 X112.54 Y234.078 E432.25161
G1 F797.3 X113.06 Y233.885 E432.27937
G1 F817.7 X113.09 Y233.873 E432.28095
G1 F800 X113.569 Y233.666 E432.30698
G1 F768 X114.048 Y233.458 E432.33412
G1 F738.5 X114.527 Y233.25 E432.36234
G1 F711.1 X115.006 Y233.042 E432.39165
G1 F716.4 X115.55 Y232.772 E432.42549
G1 F754.7 X116.095 Y232.501 E432.45768
G1 F798.7 X116.64 Y232.23 E432.48809
G1 F821.9 X116.668 Y232.215 E432.48964
G1 F798.7 X117.219 Y231.903 E432.52128
G1 F755.9 X117.771 Y231.59 E432.55478
G1 F717.5 X118.323 Y231.277 E432.59008
G1 F713.2 X118.746 Y231.007 E432.61817
G1 F739.6 X119.169 Y230.738 E432.64522
G1 F769.2 X119.592 Y230.469 E432.67123
G1 F800 X120.015 Y230.2 E432.69624
G1 F816.3 X120.041 Y230.182 E432.69778
G1 F794.7 X120.507 Y229.849 E432.72655
G1 F753.5 X120.974 Y229.516 E432.75693
G1 F717.5 X121.441 Y229.183 E432.78883
G1 F713.2 X121.87 Y228.841 E432.81954
G1 F741.9 X122.3 Y228.499 E432.84909
G1 F771.7 X122.73 Y228.157 E432.87751
G1 F805.4 X123.16 Y227.815 E432.90474
G1 F821.9 X123.184 Y227.795 E432.90625
G1 F800 X123.564 Y227.457 E432.93163
G1 F759.5 X123.945 Y227.119 E432.95839
G1 F722.9 X124.325 Y226.781 E432.98647
G1 F718.6 X124.75 Y226.362 E433.01962
G1 F745.3 X125.175 Y225.943 E433.05158
G1 F772.9 X125.601 Y225.524 E433.08243
G1 F804 X126.026 Y225.105 E433.11206
G1 F817.7 X126.047 Y225.084 E433.11351
G1 F785.6 X126.498 Y224.588 E433.14757
G1 F730.6 X126.95 Y224.092 E433.18423
G1 F715.4 X127.276 Y223.695 E433.21289
G1 F735.1 X127.602 Y223.298 E433.24078
G1 F755.9 X127.929 Y222.901 E433.26794
G1 F778 X128.255 Y222.503 E433.29433
G1 F801.3 X128.581 Y222.106 E433.31992
G1 F813.6 X128.602 Y222.079 E433.3216
G1 F785.6 X128.943 Y221.614 E433.35089
G1 F733.9 X129.284 Y221.149 E433.38225
G1 F719.6 X129.586 Y220.689 E433.41277
G1 F737.3 X129.889 Y220.229 E433.44259
G1 F755.9 X130.192 Y219.768 E433.47171
G1 F776.7 X130.494 Y219.308 E433.49999
G1 F797.3 X130.797 Y218.847 E433.5276
G1 F759.5 X131.302 Y217.983 E433.5802
G1 F724 X131.572 Y217.46 E433.61264
G1 F739.6 X131.842 Y216.937 E433.64441
G1 F755.9 X132.112 Y216.413 E433.67553
G1 F772.9 X132.382 Y215.89 E433.70592
G1 F790.8 X132.653 Y215.366 E433.7357
G1 F758.3 X132.994 Y214.607 E433.77949
G1 F726.2 X133.181 Y214.124 E433.80796
G1 F737.3 X133.369 Y213.64 E433.83607
G1 F748.8 X133.557 Y213.156 E433.86374
G1 F759.5 X133.745 Y212.672 E433.89103
G1 F771.7 X133.933 Y212.188 E433.91788
G1 F784.3 X134.121 Y211.705 E433.94426
G1 F758.3 X134.327 Y211.083 E433.97874
G1 F733.9 X134.47 Y210.554 E434.00854
G1 F740.7 X134.614 Y210.024 E434.03814
G1 F748.8 X134.757 Y209.494 E434.0674
G1 F757.1 X134.901 Y208.964 E434.09635
G1 F764.3 X135.044 Y208.434 E434.12501
G1 F772.9 X135.188 Y207.904 E434.15337
G1 F754.7 X135.277 Y207.48 E434.17628
G1 F737.3 X135.356 Y206.985 E434.20342
G1 F741.9 X135.436 Y206.489 E434.23045
G1 F747.7 X135.515 Y205.993 E434.25726
G1 F752.4 X135.595 Y205.498 E434.28386
G1 F758.3 X135.675 Y205.002 E434.3103
G1 F764.3 X135.754 Y204.506 E434.33653
G1 F769.2 X135.834 Y204.011 E434.36255
G1 F758.3 X135.861 Y203.767 E434.37547
G1 F746.5 X135.889 Y203.24 E434.40368
G1 F748.8 X135.917 Y202.713 E434.43181
G1 F751.2 X135.945 Y202.186 E434.45985
G1 F753.5 X135.974 Y201.658 E434.48786
G1 F755.9 X136.002 Y201.131 E434.51573
G1 F758.3 X136.03 Y200.604 E434.5435
G1 F760.7 X136.059 Y200.077 E434.5712
G1 F761.9 X136.059 Y199.92 E434.57942
G1 F760.7 X136.032 Y199.398 E434.60685
G1 F758.3 X136.004 Y198.876 E434.63436
G1 F755.9 X135.977 Y198.354 E434.66196
G1 F753.5 X135.949 Y197.831 E434.6897
G1 F751.2 X135.922 Y197.309 E434.71747
G1 F748.8 X135.894 Y196.787 E434.74534
G1 F746.5 X135.866 Y196.265 E434.77328
G1 F758.3 X135.832 Y195.976 E434.7886
G1 F768 X135.741 Y195.406 E434.8186
G1 F760.7 X135.649 Y194.835 E434.84894
G1 F753.5 X135.557 Y194.264 E434.87958
G1 F745.3 X135.466 Y193.693 E434.91054
G1 F738.5 X135.374 Y193.122 E434.9418
G1 F731.7 X135.282 Y192.551 E434.97335
G1 F753.5 X135.182 Y192.087 E434.99849
G1 F776.7 X135.04 Y191.561 E435.02648
G1 F766.8 X134.897 Y191.035 E435.05486
G1 F757.1 X134.755 Y190.509 E435.08358
G1 F747.7 X134.612 Y189.983 E435.11268
G1 F738.5 X134.469 Y189.457 E435.14214
G1 F729.5 X134.327 Y188.931 E435.17195
G1 F757.1 X134.121 Y188.297 E435.20709
G1 F794.7 X134.117 Y188.292 E435.20741
G1 F790.8 X133.931 Y187.811 E435.23344
G1 F775.4 X133.744 Y187.33 E435.26
G1 F761.9 X133.558 Y186.849 E435.28702
G1 F748.8 X133.371 Y186.368 E435.31453
G1 F735.1 X133.184 Y185.887 E435.34255
G1 F722.9 X132.998 Y185.406 E435.37102
G1 F754.7 X132.638 Y184.608 E435.41732
G1 F788.2 X132.375 Y184.097 E435.44642
G1 F770.5 X132.112 Y183.586 E435.47619
G1 F752.4 X131.848 Y183.075 E435.5067
G1 F736.2 X131.585 Y182.564 E435.53786
G1 F720.7 X131.321 Y182.053 E435.56971
G1 F732.8 X131.061 Y181.605 E435.59792
G1 F778 X130.801 Y181.156 E435.62454
G1 F805.4 X130.795 Y181.15 E435.62496
G1 F797.3 X130.497 Y180.697 E435.6521
G1 F775.4 X130.199 Y180.243 E435.68006
G1 F753.5 X129.9 Y179.789 E435.70885
G1 F733.9 X129.602 Y179.335 E435.73838
G1 F715.4 X129.303 Y178.881 E435.76871
G1 F729.5 X128.938 Y178.384 E435.80245
G1 F781.8 X128.574 Y177.887 E435.8339
G1 F812.2 X128.554 Y177.862 E435.83547
G1 F798.7 X128.159 Y177.38 E435.86662
G1 F770.5 X127.763 Y176.897 E435.89897
G1 F743 X127.367 Y176.415 E435.93248
G1 F718.6 X126.971 Y175.932 E435.96717
G1 F730.6 X126.507 Y175.422 E436.00484
G1 F785.6 X126.041 Y174.91 E436.04001
G1 F816.3 X126.019 Y174.887 E436.04157
G1 F800 X125.602 Y174.476 E436.07078
G1 F769.2 X125.184 Y174.065 E436.10119
G1 F739.6 X124.767 Y173.654 E436.13279
G1 F713.2 X124.349 Y173.243 E436.1656
G1 F716.4 X123.947 Y172.887 E436.19551
G1 F752.4 X123.544 Y172.529 E436.22411
G1 F792.1 X123.141 Y172.171 E436.25127
G1 F813.6 X123.117 Y172.151 E436.2528
G1 F797.3 X122.705 Y171.823 E436.27916
G1 F766.8 X122.293 Y171.495 E436.30657
G1 F737.3 X121.881 Y171.166 E436.33511
G1 F711.1 X121.468 Y170.838 E436.36472
G1 F715.4 X120.992 Y170.498 E436.39735
G1 F752.4 X120.517 Y170.158 E436.42834
G1 F794.7 X120.042 Y169.818 E436.45768
G1 F816.3 X120.015 Y169.8 E436.45927
G1 F794.7 X119.462 Y169.448 E436.49219
G1 F753.5 X118.909 Y169.095 E436.52694
G1 F717.5 X118.356 Y168.743 E436.5634
G1 X117.792 Y168.423 E436.59947
G1 F755.9 X117.227 Y168.102 E436.63379
G1 F798.7 X116.662 Y167.782 E436.66623
G1 F820.5 X116.633 Y167.766 E436.66785
G1 F797.3 X116.102 Y167.502 E436.69753
G1 F755.9 X115.57 Y167.238 E436.72889
G1 F719.6 X115.038 Y166.973 E436.76185
G1 F714.3 X114.551 Y166.762 E436.79151
G1 F740.7 X114.063 Y166.55 E436.82018
G1 F768 X113.575 Y166.338 E436.84783
G1 F798.7 X113.087 Y166.126 E436.87442
G1 F813.6 X113.059 Y166.114 E436.87591
G1 F790.8 X112.551 Y165.925 E436.90327
G1 F748.8 X112.043 Y165.736 E436.93216
G1 F711.1 X111.535 Y165.547 E436.96258
G1 F706.9 X110.988 Y165.375 E436.99495
G1 F735.1 X110.441 Y165.204 E437.02607
G1 F764.3 X109.894 Y165.032 E437.05601
G1 F797.3 X109.347 Y164.861 E437.0847
G1 F812.2 X109.317 Y164.852 E437.08624
G1 F781.8 X108.637 Y164.679 E437.12206
G1 F729.5 X107.957 Y164.506 E437.16045
G1 F717.5 X107.352 Y164.384 E437.19478
G1 F741.9 X106.746 Y164.261 E437.22805
G1 F768 X106.14 Y164.139 E437.26018
G1 F796 X105.535 Y164.016 E437.29113
G1 F809.4 X105.388 Y163.991 E437.29848
G1 F781.8 X104.825 Y163.909 E437.32753
G1 F733.9 X104.262 Y163.827 E437.35847
G1 F720.7 X103.727 Y163.778 E437.38822
G1 F738.5 X103.191 Y163.728 E437.41732
G1 F757.1 X102.655 Y163.678 E437.44569
G1 F776.7 X102.119 Y163.628 E437.47336
G1 F797.3 X101.583 Y163.579 E437.5003
G1 F806.7 X101.55 Y163.576 E437.50194
G1 F780.5 X101.033 Y163.556 E437.5284
G1 F733.9 X100.516 Y163.535 E437.55653
G1 F720.7 X99.941 Y163.542 E437.58838
G1 F736.2 X99.365 Y163.549 E437.61961
G1 F752.4 X98.789 Y163.556 E437.65017
G1 F770.5 X98.213 Y163.563 E437.68001
G1 F788.2 X97.637 Y163.57 E437.70918
G1 F752.4 X96.766 Y163.627 E437.75548
G1 F718.6 X96.262 Y163.686 E437.78367
G1 F730.6 X95.757 Y163.746 E437.81145
G1 F744.2 X95.253 Y163.805 E437.83867
G1 F757.1 X94.748 Y163.865 E437.86548
G1 F770.5 X94.244 Y163.925 E437.89177
G1 F785.6 X93.739 Y163.984 E437.9176
G1 F758.3 X93.025 Y164.105 E437.95572
G1 F731.7 X92.499 Y164.225 E437.98515
G1 F740.7 X91.972 Y164.345 E438.01427
G1 F750 X91.446 Y164.465 E438.04298
G1 F759.5 X90.919 Y164.585 E438.07138
G1 F769.2 X90.393 Y164.705 E438.09937
G1 F779.2 X89.866 Y164.825 E438.12706
G1 F758.3 X89.399 Y164.958 E438.15262
G1 F737.3 X88.856 Y165.143 E438.18367
G1 F743 X88.313 Y165.328 E438.21448
G1 F750 X87.769 Y165.513 E438.24506
G1 F755.9 X87.226 Y165.698 E438.27535
G1 F761.9 X86.682 Y165.883 E438.30545
G1 F769.2 X86.139 Y166.068 E438.33521
G1 F758.3 X85.817 Y166.196 E438.35345
G1 F746.5 X85.27 Y166.45 E438.3857
G1 F748.8 X84.722 Y166.705 E438.41791
G1 F751.2 X84.174 Y166.959 E438.45
G1 F753.5 X83.626 Y167.214 E438.48202
G1 F755.9 X83.078 Y167.468 E438.51391
G1 F758.3 X82.53 Y167.723 E438.54572
G1 X82.394 Y167.794 E438.5538
G1 F755.9 X81.597 Y168.273 E438.6029
G1 F753.5 X80.8 Y168.752 E438.65215
G1 F751.2 X80.003 Y169.231 E438.70156
G1 F748.8 X79.206 Y169.71 E438.75112
G1 F755.9 X79.017 Y169.843 E438.76332
G1 F763.1 X78.616 Y170.146 E438.78961
G1 F759.5 X78.215 Y170.449 E438.81602
G1 F755.9 X77.813 Y170.752 E438.8426
G1 F752.4 X77.412 Y171.055 E438.86926
G1 F750 X77.01 Y171.358 E438.89605
G1 F746.5 X76.609 Y171.661 E438.92292
G1 F743 X76.207 Y171.964 E438.94996
G1 F759.5 X75.88 Y172.245 E438.97262
G1 F775.4 X75.474 Y172.624 E439.00121
G1 F765.6 X75.068 Y173.004 E439.0302
G1 F757.1 X74.661 Y173.383 E439.05952
G1 F748.8 X74.255 Y173.763 E439.08916
G1 F739.6 X73.849 Y174.142 E439.11913
G1 F731.7 X73.442 Y174.522 E439.1495
G1 F755.9 X73.029 Y174.956 E439.18113
G1 F786.9 X73.017 Y174.97 E439.18207
G1 F781.8 X72.676 Y175.366 E439.20875
G1 F769.2 X72.334 Y175.762 E439.2359
G1 F758.3 X71.992 Y176.158 E439.26344
G1 F747.7 X71.651 Y176.554 E439.29134
G1 F736.2 X71.309 Y176.95 E439.3197
G1 F726.2 X70.967 Y177.346 E439.34846
G1 F757.1 X70.504 Y177.942 E439.38825
G1 F798.7 X70.485 Y177.968 E439.38986
G1 F790.8 X70.147 Y178.456 E439.41982
G1 F772.9 X69.808 Y178.944 E439.4505
G1 F754.7 X69.47 Y179.432 E439.48189
G1 F738.5 X69.131 Y179.92 E439.51401
G1 F722.9 X68.792 Y180.408 E439.54681
G1 F755.9 X68.28 Y181.235 E439.59817
G1 F793.4 X68.013 Y181.723 E439.62615
G1 F772.9 X67.745 Y182.212 E439.65495
G1 F753.5 X67.478 Y182.7 E439.68441
G1 F736.2 X67.21 Y183.189 E439.71464
G1 F718.6 X66.943 Y183.677 E439.74554
G1 F732.8 X66.691 Y184.198 E439.77706
G1 F781.8 X66.439 Y184.721 E439.8067
G1 F797.3 X66.239 Y185.2 E439.83268
G1 F774.2 X66.039 Y185.679 E439.85944
G1 F752.4 X65.839 Y186.158 E439.88698
G1 F732.8 X65.639 Y186.637 E439.91525
G1 F713.2 X65.439 Y187.116 E439.9443
G1 F728.4 X65.214 Y187.744 E439.98085
G1 F783 X64.989 Y188.37 E440.01476
G1 F813.6 X64.979 Y188.4 E440.01631
G1 F797.3 X64.808 Y188.976 E440.04639
G1 F766.8 X64.636 Y189.553 E440.07773
G1 F738.5 X64.464 Y190.13 E440.11027
G1 F712.2 X64.292 Y190.707 E440.14401
G1 F716.4 X64.175 Y191.193 E440.17186
G1 F752.4 X64.057 Y191.68 E440.19844
G1 F792.1 X63.939 Y192.167 E440.22369
G1 F814.9 X63.932 Y192.199 E440.2253
G1 F801.3 X63.832 Y192.742 E440.2528
G1 F770.5 X63.731 Y193.286 E440.28146
G1 F743 X63.63 Y193.83 E440.31118
G1 F716.4 X63.529 Y194.373 E440.34195
G1 F721.8 X63.454 Y194.932 E440.37314
G1 F758.3 X63.379 Y195.492 E440.40287
G1 F800 X63.304 Y196.053 E440.43111
G1 F820.5 X63.3 Y196.084 E440.43263
G1 F802.7 X63.261 Y196.589 E440.45782
G1 F770.5 X63.221 Y197.095 E440.48411
G1 F740.7 X63.181 Y197.6 E440.51141
G1 F713.2 X63.141 Y198.106 E440.53981
G1 F717.5 X63.124 Y198.732 E440.57465
G1 F753.5 X63.107 Y199.357 E440.60776
G1 F794.7 X63.09 Y199.982 E440.63916
G1 F816.3 X63.089 Y200.015 E440.64078
M204 S3000
M205 X10 Y10
;MESH:NONMESH
G0 F600 X63.089 Y200.015 Z1.4
G0 F6000 X62.323 Y198.083
G0 X61.814 Y198.056
;TIME_ELAPSED:347.492971
;LAYER:6
M204 S1800
M205 X8 Y8
;TYPE:WALL-OUTER
;MESH:15_4_2.stl
G1 F3000 X61.814 Y201.946 E440.77016
G1 X62.215 Y205.816 E440.89957
G1 X63.008 Y209.614 E441.02861
G1 X64.193 Y213.334 E441.15847
G1 X65.753 Y216.9 E441.28792
G1 X67.669 Y220.286 E441.41732
G1 X69.924 Y223.458 E441.54677
G1 X72.491 Y226.381 E441.67615
G1 X75.354 Y229.03 E441.80589
G1 X78.464 Y231.361 E441.93516
G1 X81.799 Y233.364 E442.06455
G1 X85.326 Y235.014 E442.19406
G1 X89.013 Y236.299 E442.32392
G1 X92.789 Y237.186 E442.45293
G1 X96.579 Y237.677 E442.58004
G1 X97.474 Y237.708 E442.60983
G1 X100.535 Y237.786 E442.71167
G1 X104.415 Y237.486 E442.8411
G1 X108.244 Y236.788 E442.97055
G1 X111.968 Y235.704 E443.09956
G1 X115.586 Y234.235 E443.22943
G1 X119.022 Y232.405 E443.35891
G1 X122.251 Y230.233 E443.48834
G1 X125.238 Y227.741 E443.61773
G1 X127.956 Y224.952 E443.74725
G1 X130.37 Y221.9 E443.87668
G1 X132.458 Y218.619 E444.00603
G1 X134.199 Y215.135 E444.13557
G1 X135.553 Y211.544 E444.26321
G1 X135.594 Y211.416 E444.26768
G1 X136.563 Y207.731 E444.39442
G1 X137.162 Y203.884 E444.52391
G1 X137.362 Y199.998 E444.65333
G1 X137.167 Y196.182 E444.78041
G1 X137.11 Y195.776 E444.79405
G1 X136.563 Y192.268 E444.91214
G1 X135.575 Y188.519 E445.04109
G1 X134.199 Y184.863 E445.17101
G1 X132.458 Y181.381 E445.30049
G1 X130.37 Y178.1 E445.42985
G1 X127.954 Y175.046 E445.55936
G1 X125.238 Y172.259 E445.6888
G1 X122.249 Y169.765 E445.81827
G1 X119.022 Y167.595 E445.94761
G1 X115.586 Y165.765 E446.07709
G1 X113.62 Y164.965 E446.14769
G1 X111.968 Y164.292 E446.20702
G1 X108.244 Y163.213 E446.33597
G1 X104.415 Y162.514 E446.46543
G1 X100.535 Y162.214 E446.59487
G1 X96.647 Y162.313 E446.72422
G1 X92.789 Y162.813 E446.85361
G1 X89.014 Y163.705 E446.98263
G1 X85.692 Y164.858 E447.09958
G1 X85.266 Y165.014 E447.11467
G1 X81.799 Y166.636 E447.24198
G1 X78.464 Y168.639 E447.37137
G1 X75.356 Y170.971 E447.50061
G1 X72.491 Y173.619 E447.63037
G1 X69.924 Y176.542 E447.75975
G1 X67.669 Y179.714 E447.8892
G1 X65.753 Y183.1 E448.0186
G1 X64.193 Y186.666 E448.14806
G1 X63.803 Y187.888 E448.19072
G1 X63.004 Y190.386 E448.27795
G1 X62.215 Y194.184 E448.40697
G1 X61.814 Y198.056 E448.53644
M204 S3000
M205 X10 Y10
G0 F6000 X61.814 Y198.256
G0 X62.324 Y198.256
G0 X63.854 Y200.039
G0 X64.363 Y200.012
M204 S1800
M205 X8 Y8
G1 F3000 X64.568 Y196.197 E448.66351
G1 X65.185 Y192.435 E448.79031
G1 X66.204 Y188.763 E448.91705
G1 X67.613 Y185.223 E449.04378
G1 X69.407 Y181.843 E449.17105
G1 X71.546 Y178.689 E449.2978
G1 X74.014 Y175.785 E449.42456
G1 X76.768 Y173.179 E449.55067
G1 X79.801 Y170.871 E449.67743
G1 X83.066 Y168.904 E449.80421
G1 X86.543 Y167.297 E449.93161
G1 X90.157 Y166.079 E450.05845
G1 X93.873 Y165.262 E450.185
G1 X97.668 Y164.851 E450.31196
G1 X101.474 Y164.851 E450.43855
G1 X105.272 Y165.265 E450.56562
G1 X108.982 Y166.082 E450.69197
G1 X112.603 Y167.305 E450.81909
G1 X116.061 Y168.904 E450.9458
G1 X119.326 Y170.871 E451.07258
G1 X122.352 Y173.172 E451.19902
G1 X125.116 Y175.789 E451.32562
G1 X127.593 Y178.706 E451.4529
G1 X129.722 Y181.846 E451.57908
G1 X131.514 Y185.227 E451.70635
G1 X132.916 Y188.748 E451.8324
G1 X133.943 Y192.443 E451.95996
G1 X134.558 Y196.204 E452.08671
G1 X134.763 Y200.01 E452.21348
G1 X134.557 Y203.813 E452.34016
G1 X133.938 Y207.578 E452.46706
G1 X132.919 Y211.247 E452.59371
G1 X131.506 Y214.79 E452.72058
G1 X129.719 Y218.157 E452.84736
G1 X127.58 Y221.311 E452.97411
G1 X125.112 Y224.215 E453.10087
G1 X122.345 Y226.834 E453.22759
G1 X119.308 Y229.141 E453.35444
G1 X116.043 Y231.105 E453.48116
G1 X112.583 Y232.703 E453.60792
G1 X108.97 Y233.921 E453.73474
G1 X105.25 Y234.738 E453.86141
G1 X101.458 Y235.149 E453.98828
G1 X97.646 Y235.148 E454.11506
G1 X93.873 Y234.738 E454.24129
G1 X90.155 Y233.92 E454.36791
G1 X89.797 Y233.801 E454.38046
G1 X86.522 Y232.695 E454.49543
G1 X83.066 Y231.096 E454.62208
G1 X79.801 Y229.129 E454.74886
G1 X76.782 Y226.834 E454.87499
G1 X74.33 Y224.515 E454.98724
G1 X73.999 Y224.199 E455.00246
G1 X71.546 Y221.311 E455.12849
G1 X69.398 Y218.143 E455.2558
G1 X67.611 Y214.771 E455.38273
G1 X66.202 Y211.23 E455.50948
G1 X65.183 Y207.557 E455.63626
G1 X64.568 Y203.793 E455.76311
G1 X64.363 Y200.012 E455.88905
M204 S3000
M205 X10 Y10
G0 F6000 X64.373 Y199.813
G0 X63.963 Y200.034
M204 S1800
M205 X8 Y8
;TYPE:WALL-INNER
G1 F3000 X63.963 Y199.968 E455.89125
G1 X64.17 Y196.156 E456.01822
G1 X64.788 Y192.378 E456.14555
G1 X64.802 Y192.315 E456.1477
G1 X65.823 Y188.641 E456.27452
G1 X65.837 Y188.601 E456.27593
G1 X67.247 Y185.063 E456.40261
G1 X67.266 Y185.022 E456.40411
G1 X69.05 Y181.66 E456.5307
G1 X69.539 Y180.935 E456.55979
G1 X71.209 Y178.471 E456.65879
G1 X71.65 Y177.948 E456.68154
G1 X73.701 Y175.535 E456.78687
G1 X74.054 Y175.195 E456.80317
G1 X76.496 Y172.885 E456.91498
G1 X76.74 Y172.696 E456.92524
G1 X79.562 Y170.551 E457.04314
G1 X79.655 Y170.491 E457.04682
G1 X82.864 Y168.559 E457.1714
G1 X82.916 Y168.532 E457.17335
G1 X86.354 Y166.942 E457.29934
G1 X86.415 Y166.918 E457.30152
G1 X90.009 Y165.706 E457.42767
G1 X90.071 Y165.688 E457.42982
G1 X93.769 Y164.874 E457.55576
G1 X93.833 Y164.864 E457.55791
G1 X97.602 Y164.454 E457.68401
G1 X97.668 Y164.451 E457.6862
G1 X101.458 Y164.451 E457.81226
G1 X101.523 Y164.454 E457.81442
G1 X105.293 Y164.864 E457.94055
G1 X105.358 Y164.874 E457.94274
G1 X109.056 Y165.688 E458.06868
G1 X109.118 Y165.706 E458.07083
G1 X112.746 Y166.931 E458.19819
G1 X114.637 Y167.803 E458.26745
G1 X116.24 Y168.546 E458.32622
G1 X119.539 Y170.532 E458.45429
G1 X122.608 Y172.864 E458.58249
G1 X122.637 Y172.889 E458.58376
G1 X125.385 Y175.493 E458.70968
G1 X125.43 Y175.54 E458.71184
G1 X127.899 Y178.445 E458.83865
G1 X130.049 Y181.617 E458.9661
G1 X130.501 Y182.46 E458.99791
G1 X131.866 Y185.032 E459.09476
G1 X133.293 Y188.609 E459.22285
G1 X134.326 Y192.322 E459.35103
G1 X134.387 Y192.681 E459.36315
G1 X134.952 Y196.122 E459.47913
G1 X134.964 Y196.296 E459.48493
G1 X135.164 Y199.998 E459.60824
G1 X134.965 Y203.702 E459.73161
G1 X134.951 Y203.879 E459.73751
G1 X134.338 Y207.621 E459.86363
G1 X134.324 Y207.685 E459.86581
G1 X133.311 Y211.337 E459.99186
G1 X133.289 Y211.399 E459.99405
G1 X131.887 Y214.918 E460.12004
G1 X131.86 Y214.978 E460.12223
G1 X130.061 Y218.367 E460.24985
G1 X127.899 Y221.554 E460.37793
G1 X125.405 Y224.489 E460.50604
G1 X122.609 Y227.136 E460.6341
G1 X119.539 Y229.467 E460.7623
G1 X119.514 Y229.484 E460.76331
G1 X116.242 Y231.453 E460.89032
G1 X112.746 Y233.07 E461.01843
G1 X109.094 Y234.302 E461.14663
G1 X109.056 Y234.312 E461.14793
G1 X105.337 Y235.13 E461.27458
G1 X101.505 Y235.548 E461.40279
G1 X97.652 Y235.549 E461.53094
G1 X96.847 Y235.465 E461.55786
G1 X93.821 Y235.135 E461.6591
G1 X93.22 Y235.005 E461.67956
G1 X90.063 Y234.31 E461.78707
G1 X89.669 Y234.18 E461.80087
G1 X86.409 Y233.08 E461.91531
G1 X86.197 Y232.986 E461.92302
G1 X82.913 Y231.467 E462.04336
G1 X82.859 Y231.438 E462.0454
G1 X79.613 Y229.484 E462.17142
G1 X79.559 Y229.447 E462.17359
G1 X76.54 Y227.152 E462.29973
G1 X76.491 Y227.11 E462.30187
G1 X73.739 Y224.505 E462.42791
G1 X73.694 Y224.458 E462.43007
G1 X71.241 Y221.57 E462.5561
G1 X71.202 Y221.518 E462.55826
G1 X69.05 Y218.34 E462.68592
G1 X67.266 Y214.978 E462.81251
G1 X67.239 Y214.919 E462.81466
G1 X65.823 Y211.359 E462.94209
G1 X64.802 Y207.685 E463.06892
G1 X64.788 Y207.622 E463.07107
G1 X64.17 Y203.845 E463.19836
G1 X63.963 Y200.034 E463.3253
M204 S3000
M205 X10 Y10
G0 F6000 X63.854 Y200.039
G0 X62.323 Y198.083
G0 X62.214 Y198.077
M204 S1800
M205 X8 Y8
G1 F3000 X62.214 Y201.925 E463.45329
G1 X62.611 Y205.754 E463.58132
G1 X63.396 Y209.512 E463.70901
G1 X64.568 Y213.193 E463.8375
G1 X66.111 Y216.721 E463.96557
G1 X67.497 Y219.171 E464.0592
G1 X68.007 Y220.071 E464.0936
G1 X70.238 Y223.21 E464.22169
G1 X72.778 Y226.101 E464.34968
G1 X75.274 Y228.41 E464.46278
G1 X75.647 Y228.75 E464.47956
G1 X78.481 Y230.874 E464.59736
G1 X78.727 Y231.052 E464.60746
G1 X81.934 Y232.98 E464.73191
G1 X82.161 Y233.091 E464.74032
G1 X85.477 Y234.643 E464.86209
G1 X89.125 Y235.914 E464.99058
G1 X92.861 Y236.792 E465.11822
G1 X93.465 Y236.87 E465.13848
G1 X96.678 Y237.287 E465.24624
G1 X100.525 Y237.386 E465.37423
G1 X104.363 Y237.089 E465.50227
G1 X108.152 Y236.398 E465.63037
G1 X111.836 Y235.326 E465.75798
G1 X113.32 Y234.723 E465.81126
G1 X115.416 Y233.872 E465.8865
G1 X118.816 Y232.061 E466.01462
G1 X122.011 Y229.913 E466.14267
G1 X124.966 Y227.447 E466.27068
G1 X127.655 Y224.688 E466.39882
G1 X130.044 Y221.668 E466.5269
G1 X132.109 Y218.421 E466.65488
G1 X133.832 Y214.975 E466.78303
G1 X135.196 Y211.359 E466.91157
G1 X136.039 Y208.149 E467.02195
G1 X136.171 Y207.649 E467.03915
G1 X136.763 Y203.843 E467.16726
G1 X136.961 Y199.998 E467.29532
G1 X136.764 Y196.155 E467.4233
G1 X136.171 Y192.35 E467.55139
G1 X135.193 Y188.641 E467.67896
G1 X133.832 Y185.023 E467.80753
G1 X132.11 Y181.579 E467.9356
G1 X130.044 Y178.332 E468.0636
G1 X127.653 Y175.31 E468.19177
G1 X124.966 Y172.553 E468.31982
G1 X122.009 Y170.085 E468.44792
G1 X118.816 Y167.939 E468.57588
G1 X115.416 Y166.128 E468.704
G1 X111.836 Y164.67 E468.83257
G1 X108.152 Y163.603 E468.96014
G1 X104.363 Y162.912 E469.08824
G1 X100.525 Y162.615 E469.21627
G1 X97.485 Y162.691 E469.31742
G1 X96.678 Y162.713 E469.34427
G1 X92.861 Y163.207 E469.47228
G1 X89.678 Y163.959 E469.58106
G1 X89.126 Y164.089 E469.59992
G1 X85.477 Y165.357 E469.72841
G1 X81.987 Y166.99 E469.85656
G1 X78.688 Y168.971 E469.98455
G1 X75.612 Y171.279 E470.11246
G1 X72.778 Y173.899 E470.24083
G1 X70.238 Y176.79 E470.36882
G1 X68.007 Y179.929 E470.49691
G1 X66.111 Y183.279 E470.62494
G1 X64.568 Y186.808 E470.75304
G1 X64.184 Y188.01 E470.79501
G1 X63.392 Y190.488 E470.88154
G1 X62.611 Y194.246 E471.0092
G1 X62.441 Y195.889 E471.06414
G1 X62.214 Y198.077 E471.1373
M204 S3000
M205 X10 Y10
G0 F6000 X62.614 Y198.097
M204 S1800
M205 X8 Y8
G1 F3000 X62.614 Y201.905 E471.26395
G1 X63.007 Y205.692 E471.39059
G1 X63.471 Y207.924 E471.46641
G1 X63.492 Y208.016 E471.46955
G1 X63.783 Y209.41 E471.51691
G1 X64.943 Y213.051 E471.64401
G1 X65.985 Y215.434 E471.73052
G1 X66.469 Y216.542 E471.77073
G1 X67.846 Y218.974 E471.86369
G1 X68.345 Y219.856 E471.89739
G1 X70.077 Y222.293 E471.99683
G1 X70.552 Y222.961 E472.02409
G1 X72.653 Y225.353 E472.12998
G1 X73.065 Y225.821 E472.15072
G1 X75.546 Y228.117 E472.26315
G1 X75.887 Y228.43 E472.27855
G1 X78.721 Y230.554 E472.39634
G1 X78.933 Y230.71 E472.4051
G1 X82.139 Y232.638 E472.52953
G1 X82.33 Y232.729 E472.53656
G1 X85.628 Y234.272 E472.65767
G1 X89.237 Y235.529 E472.78477
G1 X89.748 Y235.652 E472.80226
G1 X89.77 Y235.654 E472.80299
G1 X92.933 Y236.397 E472.91106
G1 X93.517 Y236.473 E472.93064
G1 X96.709 Y236.887 E473.0377
G1 X97.618 Y236.913 E473.06794
G1 X97.656 Y236.912 E473.06921
G1 X100.515 Y236.985 E473.16433
G1 X101.495 Y236.91 E473.19702
G1 X104.312 Y236.692 E473.29099
G1 X105.473 Y236.479 E473.33025
G1 X108.06 Y236.008 E473.41771
G1 X111.705 Y234.947 E473.54398
G1 X113.169 Y234.353 E473.59653
G1 X115.246 Y233.509 E473.67109
G1 X118.61 Y231.718 E473.79785
G1 X121.77 Y229.592 E473.92452
G1 X124.694 Y227.153 E474.05117
G1 X127.354 Y224.423 E474.17794
G1 X129.717 Y221.436 E474.30462
G1 X131.76 Y218.224 E474.43123
G1 X133.464 Y214.814 E474.55802
G1 X134.814 Y211.237 E474.68518
G1 X135.779 Y207.567 E474.8114
G1 X136.365 Y203.801 E474.93816
G1 X136.56 Y199.998 E475.06482
G1 X136.367 Y196.223 E475.19054
G1 X136.319 Y195.898 E475.20146
G1 X135.779 Y192.432 E475.31813
G1 X134.812 Y188.763 E475.44433
G1 X133.464 Y185.183 E475.57157
G1 X131.761 Y181.776 E475.69825
G1 X129.717 Y178.564 E475.82488
G1 X127.352 Y175.574 E475.95167
G1 X124.694 Y172.847 E476.07833
G1 X121.768 Y170.406 E476.20507
G1 X118.61 Y168.282 E476.33165
G1 X116.941 Y167.394 E476.39453
G1 X115.246 Y166.491 E476.45841
G1 X113.255 Y165.678 E476.52994
G1 X113.17 Y165.646 E476.53296
G1 X111.705 Y165.049 E476.58558
G1 X109.53 Y164.419 E476.66089
G1 X108.06 Y163.993 E476.71179
G1 X104.312 Y163.309 E476.83851
G1 X101.654 Y163.103 E476.92718
G1 X100.515 Y163.015 E476.96518
G1 X96.709 Y163.112 E477.09181
G1 X93.676 Y163.505 E477.19353
G1 X92.96 Y163.598 E477.21754
G1 X92.908 Y163.607 E477.2193
G1 X89.238 Y164.474 E477.34472
G1 X85.627 Y165.728 E477.47186
G1 X82.175 Y167.343 E477.59862
G1 X78.911 Y169.303 E477.72525
G1 X75.869 Y171.586 E477.85175
G1 X73.065 Y174.179 E477.97878
G1 X70.552 Y177.039 E478.10541
G1 X70.17 Y177.576 E478.12732
G1 X68.345 Y180.144 E478.23211
G1 X66.47 Y183.458 E478.35875
G1 X66.05 Y184.418 E478.3936
G1 X64.943 Y186.949 E478.48548
G1 X64.566 Y188.132 E478.52678
G1 X63.78 Y190.59 E478.61261
G1 X63.49 Y191.984 E478.65997
G1 X63.007 Y194.307 E478.73888
G1 X62.614 Y198.097 E478.86562
M204 S3000
M205 X10 Y10
G0 F6000 X63.564 Y199.946
M204 S1800
M205 X8 Y8
G1 F3000 X63.772 Y196.114 E478.99326
G1 X64.039 Y194.471 E479.04862
G1 X64.401 Y192.272 E479.12274
G1 X64.416 Y192.208 E479.12493
G1 X65.442 Y188.519 E479.25228
G1 X65.465 Y188.453 E479.25461
G1 X66.88 Y184.903 E479.38172
G1 X66.913 Y184.835 E479.38423
G1 X68.702 Y181.463 E479.51119
G1 X69.208 Y180.71 E479.54136
G1 X70.883 Y178.239 E479.64065
G1 X71.345 Y177.689 E479.66454
G1 X73.4 Y175.271 E479.77009
G1 X73.779 Y174.905 E479.78761
G1 X76.225 Y172.591 E479.8996
G1 X76.498 Y172.378 E479.91112
G1 X79.322 Y170.231 E480.02911
G1 X79.449 Y170.148 E480.03415
G1 X82.661 Y168.214 E480.15886
G1 X82.748 Y168.169 E480.16211
G1 X86.186 Y166.579 E480.2881
G1 X86.287 Y166.539 E480.29171
G1 X89.881 Y165.327 E480.41786
G1 X89.985 Y165.297 E480.42146
G1 X93.683 Y164.483 E480.5474
G1 X93.79 Y164.466 E480.55101
G1 X97.559 Y164.056 E480.6771
G1 X97.668 Y164.051 E480.68073
G1 X101.458 Y164.051 E480.80679
G1 X101.567 Y164.056 E480.81042
G1 X105.337 Y164.466 E480.93655
G1 X105.444 Y164.484 E480.94016
G1 X109.142 Y165.298 E481.0661
G1 X109.246 Y165.327 E481.06969
G1 X112.839 Y166.539 E481.19581
G1 X112.939 Y166.579 E481.19939
G1 X116.377 Y168.168 E481.32536
G1 X116.473 Y168.219 E481.32898
G1 X119.72 Y170.173 E481.45502
G1 X119.81 Y170.234 E481.45864
G1 X122.865 Y172.557 E481.58629
G1 X122.912 Y172.599 E481.58838
G1 X125.69 Y175.23 E481.71564
G1 X125.736 Y175.281 E481.71792
G1 X128.213 Y178.197 E481.84518
G1 X130.398 Y181.415 E481.97455
G1 X132.212 Y184.833 E482.10325
G1 X132.515 Y185.579 E482.13003
G1 X133.66 Y188.452 E482.2329
G1 X133.833 Y189.054 E482.25373
G1 X134.713 Y192.22 E482.36302
G1 X134.782 Y192.616 E482.37639
G1 X135.347 Y196.06 E482.49247
G1 X135.363 Y196.274 E482.49961
G1 X135.563 Y199.946 E482.62192
G1 X135.563 Y200.054 E482.62552
G1 X135.358 Y203.837 E482.75152
G1 X135.346 Y203.944 E482.7551
G1 X134.733 Y207.686 E482.88122
G1 X134.709 Y207.792 E482.88484
G1 X133.697 Y211.444 E483.01088
G1 X133.661 Y211.547 E483.01451
G1 X132.259 Y215.066 E483.1405
G1 X132.214 Y215.166 E483.14415
G1 X130.438 Y218.514 E483.2702
G1 X130.382 Y218.606 E483.27378
G1 X128.256 Y221.743 E483.39982
G1 X128.191 Y221.829 E483.40341
G1 X125.738 Y224.717 E483.52944
G1 X125.662 Y224.795 E483.53306
G1 X122.866 Y227.444 E483.66116
G1 X119.81 Y229.766 E483.78882
G1 X119.72 Y229.827 E483.79243
G1 X116.43 Y231.806 E483.92013
G1 X114.805 Y232.559 E483.9797
G1 X112.896 Y233.44 E484.04963
G1 X112.839 Y233.461 E484.05165
G1 X109.206 Y234.686 E484.17917
G1 X109.142 Y234.702 E484.18136
G1 X105.409 Y235.523 E484.30849
G1 X105.337 Y235.534 E484.31091
G1 X101.536 Y235.947 E484.43808
G1 X100.502 Y235.949 E484.47247
G1 X97.642 Y235.949 E484.56759
G1 X96.804 Y235.863 E484.59561
G1 X93.769 Y235.531 E484.69716
G1 X93.134 Y235.397 E484.71874
G1 X89.972 Y234.699 E484.82644
G1 X89.541 Y234.56 E484.8415
G1 X86.277 Y233.458 E484.95609
G1 X86.029 Y233.348 E484.96511
G1 X82.743 Y231.829 E485.08551
G1 X82.653 Y231.781 E485.08891
G1 X79.406 Y229.827 E485.21495
G1 X79.317 Y229.765 E485.21856
G1 X76.298 Y227.47 E485.34469
G1 X76.216 Y227.401 E485.34825
G1 X73.464 Y224.796 E485.47429
G1 X73.389 Y224.717 E485.47791
G1 X70.936 Y221.829 E485.60394
G1 X70.87 Y221.743 E485.60755
G1 X69.209 Y219.289 E485.70611
G1 X68.744 Y218.606 E485.73359
G1 X68.689 Y218.513 E485.73718
G1 X66.913 Y215.165 E485.86323
G1 X66.867 Y215.067 E485.86683
G1 X65.465 Y211.546 E485.99289
G1 X65.43 Y211.444 E485.99647
G1 X64.416 Y207.792 E486.12253
G1 X64.393 Y207.686 E486.12614
G1 X63.772 Y203.886 E486.25421
G1 X63.564 Y200.056 E486.38178
G1 X63.564 Y199.946 E486.38544
M204 S3000
M205 X10 Y10
G0 F6000 X63.089 Y200.015
M204 S1800
M205 X8 Y8
;TYPE:SKIN
G1 F793.4 X63.105 Y200.63 E486.41639
G1 F751.2 X63.121 Y201.245 E486.44907
G1 F713.2 X63.138 Y201.86 E486.4835
G1 F709 X63.178 Y202.374 E486.51253
G1 F737.3 X63.218 Y202.889 E486.54049
G1 F768 X63.259 Y203.403 E486.56728
G1 F801.3 X63.299 Y203.918 E486.59301
G1 F819.1 X63.303 Y203.95 E486.59458
G1 F797.3 X63.376 Y204.498 E486.62226
G1 F754.7 X63.449 Y205.046 E486.65149
G1 F717.5 X63.522 Y205.595 E486.6823
G1 F713.2 X63.624 Y206.148 E486.71377
G1 F740.7 X63.727 Y206.702 E486.74413
G1 F770.5 X63.83 Y207.256 E486.77332
G1 F802.7 X63.933 Y207.81 E486.80134
G1 F817.7 X63.939 Y207.842 E486.80293
G1 F784.3 X64.109 Y208.544 E486.83969
G1 F727.3 X64.28 Y209.247 E486.87939
G1 F714.3 X64.456 Y209.84 E486.91395
G1 F740.7 X64.633 Y210.433 E486.9473
G1 F768 X64.809 Y211.027 E486.97949
G1 F798.7 X64.986 Y211.62 E487.01042
G1 F812.2 X64.996 Y211.65 E487.01197
G1 F780.5 X65.21 Y212.25 E487.04455
G1 F726.2 X65.425 Y212.851 E487.07963
G1 F711.1 X65.627 Y213.336 E487.10912
G1 F730.6 X65.83 Y213.822 E487.13789
G1 F750 X66.033 Y214.307 E487.16587
G1 F771.7 X66.235 Y214.793 E487.19309
G1 F794.7 X66.438 Y215.278 E487.2195
G1 F805.4 X66.451 Y215.308 E487.22112
G1 F779.2 X66.689 Y215.801 E487.24916
G1 F730.6 X66.928 Y216.295 E487.27914
G1 F716.4 X67.198 Y216.789 E487.3105
G1 F732.8 X67.468 Y217.283 E487.34116
G1 F750 X67.738 Y217.777 E487.37112
G1 F769.2 X68.008 Y218.271 E487.40033
G1 F788.2 X68.278 Y218.765 E487.42884
G1 F752.4 X68.773 Y219.564 E487.4787
G1 F718.6 X69.058 Y219.975 E487.50648
G1 F730.6 X69.343 Y220.387 E487.53385
G1 F744.2 X69.629 Y220.799 E487.56075
G1 F757.1 X69.914 Y221.211 E487.58716
G1 F770.5 X70.2 Y221.623 E487.61314
G1 F785.6 X70.485 Y222.034 E487.63855
G1 F755.9 X70.955 Y222.643 E487.67917
G1 F728.4 X71.3 Y223.043 E487.70811
G1 F737.3 X71.646 Y223.443 E487.73674
G1 F746.5 X71.992 Y223.844 E487.76506
G1 F757.1 X72.338 Y224.244 E487.79294
G1 F766.8 X72.684 Y224.644 E487.82047
G1 F776.7 X73.03 Y225.045 E487.84769
G1 F755.9 X73.43 Y225.465 E487.87831
G1 F735.1 X73.84 Y225.849 E487.90881
G1 F740.7 X74.25 Y226.233 E487.93908
G1 F747.7 X74.66 Y226.617 E487.96907
G1 F753.5 X75.07 Y227.002 E487.99886
G1 F759.5 X75.48 Y227.386 E488.02838
G1 F766.8 X75.89 Y227.77 E488.05762
G1 F750 X76.182 Y228.015 E488.0779
G1 F733.9 X76.587 Y228.321 E488.10551
G1 F738.5 X76.992 Y228.628 E488.13297
G1 F743 X77.397 Y228.934 E488.16024
G1 F746.5 X77.802 Y229.241 E488.18741
G1 F751.2 X78.207 Y229.547 E488.21438
G1 F755.9 X78.612 Y229.854 E488.24121
G1 F760.7 X79.017 Y230.16 E488.26785
G1 F757.1 X79.19 Y230.279 E488.27892
G1 F752.4 X82.384 Y232.203 E488.47673
G1 F758.3 X82.541 Y232.281 E488.48595
G1 F763.1 X83.007 Y232.497 E488.51282
G1 F760.7 X83.473 Y232.714 E488.53979
G1 F758.3 X83.939 Y232.931 E488.56684
G1 F754.7 X84.405 Y233.148 E488.59403
G1 F752.4 X84.871 Y233.364 E488.62128
G1 F750 X85.337 Y233.581 E488.64863
G1 F747.7 X85.804 Y233.798 E488.67612
G1 F760.7 X86.144 Y233.93 E488.69526
G1 F772.9 X86.683 Y234.115 E488.72468
G1 F765.6 X87.222 Y234.3 E488.75439
G1 F758.3 X87.761 Y234.485 E488.78439
G1 F751.2 X88.3 Y234.67 E488.81467
G1 F744.2 X88.839 Y234.856 E488.84525
G1 F737.3 X89.378 Y235.041 E488.87609
G1 F754.7 X89.876 Y235.181 E488.90345
G1 F779.2 X89.881 Y235.18 E488.90371
G1 F778 X90.401 Y235.298 E488.93107
G1 F769.2 X90.922 Y235.416 E488.95879
G1 F760.7 X91.443 Y235.534 E488.98681
G1 F752.4 X91.964 Y235.653 E489.01516
G1 F744.2 X92.485 Y235.771 E489.04381
G1 F736.2 X93.006 Y235.889 E489.07278
G1 F759.5 X93.593 Y235.992 E489.10409
G1 F793.4 X93.736 Y236.013 E489.11137
G1 F790.8 X94.235 Y236.072 E489.13673
G1 F776.7 X94.734 Y236.132 E489.16255
G1 F763.1 X95.234 Y236.192 E489.18889
G1 F750 X95.733 Y236.251 E489.21563
G1 F737.3 X96.233 Y236.311 E489.24289
G1 F725.1 X96.732 Y236.371 E489.27056
G1 F755.9 X97.521 Y236.424 E489.31231
G1 F798.7 X97.637 Y236.429 E489.31811
G1 F790.8 X98.207 Y236.436 E489.34688
G1 F771.7 X98.777 Y236.443 E489.37637
G1 F752.4 X99.347 Y236.451 E489.40661
G1 F735.1 X99.917 Y236.458 E489.43756
G1 F718.6 X100.487 Y236.466 E489.46922
G1 F731.7 X101.029 Y236.445 E489.49881
G1 F779.2 X101.573 Y236.424 E489.52669
G1 F806.7 X101.58 Y236.422 E489.52705
G1 F797.3 X102.108 Y236.373 E489.5536
G1 F774.2 X102.637 Y236.324 E489.58099
G1 F752.4 X103.166 Y236.275 E489.60917
G1 F732.8 X103.695 Y236.226 E489.6381
G1 F713.2 X104.224 Y236.177 E489.66783
G1 F728.4 X104.849 Y236.085 E489.70245
G1 F783 X105.474 Y235.994 E489.73464
G1 F812.2 X105.506 Y235.989 E489.73623
G1 F796 X106.109 Y235.868 E489.76707
G1 F766.8 X106.713 Y235.746 E489.79915
G1 F739.6 X107.317 Y235.625 E489.83239
G1 F714.3 X107.921 Y235.503 E489.86682
G1 F728.4 X108.621 Y235.325 E489.9064
G1 F786.9 X109.322 Y235.146 E489.94309
G1 F819.1 X109.353 Y235.137 E489.94467
G1 F802.7 X109.89 Y234.969 E489.97264
G1 F770.5 X110.427 Y234.8 E490.00181
G1 F740.7 X110.964 Y234.632 E490.03213
G1 F713.2 X111.502 Y234.463 E490.06368
G1 F717.5 X112.021 Y234.271 E490.09447
G1 F754.7 X112.54 Y234.078 E490.12375
G1 F797.3 X113.06 Y233.885 E490.15151
G1 F817.7 X113.09 Y233.873 E490.15309
G1 F800 X113.569 Y233.666 E490.17912
G1 F768 X114.048 Y233.458 E490.20626
G1 F738.5 X114.527 Y233.25 E490.23449
G1 F711.1 X115.006 Y233.042 E490.2638
G1 F716.4 X115.55 Y232.772 E490.29763
G1 F754.7 X116.095 Y232.501 E490.32982
G1 F798.7 X116.64 Y232.23 E490.36024
G1 F821.9 X116.668 Y232.215 E490.36178
G1 F798.7 X117.219 Y231.903 E490.39342
G1 F755.9 X117.771 Y231.59 E490.42693
G1 F717.5 X118.323 Y231.277 E490.46223
G1 F713.2 X118.746 Y231.007 E490.49031
G1 F739.6 X119.169 Y230.738 E490.51736
G1 F769.2 X119.592 Y230.469 E490.54337
G1 F800 X120.015 Y230.2 E490.56838
G1 F816.3 X120.041 Y230.182 E490.56992
G1 F794.7 X120.507 Y229.849 E490.59869
G1 F753.5 X120.974 Y229.516 E490.62907
G1 F717.5 X121.441 Y229.183 E490.66098
G1 F713.2 X121.87 Y228.841 E490.69168
G1 F741.9 X122.3 Y228.499 E490.72124
G1 F771.7 X122.73 Y228.157 E490.74965
G1 F805.4 X123.16 Y227.815 E490.77688
G1 F821.9 X123.184 Y227.795 E490.7784
G1 F800 X123.564 Y227.457 E490.80377
G1 F759.5 X123.945 Y227.119 E490.83053
G1 F722.9 X124.325 Y226.781 E490.85861
G1 F718.6 X124.75 Y226.362 E490.89176
G1 F745.3 X125.175 Y225.943 E490.92372
G1 F772.9 X125.601 Y225.524 E490.95458
G1 F804 X126.026 Y225.105 E490.9842
G1 F817.7 X126.047 Y225.084 E490.98565
G1 F785.6 X126.498 Y224.588 E491.01971
G1 F730.6 X126.95 Y224.092 E491.05637
G1 F715.4 X127.276 Y223.695 E491.08503
G1 F735.1 X127.602 Y223.298 E491.11292
G1 F755.9 X127.929 Y222.901 E491.14008
G1 F778 X128.255 Y222.503 E491.16648
G1 F801.3 X128.581 Y222.106 E491.19206
G1 F813.6 X128.602 Y222.079 E491.19374
G1 F785.6 X128.943 Y221.614 E491.22303
G1 F733.9 X129.284 Y221.149 E491.25439
G1 F719.6 X129.586 Y220.689 E491.28491
G1 F737.3 X129.889 Y220.229 E491.31473
G1 F755.9 X130.192 Y219.768 E491.34386
G1 F776.7 X130.494 Y219.308 E491.37213
G1 F797.3 X130.797 Y218.847 E491.39975
G1 F759.5 X131.302 Y217.983 E491.45234
G1 F724 X131.572 Y217.46 E491.48479
G1 F739.6 X131.842 Y216.937 E491.51655
G1 F755.9 X132.112 Y216.413 E491.54767
G1 F772.9 X132.382 Y215.89 E491.57807
G1 F790.8 X132.653 Y215.366 E491.60784
G1 F758.3 X132.994 Y214.607 E491.65164
G1 F726.2 X133.181 Y214.124 E491.6801
G1 F737.3 X133.369 Y213.64 E491.70821
G1 F748.8 X133.557 Y213.156 E491.73588
G1 F759.5 X133.745 Y212.672 E491.76317
G1 F771.7 X133.933 Y212.188 E491.79002
G1 F784.3 X134.121 Y211.705 E491.8164
G1 F758.3 X134.327 Y211.083 E491.85089
G1 F733.9 X134.47 Y210.554 E491.88069
G1 F740.7 X134.614 Y210.024 E491.91028
G1 F748.8 X134.757 Y209.494 E491.93954
G1 F757.1 X134.901 Y208.964 E491.96849
G1 F764.3 X135.044 Y208.434 E491.99716
G1 F772.9 X135.188 Y207.904 E492.02552
G1 F754.7 X135.277 Y207.48 E492.04843
G1 F737.3 X135.356 Y206.985 E492.07556
G1 F741.9 X135.436 Y206.489 E492.10259
G1 F747.7 X135.515 Y205.993 E492.1294
G1 F752.4 X135.595 Y205.498 E492.156
G1 F758.3 X135.675 Y205.002 E492.18245
G1 F764.3 X135.754 Y204.506 E492.20867
G1 F769.2 X135.834 Y204.011 E492.23469
G1 F758.3 X135.861 Y203.767 E492.24761
G1 F746.5 X135.889 Y203.24 E492.27583
G1 F748.8 X135.917 Y202.713 E492.30396
G1 F751.2 X135.945 Y202.186 E492.332
G1 F753.5 X135.974 Y201.658 E492.36
G1 F755.9 X136.002 Y201.131 E492.38787
G1 F758.3 X136.03 Y200.604 E492.41565
G1 F760.7 X136.059 Y200.077 E492.44334
G1 F761.9 X136.059 Y199.92 E492.45156
G1 F760.7 X136.032 Y199.398 E492.47899
G1 F758.3 X136.004 Y198.876 E492.5065
G1 F755.9 X135.977 Y198.354 E492.5341
G1 F753.5 X135.949 Y197.831 E492.56184
G1 F751.2 X135.922 Y197.309 E492.58962
G1 F748.8 X135.894 Y196.787 E492.61748
G1 F746.5 X135.866 Y196.265 E492.64543
G1 F758.3 X135.832 Y195.976 E492.66074
G1 F768 X135.741 Y195.406 E492.69074
G1 F760.7 X135.649 Y194.835 E492.72109
G1 F753.5 X135.557 Y194.264 E492.75172
G1 F745.3 X135.466 Y193.693 E492.78268
G1 F738.5 X135.374 Y193.122 E492.81394
G1 F731.7 X135.282 Y192.551 E492.84549
G1 F753.5 X135.182 Y192.087 E492.87063
G1 F776.7 X135.04 Y191.561 E492.89863
G1 F766.8 X134.897 Y191.035 E492.927
G1 F757.1 X134.755 Y190.509 E492.95572
G1 F747.7 X134.612 Y189.983 E492.98482
G1 F738.5 X134.469 Y189.457 E493.01428
G1 F729.5 X134.327 Y188.931 E493.04409
G1 F757.1 X134.121 Y188.297 E493.07923
G1 F794.7 X134.117 Y188.292 E493.07956
G1 F790.8 X133.931 Y187.811 E493.10558
G1 F775.4 X133.744 Y187.33 E493.13215
G1 F761.9 X133.558 Y186.849 E493.15916
G1 F748.8 X133.371 Y186.368 E493.18667
G1 F735.1 X133.184 Y185.887 E493.21469
G1 F722.9 X132.998 Y185.406 E493.24316
G1 F754.7 X132.638 Y184.608 E493.28946
G1 F788.2 X132.375 Y184.097 E493.31856
G1 F770.5 X132.112 Y183.586 E493.34833
G1 F752.4 X131.848 Y183.075 E493.37885
G1 F736.2 X131.585 Y182.564 E493.41
G1 F720.7 X131.321 Y182.053 E493.44185
G1 F732.8 X131.061 Y181.605 E493.47007
G1 F778 X130.801 Y181.156 E493.49668
G1 F805.4 X130.795 Y181.15 E493.49711
G1 F797.3 X130.497 Y180.697 E493.52425
G1 F775.4 X130.199 Y180.243 E493.5522
G1 F753.5 X129.9 Y179.789 E493.58099
G1 F733.9 X129.602 Y179.335 E493.61052
G1 F715.4 X129.303 Y178.881 E493.64085
G1 F729.5 X128.938 Y178.384 E493.67459
G1 F781.8 X128.574 Y177.887 E493.70604
G1 F812.2 X128.554 Y177.862 E493.70762
G1 F798.7 X128.159 Y177.38 E493.73876
G1 F770.5 X127.763 Y176.897 E493.77111
G1 F743 X127.367 Y176.415 E493.80462
G1 F718.6 X126.971 Y175.932 E493.83931
G1 F730.6 X126.507 Y175.422 E493.87698
G1 F785.6 X126.041 Y174.91 E493.91215
G1 F816.3 X126.019 Y174.887 E493.91371
G1 F800 X125.602 Y174.476 E493.94292
G1 F769.2 X125.184 Y174.065 E493.97334
G1 F739.6 X124.767 Y173.654 E494.00493
G1 F713.2 X124.349 Y173.243 E494.03774
G1 F716.4 X123.947 Y172.887 E494.06765
G1 F752.4 X123.544 Y172.529 E494.09625
G1 F792.1 X123.141 Y172.171 E494.12341
G1 F813.6 X123.117 Y172.151 E494.12494
G1 F797.3 X122.705 Y171.823 E494.15131
G1 F766.8 X122.293 Y171.495 E494.17872
G1 F737.3 X121.881 Y171.166 E494.20726
G1 F711.1 X121.468 Y170.838 E494.23686
G1 F715.4 X120.992 Y170.498 E494.2695
G1 F752.4 X120.517 Y170.158 E494.30048
G1 F794.7 X120.042 Y169.818 E494.32982
G1 F816.3 X120.015 Y169.8 E494.33141
G1 F794.7 X119.462 Y169.448 E494.36433
G1 F753.5 X118.909 Y169.095 E494.39908
G1 F717.5 X118.356 Y168.743 E494.43555
G1 X117.792 Y168.423 E494.47162
G1 F755.9 X117.227 Y168.102 E494.50593
G1 F798.7 X116.662 Y167.782 E494.53838
G1 F820.5 X116.633 Y167.766 E494.53999
G1 F797.3 X116.102 Y167.502 E494.56967
G1 F755.9 X115.57 Y167.238 E494.60103
G1 F719.6 X115.038 Y166.973 E494.63399
G1 F714.3 X114.551 Y166.762 E494.66365
G1 F740.7 X114.063 Y166.55 E494.69232
G1 F768 X113.575 Y166.338 E494.71997
G1 F798.7 X113.087 Y166.126 E494.74656
G1 F813.6 X113.059 Y166.114 E494.74805
G1 F790.8 X112.551 Y165.925 E494.77541
G1 F748.8 X112.043 Y165.736 E494.8043
G1 F711.1 X111.535 Y165.547 E494.83472
G1 F706.9 X110.988 Y165.375 E494.86709
G1 F735.1 X110.441 Y165.204 E494.89821
G1 F764.3 X109.894 Y165.032 E494.92815
G1 F797.3 X109.347 Y164.861 E494.95684
G1 F812.2 X109.317 Y164.852 E494.95838
G1 F781.8 X108.637 Y164.679 E494.9942
G1 F729.5 X107.957 Y164.506 E495.03259
G1 F717.5 X107.352 Y164.384 E495.06693
G1 F741.9 X106.746 Y164.261 E495.10019
G1 F768 X106.14 Y164.139 E495.13232
G1 F796 X105.535 Y164.016 E495.16327
G1 F809.4 X105.388 Y163.991 E495.17063
G1 F781.8 X104.825 Y163.909 E495.19967
G1 F733.9 X104.262 Y163.827 E495.23061
G1 F720.7 X103.727 Y163.778 E495.26036
G1 F738.5 X103.191 Y163.728 E495.28946
G1 F757.1 X102.655 Y163.678 E495.31784
G1 F776.7 X102.119 Y163.628 E495.3455
G1 F797.3 X101.583 Y163.579 E495.37244
G1 F806.7 X101.55 Y163.576 E495.37408
G1 F780.5 X101.033 Y163.556 E495.40054
G1 F733.9 X100.516 Y163.535 E495.42868
G1 F720.7 X99.941 Y163.542 E495.46052
G1 F736.2 X99.365 Y163.549 E495.49175
G1 F752.4 X98.789 Y163.556 E495.52231
G1 F770.5 X98.213 Y163.563 E495.55215
G1 F788.2 X97.637 Y163.57 E495.58132
G1 F752.4 X96.766 Y163.627 E495.62763
G1 F718.6 X96.262 Y163.686 E495.65581
G1 F730.6 X95.757 Y163.746 E495.68359
G1 F744.2 X95.253 Y163.805 E495.71081
G1 F757.1 X94.748 Y163.865 E495.73762
G1 F770.5 X94.244 Y163.925 E495.76391
G1 F785.6 X93.739 Y163.984 E495.78974
G1 F758.3 X93.025 Y164.105 E495.82786
G1 F731.7 X92.499 Y164.225 E495.85729
G1 F740.7 X91.972 Y164.345 E495.88641
G1 F750 X91.446 Y164.465 E495.91512
G1 F759.5 X90.919 Y164.585 E495.94352
G1 F769.2 X90.393 Y164.705 E495.97152
G1 F779.2 X89.866 Y164.825 E495.9992
G1 F758.3 X89.399 Y164.958 E496.02476
G1 F737.3 X88.856 Y165.143 E496.05581
G1 F743 X88.313 Y165.328 E496.08663
G1 F750 X87.769 Y165.513 E496.1172
G1 F755.9 X87.226 Y165.698 E496.14749
G1 F761.9 X86.682 Y165.883 E496.17759
G1 F769.2 X86.139 Y166.068 E496.20736
G1 F758.3 X85.817 Y166.196 E496.22559
G1 F746.5 X85.27 Y166.45 E496.25784
G1 F748.8 X84.722 Y166.705 E496.29005
G1 F751.2 X84.174 Y166.959 E496.32215
G1 F753.5 X83.626 Y167.214 E496.35416
G1 F755.9 X83.078 Y167.468 E496.38605
G1 F758.3 X82.53 Y167.723 E496.41787
G1 X82.394 Y167.794 E496.42594
G1 F755.9 X81.597 Y168.273 E496.47504
G1 F753.5 X80.8 Y168.752 E496.52429
G1 F751.2 X80.003 Y169.231 E496.5737
G1 F748.8 X79.206 Y169.71 E496.62326
G1 F755.9 X79.017 Y169.843 E496.63546
G1 F763.1 X78.616 Y170.146 E496.66175
G1 F759.5 X78.215 Y170.449 E496.68816
G1 F755.9 X77.813 Y170.752 E496.71474
G1 F752.4 X77.412 Y171.055 E496.7414
G1 F750 X77.01 Y171.358 E496.76819
G1 F746.5 X76.609 Y171.661 E496.79506
G1 F743 X76.207 Y171.964 E496.8221
G1 F759.5 X75.88 Y172.245 E496.84476
G1 F775.4 X75.474 Y172.624 E496.87335
G1 F765.6 X75.068 Y173.004 E496.90234
G1 F757.1 X74.661 Y173.383 E496.93166
G1 F748.8 X74.255 Y173.763 E496.9613
G1 F739.6 X73.849 Y174.142 E496.99127
G1 F731.7 X73.442 Y174.522 E497.02164
G1 F755.9 X73.029 Y174.956 E497.05328
G1 F786.9 X73.017 Y174.97 E497.05421
G1 F781.8 X72.676 Y175.366 E497.08089
G1 F769.2 X72.334 Y175.762 E497.10804
G1 F758.3 X71.992 Y176.158 E497.13558
G1 F747.7 X71.651 Y176.554 E497.16348
G1 F736.2 X71.309 Y176.95 E497.19184
G1 F726.2 X70.967 Y177.346 E497.2206
G1 F757.1 X70.504 Y177.942 E497.26039
G1 F798.7 X70.485 Y177.968 E497.262
G1 F790.8 X70.147 Y178.456 E497.29196
G1 F772.9 X69.808 Y178.944 E497.32264
G1 F754.7 X69.47 Y179.432 E497.35404
G1 F738.5 X69.131 Y179.92 E497.38615
G1 F722.9 X68.792 Y180.408 E497.41896
G1 F755.9 X68.28 Y181.235 E497.47031
G1 F793.4 X68.013 Y181.723 E497.4983
G1 F772.9 X67.745 Y182.212 E497.52709
G1 F753.5 X67.478 Y182.7 E497.55655
G1 F736.2 X67.21 Y183.189 E497.58679
G1 F718.6 X66.943 Y183.677 E497.61768
G1 F732.8 X66.691 Y184.198 E497.6492
G1 F781.8 X66.439 Y184.721 E497.67884
G1 F797.3 X66.239 Y185.2 E497.70483
G1 F774.2 X66.039 Y185.679 E497.73159
G1 F752.4 X65.839 Y186.158 E497.75912
G1 F732.8 X65.639 Y186.637 E497.78739
G1 F713.2 X65.439 Y187.116 E497.81644
G1 F728.4 X65.214 Y187.744 E497.853
G1 F783 X64.989 Y188.37 E497.8869
G1 F813.6 X64.979 Y188.4 E497.88845
G1 F797.3 X64.808 Y188.976 E497.91853
G1 F766.8 X64.636 Y189.553 E497.94987
G1 F738.5 X64.464 Y190.13 E497.98241
G1 F712.2 X64.292 Y190.707 E498.01615
G1 F716.4 X64.175 Y191.193 E498.044
G1 F752.4 X64.057 Y191.68 E498.07059
G1 F792.1 X63.939 Y192.167 E498.09584
G1 F814.9 X63.932 Y192.199 E498.09744
G1 F801.3 X63.832 Y192.742 E498.12494
G1 F770.5 X63.731 Y193.286 E498.1536
G1 F743 X63.63 Y193.83 E498.18332
G1 F716.4 X63.529 Y194.373 E498.21409
G1 F721.8 X63.454 Y194.932 E498.24528
G1 F758.3 X63.379 Y195.492 E498.27502
G1 F800 X63.304 Y196.053 E498.30325
G1 F820.5 X63.3 Y196.084 E498.30478
G1 F802.7 X63.261 Y196.589 E498.32996
G1 F770.5 X63.221 Y197.095 E498.35625
G1 F740.7 X63.181 Y197.6 E498.38355
G1 F713.2 X63.141 Y198.106 E498.41195
G1 F717.5 X63.124 Y198.732 E498.44679
G1 F753.5 X63.107 Y199.357 E498.47991
G1 F794.7 X63.09 Y199.982 E498.51131
G1 F816.3 X63.089 Y200.015 E498.51292
M204 S3000
M205 X10 Y10
;MESH:NONMESH
G0 F600 X63.089 Y200.015 Z1.6
G0 F6000 X62.323 Y198.083
G0 X61.814 Y198.056
;TIME_ELAPSED:393.778942
;LAYER:7
M204 S1800
M205 X8 Y8
;TYPE:WALL-OUTER
;MESH:15_4_2.stl
G1 F3000 X61.814 Y201.946 E498.6423
G1 X62.215 Y205.816 E498.77171
G1 X63.008 Y209.614 E498.90076
G1 X64.193 Y213.334 E499.03061
G1 X65.753 Y216.9 E499.16007
G1 X67.669 Y220.286 E499.28947
G1 X69.924 Y223.458 E499.41891
G1 X72.491 Y226.381 E499.5483
G1 X75.354 Y229.03 E499.67803
G1 X78.464 Y231.361 E499.8073
G1 X81.799 Y233.364 E499.93669
G1 X85.326 Y235.014 E500.0662
G1 X89.013 Y236.299 E500.19606
G1 X92.789 Y237.186 E500.32507
G1 X96.579 Y237.677 E500.45218
G1 X97.474 Y237.708 E500.48197
G1 X100.535 Y237.786 E500.58381
G1 X104.415 Y237.486 E500.71324
G1 X108.244 Y236.788 E500.8427
G1 X111.968 Y235.704 E500.9717
G1 X115.586 Y234.235 E501.10157
G1 X119.022 Y232.405 E501.23105
G1 X122.251 Y230.233 E501.36049
G1 X125.238 Y227.741 E501.48987
G1 X127.956 Y224.952 E501.6194
G1 X130.37 Y221.9 E501.74882
G1 X132.458 Y218.619 E501.87817
G1 X134.199 Y215.135 E502.00771
G1 X135.553 Y211.544 E502.13536
G1 X135.594 Y211.416 E502.13983
G1 X136.563 Y207.731 E502.26656
G1 X137.162 Y203.884 E502.39605
G1 X137.362 Y199.998 E502.52547
G1 X137.167 Y196.182 E502.65256
G1 X137.11 Y195.776 E502.66619
G1 X136.563 Y192.268 E502.78428
G1 X135.575 Y188.519 E502.91323
G1 X134.199 Y184.863 E503.04316
G1 X132.458 Y181.381 E503.17264
G1 X130.37 Y178.1 E503.30199
G1 X127.954 Y175.046 E503.43151
G1 X125.238 Y172.259 E503.56094
G1 X122.249 Y169.765 E503.69041
G1 X119.022 Y167.595 E503.81976
G1 X115.586 Y165.765 E503.94924
G1 X113.62 Y164.965 E504.01983
G1 X111.968 Y164.292 E504.07916
G1 X108.244 Y163.213 E504.20812
G1 X104.415 Y162.514 E504.33757
G1 X100.535 Y162.214 E504.46701
G1 X96.647 Y162.313 E504.59637
G1 X92.789 Y162.813 E504.72576
G1 X89.014 Y163.705 E504.85477
G1 X85.692 Y164.858 E504.97173
G1 X85.266 Y165.014 E504.98682
G1 X81.799 Y166.636 E505.11412
G1 X78.464 Y168.639 E505.24352
G1 X75.356 Y170.971 E505.37275
G1 X72.491 Y173.619 E505.50251
G1 X69.924 Y176.542 E505.6319
G1 X67.669 Y179.714 E505.76134
G1 X65.753 Y183.1 E505.89074
G1 X64.193 Y186.666 E506.0202
G1 X63.803 Y187.888 E506.06286
G1 X63.004 Y190.386 E506.15009
G1 X62.215 Y194.184 E506.27911
G1 X61.814 Y198.056 E506.40858
M204 S3000
M205 X10 Y10
G0 F6000 X61.814 Y198.256
G0 X62.324 Y198.256
G0 X63.854 Y200.039
G0 X64.363 Y200.012
M204 S1800
M205 X8 Y8
G1 F3000 X64.568 Y196.197 E506.53565
G1 X65.185 Y192.435 E506.66245
G1 X66.204 Y188.763 E506.7892
G1 X67.613 Y185.223 E506.91592
G1 X69.407 Y181.843 E507.04319
G1 X71.546 Y178.689 E507.16995
G1 X74.014 Y175.785 E507.2967
G1 X76.768 Y173.179 E507.42281
G1 X79.801 Y170.871 E507.54957
G1 X83.066 Y168.904 E507.67635
G1 X86.543 Y167.297 E507.80375
G1 X90.157 Y166.079 E507.9306
G1 X93.873 Y165.262 E508.05714
G1 X97.668 Y164.851 E508.1841
G1 X101.474 Y164.851 E508.31069
G1 X105.272 Y165.265 E508.43776
G1 X108.982 Y166.082 E508.56411
G1 X112.603 Y167.305 E508.69123
G1 X116.061 Y168.904 E508.81795
G1 X119.326 Y170.871 E508.94473
G1 X122.352 Y173.172 E509.07116
G1 X125.116 Y175.789 E509.19776
G1 X127.593 Y178.706 E509.32504
G1 X129.722 Y181.846 E509.45122
G1 X131.514 Y185.227 E509.57849
G1 X132.916 Y188.748 E509.70455
G1 X133.943 Y192.443 E509.8321
G1 X134.558 Y196.204 E509.95885
G1 X134.763 Y200.01 E510.08562
G1 X134.557 Y203.813 E510.2123
G1 X133.938 Y207.578 E510.3392
G1 X132.919 Y211.247 E510.46585
G1 X131.506 Y214.79 E510.59272
G1 X129.719 Y218.157 E510.7195
G1 X127.58 Y221.311 E510.84625
G1 X125.112 Y224.215 E510.97301
G1 X122.345 Y226.834 E511.09973
G1 X119.308 Y229.141 E511.22658
G1 X116.043 Y231.105 E511.35331
G1 X112.583 Y232.703 E511.48007
G1 X108.97 Y233.921 E511.60688
G1 X105.25 Y234.738 E511.73356
G1 X101.458 Y235.149 E511.86042
G1 X97.646 Y235.148 E511.98721
G1 X93.873 Y234.738 E512.11344
G1 X90.155 Y233.92 E512.24005
G1 X89.797 Y233.801 E512.2526
G1 X86.522 Y232.695 E512.36757
G1 X83.066 Y231.096 E512.49423
G1 X79.801 Y229.129 E512.62101
G1 X76.782 Y226.834 E512.74714
G1 X74.33 Y224.515 E512.85939
G1 X73.999 Y224.199 E512.87461
G1 X71.546 Y221.311 E513.00064
G1 X69.398 Y218.143 E513.12794
G1 X67.611 Y214.771 E513.25487
G1 X66.202 Y211.23 E513.38162
G1 X65.183 Y207.557 E513.5084
G1 X64.568 Y203.793 E513.63525
G1 X64.363 Y200.012 E513.7612
M204 S3000
M205 X10 Y10
G0 F6000 X64.373 Y199.813
G0 X63.963 Y200.034
M204 S1800
M205 X8 Y8
;TYPE:WALL-INNER
G1 F3000 X63.963 Y199.968 E513.76339
G1 X64.17 Y196.156 E513.89037
G1 X64.788 Y192.378 E514.01769
G1 X64.802 Y192.315 E514.01984
G1 X65.823 Y188.641 E514.14667
G1 X65.837 Y188.601 E514.14808
G1 X67.247 Y185.063 E514.27475
G1 X67.266 Y185.022 E514.27625
G1 X69.05 Y181.66 E514.40284
G1 X69.539 Y180.935 E514.43193
G1 X71.209 Y178.471 E514.53093
G1 X71.65 Y177.948 E514.55369
G1 X73.701 Y175.535 E514.65902
G1 X74.054 Y175.195 E514.67532
G1 X76.496 Y172.885 E514.78712
G1 X76.74 Y172.696 E514.79739
G1 X79.562 Y170.551 E514.91528
G1 X79.655 Y170.491 E514.91896
G1 X82.864 Y168.559 E515.04355
G1 X82.916 Y168.532 E515.04549
G1 X86.354 Y166.942 E515.17148
G1 X86.415 Y166.918 E515.17366
G1 X90.009 Y165.706 E515.29981
G1 X90.071 Y165.688 E515.30196
G1 X93.769 Y164.874 E515.4279
G1 X93.833 Y164.864 E515.43005
G1 X97.602 Y164.454 E515.55615
G1 X97.668 Y164.451 E515.55835
G1 X101.458 Y164.451 E515.6844
G1 X101.523 Y164.454 E515.68657
G1 X105.293 Y164.864 E515.8127
G1 X105.358 Y164.874 E515.81488
G1 X109.056 Y165.688 E515.94083
G1 X109.118 Y165.706 E515.94297
G1 X112.746 Y166.931 E516.07033
G1 X114.637 Y167.803 E516.13959
G1 X116.24 Y168.546 E516.19836
G1 X119.539 Y170.532 E516.32643
G1 X122.608 Y172.864 E516.45463
G1 X122.637 Y172.889 E516.45591
G1 X125.385 Y175.493 E516.58182
G1 X125.43 Y175.54 E516.58399
G1 X127.899 Y178.445 E516.71079
G1 X130.049 Y181.617 E516.83824
G1 X130.501 Y182.46 E516.87006
G1 X131.866 Y185.032 E516.9669
G1 X133.293 Y188.609 E517.09499
G1 X134.326 Y192.322 E517.22318
G1 X134.387 Y192.681 E517.23529
G1 X134.952 Y196.122 E517.35127
G1 X134.964 Y196.296 E517.35707
G1 X135.164 Y199.998 E517.48038
G1 X134.965 Y203.702 E517.60375
G1 X134.951 Y203.879 E517.60966
G1 X134.338 Y207.621 E517.73578
G1 X134.324 Y207.685 E517.73795
G1 X133.311 Y211.337 E517.86401
G1 X133.289 Y211.399 E517.86619
G1 X131.887 Y214.918 E517.99218
G1 X131.86 Y214.978 E517.99437
G1 X130.061 Y218.367 E518.12199
G1 X127.899 Y221.554 E518.25008
G1 X125.405 Y224.489 E518.37818
G1 X122.609 Y227.136 E518.50624
G1 X119.539 Y229.467 E518.63445
G1 X119.514 Y229.484 E518.63545
G1 X116.242 Y231.453 E518.76246
G1 X112.746 Y233.07 E518.89058
G1 X109.094 Y234.302 E519.01877
G1 X109.056 Y234.312 E519.02007
G1 X105.337 Y235.13 E519.14673
G1 X101.505 Y235.548 E519.27493
G1 X97.652 Y235.549 E519.40309
G1 X96.847 Y235.465 E519.43001
G1 X93.821 Y235.135 E519.53125
G1 X93.22 Y235.005 E519.5517
G1 X90.063 Y234.31 E519.65922
G1 X89.669 Y234.18 E519.67302
G1 X86.409 Y233.08 E519.78745
G1 X86.197 Y232.986 E519.79516
G1 X82.913 Y231.467 E519.91551
G1 X82.859 Y231.438 E519.91755
G1 X79.613 Y229.484 E520.04356
G1 X79.559 Y229.447 E520.04574
G1 X76.54 Y227.152 E520.17187
G1 X76.491 Y227.11 E520.17402
G1 X73.739 Y224.505 E520.30005
G1 X73.694 Y224.458 E520.30222
G1 X71.241 Y221.57 E520.42824
G1 X71.202 Y221.518 E520.43041
G1 X69.05 Y218.34 E520.55806
G1 X67.266 Y214.978 E520.68465
G1 X67.239 Y214.919 E520.68681
G1 X65.823 Y211.359 E520.81424
G1 X64.802 Y207.685 E520.94106
G1 X64.788 Y207.622 E520.94321
G1 X64.17 Y203.845 E521.0705
G1 X63.963 Y200.034 E521.19745
M204 S3000
M205 X10 Y10
G0 F6000 X63.854 Y200.039
G0 X62.323 Y198.083
G0 X62.214 Y198.077
M204 S1800
M205 X8 Y8
G1 F3000 X62.214 Y201.925 E521.32543
G1 X62.611 Y205.754 E521.45347
G1 X63.396 Y209.512 E521.58116
G1 X64.568 Y213.193 E521.70964
G1 X66.111 Y216.721 E521.83772
G1 X67.497 Y219.171 E521.93134
G1 X68.007 Y220.071 E521.96575
G1 X70.238 Y223.21 E522.09383
G1 X72.778 Y226.101 E522.22183
G1 X75.274 Y228.41 E522.33492
G1 X75.647 Y228.75 E522.35171
G1 X78.481 Y230.874 E522.4695
G1 X78.727 Y231.052 E522.4796
G1 X81.934 Y232.98 E522.60406
G1 X82.161 Y233.091 E522.61246
G1 X85.477 Y234.643 E522.73423
G1 X89.125 Y235.914 E522.86272
G1 X92.861 Y236.792 E522.99037
G1 X93.465 Y236.87 E523.01062
G1 X96.678 Y237.287 E523.11838
G1 X100.525 Y237.386 E523.24638
G1 X104.363 Y237.089 E523.37441
G1 X108.152 Y236.398 E523.50251
G1 X111.836 Y235.326 E523.63012
G1 X113.32 Y234.723 E523.6834
G1 X115.416 Y233.872 E523.75864
G1 X118.816 Y232.061 E523.88677
G1 X122.011 Y229.913 E524.01482
G1 X124.966 Y227.447 E524.14283
G1 X127.655 Y224.688 E524.27097
G1 X130.044 Y221.668 E524.39904
G1 X132.109 Y218.421 E524.52703
G1 X133.832 Y214.975 E524.65517
G1 X135.196 Y211.359 E524.78371
G1 X136.039 Y208.149 E524.89409
G1 X136.171 Y207.649 E524.91129
G1 X136.763 Y203.843 E525.03941
G1 X136.961 Y199.998 E525.16746
G1 X136.764 Y196.155 E525.29545
G1 X136.171 Y192.35 E525.42353
G1 X135.193 Y188.641 E525.55111
G1 X133.832 Y185.023 E525.67967
G1 X132.11 Y181.579 E525.80774
G1 X130.044 Y178.332 E525.93575
G1 X127.653 Y175.31 E526.06391
G1 X124.966 Y172.553 E526.19196
G1 X122.009 Y170.085 E526.32006
G1 X118.816 Y167.939 E526.44802
G1 X115.416 Y166.128 E526.57615
G1 X111.836 Y164.67 E526.70471
G1 X108.152 Y163.603 E526.83228
G1 X104.363 Y162.912 E526.96038
G1 X100.525 Y162.615 E527.08842
G1 X97.485 Y162.691 E527.18956
G1 X96.678 Y162.713 E527.21641
G1 X92.861 Y163.207 E527.34442
G1 X89.678 Y163.959 E527.4532
G1 X89.126 Y164.089 E527.47206
G1 X85.477 Y165.357 E527.60055
G1 X81.987 Y166.99 E527.72871
G1 X78.688 Y168.971 E527.85669
G1 X75.612 Y171.279 E527.9846
G1 X72.778 Y173.899 E528.11297
G1 X70.238 Y176.79 E528.24096
G1 X68.007 Y179.929 E528.36905
G1 X66.111 Y183.279 E528.49708
G1 X64.568 Y186.808 E528.62518
G1 X64.184 Y188.01 E528.66715
G1 X63.392 Y190.488 E528.75368
G1 X62.611 Y194.246 E528.88134
G1 X62.441 Y195.889 E528.93628
G1 X62.214 Y198.077 E529.00944
M204 S3000
M205 X10 Y10
G0 F6000 X62.614 Y198.097
M204 S1800
M205 X8 Y8
G1 F3000 X62.614 Y201.905 E529.1361
G1 X63.007 Y205.692 E529.26273
G1 X63.471 Y207.924 E529.33855
G1 X63.492 Y208.016 E529.34169
G1 X63.783 Y209.41 E529.38906
G1 X64.943 Y213.051 E529.51615
G1 X65.985 Y215.434 E529.60266
G1 X66.469 Y216.542 E529.64287
G1 X67.846 Y218.974 E529.73583
G1 X68.345 Y219.856 E529.76953
G1 X70.077 Y222.293 E529.86897
G1 X70.552 Y222.961 E529.89624
G1 X72.653 Y225.353 E530.00213
G1 X73.065 Y225.821 E530.02286
G1 X75.546 Y228.117 E530.1353
G1 X75.887 Y228.43 E530.15069
G1 X78.721 Y230.554 E530.26848
G1 X78.933 Y230.71 E530.27724
G1 X82.139 Y232.638 E530.40167
G1 X82.33 Y232.729 E530.4087
G1 X85.628 Y234.272 E530.52981
G1 X89.237 Y235.529 E530.65692
G1 X89.748 Y235.652 E530.6744
G1 X89.77 Y235.654 E530.67513
G1 X92.933 Y236.397 E530.7832
G1 X93.517 Y236.473 E530.80279
G1 X96.709 Y236.887 E530.90984
G1 X97.618 Y236.913 E530.94009
G1 X97.656 Y236.912 E530.94135
G1 X100.515 Y236.985 E531.03647
G1 X101.495 Y236.91 E531.06916
G1 X104.312 Y236.692 E531.16314
G1 X105.473 Y236.479 E531.2024
G1 X108.06 Y236.008 E531.28986
G1 X111.705 Y234.947 E531.41612
G1 X113.169 Y234.353 E531.46867
G1 X115.246 Y233.509 E531.54324
G1 X118.61 Y231.718 E531.66999
G1 X121.77 Y229.592 E531.79667
G1 X124.694 Y227.153 E531.92331
G1 X127.354 Y224.423 E532.05009
G1 X129.717 Y221.436 E532.17676
G1 X131.76 Y218.224 E532.30337
G1 X133.464 Y214.814 E532.43016
G1 X134.814 Y211.237 E532.55733
G1 X135.779 Y207.567 E532.68354
G1 X136.365 Y203.801 E532.8103
G1 X136.56 Y199.998 E532.93696
G1 X136.367 Y196.223 E533.06268
G1 X136.319 Y195.898 E533.07361
G1 X135.779 Y192.432 E533.19028
G1 X134.812 Y188.763 E533.31648
G1 X133.464 Y185.183 E533.44371
G1 X131.761 Y181.776 E533.57039
G1 X129.717 Y178.564 E533.69702
G1 X127.352 Y175.574 E533.82382
G1 X124.694 Y172.847 E533.95047
G1 X121.768 Y170.406 E534.07721
G1 X118.61 Y168.282 E534.2038
G1 X116.941 Y167.394 E534.26667
G1 X115.246 Y166.491 E534.33055
G1 X113.255 Y165.678 E534.40208
G1 X113.17 Y165.646 E534.4051
G1 X111.705 Y165.049 E534.45772
G1 X109.53 Y164.419 E534.53303
G1 X108.06 Y163.993 E534.58394
G1 X104.312 Y163.309 E534.71065
G1 X101.654 Y163.103 E534.79932
G1 X100.515 Y163.015 E534.83732
G1 X96.709 Y163.112 E534.96395
G1 X93.676 Y163.505 E535.06567
G1 X92.96 Y163.598 E535.08969
G1 X92.908 Y163.607 E535.09144
G1 X89.238 Y164.474 E535.21687
G1 X85.627 Y165.728 E535.344
G1 X82.175 Y167.343 E535.47076
G1 X78.911 Y169.303 E535.59739
G1 X75.869 Y171.586 E535.72389
G1 X73.065 Y174.179 E535.85092
G1 X70.552 Y177.039 E535.97755
G1 X70.17 Y177.576 E535.99947
G1 X68.345 Y180.144 E536.10425
G1 X66.47 Y183.458 E536.23089
G1 X66.05 Y184.418 E536.26575
G1 X64.943 Y186.949 E536.35763
G1 X64.566 Y188.132 E536.39892
G1 X63.78 Y190.59 E536.48475
G1 X63.49 Y191.984 E536.53211
G1 X63.007 Y194.307 E536.61103
G1 X62.614 Y198.097 E536.73776
M204 S3000
M205 X10 Y10
G0 F6000 X63.564 Y199.946
M204 S1800
M205 X8 Y8
G1 F3000 X63.772 Y196.114 E536.8654
G1 X64.039 Y194.471 E536.92076
G1 X64.401 Y192.272 E536.99489
G1 X64.416 Y192.208 E536.99707
G1 X65.442 Y188.519 E537.12443
G1 X65.465 Y188.453 E537.12675
G1 X66.88 Y184.903 E537.25386
G1 X66.913 Y184.835 E537.25637
G1 X68.702 Y181.463 E537.38333
G1 X69.208 Y180.71 E537.41351
G1 X70.883 Y178.239 E537.5128
G1 X71.345 Y177.689 E537.53669
G1 X73.4 Y175.271 E537.64223
G1 X73.779 Y174.905 E537.65975
G1 X76.225 Y172.591 E537.77174
G1 X76.498 Y172.378 E537.78326
G1 X79.322 Y170.231 E537.90125
G1 X79.449 Y170.148 E537.9063
G1 X82.661 Y168.214 E538.031
G1 X82.748 Y168.169 E538.03426
G1 X86.186 Y166.579 E538.16024
G1 X86.287 Y166.539 E538.16386
G1 X89.881 Y165.327 E538.29001
G1 X89.985 Y165.297 E538.29361
G1 X93.683 Y164.483 E538.41955
G1 X93.79 Y164.466 E538.42315
G1 X97.559 Y164.056 E538.54925
G1 X97.668 Y164.051 E538.55288
G1 X101.458 Y164.051 E538.67893
G1 X101.567 Y164.056 E538.68256
G1 X105.337 Y164.466 E538.80869
G1 X105.444 Y164.484 E538.8123
G1 X109.142 Y165.298 E538.93824
G1 X109.246 Y165.327 E538.94183
G1 X112.839 Y166.539 E539.06795
G1 X112.939 Y166.579 E539.07153
G1 X116.377 Y168.168 E539.1975
G1 X116.473 Y168.219 E539.20112
G1 X119.72 Y170.173 E539.32716
G1 X119.81 Y170.234 E539.33078
G1 X122.865 Y172.557 E539.45843
G1 X122.912 Y172.599 E539.46052
G1 X125.69 Y175.23 E539.58778
G1 X125.736 Y175.281 E539.59007
G1 X128.213 Y178.197 E539.71732
G1 X130.398 Y181.415 E539.84669
G1 X132.212 Y184.833 E539.97539
G1 X132.515 Y185.579 E540.00218
G1 X133.66 Y188.452 E540.10504
G1 X133.833 Y189.054 E540.12587
G1 X134.713 Y192.22 E540.23517
G1 X134.782 Y192.616 E540.24854
G1 X135.347 Y196.06 E540.36462
G1 X135.363 Y196.274 E540.37175
G1 X135.563 Y199.946 E540.49407
G1 X135.563 Y200.054 E540.49766
G1 X135.358 Y203.837 E540.62367
G1 X135.346 Y203.944 E540.62725
G1 X134.733 Y207.686 E540.75337
G1 X134.709 Y207.792 E540.75698
G1 X133.697 Y211.444 E540.88302
G1 X133.661 Y211.547 E540.88665
G1 X132.259 Y215.066 E541.01264
G1 X132.214 Y215.166 E541.01629
G1 X130.438 Y218.514 E541.14234
G1 X130.382 Y218.606 E541.14592
G1 X128.256 Y221.743 E541.27196
G1 X128.191 Y221.829 E541.27555
G1 X125.738 Y224.717 E541.40158
G1 X125.662 Y224.795 E541.4052
G1 X122.866 Y227.444 E541.5333
G1 X119.81 Y229.766 E541.66096
G1 X119.72 Y229.827 E541.66458
G1 X116.43 Y231.806 E541.79227
G1 X114.805 Y232.559 E541.85184
G1 X112.896 Y233.44 E541.92177
G1 X112.839 Y233.461 E541.92379
G1 X109.206 Y234.686 E542.05131
G1 X109.142 Y234.702 E542.0535
G1 X105.409 Y235.523 E542.18063
G1 X105.337 Y235.534 E542.18305
G1 X101.536 Y235.947 E542.31022
G1 X100.502 Y235.949 E542.34461
G1 X97.642 Y235.949 E542.43973
G1 X96.804 Y235.863 E542.46775
G1 X93.769 Y235.531 E542.5693
G1 X93.134 Y235.397 E542.59088
G1 X89.972 Y234.699 E542.69858
G1 X89.541 Y234.56 E542.71365
G1 X86.277 Y233.458 E542.82823
G1 X86.029 Y233.348 E542.83725
G1 X82.743 Y231.829 E542.95766
G1 X82.653 Y231.781 E542.96105
G1 X79.406 Y229.827 E543.08709
G1 X79.317 Y229.765 E543.0907
G1 X76.298 Y227.47 E543.21683
G1 X76.216 Y227.401 E543.2204
G1 X73.464 Y224.796 E543.34643
G1 X73.389 Y224.717 E543.35006
G1 X70.936 Y221.829 E543.47608
G1 X70.87 Y221.743 E543.47969
G1 X69.209 Y219.289 E543.57825
G1 X68.744 Y218.606 E543.60573
G1 X68.689 Y218.513 E543.60932
G1 X66.913 Y215.165 E543.73538
G1 X66.867 Y215.067 E543.73898
G1 X65.465 Y211.546 E543.86503
G1 X65.43 Y211.444 E543.86861
G1 X64.416 Y207.792 E543.99468
G1 X64.393 Y207.686 E543.99828
G1 X63.772 Y203.886 E544.12635
G1 X63.564 Y200.056 E544.25392
G1 X63.564 Y199.946 E544.25758
M204 S3000
M205 X10 Y10
G0 F6000 X63.089 Y200.015
M204 S1800
M205 X8 Y8
;TYPE:SKIN
G1 F793.4 X63.105 Y200.63 E544.28853
G1 F751.2 X63.121 Y201.245 E544.32122
G1 F713.2 X63.138 Y201.86 E544.35565
G1 F709 X63.178 Y202.374 E544.38467
G1 F737.3 X63.218 Y202.889 E544.41263
G1 F768 X63.259 Y203.403 E544.43943
G1 F801.3 X63.299 Y203.918 E544.46515
G1 F819.1 X63.303 Y203.95 E544.46673
G1 F797.3 X63.376 Y204.498 E544.4944
G1 F754.7 X63.449 Y205.046 E544.52364
G1 F717.5 X63.522 Y205.595 E544.55444
G1 F713.2 X63.624 Y206.148 E544.58591
G1 F740.7 X63.727 Y206.702 E544.61627
G1 F770.5 X63.83 Y207.256 E544.64546
G1 F802.7 X63.933 Y207.81 E544.67348
G1 F817.7 X63.939 Y207.842 E544.67507
G1 F784.3 X64.109 Y208.544 E544.71183
G1 F727.3 X64.28 Y209.247 E544.75153
G1 F714.3 X64.456 Y209.84 E544.7861
G1 F740.7 X64.633 Y210.433 E544.81944
G1 F768 X64.809 Y211.027 E544.85164
G1 F798.7 X64.986 Y211.62 E544.88256
G1 F812.2 X64.996 Y211.65 E544.88412
G1 F780.5 X65.21 Y212.25 E544.91669
G1 F726.2 X65.425 Y212.851 E544.95178
G1 F711.1 X65.627 Y213.336 E544.98126
G1 F730.6 X65.83 Y213.822 E545.01004
G1 F750 X66.033 Y214.307 E545.03802
G1 F771.7 X66.235 Y214.793 E545.06524
G1 F794.7 X66.438 Y215.278 E545.09164
G1 F805.4 X66.451 Y215.308 E545.09326
G1 F779.2 X66.689 Y215.801 E545.1213
G1 F730.6 X66.928 Y216.295 E545.15128
G1 F716.4 X67.198 Y216.789 E545.18265
G1 F732.8 X67.468 Y217.283 E545.21331
G1 F750 X67.738 Y217.777 E545.24327
G1 F769.2 X68.008 Y218.271 E545.27248
G1 F788.2 X68.278 Y218.765 E545.30098
G1 F752.4 X68.773 Y219.564 E545.35085
G1 F718.6 X69.058 Y219.975 E545.37863
G1 F730.6 X69.343 Y220.387 E545.40599
G1 F744.2 X69.629 Y220.799 E545.43289
G1 F757.1 X69.914 Y221.211 E545.4593
G1 F770.5 X70.2 Y221.623 E545.48528
G1 F785.6 X70.485 Y222.034 E545.51069
G1 F755.9 X70.955 Y222.643 E545.55131
G1 F728.4 X71.3 Y223.043 E545.58026
G1 F737.3 X71.646 Y223.443 E545.60889
G1 F746.5 X71.992 Y223.844 E545.6372
G1 F757.1 X72.338 Y224.244 E545.66508
G1 F766.8 X72.684 Y224.644 E545.69261
G1 F776.7 X73.03 Y225.045 E545.71983
G1 F755.9 X73.43 Y225.465 E545.75045
G1 F735.1 X73.84 Y225.849 E545.78096
G1 F740.7 X74.25 Y226.233 E545.81122
G1 F747.7 X74.66 Y226.617 E545.84121
G1 F753.5 X75.07 Y227.002 E545.871
G1 F759.5 X75.48 Y227.386 E545.90052
G1 F766.8 X75.89 Y227.77 E545.92976
G1 F750 X76.182 Y228.015 E545.95004
G1 F733.9 X76.587 Y228.321 E545.97765
G1 F738.5 X76.992 Y228.628 E546.00512
G1 F743 X77.397 Y228.934 E546.03238
G1 F746.5 X77.802 Y229.241 E546.05955
G1 F751.2 X78.207 Y229.547 E546.08652
G1 F755.9 X78.612 Y229.854 E546.11336
G1 F760.7 X79.017 Y230.16 E546.13999
G1 F757.1 X79.19 Y230.279 E546.15106
G1 F752.4 X82.384 Y232.203 E546.34887
G1 F758.3 X82.541 Y232.281 E546.3581
G1 F763.1 X83.007 Y232.497 E546.38496
G1 F760.7 X83.473 Y232.714 E546.41193
G1 F758.3 X83.939 Y232.931 E546.43899
G1 F754.7 X84.405 Y233.148 E546.46617
G1 F752.4 X84.871 Y233.364 E546.49342
G1 F750 X85.337 Y233.581 E546.52077
G1 F747.7 X85.804 Y233.798 E546.54826
G1 F760.7 X86.144 Y233.93 E546.5674
G1 F772.9 X86.683 Y234.115 E546.59683
G1 F765.6 X87.222 Y234.3 E546.62654
G1 F758.3 X87.761 Y234.485 E546.65653
G1 F751.2 X88.3 Y234.67 E546.68681
G1 F744.2 X88.839 Y234.856 E546.71739
G1 F737.3 X89.378 Y235.041 E546.74824
G1 F754.7 X89.876 Y235.181 E546.77559
G1 F779.2 X89.881 Y235.18 E546.77586
G1 F778 X90.401 Y235.298 E546.80321
G1 F769.2 X90.922 Y235.416 E546.83093
G1 F760.7 X91.443 Y235.534 E546.85896
G1 F752.4 X91.964 Y235.653 E546.88731
G1 F744.2 X92.485 Y235.771 E546.91596
G1 F736.2 X93.006 Y235.889 E546.94492
G1 F759.5 X93.593 Y235.992 E546.97624
G1 F793.4 X93.736 Y236.013 E546.98351
G1 F790.8 X94.235 Y236.072 E547.00887
G1 F776.7 X94.734 Y236.132 E547.0347
G1 F763.1 X95.234 Y236.192 E547.06103
G1 F750 X95.733 Y236.251 E547.08777
G1 F737.3 X96.233 Y236.311 E547.11503
G1 F725.1 X96.732 Y236.371 E547.1427
G1 F755.9 X97.521 Y236.424 E547.18445
G1 F798.7 X97.637 Y236.429 E547.19025
G1 F790.8 X98.207 Y236.436 E547.21903
G1 F771.7 X98.777 Y236.443 E547.24851
G1 F752.4 X99.347 Y236.451 E547.27875
G1 F735.1 X99.917 Y236.458 E547.3097
G1 F718.6 X100.487 Y236.466 E547.34137
G1 F731.7 X101.029 Y236.445 E547.37095
G1 F779.2 X101.573 Y236.424 E547.39884
G1 F806.7 X101.58 Y236.422 E547.3992
G1 F797.3 X102.108 Y236.373 E547.42574
G1 F774.2 X102.637 Y236.324 E547.45313
G1 F752.4 X103.166 Y236.275 E547.48131
G1 F732.8 X103.695 Y236.226 E547.51025
G1 F713.2 X104.224 Y236.177 E547.53998
G1 F728.4 X104.849 Y236.085 E547.57459
G1 F783 X105.474 Y235.994 E547.60679
G1 F812.2 X105.506 Y235.989 E547.60838
G1 F796 X106.109 Y235.868 E547.63921
G1 F766.8 X106.713 Y235.746 E547.67129
G1 F739.6 X107.317 Y235.625 E547.70453
G1 F714.3 X107.921 Y235.503 E547.73896
G1 F728.4 X108.621 Y235.325 E547.77854
G1 F786.9 X109.322 Y235.146 E547.81524
G1 F819.1 X109.353 Y235.137 E547.81681
G1 F802.7 X109.89 Y234.969 E547.84479
G1 F770.5 X110.427 Y234.8 E547.87395
G1 F740.7 X110.964 Y234.632 E547.90427
G1 F713.2 X111.502 Y234.463 E547.93582
G1 F717.5 X112.021 Y234.271 E547.96661
G1 F754.7 X112.54 Y234.078 E547.99589
G1 F797.3 X113.06 Y233.885 E548.02366
G1 F817.7 X113.09 Y233.873 E548.02523
G1 F800 X113.569 Y233.666 E548.05127
G1 F768 X114.048 Y233.458 E548.0784
G1 F738.5 X114.527 Y233.25 E548.10663
G1 F711.1 X115.006 Y233.042 E548.13594
G1 F716.4 X115.55 Y232.772 E548.16977
G1 F754.7 X116.095 Y232.501 E548.20196
G1 F798.7 X116.64 Y232.23 E548.23238
G1 F821.9 X116.668 Y232.215 E548.23392
G1 F798.7 X117.219 Y231.903 E548.26556
G1 F755.9 X117.771 Y231.59 E548.29907
G1 F717.5 X118.323 Y231.277 E548.33437
G1 F713.2 X118.746 Y231.007 E548.36245
G1 F739.6 X119.169 Y230.738 E548.3895
G1 F769.2 X119.592 Y230.469 E548.41551
G1 F800 X120.015 Y230.2 E548.44052
G1 F816.3 X120.041 Y230.182 E548.44207
G1 F794.7 X120.507 Y229.849 E548.47083
G1 F753.5 X120.974 Y229.516 E548.50121
G1 F717.5 X121.441 Y229.183 E548.53312
G1 F713.2 X121.87 Y228.841 E548.56382
G1 F741.9 X122.3 Y228.499 E548.59338
G1 F771.7 X122.73 Y228.157 E548.62179
G1 F805.4 X123.16 Y227.815 E548.64902
G1 F821.9 X123.184 Y227.795 E548.65054
G1 F800 X123.564 Y227.457 E548.67591
G1 F759.5 X123.945 Y227.119 E548.70268
G1 F722.9 X124.325 Y226.781 E548.73076
G1 F718.6 X124.75 Y226.362 E548.76391
G1 F745.3 X125.175 Y225.943 E548.79586
G1 F772.9 X125.601 Y225.524 E548.82672
G1 F804 X126.026 Y225.105 E548.85634
G1 F817.7 X126.047 Y225.084 E548.85779
G1 F785.6 X126.498 Y224.588 E548.89185
G1 F730.6 X126.95 Y224.092 E548.92851
G1 F715.4 X127.276 Y223.695 E548.95717
G1 F735.1 X127.602 Y223.298 E548.98507
G1 F755.9 X127.929 Y222.901 E549.01222
G1 F778 X128.255 Y222.503 E549.03862
G1 F801.3 X128.581 Y222.106 E549.0642
G1 F813.6 X128.602 Y222.079 E549.06588
G1 F785.6 X128.943 Y221.614 E549.09518
G1 F733.9 X129.284 Y221.149 E549.12654
G1 F719.6 X129.586 Y220.689 E549.15705
G1 F737.3 X129.889 Y220.229 E549.18687
G1 F755.9 X130.192 Y219.768 E549.216
G1 F776.7 X130.494 Y219.308 E549.24428
G1 F797.3 X130.797 Y218.847 E549.27189
G1 F759.5 X131.302 Y217.983 E549.32448
G1 F724 X131.572 Y217.46 E549.35693
G1 F739.6 X131.842 Y216.937 E549.38869
G1 F755.9 X132.112 Y216.413 E549.41982
G1 F772.9 X132.382 Y215.89 E549.45021
G1 F790.8 X132.653 Y215.366 E549.47998
G1 F758.3 X132.994 Y214.607 E549.52378
G1 F726.2 X133.181 Y214.124 E549.55225
G1 F737.3 X133.369 Y213.64 E549.58035
G1 F748.8 X133.557 Y213.156 E549.60803
G1 F759.5 X133.745 Y212.672 E549.63531
G1 F771.7 X133.933 Y212.188 E549.66217
G1 F784.3 X134.121 Y211.705 E549.68854
G1 F758.3 X134.327 Y211.083 E549.72303
G1 F733.9 X134.47 Y210.554 E549.75283
G1 F740.7 X134.614 Y210.024 E549.78242
G1 F748.8 X134.757 Y209.494 E549.81168
G1 F757.1 X134.901 Y208.964 E549.84063
G1 F764.3 X135.044 Y208.434 E549.8693
G1 F772.9 X135.188 Y207.904 E549.89766
G1 F754.7 X135.277 Y207.48 E549.92057
G1 F737.3 X135.356 Y206.985 E549.9477
G1 F741.9 X135.436 Y206.489 E549.97473
G1 F747.7 X135.515 Y205.993 E550.00154
G1 F752.4 X135.595 Y205.498 E550.02814
G1 F758.3 X135.675 Y205.002 E550.05459
G1 F764.3 X135.754 Y204.506 E550.08082
G1 F769.2 X135.834 Y204.011 E550.10683
G1 F758.3 X135.861 Y203.767 E550.11975
G1 F746.5 X135.889 Y203.24 E550.14797
G1 F748.8 X135.917 Y202.713 E550.1761
G1 F751.2 X135.945 Y202.186 E550.20414
G1 F753.5 X135.974 Y201.658 E550.23215
G1 F755.9 X136.002 Y201.131 E550.26001
G1 F758.3 X136.03 Y200.604 E550.28779
G1 F760.7 X136.059 Y200.077 E550.31548
G1 F761.9 X136.059 Y199.92 E550.32371
G1 F760.7 X136.032 Y199.398 E550.35113
G1 F758.3 X136.004 Y198.876 E550.37865
G1 F755.9 X135.977 Y198.354 E550.40624
G1 F753.5 X135.949 Y197.831 E550.43399
G1 F751.2 X135.922 Y197.309 E550.46176
G1 F748.8 X135.894 Y196.787 E550.48962
G1 F746.5 X135.866 Y196.265 E550.51757
G1 F758.3 X135.832 Y195.976 E550.53289
G1 F768 X135.741 Y195.406 E550.56288
G1 F760.7 X135.649 Y194.835 E550.59323
G1 F753.5 X135.557 Y194.264 E550.62386
G1 F745.3 X135.466 Y193.693 E550.65482
G1 F738.5 X135.374 Y193.122 E550.68608
G1 F731.7 X135.282 Y192.551 E550.71763
G1 F753.5 X135.182 Y192.087 E550.74277
G1 F776.7 X135.04 Y191.561 E550.77077
G1 F766.8 X134.897 Y191.035 E550.79914
G1 F757.1 X134.755 Y190.509 E550.82787
G1 F747.7 X134.612 Y189.983 E550.85696
G1 F738.5 X134.469 Y189.457 E550.88642
G1 F729.5 X134.327 Y188.931 E550.91623
G1 F757.1 X134.121 Y188.297 E550.95138
G1 F794.7 X134.117 Y188.292 E550.9517
G1 F790.8 X133.931 Y187.811 E550.97773
G1 F775.4 X133.744 Y187.33 E551.00429
G1 F761.9 X133.558 Y186.849 E551.0313
G1 F748.8 X133.371 Y186.368 E551.05881
G1 F735.1 X133.184 Y185.887 E551.08683
G1 F722.9 X132.998 Y185.406 E551.11531
G1 F754.7 X132.638 Y184.608 E551.1616
G1 F788.2 X132.375 Y184.097 E551.1907
G1 F770.5 X132.112 Y183.586 E551.22048
G1 F752.4 X131.848 Y183.075 E551.25099
G1 F736.2 X131.585 Y182.564 E551.28215
G1 F720.7 X131.321 Y182.053 E551.314
G1 F732.8 X131.061 Y181.605 E551.34221
G1 F778 X130.801 Y181.156 E551.36883
G1 F805.4 X130.795 Y181.15 E551.36925
G1 F797.3 X130.497 Y180.697 E551.39639
G1 F775.4 X130.199 Y180.243 E551.42434
G1 F753.5 X129.9 Y179.789 E551.45314
G1 F733.9 X129.602 Y179.335 E551.48267
G1 F715.4 X129.303 Y178.881 E551.513
G1 F729.5 X128.938 Y178.384 E551.54674
G1 F781.8 X128.574 Y177.887 E551.57819
G1 F812.2 X128.554 Y177.862 E551.57976
G1 F798.7 X128.159 Y177.38 E551.6109
G1 F770.5 X127.763 Y176.897 E551.64326
G1 F743 X127.367 Y176.415 E551.67677
G1 F718.6 X126.971 Y175.932 E551.71146
G1 F730.6 X126.507 Y175.422 E551.74912
G1 F785.6 X126.041 Y174.91 E551.7843
G1 F816.3 X126.019 Y174.887 E551.78585
G1 F800 X125.602 Y174.476 E551.81506
G1 F769.2 X125.184 Y174.065 E551.84548
G1 F739.6 X124.767 Y173.654 E551.87708
G1 F713.2 X124.349 Y173.243 E551.90988
G1 F716.4 X123.947 Y172.887 E551.9398
G1 F752.4 X123.544 Y172.529 E551.96839
G1 F792.1 X123.141 Y172.171 E551.99555
G1 F813.6 X123.117 Y172.151 E551.99709
G1 F797.3 X122.705 Y171.823 E552.02345
G1 F766.8 X122.293 Y171.495 E552.05086
G1 F737.3 X121.881 Y171.166 E552.0794
G1 F711.1 X121.468 Y170.838 E552.109
G1 F715.4 X120.992 Y170.498 E552.14164
G1 F752.4 X120.517 Y170.158 E552.17263
G1 F794.7 X120.042 Y169.818 E552.20196
G1 F816.3 X120.015 Y169.8 E552.20355
G1 F794.7 X119.462 Y169.448 E552.23647
G1 F753.5 X118.909 Y169.095 E552.27122
G1 F717.5 X118.356 Y168.743 E552.30769
G1 X117.792 Y168.423 E552.34376
G1 F755.9 X117.227 Y168.102 E552.37807
G1 F798.7 X116.662 Y167.782 E552.41052
G1 F820.5 X116.633 Y167.766 E552.41213
G1 F797.3 X116.102 Y167.502 E552.44181
G1 F755.9 X115.57 Y167.238 E552.47317
G1 F719.6 X115.038 Y166.973 E552.50614
G1 F714.3 X114.551 Y166.762 E552.53579
G1 F740.7 X114.063 Y166.55 E552.56446
G1 F768 X113.575 Y166.338 E552.59211
G1 F798.7 X113.087 Y166.126 E552.6187
G1 F813.6 X113.059 Y166.114 E552.62019
G1 F790.8 X112.551 Y165.925 E552.64755
G1 F748.8 X112.043 Y165.736 E552.67644
G1 F711.1 X111.535 Y165.547 E552.70686
G1 F706.9 X110.988 Y165.375 E552.73924
G1 F735.1 X110.441 Y165.204 E552.77035
G1 F764.3 X109.894 Y165.032 E552.8003
G1 F797.3 X109.347 Y164.861 E552.82898
G1 F812.2 X109.317 Y164.852 E552.83052
G1 F781.8 X108.637 Y164.679 E552.86635
G1 F729.5 X107.957 Y164.506 E552.90474
G1 F717.5 X107.352 Y164.384 E552.93907
G1 F741.9 X106.746 Y164.261 E552.97234
G1 F768 X106.14 Y164.139 E553.00446
G1 F796 X105.535 Y164.016 E553.03542
G1 F809.4 X105.388 Y163.991 E553.04277
G1 F781.8 X104.825 Y163.909 E553.07181
G1 F733.9 X104.262 Y163.827 E553.10275
G1 F720.7 X103.727 Y163.778 E553.13251
G1 F738.5 X103.191 Y163.728 E553.1616
G1 F757.1 X102.655 Y163.678 E553.18998
G1 F776.7 X102.119 Y163.628 E553.21764
G1 F797.3 X101.583 Y163.579 E553.24458
G1 F806.7 X101.55 Y163.576 E553.24622
G1 F780.5 X101.033 Y163.556 E553.27268
G1 F733.9 X100.516 Y163.535 E553.30082
G1 F720.7 X99.941 Y163.542 E553.33266
G1 F736.2 X99.365 Y163.549 E553.36389
G1 F752.4 X98.789 Y163.556 E553.39445
G1 F770.5 X98.213 Y163.563 E553.42429
G1 F788.2 X97.637 Y163.57 E553.45346
G1 F752.4 X96.766 Y163.627 E553.49977
G1 F718.6 X96.262 Y163.686 E553.52795
G1 F730.6 X95.757 Y163.746 E553.55574
G1 F744.2 X95.253 Y163.805 E553.58295
G1 F757.1 X94.748 Y163.865 E553.60976
G1 F770.5 X94.244 Y163.925 E553.63605
G1 F785.6 X93.739 Y163.984 E553.66189
G1 F758.3 X93.025 Y164.105 E553.7
G1 F731.7 X92.499 Y164.225 E553.72943
G1 F740.7 X91.972 Y164.345 E553.75855
G1 F750 X91.446 Y164.465 E553.78726
G1 F759.5 X90.919 Y164.585 E553.81567
G1 F769.2 X90.393 Y164.705 E553.84366
G1 F779.2 X89.866 Y164.825 E553.87134
G1 F758.3 X89.399 Y164.958 E553.8969
G1 F737.3 X88.856 Y165.143 E553.92795
G1 F743 X88.313 Y165.328 E553.95877
G1 F750 X87.769 Y165.513 E553.98935
G1 F755.9 X87.226 Y165.698 E554.01963
G1 F761.9 X86.682 Y165.883 E554.04973
G1 F769.2 X86.139 Y166.068 E554.0795
G1 F758.3 X85.817 Y166.196 E554.09774
G1 F746.5 X85.27 Y166.45 E554.12998
G1 F748.8 X84.722 Y166.705 E554.1622
G1 F751.2 X84.174 Y166.959 E554.19429
G1 F753.5 X83.626 Y167.214 E554.2263
G1 F755.9 X83.078 Y167.468 E554.2582
G1 F758.3 X82.53 Y167.723 E554.29001
G1 X82.394 Y167.794 E554.29808
G1 F755.9 X81.597 Y168.273 E554.34718
G1 F753.5 X80.8 Y168.752 E554.39643
G1 F751.2 X80.003 Y169.231 E554.44584
G1 F748.8 X79.206 Y169.71 E554.4954
G1 F755.9 X79.017 Y169.843 E554.5076
G1 F763.1 X78.616 Y170.146 E554.53389
G1 F759.5 X78.215 Y170.449 E554.5603
G1 F755.9 X77.813 Y170.752 E554.58688
G1 F752.4 X77.412 Y171.055 E554.61355
G1 F750 X77.01 Y171.358 E554.64034
G1 F746.5 X76.609 Y171.661 E554.66721
G1 F743 X76.207 Y171.964 E554.69425
G1 F759.5 X75.88 Y172.245 E554.7169
G1 F775.4 X75.474 Y172.624 E554.74549
G1 F765.6 X75.068 Y173.004 E554.77448
G1 F757.1 X74.661 Y173.383 E554.8038
G1 F748.8 X74.255 Y173.763 E554.83344
G1 F739.6 X73.849 Y174.142 E554.86341
G1 F731.7 X73.442 Y174.522 E554.89379
G1 F755.9 X73.029 Y174.956 E554.92542
G1 F786.9 X73.017 Y174.97 E554.92635
G1 F781.8 X72.676 Y175.366 E554.95303
G1 F769.2 X72.334 Y175.762 E554.98018
G1 F758.3 X71.992 Y176.158 E555.00772
G1 F747.7 X71.651 Y176.554 E555.03562
G1 F736.2 X71.309 Y176.95 E555.06399
G1 F726.2 X70.967 Y177.346 E555.09275
G1 F757.1 X70.504 Y177.942 E555.13253
G1 F798.7 X70.485 Y177.968 E555.13414
G1 F790.8 X70.147 Y178.456 E555.1641
G1 F772.9 X69.808 Y178.944 E555.19478
G1 F754.7 X69.47 Y179.432 E555.22618
G1 F738.5 X69.131 Y179.92 E555.25829
G1 F722.9 X68.792 Y180.408 E555.2911
G1 F755.9 X68.28 Y181.235 E555.34246
G1 F793.4 X68.013 Y181.723 E555.37044
G1 F772.9 X67.745 Y182.212 E555.39923
G1 F753.5 X67.478 Y182.7 E555.4287
G1 F736.2 X67.21 Y183.189 E555.45893
G1 F718.6 X66.943 Y183.677 E555.48983
G1 F732.8 X66.691 Y184.198 E555.52135
G1 F781.8 X66.439 Y184.721 E555.55099
G1 F797.3 X66.239 Y185.2 E555.57697
G1 F774.2 X66.039 Y185.679 E555.60373
G1 F752.4 X65.839 Y186.158 E555.63127
G1 F732.8 X65.639 Y186.637 E555.65954
G1 F713.2 X65.439 Y187.116 E555.68858
G1 F728.4 X65.214 Y187.744 E555.72514
G1 F783 X64.989 Y188.37 E555.75904
G1 F813.6 X64.979 Y188.4 E555.7606
G1 F797.3 X64.808 Y188.976 E555.79067
G1 F766.8 X64.636 Y189.553 E555.82201
G1 F738.5 X64.464 Y190.13 E555.85455
G1 F712.2 X64.292 Y190.707 E555.8883
G1 F716.4 X64.175 Y191.193 E555.91615
G1 F752.4 X64.057 Y191.68 E555.94273
G1 F792.1 X63.939 Y192.167 E555.96798
G1 F814.9 X63.932 Y192.199 E555.96958
G1 F801.3 X63.832 Y192.742 E555.99708
G1 F770.5 X63.731 Y193.286 E556.02574
G1 F743 X63.63 Y193.83 E556.05547
G1 F716.4 X63.529 Y194.373 E556.08623
G1 F721.8 X63.454 Y194.932 E556.11742
G1 F758.3 X63.379 Y195.492 E556.14716
G1 F800 X63.304 Y196.053 E556.1754
G1 F820.5 X63.3 Y196.084 E556.17692
G1 F802.7 X63.261 Y196.589 E556.2021
G1 F770.5 X63.221 Y197.095 E556.2284
G1 F740.7 X63.181 Y197.6 E556.25569
G1 F713.2 X63.141 Y198.106 E556.2841
G1 F717.5 X63.124 Y198.732 E556.31893
G1 F753.5 X63.107 Y199.357 E556.35205
G1 F794.7 X63.09 Y199.982 E556.38345
G1 F816.3 X63.089 Y200.015 E556.38506
M204 S3000
M205 X10 Y10
;MESH:NONMESH
G0 F600 X63.089 Y200.015 Z1.8
G0 F6000 X62.323 Y198.083
G0 X61.814 Y198.056
;TIME_ELAPSED:440.064913
;LAYER:8
M204 S1800
M205 X8 Y8
;TYPE:WALL-OUTER
;MESH:15_4_2.stl
G1 F3000 X61.814 Y201.946 E556.51445
G1 X62.215 Y205.816 E556.64385
G1 X63.008 Y209.614 E556.7729
G1 X64.193 Y213.334 E556.90275
G1 X65.753 Y216.9 E557.03221
G1 X67.669 Y220.286 E557.16161
G1 X69.924 Y223.458 E557.29105
G1 X72.491 Y226.381 E557.42044
G1 X75.354 Y229.03 E557.55017
G1 X78.464 Y231.361 E557.67944
G1 X81.799 Y233.364 E557.80883
G1 X85.326 Y235.014 E557.93834
G1 X89.013 Y236.299 E558.06821
G1 X92.789 Y237.186 E558.19722
G1 X96.579 Y237.677 E558.32432
G1 X97.474 Y237.708 E558.35411
G1 X100.535 Y237.786 E558.45595
G1 X104.415 Y237.486 E558.58539
G1 X108.244 Y236.788 E558.71484
G1 X111.968 Y235.704 E558.84384
G1 X115.586 Y234.235 E558.97372
G1 X119.022 Y232.405 E559.1032
G1 X122.251 Y230.233 E559.23263
G1 X125.238 Y227.741 E559.36201
G1 X127.956 Y224.952 E559.49154
G1 X130.37 Y221.9 E559.62096
G1 X132.458 Y218.619 E559.75031
G1 X134.199 Y215.135 E559.87985
G1 X135.553 Y211.544 E560.0075
G1 X135.594 Y211.416 E560.01197
G1 X136.563 Y207.731 E560.1387
G1 X137.162 Y203.884 E560.26819
G1 X137.362 Y199.998 E560.39761
G1 X137.167 Y196.182 E560.5247
G1 X137.11 Y195.776 E560.53834
G1 X136.563 Y192.268 E560.65642
G1 X135.575 Y188.519 E560.78537
G1 X134.199 Y184.863 E560.9153
G1 X132.458 Y181.381 E561.04478
G1 X130.37 Y178.1 E561.17413
G1 X127.954 Y175.046 E561.30365
G1 X125.238 Y172.259 E561.43308
G1 X122.249 Y169.765 E561.56256
G1 X119.022 Y167.595 E561.6919
G1 X115.586 Y165.765 E561.82138
G1 X113.62 Y164.965 E561.89197
G1 X111.968 Y164.292 E561.9513
G1 X108.244 Y163.213 E562.08026
G1 X104.415 Y162.514 E562.20972
G1 X100.535 Y162.214 E562.33915
G1 X96.647 Y162.313 E562.46851
G1 X92.789 Y162.813 E562.5979
G1 X89.014 Y163.705 E562.72691
G1 X85.692 Y164.858 E562.84387
G1 X85.266 Y165.014 E562.85896
G1 X81.799 Y166.636 E562.98627
G1 X78.464 Y168.639 E563.11566
G1 X75.356 Y170.971 E563.24489
G1 X72.491 Y173.619 E563.37465
G1 X69.924 Y176.542 E563.50404
G1 X67.669 Y179.714 E563.63348
G1 X65.753 Y183.1 E563.76288
G1 X64.193 Y186.666 E563.89234
G1 X63.803 Y187.888 E563.935
G1 X63.004 Y190.386 E564.02223
G1 X62.215 Y194.184 E564.15125
G1 X61.814 Y198.056 E564.28073
M204 S3000
M205 X10 Y10
G0 F6000 X61.814 Y198.256
G0 X62.324 Y198.256
G0 X63.854 Y200.039
G0 X64.363 Y200.012
M204 S1800
M205 X8 Y8
G1 F3000 X64.568 Y196.197 E564.4078
G1 X65.185 Y192.435 E564.53459
G1 X66.204 Y188.763 E564.66134
G1 X67.613 Y185.223 E564.78806
G1 X69.407 Y181.843 E564.91534
G1 X71.546 Y178.689 E565.04209
G1 X74.014 Y175.785 E565.16884
G1 X76.768 Y173.179 E565.29495
G1 X79.801 Y170.871 E565.42172
G1 X83.066 Y168.904 E565.54849
G1 X86.543 Y167.297 E565.67589
G1 X90.157 Y166.079 E565.80274
G1 X93.873 Y165.262 E565.92929
G1 X97.668 Y164.851 E566.05625
G1 X101.474 Y164.851 E566.18283
G1 X105.272 Y165.265 E566.3099
G1 X108.982 Y166.082 E566.43626
G1 X112.603 Y167.305 E566.56337
G1 X116.061 Y168.904 E566.69009
G1 X119.326 Y170.871 E566.81687
G1 X122.352 Y173.172 E566.94331
G1 X125.116 Y175.789 E567.06991
G1 X127.593 Y178.706 E567.19719
G1 X129.722 Y181.846 E567.32337
G1 X131.514 Y185.227 E567.45064
G1 X132.916 Y188.748 E567.57669
G1 X133.943 Y192.443 E567.70424
G1 X134.558 Y196.204 E567.831
G1 X134.763 Y200.01 E567.95777
G1 X134.557 Y203.813 E568.08444
G1 X133.938 Y207.578 E568.21135
G1 X132.919 Y211.247 E568.338
G1 X131.506 Y214.79 E568.46486
G1 X129.719 Y218.157 E568.59165
G1 X127.58 Y221.311 E568.7184
G1 X125.112 Y224.215 E568.84515
G1 X122.345 Y226.834 E568.97187
G1 X119.308 Y229.141 E569.09872
G1 X116.043 Y231.105 E569.22545
G1 X112.583 Y232.703 E569.35221
G1 X108.97 Y233.921 E569.47902
G1 X105.25 Y234.738 E569.6057
G1 X101.458 Y235.149 E569.73256
G1 X97.646 Y235.148 E569.85935
G1 X93.873 Y234.738 E569.98558
G1 X90.155 Y233.92 E570.1122
G1 X89.797 Y233.801 E570.12474
G1 X86.522 Y232.695 E570.23971
G1 X83.066 Y231.096 E570.36637
G1 X79.801 Y229.129 E570.49315
G1 X76.782 Y226.834 E570.61928
G1 X74.33 Y224.515 E570.73153
G1 X73.999 Y224.199 E570.74675
G1 X71.546 Y221.311 E570.87278
G1 X69.398 Y218.143 E571.00008
G1 X67.611 Y214.771 E571.12701
G1 X66.202 Y211.23 E571.25377
G1 X65.183 Y207.557 E571.38055
G1 X64.568 Y203.793 E571.5074
G1 X64.363 Y200.012 E571.63334
M204 S3000
M205 X10 Y10
G0 F6000 X64.373 Y199.813
G0 X63.963 Y200.034
M204 S1800
M205 X8 Y8
;TYPE:WALL-INNER
G1 F3000 X63.963 Y199.968 E571.63553
G1 X64.17 Y196.156 E571.76251
G1 X64.788 Y192.378 E571.88983
G1 X64.802 Y192.315 E571.89198
G1 X65.823 Y188.641 E572.01881
G1 X65.837 Y188.601 E572.02022
G1 X67.247 Y185.063 E572.14689
G1 X67.266 Y185.022 E572.1484
G1 X69.05 Y181.66 E572.27499
G1 X69.539 Y180.935 E572.30407
G1 X71.209 Y178.471 E572.40307
G1 X71.65 Y177.948 E572.42583
G1 X73.701 Y175.535 E572.53116
G1 X74.054 Y175.195 E572.54746
G1 X76.496 Y172.885 E572.65926
G1 X76.74 Y172.696 E572.66953
G1 X79.562 Y170.551 E572.78742
G1 X79.655 Y170.491 E572.79111
G1 X82.864 Y168.559 E572.91569
G1 X82.916 Y168.532 E572.91764
G1 X86.354 Y166.942 E573.04362
G1 X86.415 Y166.918 E573.0458
G1 X90.009 Y165.706 E573.17195
G1 X90.071 Y165.688 E573.1741
G1 X93.769 Y164.874 E573.30004
G1 X93.833 Y164.864 E573.3022
G1 X97.602 Y164.454 E573.42829
G1 X97.668 Y164.451 E573.43049
G1 X101.458 Y164.451 E573.55655
G1 X101.523 Y164.454 E573.55871
G1 X105.293 Y164.864 E573.68484
G1 X105.358 Y164.874 E573.68703
G1 X109.056 Y165.688 E573.81297
G1 X109.118 Y165.706 E573.81512
G1 X112.746 Y166.931 E573.94248
G1 X114.637 Y167.803 E574.01174
G1 X116.24 Y168.546 E574.0705
G1 X119.539 Y170.532 E574.19857
G1 X122.608 Y172.864 E574.32677
G1 X122.637 Y172.889 E574.32805
G1 X125.385 Y175.493 E574.45396
G1 X125.43 Y175.54 E574.45613
G1 X127.899 Y178.445 E574.58293
G1 X130.049 Y181.617 E574.71038
G1 X130.501 Y182.46 E574.7422
G1 X131.866 Y185.032 E574.83904
G1 X133.293 Y188.609 E574.96713
G1 X134.326 Y192.322 E575.09532
G1 X134.387 Y192.681 E575.10743
G1 X134.952 Y196.122 E575.22341
G1 X134.964 Y196.296 E575.22921
G1 X135.164 Y199.998 E575.35252
G1 X134.965 Y203.702 E575.47589
G1 X134.951 Y203.879 E575.4818
G1 X134.338 Y207.621 E575.60792
G1 X134.324 Y207.685 E575.6101
G1 X133.311 Y211.337 E575.73615
G1 X133.289 Y211.399 E575.73834
G1 X131.887 Y214.918 E575.86433
G1 X131.86 Y214.978 E575.86652
G1 X130.061 Y218.367 E575.99413
G1 X127.899 Y221.554 E576.12222
G1 X125.405 Y224.489 E576.25032
G1 X122.609 Y227.136 E576.37838
G1 X119.539 Y229.467 E576.50659
G1 X119.514 Y229.484 E576.50759
G1 X116.242 Y231.453 E576.63461
G1 X112.746 Y233.07 E576.76272
G1 X109.094 Y234.302 E576.89091
G1 X109.056 Y234.312 E576.89222
G1 X105.337 Y235.13 E577.01887
G1 X101.505 Y235.548 E577.14708
G1 X97.652 Y235.549 E577.27523
G1 X96.847 Y235.465 E577.30215
G1 X93.821 Y235.135 E577.40339
G1 X93.22 Y235.005 E577.42384
G1 X90.063 Y234.31 E577.53136
G1 X89.669 Y234.18 E577.54516
G1 X86.409 Y233.08 E577.65959
G1 X86.197 Y232.986 E577.66731
G1 X82.913 Y231.467 E577.78765
G1 X82.859 Y231.438 E577.78969
G1 X79.613 Y229.484 E577.9157
G1 X79.559 Y229.447 E577.91788
G1 X76.54 Y227.152 E578.04401
G1 X76.491 Y227.11 E578.04616
G1 X73.739 Y224.505 E578.17219
G1 X73.694 Y224.458 E578.17436
G1 X71.241 Y221.57 E578.30039
G1 X71.202 Y221.518 E578.30255
G1 X69.05 Y218.34 E578.4302
G1 X67.266 Y214.978 E578.55679
G1 X67.239 Y214.919 E578.55895
G1 X65.823 Y211.359 E578.68638
G1 X64.802 Y207.685 E578.81321
G1 X64.788 Y207.622 E578.81535
G1 X64.17 Y203.845 E578.94265
G1 X63.963 Y200.034 E579.06959
M204 S3000
M205 X10 Y10
G0 F6000 X63.854 Y200.039
G0 X62.323 Y198.083
G0 X62.214 Y198.077
M204 S1800
M205 X8 Y8
G1 F3000 X62.214 Y201.925 E579.19757
G1 X62.611 Y205.754 E579.32561
G1 X63.396 Y209.512 E579.4533
G1 X64.568 Y213.193 E579.58179
G1 X66.111 Y216.721 E579.70986
G1 X67.497 Y219.171 E579.80348
G1 X68.007 Y220.071 E579.83789
G1 X70.238 Y223.21 E579.96597
G1 X72.778 Y226.101 E580.09397
G1 X75.274 Y228.41 E580.20706
G1 X75.647 Y228.75 E580.22385
G1 X78.481 Y230.874 E580.34164
G1 X78.727 Y231.052 E580.35174
G1 X81.934 Y232.98 E580.4762
G1 X82.161 Y233.091 E580.4846
G1 X85.477 Y234.643 E580.60638
G1 X89.125 Y235.914 E580.73486
G1 X92.861 Y236.792 E580.86251
G1 X93.465 Y236.87 E580.88276
G1 X96.678 Y237.287 E580.99052
G1 X100.525 Y237.386 E581.11852
G1 X104.363 Y237.089 E581.24655
G1 X108.152 Y236.398 E581.37465
G1 X111.836 Y235.326 E581.50227
G1 X113.32 Y234.723 E581.55554
G1 X115.416 Y233.872 E581.63078
G1 X118.816 Y232.061 E581.75891
G1 X122.011 Y229.913 E581.88696
G1 X124.966 Y227.447 E582.01497
G1 X127.655 Y224.688 E582.14311
G1 X130.044 Y221.668 E582.27118
G1 X132.109 Y218.421 E582.39917
G1 X133.832 Y214.975 E582.52731
G1 X135.196 Y211.359 E582.65585
G1 X136.039 Y208.149 E582.76624
G1 X136.171 Y207.649 E582.78344
G1 X136.763 Y203.843 E582.91155
G1 X136.961 Y199.998 E583.0396
G1 X136.764 Y196.155 E583.16759
G1 X136.171 Y192.35 E583.29567
G1 X135.193 Y188.641 E583.42325
G1 X133.832 Y185.023 E583.55182
G1 X132.11 Y181.579 E583.67989
G1 X130.044 Y178.332 E583.80789
G1 X127.653 Y175.31 E583.93606
G1 X124.966 Y172.553 E584.0641
G1 X122.009 Y170.085 E584.19221
G1 X118.816 Y167.939 E584.32016
G1 X115.416 Y166.128 E584.44829
G1 X111.836 Y164.67 E584.57686
G1 X108.152 Y163.603 E584.70442
G1 X104.363 Y162.912 E584.83252
G1 X100.525 Y162.615 E584.96056
G1 X97.485 Y162.691 E585.0617
G1 X96.678 Y162.713 E585.08855
G1 X92.861 Y163.207 E585.21656
G1 X89.678 Y163.959 E585.32535
G1 X89.126 Y164.089 E585.34421
G1 X85.477 Y165.357 E585.47269
G1 X81.987 Y166.99 E585.60085
G1 X78.688 Y168.971 E585.72884
G1 X75.612 Y171.279 E585.85674
G1 X72.778 Y173.899 E585.98511
G1 X70.238 Y176.79 E586.11311
G1 X68.007 Y179.929 E586.24119
G1 X66.111 Y183.279 E586.36922
G1 X64.568 Y186.808 E586.49733
G1 X64.184 Y188.01 E586.5393
G1 X63.392 Y190.488 E586.62582
G1 X62.611 Y194.246 E586.75348
G1 X62.441 Y195.889 E586.80842
G1 X62.214 Y198.077 E586.88159
M204 S3000
M205 X10 Y10
G0 F6000 X62.614 Y198.097
M204 S1800
M205 X8 Y8
G1 F3000 X62.614 Y201.905 E587.00824
G1 X63.007 Y205.692 E587.13487
G1 X63.471 Y207.924 E587.2107
G1 X63.492 Y208.016 E587.21383
G1 X63.783 Y209.41 E587.2612
G1 X64.943 Y213.051 E587.3883
G1 X65.985 Y215.434 E587.4748
G1 X66.469 Y216.542 E587.51502
G1 X67.846 Y218.974 E587.60797
G1 X68.345 Y219.856 E587.64168
G1 X70.077 Y222.293 E587.74112
G1 X70.552 Y222.961 E587.76838
G1 X72.653 Y225.353 E587.87427
G1 X73.065 Y225.821 E587.89501
G1 X75.546 Y228.117 E588.00744
G1 X75.887 Y228.43 E588.02283
G1 X78.721 Y230.554 E588.14063
G1 X78.933 Y230.71 E588.14938
G1 X82.139 Y232.638 E588.27381
G1 X82.33 Y232.729 E588.28085
G1 X85.628 Y234.272 E588.40195
G1 X89.237 Y235.529 E588.52906
G1 X89.748 Y235.652 E588.54654
G1 X89.77 Y235.654 E588.54728
G1 X92.933 Y236.397 E588.65534
G1 X93.517 Y236.473 E588.67493
G1 X96.709 Y236.887 E588.78198
G1 X97.618 Y236.913 E588.81223
G1 X97.656 Y236.912 E588.81349
G1 X100.515 Y236.985 E588.90862
G1 X101.495 Y236.91 E588.94131
G1 X104.312 Y236.692 E589.03528
G1 X105.473 Y236.479 E589.07454
G1 X108.06 Y236.008 E589.162
G1 X111.705 Y234.947 E589.28826
G1 X113.169 Y234.353 E589.34081
G1 X115.246 Y233.509 E589.41538
G1 X118.61 Y231.718 E589.54213
G1 X121.77 Y229.592 E589.66881
G1 X124.694 Y227.153 E589.79545
G1 X127.354 Y224.423 E589.92223
G1 X129.717 Y221.436 E590.04891
G1 X131.76 Y218.224 E590.17552
G1 X133.464 Y214.814 E590.3023
G1 X134.814 Y211.237 E590.42947
G1 X135.779 Y207.567 E590.55568
G1 X136.365 Y203.801 E590.68245
G1 X136.56 Y199.998 E590.8091
G1 X136.367 Y196.223 E590.93482
G1 X136.319 Y195.898 E590.94575
G1 X135.779 Y192.432 E591.06242
G1 X134.812 Y188.763 E591.18862
G1 X133.464 Y185.183 E591.31585
G1 X131.761 Y181.776 E591.44254
G1 X129.717 Y178.564 E591.56916
G1 X127.352 Y175.574 E591.69596
G1 X124.694 Y172.847 E591.82262
G1 X121.768 Y170.406 E591.94936
G1 X118.61 Y168.282 E592.07594
G1 X116.941 Y167.394 E592.13882
G1 X115.246 Y166.491 E592.20269
G1 X113.255 Y165.678 E592.27422
G1 X113.17 Y165.646 E592.27724
G1 X111.705 Y165.049 E592.32986
G1 X109.53 Y164.419 E592.40518
G1 X108.06 Y163.993 E592.45608
G1 X104.312 Y163.309 E592.5828
G1 X101.654 Y163.103 E592.67147
G1 X100.515 Y163.015 E592.70946
G1 X96.709 Y163.112 E592.83609
G1 X93.676 Y163.505 E592.93781
G1 X92.96 Y163.598 E592.96183
G1 X92.908 Y163.607 E592.96358
G1 X89.238 Y164.474 E593.08901
G1 X85.627 Y165.728 E593.21615
G1 X82.175 Y167.343 E593.3429
G1 X78.911 Y169.303 E593.46953
G1 X75.869 Y171.586 E593.59604
G1 X73.065 Y174.179 E593.72306
G1 X70.552 Y177.039 E593.84969
G1 X70.17 Y177.576 E593.87161
G1 X68.345 Y180.144 E593.97639
G1 X66.47 Y183.458 E594.10304
G1 X66.05 Y184.418 E594.13789
G1 X64.943 Y186.949 E594.22977
G1 X64.566 Y188.132 E594.27107
G1 X63.78 Y190.59 E594.3569
G1 X63.49 Y191.984 E594.40425
G1 X63.007 Y194.307 E594.48317
G1 X62.614 Y198.097 E594.6099
M204 S3000
M205 X10 Y10
G0 F6000 X63.564 Y199.946
M204 S1800
M205 X8 Y8
G1 F3000 X63.772 Y196.114 E594.73754
G1 X64.039 Y194.471 E594.79291
G1 X64.401 Y192.272 E594.86703
G1 X64.416 Y192.208 E594.86922
G1 X65.442 Y188.519 E594.99657
G1 X65.465 Y188.453 E594.99889
G1 X66.88 Y184.903 E595.126
G1 X66.913 Y184.835 E595.12852
G1 X68.702 Y181.463 E595.25548
G1 X69.208 Y180.71 E595.28565
G1 X70.883 Y178.239 E595.38494
G1 X71.345 Y177.689 E595.40883
G1 X73.4 Y175.271 E595.51437
G1 X73.779 Y174.905 E595.5319
G1 X76.225 Y172.591 E595.64389
G1 X76.498 Y172.378 E595.6554
G1 X79.322 Y170.231 E595.77339
G1 X79.449 Y170.148 E595.77844
G1 X82.661 Y168.214 E595.90314
G1 X82.748 Y168.169 E595.9064
G1 X86.186 Y166.579 E596.03238
G1 X86.287 Y166.539 E596.036
G1 X89.881 Y165.327 E596.16215
G1 X89.985 Y165.297 E596.16575
G1 X93.683 Y164.483 E596.29169
G1 X93.79 Y164.466 E596.29529
G1 X97.559 Y164.056 E596.42139
G1 X97.668 Y164.051 E596.42502
G1 X101.458 Y164.051 E596.55108
G1 X101.567 Y164.056 E596.5547
G1 X105.337 Y164.466 E596.68083
G1 X105.444 Y164.484 E596.68444
G1 X109.142 Y165.298 E596.81038
G1 X109.246 Y165.327 E596.81397
G1 X112.839 Y166.539 E596.94009
G1 X112.939 Y166.579 E596.94368
G1 X116.377 Y168.168 E597.06965
G1 X116.473 Y168.219 E597.07326
G1 X119.72 Y170.173 E597.19931
G1 X119.81 Y170.234 E597.20292
G1 X122.865 Y172.557 E597.33057
G1 X122.912 Y172.599 E597.33267
G1 X125.69 Y175.23 E597.45993
G1 X125.736 Y175.281 E597.46221
G1 X128.213 Y178.197 E597.58946
G1 X130.398 Y181.415 E597.71884
G1 X132.212 Y184.833 E597.84754
G1 X132.515 Y185.579 E597.87432
G1 X133.66 Y188.452 E597.97718
G1 X133.833 Y189.054 E597.99802
G1 X134.713 Y192.22 E598.10731
G1 X134.782 Y192.616 E598.12068
G1 X135.347 Y196.06 E598.23676
G1 X135.363 Y196.274 E598.2439
G1 X135.563 Y199.946 E598.36621
G1 X135.563 Y200.054 E598.3698
G1 X135.358 Y203.837 E598.49581
G1 X135.346 Y203.944 E598.49939
G1 X134.733 Y207.686 E598.62551
G1 X134.709 Y207.792 E598.62912
G1 X133.697 Y211.444 E598.75517
G1 X133.661 Y211.547 E598.7588
G1 X132.259 Y215.066 E598.88478
G1 X132.214 Y215.166 E598.88843
G1 X130.438 Y218.514 E599.01448
G1 X130.382 Y218.606 E599.01807
G1 X128.256 Y221.743 E599.14411
G1 X128.191 Y221.829 E599.14769
G1 X125.738 Y224.717 E599.27372
G1 X125.662 Y224.795 E599.27734
G1 X122.866 Y227.444 E599.40545
G1 X119.81 Y229.766 E599.5331
G1 X119.72 Y229.827 E599.53672
G1 X116.43 Y231.806 E599.66442
G1 X114.805 Y232.559 E599.72398
G1 X112.896 Y233.44 E599.79391
G1 X112.839 Y233.461 E599.79593
G1 X109.206 Y234.686 E599.92345
G1 X109.142 Y234.702 E599.92565
G1 X105.409 Y235.523 E600.05277
G1 X105.337 Y235.534 E600.0552
G1 X101.536 Y235.947 E600.18236
G1 X100.502 Y235.949 E600.21675
G1 X97.642 Y235.949 E600.31188
G1 X96.804 Y235.863 E600.33989
G1 X93.769 Y235.531 E600.44144
G1 X93.134 Y235.397 E600.46303
G1 X89.972 Y234.699 E600.57073
G1 X89.541 Y234.56 E600.58579
G1 X86.277 Y233.458 E600.70037
G1 X86.029 Y233.348 E600.70939
G1 X82.743 Y231.829 E600.8298
G1 X82.653 Y231.781 E600.83319
G1 X79.406 Y229.827 E600.95924
G1 X79.317 Y229.765 E600.96284
G1 X76.298 Y227.47 E601.08897
G1 X76.216 Y227.401 E601.09254
G1 X73.464 Y224.796 E601.21857
G1 X73.389 Y224.717 E601.2222
G1 X70.936 Y221.829 E601.34823
G1 X70.87 Y221.743 E601.35183
G1 X69.209 Y219.289 E601.45039
G1 X68.744 Y218.606 E601.47787
G1 X68.689 Y218.513 E601.48147
G1 X66.913 Y215.165 E601.60752
G1 X66.867 Y215.067 E601.61112
G1 X65.465 Y211.546 E601.73717
G1 X65.43 Y211.444 E601.74076
G1 X64.416 Y207.792 E601.86682
G1 X64.393 Y207.686 E601.87043
G1 X63.772 Y203.886 E601.99849
G1 X63.564 Y200.056 E602.12606
G1 X63.564 Y199.946 E602.12972
M204 S3000
M205 X10 Y10
G0 F6000 X63.089 Y200.015
M204 S1800
M205 X8 Y8
;TYPE:SKIN
G1 F793.4 X63.105 Y200.63 E602.16067
G1 F751.2 X63.121 Y201.245 E602.19336
G1 F713.2 X63.138 Y201.86 E602.22779
G1 F709 X63.178 Y202.374 E602.25681
G1 F737.3 X63.218 Y202.889 E602.28477
G1 F768 X63.259 Y203.403 E602.31157
G1 F801.3 X63.299 Y203.918 E602.3373
G1 F819.1 X63.303 Y203.95 E602.33887
G1 F797.3 X63.376 Y204.498 E602.36654
G1 F754.7 X63.449 Y205.046 E602.39578
G1 F717.5 X63.522 Y205.595 E602.42659
G1 F713.2 X63.624 Y206.148 E602.45805
G1 F740.7 X63.727 Y206.702 E602.48842
G1 F770.5 X63.83 Y207.256 E602.51761
G1 F802.7 X63.933 Y207.81 E602.54563
G1 F817.7 X63.939 Y207.842 E602.54721
G1 F784.3 X64.109 Y208.544 E602.58397
G1 F727.3 X64.28 Y209.247 E602.62368
G1 F714.3 X64.456 Y209.84 E602.65824
G1 F740.7 X64.633 Y210.433 E602.69158
G1 F768 X64.809 Y211.027 E602.72378
G1 F798.7 X64.986 Y211.62 E602.75471
G1 F812.2 X64.996 Y211.65 E602.75626
G1 F780.5 X65.21 Y212.25 E602.78884
G1 F726.2 X65.425 Y212.851 E602.82392
G1 F711.1 X65.627 Y213.336 E602.85341
G1 F730.6 X65.83 Y213.822 E602.88218
G1 F750 X66.033 Y214.307 E602.91016
G1 F771.7 X66.235 Y214.793 E602.93738
G1 F794.7 X66.438 Y215.278 E602.96378
G1 F805.4 X66.451 Y215.308 E602.96541
G1 F779.2 X66.689 Y215.801 E602.99345
G1 F730.6 X66.928 Y216.295 E603.02342
G1 F716.4 X67.198 Y216.789 E603.05479
G1 F732.8 X67.468 Y217.283 E603.08545
G1 F750 X67.738 Y217.777 E603.11541
G1 F769.2 X68.008 Y218.271 E603.14462
G1 F788.2 X68.278 Y218.765 E603.17313
G1 F752.4 X68.773 Y219.564 E603.22299
G1 F718.6 X69.058 Y219.975 E603.25077
G1 F730.6 X69.343 Y220.387 E603.27814
G1 F744.2 X69.629 Y220.799 E603.30504
G1 F757.1 X69.914 Y221.211 E603.33145
G1 F770.5 X70.2 Y221.623 E603.35743
G1 F785.6 X70.485 Y222.034 E603.38284
G1 F755.9 X70.955 Y222.643 E603.42345
G1 F728.4 X71.3 Y223.043 E603.4524
G1 F737.3 X71.646 Y223.443 E603.48103
G1 F746.5 X71.992 Y223.844 E603.50935
G1 F757.1 X72.338 Y224.244 E603.53723
G1 F766.8 X72.684 Y224.644 E603.56476
G1 F776.7 X73.03 Y225.045 E603.59197
G1 F755.9 X73.43 Y225.465 E603.6226
G1 F735.1 X73.84 Y225.849 E603.6531
G1 F740.7 X74.25 Y226.233 E603.68337
G1 F747.7 X74.66 Y226.617 E603.71335
G1 F753.5 X75.07 Y227.002 E603.74314
G1 F759.5 X75.48 Y227.386 E603.77266
G1 F766.8 X75.89 Y227.77 E603.8019
G1 F750 X76.182 Y228.015 E603.82219
G1 F733.9 X76.587 Y228.321 E603.84979
G1 F738.5 X76.992 Y228.628 E603.87726
G1 F743 X77.397 Y228.934 E603.90452
G1 F746.5 X77.802 Y229.241 E603.9317
G1 F751.2 X78.207 Y229.547 E603.95867
G1 F755.9 X78.612 Y229.854 E603.9855
G1 F760.7 X79.017 Y230.16 E604.01213
G1 F757.1 X79.19 Y230.279 E604.0232
G1 F752.4 X82.384 Y232.203 E604.22101
G1 F758.3 X82.541 Y232.281 E604.23024
G1 F763.1 X83.007 Y232.497 E604.2571
G1 F760.7 X83.473 Y232.714 E604.28407
G1 F758.3 X83.939 Y232.931 E604.31113
G1 F754.7 X84.405 Y233.148 E604.33831
G1 F752.4 X84.871 Y233.364 E604.36556
G1 F750 X85.337 Y233.581 E604.39292
G1 F747.7 X85.804 Y233.798 E604.42041
G1 F760.7 X86.144 Y233.93 E604.43954
G1 F772.9 X86.683 Y234.115 E604.46897
G1 F765.6 X87.222 Y234.3 E604.49868
G1 F758.3 X87.761 Y234.485 E604.52867
G1 F751.2 X88.3 Y234.67 E604.55895
G1 F744.2 X88.839 Y234.856 E604.58953
G1 F737.3 X89.378 Y235.041 E604.62038
G1 F754.7 X89.876 Y235.181 E604.64774
G1 F779.2 X89.881 Y235.18 E604.648
G1 F778 X90.401 Y235.298 E604.67535
G1 F769.2 X90.922 Y235.416 E604.70307
G1 F760.7 X91.443 Y235.534 E604.7311
G1 F752.4 X91.964 Y235.653 E604.75945
G1 F744.2 X92.485 Y235.771 E604.7881
G1 F736.2 X93.006 Y235.889 E604.81706
G1 F759.5 X93.593 Y235.992 E604.84838
G1 F793.4 X93.736 Y236.013 E604.85565
G1 F790.8 X94.235 Y236.072 E604.88101
G1 F776.7 X94.734 Y236.132 E604.90684
G1 F763.1 X95.234 Y236.192 E604.93318
G1 F750 X95.733 Y236.251 E604.95992
G1 F737.3 X96.233 Y236.311 E604.98718
G1 F725.1 X96.732 Y236.371 E605.01484
G1 F755.9 X97.521 Y236.424 E605.0566
G1 F798.7 X97.637 Y236.429 E605.0624
G1 F790.8 X98.207 Y236.436 E605.09117
G1 F771.7 X98.777 Y236.443 E605.12065
G1 F752.4 X99.347 Y236.451 E605.15089
G1 F735.1 X99.917 Y236.458 E605.18184
G1 F718.6 X100.487 Y236.466 E605.21351
G1 F731.7 X101.029 Y236.445 E605.24309
G1 F779.2 X101.573 Y236.424 E605.27098
G1 F806.7 X101.58 Y236.422 E605.27134
G1 F797.3 X102.108 Y236.373 E605.29788
G1 F774.2 X102.637 Y236.324 E605.32527
G1 F752.4 X103.166 Y236.275 E605.35345
G1 F732.8 X103.695 Y236.226 E605.38239
G1 F713.2 X104.224 Y236.177 E605.41212
G1 F728.4 X104.849 Y236.085 E605.44674
G1 F783 X105.474 Y235.994 E605.47893
G1 F812.2 X105.506 Y235.989 E605.48052
G1 F796 X106.109 Y235.868 E605.51136
G1 F766.8 X106.713 Y235.746 E605.54343
G1 F739.6 X107.317 Y235.625 E605.57667
G1 F714.3 X107.921 Y235.503 E605.6111
G1 F728.4 X108.621 Y235.325 E605.65068
G1 F786.9 X109.322 Y235.146 E605.68738
G1 F819.1 X109.353 Y235.137 E605.68895
G1 F802.7 X109.89 Y234.969 E605.71693
G1 F770.5 X110.427 Y234.8 E605.74609
G1 F740.7 X110.964 Y234.632 E605.77641
G1 F713.2 X111.502 Y234.463 E605.80797
G1 F717.5 X112.021 Y234.271 E605.83875
G1 F754.7 X112.54 Y234.078 E605.86803
G1 F797.3 X113.06 Y233.885 E605.8958
G1 F817.7 X113.09 Y233.873 E605.89737
G1 F800 X113.569 Y233.666 E605.92341
G1 F768 X114.048 Y233.458 E605.95055
G1 F738.5 X114.527 Y233.25 E605.97877
G1 F711.1 X115.006 Y233.042 E606.00808
G1 F716.4 X115.55 Y232.772 E606.04192
G1 F754.7 X116.095 Y232.501 E606.0741
G1 F798.7 X116.64 Y232.23 E606.10452
G1 F821.9 X116.668 Y232.215 E606.10606
G1 F798.7 X117.219 Y231.903 E606.13771
G1 F755.9 X117.771 Y231.59 E606.17121
G1 F717.5 X118.323 Y231.277 E606.20651
G1 F713.2 X118.746 Y231.007 E606.23459
G1 F739.6 X119.169 Y230.738 E606.26164
G1 F769.2 X119.592 Y230.469 E606.28765
G1 F800 X120.015 Y230.2 E606.31266
G1 F816.3 X120.041 Y230.182 E606.31421
G1 F794.7 X120.507 Y229.849 E606.34298
G1 F753.5 X120.974 Y229.516 E606.37336
G1 F717.5 X121.441 Y229.183 E606.40526
G1 F713.2 X121.87 Y228.841 E606.43596
G1 F741.9 X122.3 Y228.499 E606.46552
G1 F771.7 X122.73 Y228.157 E606.49394
G1 F805.4 X123.16 Y227.815 E606.52116
G1 F821.9 X123.184 Y227.795 E606.52268
G1 F800 X123.564 Y227.457 E606.54805
G1 F759.5 X123.945 Y227.119 E606.57482
G1 F722.9 X124.325 Y226.781 E606.6029
G1 F718.6 X124.75 Y226.362 E606.63605
G1 F745.3 X125.175 Y225.943 E606.66801
G1 F772.9 X125.601 Y225.524 E606.69886
G1 F804 X126.026 Y225.105 E606.72849
G1 F817.7 X126.047 Y225.084 E606.72994
G1 F785.6 X126.498 Y224.588 E606.764
G1 F730.6 X126.95 Y224.092 E606.80066
G1 F715.4 X127.276 Y223.695 E606.82932
G1 F735.1 X127.602 Y223.298 E606.85721
G1 F755.9 X127.929 Y222.901 E606.88437
G1 F778 X128.255 Y222.503 E606.91076
G1 F801.3 X128.581 Y222.106 E606.93635
G1 F813.6 X128.602 Y222.079 E606.93802
G1 F785.6 X128.943 Y221.614 E606.96732
G1 F733.9 X129.284 Y221.149 E606.99868
G1 F719.6 X129.586 Y220.689 E607.0292
G1 F737.3 X129.889 Y220.229 E607.05901
G1 F755.9 X130.192 Y219.768 E607.08814
G1 F776.7 X130.494 Y219.308 E607.11642
G1 F797.3 X130.797 Y218.847 E607.14403
G1 F759.5 X131.302 Y217.983 E607.19662
G1 F724 X131.572 Y217.46 E607.22907
G1 F739.6 X131.842 Y216.937 E607.26083
G1 F755.9 X132.112 Y216.413 E607.29196
G1 F772.9 X132.382 Y215.89 E607.32235
G1 F790.8 X132.653 Y215.366 E607.35213
G1 F758.3 X132.994 Y214.607 E607.39592
G1 F726.2 X133.181 Y214.124 E607.42439
G1 F737.3 X133.369 Y213.64 E607.45249
G1 F748.8 X133.557 Y213.156 E607.48017
G1 F759.5 X133.745 Y212.672 E607.50746
G1 F771.7 X133.933 Y212.188 E607.53431
G1 F784.3 X134.121 Y211.705 E607.56069
G1 F758.3 X134.327 Y211.083 E607.59517
G1 F733.9 X134.47 Y210.554 E607.62497
G1 F740.7 X134.614 Y210.024 E607.65456
G1 F748.8 X134.757 Y209.494 E607.68382
G1 F757.1 X134.901 Y208.964 E607.71278
G1 F764.3 X135.044 Y208.434 E607.74144
G1 F772.9 X135.188 Y207.904 E607.7698
G1 F754.7 X135.277 Y207.48 E607.79271
G1 F737.3 X135.356 Y206.985 E607.81985
G1 F741.9 X135.436 Y206.489 E607.84688
G1 F747.7 X135.515 Y205.993 E607.87369
G1 F752.4 X135.595 Y205.498 E607.90029
G1 F758.3 X135.675 Y205.002 E607.92673
G1 F764.3 X135.754 Y204.506 E607.95296
G1 F769.2 X135.834 Y204.011 E607.97897
G1 F758.3 X135.861 Y203.767 E607.9919
G1 F746.5 X135.889 Y203.24 E608.02011
G1 F748.8 X135.917 Y202.713 E608.04824
G1 F751.2 X135.945 Y202.186 E608.07628
G1 F753.5 X135.974 Y201.658 E608.10429
G1 F755.9 X136.002 Y201.131 E608.13215
G1 F758.3 X136.03 Y200.604 E608.15993
G1 F760.7 X136.059 Y200.077 E608.18762
G1 F761.9 X136.059 Y199.92 E608.19585
G1 F760.7 X136.032 Y199.398 E608.22327
G1 F758.3 X136.004 Y198.876 E608.25079
G1 F755.9 X135.977 Y198.354 E608.27839
G1 F753.5 X135.949 Y197.831 E608.30613
G1 F751.2 X135.922 Y197.309 E608.3339
G1 F748.8 X135.894 Y196.787 E608.36176
G1 F746.5 X135.866 Y196.265 E608.38971
G1 F758.3 X135.832 Y195.976 E608.40503
G1 F768 X135.741 Y195.406 E608.43503
G1 F760.7 X135.649 Y194.835 E608.46537
G1 F753.5 X135.557 Y194.264 E608.49601
G1 F745.3 X135.466 Y193.693 E608.52697
G1 F738.5 X135.374 Y193.122 E608.55823
G1 F731.7 X135.282 Y192.551 E608.58977
G1 F753.5 X135.182 Y192.087 E608.61492
G1 F776.7 X135.04 Y191.561 E608.64291
G1 F766.8 X134.897 Y191.035 E608.67129
G1 F757.1 X134.755 Y190.509 E608.70001
G1 F747.7 X134.612 Y189.983 E608.72911
G1 F738.5 X134.469 Y189.457 E608.75857
G1 F729.5 X134.327 Y188.931 E608.78838
G1 F757.1 X134.121 Y188.297 E608.82352
G1 F794.7 X134.117 Y188.292 E608.82384
G1 F790.8 X133.931 Y187.811 E608.84987
G1 F775.4 X133.744 Y187.33 E608.87643
G1 F761.9 X133.558 Y186.849 E608.90345
G1 F748.8 X133.371 Y186.368 E608.93095
G1 F735.1 X133.184 Y185.887 E608.95897
G1 F722.9 X132.998 Y185.406 E608.98745
G1 F754.7 X132.638 Y184.608 E609.03374
G1 F788.2 X132.375 Y184.097 E609.06285
G1 F770.5 X132.112 Y183.586 E609.09262
G1 F752.4 X131.848 Y183.075 E609.12313
G1 F736.2 X131.585 Y182.564 E609.15429
G1 F720.7 X131.321 Y182.053 E609.18614
G1 F732.8 X131.061 Y181.605 E609.21435
G1 F778 X130.801 Y181.156 E609.24097
G1 F805.4 X130.795 Y181.15 E609.24139
G1 F797.3 X130.497 Y180.697 E609.26853
G1 F775.4 X130.199 Y180.243 E609.29648
G1 F753.5 X129.9 Y179.789 E609.32528
G1 F733.9 X129.602 Y179.335 E609.35481
G1 F715.4 X129.303 Y178.881 E609.38514
G1 F729.5 X128.938 Y178.384 E609.41888
G1 F781.8 X128.574 Y177.887 E609.45033
G1 F812.2 X128.554 Y177.862 E609.4519
G1 F798.7 X128.159 Y177.38 E609.48304
G1 F770.5 X127.763 Y176.897 E609.5154
G1 F743 X127.367 Y176.415 E609.54891
G1 F718.6 X126.971 Y175.932 E609.5836
G1 F730.6 X126.507 Y175.422 E609.62127
G1 F785.6 X126.041 Y174.91 E609.65644
G1 F816.3 X126.019 Y174.887 E609.658
G1 F800 X125.602 Y174.476 E609.68721
G1 F769.2 X125.184 Y174.065 E609.71762
G1 F739.6 X124.767 Y173.654 E609.74922
G1 F713.2 X124.349 Y173.243 E609.78202
G1 F716.4 X123.947 Y172.887 E609.81194
G1 F752.4 X123.544 Y172.529 E609.84054
G1 F792.1 X123.141 Y172.171 E609.8677
G1 F813.6 X123.117 Y172.151 E609.86923
G1 F797.3 X122.705 Y171.823 E609.89559
G1 F766.8 X122.293 Y171.495 E609.923
G1 F737.3 X121.881 Y171.166 E609.95154
G1 F711.1 X121.468 Y170.838 E609.98114
G1 F715.4 X120.992 Y170.498 E610.01378
G1 F752.4 X120.517 Y170.158 E610.04477
G1 F794.7 X120.042 Y169.818 E610.07411
G1 F816.3 X120.015 Y169.8 E610.07569
G1 F794.7 X119.462 Y169.448 E610.10862
G1 F753.5 X118.909 Y169.095 E610.14337
G1 F717.5 X118.356 Y168.743 E610.17983
G1 X117.792 Y168.423 E610.2159
G1 F755.9 X117.227 Y168.102 E610.25021
G1 F798.7 X116.662 Y167.782 E610.28266
G1 F820.5 X116.633 Y167.766 E610.28427
G1 F797.3 X116.102 Y167.502 E610.31396
G1 F755.9 X115.57 Y167.238 E610.34532
G1 F719.6 X115.038 Y166.973 E610.37828
G1 F714.3 X114.551 Y166.762 E610.40794
G1 F740.7 X114.063 Y166.55 E610.4366
G1 F768 X113.575 Y166.338 E610.46425
G1 F798.7 X113.087 Y166.126 E610.49084
G1 F813.6 X113.059 Y166.114 E610.49234
G1 F790.8 X112.551 Y165.925 E610.51969
G1 F748.8 X112.043 Y165.736 E610.54858
G1 F711.1 X111.535 Y165.547 E610.57901
G1 F706.9 X110.988 Y165.375 E610.61138
G1 F735.1 X110.441 Y165.204 E610.6425
G1 F764.3 X109.894 Y165.032 E610.67244
G1 F797.3 X109.347 Y164.861 E610.70113
G1 F812.2 X109.317 Y164.852 E610.70267
G1 F781.8 X108.637 Y164.679 E610.73849
G1 F729.5 X107.957 Y164.506 E610.77688
G1 F717.5 X107.352 Y164.384 E610.81121
G1 F741.9 X106.746 Y164.261 E610.84448
G1 F768 X106.14 Y164.139 E610.8766
G1 F796 X105.535 Y164.016 E610.90756
G1 F809.4 X105.388 Y163.991 E610.91491
G1 F781.8 X104.825 Y163.909 E610.94396
G1 F733.9 X104.262 Y163.827 E610.9749
G1 F720.7 X103.727 Y163.778 E611.00465
G1 F738.5 X103.191 Y163.728 E611.03374
G1 F757.1 X102.655 Y163.678 E611.06212
G1 F776.7 X102.119 Y163.628 E611.08979
G1 F797.3 X101.583 Y163.579 E611.11673
G1 F806.7 X101.55 Y163.576 E611.11837
G1 F780.5 X101.033 Y163.556 E611.14482
G1 F733.9 X100.516 Y163.535 E611.17296
G1 F720.7 X99.941 Y163.542 E611.20481
G1 F736.2 X99.365 Y163.549 E611.23604
G1 F752.4 X98.789 Y163.556 E611.2666
G1 F770.5 X98.213 Y163.563 E611.29644
G1 F788.2 X97.637 Y163.57 E611.32561
G1 F752.4 X96.766 Y163.627 E611.37191
G1 F718.6 X96.262 Y163.686 E611.4001
G1 F730.6 X95.757 Y163.746 E611.42788
G1 F744.2 X95.253 Y163.805 E611.45509
G1 F757.1 X94.748 Y163.865 E611.4819
G1 F770.5 X94.244 Y163.925 E611.5082
G1 F785.6 X93.739 Y163.984 E611.53403
G1 F758.3 X93.025 Y164.105 E611.57214
G1 F731.7 X92.499 Y164.225 E611.60157
G1 F740.7 X91.972 Y164.345 E611.6307
G1 F750 X91.446 Y164.465 E611.65941
G1 F759.5 X90.919 Y164.585 E611.68781
G1 F769.2 X90.393 Y164.705 E611.7158
G1 F779.2 X89.866 Y164.825 E611.74349
G1 F758.3 X89.399 Y164.958 E611.76904
G1 F737.3 X88.856 Y165.143 E611.8001
G1 F743 X88.313 Y165.328 E611.83091
G1 F750 X87.769 Y165.513 E611.86149
G1 F755.9 X87.226 Y165.698 E611.89178
G1 F761.9 X86.682 Y165.883 E611.92188
G1 F769.2 X86.139 Y166.068 E611.95164
G1 F758.3 X85.817 Y166.196 E611.96988
G1 F746.5 X85.27 Y166.45 E612.00212
G1 F748.8 X84.722 Y166.705 E612.03434
G1 F751.2 X84.174 Y166.959 E612.06643
G1 F753.5 X83.626 Y167.214 E612.09845
G1 F755.9 X83.078 Y167.468 E612.13034
G1 F758.3 X82.53 Y167.723 E612.16215
G1 X82.394 Y167.794 E612.17023
G1 F755.9 X81.597 Y168.273 E612.21932
G1 F753.5 X80.8 Y168.752 E612.26858
G1 F751.2 X80.003 Y169.231 E612.31798
G1 F748.8 X79.206 Y169.71 E612.36754
G1 F755.9 X79.017 Y169.843 E612.37975
G1 F763.1 X78.616 Y170.146 E612.40603
G1 F759.5 X78.215 Y170.449 E612.43245
G1 F755.9 X77.813 Y170.752 E612.45903
G1 F752.4 X77.412 Y171.055 E612.48569
G1 F750 X77.01 Y171.358 E612.51248
G1 F746.5 X76.609 Y171.661 E612.53935
G1 F743 X76.207 Y171.964 E612.56639
G1 F759.5 X75.88 Y172.245 E612.58905
G1 F775.4 X75.474 Y172.624 E612.61763
G1 F765.6 X75.068 Y173.004 E612.64663
G1 F757.1 X74.661 Y173.383 E612.67594
G1 F748.8 X74.255 Y173.763 E612.70558
G1 F739.6 X73.849 Y174.142 E612.73556
G1 F731.7 X73.442 Y174.522 E612.76593
G1 F755.9 X73.029 Y174.956 E612.79756
G1 F786.9 X73.017 Y174.97 E612.7985
G1 F781.8 X72.676 Y175.366 E612.82518
G1 F769.2 X72.334 Y175.762 E612.85233
G1 F758.3 X71.992 Y176.158 E612.87987
G1 F747.7 X71.651 Y176.554 E612.90776
G1 F736.2 X71.309 Y176.95 E612.93613
G1 F726.2 X70.967 Y177.346 E612.96489
G1 F757.1 X70.504 Y177.942 E613.00467
G1 F798.7 X70.485 Y177.968 E613.00628
G1 F790.8 X70.147 Y178.456 E613.03625
G1 F772.9 X69.808 Y178.944 E613.06693
G1 F754.7 X69.47 Y179.432 E613.09832
G1 F738.5 X69.131 Y179.92 E613.13044
G1 F722.9 X68.792 Y180.408 E613.16324
G1 F755.9 X68.28 Y181.235 E613.2146
G1 F793.4 X68.013 Y181.723 E613.24258
G1 F772.9 X67.745 Y182.212 E613.27138
G1 F753.5 X67.478 Y182.7 E613.30084
G1 F736.2 X67.21 Y183.189 E613.33107
G1 F718.6 X66.943 Y183.677 E613.36197
G1 F732.8 X66.691 Y184.198 E613.39349
G1 F781.8 X66.439 Y184.721 E613.42313
G1 F797.3 X66.239 Y185.2 E613.44911
G1 F774.2 X66.039 Y185.679 E613.47587
G1 F752.4 X65.839 Y186.158 E613.50341
G1 F732.8 X65.639 Y186.637 E613.53168
G1 F713.2 X65.439 Y187.116 E613.56073
G1 F728.4 X65.214 Y187.744 E613.59728
G1 F783 X64.989 Y188.37 E613.63119
G1 F813.6 X64.979 Y188.4 E613.63274
G1 F797.3 X64.808 Y188.976 E613.66281
G1 F766.8 X64.636 Y189.553 E613.69415
G1 F738.5 X64.464 Y190.13 E613.7267
G1 F712.2 X64.292 Y190.707 E613.76044
G1 F716.4 X64.175 Y191.193 E613.78829
G1 F752.4 X64.057 Y191.68 E613.81487
G1 F792.1 X63.939 Y192.167 E613.84012
G1 F814.9 X63.932 Y192.199 E613.84173
G1 F801.3 X63.832 Y192.742 E613.86923
G1 F770.5 X63.731 Y193.286 E613.89789
G1 F743 X63.63 Y193.83 E613.92761
G1 F716.4 X63.529 Y194.373 E613.95838
G1 F721.8 X63.454 Y194.932 E613.98956
G1 F758.3 X63.379 Y195.492 E614.0193
G1 F800 X63.304 Y196.053 E614.04754
G1 F820.5 X63.3 Y196.084 E614.04906
G1 F802.7 X63.261 Y196.589 E614.07425
G1 F770.5 X63.221 Y197.095 E614.10054
G1 F740.7 X63.181 Y197.6 E614.12784
G1 F713.2 X63.141 Y198.106 E614.15624
G1 F717.5 X63.124 Y198.732 E614.19107
G1 F753.5 X63.107 Y199.357 E614.22419
G1 F794.7 X63.09 Y199.982 E614.25559
G1 F816.3 X63.089 Y200.015 E614.25721
M204 S3000
M205 X10 Y10
;MESH:NONMESH
G0 F600 X63.089 Y200.015 Z2
G0 F6000 X62.323 Y198.083
G0 X61.814 Y198.056
;TIME_ELAPSED:486.350884
;LAYER:9
M204 S1800
M205 X8 Y8
;TYPE:WALL-OUTER
;MESH:15_4_2.stl
G1 F3000 X61.814 Y201.946 E614.38659
G1 X62.215 Y205.816 E614.51599
G1 X63.008 Y209.614 E614.64504
G1 X64.193 Y213.334 E614.77489
G1 X65.753 Y216.9 E614.90435
G1 X67.669 Y220.286 E615.03375
G1 X69.924 Y223.458 E615.16319
G1 X72.491 Y226.381 E615.29258
G1 X75.354 Y229.03 E615.42231
G1 X78.464 Y231.361 E615.55158
G1 X81.799 Y233.364 E615.68097
G1 X85.326 Y235.014 E615.81048
G1 X89.013 Y236.299 E615.94035
G1 X92.789 Y237.186 E616.06936
G1 X96.579 Y237.677 E616.19647
G1 X97.474 Y237.708 E616.22625
G1 X100.535 Y237.786 E616.3281
G1 X104.415 Y237.486 E616.45753
G1 X108.244 Y236.788 E616.58698
G1 X111.968 Y235.704 E616.71598
G1 X115.586 Y234.235 E616.84586
G1 X119.022 Y232.405 E616.97534
G1 X122.251 Y230.233 E617.10477
G1 X125.238 Y227.741 E617.23415
G1 X127.956 Y224.952 E617.36368
G1 X130.37 Y221.9 E617.49311
G1 X132.458 Y218.619 E617.62246
G1 X134.199 Y215.135 E617.752
G1 X135.553 Y211.544 E617.87964
G1 X135.594 Y211.416 E617.88411
G1 X136.563 Y207.731 E618.01084
G1 X137.162 Y203.884 E618.14034
G1 X137.362 Y199.998 E618.26976
G1 X137.167 Y196.182 E618.39684
G1 X137.11 Y195.776 E618.41048
G1 X136.563 Y192.268 E618.52857
G1 X135.575 Y188.519 E618.65751
G1 X134.199 Y184.863 E618.78744
G1 X132.458 Y181.381 E618.91692
G1 X130.37 Y178.1 E619.04627
G1 X127.954 Y175.046 E619.17579
G1 X125.238 Y172.259 E619.30522
G1 X122.249 Y169.765 E619.4347
G1 X119.022 Y167.595 E619.56404
G1 X115.586 Y165.765 E619.69352
G1 X113.62 Y164.965 E619.76412
G1 X111.968 Y164.292 E619.82345
G1 X108.244 Y163.213 E619.9524
G1 X104.415 Y162.514 E620.08186
G1 X100.535 Y162.214 E620.21129
G1 X96.647 Y162.313 E620.34065
G1 X92.789 Y162.813 E620.47004
G1 X89.014 Y163.705 E620.59906
G1 X85.692 Y164.858 E620.71601
G1 X85.266 Y165.014 E620.7311
G1 X81.799 Y166.636 E620.85841
G1 X78.464 Y168.639 E620.9878
G1 X75.356 Y170.971 E621.11704
G1 X72.491 Y173.619 E621.24679
G1 X69.924 Y176.542 E621.37618
G1 X67.669 Y179.714 E621.50563
G1 X65.753 Y183.1 E621.63502
G1 X64.193 Y186.666 E621.76448
G1 X63.803 Y187.888 E621.80715
G1 X63.004 Y190.386 E621.89438
G1 X62.215 Y194.184 E622.0234
G1 X61.814 Y198.056 E622.15287
M204 S3000
M205 X10 Y10
G0 F6000 X61.814 Y198.256
G0 X62.324 Y198.256
G0 X63.854 Y200.039
G0 X64.363 Y200.012
M204 S1800
M205 X8 Y8
G1 F3000 X64.568 Y196.197 E622.27994
G1 X65.185 Y192.435 E622.40673
G1 X66.204 Y188.763 E622.53348
G1 X67.613 Y185.223 E622.66021
G1 X69.407 Y181.843 E622.78748
G1 X71.546 Y178.689 E622.91423
G1 X74.014 Y175.785 E623.04099
G1 X76.768 Y173.179 E623.16709
G1 X79.801 Y170.871 E623.29386
G1 X83.066 Y168.904 E623.42064
G1 X86.543 Y167.297 E623.54804
G1 X90.157 Y166.079 E623.67488
G1 X93.873 Y165.262 E623.80143
G1 X97.668 Y164.851 E623.92839
G1 X101.474 Y164.851 E624.05498
G1 X105.272 Y165.265 E624.18205
G1 X108.982 Y166.082 E624.3084
G1 X112.603 Y167.305 E624.43552
G1 X116.061 Y168.904 E624.56223
G1 X119.326 Y170.871 E624.68901
G1 X122.352 Y173.172 E624.81545
G1 X125.116 Y175.789 E624.94205
G1 X127.593 Y178.706 E625.06933
G1 X129.722 Y181.846 E625.19551
G1 X131.514 Y185.227 E625.32278
G1 X132.916 Y188.748 E625.44883
G1 X133.943 Y192.443 E625.57639
G1 X134.558 Y196.204 E625.70314
G1 X134.763 Y200.01 E625.82991
G1 X134.557 Y203.813 E625.95658
G1 X133.938 Y207.578 E626.08349
G1 X132.919 Y211.247 E626.21014
G1 X131.506 Y214.79 E626.33701
G1 X129.719 Y218.157 E626.46379
G1 X127.58 Y221.311 E626.59054
G1 X125.112 Y224.215 E626.7173
G1 X122.345 Y226.834 E626.84401
G1 X119.308 Y229.141 E626.97086
G1 X116.043 Y231.105 E627.09759
G1 X112.583 Y232.703 E627.22435
G1 X108.97 Y233.921 E627.35117
G1 X105.25 Y234.738 E627.47784
G1 X101.458 Y235.149 E627.6047
G1 X97.646 Y235.148 E627.73149
G1 X93.873 Y234.738 E627.85772
G1 X90.155 Y233.92 E627.98434
G1 X89.797 Y233.801 E627.99689
G1 X86.522 Y232.695 E628.11186
G1 X83.066 Y231.096 E628.23851
G1 X79.801 Y229.129 E628.36529
G1 X76.782 Y226.834 E628.49142
G1 X74.33 Y224.515 E628.60367
G1 X73.999 Y224.199 E628.61889
G1 X71.546 Y221.311 E628.74492
G1 X69.398 Y218.143 E628.87223
G1 X67.611 Y214.771 E628.99915
G1 X66.202 Y211.23 E629.12591
G1 X65.183 Y207.557 E629.25269
G1 X64.568 Y203.793 E629.37954
G1 X64.363 Y200.012 E629.50548
M204 S3000
M205 X10 Y10
G0 F6000 X64.373 Y199.813
G0 X63.963 Y200.034
M204 S1800
M205 X8 Y8
;TYPE:WALL-INNER
G1 F3000 X63.963 Y199.968 E629.50768
G1 X64.17 Y196.156 E629.63465
G1 X64.788 Y192.378 E629.76198
G1 X64.802 Y192.315 E629.76412
G1 X65.823 Y188.641 E629.89095
G1 X65.837 Y188.601 E629.89236
G1 X67.247 Y185.063 E630.01904
G1 X67.266 Y185.022 E630.02054
G1 X69.05 Y181.66 E630.14713
G1 X69.539 Y180.935 E630.17621
G1 X71.209 Y178.471 E630.27522
G1 X71.65 Y177.948 E630.29797
G1 X73.701 Y175.535 E630.4033
G1 X74.054 Y175.195 E630.4196
G1 X76.496 Y172.885 E630.53141
G1 X76.74 Y172.696 E630.54167
G1 X79.562 Y170.551 E630.65957
G1 X79.655 Y170.491 E630.66325
G1 X82.864 Y168.559 E630.78783
G1 X82.916 Y168.532 E630.78978
G1 X86.354 Y166.942 E630.91576
G1 X86.415 Y166.918 E630.91794
G1 X90.009 Y165.706 E631.0441
G1 X90.071 Y165.688 E631.04624
G1 X93.769 Y164.874 E631.17218
G1 X93.833 Y164.864 E631.17434
G1 X97.602 Y164.454 E631.30044
G1 X97.668 Y164.451 E631.30263
G1 X101.458 Y164.451 E631.42869
G1 X101.523 Y164.454 E631.43085
G1 X105.293 Y164.864 E631.55698
G1 X105.358 Y164.874 E631.55917
G1 X109.056 Y165.688 E631.68511
G1 X109.118 Y165.706 E631.68726
G1 X112.746 Y166.931 E631.81462
G1 X114.637 Y167.803 E631.88388
G1 X116.24 Y168.546 E631.94264
G1 X119.539 Y170.532 E632.07072
G1 X122.608 Y172.864 E632.19892
G1 X122.637 Y172.889 E632.20019
G1 X125.385 Y175.493 E632.32611
G1 X125.43 Y175.54 E632.32827
G1 X127.899 Y178.445 E632.45507
G1 X130.049 Y181.617 E632.58253
G1 X130.501 Y182.46 E632.61434
G1 X131.866 Y185.032 E632.71119
G1 X133.293 Y188.609 E632.83928
G1 X134.326 Y192.322 E632.96746
G1 X134.387 Y192.681 E632.97957
G1 X134.952 Y196.122 E633.09555
G1 X134.964 Y196.296 E633.10135
G1 X135.164 Y199.998 E633.22466
G1 X134.965 Y203.702 E633.34804
G1 X134.951 Y203.879 E633.35394
G1 X134.338 Y207.621 E633.48006
G1 X134.324 Y207.685 E633.48224
G1 X133.311 Y211.337 E633.60829
G1 X133.289 Y211.399 E633.61048
G1 X131.887 Y214.918 E633.73647
G1 X131.86 Y214.978 E633.73866
G1 X130.061 Y218.367 E633.86627
G1 X127.899 Y221.554 E633.99436
G1 X125.405 Y224.489 E634.12246
G1 X122.609 Y227.136 E634.25052
G1 X119.539 Y229.467 E634.37873
G1 X119.514 Y229.484 E634.37974
G1 X116.242 Y231.453 E634.50675
G1 X112.746 Y233.07 E634.63486
G1 X109.094 Y234.302 E634.76305
G1 X109.056 Y234.312 E634.76436
G1 X105.337 Y235.13 E634.89101
G1 X101.505 Y235.548 E635.01922
G1 X97.652 Y235.549 E635.14737
G1 X96.847 Y235.465 E635.17429
G1 X93.821 Y235.135 E635.27553
G1 X93.22 Y235.005 E635.29598
G1 X90.063 Y234.31 E635.4035
G1 X89.669 Y234.18 E635.4173
G1 X86.409 Y233.08 E635.53173
G1 X86.197 Y232.986 E635.53945
G1 X82.913 Y231.467 E635.65979
G1 X82.859 Y231.438 E635.66183
G1 X79.613 Y229.484 E635.78785
G1 X79.559 Y229.447 E635.79002
G1 X76.54 Y227.152 E635.91615
G1 X76.491 Y227.11 E635.9183
G1 X73.739 Y224.505 E636.04434
G1 X73.694 Y224.458 E636.0465
G1 X71.241 Y221.57 E636.17253
G1 X71.202 Y221.518 E636.17469
G1 X69.05 Y218.34 E636.30235
G1 X67.266 Y214.978 E636.42893
G1 X67.239 Y214.919 E636.43109
G1 X65.823 Y211.359 E636.55852
G1 X64.802 Y207.685 E636.68535
G1 X64.788 Y207.622 E636.6875
G1 X64.17 Y203.845 E636.81479
G1 X63.963 Y200.034 E636.94173
M204 S3000
M205 X10 Y10
G0 F6000 X63.854 Y200.039
G0 X62.323 Y198.083
G0 X62.214 Y198.077
M204 S1800
M205 X8 Y8
G1 F3000 X62.214 Y201.925 E637.06972
G1 X62.611 Y205.754 E637.19775
G1 X63.396 Y209.512 E637.32544
G1 X64.568 Y213.193 E637.45393
G1 X66.111 Y216.721 E637.582
G1 X67.497 Y219.171 E637.67562
G1 X68.007 Y220.071 E637.71003
G1 X70.238 Y223.21 E637.83812
G1 X72.778 Y226.101 E637.96611
G1 X75.274 Y228.41 E638.0792
G1 X75.647 Y228.75 E638.09599
G1 X78.481 Y230.874 E638.21379
G1 X78.727 Y231.052 E638.22388
G1 X81.934 Y232.98 E638.34834
G1 X82.161 Y233.091 E638.35675
G1 X85.477 Y234.643 E638.47852
G1 X89.125 Y235.914 E638.60701
G1 X92.861 Y236.792 E638.73465
G1 X93.465 Y236.87 E638.75491
G1 X96.678 Y237.287 E638.86267
G1 X100.525 Y237.386 E638.99066
G1 X104.363 Y237.089 E639.1187
G1 X108.152 Y236.398 E639.2468
G1 X111.836 Y235.326 E639.37441
G1 X113.32 Y234.723 E639.42769
G1 X115.416 Y233.872 E639.50293
G1 X118.816 Y232.061 E639.63105
G1 X122.011 Y229.913 E639.7591
G1 X124.966 Y227.447 E639.88711
G1 X127.655 Y224.688 E640.01525
G1 X130.044 Y221.668 E640.14333
G1 X132.109 Y218.421 E640.27131
G1 X133.832 Y214.975 E640.39945
G1 X135.196 Y211.359 E640.52799
G1 X136.039 Y208.149 E640.63838
G1 X136.171 Y207.649 E640.65558
G1 X136.763 Y203.843 E640.78369
G1 X136.961 Y199.998 E640.91174
G1 X136.764 Y196.155 E641.03973
G1 X136.171 Y192.35 E641.16781
G1 X135.193 Y188.641 E641.29539
G1 X133.832 Y185.023 E641.42396
G1 X132.11 Y181.579 E641.55203
G1 X130.044 Y178.332 E641.68003
G1 X127.653 Y175.31 E641.8082
G1 X124.966 Y172.553 E641.93624
G1 X122.009 Y170.085 E642.06435
G1 X118.816 Y167.939 E642.19231
G1 X115.416 Y166.128 E642.32043
G1 X111.836 Y164.67 E642.449
G1 X108.152 Y163.603 E642.57657
G1 X104.363 Y162.912 E642.70467
G1 X100.525 Y162.615 E642.8327
G1 X97.485 Y162.691 E642.93384
G1 X96.678 Y162.713 E642.96069
G1 X92.861 Y163.207 E643.08871
G1 X89.678 Y163.959 E643.19749
G1 X89.126 Y164.089 E643.21635
G1 X85.477 Y165.357 E643.34484
G1 X81.987 Y166.99 E643.47299
G1 X78.688 Y168.971 E643.60098
G1 X75.612 Y171.279 E643.72888
G1 X72.778 Y173.899 E643.85725
G1 X70.238 Y176.79 E643.98525
G1 X68.007 Y179.929 E644.11334
G1 X66.111 Y183.279 E644.24136
G1 X64.568 Y186.808 E644.36947
G1 X64.184 Y188.01 E644.41144
G1 X63.392 Y190.488 E644.49796
G1 X62.611 Y194.246 E644.62563
G1 X62.441 Y195.889 E644.68056
G1 X62.214 Y198.077 E644.75373
M204 S3000
M205 X10 Y10
G0 F6000 X62.614 Y198.097
M204 S1800
M205 X8 Y8
G1 F3000 X62.614 Y201.905 E644.88038
G1 X63.007 Y205.692 E645.00701
G1 X63.471 Y207.924 E645.08284
G1 X63.492 Y208.016 E645.08598
G1 X63.783 Y209.41 E645.13334
G1 X64.943 Y213.051 E645.26044
G1 X65.985 Y215.434 E645.34694
G1 X66.469 Y216.542 E645.38716
G1 X67.846 Y218.974 E645.48011
G1 X68.345 Y219.856 E645.51382
G1 X70.077 Y222.293 E645.61326
G1 X70.552 Y222.961 E645.64052
G1 X72.653 Y225.353 E645.74641
G1 X73.065 Y225.821 E645.76715
G1 X75.546 Y228.117 E645.87958
G1 X75.887 Y228.43 E645.89498
G1 X78.721 Y230.554 E646.01277
G1 X78.933 Y230.71 E646.02152
G1 X82.139 Y232.638 E646.14595
G1 X82.33 Y232.729 E646.15299
G1 X85.628 Y234.272 E646.27409
G1 X89.237 Y235.529 E646.4012
G1 X89.748 Y235.652 E646.41868
G1 X89.77 Y235.654 E646.41942
G1 X92.933 Y236.397 E646.52748
G1 X93.517 Y236.473 E646.54707
G1 X96.709 Y236.887 E646.65413
G1 X97.618 Y236.913 E646.68437
G1 X97.656 Y236.912 E646.68564
G1 X100.515 Y236.985 E646.78076
G1 X101.495 Y236.91 E646.81345
G1 X104.312 Y236.692 E646.90742
G1 X105.473 Y236.479 E646.94668
G1 X108.06 Y236.008 E647.03414
G1 X111.705 Y234.947 E647.16041
G1 X113.169 Y234.353 E647.21295
G1 X115.246 Y233.509 E647.28752
G1 X118.61 Y231.718 E647.41428
G1 X121.77 Y229.592 E647.54095
G1 X124.694 Y227.153 E647.6676
G1 X127.354 Y224.423 E647.79437
G1 X129.717 Y221.436 E647.92105
G1 X131.76 Y218.224 E648.04766
G1 X133.464 Y214.814 E648.17445
G1 X134.814 Y211.237 E648.30161
G1 X135.779 Y207.567 E648.42782
G1 X136.365 Y203.801 E648.55459
G1 X136.56 Y199.998 E648.68124
G1 X136.367 Y196.223 E648.80696
G1 X136.319 Y195.898 E648.81789
G1 X135.779 Y192.432 E648.93456
G1 X134.812 Y188.763 E649.06076
G1 X133.464 Y185.183 E649.18799
G1 X131.761 Y181.776 E649.31468
G1 X129.717 Y178.564 E649.44131
G1 X127.352 Y175.574 E649.5681
G1 X124.694 Y172.847 E649.69476
G1 X121.768 Y170.406 E649.8215
G1 X118.61 Y168.282 E649.94808
G1 X116.941 Y167.394 E650.01096
G1 X115.246 Y166.491 E650.07484
G1 X113.255 Y165.678 E650.14637
G1 X113.17 Y165.646 E650.14939
G1 X111.705 Y165.049 E650.202
G1 X109.53 Y164.419 E650.27732
G1 X108.06 Y163.993 E650.32822
G1 X104.312 Y163.309 E650.45494
G1 X101.654 Y163.103 E650.54361
G1 X100.515 Y163.015 E650.58161
G1 X96.709 Y163.112 E650.70824
G1 X93.676 Y163.505 E650.80996
G1 X92.96 Y163.598 E650.83397
G1 X92.908 Y163.607 E650.83573
G1 X89.238 Y164.474 E650.96115
G1 X85.627 Y165.728 E651.08829
G1 X82.175 Y167.343 E651.21505
G1 X78.911 Y169.303 E651.34168
G1 X75.869 Y171.586 E651.46818
G1 X73.065 Y174.179 E651.59521
G1 X70.552 Y177.039 E651.72183
G1 X70.17 Y177.576 E651.74375
G1 X68.345 Y180.144 E651.84854
G1 X66.47 Y183.458 E651.97518
G1 X66.05 Y184.418 E652.01003
G1 X64.943 Y186.949 E652.10191
G1 X64.566 Y188.132 E652.14321
G1 X63.78 Y190.59 E652.22904
G1 X63.49 Y191.984 E652.2764
G1 X63.007 Y194.307 E652.35531
G1 X62.614 Y198.097 E652.48204
M204 S3000
M205 X10 Y10
G0 F6000 X63.564 Y199.946
M204 S1800
M205 X8 Y8
G1 F3000 X63.772 Y196.114 E652.60968
G1 X64.039 Y194.471 E652.66505
G1 X64.401 Y192.272 E652.73917
G1 X64.416 Y192.208 E652.74136
G1 X65.442 Y188.519 E652.86871
G1 X65.465 Y188.453 E652.87104
G1 X66.88 Y184.903 E652.99814
G1 X66.913 Y184.835 E653.00066
G1 X68.702 Y181.463 E653.12762
G1 X69.208 Y180.71 E653.15779
G1 X70.883 Y178.239 E653.25708
G1 X71.345 Y177.689 E653.28097
G1 X73.4 Y175.271 E653.38651
G1 X73.779 Y174.905 E653.40404
G1 X76.225 Y172.591 E653.51603
G1 X76.498 Y172.378 E653.52755
G1 X79.322 Y170.231 E653.64554
G1 X79.449 Y170.148 E653.65058
G1 X82.661 Y168.214 E653.77528
G1 X82.748 Y168.169 E653.77854
G1 X86.186 Y166.579 E653.90453
G1 X86.287 Y166.539 E653.90814
G1 X89.881 Y165.327 E654.03429
G1 X89.985 Y165.297 E654.03789
G1 X93.683 Y164.483 E654.16383
G1 X93.79 Y164.466 E654.16744
G1 X97.559 Y164.056 E654.29353
G1 X97.668 Y164.051 E654.29716
G1 X101.458 Y164.051 E654.42322
G1 X101.567 Y164.056 E654.42685
G1 X105.337 Y164.466 E654.55298
G1 X105.444 Y164.484 E654.55659
G1 X109.142 Y165.298 E654.68253
G1 X109.246 Y165.327 E654.68612
G1 X112.839 Y166.539 E654.81224
G1 X112.939 Y166.579 E654.81582
G1 X116.377 Y168.168 E654.94179
G1 X116.473 Y168.219 E654.94541
G1 X119.72 Y170.173 E655.07145
G1 X119.81 Y170.234 E655.07506
G1 X122.865 Y172.557 E655.20271
G1 X122.912 Y172.599 E655.20481
G1 X125.69 Y175.23 E655.33207
G1 X125.736 Y175.281 E655.33435
G1 X128.213 Y178.197 E655.46161
G1 X130.398 Y181.415 E655.59098
G1 X132.212 Y184.833 E655.71968
G1 X132.515 Y185.579 E655.74646
G1 X133.66 Y188.452 E655.84933
G1 X133.833 Y189.054 E655.87016
G1 X134.713 Y192.22 E655.97945
G1 X134.782 Y192.616 E655.99282
G1 X135.347 Y196.06 E656.1089
G1 X135.363 Y196.274 E656.11604
G1 X135.563 Y199.946 E656.23835
G1 X135.563 Y200.054 E656.24194
G1 X135.358 Y203.837 E656.36795
G1 X135.346 Y203.944 E656.37153
G1 X134.733 Y207.686 E656.49765
G1 X134.709 Y207.792 E656.50127
G1 X133.697 Y211.444 E656.62731
G1 X133.661 Y211.547 E656.63094
G1 X132.259 Y215.066 E656.75693
G1 X132.214 Y215.166 E656.76057
G1 X130.438 Y218.514 E656.88663
G1 X130.382 Y218.606 E656.89021
G1 X128.256 Y221.743 E657.01625
G1 X128.191 Y221.829 E657.01984
G1 X125.738 Y224.717 E657.14586
G1 X125.662 Y224.795 E657.14949
G1 X122.866 Y227.444 E657.27759
G1 X119.81 Y229.766 E657.40524
G1 X119.72 Y229.827 E657.40886
G1 X116.43 Y231.806 E657.53656
G1 X114.805 Y232.559 E657.59613
G1 X112.896 Y233.44 E657.66606
G1 X112.839 Y233.461 E657.66808
G1 X109.206 Y234.686 E657.79559
G1 X109.142 Y234.702 E657.79779
G1 X105.409 Y235.523 E657.92492
G1 X105.337 Y235.534 E657.92734
G1 X101.536 Y235.947 E658.0545
G1 X100.502 Y235.949 E658.0889
G1 X97.642 Y235.949 E658.18402
G1 X96.804 Y235.863 E658.21204
G1 X93.769 Y235.531 E658.31358
G1 X93.134 Y235.397 E658.33517
G1 X89.972 Y234.699 E658.44287
G1 X89.541 Y234.56 E658.45793
G1 X86.277 Y233.458 E658.57251
G1 X86.029 Y233.348 E658.58154
G1 X82.743 Y231.829 E658.70194
G1 X82.653 Y231.781 E658.70533
G1 X79.406 Y229.827 E658.83138
G1 X79.317 Y229.765 E658.83499
G1 X76.298 Y227.47 E658.96112
G1 X76.216 Y227.401 E658.96468
G1 X73.464 Y224.796 E659.09072
G1 X73.389 Y224.717 E659.09434
G1 X70.936 Y221.829 E659.22037
G1 X70.87 Y221.743 E659.22397
G1 X69.209 Y219.289 E659.32253
G1 X68.744 Y218.606 E659.35001
G1 X68.689 Y218.513 E659.35361
G1 X66.913 Y215.165 E659.47966
G1 X66.867 Y215.067 E659.48326
G1 X65.465 Y211.546 E659.60931
G1 X65.43 Y211.444 E659.6129
G1 X64.416 Y207.792 E659.73896
G1 X64.393 Y207.686 E659.74257
G1 X63.772 Y203.886 E659.87063
G1 X63.564 Y200.056 E659.99821
G1 X63.564 Y199.946 E660.00187
M204 S3000
M205 X10 Y10
G0 F6000 X63.089 Y200.015
M204 S1800
M205 X8 Y8
;TYPE:SKIN
G1 F793.4 X63.105 Y200.63 E660.03281
G1 F751.2 X63.121 Y201.245 E660.0655
G1 F713.2 X63.138 Y201.86 E660.09993
G1 F709 X63.178 Y202.374 E660.12895
G1 F737.3 X63.218 Y202.889 E660.15691
G1 F768 X63.259 Y203.403 E660.18371
G1 F801.3 X63.299 Y203.918 E660.20944
G1 F819.1 X63.303 Y203.95 E660.21101
G1 F797.3 X63.376 Y204.498 E660.23868
G1 F754.7 X63.449 Y205.046 E660.26792
G1 F717.5 X63.522 Y205.595 E660.29873
G1 F713.2 X63.624 Y206.148 E660.3302
G1 F740.7 X63.727 Y206.702 E660.36056
G1 F770.5 X63.83 Y207.256 E660.38975
G1 F802.7 X63.933 Y207.81 E660.41777
G1 F817.7 X63.939 Y207.842 E660.41936
G1 F784.3 X64.109 Y208.544 E660.45611
G1 F727.3 X64.28 Y209.247 E660.49582
G1 F714.3 X64.456 Y209.84 E660.53038
G1 F740.7 X64.633 Y210.433 E660.56373
G1 F768 X64.809 Y211.027 E660.59592
G1 F798.7 X64.986 Y211.62 E660.62685
G1 F812.2 X64.996 Y211.65 E660.6284
G1 F780.5 X65.21 Y212.25 E660.66098
G1 F726.2 X65.425 Y212.851 E660.69606
G1 F711.1 X65.627 Y213.336 E660.72555
G1 F730.6 X65.83 Y213.822 E660.75432
G1 F750 X66.033 Y214.307 E660.7823
G1 F771.7 X66.235 Y214.793 E660.80952
G1 F794.7 X66.438 Y215.278 E660.83593
G1 F805.4 X66.451 Y215.308 E660.83755
G1 F779.2 X66.689 Y215.801 E660.86559
G1 F730.6 X66.928 Y216.295 E660.89557
G1 F716.4 X67.198 Y216.789 E660.92693
G1 F732.8 X67.468 Y217.283 E660.95759
G1 F750 X67.738 Y217.777 E660.98755
G1 F769.2 X68.008 Y218.271 E661.01676
G1 F788.2 X68.278 Y218.765 E661.04527
G1 F752.4 X68.773 Y219.564 E661.09513
G1 F718.6 X69.058 Y219.975 E661.12291
G1 F730.6 X69.343 Y220.387 E661.15028
G1 F744.2 X69.629 Y220.799 E661.17718
G1 F757.1 X69.914 Y221.211 E661.20359
G1 F770.5 X70.2 Y221.623 E661.22957
G1 F785.6 X70.485 Y222.034 E661.25498
G1 F755.9 X70.955 Y222.643 E661.2956
G1 F728.4 X71.3 Y223.043 E661.32454
G1 F737.3 X71.646 Y223.443 E661.35317
G1 F746.5 X71.992 Y223.844 E661.38149
G1 F757.1 X72.338 Y224.244 E661.40937
G1 F766.8 X72.684 Y224.644 E661.4369
G1 F776.7 X73.03 Y225.045 E661.46412
G1 F755.9 X73.43 Y225.465 E661.49474
G1 F735.1 X73.84 Y225.849 E661.52524
G1 F740.7 X74.25 Y226.233 E661.55551
G1 F747.7 X74.66 Y226.617 E661.5855
G1 F753.5 X75.07 Y227.002 E661.61529
G1 F759.5 X75.48 Y227.386 E661.64481
G1 F766.8 X75.89 Y227.77 E661.67405
G1 F750 X76.182 Y228.015 E661.69433
G1 F733.9 X76.587 Y228.321 E661.72193
G1 F738.5 X76.992 Y228.628 E661.7494
G1 F743 X77.397 Y228.934 E661.77667
G1 F746.5 X77.802 Y229.241 E661.80384
G1 F751.2 X78.207 Y229.547 E661.83081
G1 F755.9 X78.612 Y229.854 E661.85764
G1 F760.7 X79.017 Y230.16 E661.88428
G1 F757.1 X79.19 Y230.279 E661.89534
G1 F752.4 X82.384 Y232.203 E662.09315
G1 F758.3 X82.541 Y232.281 E662.10238
G1 F763.1 X83.007 Y232.497 E662.12924
G1 F760.7 X83.473 Y232.714 E662.15622
G1 F758.3 X83.939 Y232.931 E662.18327
G1 F754.7 X84.405 Y233.148 E662.21046
G1 F752.4 X84.871 Y233.364 E662.2377
G1 F750 X85.337 Y233.581 E662.26506
G1 F747.7 X85.804 Y233.798 E662.29255
G1 F760.7 X86.144 Y233.93 E662.31169
G1 F772.9 X86.683 Y234.115 E662.34111
G1 F765.6 X87.222 Y234.3 E662.37082
G1 F758.3 X87.761 Y234.485 E662.40082
G1 F751.2 X88.3 Y234.67 E662.43109
G1 F744.2 X88.839 Y234.856 E662.46167
G1 F737.3 X89.378 Y235.041 E662.49252
G1 F754.7 X89.876 Y235.181 E662.51988
G1 F779.2 X89.881 Y235.18 E662.52014
G1 F778 X90.401 Y235.298 E662.5475
G1 F769.2 X90.922 Y235.416 E662.57521
G1 F760.7 X91.443 Y235.534 E662.60324
G1 F752.4 X91.964 Y235.653 E662.63159
G1 F744.2 X92.485 Y235.771 E662.66024
G1 F736.2 X93.006 Y235.889 E662.6892
G1 F759.5 X93.593 Y235.992 E662.72052
G1 F793.4 X93.736 Y236.013 E662.72779
G1 F790.8 X94.235 Y236.072 E662.75315
G1 F776.7 X94.734 Y236.132 E662.77898
G1 F763.1 X95.234 Y236.192 E662.80532
G1 F750 X95.733 Y236.251 E662.83206
G1 F737.3 X96.233 Y236.311 E662.85932
G1 F725.1 X96.732 Y236.371 E662.88698
G1 F755.9 X97.521 Y236.424 E662.92874
G1 F798.7 X97.637 Y236.429 E662.93454
G1 F790.8 X98.207 Y236.436 E662.96331
G1 F771.7 X98.777 Y236.443 E662.99279
G1 F752.4 X99.347 Y236.451 E663.02304
G1 F735.1 X99.917 Y236.458 E663.05399
G1 F718.6 X100.487 Y236.466 E663.08565
G1 F731.7 X101.029 Y236.445 E663.11524
G1 F779.2 X101.573 Y236.424 E663.14312
G1 F806.7 X101.58 Y236.422 E663.14348
G1 F797.3 X102.108 Y236.373 E663.17003
G1 F774.2 X102.637 Y236.324 E663.19741
G1 F752.4 X103.166 Y236.275 E663.2256
G1 F732.8 X103.695 Y236.226 E663.25453
G1 F713.2 X104.224 Y236.177 E663.28426
G1 F728.4 X104.849 Y236.085 E663.31888
G1 F783 X105.474 Y235.994 E663.35107
G1 F812.2 X105.506 Y235.989 E663.35266
G1 F796 X106.109 Y235.868 E663.3835
G1 F766.8 X106.713 Y235.746 E663.41557
G1 F739.6 X107.317 Y235.625 E663.44882
G1 F714.3 X107.921 Y235.503 E663.48325
G1 F728.4 X108.621 Y235.325 E663.52283
G1 F786.9 X109.322 Y235.146 E663.55952
G1 F819.1 X109.353 Y235.137 E663.56109
G1 F802.7 X109.89 Y234.969 E663.58907
G1 F770.5 X110.427 Y234.8 E663.61824
G1 F740.7 X110.964 Y234.632 E663.64855
G1 F713.2 X111.502 Y234.463 E663.68011
G1 F717.5 X112.021 Y234.271 E663.71089
G1 F754.7 X112.54 Y234.078 E663.74018
G1 F797.3 X113.06 Y233.885 E663.76794
G1 F817.7 X113.09 Y233.873 E663.76952
G1 F800 X113.569 Y233.666 E663.79555
G1 F768 X114.048 Y233.458 E663.82269
G1 F738.5 X114.527 Y233.25 E663.85091
G1 F711.1 X115.006 Y233.042 E663.88022
G1 F716.4 X115.55 Y232.772 E663.91406
G1 F754.7 X116.095 Y232.501 E663.94625
G1 F798.7 X116.64 Y232.23 E663.97666
G1 F821.9 X116.668 Y232.215 E663.97821
G1 F798.7 X117.219 Y231.903 E664.00985
G1 F755.9 X117.771 Y231.59 E664.04335
G1 F717.5 X118.323 Y231.277 E664.07865
G1 F713.2 X118.746 Y231.007 E664.10674
G1 F739.6 X119.169 Y230.738 E664.13379
G1 F769.2 X119.592 Y230.469 E664.1598
G1 F800 X120.015 Y230.2 E664.18481
G1 F816.3 X120.041 Y230.182 E664.18635
G1 F794.7 X120.507 Y229.849 E664.21512
G1 F753.5 X120.974 Y229.516 E664.2455
G1 F717.5 X121.441 Y229.183 E664.2774
G1 F713.2 X121.87 Y228.841 E664.30811
G1 F741.9 X122.3 Y228.499 E664.33766
G1 F771.7 X122.73 Y228.157 E664.36608
G1 F805.4 X123.16 Y227.815 E664.39331
G1 F821.9 X123.184 Y227.795 E664.39482
G1 F800 X123.564 Y227.457 E664.4202
G1 F759.5 X123.945 Y227.119 E664.44696
G1 F722.9 X124.325 Y226.781 E664.47504
G1 F718.6 X124.75 Y226.362 E664.50819
G1 F745.3 X125.175 Y225.943 E664.54015
G1 F772.9 X125.601 Y225.524 E664.571
G1 F804 X126.026 Y225.105 E664.60063
G1 F817.7 X126.047 Y225.084 E664.60208
G1 F785.6 X126.498 Y224.588 E664.63614
G1 F730.6 X126.95 Y224.092 E664.6728
G1 F715.4 X127.276 Y223.695 E664.70146
G1 F735.1 X127.602 Y223.298 E664.72935
G1 F755.9 X127.929 Y222.901 E664.75651
G1 F778 X128.255 Y222.503 E664.7829
G1 F801.3 X128.581 Y222.106 E664.80849
G1 F813.6 X128.602 Y222.079 E664.81017
G1 F785.6 X128.943 Y221.614 E664.83946
G1 F733.9 X129.284 Y221.149 E664.87082
G1 F719.6 X129.586 Y220.689 E664.90134
G1 F737.3 X129.889 Y220.229 E664.93116
G1 F755.9 X130.192 Y219.768 E664.96028
G1 F776.7 X130.494 Y219.308 E664.98856
G1 F797.3 X130.797 Y218.847 E665.01618
G1 F759.5 X131.302 Y217.983 E665.06877
G1 F724 X131.572 Y217.46 E665.10121
G1 F739.6 X131.842 Y216.937 E665.13298
G1 F755.9 X132.112 Y216.413 E665.1641
G1 F772.9 X132.382 Y215.89 E665.19449
G1 F790.8 X132.653 Y215.366 E665.22427
G1 F758.3 X132.994 Y214.607 E665.26806
G1 F726.2 X133.181 Y214.124 E665.29653
G1 F737.3 X133.369 Y213.64 E665.32464
G1 F748.8 X133.557 Y213.156 E665.35231
G1 F759.5 X133.745 Y212.672 E665.3796
G1 F771.7 X133.933 Y212.188 E665.40645
G1 F784.3 X134.121 Y211.705 E665.43283
G1 F758.3 X134.327 Y211.083 E665.46731
G1 F733.9 X134.47 Y210.554 E665.49711
G1 F740.7 X134.614 Y210.024 E665.52671
G1 F748.8 X134.757 Y209.494 E665.55597
G1 F757.1 X134.901 Y208.964 E665.58492
G1 F764.3 X135.044 Y208.434 E665.61358
G1 F772.9 X135.188 Y207.904 E665.64194
G1 F754.7 X135.277 Y207.48 E665.66486
G1 F737.3 X135.356 Y206.985 E665.69199
G1 F741.9 X135.436 Y206.489 E665.71902
G1 F747.7 X135.515 Y205.993 E665.74583
G1 F752.4 X135.595 Y205.498 E665.77243
G1 F758.3 X135.675 Y205.002 E665.79887
G1 F764.3 X135.754 Y204.506 E665.8251
G1 F769.2 X135.834 Y204.011 E665.85112
G1 F758.3 X135.861 Y203.767 E665.86404
G1 F746.5 X135.889 Y203.24 E665.89225
G1 F748.8 X135.917 Y202.713 E665.92038
G1 F751.2 X135.945 Y202.186 E665.94842
G1 F753.5 X135.974 Y201.658 E665.97643
G1 F755.9 X136.002 Y201.131 E666.0043
G1 F758.3 X136.03 Y200.604 E666.03207
G1 F760.7 X136.059 Y200.077 E666.05977
G1 F761.9 X136.059 Y199.92 E666.06799
G1 F760.7 X136.032 Y199.398 E666.09542
G1 F758.3 X136.004 Y198.876 E666.12293
G1 F755.9 X135.977 Y198.354 E666.15053
G1 F753.5 X135.949 Y197.831 E666.17827
G1 F751.2 X135.922 Y197.309 E666.20604
G1 F748.8 X135.894 Y196.787 E666.23391
G1 F746.5 X135.866 Y196.265 E666.26185
G1 F758.3 X135.832 Y195.976 E666.27717
G1 F768 X135.741 Y195.406 E666.30717
G1 F760.7 X135.649 Y194.835 E666.33751
G1 F753.5 X135.557 Y194.264 E666.36815
G1 F745.3 X135.466 Y193.693 E666.39911
G1 F738.5 X135.374 Y193.122 E666.43037
G1 F731.7 X135.282 Y192.551 E666.46192
G1 F753.5 X135.182 Y192.087 E666.48706
G1 F776.7 X135.04 Y191.561 E666.51506
G1 F766.8 X134.897 Y191.035 E666.54343
G1 F757.1 X134.755 Y190.509 E666.57215
G1 F747.7 X134.612 Y189.983 E666.60125
G1 F738.5 X134.469 Y189.457 E666.63071
G1 F729.5 X134.327 Y188.931 E666.66052
G1 F757.1 X134.121 Y188.297 E666.69566
G1 F794.7 X134.117 Y188.292 E666.69598
G1 F790.8 X133.931 Y187.811 E666.72201
G1 F775.4 X133.744 Y187.33 E666.74857
G1 F761.9 X133.558 Y186.849 E666.77559
G1 F748.8 X133.371 Y186.368 E666.8031
G1 F735.1 X133.184 Y185.887 E666.83112
G1 F722.9 X132.998 Y185.406 E666.85959
G1 F754.7 X132.638 Y184.608 E666.90589
G1 F788.2 X132.375 Y184.097 E666.93499
G1 F770.5 X132.112 Y183.586 E666.96476
G1 F752.4 X131.848 Y183.075 E666.99527
G1 F736.2 X131.585 Y182.564 E667.02643
G1 F720.7 X131.321 Y182.053 E667.05828
G1 F732.8 X131.061 Y181.605 E667.08649
G1 F778 X130.801 Y181.156 E667.11311
G1 F805.4 X130.795 Y181.15 E667.11353
G1 F797.3 X130.497 Y180.697 E667.14068
G1 F775.4 X130.199 Y180.243 E667.16863
G1 F753.5 X129.9 Y179.789 E667.19742
G1 F733.9 X129.602 Y179.335 E667.22695
G1 F715.4 X129.303 Y178.881 E667.25728
G1 F729.5 X128.938 Y178.384 E667.29102
G1 F781.8 X128.574 Y177.887 E667.32247
G1 F812.2 X128.554 Y177.862 E667.32405
G1 F798.7 X128.159 Y177.38 E667.35519
G1 F770.5 X127.763 Y176.897 E667.38754
G1 F743 X127.367 Y176.415 E667.42105
G1 F718.6 X126.971 Y175.932 E667.45574
G1 F730.6 X126.507 Y175.422 E667.49341
G1 F785.6 X126.041 Y174.91 E667.52858
G1 F816.3 X126.019 Y174.887 E667.53014
G1 F800 X125.602 Y174.476 E667.55935
G1 F769.2 X125.184 Y174.065 E667.58977
G1 F739.6 X124.767 Y173.654 E667.62136
G1 F713.2 X124.349 Y173.243 E667.65417
G1 F716.4 X123.947 Y172.887 E667.68408
G1 F752.4 X123.544 Y172.529 E667.71268
G1 F792.1 X123.141 Y172.171 E667.73984
G1 F813.6 X123.117 Y172.151 E667.74137
G1 F797.3 X122.705 Y171.823 E667.76773
G1 F766.8 X122.293 Y171.495 E667.79514
G1 F737.3 X121.881 Y171.166 E667.82369
G1 F711.1 X121.468 Y170.838 E667.85329
G1 F715.4 X120.992 Y170.498 E667.88592
G1 F752.4 X120.517 Y170.158 E667.91691
G1 F794.7 X120.042 Y169.818 E667.94625
G1 F816.3 X120.015 Y169.8 E667.94784
G1 F794.7 X119.462 Y169.448 E667.98076
G1 F753.5 X118.909 Y169.095 E668.01551
G1 F717.5 X118.356 Y168.743 E668.05197
G1 X117.792 Y168.423 E668.08805
G1 F755.9 X117.227 Y168.102 E668.12236
G1 F798.7 X116.662 Y167.782 E668.15481
G1 F820.5 X116.633 Y167.766 E668.15642
G1 F797.3 X116.102 Y167.502 E668.1861
G1 F755.9 X115.57 Y167.238 E668.21746
G1 F719.6 X115.038 Y166.973 E668.25042
G1 F714.3 X114.551 Y166.762 E668.28008
G1 F740.7 X114.063 Y166.55 E668.30875
G1 F768 X113.575 Y166.338 E668.3364
G1 F798.7 X113.087 Y166.126 E668.36299
G1 F813.6 X113.059 Y166.114 E668.36448
G1 F790.8 X112.551 Y165.925 E668.39184
G1 F748.8 X112.043 Y165.736 E668.42073
G1 F711.1 X111.535 Y165.547 E668.45115
G1 F706.9 X110.988 Y165.375 E668.48352
G1 F735.1 X110.441 Y165.204 E668.51464
G1 F764.3 X109.894 Y165.032 E668.54458
G1 F797.3 X109.347 Y164.861 E668.57327
G1 F812.2 X109.317 Y164.852 E668.57481
G1 F781.8 X108.637 Y164.679 E668.61063
G1 F729.5 X107.957 Y164.506 E668.64902
G1 F717.5 X107.352 Y164.384 E668.68335
G1 F741.9 X106.746 Y164.261 E668.71662
G1 F768 X106.14 Y164.139 E668.74875
G1 F796 X105.535 Y164.016 E668.7797
G1 F809.4 X105.388 Y163.991 E668.78705
G1 F781.8 X104.825 Y163.909 E668.8161
G1 F733.9 X104.262 Y163.827 E668.84704
G1 F720.7 X103.727 Y163.778 E668.87679
G1 F738.5 X103.191 Y163.728 E668.90589
G1 F757.1 X102.655 Y163.678 E668.93426
G1 F776.7 X102.119 Y163.628 E668.96193
G1 F797.3 X101.583 Y163.579 E668.98887
G1 F806.7 X101.55 Y163.576 E668.99051
G1 F780.5 X101.033 Y163.556 E669.01697
G1 F733.9 X100.516 Y163.535 E669.0451
G1 F720.7 X99.941 Y163.542 E669.07695
G1 F736.2 X99.365 Y163.549 E669.10818
G1 F752.4 X98.789 Y163.556 E669.13874
G1 F770.5 X98.213 Y163.563 E669.16858
G1 F788.2 X97.637 Y163.57 E669.19775
G1 F752.4 X96.766 Y163.627 E669.24405
G1 F718.6 X96.262 Y163.686 E669.27224
G1 F730.6 X95.757 Y163.746 E669.30002
G1 F744.2 X95.253 Y163.805 E669.32724
G1 F757.1 X94.748 Y163.865 E669.35405
G1 F770.5 X94.244 Y163.925 E669.38034
G1 F785.6 X93.739 Y163.984 E669.40617
G1 F758.3 X93.025 Y164.105 E669.44429
G1 F731.7 X92.499 Y164.225 E669.47372
G1 F740.7 X91.972 Y164.345 E669.50284
G1 F750 X91.446 Y164.465 E669.53155
G1 F759.5 X90.919 Y164.585 E669.55995
G1 F769.2 X90.393 Y164.705 E669.58795
G1 F779.2 X89.866 Y164.825 E669.61563
G1 F758.3 X89.399 Y164.958 E669.64119
G1 F737.3 X88.856 Y165.143 E669.67224
G1 F743 X88.313 Y165.328 E669.70305
G1 F750 X87.769 Y165.513 E669.73363
G1 F755.9 X87.226 Y165.698 E669.76392
G1 F761.9 X86.682 Y165.883 E669.79402
G1 F769.2 X86.139 Y166.068 E669.82378
G1 F758.3 X85.817 Y166.196 E669.84202
G1 F746.5 X85.27 Y166.45 E669.87427
G1 F748.8 X84.722 Y166.705 E669.90648
G1 F751.2 X84.174 Y166.959 E669.93858
G1 F753.5 X83.626 Y167.214 E669.97059
G1 F755.9 X83.078 Y167.468 E670.00248
G1 F758.3 X82.53 Y167.723 E670.03429
G1 X82.394 Y167.794 E670.04237
G1 F755.9 X81.597 Y168.273 E670.09147
G1 F753.5 X80.8 Y168.752 E670.14072
G1 F751.2 X80.003 Y169.231 E670.19013
G1 F748.8 X79.206 Y169.71 E670.23969
G1 F755.9 X79.017 Y169.843 E670.25189
G1 F763.1 X78.616 Y170.146 E670.27818
G1 F759.5 X78.215 Y170.449 E670.30459
G1 F755.9 X77.813 Y170.752 E670.33117
G1 F752.4 X77.412 Y171.055 E670.35783
G1 F750 X77.01 Y171.358 E670.38462
G1 F746.5 X76.609 Y171.661 E670.41149
G1 F743 X76.207 Y171.964 E670.43853
G1 F759.5 X75.88 Y172.245 E670.46119
G1 F775.4 X75.474 Y172.624 E670.48978
G1 F765.6 X75.068 Y173.004 E670.51877
G1 F757.1 X74.661 Y173.383 E670.54809
G1 F748.8 X74.255 Y173.763 E670.57773
G1 F739.6 X73.849 Y174.142 E670.6077
G1 F731.7 X73.442 Y174.522 E670.63807
G1 F755.9 X73.029 Y174.956 E670.6697
G1 F786.9 X73.017 Y174.97 E670.67064
G1 F781.8 X72.676 Y175.366 E670.69732
G1 F769.2 X72.334 Y175.762 E670.72447
G1 F758.3 X71.992 Y176.158 E670.75201
G1 F747.7 X71.651 Y176.554 E670.77991
G1 F736.2 X71.309 Y176.95 E670.80827
G1 F726.2 X70.967 Y177.346 E670.83703
G1 F757.1 X70.504 Y177.942 E670.87682
G1 F798.7 X70.485 Y177.968 E670.87843
G1 F790.8 X70.147 Y178.456 E670.90839
G1 F772.9 X69.808 Y178.944 E670.93907
G1 F754.7 X69.47 Y179.432 E670.97046
G1 F738.5 X69.131 Y179.92 E671.00258
G1 F722.9 X68.792 Y180.408 E671.03538
G1 F755.9 X68.28 Y181.235 E671.08674
G1 F793.4 X68.013 Y181.723 E671.11472
G1 F772.9 X67.745 Y182.212 E671.14352
G1 F753.5 X67.478 Y182.7 E671.17298
G1 F736.2 X67.21 Y183.189 E671.20321
G1 F718.6 X66.943 Y183.677 E671.23411
G1 F732.8 X66.691 Y184.198 E671.26563
G1 F781.8 X66.439 Y184.721 E671.29527
G1 F797.3 X66.239 Y185.2 E671.32125
G1 F774.2 X66.039 Y185.679 E671.34801
G1 F752.4 X65.839 Y186.158 E671.37555
G1 F732.8 X65.639 Y186.637 E671.40382
G1 F713.2 X65.439 Y187.116 E671.43287
G1 F728.4 X65.214 Y187.744 E671.46942
G1 F783 X64.989 Y188.37 E671.50333
G1 F813.6 X64.979 Y188.4 E671.50488
G1 F797.3 X64.808 Y188.976 E671.53496
G1 F766.8 X64.636 Y189.553 E671.5663
G1 F738.5 X64.464 Y190.13 E671.59884
G1 F712.2 X64.292 Y190.707 E671.63258
G1 F716.4 X64.175 Y191.193 E671.66043
G1 F752.4 X64.057 Y191.68 E671.68701
G1 F792.1 X63.939 Y192.167 E671.71226
G1 F814.9 X63.932 Y192.199 E671.71387
G1 F801.3 X63.832 Y192.742 E671.74137
G1 F770.5 X63.731 Y193.286 E671.77003
G1 F743 X63.63 Y193.83 E671.79975
G1 F716.4 X63.529 Y194.373 E671.83052
G1 F721.8 X63.454 Y194.932 E671.86171
G1 F758.3 X63.379 Y195.492 E671.89145
G1 F800 X63.304 Y196.053 E671.91968
G1 F820.5 X63.3 Y196.084 E671.9212
G1 F802.7 X63.261 Y196.589 E671.94639
G1 F770.5 X63.221 Y197.095 E671.97268
G1 F740.7 X63.181 Y197.6 E671.99998
G1 F713.2 X63.141 Y198.106 E672.02838
G1 F717.5 X63.124 Y198.732 E672.06322
G1 F753.5 X63.107 Y199.357 E672.09633
G1 F794.7 X63.09 Y199.982 E672.12773
G1 F816.3 X63.089 Y200.015 E672.12935
;TIME_ELAPSED:532.503302
G1 F2400 E666.12935
M140 S0
M204 S4000
M205 X20 Y20
M107
G91 ;Change to relative positioning mode for filament retraction and nozzle lifting
G1 F200 E-4;Retract the filament a bit before lifting the nozzle
G1 F1000 Z5;Lift nozzle 5mm
G90 ;Change to absolute positioning mode to prepare for part rermoval
G1 X0 Y400 ;Move the print to max y pos for part rermoval
M104 S0 ; Turn off hotend
M106 S0 ; Turn off cooling fan
M140 S0 ; Turn off bed
M84 ; Disable motors

M82 ;absolute extrusion mode
M104 S0
;End of Gcode
;SETTING_3 {"global_quality": "[general]\\nversion = 4\\nname = Normal #2\\ndefi
;SETTING_3 nition = anycubic_chiron\\n\\n[metadata]\\ntype = quality_changes\\nq
;SETTING_3 uality_type = normal\\nsetting_version = 20\\n\\n[values]\\nadhesion_
;SETTING_3 type = brim\\nmaterial_bed_temperature = 60.0\\nsupport_type = buildp
;SETTING_3 late\\n\\n", "extruder_quality": ["[general]\\nversion = 4\\nname = N
;SETTING_3 ormal #2\\ndefinition = anycubic_chiron\\n\\n[metadata]\\ntype = qual
;SETTING_3 ity_changes\\nquality_type = normal\\nsetting_version = 20\\nposition
;SETTING_3  = 0\\n\\n[values]\\ninfill_sparse_density = 100\\nmaterial_print_tem
;SETTING_3 perature = 210.0\\n\\n"]}
