;FLAVOR:Marlin
;TIME:2527
;Filament used: 1.08957m
;Layer height: 0.2
;MINX:180.605
;MINY:160.22
;MINZ:0.24
;MAXX:219.395
;MAXY:198.948
;MAXZ:102.09
;TARGET_MACHINE.NAME:Anycubic Chiron
;Generated with Cura_SteamEngine 5.8.1
M140 S60
M105
M190 S60
M104 S220
M105
M109 S220
M82 ;absolute extrusion mode
M107 ;Start with the fan off
G21 ;Set units to millimeters
G91 ;Change to relative positioning mode for retract filament and nozzle lifting
G1 F200 E-3 ;Retract 3mm filament for a clean start
G92 E0 ;Zero the extruded length
G1 F1000 Z5 ;Lift the nozzle 5mm before homing axes
G90 ;Absolute positioning
M82 ;Set extruder to absolute mode too
G28 X0 Y0 ;First move X/Y to min endstops
G28 Z0 ;Then move Z to min endstops
G1 F1000 Z15 ;After homing lift the nozzle 15mm before start printing

G92 E0
G92 E0
G1 F2400 E-6
;LAYER_COUNT:505
;LAYER:-6
M107
M204 S3000
M205 X10 Y10
G0 F6000 X185.732 Y166.439 Z0.24
M204 S1800
M205 X8 Y8
;TYPE:SUPPORT-INTERFACE
G1 F2400 E0
G1 F1125 X186.681 Y165.517 E0.10562
G1 X187.584 Y164.713 E0.20213
G1 X188.435 Y164.015 E0.28999
G1 X189.293 Y163.409 E0.37384
G1 X190.546 Y162.679 E0.48959
G1 X191.559 Y162.147 E0.58093
G1 X192.566 Y161.673 E0.66977
G1 X193.546 Y161.295 E0.75362
G1 X194.754 Y160.935 E0.85424
G1 X195.989 Y160.631 E0.95576
G1 X196.99 Y160.423 E1.03737
G1 X198.118 Y160.283 E1.12811
G1 X199.474 Y160.22 E1.23646
G1 X200.584 Y160.221 E1.32507
G1 X201.568 Y160.256 E1.40367
G1 X202.649 Y160.365 E1.49039
G1 X204.03 Y160.635 E1.60272
G1 X205.165 Y160.911 E1.69596
G1 X206.239 Y161.221 E1.78519
G1 X207.23 Y161.582 E1.86938
G1 X208.553 Y162.203 E1.98604
G1 X209.482 Y162.691 E2.06981
G1 X210.519 Y163.291 E2.16545
G1 X211.254 Y163.791 E2.2364
G1 X212.403 Y164.703 E2.3535
G1 X213.221 Y165.423 E2.44049
G1 X213.997 Y166.168 E2.52636
G1 X214.693 Y166.927 E2.60856
G1 X215.592 Y168.088 E2.72578
G1 X216.242 Y169.033 E2.81733
G1 X216.881 Y170.041 E2.9126
G1 X217.379 Y170.986 E2.99787
G1 X217.877 Y172.131 E3.09754
G1 X218.319 Y173.296 E3.197
G1 X218.621 Y174.181 E3.27164
G1 X218.916 Y175.282 E3.36263
G1 X219.152 Y176.674 E3.47533
G1 X219.297 Y177.889 E3.57301
G1 X219.372 Y178.793 E3.64542
G1 X219.395 Y179.948 E3.73763
G1 X219.285 Y181.405 E3.85427
G1 X219.159 Y182.461 E3.93916
G1 X219.003 Y183.451 E4.01916
G1 X218.749 Y184.549 E4.10912
G1 X218.338 Y185.831 E4.21659
G1 X217.885 Y187.025 E4.31853
G1 X217.433 Y188.074 E4.4097
G1 X217.003 Y188.923 E4.48567
G1 X216.285 Y190.076 E4.5941
G1 X215.606 Y191.062 E4.68966
G1 X215.007 Y191.865 E4.76963
G1 X214.268 Y192.721 E4.8599
G1 X213.303 Y193.663 E4.96755
G1 X212.372 Y194.491 E5.067
G1 X211.636 Y195.094 E5.14295
G1 X210.718 Y195.752 E5.23311
G1 X209.45 Y196.494 E5.35038
G1 X208.548 Y196.966 E5.43165
G1 X207.515 Y197.465 E5.52322
G1 X206.568 Y197.837 E5.60444
G1 X205.278 Y198.226 E5.71199
G1 X204.035 Y198.533 E5.8142
G1 X203.1 Y198.725 E5.89039
G1 X201.955 Y198.885 E5.98268
G1 X200.519 Y198.948 E6.09741
G1 X199.413 Y198.948 E6.1857
G1 X198.279 Y198.9 E6.2763
G1 X197.285 Y198.792 E6.35611
G1 X195.84 Y198.505 E6.47371
G1 X194.72 Y198.225 E6.56587
G1 X193.761 Y197.951 E6.64548
G1 X192.774 Y197.586 E6.72948
G1 X191.565 Y197.025 E6.83588
G1 X190.46 Y196.448 E6.93538
G1 X189.639 Y195.979 E7.01086
G1 X188.674 Y195.333 E7.10356
G1 X187.607 Y194.474 E7.2129
G1 X186.724 Y193.694 E7.30695
G1 X185.857 Y192.858 E7.40309
G1 X185.213 Y192.14 E7.48008
G1 X184.353 Y191.009 E7.59349
G1 X183.722 Y190.091 E7.68241
G1 X183.209 Y189.28 E7.75902
G1 X182.691 Y188.334 E7.84511
G1 X182.119 Y187.039 E7.95812
G1 X181.677 Y185.876 E8.05743
G1 X181.376 Y184.984 E8.13258
G1 X181.076 Y183.863 E8.22521
G1 X180.837 Y182.423 E8.34173
G1 X180.699 Y181.268 E8.43458
G1 X180.624 Y180.356 E8.50763
G1 X180.605 Y179.22 E8.59832
G1 X180.711 Y177.784 E8.71326
G1 X180.845 Y176.689 E8.80132
G1 X181.029 Y175.555 E8.89303
G1 X181.234 Y174.684 E8.96445
G1 X181.682 Y173.284 E9.08179
G1 X182.108 Y172.154 E9.17819
G1 X182.563 Y171.095 E9.27019
G1 X183.001 Y170.238 E9.34702
G1 X183.767 Y169.008 E9.46269
G1 X184.386 Y168.114 E9.54949
G1 X184.989 Y167.303 E9.63016
G1 X185.732 Y166.439 E9.72112
M204 S3000
M205 X10 Y10
G0 F6000 X186.559 Y166.194
M204 S1800
M205 X8 Y8
G1 F1125 X213.386 Y193.022 E12.74964
M204 S3000
M205 X10 Y10
G0 F6000 X214.485 Y191.858
M204 S1800
M205 X8 Y8
G1 F1125 X187.738 Y165.111 E15.76907
M204 S3000
M205 X10 Y10
G0 F6000 X188.998 Y164.107
M204 S1800
M205 X8 Y8
G1 F1125 X215.46 Y190.57 E18.75639
M204 S3000
M205 X10 Y10
G0 F6000 X216.358 Y189.205
M204 S1800
M205 X8 Y8
G1 F1125 X190.387 Y163.234 E21.68822
M204 S3000
M205 X10 Y10
G0 F6000 X191.862 Y162.446
M204 S1800
M205 X8 Y8
G1 F1125 X217.146 Y187.73 E24.5425
M204 S3000
M205 X10 Y10
G0 F6000 X217.8 Y186.122
M204 S1800
M205 X8 Y8
G1 F1125 X193.442 Y161.764 E27.29224
M204 S3000
M205 X10 Y10
G0 F6000 X195.183 Y161.242
M204 S1800
M205 X8 Y8
G1 F1125 X218.367 Y184.426 E29.90945
M204 S3000
M205 X10 Y10
G0 F6000 X218.742 Y182.538
M204 S1800
M205 X8 Y8
G1 F1125 X197.028 Y160.824 E32.36071
M204 S3000
M205 X10 Y10
G0 F6000 X199.105 Y160.638
M204 S1800
M205 X8 Y8
G1 F1125 X218.954 Y180.488 E34.6015
M204 S3000
M205 X10 Y10
G0 F6000 X218.921 Y178.192
M204 S1800
M205 X8 Y8
G1 F1125 X201.379 Y160.65 E36.58179
M204 S3000
M205 X10 Y10
G0 F6000 X204.042 Y161.05
M204 S1800
M205 X8 Y8
G1 F1125 X218.559 Y175.567 E38.22059
M204 S3000
M205 X10 Y10
G0 F6000 X217.483 Y172.228
M204 S1800
M205 X8 Y8
G1 F1125 X207.324 Y162.069 E39.36743
M204 S3000
M205 X10 Y10
G0 F6000 X185.464 Y167.362
M204 S1800
M205 X8 Y8
G1 F1125 X212.206 Y194.104 E42.3863
M204 S3000
M205 X10 Y10
G0 F6000 X210.94 Y195.101
M204 S1800
M205 X8 Y8
G1 F1125 X184.496 Y168.657 E45.37152
M204 S3000
M205 X10 Y10
G0 F6000 X183.603 Y170.027
M204 S1800
M205 X8 Y8
G1 F1125 X209.548 Y195.972 E48.30042
M204 S3000
M205 X10 Y10
G0 F6000 X208.067 Y196.753
M204 S1800
M205 X8 Y8
G1 F1125 X182.82 Y171.507 E51.15046
M204 S3000
M205 X10 Y10
G0 F6000 X182.171 Y173.12
M204 S1800
M205 X8 Y8
G1 F1125 X206.489 Y197.438 E53.89569
M204 S3000
M205 X10 Y10
G0 F6000 X204.736 Y197.947
M204 S1800
M205 X8 Y8
G1 F1125 X181.612 Y174.824 E56.50607
M204 S3000
M205 X10 Y10
G0 F6000 X181.244 Y176.719
M204 S1800
M205 X8 Y8
G1 F1125 X202.877 Y198.352 E58.94819
M204 S3000
M205 X10 Y10
G0 F6000 X200.798 Y198.535
M204 S1800
M205 X8 Y8
G1 F1125 X181.038 Y178.775 E61.17887
M204 S3000
M205 X10 Y10
G0 F6000 X181.084 Y181.084
M204 S1800
M205 X8 Y8
G1 F1125 X198.51 Y198.51 E63.14607
M204 S3000
M205 X10 Y10
G0 F6000 X195.827 Y198.09
M204 S1800
M205 X8 Y8
G1 F1125 X181.457 Y183.72 E64.76828
M204 S3000
M205 X10 Y10
G0 F6000 X182.589 Y187.115
M204 S1800
M205 X8 Y8
G1 F1125 X192.484 Y197.01 E65.88531
M204 S3000
M205 X10 Y10
G0 F600 X192.484 Y197.01 Z0.54
G0 F6000 X215.794 Y190.085
;TIME_ELAPSED:50.357484
;LAYER:-5
M204 S1800
M205 X8 Y8
;TYPE:SUPPORT
G1 F1125 X210.404 Y195.475 E66.6459
G1 X210.5 Y195.419 E66.65699
G1 X211.396 Y194.778 E66.76691
G1 X212.141 Y194.166 E66.86311
G1 X213.029 Y193.377 E66.98164
G1 X213.984 Y192.445 E67.11479
G1 X214.692 Y191.621 E67.22319
G1 X215.279 Y190.834 E67.32115
G1 X215.96 Y189.844 E67.44105
G1 X216.658 Y188.724 E67.57273
G1 X217.075 Y187.904 E67.66452
G1 X217.461 Y187.004 E67.76224
G1 X207.373 Y197.092 E69.18576
G1 X206.399 Y197.475 E69.29019
G1 X205.228 Y197.823 E69.41209
G1 X218.255 Y184.796 E71.25034
G1 X218.438 Y184.135 E71.31877
G1 X218.329 Y184.08 E71.33095
G1 X218.594 Y183.457 E71.39851
G1 X218.673 Y182.963 E71.44842
G1 X203.348 Y198.289 E73.61102
G1 X201.945 Y198.485 E73.75237
G1 X201.759 Y198.464 E73.77105
G1 X218.892 Y181.33 E76.18877
G1 X219.005 Y179.803 E76.34155
G1 X200.257 Y198.551 E78.9871
G1 X199.432 Y198.55 E79.06941
G1 X198.866 Y198.528 E79.12593
G1 X218.779 Y178.615 E81.93587
G1 X218.891 Y177.834 E82.0146
G1 X218.811 Y177.169 E82.08143
G1 X197.544 Y198.436 E85.08243
G1 X196.361 Y198.205 E85.2027
G1 X218.622 Y175.944 E88.34397
G1 X218.523 Y175.355 E88.40357
G1 X218.369 Y174.782 E88.46277
G1 X195.192 Y197.959 E91.73329
G1 X194.201 Y197.536 E91.84081
G1 X218.046 Y173.691 E95.20559
G1 X217.655 Y172.668 E95.31487
G1 X193.047 Y197.276 E98.78733
G1 X192.085 Y196.824 E98.89338
G1 X217.241 Y171.668 E102.44317
G1 X217.013 Y171.142 E102.50037
G1 X216.783 Y170.711 E102.54911
G1 X191.2 Y196.294 E106.15915
G1 X190.599 Y196.068 E106.22322
G1 X190.225 Y195.855 E106.26617
G1 X216.266 Y169.815 E109.94076
G1 X216.195 Y169.701 E109.95416
G1 X216.059 Y169.701 E109.96773
G1 X215.912 Y169.255 E110.01459
G1 X215.706 Y168.96 E110.05049
G1 X189.356 Y195.31 E113.76876
G1 X188.921 Y195.018 E113.82104
G1 X188.539 Y194.712 E113.86987
G1 X215.12 Y168.132 E117.62067
G1 X214.504 Y167.333 E117.72134
G1 X187.759 Y194.078 E121.49535
G1 X187.009 Y193.414 E121.5953
G1 X213.847 Y166.576 E125.38243
G1 X213.124 Y165.885 E125.48222
G1 X186.281 Y192.728 E129.27006
G1 X185.61 Y191.985 E129.36995
G1 X212.379 Y165.216 E133.14735
G1 X212.206 Y165.063 E133.17039
G1 X211.438 Y164.743 E133.25341
G1 X184.993 Y191.188 E136.98508
G1 X184.687 Y190.787 E137.03541
G1 X184.399 Y190.367 E137.08623
G1 X210.801 Y163.966 E140.81176
G1 X210.286 Y163.619 E140.87373
G1 X209.936 Y163.416 E140.9141
G1 X183.835 Y189.517 E144.59723
G1 X183.287 Y188.651 E144.69949
G1 X209.029 Y162.909 E148.33196
G1 X208.101 Y162.422 E148.43654
G1 X182.899 Y187.625 E151.99288
G1 X182.4 Y186.71 E152.09687
G1 X207.13 Y161.98 E155.58654
G1 X206.095 Y161.6 E155.69656
G1 X182.028 Y185.667 E159.09267
G1 X181.67 Y184.611 E159.20393
G1 X204.89 Y161.391 E162.48052
G1 X203.857 Y161.01 E162.59038
G1 X181.415 Y183.452 E165.75719
G1 X181.209 Y182.244 E165.87947
G1 X202.675 Y160.778 E168.90855
G1 X201.399 Y160.64 E169.03661
G1 X181.078 Y180.961 E171.90413
G1 X181.016 Y180.167 E171.98359
G1 X181.009 Y179.615 E172.03868
G1 X200.004 Y160.621 E174.719
G1 X199.495 Y160.621 E174.76979
G1 X198.546 Y160.665 E174.86459
G1 X181.073 Y178.137 E177.33014
G1 X181.266 Y176.53 E177.49164
G1 X196.95 Y160.846 E179.70483
G1 X195.952 Y161.051 E179.80649
G1 X195.45 Y161.175 E179.85808
G1 X195.45 Y161.259 E179.86646
G1 X195.077 Y161.304 E179.90395
G1 X181.629 Y174.753 E181.80168
G1 X182.09 Y173.327 E181.95122
G1 X182.368 Y172.6 E182.02888
G1 X193.05 Y161.918 E183.53623
G1 X192.542 Y162.121 E183.59081
G1 X191.637 Y162.557 E183.69105
G1 X190.748 Y163.024 E183.79124
G1 X190.222 Y163.331 E183.85201
G1 X183.736 Y169.817 E184.76726
G1 X184.102 Y169.23 E184.83628
G1 X184.712 Y168.348 E184.94329
G1 X185.305 Y167.552 E185.04233
G1 X186.019 Y166.723 E185.1515
G1 X187.057 Y165.719 E185.29559
G1 X187.151 Y165.905 E185.31639
G1 X187.886 Y164.986 E185.4338
G1 X188.67 Y164.34 E185.53517
G1 X189.516 Y163.743 E185.63848
M204 S3000
M205 X10 Y10
G0 F600 X189.516 Y163.743 Z0.74
G0 F6000 X181.339 Y175.116
;TIME_ELAPSED:114.983534
;LAYER:-4
M204 S1800
M205 X8 Y8
;TYPE:SUPPORT-INTERFACE
G1 F1500 X181.4 Y175.178 E185.64138
M204 S3000
M205 X10 Y10
G0 F6000 X184.18 Y190.403
M204 S1800
M205 X8 Y8
G1 F1500 X189.269 Y195.492 E185.88075
M204 S3000
M205 X10 Y10
G0 F6000 X184.52 Y190.897
M204 S1800
M205 X8 Y8
G1 F1500 X185.373 Y192.023 E185.92773
G1 X186.006 Y192.722 E185.9591
G1 X186.866 Y193.552 E185.99885
G1 X187.742 Y194.328 E186.03777
G1 X188.802 Y195.18 E186.08301
G1 X189.742 Y195.808 E186.12061
G1 X190.518 Y196.251 E186.15032
G1 X190.64 Y196.296 E186.15465
G1 X183.197 Y188.854 E186.50472
G1 X182.867 Y188.24 E186.52791
G1 X182.669 Y187.794 E186.54414
G1 X182.703 Y187.794 E186.54527
G1 X191.836 Y196.927 E186.97486
G1 X192.766 Y197.363 E187.00902
G1 X192.881 Y197.407 E187.01311
G1 X182.222 Y186.748 E187.51448
G1 X181.875 Y185.835 E187.54697
G1 X193.784 Y197.744 E188.10713
G1 X194.181 Y197.861 E188.12089
G1 X194.181 Y197.745 E188.12475
G1 X194.478 Y197.872 E188.1355
G1 X181.582 Y184.976 E188.74208
G1 X181.374 Y184.203 E188.76871
G1 X195.35 Y198.178 E189.42607
G1 X196.093 Y198.356 E189.45149
G1 X181.217 Y183.479 E190.15123
G1 X181.101 Y182.798 E190.17421
G1 X196.797 Y198.494 E190.9125
G1 X197.312 Y198.595 E190.92995
G1 X197.482 Y198.614 E190.93564
G1 X181.005 Y182.137 E191.71067
G1 X180.928 Y181.494 E191.73221
G1 X198.118 Y198.684 E192.54077
G1 X198.721 Y198.721 E192.56087
G1 X180.869 Y180.869 E193.40057
G1 X180.821 Y180.256 E193.42102
G1 X199.311 Y198.745 E194.29071
G1 X199.881 Y198.75 E194.30967
G1 X180.81 Y179.679 E195.20671
G1 X180.812 Y179.115 E195.22547
G1 X200.447 Y198.75 E196.14904
G1 X200.992 Y198.729 E196.16718
G1 X180.851 Y178.588 E197.11455
G1 X180.89 Y178.062 E197.1321
G1 X201.457 Y198.628 E198.09948
G1 X202.064 Y198.669 E198.11972
G1 X180.942 Y177.548 E199.11321
G1 X181.002 Y177.043 E199.13012
G1 X202.56 Y198.6 E200.14412
G1 X203.057 Y198.532 E200.1608
G1 X181.069 Y176.543 E201.19507
G1 X181.148 Y176.057 E201.21145
G1 X203.526 Y198.435 E202.26404
G1 X203.994 Y198.337 E202.27995
G1 X181.243 Y175.587 E203.35006
G1 X181.412 Y175.19 E203.36441
G1 X204.448 Y198.225 E204.44793
G1 X204.902 Y198.114 E204.46348
G1 X181.445 Y174.657 E205.56682
G1 X181.584 Y174.23 E205.58176
G1 X205.349 Y197.995 E206.69959
G1 X205.784 Y197.865 E206.71469
G1 X181.724 Y173.804 E207.84642
G1 X181.863 Y173.378 E207.86133
G1 X206.221 Y197.735 E209.00703
G1 X206.644 Y197.593 E209.02187
G1 X182.014 Y172.963 E210.18039
G1 X182.171 Y172.554 E210.19496
G1 X207.05 Y197.433 E211.36519
G1 X207.45 Y197.268 E211.37958
G1 X182.329 Y172.147 E212.5612
G1 X182.496 Y171.748 E212.57558
G1 X207.835 Y197.087 E213.76745
G1 X208.219 Y196.905 E213.78159
G1 X182.665 Y171.351 E214.98357
G1 X182.854 Y170.975 E214.99757
G1 X208.596 Y196.716 E216.20837
G1 X208.968 Y196.523 E216.22231
G1 X183.044 Y170.599 E217.44169
G1 X183.242 Y170.232 E217.45556
G1 X209.34 Y196.33 E218.68313
G1 X209.697 Y196.12 E218.69691
G1 X183.46 Y169.883 E219.93101
G1 X183.677 Y169.535 E219.94466
G1 X210.053 Y195.911 E221.1853
G1 X210.41 Y195.702 E221.19906
G1 X183.894 Y169.186 E222.44629
G1 X184.122 Y168.849 E222.45982
G1 X210.755 Y195.482 E223.71256
G1 X211.085 Y195.246 E223.72605
G1 X184.353 Y168.514 E224.98344
G1 X184.586 Y168.181 E224.99696
G1 X211.415 Y195.01 E226.25892
G1 X211.732 Y194.761 E226.27232
G1 X184.828 Y167.857 E227.53781
G1 X185.07 Y167.533 E227.55126
G1 X212.042 Y194.506 E228.81996
G1 X212.35 Y194.248 E228.83332
G1 X185.325 Y167.223 E230.1045
G1 X185.586 Y166.918 E230.11785
G1 X212.649 Y193.981 E231.39081
G1 X212.949 Y193.715 E231.40414
G1 X185.847 Y166.614 E232.67891
G1 X186.132 Y166.333 E232.69223
G1 X213.244 Y193.445 E233.96749
G1 X213.531 Y193.166 E233.9808
G1 X186.419 Y166.054 E235.25607
G1 X186.705 Y165.775 E235.26936
G1 X213.817 Y192.887 E236.54462
G1 X214.103 Y192.607 E236.55794
G1 X186.992 Y165.496 E237.83315
G1 X187.11 Y165.38 E237.83866
G1 X187.189 Y165.537 E237.8445
G1 X187.371 Y165.309 E237.85421
G1 X214.368 Y192.306 E239.12406
G1 X214.63 Y192.002 E239.13741
G1 X187.622 Y164.995 E240.40776
G1 X187.905 Y164.712 E240.42107
G1 X214.888 Y191.695 E241.69027
G1 X215.129 Y191.371 E241.7037
G1 X188.215 Y164.456 E242.96968
G1 X188.525 Y164.201 E242.98303
G1 X215.371 Y191.047 E244.24578
G1 X215.605 Y190.715 E244.25929
G1 X188.855 Y163.965 E245.51753
G1 X189.186 Y163.731 E245.53101
G1 X215.835 Y190.379 E246.78447
G1 X216.066 Y190.044 E246.79801
G1 X189.527 Y163.506 E248.0463
G1 X189.884 Y163.297 E248.06006
G1 X216.286 Y189.698 E249.3019
G1 X216.503 Y189.35 E249.31554
G1 X190.241 Y163.089 E250.5508
G1 X190.599 Y162.88 E250.56459
G1 X216.72 Y189.001 E251.79324
G1 X216.925 Y188.641 E251.80702
G1 X190.968 Y162.683 E253.02798
G1 X191.338 Y162.488 E253.04189
G1 X217.116 Y188.266 E254.25441
G1 X217.302 Y187.887 E254.26845
G1 X191.714 Y162.299 E255.47203
G1 X192.096 Y162.115 E255.48614
G1 X217.472 Y187.491 E256.67975
G1 X217.642 Y187.095 E256.69408
G1 X192.479 Y161.932 E257.87767
G1 X192.883 Y161.77 E257.89215
G1 X217.802 Y186.69 E259.06428
G1 X217.958 Y186.28 E259.07887
G1 X193.287 Y161.609 E260.23932
G1 X193.703 Y161.459 E260.25403
G1 X218.113 Y185.869 E261.4022
G1 X218.254 Y185.444 E261.4171
G1 X194.14 Y161.33 E262.55134
G1 X194.575 Y161.2 E262.56645
G1 X218.393 Y185.017 E263.68675
G1 X218.532 Y184.591 E263.70165
G1 X195.049 Y161.108 E264.80622
G1 X195.25 Y161.082 E264.81296
G1 X195.251 Y161.018 E264.81509
G1 X195.471 Y160.964 E264.82262
G1 X218.643 Y184.136 E265.91256
G1 X218.669 Y184.026 E265.91632
G1 X218.587 Y183.985 E265.91937
G1 X218.727 Y183.655 E265.9313
G1 X195.925 Y160.853 E267.00383
G1 X196.395 Y160.756 E267.01979
G1 X218.839 Y183.201 E268.07551
G1 X218.917 Y182.714 E268.09192
G1 X196.863 Y160.66 E269.12927
G1 X197.351 Y160.582 E269.14571
G1 X218.987 Y182.218 E270.1634
G1 X219.049 Y181.714 E270.18029
G1 X197.854 Y160.519 E271.17724
G1 X198.375 Y160.474 E271.19463
G1 X219.103 Y181.202 E272.16961
G1 X219.142 Y180.675 E272.18719
G1 X198.915 Y160.448 E273.1386
G1 X199.455 Y160.423 E273.15658
G1 X219.181 Y180.149 E274.08443
G1 X219.192 Y179.594 E274.1029
G1 X200.02 Y160.422 E275.00469
G1 X200.586 Y160.423 E275.02351
G1 X219.185 Y179.021 E275.89833
G1 X219.144 Y178.453 E275.91727
G1 X219.005 Y178.453 E275.92189
G1 X219.027 Y178.298 E275.9271
G1 X201.173 Y160.444 E276.7669
G1 X201.775 Y160.48 E276.78696
G1 X219.087 Y177.792 E277.60126
G1 X219.009 Y177.149 E277.6228
G1 X202.407 Y160.546 E278.40373
G1 X203.08 Y160.654 E278.4264
G1 X218.918 Y176.492 E279.17137
G1 X218.804 Y175.811 E279.19434
G1 X203.785 Y160.793 E279.90076
G1 X203.939 Y160.823 E279.90598
G1 X204.644 Y161.087 E279.93102
G1 X218.664 Y175.106 E280.59046
G1 X218.457 Y174.334 E280.61704
G1 X205.278 Y161.155 E281.23694
G1 X206.076 Y161.387 E281.26458
G1 X218.177 Y173.488 E281.83377
G1 X217.838 Y172.583 E281.86592
G1 X206.95 Y161.695 E282.37805
G1 X207.148 Y161.767 E282.38506
G1 X207.972 Y162.152 E282.41531
G1 X217.438 Y171.618 E282.86056
G1 X217.199 Y171.068 E282.88051
G1 X216.911 Y170.524 E282.90098
G1 X209.114 Y162.728 E283.26771
G1 X209.454 Y162.906 E283.28047
G1 X210.42 Y163.468 E283.31764
G1 X216.037 Y169.085 E283.58185
G1 X215.427 Y168.202 E283.61754
G1 X214.559 Y167.077 E283.6648
G1 X214.185 Y166.667 E283.68326
G1 X213.184 Y165.666 E283.73034
M204 S3000
M205 X10 Y10
G0 F600 X213.184 Y165.666 Z0.94
G0 F6000 X189.395 Y163.583
;TIME_ELAPSED:235.064317
;LAYER:-3
M204 S1800
M205 X8 Y8
;TYPE:SUPPORT-INTERFACE
G1 F1500 X188.553 Y164.177 E283.76462
G1 X187.744 Y164.844 E283.79949
G1 X187.189 Y165.537 E283.82902
G1 X187.11 Y165.38 E283.83487
G1 X185.874 Y166.584 E283.89226
G1 X185.146 Y167.432 E283.92943
G1 X184.556 Y168.223 E283.96225
G1 X184.088 Y168.9 E283.98962
G1 X189.419 Y163.569 E284.24038
G1 X190.764 Y162.789 E284.29209
G1 X183.135 Y170.418 E284.65094
G1 X182.665 Y171.352 E284.68571
G1 X182.591 Y171.529 E284.69209
G1 X191.92 Y162.199 E285.13092
G1 X192.462 Y161.938 E285.15093
G1 X192.937 Y161.748 E285.16795
G1 X182.195 Y172.49 E285.67322
G1 X181.859 Y173.391 E285.7052
G1 X193.829 Y161.421 E286.26823
G1 X194.635 Y161.181 E286.2962
G1 X181.584 Y174.233 E286.91011
G1 X181.362 Y175.02 E286.9373
G1 X195.401 Y160.981 E287.59766
G1 X196.14 Y160.807 E287.62291
G1 X181.199 Y175.749 E288.32571
G1 X181.089 Y176.425 E288.34849
G1 X196.851 Y160.662 E289.08991
G1 X197.519 Y160.56 E289.11238
G1 X180.998 Y177.081 E289.88948
G1 X180.922 Y177.722 E289.91095
G1 X198.162 Y160.483 E290.72184
G1 X198.755 Y160.455 E290.74159
G1 X180.87 Y178.34 E291.58284
G1 X180.825 Y178.951 E291.60322
G1 X199.348 Y160.428 E292.47449
G1 X199.92 Y160.421 E292.49351
G1 X180.809 Y179.532 E293.39244
G1 X180.816 Y180.092 E293.41106
G1 X200.486 Y160.421 E294.3363
G1 X201.035 Y160.438 E294.35457
G1 X180.851 Y180.622 E295.30396
G1 X180.891 Y181.147 E295.32148
G1 X201.58 Y160.459 E296.2946
G1 X202.092 Y160.513 E296.31172
G1 X180.949 Y181.656 E297.30623
G1 X181.009 Y182.161 E297.32314
G1 X202.604 Y160.566 E298.3389
G1 X203.082 Y160.653 E298.35506
G1 X181.077 Y182.658 E299.39011
G1 X181.16 Y183.141 E299.40641
G1 X203.555 Y160.747 E300.45978
G1 X204.016 Y160.851 E300.4755
G1 X181.242 Y183.625 E301.54672
G1 X181.345 Y184.088 E301.56249
G1 X204.427 Y161.005 E302.64822
G1 X204.714 Y161.113 E302.65842
G1 X204.715 Y160.991 E302.66248
G1 X204.942 Y161.056 E302.67033
G1 X181.463 Y184.536 E303.77474
G1 X181.584 Y184.98 E303.79004
G1 X205.381 Y161.184 E304.90936
G1 X205.819 Y161.311 E304.92453
G1 X181.727 Y185.403 E306.05774
G1 X181.871 Y185.824 E306.07254
G1 X206.255 Y161.44 E307.21949
G1 X206.67 Y161.592 E307.23419
G1 X182.028 Y186.234 E308.39327
G1 X182.183 Y186.644 E308.40785
G1 X207.084 Y161.743 E309.57912
G1 X207.474 Y161.919 E309.59335
G1 X182.353 Y187.04 E310.77496
G1 X182.552 Y187.406 E310.78882
G1 X207.86 Y162.099 E311.97921
G1 X208.246 Y162.278 E311.99336
G1 X182.688 Y187.836 E313.19553
G1 X182.862 Y188.228 E313.20979
G1 X208.621 Y162.468 E314.42144
G1 X208.992 Y162.664 E314.4354
G1 X183.059 Y188.596 E315.65518
G1 X183.257 Y188.964 E315.66908
G1 X209.363 Y162.858 E316.89703
G1 X209.724 Y163.062 E316.91082
G1 X183.472 Y189.315 E318.14565
G1 X183.69 Y189.662 E318.15928
G1 X210.082 Y163.27 E319.40068
G1 X210.439 Y163.48 E319.41446
G1 X183.91 Y190.008 E320.66228
G1 X184.141 Y190.343 E320.67581
G1 X210.776 Y163.708 E321.92864
G1 X211.114 Y163.936 E321.9422
G1 X184.371 Y190.678 E323.20009
G1 X184.606 Y191.009 E323.21359
G1 X211.431 Y164.184 E324.47535
G1 X211.724 Y164.417 E324.4878
G1 X211.562 Y164.579 E324.49542
G1 X211.59 Y164.59 E324.49643
G1 X184.85 Y191.331 E325.75422
G1 X185.094 Y191.653 E325.76765
G1 X211.99 Y164.757 E327.03276
G1 X212.37 Y164.942 E327.04682
G1 X185.338 Y191.975 E328.31834
G1 X185.602 Y192.276 E328.33166
G1 X212.67 Y165.208 E329.60485
G1 X212.97 Y165.474 E329.61819
G1 X185.872 Y192.572 E330.8928
G1 X186.149 Y192.861 E330.90611
G1 X213.266 Y165.744 E332.18161
G1 X213.555 Y166.019 E332.19488
G1 X186.436 Y193.138 E333.47047
G1 X186.724 Y193.416 E333.48379
G1 X213.845 Y166.296 E334.75945
G1 X214.115 Y166.592 E334.77278
G1 X187.018 Y193.688 E336.04732
G1 X187.318 Y193.954 E336.06065
G1 X214.385 Y166.887 E337.3338
G1 X214.647 Y167.191 E337.34715
G1 X187.619 Y194.219 E338.61846
G1 X187.926 Y194.477 E338.6318
G1 X214.893 Y167.511 E339.90022
G1 X215.139 Y167.83 E339.91362
G1 X188.24 Y194.729 E341.17887
G1 X188.554 Y194.981 E341.19226
G1 X215.385 Y168.149 E342.45433
G1 X215.619 Y168.481 E342.46784
G1 X188.872 Y195.228 E343.72593
G1 X189.212 Y195.454 E343.73951
G1 X215.851 Y168.815 E344.99253
G1 X216.081 Y169.151 E345.00607
G1 X189.551 Y195.68 E346.25394
G1 X189.899 Y195.898 E346.2676
G1 X216.303 Y169.495 E347.50954
G1 X216.52 Y169.843 E347.52318
G1 X190.259 Y196.104 E348.75841
G1 X190.634 Y196.295 E348.77241
G1 X216.735 Y170.194 E350.00012
G1 X216.931 Y170.563 E350.01402
G1 X191.045 Y196.449 E351.23162
G1 X191.355 Y196.565 E351.24263
G1 X191.261 Y196.658 E351.24702
G1 X191.357 Y196.703 E351.25055
G1 X217.127 Y170.933 E352.46269
G1 X217.307 Y171.319 E352.47686
G1 X191.742 Y196.884 E353.67936
G1 X192.127 Y197.064 E353.69349
G1 X217.479 Y171.712 E354.88597
G1 X217.65 Y172.107 E354.90029
G1 X192.512 Y197.245 E356.0827
G1 X192.906 Y197.417 E356.097
G1 X217.81 Y172.513 E357.26841
G1 X217.966 Y172.922 E357.28297
G1 X193.317 Y197.572 E358.44241
G1 X193.727 Y197.727 E358.45699
G1 X218.123 Y173.332 E359.60448
G1 X218.267 Y173.753 E359.61927
G1 X194.246 Y197.774 E360.74915
G1 X194.642 Y197.943 E360.76347
G1 X218.41 Y174.175 E361.88144
G1 X218.533 Y174.619 E361.89677
G1 X195.047 Y198.104 E363.00145
G1 X195.501 Y198.216 E363.017
G1 X218.652 Y175.065 E364.10596
G1 X218.755 Y175.528 E364.12173
G1 X195.956 Y198.327 E365.19413
G1 X196.426 Y198.422 E365.21008
G1 X218.837 Y176.012 E366.2642
G1 X218.918 Y176.496 E366.28052
G1 X196.9 Y198.515 E367.3162
G1 X197.377 Y198.603 E367.33233
G1 X218.99 Y176.99 E368.34894
G1 X219.05 Y177.495 E368.36586
G1 X197.887 Y198.659 E369.36132
G1 X198.402 Y198.709 E369.37853
G1 X219.062 Y178.049 E370.35032
G1 X219.005 Y178.453 E370.36389
G1 X219.144 Y178.453 E370.36851
G1 X219.149 Y178.527 E370.37098
G1 X198.946 Y198.731 E371.32129
G1 X199.492 Y198.751 E371.33946
G1 X219.185 Y179.058 E372.26576
G1 X219.191 Y179.617 E372.28435
G1 X200.057 Y198.751 E373.18436
G1 X200.628 Y198.746 E373.20335
G1 X219.177 Y180.197 E374.07584
G1 X219.131 Y180.809 E374.09625
G1 X201.326 Y198.614 E374.93374
G1 X201.832 Y198.673 E374.95069
G1 X219.084 Y181.422 E375.76214
G1 X219.005 Y182.066 E375.78372
G1 X202.455 Y198.616 E376.56219
G1 X203.116 Y198.52 E376.5844
G1 X218.915 Y182.721 E377.32754
G1 X218.806 Y183.396 E377.35028
G1 X203.831 Y198.372 E378.05468
G1 X204.573 Y198.195 E378.08005
G1 X218.646 Y184.122 E378.742
G1 X218.429 Y184.905 E378.76903
G1 X205.334 Y198 E379.38498
G1 X206.139 Y197.761 E379.4129
G1 X218.155 Y185.744 E379.97812
G1 X217.818 Y186.647 E380.01018
G1 X207.018 Y197.447 E380.51818
G1 X207.352 Y197.315 E380.53013
G1 X208.04 Y196.991 E380.55542
G1 X217.419 Y187.612 E380.99658
G1 X217.259 Y187.985 E381.01008
G1 X216.891 Y188.706 E381.037
G1 X209.186 Y196.41 E381.3994
G1 X209.342 Y196.329 E381.40524
G1 X210.529 Y195.633 E381.45101
G1 X215.949 Y190.213 E381.70595
G1 X215.444 Y190.949 E381.73564
G1 X214.856 Y191.738 E381.76837
G1 X214.134 Y192.578 E381.80521
G1 X213.162 Y193.526 E381.85036
G1 X212.268 Y194.321 E381.89016
G1 X211.525 Y194.932 E381.92215
G1 X210.612 Y195.584 E381.95947
M204 S3000
M205 X10 Y10
G0 F6000 X201.298 Y198.641
M204 S1800
M205 X8 Y8
G1 F1500 X201.221 Y198.719 E381.96311
M204 S3000
M205 X10 Y10
G0 F600 X201.221 Y198.719 Z1.44
G0 F6000 X200.536 Y184.051
;TIME_ELAPSED:355.120482
;LAYER:0
;note -- min layer time used
M106 S255
G1 F2400 E375.96311
G1 F600 Z1.515
;MESH:15_7_1.stl
G0 F3000 X200.536 Y184.051 Z1.515
M204 S1800
M205 X8 Y8
;TYPE:WALL-OUTER
G1 F600 Z1.44
G1 F2400 E381.96311
G1 F565.7 X199.456 Y184.051 E382.01645
G1 F563.8 X198.403 Y183.79 E382.07022
G1 F560.9 X197.444 Y183.288 E382.12413
G1 F561.9 X196.629 Y182.565 E382.1783
G1 F562.8 X196.014 Y181.672 E382.23213
G1 F560.9 X195.629 Y180.664 E382.28587
G1 X195.501 Y179.585 E382.33999
G1 F562.8 X195.632 Y178.504 E382.39404
G1 F561.9 X196.015 Y177.496 E382.44766
G1 X196.633 Y176.603 E382.50166
G1 F560.9 X197.445 Y175.881 E382.55578
G1 F560 X198.402 Y175.378 E382.60972
G1 F561.9 X199.46 Y175.119 E382.66388
G1 X200.54 Y175.119 E382.71758
G1 X201.597 Y175.378 E382.77169
G1 F560 X202.555 Y175.885 E382.82577
G1 F560.9 X203.367 Y176.603 E382.87976
G1 F562.8 X203.982 Y177.496 E382.93358
G1 F560.9 X204.367 Y178.508 E382.98751
G1 F563.8 X204.497 Y179.584 E383.04122
G1 X204.366 Y180.664 E383.09514
G1 F560.9 X203.981 Y181.675 E383.14902
G1 F563.8 X203.368 Y182.566 E383.20262
G1 F564.7 X202.553 Y183.289 E383.25652
G1 F561.9 X201.597 Y183.79 E383.31018
G1 F562.8 X200.536 Y184.051 E383.36442
;TIME_ELAPSED:358.401938
;LAYER:1
;note -- min layer time used
M204 S3000
M205 X10 Y10
;MESH:15_7_1.stl
G0 F4500 X200.536 Y184.051 Z1.49
M204 S1800
M205 X8 Y8
;TYPE:WALL-OUTER
G1 F404 X199.456 Y184.051 E383.41777
G1 F402.7 X198.403 Y183.79 E383.47153
G1 F401.3 X197.439 Y183.284 E383.52567
G1 F402 X196.629 Y182.565 E383.57943
G1 X196.014 Y181.672 E383.63325
G1 F400.7 X195.629 Y180.664 E383.687
G1 X195.501 Y179.581 E383.74131
G1 F401.3 X195.632 Y178.501 E383.79541
G1 X196.018 Y177.492 E383.84913
G1 X196.634 Y176.6 E383.90303
G1 F400 X197.444 Y175.882 E383.95703
G1 X198.402 Y175.378 E384.01104
G1 F402 X199.46 Y175.119 E384.06511
G1 X200.539 Y175.119 E384.11867
G1 F402.7 X201.598 Y175.381 E384.17273
G1 X202.556 Y175.884 E384.22636
G1 X203.368 Y176.606 E384.2802
G1 F403.4 X203.983 Y177.5 E384.33389
G1 F401.3 X204.367 Y178.508 E384.38752
G1 F402.7 X204.497 Y179.584 E384.44124
G1 X204.366 Y180.668 E384.49535
G1 F401.3 X203.982 Y181.676 E384.54898
G1 F403.4 X203.368 Y182.566 E384.60248
G1 F402 X202.552 Y183.287 E384.65653
G1 F400 X201.597 Y183.79 E384.71038
G1 F402 X200.536 Y184.051 E384.76462
M204 S3000
M205 X10 Y10
;MESH:NONMESH
G0 F600 X200.536 Y184.051 Z1.69
G0 F4500 X200.54 Y184.051
;TIME_ELAPSED:362.724570
;LAYER:2
;note -- min layer time used
M204 S1800
M205 X8 Y8
;TYPE:WALL-OUTER
;MESH:15_7_1.stl
G1 F403.4 X199.452 Y184.051 E384.81845
G1 F402 X198.403 Y183.79 E384.87211
G1 F400.7 X197.444 Y183.288 E384.92602
G1 F402 X196.628 Y182.562 E384.98024
G1 F402.7 X196.014 Y181.672 E385.03382
G1 F400.7 X195.629 Y180.664 E385.08757
G1 X195.501 Y179.58 E385.14193
G1 X195.629 Y178.508 E385.19571
G1 F401.3 X196.013 Y177.496 E385.24953
G1 F402 X196.63 Y176.604 E385.30337
G1 F400 X197.444 Y175.882 E385.35765
G1 X198.402 Y175.378 E385.41166
G1 F402 X199.46 Y175.119 E385.46573
G1 X200.54 Y175.119 E385.51934
G1 X201.601 Y175.381 E385.57359
G1 F401.3 X202.552 Y175.881 E385.62701
G1 X203.367 Y176.603 E385.68115
G1 F402 X203.982 Y177.496 E385.73498
G1 F400.7 X204.367 Y178.508 E385.78891
G1 F402.7 X204.497 Y179.584 E385.84262
G1 F403.4 X204.367 Y180.664 E385.89644
G1 F402.7 X203.983 Y181.672 E385.94989
G1 F404 X203.368 Y182.566 E386.00349
G1 F402.7 X202.553 Y183.288 E386.05745
G1 F400.7 X201.597 Y183.79 E386.11123
G1 F402 X200.54 Y184.051 E386.16528
;TIME_ELAPSED:366.937926
;LAYER:3
;note -- min layer time used
M204 S3000
M205 X10 Y10
;MESH:15_7_1.stl
G0 F6000 X200.54 Y184.051 Z1.89
M204 S1800
M205 X8 Y8
;TYPE:WALL-OUTER
G1 F404 X199.46 Y184.051 E386.21862
G1 F402.7 X198.402 Y183.79 E386.27262
G1 F400.7 X197.444 Y183.288 E386.32649
G1 F401.3 X196.629 Y182.565 E386.38066
G1 F402 X196.014 Y181.672 E386.43449
G1 F401.3 X195.629 Y180.664 E386.48814
G1 X195.501 Y179.584 E386.54222
G1 F400.7 X195.629 Y178.508 E386.59619
G1 X196.014 Y177.496 E386.65012
G1 F401.3 X196.63 Y176.604 E386.70402
G1 F400 X197.444 Y175.882 E386.7583
G1 X198.402 Y175.378 E386.81231
G1 F401.3 X199.46 Y175.118 E386.86648
G1 X200.54 Y175.119 E386.92019
G1 X201.597 Y175.378 E386.9743
G1 F400.7 X202.552 Y175.881 E387.02806
G1 F401.3 X203.367 Y176.603 E387.0822
G1 F402 X203.982 Y177.496 E387.13602
G1 F400.7 X204.367 Y178.508 E387.18995
G1 F402.7 X204.497 Y179.584 E387.24366
G1 F403.4 X204.367 Y180.664 E387.29748
G1 F402 X203.982 Y181.672 E387.35105
G1 F403.4 X203.368 Y182.566 E387.4047
G1 X202.553 Y183.289 E387.4586
G1 F401.3 X201.597 Y183.79 E387.51227
G1 F402 X200.54 Y184.051 E387.56632
;TIME_ELAPSED:371.241212
;LAYER:4
;note -- min layer time used
M204 S3000
M205 X10 Y10
;MESH:15_7_1.stl
G0 F6000 X200.54 Y184.051 Z2.09
M204 S1800
M205 X8 Y8
;TYPE:WALL-OUTER
G1 F404 X199.46 Y184.051 E387.61966
G1 F402.7 X198.402 Y183.79 E387.67366
G1 F400.7 X197.444 Y183.288 E387.72753
G1 F401.3 X196.629 Y182.565 E387.78171
G1 F402 X196.014 Y181.672 E387.83553
G1 F400.7 X195.629 Y180.664 E387.88927
G1 X195.501 Y179.584 E387.94344
G1 X195.629 Y178.508 E387.99741
G1 X196.014 Y177.496 E388.05134
G1 F401.3 X196.63 Y176.604 E388.10524
G1 F400 X197.444 Y175.882 E388.15953
G1 X198.402 Y175.378 E388.21353
G1 F401.3 X199.46 Y175.119 E388.26769
G1 X200.54 Y175.119 E388.3214
G1 X201.597 Y175.378 E388.37551
G1 F400.7 X202.552 Y175.881 E388.42927
G1 F401.3 X203.367 Y176.603 E388.48341
G1 F402 X203.982 Y177.496 E388.53723
G1 F400.7 X204.367 Y178.508 E388.59116
G1 F402.7 X204.497 Y179.584 E388.64487
G1 F403.4 X204.367 Y180.664 E388.69869
G1 F402 X203.982 Y181.672 E388.75226
G1 F403.4 X203.368 Y182.566 E388.80591
G1 X202.553 Y183.289 E388.85981
G1 F401.3 X201.597 Y183.79 E388.91348
G1 F402 X200.54 Y184.051 E388.96753
;TIME_ELAPSED:375.545004
;LAYER:5
;note -- min layer time used
M204 S3000
M205 X10 Y10
;MESH:15_7_1.stl
G0 F6000 X200.54 Y184.051 Z2.29
M204 S1800
M205 X8 Y8
;TYPE:WALL-OUTER
G1 F404 X199.46 Y184.051 E389.02087
G1 F402.7 X198.402 Y183.79 E389.07488
G1 F400.7 X197.444 Y183.288 E389.12874
G1 F401.3 X196.629 Y182.565 E389.18292
G1 F402 X196.014 Y181.672 E389.23674
G1 F400.7 X195.629 Y180.664 E389.29049
G1 X195.501 Y179.584 E389.34465
G1 X195.629 Y178.508 E389.39862
G1 X196.014 Y177.496 E389.45255
G1 F401.3 X196.63 Y176.604 E389.50645
G1 F400 X197.444 Y175.882 E389.56074
G1 X198.402 Y175.378 E389.61474
G1 F401.3 X199.46 Y175.119 E389.66891
G1 X200.54 Y175.119 E389.72261
G1 X201.597 Y175.378 E389.77672
G1 F400.7 X202.552 Y175.881 E389.83048
G1 F401.3 X203.367 Y176.603 E389.88462
G1 F402 X203.982 Y177.496 E389.93844
G1 F400.7 X204.367 Y178.508 E389.99237
G1 F402.7 X204.497 Y179.584 E390.04609
G1 F403.4 X204.367 Y180.664 E390.0999
G1 F402 X203.982 Y181.672 E390.15347
G1 F403.4 X203.368 Y182.566 E390.20712
G1 X202.553 Y183.289 E390.26103
G1 F401.3 X201.597 Y183.79 E390.31469
G1 F402 X200.54 Y184.051 E390.36874
;TIME_ELAPSED:379.848796
;LAYER:6
;note -- min layer time used
M204 S3000
M205 X10 Y10
;MESH:15_7_1.stl
G0 F6000 X200.54 Y184.051 Z2.49
M204 S1800
M205 X8 Y8
;TYPE:WALL-OUTER
G1 F404 X199.46 Y184.051 E390.42208
G1 F402.7 X198.402 Y183.79 E390.47609
G1 F400.7 X197.444 Y183.288 E390.52996
G1 F401.3 X196.629 Y182.565 E390.58413
G1 F402 X196.014 Y181.672 E390.63795
G1 F400.7 X195.629 Y180.664 E390.6917
G1 X195.501 Y179.584 E390.74586
G1 X195.629 Y178.508 E390.79983
G1 X196.014 Y177.496 E390.85376
G1 F401.3 X196.63 Y176.604 E390.90767
G1 F400 X197.444 Y175.882 E390.96195
G1 X198.402 Y175.378 E391.01595
G1 F401.3 X199.46 Y175.119 E391.07012
G1 X200.54 Y175.119 E391.12382
G1 X201.597 Y175.378 E391.17793
G1 F400.7 X202.552 Y175.881 E391.23169
G1 F401.3 X203.367 Y176.603 E391.28583
G1 F402 X203.982 Y177.496 E391.33966
G1 F400.7 X204.367 Y178.508 E391.39358
G1 F402.7 X204.497 Y179.584 E391.4473
G1 F403.4 X204.367 Y180.664 E391.50111
G1 F402 X203.982 Y181.672 E391.55468
G1 F403.4 X203.368 Y182.566 E391.60834
G1 X202.553 Y183.289 E391.66224
G1 F401.3 X201.597 Y183.79 E391.7159
G1 F402 X200.54 Y184.051 E391.76995
;TIME_ELAPSED:384.152588
;LAYER:7
;note -- min layer time used
M204 S3000
M205 X10 Y10
;MESH:15_7_1.stl
G0 F6000 X200.54 Y184.051 Z2.69
M204 S1800
M205 X8 Y8
;TYPE:WALL-OUTER
G1 F404 X199.46 Y184.051 E391.82329
G1 F402.7 X198.402 Y183.79 E391.8773
G1 F400.7 X197.444 Y183.288 E391.93117
G1 F401.3 X196.629 Y182.565 E391.98534
G1 F402 X196.014 Y181.672 E392.03916
G1 F400.7 X195.629 Y180.664 E392.09291
G1 X195.501 Y179.584 E392.14708
G1 X195.629 Y178.508 E392.20105
G1 X196.014 Y177.496 E392.25497
G1 F401.3 X196.63 Y176.604 E392.30888
G1 F400 X197.444 Y175.882 E392.36316
G1 X198.402 Y175.378 E392.41717
G1 F401.3 X199.46 Y175.119 E392.47133
G1 X200.54 Y175.119 E392.52503
G1 X201.597 Y175.378 E392.57914
G1 F400.7 X202.552 Y175.881 E392.6329
G1 F401.3 X203.367 Y176.603 E392.68704
G1 F402 X203.982 Y177.496 E392.74087
G1 F400.7 X204.367 Y178.508 E392.7948
G1 F402.7 X204.497 Y179.584 E392.84851
G1 F403.4 X204.367 Y180.664 E392.90233
G1 F402 X203.982 Y181.672 E392.95589
G1 F403.4 X203.368 Y182.566 E393.00955
G1 X202.553 Y183.289 E393.06345
G1 F401.3 X201.597 Y183.79 E393.11712
G1 F402 X200.54 Y184.051 E393.17116
;TIME_ELAPSED:388.456381
;LAYER:8
;note -- min layer time used
M204 S3000
M205 X10 Y10
;MESH:15_7_1.stl
G0 F6000 X200.54 Y184.051 Z2.89
M204 S1800
M205 X8 Y8
;TYPE:WALL-OUTER
G1 F404 X199.46 Y184.051 E393.2245
G1 F402.7 X198.402 Y183.79 E393.27851
G1 F400.7 X197.444 Y183.288 E393.33238
G1 F401.3 X196.629 Y182.565 E393.38655
G1 F402 X196.014 Y181.672 E393.44037
G1 F400.7 X195.629 Y180.664 E393.49412
G1 X195.501 Y179.584 E393.54829
G1 X195.629 Y178.508 E393.60226
G1 X196.014 Y177.496 E393.65619
G1 F401.3 X196.63 Y176.604 E393.71009
G1 F400 X197.444 Y175.882 E393.76437
G1 X198.402 Y175.378 E393.81838
G1 F401.3 X199.46 Y175.119 E393.87254
G1 X200.54 Y175.119 E393.92624
G1 X201.597 Y175.378 E393.98035
G1 F400.7 X202.552 Y175.881 E394.03411
G1 F401.3 X203.367 Y176.603 E394.08825
G1 F402 X203.982 Y177.496 E394.14208
G1 F400.7 X204.367 Y178.508 E394.19601
G1 F402.7 X204.497 Y179.584 E394.24972
G1 F403.4 X204.367 Y180.664 E394.30354
G1 F402 X203.982 Y181.672 E394.3571
G1 F403.4 X203.368 Y182.566 E394.41076
G1 X202.553 Y183.289 E394.46466
G1 F401.3 X201.597 Y183.79 E394.51833
G1 F402 X200.54 Y184.051 E394.57237
;TIME_ELAPSED:392.760173
;LAYER:9
;note -- min layer time used
M204 S3000
M205 X10 Y10
;MESH:15_7_1.stl
G0 F6000 X200.54 Y184.051 Z3.09
M204 S1800
M205 X8 Y8
;TYPE:WALL-OUTER
G1 F404 X199.46 Y184.051 E394.62572
G1 F402.7 X198.402 Y183.79 E394.67972
G1 F400.7 X197.444 Y183.288 E394.73359
G1 F401.3 X196.629 Y182.565 E394.78776
G1 F402 X196.014 Y181.672 E394.84159
G1 F400.7 X195.629 Y180.664 E394.89533
G1 X195.501 Y179.584 E394.9495
G1 X195.629 Y178.508 E395.00347
G1 X196.014 Y177.496 E395.0574
G1 F401.3 X196.63 Y176.604 E395.1113
G1 F400 X197.444 Y175.882 E395.16558
G1 X198.402 Y175.378 E395.21959
G1 F401.3 X199.46 Y175.119 E395.27375
G1 X200.54 Y175.119 E395.32745
G1 X201.597 Y175.378 E395.38156
G1 F400.7 X202.552 Y175.881 E395.43532
G1 F401.3 X203.367 Y176.603 E395.48946
G1 F402 X203.982 Y177.496 E395.54329
G1 F400.7 X204.367 Y178.508 E395.59722
G1 F402.7 X204.497 Y179.584 E395.65093
G1 F403.4 X204.367 Y180.664 E395.70475
G1 F402 X203.982 Y181.672 E395.75831
G1 F403.4 X203.368 Y182.566 E395.81197
G1 X202.553 Y183.289 E395.86587
G1 F401.3 X201.597 Y183.79 E395.91954
G1 F402 X200.54 Y184.051 E395.97358
;TIME_ELAPSED:397.063965
;LAYER:10
;note -- min layer time used
M204 S3000
M205 X10 Y10
;MESH:15_7_1.stl
G0 F6000 X200.54 Y184.051 Z3.29
M204 S1800
M205 X8 Y8
;TYPE:WALL-OUTER
G1 F404 X199.46 Y184.051 E396.02693
G1 F402.7 X198.402 Y183.79 E396.08093
G1 F400.7 X197.444 Y183.288 E396.1348
G1 F401.3 X196.629 Y182.565 E396.18897
G1 F402 X196.014 Y181.672 E396.2428
G1 F400.7 X195.629 Y180.664 E396.29654
G1 X195.501 Y179.584 E396.35071
G1 X195.629 Y178.508 E396.40468
G1 X196.014 Y177.496 E396.45861
G1 F401.3 X196.63 Y176.604 E396.51251
G1 F400 X197.444 Y175.882 E396.56679
G1 X198.402 Y175.378 E396.6208
G1 F401.3 X199.46 Y175.119 E396.67496
G1 X200.54 Y175.119 E396.72866
G1 X201.597 Y175.378 E396.78277
G1 F400.7 X202.552 Y175.881 E396.83653
G1 F401.3 X203.367 Y176.603 E396.89067
G1 F402 X203.982 Y177.496 E396.9445
G1 F400.7 X204.367 Y178.508 E396.99843
G1 F402.7 X204.497 Y179.584 E397.05214
G1 F403.4 X204.367 Y180.664 E397.10596
G1 F402 X203.982 Y181.672 E397.15952
G1 F403.4 X203.368 Y182.566 E397.21318
G1 X202.553 Y183.289 E397.26708
G1 F401.3 X201.597 Y183.79 E397.32075
G1 F402 X200.54 Y184.051 E397.37479
;TIME_ELAPSED:401.367757
;LAYER:11
;note -- min layer time used
M204 S3000
M205 X10 Y10
;MESH:15_7_1.stl
G0 F6000 X200.54 Y184.051 Z3.49
M204 S1800
M205 X8 Y8
;TYPE:WALL-OUTER
G1 F404 X199.46 Y184.051 E397.42814
G1 F402.7 X198.402 Y183.79 E397.48214
G1 F400.7 X197.444 Y183.288 E397.53601
G1 F401.3 X196.629 Y182.565 E397.59018
G1 F402 X196.014 Y181.672 E397.64401
G1 F400.7 X195.629 Y180.664 E397.69775
G1 X195.501 Y179.584 E397.75192
G1 X195.629 Y178.508 E397.80589
G1 X196.014 Y177.496 E397.85982
G1 F401.3 X196.63 Y176.604 E397.91372
G1 F400 X197.444 Y175.882 E397.968
G1 X198.402 Y175.378 E398.02201
G1 F401.3 X199.46 Y175.119 E398.07617
G1 X200.54 Y175.119 E398.12987
G1 X201.597 Y175.378 E398.18399
G1 F400.7 X202.552 Y175.881 E398.23775
G1 F401.3 X203.367 Y176.603 E398.29189
G1 F402 X203.982 Y177.496 E398.34571
G1 F400.7 X204.367 Y178.508 E398.39964
G1 F402.7 X204.497 Y179.584 E398.45335
G1 F403.4 X204.367 Y180.664 E398.50717
G1 F402 X203.982 Y181.672 E398.56073
G1 F403.4 X203.368 Y182.566 E398.61439
G1 X202.553 Y183.289 E398.66829
G1 F401.3 X201.597 Y183.79 E398.72196
G1 F402 X200.54 Y184.051 E398.77601
;TIME_ELAPSED:405.671549
;LAYER:12
;note -- min layer time used
M204 S3000
M205 X10 Y10
;MESH:15_7_1.stl
G0 F6000 X200.54 Y184.051 Z3.69
M204 S1800
M205 X8 Y8
;TYPE:WALL-OUTER
G1 F404 X199.46 Y184.051 E398.82935
G1 F402.7 X198.402 Y183.79 E398.88335
G1 F400.7 X197.444 Y183.288 E398.93722
G1 F401.3 X196.629 Y182.565 E398.99139
G1 F402 X196.014 Y181.672 E399.04522
G1 F400.7 X195.629 Y180.664 E399.09896
G1 X195.501 Y179.584 E399.15313
G1 X195.629 Y178.508 E399.2071
G1 X196.014 Y177.496 E399.26103
G1 F401.3 X196.63 Y176.604 E399.31493
G1 F400 X197.444 Y175.882 E399.36921
G1 X198.402 Y175.378 E399.42322
G1 F401.3 X199.46 Y175.119 E399.47738
G1 X200.54 Y175.119 E399.53108
G1 X201.597 Y175.378 E399.5852
G1 F400.7 X202.552 Y175.881 E399.63896
G1 F401.3 X203.367 Y176.603 E399.6931
G1 F402 X203.982 Y177.496 E399.74692
G1 F400.7 X204.367 Y178.508 E399.80085
G1 F402.7 X204.497 Y179.584 E399.85456
G1 F403.4 X204.367 Y180.664 E399.90838
G1 F402 X203.982 Y181.672 E399.96194
G1 F403.4 X203.368 Y182.566 E400.0156
G1 X202.553 Y183.289 E400.0695
G1 F401.3 X201.597 Y183.79 E400.12317
G1 F402 X200.54 Y184.051 E400.17722
;TIME_ELAPSED:409.975341
;LAYER:13
;note -- min layer time used
M204 S3000
M205 X10 Y10
;MESH:15_7_1.stl
G0 F6000 X200.54 Y184.051 Z3.89
M204 S1800
M205 X8 Y8
;TYPE:WALL-OUTER
G1 F404 X199.46 Y184.051 E400.23056
G1 F402.7 X198.402 Y183.79 E400.28456
G1 F400.7 X197.444 Y183.288 E400.33843
G1 F401.3 X196.629 Y182.565 E400.3926
G1 F402 X196.014 Y181.672 E400.44643
G1 F400.7 X195.629 Y180.664 E400.50017
G1 X195.501 Y179.584 E400.55434
G1 X195.629 Y178.508 E400.60831
G1 X196.014 Y177.496 E400.66224
G1 F401.3 X196.63 Y176.604 E400.71614
G1 F400 X197.444 Y175.882 E400.77043
G1 X198.402 Y175.378 E400.82443
G1 F401.3 X199.46 Y175.119 E400.87859
G1 X200.54 Y175.119 E400.93229
G1 X201.597 Y175.378 E400.98641
G1 F400.7 X202.552 Y175.881 E401.04017
G1 F401.3 X203.367 Y176.603 E401.09431
G1 F402 X203.982 Y177.496 E401.14813
G1 F400.7 X204.367 Y178.508 E401.20206
G1 F402.7 X204.497 Y179.584 E401.25577
G1 F403.4 X204.367 Y180.664 E401.30959
G1 F402 X203.982 Y181.672 E401.36315
G1 F403.4 X203.368 Y182.566 E401.41681
G1 X202.553 Y183.289 E401.47071
G1 F401.3 X201.597 Y183.79 E401.52438
G1 F402 X200.54 Y184.051 E401.57843
;TIME_ELAPSED:414.279134
;LAYER:14
;note -- min layer time used
M204 S3000
M205 X10 Y10
;MESH:15_7_1.stl
G0 F6000 X200.54 Y184.051 Z4.09
M204 S1800
M205 X8 Y8
;TYPE:WALL-OUTER
G1 F404 X199.46 Y184.051 E401.63177
G1 F402.7 X198.402 Y183.79 E401.68577
G1 F400.7 X197.444 Y183.288 E401.73964
G1 F401.3 X196.629 Y182.565 E401.79382
G1 F402 X196.014 Y181.672 E401.84764
G1 F400.7 X195.629 Y180.664 E401.90138
G1 X195.501 Y179.584 E401.95555
G1 X195.629 Y178.508 E402.00952
G1 X196.014 Y177.496 E402.06345
G1 F401.3 X196.63 Y176.604 E402.11735
G1 F400 X197.444 Y175.882 E402.17164
G1 X198.402 Y175.378 E402.22564
G1 F401.3 X199.46 Y175.119 E402.2798
G1 X200.54 Y175.119 E402.3335
G1 X201.597 Y175.378 E402.38762
G1 F400.7 X202.552 Y175.881 E402.44138
G1 F401.3 X203.367 Y176.603 E402.49552
G1 F402 X203.982 Y177.496 E402.54934
G1 F400.7 X204.367 Y178.508 E402.60327
G1 F402.7 X204.497 Y179.584 E402.65698
G1 F403.4 X204.367 Y180.664 E402.7108
G1 F402 X203.982 Y181.672 E402.76437
G1 F403.4 X203.368 Y182.566 E402.81802
G1 X202.553 Y183.289 E402.87192
G1 F401.3 X201.597 Y183.79 E402.92559
G1 F402 X200.54 Y184.051 E402.97964
;TIME_ELAPSED:418.582926
;LAYER:15
;note -- min layer time used
M204 S3000
M205 X10 Y10
;MESH:15_7_1.stl
G0 F6000 X200.54 Y184.051 Z4.29
M204 S1800
M205 X8 Y8
;TYPE:WALL-OUTER
G1 F404 X199.46 Y184.051 E403.03298
G1 F402.7 X198.402 Y183.79 E403.08698
G1 F400.7 X197.444 Y183.288 E403.14085
G1 F401.3 X196.629 Y182.565 E403.19503
G1 F402 X196.014 Y181.672 E403.24885
G1 F400.7 X195.629 Y180.664 E403.30259
G1 X195.501 Y179.584 E403.35676
G1 X195.629 Y178.508 E403.41073
G1 X196.014 Y177.496 E403.46466
G1 F401.3 X196.63 Y176.604 E403.51856
G1 F400 X197.444 Y175.882 E403.57285
G1 X198.402 Y175.378 E403.62685
G1 F401.3 X199.46 Y175.119 E403.68101
G1 X200.54 Y175.119 E403.73472
G1 X201.597 Y175.378 E403.78883
G1 F400.7 X202.552 Y175.881 E403.84259
G1 F401.3 X203.367 Y176.603 E403.89673
G1 F402 X203.982 Y177.496 E403.95055
G1 F400.7 X204.367 Y178.508 E404.00448
G1 F402.7 X204.497 Y179.584 E404.05819
G1 F403.4 X204.367 Y180.664 E404.11201
G1 F402 X203.982 Y181.672 E404.16558
G1 F403.4 X203.368 Y182.566 E404.21923
G1 X202.553 Y183.289 E404.27313
G1 F401.3 X201.597 Y183.79 E404.3268
G1 F402 X200.54 Y184.051 E404.38085
;TIME_ELAPSED:422.886718
;LAYER:16
;note -- min layer time used
M204 S3000
M205 X10 Y10
;MESH:15_7_1.stl
G0 F6000 X200.54 Y184.051 Z4.49
M204 S1800
M205 X8 Y8
;TYPE:WALL-OUTER
G1 F404 X199.46 Y184.051 E404.43419
G1 F402.7 X198.402 Y183.79 E404.48819
G1 F400.7 X197.444 Y183.288 E404.54206
G1 F401.3 X196.629 Y182.565 E404.59624
G1 F402 X196.014 Y181.672 E404.65006
G1 F400.7 X195.629 Y180.664 E404.7038
G1 X195.501 Y179.584 E404.75797
G1 X195.629 Y178.508 E404.81194
G1 X196.014 Y177.496 E404.86587
G1 F401.3 X196.63 Y176.604 E404.91977
G1 F400 X197.444 Y175.882 E404.97406
G1 X198.402 Y175.378 E405.02806
G1 F401.3 X199.46 Y175.119 E405.08222
G1 X200.54 Y175.119 E405.13593
G1 X201.597 Y175.378 E405.19004
G1 F400.7 X202.552 Y175.881 E405.2438
G1 F401.3 X203.367 Y176.603 E405.29794
G1 F402 X203.982 Y177.496 E405.35176
G1 F400.7 X204.367 Y178.508 E405.40569
G1 F402.7 X204.497 Y179.584 E405.45941
G1 F403.4 X204.367 Y180.664 E405.51322
G1 F402 X203.982 Y181.672 E405.56679
G1 F403.4 X203.368 Y182.566 E405.62044
G1 X202.553 Y183.289 E405.67435
G1 F401.3 X201.597 Y183.79 E405.72801
G1 F402 X200.54 Y184.051 E405.78206
;TIME_ELAPSED:427.190510
;LAYER:17
;note -- min layer time used
M204 S3000
M205 X10 Y10
;MESH:15_7_1.stl
G0 F6000 X200.54 Y184.051 Z4.69
M204 S1800
M205 X8 Y8
;TYPE:WALL-OUTER
G1 F404 X199.46 Y184.051 E405.8354
G1 F402.7 X198.402 Y183.79 E405.88941
G1 F400.7 X197.444 Y183.288 E405.94328
G1 F401.3 X196.629 Y182.565 E405.99745
G1 F402 X196.014 Y181.672 E406.05127
G1 F400.7 X195.629 Y180.664 E406.10502
G1 X195.501 Y179.584 E406.15918
G1 X195.629 Y178.508 E406.21315
G1 X196.014 Y177.496 E406.26708
G1 F401.3 X196.63 Y176.604 E406.32099
G1 F400 X197.444 Y175.882 E406.37527
G1 X198.402 Y175.378 E406.42927
G1 F401.3 X199.46 Y175.119 E406.48344
G1 X200.54 Y175.119 E406.53714
G1 X201.597 Y175.378 E406.59125
G1 F400.7 X202.552 Y175.881 E406.64501
G1 F401.3 X203.367 Y176.603 E406.69915
G1 F402 X203.982 Y177.496 E406.75298
G1 F400.7 X204.367 Y178.508 E406.8069
G1 F402.7 X204.497 Y179.584 E406.86062
G1 F403.4 X204.367 Y180.664 E406.91443
G1 F402 X203.982 Y181.672 E406.968
G1 F403.4 X203.368 Y182.566 E407.02165
G1 X202.553 Y183.289 E407.07556
G1 F401.3 X201.597 Y183.79 E407.12922
G1 F402 X200.54 Y184.051 E407.18327
;TIME_ELAPSED:431.494302
;LAYER:18
;note -- min layer time used
M204 S3000
M205 X10 Y10
;MESH:15_7_1.stl
G0 F6000 X200.54 Y184.051 Z4.89
M204 S1800
M205 X8 Y8
;TYPE:WALL-OUTER
G1 F404 X199.46 Y184.051 E407.23661
G1 F402.7 X198.402 Y183.79 E407.29062
G1 F400.7 X197.444 Y183.288 E407.34449
G1 F401.3 X196.629 Y182.565 E407.39866
G1 F402 X196.014 Y181.672 E407.45248
G1 F400.7 X195.629 Y180.664 E407.50623
G1 X195.501 Y179.584 E407.56039
G1 X195.629 Y178.508 E407.61436
G1 X196.014 Y177.496 E407.66829
G1 F401.3 X196.63 Y176.604 E407.7222
G1 F400 X197.444 Y175.882 E407.77648
G1 X198.402 Y175.378 E407.83049
G1 F401.3 X199.46 Y175.119 E407.88465
G1 X200.54 Y175.119 E407.93835
G1 X201.597 Y175.378 E407.99246
G1 F400.7 X202.552 Y175.881 E408.04622
G1 F401.3 X203.367 Y176.603 E408.10036
G1 F402 X203.982 Y177.496 E408.15419
G1 F400.7 X204.367 Y178.508 E408.20812
G1 F402.7 X204.497 Y179.584 E408.26183
G1 F403.4 X204.367 Y180.664 E408.31565
G1 F402 X203.982 Y181.672 E408.36921
G1 F403.4 X203.368 Y182.566 E408.42287
G1 X202.553 Y183.289 E408.47677
G1 F401.3 X201.597 Y183.79 E408.53043
G1 F402 X200.54 Y184.051 E408.58448
;TIME_ELAPSED:435.798094
;LAYER:19
;note -- min layer time used
M204 S3000
M205 X10 Y10
;MESH:15_7_1.stl
G0 F6000 X200.54 Y184.051 Z5.09
M204 S1800
M205 X8 Y8
;TYPE:WALL-OUTER
G1 F404 X199.46 Y184.051 E408.63782
G1 F402.7 X198.402 Y183.79 E408.69183
G1 F400.7 X197.444 Y183.288 E408.7457
G1 F401.3 X196.629 Y182.565 E408.79987
G1 F402 X196.014 Y181.672 E408.85369
G1 F400.7 X195.629 Y180.664 E408.90744
G1 X195.501 Y179.584 E408.96161
G1 X195.629 Y178.508 E409.01558
G1 X196.014 Y177.496 E409.0695
G1 F401.3 X196.63 Y176.604 E409.12341
G1 F400 X197.444 Y175.882 E409.17769
G1 X198.402 Y175.378 E409.2317
G1 F401.3 X199.46 Y175.119 E409.28586
G1 X200.54 Y175.119 E409.33956
G1 X201.597 Y175.378 E409.39367
G1 F400.7 X202.552 Y175.881 E409.44743
G1 F401.3 X203.367 Y176.603 E409.50157
G1 F402 X203.982 Y177.496 E409.5554
G1 F400.7 X204.367 Y178.508 E409.60933
G1 F402.7 X204.497 Y179.584 E409.66304
G1 F403.4 X204.367 Y180.664 E409.71686
G1 F402 X203.982 Y181.672 E409.77042
G1 F403.4 X203.368 Y182.566 E409.82408
G1 X202.553 Y183.289 E409.87798
G1 F401.3 X201.597 Y183.79 E409.93165
G1 F402 X200.54 Y184.051 E409.98569
;TIME_ELAPSED:440.101887
;LAYER:20
;note -- min layer time used
M204 S3000
M205 X10 Y10
;MESH:15_7_1.stl
G0 F6000 X200.54 Y184.051 Z5.29
M204 S1800
M205 X8 Y8
;TYPE:WALL-OUTER
G1 F404 X199.46 Y184.051 E410.03903
G1 F402.7 X198.402 Y183.79 E410.09304
G1 F400.7 X197.444 Y183.288 E410.14691
G1 F401.3 X196.629 Y182.565 E410.20108
G1 F402 X196.014 Y181.672 E410.25491
G1 F400.7 X195.629 Y180.664 E410.30865
G1 X195.501 Y179.584 E410.36282
G1 X195.629 Y178.508 E410.41679
G1 X196.014 Y177.496 E410.47072
G1 F401.3 X196.63 Y176.604 E410.52462
G1 F400 X197.444 Y175.882 E410.5789
G1 X198.402 Y175.378 E410.63291
G1 F401.3 X199.46 Y175.119 E410.68707
G1 X200.54 Y175.119 E410.74077
G1 X201.597 Y175.378 E410.79488
G1 F400.7 X202.552 Y175.881 E410.84864
G1 F401.3 X203.367 Y176.603 E410.90278
G1 F402 X203.982 Y177.496 E410.95661
G1 F400.7 X204.367 Y178.508 E411.01054
G1 F402.7 X204.497 Y179.584 E411.06425
G1 F403.4 X204.367 Y180.664 E411.11807
G1 F402 X203.982 Y181.672 E411.17163
G1 F403.4 X203.368 Y182.566 E411.22529
G1 X202.553 Y183.289 E411.27919
G1 F401.3 X201.597 Y183.79 E411.33286
G1 F402 X200.54 Y184.051 E411.3869
;TIME_ELAPSED:444.405679
;LAYER:21
;note -- min layer time used
M204 S3000
M205 X10 Y10
;MESH:15_7_1.stl
G0 F6000 X200.54 Y184.051 Z5.49
M204 S1800
M205 X8 Y8
;TYPE:WALL-OUTER
G1 F404 X199.46 Y184.051 E411.44025
G1 F402.7 X198.402 Y183.79 E411.49425
G1 F400.7 X197.444 Y183.288 E411.54812
G1 F401.3 X196.629 Y182.565 E411.60229
G1 F402 X196.014 Y181.672 E411.65612
G1 F400.7 X195.629 Y180.664 E411.70986
G1 X195.501 Y179.584 E411.76403
G1 X195.629 Y178.508 E411.818
G1 X196.014 Y177.496 E411.87193
G1 F401.3 X196.63 Y176.604 E411.92583
G1 F400 X197.444 Y175.882 E411.98011
G1 X198.402 Y175.378 E412.03412
G1 F401.3 X199.46 Y175.119 E412.08828
G1 X200.54 Y175.119 E412.14198
G1 X201.597 Y175.378 E412.19609
G1 F400.7 X202.552 Y175.881 E412.24985
G1 F401.3 X203.367 Y176.603 E412.30399
G1 F402 X203.982 Y177.496 E412.35782
G1 F400.7 X204.367 Y178.508 E412.41175
G1 F402.7 X204.497 Y179.584 E412.46546
G1 F403.4 X204.367 Y180.664 E412.51928
G1 F402 X203.982 Y181.672 E412.57284
G1 F403.4 X203.368 Y182.566 E412.6265
G1 X202.553 Y183.289 E412.6804
G1 F401.3 X201.597 Y183.79 E412.73407
G1 F402 X200.54 Y184.051 E412.78811
;TIME_ELAPSED:448.709471
;LAYER:22
;note -- min layer time used
M204 S3000
M205 X10 Y10
;MESH:15_7_1.stl
G0 F6000 X200.54 Y184.051 Z5.69
M204 S1800
M205 X8 Y8
;TYPE:WALL-OUTER
G1 F404 X199.46 Y184.051 E412.84146
G1 F402.7 X198.402 Y183.79 E412.89546
G1 F400.7 X197.444 Y183.288 E412.94933
G1 F401.3 X196.629 Y182.565 E413.0035
G1 F402 X196.014 Y181.672 E413.05733
G1 F400.7 X195.629 Y180.664 E413.11107
G1 X195.501 Y179.584 E413.16524
G1 X195.629 Y178.508 E413.21921
G1 X196.014 Y177.496 E413.27314
G1 F401.3 X196.63 Y176.604 E413.32704
G1 F400 X197.444 Y175.882 E413.38132
G1 X198.402 Y175.378 E413.43533
G1 F401.3 X199.46 Y175.119 E413.48949
G1 X200.54 Y175.119 E413.54319
G1 X201.597 Y175.378 E413.5973
G1 F400.7 X202.552 Y175.881 E413.65106
G1 F401.3 X203.367 Y176.603 E413.7052
G1 F402 X203.982 Y177.496 E413.75903
G1 F400.7 X204.367 Y178.508 E413.81296
G1 F402.7 X204.497 Y179.584 E413.86667
G1 F403.4 X204.367 Y180.664 E413.92049
G1 F402 X203.982 Y181.672 E413.97405
G1 F403.4 X203.368 Y182.566 E414.02771
G1 X202.553 Y183.289 E414.08161
G1 F401.3 X201.597 Y183.79 E414.13528
G1 F402 X200.54 Y184.051 E414.18932
;TIME_ELAPSED:453.013263
;LAYER:23
;note -- min layer time used
M204 S3000
M205 X10 Y10
;MESH:15_7_1.stl
G0 F6000 X200.54 Y184.051 Z5.89
M204 S1800
M205 X8 Y8
;TYPE:WALL-OUTER
G1 F404 X199.46 Y184.051 E414.24267
G1 F402.7 X198.402 Y183.79 E414.29667
G1 F400.7 X197.444 Y183.288 E414.35054
G1 F401.3 X196.629 Y182.565 E414.40471
G1 F402 X196.014 Y181.672 E414.45854
G1 F400.7 X195.629 Y180.664 E414.51228
G1 X195.501 Y179.584 E414.56645
G1 X195.629 Y178.508 E414.62042
G1 X196.014 Y177.496 E414.67435
G1 F401.3 X196.63 Y176.604 E414.72825
G1 F400 X197.444 Y175.882 E414.78253
G1 X198.402 Y175.378 E414.83654
G1 F401.3 X199.46 Y175.119 E414.8907
G1 X200.54 Y175.119 E414.9444
G1 X201.597 Y175.378 E414.99852
G1 F400.7 X202.552 Y175.881 E415.05228
G1 F401.3 X203.367 Y176.603 E415.10642
G1 F402 X203.982 Y177.496 E415.16024
G1 F400.7 X204.367 Y178.508 E415.21417
G1 F402.7 X204.497 Y179.584 E415.26788
G1 F403.4 X204.367 Y180.664 E415.3217
G1 F402 X203.982 Y181.672 E415.37526
G1 F403.4 X203.368 Y182.566 E415.42892
G1 X202.553 Y183.289 E415.48282
G1 F401.3 X201.597 Y183.79 E415.53649
G1 F402 X200.54 Y184.051 E415.59054
;TIME_ELAPSED:457.317055
;LAYER:24
;note -- min layer time used
M204 S3000
M205 X10 Y10
;MESH:15_7_1.stl
G0 F6000 X200.54 Y184.051 Z6.09
M204 S1800
M205 X8 Y8
;TYPE:WALL-OUTER
G1 F404 X199.46 Y184.051 E415.64388
G1 F402.7 X198.402 Y183.79 E415.69788
G1 F400.7 X197.444 Y183.288 E415.75175
G1 F401.3 X196.629 Y182.565 E415.80592
G1 F402 X196.014 Y181.672 E415.85975
G1 F400.7 X195.629 Y180.664 E415.91349
G1 X195.501 Y179.584 E415.96766
G1 X195.629 Y178.508 E416.02163
G1 X196.014 Y177.496 E416.07556
G1 F401.3 X196.63 Y176.604 E416.12946
G1 F400 X197.444 Y175.882 E416.18374
G1 X198.402 Y175.378 E416.23775
G1 F401.3 X199.46 Y175.119 E416.29191
G1 X200.54 Y175.119 E416.34561
G1 X201.597 Y175.378 E416.39973
G1 F400.7 X202.552 Y175.881 E416.45349
G1 F401.3 X203.367 Y176.603 E416.50763
G1 F402 X203.982 Y177.496 E416.56145
G1 F400.7 X204.367 Y178.508 E416.61538
G1 F402.7 X204.497 Y179.584 E416.66909
G1 F403.4 X204.367 Y180.664 E416.72291
G1 F402 X203.982 Y181.672 E416.77647
G1 F403.4 X203.368 Y182.566 E416.83013
G1 X202.553 Y183.289 E416.88403
G1 F401.3 X201.597 Y183.79 E416.9377
G1 F402 X200.54 Y184.051 E416.99175
;TIME_ELAPSED:461.620847
;LAYER:25
;note -- min layer time used
M204 S3000
M205 X10 Y10
;MESH:15_7_1.stl
G0 F6000 X200.54 Y184.051 Z6.29
M204 S1800
M205 X8 Y8
;TYPE:WALL-OUTER
G1 F404 X199.46 Y184.051 E417.04509
G1 F402.7 X198.402 Y183.79 E417.09909
G1 F400.7 X197.444 Y183.288 E417.15296
G1 F401.3 X196.629 Y182.565 E417.20713
G1 F402 X196.014 Y181.672 E417.26096
G1 F400.7 X195.629 Y180.664 E417.3147
G1 X195.501 Y179.584 E417.36887
G1 X195.629 Y178.508 E417.42284
G1 X196.014 Y177.496 E417.47677
G1 F401.3 X196.63 Y176.604 E417.53067
G1 F400 X197.444 Y175.882 E417.58496
G1 X198.402 Y175.378 E417.63896
G1 F401.3 X199.46 Y175.119 E417.69312
G1 X200.54 Y175.119 E417.74682
G1 X201.597 Y175.378 E417.80094
G1 F400.7 X202.552 Y175.881 E417.8547
G1 F401.3 X203.367 Y176.603 E417.90884
G1 F402 X203.982 Y177.496 E417.96266
G1 F400.7 X204.367 Y178.508 E418.01659
G1 F402.7 X204.497 Y179.584 E418.0703
G1 F403.4 X204.367 Y180.664 E418.12412
G1 F402 X203.982 Y181.672 E418.17768
G1 F403.4 X203.368 Y182.566 E418.23134
G1 X202.553 Y183.289 E418.28524
G1 F401.3 X201.597 Y183.79 E418.33891
G1 F402 X200.54 Y184.051 E418.39296
;TIME_ELAPSED:465.924640
;LAYER:26
;note -- min layer time used
M204 S3000
M205 X10 Y10
;MESH:15_7_1.stl
G0 F6000 X200.54 Y184.051 Z6.49
M204 S1800
M205 X8 Y8
;TYPE:WALL-OUTER
G1 F404 X199.46 Y184.051 E418.4463
G1 F402.7 X198.402 Y183.79 E418.5003
G1 F400.7 X197.444 Y183.288 E418.55417
G1 F401.3 X196.629 Y182.565 E418.60835
G1 F402 X196.014 Y181.672 E418.66217
G1 F400.7 X195.629 Y180.664 E418.71591
G1 X195.501 Y179.584 E418.77008
G1 X195.629 Y178.508 E418.82405
G1 X196.014 Y177.496 E418.87798
G1 F401.3 X196.63 Y176.604 E418.93188
G1 F400 X197.444 Y175.882 E418.98617
G1 X198.402 Y175.378 E419.04017
G1 F401.3 X199.46 Y175.119 E419.09433
G1 X200.54 Y175.119 E419.14804
G1 X201.597 Y175.378 E419.20215
G1 F400.7 X202.552 Y175.881 E419.25591
G1 F401.3 X203.367 Y176.603 E419.31005
G1 F402 X203.982 Y177.496 E419.36387
G1 F400.7 X204.367 Y178.508 E419.4178
G1 F402.7 X204.497 Y179.584 E419.47151
G1 F403.4 X204.367 Y180.664 E419.52533
G1 F402 X203.982 Y181.672 E419.5789
G1 F403.4 X203.368 Y182.566 E419.63255
G1 X202.553 Y183.289 E419.68645
G1 F401.3 X201.597 Y183.79 E419.74012
G1 F402 X200.54 Y184.051 E419.79417
;TIME_ELAPSED:470.228432
;LAYER:27
;note -- min layer time used
M204 S3000
M205 X10 Y10
;MESH:15_7_1.stl
G0 F6000 X200.54 Y184.051 Z6.69
M204 S1800
M205 X8 Y8
;TYPE:WALL-OUTER
G1 F404 X199.46 Y184.051 E419.84751
G1 F402.7 X198.402 Y183.79 E419.90151
G1 F400.7 X197.444 Y183.288 E419.95538
G1 F401.3 X196.629 Y182.565 E420.00956
G1 F402 X196.014 Y181.672 E420.06338
G1 F400.7 X195.629 Y180.664 E420.11712
G1 X195.501 Y179.584 E420.17129
G1 X195.629 Y178.508 E420.22526
G1 X196.014 Y177.496 E420.27919
G1 F401.3 X196.63 Y176.604 E420.33309
G1 F400 X197.444 Y175.882 E420.38738
G1 X198.402 Y175.378 E420.44138
G1 F401.3 X199.46 Y175.119 E420.49554
G1 X200.54 Y175.119 E420.54925
G1 X201.597 Y175.378 E420.60336
G1 F400.7 X202.552 Y175.881 E420.65712
G1 F401.3 X203.367 Y176.603 E420.71126
G1 F402 X203.982 Y177.496 E420.76508
G1 F400.7 X204.367 Y178.508 E420.81901
G1 F402.7 X204.497 Y179.584 E420.87272
G1 F403.4 X204.367 Y180.664 E420.92654
G1 F402 X203.982 Y181.672 E420.98011
G1 F403.4 X203.368 Y182.566 E421.03376
G1 X202.553 Y183.289 E421.08766
G1 F401.3 X201.597 Y183.79 E421.14133
G1 F402 X200.54 Y184.051 E421.19538
;TIME_ELAPSED:474.532224
;LAYER:28
;note -- min layer time used
M204 S3000
M205 X10 Y10
;MESH:15_7_1.stl
G0 F6000 X200.54 Y184.051 Z6.89
M204 S1800
M205 X8 Y8
;TYPE:WALL-OUTER
G1 F404 X199.46 Y184.051 E421.24872
G1 F402.7 X198.402 Y183.79 E421.30273
G1 F400.7 X197.444 Y183.288 E421.35659
G1 F401.3 X196.629 Y182.565 E421.41077
G1 F402 X196.014 Y181.672 E421.46459
G1 F400.7 X195.629 Y180.664 E421.51834
G1 X195.501 Y179.584 E421.5725
G1 X195.629 Y178.508 E421.62647
G1 X196.014 Y177.496 E421.6804
G1 F401.3 X196.63 Y176.604 E421.7343
G1 F400 X197.444 Y175.882 E421.78859
G1 X198.402 Y175.378 E421.84259
G1 F401.3 X199.46 Y175.119 E421.89676
G1 X200.54 Y175.119 E421.95046
G1 X201.597 Y175.378 E422.00457
G1 F400.7 X202.552 Y175.881 E422.05833
G1 F401.3 X203.367 Y176.603 E422.11247
G1 F402 X203.982 Y177.496 E422.16629
G1 F400.7 X204.367 Y178.508 E422.22022
G1 F402.7 X204.497 Y179.584 E422.27394
G1 F403.4 X204.367 Y180.664 E422.32775
G1 F402 X203.982 Y181.672 E422.38132
G1 F403.4 X203.368 Y182.566 E422.43497
G1 X202.553 Y183.289 E422.48888
G1 F401.3 X201.597 Y183.79 E422.54254
G1 F402 X200.54 Y184.051 E422.59659
;TIME_ELAPSED:478.836016
;LAYER:29
;note -- min layer time used
M204 S3000
M205 X10 Y10
;MESH:15_7_1.stl
G0 F6000 X200.54 Y184.051 Z7.09
M204 S1800
M205 X8 Y8
;TYPE:WALL-OUTER
G1 F404 X199.46 Y184.051 E422.64993
G1 F402.7 X198.402 Y183.79 E422.70394
G1 F400.7 X197.444 Y183.288 E422.75781
G1 F401.3 X196.629 Y182.565 E422.81198
G1 F402 X196.014 Y181.672 E422.8658
G1 F400.7 X195.629 Y180.664 E422.91955
G1 X195.501 Y179.584 E422.97371
G1 X195.629 Y178.508 E423.02768
G1 X196.014 Y177.496 E423.08161
G1 F401.3 X196.63 Y176.604 E423.13552
G1 F400 X197.444 Y175.882 E423.1898
G1 X198.402 Y175.378 E423.2438
G1 F401.3 X199.46 Y175.119 E423.29797
G1 X200.54 Y175.119 E423.35167
G1 X201.597 Y175.378 E423.40578
G1 F400.7 X202.552 Y175.881 E423.45954
G1 F401.3 X203.367 Y176.603 E423.51368
G1 F402 X203.982 Y177.496 E423.56751
G1 F400.7 X204.367 Y178.508 E423.62143
G1 F402.7 X204.497 Y179.584 E423.67515
G1 F403.4 X204.367 Y180.664 E423.72896
G1 F402 X203.982 Y181.672 E423.78253
G1 F403.4 X203.368 Y182.566 E423.83619
G1 X202.553 Y183.289 E423.89009
G1 F401.3 X201.597 Y183.79 E423.94375
G1 F402 X200.54 Y184.051 E423.9978
;TIME_ELAPSED:483.139808
;LAYER:30
;note -- min layer time used
M204 S3000
M205 X10 Y10
;MESH:15_7_1.stl
G0 F6000 X200.54 Y184.051 Z7.29
M204 S1800
M205 X8 Y8
;TYPE:WALL-OUTER
G1 F404 X199.46 Y184.051 E424.05114
G1 F402.7 X198.402 Y183.79 E424.10515
G1 F400.7 X197.444 Y183.288 E424.15902
G1 F401.3 X196.629 Y182.565 E424.21319
G1 F402 X196.014 Y181.672 E424.26701
G1 F400.7 X195.629 Y180.664 E424.32076
G1 X195.501 Y179.584 E424.37492
G1 X195.629 Y178.508 E424.4289
G1 X196.014 Y177.496 E424.48282
G1 F401.3 X196.63 Y176.604 E424.53673
G1 F400 X197.444 Y175.882 E424.59101
G1 X198.402 Y175.378 E424.64502
G1 F401.3 X199.46 Y175.119 E424.69918
G1 X200.54 Y175.119 E424.75288
G1 X201.597 Y175.378 E424.80699
G1 F400.7 X202.552 Y175.881 E424.86075
G1 F401.3 X203.367 Y176.603 E424.91489
G1 F402 X203.982 Y177.496 E424.96872
G1 F400.7 X204.367 Y178.508 E425.02265
G1 F402.7 X204.497 Y179.584 E425.07636
G1 F403.4 X204.367 Y180.664 E425.13018
G1 F402 X203.982 Y181.672 E425.18374
G1 F403.4 X203.368 Y182.566 E425.2374
G1 X202.553 Y183.289 E425.2913
G1 F401.3 X201.597 Y183.79 E425.34497
G1 F402 X200.54 Y184.051 E425.39901
;TIME_ELAPSED:487.443600
;LAYER:31
;note -- min layer time used
M204 S3000
M205 X10 Y10
;MESH:15_7_1.stl
G0 F6000 X200.54 Y184.051 Z7.49
M204 S1800
M205 X8 Y8
;TYPE:WALL-OUTER
G1 F404 X199.46 Y184.051 E425.45235
G1 F402.7 X198.402 Y183.79 E425.50636
G1 F400.7 X197.444 Y183.288 E425.56023
G1 F401.3 X196.629 Y182.565 E425.6144
G1 F402 X196.014 Y181.672 E425.66822
G1 F400.7 X195.629 Y180.664 E425.72197
G1 X195.501 Y179.584 E425.77614
G1 X195.629 Y178.508 E425.83011
G1 X196.014 Y177.496 E425.88404
G1 F401.3 X196.63 Y176.604 E425.93794
G1 F400 X197.444 Y175.882 E425.99222
G1 X198.402 Y175.378 E426.04623
G1 F401.3 X199.46 Y175.119 E426.10039
G1 X200.54 Y175.119 E426.15409
G1 X201.597 Y175.378 E426.2082
G1 F400.7 X202.552 Y175.881 E426.26196
G1 F401.3 X203.367 Y176.603 E426.3161
G1 F402 X203.982 Y177.496 E426.36993
G1 F400.7 X204.367 Y178.508 E426.42386
G1 F402.7 X204.497 Y179.584 E426.47757
G1 F403.4 X204.367 Y180.664 E426.53139
G1 F402 X203.982 Y181.672 E426.58495
G1 F403.4 X203.368 Y182.566 E426.63861
G1 X202.553 Y183.289 E426.69251
G1 F401.3 X201.597 Y183.79 E426.74618
G1 F402 X200.54 Y184.051 E426.80022
;TIME_ELAPSED:491.747393
;LAYER:32
;note -- min layer time used
M204 S3000
M205 X10 Y10
;MESH:15_7_1.stl
G0 F6000 X200.54 Y184.051 Z7.69
M204 S1800
M205 X8 Y8
;TYPE:WALL-OUTER
G1 F404 X199.46 Y184.051 E426.85356
G1 F402.7 X198.402 Y183.79 E426.90757
G1 F400.7 X197.444 Y183.288 E426.96144
G1 F401.3 X196.629 Y182.565 E427.01561
G1 F402 X196.014 Y181.672 E427.06944
G1 F400.7 X195.629 Y180.664 E427.12318
G1 X195.501 Y179.584 E427.17735
G1 X195.629 Y178.508 E427.23132
G1 X196.014 Y177.496 E427.28525
G1 F401.3 X196.63 Y176.604 E427.33915
G1 F400 X197.444 Y175.882 E427.39343
G1 X198.402 Y175.378 E427.44744
G1 F401.3 X199.46 Y175.119 E427.5016
G1 X200.54 Y175.119 E427.5553
G1 X201.597 Y175.378 E427.60941
G1 F400.7 X202.552 Y175.881 E427.66317
G1 F401.3 X203.367 Y176.603 E427.71731
G1 F402 X203.982 Y177.496 E427.77114
G1 F400.7 X204.367 Y178.508 E427.82507
G1 F402.7 X204.497 Y179.584 E427.87878
G1 F403.4 X204.367 Y180.664 E427.9326
G1 F402 X203.982 Y181.672 E427.98616
G1 F403.4 X203.368 Y182.566 E428.03982
G1 X202.553 Y183.289 E428.09372
G1 F401.3 X201.597 Y183.79 E428.14739
G1 F402 X200.54 Y184.051 E428.20143
;TIME_ELAPSED:496.051185
;LAYER:33
;note -- min layer time used
M204 S3000
M205 X10 Y10
;MESH:15_7_1.stl
G0 F6000 X200.54 Y184.051 Z7.89
M204 S1800
M205 X8 Y8
;TYPE:WALL-OUTER
G1 F404 X199.46 Y184.051 E428.25478
G1 F402.7 X198.402 Y183.79 E428.30878
G1 F400.7 X197.444 Y183.288 E428.36265
G1 F401.3 X196.629 Y182.565 E428.41682
G1 F402 X196.014 Y181.672 E428.47065
G1 F400.7 X195.629 Y180.664 E428.52439
G1 X195.501 Y179.584 E428.57856
G1 X195.629 Y178.508 E428.63253
G1 X196.014 Y177.496 E428.68646
G1 F401.3 X196.63 Y176.604 E428.74036
G1 F400 X197.444 Y175.882 E428.79464
G1 X198.402 Y175.378 E428.84865
G1 F401.3 X199.46 Y175.119 E428.90281
G1 X200.54 Y175.119 E428.95651
G1 X201.597 Y175.378 E429.01062
G1 F400.7 X202.552 Y175.881 E429.06438
G1 F401.3 X203.367 Y176.603 E429.11852
G1 F402 X203.982 Y177.496 E429.17235
G1 F400.7 X204.367 Y178.508 E429.22628
G1 F402.7 X204.497 Y179.584 E429.27999
G1 F403.4 X204.367 Y180.664 E429.33381
G1 F402 X203.982 Y181.672 E429.38737
G1 F403.4 X203.368 Y182.566 E429.44103
G1 X202.553 Y183.289 E429.49493
G1 F401.3 X201.597 Y183.79 E429.5486
G1 F402 X200.54 Y184.051 E429.60264
;TIME_ELAPSED:500.354977
;LAYER:34
;note -- min layer time used
M204 S3000
M205 X10 Y10
;MESH:15_7_1.stl
G0 F6000 X200.54 Y184.051 Z8.09
M204 S1800
M205 X8 Y8
;TYPE:WALL-OUTER
G1 F404 X199.46 Y184.051 E429.65599
G1 F402.7 X198.402 Y183.79 E429.70999
G1 F400.7 X197.444 Y183.288 E429.76386
G1 F401.3 X196.629 Y182.565 E429.81803
G1 F402 X196.014 Y181.672 E429.87186
G1 F400.7 X195.629 Y180.664 E429.9256
G1 X195.501 Y179.584 E429.97977
G1 X195.629 Y178.508 E430.03374
G1 X196.014 Y177.496 E430.08767
G1 F401.3 X196.63 Y176.604 E430.14157
G1 F400 X197.444 Y175.882 E430.19585
G1 X198.402 Y175.378 E430.24986
G1 F401.3 X199.46 Y175.119 E430.30402
G1 X200.54 Y175.119 E430.35772
G1 X201.597 Y175.378 E430.41184
G1 F400.7 X202.552 Y175.881 E430.4656
G1 F401.3 X203.367 Y176.603 E430.51974
G1 F402 X203.982 Y177.496 E430.57356
G1 F400.7 X204.367 Y178.508 E430.62749
G1 F402.7 X204.497 Y179.584 E430.6812
G1 F403.4 X204.367 Y180.664 E430.73502
G1 F402 X203.982 Y181.672 E430.78858
G1 F403.4 X203.368 Y182.566 E430.84224
G1 X202.553 Y183.289 E430.89614
G1 F401.3 X201.597 Y183.79 E430.94981
G1 F402 X200.54 Y184.051 E431.00385
;TIME_ELAPSED:504.658769
;LAYER:35
;note -- min layer time used
M204 S3000
M205 X10 Y10
;MESH:15_7_1.stl
G0 F6000 X200.54 Y184.051 Z8.29
M204 S1800
M205 X8 Y8
;TYPE:WALL-OUTER
G1 F404 X199.46 Y184.051 E431.0572
G1 F402.7 X198.402 Y183.79 E431.1112
G1 F400.7 X197.444 Y183.288 E431.16507
G1 F401.3 X196.629 Y182.565 E431.21924
G1 F402 X196.014 Y181.672 E431.27307
G1 F400.7 X195.629 Y180.664 E431.32681
G1 X195.501 Y179.584 E431.38098
G1 X195.629 Y178.508 E431.43495
G1 X196.014 Y177.496 E431.48888
G1 F401.3 X196.63 Y176.604 E431.54278
G1 F400 X197.444 Y175.882 E431.59706
G1 X198.402 Y175.378 E431.65107
G1 F401.3 X199.46 Y175.119 E431.70523
G1 X200.54 Y175.119 E431.75893
G1 X201.597 Y175.378 E431.81305
G1 F400.7 X202.552 Y175.881 E431.86681
G1 F401.3 X203.367 Y176.603 E431.92095
G1 F402 X203.982 Y177.496 E431.97477
G1 F400.7 X204.367 Y178.508 E432.0287
G1 F402.7 X204.497 Y179.584 E432.08241
G1 F403.4 X204.367 Y180.664 E432.13623
G1 F402 X203.982 Y181.672 E432.18979
G1 F403.4 X203.368 Y182.566 E432.24345
G1 X202.553 Y183.289 E432.29735
G1 F401.3 X201.597 Y183.79 E432.35102
G1 F402 X200.54 Y184.051 E432.40507
;TIME_ELAPSED:508.962561
;LAYER:36
;note -- min layer time used
M204 S3000
M205 X10 Y10
;MESH:15_7_1.stl
G0 F6000 X200.54 Y184.051 Z8.49
M204 S1800
M205 X8 Y8
;TYPE:WALL-OUTER
G1 F404 X199.46 Y184.051 E432.45841
G1 F402.7 X198.402 Y183.79 E432.51241
G1 F400.7 X197.444 Y183.288 E432.56628
G1 F401.3 X196.629 Y182.565 E432.62045
G1 F402 X196.014 Y181.672 E432.67428
G1 F400.7 X195.629 Y180.664 E432.72802
G1 X195.501 Y179.584 E432.78219
G1 X195.629 Y178.508 E432.83616
G1 X196.014 Y177.496 E432.89009
G1 F401.3 X196.63 Y176.604 E432.94399
G1 F400 X197.444 Y175.882 E432.99828
G1 X198.402 Y175.378 E433.05228
G1 F401.3 X199.46 Y175.119 E433.10644
G1 X200.54 Y175.119 E433.16014
G1 X201.597 Y175.378 E433.21426
G1 F400.7 X202.552 Y175.881 E433.26802
G1 F401.3 X203.367 Y176.603 E433.32216
G1 F402 X203.982 Y177.496 E433.37598
G1 F400.7 X204.367 Y178.508 E433.42991
G1 F402.7 X204.497 Y179.584 E433.48362
G1 F403.4 X204.367 Y180.664 E433.53744
G1 F402 X203.982 Y181.672 E433.591
G1 F403.4 X203.368 Y182.566 E433.64466
G1 X202.553 Y183.289 E433.69856
G1 F401.3 X201.597 Y183.79 E433.75223
G1 F402 X200.54 Y184.051 E433.80628
;TIME_ELAPSED:513.266353
;LAYER:37
;note -- min layer time used
M204 S3000
M205 X10 Y10
;MESH:15_7_1.stl
G0 F6000 X200.54 Y184.051 Z8.69
M204 S1800
M205 X8 Y8
;TYPE:WALL-OUTER
G1 F404 X199.46 Y184.051 E433.85962
G1 F402.7 X198.402 Y183.79 E433.91362
G1 F400.7 X197.444 Y183.288 E433.96749
G1 F401.3 X196.629 Y182.565 E434.02167
G1 F402 X196.014 Y181.672 E434.07549
G1 F400.7 X195.629 Y180.664 E434.12923
G1 X195.501 Y179.584 E434.1834
G1 X195.629 Y178.508 E434.23737
G1 X196.014 Y177.496 E434.2913
G1 F401.3 X196.63 Y176.604 E434.3452
G1 F400 X197.444 Y175.882 E434.39949
G1 X198.402 Y175.378 E434.45349
G1 F401.3 X199.46 Y175.119 E434.50765
G1 X200.54 Y175.119 E434.56135
G1 X201.597 Y175.378 E434.61547
G1 F400.7 X202.552 Y175.881 E434.66923
G1 F401.3 X203.367 Y176.603 E434.72337
G1 F402 X203.982 Y177.496 E434.77719
G1 F400.7 X204.367 Y178.508 E434.83112
G1 F402.7 X204.497 Y179.584 E434.88483
G1 F403.4 X204.367 Y180.664 E434.93865
G1 F402 X203.982 Y181.672 E434.99221
G1 F403.4 X203.368 Y182.566 E435.04587
G1 X202.553 Y183.289 E435.09977
G1 F401.3 X201.597 Y183.79 E435.15344
G1 F402 X200.54 Y184.051 E435.20749
;TIME_ELAPSED:517.570146
;LAYER:38
;note -- min layer time used
M204 S3000
M205 X10 Y10
;MESH:15_7_1.stl
G0 F6000 X200.54 Y184.051 Z8.89
M204 S1800
M205 X8 Y8
;TYPE:WALL-OUTER
G1 F404 X199.46 Y184.051 E435.26083
G1 F402.7 X198.402 Y183.79 E435.31483
G1 F400.7 X197.444 Y183.288 E435.3687
G1 F401.3 X196.629 Y182.565 E435.42288
G1 F402 X196.014 Y181.672 E435.4767
G1 F400.7 X195.629 Y180.664 E435.53044
G1 X195.501 Y179.584 E435.58461
G1 X195.629 Y178.508 E435.63858
G1 X196.014 Y177.496 E435.69251
G1 F401.3 X196.63 Y176.604 E435.74641
G1 F400 X197.444 Y175.882 E435.8007
G1 X198.402 Y175.378 E435.8547
G1 F401.3 X199.46 Y175.119 E435.90886
G1 X200.54 Y175.119 E435.96257
G1 X201.597 Y175.378 E436.01668
G1 F400.7 X202.552 Y175.881 E436.07044
G1 F401.3 X203.367 Y176.603 E436.12458
G1 F402 X203.982 Y177.496 E436.1784
G1 F400.7 X204.367 Y178.508 E436.23233
G1 F402.7 X204.497 Y179.584 E436.28604
G1 F403.4 X204.367 Y180.664 E436.33986
G1 F402 X203.982 Y181.672 E436.39343
G1 F403.4 X203.368 Y182.566 E436.44708
G1 X202.553 Y183.289 E436.50098
G1 F401.3 X201.597 Y183.79 E436.55465
G1 F402 X200.54 Y184.051 E436.6087
;TIME_ELAPSED:521.873938
;LAYER:39
;note -- min layer time used
M204 S3000
M205 X10 Y10
;MESH:15_7_1.stl
G0 F6000 X200.54 Y184.051 Z9.09
M204 S1800
M205 X8 Y8
;TYPE:WALL-OUTER
G1 F404 X199.46 Y184.051 E436.66204
G1 F402.7 X198.402 Y183.79 E436.71604
G1 F400.7 X197.444 Y183.288 E436.76991
G1 F401.3 X196.629 Y182.565 E436.82409
G1 F402 X196.014 Y181.672 E436.87791
G1 F400.7 X195.629 Y180.664 E436.93165
G1 X195.501 Y179.584 E436.98582
G1 X195.629 Y178.508 E437.03979
G1 X196.014 Y177.496 E437.09372
G1 F401.3 X196.63 Y176.604 E437.14762
G1 F400 X197.444 Y175.882 E437.20191
G1 X198.402 Y175.378 E437.25591
G1 F401.3 X199.46 Y175.119 E437.31007
G1 X200.54 Y175.119 E437.36378
G1 X201.597 Y175.378 E437.41789
G1 F400.7 X202.552 Y175.881 E437.47165
G1 F401.3 X203.367 Y176.603 E437.52579
G1 F402 X203.982 Y177.496 E437.57961
G1 F400.7 X204.367 Y178.508 E437.63354
G1 F402.7 X204.497 Y179.584 E437.68726
G1 F403.4 X204.367 Y180.664 E437.74107
G1 F402 X203.982 Y181.672 E437.79464
G1 F403.4 X203.368 Y182.566 E437.84829
G1 X202.553 Y183.289 E437.90219
G1 F401.3 X201.597 Y183.79 E437.95586
G1 F402 X200.54 Y184.051 E438.00991
;TIME_ELAPSED:526.177730
;LAYER:40
;note -- min layer time used
M204 S3000
M205 X10 Y10
;MESH:15_7_1.stl
G0 F6000 X200.54 Y184.051 Z9.29
M204 S1800
M205 X8 Y8
;TYPE:WALL-OUTER
G1 F404 X199.46 Y184.051 E438.06325
G1 F402.7 X198.402 Y183.79 E438.11726
G1 F400.7 X197.444 Y183.288 E438.17112
G1 F401.3 X196.629 Y182.565 E438.2253
G1 F402 X196.014 Y181.672 E438.27912
G1 F400.7 X195.629 Y180.664 E438.33287
G1 X195.501 Y179.584 E438.38703
G1 X195.629 Y178.508 E438.441
G1 X196.014 Y177.496 E438.49493
G1 F401.3 X196.63 Y176.604 E438.54884
G1 F400 X197.444 Y175.882 E438.60312
G1 X198.402 Y175.378 E438.65712
G1 F401.3 X199.46 Y175.119 E438.71129
G1 X200.54 Y175.119 E438.76499
G1 X201.597 Y175.378 E438.8191
G1 F400.7 X202.552 Y175.881 E438.87286
G1 F401.3 X203.367 Y176.603 E438.927
G1 F402 X203.982 Y177.496 E438.98083
G1 F400.7 X204.367 Y178.508 E439.03475
G1 F402.7 X204.497 Y179.584 E439.08847
G1 F403.4 X204.367 Y180.664 E439.14228
G1 F402 X203.982 Y181.672 E439.19585
G1 F403.4 X203.368 Y182.566 E439.2495
G1 X202.553 Y183.289 E439.30341
G1 F401.3 X201.597 Y183.79 E439.35707
G1 F402 X200.54 Y184.051 E439.41112
;TIME_ELAPSED:530.481522
;LAYER:41
;note -- min layer time used
M204 S3000
M205 X10 Y10
;MESH:15_7_1.stl
G0 F6000 X200.54 Y184.051 Z9.49
M204 S1800
M205 X8 Y8
;TYPE:WALL-OUTER
G1 F404 X199.46 Y184.051 E439.46446
G1 F402.7 X198.402 Y183.79 E439.51847
G1 F400.7 X197.444 Y183.288 E439.57234
G1 F401.3 X196.629 Y182.565 E439.62651
G1 F402 X196.014 Y181.672 E439.68033
G1 F400.7 X195.629 Y180.664 E439.73408
G1 X195.501 Y179.584 E439.78824
G1 X195.629 Y178.508 E439.84221
G1 X196.014 Y177.496 E439.89614
G1 F401.3 X196.63 Y176.604 E439.95005
G1 F400 X197.444 Y175.882 E440.00433
G1 X198.402 Y175.378 E440.05834
G1 F401.3 X199.46 Y175.119 E440.1125
G1 X200.54 Y175.119 E440.1662
G1 X201.597 Y175.378 E440.22031
G1 F400.7 X202.552 Y175.881 E440.27407
G1 F401.3 X203.367 Y176.603 E440.32821
G1 F402 X203.982 Y177.496 E440.38204
G1 F400.7 X204.367 Y178.508 E440.43597
G1 F402.7 X204.497 Y179.584 E440.48968
G1 F403.4 X204.367 Y180.664 E440.54349
G1 F402 X203.982 Y181.672 E440.59706
G1 F403.4 X203.368 Y182.566 E440.65072
G1 X202.553 Y183.289 E440.70462
G1 F401.3 X201.597 Y183.79 E440.75828
G1 F402 X200.54 Y184.051 E440.81233
;TIME_ELAPSED:534.785314
;LAYER:42
;note -- min layer time used
M204 S3000
M205 X10 Y10
;MESH:15_7_1.stl
G0 F6000 X200.54 Y184.051 Z9.69
M204 S1800
M205 X8 Y8
;TYPE:WALL-OUTER
G1 F404 X199.46 Y184.051 E440.86567
G1 F402.7 X198.402 Y183.79 E440.91968
G1 F400.7 X197.444 Y183.288 E440.97355
G1 F401.3 X196.629 Y182.565 E441.02772
G1 F402 X196.014 Y181.672 E441.08154
G1 F400.7 X195.629 Y180.664 E441.13529
G1 X195.501 Y179.584 E441.18946
G1 X195.629 Y178.508 E441.24343
G1 X196.014 Y177.496 E441.29735
G1 F401.3 X196.63 Y176.604 E441.35126
G1 F400 X197.444 Y175.882 E441.40554
G1 X198.402 Y175.378 E441.45955
G1 F401.3 X199.46 Y175.119 E441.51371
G1 X200.54 Y175.119 E441.56741
G1 X201.597 Y175.378 E441.62152
G1 F400.7 X202.552 Y175.881 E441.67528
G1 F401.3 X203.367 Y176.603 E441.72942
G1 F402 X203.982 Y177.496 E441.78325
G1 F400.7 X204.367 Y178.508 E441.83718
G1 F402.7 X204.497 Y179.584 E441.89089
G1 F403.4 X204.367 Y180.664 E441.94471
G1 F402 X203.982 Y181.672 E441.99827
G1 F403.4 X203.368 Y182.566 E442.05193
G1 X202.553 Y183.289 E442.10583
G1 F401.3 X201.597 Y183.79 E442.1595
G1 F402 X200.54 Y184.051 E442.21354
;TIME_ELAPSED:539.089106
;LAYER:43
;note -- min layer time used
M204 S3000
M205 X10 Y10
;MESH:15_7_1.stl
G0 F6000 X200.54 Y184.051 Z9.89
M204 S1800
M205 X8 Y8
;TYPE:WALL-OUTER
G1 F404 X199.46 Y184.051 E442.26688
G1 F402.7 X198.402 Y183.79 E442.32089
G1 F400.7 X197.444 Y183.288 E442.37476
G1 F401.3 X196.629 Y182.565 E442.42893
G1 F402 X196.014 Y181.672 E442.48276
G1 F400.7 X195.629 Y180.664 E442.5365
G1 X195.501 Y179.584 E442.59067
G1 X195.629 Y178.508 E442.64464
G1 X196.014 Y177.496 E442.69857
G1 F401.3 X196.63 Y176.604 E442.75247
G1 F400 X197.444 Y175.882 E442.80675
G1 X198.402 Y175.378 E442.86076
G1 F401.3 X199.46 Y175.119 E442.91492
G1 X200.54 Y175.119 E442.96862
G1 X201.597 Y175.378 E443.02273
G1 F400.7 X202.552 Y175.881 E443.07649
G1 F401.3 X203.367 Y176.603 E443.13063
G1 F402 X203.982 Y177.496 E443.18446
G1 F400.7 X204.367 Y178.508 E443.23839
G1 F402.7 X204.497 Y179.584 E443.2921
G1 F403.4 X204.367 Y180.664 E443.34592
G1 F402 X203.982 Y181.672 E443.39948
G1 F403.4 X203.368 Y182.566 E443.45314
G1 X202.553 Y183.289 E443.50704
G1 F401.3 X201.597 Y183.79 E443.56071
G1 F402 X200.54 Y184.051 E443.61475
;TIME_ELAPSED:543.392898
;LAYER:44
;note -- min layer time used
M204 S3000
M205 X10 Y10
;MESH:15_7_1.stl
G0 F6000 X200.54 Y184.051 Z10.09
M204 S1800
M205 X8 Y8
;TYPE:WALL-OUTER
G1 F404 X199.46 Y184.051 E443.6681
G1 F402.7 X198.402 Y183.79 E443.7221
G1 F400.7 X197.444 Y183.288 E443.77597
G1 F401.3 X196.629 Y182.565 E443.83014
G1 F402 X196.014 Y181.672 E443.88397
G1 F400.7 X195.629 Y180.664 E443.93771
G1 X195.501 Y179.584 E443.99188
G1 X195.629 Y178.508 E444.04585
G1 X196.014 Y177.496 E444.09978
G1 F401.3 X196.63 Y176.604 E444.15368
G1 F400 X197.444 Y175.882 E444.20796
G1 X198.402 Y175.378 E444.26197
G1 F401.3 X199.46 Y175.119 E444.31613
G1 X200.54 Y175.119 E444.36983
G1 X201.597 Y175.378 E444.42394
G1 F400.7 X202.552 Y175.881 E444.4777
G1 F401.3 X203.367 Y176.603 E444.53184
G1 F402 X203.982 Y177.496 E444.58567
G1 F400.7 X204.367 Y178.508 E444.6396
G1 F402.7 X204.497 Y179.584 E444.69331
G1 F403.4 X204.367 Y180.664 E444.74713
G1 F402 X203.982 Y181.672 E444.80069
G1 F403.4 X203.368 Y182.566 E444.85435
G1 X202.553 Y183.289 E444.90825
G1 F401.3 X201.597 Y183.79 E444.96192
G1 F402 X200.54 Y184.051 E445.01596
;TIME_ELAPSED:547.696691
;LAYER:45
;note -- min layer time used
M204 S3000
M205 X10 Y10
;MESH:15_7_1.stl
G0 F6000 X200.54 Y184.051 Z10.29
M204 S1800
M205 X8 Y8
;TYPE:WALL-OUTER
G1 F404 X199.46 Y184.051 E445.06931
G1 F402.7 X198.402 Y183.79 E445.12331
G1 F400.7 X197.444 Y183.288 E445.17718
G1 F401.3 X196.629 Y182.565 E445.23135
G1 F402 X196.014 Y181.672 E445.28518
G1 F400.7 X195.629 Y180.664 E445.33892
G1 X195.501 Y179.584 E445.39309
G1 X195.629 Y178.508 E445.44706
G1 X196.014 Y177.496 E445.50099
G1 F401.3 X196.63 Y176.604 E445.55489
G1 F400 X197.444 Y175.882 E445.60917
G1 X198.402 Y175.378 E445.66318
G1 F401.3 X199.46 Y175.119 E445.71734
G1 X200.54 Y175.119 E445.77104
G1 X201.597 Y175.378 E445.82515
G1 F400.7 X202.552 Y175.881 E445.87891
G1 F401.3 X203.367 Y176.603 E445.93305
G1 F402 X203.982 Y177.496 E445.98688
G1 F400.7 X204.367 Y178.508 E446.04081
G1 F402.7 X204.497 Y179.584 E446.09452
G1 F403.4 X204.367 Y180.664 E446.14834
G1 F402 X203.982 Y181.672 E446.2019
G1 F403.4 X203.368 Y182.566 E446.25556
G1 X202.553 Y183.289 E446.30946
G1 F401.3 X201.597 Y183.79 E446.36313
G1 F402 X200.54 Y184.051 E446.41717
;TIME_ELAPSED:552.000483
;LAYER:46
;note -- min layer time used
M204 S3000
M205 X10 Y10
;MESH:15_7_1.stl
G0 F6000 X200.54 Y184.051 Z10.49
M204 S1800
M205 X8 Y8
;TYPE:WALL-OUTER
G1 F404 X199.46 Y184.051 E446.47052
G1 F402.7 X198.402 Y183.79 E446.52452
G1 F400.7 X197.444 Y183.288 E446.57839
G1 F401.3 X196.629 Y182.565 E446.63256
G1 F402 X196.014 Y181.672 E446.68639
G1 F400.7 X195.629 Y180.664 E446.74013
G1 X195.501 Y179.584 E446.7943
G1 X195.629 Y178.508 E446.84827
G1 X196.014 Y177.496 E446.9022
G1 F401.3 X196.63 Y176.604 E446.9561
G1 F400 X197.444 Y175.882 E447.01038
G1 X198.402 Y175.378 E447.06439
G1 F401.3 X199.46 Y175.119 E447.11855
G1 X200.54 Y175.119 E447.17225
G1 X201.597 Y175.378 E447.22637
G1 F400.7 X202.552 Y175.881 E447.28013
G1 F401.3 X203.367 Y176.603 E447.33427
G1 F402 X203.982 Y177.496 E447.38809
G1 F400.7 X204.367 Y178.508 E447.44202
G1 F402.7 X204.497 Y179.584 E447.49573
G1 F403.4 X204.367 Y180.664 E447.54955
G1 F402 X203.982 Y181.672 E447.60311
G1 F403.4 X203.368 Y182.566 E447.65677
G1 X202.553 Y183.289 E447.71067
G1 F401.3 X201.597 Y183.79 E447.76434
G1 F402 X200.54 Y184.051 E447.81839
;TIME_ELAPSED:556.304275
;LAYER:47
;note -- min layer time used
M204 S3000
M205 X10 Y10
;MESH:15_7_1.stl
G0 F6000 X200.54 Y184.051 Z10.69
M204 S1800
M205 X8 Y8
;TYPE:WALL-OUTER
G1 F404 X199.46 Y184.051 E447.87173
G1 F402.7 X198.402 Y183.79 E447.92573
G1 F400.7 X197.444 Y183.288 E447.9796
G1 F401.3 X196.629 Y182.565 E448.03377
G1 F402 X196.014 Y181.672 E448.0876
G1 F400.7 X195.629 Y180.664 E448.14134
G1 X195.501 Y179.584 E448.19551
G1 X195.629 Y178.508 E448.24948
G1 X196.014 Y177.496 E448.30341
G1 F401.3 X196.63 Y176.604 E448.35731
G1 F400 X197.444 Y175.882 E448.41159
G1 X198.402 Y175.378 E448.4656
G1 F401.3 X199.46 Y175.119 E448.51976
G1 X200.54 Y175.119 E448.57346
G1 X201.597 Y175.378 E448.62758
G1 F400.7 X202.552 Y175.881 E448.68134
G1 F401.3 X203.367 Y176.603 E448.73548
G1 F402 X203.982 Y177.496 E448.7893
G1 F400.7 X204.367 Y178.508 E448.84323
G1 F402.7 X204.497 Y179.584 E448.89694
G1 F403.4 X204.367 Y180.664 E448.95076
G1 F402 X203.982 Y181.672 E449.00432
G1 F403.4 X203.368 Y182.566 E449.05798
G1 X202.553 Y183.289 E449.11188
G1 F401.3 X201.597 Y183.79 E449.16555
G1 F402 X200.54 Y184.051 E449.2196
;TIME_ELAPSED:560.608067
;LAYER:48
;note -- min layer time used
M204 S3000
M205 X10 Y10
;MESH:15_7_1.stl
G0 F6000 X200.54 Y184.051 Z10.89
M204 S1800
M205 X8 Y8
;TYPE:WALL-OUTER
G1 F404 X199.46 Y184.051 E449.27294
G1 F402.7 X198.402 Y183.79 E449.32694
G1 F400.7 X197.444 Y183.288 E449.38081
G1 F401.3 X196.629 Y182.565 E449.43498
G1 F402 X196.014 Y181.672 E449.48881
G1 F400.7 X195.629 Y180.664 E449.54255
G1 X195.501 Y179.584 E449.59672
G1 X195.629 Y178.508 E449.65069
G1 X196.014 Y177.496 E449.70462
G1 F401.3 X196.63 Y176.604 E449.75852
G1 F400 X197.444 Y175.882 E449.81281
G1 X198.402 Y175.378 E449.86681
G1 F401.3 X199.46 Y175.119 E449.92097
G1 X200.54 Y175.119 E449.97467
G1 X201.597 Y175.378 E450.02879
G1 F400.7 X202.552 Y175.881 E450.08255
G1 F401.3 X203.367 Y176.603 E450.13669
G1 F402 X203.982 Y177.496 E450.19051
G1 F400.7 X204.367 Y178.508 E450.24444
G1 F402.7 X204.497 Y179.584 E450.29815
G1 F403.4 X204.367 Y180.664 E450.35197
G1 F402 X203.982 Y181.672 E450.40553
G1 F403.4 X203.368 Y182.566 E450.45919
G1 X202.553 Y183.289 E450.51309
G1 F401.3 X201.597 Y183.79 E450.56676
G1 F402 X200.54 Y184.051 E450.62081
;TIME_ELAPSED:564.911859
;LAYER:49
;note -- min layer time used
M204 S3000
M205 X10 Y10
;MESH:15_7_1.stl
G0 F6000 X200.54 Y184.051 Z11.09
M204 S1800
M205 X8 Y8
;TYPE:WALL-OUTER
G1 F404 X199.46 Y184.051 E450.67415
G1 F402.7 X198.402 Y183.79 E450.72815
G1 F400.7 X197.444 Y183.288 E450.78202
G1 F401.3 X196.629 Y182.565 E450.8362
G1 F402 X196.014 Y181.672 E450.89002
G1 F400.7 X195.629 Y180.664 E450.94376
G1 X195.501 Y179.584 E450.99793
G1 X195.629 Y178.508 E451.0519
G1 X196.014 Y177.496 E451.10583
G1 F401.3 X196.63 Y176.604 E451.15973
G1 F400 X197.444 Y175.882 E451.21402
G1 X198.402 Y175.378 E451.26802
G1 F401.3 X199.46 Y175.119 E451.32218
G1 X200.54 Y175.119 E451.37589
G1 X201.597 Y175.378 E451.43
G1 F400.7 X202.552 Y175.881 E451.48376
G1 F401.3 X203.367 Y176.603 E451.5379
G1 F402 X203.982 Y177.496 E451.59172
G1 F400.7 X204.367 Y178.508 E451.64565
G1 F402.7 X204.497 Y179.584 E451.69936
G1 F403.4 X204.367 Y180.664 E451.75318
G1 F402 X203.982 Y181.672 E451.80675
G1 F403.4 X203.368 Y182.566 E451.8604
G1 X202.553 Y183.289 E451.9143
G1 F401.3 X201.597 Y183.79 E451.96797
G1 F402 X200.54 Y184.051 E452.02202
;TIME_ELAPSED:569.215651
;LAYER:50
;note -- min layer time used
M204 S3000
M205 X10 Y10
;MESH:15_7_1.stl
G0 F6000 X200.54 Y184.051 Z11.29
M204 S1800
M205 X8 Y8
;TYPE:WALL-OUTER
G1 F404 X199.46 Y184.051 E452.07536
G1 F402.7 X198.402 Y183.79 E452.12936
G1 F400.7 X197.444 Y183.288 E452.18323
G1 F401.3 X196.629 Y182.565 E452.23741
G1 F402 X196.014 Y181.672 E452.29123
G1 F400.7 X195.629 Y180.664 E452.34497
G1 X195.501 Y179.584 E452.39914
G1 X195.629 Y178.508 E452.45311
G1 X196.014 Y177.496 E452.50704
G1 F401.3 X196.63 Y176.604 E452.56094
G1 F400 X197.444 Y175.882 E452.61523
G1 X198.402 Y175.378 E452.66923
G1 F401.3 X199.46 Y175.119 E452.72339
G1 X200.54 Y175.119 E452.7771
G1 X201.597 Y175.378 E452.83121
G1 F400.7 X202.552 Y175.881 E452.88497
G1 F401.3 X203.367 Y176.603 E452.93911
G1 F402 X203.982 Y177.496 E452.99293
G1 F400.7 X204.367 Y178.508 E453.04686
G1 F402.7 X204.497 Y179.584 E453.10057
G1 F403.4 X204.367 Y180.664 E453.15439
G1 F402 X203.982 Y181.672 E453.20796
G1 F403.4 X203.368 Y182.566 E453.26161
G1 X202.553 Y183.289 E453.31551
G1 F401.3 X201.597 Y183.79 E453.36918
G1 F402 X200.54 Y184.051 E453.42323
;TIME_ELAPSED:573.519444
;LAYER:51
;note -- min layer time used
M204 S3000
M205 X10 Y10
;MESH:15_7_1.stl
G0 F6000 X200.54 Y184.051 Z11.49
M204 S1800
M205 X8 Y8
;TYPE:WALL-OUTER
G1 F404 X199.46 Y184.051 E453.47657
G1 F402.7 X198.402 Y183.79 E453.53058
G1 F400.7 X197.444 Y183.288 E453.58444
G1 F401.3 X196.629 Y182.565 E453.63862
G1 F402 X196.014 Y181.672 E453.69244
G1 F400.7 X195.629 Y180.664 E453.74618
G1 X195.501 Y179.584 E453.80035
G1 X195.629 Y178.508 E453.85432
G1 X196.014 Y177.496 E453.90825
G1 F401.3 X196.63 Y176.604 E453.96215
G1 F400 X197.444 Y175.882 E454.01644
G1 X198.402 Y175.378 E454.07044
G1 F401.3 X199.46 Y175.119 E454.12461
G1 X200.54 Y175.119 E454.17831
G1 X201.597 Y175.378 E454.23242
G1 F400.7 X202.552 Y175.881 E454.28618
G1 F401.3 X203.367 Y176.603 E454.34032
G1 F402 X203.982 Y177.496 E454.39414
G1 F400.7 X204.367 Y178.508 E454.44807
G1 F402.7 X204.497 Y179.584 E454.50179
G1 F403.4 X204.367 Y180.664 E454.5556
G1 F402 X203.982 Y181.672 E454.60917
G1 F403.4 X203.368 Y182.566 E454.66282
G1 X202.553 Y183.289 E454.71673
G1 F401.3 X201.597 Y183.79 E454.77039
G1 F402 X200.54 Y184.051 E454.82444
;TIME_ELAPSED:577.823236
;LAYER:52
;note -- min layer time used
M204 S3000
M205 X10 Y10
;MESH:15_7_1.stl
G0 F6000 X200.54 Y184.051 Z11.69
M204 S1800
M205 X8 Y8
;TYPE:WALL-OUTER
G1 F404 X199.46 Y184.051 E454.87778
G1 F402.7 X198.402 Y183.79 E454.93179
G1 F400.7 X197.444 Y183.288 E454.98566
G1 F401.3 X196.629 Y182.565 E455.03983
G1 F402 X196.014 Y181.672 E455.09365
G1 F400.7 X195.629 Y180.664 E455.1474
G1 X195.501 Y179.584 E455.20156
G1 X195.629 Y178.508 E455.25553
G1 X196.014 Y177.496 E455.30946
G1 F401.3 X196.63 Y176.604 E455.36337
G1 F400 X197.444 Y175.882 E455.41765
G1 X198.402 Y175.378 E455.47165
G1 F401.3 X199.46 Y175.119 E455.52582
G1 X200.54 Y175.119 E455.57952
G1 X201.597 Y175.378 E455.63363
G1 F400.7 X202.552 Y175.881 E455.68739
G1 F401.3 X203.367 Y176.603 E455.74153
G1 F402 X203.982 Y177.496 E455.79536
G1 F400.7 X204.367 Y178.508 E455.84928
G1 F402.7 X204.497 Y179.584 E455.903
G1 F403.4 X204.367 Y180.664 E455.95681
G1 F402 X203.982 Y181.672 E456.01038
G1 F403.4 X203.368 Y182.566 E456.06404
G1 X202.553 Y183.289 E456.11794
G1 F401.3 X201.597 Y183.79 E456.1716
G1 F402 X200.54 Y184.051 E456.22565
;TIME_ELAPSED:582.127028
;LAYER:53
;note -- min layer time used
M204 S3000
M205 X10 Y10
;MESH:15_7_1.stl
G0 F6000 X200.54 Y184.051 Z11.89
M204 S1800
M205 X8 Y8
;TYPE:WALL-OUTER
G1 F404 X199.46 Y184.051 E456.27899
G1 F402.7 X198.402 Y183.79 E456.333
G1 F400.7 X197.444 Y183.288 E456.38687
G1 F401.3 X196.629 Y182.565 E456.44104
G1 F402 X196.014 Y181.672 E456.49486
G1 F400.7 X195.629 Y180.664 E456.54861
G1 X195.501 Y179.584 E456.60277
G1 X195.629 Y178.508 E456.65675
G1 X196.014 Y177.496 E456.71067
G1 F401.3 X196.63 Y176.604 E456.76458
G1 F400 X197.444 Y175.882 E456.81886
G1 X198.402 Y175.378 E456.87287
G1 F401.3 X199.46 Y175.119 E456.92703
G1 X200.54 Y175.119 E456.98073
G1 X201.597 Y175.378 E457.03484
G1 F400.7 X202.552 Y175.881 E457.0886
G1 F401.3 X203.367 Y176.603 E457.14274
G1 F402 X203.982 Y177.496 E457.19657
G1 F400.7 X204.367 Y178.508 E457.2505
G1 F402.7 X204.497 Y179.584 E457.30421
G1 F403.4 X204.367 Y180.664 E457.35803
G1 F402 X203.982 Y181.672 E457.41159
G1 F403.4 X203.368 Y182.566 E457.46525
G1 X202.553 Y183.289 E457.51915
G1 F401.3 X201.597 Y183.79 E457.57282
G1 F402 X200.54 Y184.051 E457.62686
;TIME_ELAPSED:586.430820
;LAYER:54
;note -- min layer time used
M204 S3000
M205 X10 Y10
;MESH:15_7_1.stl
G0 F6000 X200.54 Y184.051 Z12.09
M204 S1800
M205 X8 Y8
;TYPE:WALL-OUTER
G1 F404 X199.46 Y184.051 E457.6802
G1 F402.7 X198.402 Y183.79 E457.73421
G1 F400.7 X197.444 Y183.288 E457.78808
G1 F401.3 X196.629 Y182.565 E457.84225
G1 F402 X196.014 Y181.672 E457.89607
G1 F400.7 X195.629 Y180.664 E457.94982
G1 X195.501 Y179.584 E458.00399
G1 X195.629 Y178.508 E458.05796
G1 X196.014 Y177.496 E458.11189
G1 F401.3 X196.63 Y176.604 E458.16579
G1 F400 X197.444 Y175.882 E458.22007
G1 X198.402 Y175.378 E458.27408
G1 F401.3 X199.46 Y175.119 E458.32824
G1 X200.54 Y175.119 E458.38194
G1 X201.597 Y175.378 E458.43605
G1 F400.7 X202.552 Y175.881 E458.48981
G1 F401.3 X203.367 Y176.603 E458.54395
G1 F402 X203.982 Y177.496 E458.59778
G1 F400.7 X204.367 Y178.508 E458.65171
G1 F402.7 X204.497 Y179.584 E458.70542
G1 F403.4 X204.367 Y180.664 E458.75924
G1 F402 X203.982 Y181.672 E458.8128
G1 F403.4 X203.368 Y182.566 E458.86646
G1 X202.553 Y183.289 E458.92036
G1 F401.3 X201.597 Y183.79 E458.97403
G1 F402 X200.54 Y184.051 E459.02807
;TIME_ELAPSED:590.734612
;LAYER:55
;note -- min layer time used
M204 S3000
M205 X10 Y10
;MESH:15_7_1.stl
G0 F6000 X200.54 Y184.051 Z12.29
M204 S1800
M205 X8 Y8
;TYPE:WALL-OUTER
G1 F404 X199.46 Y184.051 E459.08141
G1 F402.7 X198.402 Y183.79 E459.13542
G1 F400.7 X197.444 Y183.288 E459.18929
G1 F401.3 X196.629 Y182.565 E459.24346
G1 F402 X196.014 Y181.672 E459.29729
G1 F400.7 X195.629 Y180.664 E459.35103
G1 X195.501 Y179.584 E459.4052
G1 X195.629 Y178.508 E459.45917
G1 X196.014 Y177.496 E459.5131
G1 F401.3 X196.63 Y176.604 E459.567
G1 F400 X197.444 Y175.882 E459.62128
G1 X198.402 Y175.378 E459.67529
G1 F401.3 X199.46 Y175.119 E459.72945
G1 X200.54 Y175.119 E459.78315
G1 X201.597 Y175.378 E459.83726
G1 F400.7 X202.552 Y175.881 E459.89102
G1 F401.3 X203.367 Y176.603 E459.94516
G1 F402 X203.982 Y177.496 E459.99899
G1 F400.7 X204.367 Y178.508 E460.05292
G1 F402.7 X204.497 Y179.584 E460.10663
G1 F403.4 X204.367 Y180.664 E460.16045
G1 F402 X203.982 Y181.672 E460.21401
G1 F403.4 X203.368 Y182.566 E460.26767
G1 X202.553 Y183.289 E460.32157
G1 F401.3 X201.597 Y183.79 E460.37524
G1 F402 X200.54 Y184.051 E460.42928
;TIME_ELAPSED:595.038404
;LAYER:56
;note -- min layer time used
M204 S3000
M205 X10 Y10
;MESH:15_7_1.stl
G0 F6000 X200.54 Y184.051 Z12.49
M204 S1800
M205 X8 Y8
;TYPE:WALL-OUTER
G1 F404 X199.46 Y184.051 E460.48263
G1 F402.7 X198.402 Y183.79 E460.53663
G1 F400.7 X197.444 Y183.288 E460.5905
G1 F401.3 X196.629 Y182.565 E460.64467
G1 F402 X196.014 Y181.672 E460.6985
G1 F400.7 X195.629 Y180.664 E460.75224
G1 X195.501 Y179.584 E460.80641
G1 X195.629 Y178.508 E460.86038
G1 X196.014 Y177.496 E460.91431
G1 F401.3 X196.63 Y176.604 E460.96821
G1 F400 X197.444 Y175.882 E461.02249
G1 X198.402 Y175.378 E461.0765
G1 F401.3 X199.46 Y175.119 E461.13066
G1 X200.54 Y175.119 E461.18436
G1 X201.597 Y175.378 E461.23847
G1 F400.7 X202.552 Y175.881 E461.29223
G1 F401.3 X203.367 Y176.603 E461.34637
G1 F402 X203.982 Y177.496 E461.4002
G1 F400.7 X204.367 Y178.508 E461.45413
G1 F402.7 X204.497 Y179.584 E461.50784
G1 F403.4 X204.367 Y180.664 E461.56166
G1 F402 X203.982 Y181.672 E461.61522
G1 F403.4 X203.368 Y182.566 E461.66888
G1 X202.553 Y183.289 E461.72278
G1 F401.3 X201.597 Y183.79 E461.77645
G1 F402 X200.54 Y184.051 E461.83049
;TIME_ELAPSED:599.342197
;LAYER:57
;note -- min layer time used
M204 S3000
M205 X10 Y10
;MESH:15_7_1.stl
G0 F6000 X200.54 Y184.051 Z12.69
M204 S1800
M205 X8 Y8
;TYPE:WALL-OUTER
G1 F404 X199.46 Y184.051 E461.88384
G1 F402.7 X198.402 Y183.79 E461.93784
G1 F400.7 X197.444 Y183.288 E461.99171
G1 F401.3 X196.629 Y182.565 E462.04588
G1 F402 X196.014 Y181.672 E462.09971
G1 F400.7 X195.629 Y180.664 E462.15345
G1 X195.501 Y179.584 E462.20762
G1 X195.629 Y178.508 E462.26159
G1 X196.014 Y177.496 E462.31552
G1 F401.3 X196.63 Y176.604 E462.36942
G1 F400 X197.444 Y175.882 E462.4237
G1 X198.402 Y175.378 E462.47771
G1 F401.3 X199.46 Y175.119 E462.53187
G1 X200.54 Y175.119 E462.58557
G1 X201.597 Y175.378 E462.63969
G1 F400.7 X202.552 Y175.881 E462.69345
G1 F401.3 X203.367 Y176.603 E462.74759
G1 F402 X203.982 Y177.496 E462.80141
G1 F400.7 X204.367 Y178.508 E462.85534
G1 F402.7 X204.497 Y179.584 E462.90905
G1 F403.4 X204.367 Y180.664 E462.96287
G1 F402 X203.982 Y181.672 E463.01643
G1 F403.4 X203.368 Y182.566 E463.07009
G1 X202.553 Y183.289 E463.12399
G1 F401.3 X201.597 Y183.79 E463.17766
G1 F402 X200.54 Y184.051 E463.2317
;TIME_ELAPSED:603.645989
;LAYER:58
;note -- min layer time used
M204 S3000
M205 X10 Y10
;MESH:15_7_1.stl
G0 F6000 X200.54 Y184.051 Z12.89
M204 S1800
M205 X8 Y8
;TYPE:WALL-OUTER
G1 F404 X199.46 Y184.051 E463.28505
G1 F402.7 X198.402 Y183.79 E463.33905
G1 F400.7 X197.444 Y183.288 E463.39292
G1 F401.3 X196.629 Y182.565 E463.44709
G1 F402 X196.014 Y181.672 E463.50092
G1 F400.7 X195.629 Y180.664 E463.55466
G1 X195.501 Y179.584 E463.60883
G1 X195.629 Y178.508 E463.6628
G1 X196.014 Y177.496 E463.71673
G1 F401.3 X196.63 Y176.604 E463.77063
G1 F400 X197.444 Y175.882 E463.82491
G1 X198.402 Y175.378 E463.87892
G1 F401.3 X199.46 Y175.119 E463.93308
G1 X200.54 Y175.119 E463.98678
G1 X201.597 Y175.378 E464.0409
G1 F400.7 X202.552 Y175.881 E464.09466
G1 F401.3 X203.367 Y176.603 E464.1488
G1 F402 X203.982 Y177.496 E464.20262
G1 F400.7 X204.367 Y178.508 E464.25655
G1 F402.7 X204.497 Y179.584 E464.31026
G1 F403.4 X204.367 Y180.664 E464.36408
G1 F402 X203.982 Y181.672 E464.41764
G1 F403.4 X203.368 Y182.566 E464.4713
G1 X202.553 Y183.289 E464.5252
G1 F401.3 X201.597 Y183.79 E464.57887
G1 F402 X200.54 Y184.051 E464.63292
;TIME_ELAPSED:607.949781
;LAYER:59
;note -- min layer time used
M204 S3000
M205 X10 Y10
;MESH:15_7_1.stl
G0 F6000 X200.54 Y184.051 Z13.09
M204 S1800
M205 X8 Y8
;TYPE:WALL-OUTER
G1 F404 X199.46 Y184.051 E464.68626
G1 F402.7 X198.402 Y183.79 E464.74026
G1 F400.7 X197.444 Y183.288 E464.79413
G1 F401.3 X196.629 Y182.565 E464.8483
G1 F402 X196.014 Y181.672 E464.90213
G1 F400.7 X195.629 Y180.664 E464.95587
G1 X195.501 Y179.584 E465.01004
G1 X195.629 Y178.508 E465.06401
G1 X196.014 Y177.496 E465.11794
G1 F401.3 X196.63 Y176.604 E465.17184
G1 F400 X197.444 Y175.882 E465.22613
G1 X198.402 Y175.378 E465.28013
G1 F401.3 X199.46 Y175.119 E465.33429
G1 X200.54 Y175.119 E465.38799
G1 X201.597 Y175.378 E465.44211
G1 F400.7 X202.552 Y175.881 E465.49587
G1 F401.3 X203.367 Y176.603 E465.55001
G1 F402 X203.982 Y177.496 E465.60383
G1 F400.7 X204.367 Y178.508 E465.65776
G1 F402.7 X204.497 Y179.584 E465.71147
G1 F403.4 X204.367 Y180.664 E465.76529
G1 F402 X203.982 Y181.672 E465.81885
G1 F403.4 X203.368 Y182.566 E465.87251
G1 X202.553 Y183.289 E465.92641
G1 F401.3 X201.597 Y183.79 E465.98008
G1 F402 X200.54 Y184.051 E466.03413
;TIME_ELAPSED:612.253573
;LAYER:60
;note -- min layer time used
M204 S3000
M205 X10 Y10
;MESH:15_7_1.stl
G0 F6000 X200.54 Y184.051 Z13.29
M204 S1800
M205 X8 Y8
;TYPE:WALL-OUTER
G1 F404 X199.46 Y184.051 E466.08747
G1 F402.7 X198.402 Y183.79 E466.14147
G1 F400.7 X197.444 Y183.288 E466.19534
G1 F401.3 X196.629 Y182.565 E466.24952
G1 F402 X196.014 Y181.672 E466.30334
G1 F400.7 X195.629 Y180.664 E466.35708
G1 X195.501 Y179.584 E466.41125
G1 X195.629 Y178.508 E466.46522
G1 X196.014 Y177.496 E466.51915
G1 F401.3 X196.63 Y176.604 E466.57305
G1 F400 X197.444 Y175.882 E466.62734
G1 X198.402 Y175.378 E466.68134
G1 F401.3 X199.46 Y175.119 E466.7355
G1 X200.54 Y175.119 E466.7892
G1 X201.597 Y175.378 E466.84332
G1 F400.7 X202.552 Y175.881 E466.89708
G1 F401.3 X203.367 Y176.603 E466.95122
G1 F402 X203.982 Y177.496 E467.00504
G1 F400.7 X204.367 Y178.508 E467.05897
G1 F402.7 X204.497 Y179.584 E467.11268
G1 F403.4 X204.367 Y180.664 E467.1665
G1 F402 X203.982 Y181.672 E467.22006
G1 F403.4 X203.368 Y182.566 E467.27372
G1 X202.553 Y183.289 E467.32762
G1 F401.3 X201.597 Y183.79 E467.38129
G1 F402 X200.54 Y184.051 E467.43534
;TIME_ELAPSED:616.557365
;LAYER:61
;note -- min layer time used
M204 S3000
M205 X10 Y10
;MESH:15_7_1.stl
G0 F6000 X200.54 Y184.051 Z13.49
M204 S1800
M205 X8 Y8
;TYPE:WALL-OUTER
G1 F404 X199.46 Y184.051 E467.48868
G1 F402.7 X198.402 Y183.79 E467.54268
G1 F400.7 X197.444 Y183.288 E467.59655
G1 F401.3 X196.629 Y182.565 E467.65073
G1 F402 X196.014 Y181.672 E467.70455
G1 F400.7 X195.629 Y180.664 E467.75829
G1 X195.501 Y179.584 E467.81246
G1 X195.629 Y178.508 E467.86643
G1 X196.014 Y177.496 E467.92036
G1 F401.3 X196.63 Y176.604 E467.97426
G1 F400 X197.444 Y175.882 E468.02855
G1 X198.402 Y175.378 E468.08255
G1 F401.3 X199.46 Y175.119 E468.13671
G1 X200.54 Y175.119 E468.19042
G1 X201.597 Y175.378 E468.24453
G1 F400.7 X202.552 Y175.881 E468.29829
G1 F401.3 X203.367 Y176.603 E468.35243
G1 F402 X203.982 Y177.496 E468.40625
G1 F400.7 X204.367 Y178.508 E468.46018
G1 F402.7 X204.497 Y179.584 E468.51389
G1 F403.4 X204.367 Y180.664 E468.56771
G1 F402 X203.982 Y181.672 E468.62128
G1 F403.4 X203.368 Y182.566 E468.67493
G1 X202.553 Y183.289 E468.72883
G1 F401.3 X201.597 Y183.79 E468.7825
G1 F402 X200.54 Y184.051 E468.83655
;TIME_ELAPSED:620.861157
;LAYER:62
;note -- min layer time used
M204 S3000
M205 X10 Y10
;MESH:15_7_1.stl
G0 F6000 X200.54 Y184.051 Z13.69
M204 S1800
M205 X8 Y8
;TYPE:WALL-OUTER
G1 F404 X199.46 Y184.051 E468.88989
G1 F402.7 X198.402 Y183.79 E468.94389
G1 F400.7 X197.444 Y183.288 E468.99776
G1 F401.3 X196.629 Y182.565 E469.05194
G1 F402 X196.014 Y181.672 E469.10576
G1 F400.7 X195.629 Y180.664 E469.1595
G1 X195.501 Y179.584 E469.21367
G1 X195.629 Y178.508 E469.26764
G1 X196.014 Y177.496 E469.32157
G1 F401.3 X196.63 Y176.604 E469.37547
G1 F400 X197.444 Y175.882 E469.42976
G1 X198.402 Y175.378 E469.48376
G1 F401.3 X199.46 Y175.119 E469.53792
G1 X200.54 Y175.119 E469.59163
G1 X201.597 Y175.378 E469.64574
G1 F400.7 X202.552 Y175.881 E469.6995
G1 F401.3 X203.367 Y176.603 E469.75364
G1 F402 X203.982 Y177.496 E469.80746
G1 F400.7 X204.367 Y178.508 E469.86139
G1 F402.7 X204.497 Y179.584 E469.9151
G1 F403.4 X204.367 Y180.664 E469.96892
G1 F402 X203.982 Y181.672 E470.02249
G1 F403.4 X203.368 Y182.566 E470.07614
G1 X202.553 Y183.289 E470.13004
G1 F401.3 X201.597 Y183.79 E470.18371
G1 F402 X200.54 Y184.051 E470.23776
;TIME_ELAPSED:625.164950
;LAYER:63
;note -- min layer time used
M204 S3000
M205 X10 Y10
;MESH:15_7_1.stl
G0 F6000 X200.54 Y184.051 Z13.89
M204 S1800
M205 X8 Y8
;TYPE:WALL-OUTER
G1 F404 X199.46 Y184.051 E470.2911
G1 F402.7 X198.402 Y183.79 E470.34511
G1 F400.7 X197.444 Y183.288 E470.39897
G1 F401.3 X196.629 Y182.565 E470.45315
G1 F402 X196.014 Y181.672 E470.50697
G1 F400.7 X195.629 Y180.664 E470.56072
G1 X195.501 Y179.584 E470.61488
G1 X195.629 Y178.508 E470.66885
G1 X196.014 Y177.496 E470.72278
G1 F401.3 X196.63 Y176.604 E470.77668
G1 F400 X197.444 Y175.882 E470.83097
G1 X198.402 Y175.378 E470.88497
G1 F401.3 X199.46 Y175.119 E470.93914
G1 X200.54 Y175.119 E470.99284
G1 X201.597 Y175.378 E471.04695
G1 F400.7 X202.552 Y175.881 E471.10071
G1 F401.3 X203.367 Y176.603 E471.15485
G1 F402 X203.982 Y177.496 E471.20868
G1 F400.7 X204.367 Y178.508 E471.2626
G1 F402.7 X204.497 Y179.584 E471.31632
G1 F403.4 X204.367 Y180.664 E471.37013
G1 F402 X203.982 Y181.672 E471.4237
G1 F403.4 X203.368 Y182.566 E471.47735
G1 X202.553 Y183.289 E471.53126
G1 F401.3 X201.597 Y183.79 E471.58492
G1 F402 X200.54 Y184.051 E471.63897
;TIME_ELAPSED:629.468742
;LAYER:64
;note -- min layer time used
M204 S3000
M205 X10 Y10
;MESH:15_7_1.stl
G0 F6000 X200.54 Y184.051 Z14.09
M204 S1800
M205 X8 Y8
;TYPE:WALL-OUTER
G1 F404 X199.46 Y184.051 E471.69231
G1 F402.7 X198.402 Y183.79 E471.74632
G1 F400.7 X197.444 Y183.288 E471.80019
G1 F401.3 X196.629 Y182.565 E471.85436
G1 F402 X196.014 Y181.672 E471.90818
G1 F400.7 X195.629 Y180.664 E471.96193
G1 X195.501 Y179.584 E472.01609
G1 X195.629 Y178.508 E472.07006
G1 X196.014 Y177.496 E472.12399
G1 F401.3 X196.63 Y176.604 E472.1779
G1 F400 X197.444 Y175.882 E472.23218
G1 X198.402 Y175.378 E472.28619
G1 F401.3 X199.46 Y175.119 E472.34035
G1 X200.54 Y175.119 E472.39405
G1 X201.597 Y175.378 E472.44816
G1 F400.7 X202.552 Y175.881 E472.50192
G1 F401.3 X203.367 Y176.603 E472.55606
G1 F402 X203.982 Y177.496 E472.60989
G1 F400.7 X204.367 Y178.508 E472.66381
G1 F402.7 X204.497 Y179.584 E472.71753
G1 F403.4 X204.367 Y180.664 E472.77134
G1 F402 X203.982 Y181.672 E472.82491
G1 F403.4 X203.368 Y182.566 E472.87857
G1 X202.553 Y183.289 E472.93247
G1 F401.3 X201.597 Y183.79 E472.98613
G1 F402 X200.54 Y184.051 E473.04018
;TIME_ELAPSED:633.772534
;LAYER:65
;note -- min layer time used
M204 S3000
M205 X10 Y10
;MESH:15_7_1.stl
G0 F6000 X200.54 Y184.051 Z14.29
M204 S1800
M205 X8 Y8
;TYPE:WALL-OUTER
G1 F404 X199.46 Y184.051 E473.09352
G1 F402.7 X198.402 Y183.79 E473.14753
G1 F400.7 X197.444 Y183.288 E473.2014
G1 F401.3 X196.629 Y182.565 E473.25557
G1 F402 X196.014 Y181.672 E473.30939
G1 F400.7 X195.629 Y180.664 E473.36314
G1 X195.501 Y179.584 E473.41731
G1 X195.629 Y178.508 E473.47128
G1 X196.014 Y177.496 E473.5252
G1 F401.3 X196.63 Y176.604 E473.57911
G1 F400 X197.444 Y175.882 E473.63339
G1 X198.402 Y175.378 E473.6874
G1 F401.3 X199.46 Y175.119 E473.74156
G1 X200.54 Y175.119 E473.79526
G1 X201.597 Y175.378 E473.84937
G1 F400.7 X202.552 Y175.881 E473.90313
G1 F401.3 X203.367 Y176.603 E473.95727
G1 F402 X203.982 Y177.496 E474.0111
G1 F400.7 X204.367 Y178.508 E474.06503
G1 F402.7 X204.497 Y179.584 E474.11874
G1 F403.4 X204.367 Y180.664 E474.17256
G1 F402 X203.982 Y181.672 E474.22612
G1 F403.4 X203.368 Y182.566 E474.27978
G1 X202.553 Y183.289 E474.33368
G1 F401.3 X201.597 Y183.79 E474.38735
G1 F402 X200.54 Y184.051 E474.44139
;TIME_ELAPSED:638.076326
;LAYER:66
;note -- min layer time used
M204 S3000
M205 X10 Y10
;MESH:15_7_1.stl
G0 F6000 X200.54 Y184.051 Z14.49
M204 S1800
M205 X8 Y8
;TYPE:WALL-OUTER
G1 F404 X199.46 Y184.051 E474.49473
G1 F402.7 X198.402 Y183.79 E474.54874
G1 F400.7 X197.444 Y183.288 E474.60261
G1 F401.3 X196.629 Y182.565 E474.65678
G1 F402 X196.014 Y181.672 E474.71061
G1 F400.7 X195.629 Y180.664 E474.76435
G1 X195.501 Y179.584 E474.81852
G1 X195.629 Y178.508 E474.87249
G1 X196.014 Y177.496 E474.92642
G1 F401.3 X196.63 Y176.604 E474.98032
G1 F400 X197.444 Y175.882 E475.0346
G1 X198.402 Y175.378 E475.08861
G1 F401.3 X199.46 Y175.119 E475.14277
G1 X200.54 Y175.119 E475.19647
G1 X201.597 Y175.378 E475.25058
G1 F400.7 X202.552 Y175.881 E475.30434
G1 F401.3 X203.367 Y176.603 E475.35848
G1 F402 X203.982 Y177.496 E475.41231
G1 F400.7 X204.367 Y178.508 E475.46624
G1 F402.7 X204.497 Y179.584 E475.51995
G1 F403.4 X204.367 Y180.664 E475.57377
G1 F402 X203.982 Y181.672 E475.62733
G1 F403.4 X203.368 Y182.566 E475.68099
G1 X202.553 Y183.289 E475.73489
G1 F401.3 X201.597 Y183.79 E475.78856
G1 F402 X200.54 Y184.051 E475.8426
;TIME_ELAPSED:642.380118
;LAYER:67
;note -- min layer time used
M204 S3000
M205 X10 Y10
;MESH:15_7_1.stl
G0 F6000 X200.54 Y184.051 Z14.69
M204 S1800
M205 X8 Y8
;TYPE:WALL-OUTER
G1 F404 X199.46 Y184.051 E475.89595
G1 F402.7 X198.402 Y183.79 E475.94995
G1 F400.7 X197.444 Y183.288 E476.00382
G1 F401.3 X196.629 Y182.565 E476.05799
G1 F402 X196.014 Y181.672 E476.11182
G1 F400.7 X195.629 Y180.664 E476.16556
G1 X195.501 Y179.584 E476.21973
G1 X195.629 Y178.508 E476.2737
G1 X196.014 Y177.496 E476.32763
G1 F401.3 X196.63 Y176.604 E476.38153
G1 F400 X197.444 Y175.882 E476.43581
G1 X198.402 Y175.378 E476.48982
G1 F401.3 X199.46 Y175.119 E476.54398
G1 X200.54 Y175.119 E476.59768
G1 X201.597 Y175.378 E476.65179
G1 F400.7 X202.552 Y175.881 E476.70555
G1 F401.3 X203.367 Y176.603 E476.75969
G1 F402 X203.982 Y177.496 E476.81352
G1 F400.7 X204.367 Y178.508 E476.86745
G1 F402.7 X204.497 Y179.584 E476.92116
G1 F403.4 X204.367 Y180.664 E476.97498
G1 F402 X203.982 Y181.672 E477.02854
G1 F403.4 X203.368 Y182.566 E477.0822
G1 X202.553 Y183.289 E477.1361
G1 F401.3 X201.597 Y183.79 E477.18977
G1 F402 X200.54 Y184.051 E477.24381
;TIME_ELAPSED:646.683910
;LAYER:68
;note -- min layer time used
M204 S3000
M205 X10 Y10
;MESH:15_7_1.stl
G0 F6000 X200.54 Y184.051 Z14.89
M204 S1800
M205 X8 Y8
;TYPE:WALL-OUTER
G1 F404 X199.46 Y184.051 E477.29716
G1 F402.7 X198.402 Y183.79 E477.35116
G1 F400.7 X197.444 Y183.288 E477.40503
G1 F401.3 X196.629 Y182.565 E477.4592
G1 F402 X196.014 Y181.672 E477.51303
G1 F400.7 X195.629 Y180.664 E477.56677
G1 X195.501 Y179.584 E477.62094
G1 X195.629 Y178.508 E477.67491
G1 X196.014 Y177.496 E477.72884
G1 F401.3 X196.63 Y176.604 E477.78274
G1 F400 X197.444 Y175.882 E477.83702
G1 X198.402 Y175.378 E477.89103
G1 F401.3 X199.46 Y175.119 E477.94519
G1 X200.54 Y175.119 E477.99889
G1 X201.597 Y175.378 E478.053
G1 F400.7 X202.552 Y175.881 E478.10676
G1 F401.3 X203.367 Y176.603 E478.1609
G1 F402 X203.982 Y177.496 E478.21473
G1 F400.7 X204.367 Y178.508 E478.26866
G1 F402.7 X204.497 Y179.584 E478.32237
G1 F403.4 X204.367 Y180.664 E478.37619
G1 F402 X203.982 Y181.672 E478.42975
G1 F403.4 X203.368 Y182.566 E478.48341
G1 X202.553 Y183.289 E478.53731
G1 F401.3 X201.597 Y183.79 E478.59098
G1 F402 X200.54 Y184.051 E478.64502
;TIME_ELAPSED:650.987703
;LAYER:69
;note -- min layer time used
M204 S3000
M205 X10 Y10
;MESH:15_7_1.stl
G0 F6000 X200.54 Y184.051 Z15.09
M204 S1800
M205 X8 Y8
;TYPE:WALL-OUTER
G1 F404 X199.46 Y184.051 E478.69837
G1 F402.7 X198.402 Y183.79 E478.75237
G1 F400.7 X197.444 Y183.288 E478.80624
G1 F401.3 X196.629 Y182.565 E478.86041
G1 F402 X196.014 Y181.672 E478.91424
G1 F400.7 X195.629 Y180.664 E478.96798
G1 X195.501 Y179.584 E479.02215
G1 X195.629 Y178.508 E479.07612
G1 X196.014 Y177.496 E479.13005
G1 F401.3 X196.63 Y176.604 E479.18395
G1 F400 X197.444 Y175.882 E479.23823
G1 X198.402 Y175.378 E479.29224
G1 F401.3 X199.46 Y175.119 E479.3464
G1 X200.54 Y175.119 E479.4001
G1 X201.597 Y175.378 E479.45422
G1 F400.7 X202.552 Y175.881 E479.50798
G1 F401.3 X203.367 Y176.603 E479.56212
G1 F402 X203.982 Y177.496 E479.61594
G1 F400.7 X204.367 Y178.508 E479.66987
G1 F402.7 X204.497 Y179.584 E479.72358
G1 F403.4 X204.367 Y180.664 E479.7774
G1 F402 X203.982 Y181.672 E479.83096
G1 F403.4 X203.368 Y182.566 E479.88462
G1 X202.553 Y183.289 E479.93852
G1 F401.3 X201.597 Y183.79 E479.99219
G1 F402 X200.54 Y184.051 E480.04624
;TIME_ELAPSED:655.291495
;LAYER:70
;note -- min layer time used
M204 S3000
M205 X10 Y10
;MESH:15_7_1.stl
G0 F6000 X200.54 Y184.051 Z15.29
M204 S1800
M205 X8 Y8
;TYPE:WALL-OUTER
G1 F404 X199.46 Y184.051 E480.09958
G1 F402.7 X198.402 Y183.79 E480.15358
G1 F400.7 X197.444 Y183.288 E480.20745
G1 F401.3 X196.629 Y182.565 E480.26162
G1 F402 X196.014 Y181.672 E480.31545
G1 F400.7 X195.629 Y180.664 E480.36919
G1 X195.501 Y179.584 E480.42336
G1 X195.629 Y178.508 E480.47733
G1 X196.014 Y177.496 E480.53126
G1 F401.3 X196.63 Y176.604 E480.58516
G1 F400 X197.444 Y175.882 E480.63944
G1 X198.402 Y175.378 E480.69345
G1 F401.3 X199.46 Y175.119 E480.74761
G1 X200.54 Y175.119 E480.80131
G1 X201.597 Y175.378 E480.85543
G1 F400.7 X202.552 Y175.881 E480.90919
G1 F401.3 X203.367 Y176.603 E480.96333
G1 F402 X203.982 Y177.496 E481.01715
G1 F400.7 X204.367 Y178.508 E481.07108
G1 F402.7 X204.497 Y179.584 E481.12479
G1 F403.4 X204.367 Y180.664 E481.17861
G1 F402 X203.982 Y181.672 E481.23217
G1 F403.4 X203.368 Y182.566 E481.28583
G1 X202.553 Y183.289 E481.33973
G1 F401.3 X201.597 Y183.79 E481.3934
G1 F402 X200.54 Y184.051 E481.44745
;TIME_ELAPSED:659.595287
;LAYER:71
;note -- min layer time used
M204 S3000
M205 X10 Y10
;MESH:15_7_1.stl
G0 F6000 X200.54 Y184.051 Z15.49
M204 S1800
M205 X8 Y8
;TYPE:WALL-OUTER
G1 F404 X199.46 Y184.051 E481.50079
G1 F402.7 X198.402 Y183.79 E481.55479
G1 F400.7 X197.444 Y183.288 E481.60866
G1 F401.3 X196.629 Y182.565 E481.66283
G1 F402 X196.014 Y181.672 E481.71666
G1 F400.7 X195.629 Y180.664 E481.7704
G1 X195.501 Y179.584 E481.82457
G1 X195.629 Y178.508 E481.87854
G1 X196.014 Y177.496 E481.93247
G1 F401.3 X196.63 Y176.604 E481.98637
G1 F400 X197.444 Y175.882 E482.04066
G1 X198.402 Y175.378 E482.09466
G1 F401.3 X199.46 Y175.119 E482.14882
G1 X200.54 Y175.119 E482.20252
G1 X201.597 Y175.378 E482.25664
G1 F400.7 X202.552 Y175.881 E482.3104
G1 F401.3 X203.367 Y176.603 E482.36454
G1 F402 X203.982 Y177.496 E482.41836
G1 F400.7 X204.367 Y178.508 E482.47229
G1 F402.7 X204.497 Y179.584 E482.526
G1 F403.4 X204.367 Y180.664 E482.57982
G1 F402 X203.982 Y181.672 E482.63338
G1 F403.4 X203.368 Y182.566 E482.68704
G1 X202.553 Y183.289 E482.74094
G1 F401.3 X201.597 Y183.79 E482.79461
G1 F402 X200.54 Y184.051 E482.84866
;TIME_ELAPSED:663.899079
;LAYER:72
;note -- min layer time used
M204 S3000
M205 X10 Y10
;MESH:15_7_1.stl
G0 F6000 X200.54 Y184.051 Z15.69
M204 S1800
M205 X8 Y8
;TYPE:WALL-OUTER
G1 F404 X199.46 Y184.051 E482.902
G1 F402.7 X198.402 Y183.79 E482.956
G1 F400.7 X197.444 Y183.288 E483.00987
G1 F401.3 X196.629 Y182.565 E483.06405
G1 F402 X196.014 Y181.672 E483.11787
G1 F400.7 X195.629 Y180.664 E483.17161
G1 X195.501 Y179.584 E483.22578
G1 X195.629 Y178.508 E483.27975
G1 X196.014 Y177.496 E483.33368
G1 F401.3 X196.63 Y176.604 E483.38758
G1 F400 X197.444 Y175.882 E483.44187
G1 X198.402 Y175.378 E483.49587
G1 F401.3 X199.46 Y175.119 E483.55003
G1 X200.54 Y175.119 E483.60374
G1 X201.597 Y175.378 E483.65785
G1 F400.7 X202.552 Y175.881 E483.71161
G1 F401.3 X203.367 Y176.603 E483.76575
G1 F402 X203.982 Y177.496 E483.81957
G1 F400.7 X204.367 Y178.508 E483.8735
G1 F402.7 X204.497 Y179.584 E483.92721
G1 F403.4 X204.367 Y180.664 E483.98103
G1 F402 X203.982 Y181.672 E484.0346
G1 F403.4 X203.368 Y182.566 E484.08825
G1 X202.553 Y183.289 E484.14215
G1 F401.3 X201.597 Y183.79 E484.19582
G1 F402 X200.54 Y184.051 E484.24987
;TIME_ELAPSED:668.202871
;LAYER:73
;note -- min layer time used
M204 S3000
M205 X10 Y10
;MESH:15_7_1.stl
G0 F6000 X200.54 Y184.051 Z15.89
M204 S1800
M205 X8 Y8
;TYPE:WALL-OUTER
G1 F404 X199.46 Y184.051 E484.30321
G1 F402.7 X198.402 Y183.79 E484.35721
G1 F400.7 X197.444 Y183.288 E484.41108
G1 F401.3 X196.629 Y182.565 E484.46526
G1 F402 X196.014 Y181.672 E484.51908
G1 F400.7 X195.629 Y180.664 E484.57282
G1 X195.501 Y179.584 E484.62699
G1 X195.629 Y178.508 E484.68096
G1 X196.014 Y177.496 E484.73489
G1 F401.3 X196.63 Y176.604 E484.78879
G1 F400 X197.444 Y175.882 E484.84308
G1 X198.402 Y175.378 E484.89708
G1 F401.3 X199.46 Y175.119 E484.95124
G1 X200.54 Y175.119 E485.00495
G1 X201.597 Y175.378 E485.05906
G1 F400.7 X202.552 Y175.881 E485.11282
G1 F401.3 X203.367 Y176.603 E485.16696
G1 F402 X203.982 Y177.496 E485.22078
G1 F400.7 X204.367 Y178.508 E485.27471
G1 F402.7 X204.497 Y179.584 E485.32842
G1 F403.4 X204.367 Y180.664 E485.38224
G1 F402 X203.982 Y181.672 E485.43581
G1 F403.4 X203.368 Y182.566 E485.48946
G1 X202.553 Y183.289 E485.54336
G1 F401.3 X201.597 Y183.79 E485.59703
G1 F402 X200.54 Y184.051 E485.65108
;TIME_ELAPSED:672.506663
;LAYER:74
;note -- min layer time used
M204 S3000
M205 X10 Y10
;MESH:15_7_1.stl
G0 F6000 X200.54 Y184.051 Z16.09
M204 S1800
M205 X8 Y8
;TYPE:WALL-OUTER
G1 F404 X199.46 Y184.051 E485.70442
G1 F402.7 X198.402 Y183.79 E485.75843
G1 F400.7 X197.444 Y183.288 E485.81229
G1 F401.3 X196.629 Y182.565 E485.86647
G1 F402 X196.014 Y181.672 E485.92029
G1 F400.7 X195.629 Y180.664 E485.97403
G1 X195.501 Y179.584 E486.0282
G1 X195.629 Y178.508 E486.08217
G1 X196.014 Y177.496 E486.1361
G1 F401.3 X196.63 Y176.604 E486.19
G1 F400 X197.444 Y175.882 E486.24429
G1 X198.402 Y175.378 E486.29829
G1 F401.3 X199.46 Y175.119 E486.35245
G1 X200.54 Y175.119 E486.40616
G1 X201.597 Y175.378 E486.46027
G1 F400.7 X202.552 Y175.881 E486.51403
G1 F401.3 X203.367 Y176.603 E486.56817
G1 F402 X203.982 Y177.496 E486.62199
G1 F400.7 X204.367 Y178.508 E486.67592
G1 F402.7 X204.497 Y179.584 E486.72964
G1 F403.4 X204.367 Y180.664 E486.78345
G1 F402 X203.982 Y181.672 E486.83702
G1 F403.4 X203.368 Y182.566 E486.89067
G1 X202.553 Y183.289 E486.94458
G1 F401.3 X201.597 Y183.79 E486.99824
G1 F402 X200.54 Y184.051 E487.05229
;TIME_ELAPSED:676.810456
;LAYER:75
;note -- min layer time used
M204 S3000
M205 X10 Y10
;MESH:15_7_1.stl
G0 F6000 X200.54 Y184.051 Z16.29
M204 S1800
M205 X8 Y8
;TYPE:WALL-OUTER
G1 F404 X199.46 Y184.051 E487.10563
G1 F402.7 X198.402 Y183.79 E487.15964
G1 F400.7 X197.444 Y183.288 E487.21351
G1 F401.3 X196.629 Y182.565 E487.26768
G1 F402 X196.014 Y181.672 E487.3215
G1 F400.7 X195.629 Y180.664 E487.37525
G1 X195.501 Y179.584 E487.42941
G1 X195.629 Y178.508 E487.48338
G1 X196.014 Y177.496 E487.53731
G1 F401.3 X196.63 Y176.604 E487.59122
G1 F400 X197.444 Y175.882 E487.6455
G1 X198.402 Y175.378 E487.6995
G1 F401.3 X199.46 Y175.119 E487.75367
G1 X200.54 Y175.119 E487.80737
G1 X201.597 Y175.378 E487.86148
G1 F400.7 X202.552 Y175.881 E487.91524
G1 F401.3 X203.367 Y176.603 E487.96938
G1 F402 X203.982 Y177.496 E488.02321
G1 F400.7 X204.367 Y178.508 E488.07713
G1 F402.7 X204.497 Y179.584 E488.13085
G1 F403.4 X204.367 Y180.664 E488.18466
G1 F402 X203.982 Y181.672 E488.23823
G1 F403.4 X203.368 Y182.566 E488.29188
G1 X202.553 Y183.289 E488.34579
G1 F401.3 X201.597 Y183.79 E488.39945
G1 F402 X200.54 Y184.051 E488.4535
;TIME_ELAPSED:681.114248
;LAYER:76
;note -- min layer time used
M204 S3000
M205 X10 Y10
;MESH:15_7_1.stl
G0 F6000 X200.54 Y184.051 Z16.49
M204 S1800
M205 X8 Y8
;TYPE:WALL-OUTER
G1 F404 X199.46 Y184.051 E488.50684
G1 F402.7 X198.402 Y183.79 E488.56085
G1 F400.7 X197.444 Y183.288 E488.61472
G1 F401.3 X196.629 Y182.565 E488.66889
G1 F402 X196.014 Y181.672 E488.72271
G1 F400.7 X195.629 Y180.664 E488.77646
G1 X195.501 Y179.584 E488.83062
G1 X195.629 Y178.508 E488.88459
G1 X196.014 Y177.496 E488.93852
G1 F401.3 X196.63 Y176.604 E488.99243
G1 F400 X197.444 Y175.882 E489.04671
G1 X198.402 Y175.378 E489.10072
G1 F401.3 X199.46 Y175.119 E489.15488
G1 X200.54 Y175.119 E489.20858
G1 X201.597 Y175.378 E489.26269
G1 F400.7 X202.552 Y175.881 E489.31645
G1 F401.3 X203.367 Y176.603 E489.37059
G1 F402 X203.982 Y177.496 E489.42442
G1 F400.7 X204.367 Y178.508 E489.47835
G1 F402.7 X204.497 Y179.584 E489.53206
G1 F403.4 X204.367 Y180.664 E489.58588
G1 F402 X203.982 Y181.672 E489.63944
G1 F403.4 X203.368 Y182.566 E489.6931
G1 X202.553 Y183.289 E489.747
G1 F401.3 X201.597 Y183.79 E489.80067
G1 F402 X200.54 Y184.051 E489.85471
;TIME_ELAPSED:685.418040
;LAYER:77
;note -- min layer time used
M204 S3000
M205 X10 Y10
;MESH:15_7_1.stl
G0 F6000 X200.54 Y184.051 Z16.69
M204 S1800
M205 X8 Y8
;TYPE:WALL-OUTER
G1 F404 X199.46 Y184.051 E489.90805
G1 F402.7 X198.402 Y183.79 E489.96206
G1 F400.7 X197.444 Y183.288 E490.01593
G1 F401.3 X196.629 Y182.565 E490.0701
G1 F402 X196.014 Y181.672 E490.12392
G1 F400.7 X195.629 Y180.664 E490.17767
G1 X195.501 Y179.584 E490.23184
G1 X195.629 Y178.508 E490.28581
G1 X196.014 Y177.496 E490.33973
G1 F401.3 X196.63 Y176.604 E490.39364
G1 F400 X197.444 Y175.882 E490.44792
G1 X198.402 Y175.378 E490.50193
G1 F401.3 X199.46 Y175.119 E490.55609
G1 X200.54 Y175.119 E490.60979
G1 X201.597 Y175.378 E490.6639
G1 F400.7 X202.552 Y175.881 E490.71766
G1 F401.3 X203.367 Y176.603 E490.7718
G1 F402 X203.982 Y177.496 E490.82563
G1 F400.7 X204.367 Y178.508 E490.87956
G1 F402.7 X204.497 Y179.584 E490.93327
G1 F403.4 X204.367 Y180.664 E490.98709
G1 F402 X203.982 Y181.672 E491.04065
G1 F403.4 X203.368 Y182.566 E491.09431
G1 X202.553 Y183.289 E491.14821
G1 F401.3 X201.597 Y183.79 E491.20188
G1 F402 X200.54 Y184.051 E491.25592
;TIME_ELAPSED:689.721832
;LAYER:78
;note -- min layer time used
M204 S3000
M205 X10 Y10
;MESH:15_7_1.stl
G0 F6000 X200.54 Y184.051 Z16.89
M204 S1800
M205 X8 Y8
;TYPE:WALL-OUTER
G1 F404 X199.46 Y184.051 E491.30926
G1 F402.7 X198.402 Y183.79 E491.36327
G1 F400.7 X197.444 Y183.288 E491.41714
G1 F401.3 X196.629 Y182.565 E491.47131
G1 F402 X196.014 Y181.672 E491.52514
G1 F400.7 X195.629 Y180.664 E491.57888
G1 X195.501 Y179.584 E491.63305
G1 X195.629 Y178.508 E491.68702
G1 X196.014 Y177.496 E491.74095
G1 F401.3 X196.63 Y176.604 E491.79485
G1 F400 X197.444 Y175.882 E491.84913
G1 X198.402 Y175.378 E491.90314
G1 F401.3 X199.46 Y175.119 E491.9573
G1 X200.54 Y175.119 E492.011
G1 X201.597 Y175.378 E492.06511
G1 F400.7 X202.552 Y175.881 E492.11887
G1 F401.3 X203.367 Y176.603 E492.17301
G1 F402 X203.982 Y177.496 E492.22684
G1 F400.7 X204.367 Y178.508 E492.28077
G1 F402.7 X204.497 Y179.584 E492.33448
G1 F403.4 X204.367 Y180.664 E492.3883
G1 F402 X203.982 Y181.672 E492.44186
G1 F403.4 X203.368 Y182.566 E492.49552
G1 X202.553 Y183.289 E492.54942
G1 F401.3 X201.597 Y183.79 E492.60309
G1 F402 X200.54 Y184.051 E492.65713
;TIME_ELAPSED:694.025624
;LAYER:79
;note -- min layer time used
M204 S3000
M205 X10 Y10
;MESH:15_7_1.stl
G0 F6000 X200.54 Y184.051 Z17.09
M204 S1800
M205 X8 Y8
;TYPE:WALL-OUTER
G1 F404 X199.46 Y184.051 E492.71048
G1 F402.7 X198.402 Y183.79 E492.76448
G1 F400.7 X197.444 Y183.288 E492.81835
G1 F401.3 X196.629 Y182.565 E492.87252
G1 F402 X196.014 Y181.672 E492.92635
G1 F400.7 X195.629 Y180.664 E492.98009
G1 X195.501 Y179.584 E493.03426
G1 X195.629 Y178.508 E493.08823
G1 X196.014 Y177.496 E493.14216
G1 F401.3 X196.63 Y176.604 E493.19606
G1 F400 X197.444 Y175.882 E493.25034
G1 X198.402 Y175.378 E493.30435
G1 F401.3 X199.46 Y175.119 E493.35851
G1 X200.54 Y175.119 E493.41221
G1 X201.597 Y175.378 E493.46632
G1 F400.7 X202.552 Y175.881 E493.52008
G1 F401.3 X203.367 Y176.603 E493.57422
G1 F402 X203.982 Y177.496 E493.62805
G1 F400.7 X204.367 Y178.508 E493.68198
G1 F402.7 X204.497 Y179.584 E493.73569
G1 F403.4 X204.367 Y180.664 E493.78951
G1 F402 X203.982 Y181.672 E493.84307
G1 F403.4 X203.368 Y182.566 E493.89673
G1 X202.553 Y183.289 E493.95063
G1 F401.3 X201.597 Y183.79 E494.0043
G1 F402 X200.54 Y184.051 E494.05834
;TIME_ELAPSED:698.329416
;LAYER:80
;note -- min layer time used
M204 S3000
M205 X10 Y10
;MESH:15_7_1.stl
G0 F6000 X200.54 Y184.051 Z17.29
M204 S1800
M205 X8 Y8
;TYPE:WALL-OUTER
G1 F404 X199.46 Y184.051 E494.11169
G1 F402.7 X198.402 Y183.79 E494.16569
G1 F400.7 X197.444 Y183.288 E494.21956
G1 F401.3 X196.629 Y182.565 E494.27373
G1 F402 X196.014 Y181.672 E494.32756
G1 F400.7 X195.629 Y180.664 E494.3813
G1 X195.501 Y179.584 E494.43547
G1 X195.629 Y178.508 E494.48944
G1 X196.014 Y177.496 E494.54337
G1 F401.3 X196.63 Y176.604 E494.59727
G1 F400 X197.444 Y175.882 E494.65155
G1 X198.402 Y175.378 E494.70556
G1 F401.3 X199.46 Y175.119 E494.75972
G1 X200.54 Y175.119 E494.81342
G1 X201.597 Y175.378 E494.86753
G1 F400.7 X202.552 Y175.881 E494.9213
G1 F401.3 X203.367 Y176.603 E494.97544
G1 F402 X203.982 Y177.496 E495.02926
G1 F400.7 X204.367 Y178.508 E495.08319
G1 F402.7 X204.497 Y179.584 E495.1369
G1 F403.4 X204.367 Y180.664 E495.19072
G1 F402 X203.982 Y181.672 E495.24428
G1 F403.4 X203.368 Y182.566 E495.29794
G1 X202.553 Y183.289 E495.35184
G1 F401.3 X201.597 Y183.79 E495.40551
G1 F402 X200.54 Y184.051 E495.45955
;TIME_ELAPSED:702.633209
;LAYER:81
;note -- min layer time used
M204 S3000
M205 X10 Y10
;MESH:15_7_1.stl
G0 F6000 X200.54 Y184.051 Z17.49
M204 S1800
M205 X8 Y8
;TYPE:WALL-OUTER
G1 F404 X199.46 Y184.051 E495.5129
G1 F402.7 X198.402 Y183.79 E495.5669
G1 F400.7 X197.444 Y183.288 E495.62077
G1 F401.3 X196.629 Y182.565 E495.67494
G1 F402 X196.014 Y181.672 E495.72877
G1 F400.7 X195.629 Y180.664 E495.78251
G1 X195.501 Y179.584 E495.83668
G1 X195.629 Y178.508 E495.89065
G1 X196.014 Y177.496 E495.94458
G1 F401.3 X196.63 Y176.604 E495.99848
G1 F400 X197.444 Y175.882 E496.05276
G1 X198.402 Y175.378 E496.10677
G1 F401.3 X199.46 Y175.119 E496.16093
G1 X200.54 Y175.119 E496.21463
G1 X201.597 Y175.378 E496.26875
G1 F400.7 X202.552 Y175.881 E496.32251
G1 F401.3 X203.367 Y176.603 E496.37665
G1 F402 X203.982 Y177.496 E496.43047
G1 F400.7 X204.367 Y178.508 E496.4844
G1 F402.7 X204.497 Y179.584 E496.53811
G1 F403.4 X204.367 Y180.664 E496.59193
G1 F402 X203.982 Y181.672 E496.64549
G1 F403.4 X203.368 Y182.566 E496.69915
G1 X202.553 Y183.289 E496.75305
G1 F401.3 X201.597 Y183.79 E496.80672
G1 F402 X200.54 Y184.051 E496.86077
;TIME_ELAPSED:706.937001
;LAYER:82
;note -- min layer time used
M204 S3000
M205 X10 Y10
;MESH:15_7_1.stl
G0 F6000 X200.54 Y184.051 Z17.69
M204 S1800
M205 X8 Y8
;TYPE:WALL-OUTER
G1 F404 X199.46 Y184.051 E496.91411
G1 F402.7 X198.402 Y183.79 E496.96811
G1 F400.7 X197.444 Y183.288 E497.02198
G1 F401.3 X196.629 Y182.565 E497.07615
G1 F402 X196.014 Y181.672 E497.12998
G1 F400.7 X195.629 Y180.664 E497.18372
G1 X195.501 Y179.584 E497.23789
G1 X195.629 Y178.508 E497.29186
G1 X196.014 Y177.496 E497.34579
G1 F401.3 X196.63 Y176.604 E497.39969
G1 F400 X197.444 Y175.882 E497.45398
G1 X198.402 Y175.378 E497.50798
G1 F401.3 X199.46 Y175.119 E497.56214
G1 X200.54 Y175.119 E497.61584
G1 X201.597 Y175.378 E497.66996
G1 F400.7 X202.552 Y175.881 E497.72372
G1 F401.3 X203.367 Y176.603 E497.77786
G1 F402 X203.982 Y177.496 E497.83168
G1 F400.7 X204.367 Y178.508 E497.88561
G1 F402.7 X204.497 Y179.584 E497.93932
G1 F403.4 X204.367 Y180.664 E497.99314
G1 F402 X203.982 Y181.672 E498.0467
G1 F403.4 X203.368 Y182.566 E498.10036
G1 X202.553 Y183.289 E498.15426
G1 F401.3 X201.597 Y183.79 E498.20793
G1 F402 X200.54 Y184.051 E498.26198
;TIME_ELAPSED:711.240793
;LAYER:83
;note -- min layer time used
M204 S3000
M205 X10 Y10
;MESH:15_7_1.stl
G0 F6000 X200.54 Y184.051 Z17.89
M204 S1800
M205 X8 Y8
;TYPE:WALL-OUTER
G1 F404 X199.46 Y184.051 E498.31532
G1 F402.7 X198.402 Y183.79 E498.36932
G1 F400.7 X197.444 Y183.288 E498.42319
G1 F401.3 X196.629 Y182.565 E498.47737
G1 F402 X196.014 Y181.672 E498.53119
G1 F400.7 X195.629 Y180.664 E498.58493
G1 X195.501 Y179.584 E498.6391
G1 X195.629 Y178.508 E498.69307
G1 X196.014 Y177.496 E498.747
G1 F401.3 X196.63 Y176.604 E498.8009
G1 F400 X197.444 Y175.882 E498.85519
G1 X198.402 Y175.378 E498.90919
G1 F401.3 X199.46 Y175.119 E498.96335
G1 X200.54 Y175.119 E499.01705
G1 X201.597 Y175.378 E499.07117
G1 F400.7 X202.552 Y175.881 E499.12493
G1 F401.3 X203.367 Y176.603 E499.17907
G1 F402 X203.982 Y177.496 E499.23289
G1 F400.7 X204.367 Y178.508 E499.28682
G1 F402.7 X204.497 Y179.584 E499.34053
G1 F403.4 X204.367 Y180.664 E499.39435
G1 F402 X203.982 Y181.672 E499.44791
G1 F403.4 X203.368 Y182.566 E499.50157
G1 X202.553 Y183.289 E499.55547
G1 F401.3 X201.597 Y183.79 E499.60914
G1 F402 X200.54 Y184.051 E499.66319
;TIME_ELAPSED:715.544585
;LAYER:84
;note -- min layer time used
M204 S3000
M205 X10 Y10
;MESH:15_7_1.stl
G0 F6000 X200.54 Y184.051 Z18.09
M204 S1800
M205 X8 Y8
;TYPE:WALL-OUTER
G1 F404 X199.46 Y184.051 E499.71653
G1 F402.7 X198.402 Y183.79 E499.77053
G1 F400.7 X197.444 Y183.288 E499.8244
G1 F401.3 X196.629 Y182.565 E499.87858
G1 F402 X196.014 Y181.672 E499.9324
G1 F400.7 X195.629 Y180.664 E499.98614
G1 X195.501 Y179.584 E500.04031
G1 X195.629 Y178.508 E500.09428
G1 X196.014 Y177.496 E500.14821
G1 F401.3 X196.63 Y176.604 E500.20211
G1 F400 X197.444 Y175.882 E500.2564
G1 X198.402 Y175.378 E500.3104
G1 F401.3 X199.46 Y175.119 E500.36456
G1 X200.54 Y175.119 E500.41827
G1 X201.597 Y175.378 E500.47238
G1 F400.7 X202.552 Y175.881 E500.52614
G1 F401.3 X203.367 Y176.603 E500.58028
G1 F402 X203.982 Y177.496 E500.6341
G1 F400.7 X204.367 Y178.508 E500.68803
G1 F402.7 X204.497 Y179.584 E500.74174
G1 F403.4 X204.367 Y180.664 E500.79556
G1 F402 X203.982 Y181.672 E500.84913
G1 F403.4 X203.368 Y182.566 E500.90278
G1 X202.553 Y183.289 E500.95668
G1 F401.3 X201.597 Y183.79 E501.01035
G1 F402 X200.54 Y184.051 E501.0644
;TIME_ELAPSED:719.848377
;LAYER:85
;note -- min layer time used
M204 S3000
M205 X10 Y10
;MESH:15_7_1.stl
G0 F6000 X200.54 Y184.051 Z18.29
M204 S1800
M205 X8 Y8
;TYPE:WALL-OUTER
G1 F404 X199.46 Y184.051 E501.11774
G1 F402.7 X198.402 Y183.79 E501.17174
G1 F400.7 X197.444 Y183.288 E501.22561
G1 F401.3 X196.629 Y182.565 E501.27979
G1 F402 X196.014 Y181.672 E501.33361
G1 F400.7 X195.629 Y180.664 E501.38735
G1 X195.501 Y179.584 E501.44152
G1 X195.629 Y178.508 E501.49549
G1 X196.014 Y177.496 E501.54942
G1 F401.3 X196.63 Y176.604 E501.60332
G1 F400 X197.444 Y175.882 E501.65761
G1 X198.402 Y175.378 E501.71161
G1 F401.3 X199.46 Y175.119 E501.76577
G1 X200.54 Y175.119 E501.81948
G1 X201.597 Y175.378 E501.87359
G1 F400.7 X202.552 Y175.881 E501.92735
G1 F401.3 X203.367 Y176.603 E501.98149
G1 F402 X203.982 Y177.496 E502.03531
G1 F400.7 X204.367 Y178.508 E502.08924
G1 F402.7 X204.497 Y179.584 E502.14295
G1 F403.4 X204.367 Y180.664 E502.19677
G1 F402 X203.982 Y181.672 E502.25034
G1 F403.4 X203.368 Y182.566 E502.30399
G1 X202.553 Y183.289 E502.35789
G1 F401.3 X201.597 Y183.79 E502.41156
G1 F402 X200.54 Y184.051 E502.46561
;TIME_ELAPSED:724.152169
;LAYER:86
;note -- min layer time used
M204 S3000
M205 X10 Y10
;MESH:15_7_1.stl
G0 F6000 X200.54 Y184.051 Z18.49
M204 S1800
M205 X8 Y8
;TYPE:WALL-OUTER
G1 F404 X199.46 Y184.051 E502.51895
G1 F402.7 X198.402 Y183.79 E502.57296
G1 F400.7 X197.444 Y183.288 E502.62682
G1 F401.3 X196.629 Y182.565 E502.681
G1 F402 X196.014 Y181.672 E502.73482
G1 F400.7 X195.629 Y180.664 E502.78857
G1 X195.501 Y179.584 E502.84273
G1 X195.629 Y178.508 E502.8967
G1 X196.014 Y177.496 E502.95063
G1 F401.3 X196.63 Y176.604 E503.00453
G1 F400 X197.444 Y175.882 E503.05882
G1 X198.402 Y175.378 E503.11282
G1 F401.3 X199.46 Y175.119 E503.16699
G1 X200.54 Y175.119 E503.22069
G1 X201.597 Y175.378 E503.2748
G1 F400.7 X202.552 Y175.881 E503.32856
G1 F401.3 X203.367 Y176.603 E503.3827
G1 F402 X203.982 Y177.496 E503.43652
G1 F400.7 X204.367 Y178.508 E503.49045
G1 F402.7 X204.497 Y179.584 E503.54417
G1 F403.4 X204.367 Y180.664 E503.59798
G1 F402 X203.982 Y181.672 E503.65155
G1 F403.4 X203.368 Y182.566 E503.7052
G1 X202.553 Y183.289 E503.75911
G1 F401.3 X201.597 Y183.79 E503.81277
G1 F402 X200.54 Y184.051 E503.86682
;TIME_ELAPSED:728.455961
;LAYER:87
;note -- min layer time used
M204 S3000
M205 X10 Y10
;MESH:15_7_1.stl
G0 F6000 X200.54 Y184.051 Z18.69
M204 S1800
M205 X8 Y8
;TYPE:WALL-OUTER
G1 F404 X199.46 Y184.051 E503.92016
G1 F402.7 X198.402 Y183.79 E503.97417
G1 F400.7 X197.444 Y183.288 E504.02804
G1 F401.3 X196.629 Y182.565 E504.08221
G1 F402 X196.014 Y181.672 E504.13603
G1 F400.7 X195.629 Y180.664 E504.18978
G1 X195.501 Y179.584 E504.24394
G1 X195.629 Y178.508 E504.29791
G1 X196.014 Y177.496 E504.35184
G1 F401.3 X196.63 Y176.604 E504.40575
G1 F400 X197.444 Y175.882 E504.46003
G1 X198.402 Y175.378 E504.51403
G1 F401.3 X199.46 Y175.119 E504.5682
G1 X200.54 Y175.119 E504.6219
G1 X201.597 Y175.378 E504.67601
G1 F400.7 X202.552 Y175.881 E504.72977
G1 F401.3 X203.367 Y176.603 E504.78391
G1 F402 X203.982 Y177.496 E504.83774
G1 F400.7 X204.367 Y178.508 E504.89166
G1 F402.7 X204.497 Y179.584 E504.94538
G1 F403.4 X204.367 Y180.664 E504.99919
G1 F402 X203.982 Y181.672 E505.05276
G1 F403.4 X203.368 Y182.566 E505.10642
G1 X202.553 Y183.289 E505.16032
G1 F401.3 X201.597 Y183.79 E505.21398
G1 F402 X200.54 Y184.051 E505.26803
;TIME_ELAPSED:732.759754
;LAYER:88
;note -- min layer time used
M204 S3000
M205 X10 Y10
;MESH:15_7_1.stl
G0 F6000 X200.54 Y184.051 Z18.89
M204 S1800
M205 X8 Y8
;TYPE:WALL-OUTER
G1 F404 X199.46 Y184.051 E505.32137
G1 F402.7 X198.402 Y183.79 E505.37538
G1 F400.7 X197.444 Y183.288 E505.42925
G1 F401.3 X196.629 Y182.565 E505.48342
G1 F402 X196.014 Y181.672 E505.53724
G1 F400.7 X195.629 Y180.664 E505.59099
G1 X195.501 Y179.584 E505.64516
G1 X195.629 Y178.508 E505.69913
G1 X196.014 Y177.496 E505.75305
G1 F401.3 X196.63 Y176.604 E505.80696
G1 F400 X197.444 Y175.882 E505.86124
G1 X198.402 Y175.378 E505.91525
G1 F401.3 X199.46 Y175.119 E505.96941
G1 X200.54 Y175.119 E506.02311
G1 X201.597 Y175.378 E506.07722
G1 F400.7 X202.552 Y175.881 E506.13098
G1 F401.3 X203.367 Y176.603 E506.18512
G1 F402 X203.982 Y177.496 E506.23895
G1 F400.7 X204.367 Y178.508 E506.29288
G1 F402.7 X204.497 Y179.584 E506.34659
G1 F403.4 X204.367 Y180.664 E506.40041
G1 F402 X203.982 Y181.672 E506.45397
G1 F403.4 X203.368 Y182.566 E506.50763
G1 X202.553 Y183.289 E506.56153
G1 F401.3 X201.597 Y183.79 E506.6152
G1 F402 X200.54 Y184.051 E506.66924
;TIME_ELAPSED:737.063546
;LAYER:89
;note -- min layer time used
M204 S3000
M205 X10 Y10
;MESH:15_7_1.stl
G0 F6000 X200.54 Y184.051 Z19.09
M204 S1800
M205 X8 Y8
;TYPE:WALL-OUTER
G1 F404 X199.46 Y184.051 E506.72258
G1 F402.7 X198.402 Y183.79 E506.77659
G1 F400.7 X197.444 Y183.288 E506.83046
G1 F401.3 X196.629 Y182.565 E506.88463
G1 F402 X196.014 Y181.672 E506.93845
G1 F400.7 X195.629 Y180.664 E506.9922
G1 X195.501 Y179.584 E507.04637
G1 X195.629 Y178.508 E507.10034
G1 X196.014 Y177.496 E507.15427
G1 F401.3 X196.63 Y176.604 E507.20817
G1 F400 X197.444 Y175.882 E507.26245
G1 X198.402 Y175.378 E507.31646
G1 F401.3 X199.46 Y175.119 E507.37062
G1 X200.54 Y175.119 E507.42432
G1 X201.597 Y175.378 E507.47843
G1 F400.7 X202.552 Y175.881 E507.53219
G1 F401.3 X203.367 Y176.603 E507.58633
G1 F402 X203.982 Y177.496 E507.64016
G1 F400.7 X204.367 Y178.508 E507.69409
G1 F402.7 X204.497 Y179.584 E507.7478
G1 F403.4 X204.367 Y180.664 E507.80162
G1 F402 X203.982 Y181.672 E507.85518
G1 F403.4 X203.368 Y182.566 E507.90884
G1 X202.553 Y183.289 E507.96274
G1 F401.3 X201.597 Y183.79 E508.01641
G1 F402 X200.54 Y184.051 E508.07045
;TIME_ELAPSED:741.367338
;LAYER:90
;note -- min layer time used
M204 S3000
M205 X10 Y10
;MESH:15_7_1.stl
G0 F6000 X200.54 Y184.051 Z19.29
M204 S1800
M205 X8 Y8
;TYPE:WALL-OUTER
G1 F404 X199.46 Y184.051 E508.1238
G1 F402.7 X198.402 Y183.79 E508.1778
G1 F400.7 X197.444 Y183.288 E508.23167
G1 F401.3 X196.629 Y182.565 E508.28584
G1 F402 X196.014 Y181.672 E508.33967
G1 F400.7 X195.629 Y180.664 E508.39341
G1 X195.501 Y179.584 E508.44758
G1 X195.629 Y178.508 E508.50155
G1 X196.014 Y177.496 E508.55548
G1 F401.3 X196.63 Y176.604 E508.60938
G1 F400 X197.444 Y175.882 E508.66366
G1 X198.402 Y175.378 E508.71767
G1 F401.3 X199.46 Y175.119 E508.77183
G1 X200.54 Y175.119 E508.82553
G1 X201.597 Y175.378 E508.87964
G1 F400.7 X202.552 Y175.881 E508.9334
G1 F401.3 X203.367 Y176.603 E508.98754
G1 F402 X203.982 Y177.496 E509.04137
G1 F400.7 X204.367 Y178.508 E509.0953
G1 F402.7 X204.497 Y179.584 E509.14901
G1 F403.4 X204.367 Y180.664 E509.20283
G1 F402 X203.982 Y181.672 E509.25639
G1 F403.4 X203.368 Y182.566 E509.31005
G1 X202.553 Y183.289 E509.36395
G1 F401.3 X201.597 Y183.79 E509.41762
G1 F402 X200.54 Y184.051 E509.47166
;TIME_ELAPSED:745.671130
;LAYER:91
;note -- min layer time used
M204 S3000
M205 X10 Y10
;MESH:15_7_1.stl
G0 F6000 X200.54 Y184.051 Z19.49
M204 S1800
M205 X8 Y8
;TYPE:WALL-OUTER
G1 F404 X199.46 Y184.051 E509.52501
G1 F402.7 X198.402 Y183.79 E509.57901
G1 F400.7 X197.444 Y183.288 E509.63288
G1 F401.3 X196.629 Y182.565 E509.68705
G1 F402 X196.014 Y181.672 E509.74088
G1 F400.7 X195.629 Y180.664 E509.79462
G1 X195.501 Y179.584 E509.84879
G1 X195.629 Y178.508 E509.90276
G1 X196.014 Y177.496 E509.95669
G1 F401.3 X196.63 Y176.604 E510.01059
G1 F400 X197.444 Y175.882 E510.06487
G1 X198.402 Y175.378 E510.11888
G1 F401.3 X199.46 Y175.119 E510.17304
G1 X200.54 Y175.119 E510.22674
G1 X201.597 Y175.378 E510.28085
G1 F400.7 X202.552 Y175.881 E510.33461
G1 F401.3 X203.367 Y176.603 E510.38875
G1 F402 X203.982 Y177.496 E510.44258
G1 F400.7 X204.367 Y178.508 E510.49651
G1 F402.7 X204.497 Y179.584 E510.55022
G1 F403.4 X204.367 Y180.664 E510.60404
G1 F402 X203.982 Y181.672 E510.6576
G1 F403.4 X203.368 Y182.566 E510.71126
G1 X202.553 Y183.289 E510.76516
G1 F401.3 X201.597 Y183.79 E510.81883
G1 F402 X200.54 Y184.051 E510.87287
;TIME_ELAPSED:749.974922
;LAYER:92
;note -- min layer time used
M204 S3000
M205 X10 Y10
;MESH:15_7_1.stl
G0 F6000 X200.54 Y184.051 Z19.69
M204 S1800
M205 X8 Y8
;TYPE:WALL-OUTER
G1 F404 X199.46 Y184.051 E510.92622
G1 F402.7 X198.402 Y183.79 E510.98022
G1 F400.7 X197.444 Y183.288 E511.03409
G1 F401.3 X196.629 Y182.565 E511.08826
G1 F402 X196.014 Y181.672 E511.14209
G1 F400.7 X195.629 Y180.664 E511.19583
G1 X195.501 Y179.584 E511.25
G1 X195.629 Y178.508 E511.30397
G1 X196.014 Y177.496 E511.3579
G1 F401.3 X196.63 Y176.604 E511.4118
G1 F400 X197.444 Y175.882 E511.46608
G1 X198.402 Y175.378 E511.52009
G1 F401.3 X199.46 Y175.119 E511.57425
G1 X200.54 Y175.119 E511.62795
G1 X201.597 Y175.378 E511.68207
G1 F400.7 X202.552 Y175.881 E511.73583
G1 F401.3 X203.367 Y176.603 E511.78997
G1 F402 X203.982 Y177.496 E511.84379
G1 F400.7 X204.367 Y178.508 E511.89772
G1 F402.7 X204.497 Y179.584 E511.95143
G1 F403.4 X204.367 Y180.664 E512.00525
G1 F402 X203.982 Y181.672 E512.05881
G1 F403.4 X203.368 Y182.566 E512.11247
G1 X202.553 Y183.289 E512.16637
G1 F401.3 X201.597 Y183.79 E512.22004
G1 F402 X200.54 Y184.051 E512.27409
;TIME_ELAPSED:754.278714
;LAYER:93
;note -- min layer time used
M204 S3000
M205 X10 Y10
;MESH:15_7_1.stl
G0 F6000 X200.54 Y184.051 Z19.89
M204 S1800
M205 X8 Y8
;TYPE:WALL-OUTER
G1 F404 X199.46 Y184.051 E512.32743
G1 F402.7 X198.402 Y183.79 E512.38143
G1 F400.7 X197.444 Y183.288 E512.4353
G1 F401.3 X196.629 Y182.565 E512.48947
G1 F402 X196.014 Y181.672 E512.5433
G1 F400.7 X195.629 Y180.664 E512.59704
G1 X195.501 Y179.584 E512.65121
G1 X195.629 Y178.508 E512.70518
G1 X196.014 Y177.496 E512.75911
G1 F401.3 X196.63 Y176.604 E512.81301
G1 F400 X197.444 Y175.882 E512.86729
G1 X198.402 Y175.378 E512.9213
G1 F401.3 X199.46 Y175.119 E512.97546
G1 X200.54 Y175.119 E513.02916
G1 X201.597 Y175.378 E513.08328
G1 F400.7 X202.552 Y175.881 E513.13704
G1 F401.3 X203.367 Y176.603 E513.19118
G1 F402 X203.982 Y177.496 E513.245
G1 F400.7 X204.367 Y178.508 E513.29893
G1 F402.7 X204.497 Y179.584 E513.35264
G1 F403.4 X204.367 Y180.664 E513.40646
G1 F402 X203.982 Y181.672 E513.46002
G1 F403.4 X203.368 Y182.566 E513.51368
G1 X202.553 Y183.289 E513.56758
G1 F401.3 X201.597 Y183.79 E513.62125
G1 F402 X200.54 Y184.051 E513.6753
;TIME_ELAPSED:758.582507
;LAYER:94
;note -- min layer time used
M204 S3000
M205 X10 Y10
;MESH:15_7_1.stl
G0 F6000 X200.54 Y184.051 Z20.09
M204 S1800
M205 X8 Y8
;TYPE:WALL-OUTER
G1 F404 X199.46 Y184.051 E513.72864
G1 F402.7 X198.402 Y183.79 E513.78264
G1 F400.7 X197.444 Y183.288 E513.83651
G1 F401.3 X196.629 Y182.565 E513.89068
G1 F402 X196.014 Y181.672 E513.94451
G1 F400.7 X195.629 Y180.664 E513.99825
G1 X195.501 Y179.584 E514.05242
G1 X195.629 Y178.508 E514.10639
G1 X196.014 Y177.496 E514.16032
G1 F401.3 X196.63 Y176.604 E514.21422
G1 F400 X197.444 Y175.882 E514.26851
G1 X198.402 Y175.378 E514.32251
G1 F401.3 X199.46 Y175.119 E514.37667
G1 X200.54 Y175.119 E514.43037
G1 X201.597 Y175.378 E514.48449
G1 F400.7 X202.552 Y175.881 E514.53825
G1 F401.3 X203.367 Y176.603 E514.59239
G1 F402 X203.982 Y177.496 E514.64621
G1 F400.7 X204.367 Y178.508 E514.70014
G1 F402.7 X204.497 Y179.584 E514.75385
G1 F403.4 X204.367 Y180.664 E514.80767
G1 F402 X203.982 Y181.672 E514.86123
G1 F403.4 X203.368 Y182.566 E514.91489
G1 X202.553 Y183.289 E514.96879
G1 F401.3 X201.597 Y183.79 E515.02246
G1 F402 X200.54 Y184.051 E515.07651
;TIME_ELAPSED:762.886299
;LAYER:95
;note -- min layer time used
M204 S3000
M205 X10 Y10
;MESH:15_7_1.stl
G0 F6000 X200.54 Y184.051 Z20.29
M204 S1800
M205 X8 Y8
;TYPE:WALL-OUTER
G1 F404 X199.46 Y184.051 E515.12985
G1 F402.7 X198.402 Y183.79 E515.18385
G1 F400.7 X197.444 Y183.288 E515.23772
G1 F401.3 X196.629 Y182.565 E515.2919
G1 F402 X196.014 Y181.672 E515.34572
G1 F400.7 X195.629 Y180.664 E515.39946
G1 X195.501 Y179.584 E515.45363
G1 X195.629 Y178.508 E515.5076
G1 X196.014 Y177.496 E515.56153
G1 F401.3 X196.63 Y176.604 E515.61543
G1 F400 X197.444 Y175.882 E515.66972
G1 X198.402 Y175.378 E515.72372
G1 F401.3 X199.46 Y175.119 E515.77788
G1 X200.54 Y175.119 E515.83158
G1 X201.597 Y175.378 E515.8857
G1 F400.7 X202.552 Y175.881 E515.93946
G1 F401.3 X203.367 Y176.603 E515.9936
G1 F402 X203.982 Y177.496 E516.04742
G1 F400.7 X204.367 Y178.508 E516.10135
G1 F402.7 X204.497 Y179.584 E516.15506
G1 F403.4 X204.367 Y180.664 E516.20888
G1 F402 X203.982 Y181.672 E516.26245
G1 F403.4 X203.368 Y182.566 E516.3161
G1 X202.553 Y183.289 E516.37
G1 F401.3 X201.597 Y183.79 E516.42367
G1 F402 X200.54 Y184.051 E516.47772
;TIME_ELAPSED:767.190091
;LAYER:96
;note -- min layer time used
M204 S3000
M205 X10 Y10
;MESH:15_7_1.stl
G0 F6000 X200.54 Y184.051 Z20.49
M204 S1800
M205 X8 Y8
;TYPE:WALL-OUTER
G1 F404 X199.46 Y184.051 E516.53106
G1 F402.7 X198.402 Y183.79 E516.58506
G1 F400.7 X197.444 Y183.288 E516.63893
G1 F401.3 X196.629 Y182.565 E516.69311
G1 F402 X196.014 Y181.672 E516.74693
G1 F400.7 X195.629 Y180.664 E516.80067
G1 X195.501 Y179.584 E516.85484
G1 X195.629 Y178.508 E516.90881
G1 X196.014 Y177.496 E516.96274
G1 F401.3 X196.63 Y176.604 E517.01664
G1 F400 X197.444 Y175.882 E517.07093
G1 X198.402 Y175.378 E517.12493
G1 F401.3 X199.46 Y175.119 E517.17909
G1 X200.54 Y175.119 E517.2328
G1 X201.597 Y175.378 E517.28691
G1 F400.7 X202.552 Y175.881 E517.34067
G1 F401.3 X203.367 Y176.603 E517.39481
G1 F402 X203.982 Y177.496 E517.44863
G1 F400.7 X204.367 Y178.508 E517.50256
G1 F402.7 X204.497 Y179.584 E517.55627
G1 F403.4 X204.367 Y180.664 E517.61009
G1 F402 X203.982 Y181.672 E517.66366
G1 F403.4 X203.368 Y182.566 E517.71731
G1 X202.553 Y183.289 E517.77121
G1 F401.3 X201.597 Y183.79 E517.82488
G1 F402 X200.54 Y184.051 E517.87893
;TIME_ELAPSED:771.493883
;LAYER:97
;note -- min layer time used
M204 S3000
M205 X10 Y10
;MESH:15_7_1.stl
G0 F6000 X200.54 Y184.051 Z20.69
M204 S1800
M205 X8 Y8
;TYPE:WALL-OUTER
G1 F404 X199.46 Y184.051 E517.93227
G1 F402.7 X198.402 Y183.79 E517.98628
G1 F400.7 X197.444 Y183.288 E518.04014
G1 F401.3 X196.629 Y182.565 E518.09432
G1 F402 X196.014 Y181.672 E518.14814
G1 F400.7 X195.629 Y180.664 E518.20188
G1 X195.501 Y179.584 E518.25605
G1 X195.629 Y178.508 E518.31002
G1 X196.014 Y177.496 E518.36395
G1 F401.3 X196.63 Y176.604 E518.41785
G1 F400 X197.444 Y175.882 E518.47214
G1 X198.402 Y175.378 E518.52614
G1 F401.3 X199.46 Y175.119 E518.5803
G1 X200.54 Y175.119 E518.63401
G1 X201.597 Y175.378 E518.68812
G1 F400.7 X202.552 Y175.881 E518.74188
G1 F401.3 X203.367 Y176.603 E518.79602
G1 F402 X203.982 Y177.496 E518.84984
G1 F400.7 X204.367 Y178.508 E518.90377
G1 F402.7 X204.497 Y179.584 E518.95749
G1 F403.4 X204.367 Y180.664 E519.0113
G1 F402 X203.982 Y181.672 E519.06487
G1 F403.4 X203.368 Y182.566 E519.11852
G1 X202.553 Y183.289 E519.17243
G1 F401.3 X201.597 Y183.79 E519.22609
G1 F402 X200.54 Y184.051 E519.28014
;TIME_ELAPSED:775.797675
;LAYER:98
;note -- min layer time used
M204 S3000
M205 X10 Y10
;MESH:15_7_1.stl
G0 F6000 X200.54 Y184.051 Z20.89
M204 S1800
M205 X8 Y8
;TYPE:WALL-OUTER
G1 F404 X199.46 Y184.051 E519.33348
G1 F402.7 X198.402 Y183.79 E519.38749
G1 F400.7 X197.444 Y183.288 E519.44136
G1 F401.3 X196.629 Y182.565 E519.49553
G1 F402 X196.014 Y181.672 E519.54935
G1 F400.7 X195.629 Y180.664 E519.6031
G1 X195.501 Y179.584 E519.65726
G1 X195.629 Y178.508 E519.71123
G1 X196.014 Y177.496 E519.76516
G1 F401.3 X196.63 Y176.604 E519.81907
G1 F400 X197.444 Y175.882 E519.87335
G1 X198.402 Y175.378 E519.92735
G1 F401.3 X199.46 Y175.119 E519.98152
G1 X200.54 Y175.119 E520.03522
G1 X201.597 Y175.378 E520.08933
G1 F400.7 X202.552 Y175.881 E520.14309
G1 F401.3 X203.367 Y176.603 E520.19723
G1 F402 X203.982 Y177.496 E520.25106
G1 F400.7 X204.367 Y178.508 E520.30498
G1 F402.7 X204.497 Y179.584 E520.3587
G1 F403.4 X204.367 Y180.664 E520.41251
G1 F402 X203.982 Y181.672 E520.46608
G1 F403.4 X203.368 Y182.566 E520.51973
G1 X202.553 Y183.289 E520.57364
G1 F401.3 X201.597 Y183.79 E520.6273
G1 F402 X200.54 Y184.051 E520.68135
;TIME_ELAPSED:780.101467
;LAYER:99
;note -- min layer time used
M204 S3000
M205 X10 Y10
;MESH:15_7_1.stl
G0 F6000 X200.54 Y184.051 Z21.09
M204 S1800
M205 X8 Y8
;TYPE:WALL-OUTER
G1 F404 X199.46 Y184.051 E520.73469
G1 F402.7 X198.402 Y183.79 E520.7887
G1 F400.7 X197.444 Y183.288 E520.84257
G1 F401.3 X196.629 Y182.565 E520.89674
G1 F402 X196.014 Y181.672 E520.95056
G1 F400.7 X195.629 Y180.664 E521.00431
G1 X195.501 Y179.584 E521.05847
G1 X195.629 Y178.508 E521.11244
G1 X196.014 Y177.496 E521.16637
G1 F401.3 X196.63 Y176.604 E521.22028
G1 F400 X197.444 Y175.882 E521.27456
G1 X198.402 Y175.378 E521.32857
G1 F401.3 X199.46 Y175.119 E521.38273
G1 X200.54 Y175.119 E521.43643
G1 X201.597 Y175.378 E521.49054
G1 F400.7 X202.552 Y175.881 E521.5443
G1 F401.3 X203.367 Y176.603 E521.59844
G1 F402 X203.982 Y177.496 E521.65227
G1 F400.7 X204.367 Y178.508 E521.7062
G1 F402.7 X204.497 Y179.584 E521.75991
G1 F403.4 X204.367 Y180.664 E521.81373
G1 F402 X203.982 Y181.672 E521.86729
G1 F403.4 X203.368 Y182.566 E521.92095
G1 X202.553 Y183.289 E521.97485
G1 F401.3 X201.597 Y183.79 E522.02851
G1 F402 X200.54 Y184.051 E522.08256
;TIME_ELAPSED:784.405260
;LAYER:100
;note -- min layer time used
M204 S3000
M205 X10 Y10
;MESH:15_7_1.stl
G0 F6000 X200.54 Y184.051 Z21.29
M204 S1800
M205 X8 Y8
;TYPE:WALL-OUTER
G1 F404 X199.46 Y184.051 E522.1359
G1 F402.7 X198.402 Y183.79 E522.18991
G1 F400.7 X197.444 Y183.288 E522.24378
G1 F401.3 X196.629 Y182.565 E522.29795
G1 F402 X196.014 Y181.672 E522.35177
G1 F400.7 X195.629 Y180.664 E522.40552
G1 X195.501 Y179.584 E522.45969
G1 X195.629 Y178.508 E522.51366
G1 X196.014 Y177.496 E522.56758
G1 F401.3 X196.63 Y176.604 E522.62149
G1 F400 X197.444 Y175.882 E522.67577
G1 X198.402 Y175.378 E522.72978
G1 F401.3 X199.46 Y175.119 E522.78394
G1 X200.54 Y175.119 E522.83764
G1 X201.597 Y175.378 E522.89175
G1 F400.7 X202.552 Y175.881 E522.94551
G1 F401.3 X203.367 Y176.603 E522.99965
G1 F402 X203.982 Y177.496 E523.05348
G1 F400.7 X204.367 Y178.508 E523.10741
G1 F402.7 X204.497 Y179.584 E523.16112
G1 F403.4 X204.367 Y180.664 E523.21494
G1 F402 X203.982 Y181.672 E523.2685
G1 F403.4 X203.368 Y182.566 E523.32216
G1 X202.553 Y183.289 E523.37606
G1 F401.3 X201.597 Y183.79 E523.42973
G1 F402 X200.54 Y184.051 E523.48377
;TIME_ELAPSED:788.709052
;LAYER:101
;note -- min layer time used
M204 S3000
M205 X10 Y10
;MESH:15_7_1.stl
G0 F6000 X200.54 Y184.051 Z21.49
M204 S1800
M205 X8 Y8
;TYPE:WALL-OUTER
G1 F404 X199.46 Y184.051 E523.53711
G1 F402.7 X198.402 Y183.79 E523.59112
G1 F400.7 X197.444 Y183.288 E523.64499
G1 F401.3 X196.629 Y182.565 E523.69916
G1 F402 X196.014 Y181.672 E523.75299
G1 F400.7 X195.629 Y180.664 E523.80673
G1 X195.501 Y179.584 E523.8609
G1 X195.629 Y178.508 E523.91487
G1 X196.014 Y177.496 E523.9688
G1 F401.3 X196.63 Y176.604 E524.0227
G1 F400 X197.444 Y175.882 E524.07698
G1 X198.402 Y175.378 E524.13099
G1 F401.3 X199.46 Y175.119 E524.18515
G1 X200.54 Y175.119 E524.23885
G1 X201.597 Y175.378 E524.29296
G1 F400.7 X202.552 Y175.881 E524.34672
G1 F401.3 X203.367 Y176.603 E524.40086
G1 F402 X203.982 Y177.496 E524.45469
G1 F400.7 X204.367 Y178.508 E524.50862
G1 F402.7 X204.497 Y179.584 E524.56233
G1 F403.4 X204.367 Y180.664 E524.61615
G1 F402 X203.982 Y181.672 E524.66971
G1 F403.4 X203.368 Y182.566 E524.72337
G1 X202.553 Y183.289 E524.77727
G1 F401.3 X201.597 Y183.79 E524.83094
G1 F402 X200.54 Y184.051 E524.88498
;TIME_ELAPSED:793.012844
;LAYER:102
;note -- min layer time used
M204 S3000
M205 X10 Y10
;MESH:15_7_1.stl
G0 F6000 X200.54 Y184.051 Z21.69
M204 S1800
M205 X8 Y8
;TYPE:WALL-OUTER
G1 F404 X199.46 Y184.051 E524.93833
G1 F402.7 X198.402 Y183.79 E524.99233
G1 F400.7 X197.444 Y183.288 E525.0462
G1 F401.3 X196.629 Y182.565 E525.10037
G1 F402 X196.014 Y181.672 E525.1542
G1 F400.7 X195.629 Y180.664 E525.20794
G1 X195.501 Y179.584 E525.26211
G1 X195.629 Y178.508 E525.31608
G1 X196.014 Y177.496 E525.37001
G1 F401.3 X196.63 Y176.604 E525.42391
G1 F400 X197.444 Y175.882 E525.47819
G1 X198.402 Y175.378 E525.5322
G1 F401.3 X199.46 Y175.119 E525.58636
G1 X200.54 Y175.119 E525.64006
G1 X201.597 Y175.378 E525.69417
G1 F400.7 X202.552 Y175.881 E525.74793
G1 F401.3 X203.367 Y176.603 E525.80207
G1 F402 X203.982 Y177.496 E525.8559
G1 F400.7 X204.367 Y178.508 E525.90983
G1 F402.7 X204.497 Y179.584 E525.96354
G1 F403.4 X204.367 Y180.664 E526.01736
G1 F402 X203.982 Y181.672 E526.07092
G1 F403.4 X203.368 Y182.566 E526.12458
G1 X202.553 Y183.289 E526.17848
G1 F401.3 X201.597 Y183.79 E526.23215
G1 F402 X200.54 Y184.051 E526.28619
;TIME_ELAPSED:797.316636
;LAYER:103
;note -- min layer time used
M204 S3000
M205 X10 Y10
;MESH:15_7_1.stl
G0 F6000 X200.54 Y184.051 Z21.89
M204 S1800
M205 X8 Y8
;TYPE:WALL-OUTER
G1 F404 X199.46 Y184.051 E526.33954
G1 F402.7 X198.402 Y183.79 E526.39354
G1 F400.7 X197.444 Y183.288 E526.44741
G1 F401.3 X196.629 Y182.565 E526.50158
G1 F402 X196.014 Y181.672 E526.55541
G1 F400.7 X195.629 Y180.664 E526.60915
G1 X195.501 Y179.584 E526.66332
G1 X195.629 Y178.508 E526.71729
G1 X196.014 Y177.496 E526.77122
G1 F401.3 X196.63 Y176.604 E526.82512
G1 F400 X197.444 Y175.882 E526.8794
G1 X198.402 Y175.378 E526.93341
G1 F401.3 X199.46 Y175.119 E526.98757
G1 X200.54 Y175.119 E527.04127
G1 X201.597 Y175.378 E527.09538
G1 F400.7 X202.552 Y175.881 E527.14914
G1 F401.3 X203.367 Y176.603 E527.20328
G1 F402 X203.982 Y177.496 E527.25711
G1 F400.7 X204.367 Y178.508 E527.31104
G1 F402.7 X204.497 Y179.584 E527.36475
G1 F403.4 X204.367 Y180.664 E527.41857
G1 F402 X203.982 Y181.672 E527.47213
G1 F403.4 X203.368 Y182.566 E527.52579
G1 X202.553 Y183.289 E527.57969
G1 F401.3 X201.597 Y183.79 E527.63336
G1 F402 X200.54 Y184.051 E527.6874
;TIME_ELAPSED:801.620428
;LAYER:104
;note -- min layer time used
M204 S3000
M205 X10 Y10
;MESH:15_7_1.stl
G0 F6000 X200.54 Y184.051 Z22.09
M204 S1800
M205 X8 Y8
;TYPE:WALL-OUTER
G1 F404 X199.46 Y184.051 E527.74075
G1 F402.7 X198.402 Y183.79 E527.79475
G1 F400.7 X197.444 Y183.288 E527.84862
G1 F401.3 X196.629 Y182.565 E527.90279
G1 F402 X196.014 Y181.672 E527.95662
G1 F400.7 X195.629 Y180.664 E528.01036
G1 X195.501 Y179.584 E528.06453
G1 X195.629 Y178.508 E528.1185
G1 X196.014 Y177.496 E528.17243
G1 F401.3 X196.63 Y176.604 E528.22633
G1 F400 X197.444 Y175.882 E528.28061
G1 X198.402 Y175.378 E528.33462
G1 F401.3 X199.46 Y175.119 E528.38878
G1 X200.54 Y175.119 E528.44248
G1 X201.597 Y175.378 E528.4966
G1 F400.7 X202.552 Y175.881 E528.55036
G1 F401.3 X203.367 Y176.603 E528.6045
G1 F402 X203.982 Y177.496 E528.65832
G1 F400.7 X204.367 Y178.508 E528.71225
G1 F402.7 X204.497 Y179.584 E528.76596
G1 F403.4 X204.367 Y180.664 E528.81978
G1 F402 X203.982 Y181.672 E528.87334
G1 F403.4 X203.368 Y182.566 E528.927
G1 X202.553 Y183.289 E528.9809
G1 F401.3 X201.597 Y183.79 E529.03457
G1 F402 X200.54 Y184.051 E529.08862
;TIME_ELAPSED:805.924220
;LAYER:105
;note -- min layer time used
M204 S3000
M205 X10 Y10
;MESH:15_7_1.stl
G0 F6000 X200.54 Y184.051 Z22.29
M204 S1800
M205 X8 Y8
;TYPE:WALL-OUTER
G1 F404 X199.46 Y184.051 E529.14196
G1 F402.7 X198.402 Y183.79 E529.19596
G1 F400.7 X197.444 Y183.288 E529.24983
G1 F401.3 X196.629 Y182.565 E529.304
G1 F402 X196.014 Y181.672 E529.35783
G1 F400.7 X195.629 Y180.664 E529.41157
G1 X195.501 Y179.584 E529.46574
G1 X195.629 Y178.508 E529.51971
G1 X196.014 Y177.496 E529.57364
G1 F401.3 X196.63 Y176.604 E529.62754
G1 F400 X197.444 Y175.882 E529.68182
G1 X198.402 Y175.378 E529.73583
G1 F401.3 X199.46 Y175.119 E529.78999
G1 X200.54 Y175.119 E529.84369
G1 X201.597 Y175.378 E529.89781
G1 F400.7 X202.552 Y175.881 E529.95157
G1 F401.3 X203.367 Y176.603 E530.00571
G1 F402 X203.982 Y177.496 E530.05953
G1 F400.7 X204.367 Y178.508 E530.11346
G1 F402.7 X204.497 Y179.584 E530.16717
G1 F403.4 X204.367 Y180.664 E530.22099
G1 F402 X203.982 Y181.672 E530.27455
G1 F403.4 X203.368 Y182.566 E530.32821
G1 X202.553 Y183.289 E530.38211
G1 F401.3 X201.597 Y183.79 E530.43578
G1 F402 X200.54 Y184.051 E530.48983
;TIME_ELAPSED:810.228013
;LAYER:106
;note -- min layer time used
M204 S3000
M205 X10 Y10
;MESH:15_7_1.stl
G0 F6000 X200.54 Y184.051 Z22.49
M204 S1800
M205 X8 Y8
;TYPE:WALL-OUTER
G1 F404 X199.46 Y184.051 E530.54317
G1 F402.7 X198.402 Y183.79 E530.59717
G1 F400.7 X197.444 Y183.288 E530.65104
G1 F401.3 X196.629 Y182.565 E530.70521
G1 F402 X196.014 Y181.672 E530.75904
G1 F400.7 X195.629 Y180.664 E530.81278
G1 X195.501 Y179.584 E530.86695
G1 X195.629 Y178.508 E530.92092
G1 X196.014 Y177.496 E530.97485
G1 F401.3 X196.63 Y176.604 E531.02875
G1 F400 X197.444 Y175.882 E531.08304
G1 X198.402 Y175.378 E531.13704
G1 F401.3 X199.46 Y175.119 E531.1912
G1 X200.54 Y175.119 E531.2449
G1 X201.597 Y175.378 E531.29902
G1 F400.7 X202.552 Y175.881 E531.35278
G1 F401.3 X203.367 Y176.603 E531.40692
G1 F402 X203.982 Y177.496 E531.46074
G1 F400.7 X204.367 Y178.508 E531.51467
G1 F402.7 X204.497 Y179.584 E531.56838
G1 F403.4 X204.367 Y180.664 E531.6222
G1 F402 X203.982 Y181.672 E531.67576
G1 F403.4 X203.368 Y182.566 E531.72942
G1 X202.553 Y183.289 E531.78332
G1 F401.3 X201.597 Y183.79 E531.83699
G1 F402 X200.54 Y184.051 E531.89104
;TIME_ELAPSED:814.531805
;LAYER:107
;note -- min layer time used
M204 S3000
M205 X10 Y10
;MESH:15_7_1.stl
G0 F6000 X200.54 Y184.051 Z22.69
M204 S1800
M205 X8 Y8
;TYPE:WALL-OUTER
G1 F404 X199.46 Y184.051 E531.94438
G1 F402.7 X198.402 Y183.79 E531.99838
G1 F400.7 X197.444 Y183.288 E532.05225
G1 F401.3 X196.629 Y182.565 E532.10643
G1 F402 X196.014 Y181.672 E532.16025
G1 F400.7 X195.629 Y180.664 E532.21399
G1 X195.501 Y179.584 E532.26816
G1 X195.629 Y178.508 E532.32213
G1 X196.014 Y177.496 E532.37606
G1 F401.3 X196.63 Y176.604 E532.42996
G1 F400 X197.444 Y175.882 E532.48425
G1 X198.402 Y175.378 E532.53825
G1 F401.3 X199.46 Y175.119 E532.59241
G1 X200.54 Y175.119 E532.64612
G1 X201.597 Y175.378 E532.70023
G1 F400.7 X202.552 Y175.881 E532.75399
G1 F401.3 X203.367 Y176.603 E532.80813
G1 F402 X203.982 Y177.496 E532.86195
G1 F400.7 X204.367 Y178.508 E532.91588
G1 F402.7 X204.497 Y179.584 E532.96959
G1 F403.4 X204.367 Y180.664 E533.02341
G1 F402 X203.982 Y181.672 E533.07698
G1 F403.4 X203.368 Y182.566 E533.13063
G1 X202.553 Y183.289 E533.18453
G1 F401.3 X201.597 Y183.79 E533.2382
G1 F402 X200.54 Y184.051 E533.29225
;TIME_ELAPSED:818.835597
;LAYER:108
;note -- min layer time used
M204 S3000
M205 X10 Y10
;MESH:15_7_1.stl
G0 F6000 X200.54 Y184.051 Z22.89
M204 S1800
M205 X8 Y8
;TYPE:WALL-OUTER
G1 F404 X199.46 Y184.051 E533.34559
G1 F402.7 X198.402 Y183.79 E533.39959
G1 F400.7 X197.444 Y183.288 E533.45346
G1 F401.3 X196.629 Y182.565 E533.50764
G1 F402 X196.014 Y181.672 E533.56146
G1 F400.7 X195.629 Y180.664 E533.6152
G1 X195.501 Y179.584 E533.66937
G1 X195.629 Y178.508 E533.72334
G1 X196.014 Y177.496 E533.77727
G1 F401.3 X196.63 Y176.604 E533.83117
G1 F400 X197.444 Y175.882 E533.88546
G1 X198.402 Y175.378 E533.93946
G1 F401.3 X199.46 Y175.119 E533.99362
G1 X200.54 Y175.119 E534.04733
G1 X201.597 Y175.378 E534.10144
G1 F400.7 X202.552 Y175.881 E534.1552
G1 F401.3 X203.367 Y176.603 E534.20934
G1 F402 X203.982 Y177.496 E534.26316
G1 F400.7 X204.367 Y178.508 E534.31709
G1 F402.7 X204.497 Y179.584 E534.3708
G1 F403.4 X204.367 Y180.664 E534.42462
G1 F402 X203.982 Y181.672 E534.47819
G1 F403.4 X203.368 Y182.566 E534.53184
G1 X202.553 Y183.289 E534.58574
G1 F401.3 X201.597 Y183.79 E534.63941
G1 F402 X200.54 Y184.051 E534.69346
;TIME_ELAPSED:823.139389
;LAYER:109
;note -- min layer time used
M204 S3000
M205 X10 Y10
;MESH:15_7_1.stl
G0 F6000 X200.54 Y184.051 Z23.09
M204 S1800
M205 X8 Y8
;TYPE:WALL-OUTER
G1 F404 X199.46 Y184.051 E534.7468
G1 F402.7 X198.402 Y183.79 E534.80081
G1 F400.7 X197.444 Y183.288 E534.85467
G1 F401.3 X196.629 Y182.565 E534.90885
G1 F402 X196.014 Y181.672 E534.96267
G1 F400.7 X195.629 Y180.664 E535.01642
G1 X195.501 Y179.584 E535.07058
G1 X195.629 Y178.508 E535.12455
G1 X196.014 Y177.496 E535.17848
G1 F401.3 X196.63 Y176.604 E535.23238
G1 F400 X197.444 Y175.882 E535.28667
G1 X198.402 Y175.378 E535.34067
G1 F401.3 X199.46 Y175.119 E535.39484
G1 X200.54 Y175.119 E535.44854
G1 X201.597 Y175.378 E535.50265
G1 F400.7 X202.552 Y175.881 E535.55641
G1 F401.3 X203.367 Y176.603 E535.61055
G1 F402 X203.982 Y177.496 E535.66437
G1 F400.7 X204.367 Y178.508 E535.7183
G1 F402.7 X204.497 Y179.584 E535.77202
G1 F403.4 X204.367 Y180.664 E535.82583
G1 F402 X203.982 Y181.672 E535.8794
G1 F403.4 X203.368 Y182.566 E535.93305
G1 X202.553 Y183.289 E535.98696
G1 F401.3 X201.597 Y183.79 E536.04062
G1 F402 X200.54 Y184.051 E536.09467
;TIME_ELAPSED:827.443181
;LAYER:110
;note -- min layer time used
M204 S3000
M205 X10 Y10
;MESH:15_7_1.stl
G0 F6000 X200.54 Y184.051 Z23.29
M204 S1800
M205 X8 Y8
;TYPE:WALL-OUTER
G1 F404 X199.46 Y184.051 E536.14801
G1 F402.7 X198.402 Y183.79 E536.20202
G1 F400.7 X197.444 Y183.288 E536.25589
G1 F401.3 X196.629 Y182.565 E536.31006
G1 F402 X196.014 Y181.672 E536.36388
G1 F400.7 X195.629 Y180.664 E536.41763
G1 X195.501 Y179.584 E536.47179
G1 X195.629 Y178.508 E536.52576
G1 X196.014 Y177.496 E536.57969
G1 F401.3 X196.63 Y176.604 E536.6336
G1 F400 X197.444 Y175.882 E536.68788
G1 X198.402 Y175.378 E536.74188
G1 F401.3 X199.46 Y175.119 E536.79605
G1 X200.54 Y175.119 E536.84975
G1 X201.597 Y175.378 E536.90386
G1 F400.7 X202.552 Y175.881 E536.95762
G1 F401.3 X203.367 Y176.603 E537.01176
G1 F402 X203.982 Y177.496 E537.06559
G1 F400.7 X204.367 Y178.508 E537.11951
G1 F402.7 X204.497 Y179.584 E537.17323
G1 F403.4 X204.367 Y180.664 E537.22704
G1 F402 X203.982 Y181.672 E537.28061
G1 F403.4 X203.368 Y182.566 E537.33427
G1 X202.553 Y183.289 E537.38817
G1 F401.3 X201.597 Y183.79 E537.44183
G1 F402 X200.54 Y184.051 E537.49588
;TIME_ELAPSED:831.746973
;LAYER:111
;note -- min layer time used
M204 S3000
M205 X10 Y10
;MESH:15_7_1.stl
G0 F6000 X200.54 Y184.051 Z23.49
M204 S1800
M205 X8 Y8
;TYPE:WALL-OUTER
G1 F404 X199.46 Y184.051 E537.54922
G1 F402.7 X198.402 Y183.79 E537.60323
G1 F400.7 X197.444 Y183.288 E537.6571
G1 F401.3 X196.629 Y182.565 E537.71127
G1 F402 X196.014 Y181.672 E537.76509
G1 F400.7 X195.629 Y180.664 E537.81884
G1 X195.501 Y179.584 E537.873
G1 X195.629 Y178.508 E537.92698
G1 X196.014 Y177.496 E537.9809
G1 F401.3 X196.63 Y176.604 E538.03481
G1 F400 X197.444 Y175.882 E538.08909
G1 X198.402 Y175.378 E538.1431
G1 F401.3 X199.46 Y175.119 E538.19726
G1 X200.54 Y175.119 E538.25096
G1 X201.597 Y175.378 E538.30507
G1 F400.7 X202.552 Y175.881 E538.35883
G1 F401.3 X203.367 Y176.603 E538.41297
G1 F402 X203.982 Y177.496 E538.4668
G1 F400.7 X204.367 Y178.508 E538.52073
G1 F402.7 X204.497 Y179.584 E538.57444
G1 F403.4 X204.367 Y180.664 E538.62826
G1 F402 X203.982 Y181.672 E538.68182
G1 F403.4 X203.368 Y182.566 E538.73548
G1 X202.553 Y183.289 E538.78938
G1 F401.3 X201.597 Y183.79 E538.84305
G1 F402 X200.54 Y184.051 E538.89709
;TIME_ELAPSED:836.050766
;LAYER:112
;note -- min layer time used
M204 S3000
M205 X10 Y10
;MESH:15_7_1.stl
G0 F6000 X200.54 Y184.051 Z23.69
M204 S1800
M205 X8 Y8
;TYPE:WALL-OUTER
G1 F404 X199.46 Y184.051 E538.95043
G1 F402.7 X198.402 Y183.79 E539.00444
G1 F400.7 X197.444 Y183.288 E539.05831
G1 F401.3 X196.629 Y182.565 E539.11248
G1 F402 X196.014 Y181.672 E539.1663
G1 F400.7 X195.629 Y180.664 E539.22005
G1 X195.501 Y179.584 E539.27422
G1 X195.629 Y178.508 E539.32819
G1 X196.014 Y177.496 E539.38212
G1 F401.3 X196.63 Y176.604 E539.43602
G1 F400 X197.444 Y175.882 E539.4903
G1 X198.402 Y175.378 E539.54431
G1 F401.3 X199.46 Y175.119 E539.59847
G1 X200.54 Y175.119 E539.65217
G1 X201.597 Y175.378 E539.70628
G1 F400.7 X202.552 Y175.881 E539.76004
G1 F401.3 X203.367 Y176.603 E539.81418
G1 F402 X203.982 Y177.496 E539.86801
G1 F400.7 X204.367 Y178.508 E539.92194
G1 F402.7 X204.497 Y179.584 E539.97565
G1 F403.4 X204.367 Y180.664 E540.02947
G1 F402 X203.982 Y181.672 E540.08303
G1 F403.4 X203.368 Y182.566 E540.13669
G1 X202.553 Y183.289 E540.19059
G1 F401.3 X201.597 Y183.79 E540.24426
G1 F402 X200.54 Y184.051 E540.2983
;TIME_ELAPSED:840.354558
;LAYER:113
;note -- min layer time used
M204 S3000
M205 X10 Y10
;MESH:15_7_1.stl
G0 F6000 X200.54 Y184.051 Z23.89
M204 S1800
M205 X8 Y8
;TYPE:WALL-OUTER
G1 F404 X199.46 Y184.051 E540.35165
G1 F402.7 X198.402 Y183.79 E540.40565
G1 F400.7 X197.444 Y183.288 E540.45952
G1 F401.3 X196.629 Y182.565 E540.51369
G1 F402 X196.014 Y181.672 E540.56752
G1 F400.7 X195.629 Y180.664 E540.62126
G1 X195.501 Y179.584 E540.67543
G1 X195.629 Y178.508 E540.7294
G1 X196.014 Y177.496 E540.78333
G1 F401.3 X196.63 Y176.604 E540.83723
G1 F400 X197.444 Y175.882 E540.89151
G1 X198.402 Y175.378 E540.94552
G1 F401.3 X199.46 Y175.119 E540.99968
G1 X200.54 Y175.119 E541.05338
G1 X201.597 Y175.378 E541.10749
G1 F400.7 X202.552 Y175.881 E541.16125
G1 F401.3 X203.367 Y176.603 E541.21539
G1 F402 X203.982 Y177.496 E541.26922
G1 F400.7 X204.367 Y178.508 E541.32315
G1 F402.7 X204.497 Y179.584 E541.37686
G1 F403.4 X204.367 Y180.664 E541.43068
G1 F402 X203.982 Y181.672 E541.48424
G1 F403.4 X203.368 Y182.566 E541.5379
G1 X202.553 Y183.289 E541.5918
G1 F401.3 X201.597 Y183.79 E541.64547
G1 F402 X200.54 Y184.051 E541.69951
;TIME_ELAPSED:844.658350
;LAYER:114
;note -- min layer time used
M204 S3000
M205 X10 Y10
;MESH:15_7_1.stl
G0 F6000 X200.54 Y184.051 Z24.09
M204 S1800
M205 X8 Y8
;TYPE:WALL-OUTER
G1 F404 X199.46 Y184.051 E541.75286
G1 F402.7 X198.402 Y183.79 E541.80686
G1 F400.7 X197.444 Y183.288 E541.86073
G1 F401.3 X196.629 Y182.565 E541.9149
G1 F402 X196.014 Y181.672 E541.96873
G1 F400.7 X195.629 Y180.664 E542.02247
G1 X195.501 Y179.584 E542.07664
G1 X195.629 Y178.508 E542.13061
G1 X196.014 Y177.496 E542.18454
G1 F401.3 X196.63 Y176.604 E542.23844
G1 F400 X197.444 Y175.882 E542.29272
G1 X198.402 Y175.378 E542.34673
G1 F401.3 X199.46 Y175.119 E542.40089
G1 X200.54 Y175.119 E542.45459
G1 X201.597 Y175.378 E542.5087
G1 F400.7 X202.552 Y175.881 E542.56246
G1 F401.3 X203.367 Y176.603 E542.6166
G1 F402 X203.982 Y177.496 E542.67043
G1 F400.7 X204.367 Y178.508 E542.72436
G1 F402.7 X204.497 Y179.584 E542.77807
G1 F403.4 X204.367 Y180.664 E542.83189
G1 F402 X203.982 Y181.672 E542.88545
G1 F403.4 X203.368 Y182.566 E542.93911
G1 X202.553 Y183.289 E542.99301
G1 F401.3 X201.597 Y183.79 E543.04668
G1 F402 X200.54 Y184.051 E543.10072
;TIME_ELAPSED:848.962142
;LAYER:115
;note -- min layer time used
M204 S3000
M205 X10 Y10
;MESH:15_7_1.stl
G0 F6000 X200.54 Y184.051 Z24.29
M204 S1800
M205 X8 Y8
;TYPE:WALL-OUTER
G1 F404 X199.46 Y184.051 E543.15407
G1 F402.7 X198.402 Y183.79 E543.20807
G1 F400.7 X197.444 Y183.288 E543.26194
G1 F401.3 X196.629 Y182.565 E543.31611
G1 F402 X196.014 Y181.672 E543.36994
G1 F400.7 X195.629 Y180.664 E543.42368
G1 X195.501 Y179.584 E543.47785
G1 X195.629 Y178.508 E543.53182
G1 X196.014 Y177.496 E543.58575
G1 F401.3 X196.63 Y176.604 E543.63965
G1 F400 X197.444 Y175.882 E543.69393
G1 X198.402 Y175.378 E543.74794
G1 F401.3 X199.46 Y175.119 E543.8021
G1 X200.54 Y175.119 E543.8558
G1 X201.597 Y175.378 E543.90992
G1 F400.7 X202.552 Y175.881 E543.96368
G1 F401.3 X203.367 Y176.603 E544.01782
G1 F402 X203.982 Y177.496 E544.07164
G1 F400.7 X204.367 Y178.508 E544.12557
G1 F402.7 X204.497 Y179.584 E544.17928
G1 F403.4 X204.367 Y180.664 E544.2331
G1 F402 X203.982 Y181.672 E544.28666
G1 F403.4 X203.368 Y182.566 E544.34032
G1 X202.553 Y183.289 E544.39422
G1 F401.3 X201.597 Y183.79 E544.44789
G1 F402 X200.54 Y184.051 E544.50194
;TIME_ELAPSED:853.265934
;LAYER:116
;note -- min layer time used
M204 S3000
M205 X10 Y10
;MESH:15_7_1.stl
G0 F6000 X200.54 Y184.051 Z24.49
M204 S1800
M205 X8 Y8
;TYPE:WALL-OUTER
G1 F404 X199.46 Y184.051 E544.55528
G1 F402.7 X198.402 Y183.79 E544.60928
G1 F400.7 X197.444 Y183.288 E544.66315
G1 F401.3 X196.629 Y182.565 E544.71732
G1 F402 X196.014 Y181.672 E544.77115
G1 F400.7 X195.629 Y180.664 E544.82489
G1 X195.501 Y179.584 E544.87906
G1 X195.629 Y178.508 E544.93303
G1 X196.014 Y177.496 E544.98696
G1 F401.3 X196.63 Y176.604 E545.04086
G1 F400 X197.444 Y175.882 E545.09514
G1 X198.402 Y175.378 E545.14915
G1 F401.3 X199.46 Y175.119 E545.20331
G1 X200.54 Y175.119 E545.25701
G1 X201.597 Y175.378 E545.31113
G1 F400.7 X202.552 Y175.881 E545.36489
G1 F401.3 X203.367 Y176.603 E545.41903
G1 F402 X203.982 Y177.496 E545.47285
G1 F400.7 X204.367 Y178.508 E545.52678
G1 F402.7 X204.497 Y179.584 E545.58049
G1 F403.4 X204.367 Y180.664 E545.63431
G1 F402 X203.982 Y181.672 E545.68787
G1 F403.4 X203.368 Y182.566 E545.74153
G1 X202.553 Y183.289 E545.79543
G1 F401.3 X201.597 Y183.79 E545.8491
G1 F402 X200.54 Y184.051 E545.90315
;TIME_ELAPSED:857.569726
;LAYER:117
;note -- min layer time used
M204 S3000
M205 X10 Y10
;MESH:15_7_1.stl
G0 F6000 X200.54 Y184.051 Z24.69
M204 S1800
M205 X8 Y8
;TYPE:WALL-OUTER
G1 F404 X199.46 Y184.051 E545.95649
G1 F402.7 X198.402 Y183.79 E546.01049
G1 F400.7 X197.444 Y183.288 E546.06436
G1 F401.3 X196.629 Y182.565 E546.11853
G1 F402 X196.014 Y181.672 E546.17236
G1 F400.7 X195.629 Y180.664 E546.2261
G1 X195.501 Y179.584 E546.28027
G1 X195.629 Y178.508 E546.33424
G1 X196.014 Y177.496 E546.38817
G1 F401.3 X196.63 Y176.604 E546.44207
G1 F400 X197.444 Y175.882 E546.49636
G1 X198.402 Y175.378 E546.55036
G1 F401.3 X199.46 Y175.119 E546.60452
G1 X200.54 Y175.119 E546.65822
G1 X201.597 Y175.378 E546.71234
G1 F400.7 X202.552 Y175.881 E546.7661
G1 F401.3 X203.367 Y176.603 E546.82024
G1 F402 X203.982 Y177.496 E546.87406
G1 F400.7 X204.367 Y178.508 E546.92799
G1 F402.7 X204.497 Y179.584 E546.9817
G1 F403.4 X204.367 Y180.664 E547.03552
G1 F402 X203.982 Y181.672 E547.08908
G1 F403.4 X203.368 Y182.566 E547.14274
G1 X202.553 Y183.289 E547.19664
G1 F401.3 X201.597 Y183.79 E547.25031
G1 F402 X200.54 Y184.051 E547.30436
;TIME_ELAPSED:861.873519
;LAYER:118
;note -- min layer time used
M204 S3000
M205 X10 Y10
;MESH:15_7_1.stl
G0 F6000 X200.54 Y184.051 Z24.89
M204 S1800
M205 X8 Y8
;TYPE:WALL-OUTER
G1 F404 X199.46 Y184.051 E547.3577
G1 F402.7 X198.402 Y183.79 E547.4117
G1 F400.7 X197.444 Y183.288 E547.46557
G1 F401.3 X196.629 Y182.565 E547.51975
G1 F402 X196.014 Y181.672 E547.57357
G1 F400.7 X195.629 Y180.664 E547.62731
G1 X195.501 Y179.584 E547.68148
G1 X195.629 Y178.508 E547.73545
G1 X196.014 Y177.496 E547.78938
G1 F401.3 X196.63 Y176.604 E547.84328
G1 F400 X197.444 Y175.882 E547.89757
G1 X198.402 Y175.378 E547.95157
G1 F401.3 X199.46 Y175.119 E548.00573
G1 X200.54 Y175.119 E548.05943
G1 X201.597 Y175.378 E548.11355
G1 F400.7 X202.552 Y175.881 E548.16731
G1 F401.3 X203.367 Y176.603 E548.22145
G1 F402 X203.982 Y177.496 E548.27527
G1 F400.7 X204.367 Y178.508 E548.3292
G1 F402.7 X204.497 Y179.584 E548.38291
G1 F403.4 X204.367 Y180.664 E548.43673
G1 F402 X203.982 Y181.672 E548.4903
G1 F403.4 X203.368 Y182.566 E548.54395
G1 X202.553 Y183.289 E548.59785
G1 F401.3 X201.597 Y183.79 E548.65152
G1 F402 X200.54 Y184.051 E548.70557
;TIME_ELAPSED:866.177311
;LAYER:119
;note -- min layer time used
M204 S3000
M205 X10 Y10
;MESH:15_7_1.stl
G0 F6000 X200.54 Y184.051 Z25.09
M204 S1800
M205 X8 Y8
;TYPE:WALL-OUTER
G1 F404 X199.46 Y184.051 E548.75891
G1 F402.7 X198.402 Y183.79 E548.81291
G1 F400.7 X197.444 Y183.288 E548.86678
G1 F401.3 X196.629 Y182.565 E548.92096
G1 F402 X196.014 Y181.672 E548.97478
G1 F400.7 X195.629 Y180.664 E549.02852
G1 X195.501 Y179.584 E549.08269
G1 X195.629 Y178.508 E549.13666
G1 X196.014 Y177.496 E549.19059
G1 F401.3 X196.63 Y176.604 E549.24449
G1 F400 X197.444 Y175.882 E549.29878
G1 X198.402 Y175.378 E549.35278
G1 F401.3 X199.46 Y175.119 E549.40694
G1 X200.54 Y175.119 E549.46065
G1 X201.597 Y175.378 E549.51476
G1 F400.7 X202.552 Y175.881 E549.56852
G1 F401.3 X203.367 Y176.603 E549.62266
G1 F402 X203.982 Y177.496 E549.67648
G1 F400.7 X204.367 Y178.508 E549.73041
G1 F402.7 X204.497 Y179.584 E549.78412
G1 F403.4 X204.367 Y180.664 E549.83794
G1 F402 X203.982 Y181.672 E549.89151
G1 F403.4 X203.368 Y182.566 E549.94516
G1 X202.553 Y183.289 E549.99906
G1 F401.3 X201.597 Y183.79 E550.05273
G1 F402 X200.54 Y184.051 E550.10678
;TIME_ELAPSED:870.481103
;LAYER:120
;note -- min layer time used
M204 S3000
M205 X10 Y10
;MESH:15_7_1.stl
G0 F6000 X200.54 Y184.051 Z25.29
M204 S1800
M205 X8 Y8
;TYPE:WALL-OUTER
G1 F404 X199.46 Y184.051 E550.16012
G1 F402.7 X198.402 Y183.79 E550.21412
G1 F400.7 X197.444 Y183.288 E550.26799
G1 F401.3 X196.629 Y182.565 E550.32217
G1 F402 X196.014 Y181.672 E550.37599
G1 F400.7 X195.629 Y180.664 E550.42973
G1 X195.501 Y179.584 E550.4839
G1 X195.629 Y178.508 E550.53787
G1 X196.014 Y177.496 E550.5918
G1 F401.3 X196.63 Y176.604 E550.6457
G1 F400 X197.444 Y175.882 E550.69999
G1 X198.402 Y175.378 E550.75399
G1 F401.3 X199.46 Y175.119 E550.80815
G1 X200.54 Y175.119 E550.86186
G1 X201.597 Y175.378 E550.91597
G1 F400.7 X202.552 Y175.881 E550.96973
G1 F401.3 X203.367 Y176.603 E551.02387
G1 F402 X203.982 Y177.496 E551.07769
G1 F400.7 X204.367 Y178.508 E551.13162
G1 F402.7 X204.497 Y179.584 E551.18534
G1 F403.4 X204.367 Y180.664 E551.23915
G1 F402 X203.982 Y181.672 E551.29272
G1 F403.4 X203.368 Y182.566 E551.34637
G1 X202.553 Y183.289 E551.40028
G1 F401.3 X201.597 Y183.79 E551.45394
G1 F402 X200.54 Y184.051 E551.50799
;TIME_ELAPSED:874.784895
;LAYER:121
;note -- min layer time used
M204 S3000
M205 X10 Y10
;MESH:15_7_1.stl
G0 F6000 X200.54 Y184.051 Z25.49
M204 S1800
M205 X8 Y8
;TYPE:WALL-OUTER
G1 F404 X199.46 Y184.051 E551.56133
G1 F402.7 X198.402 Y183.79 E551.61534
G1 F400.7 X197.444 Y183.288 E551.6692
G1 F401.3 X196.629 Y182.565 E551.72338
G1 F402 X196.014 Y181.672 E551.7772
G1 F400.7 X195.629 Y180.664 E551.83095
G1 X195.501 Y179.584 E551.88511
G1 X195.629 Y178.508 E551.93908
G1 X196.014 Y177.496 E551.99301
G1 F401.3 X196.63 Y176.604 E552.04692
G1 F400 X197.444 Y175.882 E552.1012
G1 X198.402 Y175.378 E552.1552
G1 F401.3 X199.46 Y175.119 E552.20937
G1 X200.54 Y175.119 E552.26307
G1 X201.597 Y175.378 E552.31718
G1 F400.7 X202.552 Y175.881 E552.37094
G1 F401.3 X203.367 Y176.603 E552.42508
G1 F402 X203.982 Y177.496 E552.47891
G1 F400.7 X204.367 Y178.508 E552.53283
G1 F402.7 X204.497 Y179.584 E552.58655
G1 F403.4 X204.367 Y180.664 E552.64036
G1 F402 X203.982 Y181.672 E552.69393
G1 F403.4 X203.368 Y182.566 E552.74758
G1 X202.553 Y183.289 E552.80149
G1 F401.3 X201.597 Y183.79 E552.85515
G1 F402 X200.54 Y184.051 E552.9092
;TIME_ELAPSED:879.088687
;LAYER:122
;note -- min layer time used
M204 S3000
M205 X10 Y10
;MESH:15_7_1.stl
G0 F6000 X200.54 Y184.051 Z25.69
M204 S1800
M205 X8 Y8
;TYPE:WALL-OUTER
G1 F404 X199.46 Y184.051 E552.96254
G1 F402.7 X198.402 Y183.79 E553.01655
G1 F400.7 X197.444 Y183.288 E553.07042
G1 F401.3 X196.629 Y182.565 E553.12459
G1 F402 X196.014 Y181.672 E553.17841
G1 F400.7 X195.629 Y180.664 E553.23216
G1 X195.501 Y179.584 E553.28632
G1 X195.629 Y178.508 E553.34029
G1 X196.014 Y177.496 E553.39422
G1 F401.3 X196.63 Y176.604 E553.44813
G1 F400 X197.444 Y175.882 E553.50241
G1 X198.402 Y175.378 E553.55642
G1 F401.3 X199.46 Y175.119 E553.61058
G1 X200.54 Y175.119 E553.66428
G1 X201.597 Y175.378 E553.71839
G1 F400.7 X202.552 Y175.881 E553.77215
G1 F401.3 X203.367 Y176.603 E553.82629
G1 F402 X203.982 Y177.496 E553.88012
G1 F400.7 X204.367 Y178.508 E553.93405
G1 F402.7 X204.497 Y179.584 E553.98776
G1 F403.4 X204.367 Y180.664 E554.04157
G1 F402 X203.982 Y181.672 E554.09514
G1 F403.4 X203.368 Y182.566 E554.1488
G1 X202.553 Y183.289 E554.2027
G1 F401.3 X201.597 Y183.79 E554.25636
G1 F402 X200.54 Y184.051 E554.31041
;TIME_ELAPSED:883.392479
;LAYER:123
;note -- min layer time used
M204 S3000
M205 X10 Y10
;MESH:15_7_1.stl
G0 F6000 X200.54 Y184.051 Z25.89
M204 S1800
M205 X8 Y8
;TYPE:WALL-OUTER
G1 F404 X199.46 Y184.051 E554.36375
G1 F402.7 X198.402 Y183.79 E554.41776
G1 F400.7 X197.444 Y183.288 E554.47163
G1 F401.3 X196.629 Y182.565 E554.5258
G1 F402 X196.014 Y181.672 E554.57962
G1 F400.7 X195.629 Y180.664 E554.63337
G1 X195.501 Y179.584 E554.68754
G1 X195.629 Y178.508 E554.74151
G1 X196.014 Y177.496 E554.79543
G1 F401.3 X196.63 Y176.604 E554.84934
G1 F400 X197.444 Y175.882 E554.90362
G1 X198.402 Y175.378 E554.95763
G1 F401.3 X199.46 Y175.119 E555.01179
G1 X200.54 Y175.119 E555.06549
G1 X201.597 Y175.378 E555.1196
G1 F400.7 X202.552 Y175.881 E555.17336
G1 F401.3 X203.367 Y176.603 E555.2275
G1 F402 X203.982 Y177.496 E555.28133
G1 F400.7 X204.367 Y178.508 E555.33526
G1 F402.7 X204.497 Y179.584 E555.38897
G1 F403.4 X204.367 Y180.664 E555.44279
G1 F402 X203.982 Y181.672 E555.49635
G1 F403.4 X203.368 Y182.566 E555.55001
G1 X202.553 Y183.289 E555.60391
G1 F401.3 X201.597 Y183.79 E555.65758
G1 F402 X200.54 Y184.051 E555.71162
;TIME_ELAPSED:887.696271
;LAYER:124
;note -- min layer time used
M204 S3000
M205 X10 Y10
;MESH:15_7_1.stl
G0 F6000 X200.54 Y184.051 Z26.09
M204 S1800
M205 X8 Y8
;TYPE:WALL-OUTER
G1 F404 X199.46 Y184.051 E555.76496
G1 F402.7 X198.402 Y183.79 E555.81897
G1 F400.7 X197.444 Y183.288 E555.87284
G1 F401.3 X196.629 Y182.565 E555.92701
G1 F402 X196.014 Y181.672 E555.98084
G1 F400.7 X195.629 Y180.664 E556.03458
G1 X195.501 Y179.584 E556.08875
G1 X195.629 Y178.508 E556.14272
G1 X196.014 Y177.496 E556.19665
G1 F401.3 X196.63 Y176.604 E556.25055
G1 F400 X197.444 Y175.882 E556.30483
G1 X198.402 Y175.378 E556.35884
G1 F401.3 X199.46 Y175.119 E556.413
G1 X200.54 Y175.119 E556.4667
G1 X201.597 Y175.378 E556.52081
G1 F400.7 X202.552 Y175.881 E556.57457
G1 F401.3 X203.367 Y176.603 E556.62871
G1 F402 X203.982 Y177.496 E556.68254
G1 F400.7 X204.367 Y178.508 E556.73647
G1 F402.7 X204.497 Y179.584 E556.79018
G1 F403.4 X204.367 Y180.664 E556.844
G1 F402 X203.982 Y181.672 E556.89756
G1 F403.4 X203.368 Y182.566 E556.95122
G1 X202.553 Y183.289 E557.00512
G1 F401.3 X201.597 Y183.79 E557.05879
G1 F402 X200.54 Y184.051 E557.11283
;TIME_ELAPSED:892.000064
;LAYER:125
;note -- min layer time used
M204 S3000
M205 X10 Y10
;MESH:15_7_1.stl
G0 F6000 X200.54 Y184.051 Z26.29
M204 S1800
M205 X8 Y8
;TYPE:WALL-OUTER
G1 F404 X199.46 Y184.051 E557.16618
G1 F402.7 X198.402 Y183.79 E557.22018
G1 F400.7 X197.444 Y183.288 E557.27405
G1 F401.3 X196.629 Y182.565 E557.32822
G1 F402 X196.014 Y181.672 E557.38205
G1 F400.7 X195.629 Y180.664 E557.43579
G1 X195.501 Y179.584 E557.48996
G1 X195.629 Y178.508 E557.54393
G1 X196.014 Y177.496 E557.59786
G1 F401.3 X196.63 Y176.604 E557.65176
G1 F400 X197.444 Y175.882 E557.70604
G1 X198.402 Y175.378 E557.76005
G1 F401.3 X199.46 Y175.119 E557.81421
G1 X200.54 Y175.119 E557.86791
G1 X201.597 Y175.378 E557.92202
G1 F400.7 X202.552 Y175.881 E557.97578
G1 F401.3 X203.367 Y176.603 E558.02992
G1 F402 X203.982 Y177.496 E558.08375
G1 F400.7 X204.367 Y178.508 E558.13768
G1 F402.7 X204.497 Y179.584 E558.19139
G1 F403.4 X204.367 Y180.664 E558.24521
G1 F402 X203.982 Y181.672 E558.29877
G1 F403.4 X203.368 Y182.566 E558.35243
G1 X202.553 Y183.289 E558.40633
G1 F401.3 X201.597 Y183.79 E558.46
G1 F402 X200.54 Y184.051 E558.51404
;TIME_ELAPSED:896.303856
;LAYER:126
;note -- min layer time used
M204 S3000
M205 X10 Y10
;MESH:15_7_1.stl
G0 F6000 X200.54 Y184.051 Z26.49
M204 S1800
M205 X8 Y8
;TYPE:WALL-OUTER
G1 F404 X199.46 Y184.051 E558.56739
G1 F402.7 X198.402 Y183.79 E558.62139
G1 F400.7 X197.444 Y183.288 E558.67526
G1 F401.3 X196.629 Y182.565 E558.72943
G1 F402 X196.014 Y181.672 E558.78326
G1 F400.7 X195.629 Y180.664 E558.837
G1 X195.501 Y179.584 E558.89117
G1 X195.629 Y178.508 E558.94514
G1 X196.014 Y177.496 E558.99907
G1 F401.3 X196.63 Y176.604 E559.05297
G1 F400 X197.444 Y175.882 E559.10725
G1 X198.402 Y175.378 E559.16126
G1 F401.3 X199.46 Y175.119 E559.21542
G1 X200.54 Y175.119 E559.26912
G1 X201.597 Y175.378 E559.32323
G1 F400.7 X202.552 Y175.881 E559.37699
G1 F401.3 X203.367 Y176.603 E559.43113
G1 F402 X203.982 Y177.496 E559.48496
G1 F400.7 X204.367 Y178.508 E559.53889
G1 F402.7 X204.497 Y179.584 E559.5926
G1 F403.4 X204.367 Y180.664 E559.64642
G1 F402 X203.982 Y181.672 E559.69998
G1 F403.4 X203.368 Y182.566 E559.75364
G1 X202.553 Y183.289 E559.80754
G1 F401.3 X201.597 Y183.79 E559.86121
G1 F402 X200.54 Y184.051 E559.91525
;TIME_ELAPSED:900.607648
;LAYER:127
;note -- min layer time used
M204 S3000
M205 X10 Y10
;MESH:15_7_1.stl
G0 F6000 X200.54 Y184.051 Z26.69
M204 S1800
M205 X8 Y8
;TYPE:WALL-OUTER
G1 F404 X199.46 Y184.051 E559.9686
G1 F402.7 X198.402 Y183.79 E560.0226
G1 F400.7 X197.444 Y183.288 E560.07647
G1 F401.3 X196.629 Y182.565 E560.13064
G1 F402 X196.014 Y181.672 E560.18447
G1 F400.7 X195.629 Y180.664 E560.23821
G1 X195.501 Y179.584 E560.29238
G1 X195.629 Y178.508 E560.34635
G1 X196.014 Y177.496 E560.40028
G1 F401.3 X196.63 Y176.604 E560.45418
G1 F400 X197.444 Y175.882 E560.50846
G1 X198.402 Y175.378 E560.56247
G1 F401.3 X199.46 Y175.119 E560.61663
G1 X200.54 Y175.119 E560.67033
G1 X201.597 Y175.378 E560.72445
G1 F400.7 X202.552 Y175.881 E560.77821
G1 F401.3 X203.367 Y176.603 E560.83235
G1 F402 X203.982 Y177.496 E560.88617
G1 F400.7 X204.367 Y178.508 E560.9401
G1 F402.7 X204.497 Y179.584 E560.99381
G1 F403.4 X204.367 Y180.664 E561.04763
G1 F402 X203.982 Y181.672 E561.10119
G1 F403.4 X203.368 Y182.566 E561.15485
G1 X202.553 Y183.289 E561.20875
G1 F401.3 X201.597 Y183.79 E561.26242
G1 F402 X200.54 Y184.051 E561.31647
;TIME_ELAPSED:904.911440
;LAYER:128
;note -- min layer time used
M204 S3000
M205 X10 Y10
;MESH:15_7_1.stl
G0 F6000 X200.54 Y184.051 Z26.89
M204 S1800
M205 X8 Y8
;TYPE:WALL-OUTER
G1 F404 X199.46 Y184.051 E561.36981
G1 F402.7 X198.402 Y183.79 E561.42381
G1 F400.7 X197.444 Y183.288 E561.47768
G1 F401.3 X196.629 Y182.565 E561.53185
G1 F402 X196.014 Y181.672 E561.58568
G1 F400.7 X195.629 Y180.664 E561.63942
G1 X195.501 Y179.584 E561.69359
G1 X195.629 Y178.508 E561.74756
G1 X196.014 Y177.496 E561.80149
G1 F401.3 X196.63 Y176.604 E561.85539
G1 F400 X197.444 Y175.882 E561.90967
G1 X198.402 Y175.378 E561.96368
G1 F401.3 X199.46 Y175.119 E562.01784
G1 X200.54 Y175.119 E562.07154
G1 X201.597 Y175.378 E562.12566
G1 F400.7 X202.552 Y175.881 E562.17942
G1 F401.3 X203.367 Y176.603 E562.23356
G1 F402 X203.982 Y177.496 E562.28738
G1 F400.7 X204.367 Y178.508 E562.34131
G1 F402.7 X204.497 Y179.584 E562.39502
G1 F403.4 X204.367 Y180.664 E562.44884
G1 F402 X203.982 Y181.672 E562.5024
G1 F403.4 X203.368 Y182.566 E562.55606
G1 X202.553 Y183.289 E562.60996
G1 F401.3 X201.597 Y183.79 E562.66363
G1 F402 X200.54 Y184.051 E562.71768
;TIME_ELAPSED:909.215232
;LAYER:129
;note -- min layer time used
M204 S3000
M205 X10 Y10
;MESH:15_7_1.stl
G0 F6000 X200.54 Y184.051 Z27.09
M204 S1800
M205 X8 Y8
;TYPE:WALL-OUTER
G1 F404 X199.46 Y184.051 E562.77102
G1 F402.7 X198.402 Y183.79 E562.82502
G1 F400.7 X197.444 Y183.288 E562.87889
G1 F401.3 X196.629 Y182.565 E562.93306
G1 F402 X196.014 Y181.672 E562.98689
G1 F400.7 X195.629 Y180.664 E563.04063
G1 X195.501 Y179.584 E563.0948
G1 X195.629 Y178.508 E563.14877
G1 X196.014 Y177.496 E563.2027
G1 F401.3 X196.63 Y176.604 E563.2566
G1 F400 X197.444 Y175.882 E563.31089
G1 X198.402 Y175.378 E563.36489
G1 F401.3 X199.46 Y175.119 E563.41905
G1 X200.54 Y175.119 E563.47275
G1 X201.597 Y175.378 E563.52687
G1 F400.7 X202.552 Y175.881 E563.58063
G1 F401.3 X203.367 Y176.603 E563.63477
G1 F402 X203.982 Y177.496 E563.68859
G1 F400.7 X204.367 Y178.508 E563.74252
G1 F402.7 X204.497 Y179.584 E563.79623
G1 F403.4 X204.367 Y180.664 E563.85005
G1 F402 X203.982 Y181.672 E563.90361
G1 F403.4 X203.368 Y182.566 E563.95727
G1 X202.553 Y183.289 E564.01117
G1 F401.3 X201.597 Y183.79 E564.06484
G1 F402 X200.54 Y184.051 E564.11889
;TIME_ELAPSED:913.519024
;LAYER:130
;note -- min layer time used
M204 S3000
M205 X10 Y10
;MESH:15_7_1.stl
G0 F6000 X200.54 Y184.051 Z27.29
M204 S1800
M205 X8 Y8
;TYPE:WALL-OUTER
G1 F404 X199.46 Y184.051 E564.17223
G1 F402.7 X198.402 Y183.79 E564.22623
G1 F400.7 X197.444 Y183.288 E564.2801
G1 F401.3 X196.629 Y182.565 E564.33428
G1 F402 X196.014 Y181.672 E564.3881
G1 F400.7 X195.629 Y180.664 E564.44184
G1 X195.501 Y179.584 E564.49601
G1 X195.629 Y178.508 E564.54998
G1 X196.014 Y177.496 E564.60391
G1 F401.3 X196.63 Y176.604 E564.65781
G1 F400 X197.444 Y175.882 E564.7121
G1 X198.402 Y175.378 E564.7661
G1 F401.3 X199.46 Y175.119 E564.82026
G1 X200.54 Y175.119 E564.87397
G1 X201.597 Y175.378 E564.92808
G1 F400.7 X202.552 Y175.881 E564.98184
G1 F401.3 X203.367 Y176.603 E565.03598
G1 F402 X203.982 Y177.496 E565.0898
G1 F400.7 X204.367 Y178.508 E565.14373
G1 F402.7 X204.497 Y179.584 E565.19744
G1 F403.4 X204.367 Y180.664 E565.25126
G1 F402 X203.982 Y181.672 E565.30483
G1 F403.4 X203.368 Y182.566 E565.35848
G1 X202.553 Y183.289 E565.41238
G1 F401.3 X201.597 Y183.79 E565.46605
G1 F402 X200.54 Y184.051 E565.5201
;TIME_ELAPSED:917.822817
;LAYER:131
;note -- min layer time used
M204 S3000
M205 X10 Y10
;MESH:15_7_1.stl
G0 F6000 X200.54 Y184.051 Z27.49
M204 S1800
M205 X8 Y8
;TYPE:WALL-OUTER
G1 F404 X199.46 Y184.051 E565.57344
G1 F402.7 X198.402 Y183.79 E565.62744
G1 F400.7 X197.444 Y183.288 E565.68131
G1 F401.3 X196.629 Y182.565 E565.73549
G1 F402 X196.014 Y181.672 E565.78931
G1 F400.7 X195.629 Y180.664 E565.84305
G1 X195.501 Y179.584 E565.89722
G1 X195.629 Y178.508 E565.95119
G1 X196.014 Y177.496 E566.00512
G1 F401.3 X196.63 Y176.604 E566.05902
G1 F400 X197.444 Y175.882 E566.11331
G1 X198.402 Y175.378 E566.16731
G1 F401.3 X199.46 Y175.119 E566.22147
G1 X200.54 Y175.119 E566.27518
G1 X201.597 Y175.378 E566.32929
G1 F400.7 X202.552 Y175.881 E566.38305
G1 F401.3 X203.367 Y176.603 E566.43719
G1 F402 X203.982 Y177.496 E566.49101
G1 F400.7 X204.367 Y178.508 E566.54494
G1 F402.7 X204.497 Y179.584 E566.59865
G1 F403.4 X204.367 Y180.664 E566.65247
G1 F402 X203.982 Y181.672 E566.70604
G1 F403.4 X203.368 Y182.566 E566.75969
G1 X202.553 Y183.289 E566.81359
G1 F401.3 X201.597 Y183.79 E566.86726
G1 F402 X200.54 Y184.051 E566.92131
;TIME_ELAPSED:922.126609
;LAYER:132
;note -- min layer time used
M204 S3000
M205 X10 Y10
;MESH:15_7_1.stl
G0 F6000 X200.54 Y184.051 Z27.69
M204 S1800
M205 X8 Y8
;TYPE:WALL-OUTER
G1 F404 X199.46 Y184.051 E566.97465
G1 F402.7 X198.402 Y183.79 E567.02866
G1 F400.7 X197.444 Y183.288 E567.08252
G1 F401.3 X196.629 Y182.565 E567.1367
G1 F402 X196.014 Y181.672 E567.19052
G1 F400.7 X195.629 Y180.664 E567.24427
G1 X195.501 Y179.584 E567.29843
G1 X195.629 Y178.508 E567.3524
G1 X196.014 Y177.496 E567.40633
G1 F401.3 X196.63 Y176.604 E567.46023
G1 F400 X197.444 Y175.882 E567.51452
G1 X198.402 Y175.378 E567.56852
G1 F401.3 X199.46 Y175.119 E567.62269
G1 X200.54 Y175.119 E567.67639
G1 X201.597 Y175.378 E567.7305
G1 F400.7 X202.552 Y175.881 E567.78426
G1 F401.3 X203.367 Y176.603 E567.8384
G1 F402 X203.982 Y177.496 E567.89222
G1 F400.7 X204.367 Y178.508 E567.94615
G1 F402.7 X204.497 Y179.584 E567.99987
G1 F403.4 X204.367 Y180.664 E568.05368
G1 F402 X203.982 Y181.672 E568.10725
G1 F403.4 X203.368 Y182.566 E568.1609
G1 X202.553 Y183.289 E568.21481
G1 F401.3 X201.597 Y183.79 E568.26847
G1 F402 X200.54 Y184.051 E568.32252
;TIME_ELAPSED:926.430401
;LAYER:133
;note -- min layer time used
M204 S3000
M205 X10 Y10
;MESH:15_7_1.stl
G0 F6000 X200.54 Y184.051 Z27.89
M204 S1800
M205 X8 Y8
;TYPE:WALL-OUTER
G1 F404 X199.46 Y184.051 E568.37586
G1 F402.7 X198.402 Y183.79 E568.42987
G1 F400.7 X197.444 Y183.288 E568.48374
G1 F401.3 X196.629 Y182.565 E568.53791
G1 F402 X196.014 Y181.672 E568.59173
G1 F400.7 X195.629 Y180.664 E568.64548
G1 X195.501 Y179.584 E568.69964
G1 X195.629 Y178.508 E568.75361
G1 X196.014 Y177.496 E568.80754
G1 F401.3 X196.63 Y176.604 E568.86145
G1 F400 X197.444 Y175.882 E568.91573
G1 X198.402 Y175.378 E568.96973
G1 F401.3 X199.46 Y175.119 E569.0239
G1 X200.54 Y175.119 E569.0776
G1 X201.597 Y175.378 E569.13171
G1 F400.7 X202.552 Y175.881 E569.18547
G1 F401.3 X203.367 Y176.603 E569.23961
G1 F402 X203.982 Y177.496 E569.29344
G1 F400.7 X204.367 Y178.508 E569.34736
G1 F402.7 X204.497 Y179.584 E569.40108
G1 F403.4 X204.367 Y180.664 E569.45489
G1 F402 X203.982 Y181.672 E569.50846
G1 F403.4 X203.368 Y182.566 E569.56212
G1 X202.553 Y183.289 E569.61602
G1 F401.3 X201.597 Y183.79 E569.66968
G1 F402 X200.54 Y184.051 E569.72373
;TIME_ELAPSED:930.734193
;LAYER:134
;note -- min layer time used
M204 S3000
M205 X10 Y10
;MESH:15_7_1.stl
G0 F6000 X200.54 Y184.051 Z28.09
M204 S1800
M205 X8 Y8
;TYPE:WALL-OUTER
G1 F404 X199.46 Y184.051 E569.77707
G1 F402.7 X198.402 Y183.79 E569.83108
G1 F400.7 X197.444 Y183.288 E569.88495
G1 F401.3 X196.629 Y182.565 E569.93912
G1 F402 X196.014 Y181.672 E569.99294
G1 F400.7 X195.629 Y180.664 E570.04669
G1 X195.501 Y179.584 E570.10085
G1 X195.629 Y178.508 E570.15483
G1 X196.014 Y177.496 E570.20875
G1 F401.3 X196.63 Y176.604 E570.26266
G1 F400 X197.444 Y175.882 E570.31694
G1 X198.402 Y175.378 E570.37095
G1 F401.3 X199.46 Y175.119 E570.42511
G1 X200.54 Y175.119 E570.47881
G1 X201.597 Y175.378 E570.53292
G1 F400.7 X202.552 Y175.881 E570.58668
G1 F401.3 X203.367 Y176.603 E570.64082
G1 F402 X203.982 Y177.496 E570.69465
G1 F400.7 X204.367 Y178.508 E570.74858
G1 F402.7 X204.497 Y179.584 E570.80229
G1 F403.4 X204.367 Y180.664 E570.85611
G1 F402 X203.982 Y181.672 E570.90967
G1 F403.4 X203.368 Y182.566 E570.96333
G1 X202.553 Y183.289 E571.01723
G1 F401.3 X201.597 Y183.79 E571.0709
G1 F402 X200.54 Y184.051 E571.12494
;TIME_ELAPSED:935.037985
;LAYER:135
;note -- min layer time used
M204 S3000
M205 X10 Y10
;MESH:15_7_1.stl
G0 F6000 X200.54 Y184.051 Z28.29
M204 S1800
M205 X8 Y8
;TYPE:WALL-OUTER
G1 F404 X199.46 Y184.051 E571.17828
G1 F402.7 X198.402 Y183.79 E571.23229
G1 F400.7 X197.444 Y183.288 E571.28616
G1 F401.3 X196.629 Y182.565 E571.34033
G1 F402 X196.014 Y181.672 E571.39415
G1 F400.7 X195.629 Y180.664 E571.4479
G1 X195.501 Y179.584 E571.50207
G1 X195.629 Y178.508 E571.55604
G1 X196.014 Y177.496 E571.60997
G1 F401.3 X196.63 Y176.604 E571.66387
G1 F400 X197.444 Y175.882 E571.71815
G1 X198.402 Y175.378 E571.77216
G1 F401.3 X199.46 Y175.119 E571.82632
G1 X200.54 Y175.119 E571.88002
G1 X201.597 Y175.378 E571.93413
G1 F400.7 X202.552 Y175.881 E571.98789
G1 F401.3 X203.367 Y176.603 E572.04203
G1 F402 X203.982 Y177.496 E572.09586
G1 F400.7 X204.367 Y178.508 E572.14979
G1 F402.7 X204.497 Y179.584 E572.2035
G1 F403.4 X204.367 Y180.664 E572.25732
G1 F402 X203.982 Y181.672 E572.31088
G1 F403.4 X203.368 Y182.566 E572.36454
G1 X202.553 Y183.289 E572.41844
G1 F401.3 X201.597 Y183.79 E572.47211
G1 F402 X200.54 Y184.051 E572.52615
;TIME_ELAPSED:939.341777
;LAYER:136
;note -- min layer time used
M204 S3000
M205 X10 Y10
;MESH:15_7_1.stl
G0 F6000 X200.54 Y184.051 Z28.49
M204 S1800
M205 X8 Y8
;TYPE:WALL-OUTER
G1 F404 X199.46 Y184.051 E572.57949
G1 F402.7 X198.402 Y183.79 E572.6335
G1 F400.7 X197.444 Y183.288 E572.68737
G1 F401.3 X196.629 Y182.565 E572.74154
G1 F402 X196.014 Y181.672 E572.79537
G1 F400.7 X195.629 Y180.664 E572.84911
G1 X195.501 Y179.584 E572.90328
G1 X195.629 Y178.508 E572.95725
G1 X196.014 Y177.496 E573.01118
G1 F401.3 X196.63 Y176.604 E573.06508
G1 F400 X197.444 Y175.882 E573.11936
G1 X198.402 Y175.378 E573.17337
G1 F401.3 X199.46 Y175.119 E573.22753
G1 X200.54 Y175.119 E573.28123
G1 X201.597 Y175.378 E573.33534
G1 F400.7 X202.552 Y175.881 E573.3891
G1 F401.3 X203.367 Y176.603 E573.44324
G1 F402 X203.982 Y177.496 E573.49707
G1 F400.7 X204.367 Y178.508 E573.551
G1 F402.7 X204.497 Y179.584 E573.60471
G1 F403.4 X204.367 Y180.664 E573.65853
G1 F402 X203.982 Y181.672 E573.71209
G1 F403.4 X203.368 Y182.566 E573.76575
G1 X202.553 Y183.289 E573.81965
G1 F401.3 X201.597 Y183.79 E573.87332
G1 F402 X200.54 Y184.051 E573.92736
;TIME_ELAPSED:943.645570
;LAYER:137
;note -- min layer time used
M204 S3000
M205 X10 Y10
;MESH:15_7_1.stl
G0 F6000 X200.54 Y184.051 Z28.69
M204 S1800
M205 X8 Y8
;TYPE:WALL-OUTER
G1 F404 X199.46 Y184.051 E573.98071
G1 F402.7 X198.402 Y183.79 E574.03471
G1 F400.7 X197.444 Y183.288 E574.08858
G1 F401.3 X196.629 Y182.565 E574.14275
G1 F402 X196.014 Y181.672 E574.19658
G1 F400.7 X195.629 Y180.664 E574.25032
G1 X195.501 Y179.584 E574.30449
G1 X195.629 Y178.508 E574.35846
G1 X196.014 Y177.496 E574.41239
G1 F401.3 X196.63 Y176.604 E574.46629
G1 F400 X197.444 Y175.882 E574.52057
G1 X198.402 Y175.378 E574.57458
G1 F401.3 X199.46 Y175.119 E574.62874
G1 X200.54 Y175.119 E574.68244
G1 X201.597 Y175.378 E574.73655
G1 F400.7 X202.552 Y175.881 E574.79031
G1 F401.3 X203.367 Y176.603 E574.84445
G1 F402 X203.982 Y177.496 E574.89828
G1 F400.7 X204.367 Y178.508 E574.95221
G1 F402.7 X204.497 Y179.584 E575.00592
G1 F403.4 X204.367 Y180.664 E575.05974
G1 F402 X203.982 Y181.672 E575.1133
G1 F403.4 X203.368 Y182.566 E575.16696
G1 X202.553 Y183.289 E575.22086
G1 F401.3 X201.597 Y183.79 E575.27453
G1 F402 X200.54 Y184.051 E575.32857
;TIME_ELAPSED:947.949362
;LAYER:138
;note -- min layer time used
M204 S3000
M205 X10 Y10
;MESH:15_7_1.stl
G0 F6000 X200.54 Y184.051 Z28.89
M204 S1800
M205 X8 Y8
;TYPE:WALL-OUTER
G1 F404 X199.46 Y184.051 E575.38192
G1 F402.7 X198.402 Y183.79 E575.43592
G1 F400.7 X197.444 Y183.288 E575.48979
G1 F401.3 X196.629 Y182.565 E575.54396
G1 F402 X196.014 Y181.672 E575.59779
G1 F400.7 X195.629 Y180.664 E575.65153
G1 X195.501 Y179.584 E575.7057
G1 X195.629 Y178.508 E575.75967
G1 X196.014 Y177.496 E575.8136
G1 F401.3 X196.63 Y176.604 E575.8675
G1 F400 X197.444 Y175.882 E575.92178
G1 X198.402 Y175.378 E575.97579
G1 F401.3 X199.46 Y175.119 E576.02995
G1 X200.54 Y175.119 E576.08365
G1 X201.597 Y175.378 E576.13777
G1 F400.7 X202.552 Y175.881 E576.19153
G1 F401.3 X203.367 Y176.603 E576.24567
G1 F402 X203.982 Y177.496 E576.29949
G1 F400.7 X204.367 Y178.508 E576.35342
G1 F402.7 X204.497 Y179.584 E576.40713
G1 F403.4 X204.367 Y180.664 E576.46095
G1 F402 X203.982 Y181.672 E576.51451
G1 F403.4 X203.368 Y182.566 E576.56817
G1 X202.553 Y183.289 E576.62207
G1 F401.3 X201.597 Y183.79 E576.67574
G1 F402 X200.54 Y184.051 E576.72978
;TIME_ELAPSED:952.253154
;LAYER:139
;note -- min layer time used
M204 S3000
M205 X10 Y10
;MESH:15_7_1.stl
G0 F6000 X200.54 Y184.051 Z29.09
M204 S1800
M205 X8 Y8
;TYPE:WALL-OUTER
G1 F404 X199.46 Y184.051 E576.78313
G1 F402.7 X198.402 Y183.79 E576.83713
G1 F400.7 X197.444 Y183.288 E576.891
G1 F401.3 X196.629 Y182.565 E576.94517
G1 F402 X196.014 Y181.672 E576.999
G1 F400.7 X195.629 Y180.664 E577.05274
G1 X195.501 Y179.584 E577.10691
G1 X195.629 Y178.508 E577.16088
G1 X196.014 Y177.496 E577.21481
G1 F401.3 X196.63 Y176.604 E577.26871
G1 F400 X197.444 Y175.882 E577.32299
G1 X198.402 Y175.378 E577.377
G1 F401.3 X199.46 Y175.119 E577.43116
G1 X200.54 Y175.119 E577.48486
G1 X201.597 Y175.378 E577.53898
G1 F400.7 X202.552 Y175.881 E577.59274
G1 F401.3 X203.367 Y176.603 E577.64688
G1 F402 X203.982 Y177.496 E577.7007
G1 F400.7 X204.367 Y178.508 E577.75463
G1 F402.7 X204.497 Y179.584 E577.80834
G1 F403.4 X204.367 Y180.664 E577.86216
G1 F402 X203.982 Y181.672 E577.91572
G1 F403.4 X203.368 Y182.566 E577.96938
G1 X202.553 Y183.289 E578.02328
G1 F401.3 X201.597 Y183.79 E578.07695
G1 F402 X200.54 Y184.051 E578.131
;TIME_ELAPSED:956.556946
;LAYER:140
;note -- min layer time used
M204 S3000
M205 X10 Y10
;MESH:15_7_1.stl
G0 F6000 X200.54 Y184.051 Z29.29
M204 S1800
M205 X8 Y8
;TYPE:WALL-OUTER
G1 F404 X199.46 Y184.051 E578.18434
G1 F402.7 X198.402 Y183.79 E578.23834
G1 F400.7 X197.444 Y183.288 E578.29221
G1 F401.3 X196.629 Y182.565 E578.34638
G1 F402 X196.014 Y181.672 E578.40021
G1 F400.7 X195.629 Y180.664 E578.45395
G1 X195.501 Y179.584 E578.50812
G1 X195.629 Y178.508 E578.56209
G1 X196.014 Y177.496 E578.61602
G1 F401.3 X196.63 Y176.604 E578.66992
G1 F400 X197.444 Y175.882 E578.72421
G1 X198.402 Y175.378 E578.77821
G1 F401.3 X199.46 Y175.119 E578.83237
G1 X200.54 Y175.119 E578.88607
G1 X201.597 Y175.378 E578.94019
G1 F400.7 X202.552 Y175.881 E578.99395
G1 F401.3 X203.367 Y176.603 E579.04809
G1 F402 X203.982 Y177.496 E579.10191
G1 F400.7 X204.367 Y178.508 E579.15584
G1 F402.7 X204.497 Y179.584 E579.20955
G1 F403.4 X204.367 Y180.664 E579.26337
G1 F402 X203.982 Y181.672 E579.31693
G1 F403.4 X203.368 Y182.566 E579.37059
G1 X202.553 Y183.289 E579.42449
G1 F401.3 X201.597 Y183.79 E579.47816
G1 F402 X200.54 Y184.051 E579.53221
;TIME_ELAPSED:960.860738
;LAYER:141
;note -- min layer time used
M204 S3000
M205 X10 Y10
;MESH:15_7_1.stl
G0 F6000 X200.54 Y184.051 Z29.49
M204 S1800
M205 X8 Y8
;TYPE:WALL-OUTER
G1 F404 X199.46 Y184.051 E579.58555
G1 F402.7 X198.402 Y183.79 E579.63955
G1 F400.7 X197.444 Y183.288 E579.69342
G1 F401.3 X196.629 Y182.565 E579.7476
G1 F402 X196.014 Y181.672 E579.80142
G1 F400.7 X195.629 Y180.664 E579.85516
G1 X195.501 Y179.584 E579.90933
G1 X195.629 Y178.508 E579.9633
G1 X196.014 Y177.496 E580.01723
G1 F401.3 X196.63 Y176.604 E580.07113
G1 F400 X197.444 Y175.882 E580.12542
G1 X198.402 Y175.378 E580.17942
G1 F401.3 X199.46 Y175.119 E580.23358
G1 X200.54 Y175.119 E580.28728
G1 X201.597 Y175.378 E580.3414
G1 F400.7 X202.552 Y175.881 E580.39516
G1 F401.3 X203.367 Y176.603 E580.4493
G1 F402 X203.982 Y177.496 E580.50312
G1 F400.7 X204.367 Y178.508 E580.55705
G1 F402.7 X204.497 Y179.584 E580.61076
G1 F403.4 X204.367 Y180.664 E580.66458
G1 F402 X203.982 Y181.672 E580.71814
G1 F403.4 X203.368 Y182.566 E580.7718
G1 X202.553 Y183.289 E580.8257
G1 F401.3 X201.597 Y183.79 E580.87937
G1 F402 X200.54 Y184.051 E580.93342
;TIME_ELAPSED:965.164530
;LAYER:142
;note -- min layer time used
M204 S3000
M205 X10 Y10
;MESH:15_7_1.stl
G0 F6000 X200.54 Y184.051 Z29.69
M204 S1800
M205 X8 Y8
;TYPE:WALL-OUTER
G1 F404 X199.46 Y184.051 E580.98676
G1 F402.7 X198.402 Y183.79 E581.04076
G1 F400.7 X197.444 Y183.288 E581.09463
G1 F401.3 X196.629 Y182.565 E581.14881
G1 F402 X196.014 Y181.672 E581.20263
G1 F400.7 X195.629 Y180.664 E581.25637
G1 X195.501 Y179.584 E581.31054
G1 X195.629 Y178.508 E581.36451
G1 X196.014 Y177.496 E581.41844
G1 F401.3 X196.63 Y176.604 E581.47234
G1 F400 X197.444 Y175.882 E581.52663
G1 X198.402 Y175.378 E581.58063
G1 F401.3 X199.46 Y175.119 E581.63479
G1 X200.54 Y175.119 E581.6885
G1 X201.597 Y175.378 E581.74261
G1 F400.7 X202.552 Y175.881 E581.79637
G1 F401.3 X203.367 Y176.603 E581.85051
G1 F402 X203.982 Y177.496 E581.90433
G1 F400.7 X204.367 Y178.508 E581.95826
G1 F402.7 X204.497 Y179.584 E582.01197
G1 F403.4 X204.367 Y180.664 E582.06579
G1 F402 X203.982 Y181.672 E582.11936
G1 F403.4 X203.368 Y182.566 E582.17301
G1 X202.553 Y183.289 E582.22691
G1 F401.3 X201.597 Y183.79 E582.28058
G1 F402 X200.54 Y184.051 E582.33463
;TIME_ELAPSED:969.468323
;LAYER:143
;note -- min layer time used
M204 S3000
M205 X10 Y10
;MESH:15_7_1.stl
G0 F6000 X200.54 Y184.051 Z29.89
M204 S1800
M205 X8 Y8
;TYPE:WALL-OUTER
G1 F404 X199.46 Y184.051 E582.38797
G1 F402.7 X198.402 Y183.79 E582.44197
G1 F400.7 X197.444 Y183.288 E582.49584
G1 F401.3 X196.629 Y182.565 E582.55002
G1 F402 X196.014 Y181.672 E582.60384
G1 F400.7 X195.629 Y180.664 E582.65758
G1 X195.501 Y179.584 E582.71175
G1 X195.629 Y178.508 E582.76572
G1 X196.014 Y177.496 E582.81965
G1 F401.3 X196.63 Y176.604 E582.87355
G1 F400 X197.444 Y175.882 E582.92784
G1 X198.402 Y175.378 E582.98184
G1 F401.3 X199.46 Y175.119 E583.036
G1 X200.54 Y175.119 E583.08971
G1 X201.597 Y175.378 E583.14382
G1 F400.7 X202.552 Y175.881 E583.19758
G1 F401.3 X203.367 Y176.603 E583.25172
G1 F402 X203.982 Y177.496 E583.30554
G1 F400.7 X204.367 Y178.508 E583.35947
G1 F402.7 X204.497 Y179.584 E583.41319
G1 F403.4 X204.367 Y180.664 E583.467
G1 F402 X203.982 Y181.672 E583.52057
G1 F403.4 X203.368 Y182.566 E583.57422
G1 X202.553 Y183.289 E583.62812
G1 F401.3 X201.597 Y183.79 E583.68179
G1 F402 X200.54 Y184.051 E583.73584
;TIME_ELAPSED:973.772115
;LAYER:144
;note -- min layer time used
M204 S3000
M205 X10 Y10
;MESH:15_7_1.stl
G0 F6000 X200.54 Y184.051 Z30.09
M204 S1800
M205 X8 Y8
;TYPE:WALL-OUTER
G1 F404 X199.46 Y184.051 E583.78918
G1 F402.7 X198.402 Y183.79 E583.84319
G1 F400.7 X197.444 Y183.288 E583.89705
G1 F401.3 X196.629 Y182.565 E583.95123
G1 F402 X196.014 Y181.672 E584.00505
G1 F400.7 X195.629 Y180.664 E584.0588
G1 X195.501 Y179.584 E584.11296
G1 X195.629 Y178.508 E584.16693
G1 X196.014 Y177.496 E584.22086
G1 F401.3 X196.63 Y176.604 E584.27477
G1 F400 X197.444 Y175.882 E584.32905
G1 X198.402 Y175.378 E584.38305
G1 F401.3 X199.46 Y175.119 E584.43722
G1 X200.54 Y175.119 E584.49092
G1 X201.597 Y175.378 E584.54503
G1 F400.7 X202.552 Y175.881 E584.59879
G1 F401.3 X203.367 Y176.603 E584.65293
G1 F402 X203.982 Y177.496 E584.70676
G1 F400.7 X204.367 Y178.508 E584.76068
G1 F402.7 X204.497 Y179.584 E584.8144
G1 F403.4 X204.367 Y180.664 E584.86821
G1 F402 X203.982 Y181.672 E584.92178
G1 F403.4 X203.368 Y182.566 E584.97543
G1 X202.553 Y183.289 E585.02934
G1 F401.3 X201.597 Y183.79 E585.083
G1 F402 X200.54 Y184.051 E585.13705
;TIME_ELAPSED:978.075907
;LAYER:145
;note -- min layer time used
M204 S3000
M205 X10 Y10
;MESH:15_7_1.stl
G0 F6000 X200.54 Y184.051 Z30.29
M204 S1800
M205 X8 Y8
;TYPE:WALL-OUTER
G1 F404 X199.46 Y184.051 E585.19039
G1 F402.7 X198.402 Y183.79 E585.2444
G1 F400.7 X197.444 Y183.288 E585.29827
G1 F401.3 X196.629 Y182.565 E585.35244
G1 F402 X196.014 Y181.672 E585.40626
G1 F400.7 X195.629 Y180.664 E585.46001
G1 X195.501 Y179.584 E585.51417
G1 X195.629 Y178.508 E585.56814
G1 X196.014 Y177.496 E585.62207
G1 F401.3 X196.63 Y176.604 E585.67598
G1 F400 X197.444 Y175.882 E585.73026
G1 X198.402 Y175.378 E585.78427
G1 F401.3 X199.46 Y175.119 E585.83843
G1 X200.54 Y175.119 E585.89213
G1 X201.597 Y175.378 E585.94624
G1 F400.7 X202.552 Y175.881 E586
G1 F401.3 X203.367 Y176.603 E586.05414
G1 F402 X203.982 Y177.496 E586.10797
G1 F400.7 X204.367 Y178.508 E586.1619
G1 F402.7 X204.497 Y179.584 E586.21561
G1 F403.4 X204.367 Y180.664 E586.26942
G1 F402 X203.982 Y181.672 E586.32299
G1 F403.4 X203.368 Y182.566 E586.37665
G1 X202.553 Y183.289 E586.43055
G1 F401.3 X201.597 Y183.79 E586.48421
G1 F402 X200.54 Y184.051 E586.53826
;TIME_ELAPSED:982.379699
;LAYER:146
;note -- min layer time used
M204 S3000
M205 X10 Y10
;MESH:15_7_1.stl
G0 F6000 X200.54 Y184.051 Z30.49
M204 S1800
M205 X8 Y8
;TYPE:WALL-OUTER
G1 F404 X199.46 Y184.051 E586.5916
G1 F402.7 X198.402 Y183.79 E586.64561
G1 F400.7 X197.444 Y183.288 E586.69948
G1 F401.3 X196.629 Y182.565 E586.75365
G1 F402 X196.014 Y181.672 E586.80747
G1 F400.7 X195.629 Y180.664 E586.86122
G1 X195.501 Y179.584 E586.91539
G1 X195.629 Y178.508 E586.96936
G1 X196.014 Y177.496 E587.02328
G1 F401.3 X196.63 Y176.604 E587.07719
G1 F400 X197.444 Y175.882 E587.13147
G1 X198.402 Y175.378 E587.18548
G1 F401.3 X199.46 Y175.119 E587.23964
G1 X200.54 Y175.119 E587.29334
G1 X201.597 Y175.378 E587.34745
G1 F400.7 X202.552 Y175.881 E587.40121
G1 F401.3 X203.367 Y176.603 E587.45535
G1 F402 X203.982 Y177.496 E587.50918
G1 F400.7 X204.367 Y178.508 E587.56311
G1 F402.7 X204.497 Y179.584 E587.61682
G1 F403.4 X204.367 Y180.664 E587.67064
G1 F402 X203.982 Y181.672 E587.7242
G1 F403.4 X203.368 Y182.566 E587.77786
G1 X202.553 Y183.289 E587.83176
G1 F401.3 X201.597 Y183.79 E587.88543
G1 F402 X200.54 Y184.051 E587.93947
;TIME_ELAPSED:986.683491
;LAYER:147
;note -- min layer time used
M204 S3000
M205 X10 Y10
;MESH:15_7_1.stl
G0 F6000 X200.54 Y184.051 Z30.69
M204 S1800
M205 X8 Y8
;TYPE:WALL-OUTER
G1 F404 X199.46 Y184.051 E587.99281
G1 F402.7 X198.402 Y183.79 E588.04682
G1 F400.7 X197.444 Y183.288 E588.10069
G1 F401.3 X196.629 Y182.565 E588.15486
G1 F402 X196.014 Y181.672 E588.20869
G1 F400.7 X195.629 Y180.664 E588.26243
G1 X195.501 Y179.584 E588.3166
G1 X195.629 Y178.508 E588.37057
G1 X196.014 Y177.496 E588.4245
G1 F401.3 X196.63 Y176.604 E588.4784
G1 F400 X197.444 Y175.882 E588.53268
G1 X198.402 Y175.378 E588.58669
G1 F401.3 X199.46 Y175.119 E588.64085
G1 X200.54 Y175.119 E588.69455
G1 X201.597 Y175.378 E588.74866
G1 F400.7 X202.552 Y175.881 E588.80242
G1 F401.3 X203.367 Y176.603 E588.85656
G1 F402 X203.982 Y177.496 E588.91039
G1 F400.7 X204.367 Y178.508 E588.96432
G1 F402.7 X204.497 Y179.584 E589.01803
G1 F403.4 X204.367 Y180.664 E589.07185
G1 F402 X203.982 Y181.672 E589.12541
G1 F403.4 X203.368 Y182.566 E589.17907
G1 X202.553 Y183.289 E589.23297
G1 F401.3 X201.597 Y183.79 E589.28664
G1 F402 X200.54 Y184.051 E589.34068
;TIME_ELAPSED:990.987283
;LAYER:148
;note -- min layer time used
M204 S3000
M205 X10 Y10
;MESH:15_7_1.stl
G0 F6000 X200.54 Y184.051 Z30.89
M204 S1800
M205 X8 Y8
;TYPE:WALL-OUTER
G1 F404 X199.46 Y184.051 E589.39403
G1 F402.7 X198.402 Y183.79 E589.44803
G1 F400.7 X197.444 Y183.288 E589.5019
G1 F401.3 X196.629 Y182.565 E589.55607
G1 F402 X196.014 Y181.672 E589.6099
G1 F400.7 X195.629 Y180.664 E589.66364
G1 X195.501 Y179.584 E589.71781
G1 X195.629 Y178.508 E589.77178
G1 X196.014 Y177.496 E589.82571
G1 F401.3 X196.63 Y176.604 E589.87961
G1 F400 X197.444 Y175.882 E589.93389
G1 X198.402 Y175.378 E589.9879
G1 F401.3 X199.46 Y175.119 E590.04206
G1 X200.54 Y175.119 E590.09576
G1 X201.597 Y175.378 E590.14987
G1 F400.7 X202.552 Y175.881 E590.20363
G1 F401.3 X203.367 Y176.603 E590.25777
G1 F402 X203.982 Y177.496 E590.3116
G1 F400.7 X204.367 Y178.508 E590.36553
G1 F402.7 X204.497 Y179.584 E590.41924
G1 F403.4 X204.367 Y180.664 E590.47306
G1 F402 X203.982 Y181.672 E590.52662
G1 F403.4 X203.368 Y182.566 E590.58028
G1 X202.553 Y183.289 E590.63418
G1 F401.3 X201.597 Y183.79 E590.68785
G1 F402 X200.54 Y184.051 E590.74189
;TIME_ELAPSED:995.291076
;LAYER:149
;note -- min layer time used
M204 S3000
M205 X10 Y10
;MESH:15_7_1.stl
G0 F6000 X200.54 Y184.051 Z31.09
M204 S1800
M205 X8 Y8
;TYPE:WALL-OUTER
G1 F404 X199.46 Y184.051 E590.79524
G1 F402.7 X198.402 Y183.79 E590.84924
G1 F400.7 X197.444 Y183.288 E590.90311
G1 F401.3 X196.629 Y182.565 E590.95728
G1 F402 X196.014 Y181.672 E591.01111
G1 F400.7 X195.629 Y180.664 E591.06485
G1 X195.501 Y179.584 E591.11902
G1 X195.629 Y178.508 E591.17299
G1 X196.014 Y177.496 E591.22692
G1 F401.3 X196.63 Y176.604 E591.28082
G1 F400 X197.444 Y175.882 E591.3351
G1 X198.402 Y175.378 E591.38911
G1 F401.3 X199.46 Y175.119 E591.44327
G1 X200.54 Y175.119 E591.49697
G1 X201.597 Y175.378 E591.55108
G1 F400.7 X202.552 Y175.881 E591.60484
G1 F401.3 X203.367 Y176.603 E591.65898
G1 F402 X203.982 Y177.496 E591.71281
G1 F400.7 X204.367 Y178.508 E591.76674
G1 F402.7 X204.497 Y179.584 E591.82045
G1 F403.4 X204.367 Y180.664 E591.87427
G1 F402 X203.982 Y181.672 E591.92783
G1 F403.4 X203.368 Y182.566 E591.98149
G1 X202.553 Y183.289 E592.03539
G1 F401.3 X201.597 Y183.79 E592.08906
G1 F402 X200.54 Y184.051 E592.1431
;TIME_ELAPSED:999.594868
;LAYER:150
;note -- min layer time used
M204 S3000
M205 X10 Y10
;MESH:15_7_1.stl
G0 F6000 X200.54 Y184.051 Z31.29
M204 S1800
M205 X8 Y8
;TYPE:WALL-OUTER
G1 F404 X199.46 Y184.051 E592.19645
G1 F402.7 X198.402 Y183.79 E592.25045
G1 F400.7 X197.444 Y183.288 E592.30432
G1 F401.3 X196.629 Y182.565 E592.35849
G1 F402 X196.014 Y181.672 E592.41232
G1 F400.7 X195.629 Y180.664 E592.46606
G1 X195.501 Y179.584 E592.52023
G1 X195.629 Y178.508 E592.5742
G1 X196.014 Y177.496 E592.62813
G1 F401.3 X196.63 Y176.604 E592.68203
G1 F400 X197.444 Y175.882 E592.73631
G1 X198.402 Y175.378 E592.79032
G1 F401.3 X199.46 Y175.119 E592.84448
G1 X200.54 Y175.119 E592.89818
G1 X201.597 Y175.378 E592.9523
G1 F400.7 X202.552 Y175.881 E593.00606
G1 F401.3 X203.367 Y176.603 E593.0602
G1 F402 X203.982 Y177.496 E593.11402
G1 F400.7 X204.367 Y178.508 E593.16795
G1 F402.7 X204.497 Y179.584 E593.22166
G1 F403.4 X204.367 Y180.664 E593.27548
G1 F402 X203.982 Y181.672 E593.32904
G1 F403.4 X203.368 Y182.566 E593.3827
G1 X202.553 Y183.289 E593.4366
G1 F401.3 X201.597 Y183.79 E593.49027
G1 F402 X200.54 Y184.051 E593.54432
;TIME_ELAPSED:1003.898660
;LAYER:151
;note -- min layer time used
M204 S3000
M205 X10 Y10
;MESH:15_7_1.stl
G0 F6000 X200.54 Y184.051 Z31.49
M204 S1800
M205 X8 Y8
;TYPE:WALL-OUTER
G1 F404 X199.46 Y184.051 E593.59766
G1 F402.7 X198.402 Y183.79 E593.65166
G1 F400.7 X197.444 Y183.288 E593.70553
G1 F401.3 X196.629 Y182.565 E593.7597
G1 F402 X196.014 Y181.672 E593.81353
G1 F400.7 X195.629 Y180.664 E593.86727
G1 X195.501 Y179.584 E593.92144
G1 X195.629 Y178.508 E593.97541
G1 X196.014 Y177.496 E594.02934
G1 F401.3 X196.63 Y176.604 E594.08324
G1 F400 X197.444 Y175.882 E594.13752
G1 X198.402 Y175.378 E594.19153
G1 F401.3 X199.46 Y175.119 E594.24569
G1 X200.54 Y175.119 E594.29939
G1 X201.597 Y175.378 E594.35351
G1 F400.7 X202.552 Y175.881 E594.40727
G1 F401.3 X203.367 Y176.603 E594.46141
G1 F402 X203.982 Y177.496 E594.51523
G1 F400.7 X204.367 Y178.508 E594.56916
G1 F402.7 X204.497 Y179.584 E594.62287
G1 F403.4 X204.367 Y180.664 E594.67669
G1 F402 X203.982 Y181.672 E594.73025
G1 F403.4 X203.368 Y182.566 E594.78391
G1 X202.553 Y183.289 E594.83781
G1 F401.3 X201.597 Y183.79 E594.89148
G1 F402 X200.54 Y184.051 E594.94553
;TIME_ELAPSED:1008.202452
;LAYER:152
;note -- min layer time used
M204 S3000
M205 X10 Y10
;MESH:15_7_1.stl
G0 F6000 X200.54 Y184.051 Z31.69
M204 S1800
M205 X8 Y8
;TYPE:WALL-OUTER
G1 F404 X199.46 Y184.051 E594.99887
G1 F402.7 X198.402 Y183.79 E595.05287
G1 F400.7 X197.444 Y183.288 E595.10674
G1 F401.3 X196.629 Y182.565 E595.16091
G1 F402 X196.014 Y181.672 E595.21474
G1 F400.7 X195.629 Y180.664 E595.26848
G1 X195.501 Y179.584 E595.32265
G1 X195.629 Y178.508 E595.37662
G1 X196.014 Y177.496 E595.43055
G1 F401.3 X196.63 Y176.604 E595.48445
G1 F400 X197.444 Y175.882 E595.53874
G1 X198.402 Y175.378 E595.59274
G1 F401.3 X199.46 Y175.119 E595.6469
G1 X200.54 Y175.119 E595.7006
G1 X201.597 Y175.378 E595.75472
G1 F400.7 X202.552 Y175.881 E595.80848
G1 F401.3 X203.367 Y176.603 E595.86262
G1 F402 X203.982 Y177.496 E595.91644
G1 F400.7 X204.367 Y178.508 E595.97037
G1 F402.7 X204.497 Y179.584 E596.02408
G1 F403.4 X204.367 Y180.664 E596.0779
G1 F402 X203.982 Y181.672 E596.13146
G1 F403.4 X203.368 Y182.566 E596.18512
G1 X202.553 Y183.289 E596.23902
G1 F401.3 X201.597 Y183.79 E596.29269
G1 F402 X200.54 Y184.051 E596.34674
;TIME_ELAPSED:1012.506244
;LAYER:153
;note -- min layer time used
M204 S3000
M205 X10 Y10
;MESH:15_7_1.stl
G0 F6000 X200.54 Y184.051 Z31.89
M204 S1800
M205 X8 Y8
;TYPE:WALL-OUTER
G1 F404 X199.46 Y184.051 E596.40008
G1 F402.7 X198.402 Y183.79 E596.45408
G1 F400.7 X197.444 Y183.288 E596.50795
G1 F401.3 X196.629 Y182.565 E596.56213
G1 F402 X196.014 Y181.672 E596.61595
G1 F400.7 X195.629 Y180.664 E596.66969
G1 X195.501 Y179.584 E596.72386
G1 X195.629 Y178.508 E596.77783
G1 X196.014 Y177.496 E596.83176
G1 F401.3 X196.63 Y176.604 E596.88566
G1 F400 X197.444 Y175.882 E596.93995
G1 X198.402 Y175.378 E596.99395
G1 F401.3 X199.46 Y175.119 E597.04811
G1 X200.54 Y175.119 E597.10182
G1 X201.597 Y175.378 E597.15593
G1 F400.7 X202.552 Y175.881 E597.20969
G1 F401.3 X203.367 Y176.603 E597.26383
G1 F402 X203.982 Y177.496 E597.31765
G1 F400.7 X204.367 Y178.508 E597.37158
G1 F402.7 X204.497 Y179.584 E597.42529
G1 F403.4 X204.367 Y180.664 E597.47911
G1 F402 X203.982 Y181.672 E597.53268
G1 F403.4 X203.368 Y182.566 E597.58633
G1 X202.553 Y183.289 E597.64023
G1 F401.3 X201.597 Y183.79 E597.6939
G1 F402 X200.54 Y184.051 E597.74795
;TIME_ELAPSED:1016.810036
;LAYER:154
;note -- min layer time used
M204 S3000
M205 X10 Y10
;MESH:15_7_1.stl
G0 F6000 X200.54 Y184.051 Z32.09
M204 S1800
M205 X8 Y8
;TYPE:WALL-OUTER
G1 F404 X199.46 Y184.051 E597.80129
G1 F402.7 X198.402 Y183.79 E597.85529
G1 F400.7 X197.444 Y183.288 E597.90916
G1 F401.3 X196.629 Y182.565 E597.96334
G1 F402 X196.014 Y181.672 E598.01716
G1 F400.7 X195.629 Y180.664 E598.0709
G1 X195.501 Y179.584 E598.12507
G1 X195.629 Y178.508 E598.17904
G1 X196.014 Y177.496 E598.23297
G1 F401.3 X196.63 Y176.604 E598.28687
G1 F400 X197.444 Y175.882 E598.34116
G1 X198.402 Y175.378 E598.39516
G1 F401.3 X199.46 Y175.119 E598.44932
G1 X200.54 Y175.119 E598.50303
G1 X201.597 Y175.378 E598.55714
G1 F400.7 X202.552 Y175.881 E598.6109
G1 F401.3 X203.367 Y176.603 E598.66504
G1 F402 X203.982 Y177.496 E598.71886
G1 F400.7 X204.367 Y178.508 E598.77279
G1 F402.7 X204.497 Y179.584 E598.8265
G1 F403.4 X204.367 Y180.664 E598.88032
G1 F402 X203.982 Y181.672 E598.93389
G1 F403.4 X203.368 Y182.566 E598.98754
G1 X202.553 Y183.289 E599.04144
G1 F401.3 X201.597 Y183.79 E599.09511
G1 F402 X200.54 Y184.051 E599.14916
;TIME_ELAPSED:1021.113829
;LAYER:155
;note -- min layer time used
M204 S3000
M205 X10 Y10
;MESH:15_7_1.stl
G0 F6000 X200.54 Y184.051 Z32.29
M204 S1800
M205 X8 Y8
;TYPE:WALL-OUTER
G1 F404 X199.46 Y184.051 E599.2025
G1 F402.7 X198.402 Y183.79 E599.25651
G1 F400.7 X197.444 Y183.288 E599.31037
G1 F401.3 X196.629 Y182.565 E599.36455
G1 F402 X196.014 Y181.672 E599.41837
G1 F400.7 X195.629 Y180.664 E599.47211
G1 X195.501 Y179.584 E599.52628
G1 X195.629 Y178.508 E599.58025
G1 X196.014 Y177.496 E599.63418
G1 F401.3 X196.63 Y176.604 E599.68808
G1 F400 X197.444 Y175.882 E599.74237
G1 X198.402 Y175.378 E599.79637
G1 F401.3 X199.46 Y175.119 E599.85054
G1 X200.54 Y175.119 E599.90424
G1 X201.597 Y175.378 E599.95835
G1 F400.7 X202.552 Y175.881 E600.01211
G1 F401.3 X203.367 Y176.603 E600.06625
G1 F402 X203.982 Y177.496 E600.12007
G1 F400.7 X204.367 Y178.508 E600.174
G1 F402.7 X204.497 Y179.584 E600.22772
G1 F403.4 X204.367 Y180.664 E600.28153
G1 F402 X203.982 Y181.672 E600.3351
G1 F403.4 X203.368 Y182.566 E600.38875
G1 X202.553 Y183.289 E600.44266
G1 F401.3 X201.597 Y183.79 E600.49632
G1 F402 X200.54 Y184.051 E600.55037
;TIME_ELAPSED:1025.417621
;LAYER:156
;note -- min layer time used
M204 S3000
M205 X10 Y10
;MESH:15_7_1.stl
G0 F6000 X200.54 Y184.051 Z32.49
M204 S1800
M205 X8 Y8
;TYPE:WALL-OUTER
G1 F404 X199.46 Y184.051 E600.60371
G1 F402.7 X198.402 Y183.79 E600.65772
G1 F400.7 X197.444 Y183.288 E600.71159
G1 F401.3 X196.629 Y182.565 E600.76576
G1 F402 X196.014 Y181.672 E600.81958
G1 F400.7 X195.629 Y180.664 E600.87333
G1 X195.501 Y179.584 E600.92749
G1 X195.629 Y178.508 E600.98146
G1 X196.014 Y177.496 E601.03539
G1 F401.3 X196.63 Y176.604 E601.0893
G1 F400 X197.444 Y175.882 E601.14358
G1 X198.402 Y175.378 E601.19758
G1 F401.3 X199.46 Y175.119 E601.25175
G1 X200.54 Y175.119 E601.30545
G1 X201.597 Y175.378 E601.35956
G1 F400.7 X202.552 Y175.881 E601.41332
G1 F401.3 X203.367 Y176.603 E601.46746
G1 F402 X203.982 Y177.496 E601.52129
G1 F400.7 X204.367 Y178.508 E601.57521
G1 F402.7 X204.497 Y179.584 E601.62893
G1 F403.4 X204.367 Y180.664 E601.68274
G1 F402 X203.982 Y181.672 E601.73631
G1 F403.4 X203.368 Y182.566 E601.78997
G1 X202.553 Y183.289 E601.84387
G1 F401.3 X201.597 Y183.79 E601.89753
G1 F402 X200.54 Y184.051 E601.95158
;TIME_ELAPSED:1029.721413
;LAYER:157
;note -- min layer time used
M204 S3000
M205 X10 Y10
;MESH:15_7_1.stl
G0 F6000 X200.54 Y184.051 Z32.69
M204 S1800
M205 X8 Y8
;TYPE:WALL-OUTER
G1 F404 X199.46 Y184.051 E602.00492
G1 F402.7 X198.402 Y183.79 E602.05893
G1 F400.7 X197.444 Y183.288 E602.1128
G1 F401.3 X196.629 Y182.565 E602.16697
G1 F402 X196.014 Y181.672 E602.22079
G1 F400.7 X195.629 Y180.664 E602.27454
G1 X195.501 Y179.584 E602.3287
G1 X195.629 Y178.508 E602.38268
G1 X196.014 Y177.496 E602.4366
G1 F401.3 X196.63 Y176.604 E602.49051
G1 F400 X197.444 Y175.882 E602.54479
G1 X198.402 Y175.378 E602.5988
G1 F401.3 X199.46 Y175.119 E602.65296
G1 X200.54 Y175.119 E602.70666
G1 X201.597 Y175.378 E602.76077
G1 F400.7 X202.552 Y175.881 E602.81453
G1 F401.3 X203.367 Y176.603 E602.86867
G1 F402 X203.982 Y177.496 E602.9225
G1 F400.7 X204.367 Y178.508 E602.97643
G1 F402.7 X204.497 Y179.584 E603.03014
G1 F403.4 X204.367 Y180.664 E603.08396
G1 F402 X203.982 Y181.672 E603.13752
G1 F403.4 X203.368 Y182.566 E603.19118
G1 X202.553 Y183.289 E603.24508
G1 F401.3 X201.597 Y183.79 E603.29875
G1 F402 X200.54 Y184.051 E603.35279
;TIME_ELAPSED:1034.025205
;LAYER:158
;note -- min layer time used
M204 S3000
M205 X10 Y10
;MESH:15_7_1.stl
G0 F6000 X200.54 Y184.051 Z32.89
M204 S1800
M205 X8 Y8
;TYPE:WALL-OUTER
G1 F404 X199.46 Y184.051 E603.40613
G1 F402.7 X198.402 Y183.79 E603.46014
G1 F400.7 X197.444 Y183.288 E603.51401
G1 F401.3 X196.629 Y182.565 E603.56818
G1 F402 X196.014 Y181.672 E603.622
G1 F400.7 X195.629 Y180.664 E603.67575
G1 X195.501 Y179.584 E603.72992
G1 X195.629 Y178.508 E603.78389
G1 X196.014 Y177.496 E603.83781
G1 F401.3 X196.63 Y176.604 E603.89172
G1 F400 X197.444 Y175.882 E603.946
G1 X198.402 Y175.378 E604.00001
G1 F401.3 X199.46 Y175.119 E604.05417
G1 X200.54 Y175.119 E604.10787
G1 X201.597 Y175.378 E604.16198
G1 F400.7 X202.552 Y175.881 E604.21574
G1 F401.3 X203.367 Y176.603 E604.26988
G1 F402 X203.982 Y177.496 E604.32371
G1 F400.7 X204.367 Y178.508 E604.37764
G1 F402.7 X204.497 Y179.584 E604.43135
G1 F403.4 X204.367 Y180.664 E604.48517
G1 F402 X203.982 Y181.672 E604.53873
G1 F403.4 X203.368 Y182.566 E604.59239
G1 X202.553 Y183.289 E604.64629
G1 F401.3 X201.597 Y183.79 E604.69996
G1 F402 X200.54 Y184.051 E604.754
;TIME_ELAPSED:1038.328997
;LAYER:159
;note -- min layer time used
M204 S3000
M205 X10 Y10
;MESH:15_7_1.stl
G0 F6000 X200.54 Y184.051 Z33.09
M204 S1800
M205 X8 Y8
;TYPE:WALL-OUTER
G1 F404 X199.46 Y184.051 E604.80734
G1 F402.7 X198.402 Y183.79 E604.86135
G1 F400.7 X197.444 Y183.288 E604.91522
G1 F401.3 X196.629 Y182.565 E604.96939
G1 F402 X196.014 Y181.672 E605.02322
G1 F400.7 X195.629 Y180.664 E605.07696
G1 X195.501 Y179.584 E605.13113
G1 X195.629 Y178.508 E605.1851
G1 X196.014 Y177.496 E605.23903
G1 F401.3 X196.63 Y176.604 E605.29293
G1 F400 X197.444 Y175.882 E605.34721
G1 X198.402 Y175.378 E605.40122
G1 F401.3 X199.46 Y175.119 E605.45538
G1 X200.54 Y175.119 E605.50908
G1 X201.597 Y175.378 E605.56319
G1 F400.7 X202.552 Y175.881 E605.61695
G1 F401.3 X203.367 Y176.603 E605.67109
G1 F402 X203.982 Y177.496 E605.72492
G1 F400.7 X204.367 Y178.508 E605.77885
G1 F402.7 X204.497 Y179.584 E605.83256
G1 F403.4 X204.367 Y180.664 E605.88638
G1 F402 X203.982 Y181.672 E605.93994
G1 F403.4 X203.368 Y182.566 E605.9936
G1 X202.553 Y183.289 E606.0475
G1 F401.3 X201.597 Y183.79 E606.10117
G1 F402 X200.54 Y184.051 E606.15521
;TIME_ELAPSED:1042.632789
;LAYER:160
;note -- min layer time used
M204 S3000
M205 X10 Y10
;MESH:15_7_1.stl
G0 F6000 X200.54 Y184.051 Z33.29
M204 S1800
M205 X8 Y8
;TYPE:WALL-OUTER
G1 F404 X199.46 Y184.051 E606.20856
G1 F402.7 X198.402 Y183.79 E606.26256
G1 F400.7 X197.444 Y183.288 E606.31643
G1 F401.3 X196.629 Y182.565 E606.3706
G1 F402 X196.014 Y181.672 E606.42443
G1 F400.7 X195.629 Y180.664 E606.47817
G1 X195.501 Y179.584 E606.53234
G1 X195.629 Y178.508 E606.58631
G1 X196.014 Y177.496 E606.64024
G1 F401.3 X196.63 Y176.604 E606.69414
G1 F400 X197.444 Y175.882 E606.74842
G1 X198.402 Y175.378 E606.80243
G1 F401.3 X199.46 Y175.119 E606.85659
G1 X200.54 Y175.119 E606.91029
G1 X201.597 Y175.378 E606.9644
G1 F400.7 X202.552 Y175.881 E607.01816
G1 F401.3 X203.367 Y176.603 E607.0723
G1 F402 X203.982 Y177.496 E607.12613
G1 F400.7 X204.367 Y178.508 E607.18006
G1 F402.7 X204.497 Y179.584 E607.23377
G1 F403.4 X204.367 Y180.664 E607.28759
G1 F402 X203.982 Y181.672 E607.34115
G1 F403.4 X203.368 Y182.566 E607.39481
G1 X202.553 Y183.289 E607.44871
G1 F401.3 X201.597 Y183.79 E607.50238
G1 F402 X200.54 Y184.051 E607.55642
;TIME_ELAPSED:1046.936582
;LAYER:161
;note -- min layer time used
M204 S3000
M205 X10 Y10
;MESH:15_7_1.stl
G0 F6000 X200.54 Y184.051 Z33.49
M204 S1800
M205 X8 Y8
;TYPE:WALL-OUTER
G1 F404 X199.46 Y184.051 E607.60977
G1 F402.7 X198.402 Y183.79 E607.66377
G1 F400.7 X197.444 Y183.288 E607.71764
G1 F401.3 X196.629 Y182.565 E607.77181
G1 F402 X196.014 Y181.672 E607.82564
G1 F400.7 X195.629 Y180.664 E607.87938
G1 X195.501 Y179.584 E607.93355
G1 X195.629 Y178.508 E607.98752
G1 X196.014 Y177.496 E608.04145
G1 F401.3 X196.63 Y176.604 E608.09535
G1 F400 X197.444 Y175.882 E608.14963
G1 X198.402 Y175.378 E608.20364
G1 F401.3 X199.46 Y175.119 E608.2578
G1 X200.54 Y175.119 E608.3115
G1 X201.597 Y175.378 E608.36562
G1 F400.7 X202.552 Y175.881 E608.41938
G1 F401.3 X203.367 Y176.603 E608.47352
G1 F402 X203.982 Y177.496 E608.52734
G1 F400.7 X204.367 Y178.508 E608.58127
G1 F402.7 X204.497 Y179.584 E608.63498
G1 F403.4 X204.367 Y180.664 E608.6888
G1 F402 X203.982 Y181.672 E608.74236
G1 F403.4 X203.368 Y182.566 E608.79602
G1 X202.553 Y183.289 E608.84992
G1 F401.3 X201.597 Y183.79 E608.90359
G1 F402 X200.54 Y184.051 E608.95763
;TIME_ELAPSED:1051.240374
;LAYER:162
;note -- min layer time used
M204 S3000
M205 X10 Y10
;MESH:15_7_1.stl
G0 F6000 X200.54 Y184.051 Z33.69
M204 S1800
M205 X8 Y8
;TYPE:WALL-OUTER
G1 F404 X199.46 Y184.051 E609.01098
G1 F402.7 X198.402 Y183.79 E609.06498
G1 F400.7 X197.444 Y183.288 E609.11885
G1 F401.3 X196.629 Y182.565 E609.17302
G1 F402 X196.014 Y181.672 E609.22685
G1 F400.7 X195.629 Y180.664 E609.28059
G1 X195.501 Y179.584 E609.33476
G1 X195.629 Y178.508 E609.38873
G1 X196.014 Y177.496 E609.44266
G1 F401.3 X196.63 Y176.604 E609.49656
G1 F400 X197.444 Y175.882 E609.55084
G1 X198.402 Y175.378 E609.60485
G1 F401.3 X199.46 Y175.119 E609.65901
G1 X200.54 Y175.119 E609.71271
G1 X201.597 Y175.378 E609.76683
G1 F400.7 X202.552 Y175.881 E609.82059
G1 F401.3 X203.367 Y176.603 E609.87473
G1 F402 X203.982 Y177.496 E609.92855
G1 F400.7 X204.367 Y178.508 E609.98248
G1 F402.7 X204.497 Y179.584 E610.03619
G1 F403.4 X204.367 Y180.664 E610.09001
G1 F402 X203.982 Y181.672 E610.14357
G1 F403.4 X203.368 Y182.566 E610.19723
G1 X202.553 Y183.289 E610.25113
G1 F401.3 X201.597 Y183.79 E610.3048
G1 F402 X200.54 Y184.051 E610.35885
;TIME_ELAPSED:1055.544166
;LAYER:163
;note -- min layer time used
M204 S3000
M205 X10 Y10
;MESH:15_7_1.stl
G0 F6000 X200.54 Y184.051 Z33.89
M204 S1800
M205 X8 Y8
;TYPE:WALL-OUTER
G1 F404 X199.46 Y184.051 E610.41219
G1 F402.7 X198.402 Y183.79 E610.46619
G1 F400.7 X197.444 Y183.288 E610.52006
G1 F401.3 X196.629 Y182.565 E610.57423
G1 F402 X196.014 Y181.672 E610.62806
G1 F400.7 X195.629 Y180.664 E610.6818
G1 X195.501 Y179.584 E610.73597
G1 X195.629 Y178.508 E610.78994
G1 X196.014 Y177.496 E610.84387
G1 F401.3 X196.63 Y176.604 E610.89777
G1 F400 X197.444 Y175.882 E610.95206
G1 X198.402 Y175.378 E611.00606
G1 F401.3 X199.46 Y175.119 E611.06022
G1 X200.54 Y175.119 E611.11392
G1 X201.597 Y175.378 E611.16804
G1 F400.7 X202.552 Y175.881 E611.2218
G1 F401.3 X203.367 Y176.603 E611.27594
G1 F402 X203.982 Y177.496 E611.32976
G1 F400.7 X204.367 Y178.508 E611.38369
G1 F402.7 X204.497 Y179.584 E611.4374
G1 F403.4 X204.367 Y180.664 E611.49122
G1 F402 X203.982 Y181.672 E611.54478
G1 F403.4 X203.368 Y182.566 E611.59844
G1 X202.553 Y183.289 E611.65234
G1 F401.3 X201.597 Y183.79 E611.70601
G1 F402 X200.54 Y184.051 E611.76006
;TIME_ELAPSED:1059.847958
;LAYER:164
;note -- min layer time used
M204 S3000
M205 X10 Y10
;MESH:15_7_1.stl
G0 F6000 X200.54 Y184.051 Z34.09
M204 S1800
M205 X8 Y8
;TYPE:WALL-OUTER
G1 F404 X199.46 Y184.051 E611.8134
G1 F402.7 X198.402 Y183.79 E611.8674
G1 F400.7 X197.444 Y183.288 E611.92127
G1 F401.3 X196.629 Y182.565 E611.97545
G1 F402 X196.014 Y181.672 E612.02927
G1 F400.7 X195.629 Y180.664 E612.08301
G1 X195.501 Y179.584 E612.13718
G1 X195.629 Y178.508 E612.19115
G1 X196.014 Y177.496 E612.24508
G1 F401.3 X196.63 Y176.604 E612.29898
G1 F400 X197.444 Y175.882 E612.35327
G1 X198.402 Y175.378 E612.40727
G1 F401.3 X199.46 Y175.119 E612.46143
G1 X200.54 Y175.119 E612.51513
G1 X201.597 Y175.378 E612.56925
G1 F400.7 X202.552 Y175.881 E612.62301
G1 F401.3 X203.367 Y176.603 E612.67715
G1 F402 X203.982 Y177.496 E612.73097
G1 F400.7 X204.367 Y178.508 E612.7849
G1 F402.7 X204.497 Y179.584 E612.83861
G1 F403.4 X204.367 Y180.664 E612.89243
G1 F402 X203.982 Y181.672 E612.94599
G1 F403.4 X203.368 Y182.566 E612.99965
G1 X202.553 Y183.289 E613.05355
G1 F401.3 X201.597 Y183.79 E613.10722
G1 F402 X200.54 Y184.051 E613.16127
;TIME_ELAPSED:1064.151750
;LAYER:165
;note -- min layer time used
M204 S3000
M205 X10 Y10
;MESH:15_7_1.stl
G0 F6000 X200.54 Y184.051 Z34.29
M204 S1800
M205 X8 Y8
;TYPE:WALL-OUTER
G1 F404 X199.46 Y184.051 E613.21461
G1 F402.7 X198.402 Y183.79 E613.26861
G1 F400.7 X197.444 Y183.288 E613.32248
G1 F401.3 X196.629 Y182.565 E613.37666
G1 F402 X196.014 Y181.672 E613.43048
G1 F400.7 X195.629 Y180.664 E613.48422
G1 X195.501 Y179.584 E613.53839
G1 X195.629 Y178.508 E613.59236
G1 X196.014 Y177.496 E613.64629
G1 F401.3 X196.63 Y176.604 E613.70019
G1 F400 X197.444 Y175.882 E613.75448
G1 X198.402 Y175.378 E613.80848
G1 F401.3 X199.46 Y175.119 E613.86264
G1 X200.54 Y175.119 E613.91635
G1 X201.597 Y175.378 E613.97046
G1 F400.7 X202.552 Y175.881 E614.02422
G1 F401.3 X203.367 Y176.603 E614.07836
G1 F402 X203.982 Y177.496 E614.13218
G1 F400.7 X204.367 Y178.508 E614.18611
G1 F402.7 X204.497 Y179.584 E614.23982
G1 F403.4 X204.367 Y180.664 E614.29364
G1 F402 X203.982 Y181.672 E614.34721
G1 F403.4 X203.368 Y182.566 E614.40086
G1 X202.553 Y183.289 E614.45476
G1 F401.3 X201.597 Y183.79 E614.50843
G1 F402 X200.54 Y184.051 E614.56248
;TIME_ELAPSED:1068.455542
;LAYER:166
;note -- min layer time used
M204 S3000
M205 X10 Y10
;MESH:15_7_1.stl
G0 F6000 X200.54 Y184.051 Z34.49
M204 S1800
M205 X8 Y8
;TYPE:WALL-OUTER
G1 F404 X199.46 Y184.051 E614.61582
G1 F402.7 X198.402 Y183.79 E614.66982
G1 F400.7 X197.444 Y183.288 E614.72369
G1 F401.3 X196.629 Y182.565 E614.77787
G1 F402 X196.014 Y181.672 E614.83169
G1 F400.7 X195.629 Y180.664 E614.88543
G1 X195.501 Y179.584 E614.9396
G1 X195.629 Y178.508 E614.99357
G1 X196.014 Y177.496 E615.0475
G1 F401.3 X196.63 Y176.604 E615.1014
G1 F400 X197.444 Y175.882 E615.15569
G1 X198.402 Y175.378 E615.20969
G1 F401.3 X199.46 Y175.119 E615.26385
G1 X200.54 Y175.119 E615.31756
G1 X201.597 Y175.378 E615.37167
G1 F400.7 X202.552 Y175.881 E615.42543
G1 F401.3 X203.367 Y176.603 E615.47957
G1 F402 X203.982 Y177.496 E615.53339
G1 F400.7 X204.367 Y178.508 E615.58732
G1 F402.7 X204.497 Y179.584 E615.64103
G1 F403.4 X204.367 Y180.664 E615.69485
G1 F402 X203.982 Y181.672 E615.74842
G1 F403.4 X203.368 Y182.566 E615.80207
G1 X202.553 Y183.289 E615.85597
G1 F401.3 X201.597 Y183.79 E615.90964
G1 F402 X200.54 Y184.051 E615.96369
;TIME_ELAPSED:1072.759334
;LAYER:167
;note -- min layer time used
M204 S3000
M205 X10 Y10
;MESH:15_7_1.stl
G0 F6000 X200.54 Y184.051 Z34.69
M204 S1800
M205 X8 Y8
;TYPE:WALL-OUTER
G1 F404 X199.46 Y184.051 E616.01703
G1 F402.7 X198.402 Y183.79 E616.07104
G1 F400.7 X197.444 Y183.288 E616.1249
G1 F401.3 X196.629 Y182.565 E616.17908
G1 F402 X196.014 Y181.672 E616.2329
G1 F400.7 X195.629 Y180.664 E616.28665
G1 X195.501 Y179.584 E616.34081
G1 X195.629 Y178.508 E616.39478
G1 X196.014 Y177.496 E616.44871
G1 F401.3 X196.63 Y176.604 E616.50261
G1 F400 X197.444 Y175.882 E616.5569
G1 X198.402 Y175.378 E616.6109
G1 F401.3 X199.46 Y175.119 E616.66507
G1 X200.54 Y175.119 E616.71877
G1 X201.597 Y175.378 E616.77288
G1 F400.7 X202.552 Y175.881 E616.82664
G1 F401.3 X203.367 Y176.603 E616.88078
G1 F402 X203.982 Y177.496 E616.9346
G1 F400.7 X204.367 Y178.508 E616.98853
G1 F402.7 X204.497 Y179.584 E617.04225
G1 F403.4 X204.367 Y180.664 E617.09606
G1 F402 X203.982 Y181.672 E617.14963
G1 F403.4 X203.368 Y182.566 E617.20328
G1 X202.553 Y183.289 E617.25719
G1 F401.3 X201.597 Y183.79 E617.31085
G1 F402 X200.54 Y184.051 E617.3649
;TIME_ELAPSED:1077.063127
;LAYER:168
;note -- min layer time used
M204 S3000
M205 X10 Y10
;MESH:15_7_1.stl
G0 F6000 X200.54 Y184.051 Z34.89
M204 S1800
M205 X8 Y8
;TYPE:WALL-OUTER
G1 F404 X199.46 Y184.051 E617.41824
G1 F402.7 X198.402 Y183.79 E617.47225
G1 F400.7 X197.444 Y183.288 E617.52612
G1 F401.3 X196.629 Y182.565 E617.58029
G1 F402 X196.014 Y181.672 E617.63411
G1 F400.7 X195.629 Y180.664 E617.68786
G1 X195.501 Y179.584 E617.74202
G1 X195.629 Y178.508 E617.79599
G1 X196.014 Y177.496 E617.84992
G1 F401.3 X196.63 Y176.604 E617.90383
G1 F400 X197.444 Y175.882 E617.95811
G1 X198.402 Y175.378 E618.01211
G1 F401.3 X199.46 Y175.119 E618.06628
G1 X200.54 Y175.119 E618.11998
G1 X201.597 Y175.378 E618.17409
G1 F400.7 X202.552 Y175.881 E618.22785
G1 F401.3 X203.367 Y176.603 E618.28199
G1 F402 X203.982 Y177.496 E618.33582
G1 F400.7 X204.367 Y178.508 E618.38974
G1 F402.7 X204.497 Y179.584 E618.44346
G1 F403.4 X204.367 Y180.664 E618.49727
G1 F402 X203.982 Y181.672 E618.55084
G1 F403.4 X203.368 Y182.566 E618.6045
G1 X202.553 Y183.289 E618.6584
G1 F401.3 X201.597 Y183.79 E618.71206
G1 F402 X200.54 Y184.051 E618.76611
;TIME_ELAPSED:1081.366919
;LAYER:169
;note -- min layer time used
M204 S3000
M205 X10 Y10
;MESH:15_7_1.stl
G0 F6000 X200.54 Y184.051 Z35.09
M204 S1800
M205 X8 Y8
;TYPE:WALL-OUTER
G1 F404 X199.46 Y184.051 E618.81945
G1 F402.7 X198.402 Y183.79 E618.87346
G1 F400.7 X197.444 Y183.288 E618.92733
G1 F401.3 X196.629 Y182.565 E618.9815
G1 F402 X196.014 Y181.672 E619.03532
G1 F400.7 X195.629 Y180.664 E619.08907
G1 X195.501 Y179.584 E619.14324
G1 X195.629 Y178.508 E619.19721
G1 X196.014 Y177.496 E619.25113
G1 F401.3 X196.63 Y176.604 E619.30504
G1 F400 X197.444 Y175.882 E619.35932
G1 X198.402 Y175.378 E619.41333
G1 F401.3 X199.46 Y175.119 E619.46749
G1 X200.54 Y175.119 E619.52119
G1 X201.597 Y175.378 E619.5753
G1 F400.7 X202.552 Y175.881 E619.62906
G1 F401.3 X203.367 Y176.603 E619.6832
G1 F402 X203.982 Y177.496 E619.73703
G1 F400.7 X204.367 Y178.508 E619.79096
G1 F402.7 X204.497 Y179.584 E619.84467
G1 F403.4 X204.367 Y180.664 E619.89849
G1 F402 X203.982 Y181.672 E619.95205
G1 F403.4 X203.368 Y182.566 E620.00571
G1 X202.553 Y183.289 E620.05961
G1 F401.3 X201.597 Y183.79 E620.11328
G1 F402 X200.54 Y184.051 E620.16732
;TIME_ELAPSED:1085.670711
;LAYER:170
;note -- min layer time used
M204 S3000
M205 X10 Y10
;MESH:15_7_1.stl
G0 F6000 X200.54 Y184.051 Z35.29
M204 S1800
M205 X8 Y8
;TYPE:WALL-OUTER
G1 F404 X199.46 Y184.051 E620.22066
G1 F402.7 X198.402 Y183.79 E620.27467
G1 F400.7 X197.444 Y183.288 E620.32854
G1 F401.3 X196.629 Y182.565 E620.38271
G1 F402 X196.014 Y181.672 E620.43653
G1 F400.7 X195.629 Y180.664 E620.49028
G1 X195.501 Y179.584 E620.54445
G1 X195.629 Y178.508 E620.59842
G1 X196.014 Y177.496 E620.65235
G1 F401.3 X196.63 Y176.604 E620.70625
G1 F400 X197.444 Y175.882 E620.76053
G1 X198.402 Y175.378 E620.81454
G1 F401.3 X199.46 Y175.119 E620.8687
G1 X200.54 Y175.119 E620.9224
G1 X201.597 Y175.378 E620.97651
G1 F400.7 X202.552 Y175.881 E621.03027
G1 F401.3 X203.367 Y176.603 E621.08441
G1 F402 X203.982 Y177.496 E621.13824
G1 F400.7 X204.367 Y178.508 E621.19217
G1 F402.7 X204.497 Y179.584 E621.24588
G1 F403.4 X204.367 Y180.664 E621.2997
G1 F402 X203.982 Y181.672 E621.35326
G1 F403.4 X203.368 Y182.566 E621.40692
G1 X202.553 Y183.289 E621.46082
G1 F401.3 X201.597 Y183.79 E621.51449
G1 F402 X200.54 Y184.051 E621.56853
;TIME_ELAPSED:1089.974503
;LAYER:171
;note -- min layer time used
M204 S3000
M205 X10 Y10
;MESH:15_7_1.stl
G0 F6000 X200.54 Y184.051 Z35.49
M204 S1800
M205 X8 Y8
;TYPE:WALL-OUTER
G1 F404 X199.46 Y184.051 E621.62188
G1 F402.7 X198.402 Y183.79 E621.67588
G1 F400.7 X197.444 Y183.288 E621.72975
G1 F401.3 X196.629 Y182.565 E621.78392
G1 F402 X196.014 Y181.672 E621.83775
G1 F400.7 X195.629 Y180.664 E621.89149
G1 X195.501 Y179.584 E621.94566
G1 X195.629 Y178.508 E621.99963
G1 X196.014 Y177.496 E622.05356
G1 F401.3 X196.63 Y176.604 E622.10746
G1 F400 X197.444 Y175.882 E622.16174
G1 X198.402 Y175.378 E622.21575
G1 F401.3 X199.46 Y175.119 E622.26991
G1 X200.54 Y175.119 E622.32361
G1 X201.597 Y175.378 E622.37772
G1 F400.7 X202.552 Y175.881 E622.43148
G1 F401.3 X203.367 Y176.603 E622.48562
G1 F402 X203.982 Y177.496 E622.53945
G1 F400.7 X204.367 Y178.508 E622.59338
G1 F402.7 X204.497 Y179.584 E622.64709
G1 F403.4 X204.367 Y180.664 E622.70091
G1 F402 X203.982 Y181.672 E622.75447
G1 F403.4 X203.368 Y182.566 E622.80813
G1 X202.553 Y183.289 E622.86203
G1 F401.3 X201.597 Y183.79 E622.9157
G1 F402 X200.54 Y184.051 E622.96974
;TIME_ELAPSED:1094.278295
;LAYER:172
;note -- min layer time used
M204 S3000
M205 X10 Y10
;MESH:15_7_1.stl
G0 F6000 X200.54 Y184.051 Z35.69
M204 S1800
M205 X8 Y8
;TYPE:WALL-OUTER
G1 F404 X199.46 Y184.051 E623.02309
G1 F402.7 X198.402 Y183.79 E623.07709
G1 F400.7 X197.444 Y183.288 E623.13096
G1 F401.3 X196.629 Y182.565 E623.18513
G1 F402 X196.014 Y181.672 E623.23896
G1 F400.7 X195.629 Y180.664 E623.2927
G1 X195.501 Y179.584 E623.34687
G1 X195.629 Y178.508 E623.40084
G1 X196.014 Y177.496 E623.45477
G1 F401.3 X196.63 Y176.604 E623.50867
G1 F400 X197.444 Y175.882 E623.56295
G1 X198.402 Y175.378 E623.61696
G1 F401.3 X199.46 Y175.119 E623.67112
G1 X200.54 Y175.119 E623.72482
G1 X201.597 Y175.378 E623.77893
G1 F400.7 X202.552 Y175.881 E623.83269
G1 F401.3 X203.367 Y176.603 E623.88683
G1 F402 X203.982 Y177.496 E623.94066
G1 F400.7 X204.367 Y178.508 E623.99459
G1 F402.7 X204.497 Y179.584 E624.0483
G1 F403.4 X204.367 Y180.664 E624.10212
G1 F402 X203.982 Y181.672 E624.15568
G1 F403.4 X203.368 Y182.566 E624.20934
G1 X202.553 Y183.289 E624.26324
G1 F401.3 X201.597 Y183.79 E624.31691
G1 F402 X200.54 Y184.051 E624.37095
;TIME_ELAPSED:1098.582087
;LAYER:173
;note -- min layer time used
M204 S3000
M205 X10 Y10
;MESH:15_7_1.stl
G0 F6000 X200.54 Y184.051 Z35.89
M204 S1800
M205 X8 Y8
;TYPE:WALL-OUTER
G1 F404 X199.46 Y184.051 E624.4243
G1 F402.7 X198.402 Y183.79 E624.4783
G1 F400.7 X197.444 Y183.288 E624.53217
G1 F401.3 X196.629 Y182.565 E624.58634
G1 F402 X196.014 Y181.672 E624.64017
G1 F400.7 X195.629 Y180.664 E624.69391
G1 X195.501 Y179.584 E624.74808
G1 X195.629 Y178.508 E624.80205
G1 X196.014 Y177.496 E624.85598
G1 F401.3 X196.63 Y176.604 E624.90988
G1 F400 X197.444 Y175.882 E624.96416
G1 X198.402 Y175.378 E625.01817
G1 F401.3 X199.46 Y175.119 E625.07233
G1 X200.54 Y175.119 E625.12603
G1 X201.597 Y175.378 E625.18015
G1 F400.7 X202.552 Y175.881 E625.23391
G1 F401.3 X203.367 Y176.603 E625.28805
G1 F402 X203.982 Y177.496 E625.34187
G1 F400.7 X204.367 Y178.508 E625.3958
G1 F402.7 X204.497 Y179.584 E625.44951
G1 F403.4 X204.367 Y180.664 E625.50333
G1 F402 X203.982 Y181.672 E625.55689
G1 F403.4 X203.368 Y182.566 E625.61055
G1 X202.553 Y183.289 E625.66445
G1 F401.3 X201.597 Y183.79 E625.71812
G1 F402 X200.54 Y184.051 E625.77217
;TIME_ELAPSED:1102.885880
;LAYER:174
;note -- min layer time used
M204 S3000
M205 X10 Y10
;MESH:15_7_1.stl
G0 F6000 X200.54 Y184.051 Z36.09
M204 S1800
M205 X8 Y8
;TYPE:WALL-OUTER
G1 F404 X199.46 Y184.051 E625.82551
G1 F402.7 X198.402 Y183.79 E625.87951
G1 F400.7 X197.444 Y183.288 E625.93338
G1 F401.3 X196.629 Y182.565 E625.98755
G1 F402 X196.014 Y181.672 E626.04138
G1 F400.7 X195.629 Y180.664 E626.09512
G1 X195.501 Y179.584 E626.14929
G1 X195.629 Y178.508 E626.20326
G1 X196.014 Y177.496 E626.25719
G1 F401.3 X196.63 Y176.604 E626.31109
G1 F400 X197.444 Y175.882 E626.36537
G1 X198.402 Y175.378 E626.41938
G1 F401.3 X199.46 Y175.119 E626.47354
G1 X200.54 Y175.119 E626.52724
G1 X201.597 Y175.378 E626.58136
G1 F400.7 X202.552 Y175.881 E626.63512
G1 F401.3 X203.367 Y176.603 E626.68926
G1 F402 X203.982 Y177.496 E626.74308
G1 F400.7 X204.367 Y178.508 E626.79701
G1 F402.7 X204.497 Y179.584 E626.85072
G1 F403.4 X204.367 Y180.664 E626.90454
G1 F402 X203.982 Y181.672 E626.9581
G1 F403.4 X203.368 Y182.566 E627.01176
G1 X202.553 Y183.289 E627.06566
G1 F401.3 X201.597 Y183.79 E627.11933
G1 F402 X200.54 Y184.051 E627.17338
;TIME_ELAPSED:1107.189672
;LAYER:175
;note -- min layer time used
M204 S3000
M205 X10 Y10
;MESH:15_7_1.stl
G0 F6000 X200.54 Y184.051 Z36.29
M204 S1800
M205 X8 Y8
;TYPE:WALL-OUTER
G1 F404 X199.46 Y184.051 E627.22672
G1 F402.7 X198.402 Y183.79 E627.28072
G1 F400.7 X197.444 Y183.288 E627.33459
G1 F401.3 X196.629 Y182.565 E627.38876
G1 F402 X196.014 Y181.672 E627.44259
G1 F400.7 X195.629 Y180.664 E627.49633
G1 X195.501 Y179.584 E627.5505
G1 X195.629 Y178.508 E627.60447
G1 X196.014 Y177.496 E627.6584
G1 F401.3 X196.63 Y176.604 E627.7123
G1 F400 X197.444 Y175.882 E627.76659
G1 X198.402 Y175.378 E627.82059
G1 F401.3 X199.46 Y175.119 E627.87475
G1 X200.54 Y175.119 E627.92845
G1 X201.597 Y175.378 E627.98257
G1 F400.7 X202.552 Y175.881 E628.03633
G1 F401.3 X203.367 Y176.603 E628.09047
G1 F402 X203.982 Y177.496 E628.14429
G1 F400.7 X204.367 Y178.508 E628.19822
G1 F402.7 X204.497 Y179.584 E628.25193
G1 F403.4 X204.367 Y180.664 E628.30575
G1 F402 X203.982 Y181.672 E628.35931
G1 F403.4 X203.368 Y182.566 E628.41297
G1 X202.553 Y183.289 E628.46687
G1 F401.3 X201.597 Y183.79 E628.52054
G1 F402 X200.54 Y184.051 E628.57459
;TIME_ELAPSED:1111.493464
;LAYER:176
;note -- min layer time used
M204 S3000
M205 X10 Y10
;MESH:15_7_1.stl
G0 F6000 X200.54 Y184.051 Z36.49
M204 S1800
M205 X8 Y8
;TYPE:WALL-OUTER
G1 F404 X199.46 Y184.051 E628.62793
G1 F402.7 X198.402 Y183.79 E628.68193
G1 F400.7 X197.444 Y183.288 E628.7358
G1 F401.3 X196.629 Y182.565 E628.78998
G1 F402 X196.014 Y181.672 E628.8438
G1 F400.7 X195.629 Y180.664 E628.89754
G1 X195.501 Y179.584 E628.95171
G1 X195.629 Y178.508 E629.00568
G1 X196.014 Y177.496 E629.05961
G1 F401.3 X196.63 Y176.604 E629.11351
G1 F400 X197.444 Y175.882 E629.1678
G1 X198.402 Y175.378 E629.2218
G1 F401.3 X199.46 Y175.119 E629.27596
G1 X200.54 Y175.119 E629.32967
G1 X201.597 Y175.378 E629.38378
G1 F400.7 X202.552 Y175.881 E629.43754
G1 F401.3 X203.367 Y176.603 E629.49168
G1 F402 X203.982 Y177.496 E629.5455
G1 F400.7 X204.367 Y178.508 E629.59943
G1 F402.7 X204.497 Y179.584 E629.65314
G1 F403.4 X204.367 Y180.664 E629.70696
G1 F402 X203.982 Y181.672 E629.76053
G1 F403.4 X203.368 Y182.566 E629.81418
G1 X202.553 Y183.289 E629.86808
G1 F401.3 X201.597 Y183.79 E629.92175
G1 F402 X200.54 Y184.051 E629.9758
;TIME_ELAPSED:1115.797256
;LAYER:177
;note -- min layer time used
M204 S3000
M205 X10 Y10
;MESH:15_7_1.stl
G0 F6000 X200.54 Y184.051 Z36.69
M204 S1800
M205 X8 Y8
;TYPE:WALL-OUTER
G1 F404 X199.46 Y184.051 E630.02914
G1 F402.7 X198.402 Y183.79 E630.08314
G1 F400.7 X197.444 Y183.288 E630.13701
G1 F401.3 X196.629 Y182.565 E630.19119
G1 F402 X196.014 Y181.672 E630.24501
G1 F400.7 X195.629 Y180.664 E630.29875
G1 X195.501 Y179.584 E630.35292
G1 X195.629 Y178.508 E630.40689
G1 X196.014 Y177.496 E630.46082
G1 F401.3 X196.63 Y176.604 E630.51472
G1 F400 X197.444 Y175.882 E630.56901
G1 X198.402 Y175.378 E630.62301
G1 F401.3 X199.46 Y175.119 E630.67717
G1 X200.54 Y175.119 E630.73088
G1 X201.597 Y175.378 E630.78499
G1 F400.7 X202.552 Y175.881 E630.83875
G1 F401.3 X203.367 Y176.603 E630.89289
G1 F402 X203.982 Y177.496 E630.94671
G1 F400.7 X204.367 Y178.508 E631.00064
G1 F402.7 X204.497 Y179.584 E631.05435
G1 F403.4 X204.367 Y180.664 E631.10817
G1 F402 X203.982 Y181.672 E631.16174
G1 F403.4 X203.368 Y182.566 E631.21539
G1 X202.553 Y183.289 E631.26929
G1 F401.3 X201.597 Y183.79 E631.32296
G1 F402 X200.54 Y184.051 E631.37701
;TIME_ELAPSED:1120.101048
;LAYER:178
;note -- min layer time used
M204 S3000
M205 X10 Y10
;MESH:15_7_1.stl
G0 F6000 X200.54 Y184.051 Z36.89
M204 S1800
M205 X8 Y8
;TYPE:WALL-OUTER
G1 F404 X199.46 Y184.051 E631.43035
G1 F402.7 X198.402 Y183.79 E631.48436
G1 F400.7 X197.444 Y183.288 E631.53822
G1 F401.3 X196.629 Y182.565 E631.5924
G1 F402 X196.014 Y181.672 E631.64622
G1 F400.7 X195.629 Y180.664 E631.69996
G1 X195.501 Y179.584 E631.75413
G1 X195.629 Y178.508 E631.8081
G1 X196.014 Y177.496 E631.86203
G1 F401.3 X196.63 Y176.604 E631.91593
G1 F400 X197.444 Y175.882 E631.97022
G1 X198.402 Y175.378 E632.02422
G1 F401.3 X199.46 Y175.119 E632.07838
G1 X200.54 Y175.119 E632.13209
G1 X201.597 Y175.378 E632.1862
G1 F400.7 X202.552 Y175.881 E632.23996
G1 F401.3 X203.367 Y176.603 E632.2941
G1 F402 X203.982 Y177.496 E632.34792
G1 F400.7 X204.367 Y178.508 E632.40185
G1 F402.7 X204.497 Y179.584 E632.45557
G1 F403.4 X204.367 Y180.664 E632.50938
G1 F402 X203.982 Y181.672 E632.56295
G1 F403.4 X203.368 Y182.566 E632.6166
G1 X202.553 Y183.289 E632.67051
G1 F401.3 X201.597 Y183.79 E632.72417
G1 F402 X200.54 Y184.051 E632.77822
;TIME_ELAPSED:1124.404840
;LAYER:179
;note -- min layer time used
M204 S3000
M205 X10 Y10
;MESH:15_7_1.stl
G0 F6000 X200.54 Y184.051 Z37.09
M204 S1800
M205 X8 Y8
;TYPE:WALL-OUTER
G1 F404 X199.46 Y184.051 E632.83156
G1 F402.7 X198.402 Y183.79 E632.88557
G1 F400.7 X197.444 Y183.288 E632.93944
G1 F401.3 X196.629 Y182.565 E632.99361
G1 F402 X196.014 Y181.672 E633.04743
G1 F400.7 X195.629 Y180.664 E633.10118
G1 X195.501 Y179.584 E633.15534
G1 X195.629 Y178.508 E633.20931
G1 X196.014 Y177.496 E633.26324
G1 F401.3 X196.63 Y176.604 E633.31715
G1 F400 X197.444 Y175.882 E633.37143
G1 X198.402 Y175.378 E633.42543
G1 F401.3 X199.46 Y175.119 E633.4796
G1 X200.54 Y175.119 E633.5333
G1 X201.597 Y175.378 E633.58741
G1 F400.7 X202.552 Y175.881 E633.64117
G1 F401.3 X203.367 Y176.603 E633.69531
G1 F402 X203.982 Y177.496 E633.74914
G1 F400.7 X204.367 Y178.508 E633.80306
G1 F402.7 X204.497 Y179.584 E633.85678
G1 F403.4 X204.367 Y180.664 E633.91059
G1 F402 X203.982 Y181.672 E633.96416
G1 F403.4 X203.368 Y182.566 E634.01781
G1 X202.553 Y183.289 E634.07172
G1 F401.3 X201.597 Y183.79 E634.12538
G1 F402 X200.54 Y184.051 E634.17943
;TIME_ELAPSED:1128.708633
;LAYER:180
;note -- min layer time used
M204 S3000
M205 X10 Y10
;MESH:15_7_1.stl
G0 F6000 X200.54 Y184.051 Z37.29
M204 S1800
M205 X8 Y8
;TYPE:WALL-OUTER
G1 F404 X199.46 Y184.051 E634.23277
G1 F402.7 X198.402 Y183.79 E634.28678
G1 F400.7 X197.444 Y183.288 E634.34065
G1 F401.3 X196.629 Y182.565 E634.39482
G1 F402 X196.014 Y181.672 E634.44864
G1 F400.7 X195.629 Y180.664 E634.50239
G1 X195.501 Y179.584 E634.55655
G1 X195.629 Y178.508 E634.61052
G1 X196.014 Y177.496 E634.66445
G1 F401.3 X196.63 Y176.604 E634.71836
G1 F400 X197.444 Y175.882 E634.77264
G1 X198.402 Y175.378 E634.82665
G1 F401.3 X199.46 Y175.119 E634.88081
G1 X200.54 Y175.119 E634.93451
G1 X201.597 Y175.378 E634.98862
G1 F400.7 X202.552 Y175.881 E635.04238
G1 F401.3 X203.367 Y176.603 E635.09652
G1 F402 X203.982 Y177.496 E635.15035
G1 F400.7 X204.367 Y178.508 E635.20428
G1 F402.7 X204.497 Y179.584 E635.25799
G1 F403.4 X204.367 Y180.664 E635.31181
G1 F402 X203.982 Y181.672 E635.36537
G1 F403.4 X203.368 Y182.566 E635.41903
G1 X202.553 Y183.289 E635.47293
G1 F401.3 X201.597 Y183.79 E635.5266
G1 F402 X200.54 Y184.051 E635.58064
;TIME_ELAPSED:1133.012425
;LAYER:181
;note -- min layer time used
M204 S3000
M205 X10 Y10
;MESH:15_7_1.stl
G0 F6000 X200.54 Y184.051 Z37.49
M204 S1800
M205 X8 Y8
;TYPE:WALL-OUTER
G1 F404 X199.46 Y184.051 E635.63398
G1 F402.7 X198.402 Y183.79 E635.68799
G1 F400.7 X197.444 Y183.288 E635.74186
G1 F401.3 X196.629 Y182.565 E635.79603
G1 F402 X196.014 Y181.672 E635.84985
G1 F400.7 X195.629 Y180.664 E635.9036
G1 X195.501 Y179.584 E635.95777
G1 X195.629 Y178.508 E636.01174
G1 X196.014 Y177.496 E636.06566
G1 F401.3 X196.63 Y176.604 E636.11957
G1 F400 X197.444 Y175.882 E636.17385
G1 X198.402 Y175.378 E636.22786
G1 F401.3 X199.46 Y175.119 E636.28202
G1 X200.54 Y175.119 E636.33572
G1 X201.597 Y175.378 E636.38983
G1 F400.7 X202.552 Y175.881 E636.44359
G1 F401.3 X203.367 Y176.603 E636.49773
G1 F402 X203.982 Y177.496 E636.55156
G1 F400.7 X204.367 Y178.508 E636.60549
G1 F402.7 X204.497 Y179.584 E636.6592
G1 F403.4 X204.367 Y180.664 E636.71302
G1 F402 X203.982 Y181.672 E636.76658
G1 F403.4 X203.368 Y182.566 E636.82024
G1 X202.553 Y183.289 E636.87414
G1 F401.3 X201.597 Y183.79 E636.92781
G1 F402 X200.54 Y184.051 E636.98185
;TIME_ELAPSED:1137.316217
;LAYER:182
;note -- min layer time used
M204 S3000
M205 X10 Y10
;MESH:15_7_1.stl
G0 F6000 X200.54 Y184.051 Z37.69
M204 S1800
M205 X8 Y8
;TYPE:WALL-OUTER
G1 F404 X199.46 Y184.051 E637.03519
G1 F402.7 X198.402 Y183.79 E637.0892
G1 F400.7 X197.444 Y183.288 E637.14307
G1 F401.3 X196.629 Y182.565 E637.19724
G1 F402 X196.014 Y181.672 E637.25107
G1 F400.7 X195.629 Y180.664 E637.30481
G1 X195.501 Y179.584 E637.35898
G1 X195.629 Y178.508 E637.41295
G1 X196.014 Y177.496 E637.46688
G1 F401.3 X196.63 Y176.604 E637.52078
G1 F400 X197.444 Y175.882 E637.57506
G1 X198.402 Y175.378 E637.62907
G1 F401.3 X199.46 Y175.119 E637.68323
G1 X200.54 Y175.119 E637.73693
G1 X201.597 Y175.378 E637.79104
G1 F400.7 X202.552 Y175.881 E637.8448
G1 F401.3 X203.367 Y176.603 E637.89894
G1 F402 X203.982 Y177.496 E637.95277
G1 F400.7 X204.367 Y178.508 E638.0067
G1 F402.7 X204.497 Y179.584 E638.06041
G1 F403.4 X204.367 Y180.664 E638.11423
G1 F402 X203.982 Y181.672 E638.16779
G1 F403.4 X203.368 Y182.566 E638.22145
G1 X202.553 Y183.289 E638.27535
G1 F401.3 X201.597 Y183.79 E638.32902
G1 F402 X200.54 Y184.051 E638.38306
;TIME_ELAPSED:1141.620009
;LAYER:183
;note -- min layer time used
M204 S3000
M205 X10 Y10
;MESH:15_7_1.stl
G0 F6000 X200.54 Y184.051 Z37.89
M204 S1800
M205 X8 Y8
;TYPE:WALL-OUTER
G1 F404 X199.46 Y184.051 E638.43641
G1 F402.7 X198.402 Y183.79 E638.49041
G1 F400.7 X197.444 Y183.288 E638.54428
G1 F401.3 X196.629 Y182.565 E638.59845
G1 F402 X196.014 Y181.672 E638.65228
G1 F400.7 X195.629 Y180.664 E638.70602
G1 X195.501 Y179.584 E638.76019
G1 X195.629 Y178.508 E638.81416
G1 X196.014 Y177.496 E638.86809
G1 F401.3 X196.63 Y176.604 E638.92199
G1 F400 X197.444 Y175.882 E638.97627
G1 X198.402 Y175.378 E639.03028
G1 F401.3 X199.46 Y175.119 E639.08444
G1 X200.54 Y175.119 E639.13814
G1 X201.597 Y175.378 E639.19225
G1 F400.7 X202.552 Y175.881 E639.24601
G1 F401.3 X203.367 Y176.603 E639.30015
G1 F402 X203.982 Y177.496 E639.35398
G1 F400.7 X204.367 Y178.508 E639.40791
G1 F402.7 X204.497 Y179.584 E639.46162
G1 F403.4 X204.367 Y180.664 E639.51544
G1 F402 X203.982 Y181.672 E639.569
G1 F403.4 X203.368 Y182.566 E639.62266
G1 X202.553 Y183.289 E639.67656
G1 F401.3 X201.597 Y183.79 E639.73023
G1 F402 X200.54 Y184.051 E639.78427
;TIME_ELAPSED:1145.923801
;LAYER:184
;note -- min layer time used
M204 S3000
M205 X10 Y10
;MESH:15_7_1.stl
G0 F6000 X200.54 Y184.051 Z38.09
M204 S1800
M205 X8 Y8
;TYPE:WALL-OUTER
G1 F404 X199.46 Y184.051 E639.83762
G1 F402.7 X198.402 Y183.79 E639.89162
G1 F400.7 X197.444 Y183.288 E639.94549
G1 F401.3 X196.629 Y182.565 E639.99966
G1 F402 X196.014 Y181.672 E640.05349
G1 F400.7 X195.629 Y180.664 E640.10723
G1 X195.501 Y179.584 E640.1614
G1 X195.629 Y178.508 E640.21537
G1 X196.014 Y177.496 E640.2693
G1 F401.3 X196.63 Y176.604 E640.3232
G1 F400 X197.444 Y175.882 E640.37748
G1 X198.402 Y175.378 E640.43149
G1 F401.3 X199.46 Y175.119 E640.48565
G1 X200.54 Y175.119 E640.53935
G1 X201.597 Y175.378 E640.59346
G1 F400.7 X202.552 Y175.881 E640.64723
G1 F401.3 X203.367 Y176.603 E640.70136
G1 F402 X203.982 Y177.496 E640.75519
G1 F400.7 X204.367 Y178.508 E640.80912
G1 F402.7 X204.497 Y179.584 E640.86283
G1 F403.4 X204.367 Y180.664 E640.91665
G1 F402 X203.982 Y181.672 E640.97021
G1 F403.4 X203.368 Y182.566 E641.02387
G1 X202.553 Y183.289 E641.07777
G1 F401.3 X201.597 Y183.79 E641.13144
G1 F402 X200.54 Y184.051 E641.18548
;TIME_ELAPSED:1150.227593
;LAYER:185
;note -- min layer time used
M204 S3000
M205 X10 Y10
;MESH:15_7_1.stl
G0 F6000 X200.54 Y184.051 Z38.29
M204 S1800
M205 X8 Y8
;TYPE:WALL-OUTER
G1 F404 X199.46 Y184.051 E641.23883
G1 F402.7 X198.402 Y183.79 E641.29283
G1 F400.7 X197.444 Y183.288 E641.3467
G1 F401.3 X196.629 Y182.565 E641.40087
G1 F402 X196.014 Y181.672 E641.4547
G1 F400.7 X195.629 Y180.664 E641.50844
G1 X195.501 Y179.584 E641.56261
G1 X195.629 Y178.508 E641.61658
G1 X196.014 Y177.496 E641.67051
G1 F401.3 X196.63 Y176.604 E641.72441
G1 F400 X197.444 Y175.882 E641.77869
G1 X198.402 Y175.378 E641.8327
G1 F401.3 X199.46 Y175.119 E641.88686
G1 X200.54 Y175.119 E641.94056
G1 X201.597 Y175.378 E641.99468
G1 F400.7 X202.552 Y175.881 E642.04844
G1 F401.3 X203.367 Y176.603 E642.10258
G1 F402 X203.982 Y177.496 E642.1564
G1 F400.7 X204.367 Y178.508 E642.21033
G1 F402.7 X204.497 Y179.584 E642.26404
G1 F403.4 X204.367 Y180.664 E642.31786
G1 F402 X203.982 Y181.672 E642.37142
G1 F403.4 X203.368 Y182.566 E642.42508
G1 X202.553 Y183.289 E642.47898
G1 F401.3 X201.597 Y183.79 E642.53265
G1 F402 X200.54 Y184.051 E642.5867
;TIME_ELAPSED:1154.531386
;LAYER:186
;note -- min layer time used
M204 S3000
M205 X10 Y10
;MESH:15_7_1.stl
G0 F6000 X200.54 Y184.051 Z38.49
M204 S1800
M205 X8 Y8
;TYPE:WALL-OUTER
G1 F404 X199.46 Y184.051 E642.64004
G1 F402.7 X198.402 Y183.79 E642.69404
G1 F400.7 X197.444 Y183.288 E642.74791
G1 F401.3 X196.629 Y182.565 E642.80208
G1 F402 X196.014 Y181.672 E642.85591
G1 F400.7 X195.629 Y180.664 E642.90965
G1 X195.501 Y179.584 E642.96382
G1 X195.629 Y178.508 E643.01779
G1 X196.014 Y177.496 E643.07172
G1 F401.3 X196.63 Y176.604 E643.12562
G1 F400 X197.444 Y175.882 E643.17991
G1 X198.402 Y175.378 E643.23391
G1 F401.3 X199.46 Y175.119 E643.28807
G1 X200.54 Y175.119 E643.34177
G1 X201.597 Y175.378 E643.39589
G1 F400.7 X202.552 Y175.881 E643.44965
G1 F401.3 X203.367 Y176.603 E643.50379
G1 F402 X203.982 Y177.496 E643.55761
G1 F400.7 X204.367 Y178.508 E643.61154
G1 F402.7 X204.497 Y179.584 E643.66525
G1 F403.4 X204.367 Y180.664 E643.71907
G1 F402 X203.982 Y181.672 E643.77263
G1 F403.4 X203.368 Y182.566 E643.82629
G1 X202.553 Y183.289 E643.88019
G1 F401.3 X201.597 Y183.79 E643.93386
G1 F402 X200.54 Y184.051 E643.98791
;TIME_ELAPSED:1158.835178
;LAYER:187
;note -- min layer time used
M204 S3000
M205 X10 Y10
;MESH:15_7_1.stl
G0 F6000 X200.54 Y184.051 Z38.69
M204 S1800
M205 X8 Y8
;TYPE:WALL-OUTER
G1 F404 X199.46 Y184.051 E644.04125
G1 F402.7 X198.402 Y183.79 E644.09525
G1 F400.7 X197.444 Y183.288 E644.14912
G1 F401.3 X196.629 Y182.565 E644.20329
G1 F402 X196.014 Y181.672 E644.25712
G1 F400.7 X195.629 Y180.664 E644.31086
G1 X195.501 Y179.584 E644.36503
G1 X195.629 Y178.508 E644.419
G1 X196.014 Y177.496 E644.47293
G1 F401.3 X196.63 Y176.604 E644.52683
G1 F400 X197.444 Y175.882 E644.58112
G1 X198.402 Y175.378 E644.63512
G1 F401.3 X199.46 Y175.119 E644.68928
G1 X200.54 Y175.119 E644.74298
G1 X201.597 Y175.378 E644.7971
G1 F400.7 X202.552 Y175.881 E644.85086
G1 F401.3 X203.367 Y176.603 E644.905
G1 F402 X203.982 Y177.496 E644.95882
G1 F400.7 X204.367 Y178.508 E645.01275
G1 F402.7 X204.497 Y179.584 E645.06646
G1 F403.4 X204.367 Y180.664 E645.12028
G1 F402 X203.982 Y181.672 E645.17384
G1 F403.4 X203.368 Y182.566 E645.2275
G1 X202.553 Y183.289 E645.2814
G1 F401.3 X201.597 Y183.79 E645.33507
G1 F402 X200.54 Y184.051 E645.38912
;TIME_ELAPSED:1163.138970
;LAYER:188
;note -- min layer time used
M204 S3000
M205 X10 Y10
;MESH:15_7_1.stl
G0 F6000 X200.54 Y184.051 Z38.89
M204 S1800
M205 X8 Y8
;TYPE:WALL-OUTER
G1 F404 X199.46 Y184.051 E645.44246
G1 F402.7 X198.402 Y183.79 E645.49646
G1 F400.7 X197.444 Y183.288 E645.55033
G1 F401.3 X196.629 Y182.565 E645.60451
G1 F402 X196.014 Y181.672 E645.65833
G1 F400.7 X195.629 Y180.664 E645.71207
G1 X195.501 Y179.584 E645.76624
G1 X195.629 Y178.508 E645.82021
G1 X196.014 Y177.496 E645.87414
G1 F401.3 X196.63 Y176.604 E645.92804
G1 F400 X197.444 Y175.882 E645.98233
G1 X198.402 Y175.378 E646.03633
G1 F401.3 X199.46 Y175.119 E646.09049
G1 X200.54 Y175.119 E646.1442
G1 X201.597 Y175.378 E646.19831
G1 F400.7 X202.552 Y175.881 E646.25207
G1 F401.3 X203.367 Y176.603 E646.30621
G1 F402 X203.982 Y177.496 E646.36003
G1 F400.7 X204.367 Y178.508 E646.41396
G1 F402.7 X204.497 Y179.584 E646.46767
G1 F403.4 X204.367 Y180.664 E646.52149
G1 F402 X203.982 Y181.672 E646.57506
G1 F403.4 X203.368 Y182.566 E646.62871
G1 X202.553 Y183.289 E646.68261
G1 F401.3 X201.597 Y183.79 E646.73628
G1 F402 X200.54 Y184.051 E646.79033
;TIME_ELAPSED:1167.442762
;LAYER:189
;note -- min layer time used
M204 S3000
M205 X10 Y10
;MESH:15_7_1.stl
G0 F6000 X200.54 Y184.051 Z39.09
M204 S1800
M205 X8 Y8
;TYPE:WALL-OUTER
G1 F404 X199.46 Y184.051 E646.84367
G1 F402.7 X198.402 Y183.79 E646.89767
G1 F400.7 X197.444 Y183.288 E646.95154
G1 F401.3 X196.629 Y182.565 E647.00572
G1 F402 X196.014 Y181.672 E647.05954
G1 F400.7 X195.629 Y180.664 E647.11328
G1 X195.501 Y179.584 E647.16745
G1 X195.629 Y178.508 E647.22142
G1 X196.014 Y177.496 E647.27535
G1 F401.3 X196.63 Y176.604 E647.32925
G1 F400 X197.444 Y175.882 E647.38354
G1 X198.402 Y175.378 E647.43754
G1 F401.3 X199.46 Y175.119 E647.4917
G1 X200.54 Y175.119 E647.54541
G1 X201.597 Y175.378 E647.59952
G1 F400.7 X202.552 Y175.881 E647.65328
G1 F401.3 X203.367 Y176.603 E647.70742
G1 F402 X203.982 Y177.496 E647.76124
G1 F400.7 X204.367 Y178.508 E647.81517
G1 F402.7 X204.497 Y179.584 E647.86888
G1 F403.4 X204.367 Y180.664 E647.9227
G1 F402 X203.982 Y181.672 E647.97627
G1 F403.4 X203.368 Y182.566 E648.02992
G1 X202.553 Y183.289 E648.08382
G1 F401.3 X201.597 Y183.79 E648.13749
G1 F402 X200.54 Y184.051 E648.19154
;TIME_ELAPSED:1171.746554
;LAYER:190
;note -- min layer time used
M204 S3000
M205 X10 Y10
;MESH:15_7_1.stl
G0 F6000 X200.54 Y184.051 Z39.29
M204 S1800
M205 X8 Y8
;TYPE:WALL-OUTER
G1 F404 X199.46 Y184.051 E648.24488
G1 F402.7 X198.402 Y183.79 E648.29889
G1 F400.7 X197.444 Y183.288 E648.35275
G1 F401.3 X196.629 Y182.565 E648.40693
G1 F402 X196.014 Y181.672 E648.46075
G1 F400.7 X195.629 Y180.664 E648.5145
G1 X195.501 Y179.584 E648.56866
G1 X195.629 Y178.508 E648.62263
G1 X196.014 Y177.496 E648.67656
G1 F401.3 X196.63 Y176.604 E648.73046
G1 F400 X197.444 Y175.882 E648.78475
G1 X198.402 Y175.378 E648.83875
G1 F401.3 X199.46 Y175.119 E648.89292
G1 X200.54 Y175.119 E648.94662
G1 X201.597 Y175.378 E649.00073
G1 F400.7 X202.552 Y175.881 E649.05449
G1 F401.3 X203.367 Y176.603 E649.10863
G1 F402 X203.982 Y177.496 E649.16245
G1 F400.7 X204.367 Y178.508 E649.21638
G1 F402.7 X204.497 Y179.584 E649.2701
G1 F403.4 X204.367 Y180.664 E649.32391
G1 F402 X203.982 Y181.672 E649.37748
G1 F403.4 X203.368 Y182.566 E649.43113
G1 X202.553 Y183.289 E649.48504
G1 F401.3 X201.597 Y183.79 E649.5387
G1 F402 X200.54 Y184.051 E649.59275
;TIME_ELAPSED:1176.050346
;LAYER:191
;note -- min layer time used
M204 S3000
M205 X10 Y10
;MESH:15_7_1.stl
G0 F6000 X200.54 Y184.051 Z39.49
M204 S1800
M205 X8 Y8
;TYPE:WALL-OUTER
G1 F404 X199.46 Y184.051 E649.64609
G1 F402.7 X198.402 Y183.79 E649.7001
G1 F400.7 X197.444 Y183.288 E649.75397
G1 F401.3 X196.629 Y182.565 E649.80814
G1 F402 X196.014 Y181.672 E649.86196
G1 F400.7 X195.629 Y180.664 E649.91571
G1 X195.501 Y179.584 E649.96987
G1 X195.629 Y178.508 E650.02384
G1 X196.014 Y177.496 E650.07777
G1 F401.3 X196.63 Y176.604 E650.13168
G1 F400 X197.444 Y175.882 E650.18596
G1 X198.402 Y175.378 E650.23996
G1 F401.3 X199.46 Y175.119 E650.29413
G1 X200.54 Y175.119 E650.34783
G1 X201.597 Y175.378 E650.40194
G1 F400.7 X202.552 Y175.881 E650.4557
G1 F401.3 X203.367 Y176.603 E650.50984
G1 F402 X203.982 Y177.496 E650.56367
G1 F400.7 X204.367 Y178.508 E650.61759
G1 F402.7 X204.497 Y179.584 E650.67131
G1 F403.4 X204.367 Y180.664 E650.72512
G1 F402 X203.982 Y181.672 E650.77869
G1 F403.4 X203.368 Y182.566 E650.83235
G1 X202.553 Y183.289 E650.88625
G1 F401.3 X201.597 Y183.79 E650.93991
G1 F402 X200.54 Y184.051 E650.99396
;TIME_ELAPSED:1180.354139
;LAYER:192
;note -- min layer time used
M204 S3000
M205 X10 Y10
;MESH:15_7_1.stl
G0 F6000 X200.54 Y184.051 Z39.69
M204 S1800
M205 X8 Y8
;TYPE:WALL-OUTER
G1 F404 X199.46 Y184.051 E651.0473
G1 F402.7 X198.402 Y183.79 E651.10131
G1 F400.7 X197.444 Y183.288 E651.15518
G1 F401.3 X196.629 Y182.565 E651.20935
G1 F402 X196.014 Y181.672 E651.26317
G1 F400.7 X195.629 Y180.664 E651.31692
G1 X195.501 Y179.584 E651.37109
G1 X195.629 Y178.508 E651.42506
G1 X196.014 Y177.496 E651.47898
G1 F401.3 X196.63 Y176.604 E651.53289
G1 F400 X197.444 Y175.882 E651.58717
G1 X198.402 Y175.378 E651.64118
G1 F401.3 X199.46 Y175.119 E651.69534
G1 X200.54 Y175.119 E651.74904
G1 X201.597 Y175.378 E651.80315
G1 F400.7 X202.552 Y175.881 E651.85691
G1 F401.3 X203.367 Y176.603 E651.91105
G1 F402 X203.982 Y177.496 E651.96488
G1 F400.7 X204.367 Y178.508 E652.01881
G1 F402.7 X204.497 Y179.584 E652.07252
G1 F403.4 X204.367 Y180.664 E652.12634
G1 F402 X203.982 Y181.672 E652.1799
G1 F403.4 X203.368 Y182.566 E652.23356
G1 X202.553 Y183.289 E652.28746
G1 F401.3 X201.597 Y183.79 E652.34113
G1 F402 X200.54 Y184.051 E652.39517
;TIME_ELAPSED:1184.657931
;LAYER:193
;note -- min layer time used
M204 S3000
M205 X10 Y10
;MESH:15_7_1.stl
G0 F6000 X200.54 Y184.051 Z39.89
M204 S1800
M205 X8 Y8
;TYPE:WALL-OUTER
G1 F404 X199.46 Y184.051 E652.44851
G1 F402.7 X198.402 Y183.79 E652.50252
G1 F400.7 X197.444 Y183.288 E652.55639
G1 F401.3 X196.629 Y182.565 E652.61056
G1 F402 X196.014 Y181.672 E652.66438
G1 F400.7 X195.629 Y180.664 E652.71813
G1 X195.501 Y179.584 E652.7723
G1 X195.629 Y178.508 E652.82627
G1 X196.014 Y177.496 E652.8802
G1 F401.3 X196.63 Y176.604 E652.9341
G1 F400 X197.444 Y175.882 E652.98838
G1 X198.402 Y175.378 E653.04239
G1 F401.3 X199.46 Y175.119 E653.09655
G1 X200.54 Y175.119 E653.15025
G1 X201.597 Y175.378 E653.20436
G1 F400.7 X202.552 Y175.881 E653.25812
G1 F401.3 X203.367 Y176.603 E653.31226
G1 F402 X203.982 Y177.496 E653.36609
G1 F400.7 X204.367 Y178.508 E653.42002
G1 F402.7 X204.497 Y179.584 E653.47373
G1 F403.4 X204.367 Y180.664 E653.52755
G1 F402 X203.982 Y181.672 E653.58111
G1 F403.4 X203.368 Y182.566 E653.63477
G1 X202.553 Y183.289 E653.68867
G1 F401.3 X201.597 Y183.79 E653.74234
G1 F402 X200.54 Y184.051 E653.79638
;TIME_ELAPSED:1188.961723
;LAYER:194
;note -- min layer time used
M204 S3000
M205 X10 Y10
;MESH:15_7_1.stl
G0 F6000 X200.54 Y184.051 Z40.09
M204 S1800
M205 X8 Y8
;TYPE:WALL-OUTER
G1 F404 X199.46 Y184.051 E653.84973
G1 F402.7 X198.402 Y183.79 E653.90373
G1 F400.7 X197.444 Y183.288 E653.9576
G1 F401.3 X196.629 Y182.565 E654.01177
G1 F402 X196.014 Y181.672 E654.0656
G1 F400.7 X195.629 Y180.664 E654.11934
G1 X195.501 Y179.584 E654.17351
G1 X195.629 Y178.508 E654.22748
G1 X196.014 Y177.496 E654.28141
G1 F401.3 X196.63 Y176.604 E654.33531
G1 F400 X197.444 Y175.882 E654.38959
G1 X198.402 Y175.378 E654.4436
G1 F401.3 X199.46 Y175.119 E654.49776
G1 X200.54 Y175.119 E654.55146
G1 X201.597 Y175.378 E654.60557
G1 F400.7 X202.552 Y175.881 E654.65933
G1 F401.3 X203.367 Y176.603 E654.71347
G1 F402 X203.982 Y177.496 E654.7673
G1 F400.7 X204.367 Y178.508 E654.82123
G1 F402.7 X204.497 Y179.584 E654.87494
G1 F403.4 X204.367 Y180.664 E654.92876
G1 F402 X203.982 Y181.672 E654.98232
G1 F403.4 X203.368 Y182.566 E655.03598
G1 X202.553 Y183.289 E655.08988
G1 F401.3 X201.597 Y183.79 E655.14355
G1 F402 X200.54 Y184.051 E655.19759
;TIME_ELAPSED:1193.265515
;LAYER:195
;note -- min layer time used
M204 S3000
M205 X10 Y10
;MESH:15_7_1.stl
G0 F6000 X200.54 Y184.051 Z40.29
M204 S1800
M205 X8 Y8
;TYPE:WALL-OUTER
G1 F404 X199.46 Y184.051 E655.25094
G1 F402.7 X198.402 Y183.79 E655.30494
G1 F400.7 X197.444 Y183.288 E655.35881
G1 F401.3 X196.629 Y182.565 E655.41298
G1 F402 X196.014 Y181.672 E655.46681
G1 F400.7 X195.629 Y180.664 E655.52055
G1 X195.501 Y179.584 E655.57472
G1 X195.629 Y178.508 E655.62869
G1 X196.014 Y177.496 E655.68262
G1 F401.3 X196.63 Y176.604 E655.73652
G1 F400 X197.444 Y175.882 E655.7908
G1 X198.402 Y175.378 E655.84481
G1 F401.3 X199.46 Y175.119 E655.89897
G1 X200.54 Y175.119 E655.95267
G1 X201.597 Y175.378 E656.00678
G1 F400.7 X202.552 Y175.881 E656.06054
G1 F401.3 X203.367 Y176.603 E656.11468
G1 F402 X203.982 Y177.496 E656.16851
G1 F400.7 X204.367 Y178.508 E656.22244
G1 F402.7 X204.497 Y179.584 E656.27615
G1 F403.4 X204.367 Y180.664 E656.32997
G1 F402 X203.982 Y181.672 E656.38353
G1 F403.4 X203.368 Y182.566 E656.43719
G1 X202.553 Y183.289 E656.49109
G1 F401.3 X201.597 Y183.79 E656.54476
G1 F402 X200.54 Y184.051 E656.5988
;TIME_ELAPSED:1197.569307
;LAYER:196
;note -- min layer time used
M204 S3000
M205 X10 Y10
;MESH:15_7_1.stl
G0 F6000 X200.54 Y184.051 Z40.49
M204 S1800
M205 X8 Y8
;TYPE:WALL-OUTER
G1 F404 X199.46 Y184.051 E656.65215
G1 F402.7 X198.402 Y183.79 E656.70615
G1 F400.7 X197.444 Y183.288 E656.76002
G1 F401.3 X196.629 Y182.565 E656.81419
G1 F402 X196.014 Y181.672 E656.86802
G1 F400.7 X195.629 Y180.664 E656.92176
G1 X195.501 Y179.584 E656.97593
G1 X195.629 Y178.508 E657.0299
G1 X196.014 Y177.496 E657.08383
G1 F401.3 X196.63 Y176.604 E657.13773
G1 F400 X197.444 Y175.882 E657.19201
G1 X198.402 Y175.378 E657.24602
G1 F401.3 X199.46 Y175.119 E657.30018
G1 X200.54 Y175.119 E657.35388
G1 X201.597 Y175.378 E657.408
G1 F400.7 X202.552 Y175.881 E657.46176
G1 F401.3 X203.367 Y176.603 E657.5159
G1 F402 X203.982 Y177.496 E657.56972
G1 F400.7 X204.367 Y178.508 E657.62365
G1 F402.7 X204.497 Y179.584 E657.67736
G1 F403.4 X204.367 Y180.664 E657.73118
G1 F402 X203.982 Y181.672 E657.78474
G1 F403.4 X203.368 Y182.566 E657.8384
G1 X202.553 Y183.289 E657.8923
G1 F401.3 X201.597 Y183.79 E657.94597
G1 F402 X200.54 Y184.051 E658.00002
;TIME_ELAPSED:1201.873099
;LAYER:197
;note -- min layer time used
M204 S3000
M205 X10 Y10
;MESH:15_7_1.stl
G0 F6000 X200.54 Y184.051 Z40.69
M204 S1800
M205 X8 Y8
;TYPE:WALL-OUTER
G1 F404 X199.46 Y184.051 E658.05336
G1 F402.7 X198.402 Y183.79 E658.10736
G1 F400.7 X197.444 Y183.288 E658.16123
G1 F401.3 X196.629 Y182.565 E658.2154
G1 F402 X196.014 Y181.672 E658.26923
G1 F400.7 X195.629 Y180.664 E658.32297
G1 X195.501 Y179.584 E658.37714
G1 X195.629 Y178.508 E658.43111
G1 X196.014 Y177.496 E658.48504
G1 F401.3 X196.63 Y176.604 E658.53894
G1 F400 X197.444 Y175.882 E658.59322
G1 X198.402 Y175.378 E658.64723
G1 F401.3 X199.46 Y175.119 E658.70139
G1 X200.54 Y175.119 E658.75509
G1 X201.597 Y175.378 E658.80921
G1 F400.7 X202.552 Y175.881 E658.86297
G1 F401.3 X203.367 Y176.603 E658.91711
G1 F402 X203.982 Y177.496 E658.97093
G1 F400.7 X204.367 Y178.508 E659.02486
G1 F402.7 X204.497 Y179.584 E659.07857
G1 F403.4 X204.367 Y180.664 E659.13239
G1 F402 X203.982 Y181.672 E659.18595
G1 F403.4 X203.368 Y182.566 E659.23961
G1 X202.553 Y183.289 E659.29351
G1 F401.3 X201.597 Y183.79 E659.34718
G1 F402 X200.54 Y184.051 E659.40123
;TIME_ELAPSED:1206.176892
;LAYER:198
;note -- min layer time used
M204 S3000
M205 X10 Y10
;MESH:15_7_1.stl
G0 F6000 X200.54 Y184.051 Z40.89
M204 S1800
M205 X8 Y8
;TYPE:WALL-OUTER
G1 F404 X199.46 Y184.051 E659.45457
G1 F402.7 X198.402 Y183.79 E659.50857
G1 F400.7 X197.444 Y183.288 E659.56244
G1 F401.3 X196.629 Y182.565 E659.61661
G1 F402 X196.014 Y181.672 E659.67044
G1 F400.7 X195.629 Y180.664 E659.72418
G1 X195.501 Y179.584 E659.77835
G1 X195.629 Y178.508 E659.83232
G1 X196.014 Y177.496 E659.88625
G1 F401.3 X196.63 Y176.604 E659.94015
G1 F400 X197.444 Y175.882 E659.99444
G1 X198.402 Y175.378 E660.04844
G1 F401.3 X199.46 Y175.119 E660.1026
G1 X200.54 Y175.119 E660.1563
G1 X201.597 Y175.378 E660.21042
G1 F400.7 X202.552 Y175.881 E660.26418
G1 F401.3 X203.367 Y176.603 E660.31832
G1 F402 X203.982 Y177.496 E660.37214
G1 F400.7 X204.367 Y178.508 E660.42607
G1 F402.7 X204.497 Y179.584 E660.47978
G1 F403.4 X204.367 Y180.664 E660.5336
G1 F402 X203.982 Y181.672 E660.58716
G1 F403.4 X203.368 Y182.566 E660.64082
G1 X202.553 Y183.289 E660.69472
G1 F401.3 X201.597 Y183.79 E660.74839
G1 F402 X200.54 Y184.051 E660.80244
;TIME_ELAPSED:1210.480684
;LAYER:199
;note -- min layer time used
M204 S3000
M205 X10 Y10
;MESH:15_7_1.stl
G0 F6000 X200.54 Y184.051 Z41.09
M204 S1800
M205 X8 Y8
;TYPE:WALL-OUTER
G1 F404 X199.46 Y184.051 E660.85578
G1 F402.7 X198.402 Y183.79 E660.90978
G1 F400.7 X197.444 Y183.288 E660.96365
G1 F401.3 X196.629 Y182.565 E661.01783
G1 F402 X196.014 Y181.672 E661.07165
G1 F400.7 X195.629 Y180.664 E661.12539
G1 X195.501 Y179.584 E661.17956
G1 X195.629 Y178.508 E661.23353
G1 X196.014 Y177.496 E661.28746
G1 F401.3 X196.63 Y176.604 E661.34136
G1 F400 X197.444 Y175.882 E661.39565
G1 X198.402 Y175.378 E661.44965
G1 F401.3 X199.46 Y175.119 E661.50381
G1 X200.54 Y175.119 E661.55751
G1 X201.597 Y175.378 E661.61163
G1 F400.7 X202.552 Y175.881 E661.66539
G1 F401.3 X203.367 Y176.603 E661.71953
G1 F402 X203.982 Y177.496 E661.77335
G1 F400.7 X204.367 Y178.508 E661.82728
G1 F402.7 X204.497 Y179.584 E661.88099
G1 F403.4 X204.367 Y180.664 E661.93481
G1 F402 X203.982 Y181.672 E661.98838
G1 F403.4 X203.368 Y182.566 E662.04203
G1 X202.553 Y183.289 E662.09593
G1 F401.3 X201.597 Y183.79 E662.1496
G1 F402 X200.54 Y184.051 E662.20365
;TIME_ELAPSED:1214.784476
;LAYER:200
;note -- min layer time used
M204 S3000
M205 X10 Y10
;MESH:15_7_1.stl
G0 F6000 X200.54 Y184.051 Z41.29
M204 S1800
M205 X8 Y8
;TYPE:WALL-OUTER
G1 F404 X199.46 Y184.051 E662.25699
G1 F402.7 X198.402 Y183.79 E662.31099
G1 F400.7 X197.444 Y183.288 E662.36486
G1 F401.3 X196.629 Y182.565 E662.41904
G1 F402 X196.014 Y181.672 E662.47286
G1 F400.7 X195.629 Y180.664 E662.5266
G1 X195.501 Y179.584 E662.58077
G1 X195.629 Y178.508 E662.63474
G1 X196.014 Y177.496 E662.68867
G1 F401.3 X196.63 Y176.604 E662.74257
G1 F400 X197.444 Y175.882 E662.79686
G1 X198.402 Y175.378 E662.85086
G1 F401.3 X199.46 Y175.119 E662.90502
G1 X200.54 Y175.119 E662.95873
G1 X201.597 Y175.378 E663.01284
G1 F400.7 X202.552 Y175.881 E663.0666
G1 F401.3 X203.367 Y176.603 E663.12074
G1 F402 X203.982 Y177.496 E663.17456
G1 F400.7 X204.367 Y178.508 E663.22849
G1 F402.7 X204.497 Y179.584 E663.2822
G1 F403.4 X204.367 Y180.664 E663.33602
G1 F402 X203.982 Y181.672 E663.38959
G1 F403.4 X203.368 Y182.566 E663.44324
G1 X202.553 Y183.289 E663.49714
G1 F401.3 X201.597 Y183.79 E663.55081
G1 F402 X200.54 Y184.051 E663.60486
;TIME_ELAPSED:1219.088268
;LAYER:201
;note -- min layer time used
M204 S3000
M205 X10 Y10
;MESH:15_7_1.stl
G0 F6000 X200.54 Y184.051 Z41.49
M204 S1800
M205 X8 Y8
;TYPE:WALL-OUTER
G1 F404 X199.46 Y184.051 E663.6582
G1 F402.7 X198.402 Y183.79 E663.7122
G1 F400.7 X197.444 Y183.288 E663.76607
G1 F401.3 X196.629 Y182.565 E663.82025
G1 F402 X196.014 Y181.672 E663.87407
G1 F400.7 X195.629 Y180.664 E663.92781
G1 X195.501 Y179.584 E663.98198
G1 X195.629 Y178.508 E664.03595
G1 X196.014 Y177.496 E664.08988
G1 F401.3 X196.63 Y176.604 E664.14378
G1 F400 X197.444 Y175.882 E664.19807
G1 X198.402 Y175.378 E664.25207
G1 F401.3 X199.46 Y175.119 E664.30623
G1 X200.54 Y175.119 E664.35994
G1 X201.597 Y175.378 E664.41405
G1 F400.7 X202.552 Y175.881 E664.46781
G1 F401.3 X203.367 Y176.603 E664.52195
G1 F402 X203.982 Y177.496 E664.57577
G1 F400.7 X204.367 Y178.508 E664.6297
G1 F402.7 X204.497 Y179.584 E664.68342
G1 F403.4 X204.367 Y180.664 E664.73723
G1 F402 X203.982 Y181.672 E664.7908
G1 F403.4 X203.368 Y182.566 E664.84445
G1 X202.553 Y183.289 E664.89836
G1 F401.3 X201.597 Y183.79 E664.95202
G1 F402 X200.54 Y184.051 E665.00607
;TIME_ELAPSED:1223.392060
;LAYER:202
;note -- min layer time used
M204 S3000
M205 X10 Y10
;MESH:15_7_1.stl
G0 F6000 X200.54 Y184.051 Z41.69
M204 S1800
M205 X8 Y8
;TYPE:WALL-OUTER
G1 F404 X199.46 Y184.051 E665.05941
G1 F402.7 X198.402 Y183.79 E665.11342
G1 F400.7 X197.444 Y183.288 E665.16729
G1 F401.3 X196.629 Y182.565 E665.22146
G1 F402 X196.014 Y181.672 E665.27528
G1 F400.7 X195.629 Y180.664 E665.32903
G1 X195.501 Y179.584 E665.38319
G1 X195.629 Y178.508 E665.43716
G1 X196.014 Y177.496 E665.49109
G1 F401.3 X196.63 Y176.604 E665.545
G1 F400 X197.444 Y175.882 E665.59928
G1 X198.402 Y175.378 E665.65328
G1 F401.3 X199.46 Y175.119 E665.70745
G1 X200.54 Y175.119 E665.76115
G1 X201.597 Y175.378 E665.81526
G1 F400.7 X202.552 Y175.881 E665.86902
G1 F401.3 X203.367 Y176.603 E665.92316
G1 F402 X203.982 Y177.496 E665.97699
G1 F400.7 X204.367 Y178.508 E666.03091
G1 F402.7 X204.497 Y179.584 E666.08463
G1 F403.4 X204.367 Y180.664 E666.13844
G1 F402 X203.982 Y181.672 E666.19201
G1 F403.4 X203.368 Y182.566 E666.24566
G1 X202.553 Y183.289 E666.29957
G1 F401.3 X201.597 Y183.79 E666.35323
G1 F402 X200.54 Y184.051 E666.40728
;TIME_ELAPSED:1227.695852
;LAYER:203
;note -- min layer time used
M204 S3000
M205 X10 Y10
;MESH:15_7_1.stl
G0 F6000 X200.54 Y184.051 Z41.89
M204 S1800
M205 X8 Y8
;TYPE:WALL-OUTER
G1 F404 X199.46 Y184.051 E666.46062
G1 F402.7 X198.402 Y183.79 E666.51463
G1 F400.7 X197.444 Y183.288 E666.5685
G1 F401.3 X196.629 Y182.565 E666.62267
G1 F402 X196.014 Y181.672 E666.67649
G1 F400.7 X195.629 Y180.664 E666.73024
G1 X195.501 Y179.584 E666.7844
G1 X195.629 Y178.508 E666.83837
G1 X196.014 Y177.496 E666.8923
G1 F401.3 X196.63 Y176.604 E666.94621
G1 F400 X197.444 Y175.882 E667.00049
G1 X198.402 Y175.378 E667.0545
G1 F401.3 X199.46 Y175.119 E667.10866
G1 X200.54 Y175.119 E667.16236
G1 X201.597 Y175.378 E667.21647
G1 F400.7 X202.552 Y175.881 E667.27023
G1 F401.3 X203.367 Y176.603 E667.32437
G1 F402 X203.982 Y177.496 E667.3782
G1 F400.7 X204.367 Y178.508 E667.43213
G1 F402.7 X204.497 Y179.584 E667.48584
G1 F403.4 X204.367 Y180.664 E667.53966
G1 F402 X203.982 Y181.672 E667.59322
G1 F403.4 X203.368 Y182.566 E667.64688
G1 X202.553 Y183.289 E667.70078
G1 F401.3 X201.597 Y183.79 E667.75444
G1 F402 X200.54 Y184.051 E667.80849
;TIME_ELAPSED:1231.999644
;LAYER:204
;note -- min layer time used
M204 S3000
M205 X10 Y10
;MESH:15_7_1.stl
G0 F6000 X200.54 Y184.051 Z42.09
M204 S1800
M205 X8 Y8
;TYPE:WALL-OUTER
G1 F404 X199.46 Y184.051 E667.86183
G1 F402.7 X198.402 Y183.79 E667.91584
G1 F400.7 X197.444 Y183.288 E667.96971
G1 F401.3 X196.629 Y182.565 E668.02388
G1 F402 X196.014 Y181.672 E668.0777
G1 F400.7 X195.629 Y180.664 E668.13145
G1 X195.501 Y179.584 E668.18562
G1 X195.629 Y178.508 E668.23959
G1 X196.014 Y177.496 E668.29351
G1 F401.3 X196.63 Y176.604 E668.34742
G1 F400 X197.444 Y175.882 E668.4017
G1 X198.402 Y175.378 E668.45571
G1 F401.3 X199.46 Y175.119 E668.50987
G1 X200.54 Y175.119 E668.56357
G1 X201.597 Y175.378 E668.61768
G1 F400.7 X202.552 Y175.881 E668.67144
G1 F401.3 X203.367 Y176.603 E668.72558
G1 F402 X203.982 Y177.496 E668.77941
G1 F400.7 X204.367 Y178.508 E668.83334
G1 F402.7 X204.497 Y179.584 E668.88705
G1 F403.4 X204.367 Y180.664 E668.94087
G1 F402 X203.982 Y181.672 E668.99443
G1 F403.4 X203.368 Y182.566 E669.04809
G1 X202.553 Y183.289 E669.10199
G1 F401.3 X201.597 Y183.79 E669.15566
G1 F402 X200.54 Y184.051 E669.2097
;TIME_ELAPSED:1236.303437
;LAYER:205
;note -- min layer time used
M204 S3000
M205 X10 Y10
;MESH:15_7_1.stl
G0 F6000 X200.54 Y184.051 Z42.29
M204 S1800
M205 X8 Y8
;TYPE:WALL-OUTER
G1 F404 X199.46 Y184.051 E669.26304
G1 F402.7 X198.402 Y183.79 E669.31705
G1 F400.7 X197.444 Y183.288 E669.37092
G1 F401.3 X196.629 Y182.565 E669.42509
G1 F402 X196.014 Y181.672 E669.47892
G1 F400.7 X195.629 Y180.664 E669.53266
G1 X195.501 Y179.584 E669.58683
G1 X195.629 Y178.508 E669.6408
G1 X196.014 Y177.496 E669.69473
G1 F401.3 X196.63 Y176.604 E669.74863
G1 F400 X197.444 Y175.882 E669.80291
G1 X198.402 Y175.378 E669.85692
G1 F401.3 X199.46 Y175.119 E669.91108
G1 X200.54 Y175.119 E669.96478
G1 X201.597 Y175.378 E670.01889
G1 F400.7 X202.552 Y175.881 E670.07265
G1 F401.3 X203.367 Y176.603 E670.12679
G1 F402 X203.982 Y177.496 E670.18062
G1 F400.7 X204.367 Y178.508 E670.23455
G1 F402.7 X204.497 Y179.584 E670.28826
G1 F403.4 X204.367 Y180.664 E670.34208
G1 F402 X203.982 Y181.672 E670.39564
G1 F403.4 X203.368 Y182.566 E670.4493
G1 X202.553 Y183.289 E670.5032
G1 F401.3 X201.597 Y183.79 E670.55687
G1 F402 X200.54 Y184.051 E670.61091
;TIME_ELAPSED:1240.607229
;LAYER:206
;note -- min layer time used
M204 S3000
M205 X10 Y10
;MESH:15_7_1.stl
G0 F6000 X200.54 Y184.051 Z42.49
M204 S1800
M205 X8 Y8
;TYPE:WALL-OUTER
G1 F404 X199.46 Y184.051 E670.66426
G1 F402.7 X198.402 Y183.79 E670.71826
G1 F400.7 X197.444 Y183.288 E670.77213
G1 F401.3 X196.629 Y182.565 E670.8263
G1 F402 X196.014 Y181.672 E670.88013
G1 F400.7 X195.629 Y180.664 E670.93387
G1 X195.501 Y179.584 E670.98804
G1 X195.629 Y178.508 E671.04201
G1 X196.014 Y177.496 E671.09594
G1 F401.3 X196.63 Y176.604 E671.14984
G1 F400 X197.444 Y175.882 E671.20412
G1 X198.402 Y175.378 E671.25813
G1 F401.3 X199.46 Y175.119 E671.31229
G1 X200.54 Y175.119 E671.36599
G1 X201.597 Y175.378 E671.4201
G1 F400.7 X202.552 Y175.881 E671.47386
G1 F401.3 X203.367 Y176.603 E671.528
G1 F402 X203.982 Y177.496 E671.58183
G1 F400.7 X204.367 Y178.508 E671.63576
G1 F402.7 X204.497 Y179.584 E671.68947
G1 F403.4 X204.367 Y180.664 E671.74329
G1 F402 X203.982 Y181.672 E671.79685
G1 F403.4 X203.368 Y182.566 E671.85051
G1 X202.553 Y183.289 E671.90441
G1 F401.3 X201.597 Y183.79 E671.95808
G1 F402 X200.54 Y184.051 E672.01212
;TIME_ELAPSED:1244.911021
;LAYER:207
;note -- min layer time used
M204 S3000
M205 X10 Y10
;MESH:15_7_1.stl
G0 F6000 X200.54 Y184.051 Z42.69
M204 S1800
M205 X8 Y8
;TYPE:WALL-OUTER
G1 F404 X199.46 Y184.051 E672.06547
G1 F402.7 X198.402 Y183.79 E672.11947
G1 F400.7 X197.444 Y183.288 E672.17334
G1 F401.3 X196.629 Y182.565 E672.22751
G1 F402 X196.014 Y181.672 E672.28134
G1 F400.7 X195.629 Y180.664 E672.33508
G1 X195.501 Y179.584 E672.38925
G1 X195.629 Y178.508 E672.44322
G1 X196.014 Y177.496 E672.49715
G1 F401.3 X196.63 Y176.604 E672.55105
G1 F400 X197.444 Y175.882 E672.60533
G1 X198.402 Y175.378 E672.65934
G1 F401.3 X199.46 Y175.119 E672.7135
G1 X200.54 Y175.119 E672.7672
G1 X201.597 Y175.378 E672.82131
G1 F400.7 X202.552 Y175.881 E672.87507
G1 F401.3 X203.367 Y176.603 E672.92921
G1 F402 X203.982 Y177.496 E672.98304
G1 F400.7 X204.367 Y178.508 E673.03697
G1 F402.7 X204.497 Y179.584 E673.09068
G1 F403.4 X204.367 Y180.664 E673.1445
G1 F402 X203.982 Y181.672 E673.19806
G1 F403.4 X203.368 Y182.566 E673.25172
G1 X202.553 Y183.289 E673.30562
G1 F401.3 X201.597 Y183.79 E673.35929
G1 F402 X200.54 Y184.051 E673.41333
;TIME_ELAPSED:1249.214813
;LAYER:208
;note -- min layer time used
M204 S3000
M205 X10 Y10
;MESH:15_7_1.stl
G0 F6000 X200.54 Y184.051 Z42.89
M204 S1800
M205 X8 Y8
;TYPE:WALL-OUTER
G1 F404 X199.46 Y184.051 E673.46668
G1 F402.7 X198.402 Y183.79 E673.52068
G1 F400.7 X197.444 Y183.288 E673.57455
G1 F401.3 X196.629 Y182.565 E673.62872
G1 F402 X196.014 Y181.672 E673.68255
G1 F400.7 X195.629 Y180.664 E673.73629
G1 X195.501 Y179.584 E673.79046
G1 X195.629 Y178.508 E673.84443
G1 X196.014 Y177.496 E673.89836
G1 F401.3 X196.63 Y176.604 E673.95226
G1 F400 X197.444 Y175.882 E674.00654
G1 X198.402 Y175.378 E674.06055
G1 F401.3 X199.46 Y175.119 E674.11471
G1 X200.54 Y175.119 E674.16841
G1 X201.597 Y175.378 E674.22253
G1 F400.7 X202.552 Y175.881 E674.27629
G1 F401.3 X203.367 Y176.603 E674.33043
G1 F402 X203.982 Y177.496 E674.38425
G1 F400.7 X204.367 Y178.508 E674.43818
G1 F402.7 X204.497 Y179.584 E674.49189
G1 F403.4 X204.367 Y180.664 E674.54571
G1 F402 X203.982 Y181.672 E674.59927
G1 F403.4 X203.368 Y182.566 E674.65293
G1 X202.553 Y183.289 E674.70683
G1 F401.3 X201.597 Y183.79 E674.7605
G1 F402 X200.54 Y184.051 E674.81455
;TIME_ELAPSED:1253.518605
;LAYER:209
;note -- min layer time used
M204 S3000
M205 X10 Y10
;MESH:15_7_1.stl
G0 F6000 X200.54 Y184.051 Z43.09
M204 S1800
M205 X8 Y8
;TYPE:WALL-OUTER
G1 F404 X199.46 Y184.051 E674.86789
G1 F402.7 X198.402 Y183.79 E674.92189
G1 F400.7 X197.444 Y183.288 E674.97576
G1 F401.3 X196.629 Y182.565 E675.02993
G1 F402 X196.014 Y181.672 E675.08376
G1 F400.7 X195.629 Y180.664 E675.1375
G1 X195.501 Y179.584 E675.19167
G1 X195.629 Y178.508 E675.24564
G1 X196.014 Y177.496 E675.29957
G1 F401.3 X196.63 Y176.604 E675.35347
G1 F400 X197.444 Y175.882 E675.40775
G1 X198.402 Y175.378 E675.46176
G1 F401.3 X199.46 Y175.119 E675.51592
G1 X200.54 Y175.119 E675.56962
G1 X201.597 Y175.378 E675.62374
G1 F400.7 X202.552 Y175.881 E675.6775
G1 F401.3 X203.367 Y176.603 E675.73164
G1 F402 X203.982 Y177.496 E675.78546
G1 F400.7 X204.367 Y178.508 E675.83939
G1 F402.7 X204.497 Y179.584 E675.8931
G1 F403.4 X204.367 Y180.664 E675.94692
G1 F402 X203.982 Y181.672 E676.00048
G1 F403.4 X203.368 Y182.566 E676.05414
G1 X202.553 Y183.289 E676.10804
G1 F401.3 X201.597 Y183.79 E676.16171
G1 F402 X200.54 Y184.051 E676.21576
;TIME_ELAPSED:1257.822397
;LAYER:210
;note -- min layer time used
M204 S3000
M205 X10 Y10
;MESH:15_7_1.stl
G0 F6000 X200.54 Y184.051 Z43.29
M204 S1800
M205 X8 Y8
;TYPE:WALL-OUTER
G1 F404 X199.46 Y184.051 E676.2691
G1 F402.7 X198.402 Y183.79 E676.3231
G1 F400.7 X197.444 Y183.288 E676.37697
G1 F401.3 X196.629 Y182.565 E676.43114
G1 F402 X196.014 Y181.672 E676.48497
G1 F400.7 X195.629 Y180.664 E676.53871
G1 X195.501 Y179.584 E676.59288
G1 X195.629 Y178.508 E676.64685
G1 X196.014 Y177.496 E676.70078
G1 F401.3 X196.63 Y176.604 E676.75468
G1 F400 X197.444 Y175.882 E676.80897
G1 X198.402 Y175.378 E676.86297
G1 F401.3 X199.46 Y175.119 E676.91713
G1 X200.54 Y175.119 E676.97083
G1 X201.597 Y175.378 E677.02495
G1 F400.7 X202.552 Y175.881 E677.07871
G1 F401.3 X203.367 Y176.603 E677.13285
G1 F402 X203.982 Y177.496 E677.18667
G1 F400.7 X204.367 Y178.508 E677.2406
G1 F402.7 X204.497 Y179.584 E677.29431
G1 F403.4 X204.367 Y180.664 E677.34813
G1 F402 X203.982 Y181.672 E677.40169
G1 F403.4 X203.368 Y182.566 E677.45535
G1 X202.553 Y183.289 E677.50925
G1 F401.3 X201.597 Y183.79 E677.56292
G1 F402 X200.54 Y184.051 E677.61697
;TIME_ELAPSED:1262.126190
;LAYER:211
;note -- min layer time used
M204 S3000
M205 X10 Y10
;MESH:15_7_1.stl
G0 F6000 X200.54 Y184.051 Z43.49
M204 S1800
M205 X8 Y8
;TYPE:WALL-OUTER
G1 F404 X199.46 Y184.051 E677.67031
G1 F402.7 X198.402 Y183.79 E677.72431
G1 F400.7 X197.444 Y183.288 E677.77818
G1 F401.3 X196.629 Y182.565 E677.83236
G1 F402 X196.014 Y181.672 E677.88618
G1 F400.7 X195.629 Y180.664 E677.93992
G1 X195.501 Y179.584 E677.99409
G1 X195.629 Y178.508 E678.04806
G1 X196.014 Y177.496 E678.10199
G1 F401.3 X196.63 Y176.604 E678.15589
G1 F400 X197.444 Y175.882 E678.21018
G1 X198.402 Y175.378 E678.26418
G1 F401.3 X199.46 Y175.119 E678.31834
G1 X200.54 Y175.119 E678.37205
G1 X201.597 Y175.378 E678.42616
G1 F400.7 X202.552 Y175.881 E678.47992
G1 F401.3 X203.367 Y176.603 E678.53406
G1 F402 X203.982 Y177.496 E678.58788
G1 F400.7 X204.367 Y178.508 E678.64181
G1 F402.7 X204.497 Y179.584 E678.69552
G1 F403.4 X204.367 Y180.664 E678.74934
G1 F402 X203.982 Y181.672 E678.80291
G1 F403.4 X203.368 Y182.566 E678.85656
G1 X202.553 Y183.289 E678.91046
G1 F401.3 X201.597 Y183.79 E678.96413
G1 F402 X200.54 Y184.051 E679.01818
;TIME_ELAPSED:1266.429982
;LAYER:212
;note -- min layer time used
M204 S3000
M205 X10 Y10
;MESH:15_7_1.stl
G0 F6000 X200.54 Y184.051 Z43.69
M204 S1800
M205 X8 Y8
;TYPE:WALL-OUTER
G1 F404 X199.46 Y184.051 E679.07152
G1 F402.7 X198.402 Y183.79 E679.12552
G1 F400.7 X197.444 Y183.288 E679.17939
G1 F401.3 X196.629 Y182.565 E679.23357
G1 F402 X196.014 Y181.672 E679.28739
G1 F400.7 X195.629 Y180.664 E679.34113
G1 X195.501 Y179.584 E679.3953
G1 X195.629 Y178.508 E679.44927
G1 X196.014 Y177.496 E679.5032
G1 F401.3 X196.63 Y176.604 E679.5571
G1 F400 X197.444 Y175.882 E679.61139
G1 X198.402 Y175.378 E679.66539
G1 F401.3 X199.46 Y175.119 E679.71955
G1 X200.54 Y175.119 E679.77326
G1 X201.597 Y175.378 E679.82737
G1 F400.7 X202.552 Y175.881 E679.88113
G1 F401.3 X203.367 Y176.603 E679.93527
G1 F402 X203.982 Y177.496 E679.98909
G1 F400.7 X204.367 Y178.508 E680.04302
G1 F402.7 X204.497 Y179.584 E680.09673
G1 F403.4 X204.367 Y180.664 E680.15055
G1 F402 X203.982 Y181.672 E680.20412
G1 F403.4 X203.368 Y182.566 E680.25777
G1 X202.553 Y183.289 E680.31167
G1 F401.3 X201.597 Y183.79 E680.36534
G1 F402 X200.54 Y184.051 E680.41939
;TIME_ELAPSED:1270.733774
;LAYER:213
;note -- min layer time used
M204 S3000
M205 X10 Y10
;MESH:15_7_1.stl
G0 F6000 X200.54 Y184.051 Z43.89
M204 S1800
M205 X8 Y8
;TYPE:WALL-OUTER
G1 F404 X199.46 Y184.051 E680.47273
G1 F402.7 X198.402 Y183.79 E680.52674
G1 F400.7 X197.444 Y183.288 E680.5806
G1 F401.3 X196.629 Y182.565 E680.63478
G1 F402 X196.014 Y181.672 E680.6886
G1 F400.7 X195.629 Y180.664 E680.74235
G1 X195.501 Y179.584 E680.79651
G1 X195.629 Y178.508 E680.85048
G1 X196.014 Y177.496 E680.90441
G1 F401.3 X196.63 Y176.604 E680.95831
G1 F400 X197.444 Y175.882 E681.0126
G1 X198.402 Y175.378 E681.0666
G1 F401.3 X199.46 Y175.119 E681.12077
G1 X200.54 Y175.119 E681.17447
G1 X201.597 Y175.378 E681.22858
G1 F400.7 X202.552 Y175.881 E681.28234
G1 F401.3 X203.367 Y176.603 E681.33648
G1 F402 X203.982 Y177.496 E681.3903
G1 F400.7 X204.367 Y178.508 E681.44423
G1 F402.7 X204.497 Y179.584 E681.49795
G1 F403.4 X204.367 Y180.664 E681.55176
G1 F402 X203.982 Y181.672 E681.60533
G1 F403.4 X203.368 Y182.566 E681.65898
G1 X202.553 Y183.289 E681.71289
G1 F401.3 X201.597 Y183.79 E681.76655
G1 F402 X200.54 Y184.051 E681.8206
;TIME_ELAPSED:1275.037566
;LAYER:214
;note -- min layer time used
M204 S3000
M205 X10 Y10
;MESH:15_7_1.stl
G0 F6000 X200.54 Y184.051 Z44.09
M204 S1800
M205 X8 Y8
;TYPE:WALL-OUTER
G1 F404 X199.46 Y184.051 E681.87394
G1 F402.7 X198.402 Y183.79 E681.92795
G1 F400.7 X197.444 Y183.288 E681.98182
G1 F401.3 X196.629 Y182.565 E682.03599
G1 F402 X196.014 Y181.672 E682.08981
G1 F400.7 X195.629 Y180.664 E682.14356
G1 X195.501 Y179.584 E682.19772
G1 X195.629 Y178.508 E682.25169
G1 X196.014 Y177.496 E682.30562
G1 F401.3 X196.63 Y176.604 E682.35953
G1 F400 X197.444 Y175.882 E682.41381
G1 X198.402 Y175.378 E682.46781
G1 F401.3 X199.46 Y175.119 E682.52198
G1 X200.54 Y175.119 E682.57568
G1 X201.597 Y175.378 E682.62979
G1 F400.7 X202.552 Y175.881 E682.68355
G1 F401.3 X203.367 Y176.603 E682.73769
G1 F402 X203.982 Y177.496 E682.79152
G1 F400.7 X204.367 Y178.508 E682.84544
G1 F402.7 X204.497 Y179.584 E682.89916
G1 F403.4 X204.367 Y180.664 E682.95297
G1 F402 X203.982 Y181.672 E683.00654
G1 F403.4 X203.368 Y182.566 E683.0602
G1 X202.553 Y183.289 E683.1141
G1 F401.3 X201.597 Y183.79 E683.16776
G1 F402 X200.54 Y184.051 E683.22181
;TIME_ELAPSED:1279.341358
;LAYER:215
;note -- min layer time used
M204 S3000
M205 X10 Y10
;MESH:15_7_1.stl
G0 F6000 X200.54 Y184.051 Z44.29
M204 S1800
M205 X8 Y8
;TYPE:WALL-OUTER
G1 F404 X199.46 Y184.051 E683.27515
G1 F402.7 X198.402 Y183.79 E683.32916
G1 F400.7 X197.444 Y183.288 E683.38303
G1 F401.3 X196.629 Y182.565 E683.4372
G1 F402 X196.014 Y181.672 E683.49102
G1 F400.7 X195.629 Y180.664 E683.54477
G1 X195.501 Y179.584 E683.59893
G1 X195.629 Y178.508 E683.65291
G1 X196.014 Y177.496 E683.70683
G1 F401.3 X196.63 Y176.604 E683.76074
G1 F400 X197.444 Y175.882 E683.81502
G1 X198.402 Y175.378 E683.86903
G1 F401.3 X199.46 Y175.119 E683.92319
G1 X200.54 Y175.119 E683.97689
G1 X201.597 Y175.378 E684.031
G1 F400.7 X202.552 Y175.881 E684.08476
G1 F401.3 X203.367 Y176.603 E684.1389
G1 F402 X203.982 Y177.496 E684.19273
G1 F400.7 X204.367 Y178.508 E684.24666
G1 F402.7 X204.497 Y179.584 E684.30037
G1 F403.4 X204.367 Y180.664 E684.35419
G1 F402 X203.982 Y181.672 E684.40775
G1 F403.4 X203.368 Y182.566 E684.46141
G1 X202.553 Y183.289 E684.51531
G1 F401.3 X201.597 Y183.79 E684.56898
G1 F402 X200.54 Y184.051 E684.62302
;TIME_ELAPSED:1283.645150
;LAYER:216
;note -- min layer time used
M204 S3000
M205 X10 Y10
;MESH:15_7_1.stl
G0 F6000 X200.54 Y184.051 Z44.49
M204 S1800
M205 X8 Y8
;TYPE:WALL-OUTER
G1 F404 X199.46 Y184.051 E684.67636
G1 F402.7 X198.402 Y183.79 E684.73037
G1 F400.7 X197.444 Y183.288 E684.78424
G1 F401.3 X196.629 Y182.565 E684.83841
G1 F402 X196.014 Y181.672 E684.89223
G1 F400.7 X195.629 Y180.664 E684.94598
G1 X195.501 Y179.584 E685.00015
G1 X195.629 Y178.508 E685.05412
G1 X196.014 Y177.496 E685.10805
G1 F401.3 X196.63 Y176.604 E685.16195
G1 F400 X197.444 Y175.882 E685.21623
G1 X198.402 Y175.378 E685.27024
G1 F401.3 X199.46 Y175.119 E685.3244
G1 X200.54 Y175.119 E685.3781
G1 X201.597 Y175.378 E685.43221
G1 F400.7 X202.552 Y175.881 E685.48597
G1 F401.3 X203.367 Y176.603 E685.54011
G1 F402 X203.982 Y177.496 E685.59394
G1 F400.7 X204.367 Y178.508 E685.64787
G1 F402.7 X204.497 Y179.584 E685.70158
G1 F403.4 X204.367 Y180.664 E685.7554
G1 F402 X203.982 Y181.672 E685.80896
G1 F403.4 X203.368 Y182.566 E685.86262
G1 X202.553 Y183.289 E685.91652
G1 F401.3 X201.597 Y183.79 E685.97019
G1 F402 X200.54 Y184.051 E686.02423
;TIME_ELAPSED:1287.948943
;LAYER:217
;note -- min layer time used
M204 S3000
M205 X10 Y10
;MESH:15_7_1.stl
G0 F6000 X200.54 Y184.051 Z44.69
M204 S1800
M205 X8 Y8
;TYPE:WALL-OUTER
G1 F404 X199.46 Y184.051 E686.07757
G1 F402.7 X198.402 Y183.79 E686.13158
G1 F400.7 X197.444 Y183.288 E686.18545
G1 F401.3 X196.629 Y182.565 E686.23962
G1 F402 X196.014 Y181.672 E686.29345
G1 F400.7 X195.629 Y180.664 E686.34719
G1 X195.501 Y179.584 E686.40136
G1 X195.629 Y178.508 E686.45533
G1 X196.014 Y177.496 E686.50926
G1 F401.3 X196.63 Y176.604 E686.56316
G1 F400 X197.444 Y175.882 E686.61744
G1 X198.402 Y175.378 E686.67145
G1 F401.3 X199.46 Y175.119 E686.72561
G1 X200.54 Y175.119 E686.77931
G1 X201.597 Y175.378 E686.83342
G1 F400.7 X202.552 Y175.881 E686.88718
G1 F401.3 X203.367 Y176.603 E686.94132
G1 F402 X203.982 Y177.496 E686.99515
G1 F400.7 X204.367 Y178.508 E687.04908
G1 F402.7 X204.497 Y179.584 E687.10279
G1 F403.4 X204.367 Y180.664 E687.15661
G1 F402 X203.982 Y181.672 E687.21017
G1 F403.4 X203.368 Y182.566 E687.26383
G1 X202.553 Y183.289 E687.31773
G1 F401.3 X201.597 Y183.79 E687.3714
G1 F402 X200.54 Y184.051 E687.42544
;TIME_ELAPSED:1292.252735
;LAYER:218
;note -- min layer time used
M204 S3000
M205 X10 Y10
;MESH:15_7_1.stl
G0 F6000 X200.54 Y184.051 Z44.89
M204 S1800
M205 X8 Y8
;TYPE:WALL-OUTER
G1 F404 X199.46 Y184.051 E687.47879
G1 F402.7 X198.402 Y183.79 E687.53279
G1 F400.7 X197.444 Y183.288 E687.58666
G1 F401.3 X196.629 Y182.565 E687.64083
G1 F402 X196.014 Y181.672 E687.69466
G1 F400.7 X195.629 Y180.664 E687.7484
G1 X195.501 Y179.584 E687.80257
G1 X195.629 Y178.508 E687.85654
G1 X196.014 Y177.496 E687.91047
G1 F401.3 X196.63 Y176.604 E687.96437
G1 F400 X197.444 Y175.882 E688.01865
G1 X198.402 Y175.378 E688.07266
G1 F401.3 X199.46 Y175.119 E688.12682
G1 X200.54 Y175.119 E688.18052
G1 X201.597 Y175.378 E688.23463
G1 F400.7 X202.552 Y175.881 E688.28839
G1 F401.3 X203.367 Y176.603 E688.34253
G1 F402 X203.982 Y177.496 E688.39636
G1 F400.7 X204.367 Y178.508 E688.45029
G1 F402.7 X204.497 Y179.584 E688.504
G1 F403.4 X204.367 Y180.664 E688.55782
G1 F402 X203.982 Y181.672 E688.61138
G1 F403.4 X203.368 Y182.566 E688.66504
G1 X202.553 Y183.289 E688.71894
G1 F401.3 X201.597 Y183.79 E688.77261
G1 F402 X200.54 Y184.051 E688.82665
;TIME_ELAPSED:1296.556527
;LAYER:219
;note -- min layer time used
M204 S3000
M205 X10 Y10
;MESH:15_7_1.stl
G0 F6000 X200.54 Y184.051 Z45.09
M204 S1800
M205 X8 Y8
;TYPE:WALL-OUTER
G1 F404 X199.46 Y184.051 E688.88
G1 F402.7 X198.402 Y183.79 E688.934
G1 F400.7 X197.444 Y183.288 E688.98787
G1 F401.3 X196.629 Y182.565 E689.04204
G1 F402 X196.014 Y181.672 E689.09587
G1 F400.7 X195.629 Y180.664 E689.14961
G1 X195.501 Y179.584 E689.20378
G1 X195.629 Y178.508 E689.25775
G1 X196.014 Y177.496 E689.31168
G1 F401.3 X196.63 Y176.604 E689.36558
G1 F400 X197.444 Y175.882 E689.41986
G1 X198.402 Y175.378 E689.47387
G1 F401.3 X199.46 Y175.119 E689.52803
G1 X200.54 Y175.119 E689.58173
G1 X201.597 Y175.378 E689.63585
G1 F400.7 X202.552 Y175.881 E689.68961
G1 F401.3 X203.367 Y176.603 E689.74375
G1 F402 X203.982 Y177.496 E689.79757
G1 F400.7 X204.367 Y178.508 E689.8515
G1 F402.7 X204.497 Y179.584 E689.90521
G1 F403.4 X204.367 Y180.664 E689.95903
G1 F402 X203.982 Y181.672 E690.01259
G1 F403.4 X203.368 Y182.566 E690.06625
G1 X202.553 Y183.289 E690.12015
G1 F401.3 X201.597 Y183.79 E690.17382
G1 F402 X200.54 Y184.051 E690.22786
;TIME_ELAPSED:1300.860319
;LAYER:220
;note -- min layer time used
M204 S3000
M205 X10 Y10
;MESH:15_7_1.stl
G0 F6000 X200.54 Y184.051 Z45.29
M204 S1800
M205 X8 Y8
;TYPE:WALL-OUTER
G1 F404 X199.46 Y184.051 E690.28121
G1 F402.7 X198.402 Y183.79 E690.33521
G1 F400.7 X197.444 Y183.288 E690.38908
G1 F401.3 X196.629 Y182.565 E690.44325
G1 F402 X196.014 Y181.672 E690.49708
G1 F400.7 X195.629 Y180.664 E690.55082
G1 X195.501 Y179.584 E690.60499
G1 X195.629 Y178.508 E690.65896
G1 X196.014 Y177.496 E690.71289
G1 F401.3 X196.63 Y176.604 E690.76679
G1 F400 X197.444 Y175.882 E690.82107
G1 X198.402 Y175.378 E690.87508
G1 F401.3 X199.46 Y175.119 E690.92924
G1 X200.54 Y175.119 E690.98294
G1 X201.597 Y175.378 E691.03706
G1 F400.7 X202.552 Y175.881 E691.09082
G1 F401.3 X203.367 Y176.603 E691.14496
G1 F402 X203.982 Y177.496 E691.19878
G1 F400.7 X204.367 Y178.508 E691.25271
G1 F402.7 X204.497 Y179.584 E691.30642
G1 F403.4 X204.367 Y180.664 E691.36024
G1 F402 X203.982 Y181.672 E691.4138
G1 F403.4 X203.368 Y182.566 E691.46746
G1 X202.553 Y183.289 E691.52136
G1 F401.3 X201.597 Y183.79 E691.57503
G1 F402 X200.54 Y184.051 E691.62908
;TIME_ELAPSED:1305.164111
;LAYER:221
;note -- min layer time used
M204 S3000
M205 X10 Y10
;MESH:15_7_1.stl
G0 F6000 X200.54 Y184.051 Z45.49
M204 S1800
M205 X8 Y8
;TYPE:WALL-OUTER
G1 F404 X199.46 Y184.051 E691.68242
G1 F402.7 X198.402 Y183.79 E691.73642
G1 F400.7 X197.444 Y183.288 E691.79029
G1 F401.3 X196.629 Y182.565 E691.84446
G1 F402 X196.014 Y181.672 E691.89829
G1 F400.7 X195.629 Y180.664 E691.95203
G1 X195.501 Y179.584 E692.0062
G1 X195.629 Y178.508 E692.06017
G1 X196.014 Y177.496 E692.1141
G1 F401.3 X196.63 Y176.604 E692.168
G1 F400 X197.444 Y175.882 E692.22229
G1 X198.402 Y175.378 E692.27629
G1 F401.3 X199.46 Y175.119 E692.33045
G1 X200.54 Y175.119 E692.38415
G1 X201.597 Y175.378 E692.43827
G1 F400.7 X202.552 Y175.881 E692.49203
G1 F401.3 X203.367 Y176.603 E692.54617
G1 F402 X203.982 Y177.496 E692.59999
G1 F400.7 X204.367 Y178.508 E692.65392
G1 F402.7 X204.497 Y179.584 E692.70763
G1 F403.4 X204.367 Y180.664 E692.76145
G1 F402 X203.982 Y181.672 E692.81501
G1 F403.4 X203.368 Y182.566 E692.86867
G1 X202.553 Y183.289 E692.92257
G1 F401.3 X201.597 Y183.79 E692.97624
G1 F402 X200.54 Y184.051 E693.03029
;TIME_ELAPSED:1309.467903
;LAYER:222
;note -- min layer time used
M204 S3000
M205 X10 Y10
;MESH:15_7_1.stl
G0 F6000 X200.54 Y184.051 Z45.69
M204 S1800
M205 X8 Y8
;TYPE:WALL-OUTER
G1 F404 X199.46 Y184.051 E693.08363
G1 F402.7 X198.402 Y183.79 E693.13763
G1 F400.7 X197.444 Y183.288 E693.1915
G1 F401.3 X196.629 Y182.565 E693.24568
G1 F402 X196.014 Y181.672 E693.2995
G1 F400.7 X195.629 Y180.664 E693.35324
G1 X195.501 Y179.584 E693.40741
G1 X195.629 Y178.508 E693.46138
G1 X196.014 Y177.496 E693.51531
G1 F401.3 X196.63 Y176.604 E693.56921
G1 F400 X197.444 Y175.882 E693.6235
G1 X198.402 Y175.378 E693.6775
G1 F401.3 X199.46 Y175.119 E693.73166
G1 X200.54 Y175.119 E693.78536
G1 X201.597 Y175.378 E693.83948
G1 F400.7 X202.552 Y175.881 E693.89324
G1 F401.3 X203.367 Y176.603 E693.94738
G1 F402 X203.982 Y177.496 E694.0012
G1 F400.7 X204.367 Y178.508 E694.05513
G1 F402.7 X204.497 Y179.584 E694.10884
G1 F403.4 X204.367 Y180.664 E694.16266
G1 F402 X203.982 Y181.672 E694.21622
G1 F403.4 X203.368 Y182.566 E694.26988
G1 X202.553 Y183.289 E694.32378
G1 F401.3 X201.597 Y183.79 E694.37745
G1 F402 X200.54 Y184.051 E694.4315
;TIME_ELAPSED:1313.771696
;LAYER:223
;note -- min layer time used
M204 S3000
M205 X10 Y10
;MESH:15_7_1.stl
G0 F6000 X200.54 Y184.051 Z45.89
M204 S1800
M205 X8 Y8
;TYPE:WALL-OUTER
G1 F404 X199.46 Y184.051 E694.48484
G1 F402.7 X198.402 Y183.79 E694.53884
G1 F400.7 X197.444 Y183.288 E694.59271
G1 F401.3 X196.629 Y182.565 E694.64689
G1 F402 X196.014 Y181.672 E694.70071
G1 F400.7 X195.629 Y180.664 E694.75445
G1 X195.501 Y179.584 E694.80862
G1 X195.629 Y178.508 E694.86259
G1 X196.014 Y177.496 E694.91652
G1 F401.3 X196.63 Y176.604 E694.97042
G1 F400 X197.444 Y175.882 E695.02471
G1 X198.402 Y175.378 E695.07871
G1 F401.3 X199.46 Y175.119 E695.13287
G1 X200.54 Y175.119 E695.18658
G1 X201.597 Y175.378 E695.24069
G1 F400.7 X202.552 Y175.881 E695.29445
G1 F401.3 X203.367 Y176.603 E695.34859
G1 F402 X203.982 Y177.496 E695.40241
G1 F400.7 X204.367 Y178.508 E695.45634
G1 F402.7 X204.497 Y179.584 E695.51005
G1 F403.4 X204.367 Y180.664 E695.56387
G1 F402 X203.982 Y181.672 E695.61744
G1 F403.4 X203.368 Y182.566 E695.67109
G1 X202.553 Y183.289 E695.72499
G1 F401.3 X201.597 Y183.79 E695.77866
G1 F402 X200.54 Y184.051 E695.83271
;TIME_ELAPSED:1318.075488
;LAYER:224
;note -- min layer time used
M204 S3000
M205 X10 Y10
;MESH:15_7_1.stl
G0 F6000 X200.54 Y184.051 Z46.09
M204 S1800
M205 X8 Y8
;TYPE:WALL-OUTER
G1 F404 X199.46 Y184.051 E695.88605
G1 F402.7 X198.402 Y183.79 E695.94005
G1 F400.7 X197.444 Y183.288 E695.99392
G1 F401.3 X196.629 Y182.565 E696.0481
G1 F402 X196.014 Y181.672 E696.10192
G1 F400.7 X195.629 Y180.664 E696.15566
G1 X195.501 Y179.584 E696.20983
G1 X195.629 Y178.508 E696.2638
G1 X196.014 Y177.496 E696.31773
G1 F401.3 X196.63 Y176.604 E696.37163
G1 F400 X197.444 Y175.882 E696.42592
G1 X198.402 Y175.378 E696.47992
G1 F401.3 X199.46 Y175.119 E696.53408
G1 X200.54 Y175.119 E696.58779
G1 X201.597 Y175.378 E696.6419
G1 F400.7 X202.552 Y175.881 E696.69566
G1 F401.3 X203.367 Y176.603 E696.7498
G1 F402 X203.982 Y177.496 E696.80362
G1 F400.7 X204.367 Y178.508 E696.85755
G1 F402.7 X204.497 Y179.584 E696.91127
G1 F403.4 X204.367 Y180.664 E696.96508
G1 F402 X203.982 Y181.672 E697.01865
G1 F403.4 X203.368 Y182.566 E697.0723
G1 X202.553 Y183.289 E697.1262
G1 F401.3 X201.597 Y183.79 E697.17987
G1 F402 X200.54 Y184.051 E697.23392
;TIME_ELAPSED:1322.379280
;LAYER:225
;note -- min layer time used
M204 S3000
M205 X10 Y10
;MESH:15_7_1.stl
G0 F6000 X200.54 Y184.051 Z46.29
M204 S1800
M205 X8 Y8
;TYPE:WALL-OUTER
G1 F404 X199.46 Y184.051 E697.28726
G1 F402.7 X198.402 Y183.79 E697.34127
G1 F400.7 X197.444 Y183.288 E697.39513
G1 F401.3 X196.629 Y182.565 E697.44931
G1 F402 X196.014 Y181.672 E697.50313
G1 F400.7 X195.629 Y180.664 E697.55688
G1 X195.501 Y179.584 E697.61104
G1 X195.629 Y178.508 E697.66501
G1 X196.014 Y177.496 E697.71894
G1 F401.3 X196.63 Y176.604 E697.77285
G1 F400 X197.444 Y175.882 E697.82713
G1 X198.402 Y175.378 E697.88113
G1 F401.3 X199.46 Y175.119 E697.9353
G1 X200.54 Y175.119 E697.989
G1 X201.597 Y175.378 E698.04311
G1 F400.7 X202.552 Y175.881 E698.09687
G1 F401.3 X203.367 Y176.603 E698.15101
G1 F402 X203.982 Y177.496 E698.20484
G1 F400.7 X204.367 Y178.508 E698.25876
G1 F402.7 X204.497 Y179.584 E698.31248
G1 F403.4 X204.367 Y180.664 E698.36629
G1 F402 X203.982 Y181.672 E698.41986
G1 F403.4 X203.368 Y182.566 E698.47351
G1 X202.553 Y183.289 E698.52742
G1 F401.3 X201.597 Y183.79 E698.58108
G1 F402 X200.54 Y184.051 E698.63513
;TIME_ELAPSED:1326.683072
;LAYER:226
;note -- min layer time used
M204 S3000
M205 X10 Y10
;MESH:15_7_1.stl
G0 F6000 X200.54 Y184.051 Z46.49
M204 S1800
M205 X8 Y8
;TYPE:WALL-OUTER
G1 F404 X199.46 Y184.051 E698.68847
G1 F402.7 X198.402 Y183.79 E698.74248
G1 F400.7 X197.444 Y183.288 E698.79635
G1 F401.3 X196.629 Y182.565 E698.85052
G1 F402 X196.014 Y181.672 E698.90434
G1 F400.7 X195.629 Y180.664 E698.95809
G1 X195.501 Y179.584 E699.01225
G1 X195.629 Y178.508 E699.06622
G1 X196.014 Y177.496 E699.12015
G1 F401.3 X196.63 Y176.604 E699.17406
G1 F400 X197.444 Y175.882 E699.22834
G1 X198.402 Y175.378 E699.28235
G1 F401.3 X199.46 Y175.119 E699.33651
G1 X200.54 Y175.119 E699.39021
G1 X201.597 Y175.378 E699.44432
G1 F400.7 X202.552 Y175.881 E699.49808
G1 F401.3 X203.367 Y176.603 E699.55222
G1 F402 X203.982 Y177.496 E699.60605
G1 F400.7 X204.367 Y178.508 E699.65998
G1 F402.7 X204.497 Y179.584 E699.71369
G1 F403.4 X204.367 Y180.664 E699.7675
G1 F402 X203.982 Y181.672 E699.82107
G1 F403.4 X203.368 Y182.566 E699.87473
G1 X202.553 Y183.289 E699.92863
G1 F401.3 X201.597 Y183.79 E699.98229
G1 F402 X200.54 Y184.051 E700.03634
;TIME_ELAPSED:1330.986864
;LAYER:227
;note -- min layer time used
M204 S3000
M205 X10 Y10
;MESH:15_7_1.stl
G0 F6000 X200.54 Y184.051 Z46.69
M204 S1800
M205 X8 Y8
;TYPE:WALL-OUTER
G1 F404 X199.46 Y184.051 E700.08968
G1 F402.7 X198.402 Y183.79 E700.14369
G1 F400.7 X197.444 Y183.288 E700.19756
G1 F401.3 X196.629 Y182.565 E700.25173
G1 F402 X196.014 Y181.672 E700.30555
G1 F400.7 X195.629 Y180.664 E700.3593
G1 X195.501 Y179.584 E700.41347
G1 X195.629 Y178.508 E700.46744
G1 X196.014 Y177.496 E700.52136
G1 F401.3 X196.63 Y176.604 E700.57527
G1 F400 X197.444 Y175.882 E700.62955
G1 X198.402 Y175.378 E700.68356
G1 F401.3 X199.46 Y175.119 E700.73772
G1 X200.54 Y175.119 E700.79142
G1 X201.597 Y175.378 E700.84553
G1 F400.7 X202.552 Y175.881 E700.89929
G1 F401.3 X203.367 Y176.603 E700.95343
G1 F402 X203.982 Y177.496 E701.00726
G1 F400.7 X204.367 Y178.508 E701.06119
G1 F402.7 X204.497 Y179.584 E701.1149
G1 F403.4 X204.367 Y180.664 E701.16872
G1 F402 X203.982 Y181.672 E701.22228
G1 F403.4 X203.368 Y182.566 E701.27594
G1 X202.553 Y183.289 E701.32984
G1 F401.3 X201.597 Y183.79 E701.38351
G1 F402 X200.54 Y184.051 E701.43755
;TIME_ELAPSED:1335.290656
;LAYER:228
;note -- min layer time used
M204 S3000
M205 X10 Y10
;MESH:15_7_1.stl
G0 F6000 X200.54 Y184.051 Z46.89
M204 S1800
M205 X8 Y8
;TYPE:WALL-OUTER
G1 F404 X199.46 Y184.051 E701.49089
G1 F402.7 X198.402 Y183.79 E701.5449
G1 F400.7 X197.444 Y183.288 E701.59877
G1 F401.3 X196.629 Y182.565 E701.65294
G1 F402 X196.014 Y181.672 E701.70677
G1 F400.7 X195.629 Y180.664 E701.76051
G1 X195.501 Y179.584 E701.81468
G1 X195.629 Y178.508 E701.86865
G1 X196.014 Y177.496 E701.92258
G1 F401.3 X196.63 Y176.604 E701.97648
G1 F400 X197.444 Y175.882 E702.03076
G1 X198.402 Y175.378 E702.08477
G1 F401.3 X199.46 Y175.119 E702.13893
G1 X200.54 Y175.119 E702.19263
G1 X201.597 Y175.378 E702.24674
G1 F400.7 X202.552 Y175.881 E702.3005
G1 F401.3 X203.367 Y176.603 E702.35464
G1 F402 X203.982 Y177.496 E702.40847
G1 F400.7 X204.367 Y178.508 E702.4624
G1 F402.7 X204.497 Y179.584 E702.51611
G1 F403.4 X204.367 Y180.664 E702.56993
G1 F402 X203.982 Y181.672 E702.62349
G1 F403.4 X203.368 Y182.566 E702.67715
G1 X202.553 Y183.289 E702.73105
G1 F401.3 X201.597 Y183.79 E702.78472
G1 F402 X200.54 Y184.051 E702.83876
;TIME_ELAPSED:1339.594449
;LAYER:229
;note -- min layer time used
M204 S3000
M205 X10 Y10
;MESH:15_7_1.stl
G0 F6000 X200.54 Y184.051 Z47.09
M204 S1800
M205 X8 Y8
;TYPE:WALL-OUTER
G1 F404 X199.46 Y184.051 E702.89211
G1 F402.7 X198.402 Y183.79 E702.94611
G1 F400.7 X197.444 Y183.288 E702.99998
G1 F401.3 X196.629 Y182.565 E703.05415
G1 F402 X196.014 Y181.672 E703.10798
G1 F400.7 X195.629 Y180.664 E703.16172
G1 X195.501 Y179.584 E703.21589
G1 X195.629 Y178.508 E703.26986
G1 X196.014 Y177.496 E703.32379
G1 F401.3 X196.63 Y176.604 E703.37769
G1 F400 X197.444 Y175.882 E703.43197
G1 X198.402 Y175.378 E703.48598
G1 F401.3 X199.46 Y175.119 E703.54014
G1 X200.54 Y175.119 E703.59384
G1 X201.597 Y175.378 E703.64795
G1 F400.7 X202.552 Y175.881 E703.70171
G1 F401.3 X203.367 Y176.603 E703.75585
G1 F402 X203.982 Y177.496 E703.80968
G1 F400.7 X204.367 Y178.508 E703.86361
G1 F402.7 X204.497 Y179.584 E703.91732
G1 F403.4 X204.367 Y180.664 E703.97114
G1 F402 X203.982 Y181.672 E704.0247
G1 F403.4 X203.368 Y182.566 E704.07836
G1 X202.553 Y183.289 E704.13226
G1 F401.3 X201.597 Y183.79 E704.18593
G1 F402 X200.54 Y184.051 E704.23997
;TIME_ELAPSED:1343.898241
;LAYER:230
;note -- min layer time used
M204 S3000
M205 X10 Y10
;MESH:15_7_1.stl
G0 F6000 X200.54 Y184.051 Z47.29
M204 S1800
M205 X8 Y8
;TYPE:WALL-OUTER
G1 F404 X199.46 Y184.051 E704.29332
G1 F402.7 X198.402 Y183.79 E704.34732
G1 F400.7 X197.444 Y183.288 E704.40119
G1 F401.3 X196.629 Y182.565 E704.45536
G1 F402 X196.014 Y181.672 E704.50919
G1 F400.7 X195.629 Y180.664 E704.56293
G1 X195.501 Y179.584 E704.6171
G1 X195.629 Y178.508 E704.67107
G1 X196.014 Y177.496 E704.725
G1 F401.3 X196.63 Y176.604 E704.7789
G1 F400 X197.444 Y175.882 E704.83318
G1 X198.402 Y175.378 E704.88719
G1 F401.3 X199.46 Y175.119 E704.94135
G1 X200.54 Y175.119 E704.99505
G1 X201.597 Y175.378 E705.04916
G1 F400.7 X202.552 Y175.881 E705.10292
G1 F401.3 X203.367 Y176.603 E705.15706
G1 F402 X203.982 Y177.496 E705.21089
G1 F400.7 X204.367 Y178.508 E705.26482
G1 F402.7 X204.497 Y179.584 E705.31853
G1 F403.4 X204.367 Y180.664 E705.37235
G1 F402 X203.982 Y181.672 E705.42591
G1 F403.4 X203.368 Y182.566 E705.47957
G1 X202.553 Y183.289 E705.53347
G1 F401.3 X201.597 Y183.79 E705.58714
G1 F402 X200.54 Y184.051 E705.64118
;TIME_ELAPSED:1348.202033
;LAYER:231
;note -- min layer time used
M204 S3000
M205 X10 Y10
;MESH:15_7_1.stl
G0 F6000 X200.54 Y184.051 Z47.49
M204 S1800
M205 X8 Y8
;TYPE:WALL-OUTER
G1 F404 X199.46 Y184.051 E705.69453
G1 F402.7 X198.402 Y183.79 E705.74853
G1 F400.7 X197.444 Y183.288 E705.8024
G1 F401.3 X196.629 Y182.565 E705.85657
G1 F402 X196.014 Y181.672 E705.9104
G1 F400.7 X195.629 Y180.664 E705.96414
G1 X195.501 Y179.584 E706.01831
G1 X195.629 Y178.508 E706.07228
G1 X196.014 Y177.496 E706.12621
G1 F401.3 X196.63 Y176.604 E706.18011
G1 F400 X197.444 Y175.882 E706.23439
G1 X198.402 Y175.378 E706.2884
G1 F401.3 X199.46 Y175.119 E706.34256
G1 X200.54 Y175.119 E706.39626
G1 X201.597 Y175.378 E706.45038
G1 F400.7 X202.552 Y175.881 E706.50414
G1 F401.3 X203.367 Y176.603 E706.55828
G1 F402 X203.982 Y177.496 E706.6121
G1 F400.7 X204.367 Y178.508 E706.66603
G1 F402.7 X204.497 Y179.584 E706.71974
G1 F403.4 X204.367 Y180.664 E706.77356
G1 F402 X203.982 Y181.672 E706.82712
G1 F403.4 X203.368 Y182.566 E706.88078
G1 X202.553 Y183.289 E706.93468
G1 F401.3 X201.597 Y183.79 E706.98835
G1 F402 X200.54 Y184.051 E707.0424
;TIME_ELAPSED:1352.505825
;LAYER:232
;note -- min layer time used
M204 S3000
M205 X10 Y10
;MESH:15_7_1.stl
G0 F6000 X200.54 Y184.051 Z47.69
M204 S1800
M205 X8 Y8
;TYPE:WALL-OUTER
G1 F404 X199.46 Y184.051 E707.09574
G1 F402.7 X198.402 Y183.79 E707.14974
G1 F400.7 X197.444 Y183.288 E707.20361
G1 F401.3 X196.629 Y182.565 E707.25778
G1 F402 X196.014 Y181.672 E707.31161
G1 F400.7 X195.629 Y180.664 E707.36535
G1 X195.501 Y179.584 E707.41952
G1 X195.629 Y178.508 E707.47349
G1 X196.014 Y177.496 E707.52742
G1 F401.3 X196.63 Y176.604 E707.58132
G1 F400 X197.444 Y175.882 E707.6356
G1 X198.402 Y175.378 E707.68961
G1 F401.3 X199.46 Y175.119 E707.74377
G1 X200.54 Y175.119 E707.79747
G1 X201.597 Y175.378 E707.85159
G1 F400.7 X202.552 Y175.881 E707.90535
G1 F401.3 X203.367 Y176.603 E707.95949
G1 F402 X203.982 Y177.496 E708.01331
G1 F400.7 X204.367 Y178.508 E708.06724
G1 F402.7 X204.497 Y179.584 E708.12095
G1 F403.4 X204.367 Y180.664 E708.17477
G1 F402 X203.982 Y181.672 E708.22833
G1 F403.4 X203.368 Y182.566 E708.28199
G1 X202.553 Y183.289 E708.33589
G1 F401.3 X201.597 Y183.79 E708.38956
G1 F402 X200.54 Y184.051 E708.44361
;TIME_ELAPSED:1356.809617
;LAYER:233
;note -- min layer time used
M204 S3000
M205 X10 Y10
;MESH:15_7_1.stl
G0 F6000 X200.54 Y184.051 Z47.89
M204 S1800
M205 X8 Y8
;TYPE:WALL-OUTER
G1 F404 X199.46 Y184.051 E708.49695
G1 F402.7 X198.402 Y183.79 E708.55095
G1 F400.7 X197.444 Y183.288 E708.60482
G1 F401.3 X196.629 Y182.565 E708.65899
G1 F402 X196.014 Y181.672 E708.71282
G1 F400.7 X195.629 Y180.664 E708.76656
G1 X195.501 Y179.584 E708.82073
G1 X195.629 Y178.508 E708.8747
G1 X196.014 Y177.496 E708.92863
G1 F401.3 X196.63 Y176.604 E708.98253
G1 F400 X197.444 Y175.882 E709.03682
G1 X198.402 Y175.378 E709.09082
G1 F401.3 X199.46 Y175.119 E709.14498
G1 X200.54 Y175.119 E709.19868
G1 X201.597 Y175.378 E709.2528
G1 F400.7 X202.552 Y175.881 E709.30656
G1 F401.3 X203.367 Y176.603 E709.3607
G1 F402 X203.982 Y177.496 E709.41452
G1 F400.7 X204.367 Y178.508 E709.46845
G1 F402.7 X204.497 Y179.584 E709.52216
G1 F403.4 X204.367 Y180.664 E709.57598
G1 F402 X203.982 Y181.672 E709.62954
G1 F403.4 X203.368 Y182.566 E709.6832
G1 X202.553 Y183.289 E709.7371
G1 F401.3 X201.597 Y183.79 E709.79077
G1 F402 X200.54 Y184.051 E709.84482
;TIME_ELAPSED:1361.113409
;LAYER:234
;note -- min layer time used
M204 S3000
M205 X10 Y10
;MESH:15_7_1.stl
G0 F6000 X200.54 Y184.051 Z48.09
M204 S1800
M205 X8 Y8
;TYPE:WALL-OUTER
G1 F404 X199.46 Y184.051 E709.89816
G1 F402.7 X198.402 Y183.79 E709.95216
G1 F400.7 X197.444 Y183.288 E710.00603
G1 F401.3 X196.629 Y182.565 E710.06021
G1 F402 X196.014 Y181.672 E710.11403
G1 F400.7 X195.629 Y180.664 E710.16777
G1 X195.501 Y179.584 E710.22194
G1 X195.629 Y178.508 E710.27591
G1 X196.014 Y177.496 E710.32984
G1 F401.3 X196.63 Y176.604 E710.38374
G1 F400 X197.444 Y175.882 E710.43803
G1 X198.402 Y175.378 E710.49203
G1 F401.3 X199.46 Y175.119 E710.54619
G1 X200.54 Y175.119 E710.5999
G1 X201.597 Y175.378 E710.65401
G1 F400.7 X202.552 Y175.881 E710.70777
G1 F401.3 X203.367 Y176.603 E710.76191
G1 F402 X203.982 Y177.496 E710.81573
G1 F400.7 X204.367 Y178.508 E710.86966
G1 F402.7 X204.497 Y179.584 E710.92337
G1 F403.4 X204.367 Y180.664 E710.97719
G1 F402 X203.982 Y181.672 E711.03076
G1 F403.4 X203.368 Y182.566 E711.08441
G1 X202.553 Y183.289 E711.13831
G1 F401.3 X201.597 Y183.79 E711.19198
G1 F402 X200.54 Y184.051 E711.24603
;TIME_ELAPSED:1365.417202
;LAYER:235
;note -- min layer time used
M204 S3000
M205 X10 Y10
;MESH:15_7_1.stl
G0 F6000 X200.54 Y184.051 Z48.29
M204 S1800
M205 X8 Y8
;TYPE:WALL-OUTER
G1 F404 X199.46 Y184.051 E711.29937
G1 F402.7 X198.402 Y183.79 E711.35337
G1 F400.7 X197.444 Y183.288 E711.40724
G1 F401.3 X196.629 Y182.565 E711.46142
G1 F402 X196.014 Y181.672 E711.51524
G1 F400.7 X195.629 Y180.664 E711.56898
G1 X195.501 Y179.584 E711.62315
G1 X195.629 Y178.508 E711.67712
G1 X196.014 Y177.496 E711.73105
G1 F401.3 X196.63 Y176.604 E711.78495
G1 F400 X197.444 Y175.882 E711.83924
G1 X198.402 Y175.378 E711.89324
G1 F401.3 X199.46 Y175.119 E711.9474
G1 X200.54 Y175.119 E712.00111
G1 X201.597 Y175.378 E712.05522
G1 F400.7 X202.552 Y175.881 E712.10898
G1 F401.3 X203.367 Y176.603 E712.16312
G1 F402 X203.982 Y177.496 E712.21694
G1 F400.7 X204.367 Y178.508 E712.27087
G1 F402.7 X204.497 Y179.584 E712.32458
G1 F403.4 X204.367 Y180.664 E712.3784
G1 F402 X203.982 Y181.672 E712.43197
G1 F403.4 X203.368 Y182.566 E712.48562
G1 X202.553 Y183.289 E712.53952
G1 F401.3 X201.597 Y183.79 E712.59319
G1 F402 X200.54 Y184.051 E712.64724
;TIME_ELAPSED:1369.720994
;LAYER:236
;note -- min layer time used
M204 S3000
M205 X10 Y10
;MESH:15_7_1.stl
G0 F6000 X200.54 Y184.051 Z48.49
M204 S1800
M205 X8 Y8
;TYPE:WALL-OUTER
G1 F404 X199.46 Y184.051 E712.70058
G1 F402.7 X198.402 Y183.79 E712.75459
G1 F400.7 X197.444 Y183.288 E712.80845
G1 F401.3 X196.629 Y182.565 E712.86263
G1 F402 X196.014 Y181.672 E712.91645
G1 F400.7 X195.629 Y180.664 E712.9702
G1 X195.501 Y179.584 E713.02436
G1 X195.629 Y178.508 E713.07833
G1 X196.014 Y177.496 E713.13226
G1 F401.3 X196.63 Y176.604 E713.18616
G1 F400 X197.444 Y175.882 E713.24045
G1 X198.402 Y175.378 E713.29445
G1 F401.3 X199.46 Y175.119 E713.34862
G1 X200.54 Y175.119 E713.40232
G1 X201.597 Y175.378 E713.45643
G1 F400.7 X202.552 Y175.881 E713.51019
G1 F401.3 X203.367 Y176.603 E713.56433
G1 F402 X203.982 Y177.496 E713.61815
G1 F400.7 X204.367 Y178.508 E713.67208
G1 F402.7 X204.497 Y179.584 E713.7258
G1 F403.4 X204.367 Y180.664 E713.77961
G1 F402 X203.982 Y181.672 E713.83318
G1 F403.4 X203.368 Y182.566 E713.88683
G1 X202.553 Y183.289 E713.94074
G1 F401.3 X201.597 Y183.79 E713.9944
G1 F402 X200.54 Y184.051 E714.04845
;TIME_ELAPSED:1374.024786
;LAYER:237
;note -- min layer time used
M204 S3000
M205 X10 Y10
;MESH:15_7_1.stl
G0 F6000 X200.54 Y184.051 Z48.69
M204 S1800
M205 X8 Y8
;TYPE:WALL-OUTER
G1 F404 X199.46 Y184.051 E714.10179
G1 F402.7 X198.402 Y183.79 E714.1558
G1 F400.7 X197.444 Y183.288 E714.20967
G1 F401.3 X196.629 Y182.565 E714.26384
G1 F402 X196.014 Y181.672 E714.31766
G1 F400.7 X195.629 Y180.664 E714.37141
G1 X195.501 Y179.584 E714.42557
G1 X195.629 Y178.508 E714.47954
G1 X196.014 Y177.496 E714.53347
G1 F401.3 X196.63 Y176.604 E714.58738
G1 F400 X197.444 Y175.882 E714.64166
G1 X198.402 Y175.378 E714.69566
G1 F401.3 X199.46 Y175.119 E714.74983
G1 X200.54 Y175.119 E714.80353
G1 X201.597 Y175.378 E714.85764
G1 F400.7 X202.552 Y175.881 E714.9114
G1 F401.3 X203.367 Y176.603 E714.96554
G1 F402 X203.982 Y177.496 E715.01937
G1 F400.7 X204.367 Y178.508 E715.07329
G1 F402.7 X204.497 Y179.584 E715.12701
G1 F403.4 X204.367 Y180.664 E715.18082
G1 F402 X203.982 Y181.672 E715.23439
G1 F403.4 X203.368 Y182.566 E715.28805
G1 X202.553 Y183.289 E715.34195
G1 F401.3 X201.597 Y183.79 E715.39561
G1 F402 X200.54 Y184.051 E715.44966
;TIME_ELAPSED:1378.328578
;LAYER:238
;note -- min layer time used
M204 S3000
M205 X10 Y10
;MESH:15_7_1.stl
G0 F6000 X200.54 Y184.051 Z48.89
M204 S1800
M205 X8 Y8
;TYPE:WALL-OUTER
G1 F404 X199.46 Y184.051 E715.503
G1 F402.7 X198.402 Y183.79 E715.55701
G1 F400.7 X197.444 Y183.288 E715.61088
G1 F401.3 X196.629 Y182.565 E715.66505
G1 F402 X196.014 Y181.672 E715.71887
G1 F400.7 X195.629 Y180.664 E715.77262
G1 X195.501 Y179.584 E715.82678
G1 X195.629 Y178.508 E715.88076
G1 X196.014 Y177.496 E715.93468
G1 F401.3 X196.63 Y176.604 E715.98859
G1 F400 X197.444 Y175.882 E716.04287
G1 X198.402 Y175.378 E716.09688
G1 F401.3 X199.46 Y175.119 E716.15104
G1 X200.54 Y175.119 E716.20474
G1 X201.597 Y175.378 E716.25885
G1 F400.7 X202.552 Y175.881 E716.31261
G1 F401.3 X203.367 Y176.603 E716.36675
G1 F402 X203.982 Y177.496 E716.42058
G1 F400.7 X204.367 Y178.508 E716.47451
G1 F402.7 X204.497 Y179.584 E716.52822
G1 F403.4 X204.367 Y180.664 E716.58204
G1 F402 X203.982 Y181.672 E716.6356
G1 F403.4 X203.368 Y182.566 E716.68926
G1 X202.553 Y183.289 E716.74316
G1 F401.3 X201.597 Y183.79 E716.79683
G1 F402 X200.54 Y184.051 E716.85087
;TIME_ELAPSED:1382.632370
;LAYER:239
;note -- min layer time used
M204 S3000
M205 X10 Y10
;MESH:15_7_1.stl
G0 F6000 X200.54 Y184.051 Z49.09
M204 S1800
M205 X8 Y8
;TYPE:WALL-OUTER
G1 F404 X199.46 Y184.051 E716.90421
G1 F402.7 X198.402 Y183.79 E716.95822
G1 F400.7 X197.444 Y183.288 E717.01209
G1 F401.3 X196.629 Y182.565 E717.06626
G1 F402 X196.014 Y181.672 E717.12008
G1 F400.7 X195.629 Y180.664 E717.17383
G1 X195.501 Y179.584 E717.228
G1 X195.629 Y178.508 E717.28197
G1 X196.014 Y177.496 E717.3359
G1 F401.3 X196.63 Y176.604 E717.3898
G1 F400 X197.444 Y175.882 E717.44408
G1 X198.402 Y175.378 E717.49809
G1 F401.3 X199.46 Y175.119 E717.55225
G1 X200.54 Y175.119 E717.60595
G1 X201.597 Y175.378 E717.66006
G1 F400.7 X202.552 Y175.881 E717.71382
G1 F401.3 X203.367 Y176.603 E717.76796
G1 F402 X203.982 Y177.496 E717.82179
G1 F400.7 X204.367 Y178.508 E717.87572
G1 F402.7 X204.497 Y179.584 E717.92943
G1 F403.4 X204.367 Y180.664 E717.98325
G1 F402 X203.982 Y181.672 E718.03681
G1 F403.4 X203.368 Y182.566 E718.09047
G1 X202.553 Y183.289 E718.14437
G1 F401.3 X201.597 Y183.79 E718.19804
G1 F402 X200.54 Y184.051 E718.25208
;TIME_ELAPSED:1386.936162
;LAYER:240
;note -- min layer time used
M204 S3000
M205 X10 Y10
;MESH:15_7_1.stl
G0 F6000 X200.54 Y184.051 Z49.29
M204 S1800
M205 X8 Y8
;TYPE:WALL-OUTER
G1 F404 X199.46 Y184.051 E718.30542
G1 F402.7 X198.402 Y183.79 E718.35943
G1 F400.7 X197.444 Y183.288 E718.4133
G1 F401.3 X196.629 Y182.565 E718.46747
G1 F402 X196.014 Y181.672 E718.5213
G1 F400.7 X195.629 Y180.664 E718.57504
G1 X195.501 Y179.584 E718.62921
G1 X195.629 Y178.508 E718.68318
G1 X196.014 Y177.496 E718.73711
G1 F401.3 X196.63 Y176.604 E718.79101
G1 F400 X197.444 Y175.882 E718.84529
G1 X198.402 Y175.378 E718.8993
G1 F401.3 X199.46 Y175.119 E718.95346
G1 X200.54 Y175.119 E719.00716
G1 X201.597 Y175.378 E719.06127
G1 F400.7 X202.552 Y175.881 E719.11503
G1 F401.3 X203.367 Y176.603 E719.16917
G1 F402 X203.982 Y177.496 E719.223
G1 F400.7 X204.367 Y178.508 E719.27693
G1 F402.7 X204.497 Y179.584 E719.33064
G1 F403.4 X204.367 Y180.664 E719.38446
G1 F402 X203.982 Y181.672 E719.43802
G1 F403.4 X203.368 Y182.566 E719.49168
G1 X202.553 Y183.289 E719.54558
G1 F401.3 X201.597 Y183.79 E719.59925
G1 F402 X200.54 Y184.051 E719.65329
;TIME_ELAPSED:1391.239955
;LAYER:241
;note -- min layer time used
M204 S3000
M205 X10 Y10
;MESH:15_7_1.stl
G0 F6000 X200.54 Y184.051 Z49.49
M204 S1800
M205 X8 Y8
;TYPE:WALL-OUTER
G1 F404 X199.46 Y184.051 E719.70664
G1 F402.7 X198.402 Y183.79 E719.76064
G1 F400.7 X197.444 Y183.288 E719.81451
G1 F401.3 X196.629 Y182.565 E719.86868
G1 F402 X196.014 Y181.672 E719.92251
G1 F400.7 X195.629 Y180.664 E719.97625
G1 X195.501 Y179.584 E720.03042
G1 X195.629 Y178.508 E720.08439
G1 X196.014 Y177.496 E720.13832
G1 F401.3 X196.63 Y176.604 E720.19222
G1 F400 X197.444 Y175.882 E720.2465
G1 X198.402 Y175.378 E720.30051
G1 F401.3 X199.46 Y175.119 E720.35467
G1 X200.54 Y175.119 E720.40837
G1 X201.597 Y175.378 E720.46248
G1 F400.7 X202.552 Y175.881 E720.51624
G1 F401.3 X203.367 Y176.603 E720.57038
G1 F402 X203.982 Y177.496 E720.62421
G1 F400.7 X204.367 Y178.508 E720.67814
G1 F402.7 X204.497 Y179.584 E720.73185
G1 F403.4 X204.367 Y180.664 E720.78567
G1 F402 X203.982 Y181.672 E720.83923
G1 F403.4 X203.368 Y182.566 E720.89289
G1 X202.553 Y183.289 E720.94679
G1 F401.3 X201.597 Y183.79 E721.00046
G1 F402 X200.54 Y184.051 E721.0545
;TIME_ELAPSED:1395.543747
;LAYER:242
;note -- min layer time used
M204 S3000
M205 X10 Y10
;MESH:15_7_1.stl
G0 F6000 X200.54 Y184.051 Z49.69
M204 S1800
M205 X8 Y8
;TYPE:WALL-OUTER
G1 F404 X199.46 Y184.051 E721.10785
G1 F402.7 X198.402 Y183.79 E721.16185
G1 F400.7 X197.444 Y183.288 E721.21572
G1 F401.3 X196.629 Y182.565 E721.26989
G1 F402 X196.014 Y181.672 E721.32372
G1 F400.7 X195.629 Y180.664 E721.37746
G1 X195.501 Y179.584 E721.43163
G1 X195.629 Y178.508 E721.4856
G1 X196.014 Y177.496 E721.53953
G1 F401.3 X196.63 Y176.604 E721.59343
G1 F400 X197.444 Y175.882 E721.64771
G1 X198.402 Y175.378 E721.70172
G1 F401.3 X199.46 Y175.119 E721.75588
G1 X200.54 Y175.119 E721.80958
G1 X201.597 Y175.378 E721.8637
G1 F400.7 X202.552 Y175.881 E721.91746
G1 F401.3 X203.367 Y176.603 E721.9716
G1 F402 X203.982 Y177.496 E722.02542
G1 F400.7 X204.367 Y178.508 E722.07935
G1 F402.7 X204.497 Y179.584 E722.13306
G1 F403.4 X204.367 Y180.664 E722.18688
G1 F402 X203.982 Y181.672 E722.24044
G1 F403.4 X203.368 Y182.566 E722.2941
G1 X202.553 Y183.289 E722.348
G1 F401.3 X201.597 Y183.79 E722.40167
G1 F402 X200.54 Y184.051 E722.45571
;TIME_ELAPSED:1399.847539
;LAYER:243
;note -- min layer time used
M204 S3000
M205 X10 Y10
;MESH:15_7_1.stl
G0 F6000 X200.54 Y184.051 Z49.89
M204 S1800
M205 X8 Y8
;TYPE:WALL-OUTER
G1 F404 X199.46 Y184.051 E722.50906
G1 F402.7 X198.402 Y183.79 E722.56306
G1 F400.7 X197.444 Y183.288 E722.61693
G1 F401.3 X196.629 Y182.565 E722.6711
G1 F402 X196.014 Y181.672 E722.72493
G1 F400.7 X195.629 Y180.664 E722.77867
G1 X195.501 Y179.584 E722.83284
G1 X195.629 Y178.508 E722.88681
G1 X196.014 Y177.496 E722.94074
G1 F401.3 X196.63 Y176.604 E722.99464
G1 F400 X197.444 Y175.882 E723.04892
G1 X198.402 Y175.378 E723.10293
G1 F401.3 X199.46 Y175.119 E723.15709
G1 X200.54 Y175.119 E723.21079
G1 X201.597 Y175.378 E723.26491
G1 F400.7 X202.552 Y175.881 E723.31867
G1 F401.3 X203.367 Y176.603 E723.37281
G1 F402 X203.982 Y177.496 E723.42663
G1 F400.7 X204.367 Y178.508 E723.48056
G1 F402.7 X204.497 Y179.584 E723.53427
G1 F403.4 X204.367 Y180.664 E723.58809
G1 F402 X203.982 Y181.672 E723.64165
G1 F403.4 X203.368 Y182.566 E723.69531
G1 X202.553 Y183.289 E723.74921
G1 F401.3 X201.597 Y183.79 E723.80288
G1 F402 X200.54 Y184.051 E723.85693
;TIME_ELAPSED:1404.151331
;LAYER:244
;note -- min layer time used
M204 S3000
M205 X10 Y10
;MESH:15_7_1.stl
G0 F6000 X200.54 Y184.051 Z50.09
M204 S1800
M205 X8 Y8
;TYPE:WALL-OUTER
G1 F404 X199.46 Y184.051 E723.91027
G1 F402.7 X198.402 Y183.79 E723.96427
G1 F400.7 X197.444 Y183.288 E724.01814
G1 F401.3 X196.629 Y182.565 E724.07231
G1 F402 X196.014 Y181.672 E724.12614
G1 F400.7 X195.629 Y180.664 E724.17988
G1 X195.501 Y179.584 E724.23405
G1 X195.629 Y178.508 E724.28802
G1 X196.014 Y177.496 E724.34195
G1 F401.3 X196.63 Y176.604 E724.39585
G1 F400 X197.444 Y175.882 E724.45014
G1 X198.402 Y175.378 E724.50414
G1 F401.3 X199.46 Y175.119 E724.5583
G1 X200.54 Y175.119 E724.612
G1 X201.597 Y175.378 E724.66612
G1 F400.7 X202.552 Y175.881 E724.71988
G1 F401.3 X203.367 Y176.603 E724.77402
G1 F402 X203.982 Y177.496 E724.82784
G1 F400.7 X204.367 Y178.508 E724.88177
G1 F402.7 X204.497 Y179.584 E724.93548
G1 F403.4 X204.367 Y180.664 E724.9893
G1 F402 X203.982 Y181.672 E725.04286
G1 F403.4 X203.368 Y182.566 E725.09652
G1 X202.553 Y183.289 E725.15042
G1 F401.3 X201.597 Y183.79 E725.20409
G1 F402 X200.54 Y184.051 E725.25814
;TIME_ELAPSED:1408.455123
;LAYER:245
;note -- min layer time used
M204 S3000
M205 X10 Y10
;MESH:15_7_1.stl
G0 F6000 X200.54 Y184.051 Z50.29
M204 S1800
M205 X8 Y8
;TYPE:WALL-OUTER
G1 F404 X199.46 Y184.051 E725.31148
G1 F402.7 X198.402 Y183.79 E725.36548
G1 F400.7 X197.444 Y183.288 E725.41935
G1 F401.3 X196.629 Y182.565 E725.47353
G1 F402 X196.014 Y181.672 E725.52735
G1 F400.7 X195.629 Y180.664 E725.58109
G1 X195.501 Y179.584 E725.63526
G1 X195.629 Y178.508 E725.68923
G1 X196.014 Y177.496 E725.74316
G1 F401.3 X196.63 Y176.604 E725.79706
G1 F400 X197.444 Y175.882 E725.85135
G1 X198.402 Y175.378 E725.90535
G1 F401.3 X199.46 Y175.119 E725.95951
G1 X200.54 Y175.119 E726.01321
G1 X201.597 Y175.378 E726.06733
G1 F400.7 X202.552 Y175.881 E726.12109
G1 F401.3 X203.367 Y176.603 E726.17523
G1 F402 X203.982 Y177.496 E726.22905
G1 F400.7 X204.367 Y178.508 E726.28298
G1 F402.7 X204.497 Y179.584 E726.33669
G1 F403.4 X204.367 Y180.664 E726.39051
G1 F402 X203.982 Y181.672 E726.44407
G1 F403.4 X203.368 Y182.566 E726.49773
G1 X202.553 Y183.289 E726.55163
G1 F401.3 X201.597 Y183.79 E726.6053
G1 F402 X200.54 Y184.051 E726.65935
;TIME_ELAPSED:1412.758915
;LAYER:246
;note -- min layer time used
M204 S3000
M205 X10 Y10
;MESH:15_7_1.stl
G0 F6000 X200.54 Y184.051 Z50.49
M204 S1800
M205 X8 Y8
;TYPE:WALL-OUTER
G1 F404 X199.46 Y184.051 E726.71269
G1 F402.7 X198.402 Y183.79 E726.76669
G1 F400.7 X197.444 Y183.288 E726.82056
G1 F401.3 X196.629 Y182.565 E726.87474
G1 F402 X196.014 Y181.672 E726.92856
G1 F400.7 X195.629 Y180.664 E726.9823
G1 X195.501 Y179.584 E727.03647
G1 X195.629 Y178.508 E727.09044
G1 X196.014 Y177.496 E727.14437
G1 F401.3 X196.63 Y176.604 E727.19827
G1 F400 X197.444 Y175.882 E727.25256
G1 X198.402 Y175.378 E727.30656
G1 F401.3 X199.46 Y175.119 E727.36072
G1 X200.54 Y175.119 E727.41443
G1 X201.597 Y175.378 E727.46854
G1 F400.7 X202.552 Y175.881 E727.5223
G1 F401.3 X203.367 Y176.603 E727.57644
G1 F402 X203.982 Y177.496 E727.63026
G1 F400.7 X204.367 Y178.508 E727.68419
G1 F402.7 X204.497 Y179.584 E727.7379
G1 F403.4 X204.367 Y180.664 E727.79172
G1 F402 X203.982 Y181.672 E727.84529
G1 F403.4 X203.368 Y182.566 E727.89894
G1 X202.553 Y183.289 E727.95284
G1 F401.3 X201.597 Y183.79 E728.00651
G1 F402 X200.54 Y184.051 E728.06056
;TIME_ELAPSED:1417.062707
;LAYER:247
;note -- min layer time used
M204 S3000
M205 X10 Y10
;MESH:15_7_1.stl
G0 F6000 X200.54 Y184.051 Z50.69
M204 S1800
M205 X8 Y8
;TYPE:WALL-OUTER
G1 F404 X199.46 Y184.051 E728.1139
G1 F402.7 X198.402 Y183.79 E728.1679
G1 F400.7 X197.444 Y183.288 E728.22177
G1 F401.3 X196.629 Y182.565 E728.27595
G1 F402 X196.014 Y181.672 E728.32977
G1 F400.7 X195.629 Y180.664 E728.38351
G1 X195.501 Y179.584 E728.43768
G1 X195.629 Y178.508 E728.49165
G1 X196.014 Y177.496 E728.54558
G1 F401.3 X196.63 Y176.604 E728.59948
G1 F400 X197.444 Y175.882 E728.65377
G1 X198.402 Y175.378 E728.70777
G1 F401.3 X199.46 Y175.119 E728.76193
G1 X200.54 Y175.119 E728.81564
G1 X201.597 Y175.378 E728.86975
G1 F400.7 X202.552 Y175.881 E728.92351
G1 F401.3 X203.367 Y176.603 E728.97765
G1 F402 X203.982 Y177.496 E729.03147
G1 F400.7 X204.367 Y178.508 E729.0854
G1 F402.7 X204.497 Y179.584 E729.13912
G1 F403.4 X204.367 Y180.664 E729.19293
G1 F402 X203.982 Y181.672 E729.2465
G1 F403.4 X203.368 Y182.566 E729.30015
G1 X202.553 Y183.289 E729.35405
G1 F401.3 X201.597 Y183.79 E729.40772
G1 F402 X200.54 Y184.051 E729.46177
;TIME_ELAPSED:1421.366500
;LAYER:248
;note -- min layer time used
M204 S3000
M205 X10 Y10
;MESH:15_7_1.stl
G0 F6000 X200.54 Y184.051 Z50.89
M204 S1800
M205 X8 Y8
;TYPE:WALL-OUTER
G1 F404 X199.46 Y184.051 E729.51511
G1 F402.7 X198.402 Y183.79 E729.56912
G1 F400.7 X197.444 Y183.288 E729.62298
G1 F401.3 X196.629 Y182.565 E729.67716
G1 F402 X196.014 Y181.672 E729.73098
G1 F400.7 X195.629 Y180.664 E729.78473
G1 X195.501 Y179.584 E729.83889
G1 X195.629 Y178.508 E729.89286
G1 X196.014 Y177.496 E729.94679
G1 F401.3 X196.63 Y176.604 E730.00069
G1 F400 X197.444 Y175.882 E730.05498
G1 X198.402 Y175.378 E730.10898
G1 F401.3 X199.46 Y175.119 E730.16315
G1 X200.54 Y175.119 E730.21685
G1 X201.597 Y175.378 E730.27096
G1 F400.7 X202.552 Y175.881 E730.32472
G1 F401.3 X203.367 Y176.603 E730.37886
G1 F402 X203.982 Y177.496 E730.43269
G1 F400.7 X204.367 Y178.508 E730.48661
G1 F402.7 X204.497 Y179.584 E730.54033
G1 F403.4 X204.367 Y180.664 E730.59414
G1 F402 X203.982 Y181.672 E730.64771
G1 F403.4 X203.368 Y182.566 E730.70136
G1 X202.553 Y183.289 E730.75527
G1 F401.3 X201.597 Y183.79 E730.80893
G1 F402 X200.54 Y184.051 E730.86298
;TIME_ELAPSED:1425.670292
;LAYER:249
;note -- min layer time used
M204 S3000
M205 X10 Y10
;MESH:15_7_1.stl
G0 F6000 X200.54 Y184.051 Z51.09
M204 S1800
M205 X8 Y8
;TYPE:WALL-OUTER
G1 F404 X199.46 Y184.051 E730.91632
G1 F402.7 X198.402 Y183.79 E730.97033
G1 F400.7 X197.444 Y183.288 E731.0242
G1 F401.3 X196.629 Y182.565 E731.07837
G1 F402 X196.014 Y181.672 E731.13219
G1 F400.7 X195.629 Y180.664 E731.18594
G1 X195.501 Y179.584 E731.2401
G1 X195.629 Y178.508 E731.29407
G1 X196.014 Y177.496 E731.348
G1 F401.3 X196.63 Y176.604 E731.40191
G1 F400 X197.444 Y175.882 E731.45619
G1 X198.402 Y175.378 E731.5102
G1 F401.3 X199.46 Y175.119 E731.56436
G1 X200.54 Y175.119 E731.61806
G1 X201.597 Y175.378 E731.67217
G1 F400.7 X202.552 Y175.881 E731.72593
G1 F401.3 X203.367 Y176.603 E731.78007
G1 F402 X203.982 Y177.496 E731.8339
G1 F400.7 X204.367 Y178.508 E731.88782
G1 F402.7 X204.497 Y179.584 E731.94154
G1 F403.4 X204.367 Y180.664 E731.99535
G1 F402 X203.982 Y181.672 E732.04892
G1 F403.4 X203.368 Y182.566 E732.10258
G1 X202.553 Y183.289 E732.15648
G1 F401.3 X201.597 Y183.79 E732.21014
G1 F402 X200.54 Y184.051 E732.26419
;TIME_ELAPSED:1429.974084
;LAYER:250
;note -- min layer time used
M204 S3000
M205 X10 Y10
;MESH:15_7_1.stl
G0 F6000 X200.54 Y184.051 Z51.29
M204 S1800
M205 X8 Y8
;TYPE:WALL-OUTER
G1 F404 X199.46 Y184.051 E732.31753
G1 F402.7 X198.402 Y183.79 E732.37154
G1 F400.7 X197.444 Y183.288 E732.42541
G1 F401.3 X196.629 Y182.565 E732.47958
G1 F402 X196.014 Y181.672 E732.5334
G1 F400.7 X195.629 Y180.664 E732.58715
G1 X195.501 Y179.584 E732.64132
G1 X195.629 Y178.508 E732.69529
G1 X196.014 Y177.496 E732.74921
G1 F401.3 X196.63 Y176.604 E732.80312
G1 F400 X197.444 Y175.882 E732.8574
G1 X198.402 Y175.378 E732.91141
G1 F401.3 X199.46 Y175.119 E732.96557
G1 X200.54 Y175.119 E733.01927
G1 X201.597 Y175.378 E733.07338
G1 F400.7 X202.552 Y175.881 E733.12714
G1 F401.3 X203.367 Y176.603 E733.18128
G1 F402 X203.982 Y177.496 E733.23511
G1 F400.7 X204.367 Y178.508 E733.28904
G1 F402.7 X204.497 Y179.584 E733.34275
G1 F403.4 X204.367 Y180.664 E733.39657
G1 F402 X203.982 Y181.672 E733.45013
G1 F403.4 X203.368 Y182.566 E733.50379
G1 X202.553 Y183.289 E733.55769
G1 F401.3 X201.597 Y183.79 E733.61136
G1 F402 X200.54 Y184.051 E733.6654
;TIME_ELAPSED:1434.277876
;LAYER:251
;note -- min layer time used
M204 S3000
M205 X10 Y10
;MESH:15_7_1.stl
G0 F6000 X200.54 Y184.051 Z51.49
M204 S1800
M205 X8 Y8
;TYPE:WALL-OUTER
G1 F404 X199.46 Y184.051 E733.71874
G1 F402.7 X198.402 Y183.79 E733.77275
G1 F400.7 X197.444 Y183.288 E733.82662
G1 F401.3 X196.629 Y182.565 E733.88079
G1 F402 X196.014 Y181.672 E733.93462
G1 F400.7 X195.629 Y180.664 E733.98836
G1 X195.501 Y179.584 E734.04253
G1 X195.629 Y178.508 E734.0965
G1 X196.014 Y177.496 E734.15043
G1 F401.3 X196.63 Y176.604 E734.20433
G1 F400 X197.444 Y175.882 E734.25861
G1 X198.402 Y175.378 E734.31262
G1 F401.3 X199.46 Y175.119 E734.36678
G1 X200.54 Y175.119 E734.42048
G1 X201.597 Y175.378 E734.47459
G1 F400.7 X202.552 Y175.881 E734.52835
G1 F401.3 X203.367 Y176.603 E734.58249
G1 F402 X203.982 Y177.496 E734.63632
G1 F400.7 X204.367 Y178.508 E734.69025
G1 F402.7 X204.497 Y179.584 E734.74396
G1 F403.4 X204.367 Y180.664 E734.79778
G1 F402 X203.982 Y181.672 E734.85134
G1 F403.4 X203.368 Y182.566 E734.905
G1 X202.553 Y183.289 E734.9589
G1 F401.3 X201.597 Y183.79 E735.01257
G1 F402 X200.54 Y184.051 E735.06661
;TIME_ELAPSED:1438.581668
;LAYER:252
;note -- min layer time used
M204 S3000
M205 X10 Y10
;MESH:15_7_1.stl
G0 F6000 X200.54 Y184.051 Z51.69
M204 S1800
M205 X8 Y8
;TYPE:WALL-OUTER
G1 F404 X199.46 Y184.051 E735.11996
G1 F402.7 X198.402 Y183.79 E735.17396
G1 F400.7 X197.444 Y183.288 E735.22783
G1 F401.3 X196.629 Y182.565 E735.282
G1 F402 X196.014 Y181.672 E735.33583
G1 F400.7 X195.629 Y180.664 E735.38957
G1 X195.501 Y179.584 E735.44374
G1 X195.629 Y178.508 E735.49771
G1 X196.014 Y177.496 E735.55164
G1 F401.3 X196.63 Y176.604 E735.60554
G1 F400 X197.444 Y175.882 E735.65982
G1 X198.402 Y175.378 E735.71383
G1 F401.3 X199.46 Y175.119 E735.76799
G1 X200.54 Y175.119 E735.82169
G1 X201.597 Y175.378 E735.8758
G1 F400.7 X202.552 Y175.881 E735.92956
G1 F401.3 X203.367 Y176.603 E735.9837
G1 F402 X203.982 Y177.496 E736.03753
G1 F400.7 X204.367 Y178.508 E736.09146
G1 F402.7 X204.497 Y179.584 E736.14517
G1 F403.4 X204.367 Y180.664 E736.19899
G1 F402 X203.982 Y181.672 E736.25255
G1 F403.4 X203.368 Y182.566 E736.30621
G1 X202.553 Y183.289 E736.36011
G1 F401.3 X201.597 Y183.79 E736.41378
G1 F402 X200.54 Y184.051 E736.46782
;TIME_ELAPSED:1442.885460
;LAYER:253
;note -- min layer time used
M204 S3000
M205 X10 Y10
;MESH:15_7_1.stl
G0 F6000 X200.54 Y184.051 Z51.89
M204 S1800
M205 X8 Y8
;TYPE:WALL-OUTER
G1 F404 X199.46 Y184.051 E736.52117
G1 F402.7 X198.402 Y183.79 E736.57517
G1 F400.7 X197.444 Y183.288 E736.62904
G1 F401.3 X196.629 Y182.565 E736.68321
G1 F402 X196.014 Y181.672 E736.73704
G1 F400.7 X195.629 Y180.664 E736.79078
G1 X195.501 Y179.584 E736.84495
G1 X195.629 Y178.508 E736.89892
G1 X196.014 Y177.496 E736.95285
G1 F401.3 X196.63 Y176.604 E737.00675
G1 F400 X197.444 Y175.882 E737.06103
G1 X198.402 Y175.378 E737.11504
G1 F401.3 X199.46 Y175.119 E737.1692
G1 X200.54 Y175.119 E737.2229
G1 X201.597 Y175.378 E737.27701
G1 F400.7 X202.552 Y175.881 E737.33077
G1 F401.3 X203.367 Y176.603 E737.38491
G1 F402 X203.982 Y177.496 E737.43874
G1 F400.7 X204.367 Y178.508 E737.49267
G1 F402.7 X204.497 Y179.584 E737.54638
G1 F403.4 X204.367 Y180.664 E737.6002
G1 F402 X203.982 Y181.672 E737.65376
G1 F403.4 X203.368 Y182.566 E737.70742
G1 X202.553 Y183.289 E737.76132
G1 F401.3 X201.597 Y183.79 E737.81499
G1 F402 X200.54 Y184.051 E737.86903
;TIME_ELAPSED:1447.189253
;LAYER:254
;note -- min layer time used
M204 S3000
M205 X10 Y10
;MESH:15_7_1.stl
G0 F6000 X200.54 Y184.051 Z52.09
M204 S1800
M205 X8 Y8
;TYPE:WALL-OUTER
G1 F404 X199.46 Y184.051 E737.92238
G1 F402.7 X198.402 Y183.79 E737.97638
G1 F400.7 X197.444 Y183.288 E738.03025
G1 F401.3 X196.629 Y182.565 E738.08442
G1 F402 X196.014 Y181.672 E738.13825
G1 F400.7 X195.629 Y180.664 E738.19199
G1 X195.501 Y179.584 E738.24616
G1 X195.629 Y178.508 E738.30013
G1 X196.014 Y177.496 E738.35406
G1 F401.3 X196.63 Y176.604 E738.40796
G1 F400 X197.444 Y175.882 E738.46224
G1 X198.402 Y175.378 E738.51625
G1 F401.3 X199.46 Y175.119 E738.57041
G1 X200.54 Y175.119 E738.62411
G1 X201.597 Y175.378 E738.67823
G1 F400.7 X202.552 Y175.881 E738.73199
G1 F401.3 X203.367 Y176.603 E738.78613
G1 F402 X203.982 Y177.496 E738.83995
G1 F400.7 X204.367 Y178.508 E738.89388
G1 F402.7 X204.497 Y179.584 E738.94759
G1 F403.4 X204.367 Y180.664 E739.00141
G1 F402 X203.982 Y181.672 E739.05497
G1 F403.4 X203.368 Y182.566 E739.10863
G1 X202.553 Y183.289 E739.16253
G1 F401.3 X201.597 Y183.79 E739.2162
G1 F402 X200.54 Y184.051 E739.27025
;TIME_ELAPSED:1451.493045
;LAYER:255
;note -- min layer time used
M204 S3000
M205 X10 Y10
;MESH:15_7_1.stl
G0 F6000 X200.54 Y184.051 Z52.29
M204 S1800
M205 X8 Y8
;TYPE:WALL-OUTER
G1 F404 X199.46 Y184.051 E739.32359
G1 F402.7 X198.402 Y183.79 E739.37759
G1 F400.7 X197.444 Y183.288 E739.43146
G1 F401.3 X196.629 Y182.565 E739.48563
G1 F402 X196.014 Y181.672 E739.53946
G1 F400.7 X195.629 Y180.664 E739.5932
G1 X195.501 Y179.584 E739.64737
G1 X195.629 Y178.508 E739.70134
G1 X196.014 Y177.496 E739.75527
G1 F401.3 X196.63 Y176.604 E739.80917
G1 F400 X197.444 Y175.882 E739.86345
G1 X198.402 Y175.378 E739.91746
G1 F401.3 X199.46 Y175.119 E739.97162
G1 X200.54 Y175.119 E740.02532
G1 X201.597 Y175.378 E740.07944
G1 F400.7 X202.552 Y175.881 E740.1332
G1 F401.3 X203.367 Y176.603 E740.18734
G1 F402 X203.982 Y177.496 E740.24116
G1 F400.7 X204.367 Y178.508 E740.29509
G1 F402.7 X204.497 Y179.584 E740.3488
G1 F403.4 X204.367 Y180.664 E740.40262
G1 F402 X203.982 Y181.672 E740.45618
G1 F403.4 X203.368 Y182.566 E740.50984
G1 X202.553 Y183.289 E740.56374
G1 F401.3 X201.597 Y183.79 E740.61741
G1 F402 X200.54 Y184.051 E740.67146
;TIME_ELAPSED:1455.796837
;LAYER:256
;note -- min layer time used
M204 S3000
M205 X10 Y10
;MESH:15_7_1.stl
G0 F6000 X200.54 Y184.051 Z52.49
M204 S1800
M205 X8 Y8
;TYPE:WALL-OUTER
G1 F404 X199.46 Y184.051 E740.7248
G1 F402.7 X198.402 Y183.79 E740.7788
G1 F400.7 X197.444 Y183.288 E740.83267
G1 F401.3 X196.629 Y182.565 E740.88684
G1 F402 X196.014 Y181.672 E740.94067
G1 F400.7 X195.629 Y180.664 E740.99441
G1 X195.501 Y179.584 E741.04858
G1 X195.629 Y178.508 E741.10255
G1 X196.014 Y177.496 E741.15648
G1 F401.3 X196.63 Y176.604 E741.21038
G1 F400 X197.444 Y175.882 E741.26467
G1 X198.402 Y175.378 E741.31867
G1 F401.3 X199.46 Y175.119 E741.37283
G1 X200.54 Y175.119 E741.42653
G1 X201.597 Y175.378 E741.48065
G1 F400.7 X202.552 Y175.881 E741.53441
G1 F401.3 X203.367 Y176.603 E741.58855
G1 F402 X203.982 Y177.496 E741.64237
G1 F400.7 X204.367 Y178.508 E741.6963
G1 F402.7 X204.497 Y179.584 E741.75001
G1 F403.4 X204.367 Y180.664 E741.80383
G1 F402 X203.982 Y181.672 E741.85739
G1 F403.4 X203.368 Y182.566 E741.91105
G1 X202.553 Y183.289 E741.96495
G1 F401.3 X201.597 Y183.79 E742.01862
G1 F402 X200.54 Y184.051 E742.07267
;TIME_ELAPSED:1460.100629
;LAYER:257
;note -- min layer time used
M204 S3000
M205 X10 Y10
;MESH:15_7_1.stl
G0 F6000 X200.54 Y184.051 Z52.69
M204 S1800
M205 X8 Y8
;TYPE:WALL-OUTER
G1 F404 X199.46 Y184.051 E742.12601
G1 F402.7 X198.402 Y183.79 E742.18001
G1 F400.7 X197.444 Y183.288 E742.23388
G1 F401.3 X196.629 Y182.565 E742.28806
G1 F402 X196.014 Y181.672 E742.34188
G1 F400.7 X195.629 Y180.664 E742.39562
G1 X195.501 Y179.584 E742.44979
G1 X195.629 Y178.508 E742.50376
G1 X196.014 Y177.496 E742.55769
G1 F401.3 X196.63 Y176.604 E742.61159
G1 F400 X197.444 Y175.882 E742.66588
G1 X198.402 Y175.378 E742.71988
G1 F401.3 X199.46 Y175.119 E742.77404
G1 X200.54 Y175.119 E742.82775
G1 X201.597 Y175.378 E742.88186
G1 F400.7 X202.552 Y175.881 E742.93562
G1 F401.3 X203.367 Y176.603 E742.98976
G1 F402 X203.982 Y177.496 E743.04358
G1 F400.7 X204.367 Y178.508 E743.09751
G1 F402.7 X204.497 Y179.584 E743.15122
G1 F403.4 X204.367 Y180.664 E743.20504
G1 F402 X203.982 Y181.672 E743.25861
G1 F403.4 X203.368 Y182.566 E743.31226
G1 X202.553 Y183.289 E743.36616
G1 F401.3 X201.597 Y183.79 E743.41983
G1 F402 X200.54 Y184.051 E743.47388
;TIME_ELAPSED:1464.404421
;LAYER:258
;note -- min layer time used
M204 S3000
M205 X10 Y10
;MESH:15_7_1.stl
G0 F6000 X200.54 Y184.051 Z52.89
M204 S1800
M205 X8 Y8
;TYPE:WALL-OUTER
G1 F404 X199.46 Y184.051 E743.52722
G1 F402.7 X198.402 Y183.79 E743.58122
G1 F400.7 X197.444 Y183.288 E743.63509
G1 F401.3 X196.629 Y182.565 E743.68927
G1 F402 X196.014 Y181.672 E743.74309
G1 F400.7 X195.629 Y180.664 E743.79683
G1 X195.501 Y179.584 E743.851
G1 X195.629 Y178.508 E743.90497
G1 X196.014 Y177.496 E743.9589
G1 F401.3 X196.63 Y176.604 E744.0128
G1 F400 X197.444 Y175.882 E744.06709
G1 X198.402 Y175.378 E744.12109
G1 F401.3 X199.46 Y175.119 E744.17525
G1 X200.54 Y175.119 E744.22896
G1 X201.597 Y175.378 E744.28307
G1 F400.7 X202.552 Y175.881 E744.33683
G1 F401.3 X203.367 Y176.603 E744.39097
G1 F402 X203.982 Y177.496 E744.44479
G1 F400.7 X204.367 Y178.508 E744.49872
G1 F402.7 X204.497 Y179.584 E744.55243
G1 F403.4 X204.367 Y180.664 E744.60625
G1 F402 X203.982 Y181.672 E744.65982
G1 F403.4 X203.368 Y182.566 E744.71347
G1 X202.553 Y183.289 E744.76737
G1 F401.3 X201.597 Y183.79 E744.82104
G1 F402 X200.54 Y184.051 E744.87509
;TIME_ELAPSED:1468.708213
;LAYER:259
;note -- min layer time used
M204 S3000
M205 X10 Y10
;MESH:15_7_1.stl
G0 F6000 X200.54 Y184.051 Z53.09
M204 S1800
M205 X8 Y8
;TYPE:WALL-OUTER
G1 F404 X199.46 Y184.051 E744.92843
G1 F402.7 X198.402 Y183.79 E744.98244
G1 F400.7 X197.444 Y183.288 E745.0363
G1 F401.3 X196.629 Y182.565 E745.09048
G1 F402 X196.014 Y181.672 E745.1443
G1 F400.7 X195.629 Y180.664 E745.19804
G1 X195.501 Y179.584 E745.25221
G1 X195.629 Y178.508 E745.30618
G1 X196.014 Y177.496 E745.36011
G1 F401.3 X196.63 Y176.604 E745.41401
G1 F400 X197.444 Y175.882 E745.4683
G1 X198.402 Y175.378 E745.5223
G1 F401.3 X199.46 Y175.119 E745.57646
G1 X200.54 Y175.119 E745.63017
G1 X201.597 Y175.378 E745.68428
G1 F400.7 X202.552 Y175.881 E745.73804
G1 F401.3 X203.367 Y176.603 E745.79218
G1 F402 X203.982 Y177.496 E745.846
G1 F400.7 X204.367 Y178.508 E745.89993
G1 F402.7 X204.497 Y179.584 E745.95365
G1 F403.4 X204.367 Y180.664 E746.00746
G1 F402 X203.982 Y181.672 E746.06103
G1 F403.4 X203.368 Y182.566 E746.11468
G1 X202.553 Y183.289 E746.16859
G1 F401.3 X201.597 Y183.79 E746.22225
G1 F402 X200.54 Y184.051 E746.2763
;TIME_ELAPSED:1473.012006
;LAYER:260
;note -- min layer time used
M204 S3000
M205 X10 Y10
;MESH:15_7_1.stl
G0 F6000 X200.54 Y184.051 Z53.29
M204 S1800
M205 X8 Y8
;TYPE:WALL-OUTER
G1 F404 X199.46 Y184.051 E746.32964
G1 F402.7 X198.402 Y183.79 E746.38365
G1 F400.7 X197.444 Y183.288 E746.43752
G1 F401.3 X196.629 Y182.565 E746.49169
G1 F402 X196.014 Y181.672 E746.54551
G1 F400.7 X195.629 Y180.664 E746.59926
G1 X195.501 Y179.584 E746.65342
G1 X195.629 Y178.508 E746.70739
G1 X196.014 Y177.496 E746.76132
G1 F401.3 X196.63 Y176.604 E746.81523
G1 F400 X197.444 Y175.882 E746.86951
G1 X198.402 Y175.378 E746.92351
G1 F401.3 X199.46 Y175.119 E746.97768
G1 X200.54 Y175.119 E747.03138
G1 X201.597 Y175.378 E747.08549
G1 F400.7 X202.552 Y175.881 E747.13925
G1 F401.3 X203.367 Y176.603 E747.19339
G1 F402 X203.982 Y177.496 E747.24722
G1 F400.7 X204.367 Y178.508 E747.30114
G1 F402.7 X204.497 Y179.584 E747.35486
G1 F403.4 X204.367 Y180.664 E747.40867
G1 F402 X203.982 Y181.672 E747.46224
G1 F403.4 X203.368 Y182.566 E747.51589
G1 X202.553 Y183.289 E747.5698
G1 F401.3 X201.597 Y183.79 E747.62346
G1 F402 X200.54 Y184.051 E747.67751
;TIME_ELAPSED:1477.315798
;LAYER:261
;note -- min layer time used
M204 S3000
M205 X10 Y10
;MESH:15_7_1.stl
G0 F6000 X200.54 Y184.051 Z53.49
M204 S1800
M205 X8 Y8
;TYPE:WALL-OUTER
G1 F404 X199.46 Y184.051 E747.73085
G1 F402.7 X198.402 Y183.79 E747.78486
G1 F400.7 X197.444 Y183.288 E747.83873
G1 F401.3 X196.629 Y182.565 E747.8929
G1 F402 X196.014 Y181.672 E747.94672
G1 F400.7 X195.629 Y180.664 E748.00047
G1 X195.501 Y179.584 E748.05463
G1 X195.629 Y178.508 E748.1086
G1 X196.014 Y177.496 E748.16253
G1 F401.3 X196.63 Y176.604 E748.21644
G1 F400 X197.444 Y175.882 E748.27072
G1 X198.402 Y175.378 E748.32473
G1 F401.3 X199.46 Y175.119 E748.37889
G1 X200.54 Y175.119 E748.43259
G1 X201.597 Y175.378 E748.4867
G1 F400.7 X202.552 Y175.881 E748.54046
G1 F401.3 X203.367 Y176.603 E748.5946
G1 F402 X203.982 Y177.496 E748.64843
G1 F400.7 X204.367 Y178.508 E748.70236
G1 F402.7 X204.497 Y179.584 E748.75607
G1 F403.4 X204.367 Y180.664 E748.80989
G1 F402 X203.982 Y181.672 E748.86345
G1 F403.4 X203.368 Y182.566 E748.91711
G1 X202.553 Y183.289 E748.97101
G1 F401.3 X201.597 Y183.79 E749.02468
G1 F402 X200.54 Y184.051 E749.07872
;TIME_ELAPSED:1481.619590
;LAYER:262
;note -- min layer time used
M204 S3000
M205 X10 Y10
;MESH:15_7_1.stl
G0 F6000 X200.54 Y184.051 Z53.69
M204 S1800
M205 X8 Y8
;TYPE:WALL-OUTER
G1 F404 X199.46 Y184.051 E749.13206
G1 F402.7 X198.402 Y183.79 E749.18607
G1 F400.7 X197.444 Y183.288 E749.23994
G1 F401.3 X196.629 Y182.565 E749.29411
G1 F402 X196.014 Y181.672 E749.34793
G1 F400.7 X195.629 Y180.664 E749.40168
G1 X195.501 Y179.584 E749.45585
G1 X195.629 Y178.508 E749.50982
G1 X196.014 Y177.496 E749.56374
G1 F401.3 X196.63 Y176.604 E749.61765
G1 F400 X197.444 Y175.882 E749.67193
G1 X198.402 Y175.378 E749.72594
G1 F401.3 X199.46 Y175.119 E749.7801
G1 X200.54 Y175.119 E749.8338
G1 X201.597 Y175.378 E749.88791
G1 F400.7 X202.552 Y175.881 E749.94167
G1 F401.3 X203.367 Y176.603 E749.99581
G1 F402 X203.982 Y177.496 E750.04964
G1 F400.7 X204.367 Y178.508 E750.10357
G1 F402.7 X204.497 Y179.584 E750.15728
G1 F403.4 X204.367 Y180.664 E750.2111
G1 F402 X203.982 Y181.672 E750.26466
G1 F403.4 X203.368 Y182.566 E750.31832
G1 X202.553 Y183.289 E750.37222
G1 F401.3 X201.597 Y183.79 E750.42589
G1 F402 X200.54 Y184.051 E750.47993
;TIME_ELAPSED:1485.923382
;LAYER:263
;note -- min layer time used
M204 S3000
M205 X10 Y10
;MESH:15_7_1.stl
G0 F6000 X200.54 Y184.051 Z53.89
M204 S1800
M205 X8 Y8
;TYPE:WALL-OUTER
G1 F404 X199.46 Y184.051 E750.53327
G1 F402.7 X198.402 Y183.79 E750.58728
G1 F400.7 X197.444 Y183.288 E750.64115
G1 F401.3 X196.629 Y182.565 E750.69532
G1 F402 X196.014 Y181.672 E750.74915
G1 F400.7 X195.629 Y180.664 E750.80289
G1 X195.501 Y179.584 E750.85706
G1 X195.629 Y178.508 E750.91103
G1 X196.014 Y177.496 E750.96496
G1 F401.3 X196.63 Y176.604 E751.01886
G1 F400 X197.444 Y175.882 E751.07314
G1 X198.402 Y175.378 E751.12715
G1 F401.3 X199.46 Y175.119 E751.18131
G1 X200.54 Y175.119 E751.23501
G1 X201.597 Y175.378 E751.28912
G1 F400.7 X202.552 Y175.881 E751.34288
G1 F401.3 X203.367 Y176.603 E751.39702
G1 F402 X203.982 Y177.496 E751.45085
G1 F400.7 X204.367 Y178.508 E751.50478
G1 F402.7 X204.497 Y179.584 E751.55849
G1 F403.4 X204.367 Y180.664 E751.61231
G1 F402 X203.982 Y181.672 E751.66587
G1 F403.4 X203.368 Y182.566 E751.71953
G1 X202.553 Y183.289 E751.77343
G1 F401.3 X201.597 Y183.79 E751.8271
G1 F402 X200.54 Y184.051 E751.88114
;TIME_ELAPSED:1490.227174
;LAYER:264
;note -- min layer time used
M204 S3000
M205 X10 Y10
;MESH:15_7_1.stl
G0 F6000 X200.54 Y184.051 Z54.09
M204 S1800
M205 X8 Y8
;TYPE:WALL-OUTER
G1 F404 X199.46 Y184.051 E751.93449
G1 F402.7 X198.402 Y183.79 E751.98849
G1 F400.7 X197.444 Y183.288 E752.04236
G1 F401.3 X196.629 Y182.565 E752.09653
G1 F402 X196.014 Y181.672 E752.15036
G1 F400.7 X195.629 Y180.664 E752.2041
G1 X195.501 Y179.584 E752.25827
G1 X195.629 Y178.508 E752.31224
G1 X196.014 Y177.496 E752.36617
G1 F401.3 X196.63 Y176.604 E752.42007
G1 F400 X197.444 Y175.882 E752.47435
G1 X198.402 Y175.378 E752.52836
G1 F401.3 X199.46 Y175.119 E752.58252
G1 X200.54 Y175.119 E752.63622
G1 X201.597 Y175.378 E752.69033
G1 F400.7 X202.552 Y175.881 E752.74409
G1 F401.3 X203.367 Y176.603 E752.79823
G1 F402 X203.982 Y177.496 E752.85206
G1 F400.7 X204.367 Y178.508 E752.90599
G1 F402.7 X204.497 Y179.584 E752.9597
G1 F403.4 X204.367 Y180.664 E753.01352
G1 F402 X203.982 Y181.672 E753.06708
G1 F403.4 X203.368 Y182.566 E753.12074
G1 X202.553 Y183.289 E753.17464
G1 F401.3 X201.597 Y183.79 E753.22831
G1 F402 X200.54 Y184.051 E753.28235
;TIME_ELAPSED:1494.530966
;LAYER:265
;note -- min layer time used
M204 S3000
M205 X10 Y10
;MESH:15_7_1.stl
G0 F6000 X200.54 Y184.051 Z54.29
M204 S1800
M205 X8 Y8
;TYPE:WALL-OUTER
G1 F404 X199.46 Y184.051 E753.3357
G1 F402.7 X198.402 Y183.79 E753.3897
G1 F400.7 X197.444 Y183.288 E753.44357
G1 F401.3 X196.629 Y182.565 E753.49774
G1 F402 X196.014 Y181.672 E753.55157
G1 F400.7 X195.629 Y180.664 E753.60531
G1 X195.501 Y179.584 E753.65948
G1 X195.629 Y178.508 E753.71345
G1 X196.014 Y177.496 E753.76738
G1 F401.3 X196.63 Y176.604 E753.82128
G1 F400 X197.444 Y175.882 E753.87556
G1 X198.402 Y175.378 E753.92957
G1 F401.3 X199.46 Y175.119 E753.98373
G1 X200.54 Y175.119 E754.03743
G1 X201.597 Y175.378 E754.09154
G1 F400.7 X202.552 Y175.881 E754.14531
G1 F401.3 X203.367 Y176.603 E754.19945
G1 F402 X203.982 Y177.496 E754.25327
G1 F400.7 X204.367 Y178.508 E754.3072
G1 F402.7 X204.497 Y179.584 E754.36091
G1 F403.4 X204.367 Y180.664 E754.41473
G1 F402 X203.982 Y181.672 E754.46829
G1 F403.4 X203.368 Y182.566 E754.52195
G1 X202.553 Y183.289 E754.57585
G1 F401.3 X201.597 Y183.79 E754.62952
G1 F402 X200.54 Y184.051 E754.68356
;TIME_ELAPSED:1498.834759
;LAYER:266
;note -- min layer time used
M204 S3000
M205 X10 Y10
;MESH:15_7_1.stl
G0 F6000 X200.54 Y184.051 Z54.49
M204 S1800
M205 X8 Y8
;TYPE:WALL-OUTER
G1 F404 X199.46 Y184.051 E754.73691
G1 F402.7 X198.402 Y183.79 E754.79091
G1 F400.7 X197.444 Y183.288 E754.84478
G1 F401.3 X196.629 Y182.565 E754.89895
G1 F402 X196.014 Y181.672 E754.95278
G1 F400.7 X195.629 Y180.664 E755.00652
G1 X195.501 Y179.584 E755.06069
G1 X195.629 Y178.508 E755.11466
G1 X196.014 Y177.496 E755.16859
G1 F401.3 X196.63 Y176.604 E755.22249
G1 F400 X197.444 Y175.882 E755.27677
G1 X198.402 Y175.378 E755.33078
G1 F401.3 X199.46 Y175.119 E755.38494
G1 X200.54 Y175.119 E755.43864
G1 X201.597 Y175.378 E755.49276
G1 F400.7 X202.552 Y175.881 E755.54652
G1 F401.3 X203.367 Y176.603 E755.60066
G1 F402 X203.982 Y177.496 E755.65448
G1 F400.7 X204.367 Y178.508 E755.70841
G1 F402.7 X204.497 Y179.584 E755.76212
G1 F403.4 X204.367 Y180.664 E755.81594
G1 F402 X203.982 Y181.672 E755.8695
G1 F403.4 X203.368 Y182.566 E755.92316
G1 X202.553 Y183.289 E755.97706
G1 F401.3 X201.597 Y183.79 E756.03073
G1 F402 X200.54 Y184.051 E756.08478
;TIME_ELAPSED:1503.138551
;LAYER:267
;note -- min layer time used
M204 S3000
M205 X10 Y10
;MESH:15_7_1.stl
G0 F6000 X200.54 Y184.051 Z54.69
M204 S1800
M205 X8 Y8
;TYPE:WALL-OUTER
G1 F404 X199.46 Y184.051 E756.13812
G1 F402.7 X198.402 Y183.79 E756.19212
G1 F400.7 X197.444 Y183.288 E756.24599
G1 F401.3 X196.629 Y182.565 E756.30016
G1 F402 X196.014 Y181.672 E756.35399
G1 F400.7 X195.629 Y180.664 E756.40773
G1 X195.501 Y179.584 E756.4619
G1 X195.629 Y178.508 E756.51587
G1 X196.014 Y177.496 E756.5698
G1 F401.3 X196.63 Y176.604 E756.6237
G1 F400 X197.444 Y175.882 E756.67799
G1 X198.402 Y175.378 E756.73199
G1 F401.3 X199.46 Y175.119 E756.78615
G1 X200.54 Y175.119 E756.83985
G1 X201.597 Y175.378 E756.89397
G1 F400.7 X202.552 Y175.881 E756.94773
G1 F401.3 X203.367 Y176.603 E757.00187
G1 F402 X203.982 Y177.496 E757.05569
G1 F400.7 X204.367 Y178.508 E757.10962
G1 F402.7 X204.497 Y179.584 E757.16333
G1 F403.4 X204.367 Y180.664 E757.21715
G1 F402 X203.982 Y181.672 E757.27071
G1 F403.4 X203.368 Y182.566 E757.32437
G1 X202.553 Y183.289 E757.37827
G1 F401.3 X201.597 Y183.79 E757.43194
G1 F402 X200.54 Y184.051 E757.48599
;TIME_ELAPSED:1507.442343
;LAYER:268
;note -- min layer time used
M204 S3000
M205 X10 Y10
;MESH:15_7_1.stl
G0 F6000 X200.54 Y184.051 Z54.89
M204 S1800
M205 X8 Y8
;TYPE:WALL-OUTER
G1 F404 X199.46 Y184.051 E757.53933
G1 F402.7 X198.402 Y183.79 E757.59333
G1 F400.7 X197.444 Y183.288 E757.6472
G1 F401.3 X196.629 Y182.565 E757.70138
G1 F402 X196.014 Y181.672 E757.7552
G1 F400.7 X195.629 Y180.664 E757.80894
G1 X195.501 Y179.584 E757.86311
G1 X195.629 Y178.508 E757.91708
G1 X196.014 Y177.496 E757.97101
G1 F401.3 X196.63 Y176.604 E758.02491
G1 F400 X197.444 Y175.882 E758.0792
G1 X198.402 Y175.378 E758.1332
G1 F401.3 X199.46 Y175.119 E758.18736
G1 X200.54 Y175.119 E758.24106
G1 X201.597 Y175.378 E758.29518
G1 F400.7 X202.552 Y175.881 E758.34894
G1 F401.3 X203.367 Y176.603 E758.40308
G1 F402 X203.982 Y177.496 E758.4569
G1 F400.7 X204.367 Y178.508 E758.51083
G1 F402.7 X204.497 Y179.584 E758.56454
G1 F403.4 X204.367 Y180.664 E758.61836
G1 F402 X203.982 Y181.672 E758.67192
G1 F403.4 X203.368 Y182.566 E758.72558
G1 X202.553 Y183.289 E758.77948
G1 F401.3 X201.597 Y183.79 E758.83315
G1 F402 X200.54 Y184.051 E758.8872
;TIME_ELAPSED:1511.746135
;LAYER:269
;note -- min layer time used
M204 S3000
M205 X10 Y10
;MESH:15_7_1.stl
G0 F6000 X200.54 Y184.051 Z55.09
M204 S1800
M205 X8 Y8
;TYPE:WALL-OUTER
G1 F404 X199.46 Y184.051 E758.94054
G1 F402.7 X198.402 Y183.79 E758.99454
G1 F400.7 X197.444 Y183.288 E759.04841
G1 F401.3 X196.629 Y182.565 E759.10259
G1 F402 X196.014 Y181.672 E759.15641
G1 F400.7 X195.629 Y180.664 E759.21015
G1 X195.501 Y179.584 E759.26432
G1 X195.629 Y178.508 E759.31829
G1 X196.014 Y177.496 E759.37222
G1 F401.3 X196.63 Y176.604 E759.42612
G1 F400 X197.444 Y175.882 E759.48041
G1 X198.402 Y175.378 E759.53441
G1 F401.3 X199.46 Y175.119 E759.58857
G1 X200.54 Y175.119 E759.64228
G1 X201.597 Y175.378 E759.69639
G1 F400.7 X202.552 Y175.881 E759.75015
G1 F401.3 X203.367 Y176.603 E759.80429
G1 F402 X203.982 Y177.496 E759.85811
G1 F400.7 X204.367 Y178.508 E759.91204
G1 F402.7 X204.497 Y179.584 E759.96575
G1 F403.4 X204.367 Y180.664 E760.01957
G1 F402 X203.982 Y181.672 E760.07314
G1 F403.4 X203.368 Y182.566 E760.12679
G1 X202.553 Y183.289 E760.18069
G1 F401.3 X201.597 Y183.79 E760.23436
G1 F402 X200.54 Y184.051 E760.28841
;TIME_ELAPSED:1516.049927
;LAYER:270
;note -- min layer time used
M204 S3000
M205 X10 Y10
;MESH:15_7_1.stl
G0 F6000 X200.54 Y184.051 Z55.29
M204 S1800
M205 X8 Y8
;TYPE:WALL-OUTER
G1 F404 X199.46 Y184.051 E760.34175
G1 F402.7 X198.402 Y183.79 E760.39575
G1 F400.7 X197.444 Y183.288 E760.44962
G1 F401.3 X196.629 Y182.565 E760.5038
G1 F402 X196.014 Y181.672 E760.55762
G1 F400.7 X195.629 Y180.664 E760.61136
G1 X195.501 Y179.584 E760.66553
G1 X195.629 Y178.508 E760.7195
G1 X196.014 Y177.496 E760.77343
G1 F401.3 X196.63 Y176.604 E760.82733
G1 F400 X197.444 Y175.882 E760.88162
G1 X198.402 Y175.378 E760.93562
G1 F401.3 X199.46 Y175.119 E760.98978
G1 X200.54 Y175.119 E761.04349
G1 X201.597 Y175.378 E761.0976
G1 F400.7 X202.552 Y175.881 E761.15136
G1 F401.3 X203.367 Y176.603 E761.2055
G1 F402 X203.982 Y177.496 E761.25932
G1 F400.7 X204.367 Y178.508 E761.31325
G1 F402.7 X204.497 Y179.584 E761.36696
G1 F403.4 X204.367 Y180.664 E761.42078
G1 F402 X203.982 Y181.672 E761.47435
G1 F403.4 X203.368 Y182.566 E761.528
G1 X202.553 Y183.289 E761.5819
G1 F401.3 X201.597 Y183.79 E761.63557
G1 F402 X200.54 Y184.051 E761.68962
;TIME_ELAPSED:1520.353719
;LAYER:271
;note -- min layer time used
M204 S3000
M205 X10 Y10
;MESH:15_7_1.stl
G0 F6000 X200.54 Y184.051 Z55.49
M204 S1800
M205 X8 Y8
;TYPE:WALL-OUTER
G1 F404 X199.46 Y184.051 E761.74296
G1 F402.7 X198.402 Y183.79 E761.79697
G1 F400.7 X197.444 Y183.288 E761.85083
G1 F401.3 X196.629 Y182.565 E761.90501
G1 F402 X196.014 Y181.672 E761.95883
G1 F400.7 X195.629 Y180.664 E762.01258
G1 X195.501 Y179.584 E762.06674
G1 X195.629 Y178.508 E762.12071
G1 X196.014 Y177.496 E762.17464
G1 F401.3 X196.63 Y176.604 E762.22854
G1 F400 X197.444 Y175.882 E762.28283
G1 X198.402 Y175.378 E762.33683
G1 F401.3 X199.46 Y175.119 E762.391
G1 X200.54 Y175.119 E762.4447
G1 X201.597 Y175.378 E762.49881
G1 F400.7 X202.552 Y175.881 E762.55257
G1 F401.3 X203.367 Y176.603 E762.60671
G1 F402 X203.982 Y177.496 E762.66053
G1 F400.7 X204.367 Y178.508 E762.71446
G1 F402.7 X204.497 Y179.584 E762.76818
G1 F403.4 X204.367 Y180.664 E762.82199
G1 F402 X203.982 Y181.672 E762.87556
G1 F403.4 X203.368 Y182.566 E762.92921
G1 X202.553 Y183.289 E762.98312
G1 F401.3 X201.597 Y183.79 E763.03678
G1 F402 X200.54 Y184.051 E763.09083
;TIME_ELAPSED:1524.657512
;LAYER:272
;note -- min layer time used
M204 S3000
M205 X10 Y10
;MESH:15_7_1.stl
G0 F6000 X200.54 Y184.051 Z55.69
M204 S1800
M205 X8 Y8
;TYPE:WALL-OUTER
G1 F404 X199.46 Y184.051 E763.14417
G1 F402.7 X198.402 Y183.79 E763.19818
G1 F400.7 X197.444 Y183.288 E763.25205
G1 F401.3 X196.629 Y182.565 E763.30622
G1 F402 X196.014 Y181.672 E763.36004
G1 F400.7 X195.629 Y180.664 E763.41379
G1 X195.501 Y179.584 E763.46795
G1 X195.629 Y178.508 E763.52192
G1 X196.014 Y177.496 E763.57585
G1 F401.3 X196.63 Y176.604 E763.62976
G1 F400 X197.444 Y175.882 E763.68404
G1 X198.402 Y175.378 E763.73804
G1 F401.3 X199.46 Y175.119 E763.79221
G1 X200.54 Y175.119 E763.84591
G1 X201.597 Y175.378 E763.90002
G1 F400.7 X202.552 Y175.881 E763.95378
G1 F401.3 X203.367 Y176.603 E764.00792
G1 F402 X203.982 Y177.496 E764.06175
G1 F400.7 X204.367 Y178.508 E764.11567
G1 F402.7 X204.497 Y179.584 E764.16939
G1 F403.4 X204.367 Y180.664 E764.2232
G1 F402 X203.982 Y181.672 E764.27677
G1 F403.4 X203.368 Y182.566 E764.33043
G1 X202.553 Y183.289 E764.38433
G1 F401.3 X201.597 Y183.79 E764.43799
G1 F402 X200.54 Y184.051 E764.49204
;TIME_ELAPSED:1528.961304
;LAYER:273
;note -- min layer time used
M204 S3000
M205 X10 Y10
;MESH:15_7_1.stl
G0 F6000 X200.54 Y184.051 Z55.89
M204 S1800
M205 X8 Y8
;TYPE:WALL-OUTER
G1 F404 X199.46 Y184.051 E764.54538
G1 F402.7 X198.402 Y183.79 E764.59939
G1 F400.7 X197.444 Y183.288 E764.65326
G1 F401.3 X196.629 Y182.565 E764.70743
G1 F402 X196.014 Y181.672 E764.76125
G1 F400.7 X195.629 Y180.664 E764.815
G1 X195.501 Y179.584 E764.86917
G1 X195.629 Y178.508 E764.92314
G1 X196.014 Y177.496 E764.97706
G1 F401.3 X196.63 Y176.604 E765.03097
G1 F400 X197.444 Y175.882 E765.08525
G1 X198.402 Y175.378 E765.13926
G1 F401.3 X199.46 Y175.119 E765.19342
G1 X200.54 Y175.119 E765.24712
G1 X201.597 Y175.378 E765.30123
G1 F400.7 X202.552 Y175.881 E765.35499
G1 F401.3 X203.367 Y176.603 E765.40913
G1 F402 X203.982 Y177.496 E765.46296
G1 F400.7 X204.367 Y178.508 E765.51689
G1 F402.7 X204.497 Y179.584 E765.5706
G1 F403.4 X204.367 Y180.664 E765.62442
G1 F402 X203.982 Y181.672 E765.67798
G1 F403.4 X203.368 Y182.566 E765.73164
G1 X202.553 Y183.289 E765.78554
G1 F401.3 X201.597 Y183.79 E765.83921
G1 F402 X200.54 Y184.051 E765.89325
;TIME_ELAPSED:1533.265096
;LAYER:274
;note -- min layer time used
M204 S3000
M205 X10 Y10
;MESH:15_7_1.stl
G0 F6000 X200.54 Y184.051 Z56.09
M204 S1800
M205 X8 Y8
;TYPE:WALL-OUTER
G1 F404 X199.46 Y184.051 E765.94659
G1 F402.7 X198.402 Y183.79 E766.0006
G1 F400.7 X197.444 Y183.288 E766.05447
G1 F401.3 X196.629 Y182.565 E766.10864
G1 F402 X196.014 Y181.672 E766.16246
G1 F400.7 X195.629 Y180.664 E766.21621
G1 X195.501 Y179.584 E766.27038
G1 X195.629 Y178.508 E766.32435
G1 X196.014 Y177.496 E766.37828
G1 F401.3 X196.63 Y176.604 E766.43218
G1 F400 X197.444 Y175.882 E766.48646
G1 X198.402 Y175.378 E766.54047
G1 F401.3 X199.46 Y175.119 E766.59463
G1 X200.54 Y175.119 E766.64833
G1 X201.597 Y175.378 E766.70244
G1 F400.7 X202.552 Y175.881 E766.7562
G1 F401.3 X203.367 Y176.603 E766.81034
G1 F402 X203.982 Y177.496 E766.86417
G1 F400.7 X204.367 Y178.508 E766.9181
G1 F402.7 X204.497 Y179.584 E766.97181
G1 F403.4 X204.367 Y180.664 E767.02563
G1 F402 X203.982 Y181.672 E767.07919
G1 F403.4 X203.368 Y182.566 E767.13285
G1 X202.553 Y183.289 E767.18675
G1 F401.3 X201.597 Y183.79 E767.24042
G1 F402 X200.54 Y184.051 E767.29446
;TIME_ELAPSED:1537.568888
;LAYER:275
;note -- min layer time used
M204 S3000
M205 X10 Y10
;MESH:15_7_1.stl
G0 F6000 X200.54 Y184.051 Z56.29
M204 S1800
M205 X8 Y8
;TYPE:WALL-OUTER
G1 F404 X199.46 Y184.051 E767.34781
G1 F402.7 X198.402 Y183.79 E767.40181
G1 F400.7 X197.444 Y183.288 E767.45568
G1 F401.3 X196.629 Y182.565 E767.50985
G1 F402 X196.014 Y181.672 E767.56368
G1 F400.7 X195.629 Y180.664 E767.61742
G1 X195.501 Y179.584 E767.67159
G1 X195.629 Y178.508 E767.72556
G1 X196.014 Y177.496 E767.77949
G1 F401.3 X196.63 Y176.604 E767.83339
G1 F400 X197.444 Y175.882 E767.88767
G1 X198.402 Y175.378 E767.94168
G1 F401.3 X199.46 Y175.119 E767.99584
G1 X200.54 Y175.119 E768.04954
G1 X201.597 Y175.378 E768.10365
G1 F400.7 X202.552 Y175.881 E768.15741
G1 F401.3 X203.367 Y176.603 E768.21155
G1 F402 X203.982 Y177.496 E768.26538
G1 F400.7 X204.367 Y178.508 E768.31931
G1 F402.7 X204.497 Y179.584 E768.37302
G1 F403.4 X204.367 Y180.664 E768.42684
G1 F402 X203.982 Y181.672 E768.4804
G1 F403.4 X203.368 Y182.566 E768.53406
G1 X202.553 Y183.289 E768.58796
G1 F401.3 X201.597 Y183.79 E768.64163
G1 F402 X200.54 Y184.051 E768.69567
;TIME_ELAPSED:1541.872680
;LAYER:276
;note -- min layer time used
M204 S3000
M205 X10 Y10
;MESH:15_7_1.stl
G0 F6000 X200.54 Y184.051 Z56.49
M204 S1800
M205 X8 Y8
;TYPE:WALL-OUTER
G1 F404 X199.46 Y184.051 E768.74902
G1 F402.7 X198.402 Y183.79 E768.80302
G1 F400.7 X197.444 Y183.288 E768.85689
G1 F401.3 X196.629 Y182.565 E768.91106
G1 F402 X196.014 Y181.672 E768.96489
G1 F400.7 X195.629 Y180.664 E769.01863
G1 X195.501 Y179.584 E769.0728
G1 X195.629 Y178.508 E769.12677
G1 X196.014 Y177.496 E769.1807
G1 F401.3 X196.63 Y176.604 E769.2346
G1 F400 X197.444 Y175.882 E769.28888
G1 X198.402 Y175.378 E769.34289
G1 F401.3 X199.46 Y175.119 E769.39705
G1 X200.54 Y175.119 E769.45075
G1 X201.597 Y175.378 E769.50486
G1 F400.7 X202.552 Y175.881 E769.55862
G1 F401.3 X203.367 Y176.603 E769.61276
G1 F402 X203.982 Y177.496 E769.66659
G1 F400.7 X204.367 Y178.508 E769.72052
G1 F402.7 X204.497 Y179.584 E769.77423
G1 F403.4 X204.367 Y180.664 E769.82805
G1 F402 X203.982 Y181.672 E769.88161
G1 F403.4 X203.368 Y182.566 E769.93527
G1 X202.553 Y183.289 E769.98917
G1 F401.3 X201.597 Y183.79 E770.04284
G1 F402 X200.54 Y184.051 E770.09688
;TIME_ELAPSED:1546.176472
;LAYER:277
;note -- min layer time used
M204 S3000
M205 X10 Y10
;MESH:15_7_1.stl
G0 F6000 X200.54 Y184.051 Z56.69
M204 S1800
M205 X8 Y8
;TYPE:WALL-OUTER
G1 F404 X199.46 Y184.051 E770.15023
G1 F402.7 X198.402 Y183.79 E770.20423
G1 F400.7 X197.444 Y183.288 E770.2581
G1 F401.3 X196.629 Y182.565 E770.31227
G1 F402 X196.014 Y181.672 E770.3661
G1 F400.7 X195.629 Y180.664 E770.41984
G1 X195.501 Y179.584 E770.47401
G1 X195.629 Y178.508 E770.52798
G1 X196.014 Y177.496 E770.58191
G1 F401.3 X196.63 Y176.604 E770.63581
G1 F400 X197.444 Y175.882 E770.69009
G1 X198.402 Y175.378 E770.7441
G1 F401.3 X199.46 Y175.119 E770.79826
G1 X200.54 Y175.119 E770.85196
G1 X201.597 Y175.378 E770.90608
G1 F400.7 X202.552 Y175.881 E770.95984
G1 F401.3 X203.367 Y176.603 E771.01398
G1 F402 X203.982 Y177.496 E771.0678
G1 F400.7 X204.367 Y178.508 E771.12173
G1 F402.7 X204.497 Y179.584 E771.17544
G1 F403.4 X204.367 Y180.664 E771.22926
G1 F402 X203.982 Y181.672 E771.28282
G1 F403.4 X203.368 Y182.566 E771.33648
G1 X202.553 Y183.289 E771.39038
G1 F401.3 X201.597 Y183.79 E771.44405
G1 F402 X200.54 Y184.051 E771.4981
;TIME_ELAPSED:1550.480265
;LAYER:278
;note -- min layer time used
M204 S3000
M205 X10 Y10
;MESH:15_7_1.stl
G0 F6000 X200.54 Y184.051 Z56.89
M204 S1800
M205 X8 Y8
;TYPE:WALL-OUTER
G1 F404 X199.46 Y184.051 E771.55144
G1 F402.7 X198.402 Y183.79 E771.60544
G1 F400.7 X197.444 Y183.288 E771.65931
G1 F401.3 X196.629 Y182.565 E771.71348
G1 F402 X196.014 Y181.672 E771.76731
G1 F400.7 X195.629 Y180.664 E771.82105
G1 X195.501 Y179.584 E771.87522
G1 X195.629 Y178.508 E771.92919
G1 X196.014 Y177.496 E771.98312
G1 F401.3 X196.63 Y176.604 E772.03702
G1 F400 X197.444 Y175.882 E772.0913
G1 X198.402 Y175.378 E772.14531
G1 F401.3 X199.46 Y175.119 E772.19947
G1 X200.54 Y175.119 E772.25317
G1 X201.597 Y175.378 E772.30729
G1 F400.7 X202.552 Y175.881 E772.36105
G1 F401.3 X203.367 Y176.603 E772.41519
G1 F402 X203.982 Y177.496 E772.46901
G1 F400.7 X204.367 Y178.508 E772.52294
G1 F402.7 X204.497 Y179.584 E772.57665
G1 F403.4 X204.367 Y180.664 E772.63047
G1 F402 X203.982 Y181.672 E772.68403
G1 F403.4 X203.368 Y182.566 E772.73769
G1 X202.553 Y183.289 E772.79159
G1 F401.3 X201.597 Y183.79 E772.84526
G1 F402 X200.54 Y184.051 E772.89931
;TIME_ELAPSED:1554.784057
;LAYER:279
;note -- min layer time used
M204 S3000
M205 X10 Y10
;MESH:15_7_1.stl
G0 F6000 X200.54 Y184.051 Z57.09
M204 S1800
M205 X8 Y8
;TYPE:WALL-OUTER
G1 F404 X199.46 Y184.051 E772.95265
G1 F402.7 X198.402 Y183.79 E773.00665
G1 F400.7 X197.444 Y183.288 E773.06052
G1 F401.3 X196.629 Y182.565 E773.11469
G1 F402 X196.014 Y181.672 E773.16852
G1 F400.7 X195.629 Y180.664 E773.22226
G1 X195.501 Y179.584 E773.27643
G1 X195.629 Y178.508 E773.3304
G1 X196.014 Y177.496 E773.38433
G1 F401.3 X196.63 Y176.604 E773.43823
G1 F400 X197.444 Y175.882 E773.49252
G1 X198.402 Y175.378 E773.54652
G1 F401.3 X199.46 Y175.119 E773.60068
G1 X200.54 Y175.119 E773.65438
G1 X201.597 Y175.378 E773.7085
G1 F400.7 X202.552 Y175.881 E773.76226
G1 F401.3 X203.367 Y176.603 E773.8164
G1 F402 X203.982 Y177.496 E773.87022
G1 F400.7 X204.367 Y178.508 E773.92415
G1 F402.7 X204.497 Y179.584 E773.97786
G1 F403.4 X204.367 Y180.664 E774.03168
G1 F402 X203.982 Y181.672 E774.08524
G1 F403.4 X203.368 Y182.566 E774.1389
G1 X202.553 Y183.289 E774.1928
G1 F401.3 X201.597 Y183.79 E774.24647
G1 F402 X200.54 Y184.051 E774.30052
;TIME_ELAPSED:1559.087849
;LAYER:280
;note -- min layer time used
M204 S3000
M205 X10 Y10
;MESH:15_7_1.stl
G0 F6000 X200.54 Y184.051 Z57.29
M204 S1800
M205 X8 Y8
;TYPE:WALL-OUTER
G1 F404 X199.46 Y184.051 E774.35386
G1 F402.7 X198.402 Y183.79 E774.40786
G1 F400.7 X197.444 Y183.288 E774.46173
G1 F401.3 X196.629 Y182.565 E774.51591
G1 F402 X196.014 Y181.672 E774.56973
G1 F400.7 X195.629 Y180.664 E774.62347
G1 X195.501 Y179.584 E774.67764
G1 X195.629 Y178.508 E774.73161
G1 X196.014 Y177.496 E774.78554
G1 F401.3 X196.63 Y176.604 E774.83944
G1 F400 X197.444 Y175.882 E774.89373
G1 X198.402 Y175.378 E774.94773
G1 F401.3 X199.46 Y175.119 E775.00189
G1 X200.54 Y175.119 E775.05559
G1 X201.597 Y175.378 E775.10971
G1 F400.7 X202.552 Y175.881 E775.16347
G1 F401.3 X203.367 Y176.603 E775.21761
G1 F402 X203.982 Y177.496 E775.27143
G1 F400.7 X204.367 Y178.508 E775.32536
G1 F402.7 X204.497 Y179.584 E775.37907
G1 F403.4 X204.367 Y180.664 E775.43289
G1 F402 X203.982 Y181.672 E775.48646
G1 F403.4 X203.368 Y182.566 E775.54011
G1 X202.553 Y183.289 E775.59401
G1 F401.3 X201.597 Y183.79 E775.64768
G1 F402 X200.54 Y184.051 E775.70173
;TIME_ELAPSED:1563.391641
;LAYER:281
;note -- min layer time used
M204 S3000
M205 X10 Y10
;MESH:15_7_1.stl
G0 F6000 X200.54 Y184.051 Z57.49
M204 S1800
M205 X8 Y8
;TYPE:WALL-OUTER
G1 F404 X199.46 Y184.051 E775.75507
G1 F402.7 X198.402 Y183.79 E775.80907
G1 F400.7 X197.444 Y183.288 E775.86294
G1 F401.3 X196.629 Y182.565 E775.91712
G1 F402 X196.014 Y181.672 E775.97094
G1 F400.7 X195.629 Y180.664 E776.02468
G1 X195.501 Y179.584 E776.07885
G1 X195.629 Y178.508 E776.13282
G1 X196.014 Y177.496 E776.18675
G1 F401.3 X196.63 Y176.604 E776.24065
G1 F400 X197.444 Y175.882 E776.29494
G1 X198.402 Y175.378 E776.34894
G1 F401.3 X199.46 Y175.119 E776.4031
G1 X200.54 Y175.119 E776.45681
G1 X201.597 Y175.378 E776.51092
G1 F400.7 X202.552 Y175.881 E776.56468
G1 F401.3 X203.367 Y176.603 E776.61882
G1 F402 X203.982 Y177.496 E776.67264
G1 F400.7 X204.367 Y178.508 E776.72657
G1 F402.7 X204.497 Y179.584 E776.78028
G1 F403.4 X204.367 Y180.664 E776.8341
G1 F402 X203.982 Y181.672 E776.88767
G1 F403.4 X203.368 Y182.566 E776.94132
G1 X202.553 Y183.289 E776.99522
G1 F401.3 X201.597 Y183.79 E777.04889
G1 F402 X200.54 Y184.051 E777.10294
;TIME_ELAPSED:1567.695433
;LAYER:282
;note -- min layer time used
M204 S3000
M205 X10 Y10
;MESH:15_7_1.stl
G0 F6000 X200.54 Y184.051 Z57.69
M204 S1800
M205 X8 Y8
;TYPE:WALL-OUTER
G1 F404 X199.46 Y184.051 E777.15628
G1 F402.7 X198.402 Y183.79 E777.21029
G1 F400.7 X197.444 Y183.288 E777.26415
G1 F401.3 X196.629 Y182.565 E777.31833
G1 F402 X196.014 Y181.672 E777.37215
G1 F400.7 X195.629 Y180.664 E777.42589
G1 X195.501 Y179.584 E777.48006
G1 X195.629 Y178.508 E777.53403
G1 X196.014 Y177.496 E777.58796
G1 F401.3 X196.63 Y176.604 E777.64186
G1 F400 X197.444 Y175.882 E777.69615
G1 X198.402 Y175.378 E777.75015
G1 F401.3 X199.46 Y175.119 E777.80431
G1 X200.54 Y175.119 E777.85802
G1 X201.597 Y175.378 E777.91213
G1 F400.7 X202.552 Y175.881 E777.96589
G1 F401.3 X203.367 Y176.603 E778.02003
G1 F402 X203.982 Y177.496 E778.07385
G1 F400.7 X204.367 Y178.508 E778.12778
G1 F402.7 X204.497 Y179.584 E778.1815
G1 F403.4 X204.367 Y180.664 E778.23531
G1 F402 X203.982 Y181.672 E778.28888
G1 F403.4 X203.368 Y182.566 E778.34253
G1 X202.553 Y183.289 E778.39644
G1 F401.3 X201.597 Y183.79 E778.4501
G1 F402 X200.54 Y184.051 E778.50415
;TIME_ELAPSED:1571.999225
;LAYER:283
;note -- min layer time used
M204 S3000
M205 X10 Y10
;MESH:15_7_1.stl
G0 F6000 X200.54 Y184.051 Z57.89
M204 S1800
M205 X8 Y8
;TYPE:WALL-OUTER
G1 F404 X199.46 Y184.051 E778.55749
G1 F402.7 X198.402 Y183.79 E778.6115
G1 F400.7 X197.444 Y183.288 E778.66537
G1 F401.3 X196.629 Y182.565 E778.71954
G1 F402 X196.014 Y181.672 E778.77336
G1 F400.7 X195.629 Y180.664 E778.82711
G1 X195.501 Y179.584 E778.88127
G1 X195.629 Y178.508 E778.93524
G1 X196.014 Y177.496 E778.98917
G1 F401.3 X196.63 Y176.604 E779.04308
G1 F400 X197.444 Y175.882 E779.09736
G1 X198.402 Y175.378 E779.15136
G1 F401.3 X199.46 Y175.119 E779.20553
G1 X200.54 Y175.119 E779.25923
G1 X201.597 Y175.378 E779.31334
G1 F400.7 X202.552 Y175.881 E779.3671
G1 F401.3 X203.367 Y176.603 E779.42124
G1 F402 X203.982 Y177.496 E779.47507
G1 F400.7 X204.367 Y178.508 E779.52899
G1 F402.7 X204.497 Y179.584 E779.58271
G1 F403.4 X204.367 Y180.664 E779.63652
G1 F402 X203.982 Y181.672 E779.69009
G1 F403.4 X203.368 Y182.566 E779.74374
G1 X202.553 Y183.289 E779.79765
G1 F401.3 X201.597 Y183.79 E779.85131
G1 F402 X200.54 Y184.051 E779.90536
;TIME_ELAPSED:1576.303018
;LAYER:284
;note -- min layer time used
M204 S3000
M205 X10 Y10
;MESH:15_7_1.stl
G0 F6000 X200.54 Y184.051 Z58.09
M204 S1800
M205 X8 Y8
;TYPE:WALL-OUTER
G1 F404 X199.46 Y184.051 E779.9587
G1 F402.7 X198.402 Y183.79 E780.01271
G1 F400.7 X197.444 Y183.288 E780.06658
G1 F401.3 X196.629 Y182.565 E780.12075
G1 F402 X196.014 Y181.672 E780.17457
G1 F400.7 X195.629 Y180.664 E780.22832
G1 X195.501 Y179.584 E780.28248
G1 X195.629 Y178.508 E780.33645
G1 X196.014 Y177.496 E780.39038
G1 F401.3 X196.63 Y176.604 E780.44429
G1 F400 X197.444 Y175.882 E780.49857
G1 X198.402 Y175.378 E780.55258
G1 F401.3 X199.46 Y175.119 E780.60674
G1 X200.54 Y175.119 E780.66044
G1 X201.597 Y175.378 E780.71455
G1 F400.7 X202.552 Y175.881 E780.76831
G1 F401.3 X203.367 Y176.603 E780.82245
G1 F402 X203.982 Y177.496 E780.87628
G1 F400.7 X204.367 Y178.508 E780.93021
G1 F402.7 X204.497 Y179.584 E780.98392
G1 F403.4 X204.367 Y180.664 E781.03774
G1 F402 X203.982 Y181.672 E781.0913
G1 F403.4 X203.368 Y182.566 E781.14496
G1 X202.553 Y183.289 E781.19886
G1 F401.3 X201.597 Y183.79 E781.25252
G1 F402 X200.54 Y184.051 E781.30657
;TIME_ELAPSED:1580.606810
;LAYER:285
;note -- min layer time used
M204 S3000
M205 X10 Y10
;MESH:15_7_1.stl
G0 F6000 X200.54 Y184.051 Z58.29
M204 S1800
M205 X8 Y8
;TYPE:WALL-OUTER
G1 F404 X199.46 Y184.051 E781.35991
G1 F402.7 X198.402 Y183.79 E781.41392
G1 F400.7 X197.444 Y183.288 E781.46779
G1 F401.3 X196.629 Y182.565 E781.52196
G1 F402 X196.014 Y181.672 E781.57578
G1 F400.7 X195.629 Y180.664 E781.62953
G1 X195.501 Y179.584 E781.6837
G1 X195.629 Y178.508 E781.73767
G1 X196.014 Y177.496 E781.79159
G1 F401.3 X196.63 Y176.604 E781.8455
G1 F400 X197.444 Y175.882 E781.89978
G1 X198.402 Y175.378 E781.95379
G1 F401.3 X199.46 Y175.119 E782.00795
G1 X200.54 Y175.119 E782.06165
G1 X201.597 Y175.378 E782.11576
G1 F400.7 X202.552 Y175.881 E782.16952
G1 F401.3 X203.367 Y176.603 E782.22366
G1 F402 X203.982 Y177.496 E782.27749
G1 F400.7 X204.367 Y178.508 E782.33142
G1 F402.7 X204.497 Y179.584 E782.38513
G1 F403.4 X204.367 Y180.664 E782.43895
G1 F402 X203.982 Y181.672 E782.49251
G1 F403.4 X203.368 Y182.566 E782.54617
G1 X202.553 Y183.289 E782.60007
G1 F401.3 X201.597 Y183.79 E782.65374
G1 F402 X200.54 Y184.051 E782.70778
;TIME_ELAPSED:1584.910602
;LAYER:286
;note -- min layer time used
M204 S3000
M205 X10 Y10
;MESH:15_7_1.stl
G0 F6000 X200.54 Y184.051 Z58.49
M204 S1800
M205 X8 Y8
;TYPE:WALL-OUTER
G1 F404 X199.46 Y184.051 E782.76112
G1 F402.7 X198.402 Y183.79 E782.81513
G1 F400.7 X197.444 Y183.288 E782.869
G1 F401.3 X196.629 Y182.565 E782.92317
G1 F402 X196.014 Y181.672 E782.977
G1 F400.7 X195.629 Y180.664 E783.03074
G1 X195.501 Y179.584 E783.08491
G1 X195.629 Y178.508 E783.13888
G1 X196.014 Y177.496 E783.19281
G1 F401.3 X196.63 Y176.604 E783.24671
G1 F400 X197.444 Y175.882 E783.30099
G1 X198.402 Y175.378 E783.355
G1 F401.3 X199.46 Y175.119 E783.40916
G1 X200.54 Y175.119 E783.46286
G1 X201.597 Y175.378 E783.51697
G1 F400.7 X202.552 Y175.881 E783.57073
G1 F401.3 X203.367 Y176.603 E783.62487
G1 F402 X203.982 Y177.496 E783.6787
G1 F400.7 X204.367 Y178.508 E783.73263
G1 F402.7 X204.497 Y179.584 E783.78634
G1 F403.4 X204.367 Y180.664 E783.84016
G1 F402 X203.982 Y181.672 E783.89372
G1 F403.4 X203.368 Y182.566 E783.94738
G1 X202.553 Y183.289 E784.00128
G1 F401.3 X201.597 Y183.79 E784.05495
G1 F402 X200.54 Y184.051 E784.10899
;TIME_ELAPSED:1589.214394
;LAYER:287
;note -- min layer time used
M204 S3000
M205 X10 Y10
;MESH:15_7_1.stl
G0 F6000 X200.54 Y184.051 Z58.69
M204 S1800
M205 X8 Y8
;TYPE:WALL-OUTER
G1 F404 X199.46 Y184.051 E784.16234
G1 F402.7 X198.402 Y183.79 E784.21634
G1 F400.7 X197.444 Y183.288 E784.27021
G1 F401.3 X196.629 Y182.565 E784.32438
G1 F402 X196.014 Y181.672 E784.37821
G1 F400.7 X195.629 Y180.664 E784.43195
G1 X195.501 Y179.584 E784.48612
G1 X195.629 Y178.508 E784.54009
G1 X196.014 Y177.496 E784.59402
G1 F401.3 X196.63 Y176.604 E784.64792
G1 F400 X197.444 Y175.882 E784.7022
G1 X198.402 Y175.378 E784.75621
G1 F401.3 X199.46 Y175.119 E784.81037
G1 X200.54 Y175.119 E784.86407
G1 X201.597 Y175.378 E784.91818
G1 F400.7 X202.552 Y175.881 E784.97194
G1 F401.3 X203.367 Y176.603 E785.02608
G1 F402 X203.982 Y177.496 E785.07991
G1 F400.7 X204.367 Y178.508 E785.13384
G1 F402.7 X204.497 Y179.584 E785.18755
G1 F403.4 X204.367 Y180.664 E785.24137
G1 F402 X203.982 Y181.672 E785.29493
G1 F403.4 X203.368 Y182.566 E785.34859
G1 X202.553 Y183.289 E785.40249
G1 F401.3 X201.597 Y183.79 E785.45616
G1 F402 X200.54 Y184.051 E785.5102
;TIME_ELAPSED:1593.518186
;LAYER:288
;note -- min layer time used
M204 S3000
M205 X10 Y10
;MESH:15_7_1.stl
G0 F6000 X200.54 Y184.051 Z58.89
M204 S1800
M205 X8 Y8
;TYPE:WALL-OUTER
G1 F404 X199.46 Y184.051 E785.56355
G1 F402.7 X198.402 Y183.79 E785.61755
G1 F400.7 X197.444 Y183.288 E785.67142
G1 F401.3 X196.629 Y182.565 E785.72559
G1 F402 X196.014 Y181.672 E785.77942
G1 F400.7 X195.629 Y180.664 E785.83316
G1 X195.501 Y179.584 E785.88733
G1 X195.629 Y178.508 E785.9413
G1 X196.014 Y177.496 E785.99523
G1 F401.3 X196.63 Y176.604 E786.04913
G1 F400 X197.444 Y175.882 E786.10341
G1 X198.402 Y175.378 E786.15742
G1 F401.3 X199.46 Y175.119 E786.21158
G1 X200.54 Y175.119 E786.26528
G1 X201.597 Y175.378 E786.31939
G1 F400.7 X202.552 Y175.881 E786.37315
G1 F401.3 X203.367 Y176.603 E786.42729
G1 F402 X203.982 Y177.496 E786.48112
G1 F400.7 X204.367 Y178.508 E786.53505
G1 F402.7 X204.497 Y179.584 E786.58876
G1 F403.4 X204.367 Y180.664 E786.64258
G1 F402 X203.982 Y181.672 E786.69614
G1 F403.4 X203.368 Y182.566 E786.7498
G1 X202.553 Y183.289 E786.8037
G1 F401.3 X201.597 Y183.79 E786.85737
G1 F402 X200.54 Y184.051 E786.91141
;TIME_ELAPSED:1597.821978
;LAYER:289
;note -- min layer time used
M204 S3000
M205 X10 Y10
;MESH:15_7_1.stl
G0 F6000 X200.54 Y184.051 Z59.09
M204 S1800
M205 X8 Y8
;TYPE:WALL-OUTER
G1 F404 X199.46 Y184.051 E786.96476
G1 F402.7 X198.402 Y183.79 E787.01876
G1 F400.7 X197.444 Y183.288 E787.07263
G1 F401.3 X196.629 Y182.565 E787.1268
G1 F402 X196.014 Y181.672 E787.18063
G1 F400.7 X195.629 Y180.664 E787.23437
G1 X195.501 Y179.584 E787.28854
G1 X195.629 Y178.508 E787.34251
G1 X196.014 Y177.496 E787.39644
G1 F401.3 X196.63 Y176.604 E787.45034
G1 F400 X197.444 Y175.882 E787.50462
G1 X198.402 Y175.378 E787.55863
G1 F401.3 X199.46 Y175.119 E787.61279
G1 X200.54 Y175.119 E787.66649
G1 X201.597 Y175.378 E787.72061
G1 F400.7 X202.552 Y175.881 E787.77437
G1 F401.3 X203.367 Y176.603 E787.82851
G1 F402 X203.982 Y177.496 E787.88233
G1 F400.7 X204.367 Y178.508 E787.93626
G1 F402.7 X204.497 Y179.584 E787.98997
G1 F403.4 X204.367 Y180.664 E788.04379
G1 F402 X203.982 Y181.672 E788.09735
G1 F403.4 X203.368 Y182.566 E788.15101
G1 X202.553 Y183.289 E788.20491
G1 F401.3 X201.597 Y183.79 E788.25858
G1 F402 X200.54 Y184.051 E788.31263
;TIME_ELAPSED:1602.125770
;LAYER:290
;note -- min layer time used
M204 S3000
M205 X10 Y10
;MESH:15_7_1.stl
G0 F6000 X200.54 Y184.051 Z59.29
M204 S1800
M205 X8 Y8
;TYPE:WALL-OUTER
G1 F404 X199.46 Y184.051 E788.36597
G1 F402.7 X198.402 Y183.79 E788.41997
G1 F400.7 X197.444 Y183.288 E788.47384
G1 F401.3 X196.629 Y182.565 E788.52801
G1 F402 X196.014 Y181.672 E788.58184
G1 F400.7 X195.629 Y180.664 E788.63558
G1 X195.501 Y179.584 E788.68975
G1 X195.629 Y178.508 E788.74372
G1 X196.014 Y177.496 E788.79765
G1 F401.3 X196.63 Y176.604 E788.85155
G1 F400 X197.444 Y175.882 E788.90583
G1 X198.402 Y175.378 E788.95984
G1 F401.3 X199.46 Y175.119 E789.014
G1 X200.54 Y175.119 E789.0677
G1 X201.597 Y175.378 E789.12182
G1 F400.7 X202.552 Y175.881 E789.17558
G1 F401.3 X203.367 Y176.603 E789.22972
G1 F402 X203.982 Y177.496 E789.28354
G1 F400.7 X204.367 Y178.508 E789.33747
G1 F402.7 X204.497 Y179.584 E789.39118
G1 F403.4 X204.367 Y180.664 E789.445
G1 F402 X203.982 Y181.672 E789.49856
G1 F403.4 X203.368 Y182.566 E789.55222
G1 X202.553 Y183.289 E789.60612
G1 F401.3 X201.597 Y183.79 E789.65979
G1 F402 X200.54 Y184.051 E789.71384
;TIME_ELAPSED:1606.429563
;LAYER:291
;note -- min layer time used
M204 S3000
M205 X10 Y10
;MESH:15_7_1.stl
G0 F6000 X200.54 Y184.051 Z59.49
M204 S1800
M205 X8 Y8
;TYPE:WALL-OUTER
G1 F404 X199.46 Y184.051 E789.76718
G1 F402.7 X198.402 Y183.79 E789.82118
G1 F400.7 X197.444 Y183.288 E789.87505
G1 F401.3 X196.629 Y182.565 E789.92922
G1 F402 X196.014 Y181.672 E789.98305
G1 F400.7 X195.629 Y180.664 E790.03679
G1 X195.501 Y179.584 E790.09096
G1 X195.629 Y178.508 E790.14493
G1 X196.014 Y177.496 E790.19886
G1 F401.3 X196.63 Y176.604 E790.25276
G1 F400 X197.444 Y175.882 E790.30705
G1 X198.402 Y175.378 E790.36105
G1 F401.3 X199.46 Y175.119 E790.41521
G1 X200.54 Y175.119 E790.46891
G1 X201.597 Y175.378 E790.52303
G1 F400.7 X202.552 Y175.881 E790.57679
G1 F401.3 X203.367 Y176.603 E790.63093
G1 F402 X203.982 Y177.496 E790.68475
G1 F400.7 X204.367 Y178.508 E790.73868
G1 F402.7 X204.497 Y179.584 E790.79239
G1 F403.4 X204.367 Y180.664 E790.84621
G1 F402 X203.982 Y181.672 E790.89977
G1 F403.4 X203.368 Y182.566 E790.95343
G1 X202.553 Y183.289 E791.00733
G1 F401.3 X201.597 Y183.79 E791.061
G1 F402 X200.54 Y184.051 E791.11505
;TIME_ELAPSED:1610.733355
;LAYER:292
;note -- min layer time used
M204 S3000
M205 X10 Y10
;MESH:15_7_1.stl
G0 F6000 X200.54 Y184.051 Z59.69
M204 S1800
M205 X8 Y8
;TYPE:WALL-OUTER
G1 F404 X199.46 Y184.051 E791.16839
G1 F402.7 X198.402 Y183.79 E791.22239
G1 F400.7 X197.444 Y183.288 E791.27626
G1 F401.3 X196.629 Y182.565 E791.33044
G1 F402 X196.014 Y181.672 E791.38426
G1 F400.7 X195.629 Y180.664 E791.438
G1 X195.501 Y179.584 E791.49217
G1 X195.629 Y178.508 E791.54614
G1 X196.014 Y177.496 E791.60007
G1 F401.3 X196.63 Y176.604 E791.65397
G1 F400 X197.444 Y175.882 E791.70826
G1 X198.402 Y175.378 E791.76226
G1 F401.3 X199.46 Y175.119 E791.81642
G1 X200.54 Y175.119 E791.87013
G1 X201.597 Y175.378 E791.92424
G1 F400.7 X202.552 Y175.881 E791.978
G1 F401.3 X203.367 Y176.603 E792.03214
G1 F402 X203.982 Y177.496 E792.08596
G1 F400.7 X204.367 Y178.508 E792.13989
G1 F402.7 X204.497 Y179.584 E792.1936
G1 F403.4 X204.367 Y180.664 E792.24742
G1 F402 X203.982 Y181.672 E792.30099
G1 F403.4 X203.368 Y182.566 E792.35464
G1 X202.553 Y183.289 E792.40854
G1 F401.3 X201.597 Y183.79 E792.46221
G1 F402 X200.54 Y184.051 E792.51626
;TIME_ELAPSED:1615.037147
;LAYER:293
;note -- min layer time used
M204 S3000
M205 X10 Y10
;MESH:15_7_1.stl
G0 F6000 X200.54 Y184.051 Z59.89
M204 S1800
M205 X8 Y8
;TYPE:WALL-OUTER
G1 F404 X199.46 Y184.051 E792.5696
G1 F402.7 X198.402 Y183.79 E792.6236
G1 F400.7 X197.444 Y183.288 E792.67747
G1 F401.3 X196.629 Y182.565 E792.73165
G1 F402 X196.014 Y181.672 E792.78547
G1 F400.7 X195.629 Y180.664 E792.83921
G1 X195.501 Y179.584 E792.89338
G1 X195.629 Y178.508 E792.94735
G1 X196.014 Y177.496 E793.00128
G1 F401.3 X196.63 Y176.604 E793.05518
G1 F400 X197.444 Y175.882 E793.10947
G1 X198.402 Y175.378 E793.16347
G1 F401.3 X199.46 Y175.119 E793.21763
G1 X200.54 Y175.119 E793.27134
G1 X201.597 Y175.378 E793.32545
G1 F400.7 X202.552 Y175.881 E793.37921
G1 F401.3 X203.367 Y176.603 E793.43335
G1 F402 X203.982 Y177.496 E793.48717
G1 F400.7 X204.367 Y178.508 E793.5411
G1 F402.7 X204.497 Y179.584 E793.59481
G1 F403.4 X204.367 Y180.664 E793.64863
G1 F402 X203.982 Y181.672 E793.7022
G1 F403.4 X203.368 Y182.566 E793.75585
G1 X202.553 Y183.289 E793.80975
G1 F401.3 X201.597 Y183.79 E793.86342
G1 F402 X200.54 Y184.051 E793.91747
;TIME_ELAPSED:1619.340939
;LAYER:294
;note -- min layer time used
M204 S3000
M205 X10 Y10
;MESH:15_7_1.stl
G0 F6000 X200.54 Y184.051 Z60.09
M204 S1800
M205 X8 Y8
;TYPE:WALL-OUTER
G1 F404 X199.46 Y184.051 E793.97081
G1 F402.7 X198.402 Y183.79 E794.02482
G1 F400.7 X197.444 Y183.288 E794.07868
G1 F401.3 X196.629 Y182.565 E794.13286
G1 F402 X196.014 Y181.672 E794.18668
G1 F400.7 X195.629 Y180.664 E794.24043
G1 X195.501 Y179.584 E794.29459
G1 X195.629 Y178.508 E794.34856
G1 X196.014 Y177.496 E794.40249
G1 F401.3 X196.63 Y176.604 E794.45639
G1 F400 X197.444 Y175.882 E794.51068
G1 X198.402 Y175.378 E794.56468
G1 F401.3 X199.46 Y175.119 E794.61885
G1 X200.54 Y175.119 E794.67255
G1 X201.597 Y175.378 E794.72666
G1 F400.7 X202.552 Y175.881 E794.78042
G1 F401.3 X203.367 Y176.603 E794.83456
G1 F402 X203.982 Y177.496 E794.88838
G1 F400.7 X204.367 Y178.508 E794.94231
G1 F402.7 X204.497 Y179.584 E794.99603
G1 F403.4 X204.367 Y180.664 E795.04984
G1 F402 X203.982 Y181.672 E795.10341
G1 F403.4 X203.368 Y182.566 E795.15706
G1 X202.553 Y183.289 E795.21097
G1 F401.3 X201.597 Y183.79 E795.26463
G1 F402 X200.54 Y184.051 E795.31868
;TIME_ELAPSED:1623.644731
;LAYER:295
;note -- min layer time used
M204 S3000
M205 X10 Y10
;MESH:15_7_1.stl
G0 F6000 X200.54 Y184.051 Z60.29
M204 S1800
M205 X8 Y8
;TYPE:WALL-OUTER
G1 F404 X199.46 Y184.051 E795.37202
G1 F402.7 X198.402 Y183.79 E795.42603
G1 F400.7 X197.444 Y183.288 E795.4799
G1 F401.3 X196.629 Y182.565 E795.53407
G1 F402 X196.014 Y181.672 E795.58789
G1 F400.7 X195.629 Y180.664 E795.64164
G1 X195.501 Y179.584 E795.6958
G1 X195.629 Y178.508 E795.74977
G1 X196.014 Y177.496 E795.8037
G1 F401.3 X196.63 Y176.604 E795.85761
G1 F400 X197.444 Y175.882 E795.91189
G1 X198.402 Y175.378 E795.96589
G1 F401.3 X199.46 Y175.119 E796.02006
G1 X200.54 Y175.119 E796.07376
G1 X201.597 Y175.378 E796.12787
G1 F400.7 X202.552 Y175.881 E796.18163
G1 F401.3 X203.367 Y176.603 E796.23577
G1 F402 X203.982 Y177.496 E796.2896
G1 F400.7 X204.367 Y178.508 E796.34352
G1 F402.7 X204.497 Y179.584 E796.39724
G1 F403.4 X204.367 Y180.664 E796.45105
G1 F402 X203.982 Y181.672 E796.50462
G1 F403.4 X203.368 Y182.566 E796.55828
G1 X202.553 Y183.289 E796.61218
G1 F401.3 X201.597 Y183.79 E796.66584
G1 F402 X200.54 Y184.051 E796.71989
;TIME_ELAPSED:1627.948523
;LAYER:296
;note -- min layer time used
M204 S3000
M205 X10 Y10
;MESH:15_7_1.stl
G0 F6000 X200.54 Y184.051 Z60.49
M204 S1800
M205 X8 Y8
;TYPE:WALL-OUTER
G1 F404 X199.46 Y184.051 E796.77323
G1 F402.7 X198.402 Y183.79 E796.82724
G1 F400.7 X197.444 Y183.288 E796.88111
G1 F401.3 X196.629 Y182.565 E796.93528
G1 F402 X196.014 Y181.672 E796.9891
G1 F400.7 X195.629 Y180.664 E797.04285
G1 X195.501 Y179.584 E797.09701
G1 X195.629 Y178.508 E797.15099
G1 X196.014 Y177.496 E797.20491
G1 F401.3 X196.63 Y176.604 E797.25882
G1 F400 X197.444 Y175.882 E797.3131
G1 X198.402 Y175.378 E797.36711
G1 F401.3 X199.46 Y175.119 E797.42127
G1 X200.54 Y175.119 E797.47497
G1 X201.597 Y175.378 E797.52908
G1 F400.7 X202.552 Y175.881 E797.58284
G1 F401.3 X203.367 Y176.603 E797.63698
G1 F402 X203.982 Y177.496 E797.69081
G1 F400.7 X204.367 Y178.508 E797.74474
G1 F402.7 X204.497 Y179.584 E797.79845
G1 F403.4 X204.367 Y180.664 E797.85227
G1 F402 X203.982 Y181.672 E797.90583
G1 F403.4 X203.368 Y182.566 E797.95949
G1 X202.553 Y183.289 E798.01339
G1 F401.3 X201.597 Y183.79 E798.06706
G1 F402 X200.54 Y184.051 E798.1211
;TIME_ELAPSED:1632.252316
;LAYER:297
;note -- min layer time used
M204 S3000
M205 X10 Y10
;MESH:15_7_1.stl
G0 F6000 X200.54 Y184.051 Z60.69
M204 S1800
M205 X8 Y8
;TYPE:WALL-OUTER
G1 F404 X199.46 Y184.051 E798.17444
G1 F402.7 X198.402 Y183.79 E798.22845
G1 F400.7 X197.444 Y183.288 E798.28232
G1 F401.3 X196.629 Y182.565 E798.33649
G1 F402 X196.014 Y181.672 E798.39031
G1 F400.7 X195.629 Y180.664 E798.44406
G1 X195.501 Y179.584 E798.49823
G1 X195.629 Y178.508 E798.5522
G1 X196.014 Y177.496 E798.60613
G1 F401.3 X196.63 Y176.604 E798.66003
G1 F400 X197.444 Y175.882 E798.71431
G1 X198.402 Y175.378 E798.76832
G1 F401.3 X199.46 Y175.119 E798.82248
G1 X200.54 Y175.119 E798.87618
G1 X201.597 Y175.378 E798.93029
G1 F400.7 X202.552 Y175.881 E798.98405
G1 F401.3 X203.367 Y176.603 E799.03819
G1 F402 X203.982 Y177.496 E799.09202
G1 F400.7 X204.367 Y178.508 E799.14595
G1 F402.7 X204.497 Y179.584 E799.19966
G1 F403.4 X204.367 Y180.664 E799.25348
G1 F402 X203.982 Y181.672 E799.30704
G1 F403.4 X203.368 Y182.566 E799.3607
G1 X202.553 Y183.289 E799.4146
G1 F401.3 X201.597 Y183.79 E799.46827
G1 F402 X200.54 Y184.051 E799.52231
;TIME_ELAPSED:1636.556108
;LAYER:298
;note -- min layer time used
M204 S3000
M205 X10 Y10
;MESH:15_7_1.stl
G0 F6000 X200.54 Y184.051 Z60.89
M204 S1800
M205 X8 Y8
;TYPE:WALL-OUTER
G1 F404 X199.46 Y184.051 E799.57566
G1 F402.7 X198.402 Y183.79 E799.62966
G1 F400.7 X197.444 Y183.288 E799.68353
G1 F401.3 X196.629 Y182.565 E799.7377
G1 F402 X196.014 Y181.672 E799.79153
G1 F400.7 X195.629 Y180.664 E799.84527
G1 X195.501 Y179.584 E799.89944
G1 X195.629 Y178.508 E799.95341
G1 X196.014 Y177.496 E800.00734
G1 F401.3 X196.63 Y176.604 E800.06124
G1 F400 X197.444 Y175.882 E800.11552
G1 X198.402 Y175.378 E800.16953
G1 F401.3 X199.46 Y175.119 E800.22369
G1 X200.54 Y175.119 E800.27739
G1 X201.597 Y175.378 E800.3315
G1 F400.7 X202.552 Y175.881 E800.38526
G1 F401.3 X203.367 Y176.603 E800.4394
G1 F402 X203.982 Y177.496 E800.49323
G1 F400.7 X204.367 Y178.508 E800.54716
G1 F402.7 X204.497 Y179.584 E800.60087
G1 F403.4 X204.367 Y180.664 E800.65469
G1 F402 X203.982 Y181.672 E800.70825
G1 F403.4 X203.368 Y182.566 E800.76191
G1 X202.553 Y183.289 E800.81581
G1 F401.3 X201.597 Y183.79 E800.86948
G1 F402 X200.54 Y184.051 E800.92352
;TIME_ELAPSED:1640.859900
;LAYER:299
;note -- min layer time used
M204 S3000
M205 X10 Y10
;MESH:15_7_1.stl
G0 F6000 X200.54 Y184.051 Z61.09
M204 S1800
M205 X8 Y8
;TYPE:WALL-OUTER
G1 F404 X199.46 Y184.051 E800.97687
G1 F402.7 X198.402 Y183.79 E801.03087
G1 F400.7 X197.444 Y183.288 E801.08474
G1 F401.3 X196.629 Y182.565 E801.13891
G1 F402 X196.014 Y181.672 E801.19274
G1 F400.7 X195.629 Y180.664 E801.24648
G1 X195.501 Y179.584 E801.30065
G1 X195.629 Y178.508 E801.35462
G1 X196.014 Y177.496 E801.40855
G1 F401.3 X196.63 Y176.604 E801.46245
G1 F400 X197.444 Y175.882 E801.51673
G1 X198.402 Y175.378 E801.57074
G1 F401.3 X199.46 Y175.119 E801.6249
G1 X200.54 Y175.119 E801.6786
G1 X201.597 Y175.378 E801.73271
G1 F400.7 X202.552 Y175.881 E801.78647
G1 F401.3 X203.367 Y176.603 E801.84061
G1 F402 X203.982 Y177.496 E801.89444
G1 F400.7 X204.367 Y178.508 E801.94837
G1 F402.7 X204.497 Y179.584 E802.00208
G1 F403.4 X204.367 Y180.664 E802.0559
G1 F402 X203.982 Y181.672 E802.10946
G1 F403.4 X203.368 Y182.566 E802.16312
G1 X202.553 Y183.289 E802.21702
G1 F401.3 X201.597 Y183.79 E802.27069
G1 F402 X200.54 Y184.051 E802.32473
;TIME_ELAPSED:1645.163692
;LAYER:300
;note -- min layer time used
M204 S3000
M205 X10 Y10
;MESH:15_7_1.stl
G0 F6000 X200.54 Y184.051 Z61.29
M204 S1800
M205 X8 Y8
;TYPE:WALL-OUTER
G1 F404 X199.46 Y184.051 E802.37808
G1 F402.7 X198.402 Y183.79 E802.43208
G1 F400.7 X197.444 Y183.288 E802.48595
G1 F401.3 X196.629 Y182.565 E802.54012
G1 F402 X196.014 Y181.672 E802.59395
G1 F400.7 X195.629 Y180.664 E802.64769
G1 X195.501 Y179.584 E802.70186
G1 X195.629 Y178.508 E802.75583
G1 X196.014 Y177.496 E802.80976
G1 F401.3 X196.63 Y176.604 E802.86366
G1 F400 X197.444 Y175.882 E802.91794
G1 X198.402 Y175.378 E802.97195
G1 F401.3 X199.46 Y175.119 E803.02611
G1 X200.54 Y175.119 E803.07981
G1 X201.597 Y175.378 E803.13393
G1 F400.7 X202.552 Y175.881 E803.18769
G1 F401.3 X203.367 Y176.603 E803.24183
G1 F402 X203.982 Y177.496 E803.29565
G1 F400.7 X204.367 Y178.508 E803.34958
G1 F402.7 X204.497 Y179.584 E803.40329
G1 F403.4 X204.367 Y180.664 E803.45711
G1 F402 X203.982 Y181.672 E803.51067
G1 F403.4 X203.368 Y182.566 E803.56433
G1 X202.553 Y183.289 E803.61823
G1 F401.3 X201.597 Y183.79 E803.6719
G1 F402 X200.54 Y184.051 E803.72595
;TIME_ELAPSED:1649.467484
;LAYER:301
;note -- min layer time used
M204 S3000
M205 X10 Y10
;MESH:15_7_1.stl
G0 F6000 X200.54 Y184.051 Z61.49
M204 S1800
M205 X8 Y8
;TYPE:WALL-OUTER
G1 F404 X199.46 Y184.051 E803.77929
G1 F402.7 X198.402 Y183.79 E803.83329
G1 F400.7 X197.444 Y183.288 E803.88716
G1 F401.3 X196.629 Y182.565 E803.94133
G1 F402 X196.014 Y181.672 E803.99516
G1 F400.7 X195.629 Y180.664 E804.0489
G1 X195.501 Y179.584 E804.10307
G1 X195.629 Y178.508 E804.15704
G1 X196.014 Y177.496 E804.21097
G1 F401.3 X196.63 Y176.604 E804.26487
G1 F400 X197.444 Y175.882 E804.31915
G1 X198.402 Y175.378 E804.37316
G1 F401.3 X199.46 Y175.119 E804.42732
G1 X200.54 Y175.119 E804.48102
G1 X201.597 Y175.378 E804.53514
G1 F400.7 X202.552 Y175.881 E804.5889
G1 F401.3 X203.367 Y176.603 E804.64304
G1 F402 X203.982 Y177.496 E804.69686
G1 F400.7 X204.367 Y178.508 E804.75079
G1 F402.7 X204.497 Y179.584 E804.8045
G1 F403.4 X204.367 Y180.664 E804.85832
G1 F402 X203.982 Y181.672 E804.91188
G1 F403.4 X203.368 Y182.566 E804.96554
G1 X202.553 Y183.289 E805.01944
G1 F401.3 X201.597 Y183.79 E805.07311
G1 F402 X200.54 Y184.051 E805.12716
;TIME_ELAPSED:1653.771276
;LAYER:302
;note -- min layer time used
M204 S3000
M205 X10 Y10
;MESH:15_7_1.stl
G0 F6000 X200.54 Y184.051 Z61.69
M204 S1800
M205 X8 Y8
;TYPE:WALL-OUTER
G1 F404 X199.46 Y184.051 E805.1805
G1 F402.7 X198.402 Y183.79 E805.2345
G1 F400.7 X197.444 Y183.288 E805.28837
G1 F401.3 X196.629 Y182.565 E805.34254
G1 F402 X196.014 Y181.672 E805.39637
G1 F400.7 X195.629 Y180.664 E805.45011
G1 X195.501 Y179.584 E805.50428
G1 X195.629 Y178.508 E805.55825
G1 X196.014 Y177.496 E805.61218
G1 F401.3 X196.63 Y176.604 E805.66608
G1 F400 X197.444 Y175.882 E805.72037
G1 X198.402 Y175.378 E805.77437
G1 F401.3 X199.46 Y175.119 E805.82853
G1 X200.54 Y175.119 E805.88223
G1 X201.597 Y175.378 E805.93635
G1 F400.7 X202.552 Y175.881 E805.99011
G1 F401.3 X203.367 Y176.603 E806.04425
G1 F402 X203.982 Y177.496 E806.09807
G1 F400.7 X204.367 Y178.508 E806.152
G1 F402.7 X204.497 Y179.584 E806.20571
G1 F403.4 X204.367 Y180.664 E806.25953
G1 F402 X203.982 Y181.672 E806.31309
G1 F403.4 X203.368 Y182.566 E806.36675
G1 X202.553 Y183.289 E806.42065
G1 F401.3 X201.597 Y183.79 E806.47432
G1 F402 X200.54 Y184.051 E806.52837
;TIME_ELAPSED:1658.075069
;LAYER:303
;note -- min layer time used
M204 S3000
M205 X10 Y10
;MESH:15_7_1.stl
G0 F6000 X200.54 Y184.051 Z61.89
M204 S1800
M205 X8 Y8
;TYPE:WALL-OUTER
G1 F404 X199.46 Y184.051 E806.58171
G1 F402.7 X198.402 Y183.79 E806.63571
G1 F400.7 X197.444 Y183.288 E806.68958
G1 F401.3 X196.629 Y182.565 E806.74376
G1 F402 X196.014 Y181.672 E806.79758
G1 F400.7 X195.629 Y180.664 E806.85132
G1 X195.501 Y179.584 E806.90549
G1 X195.629 Y178.508 E806.95946
G1 X196.014 Y177.496 E807.01339
G1 F401.3 X196.63 Y176.604 E807.06729
G1 F400 X197.444 Y175.882 E807.12158
G1 X198.402 Y175.378 E807.17558
G1 F401.3 X199.46 Y175.119 E807.22974
G1 X200.54 Y175.119 E807.28344
G1 X201.597 Y175.378 E807.33756
G1 F400.7 X202.552 Y175.881 E807.39132
G1 F401.3 X203.367 Y176.603 E807.44546
G1 F402 X203.982 Y177.496 E807.49928
G1 F400.7 X204.367 Y178.508 E807.55321
G1 F402.7 X204.497 Y179.584 E807.60692
G1 F403.4 X204.367 Y180.664 E807.66074
G1 F402 X203.982 Y181.672 E807.71431
G1 F403.4 X203.368 Y182.566 E807.76796
G1 X202.553 Y183.289 E807.82186
G1 F401.3 X201.597 Y183.79 E807.87553
G1 F402 X200.54 Y184.051 E807.92958
;TIME_ELAPSED:1662.378861
;LAYER:304
;note -- min layer time used
M204 S3000
M205 X10 Y10
;MESH:15_7_1.stl
G0 F6000 X200.54 Y184.051 Z62.09
M204 S1800
M205 X8 Y8
;TYPE:WALL-OUTER
G1 F404 X199.46 Y184.051 E807.98292
G1 F402.7 X198.402 Y183.79 E808.03692
G1 F400.7 X197.444 Y183.288 E808.09079
G1 F401.3 X196.629 Y182.565 E808.14497
G1 F402 X196.014 Y181.672 E808.19879
G1 F400.7 X195.629 Y180.664 E808.25253
G1 X195.501 Y179.584 E808.3067
G1 X195.629 Y178.508 E808.36067
G1 X196.014 Y177.496 E808.4146
G1 F401.3 X196.63 Y176.604 E808.4685
G1 F400 X197.444 Y175.882 E808.52279
G1 X198.402 Y175.378 E808.57679
G1 F401.3 X199.46 Y175.119 E808.63095
G1 X200.54 Y175.119 E808.68466
G1 X201.597 Y175.378 E808.73877
G1 F400.7 X202.552 Y175.881 E808.79253
G1 F401.3 X203.367 Y176.603 E808.84667
G1 F402 X203.982 Y177.496 E808.90049
G1 F400.7 X204.367 Y178.508 E808.95442
G1 F402.7 X204.497 Y179.584 E809.00813
G1 F403.4 X204.367 Y180.664 E809.06195
G1 F402 X203.982 Y181.672 E809.11552
G1 F403.4 X203.368 Y182.566 E809.16917
G1 X202.553 Y183.289 E809.22307
G1 F401.3 X201.597 Y183.79 E809.27674
G1 F402 X200.54 Y184.051 E809.33079
;TIME_ELAPSED:1666.682653
;LAYER:305
;note -- min layer time used
M204 S3000
M205 X10 Y10
;MESH:15_7_1.stl
G0 F6000 X200.54 Y184.051 Z62.29
M204 S1800
M205 X8 Y8
;TYPE:WALL-OUTER
G1 F404 X199.46 Y184.051 E809.38413
G1 F402.7 X198.402 Y183.79 E809.43813
G1 F400.7 X197.444 Y183.288 E809.492
G1 F401.3 X196.629 Y182.565 E809.54618
G1 F402 X196.014 Y181.672 E809.6
G1 F400.7 X195.629 Y180.664 E809.65374
G1 X195.501 Y179.584 E809.70791
G1 X195.629 Y178.508 E809.76188
G1 X196.014 Y177.496 E809.81581
G1 F401.3 X196.63 Y176.604 E809.86971
G1 F400 X197.444 Y175.882 E809.924
G1 X198.402 Y175.378 E809.978
G1 F401.3 X199.46 Y175.119 E810.03216
G1 X200.54 Y175.119 E810.08587
G1 X201.597 Y175.378 E810.13998
G1 F400.7 X202.552 Y175.881 E810.19374
G1 F401.3 X203.367 Y176.603 E810.24788
G1 F402 X203.982 Y177.496 E810.3017
G1 F400.7 X204.367 Y178.508 E810.35563
G1 F402.7 X204.497 Y179.584 E810.40935
G1 F403.4 X204.367 Y180.664 E810.46316
G1 F402 X203.982 Y181.672 E810.51673
G1 F403.4 X203.368 Y182.566 E810.57038
G1 X202.553 Y183.289 E810.62429
G1 F401.3 X201.597 Y183.79 E810.67795
G1 F402 X200.54 Y184.051 E810.732
;TIME_ELAPSED:1670.986445
;LAYER:306
;note -- min layer time used
M204 S3000
M205 X10 Y10
;MESH:15_7_1.stl
G0 F6000 X200.54 Y184.051 Z62.49
M204 S1800
M205 X8 Y8
;TYPE:WALL-OUTER
G1 F404 X199.46 Y184.051 E810.78534
G1 F402.7 X198.402 Y183.79 E810.83935
G1 F400.7 X197.444 Y183.288 E810.89321
G1 F401.3 X196.629 Y182.565 E810.94739
G1 F402 X196.014 Y181.672 E811.00121
G1 F400.7 X195.629 Y180.664 E811.05496
G1 X195.501 Y179.584 E811.10912
G1 X195.629 Y178.508 E811.16309
G1 X196.014 Y177.496 E811.21702
G1 F401.3 X196.63 Y176.604 E811.27093
G1 F400 X197.444 Y175.882 E811.32521
G1 X198.402 Y175.378 E811.37921
G1 F401.3 X199.46 Y175.119 E811.43338
G1 X200.54 Y175.119 E811.48708
G1 X201.597 Y175.378 E811.54119
G1 F400.7 X202.552 Y175.881 E811.59495
G1 F401.3 X203.367 Y176.603 E811.64909
G1 F402 X203.982 Y177.496 E811.70292
G1 F400.7 X204.367 Y178.508 E811.75684
G1 F402.7 X204.497 Y179.584 E811.81056
G1 F403.4 X204.367 Y180.664 E811.86437
G1 F402 X203.982 Y181.672 E811.91794
G1 F403.4 X203.368 Y182.566 E811.97159
G1 X202.553 Y183.289 E812.0255
G1 F401.3 X201.597 Y183.79 E812.07916
G1 F402 X200.54 Y184.051 E812.13321
;TIME_ELAPSED:1675.290237
;LAYER:307
;note -- min layer time used
M204 S3000
M205 X10 Y10
;MESH:15_7_1.stl
G0 F6000 X200.54 Y184.051 Z62.69
M204 S1800
M205 X8 Y8
;TYPE:WALL-OUTER
G1 F404 X199.46 Y184.051 E812.18655
G1 F402.7 X198.402 Y183.79 E812.24056
G1 F400.7 X197.444 Y183.288 E812.29443
G1 F401.3 X196.629 Y182.565 E812.3486
G1 F402 X196.014 Y181.672 E812.40242
G1 F400.7 X195.629 Y180.664 E812.45617
G1 X195.501 Y179.584 E812.51033
G1 X195.629 Y178.508 E812.5643
G1 X196.014 Y177.496 E812.61823
G1 F401.3 X196.63 Y176.604 E812.67214
G1 F400 X197.444 Y175.882 E812.72642
G1 X198.402 Y175.378 E812.78043
G1 F401.3 X199.46 Y175.119 E812.83459
G1 X200.54 Y175.119 E812.88829
G1 X201.597 Y175.378 E812.9424
G1 F400.7 X202.552 Y175.881 E812.99616
G1 F401.3 X203.367 Y176.603 E813.0503
G1 F402 X203.982 Y177.496 E813.10413
G1 F400.7 X204.367 Y178.508 E813.15806
G1 F402.7 X204.497 Y179.584 E813.21177
G1 F403.4 X204.367 Y180.664 E813.26559
G1 F402 X203.982 Y181.672 E813.31915
G1 F403.4 X203.368 Y182.566 E813.37281
G1 X202.553 Y183.289 E813.42671
G1 F401.3 X201.597 Y183.79 E813.48037
G1 F402 X200.54 Y184.051 E813.53442
;TIME_ELAPSED:1679.594029
;LAYER:308
;note -- min layer time used
M204 S3000
M205 X10 Y10
;MESH:15_7_1.stl
G0 F6000 X200.54 Y184.051 Z62.89
M204 S1800
M205 X8 Y8
;TYPE:WALL-OUTER
G1 F404 X199.46 Y184.051 E813.58776
G1 F402.7 X198.402 Y183.79 E813.64177
G1 F400.7 X197.444 Y183.288 E813.69564
G1 F401.3 X196.629 Y182.565 E813.74981
G1 F402 X196.014 Y181.672 E813.80363
G1 F400.7 X195.629 Y180.664 E813.85738
G1 X195.501 Y179.584 E813.91155
G1 X195.629 Y178.508 E813.96552
G1 X196.014 Y177.496 E814.01944
G1 F401.3 X196.63 Y176.604 E814.07335
G1 F400 X197.444 Y175.882 E814.12763
G1 X198.402 Y175.378 E814.18164
G1 F401.3 X199.46 Y175.119 E814.2358
G1 X200.54 Y175.119 E814.2895
G1 X201.597 Y175.378 E814.34361
G1 F400.7 X202.552 Y175.881 E814.39737
G1 F401.3 X203.367 Y176.603 E814.45151
G1 F402 X203.982 Y177.496 E814.50534
G1 F400.7 X204.367 Y178.508 E814.55927
G1 F402.7 X204.497 Y179.584 E814.61298
G1 F403.4 X204.367 Y180.664 E814.6668
G1 F402 X203.982 Y181.672 E814.72036
G1 F403.4 X203.368 Y182.566 E814.77402
G1 X202.553 Y183.289 E814.82792
G1 F401.3 X201.597 Y183.79 E814.88159
G1 F402 X200.54 Y184.051 E814.93563
;TIME_ELAPSED:1683.897822
;LAYER:309
;note -- min layer time used
M204 S3000
M205 X10 Y10
;MESH:15_7_1.stl
G0 F6000 X200.54 Y184.051 Z63.09
M204 S1800
M205 X8 Y8
;TYPE:WALL-OUTER
G1 F404 X199.46 Y184.051 E814.98897
G1 F402.7 X198.402 Y183.79 E815.04298
G1 F400.7 X197.444 Y183.288 E815.09685
G1 F401.3 X196.629 Y182.565 E815.15102
G1 F402 X196.014 Y181.672 E815.20485
G1 F400.7 X195.629 Y180.664 E815.25859
G1 X195.501 Y179.584 E815.31276
G1 X195.629 Y178.508 E815.36673
G1 X196.014 Y177.496 E815.42066
G1 F401.3 X196.63 Y176.604 E815.47456
G1 F400 X197.444 Y175.882 E815.52884
G1 X198.402 Y175.378 E815.58285
G1 F401.3 X199.46 Y175.119 E815.63701
G1 X200.54 Y175.119 E815.69071
G1 X201.597 Y175.378 E815.74482
G1 F400.7 X202.552 Y175.881 E815.79858
G1 F401.3 X203.367 Y176.603 E815.85272
G1 F402 X203.982 Y177.496 E815.90655
G1 F400.7 X204.367 Y178.508 E815.96048
G1 F402.7 X204.497 Y179.584 E816.01419
G1 F403.4 X204.367 Y180.664 E816.06801
G1 F402 X203.982 Y181.672 E816.12157
G1 F403.4 X203.368 Y182.566 E816.17523
G1 X202.553 Y183.289 E816.22913
G1 F401.3 X201.597 Y183.79 E816.2828
G1 F402 X200.54 Y184.051 E816.33684
;TIME_ELAPSED:1688.201614
;LAYER:310
;note -- min layer time used
M204 S3000
M205 X10 Y10
;MESH:15_7_1.stl
G0 F6000 X200.54 Y184.051 Z63.29
M204 S1800
M205 X8 Y8
;TYPE:WALL-OUTER
G1 F404 X199.46 Y184.051 E816.39019
G1 F402.7 X198.402 Y183.79 E816.44419
G1 F400.7 X197.444 Y183.288 E816.49806
G1 F401.3 X196.629 Y182.565 E816.55223
G1 F402 X196.014 Y181.672 E816.60606
G1 F400.7 X195.629 Y180.664 E816.6598
G1 X195.501 Y179.584 E816.71397
G1 X195.629 Y178.508 E816.76794
G1 X196.014 Y177.496 E816.82187
G1 F401.3 X196.63 Y176.604 E816.87577
G1 F400 X197.444 Y175.882 E816.93005
G1 X198.402 Y175.378 E816.98406
G1 F401.3 X199.46 Y175.119 E817.03822
G1 X200.54 Y175.119 E817.09192
G1 X201.597 Y175.378 E817.14603
G1 F400.7 X202.552 Y175.881 E817.19979
G1 F401.3 X203.367 Y176.603 E817.25393
G1 F402 X203.982 Y177.496 E817.30776
G1 F400.7 X204.367 Y178.508 E817.36169
G1 F402.7 X204.497 Y179.584 E817.4154
G1 F403.4 X204.367 Y180.664 E817.46922
G1 F402 X203.982 Y181.672 E817.52278
G1 F403.4 X203.368 Y182.566 E817.57644
G1 X202.553 Y183.289 E817.63034
G1 F401.3 X201.597 Y183.79 E817.68401
G1 F402 X200.54 Y184.051 E817.73805
;TIME_ELAPSED:1692.505406
;LAYER:311
;note -- min layer time used
M204 S3000
M205 X10 Y10
;MESH:15_7_1.stl
G0 F6000 X200.54 Y184.051 Z63.49
M204 S1800
M205 X8 Y8
;TYPE:WALL-OUTER
G1 F404 X199.46 Y184.051 E817.7914
G1 F402.7 X198.402 Y183.79 E817.8454
G1 F400.7 X197.444 Y183.288 E817.89927
G1 F401.3 X196.629 Y182.565 E817.95344
G1 F402 X196.014 Y181.672 E818.00727
G1 F400.7 X195.629 Y180.664 E818.06101
G1 X195.501 Y179.584 E818.11518
G1 X195.629 Y178.508 E818.16915
G1 X196.014 Y177.496 E818.22308
G1 F401.3 X196.63 Y176.604 E818.27698
G1 F400 X197.444 Y175.882 E818.33126
G1 X198.402 Y175.378 E818.38527
G1 F401.3 X199.46 Y175.119 E818.43943
G1 X200.54 Y175.119 E818.49313
G1 X201.597 Y175.378 E818.54724
G1 F400.7 X202.552 Y175.881 E818.601
G1 F401.3 X203.367 Y176.603 E818.65514
G1 F402 X203.982 Y177.496 E818.70897
G1 F400.7 X204.367 Y178.508 E818.7629
G1 F402.7 X204.497 Y179.584 E818.81661
G1 F403.4 X204.367 Y180.664 E818.87043
G1 F402 X203.982 Y181.672 E818.92399
G1 F403.4 X203.368 Y182.566 E818.97765
G1 X202.553 Y183.289 E819.03155
G1 F401.3 X201.597 Y183.79 E819.08522
G1 F402 X200.54 Y184.051 E819.13926
;TIME_ELAPSED:1696.809198
;LAYER:312
;note -- min layer time used
M204 S3000
M205 X10 Y10
;MESH:15_7_1.stl
G0 F6000 X200.54 Y184.051 Z63.69
M204 S1800
M205 X8 Y8
;TYPE:WALL-OUTER
G1 F404 X199.46 Y184.051 E819.19261
G1 F402.7 X198.402 Y183.79 E819.24661
G1 F400.7 X197.444 Y183.288 E819.30048
G1 F401.3 X196.629 Y182.565 E819.35465
G1 F402 X196.014 Y181.672 E819.40848
G1 F400.7 X195.629 Y180.664 E819.46222
G1 X195.501 Y179.584 E819.51639
G1 X195.629 Y178.508 E819.57036
G1 X196.014 Y177.496 E819.62429
G1 F401.3 X196.63 Y176.604 E819.67819
G1 F400 X197.444 Y175.882 E819.73247
G1 X198.402 Y175.378 E819.78648
G1 F401.3 X199.46 Y175.119 E819.84064
G1 X200.54 Y175.119 E819.89434
G1 X201.597 Y175.378 E819.94846
G1 F400.7 X202.552 Y175.881 E820.00222
G1 F401.3 X203.367 Y176.603 E820.05636
G1 F402 X203.982 Y177.496 E820.11018
G1 F400.7 X204.367 Y178.508 E820.16411
G1 F402.7 X204.497 Y179.584 E820.21782
G1 F403.4 X204.367 Y180.664 E820.27164
G1 F402 X203.982 Y181.672 E820.3252
G1 F403.4 X203.368 Y182.566 E820.37886
G1 X202.553 Y183.289 E820.43276
G1 F401.3 X201.597 Y183.79 E820.48643
G1 F402 X200.54 Y184.051 E820.54048
;TIME_ELAPSED:1701.112990
;LAYER:313
;note -- min layer time used
M204 S3000
M205 X10 Y10
;MESH:15_7_1.stl
G0 F6000 X200.54 Y184.051 Z63.89
M204 S1800
M205 X8 Y8
;TYPE:WALL-OUTER
G1 F404 X199.46 Y184.051 E820.59382
G1 F402.7 X198.402 Y183.79 E820.64782
G1 F400.7 X197.444 Y183.288 E820.70169
G1 F401.3 X196.629 Y182.565 E820.75586
G1 F402 X196.014 Y181.672 E820.80969
G1 F400.7 X195.629 Y180.664 E820.86343
G1 X195.501 Y179.584 E820.9176
G1 X195.629 Y178.508 E820.97157
G1 X196.014 Y177.496 E821.0255
G1 F401.3 X196.63 Y176.604 E821.0794
G1 F400 X197.444 Y175.882 E821.13368
G1 X198.402 Y175.378 E821.18769
G1 F401.3 X199.46 Y175.119 E821.24185
G1 X200.54 Y175.119 E821.29555
G1 X201.597 Y175.378 E821.34967
G1 F400.7 X202.552 Y175.881 E821.40343
G1 F401.3 X203.367 Y176.603 E821.45757
G1 F402 X203.982 Y177.496 E821.51139
G1 F400.7 X204.367 Y178.508 E821.56532
G1 F402.7 X204.497 Y179.584 E821.61903
G1 F403.4 X204.367 Y180.664 E821.67285
G1 F402 X203.982 Y181.672 E821.72641
G1 F403.4 X203.368 Y182.566 E821.78007
G1 X202.553 Y183.289 E821.83397
G1 F401.3 X201.597 Y183.79 E821.88764
G1 F402 X200.54 Y184.051 E821.94169
;TIME_ELAPSED:1705.416782
;LAYER:314
;note -- min layer time used
M204 S3000
M205 X10 Y10
;MESH:15_7_1.stl
G0 F6000 X200.54 Y184.051 Z64.09
M204 S1800
M205 X8 Y8
;TYPE:WALL-OUTER
G1 F404 X199.46 Y184.051 E821.99503
G1 F402.7 X198.402 Y183.79 E822.04903
G1 F400.7 X197.444 Y183.288 E822.1029
G1 F401.3 X196.629 Y182.565 E822.15707
G1 F402 X196.014 Y181.672 E822.2109
G1 F400.7 X195.629 Y180.664 E822.26464
G1 X195.501 Y179.584 E822.31881
G1 X195.629 Y178.508 E822.37278
G1 X196.014 Y177.496 E822.42671
G1 F401.3 X196.63 Y176.604 E822.48061
G1 F400 X197.444 Y175.882 E822.5349
G1 X198.402 Y175.378 E822.5889
G1 F401.3 X199.46 Y175.119 E822.64306
G1 X200.54 Y175.119 E822.69676
G1 X201.597 Y175.378 E822.75088
G1 F400.7 X202.552 Y175.881 E822.80464
G1 F401.3 X203.367 Y176.603 E822.85878
G1 F402 X203.982 Y177.496 E822.9126
G1 F400.7 X204.367 Y178.508 E822.96653
G1 F402.7 X204.497 Y179.584 E823.02024
G1 F403.4 X204.367 Y180.664 E823.07406
G1 F402 X203.982 Y181.672 E823.12762
G1 F403.4 X203.368 Y182.566 E823.18128
G1 X202.553 Y183.289 E823.23518
G1 F401.3 X201.597 Y183.79 E823.28885
G1 F402 X200.54 Y184.051 E823.3429
;TIME_ELAPSED:1709.720575
;LAYER:315
;note -- min layer time used
M204 S3000
M205 X10 Y10
;MESH:15_7_1.stl
G0 F6000 X200.54 Y184.051 Z64.29
M204 S1800
M205 X8 Y8
;TYPE:WALL-OUTER
G1 F404 X199.46 Y184.051 E823.39624
G1 F402.7 X198.402 Y183.79 E823.45024
G1 F400.7 X197.444 Y183.288 E823.50411
G1 F401.3 X196.629 Y182.565 E823.55829
G1 F402 X196.014 Y181.672 E823.61211
G1 F400.7 X195.629 Y180.664 E823.66585
G1 X195.501 Y179.584 E823.72002
G1 X195.629 Y178.508 E823.77399
G1 X196.014 Y177.496 E823.82792
G1 F401.3 X196.63 Y176.604 E823.88182
G1 F400 X197.444 Y175.882 E823.93611
G1 X198.402 Y175.378 E823.99011
G1 F401.3 X199.46 Y175.119 E824.04427
G1 X200.54 Y175.119 E824.09798
G1 X201.597 Y175.378 E824.15209
G1 F400.7 X202.552 Y175.881 E824.20585
G1 F401.3 X203.367 Y176.603 E824.25999
G1 F402 X203.982 Y177.496 E824.31381
G1 F400.7 X204.367 Y178.508 E824.36774
G1 F402.7 X204.497 Y179.584 E824.42145
G1 F403.4 X204.367 Y180.664 E824.47527
G1 F402 X203.982 Y181.672 E824.52884
G1 F403.4 X203.368 Y182.566 E824.58249
G1 X202.553 Y183.289 E824.63639
G1 F401.3 X201.597 Y183.79 E824.69006
G1 F402 X200.54 Y184.051 E824.74411
;TIME_ELAPSED:1714.024367
;LAYER:316
;note -- min layer time used
M204 S3000
M205 X10 Y10
;MESH:15_7_1.stl
G0 F6000 X200.54 Y184.051 Z64.49
M204 S1800
M205 X8 Y8
;TYPE:WALL-OUTER
G1 F404 X199.46 Y184.051 E824.79745
G1 F402.7 X198.402 Y183.79 E824.85145
G1 F400.7 X197.444 Y183.288 E824.90532
G1 F401.3 X196.629 Y182.565 E824.9595
G1 F402 X196.014 Y181.672 E825.01332
G1 F400.7 X195.629 Y180.664 E825.06706
G1 X195.501 Y179.584 E825.12123
G1 X195.629 Y178.508 E825.1752
G1 X196.014 Y177.496 E825.22913
G1 F401.3 X196.63 Y176.604 E825.28303
G1 F400 X197.444 Y175.882 E825.33732
G1 X198.402 Y175.378 E825.39132
G1 F401.3 X199.46 Y175.119 E825.44548
G1 X200.54 Y175.119 E825.49919
G1 X201.597 Y175.378 E825.5533
G1 F400.7 X202.552 Y175.881 E825.60706
G1 F401.3 X203.367 Y176.603 E825.6612
G1 F402 X203.982 Y177.496 E825.71502
G1 F400.7 X204.367 Y178.508 E825.76895
G1 F402.7 X204.497 Y179.584 E825.82266
G1 F403.4 X204.367 Y180.664 E825.87648
G1 F402 X203.982 Y181.672 E825.93005
G1 F403.4 X203.368 Y182.566 E825.9837
G1 X202.553 Y183.289 E826.0376
G1 F401.3 X201.597 Y183.79 E826.09127
G1 F402 X200.54 Y184.051 E826.14532
;TIME_ELAPSED:1718.328159
;LAYER:317
;note -- min layer time used
M204 S3000
M205 X10 Y10
;MESH:15_7_1.stl
G0 F6000 X200.54 Y184.051 Z64.69
M204 S1800
M205 X8 Y8
;TYPE:WALL-OUTER
G1 F404 X199.46 Y184.051 E826.19866
G1 F402.7 X198.402 Y183.79 E826.25267
G1 F400.7 X197.444 Y183.288 E826.30653
G1 F401.3 X196.629 Y182.565 E826.36071
G1 F402 X196.014 Y181.672 E826.41453
G1 F400.7 X195.629 Y180.664 E826.46828
G1 X195.501 Y179.584 E826.52244
G1 X195.629 Y178.508 E826.57641
G1 X196.014 Y177.496 E826.63034
G1 F401.3 X196.63 Y176.604 E826.68424
G1 F400 X197.444 Y175.882 E826.73853
G1 X198.402 Y175.378 E826.79253
G1 F401.3 X199.46 Y175.119 E826.8467
G1 X200.54 Y175.119 E826.9004
G1 X201.597 Y175.378 E826.95451
G1 F400.7 X202.552 Y175.881 E827.00827
G1 F401.3 X203.367 Y176.603 E827.06241
G1 F402 X203.982 Y177.496 E827.11623
G1 F400.7 X204.367 Y178.508 E827.17016
G1 F402.7 X204.497 Y179.584 E827.22388
G1 F403.4 X204.367 Y180.664 E827.27769
G1 F402 X203.982 Y181.672 E827.33126
G1 F403.4 X203.368 Y182.566 E827.38491
G1 X202.553 Y183.289 E827.43882
G1 F401.3 X201.597 Y183.79 E827.49248
G1 F402 X200.54 Y184.051 E827.54653
;TIME_ELAPSED:1722.631951
;LAYER:318
;note -- min layer time used
M204 S3000
M205 X10 Y10
;MESH:15_7_1.stl
G0 F6000 X200.54 Y184.051 Z64.89
M204 S1800
M205 X8 Y8
;TYPE:WALL-OUTER
G1 F404 X199.46 Y184.051 E827.59987
G1 F402.7 X198.402 Y183.79 E827.65388
G1 F400.7 X197.444 Y183.288 E827.70775
G1 F401.3 X196.629 Y182.565 E827.76192
G1 F402 X196.014 Y181.672 E827.81574
G1 F400.7 X195.629 Y180.664 E827.86949
G1 X195.501 Y179.584 E827.92365
G1 X195.629 Y178.508 E827.97762
G1 X196.014 Y177.496 E828.03155
G1 F401.3 X196.63 Y176.604 E828.08546
G1 F400 X197.444 Y175.882 E828.13974
G1 X198.402 Y175.378 E828.19374
G1 F401.3 X199.46 Y175.119 E828.24791
G1 X200.54 Y175.119 E828.30161
G1 X201.597 Y175.378 E828.35572
G1 F400.7 X202.552 Y175.881 E828.40948
G1 F401.3 X203.367 Y176.603 E828.46362
G1 F402 X203.982 Y177.496 E828.51745
G1 F400.7 X204.367 Y178.508 E828.57137
G1 F402.7 X204.497 Y179.584 E828.62509
G1 F403.4 X204.367 Y180.664 E828.6789
G1 F402 X203.982 Y181.672 E828.73247
G1 F403.4 X203.368 Y182.566 E828.78613
G1 X202.553 Y183.289 E828.84003
G1 F401.3 X201.597 Y183.79 E828.89369
G1 F402 X200.54 Y184.051 E828.94774
;TIME_ELAPSED:1726.935743
;LAYER:319
;note -- min layer time used
M204 S3000
M205 X10 Y10
;MESH:15_7_1.stl
G0 F6000 X200.54 Y184.051 Z65.09
M204 S1800
M205 X8 Y8
;TYPE:WALL-OUTER
G1 F404 X199.46 Y184.051 E829.00108
G1 F402.7 X198.402 Y183.79 E829.05509
G1 F400.7 X197.444 Y183.288 E829.10896
G1 F401.3 X196.629 Y182.565 E829.16313
G1 F402 X196.014 Y181.672 E829.21695
G1 F400.7 X195.629 Y180.664 E829.2707
G1 X195.501 Y179.584 E829.32486
G1 X195.629 Y178.508 E829.37884
G1 X196.014 Y177.496 E829.43276
G1 F401.3 X196.63 Y176.604 E829.48667
G1 F400 X197.444 Y175.882 E829.54095
G1 X198.402 Y175.378 E829.59496
G1 F401.3 X199.46 Y175.119 E829.64912
G1 X200.54 Y175.119 E829.70282
G1 X201.597 Y175.378 E829.75693
G1 F400.7 X202.552 Y175.881 E829.81069
G1 F401.3 X203.367 Y176.603 E829.86483
G1 F402 X203.982 Y177.496 E829.91866
G1 F400.7 X204.367 Y178.508 E829.97259
G1 F402.7 X204.497 Y179.584 E830.0263
G1 F403.4 X204.367 Y180.664 E830.08012
G1 F402 X203.982 Y181.672 E830.13368
G1 F403.4 X203.368 Y182.566 E830.18734
G1 X202.553 Y183.289 E830.24124
G1 F401.3 X201.597 Y183.79 E830.29491
G1 F402 X200.54 Y184.051 E830.34895
;TIME_ELAPSED:1731.239535
;LAYER:320
;note -- min layer time used
M204 S3000
M205 X10 Y10
;MESH:15_7_1.stl
G0 F6000 X200.54 Y184.051 Z65.29
M204 S1800
M205 X8 Y8
;TYPE:WALL-OUTER
G1 F404 X199.46 Y184.051 E830.40229
G1 F402.7 X198.402 Y183.79 E830.4563
G1 F400.7 X197.444 Y183.288 E830.51017
G1 F401.3 X196.629 Y182.565 E830.56434
G1 F402 X196.014 Y181.672 E830.61816
G1 F400.7 X195.629 Y180.664 E830.67191
G1 X195.501 Y179.584 E830.72608
G1 X195.629 Y178.508 E830.78005
G1 X196.014 Y177.496 E830.83398
G1 F401.3 X196.63 Y176.604 E830.88788
G1 F400 X197.444 Y175.882 E830.94216
G1 X198.402 Y175.378 E830.99617
G1 F401.3 X199.46 Y175.119 E831.05033
G1 X200.54 Y175.119 E831.10403
G1 X201.597 Y175.378 E831.15814
G1 F400.7 X202.552 Y175.881 E831.2119
G1 F401.3 X203.367 Y176.603 E831.26604
G1 F402 X203.982 Y177.496 E831.31987
G1 F400.7 X204.367 Y178.508 E831.3738
G1 F402.7 X204.497 Y179.584 E831.42751
G1 F403.4 X204.367 Y180.664 E831.48133
G1 F402 X203.982 Y181.672 E831.53489
G1 F403.4 X203.368 Y182.566 E831.58855
G1 X202.553 Y183.289 E831.64245
G1 F401.3 X201.597 Y183.79 E831.69612
G1 F402 X200.54 Y184.051 E831.75016
;TIME_ELAPSED:1735.543328
;LAYER:321
;note -- min layer time used
M204 S3000
M205 X10 Y10
;MESH:15_7_1.stl
G0 F6000 X200.54 Y184.051 Z65.49
M204 S1800
M205 X8 Y8
;TYPE:WALL-OUTER
G1 F404 X199.46 Y184.051 E831.8035
G1 F402.7 X198.402 Y183.79 E831.85751
G1 F400.7 X197.444 Y183.288 E831.91138
G1 F401.3 X196.629 Y182.565 E831.96555
G1 F402 X196.014 Y181.672 E832.01938
G1 F400.7 X195.629 Y180.664 E832.07312
G1 X195.501 Y179.584 E832.12729
G1 X195.629 Y178.508 E832.18126
G1 X196.014 Y177.496 E832.23519
G1 F401.3 X196.63 Y176.604 E832.28909
G1 F400 X197.444 Y175.882 E832.34337
G1 X198.402 Y175.378 E832.39738
G1 F401.3 X199.46 Y175.119 E832.45154
G1 X200.54 Y175.119 E832.50524
G1 X201.597 Y175.378 E832.55935
G1 F400.7 X202.552 Y175.881 E832.61311
G1 F401.3 X203.367 Y176.603 E832.66725
G1 F402 X203.982 Y177.496 E832.72108
G1 F400.7 X204.367 Y178.508 E832.77501
G1 F402.7 X204.497 Y179.584 E832.82872
G1 F403.4 X204.367 Y180.664 E832.88254
G1 F402 X203.982 Y181.672 E832.9361
G1 F403.4 X203.368 Y182.566 E832.98976
G1 X202.553 Y183.289 E833.04366
G1 F401.3 X201.597 Y183.79 E833.09733
G1 F402 X200.54 Y184.051 E833.15137
;TIME_ELAPSED:1739.847120
;LAYER:322
;note -- min layer time used
M204 S3000
M205 X10 Y10
;MESH:15_7_1.stl
G0 F6000 X200.54 Y184.051 Z65.69
M204 S1800
M205 X8 Y8
;TYPE:WALL-OUTER
G1 F404 X199.46 Y184.051 E833.20472
G1 F402.7 X198.402 Y183.79 E833.25872
G1 F400.7 X197.444 Y183.288 E833.31259
G1 F401.3 X196.629 Y182.565 E833.36676
G1 F402 X196.014 Y181.672 E833.42059
G1 F400.7 X195.629 Y180.664 E833.47433
G1 X195.501 Y179.584 E833.5285
G1 X195.629 Y178.508 E833.58247
G1 X196.014 Y177.496 E833.6364
G1 F401.3 X196.63 Y176.604 E833.6903
G1 F400 X197.444 Y175.882 E833.74458
G1 X198.402 Y175.378 E833.79859
G1 F401.3 X199.46 Y175.119 E833.85275
G1 X200.54 Y175.119 E833.90645
G1 X201.597 Y175.378 E833.96056
G1 F400.7 X202.552 Y175.881 E834.01432
G1 F401.3 X203.367 Y176.603 E834.06846
G1 F402 X203.982 Y177.496 E834.12229
G1 F400.7 X204.367 Y178.508 E834.17622
G1 F402.7 X204.497 Y179.584 E834.22993
G1 F403.4 X204.367 Y180.664 E834.28375
G1 F402 X203.982 Y181.672 E834.33731
G1 F403.4 X203.368 Y182.566 E834.39097
G1 X202.553 Y183.289 E834.44487
G1 F401.3 X201.597 Y183.79 E834.49854
G1 F402 X200.54 Y184.051 E834.55258
;TIME_ELAPSED:1744.150912
;LAYER:323
;note -- min layer time used
M204 S3000
M205 X10 Y10
;MESH:15_7_1.stl
G0 F6000 X200.54 Y184.051 Z65.89
M204 S1800
M205 X8 Y8
;TYPE:WALL-OUTER
G1 F404 X199.46 Y184.051 E834.60593
G1 F402.7 X198.402 Y183.79 E834.65993
G1 F400.7 X197.444 Y183.288 E834.7138
G1 F401.3 X196.629 Y182.565 E834.76797
G1 F402 X196.014 Y181.672 E834.8218
G1 F400.7 X195.629 Y180.664 E834.87554
G1 X195.501 Y179.584 E834.92971
G1 X195.629 Y178.508 E834.98368
G1 X196.014 Y177.496 E835.03761
G1 F401.3 X196.63 Y176.604 E835.09151
G1 F400 X197.444 Y175.882 E835.14579
G1 X198.402 Y175.378 E835.1998
G1 F401.3 X199.46 Y175.119 E835.25396
G1 X200.54 Y175.119 E835.30766
G1 X201.597 Y175.378 E835.36178
G1 F400.7 X202.552 Y175.881 E835.41554
G1 F401.3 X203.367 Y176.603 E835.46968
G1 F402 X203.982 Y177.496 E835.5235
G1 F400.7 X204.367 Y178.508 E835.57743
G1 F402.7 X204.497 Y179.584 E835.63114
G1 F403.4 X204.367 Y180.664 E835.68496
G1 F402 X203.982 Y181.672 E835.73852
G1 F403.4 X203.368 Y182.566 E835.79218
G1 X202.553 Y183.289 E835.84608
G1 F401.3 X201.597 Y183.79 E835.89975
G1 F402 X200.54 Y184.051 E835.95379
;TIME_ELAPSED:1748.454704
;LAYER:324
;note -- min layer time used
M204 S3000
M205 X10 Y10
;MESH:15_7_1.stl
G0 F6000 X200.54 Y184.051 Z66.09
M204 S1800
M205 X8 Y8
;TYPE:WALL-OUTER
G1 F404 X199.46 Y184.051 E836.00714
G1 F402.7 X198.402 Y183.79 E836.06114
G1 F400.7 X197.444 Y183.288 E836.11501
G1 F401.3 X196.629 Y182.565 E836.16918
G1 F402 X196.014 Y181.672 E836.22301
G1 F400.7 X195.629 Y180.664 E836.27675
G1 X195.501 Y179.584 E836.33092
G1 X195.629 Y178.508 E836.38489
G1 X196.014 Y177.496 E836.43882
G1 F401.3 X196.63 Y176.604 E836.49272
G1 F400 X197.444 Y175.882 E836.547
G1 X198.402 Y175.378 E836.60101
G1 F401.3 X199.46 Y175.119 E836.65517
G1 X200.54 Y175.119 E836.70887
G1 X201.597 Y175.378 E836.76299
G1 F400.7 X202.552 Y175.881 E836.81675
G1 F401.3 X203.367 Y176.603 E836.87089
G1 F402 X203.982 Y177.496 E836.92471
G1 F400.7 X204.367 Y178.508 E836.97864
G1 F402.7 X204.497 Y179.584 E837.03235
G1 F403.4 X204.367 Y180.664 E837.08617
G1 F402 X203.982 Y181.672 E837.13973
G1 F403.4 X203.368 Y182.566 E837.19339
G1 X202.553 Y183.289 E837.24729
G1 F401.3 X201.597 Y183.79 E837.30096
G1 F402 X200.54 Y184.051 E837.35501
;TIME_ELAPSED:1752.758496
;LAYER:325
;note -- min layer time used
M204 S3000
M205 X10 Y10
;MESH:15_7_1.stl
G0 F6000 X200.54 Y184.051 Z66.29
M204 S1800
M205 X8 Y8
;TYPE:WALL-OUTER
G1 F404 X199.46 Y184.051 E837.40835
G1 F402.7 X198.402 Y183.79 E837.46235
G1 F400.7 X197.444 Y183.288 E837.51622
G1 F401.3 X196.629 Y182.565 E837.57039
G1 F402 X196.014 Y181.672 E837.62422
G1 F400.7 X195.629 Y180.664 E837.67796
G1 X195.501 Y179.584 E837.73213
G1 X195.629 Y178.508 E837.7861
G1 X196.014 Y177.496 E837.84003
G1 F401.3 X196.63 Y176.604 E837.89393
G1 F400 X197.444 Y175.882 E837.94822
G1 X198.402 Y175.378 E838.00222
G1 F401.3 X199.46 Y175.119 E838.05638
G1 X200.54 Y175.119 E838.11008
G1 X201.597 Y175.378 E838.1642
G1 F400.7 X202.552 Y175.881 E838.21796
G1 F401.3 X203.367 Y176.603 E838.2721
G1 F402 X203.982 Y177.496 E838.32592
G1 F400.7 X204.367 Y178.508 E838.37985
G1 F402.7 X204.497 Y179.584 E838.43356
G1 F403.4 X204.367 Y180.664 E838.48738
G1 F402 X203.982 Y181.672 E838.54094
G1 F403.4 X203.368 Y182.566 E838.5946
G1 X202.553 Y183.289 E838.6485
G1 F401.3 X201.597 Y183.79 E838.70217
G1 F402 X200.54 Y184.051 E838.75622
;TIME_ELAPSED:1757.062288
;LAYER:326
;note -- min layer time used
M204 S3000
M205 X10 Y10
;MESH:15_7_1.stl
G0 F6000 X200.54 Y184.051 Z66.49
M204 S1800
M205 X8 Y8
;TYPE:WALL-OUTER
G1 F404 X199.46 Y184.051 E838.80956
G1 F402.7 X198.402 Y183.79 E838.86356
G1 F400.7 X197.444 Y183.288 E838.91743
G1 F401.3 X196.629 Y182.565 E838.97161
G1 F402 X196.014 Y181.672 E839.02543
G1 F400.7 X195.629 Y180.664 E839.07917
G1 X195.501 Y179.584 E839.13334
G1 X195.629 Y178.508 E839.18731
G1 X196.014 Y177.496 E839.24124
G1 F401.3 X196.63 Y176.604 E839.29514
G1 F400 X197.444 Y175.882 E839.34943
G1 X198.402 Y175.378 E839.40343
G1 F401.3 X199.46 Y175.119 E839.45759
G1 X200.54 Y175.119 E839.51129
G1 X201.597 Y175.378 E839.56541
G1 F400.7 X202.552 Y175.881 E839.61917
G1 F401.3 X203.367 Y176.603 E839.67331
G1 F402 X203.982 Y177.496 E839.72713
G1 F400.7 X204.367 Y178.508 E839.78106
G1 F402.7 X204.497 Y179.584 E839.83477
G1 F403.4 X204.367 Y180.664 E839.88859
G1 F402 X203.982 Y181.672 E839.94215
G1 F403.4 X203.368 Y182.566 E839.99581
G1 X202.553 Y183.289 E840.04971
G1 F401.3 X201.597 Y183.79 E840.10338
G1 F402 X200.54 Y184.051 E840.15743
;TIME_ELAPSED:1761.366080
;LAYER:327
;note -- min layer time used
M204 S3000
M205 X10 Y10
;MESH:15_7_1.stl
G0 F6000 X200.54 Y184.051 Z66.69
M204 S1800
M205 X8 Y8
;TYPE:WALL-OUTER
G1 F404 X199.46 Y184.051 E840.21077
G1 F402.7 X198.402 Y183.79 E840.26477
G1 F400.7 X197.444 Y183.288 E840.31864
G1 F401.3 X196.629 Y182.565 E840.37282
G1 F402 X196.014 Y181.672 E840.42664
G1 F400.7 X195.629 Y180.664 E840.48038
G1 X195.501 Y179.584 E840.53455
G1 X195.629 Y178.508 E840.58852
G1 X196.014 Y177.496 E840.64245
G1 F401.3 X196.63 Y176.604 E840.69635
G1 F400 X197.444 Y175.882 E840.75064
G1 X198.402 Y175.378 E840.80464
G1 F401.3 X199.46 Y175.119 E840.8588
G1 X200.54 Y175.119 E840.91251
G1 X201.597 Y175.378 E840.96662
G1 F400.7 X202.552 Y175.881 E841.02038
G1 F401.3 X203.367 Y176.603 E841.07452
G1 F402 X203.982 Y177.496 E841.12834
G1 F400.7 X204.367 Y178.508 E841.18227
G1 F402.7 X204.497 Y179.584 E841.23598
G1 F403.4 X204.367 Y180.664 E841.2898
G1 F402 X203.982 Y181.672 E841.34337
G1 F403.4 X203.368 Y182.566 E841.39702
G1 X202.553 Y183.289 E841.45092
G1 F401.3 X201.597 Y183.79 E841.50459
G1 F402 X200.54 Y184.051 E841.55864
;TIME_ELAPSED:1765.669873
;LAYER:328
;note -- min layer time used
M204 S3000
M205 X10 Y10
;MESH:15_7_1.stl
G0 F6000 X200.54 Y184.051 Z66.89
M204 S1800
M205 X8 Y8
;TYPE:WALL-OUTER
G1 F404 X199.46 Y184.051 E841.61198
G1 F402.7 X198.402 Y183.79 E841.66598
G1 F400.7 X197.444 Y183.288 E841.71985
G1 F401.3 X196.629 Y182.565 E841.77403
G1 F402 X196.014 Y181.672 E841.82785
G1 F400.7 X195.629 Y180.664 E841.88159
G1 X195.501 Y179.584 E841.93576
G1 X195.629 Y178.508 E841.98973
G1 X196.014 Y177.496 E842.04366
G1 F401.3 X196.63 Y176.604 E842.09756
G1 F400 X197.444 Y175.882 E842.15185
G1 X198.402 Y175.378 E842.20585
G1 F401.3 X199.46 Y175.119 E842.26001
G1 X200.54 Y175.119 E842.31372
G1 X201.597 Y175.378 E842.36783
G1 F400.7 X202.552 Y175.881 E842.42159
G1 F401.3 X203.367 Y176.603 E842.47573
G1 F402 X203.982 Y177.496 E842.52955
G1 F400.7 X204.367 Y178.508 E842.58348
G1 F402.7 X204.497 Y179.584 E842.6372
G1 F403.4 X204.367 Y180.664 E842.69101
G1 F402 X203.982 Y181.672 E842.74458
G1 F403.4 X203.368 Y182.566 E842.79823
G1 X202.553 Y183.289 E842.85213
G1 F401.3 X201.597 Y183.79 E842.9058
G1 F402 X200.54 Y184.051 E842.95985
;TIME_ELAPSED:1769.973665
;LAYER:329
;note -- min layer time used
M204 S3000
M205 X10 Y10
;MESH:15_7_1.stl
G0 F6000 X200.54 Y184.051 Z67.09
M204 S1800
M205 X8 Y8
;TYPE:WALL-OUTER
G1 F404 X199.46 Y184.051 E843.01319
G1 F402.7 X198.402 Y183.79 E843.0672
G1 F400.7 X197.444 Y183.288 E843.12106
G1 F401.3 X196.629 Y182.565 E843.17524
G1 F402 X196.014 Y181.672 E843.22906
G1 F400.7 X195.629 Y180.664 E843.28281
G1 X195.501 Y179.584 E843.33697
G1 X195.629 Y178.508 E843.39094
G1 X196.014 Y177.496 E843.44487
G1 F401.3 X196.63 Y176.604 E843.49878
G1 F400 X197.444 Y175.882 E843.55306
G1 X198.402 Y175.378 E843.60706
G1 F401.3 X199.46 Y175.119 E843.66123
G1 X200.54 Y175.119 E843.71493
G1 X201.597 Y175.378 E843.76904
G1 F400.7 X202.552 Y175.881 E843.8228
G1 F401.3 X203.367 Y176.603 E843.87694
G1 F402 X203.982 Y177.496 E843.93077
G1 F400.7 X204.367 Y178.508 E843.98469
G1 F402.7 X204.497 Y179.584 E844.03841
G1 F403.4 X204.367 Y180.664 E844.09222
G1 F402 X203.982 Y181.672 E844.14579
G1 F403.4 X203.368 Y182.566 E844.19944
G1 X202.553 Y183.289 E844.25335
G1 F401.3 X201.597 Y183.79 E844.30701
G1 F402 X200.54 Y184.051 E844.36106
;TIME_ELAPSED:1774.277457
;LAYER:330
;note -- min layer time used
M204 S3000
M205 X10 Y10
;MESH:15_7_1.stl
G0 F6000 X200.54 Y184.051 Z67.29
M204 S1800
M205 X8 Y8
;TYPE:WALL-OUTER
G1 F404 X199.46 Y184.051 E844.4144
G1 F402.7 X198.402 Y183.79 E844.46841
G1 F400.7 X197.444 Y183.288 E844.52228
G1 F401.3 X196.629 Y182.565 E844.57645
G1 F402 X196.014 Y181.672 E844.63027
G1 F400.7 X195.629 Y180.664 E844.68402
G1 X195.501 Y179.584 E844.73818
G1 X195.629 Y178.508 E844.79215
G1 X196.014 Y177.496 E844.84608
G1 F401.3 X196.63 Y176.604 E844.89999
G1 F400 X197.444 Y175.882 E844.95427
G1 X198.402 Y175.378 E845.00828
G1 F401.3 X199.46 Y175.119 E845.06244
G1 X200.54 Y175.119 E845.11614
G1 X201.597 Y175.378 E845.17025
G1 F400.7 X202.552 Y175.881 E845.22401
G1 F401.3 X203.367 Y176.603 E845.27815
G1 F402 X203.982 Y177.496 E845.33198
G1 F400.7 X204.367 Y178.508 E845.38591
G1 F402.7 X204.497 Y179.584 E845.43962
G1 F403.4 X204.367 Y180.664 E845.49343
G1 F402 X203.982 Y181.672 E845.547
G1 F403.4 X203.368 Y182.566 E845.60066
G1 X202.553 Y183.289 E845.65456
G1 F401.3 X201.597 Y183.79 E845.70822
G1 F402 X200.54 Y184.051 E845.76227
;TIME_ELAPSED:1778.581249
;LAYER:331
;note -- min layer time used
M204 S3000
M205 X10 Y10
;MESH:15_7_1.stl
G0 F6000 X200.54 Y184.051 Z67.49
M204 S1800
M205 X8 Y8
;TYPE:WALL-OUTER
G1 F404 X199.46 Y184.051 E845.81561
G1 F402.7 X198.402 Y183.79 E845.86962
G1 F400.7 X197.444 Y183.288 E845.92349
G1 F401.3 X196.629 Y182.565 E845.97766
G1 F402 X196.014 Y181.672 E846.03148
G1 F400.7 X195.629 Y180.664 E846.08523
G1 X195.501 Y179.584 E846.1394
G1 X195.629 Y178.508 E846.19337
G1 X196.014 Y177.496 E846.24729
G1 F401.3 X196.63 Y176.604 E846.3012
G1 F400 X197.444 Y175.882 E846.35548
G1 X198.402 Y175.378 E846.40949
G1 F401.3 X199.46 Y175.119 E846.46365
G1 X200.54 Y175.119 E846.51735
G1 X201.597 Y175.378 E846.57146
G1 F400.7 X202.552 Y175.881 E846.62522
G1 F401.3 X203.367 Y176.603 E846.67936
G1 F402 X203.982 Y177.496 E846.73319
G1 F400.7 X204.367 Y178.508 E846.78712
G1 F402.7 X204.497 Y179.584 E846.84083
G1 F403.4 X204.367 Y180.664 E846.89465
G1 F402 X203.982 Y181.672 E846.94821
G1 F403.4 X203.368 Y182.566 E847.00187
G1 X202.553 Y183.289 E847.05577
G1 F401.3 X201.597 Y183.79 E847.10944
G1 F402 X200.54 Y184.051 E847.16348
;TIME_ELAPSED:1782.885041
;LAYER:332
;note -- min layer time used
M204 S3000
M205 X10 Y10
;MESH:15_7_1.stl
G0 F6000 X200.54 Y184.051 Z67.69
M204 S1800
M205 X8 Y8
;TYPE:WALL-OUTER
G1 F404 X199.46 Y184.051 E847.21682
G1 F402.7 X198.402 Y183.79 E847.27083
G1 F400.7 X197.444 Y183.288 E847.3247
G1 F401.3 X196.629 Y182.565 E847.37887
G1 F402 X196.014 Y181.672 E847.4327
G1 F400.7 X195.629 Y180.664 E847.48644
G1 X195.501 Y179.584 E847.54061
G1 X195.629 Y178.508 E847.59458
G1 X196.014 Y177.496 E847.64851
G1 F401.3 X196.63 Y176.604 E847.70241
G1 F400 X197.444 Y175.882 E847.75669
G1 X198.402 Y175.378 E847.8107
G1 F401.3 X199.46 Y175.119 E847.86486
G1 X200.54 Y175.119 E847.91856
G1 X201.597 Y175.378 E847.97267
G1 F400.7 X202.552 Y175.881 E848.02643
G1 F401.3 X203.367 Y176.603 E848.08057
G1 F402 X203.982 Y177.496 E848.1344
G1 F400.7 X204.367 Y178.508 E848.18833
G1 F402.7 X204.497 Y179.584 E848.24204
G1 F403.4 X204.367 Y180.664 E848.29586
G1 F402 X203.982 Y181.672 E848.34942
G1 F403.4 X203.368 Y182.566 E848.40308
G1 X202.553 Y183.289 E848.45698
G1 F401.3 X201.597 Y183.79 E848.51065
G1 F402 X200.54 Y184.051 E848.56469
;TIME_ELAPSED:1787.188833
;LAYER:333
;note -- min layer time used
M204 S3000
M205 X10 Y10
;MESH:15_7_1.stl
G0 F6000 X200.54 Y184.051 Z67.89
M204 S1800
M205 X8 Y8
;TYPE:WALL-OUTER
G1 F404 X199.46 Y184.051 E848.61804
G1 F402.7 X198.402 Y183.79 E848.67204
G1 F400.7 X197.444 Y183.288 E848.72591
G1 F401.3 X196.629 Y182.565 E848.78008
G1 F402 X196.014 Y181.672 E848.83391
G1 F400.7 X195.629 Y180.664 E848.88765
G1 X195.501 Y179.584 E848.94182
G1 X195.629 Y178.508 E848.99579
G1 X196.014 Y177.496 E849.04972
G1 F401.3 X196.63 Y176.604 E849.10362
G1 F400 X197.444 Y175.882 E849.1579
G1 X198.402 Y175.378 E849.21191
G1 F401.3 X199.46 Y175.119 E849.26607
G1 X200.54 Y175.119 E849.31977
G1 X201.597 Y175.378 E849.37388
G1 F400.7 X202.552 Y175.881 E849.42764
G1 F401.3 X203.367 Y176.603 E849.48178
G1 F402 X203.982 Y177.496 E849.53561
G1 F400.7 X204.367 Y178.508 E849.58954
G1 F402.7 X204.497 Y179.584 E849.64325
G1 F403.4 X204.367 Y180.664 E849.69707
G1 F402 X203.982 Y181.672 E849.75063
G1 F403.4 X203.368 Y182.566 E849.80429
G1 X202.553 Y183.289 E849.85819
G1 F401.3 X201.597 Y183.79 E849.91186
G1 F402 X200.54 Y184.051 E849.9659
;TIME_ELAPSED:1791.492626
;LAYER:334
;note -- min layer time used
M204 S3000
M205 X10 Y10
;MESH:15_7_1.stl
G0 F6000 X200.54 Y184.051 Z68.09
M204 S1800
M205 X8 Y8
;TYPE:WALL-OUTER
G1 F404 X199.46 Y184.051 E850.01925
G1 F402.7 X198.402 Y183.79 E850.07325
G1 F400.7 X197.444 Y183.288 E850.12712
G1 F401.3 X196.629 Y182.565 E850.18129
G1 F402 X196.014 Y181.672 E850.23512
G1 F400.7 X195.629 Y180.664 E850.28886
G1 X195.501 Y179.584 E850.34303
G1 X195.629 Y178.508 E850.397
G1 X196.014 Y177.496 E850.45093
G1 F401.3 X196.63 Y176.604 E850.50483
G1 F400 X197.444 Y175.882 E850.55911
G1 X198.402 Y175.378 E850.61312
G1 F401.3 X199.46 Y175.119 E850.66728
G1 X200.54 Y175.119 E850.72098
G1 X201.597 Y175.378 E850.77509
G1 F400.7 X202.552 Y175.881 E850.82885
G1 F401.3 X203.367 Y176.603 E850.88299
G1 F402 X203.982 Y177.496 E850.93682
G1 F400.7 X204.367 Y178.508 E850.99075
G1 F402.7 X204.497 Y179.584 E851.04446
G1 F403.4 X204.367 Y180.664 E851.09828
G1 F402 X203.982 Y181.672 E851.15184
G1 F403.4 X203.368 Y182.566 E851.2055
G1 X202.553 Y183.289 E851.2594
G1 F401.3 X201.597 Y183.79 E851.31307
G1 F402 X200.54 Y184.051 E851.36711
;TIME_ELAPSED:1795.796418
;LAYER:335
;note -- min layer time used
M204 S3000
M205 X10 Y10
;MESH:15_7_1.stl
G0 F6000 X200.54 Y184.051 Z68.29
M204 S1800
M205 X8 Y8
;TYPE:WALL-OUTER
G1 F404 X199.46 Y184.051 E851.42046
G1 F402.7 X198.402 Y183.79 E851.47446
G1 F400.7 X197.444 Y183.288 E851.52833
G1 F401.3 X196.629 Y182.565 E851.5825
G1 F402 X196.014 Y181.672 E851.63633
G1 F400.7 X195.629 Y180.664 E851.69007
G1 X195.501 Y179.584 E851.74424
G1 X195.629 Y178.508 E851.79821
G1 X196.014 Y177.496 E851.85214
G1 F401.3 X196.63 Y176.604 E851.90604
G1 F400 X197.444 Y175.882 E851.96032
G1 X198.402 Y175.378 E852.01433
G1 F401.3 X199.46 Y175.119 E852.06849
G1 X200.54 Y175.119 E852.12219
G1 X201.597 Y175.378 E852.17631
G1 F400.7 X202.552 Y175.881 E852.23007
G1 F401.3 X203.367 Y176.603 E852.28421
G1 F402 X203.982 Y177.496 E852.33803
G1 F400.7 X204.367 Y178.508 E852.39196
G1 F402.7 X204.497 Y179.584 E852.44567
G1 F403.4 X204.367 Y180.664 E852.49949
G1 F402 X203.982 Y181.672 E852.55305
G1 F403.4 X203.368 Y182.566 E852.60671
G1 X202.553 Y183.289 E852.66061
G1 F401.3 X201.597 Y183.79 E852.71428
G1 F402 X200.54 Y184.051 E852.76833
;TIME_ELAPSED:1800.100210
;LAYER:336
;note -- min layer time used
M204 S3000
M205 X10 Y10
;MESH:15_7_1.stl
G0 F6000 X200.54 Y184.051 Z68.49
M204 S1800
M205 X8 Y8
;TYPE:WALL-OUTER
G1 F404 X199.46 Y184.051 E852.82167
G1 F402.7 X198.402 Y183.79 E852.87567
G1 F400.7 X197.444 Y183.288 E852.92954
G1 F401.3 X196.629 Y182.565 E852.98371
G1 F402 X196.014 Y181.672 E853.03754
G1 F400.7 X195.629 Y180.664 E853.09128
G1 X195.501 Y179.584 E853.14545
G1 X195.629 Y178.508 E853.19942
G1 X196.014 Y177.496 E853.25335
G1 F401.3 X196.63 Y176.604 E853.30725
G1 F400 X197.444 Y175.882 E853.36153
G1 X198.402 Y175.378 E853.41554
G1 F401.3 X199.46 Y175.119 E853.4697
G1 X200.54 Y175.119 E853.5234
G1 X201.597 Y175.378 E853.57752
G1 F400.7 X202.552 Y175.881 E853.63128
G1 F401.3 X203.367 Y176.603 E853.68542
G1 F402 X203.982 Y177.496 E853.73924
G1 F400.7 X204.367 Y178.508 E853.79317
G1 F402.7 X204.497 Y179.584 E853.84688
G1 F403.4 X204.367 Y180.664 E853.9007
G1 F402 X203.982 Y181.672 E853.95426
G1 F403.4 X203.368 Y182.566 E854.00792
G1 X202.553 Y183.289 E854.06182
G1 F401.3 X201.597 Y183.79 E854.11549
G1 F402 X200.54 Y184.051 E854.16954
;TIME_ELAPSED:1804.404002
;LAYER:337
;note -- min layer time used
M204 S3000
M205 X10 Y10
;MESH:15_7_1.stl
G0 F6000 X200.54 Y184.051 Z68.69
M204 S1800
M205 X8 Y8
;TYPE:WALL-OUTER
G1 F404 X199.46 Y184.051 E854.22288
G1 F402.7 X198.402 Y183.79 E854.27688
G1 F400.7 X197.444 Y183.288 E854.33075
G1 F401.3 X196.629 Y182.565 E854.38492
G1 F402 X196.014 Y181.672 E854.43875
G1 F400.7 X195.629 Y180.664 E854.49249
G1 X195.501 Y179.584 E854.54666
G1 X195.629 Y178.508 E854.60063
G1 X196.014 Y177.496 E854.65456
G1 F401.3 X196.63 Y176.604 E854.70846
G1 F400 X197.444 Y175.882 E854.76275
G1 X198.402 Y175.378 E854.81675
G1 F401.3 X199.46 Y175.119 E854.87091
G1 X200.54 Y175.119 E854.92461
G1 X201.597 Y175.378 E854.97873
G1 F400.7 X202.552 Y175.881 E855.03249
G1 F401.3 X203.367 Y176.603 E855.08663
G1 F402 X203.982 Y177.496 E855.14045
G1 F400.7 X204.367 Y178.508 E855.19438
G1 F402.7 X204.497 Y179.584 E855.24809
G1 F403.4 X204.367 Y180.664 E855.30191
G1 F402 X203.982 Y181.672 E855.35547
G1 F403.4 X203.368 Y182.566 E855.40913
G1 X202.553 Y183.289 E855.46303
G1 F401.3 X201.597 Y183.79 E855.5167
G1 F402 X200.54 Y184.051 E855.57075
;TIME_ELAPSED:1808.707794
;LAYER:338
;note -- min layer time used
M204 S3000
M205 X10 Y10
;MESH:15_7_1.stl
G0 F6000 X200.54 Y184.051 Z68.89
M204 S1800
M205 X8 Y8
;TYPE:WALL-OUTER
G1 F404 X199.46 Y184.051 E855.62409
G1 F402.7 X198.402 Y183.79 E855.67809
G1 F400.7 X197.444 Y183.288 E855.73196
G1 F401.3 X196.629 Y182.565 E855.78614
G1 F402 X196.014 Y181.672 E855.83996
G1 F400.7 X195.629 Y180.664 E855.8937
G1 X195.501 Y179.584 E855.94787
G1 X195.629 Y178.508 E856.00184
G1 X196.014 Y177.496 E856.05577
G1 F401.3 X196.63 Y176.604 E856.10967
G1 F400 X197.444 Y175.882 E856.16396
G1 X198.402 Y175.378 E856.21796
G1 F401.3 X199.46 Y175.119 E856.27212
G1 X200.54 Y175.119 E856.32583
G1 X201.597 Y175.378 E856.37994
G1 F400.7 X202.552 Y175.881 E856.4337
G1 F401.3 X203.367 Y176.603 E856.48784
G1 F402 X203.982 Y177.496 E856.54166
G1 F400.7 X204.367 Y178.508 E856.59559
G1 F402.7 X204.497 Y179.584 E856.6493
G1 F403.4 X204.367 Y180.664 E856.70312
G1 F402 X203.982 Y181.672 E856.75669
G1 F403.4 X203.368 Y182.566 E856.81034
G1 X202.553 Y183.289 E856.86424
G1 F401.3 X201.597 Y183.79 E856.91791
G1 F402 X200.54 Y184.051 E856.97196
;TIME_ELAPSED:1813.011586
;LAYER:339
;note -- min layer time used
M204 S3000
M205 X10 Y10
;MESH:15_7_1.stl
G0 F6000 X200.54 Y184.051 Z69.09
M204 S1800
M205 X8 Y8
;TYPE:WALL-OUTER
G1 F404 X199.46 Y184.051 E857.0253
G1 F402.7 X198.402 Y183.79 E857.0793
G1 F400.7 X197.444 Y183.288 E857.13317
G1 F401.3 X196.629 Y182.565 E857.18735
G1 F402 X196.014 Y181.672 E857.24117
G1 F400.7 X195.629 Y180.664 E857.29491
G1 X195.501 Y179.584 E857.34908
G1 X195.629 Y178.508 E857.40305
G1 X196.014 Y177.496 E857.45698
G1 F401.3 X196.63 Y176.604 E857.51088
G1 F400 X197.444 Y175.882 E857.56517
G1 X198.402 Y175.378 E857.61917
G1 F401.3 X199.46 Y175.119 E857.67333
G1 X200.54 Y175.119 E857.72704
G1 X201.597 Y175.378 E857.78115
G1 F400.7 X202.552 Y175.881 E857.83491
G1 F401.3 X203.367 Y176.603 E857.88905
G1 F402 X203.982 Y177.496 E857.94287
G1 F400.7 X204.367 Y178.508 E857.9968
G1 F402.7 X204.497 Y179.584 E858.05051
G1 F403.4 X204.367 Y180.664 E858.10433
G1 F402 X203.982 Y181.672 E858.1579
G1 F403.4 X203.368 Y182.566 E858.21155
G1 X202.553 Y183.289 E858.26545
G1 F401.3 X201.597 Y183.79 E858.31912
G1 F402 X200.54 Y184.051 E858.37317
;TIME_ELAPSED:1817.315379
;LAYER:340
;note -- min layer time used
M204 S3000
M205 X10 Y10
;MESH:15_7_1.stl
G0 F6000 X200.54 Y184.051 Z69.29
M204 S1800
M205 X8 Y8
;TYPE:WALL-OUTER
G1 F404 X199.46 Y184.051 E858.42651
G1 F402.7 X198.402 Y183.79 E858.48052
G1 F400.7 X197.444 Y183.288 E858.53438
G1 F401.3 X196.629 Y182.565 E858.58856
G1 F402 X196.014 Y181.672 E858.64238
G1 F400.7 X195.629 Y180.664 E858.69612
G1 X195.501 Y179.584 E858.75029
G1 X195.629 Y178.508 E858.80426
G1 X196.014 Y177.496 E858.85819
G1 F401.3 X196.63 Y176.604 E858.91209
G1 F400 X197.444 Y175.882 E858.96638
G1 X198.402 Y175.378 E859.02038
G1 F401.3 X199.46 Y175.119 E859.07455
G1 X200.54 Y175.119 E859.12825
G1 X201.597 Y175.378 E859.18236
G1 F400.7 X202.552 Y175.881 E859.23612
G1 F401.3 X203.367 Y176.603 E859.29026
G1 F402 X203.982 Y177.496 E859.34408
G1 F400.7 X204.367 Y178.508 E859.39801
G1 F402.7 X204.497 Y179.584 E859.45173
G1 F403.4 X204.367 Y180.664 E859.50554
G1 F402 X203.982 Y181.672 E859.55911
G1 F403.4 X203.368 Y182.566 E859.61276
G1 X202.553 Y183.289 E859.66667
G1 F401.3 X201.597 Y183.79 E859.72033
G1 F402 X200.54 Y184.051 E859.77438
;TIME_ELAPSED:1821.619171
;LAYER:341
;note -- min layer time used
M204 S3000
M205 X10 Y10
;MESH:15_7_1.stl
G0 F6000 X200.54 Y184.051 Z69.49
M204 S1800
M205 X8 Y8
;TYPE:WALL-OUTER
G1 F404 X199.46 Y184.051 E859.82772
G1 F402.7 X198.402 Y183.79 E859.88173
G1 F400.7 X197.444 Y183.288 E859.9356
G1 F401.3 X196.629 Y182.565 E859.98977
G1 F402 X196.014 Y181.672 E860.04359
G1 F400.7 X195.629 Y180.664 E860.09734
G1 X195.501 Y179.584 E860.1515
G1 X195.629 Y178.508 E860.20547
G1 X196.014 Y177.496 E860.2594
G1 F401.3 X196.63 Y176.604 E860.31331
G1 F400 X197.444 Y175.882 E860.36759
G1 X198.402 Y175.378 E860.42159
G1 F401.3 X199.46 Y175.119 E860.47576
G1 X200.54 Y175.119 E860.52946
G1 X201.597 Y175.378 E860.58357
G1 F400.7 X202.552 Y175.881 E860.63733
G1 F401.3 X203.367 Y176.603 E860.69147
G1 F402 X203.982 Y177.496 E860.7453
G1 F400.7 X204.367 Y178.508 E860.79922
G1 F402.7 X204.497 Y179.584 E860.85294
G1 F403.4 X204.367 Y180.664 E860.90675
G1 F402 X203.982 Y181.672 E860.96032
G1 F403.4 X203.368 Y182.566 E861.01398
G1 X202.553 Y183.289 E861.06788
G1 F401.3 X201.597 Y183.79 E861.12154
G1 F402 X200.54 Y184.051 E861.17559
;TIME_ELAPSED:1825.922963
;LAYER:342
;note -- min layer time used
M204 S3000
M205 X10 Y10
;MESH:15_7_1.stl
G0 F6000 X200.54 Y184.051 Z69.69
M204 S1800
M205 X8 Y8
;TYPE:WALL-OUTER
G1 F404 X199.46 Y184.051 E861.22893
G1 F402.7 X198.402 Y183.79 E861.28294
G1 F400.7 X197.444 Y183.288 E861.33681
G1 F401.3 X196.629 Y182.565 E861.39098
G1 F402 X196.014 Y181.672 E861.4448
G1 F400.7 X195.629 Y180.664 E861.49855
G1 X195.501 Y179.584 E861.55271
G1 X195.629 Y178.508 E861.60669
G1 X196.014 Y177.496 E861.66061
G1 F401.3 X196.63 Y176.604 E861.71452
G1 F400 X197.444 Y175.882 E861.7688
G1 X198.402 Y175.378 E861.82281
G1 F401.3 X199.46 Y175.119 E861.87697
G1 X200.54 Y175.119 E861.93067
G1 X201.597 Y175.378 E861.98478
G1 F400.7 X202.552 Y175.881 E862.03854
G1 F401.3 X203.367 Y176.603 E862.09268
G1 F402 X203.982 Y177.496 E862.14651
G1 F400.7 X204.367 Y178.508 E862.20044
G1 F402.7 X204.497 Y179.584 E862.25415
G1 F403.4 X204.367 Y180.664 E862.30797
G1 F402 X203.982 Y181.672 E862.36153
G1 F403.4 X203.368 Y182.566 E862.41519
G1 X202.553 Y183.289 E862.46909
G1 F401.3 X201.597 Y183.79 E862.52276
G1 F402 X200.54 Y184.051 E862.5768
;TIME_ELAPSED:1830.226755
;LAYER:343
;note -- min layer time used
M204 S3000
M205 X10 Y10
;MESH:15_7_1.stl
G0 F6000 X200.54 Y184.051 Z69.89
M204 S1800
M205 X8 Y8
;TYPE:WALL-OUTER
G1 F404 X199.46 Y184.051 E862.63014
G1 F402.7 X198.402 Y183.79 E862.68415
G1 F400.7 X197.444 Y183.288 E862.73802
G1 F401.3 X196.629 Y182.565 E862.79219
G1 F402 X196.014 Y181.672 E862.84601
G1 F400.7 X195.629 Y180.664 E862.89976
G1 X195.501 Y179.584 E862.95393
G1 X195.629 Y178.508 E863.0079
G1 X196.014 Y177.496 E863.06182
G1 F401.3 X196.63 Y176.604 E863.11573
G1 F400 X197.444 Y175.882 E863.17001
G1 X198.402 Y175.378 E863.22402
G1 F401.3 X199.46 Y175.119 E863.27818
G1 X200.54 Y175.119 E863.33188
G1 X201.597 Y175.378 E863.38599
G1 F400.7 X202.552 Y175.881 E863.43975
G1 F401.3 X203.367 Y176.603 E863.49389
G1 F402 X203.982 Y177.496 E863.54772
G1 F400.7 X204.367 Y178.508 E863.60165
G1 F402.7 X204.497 Y179.584 E863.65536
G1 F403.4 X204.367 Y180.664 E863.70918
G1 F402 X203.982 Y181.672 E863.76274
G1 F403.4 X203.368 Y182.566 E863.8164
G1 X202.553 Y183.289 E863.8703
G1 F401.3 X201.597 Y183.79 E863.92397
G1 F402 X200.54 Y184.051 E863.97801
;TIME_ELAPSED:1834.530547
;LAYER:344
;note -- min layer time used
M204 S3000
M205 X10 Y10
;MESH:15_7_1.stl
G0 F6000 X200.54 Y184.051 Z70.09
M204 S1800
M205 X8 Y8
;TYPE:WALL-OUTER
G1 F404 X199.46 Y184.051 E864.03135
G1 F402.7 X198.402 Y183.79 E864.08536
G1 F400.7 X197.444 Y183.288 E864.13923
G1 F401.3 X196.629 Y182.565 E864.1934
G1 F402 X196.014 Y181.672 E864.24723
G1 F400.7 X195.629 Y180.664 E864.30097
G1 X195.501 Y179.584 E864.35514
G1 X195.629 Y178.508 E864.40911
G1 X196.014 Y177.496 E864.46304
G1 F401.3 X196.63 Y176.604 E864.51694
G1 F400 X197.444 Y175.882 E864.57122
G1 X198.402 Y175.378 E864.62523
G1 F401.3 X199.46 Y175.119 E864.67939
G1 X200.54 Y175.119 E864.73309
G1 X201.597 Y175.378 E864.7872
G1 F400.7 X202.552 Y175.881 E864.84096
G1 F401.3 X203.367 Y176.603 E864.8951
G1 F402 X203.982 Y177.496 E864.94893
G1 F400.7 X204.367 Y178.508 E865.00286
G1 F402.7 X204.497 Y179.584 E865.05657
G1 F403.4 X204.367 Y180.664 E865.11039
G1 F402 X203.982 Y181.672 E865.16395
G1 F403.4 X203.368 Y182.566 E865.21761
G1 X202.553 Y183.289 E865.27151
G1 F401.3 X201.597 Y183.79 E865.32518
G1 F402 X200.54 Y184.051 E865.37922
;TIME_ELAPSED:1838.834339
;LAYER:345
;note -- min layer time used
M204 S3000
M205 X10 Y10
;MESH:15_7_1.stl
G0 F6000 X200.54 Y184.051 Z70.29
M204 S1800
M205 X8 Y8
;TYPE:WALL-OUTER
G1 F404 X199.46 Y184.051 E865.43257
G1 F402.7 X198.402 Y183.79 E865.48657
G1 F400.7 X197.444 Y183.288 E865.54044
G1 F401.3 X196.629 Y182.565 E865.59461
G1 F402 X196.014 Y181.672 E865.64844
G1 F400.7 X195.629 Y180.664 E865.70218
G1 X195.501 Y179.584 E865.75635
G1 X195.629 Y178.508 E865.81032
G1 X196.014 Y177.496 E865.86425
G1 F401.3 X196.63 Y176.604 E865.91815
G1 F400 X197.444 Y175.882 E865.97243
G1 X198.402 Y175.378 E866.02644
G1 F401.3 X199.46 Y175.119 E866.0806
G1 X200.54 Y175.119 E866.1343
G1 X201.597 Y175.378 E866.18841
G1 F400.7 X202.552 Y175.881 E866.24217
G1 F401.3 X203.367 Y176.603 E866.29631
G1 F402 X203.982 Y177.496 E866.35014
G1 F400.7 X204.367 Y178.508 E866.40407
G1 F402.7 X204.497 Y179.584 E866.45778
G1 F403.4 X204.367 Y180.664 E866.5116
G1 F402 X203.982 Y181.672 E866.56516
G1 F403.4 X203.368 Y182.566 E866.61882
G1 X202.553 Y183.289 E866.67272
G1 F401.3 X201.597 Y183.79 E866.72639
G1 F402 X200.54 Y184.051 E866.78043
;TIME_ELAPSED:1843.138132
;LAYER:346
;note -- min layer time used
M204 S3000
M205 X10 Y10
;MESH:15_7_1.stl
G0 F6000 X200.54 Y184.051 Z70.49
M204 S1800
M205 X8 Y8
;TYPE:WALL-OUTER
G1 F404 X199.46 Y184.051 E866.83378
G1 F402.7 X198.402 Y183.79 E866.88778
G1 F400.7 X197.444 Y183.288 E866.94165
G1 F401.3 X196.629 Y182.565 E866.99582
G1 F402 X196.014 Y181.672 E867.04965
G1 F400.7 X195.629 Y180.664 E867.10339
G1 X195.501 Y179.584 E867.15756
G1 X195.629 Y178.508 E867.21153
G1 X196.014 Y177.496 E867.26546
G1 F401.3 X196.63 Y176.604 E867.31936
G1 F400 X197.444 Y175.882 E867.37364
G1 X198.402 Y175.378 E867.42765
G1 F401.3 X199.46 Y175.119 E867.48181
G1 X200.54 Y175.119 E867.53551
G1 X201.597 Y175.378 E867.58963
G1 F400.7 X202.552 Y175.881 E867.64339
G1 F401.3 X203.367 Y176.603 E867.69753
G1 F402 X203.982 Y177.496 E867.75135
G1 F400.7 X204.367 Y178.508 E867.80528
G1 F402.7 X204.497 Y179.584 E867.85899
G1 F403.4 X204.367 Y180.664 E867.91281
G1 F402 X203.982 Y181.672 E867.96637
G1 F403.4 X203.368 Y182.566 E868.02003
G1 X202.553 Y183.289 E868.07393
G1 F401.3 X201.597 Y183.79 E868.1276
G1 F402 X200.54 Y184.051 E868.18164
;TIME_ELAPSED:1847.441924
;LAYER:347
;note -- min layer time used
M204 S3000
M205 X10 Y10
;MESH:15_7_1.stl
G0 F6000 X200.54 Y184.051 Z70.69
M204 S1800
M205 X8 Y8
;TYPE:WALL-OUTER
G1 F404 X199.46 Y184.051 E868.23499
G1 F402.7 X198.402 Y183.79 E868.28899
G1 F400.7 X197.444 Y183.288 E868.34286
G1 F401.3 X196.629 Y182.565 E868.39703
G1 F402 X196.014 Y181.672 E868.45086
G1 F400.7 X195.629 Y180.664 E868.5046
G1 X195.501 Y179.584 E868.55877
G1 X195.629 Y178.508 E868.61274
G1 X196.014 Y177.496 E868.66667
G1 F401.3 X196.63 Y176.604 E868.72057
G1 F400 X197.444 Y175.882 E868.77485
G1 X198.402 Y175.378 E868.82886
G1 F401.3 X199.46 Y175.119 E868.88302
G1 X200.54 Y175.119 E868.93672
G1 X201.597 Y175.378 E868.99084
G1 F400.7 X202.552 Y175.881 E869.0446
G1 F401.3 X203.367 Y176.603 E869.09874
G1 F402 X203.982 Y177.496 E869.15256
G1 F400.7 X204.367 Y178.508 E869.20649
G1 F402.7 X204.497 Y179.584 E869.2602
G1 F403.4 X204.367 Y180.664 E869.31402
G1 F402 X203.982 Y181.672 E869.36758
G1 F403.4 X203.368 Y182.566 E869.42124
G1 X202.553 Y183.289 E869.47514
G1 F401.3 X201.597 Y183.79 E869.52881
G1 F402 X200.54 Y184.051 E869.58286
;TIME_ELAPSED:1851.745716
;LAYER:348
;note -- min layer time used
M204 S3000
M205 X10 Y10
;MESH:15_7_1.stl
G0 F6000 X200.54 Y184.051 Z70.89
M204 S1800
M205 X8 Y8
;TYPE:WALL-OUTER
G1 F404 X199.46 Y184.051 E869.6362
G1 F402.7 X198.402 Y183.79 E869.6902
G1 F400.7 X197.444 Y183.288 E869.74407
G1 F401.3 X196.629 Y182.565 E869.79824
G1 F402 X196.014 Y181.672 E869.85207
G1 F400.7 X195.629 Y180.664 E869.90581
G1 X195.501 Y179.584 E869.95998
G1 X195.629 Y178.508 E870.01395
G1 X196.014 Y177.496 E870.06788
G1 F401.3 X196.63 Y176.604 E870.12178
G1 F400 X197.444 Y175.882 E870.17607
G1 X198.402 Y175.378 E870.23007
G1 F401.3 X199.46 Y175.119 E870.28423
G1 X200.54 Y175.119 E870.33793
G1 X201.597 Y175.378 E870.39205
G1 F400.7 X202.552 Y175.881 E870.44581
G1 F401.3 X203.367 Y176.603 E870.49995
G1 F402 X203.982 Y177.496 E870.55377
G1 F400.7 X204.367 Y178.508 E870.6077
G1 F402.7 X204.497 Y179.584 E870.66141
G1 F403.4 X204.367 Y180.664 E870.71523
G1 F402 X203.982 Y181.672 E870.76879
G1 F403.4 X203.368 Y182.566 E870.82245
G1 X202.553 Y183.289 E870.87635
G1 F401.3 X201.597 Y183.79 E870.93002
G1 F402 X200.54 Y184.051 E870.98407
;TIME_ELAPSED:1856.049508
;LAYER:349
;note -- min layer time used
M204 S3000
M205 X10 Y10
;MESH:15_7_1.stl
G0 F6000 X200.54 Y184.051 Z71.09
M204 S1800
M205 X8 Y8
;TYPE:WALL-OUTER
G1 F404 X199.46 Y184.051 E871.03741
G1 F402.7 X198.402 Y183.79 E871.09141
G1 F400.7 X197.444 Y183.288 E871.14528
G1 F401.3 X196.629 Y182.565 E871.19946
G1 F402 X196.014 Y181.672 E871.25328
G1 F400.7 X195.629 Y180.664 E871.30702
G1 X195.501 Y179.584 E871.36119
G1 X195.629 Y178.508 E871.41516
G1 X196.014 Y177.496 E871.46909
G1 F401.3 X196.63 Y176.604 E871.52299
G1 F400 X197.444 Y175.882 E871.57728
G1 X198.402 Y175.378 E871.63128
G1 F401.3 X199.46 Y175.119 E871.68544
G1 X200.54 Y175.119 E871.73914
G1 X201.597 Y175.378 E871.79326
G1 F400.7 X202.552 Y175.881 E871.84702
G1 F401.3 X203.367 Y176.603 E871.90116
G1 F402 X203.982 Y177.496 E871.95498
G1 F400.7 X204.367 Y178.508 E872.00891
G1 F402.7 X204.497 Y179.584 E872.06262
G1 F403.4 X204.367 Y180.664 E872.11644
G1 F402 X203.982 Y181.672 E872.17
G1 F403.4 X203.368 Y182.566 E872.22366
G1 X202.553 Y183.289 E872.27756
G1 F401.3 X201.597 Y183.79 E872.33123
G1 F402 X200.54 Y184.051 E872.38528
;TIME_ELAPSED:1860.353300
;LAYER:350
;note -- min layer time used
M204 S3000
M205 X10 Y10
;MESH:15_7_1.stl
G0 F6000 X200.54 Y184.051 Z71.29
M204 S1800
M205 X8 Y8
;TYPE:WALL-OUTER
G1 F404 X199.46 Y184.051 E872.43862
G1 F402.7 X198.402 Y183.79 E872.49262
G1 F400.7 X197.444 Y183.288 E872.54649
G1 F401.3 X196.629 Y182.565 E872.60067
G1 F402 X196.014 Y181.672 E872.65449
G1 F400.7 X195.629 Y180.664 E872.70823
G1 X195.501 Y179.584 E872.7624
G1 X195.629 Y178.508 E872.81637
G1 X196.014 Y177.496 E872.8703
G1 F401.3 X196.63 Y176.604 E872.9242
G1 F400 X197.444 Y175.882 E872.97849
G1 X198.402 Y175.378 E873.03249
G1 F401.3 X199.46 Y175.119 E873.08665
G1 X200.54 Y175.119 E873.14036
G1 X201.597 Y175.378 E873.19447
G1 F400.7 X202.552 Y175.881 E873.24823
G1 F401.3 X203.367 Y176.603 E873.30237
G1 F402 X203.982 Y177.496 E873.35619
G1 F400.7 X204.367 Y178.508 E873.41012
G1 F402.7 X204.497 Y179.584 E873.46383
G1 F403.4 X204.367 Y180.664 E873.51765
G1 F402 X203.982 Y181.672 E873.57122
G1 F403.4 X203.368 Y182.566 E873.62487
G1 X202.553 Y183.289 E873.67877
G1 F401.3 X201.597 Y183.79 E873.73244
G1 F402 X200.54 Y184.051 E873.78649
;TIME_ELAPSED:1864.657092
;LAYER:351
;note -- min layer time used
M204 S3000
M205 X10 Y10
;MESH:15_7_1.stl
G0 F6000 X200.54 Y184.051 Z71.49
M204 S1800
M205 X8 Y8
;TYPE:WALL-OUTER
G1 F404 X199.46 Y184.051 E873.83983
G1 F402.7 X198.402 Y183.79 E873.89383
G1 F400.7 X197.444 Y183.288 E873.9477
G1 F401.3 X196.629 Y182.565 E874.00188
G1 F402 X196.014 Y181.672 E874.0557
G1 F400.7 X195.629 Y180.664 E874.10944
G1 X195.501 Y179.584 E874.16361
G1 X195.629 Y178.508 E874.21758
G1 X196.014 Y177.496 E874.27151
G1 F401.3 X196.63 Y176.604 E874.32541
G1 F400 X197.444 Y175.882 E874.3797
G1 X198.402 Y175.378 E874.4337
G1 F401.3 X199.46 Y175.119 E874.48786
G1 X200.54 Y175.119 E874.54157
G1 X201.597 Y175.378 E874.59568
G1 F400.7 X202.552 Y175.881 E874.64944
G1 F401.3 X203.367 Y176.603 E874.70358
G1 F402 X203.982 Y177.496 E874.7574
G1 F400.7 X204.367 Y178.508 E874.81133
G1 F402.7 X204.497 Y179.584 E874.86504
G1 F403.4 X204.367 Y180.664 E874.91886
G1 F402 X203.982 Y181.672 E874.97243
G1 F403.4 X203.368 Y182.566 E875.02608
G1 X202.553 Y183.289 E875.07998
G1 F401.3 X201.597 Y183.79 E875.13365
G1 F402 X200.54 Y184.051 E875.1877
;TIME_ELAPSED:1868.960885
;LAYER:352
;note -- min layer time used
M204 S3000
M205 X10 Y10
;MESH:15_7_1.stl
G0 F6000 X200.54 Y184.051 Z71.69
M204 S1800
M205 X8 Y8
;TYPE:WALL-OUTER
G1 F404 X199.46 Y184.051 E875.24104
G1 F402.7 X198.402 Y183.79 E875.29505
G1 F400.7 X197.444 Y183.288 E875.34891
G1 F401.3 X196.629 Y182.565 E875.40309
G1 F402 X196.014 Y181.672 E875.45691
G1 F400.7 X195.629 Y180.664 E875.51066
G1 X195.501 Y179.584 E875.56482
G1 X195.629 Y178.508 E875.61879
G1 X196.014 Y177.496 E875.67272
G1 F401.3 X196.63 Y176.604 E875.72662
G1 F400 X197.444 Y175.882 E875.78091
G1 X198.402 Y175.378 E875.83491
G1 F401.3 X199.46 Y175.119 E875.88908
G1 X200.54 Y175.119 E875.94278
G1 X201.597 Y175.378 E875.99689
G1 F400.7 X202.552 Y175.881 E876.05065
G1 F401.3 X203.367 Y176.603 E876.10479
G1 F402 X203.982 Y177.496 E876.15861
G1 F400.7 X204.367 Y178.508 E876.21254
G1 F402.7 X204.497 Y179.584 E876.26626
G1 F403.4 X204.367 Y180.664 E876.32007
G1 F402 X203.982 Y181.672 E876.37364
G1 F403.4 X203.368 Y182.566 E876.42729
G1 X202.553 Y183.289 E876.4812
G1 F401.3 X201.597 Y183.79 E876.53486
G1 F402 X200.54 Y184.051 E876.58891
;TIME_ELAPSED:1873.264677
;LAYER:353
;note -- min layer time used
M204 S3000
M205 X10 Y10
;MESH:15_7_1.stl
G0 F6000 X200.54 Y184.051 Z71.89
M204 S1800
M205 X8 Y8
;TYPE:WALL-OUTER
G1 F404 X199.46 Y184.051 E876.64225
G1 F402.7 X198.402 Y183.79 E876.69626
G1 F400.7 X197.444 Y183.288 E876.75013
G1 F401.3 X196.629 Y182.565 E876.8043
G1 F402 X196.014 Y181.672 E876.85812
G1 F400.7 X195.629 Y180.664 E876.91187
G1 X195.501 Y179.584 E876.96603
G1 X195.629 Y178.508 E877.02
G1 X196.014 Y177.496 E877.07393
G1 F401.3 X196.63 Y176.604 E877.12784
G1 F400 X197.444 Y175.882 E877.18212
G1 X198.402 Y175.378 E877.23613
G1 F401.3 X199.46 Y175.119 E877.29029
G1 X200.54 Y175.119 E877.34399
G1 X201.597 Y175.378 E877.3981
G1 F400.7 X202.552 Y175.881 E877.45186
G1 F401.3 X203.367 Y176.603 E877.506
G1 F402 X203.982 Y177.496 E877.55983
G1 F400.7 X204.367 Y178.508 E877.61375
G1 F402.7 X204.497 Y179.584 E877.66747
G1 F403.4 X204.367 Y180.664 E877.72128
G1 F402 X203.982 Y181.672 E877.77485
G1 F403.4 X203.368 Y182.566 E877.82851
G1 X202.553 Y183.289 E877.88241
G1 F401.3 X201.597 Y183.79 E877.93607
G1 F402 X200.54 Y184.051 E877.99012
;TIME_ELAPSED:1877.568469
;LAYER:354
;note -- min layer time used
M204 S3000
M205 X10 Y10
;MESH:15_7_1.stl
G0 F6000 X200.54 Y184.051 Z72.09
M204 S1800
M205 X8 Y8
;TYPE:WALL-OUTER
G1 F404 X199.46 Y184.051 E878.04346
G1 F402.7 X198.402 Y183.79 E878.09747
G1 F400.7 X197.444 Y183.288 E878.15134
G1 F401.3 X196.629 Y182.565 E878.20551
G1 F402 X196.014 Y181.672 E878.25933
G1 F400.7 X195.629 Y180.664 E878.31308
G1 X195.501 Y179.584 E878.36725
G1 X195.629 Y178.508 E878.42122
G1 X196.014 Y177.496 E878.47514
G1 F401.3 X196.63 Y176.604 E878.52905
G1 F400 X197.444 Y175.882 E878.58333
G1 X198.402 Y175.378 E878.63734
G1 F401.3 X199.46 Y175.119 E878.6915
G1 X200.54 Y175.119 E878.7452
G1 X201.597 Y175.378 E878.79931
G1 F400.7 X202.552 Y175.881 E878.85307
G1 F401.3 X203.367 Y176.603 E878.90721
G1 F402 X203.982 Y177.496 E878.96104
G1 F400.7 X204.367 Y178.508 E879.01497
G1 F402.7 X204.497 Y179.584 E879.06868
G1 F403.4 X204.367 Y180.664 E879.1225
G1 F402 X203.982 Y181.672 E879.17606
G1 F403.4 X203.368 Y182.566 E879.22972
G1 X202.553 Y183.289 E879.28362
G1 F401.3 X201.597 Y183.79 E879.33729
G1 F402 X200.54 Y184.051 E879.39133
;TIME_ELAPSED:1881.872261
;LAYER:355
;note -- min layer time used
M204 S3000
M205 X10 Y10
;MESH:15_7_1.stl
G0 F6000 X200.54 Y184.051 Z72.29
M204 S1800
M205 X8 Y8
;TYPE:WALL-OUTER
G1 F404 X199.46 Y184.051 E879.44467
G1 F402.7 X198.402 Y183.79 E879.49868
G1 F400.7 X197.444 Y183.288 E879.55255
G1 F401.3 X196.629 Y182.565 E879.60672
G1 F402 X196.014 Y181.672 E879.66055
G1 F400.7 X195.629 Y180.664 E879.71429
G1 X195.501 Y179.584 E879.76846
G1 X195.629 Y178.508 E879.82243
G1 X196.014 Y177.496 E879.87636
G1 F401.3 X196.63 Y176.604 E879.93026
G1 F400 X197.444 Y175.882 E879.98454
G1 X198.402 Y175.378 E880.03855
G1 F401.3 X199.46 Y175.119 E880.09271
G1 X200.54 Y175.119 E880.14641
G1 X201.597 Y175.378 E880.20052
G1 F400.7 X202.552 Y175.881 E880.25428
G1 F401.3 X203.367 Y176.603 E880.30842
G1 F402 X203.982 Y177.496 E880.36225
G1 F400.7 X204.367 Y178.508 E880.41618
G1 F402.7 X204.497 Y179.584 E880.46989
G1 F403.4 X204.367 Y180.664 E880.52371
G1 F402 X203.982 Y181.672 E880.57727
G1 F403.4 X203.368 Y182.566 E880.63093
G1 X202.553 Y183.289 E880.68483
G1 F401.3 X201.597 Y183.79 E880.7385
G1 F402 X200.54 Y184.051 E880.79254
;TIME_ELAPSED:1886.176053
;LAYER:356
;note -- min layer time used
M204 S3000
M205 X10 Y10
;MESH:15_7_1.stl
G0 F6000 X200.54 Y184.051 Z72.49
M204 S1800
M205 X8 Y8
;TYPE:WALL-OUTER
G1 F404 X199.46 Y184.051 E880.84589
G1 F402.7 X198.402 Y183.79 E880.89989
G1 F400.7 X197.444 Y183.288 E880.95376
G1 F401.3 X196.629 Y182.565 E881.00793
G1 F402 X196.014 Y181.672 E881.06176
G1 F400.7 X195.629 Y180.664 E881.1155
G1 X195.501 Y179.584 E881.16967
G1 X195.629 Y178.508 E881.22364
G1 X196.014 Y177.496 E881.27757
G1 F401.3 X196.63 Y176.604 E881.33147
G1 F400 X197.444 Y175.882 E881.38575
G1 X198.402 Y175.378 E881.43976
G1 F401.3 X199.46 Y175.119 E881.49392
G1 X200.54 Y175.119 E881.54762
G1 X201.597 Y175.378 E881.60173
G1 F400.7 X202.552 Y175.881 E881.65549
G1 F401.3 X203.367 Y176.603 E881.70963
G1 F402 X203.982 Y177.496 E881.76346
G1 F400.7 X204.367 Y178.508 E881.81739
G1 F402.7 X204.497 Y179.584 E881.8711
G1 F403.4 X204.367 Y180.664 E881.92492
G1 F402 X203.982 Y181.672 E881.97848
G1 F403.4 X203.368 Y182.566 E882.03214
G1 X202.553 Y183.289 E882.08604
G1 F401.3 X201.597 Y183.79 E882.13971
G1 F402 X200.54 Y184.051 E882.19375
;TIME_ELAPSED:1890.479845
;LAYER:357
;note -- min layer time used
M204 S3000
M205 X10 Y10
;MESH:15_7_1.stl
G0 F6000 X200.54 Y184.051 Z72.69
M204 S1800
M205 X8 Y8
;TYPE:WALL-OUTER
G1 F404 X199.46 Y184.051 E882.2471
G1 F402.7 X198.402 Y183.79 E882.3011
G1 F400.7 X197.444 Y183.288 E882.35497
G1 F401.3 X196.629 Y182.565 E882.40914
G1 F402 X196.014 Y181.672 E882.46297
G1 F400.7 X195.629 Y180.664 E882.51671
G1 X195.501 Y179.584 E882.57088
G1 X195.629 Y178.508 E882.62485
G1 X196.014 Y177.496 E882.67878
G1 F401.3 X196.63 Y176.604 E882.73268
G1 F400 X197.444 Y175.882 E882.78696
G1 X198.402 Y175.378 E882.84097
G1 F401.3 X199.46 Y175.119 E882.89513
G1 X200.54 Y175.119 E882.94883
G1 X201.597 Y175.378 E883.00294
G1 F400.7 X202.552 Y175.881 E883.0567
G1 F401.3 X203.367 Y176.603 E883.11084
G1 F402 X203.982 Y177.496 E883.16467
G1 F400.7 X204.367 Y178.508 E883.2186
G1 F402.7 X204.497 Y179.584 E883.27231
G1 F403.4 X204.367 Y180.664 E883.32613
G1 F402 X203.982 Y181.672 E883.37969
G1 F403.4 X203.368 Y182.566 E883.43335
G1 X202.553 Y183.289 E883.48725
G1 F401.3 X201.597 Y183.79 E883.54092
G1 F402 X200.54 Y184.051 E883.59496
;TIME_ELAPSED:1894.783638
;LAYER:358
;note -- min layer time used
M204 S3000
M205 X10 Y10
;MESH:15_7_1.stl
G0 F6000 X200.54 Y184.051 Z72.89
M204 S1800
M205 X8 Y8
;TYPE:WALL-OUTER
G1 F404 X199.46 Y184.051 E883.64831
G1 F402.7 X198.402 Y183.79 E883.70231
G1 F400.7 X197.444 Y183.288 E883.75618
G1 F401.3 X196.629 Y182.565 E883.81035
G1 F402 X196.014 Y181.672 E883.86418
G1 F400.7 X195.629 Y180.664 E883.91792
G1 X195.501 Y179.584 E883.97209
G1 X195.629 Y178.508 E884.02606
G1 X196.014 Y177.496 E884.07999
G1 F401.3 X196.63 Y176.604 E884.13389
G1 F400 X197.444 Y175.882 E884.18817
G1 X198.402 Y175.378 E884.24218
G1 F401.3 X199.46 Y175.119 E884.29634
G1 X200.54 Y175.119 E884.35004
G1 X201.597 Y175.378 E884.40416
G1 F400.7 X202.552 Y175.881 E884.45792
G1 F401.3 X203.367 Y176.603 E884.51206
G1 F402 X203.982 Y177.496 E884.56588
G1 F400.7 X204.367 Y178.508 E884.61981
G1 F402.7 X204.497 Y179.584 E884.67352
G1 F403.4 X204.367 Y180.664 E884.72734
G1 F402 X203.982 Y181.672 E884.7809
G1 F403.4 X203.368 Y182.566 E884.83456
G1 X202.553 Y183.289 E884.88846
G1 F401.3 X201.597 Y183.79 E884.94213
G1 F402 X200.54 Y184.051 E884.99618
;TIME_ELAPSED:1899.087430
;LAYER:359
;note -- min layer time used
M204 S3000
M205 X10 Y10
;MESH:15_7_1.stl
G0 F6000 X200.54 Y184.051 Z73.09
M204 S1800
M205 X8 Y8
;TYPE:WALL-OUTER
G1 F404 X199.46 Y184.051 E885.04952
G1 F402.7 X198.402 Y183.79 E885.10352
G1 F400.7 X197.444 Y183.288 E885.15739
G1 F401.3 X196.629 Y182.565 E885.21156
G1 F402 X196.014 Y181.672 E885.26539
G1 F400.7 X195.629 Y180.664 E885.31913
G1 X195.501 Y179.584 E885.3733
G1 X195.629 Y178.508 E885.42727
G1 X196.014 Y177.496 E885.4812
G1 F401.3 X196.63 Y176.604 E885.5351
G1 F400 X197.444 Y175.882 E885.58938
G1 X198.402 Y175.378 E885.64339
G1 F401.3 X199.46 Y175.119 E885.69755
G1 X200.54 Y175.119 E885.75125
G1 X201.597 Y175.378 E885.80537
G1 F400.7 X202.552 Y175.881 E885.85913
G1 F401.3 X203.367 Y176.603 E885.91327
G1 F402 X203.982 Y177.496 E885.96709
G1 F400.7 X204.367 Y178.508 E886.02102
G1 F402.7 X204.497 Y179.584 E886.07473
G1 F403.4 X204.367 Y180.664 E886.12855
G1 F402 X203.982 Y181.672 E886.18211
G1 F403.4 X203.368 Y182.566 E886.23577
G1 X202.553 Y183.289 E886.28967
G1 F401.3 X201.597 Y183.79 E886.34334
G1 F402 X200.54 Y184.051 E886.39739
;TIME_ELAPSED:1903.391222
;LAYER:360
;note -- min layer time used
M204 S3000
M205 X10 Y10
;MESH:15_7_1.stl
G0 F6000 X200.54 Y184.051 Z73.29
M204 S1800
M205 X8 Y8
;TYPE:WALL-OUTER
G1 F404 X199.46 Y184.051 E886.45073
G1 F402.7 X198.402 Y183.79 E886.50473
G1 F400.7 X197.444 Y183.288 E886.5586
G1 F401.3 X196.629 Y182.565 E886.61277
G1 F402 X196.014 Y181.672 E886.6666
G1 F400.7 X195.629 Y180.664 E886.72034
G1 X195.501 Y179.584 E886.77451
G1 X195.629 Y178.508 E886.82848
G1 X196.014 Y177.496 E886.88241
G1 F401.3 X196.63 Y176.604 E886.93631
G1 F400 X197.444 Y175.882 E886.9906
G1 X198.402 Y175.378 E887.0446
G1 F401.3 X199.46 Y175.119 E887.09876
G1 X200.54 Y175.119 E887.15246
G1 X201.597 Y175.378 E887.20658
G1 F400.7 X202.552 Y175.881 E887.26034
G1 F401.3 X203.367 Y176.603 E887.31448
G1 F402 X203.982 Y177.496 E887.3683
G1 F400.7 X204.367 Y178.508 E887.42223
G1 F402.7 X204.497 Y179.584 E887.47594
G1 F403.4 X204.367 Y180.664 E887.52976
G1 F402 X203.982 Y181.672 E887.58332
G1 F403.4 X203.368 Y182.566 E887.63698
G1 X202.553 Y183.289 E887.69088
G1 F401.3 X201.597 Y183.79 E887.74455
G1 F402 X200.54 Y184.051 E887.7986
;TIME_ELAPSED:1907.695014
;LAYER:361
;note -- min layer time used
M204 S3000
M205 X10 Y10
;MESH:15_7_1.stl
G0 F6000 X200.54 Y184.051 Z73.49
M204 S1800
M205 X8 Y8
;TYPE:WALL-OUTER
G1 F404 X199.46 Y184.051 E887.85194
G1 F402.7 X198.402 Y183.79 E887.90594
G1 F400.7 X197.444 Y183.288 E887.95981
G1 F401.3 X196.629 Y182.565 E888.01399
G1 F402 X196.014 Y181.672 E888.06781
G1 F400.7 X195.629 Y180.664 E888.12155
G1 X195.501 Y179.584 E888.17572
G1 X195.629 Y178.508 E888.22969
G1 X196.014 Y177.496 E888.28362
G1 F401.3 X196.63 Y176.604 E888.33752
G1 F400 X197.444 Y175.882 E888.39181
G1 X198.402 Y175.378 E888.44581
G1 F401.3 X199.46 Y175.119 E888.49997
G1 X200.54 Y175.119 E888.55368
G1 X201.597 Y175.378 E888.60779
G1 F400.7 X202.552 Y175.881 E888.66155
G1 F401.3 X203.367 Y176.603 E888.71569
G1 F402 X203.982 Y177.496 E888.76951
G1 F400.7 X204.367 Y178.508 E888.82344
G1 F402.7 X204.497 Y179.584 E888.87715
G1 F403.4 X204.367 Y180.664 E888.93097
G1 F402 X203.982 Y181.672 E888.98454
G1 F403.4 X203.368 Y182.566 E889.03819
G1 X202.553 Y183.289 E889.09209
G1 F401.3 X201.597 Y183.79 E889.14576
G1 F402 X200.54 Y184.051 E889.19981
;TIME_ELAPSED:1911.998806
;LAYER:362
;note -- min layer time used
M204 S3000
M205 X10 Y10
;MESH:15_7_1.stl
G0 F6000 X200.54 Y184.051 Z73.69
M204 S1800
M205 X8 Y8
;TYPE:WALL-OUTER
G1 F404 X199.46 Y184.051 E889.25315
G1 F402.7 X198.402 Y183.79 E889.30715
G1 F400.7 X197.444 Y183.288 E889.36102
G1 F401.3 X196.629 Y182.565 E889.4152
G1 F402 X196.014 Y181.672 E889.46902
G1 F400.7 X195.629 Y180.664 E889.52276
G1 X195.501 Y179.584 E889.57693
G1 X195.629 Y178.508 E889.6309
G1 X196.014 Y177.496 E889.68483
G1 F401.3 X196.63 Y176.604 E889.73873
G1 F400 X197.444 Y175.882 E889.79302
G1 X198.402 Y175.378 E889.84702
G1 F401.3 X199.46 Y175.119 E889.90118
G1 X200.54 Y175.119 E889.95489
G1 X201.597 Y175.378 E890.009
G1 F400.7 X202.552 Y175.881 E890.06276
G1 F401.3 X203.367 Y176.603 E890.1169
G1 F402 X203.982 Y177.496 E890.17072
G1 F400.7 X204.367 Y178.508 E890.22465
G1 F402.7 X204.497 Y179.584 E890.27836
G1 F403.4 X204.367 Y180.664 E890.33218
G1 F402 X203.982 Y181.672 E890.38575
G1 F403.4 X203.368 Y182.566 E890.4394
G1 X202.553 Y183.289 E890.4933
G1 F401.3 X201.597 Y183.79 E890.54697
G1 F402 X200.54 Y184.051 E890.60102
;TIME_ELAPSED:1916.302598
;LAYER:363
;note -- min layer time used
M204 S3000
M205 X10 Y10
;MESH:15_7_1.stl
G0 F6000 X200.54 Y184.051 Z73.89
M204 S1800
M205 X8 Y8
;TYPE:WALL-OUTER
G1 F404 X199.46 Y184.051 E890.65436
G1 F402.7 X198.402 Y183.79 E890.70837
G1 F400.7 X197.444 Y183.288 E890.76223
G1 F401.3 X196.629 Y182.565 E890.81641
G1 F402 X196.014 Y181.672 E890.87023
G1 F400.7 X195.629 Y180.664 E890.92397
G1 X195.501 Y179.584 E890.97814
G1 X195.629 Y178.508 E891.03211
G1 X196.014 Y177.496 E891.08604
G1 F401.3 X196.63 Y176.604 E891.13994
G1 F400 X197.444 Y175.882 E891.19423
G1 X198.402 Y175.378 E891.24823
G1 F401.3 X199.46 Y175.119 E891.30239
G1 X200.54 Y175.119 E891.3561
G1 X201.597 Y175.378 E891.41021
G1 F400.7 X202.552 Y175.881 E891.46397
G1 F401.3 X203.367 Y176.603 E891.51811
G1 F402 X203.982 Y177.496 E891.57193
G1 F400.7 X204.367 Y178.508 E891.62586
G1 F402.7 X204.497 Y179.584 E891.67958
G1 F403.4 X204.367 Y180.664 E891.73339
G1 F402 X203.982 Y181.672 E891.78696
G1 F403.4 X203.368 Y182.566 E891.84061
G1 X202.553 Y183.289 E891.89452
G1 F401.3 X201.597 Y183.79 E891.94818
G1 F402 X200.54 Y184.051 E892.00223
;TIME_ELAPSED:1920.606391
;LAYER:364
;note -- min layer time used
M204 S3000
M205 X10 Y10
;MESH:15_7_1.stl
G0 F6000 X200.54 Y184.051 Z74.09
M204 S1800
M205 X8 Y8
;TYPE:WALL-OUTER
G1 F404 X199.46 Y184.051 E892.05557
G1 F402.7 X198.402 Y183.79 E892.10958
G1 F400.7 X197.444 Y183.288 E892.16345
G1 F401.3 X196.629 Y182.565 E892.21762
G1 F402 X196.014 Y181.672 E892.27144
G1 F400.7 X195.629 Y180.664 E892.32519
G1 X195.501 Y179.584 E892.37935
G1 X195.629 Y178.508 E892.43332
G1 X196.014 Y177.496 E892.48725
G1 F401.3 X196.63 Y176.604 E892.54116
G1 F400 X197.444 Y175.882 E892.59544
G1 X198.402 Y175.378 E892.64944
G1 F401.3 X199.46 Y175.119 E892.70361
G1 X200.54 Y175.119 E892.75731
G1 X201.597 Y175.378 E892.81142
G1 F400.7 X202.552 Y175.881 E892.86518
G1 F401.3 X203.367 Y176.603 E892.91932
G1 F402 X203.982 Y177.496 E892.97315
G1 F400.7 X204.367 Y178.508 E893.02707
G1 F402.7 X204.497 Y179.584 E893.08079
G1 F403.4 X204.367 Y180.664 E893.1346
G1 F402 X203.982 Y181.672 E893.18817
G1 F403.4 X203.368 Y182.566 E893.24182
G1 X202.553 Y183.289 E893.29573
G1 F401.3 X201.597 Y183.79 E893.34939
G1 F402 X200.54 Y184.051 E893.40344
;TIME_ELAPSED:1924.910183
;LAYER:365
;note -- min layer time used
M204 S3000
M205 X10 Y10
;MESH:15_7_1.stl
G0 F6000 X200.54 Y184.051 Z74.29
M204 S1800
M205 X8 Y8
;TYPE:WALL-OUTER
G1 F404 X199.46 Y184.051 E893.45678
G1 F402.7 X198.402 Y183.79 E893.51079
G1 F400.7 X197.444 Y183.288 E893.56466
G1 F401.3 X196.629 Y182.565 E893.61883
G1 F402 X196.014 Y181.672 E893.67265
G1 F400.7 X195.629 Y180.664 E893.7264
G1 X195.501 Y179.584 E893.78056
G1 X195.629 Y178.508 E893.83453
G1 X196.014 Y177.496 E893.88846
G1 F401.3 X196.63 Y176.604 E893.94237
G1 F400 X197.444 Y175.882 E893.99665
G1 X198.402 Y175.378 E894.05066
G1 F401.3 X199.46 Y175.119 E894.10482
G1 X200.54 Y175.119 E894.15852
G1 X201.597 Y175.378 E894.21263
G1 F400.7 X202.552 Y175.881 E894.26639
G1 F401.3 X203.367 Y176.603 E894.32053
G1 F402 X203.982 Y177.496 E894.37436
G1 F400.7 X204.367 Y178.508 E894.42829
G1 F402.7 X204.497 Y179.584 E894.482
G1 F403.4 X204.367 Y180.664 E894.53582
G1 F402 X203.982 Y181.672 E894.58938
G1 F403.4 X203.368 Y182.566 E894.64304
G1 X202.553 Y183.289 E894.69694
G1 F401.3 X201.597 Y183.79 E894.75061
G1 F402 X200.54 Y184.051 E894.80465
;TIME_ELAPSED:1929.213975
;LAYER:366
;note -- min layer time used
M204 S3000
M205 X10 Y10
;MESH:15_7_1.stl
G0 F6000 X200.54 Y184.051 Z74.49
M204 S1800
M205 X8 Y8
;TYPE:WALL-OUTER
G1 F404 X199.46 Y184.051 E894.85799
G1 F402.7 X198.402 Y183.79 E894.912
G1 F400.7 X197.444 Y183.288 E894.96587
G1 F401.3 X196.629 Y182.565 E895.02004
G1 F402 X196.014 Y181.672 E895.07386
G1 F400.7 X195.629 Y180.664 E895.12761
G1 X195.501 Y179.584 E895.18178
G1 X195.629 Y178.508 E895.23575
G1 X196.014 Y177.496 E895.28967
G1 F401.3 X196.63 Y176.604 E895.34358
G1 F400 X197.444 Y175.882 E895.39786
G1 X198.402 Y175.378 E895.45187
G1 F401.3 X199.46 Y175.119 E895.50603
G1 X200.54 Y175.119 E895.55973
G1 X201.597 Y175.378 E895.61384
G1 F400.7 X202.552 Y175.881 E895.6676
G1 F401.3 X203.367 Y176.603 E895.72174
G1 F402 X203.982 Y177.496 E895.77557
G1 F400.7 X204.367 Y178.508 E895.8295
G1 F402.7 X204.497 Y179.584 E895.88321
G1 F403.4 X204.367 Y180.664 E895.93703
G1 F402 X203.982 Y181.672 E895.99059
G1 F403.4 X203.368 Y182.566 E896.04425
G1 X202.553 Y183.289 E896.09815
G1 F401.3 X201.597 Y183.79 E896.15182
G1 F402 X200.54 Y184.051 E896.20586
;TIME_ELAPSED:1933.517767
;LAYER:367
;note -- min layer time used
M204 S3000
M205 X10 Y10
;MESH:15_7_1.stl
G0 F6000 X200.54 Y184.051 Z74.69
M204 S1800
M205 X8 Y8
;TYPE:WALL-OUTER
G1 F404 X199.46 Y184.051 E896.2592
G1 F402.7 X198.402 Y183.79 E896.31321
G1 F400.7 X197.444 Y183.288 E896.36708
G1 F401.3 X196.629 Y182.565 E896.42125
G1 F402 X196.014 Y181.672 E896.47508
G1 F400.7 X195.629 Y180.664 E896.52882
G1 X195.501 Y179.584 E896.58299
G1 X195.629 Y178.508 E896.63696
G1 X196.014 Y177.496 E896.69089
G1 F401.3 X196.63 Y176.604 E896.74479
G1 F400 X197.444 Y175.882 E896.79907
G1 X198.402 Y175.378 E896.85308
G1 F401.3 X199.46 Y175.119 E896.90724
G1 X200.54 Y175.119 E896.96094
G1 X201.597 Y175.378 E897.01505
G1 F400.7 X202.552 Y175.881 E897.06881
G1 F401.3 X203.367 Y176.603 E897.12295
G1 F402 X203.982 Y177.496 E897.17678
G1 F400.7 X204.367 Y178.508 E897.23071
G1 F402.7 X204.497 Y179.584 E897.28442
G1 F403.4 X204.367 Y180.664 E897.33824
G1 F402 X203.982 Y181.672 E897.3918
G1 F403.4 X203.368 Y182.566 E897.44546
G1 X202.553 Y183.289 E897.49936
G1 F401.3 X201.597 Y183.79 E897.55303
G1 F402 X200.54 Y184.051 E897.60707
;TIME_ELAPSED:1937.821559
;LAYER:368
;note -- min layer time used
M204 S3000
M205 X10 Y10
;MESH:15_7_1.stl
G0 F6000 X200.54 Y184.051 Z74.89
M204 S1800
M205 X8 Y8
;TYPE:WALL-OUTER
G1 F404 X199.46 Y184.051 E897.66042
G1 F402.7 X198.402 Y183.79 E897.71442
G1 F400.7 X197.444 Y183.288 E897.76829
G1 F401.3 X196.629 Y182.565 E897.82246
G1 F402 X196.014 Y181.672 E897.87629
G1 F400.7 X195.629 Y180.664 E897.93003
G1 X195.501 Y179.584 E897.9842
G1 X195.629 Y178.508 E898.03817
G1 X196.014 Y177.496 E898.0921
G1 F401.3 X196.63 Y176.604 E898.146
G1 F400 X197.444 Y175.882 E898.20028
G1 X198.402 Y175.378 E898.25429
G1 F401.3 X199.46 Y175.119 E898.30845
G1 X200.54 Y175.119 E898.36215
G1 X201.597 Y175.378 E898.41626
G1 F400.7 X202.552 Y175.881 E898.47002
G1 F401.3 X203.367 Y176.603 E898.52416
G1 F402 X203.982 Y177.496 E898.57799
G1 F400.7 X204.367 Y178.508 E898.63192
G1 F402.7 X204.497 Y179.584 E898.68563
G1 F403.4 X204.367 Y180.664 E898.73945
G1 F402 X203.982 Y181.672 E898.79301
G1 F403.4 X203.368 Y182.566 E898.84667
G1 X202.553 Y183.289 E898.90057
G1 F401.3 X201.597 Y183.79 E898.95424
G1 F402 X200.54 Y184.051 E899.00828
;TIME_ELAPSED:1942.125351
;LAYER:369
;note -- min layer time used
M204 S3000
M205 X10 Y10
;MESH:15_7_1.stl
G0 F6000 X200.54 Y184.051 Z75.09
M204 S1800
M205 X8 Y8
;TYPE:WALL-OUTER
G1 F404 X199.46 Y184.051 E899.06163
G1 F402.7 X198.402 Y183.79 E899.11563
G1 F400.7 X197.444 Y183.288 E899.1695
G1 F401.3 X196.629 Y182.565 E899.22367
G1 F402 X196.014 Y181.672 E899.2775
G1 F400.7 X195.629 Y180.664 E899.33124
G1 X195.501 Y179.584 E899.38541
G1 X195.629 Y178.508 E899.43938
G1 X196.014 Y177.496 E899.49331
G1 F401.3 X196.63 Y176.604 E899.54721
G1 F400 X197.444 Y175.882 E899.60149
G1 X198.402 Y175.378 E899.6555
G1 F401.3 X199.46 Y175.119 E899.70966
G1 X200.54 Y175.119 E899.76336
G1 X201.597 Y175.378 E899.81747
G1 F400.7 X202.552 Y175.881 E899.87124
G1 F401.3 X203.367 Y176.603 E899.92537
G1 F402 X203.982 Y177.496 E899.9792
G1 F400.7 X204.367 Y178.508 E900.03313
G1 F402.7 X204.497 Y179.584 E900.08684
G1 F403.4 X204.367 Y180.664 E900.14066
G1 F402 X203.982 Y181.672 E900.19422
G1 F403.4 X203.368 Y182.566 E900.24788
G1 X202.553 Y183.289 E900.30178
G1 F401.3 X201.597 Y183.79 E900.35545
G1 F402 X200.54 Y184.051 E900.40949
;TIME_ELAPSED:1946.429143
;LAYER:370
;note -- min layer time used
M204 S3000
M205 X10 Y10
;MESH:15_7_1.stl
G0 F6000 X200.54 Y184.051 Z75.29
M204 S1800
M205 X8 Y8
;TYPE:WALL-OUTER
G1 F404 X199.46 Y184.051 E900.46284
G1 F402.7 X198.402 Y183.79 E900.51684
G1 F400.7 X197.444 Y183.288 E900.57071
G1 F401.3 X196.629 Y182.565 E900.62488
G1 F402 X196.014 Y181.672 E900.67871
G1 F400.7 X195.629 Y180.664 E900.73245
G1 X195.501 Y179.584 E900.78662
G1 X195.629 Y178.508 E900.84059
G1 X196.014 Y177.496 E900.89452
G1 F401.3 X196.63 Y176.604 E900.94842
G1 F400 X197.444 Y175.882 E901.0027
G1 X198.402 Y175.378 E901.05671
G1 F401.3 X199.46 Y175.119 E901.11087
G1 X200.54 Y175.119 E901.16457
G1 X201.597 Y175.378 E901.21869
G1 F400.7 X202.552 Y175.881 E901.27245
G1 F401.3 X203.367 Y176.603 E901.32659
G1 F402 X203.982 Y177.496 E901.38041
G1 F400.7 X204.367 Y178.508 E901.43434
G1 F402.7 X204.497 Y179.584 E901.48805
G1 F403.4 X204.367 Y180.664 E901.54187
G1 F402 X203.982 Y181.672 E901.59543
G1 F403.4 X203.368 Y182.566 E901.64909
G1 X202.553 Y183.289 E901.70299
G1 F401.3 X201.597 Y183.79 E901.75666
G1 F402 X200.54 Y184.051 E901.81071
;TIME_ELAPSED:1950.732936
;LAYER:371
;note -- min layer time used
M204 S3000
M205 X10 Y10
;MESH:15_7_1.stl
G0 F6000 X200.54 Y184.051 Z75.49
M204 S1800
M205 X8 Y8
;TYPE:WALL-OUTER
G1 F404 X199.46 Y184.051 E901.86405
G1 F402.7 X198.402 Y183.79 E901.91805
G1 F400.7 X197.444 Y183.288 E901.97192
G1 F401.3 X196.629 Y182.565 E902.02609
G1 F402 X196.014 Y181.672 E902.07992
G1 F400.7 X195.629 Y180.664 E902.13366
G1 X195.501 Y179.584 E902.18783
G1 X195.629 Y178.508 E902.2418
G1 X196.014 Y177.496 E902.29573
G1 F401.3 X196.63 Y176.604 E902.34963
G1 F400 X197.444 Y175.882 E902.40392
G1 X198.402 Y175.378 E902.45792
G1 F401.3 X199.46 Y175.119 E902.51208
G1 X200.54 Y175.119 E902.56578
G1 X201.597 Y175.378 E902.6199
G1 F400.7 X202.552 Y175.881 E902.67366
G1 F401.3 X203.367 Y176.603 E902.7278
G1 F402 X203.982 Y177.496 E902.78162
G1 F400.7 X204.367 Y178.508 E902.83555
G1 F402.7 X204.497 Y179.584 E902.88926
G1 F403.4 X204.367 Y180.664 E902.94308
G1 F402 X203.982 Y181.672 E902.99664
G1 F403.4 X203.368 Y182.566 E903.0503
G1 X202.553 Y183.289 E903.1042
G1 F401.3 X201.597 Y183.79 E903.15787
G1 F402 X200.54 Y184.051 E903.21192
;TIME_ELAPSED:1955.036728
;LAYER:372
;note -- min layer time used
M204 S3000
M205 X10 Y10
;MESH:15_7_1.stl
G0 F6000 X200.54 Y184.051 Z75.69
M204 S1800
M205 X8 Y8
;TYPE:WALL-OUTER
G1 F404 X199.46 Y184.051 E903.26526
G1 F402.7 X198.402 Y183.79 E903.31926
G1 F400.7 X197.444 Y183.288 E903.37313
G1 F401.3 X196.629 Y182.565 E903.4273
G1 F402 X196.014 Y181.672 E903.48113
G1 F400.7 X195.629 Y180.664 E903.53487
G1 X195.501 Y179.584 E903.58904
G1 X195.629 Y178.508 E903.64301
G1 X196.014 Y177.496 E903.69694
G1 F401.3 X196.63 Y176.604 E903.75084
G1 F400 X197.444 Y175.882 E903.80513
G1 X198.402 Y175.378 E903.85913
G1 F401.3 X199.46 Y175.119 E903.91329
G1 X200.54 Y175.119 E903.96699
G1 X201.597 Y175.378 E904.02111
G1 F400.7 X202.552 Y175.881 E904.07487
G1 F401.3 X203.367 Y176.603 E904.12901
G1 F402 X203.982 Y177.496 E904.18283
G1 F400.7 X204.367 Y178.508 E904.23676
G1 F402.7 X204.497 Y179.584 E904.29047
G1 F403.4 X204.367 Y180.664 E904.34429
G1 F402 X203.982 Y181.672 E904.39785
G1 F403.4 X203.368 Y182.566 E904.45151
G1 X202.553 Y183.289 E904.50541
G1 F401.3 X201.597 Y183.79 E904.55908
G1 F402 X200.54 Y184.051 E904.61313
;TIME_ELAPSED:1959.340520
;LAYER:373
;note -- min layer time used
M204 S3000
M205 X10 Y10
;MESH:15_7_1.stl
G0 F6000 X200.54 Y184.051 Z75.89
M204 S1800
M205 X8 Y8
;TYPE:WALL-OUTER
G1 F404 X199.46 Y184.051 E904.66647
G1 F402.7 X198.402 Y183.79 E904.72047
G1 F400.7 X197.444 Y183.288 E904.77434
G1 F401.3 X196.629 Y182.565 E904.82852
G1 F402 X196.014 Y181.672 E904.88234
G1 F400.7 X195.629 Y180.664 E904.93608
G1 X195.501 Y179.584 E904.99025
G1 X195.629 Y178.508 E905.04422
G1 X196.014 Y177.496 E905.09815
G1 F401.3 X196.63 Y176.604 E905.15205
G1 F400 X197.444 Y175.882 E905.20634
G1 X198.402 Y175.378 E905.26034
G1 F401.3 X199.46 Y175.119 E905.3145
G1 X200.54 Y175.119 E905.36821
G1 X201.597 Y175.378 E905.42232
G1 F400.7 X202.552 Y175.881 E905.47608
G1 F401.3 X203.367 Y176.603 E905.53022
G1 F402 X203.982 Y177.496 E905.58404
G1 F400.7 X204.367 Y178.508 E905.63797
G1 F402.7 X204.497 Y179.584 E905.69168
G1 F403.4 X204.367 Y180.664 E905.7455
G1 F402 X203.982 Y181.672 E905.79907
G1 F403.4 X203.368 Y182.566 E905.85272
G1 X202.553 Y183.289 E905.90662
G1 F401.3 X201.597 Y183.79 E905.96029
G1 F402 X200.54 Y184.051 E906.01434
;TIME_ELAPSED:1963.644312
;LAYER:374
;note -- min layer time used
M204 S3000
M205 X10 Y10
;MESH:15_7_1.stl
G0 F6000 X200.54 Y184.051 Z76.09
M204 S1800
M205 X8 Y8
;TYPE:WALL-OUTER
G1 F404 X199.46 Y184.051 E906.06768
G1 F402.7 X198.402 Y183.79 E906.12168
G1 F400.7 X197.444 Y183.288 E906.17555
G1 F401.3 X196.629 Y182.565 E906.22973
G1 F402 X196.014 Y181.672 E906.28355
G1 F400.7 X195.629 Y180.664 E906.33729
G1 X195.501 Y179.584 E906.39146
G1 X195.629 Y178.508 E906.44543
G1 X196.014 Y177.496 E906.49936
G1 F401.3 X196.63 Y176.604 E906.55326
G1 F400 X197.444 Y175.882 E906.60755
G1 X198.402 Y175.378 E906.66155
G1 F401.3 X199.46 Y175.119 E906.71571
G1 X200.54 Y175.119 E906.76942
G1 X201.597 Y175.378 E906.82353
G1 F400.7 X202.552 Y175.881 E906.87729
G1 F401.3 X203.367 Y176.603 E906.93143
G1 F402 X203.982 Y177.496 E906.98525
G1 F400.7 X204.367 Y178.508 E907.03918
G1 F402.7 X204.497 Y179.584 E907.09289
G1 F403.4 X204.367 Y180.664 E907.14671
G1 F402 X203.982 Y181.672 E907.20028
G1 F403.4 X203.368 Y182.566 E907.25393
G1 X202.553 Y183.289 E907.30783
G1 F401.3 X201.597 Y183.79 E907.3615
G1 F402 X200.54 Y184.051 E907.41555
;TIME_ELAPSED:1967.948104
;LAYER:375
;note -- min layer time used
M204 S3000
M205 X10 Y10
;MESH:15_7_1.stl
G0 F6000 X200.54 Y184.051 Z76.29
M204 S1800
M205 X8 Y8
;TYPE:WALL-OUTER
G1 F404 X199.46 Y184.051 E907.46889
G1 F402.7 X198.402 Y183.79 E907.5229
G1 F400.7 X197.444 Y183.288 E907.57676
G1 F401.3 X196.629 Y182.565 E907.63094
G1 F402 X196.014 Y181.672 E907.68476
G1 F400.7 X195.629 Y180.664 E907.73851
G1 X195.501 Y179.584 E907.79267
G1 X195.629 Y178.508 E907.84664
G1 X196.014 Y177.496 E907.90057
G1 F401.3 X196.63 Y176.604 E907.95447
G1 F400 X197.444 Y175.882 E908.00876
G1 X198.402 Y175.378 E908.06276
G1 F401.3 X199.46 Y175.119 E908.11693
G1 X200.54 Y175.119 E908.17063
G1 X201.597 Y175.378 E908.22474
G1 F400.7 X202.552 Y175.881 E908.2785
G1 F401.3 X203.367 Y176.603 E908.33264
G1 F402 X203.982 Y177.496 E908.38646
G1 F400.7 X204.367 Y178.508 E908.44039
G1 F402.7 X204.497 Y179.584 E908.49411
G1 F403.4 X204.367 Y180.664 E908.54792
G1 F402 X203.982 Y181.672 E908.60149
G1 F403.4 X203.368 Y182.566 E908.65514
G1 X202.553 Y183.289 E908.70905
G1 F401.3 X201.597 Y183.79 E908.76271
G1 F402 X200.54 Y184.051 E908.81676
;TIME_ELAPSED:1972.251896
;LAYER:376
;note -- min layer time used
M204 S3000
M205 X10 Y10
;MESH:15_7_1.stl
G0 F6000 X200.54 Y184.051 Z76.49
M204 S1800
M205 X8 Y8
;TYPE:WALL-OUTER
G1 F404 X199.46 Y184.051 E908.8701
G1 F402.7 X198.402 Y183.79 E908.92411
G1 F400.7 X197.444 Y183.288 E908.97798
G1 F401.3 X196.629 Y182.565 E909.03215
G1 F402 X196.014 Y181.672 E909.08597
G1 F400.7 X195.629 Y180.664 E909.13972
G1 X195.501 Y179.584 E909.19388
G1 X195.629 Y178.508 E909.24785
G1 X196.014 Y177.496 E909.30178
G1 F401.3 X196.63 Y176.604 E909.35569
G1 F400 X197.444 Y175.882 E909.40997
G1 X198.402 Y175.378 E909.46397
G1 F401.3 X199.46 Y175.119 E909.51814
G1 X200.54 Y175.119 E909.57184
G1 X201.597 Y175.378 E909.62595
G1 F400.7 X202.552 Y175.881 E909.67971
G1 F401.3 X203.367 Y176.603 E909.73385
G1 F402 X203.982 Y177.496 E909.78768
G1 F400.7 X204.367 Y178.508 E909.8416
G1 F402.7 X204.497 Y179.584 E909.89532
G1 F403.4 X204.367 Y180.664 E909.94913
G1 F402 X203.982 Y181.672 E910.0027
G1 F403.4 X203.368 Y182.566 E910.05636
G1 X202.553 Y183.289 E910.11026
G1 F401.3 X201.597 Y183.79 E910.16392
G1 F402 X200.54 Y184.051 E910.21797
;TIME_ELAPSED:1976.555689
;LAYER:377
;note -- min layer time used
M204 S3000
M205 X10 Y10
;MESH:15_7_1.stl
G0 F6000 X200.54 Y184.051 Z76.69
M204 S1800
M205 X8 Y8
;TYPE:WALL-OUTER
G1 F404 X199.46 Y184.051 E910.27131
G1 F402.7 X198.402 Y183.79 E910.32532
G1 F400.7 X197.444 Y183.288 E910.37919
G1 F401.3 X196.629 Y182.565 E910.43336
G1 F402 X196.014 Y181.672 E910.48718
G1 F400.7 X195.629 Y180.664 E910.54093
G1 X195.501 Y179.584 E910.5951
G1 X195.629 Y178.508 E910.64907
G1 X196.014 Y177.496 E910.70299
G1 F401.3 X196.63 Y176.604 E910.7569
G1 F400 X197.444 Y175.882 E910.81118
G1 X198.402 Y175.378 E910.86519
G1 F401.3 X199.46 Y175.119 E910.91935
G1 X200.54 Y175.119 E910.97305
G1 X201.597 Y175.378 E911.02716
G1 F400.7 X202.552 Y175.881 E911.08092
G1 F401.3 X203.367 Y176.603 E911.13506
G1 F402 X203.982 Y177.496 E911.18889
G1 F400.7 X204.367 Y178.508 E911.24282
G1 F402.7 X204.497 Y179.584 E911.29653
G1 F403.4 X204.367 Y180.664 E911.35035
G1 F402 X203.982 Y181.672 E911.40391
G1 F403.4 X203.368 Y182.566 E911.45757
G1 X202.553 Y183.289 E911.51147
G1 F401.3 X201.597 Y183.79 E911.56514
G1 F402 X200.54 Y184.051 E911.61918
;TIME_ELAPSED:1980.859481
;LAYER:378
;note -- min layer time used
M204 S3000
M205 X10 Y10
;MESH:15_7_1.stl
G0 F6000 X200.54 Y184.051 Z76.89
M204 S1800
M205 X8 Y8
;TYPE:WALL-OUTER
G1 F404 X199.46 Y184.051 E911.67252
G1 F402.7 X198.402 Y183.79 E911.72653
G1 F400.7 X197.444 Y183.288 E911.7804
G1 F401.3 X196.629 Y182.565 E911.83457
G1 F402 X196.014 Y181.672 E911.88839
G1 F400.7 X195.629 Y180.664 E911.94214
G1 X195.501 Y179.584 E911.99631
G1 X195.629 Y178.508 E912.05028
G1 X196.014 Y177.496 E912.10421
G1 F401.3 X196.63 Y176.604 E912.15811
G1 F400 X197.444 Y175.882 E912.21239
G1 X198.402 Y175.378 E912.2664
G1 F401.3 X199.46 Y175.119 E912.32056
G1 X200.54 Y175.119 E912.37426
G1 X201.597 Y175.378 E912.42837
G1 F400.7 X202.552 Y175.881 E912.48213
G1 F401.3 X203.367 Y176.603 E912.53627
G1 F402 X203.982 Y177.496 E912.5901
G1 F400.7 X204.367 Y178.508 E912.64403
G1 F402.7 X204.497 Y179.584 E912.69774
G1 F403.4 X204.367 Y180.664 E912.75156
G1 F402 X203.982 Y181.672 E912.80512
G1 F403.4 X203.368 Y182.566 E912.85878
G1 X202.553 Y183.289 E912.91268
G1 F401.3 X201.597 Y183.79 E912.96635
G1 F402 X200.54 Y184.051 E913.02039
;TIME_ELAPSED:1985.163273
;LAYER:379
;note -- min layer time used
M204 S3000
M205 X10 Y10
;MESH:15_7_1.stl
G0 F6000 X200.54 Y184.051 Z77.09
M204 S1800
M205 X8 Y8
;TYPE:WALL-OUTER
G1 F404 X199.46 Y184.051 E913.07374
G1 F402.7 X198.402 Y183.79 E913.12774
G1 F400.7 X197.444 Y183.288 E913.18161
G1 F401.3 X196.629 Y182.565 E913.23578
G1 F402 X196.014 Y181.672 E913.28961
G1 F400.7 X195.629 Y180.664 E913.34335
G1 X195.501 Y179.584 E913.39752
G1 X195.629 Y178.508 E913.45149
G1 X196.014 Y177.496 E913.50542
G1 F401.3 X196.63 Y176.604 E913.55932
G1 F400 X197.444 Y175.882 E913.6136
G1 X198.402 Y175.378 E913.66761
G1 F401.3 X199.46 Y175.119 E913.72177
G1 X200.54 Y175.119 E913.77547
G1 X201.597 Y175.378 E913.82958
G1 F400.7 X202.552 Y175.881 E913.88334
G1 F401.3 X203.367 Y176.603 E913.93748
G1 F402 X203.982 Y177.496 E913.99131
G1 F400.7 X204.367 Y178.508 E914.04524
G1 F402.7 X204.497 Y179.584 E914.09895
G1 F403.4 X204.367 Y180.664 E914.15277
G1 F402 X203.982 Y181.672 E914.20633
G1 F403.4 X203.368 Y182.566 E914.25999
G1 X202.553 Y183.289 E914.31389
G1 F401.3 X201.597 Y183.79 E914.36756
G1 F402 X200.54 Y184.051 E914.4216
;TIME_ELAPSED:1989.467065
;LAYER:380
;note -- min layer time used
M204 S3000
M205 X10 Y10
;MESH:15_7_1.stl
G0 F6000 X200.54 Y184.051 Z77.29
M204 S1800
M205 X8 Y8
;TYPE:WALL-OUTER
G1 F404 X199.46 Y184.051 E914.47495
G1 F402.7 X198.402 Y183.79 E914.52895
G1 F400.7 X197.444 Y183.288 E914.58282
G1 F401.3 X196.629 Y182.565 E914.63699
G1 F402 X196.014 Y181.672 E914.69082
G1 F400.7 X195.629 Y180.664 E914.74456
G1 X195.501 Y179.584 E914.79873
G1 X195.629 Y178.508 E914.8527
G1 X196.014 Y177.496 E914.90663
G1 F401.3 X196.63 Y176.604 E914.96053
G1 F400 X197.444 Y175.882 E915.01481
G1 X198.402 Y175.378 E915.06882
G1 F401.3 X199.46 Y175.119 E915.12298
G1 X200.54 Y175.119 E915.17668
G1 X201.597 Y175.378 E915.23079
G1 F400.7 X202.552 Y175.881 E915.28455
G1 F401.3 X203.367 Y176.603 E915.33869
G1 F402 X203.982 Y177.496 E915.39252
G1 F400.7 X204.367 Y178.508 E915.44645
G1 F402.7 X204.497 Y179.584 E915.50016
G1 F403.4 X204.367 Y180.664 E915.55398
G1 F402 X203.982 Y181.672 E915.60754
G1 F403.4 X203.368 Y182.566 E915.6612
G1 X202.553 Y183.289 E915.7151
G1 F401.3 X201.597 Y183.79 E915.76877
G1 F402 X200.54 Y184.051 E915.82281
;TIME_ELAPSED:1993.770857
;LAYER:381
;note -- min layer time used
M204 S3000
M205 X10 Y10
;MESH:15_7_1.stl
G0 F6000 X200.54 Y184.051 Z77.49
M204 S1800
M205 X8 Y8
;TYPE:WALL-OUTER
G1 F404 X199.46 Y184.051 E915.87616
G1 F402.7 X198.402 Y183.79 E915.93016
G1 F400.7 X197.444 Y183.288 E915.98403
G1 F401.3 X196.629 Y182.565 E916.0382
G1 F402 X196.014 Y181.672 E916.09203
G1 F400.7 X195.629 Y180.664 E916.14577
G1 X195.501 Y179.584 E916.19994
G1 X195.629 Y178.508 E916.25391
G1 X196.014 Y177.496 E916.30784
G1 F401.3 X196.63 Y176.604 E916.36174
G1 F400 X197.444 Y175.882 E916.41602
G1 X198.402 Y175.378 E916.47003
G1 F401.3 X199.46 Y175.119 E916.52419
G1 X200.54 Y175.119 E916.57789
G1 X201.597 Y175.378 E916.63201
G1 F400.7 X202.552 Y175.881 E916.68577
G1 F401.3 X203.367 Y176.603 E916.73991
G1 F402 X203.982 Y177.496 E916.79373
G1 F400.7 X204.367 Y178.508 E916.84766
G1 F402.7 X204.497 Y179.584 E916.90137
G1 F403.4 X204.367 Y180.664 E916.95519
G1 F402 X203.982 Y181.672 E917.00875
G1 F403.4 X203.368 Y182.566 E917.06241
G1 X202.553 Y183.289 E917.11631
G1 F401.3 X201.597 Y183.79 E917.16998
G1 F402 X200.54 Y184.051 E917.22403
;TIME_ELAPSED:1998.074649
;LAYER:382
;note -- min layer time used
M204 S3000
M205 X10 Y10
;MESH:15_7_1.stl
G0 F6000 X200.54 Y184.051 Z77.69
M204 S1800
M205 X8 Y8
;TYPE:WALL-OUTER
G1 F404 X199.46 Y184.051 E917.27737
G1 F402.7 X198.402 Y183.79 E917.33137
G1 F400.7 X197.444 Y183.288 E917.38524
G1 F401.3 X196.629 Y182.565 E917.43941
G1 F402 X196.014 Y181.672 E917.49324
G1 F400.7 X195.629 Y180.664 E917.54698
G1 X195.501 Y179.584 E917.60115
G1 X195.629 Y178.508 E917.65512
G1 X196.014 Y177.496 E917.70905
G1 F401.3 X196.63 Y176.604 E917.76295
G1 F400 X197.444 Y175.882 E917.81723
G1 X198.402 Y175.378 E917.87124
G1 F401.3 X199.46 Y175.119 E917.9254
G1 X200.54 Y175.119 E917.9791
G1 X201.597 Y175.378 E918.03322
G1 F400.7 X202.552 Y175.881 E918.08698
G1 F401.3 X203.367 Y176.603 E918.14112
G1 F402 X203.982 Y177.496 E918.19494
G1 F400.7 X204.367 Y178.508 E918.24887
G1 F402.7 X204.497 Y179.584 E918.30258
G1 F403.4 X204.367 Y180.664 E918.3564
G1 F402 X203.982 Y181.672 E918.40996
G1 F403.4 X203.368 Y182.566 E918.46362
G1 X202.553 Y183.289 E918.51752
G1 F401.3 X201.597 Y183.79 E918.57119
G1 F402 X200.54 Y184.051 E918.62524
;TIME_ELAPSED:2002.378442
;LAYER:383
;note -- min layer time used
M204 S3000
M205 X10 Y10
;MESH:15_7_1.stl
G0 F6000 X200.54 Y184.051 Z77.89
M204 S1800
M205 X8 Y8
;TYPE:WALL-OUTER
G1 F404 X199.46 Y184.051 E918.67858
G1 F402.7 X198.402 Y183.79 E918.73258
G1 F400.7 X197.444 Y183.288 E918.78645
G1 F401.3 X196.629 Y182.565 E918.84062
G1 F402 X196.014 Y181.672 E918.89445
G1 F400.7 X195.629 Y180.664 E918.94819
G1 X195.501 Y179.584 E919.00236
G1 X195.629 Y178.508 E919.05633
G1 X196.014 Y177.496 E919.11026
G1 F401.3 X196.63 Y176.604 E919.16416
G1 F400 X197.444 Y175.882 E919.21845
G1 X198.402 Y175.378 E919.27245
G1 F401.3 X199.46 Y175.119 E919.32661
G1 X200.54 Y175.119 E919.38031
G1 X201.597 Y175.378 E919.43443
G1 F400.7 X202.552 Y175.881 E919.48819
G1 F401.3 X203.367 Y176.603 E919.54233
G1 F402 X203.982 Y177.496 E919.59615
G1 F400.7 X204.367 Y178.508 E919.65008
G1 F402.7 X204.497 Y179.584 E919.70379
G1 F403.4 X204.367 Y180.664 E919.75761
G1 F402 X203.982 Y181.672 E919.81117
G1 F403.4 X203.368 Y182.566 E919.86483
G1 X202.553 Y183.289 E919.91873
G1 F401.3 X201.597 Y183.79 E919.9724
G1 F402 X200.54 Y184.051 E920.02645
;TIME_ELAPSED:2006.682234
;LAYER:384
;note -- min layer time used
M204 S3000
M205 X10 Y10
;MESH:15_7_1.stl
G0 F6000 X200.54 Y184.051 Z78.09
M204 S1800
M205 X8 Y8
;TYPE:WALL-OUTER
G1 F404 X199.46 Y184.051 E920.07979
G1 F402.7 X198.402 Y183.79 E920.13379
G1 F400.7 X197.444 Y183.288 E920.18766
G1 F401.3 X196.629 Y182.565 E920.24184
G1 F402 X196.014 Y181.672 E920.29566
G1 F400.7 X195.629 Y180.664 E920.3494
G1 X195.501 Y179.584 E920.40357
G1 X195.629 Y178.508 E920.45754
G1 X196.014 Y177.496 E920.51147
G1 F401.3 X196.63 Y176.604 E920.56537
G1 F400 X197.444 Y175.882 E920.61966
G1 X198.402 Y175.378 E920.67366
G1 F401.3 X199.46 Y175.119 E920.72782
G1 X200.54 Y175.119 E920.78152
G1 X201.597 Y175.378 E920.83564
G1 F400.7 X202.552 Y175.881 E920.8894
G1 F401.3 X203.367 Y176.603 E920.94354
G1 F402 X203.982 Y177.496 E920.99736
G1 F400.7 X204.367 Y178.508 E921.05129
G1 F402.7 X204.497 Y179.584 E921.105
G1 F403.4 X204.367 Y180.664 E921.15882
G1 F402 X203.982 Y181.672 E921.21239
G1 F403.4 X203.368 Y182.566 E921.26604
G1 X202.553 Y183.289 E921.31994
G1 F401.3 X201.597 Y183.79 E921.37361
G1 F402 X200.54 Y184.051 E921.42766
;TIME_ELAPSED:2010.986026
;LAYER:385
;note -- min layer time used
M204 S3000
M205 X10 Y10
;MESH:15_7_1.stl
G0 F6000 X200.54 Y184.051 Z78.29
M204 S1800
M205 X8 Y8
;TYPE:WALL-OUTER
G1 F404 X199.46 Y184.051 E921.481
G1 F402.7 X198.402 Y183.79 E921.535
G1 F400.7 X197.444 Y183.288 E921.58887
G1 F401.3 X196.629 Y182.565 E921.64305
G1 F402 X196.014 Y181.672 E921.69687
G1 F400.7 X195.629 Y180.664 E921.75061
G1 X195.501 Y179.584 E921.80478
G1 X195.629 Y178.508 E921.85875
G1 X196.014 Y177.496 E921.91268
G1 F401.3 X196.63 Y176.604 E921.96658
G1 F400 X197.444 Y175.882 E922.02087
G1 X198.402 Y175.378 E922.07487
G1 F401.3 X199.46 Y175.119 E922.12903
G1 X200.54 Y175.119 E922.18274
G1 X201.597 Y175.378 E922.23685
G1 F400.7 X202.552 Y175.881 E922.29061
G1 F401.3 X203.367 Y176.603 E922.34475
G1 F402 X203.982 Y177.496 E922.39857
G1 F400.7 X204.367 Y178.508 E922.4525
G1 F402.7 X204.497 Y179.584 E922.50621
G1 F403.4 X204.367 Y180.664 E922.56003
G1 F402 X203.982 Y181.672 E922.6136
G1 F403.4 X203.368 Y182.566 E922.66725
G1 X202.553 Y183.289 E922.72115
G1 F401.3 X201.597 Y183.79 E922.77482
G1 F402 X200.54 Y184.051 E922.82887
;TIME_ELAPSED:2015.289818
;LAYER:386
;note -- min layer time used
M204 S3000
M205 X10 Y10
;MESH:15_7_1.stl
G0 F6000 X200.54 Y184.051 Z78.49
M204 S1800
M205 X8 Y8
;TYPE:WALL-OUTER
G1 F404 X199.46 Y184.051 E922.88221
G1 F402.7 X198.402 Y183.79 E922.93621
G1 F400.7 X197.444 Y183.288 E922.99008
G1 F401.3 X196.629 Y182.565 E923.04426
G1 F402 X196.014 Y181.672 E923.09808
G1 F400.7 X195.629 Y180.664 E923.15182
G1 X195.501 Y179.584 E923.20599
G1 X195.629 Y178.508 E923.25996
G1 X196.014 Y177.496 E923.31389
G1 F401.3 X196.63 Y176.604 E923.36779
G1 F400 X197.444 Y175.882 E923.42208
G1 X198.402 Y175.378 E923.47608
G1 F401.3 X199.46 Y175.119 E923.53024
G1 X200.54 Y175.119 E923.58395
G1 X201.597 Y175.378 E923.63806
G1 F400.7 X202.552 Y175.881 E923.69182
G1 F401.3 X203.367 Y176.603 E923.74596
G1 F402 X203.982 Y177.496 E923.79978
G1 F400.7 X204.367 Y178.508 E923.85371
G1 F402.7 X204.497 Y179.584 E923.90743
G1 F403.4 X204.367 Y180.664 E923.96124
G1 F402 X203.982 Y181.672 E924.01481
G1 F403.4 X203.368 Y182.566 E924.06846
G1 X202.553 Y183.289 E924.12237
G1 F401.3 X201.597 Y183.79 E924.17603
G1 F402 X200.54 Y184.051 E924.23008
;TIME_ELAPSED:2019.593610
;LAYER:387
;note -- min layer time used
M204 S3000
M205 X10 Y10
;MESH:15_7_1.stl
G0 F6000 X200.54 Y184.051 Z78.69
M204 S1800
M205 X8 Y8
;TYPE:WALL-OUTER
G1 F404 X199.46 Y184.051 E924.28342
G1 F402.7 X198.402 Y183.79 E924.33743
G1 F400.7 X197.444 Y183.288 E924.3913
G1 F401.3 X196.629 Y182.565 E924.44547
G1 F402 X196.014 Y181.672 E924.49929
G1 F400.7 X195.629 Y180.664 E924.55304
G1 X195.501 Y179.584 E924.6072
G1 X195.629 Y178.508 E924.66117
G1 X196.014 Y177.496 E924.7151
G1 F401.3 X196.63 Y176.604 E924.76901
G1 F400 X197.444 Y175.882 E924.82329
G1 X198.402 Y175.378 E924.87729
G1 F401.3 X199.46 Y175.119 E924.93146
G1 X200.54 Y175.119 E924.98516
G1 X201.597 Y175.378 E925.03927
G1 F400.7 X202.552 Y175.881 E925.09303
G1 F401.3 X203.367 Y176.603 E925.14717
G1 F402 X203.982 Y177.496 E925.201
G1 F400.7 X204.367 Y178.508 E925.25492
G1 F402.7 X204.497 Y179.584 E925.30864
G1 F403.4 X204.367 Y180.664 E925.36245
G1 F402 X203.982 Y181.672 E925.41602
G1 F403.4 X203.368 Y182.566 E925.46967
G1 X202.553 Y183.289 E925.52358
G1 F401.3 X201.597 Y183.79 E925.57724
G1 F402 X200.54 Y184.051 E925.63129
;TIME_ELAPSED:2023.897402
;LAYER:388
;note -- min layer time used
M204 S3000
M205 X10 Y10
;MESH:15_7_1.stl
G0 F6000 X200.54 Y184.051 Z78.89
M204 S1800
M205 X8 Y8
;TYPE:WALL-OUTER
G1 F404 X199.46 Y184.051 E925.68463
G1 F402.7 X198.402 Y183.79 E925.73864
G1 F400.7 X197.444 Y183.288 E925.79251
G1 F401.3 X196.629 Y182.565 E925.84668
G1 F402 X196.014 Y181.672 E925.9005
G1 F400.7 X195.629 Y180.664 E925.95425
G1 X195.501 Y179.584 E926.00841
G1 X195.629 Y178.508 E926.06238
G1 X196.014 Y177.496 E926.11631
G1 F401.3 X196.63 Y176.604 E926.17022
G1 F400 X197.444 Y175.882 E926.2245
G1 X198.402 Y175.378 E926.27851
G1 F401.3 X199.46 Y175.119 E926.33267
G1 X200.54 Y175.119 E926.38637
G1 X201.597 Y175.378 E926.44048
G1 F400.7 X202.552 Y175.881 E926.49424
G1 F401.3 X203.367 Y176.603 E926.54838
G1 F402 X203.982 Y177.496 E926.60221
G1 F400.7 X204.367 Y178.508 E926.65614
G1 F402.7 X204.497 Y179.584 E926.70985
G1 F403.4 X204.367 Y180.664 E926.76367
G1 F402 X203.982 Y181.672 E926.81723
G1 F403.4 X203.368 Y182.566 E926.87089
G1 X202.553 Y183.289 E926.92479
G1 F401.3 X201.597 Y183.79 E926.97845
G1 F402 X200.54 Y184.051 E927.0325
;TIME_ELAPSED:2028.201195
;LAYER:389
;note -- min layer time used
M204 S3000
M205 X10 Y10
;MESH:15_7_1.stl
G0 F6000 X200.54 Y184.051 Z79.09
M204 S1800
M205 X8 Y8
;TYPE:WALL-OUTER
G1 F404 X199.46 Y184.051 E927.08584
G1 F402.7 X198.402 Y183.79 E927.13985
G1 F400.7 X197.444 Y183.288 E927.19372
G1 F401.3 X196.629 Y182.565 E927.24789
G1 F402 X196.014 Y181.672 E927.30171
G1 F400.7 X195.629 Y180.664 E927.35546
G1 X195.501 Y179.584 E927.40963
G1 X195.629 Y178.508 E927.4636
G1 X196.014 Y177.496 E927.51752
G1 F401.3 X196.63 Y176.604 E927.57143
G1 F400 X197.444 Y175.882 E927.62571
G1 X198.402 Y175.378 E927.67972
G1 F401.3 X199.46 Y175.119 E927.73388
G1 X200.54 Y175.119 E927.78758
G1 X201.597 Y175.378 E927.84169
G1 F400.7 X202.552 Y175.881 E927.89545
G1 F401.3 X203.367 Y176.603 E927.94959
G1 F402 X203.982 Y177.496 E928.00342
G1 F400.7 X204.367 Y178.508 E928.05735
G1 F402.7 X204.497 Y179.584 E928.11106
G1 F403.4 X204.367 Y180.664 E928.16488
G1 F402 X203.982 Y181.672 E928.21844
G1 F403.4 X203.368 Y182.566 E928.2721
G1 X202.553 Y183.289 E928.326
G1 F401.3 X201.597 Y183.79 E928.37967
G1 F402 X200.54 Y184.051 E928.43371
;TIME_ELAPSED:2032.504987
;LAYER:390
;note -- min layer time used
M204 S3000
M205 X10 Y10
;MESH:15_7_1.stl
G0 F6000 X200.54 Y184.051 Z79.29
M204 S1800
M205 X8 Y8
;TYPE:WALL-OUTER
G1 F404 X199.46 Y184.051 E928.48705
G1 F402.7 X198.402 Y183.79 E928.54106
G1 F400.7 X197.444 Y183.288 E928.59493
G1 F401.3 X196.629 Y182.565 E928.6491
G1 F402 X196.014 Y181.672 E928.70293
G1 F400.7 X195.629 Y180.664 E928.75667
G1 X195.501 Y179.584 E928.81084
G1 X195.629 Y178.508 E928.86481
G1 X196.014 Y177.496 E928.91874
G1 F401.3 X196.63 Y176.604 E928.97264
G1 F400 X197.444 Y175.882 E929.02692
G1 X198.402 Y175.378 E929.08093
G1 F401.3 X199.46 Y175.119 E929.13509
G1 X200.54 Y175.119 E929.18879
G1 X201.597 Y175.378 E929.2429
G1 F400.7 X202.552 Y175.881 E929.29666
G1 F401.3 X203.367 Y176.603 E929.3508
G1 F402 X203.982 Y177.496 E929.40463
G1 F400.7 X204.367 Y178.508 E929.45856
G1 F402.7 X204.497 Y179.584 E929.51227
G1 F403.4 X204.367 Y180.664 E929.56609
G1 F402 X203.982 Y181.672 E929.61965
G1 F403.4 X203.368 Y182.566 E929.67331
G1 X202.553 Y183.289 E929.72721
G1 F401.3 X201.597 Y183.79 E929.78088
G1 F402 X200.54 Y184.051 E929.83492
;TIME_ELAPSED:2036.808779
;LAYER:391
;note -- min layer time used
M204 S3000
M205 X10 Y10
;MESH:15_7_1.stl
G0 F6000 X200.54 Y184.051 Z79.49
M204 S1800
M205 X8 Y8
;TYPE:WALL-OUTER
G1 F404 X199.46 Y184.051 E929.88827
G1 F402.7 X198.402 Y183.79 E929.94227
G1 F400.7 X197.444 Y183.288 E929.99614
G1 F401.3 X196.629 Y182.565 E930.05031
G1 F402 X196.014 Y181.672 E930.10414
G1 F400.7 X195.629 Y180.664 E930.15788
G1 X195.501 Y179.584 E930.21205
G1 X195.629 Y178.508 E930.26602
G1 X196.014 Y177.496 E930.31995
G1 F401.3 X196.63 Y176.604 E930.37385
G1 F400 X197.444 Y175.882 E930.42813
G1 X198.402 Y175.378 E930.48214
G1 F401.3 X199.46 Y175.119 E930.5363
G1 X200.54 Y175.119 E930.59
G1 X201.597 Y175.378 E930.64411
G1 F400.7 X202.552 Y175.881 E930.69787
G1 F401.3 X203.367 Y176.603 E930.75201
G1 F402 X203.982 Y177.496 E930.80584
G1 F400.7 X204.367 Y178.508 E930.85977
G1 F402.7 X204.497 Y179.584 E930.91348
G1 F403.4 X204.367 Y180.664 E930.9673
G1 F402 X203.982 Y181.672 E931.02086
G1 F403.4 X203.368 Y182.566 E931.07452
G1 X202.553 Y183.289 E931.12842
G1 F401.3 X201.597 Y183.79 E931.18209
G1 F402 X200.54 Y184.051 E931.23613
;TIME_ELAPSED:2041.112571
;LAYER:392
;note -- min layer time used
M204 S3000
M205 X10 Y10
;MESH:15_7_1.stl
G0 F6000 X200.54 Y184.051 Z79.69
M204 S1800
M205 X8 Y8
;TYPE:WALL-OUTER
G1 F404 X199.46 Y184.051 E931.28948
G1 F402.7 X198.402 Y183.79 E931.34348
G1 F400.7 X197.444 Y183.288 E931.39735
G1 F401.3 X196.629 Y182.565 E931.45152
G1 F402 X196.014 Y181.672 E931.50535
G1 F400.7 X195.629 Y180.664 E931.55909
G1 X195.501 Y179.584 E931.61326
G1 X195.629 Y178.508 E931.66723
G1 X196.014 Y177.496 E931.72116
G1 F401.3 X196.63 Y176.604 E931.77506
G1 F400 X197.444 Y175.882 E931.82934
G1 X198.402 Y175.378 E931.88335
G1 F401.3 X199.46 Y175.119 E931.93751
G1 X200.54 Y175.119 E931.99121
G1 X201.597 Y175.378 E932.04532
G1 F400.7 X202.552 Y175.881 E932.09908
G1 F401.3 X203.367 Y176.603 E932.15322
G1 F402 X203.982 Y177.496 E932.20705
G1 F400.7 X204.367 Y178.508 E932.26098
G1 F402.7 X204.497 Y179.584 E932.31469
G1 F403.4 X204.367 Y180.664 E932.36851
G1 F402 X203.982 Y181.672 E932.42207
G1 F403.4 X203.368 Y182.566 E932.47573
G1 X202.553 Y183.289 E932.52963
G1 F401.3 X201.597 Y183.79 E932.5833
G1 F402 X200.54 Y184.051 E932.63734
;TIME_ELAPSED:2045.416363
;LAYER:393
;note -- min layer time used
M204 S3000
M205 X10 Y10
;MESH:15_7_1.stl
G0 F6000 X200.54 Y184.051 Z79.89
M204 S1800
M205 X8 Y8
;TYPE:WALL-OUTER
G1 F404 X199.46 Y184.051 E932.69069
G1 F402.7 X198.402 Y183.79 E932.74469
G1 F400.7 X197.444 Y183.288 E932.79856
G1 F401.3 X196.629 Y182.565 E932.85273
G1 F402 X196.014 Y181.672 E932.90656
G1 F400.7 X195.629 Y180.664 E932.9603
G1 X195.501 Y179.584 E933.01447
G1 X195.629 Y178.508 E933.06844
G1 X196.014 Y177.496 E933.12237
G1 F401.3 X196.63 Y176.604 E933.17627
G1 F400 X197.444 Y175.882 E933.23055
G1 X198.402 Y175.378 E933.28456
G1 F401.3 X199.46 Y175.119 E933.33872
G1 X200.54 Y175.119 E933.39242
G1 X201.597 Y175.378 E933.44654
G1 F400.7 X202.552 Y175.881 E933.5003
G1 F401.3 X203.367 Y176.603 E933.55444
G1 F402 X203.982 Y177.496 E933.60826
G1 F400.7 X204.367 Y178.508 E933.66219
G1 F402.7 X204.497 Y179.584 E933.7159
G1 F403.4 X204.367 Y180.664 E933.76972
G1 F402 X203.982 Y181.672 E933.82328
G1 F403.4 X203.368 Y182.566 E933.87694
G1 X202.553 Y183.289 E933.93084
G1 F401.3 X201.597 Y183.79 E933.98451
G1 F402 X200.54 Y184.051 E934.03856
;TIME_ELAPSED:2049.720155
;LAYER:394
;note -- min layer time used
M204 S3000
M205 X10 Y10
;MESH:15_7_1.stl
G0 F6000 X200.54 Y184.051 Z80.09
M204 S1800
M205 X8 Y8
;TYPE:WALL-OUTER
G1 F404 X199.46 Y184.051 E934.0919
G1 F402.7 X198.402 Y183.79 E934.1459
G1 F400.7 X197.444 Y183.288 E934.19977
G1 F401.3 X196.629 Y182.565 E934.25394
G1 F402 X196.014 Y181.672 E934.30777
G1 F400.7 X195.629 Y180.664 E934.36151
G1 X195.501 Y179.584 E934.41568
G1 X195.629 Y178.508 E934.46965
G1 X196.014 Y177.496 E934.52358
G1 F401.3 X196.63 Y176.604 E934.57748
G1 F400 X197.444 Y175.882 E934.63176
G1 X198.402 Y175.378 E934.68577
G1 F401.3 X199.46 Y175.119 E934.73993
G1 X200.54 Y175.119 E934.79363
G1 X201.597 Y175.378 E934.84775
G1 F400.7 X202.552 Y175.881 E934.90151
G1 F401.3 X203.367 Y176.603 E934.95565
G1 F402 X203.982 Y177.496 E935.00947
G1 F400.7 X204.367 Y178.508 E935.0634
G1 F402.7 X204.497 Y179.584 E935.11711
G1 F403.4 X204.367 Y180.664 E935.17093
G1 F402 X203.982 Y181.672 E935.22449
G1 F403.4 X203.368 Y182.566 E935.27815
G1 X202.553 Y183.289 E935.33205
G1 F401.3 X201.597 Y183.79 E935.38572
G1 F402 X200.54 Y184.051 E935.43977
;TIME_ELAPSED:2054.023948
;LAYER:395
;note -- min layer time used
M204 S3000
M205 X10 Y10
;MESH:15_7_1.stl
G0 F6000 X200.54 Y184.051 Z80.29
M204 S1800
M205 X8 Y8
;TYPE:WALL-OUTER
G1 F404 X199.46 Y184.051 E935.49311
G1 F402.7 X198.402 Y183.79 E935.54711
G1 F400.7 X197.444 Y183.288 E935.60098
G1 F401.3 X196.629 Y182.565 E935.65515
G1 F402 X196.014 Y181.672 E935.70898
G1 F400.7 X195.629 Y180.664 E935.76272
G1 X195.501 Y179.584 E935.81689
G1 X195.629 Y178.508 E935.87086
G1 X196.014 Y177.496 E935.92479
G1 F401.3 X196.63 Y176.604 E935.97869
G1 F400 X197.444 Y175.882 E936.03298
G1 X198.402 Y175.378 E936.08698
G1 F401.3 X199.46 Y175.119 E936.14114
G1 X200.54 Y175.119 E936.19484
G1 X201.597 Y175.378 E936.24896
G1 F400.7 X202.552 Y175.881 E936.30272
G1 F401.3 X203.367 Y176.603 E936.35686
G1 F402 X203.982 Y177.496 E936.41068
G1 F400.7 X204.367 Y178.508 E936.46461
G1 F402.7 X204.497 Y179.584 E936.51832
G1 F403.4 X204.367 Y180.664 E936.57214
G1 F402 X203.982 Y181.672 E936.6257
G1 F403.4 X203.368 Y182.566 E936.67936
G1 X202.553 Y183.289 E936.73326
G1 F401.3 X201.597 Y183.79 E936.78693
G1 F402 X200.54 Y184.051 E936.84098
;TIME_ELAPSED:2058.327740
;LAYER:396
;note -- min layer time used
M204 S3000
M205 X10 Y10
;MESH:15_7_1.stl
G0 F6000 X200.54 Y184.051 Z80.49
M204 S1800
M205 X8 Y8
;TYPE:WALL-OUTER
G1 F404 X199.46 Y184.051 E936.89432
G1 F402.7 X198.402 Y183.79 E936.94832
G1 F400.7 X197.444 Y183.288 E937.00219
G1 F401.3 X196.629 Y182.565 E937.05637
G1 F402 X196.014 Y181.672 E937.11019
G1 F400.7 X195.629 Y180.664 E937.16393
G1 X195.501 Y179.584 E937.2181
G1 X195.629 Y178.508 E937.27207
G1 X196.014 Y177.496 E937.326
G1 F401.3 X196.63 Y176.604 E937.3799
G1 F400 X197.444 Y175.882 E937.43419
G1 X198.402 Y175.378 E937.48819
G1 F401.3 X199.46 Y175.119 E937.54235
G1 X200.54 Y175.119 E937.59606
G1 X201.597 Y175.378 E937.65017
G1 F400.7 X202.552 Y175.881 E937.70393
G1 F401.3 X203.367 Y176.603 E937.75807
G1 F402 X203.982 Y177.496 E937.81189
G1 F400.7 X204.367 Y178.508 E937.86582
G1 F402.7 X204.497 Y179.584 E937.91953
G1 F403.4 X204.367 Y180.664 E937.97335
G1 F402 X203.982 Y181.672 E938.02692
G1 F403.4 X203.368 Y182.566 E938.08057
G1 X202.553 Y183.289 E938.13447
G1 F401.3 X201.597 Y183.79 E938.18814
G1 F402 X200.54 Y184.051 E938.24219
;TIME_ELAPSED:2062.631532
;LAYER:397
;note -- min layer time used
M204 S3000
M205 X10 Y10
;MESH:15_7_1.stl
G0 F6000 X200.54 Y184.051 Z80.69
M204 S1800
M205 X8 Y8
;TYPE:WALL-OUTER
G1 F404 X199.46 Y184.051 E938.29553
G1 F402.7 X198.402 Y183.79 E938.34953
G1 F400.7 X197.444 Y183.288 E938.4034
G1 F401.3 X196.629 Y182.565 E938.45758
G1 F402 X196.014 Y181.672 E938.5114
G1 F400.7 X195.629 Y180.664 E938.56514
G1 X195.501 Y179.584 E938.61931
G1 X195.629 Y178.508 E938.67328
G1 X196.014 Y177.496 E938.72721
G1 F401.3 X196.63 Y176.604 E938.78111
G1 F400 X197.444 Y175.882 E938.8354
G1 X198.402 Y175.378 E938.8894
G1 F401.3 X199.46 Y175.119 E938.94356
G1 X200.54 Y175.119 E938.99727
G1 X201.597 Y175.378 E939.05138
G1 F400.7 X202.552 Y175.881 E939.10514
G1 F401.3 X203.367 Y176.603 E939.15928
G1 F402 X203.982 Y177.496 E939.2131
G1 F400.7 X204.367 Y178.508 E939.26703
G1 F402.7 X204.497 Y179.584 E939.32074
G1 F403.4 X204.367 Y180.664 E939.37456
G1 F402 X203.982 Y181.672 E939.42813
G1 F403.4 X203.368 Y182.566 E939.48178
G1 X202.553 Y183.289 E939.53568
G1 F401.3 X201.597 Y183.79 E939.58935
G1 F402 X200.54 Y184.051 E939.6434
;TIME_ELAPSED:2066.935324
;LAYER:398
;note -- min layer time used
M204 S3000
M205 X10 Y10
;MESH:15_7_1.stl
G0 F6000 X200.54 Y184.051 Z80.89
M204 S1800
M205 X8 Y8
;TYPE:WALL-OUTER
G1 F404 X199.46 Y184.051 E939.69674
G1 F402.7 X198.402 Y183.79 E939.75075
G1 F400.7 X197.444 Y183.288 E939.80461
G1 F401.3 X196.629 Y182.565 E939.85879
G1 F402 X196.014 Y181.672 E939.91261
G1 F400.7 X195.629 Y180.664 E939.96636
G1 X195.501 Y179.584 E940.02052
G1 X195.629 Y178.508 E940.07449
G1 X196.014 Y177.496 E940.12842
G1 F401.3 X196.63 Y176.604 E940.18232
G1 F400 X197.444 Y175.882 E940.23661
G1 X198.402 Y175.378 E940.29061
G1 F401.3 X199.46 Y175.119 E940.34478
G1 X200.54 Y175.119 E940.39848
G1 X201.597 Y175.378 E940.45259
G1 F400.7 X202.552 Y175.881 E940.50635
G1 F401.3 X203.367 Y176.603 E940.56049
G1 F402 X203.982 Y177.496 E940.61431
G1 F400.7 X204.367 Y178.508 E940.66824
G1 F402.7 X204.497 Y179.584 E940.72196
G1 F403.4 X204.367 Y180.664 E940.77577
G1 F402 X203.982 Y181.672 E940.82934
G1 F403.4 X203.368 Y182.566 E940.88299
G1 X202.553 Y183.289 E940.9369
G1 F401.3 X201.597 Y183.79 E940.99056
G1 F402 X200.54 Y184.051 E941.04461
;TIME_ELAPSED:2071.239116
;LAYER:399
;note -- min layer time used
M204 S3000
M205 X10 Y10
;MESH:15_7_1.stl
G0 F6000 X200.54 Y184.051 Z81.09
M204 S1800
M205 X8 Y8
;TYPE:WALL-OUTER
G1 F404 X199.46 Y184.051 E941.09795
G1 F402.7 X198.402 Y183.79 E941.15196
G1 F400.7 X197.444 Y183.288 E941.20583
G1 F401.3 X196.629 Y182.565 E941.26
G1 F402 X196.014 Y181.672 E941.31382
G1 F400.7 X195.629 Y180.664 E941.36757
G1 X195.501 Y179.584 E941.42173
G1 X195.629 Y178.508 E941.4757
G1 X196.014 Y177.496 E941.52963
G1 F401.3 X196.63 Y176.604 E941.58354
G1 F400 X197.444 Y175.882 E941.63782
G1 X198.402 Y175.378 E941.69182
G1 F401.3 X199.46 Y175.119 E941.74599
G1 X200.54 Y175.119 E941.79969
G1 X201.597 Y175.378 E941.8538
G1 F400.7 X202.552 Y175.881 E941.90756
G1 F401.3 X203.367 Y176.603 E941.9617
G1 F402 X203.982 Y177.496 E942.01553
G1 F400.7 X204.367 Y178.508 E942.06945
G1 F402.7 X204.497 Y179.584 E942.12317
G1 F403.4 X204.367 Y180.664 E942.17698
G1 F402 X203.982 Y181.672 E942.23055
G1 F403.4 X203.368 Y182.566 E942.28421
G1 X202.553 Y183.289 E942.33811
G1 F401.3 X201.597 Y183.79 E942.39177
G1 F402 X200.54 Y184.051 E942.44582
;TIME_ELAPSED:2075.542908
;LAYER:400
;note -- min layer time used
M204 S3000
M205 X10 Y10
;MESH:15_7_1.stl
G0 F6000 X200.54 Y184.051 Z81.29
M204 S1800
M205 X8 Y8
;TYPE:WALL-OUTER
G1 F404 X199.46 Y184.051 E942.49916
G1 F402.7 X198.402 Y183.79 E942.55317
G1 F400.7 X197.444 Y183.288 E942.60704
G1 F401.3 X196.629 Y182.565 E942.66121
G1 F402 X196.014 Y181.672 E942.71503
G1 F400.7 X195.629 Y180.664 E942.76878
G1 X195.501 Y179.584 E942.82294
G1 X195.629 Y178.508 E942.87692
G1 X196.014 Y177.496 E942.93084
G1 F401.3 X196.63 Y176.604 E942.98475
G1 F400 X197.444 Y175.882 E943.03903
G1 X198.402 Y175.378 E943.09304
G1 F401.3 X199.46 Y175.119 E943.1472
G1 X200.54 Y175.119 E943.2009
G1 X201.597 Y175.378 E943.25501
G1 F400.7 X202.552 Y175.881 E943.30877
G1 F401.3 X203.367 Y176.603 E943.36291
G1 F402 X203.982 Y177.496 E943.41674
G1 F400.7 X204.367 Y178.508 E943.47067
G1 F402.7 X204.497 Y179.584 E943.52438
G1 F403.4 X204.367 Y180.664 E943.5782
G1 F402 X203.982 Y181.672 E943.63176
G1 F403.4 X203.368 Y182.566 E943.68542
G1 X202.553 Y183.289 E943.73932
G1 F401.3 X201.597 Y183.79 E943.79299
G1 F402 X200.54 Y184.051 E943.84703
;TIME_ELAPSED:2079.846701
;LAYER:401
;note -- min layer time used
M204 S3000
M205 X10 Y10
;MESH:15_7_1.stl
G0 F6000 X200.54 Y184.051 Z81.49
M204 S1800
M205 X8 Y8
;TYPE:WALL-OUTER
G1 F404 X199.46 Y184.051 E943.90037
G1 F402.7 X198.402 Y183.79 E943.95438
G1 F400.7 X197.444 Y183.288 E944.00825
G1 F401.3 X196.629 Y182.565 E944.06242
G1 F402 X196.014 Y181.672 E944.11624
G1 F400.7 X195.629 Y180.664 E944.16999
G1 X195.501 Y179.584 E944.22416
G1 X195.629 Y178.508 E944.27813
G1 X196.014 Y177.496 E944.33206
G1 F401.3 X196.63 Y176.604 E944.38596
G1 F400 X197.444 Y175.882 E944.44024
G1 X198.402 Y175.378 E944.49425
G1 F401.3 X199.46 Y175.119 E944.54841
G1 X200.54 Y175.119 E944.60211
G1 X201.597 Y175.378 E944.65622
G1 F400.7 X202.552 Y175.881 E944.70998
G1 F401.3 X203.367 Y176.603 E944.76412
G1 F402 X203.982 Y177.496 E944.81795
G1 F400.7 X204.367 Y178.508 E944.87188
G1 F402.7 X204.497 Y179.584 E944.92559
G1 F403.4 X204.367 Y180.664 E944.97941
G1 F402 X203.982 Y181.672 E945.03297
G1 F403.4 X203.368 Y182.566 E945.08663
G1 X202.553 Y183.289 E945.14053
G1 F401.3 X201.597 Y183.79 E945.1942
G1 F402 X200.54 Y184.051 E945.24824
;TIME_ELAPSED:2084.150493
;LAYER:402
;note -- min layer time used
M204 S3000
M205 X10 Y10
;MESH:15_7_1.stl
G0 F6000 X200.54 Y184.051 Z81.69
M204 S1800
M205 X8 Y8
;TYPE:WALL-OUTER
G1 F404 X199.46 Y184.051 E945.30159
G1 F402.7 X198.402 Y183.79 E945.35559
G1 F400.7 X197.444 Y183.288 E945.40946
G1 F401.3 X196.629 Y182.565 E945.46363
G1 F402 X196.014 Y181.672 E945.51746
G1 F400.7 X195.629 Y180.664 E945.5712
G1 X195.501 Y179.584 E945.62537
G1 X195.629 Y178.508 E945.67934
G1 X196.014 Y177.496 E945.73327
G1 F401.3 X196.63 Y176.604 E945.78717
G1 F400 X197.444 Y175.882 E945.84145
G1 X198.402 Y175.378 E945.89546
G1 F401.3 X199.46 Y175.119 E945.94962
G1 X200.54 Y175.119 E946.00332
G1 X201.597 Y175.378 E946.05743
G1 F400.7 X202.552 Y175.881 E946.11119
G1 F401.3 X203.367 Y176.603 E946.16533
G1 F402 X203.982 Y177.496 E946.21916
G1 F400.7 X204.367 Y178.508 E946.27309
G1 F402.7 X204.497 Y179.584 E946.3268
G1 F403.4 X204.367 Y180.664 E946.38062
G1 F402 X203.982 Y181.672 E946.43418
G1 F403.4 X203.368 Y182.566 E946.48784
G1 X202.553 Y183.289 E946.54174
G1 F401.3 X201.597 Y183.79 E946.59541
G1 F402 X200.54 Y184.051 E946.64945
;TIME_ELAPSED:2088.454285
;LAYER:403
;note -- min layer time used
M204 S3000
M205 X10 Y10
;MESH:15_7_1.stl
G0 F6000 X200.54 Y184.051 Z81.89
M204 S1800
M205 X8 Y8
;TYPE:WALL-OUTER
G1 F404 X199.46 Y184.051 E946.7028
G1 F402.7 X198.402 Y183.79 E946.7568
G1 F400.7 X197.444 Y183.288 E946.81067
G1 F401.3 X196.629 Y182.565 E946.86484
G1 F402 X196.014 Y181.672 E946.91867
G1 F400.7 X195.629 Y180.664 E946.97241
G1 X195.501 Y179.584 E947.02658
G1 X195.629 Y178.508 E947.08055
G1 X196.014 Y177.496 E947.13448
G1 F401.3 X196.63 Y176.604 E947.18838
G1 F400 X197.444 Y175.882 E947.24266
G1 X198.402 Y175.378 E947.29667
G1 F401.3 X199.46 Y175.119 E947.35083
G1 X200.54 Y175.119 E947.40453
G1 X201.597 Y175.378 E947.45864
G1 F400.7 X202.552 Y175.881 E947.5124
G1 F401.3 X203.367 Y176.603 E947.56654
G1 F402 X203.982 Y177.496 E947.62037
G1 F400.7 X204.367 Y178.508 E947.6743
G1 F402.7 X204.497 Y179.584 E947.72801
G1 F403.4 X204.367 Y180.664 E947.78183
G1 F402 X203.982 Y181.672 E947.83539
G1 F403.4 X203.368 Y182.566 E947.88905
G1 X202.553 Y183.289 E947.94295
G1 F401.3 X201.597 Y183.79 E947.99662
G1 F402 X200.54 Y184.051 E948.05066
;TIME_ELAPSED:2092.758077
;LAYER:404
;note -- min layer time used
M204 S3000
M205 X10 Y10
;MESH:15_7_1.stl
G0 F6000 X200.54 Y184.051 Z82.09
M204 S1800
M205 X8 Y8
;TYPE:WALL-OUTER
G1 F404 X199.46 Y184.051 E948.10401
G1 F402.7 X198.402 Y183.79 E948.15801
G1 F400.7 X197.444 Y183.288 E948.21188
G1 F401.3 X196.629 Y182.565 E948.26605
G1 F402 X196.014 Y181.672 E948.31988
G1 F400.7 X195.629 Y180.664 E948.37362
G1 X195.501 Y179.584 E948.42779
G1 X195.629 Y178.508 E948.48176
G1 X196.014 Y177.496 E948.53569
G1 F401.3 X196.63 Y176.604 E948.58959
G1 F400 X197.444 Y175.882 E948.64387
G1 X198.402 Y175.378 E948.69788
G1 F401.3 X199.46 Y175.119 E948.75204
G1 X200.54 Y175.119 E948.80574
G1 X201.597 Y175.378 E948.85986
G1 F400.7 X202.552 Y175.881 E948.91362
G1 F401.3 X203.367 Y176.603 E948.96776
G1 F402 X203.982 Y177.496 E949.02158
G1 F400.7 X204.367 Y178.508 E949.07551
G1 F402.7 X204.497 Y179.584 E949.12922
G1 F403.4 X204.367 Y180.664 E949.18304
G1 F402 X203.982 Y181.672 E949.2366
G1 F403.4 X203.368 Y182.566 E949.29026
G1 X202.553 Y183.289 E949.34416
G1 F401.3 X201.597 Y183.79 E949.39783
G1 F402 X200.54 Y184.051 E949.45187
;TIME_ELAPSED:2097.061869
;LAYER:405
;note -- min layer time used
M204 S3000
M205 X10 Y10
;MESH:15_7_1.stl
G0 F6000 X200.54 Y184.051 Z82.29
M204 S1800
M205 X8 Y8
;TYPE:WALL-OUTER
G1 F404 X199.46 Y184.051 E949.50522
G1 F402.7 X198.402 Y183.79 E949.55922
G1 F400.7 X197.444 Y183.288 E949.61309
G1 F401.3 X196.629 Y182.565 E949.66726
G1 F402 X196.014 Y181.672 E949.72109
G1 F400.7 X195.629 Y180.664 E949.77483
G1 X195.501 Y179.584 E949.829
G1 X195.629 Y178.508 E949.88297
G1 X196.014 Y177.496 E949.9369
G1 F401.3 X196.63 Y176.604 E949.9908
G1 F400 X197.444 Y175.882 E950.04508
G1 X198.402 Y175.378 E950.09909
G1 F401.3 X199.46 Y175.119 E950.15325
G1 X200.54 Y175.119 E950.20695
G1 X201.597 Y175.378 E950.26107
G1 F400.7 X202.552 Y175.881 E950.31483
G1 F401.3 X203.367 Y176.603 E950.36897
G1 F402 X203.982 Y177.496 E950.42279
G1 F400.7 X204.367 Y178.508 E950.47672
G1 F402.7 X204.497 Y179.584 E950.53043
G1 F403.4 X204.367 Y180.664 E950.58425
G1 F402 X203.982 Y181.672 E950.63781
G1 F403.4 X203.368 Y182.566 E950.69147
G1 X202.553 Y183.289 E950.74537
G1 F401.3 X201.597 Y183.79 E950.79904
G1 F402 X200.54 Y184.051 E950.85309
;TIME_ELAPSED:2101.365661
;LAYER:406
;note -- min layer time used
M204 S3000
M205 X10 Y10
;MESH:15_7_1.stl
G0 F6000 X200.54 Y184.051 Z82.49
M204 S1800
M205 X8 Y8
;TYPE:WALL-OUTER
G1 F404 X199.46 Y184.051 E950.90643
G1 F402.7 X198.402 Y183.79 E950.96043
G1 F400.7 X197.444 Y183.288 E951.0143
G1 F401.3 X196.629 Y182.565 E951.06847
G1 F402 X196.014 Y181.672 E951.1223
G1 F400.7 X195.629 Y180.664 E951.17604
G1 X195.501 Y179.584 E951.23021
G1 X195.629 Y178.508 E951.28418
G1 X196.014 Y177.496 E951.33811
G1 F401.3 X196.63 Y176.604 E951.39201
G1 F400 X197.444 Y175.882 E951.4463
G1 X198.402 Y175.378 E951.5003
G1 F401.3 X199.46 Y175.119 E951.55446
G1 X200.54 Y175.119 E951.60816
G1 X201.597 Y175.378 E951.66228
G1 F400.7 X202.552 Y175.881 E951.71604
G1 F401.3 X203.367 Y176.603 E951.77018
G1 F402 X203.982 Y177.496 E951.824
G1 F400.7 X204.367 Y178.508 E951.87793
G1 F402.7 X204.497 Y179.584 E951.93164
G1 F403.4 X204.367 Y180.664 E951.98546
G1 F402 X203.982 Y181.672 E952.03902
G1 F403.4 X203.368 Y182.566 E952.09268
G1 X202.553 Y183.289 E952.14658
G1 F401.3 X201.597 Y183.79 E952.20025
G1 F402 X200.54 Y184.051 E952.2543
;TIME_ELAPSED:2105.669453
;LAYER:407
;note -- min layer time used
M204 S3000
M205 X10 Y10
;MESH:15_7_1.stl
G0 F6000 X200.54 Y184.051 Z82.69
M204 S1800
M205 X8 Y8
;TYPE:WALL-OUTER
G1 F404 X199.46 Y184.051 E952.30764
G1 F402.7 X198.402 Y183.79 E952.36164
G1 F400.7 X197.444 Y183.288 E952.41551
G1 F401.3 X196.629 Y182.565 E952.46969
G1 F402 X196.014 Y181.672 E952.52351
G1 F400.7 X195.629 Y180.664 E952.57725
G1 X195.501 Y179.584 E952.63142
G1 X195.629 Y178.508 E952.68539
G1 X196.014 Y177.496 E952.73932
G1 F401.3 X196.63 Y176.604 E952.79322
G1 F400 X197.444 Y175.882 E952.84751
G1 X198.402 Y175.378 E952.90151
G1 F401.3 X199.46 Y175.119 E952.95567
G1 X200.54 Y175.119 E953.00937
G1 X201.597 Y175.378 E953.06349
G1 F400.7 X202.552 Y175.881 E953.11725
G1 F401.3 X203.367 Y176.603 E953.17139
G1 F402 X203.982 Y177.496 E953.22521
G1 F400.7 X204.367 Y178.508 E953.27914
G1 F402.7 X204.497 Y179.584 E953.33285
G1 F403.4 X204.367 Y180.664 E953.38667
G1 F402 X203.982 Y181.672 E953.44023
G1 F403.4 X203.368 Y182.566 E953.49389
G1 X202.553 Y183.289 E953.54779
G1 F401.3 X201.597 Y183.79 E953.60146
G1 F402 X200.54 Y184.051 E953.65551
;TIME_ELAPSED:2109.973246
;LAYER:408
;note -- min layer time used
M204 S3000
M205 X10 Y10
;MESH:15_7_1.stl
G0 F6000 X200.54 Y184.051 Z82.89
M204 S1800
M205 X8 Y8
;TYPE:WALL-OUTER
G1 F404 X199.46 Y184.051 E953.70885
G1 F402.7 X198.402 Y183.79 E953.76285
G1 F400.7 X197.444 Y183.288 E953.81672
G1 F401.3 X196.629 Y182.565 E953.8709
G1 F402 X196.014 Y181.672 E953.92472
G1 F400.7 X195.629 Y180.664 E953.97846
G1 X195.501 Y179.584 E954.03263
G1 X195.629 Y178.508 E954.0866
G1 X196.014 Y177.496 E954.14053
G1 F401.3 X196.63 Y176.604 E954.19443
G1 F400 X197.444 Y175.882 E954.24872
G1 X198.402 Y175.378 E954.30272
G1 F401.3 X199.46 Y175.119 E954.35688
G1 X200.54 Y175.119 E954.41059
G1 X201.597 Y175.378 E954.4647
G1 F400.7 X202.552 Y175.881 E954.51846
G1 F401.3 X203.367 Y176.603 E954.5726
G1 F402 X203.982 Y177.496 E954.62642
G1 F400.7 X204.367 Y178.508 E954.68035
G1 F402.7 X204.497 Y179.584 E954.73406
G1 F403.4 X204.367 Y180.664 E954.78788
G1 F402 X203.982 Y181.672 E954.84145
G1 F403.4 X203.368 Y182.566 E954.8951
G1 X202.553 Y183.289 E954.949
G1 F401.3 X201.597 Y183.79 E955.00267
G1 F402 X200.54 Y184.051 E955.05672
;TIME_ELAPSED:2114.277038
;LAYER:409
;note -- min layer time used
M204 S3000
M205 X10 Y10
;MESH:15_7_1.stl
G0 F6000 X200.54 Y184.051 Z83.09
M204 S1800
M205 X8 Y8
;TYPE:WALL-OUTER
G1 F404 X199.46 Y184.051 E955.11006
G1 F402.7 X198.402 Y183.79 E955.16406
G1 F400.7 X197.444 Y183.288 E955.21793
G1 F401.3 X196.629 Y182.565 E955.27211
G1 F402 X196.014 Y181.672 E955.32593
G1 F400.7 X195.629 Y180.664 E955.37967
G1 X195.501 Y179.584 E955.43384
G1 X195.629 Y178.508 E955.48781
G1 X196.014 Y177.496 E955.54174
G1 F401.3 X196.63 Y176.604 E955.59564
G1 F400 X197.444 Y175.882 E955.64993
G1 X198.402 Y175.378 E955.70393
G1 F401.3 X199.46 Y175.119 E955.75809
G1 X200.54 Y175.119 E955.8118
G1 X201.597 Y175.378 E955.86591
G1 F400.7 X202.552 Y175.881 E955.91967
G1 F401.3 X203.367 Y176.603 E955.97381
G1 F402 X203.982 Y177.496 E956.02763
G1 F400.7 X204.367 Y178.508 E956.08156
G1 F402.7 X204.497 Y179.584 E956.13528
G1 F403.4 X204.367 Y180.664 E956.18909
G1 F402 X203.982 Y181.672 E956.24266
G1 F403.4 X203.368 Y182.566 E956.29631
G1 X202.553 Y183.289 E956.35021
G1 F401.3 X201.597 Y183.79 E956.40388
G1 F402 X200.54 Y184.051 E956.45793
;TIME_ELAPSED:2118.580830
;LAYER:410
;note -- min layer time used
M204 S3000
M205 X10 Y10
;MESH:15_7_1.stl
G0 F6000 X200.54 Y184.051 Z83.29
M204 S1800
M205 X8 Y8
;TYPE:WALL-OUTER
G1 F404 X199.46 Y184.051 E956.51127
G1 F402.7 X198.402 Y183.79 E956.56528
G1 F400.7 X197.444 Y183.288 E956.61914
G1 F401.3 X196.629 Y182.565 E956.67332
G1 F402 X196.014 Y181.672 E956.72714
G1 F400.7 X195.629 Y180.664 E956.78089
G1 X195.501 Y179.584 E956.83505
G1 X195.629 Y178.508 E956.88902
G1 X196.014 Y177.496 E956.94295
G1 F401.3 X196.63 Y176.604 E956.99686
G1 F400 X197.444 Y175.882 E957.05114
G1 X198.402 Y175.378 E957.10514
G1 F401.3 X199.46 Y175.119 E957.15931
G1 X200.54 Y175.119 E957.21301
G1 X201.597 Y175.378 E957.26712
G1 F400.7 X202.552 Y175.881 E957.32088
G1 F401.3 X203.367 Y176.603 E957.37502
G1 F402 X203.982 Y177.496 E957.42885
G1 F400.7 X204.367 Y178.508 E957.48277
G1 F402.7 X204.497 Y179.584 E957.53649
G1 F403.4 X204.367 Y180.664 E957.5903
G1 F402 X203.982 Y181.672 E957.64387
G1 F403.4 X203.368 Y182.566 E957.69752
G1 X202.553 Y183.289 E957.75143
G1 F401.3 X201.597 Y183.79 E957.80509
G1 F402 X200.54 Y184.051 E957.85914
;TIME_ELAPSED:2122.884622
;LAYER:411
;note -- min layer time used
M204 S3000
M205 X10 Y10
;MESH:15_7_1.stl
G0 F6000 X200.54 Y184.051 Z83.49
M204 S1800
M205 X8 Y8
;TYPE:WALL-OUTER
G1 F404 X199.46 Y184.051 E957.91248
G1 F402.7 X198.402 Y183.79 E957.96649
G1 F400.7 X197.444 Y183.288 E958.02036
G1 F401.3 X196.629 Y182.565 E958.07453
G1 F402 X196.014 Y181.672 E958.12835
G1 F400.7 X195.629 Y180.664 E958.1821
G1 X195.501 Y179.584 E958.23626
G1 X195.629 Y178.508 E958.29023
G1 X196.014 Y177.496 E958.34416
G1 F401.3 X196.63 Y176.604 E958.39807
G1 F400 X197.444 Y175.882 E958.45235
G1 X198.402 Y175.378 E958.50636
G1 F401.3 X199.46 Y175.119 E958.56052
G1 X200.54 Y175.119 E958.61422
G1 X201.597 Y175.378 E958.66833
G1 F400.7 X202.552 Y175.881 E958.72209
G1 F401.3 X203.367 Y176.603 E958.77623
G1 F402 X203.982 Y177.496 E958.83006
G1 F400.7 X204.367 Y178.508 E958.88399
G1 F402.7 X204.497 Y179.584 E958.9377
G1 F403.4 X204.367 Y180.664 E958.99151
G1 F402 X203.982 Y181.672 E959.04508
G1 F403.4 X203.368 Y182.566 E959.09874
G1 X202.553 Y183.289 E959.15264
G1 F401.3 X201.597 Y183.79 E959.2063
G1 F402 X200.54 Y184.051 E959.26035
;TIME_ELAPSED:2127.188414
;LAYER:412
;note -- min layer time used
M204 S3000
M205 X10 Y10
;MESH:15_7_1.stl
G0 F6000 X200.54 Y184.051 Z83.69
M204 S1800
M205 X8 Y8
;TYPE:WALL-OUTER
G1 F404 X199.46 Y184.051 E959.31369
G1 F402.7 X198.402 Y183.79 E959.3677
G1 F400.7 X197.444 Y183.288 E959.42157
G1 F401.3 X196.629 Y182.565 E959.47574
G1 F402 X196.014 Y181.672 E959.52956
G1 F400.7 X195.629 Y180.664 E959.58331
G1 X195.501 Y179.584 E959.63748
G1 X195.629 Y178.508 E959.69145
G1 X196.014 Y177.496 E959.74537
G1 F401.3 X196.63 Y176.604 E959.79928
G1 F400 X197.444 Y175.882 E959.85356
G1 X198.402 Y175.378 E959.90757
G1 F401.3 X199.46 Y175.119 E959.96173
G1 X200.54 Y175.119 E960.01543
G1 X201.597 Y175.378 E960.06954
G1 F400.7 X202.552 Y175.881 E960.1233
G1 F401.3 X203.367 Y176.603 E960.17744
G1 F402 X203.982 Y177.496 E960.23127
G1 F400.7 X204.367 Y178.508 E960.2852
G1 F402.7 X204.497 Y179.584 E960.33891
G1 F403.4 X204.367 Y180.664 E960.39273
G1 F402 X203.982 Y181.672 E960.44629
G1 F403.4 X203.368 Y182.566 E960.49995
G1 X202.553 Y183.289 E960.55385
G1 F401.3 X201.597 Y183.79 E960.60752
G1 F402 X200.54 Y184.051 E960.66156
;TIME_ELAPSED:2131.492206
;LAYER:413
;note -- min layer time used
M204 S3000
M205 X10 Y10
;MESH:15_7_1.stl
G0 F6000 X200.54 Y184.051 Z83.89
M204 S1800
M205 X8 Y8
;TYPE:WALL-OUTER
G1 F404 X199.46 Y184.051 E960.7149
G1 F402.7 X198.402 Y183.79 E960.76891
G1 F400.7 X197.444 Y183.288 E960.82278
G1 F401.3 X196.629 Y182.565 E960.87695
G1 F402 X196.014 Y181.672 E960.93078
G1 F400.7 X195.629 Y180.664 E960.98452
G1 X195.501 Y179.584 E961.03869
G1 X195.629 Y178.508 E961.09266
G1 X196.014 Y177.496 E961.14659
G1 F401.3 X196.63 Y176.604 E961.20049
G1 F400 X197.444 Y175.882 E961.25477
G1 X198.402 Y175.378 E961.30878
G1 F401.3 X199.46 Y175.119 E961.36294
G1 X200.54 Y175.119 E961.41664
G1 X201.597 Y175.378 E961.47075
G1 F400.7 X202.552 Y175.881 E961.52451
G1 F401.3 X203.367 Y176.603 E961.57865
G1 F402 X203.982 Y177.496 E961.63248
G1 F400.7 X204.367 Y178.508 E961.68641
G1 F402.7 X204.497 Y179.584 E961.74012
G1 F403.4 X204.367 Y180.664 E961.79394
G1 F402 X203.982 Y181.672 E961.8475
G1 F403.4 X203.368 Y182.566 E961.90116
G1 X202.553 Y183.289 E961.95506
G1 F401.3 X201.597 Y183.79 E962.00873
G1 F402 X200.54 Y184.051 E962.06277
;TIME_ELAPSED:2135.795999
;LAYER:414
;note -- min layer time used
M204 S3000
M205 X10 Y10
;MESH:15_7_1.stl
G0 F6000 X200.54 Y184.051 Z84.09
M204 S1800
M205 X8 Y8
;TYPE:WALL-OUTER
G1 F404 X199.46 Y184.051 E962.11612
G1 F402.7 X198.402 Y183.79 E962.17012
G1 F400.7 X197.444 Y183.288 E962.22399
G1 F401.3 X196.629 Y182.565 E962.27816
G1 F402 X196.014 Y181.672 E962.33199
G1 F400.7 X195.629 Y180.664 E962.38573
G1 X195.501 Y179.584 E962.4399
G1 X195.629 Y178.508 E962.49387
G1 X196.014 Y177.496 E962.5478
G1 F401.3 X196.63 Y176.604 E962.6017
G1 F400 X197.444 Y175.882 E962.65598
G1 X198.402 Y175.378 E962.70999
G1 F401.3 X199.46 Y175.119 E962.76415
G1 X200.54 Y175.119 E962.81785
G1 X201.597 Y175.378 E962.87196
G1 F400.7 X202.552 Y175.881 E962.92572
G1 F401.3 X203.367 Y176.603 E962.97986
G1 F402 X203.982 Y177.496 E963.03369
G1 F400.7 X204.367 Y178.508 E963.08762
G1 F402.7 X204.497 Y179.584 E963.14133
G1 F403.4 X204.367 Y180.664 E963.19515
G1 F402 X203.982 Y181.672 E963.24871
G1 F403.4 X203.368 Y182.566 E963.30237
G1 X202.553 Y183.289 E963.35627
G1 F401.3 X201.597 Y183.79 E963.40994
G1 F402 X200.54 Y184.051 E963.46398
;TIME_ELAPSED:2140.099791
;LAYER:415
;note -- min layer time used
M204 S3000
M205 X10 Y10
;MESH:15_7_1.stl
G0 F6000 X200.54 Y184.051 Z84.29
M204 S1800
M205 X8 Y8
;TYPE:WALL-OUTER
G1 F404 X199.46 Y184.051 E963.51733
G1 F402.7 X198.402 Y183.79 E963.57133
G1 F400.7 X197.444 Y183.288 E963.6252
G1 F401.3 X196.629 Y182.565 E963.67937
G1 F402 X196.014 Y181.672 E963.7332
G1 F400.7 X195.629 Y180.664 E963.78694
G1 X195.501 Y179.584 E963.84111
G1 X195.629 Y178.508 E963.89508
G1 X196.014 Y177.496 E963.94901
G1 F401.3 X196.63 Y176.604 E964.00291
G1 F400 X197.444 Y175.882 E964.05719
G1 X198.402 Y175.378 E964.1112
G1 F401.3 X199.46 Y175.119 E964.16536
G1 X200.54 Y175.119 E964.21906
G1 X201.597 Y175.378 E964.27317
G1 F400.7 X202.552 Y175.881 E964.32693
G1 F401.3 X203.367 Y176.603 E964.38107
G1 F402 X203.982 Y177.496 E964.4349
G1 F400.7 X204.367 Y178.508 E964.48883
G1 F402.7 X204.497 Y179.584 E964.54254
G1 F403.4 X204.367 Y180.664 E964.59636
G1 F402 X203.982 Y181.672 E964.64992
G1 F403.4 X203.368 Y182.566 E964.70358
G1 X202.553 Y183.289 E964.75748
G1 F401.3 X201.597 Y183.79 E964.81115
G1 F402 X200.54 Y184.051 E964.86519
;TIME_ELAPSED:2144.403583
;LAYER:416
;note -- min layer time used
M204 S3000
M205 X10 Y10
;MESH:15_7_1.stl
G0 F6000 X200.54 Y184.051 Z84.49
M204 S1800
M205 X8 Y8
;TYPE:WALL-OUTER
G1 F404 X199.46 Y184.051 E964.91854
G1 F402.7 X198.402 Y183.79 E964.97254
G1 F400.7 X197.444 Y183.288 E965.02641
G1 F401.3 X196.629 Y182.565 E965.08058
G1 F402 X196.014 Y181.672 E965.13441
G1 F400.7 X195.629 Y180.664 E965.18815
G1 X195.501 Y179.584 E965.24232
G1 X195.629 Y178.508 E965.29629
G1 X196.014 Y177.496 E965.35022
G1 F401.3 X196.63 Y176.604 E965.40412
G1 F400 X197.444 Y175.882 E965.4584
G1 X198.402 Y175.378 E965.51241
G1 F401.3 X199.46 Y175.119 E965.56657
G1 X200.54 Y175.119 E965.62027
G1 X201.597 Y175.378 E965.67439
G1 F400.7 X202.552 Y175.881 E965.72815
G1 F401.3 X203.367 Y176.603 E965.78229
G1 F402 X203.982 Y177.496 E965.83611
G1 F400.7 X204.367 Y178.508 E965.89004
G1 F402.7 X204.497 Y179.584 E965.94375
G1 F403.4 X204.367 Y180.664 E965.99757
G1 F402 X203.982 Y181.672 E966.05113
G1 F403.4 X203.368 Y182.566 E966.10479
G1 X202.553 Y183.289 E966.15869
G1 F401.3 X201.597 Y183.79 E966.21236
G1 F402 X200.54 Y184.051 E966.26641
;TIME_ELAPSED:2148.707375
;LAYER:417
;note -- min layer time used
M204 S3000
M205 X10 Y10
;MESH:15_7_1.stl
G0 F6000 X200.54 Y184.051 Z84.69
M204 S1800
M205 X8 Y8
;TYPE:WALL-OUTER
G1 F404 X199.46 Y184.051 E966.31975
G1 F402.7 X198.402 Y183.79 E966.37375
G1 F400.7 X197.444 Y183.288 E966.42762
G1 F401.3 X196.629 Y182.565 E966.48179
G1 F402 X196.014 Y181.672 E966.53562
G1 F400.7 X195.629 Y180.664 E966.58936
G1 X195.501 Y179.584 E966.64353
G1 X195.629 Y178.508 E966.6975
G1 X196.014 Y177.496 E966.75143
G1 F401.3 X196.63 Y176.604 E966.80533
G1 F400 X197.444 Y175.882 E966.85961
G1 X198.402 Y175.378 E966.91362
G1 F401.3 X199.46 Y175.119 E966.96778
G1 X200.54 Y175.119 E967.02148
G1 X201.597 Y175.378 E967.0756
G1 F400.7 X202.552 Y175.881 E967.12936
G1 F401.3 X203.367 Y176.603 E967.1835
G1 F402 X203.982 Y177.496 E967.23732
G1 F400.7 X204.367 Y178.508 E967.29125
G1 F402.7 X204.497 Y179.584 E967.34496
G1 F403.4 X204.367 Y180.664 E967.39878
G1 F402 X203.982 Y181.672 E967.45234
G1 F403.4 X203.368 Y182.566 E967.506
G1 X202.553 Y183.289 E967.5599
G1 F401.3 X201.597 Y183.79 E967.61357
G1 F402 X200.54 Y184.051 E967.66762
;TIME_ELAPSED:2153.011167
;LAYER:418
;note -- min layer time used
M204 S3000
M205 X10 Y10
;MESH:15_7_1.stl
G0 F6000 X200.54 Y184.051 Z84.89
M204 S1800
M205 X8 Y8
;TYPE:WALL-OUTER
G1 F404 X199.46 Y184.051 E967.72096
G1 F402.7 X198.402 Y183.79 E967.77496
G1 F400.7 X197.444 Y183.288 E967.82883
G1 F401.3 X196.629 Y182.565 E967.883
G1 F402 X196.014 Y181.672 E967.93683
G1 F400.7 X195.629 Y180.664 E967.99057
G1 X195.501 Y179.584 E968.04474
G1 X195.629 Y178.508 E968.09871
G1 X196.014 Y177.496 E968.15264
G1 F401.3 X196.63 Y176.604 E968.20654
G1 F400 X197.444 Y175.882 E968.26083
G1 X198.402 Y175.378 E968.31483
G1 F401.3 X199.46 Y175.119 E968.36899
G1 X200.54 Y175.119 E968.42269
G1 X201.597 Y175.378 E968.47681
G1 F400.7 X202.552 Y175.881 E968.53057
G1 F401.3 X203.367 Y176.603 E968.58471
G1 F402 X203.982 Y177.496 E968.63853
G1 F400.7 X204.367 Y178.508 E968.69246
G1 F402.7 X204.497 Y179.584 E968.74617
G1 F403.4 X204.367 Y180.664 E968.79999
G1 F402 X203.982 Y181.672 E968.85355
G1 F403.4 X203.368 Y182.566 E968.90721
G1 X202.553 Y183.289 E968.96111
G1 F401.3 X201.597 Y183.79 E969.01478
G1 F402 X200.54 Y184.051 E969.06883
;TIME_ELAPSED:2157.314959
;LAYER:419
;note -- min layer time used
M204 S3000
M205 X10 Y10
;MESH:15_7_1.stl
G0 F6000 X200.54 Y184.051 Z85.09
M204 S1800
M205 X8 Y8
;TYPE:WALL-OUTER
G1 F404 X199.46 Y184.051 E969.12217
G1 F402.7 X198.402 Y183.79 E969.17617
G1 F400.7 X197.444 Y183.288 E969.23004
G1 F401.3 X196.629 Y182.565 E969.28422
G1 F402 X196.014 Y181.672 E969.33804
G1 F400.7 X195.629 Y180.664 E969.39178
G1 X195.501 Y179.584 E969.44595
G1 X195.629 Y178.508 E969.49992
G1 X196.014 Y177.496 E969.55385
G1 F401.3 X196.63 Y176.604 E969.60775
G1 F400 X197.444 Y175.882 E969.66204
G1 X198.402 Y175.378 E969.71604
G1 F401.3 X199.46 Y175.119 E969.7702
G1 X200.54 Y175.119 E969.82391
G1 X201.597 Y175.378 E969.87802
G1 F400.7 X202.552 Y175.881 E969.93178
G1 F401.3 X203.367 Y176.603 E969.98592
G1 F402 X203.982 Y177.496 E970.03974
G1 F400.7 X204.367 Y178.508 E970.09367
G1 F402.7 X204.497 Y179.584 E970.14738
G1 F403.4 X204.367 Y180.664 E970.2012
G1 F402 X203.982 Y181.672 E970.25477
G1 F403.4 X203.368 Y182.566 E970.30842
G1 X202.553 Y183.289 E970.36232
G1 F401.3 X201.597 Y183.79 E970.41599
G1 F402 X200.54 Y184.051 E970.47004
;TIME_ELAPSED:2161.618752
;LAYER:420
;note -- min layer time used
M204 S3000
M205 X10 Y10
;MESH:15_7_1.stl
G0 F6000 X200.54 Y184.051 Z85.29
M204 S1800
M205 X8 Y8
;TYPE:WALL-OUTER
G1 F404 X199.46 Y184.051 E970.52338
G1 F402.7 X198.402 Y183.79 E970.57738
G1 F400.7 X197.444 Y183.288 E970.63125
G1 F401.3 X196.629 Y182.565 E970.68543
G1 F402 X196.014 Y181.672 E970.73925
G1 F400.7 X195.629 Y180.664 E970.79299
G1 X195.501 Y179.584 E970.84716
G1 X195.629 Y178.508 E970.90113
G1 X196.014 Y177.496 E970.95506
G1 F401.3 X196.63 Y176.604 E971.00896
G1 F400 X197.444 Y175.882 E971.06325
G1 X198.402 Y175.378 E971.11725
G1 F401.3 X199.46 Y175.119 E971.17141
G1 X200.54 Y175.119 E971.22512
G1 X201.597 Y175.378 E971.27923
G1 F400.7 X202.552 Y175.881 E971.33299
G1 F401.3 X203.367 Y176.603 E971.38713
G1 F402 X203.982 Y177.496 E971.44095
G1 F400.7 X204.367 Y178.508 E971.49488
G1 F402.7 X204.497 Y179.584 E971.54859
G1 F403.4 X204.367 Y180.664 E971.60241
G1 F402 X203.982 Y181.672 E971.65598
G1 F403.4 X203.368 Y182.566 E971.70963
G1 X202.553 Y183.289 E971.76353
G1 F401.3 X201.597 Y183.79 E971.8172
G1 F402 X200.54 Y184.051 E971.87125
;TIME_ELAPSED:2165.922544
;LAYER:421
;note -- min layer time used
M204 S3000
M205 X10 Y10
;MESH:15_7_1.stl
G0 F6000 X200.54 Y184.051 Z85.49
M204 S1800
M205 X8 Y8
;TYPE:WALL-OUTER
G1 F404 X199.46 Y184.051 E971.92459
G1 F402.7 X198.402 Y183.79 E971.9786
G1 F400.7 X197.444 Y183.288 E972.03246
G1 F401.3 X196.629 Y182.565 E972.08664
G1 F402 X196.014 Y181.672 E972.14046
G1 F400.7 X195.629 Y180.664 E972.19421
G1 X195.501 Y179.584 E972.24837
G1 X195.629 Y178.508 E972.30234
G1 X196.014 Y177.496 E972.35627
G1 F401.3 X196.63 Y176.604 E972.41017
G1 F400 X197.444 Y175.882 E972.46446
G1 X198.402 Y175.378 E972.51846
G1 F401.3 X199.46 Y175.119 E972.57263
G1 X200.54 Y175.119 E972.62633
G1 X201.597 Y175.378 E972.68044
G1 F400.7 X202.552 Y175.881 E972.7342
G1 F401.3 X203.367 Y176.603 E972.78834
G1 F402 X203.982 Y177.496 E972.84216
G1 F400.7 X204.367 Y178.508 E972.89609
G1 F402.7 X204.497 Y179.584 E972.94981
G1 F403.4 X204.367 Y180.664 E973.00362
G1 F402 X203.982 Y181.672 E973.05719
G1 F403.4 X203.368 Y182.566 E973.11084
G1 X202.553 Y183.289 E973.16475
G1 F401.3 X201.597 Y183.79 E973.21841
G1 F402 X200.54 Y184.051 E973.27246
;TIME_ELAPSED:2170.226336
;LAYER:422
;note -- min layer time used
M204 S3000
M205 X10 Y10
;MESH:15_7_1.stl
G0 F6000 X200.54 Y184.051 Z85.69
M204 S1800
M205 X8 Y8
;TYPE:WALL-OUTER
G1 F404 X199.46 Y184.051 E973.3258
G1 F402.7 X198.402 Y183.79 E973.37981
G1 F400.7 X197.444 Y183.288 E973.43368
G1 F401.3 X196.629 Y182.565 E973.48785
G1 F402 X196.014 Y181.672 E973.54167
G1 F400.7 X195.629 Y180.664 E973.59542
G1 X195.501 Y179.584 E973.64958
G1 X195.629 Y178.508 E973.70355
G1 X196.014 Y177.496 E973.75748
G1 F401.3 X196.63 Y176.604 E973.81139
G1 F400 X197.444 Y175.882 E973.86567
G1 X198.402 Y175.378 E973.91967
G1 F401.3 X199.46 Y175.119 E973.97384
G1 X200.54 Y175.119 E974.02754
G1 X201.597 Y175.378 E974.08165
G1 F400.7 X202.552 Y175.881 E974.13541
G1 F401.3 X203.367 Y176.603 E974.18955
G1 F402 X203.982 Y177.496 E974.24338
G1 F400.7 X204.367 Y178.508 E974.2973
G1 F402.7 X204.497 Y179.584 E974.35102
G1 F403.4 X204.367 Y180.664 E974.40483
G1 F402 X203.982 Y181.672 E974.4584
G1 F403.4 X203.368 Y182.566 E974.51206
G1 X202.553 Y183.289 E974.56596
G1 F401.3 X201.597 Y183.79 E974.61962
G1 F402 X200.54 Y184.051 E974.67367
;TIME_ELAPSED:2174.530128
;LAYER:423
;note -- min layer time used
M204 S3000
M205 X10 Y10
;MESH:15_7_1.stl
G0 F6000 X200.54 Y184.051 Z85.89
M204 S1800
M205 X8 Y8
;TYPE:WALL-OUTER
G1 F404 X199.46 Y184.051 E974.72701
G1 F402.7 X198.402 Y183.79 E974.78102
G1 F400.7 X197.444 Y183.288 E974.83489
G1 F401.3 X196.629 Y182.565 E974.88906
G1 F402 X196.014 Y181.672 E974.94288
G1 F400.7 X195.629 Y180.664 E974.99663
G1 X195.501 Y179.584 E975.05079
G1 X195.629 Y178.508 E975.10477
G1 X196.014 Y177.496 E975.15869
G1 F401.3 X196.63 Y176.604 E975.2126
G1 F400 X197.444 Y175.882 E975.26688
G1 X198.402 Y175.378 E975.32089
G1 F401.3 X199.46 Y175.119 E975.37505
G1 X200.54 Y175.119 E975.42875
G1 X201.597 Y175.378 E975.48286
G1 F400.7 X202.552 Y175.881 E975.53662
G1 F401.3 X203.367 Y176.603 E975.59076
G1 F402 X203.982 Y177.496 E975.64459
G1 F400.7 X204.367 Y178.508 E975.69852
G1 F402.7 X204.497 Y179.584 E975.75223
G1 F403.4 X204.367 Y180.664 E975.80605
G1 F402 X203.982 Y181.672 E975.85961
G1 F403.4 X203.368 Y182.566 E975.91327
G1 X202.553 Y183.289 E975.96717
G1 F401.3 X201.597 Y183.79 E976.02084
G1 F402 X200.54 Y184.051 E976.07488
;TIME_ELAPSED:2178.833920
;LAYER:424
;note -- min layer time used
M204 S3000
M205 X10 Y10
;MESH:15_7_1.stl
G0 F6000 X200.54 Y184.051 Z86.09
M204 S1800
M205 X8 Y8
;TYPE:WALL-OUTER
G1 F404 X199.46 Y184.051 E976.12822
G1 F402.7 X198.402 Y183.79 E976.18223
G1 F400.7 X197.444 Y183.288 E976.2361
G1 F401.3 X196.629 Y182.565 E976.29027
G1 F402 X196.014 Y181.672 E976.34409
G1 F400.7 X195.629 Y180.664 E976.39784
G1 X195.501 Y179.584 E976.45201
G1 X195.629 Y178.508 E976.50598
G1 X196.014 Y177.496 E976.55991
G1 F401.3 X196.63 Y176.604 E976.61381
G1 F400 X197.444 Y175.882 E976.66809
G1 X198.402 Y175.378 E976.7221
G1 F401.3 X199.46 Y175.119 E976.77626
G1 X200.54 Y175.119 E976.82996
G1 X201.597 Y175.378 E976.88407
G1 F400.7 X202.552 Y175.881 E976.93783
G1 F401.3 X203.367 Y176.603 E976.99197
G1 F402 X203.982 Y177.496 E977.0458
G1 F400.7 X204.367 Y178.508 E977.09973
G1 F402.7 X204.497 Y179.584 E977.15344
G1 F403.4 X204.367 Y180.664 E977.20726
G1 F402 X203.982 Y181.672 E977.26082
G1 F403.4 X203.368 Y182.566 E977.31448
G1 X202.553 Y183.289 E977.36838
G1 F401.3 X201.597 Y183.79 E977.42205
G1 F402 X200.54 Y184.051 E977.47609
;TIME_ELAPSED:2183.137712
;LAYER:425
;note -- min layer time used
M204 S3000
M205 X10 Y10
;MESH:15_7_1.stl
G0 F6000 X200.54 Y184.051 Z86.29
M204 S1800
M205 X8 Y8
;TYPE:WALL-OUTER
G1 F404 X199.46 Y184.051 E977.52943
G1 F402.7 X198.402 Y183.79 E977.58344
G1 F400.7 X197.444 Y183.288 E977.63731
G1 F401.3 X196.629 Y182.565 E977.69148
G1 F402 X196.014 Y181.672 E977.74531
G1 F400.7 X195.629 Y180.664 E977.79905
G1 X195.501 Y179.584 E977.85322
G1 X195.629 Y178.508 E977.90719
G1 X196.014 Y177.496 E977.96112
G1 F401.3 X196.63 Y176.604 E978.01502
G1 F400 X197.444 Y175.882 E978.0693
G1 X198.402 Y175.378 E978.12331
G1 F401.3 X199.46 Y175.119 E978.17747
G1 X200.54 Y175.119 E978.23117
G1 X201.597 Y175.378 E978.28528
G1 F400.7 X202.552 Y175.881 E978.33904
G1 F401.3 X203.367 Y176.603 E978.39318
G1 F402 X203.982 Y177.496 E978.44701
G1 F400.7 X204.367 Y178.508 E978.50094
G1 F402.7 X204.497 Y179.584 E978.55465
G1 F403.4 X204.367 Y180.664 E978.60847
G1 F402 X203.982 Y181.672 E978.66203
G1 F403.4 X203.368 Y182.566 E978.71569
G1 X202.553 Y183.289 E978.76959
G1 F401.3 X201.597 Y183.79 E978.82326
G1 F402 X200.54 Y184.051 E978.8773
;TIME_ELAPSED:2187.441505
;LAYER:426
;note -- min layer time used
M204 S3000
M205 X10 Y10
;MESH:15_7_1.stl
G0 F6000 X200.54 Y184.051 Z86.49
M204 S1800
M205 X8 Y8
;TYPE:WALL-OUTER
G1 F404 X199.46 Y184.051 E978.93065
G1 F402.7 X198.402 Y183.79 E978.98465
G1 F400.7 X197.444 Y183.288 E979.03852
G1 F401.3 X196.629 Y182.565 E979.09269
G1 F402 X196.014 Y181.672 E979.14652
G1 F400.7 X195.629 Y180.664 E979.20026
G1 X195.501 Y179.584 E979.25443
G1 X195.629 Y178.508 E979.3084
G1 X196.014 Y177.496 E979.36233
G1 F401.3 X196.63 Y176.604 E979.41623
G1 F400 X197.444 Y175.882 E979.47051
G1 X198.402 Y175.378 E979.52452
G1 F401.3 X199.46 Y175.119 E979.57868
G1 X200.54 Y175.119 E979.63238
G1 X201.597 Y175.378 E979.68649
G1 F400.7 X202.552 Y175.881 E979.74025
G1 F401.3 X203.367 Y176.603 E979.79439
G1 F402 X203.982 Y177.496 E979.84822
G1 F400.7 X204.367 Y178.508 E979.90215
G1 F402.7 X204.497 Y179.584 E979.95586
G1 F403.4 X204.367 Y180.664 E980.00968
G1 F402 X203.982 Y181.672 E980.06324
G1 F403.4 X203.368 Y182.566 E980.1169
G1 X202.553 Y183.289 E980.1708
G1 F401.3 X201.597 Y183.79 E980.22447
G1 F402 X200.54 Y184.051 E980.27851
;TIME_ELAPSED:2191.745297
;LAYER:427
;note -- min layer time used
M204 S3000
M205 X10 Y10
;MESH:15_7_1.stl
G0 F6000 X200.54 Y184.051 Z86.69
M204 S1800
M205 X8 Y8
;TYPE:WALL-OUTER
G1 F404 X199.46 Y184.051 E980.33186
G1 F402.7 X198.402 Y183.79 E980.38586
G1 F400.7 X197.444 Y183.288 E980.43973
G1 F401.3 X196.629 Y182.565 E980.4939
G1 F402 X196.014 Y181.672 E980.54773
G1 F400.7 X195.629 Y180.664 E980.60147
G1 X195.501 Y179.584 E980.65564
G1 X195.629 Y178.508 E980.70961
G1 X196.014 Y177.496 E980.76354
G1 F401.3 X196.63 Y176.604 E980.81744
G1 F400 X197.444 Y175.882 E980.87172
G1 X198.402 Y175.378 E980.92573
G1 F401.3 X199.46 Y175.119 E980.97989
G1 X200.54 Y175.119 E981.03359
G1 X201.597 Y175.378 E981.08771
G1 F400.7 X202.552 Y175.881 E981.14147
G1 F401.3 X203.367 Y176.603 E981.19561
G1 F402 X203.982 Y177.496 E981.24943
G1 F400.7 X204.367 Y178.508 E981.30336
G1 F402.7 X204.497 Y179.584 E981.35707
G1 F403.4 X204.367 Y180.664 E981.41089
G1 F402 X203.982 Y181.672 E981.46445
G1 F403.4 X203.368 Y182.566 E981.51811
G1 X202.553 Y183.289 E981.57201
G1 F401.3 X201.597 Y183.79 E981.62568
G1 F402 X200.54 Y184.051 E981.67972
;TIME_ELAPSED:2196.049089
;LAYER:428
;note -- min layer time used
M204 S3000
M205 X10 Y10
;MESH:15_7_1.stl
G0 F6000 X200.54 Y184.051 Z86.89
M204 S1800
M205 X8 Y8
;TYPE:WALL-OUTER
G1 F404 X199.46 Y184.051 E981.73307
G1 F402.7 X198.402 Y183.79 E981.78707
G1 F400.7 X197.444 Y183.288 E981.84094
G1 F401.3 X196.629 Y182.565 E981.89511
G1 F402 X196.014 Y181.672 E981.94894
G1 F400.7 X195.629 Y180.664 E982.00268
G1 X195.501 Y179.584 E982.05685
G1 X195.629 Y178.508 E982.11082
G1 X196.014 Y177.496 E982.16475
G1 F401.3 X196.63 Y176.604 E982.21865
G1 F400 X197.444 Y175.882 E982.27293
G1 X198.402 Y175.378 E982.32694
G1 F401.3 X199.46 Y175.119 E982.3811
G1 X200.54 Y175.119 E982.4348
G1 X201.597 Y175.378 E982.48892
G1 F400.7 X202.552 Y175.881 E982.54268
G1 F401.3 X203.367 Y176.603 E982.59682
G1 F402 X203.982 Y177.496 E982.65064
G1 F400.7 X204.367 Y178.508 E982.70457
G1 F402.7 X204.497 Y179.584 E982.75828
G1 F403.4 X204.367 Y180.664 E982.8121
G1 F402 X203.982 Y181.672 E982.86566
G1 F403.4 X203.368 Y182.566 E982.91932
G1 X202.553 Y183.289 E982.97322
G1 F401.3 X201.597 Y183.79 E983.02689
G1 F402 X200.54 Y184.051 E983.08094
;TIME_ELAPSED:2200.352881
;LAYER:429
;note -- min layer time used
M204 S3000
M205 X10 Y10
;MESH:15_7_1.stl
G0 F6000 X200.54 Y184.051 Z87.09
M204 S1800
M205 X8 Y8
;TYPE:WALL-OUTER
G1 F404 X199.46 Y184.051 E983.13428
G1 F402.7 X198.402 Y183.79 E983.18828
G1 F400.7 X197.444 Y183.288 E983.24215
G1 F401.3 X196.629 Y182.565 E983.29632
G1 F402 X196.014 Y181.672 E983.35015
G1 F400.7 X195.629 Y180.664 E983.40389
G1 X195.501 Y179.584 E983.45806
G1 X195.629 Y178.508 E983.51203
G1 X196.014 Y177.496 E983.56596
G1 F401.3 X196.63 Y176.604 E983.61986
G1 F400 X197.444 Y175.882 E983.67415
G1 X198.402 Y175.378 E983.72815
G1 F401.3 X199.46 Y175.119 E983.78231
G1 X200.54 Y175.119 E983.83601
G1 X201.597 Y175.378 E983.89013
G1 F400.7 X202.552 Y175.881 E983.94389
G1 F401.3 X203.367 Y176.603 E983.99803
G1 F402 X203.982 Y177.496 E984.05185
G1 F400.7 X204.367 Y178.508 E984.10578
G1 F402.7 X204.497 Y179.584 E984.15949
G1 F403.4 X204.367 Y180.664 E984.21331
G1 F402 X203.982 Y181.672 E984.26687
G1 F403.4 X203.368 Y182.566 E984.32053
G1 X202.553 Y183.289 E984.37443
G1 F401.3 X201.597 Y183.79 E984.4281
G1 F402 X200.54 Y184.051 E984.48215
;TIME_ELAPSED:2204.656673
;LAYER:430
;note -- min layer time used
M204 S3000
M205 X10 Y10
;MESH:15_7_1.stl
G0 F6000 X200.54 Y184.051 Z87.29
M204 S1800
M205 X8 Y8
;TYPE:WALL-OUTER
G1 F404 X199.46 Y184.051 E984.53549
G1 F402.7 X198.402 Y183.79 E984.58949
G1 F400.7 X197.444 Y183.288 E984.64336
G1 F401.3 X196.629 Y182.565 E984.69754
G1 F402 X196.014 Y181.672 E984.75136
G1 F400.7 X195.629 Y180.664 E984.8051
G1 X195.501 Y179.584 E984.85927
G1 X195.629 Y178.508 E984.91324
G1 X196.014 Y177.496 E984.96717
G1 F401.3 X196.63 Y176.604 E985.02107
G1 F400 X197.444 Y175.882 E985.07536
G1 X198.402 Y175.378 E985.12936
G1 F401.3 X199.46 Y175.119 E985.18352
G1 X200.54 Y175.119 E985.23722
G1 X201.597 Y175.378 E985.29134
G1 F400.7 X202.552 Y175.881 E985.3451
G1 F401.3 X203.367 Y176.603 E985.39924
G1 F402 X203.982 Y177.496 E985.45306
G1 F400.7 X204.367 Y178.508 E985.50699
G1 F402.7 X204.497 Y179.584 E985.5607
G1 F403.4 X204.367 Y180.664 E985.61452
G1 F402 X203.982 Y181.672 E985.66808
G1 F403.4 X203.368 Y182.566 E985.72174
G1 X202.553 Y183.289 E985.77564
G1 F401.3 X201.597 Y183.79 E985.82931
G1 F402 X200.54 Y184.051 E985.88336
;TIME_ELAPSED:2208.960465
;LAYER:431
;note -- min layer time used
M204 S3000
M205 X10 Y10
;MESH:15_7_1.stl
G0 F6000 X200.54 Y184.051 Z87.49
M204 S1800
M205 X8 Y8
;TYPE:WALL-OUTER
G1 F404 X199.46 Y184.051 E985.9367
G1 F402.7 X198.402 Y183.79 E985.9907
G1 F400.7 X197.444 Y183.288 E986.04457
G1 F401.3 X196.629 Y182.565 E986.09875
G1 F402 X196.014 Y181.672 E986.15257
G1 F400.7 X195.629 Y180.664 E986.20631
G1 X195.501 Y179.584 E986.26048
G1 X195.629 Y178.508 E986.31445
G1 X196.014 Y177.496 E986.36838
G1 F401.3 X196.63 Y176.604 E986.42228
G1 F400 X197.444 Y175.882 E986.47657
G1 X198.402 Y175.378 E986.53057
G1 F401.3 X199.46 Y175.119 E986.58473
G1 X200.54 Y175.119 E986.63844
G1 X201.597 Y175.378 E986.69255
G1 F400.7 X202.552 Y175.881 E986.74631
G1 F401.3 X203.367 Y176.603 E986.80045
G1 F402 X203.982 Y177.496 E986.85427
G1 F400.7 X204.367 Y178.508 E986.9082
G1 F402.7 X204.497 Y179.584 E986.96191
G1 F403.4 X204.367 Y180.664 E987.01573
G1 F402 X203.982 Y181.672 E987.0693
G1 F403.4 X203.368 Y182.566 E987.12295
G1 X202.553 Y183.289 E987.17685
G1 F401.3 X201.597 Y183.79 E987.23052
G1 F402 X200.54 Y184.051 E987.28457
;TIME_ELAPSED:2213.264258
;LAYER:432
;note -- min layer time used
M204 S3000
M205 X10 Y10
;MESH:15_7_1.stl
G0 F6000 X200.54 Y184.051 Z87.69
M204 S1800
M205 X8 Y8
;TYPE:WALL-OUTER
G1 F404 X199.46 Y184.051 E987.33791
G1 F402.7 X198.402 Y183.79 E987.39191
G1 F400.7 X197.444 Y183.288 E987.44578
G1 F401.3 X196.629 Y182.565 E987.49996
G1 F402 X196.014 Y181.672 E987.55378
G1 F400.7 X195.629 Y180.664 E987.60752
G1 X195.501 Y179.584 E987.66169
G1 X195.629 Y178.508 E987.71566
G1 X196.014 Y177.496 E987.76959
G1 F401.3 X196.63 Y176.604 E987.82349
G1 F400 X197.444 Y175.882 E987.87778
G1 X198.402 Y175.378 E987.93178
G1 F401.3 X199.46 Y175.119 E987.98594
G1 X200.54 Y175.119 E988.03965
G1 X201.597 Y175.378 E988.09376
G1 F400.7 X202.552 Y175.881 E988.14752
G1 F401.3 X203.367 Y176.603 E988.20166
G1 F402 X203.982 Y177.496 E988.25548
G1 F400.7 X204.367 Y178.508 E988.30941
G1 F402.7 X204.497 Y179.584 E988.36313
G1 F403.4 X204.367 Y180.664 E988.41694
G1 F402 X203.982 Y181.672 E988.47051
G1 F403.4 X203.368 Y182.566 E988.52416
G1 X202.553 Y183.289 E988.57806
G1 F401.3 X201.597 Y183.79 E988.63173
G1 F402 X200.54 Y184.051 E988.68578
;TIME_ELAPSED:2217.568050
;LAYER:433
;note -- min layer time used
M204 S3000
M205 X10 Y10
;MESH:15_7_1.stl
G0 F6000 X200.54 Y184.051 Z87.89
M204 S1800
M205 X8 Y8
;TYPE:WALL-OUTER
G1 F404 X199.46 Y184.051 E988.73912
G1 F402.7 X198.402 Y183.79 E988.79313
G1 F400.7 X197.444 Y183.288 E988.84699
G1 F401.3 X196.629 Y182.565 E988.90117
G1 F402 X196.014 Y181.672 E988.95499
G1 F400.7 X195.629 Y180.664 E989.00874
G1 X195.501 Y179.584 E989.0629
G1 X195.629 Y178.508 E989.11687
G1 X196.014 Y177.496 E989.1708
G1 F401.3 X196.63 Y176.604 E989.22471
G1 F400 X197.444 Y175.882 E989.27899
G1 X198.402 Y175.378 E989.33299
G1 F401.3 X199.46 Y175.119 E989.38716
G1 X200.54 Y175.119 E989.44086
G1 X201.597 Y175.378 E989.49497
G1 F400.7 X202.552 Y175.881 E989.54873
G1 F401.3 X203.367 Y176.603 E989.60287
G1 F402 X203.982 Y177.496 E989.6567
G1 F400.7 X204.367 Y178.508 E989.71062
G1 F402.7 X204.497 Y179.584 E989.76434
G1 F403.4 X204.367 Y180.664 E989.81815
G1 F402 X203.982 Y181.672 E989.87172
G1 F403.4 X203.368 Y182.566 E989.92537
G1 X202.553 Y183.289 E989.97928
G1 F401.3 X201.597 Y183.79 E990.03294
G1 F402 X200.54 Y184.051 E990.08699
;TIME_ELAPSED:2221.871842
;LAYER:434
;note -- min layer time used
M204 S3000
M205 X10 Y10
;MESH:15_7_1.stl
G0 F6000 X200.54 Y184.051 Z88.09
M204 S1800
M205 X8 Y8
;TYPE:WALL-OUTER
G1 F404 X199.46 Y184.051 E990.14033
G1 F402.7 X198.402 Y183.79 E990.19434
G1 F400.7 X197.444 Y183.288 E990.24821
G1 F401.3 X196.629 Y182.565 E990.30238
G1 F402 X196.014 Y181.672 E990.3562
G1 F400.7 X195.629 Y180.664 E990.40995
G1 X195.501 Y179.584 E990.46411
G1 X195.629 Y178.508 E990.51808
G1 X196.014 Y177.496 E990.57201
G1 F401.3 X196.63 Y176.604 E990.62592
G1 F400 X197.444 Y175.882 E990.6802
G1 X198.402 Y175.378 E990.73421
G1 F401.3 X199.46 Y175.119 E990.78837
G1 X200.54 Y175.119 E990.84207
G1 X201.597 Y175.378 E990.89618
G1 F400.7 X202.552 Y175.881 E990.94994
G1 F401.3 X203.367 Y176.603 E991.00408
G1 F402 X203.982 Y177.496 E991.05791
G1 F400.7 X204.367 Y178.508 E991.11183
G1 F402.7 X204.497 Y179.584 E991.16555
G1 F403.4 X204.367 Y180.664 E991.21936
G1 F402 X203.982 Y181.672 E991.27293
G1 F403.4 X203.368 Y182.566 E991.32659
G1 X202.553 Y183.289 E991.38049
G1 F401.3 X201.597 Y183.79 E991.43415
G1 F402 X200.54 Y184.051 E991.4882
;TIME_ELAPSED:2226.175634
;LAYER:435
;note -- min layer time used
M204 S3000
M205 X10 Y10
;MESH:15_7_1.stl
G0 F6000 X200.54 Y184.051 Z88.29
M204 S1800
M205 X8 Y8
;TYPE:WALL-OUTER
G1 F404 X199.46 Y184.051 E991.54154
G1 F402.7 X198.402 Y183.79 E991.59555
G1 F400.7 X197.444 Y183.288 E991.64942
G1 F401.3 X196.629 Y182.565 E991.70359
G1 F402 X196.014 Y181.672 E991.75741
G1 F400.7 X195.629 Y180.664 E991.81116
G1 X195.501 Y179.584 E991.86533
G1 X195.629 Y178.508 E991.9193
G1 X196.014 Y177.496 E991.97322
G1 F401.3 X196.63 Y176.604 E992.02713
G1 F400 X197.444 Y175.882 E992.08141
G1 X198.402 Y175.378 E992.13542
G1 F401.3 X199.46 Y175.119 E992.18958
G1 X200.54 Y175.119 E992.24328
G1 X201.597 Y175.378 E992.29739
G1 F400.7 X202.552 Y175.881 E992.35115
G1 F401.3 X203.367 Y176.603 E992.40529
G1 F402 X203.982 Y177.496 E992.45912
G1 F400.7 X204.367 Y178.508 E992.51305
G1 F402.7 X204.497 Y179.584 E992.56676
G1 F403.4 X204.367 Y180.664 E992.62058
G1 F402 X203.982 Y181.672 E992.67414
G1 F403.4 X203.368 Y182.566 E992.7278
G1 X202.553 Y183.289 E992.7817
G1 F401.3 X201.597 Y183.79 E992.83537
G1 F402 X200.54 Y184.051 E992.88941
;TIME_ELAPSED:2230.479426
;LAYER:436
;note -- min layer time used
M204 S3000
M205 X10 Y10
;MESH:15_7_1.stl
G0 F6000 X200.54 Y184.051 Z88.49
M204 S1800
M205 X8 Y8
;TYPE:WALL-OUTER
G1 F404 X199.46 Y184.051 E992.94275
G1 F402.7 X198.402 Y183.79 E992.99676
G1 F400.7 X197.444 Y183.288 E993.05063
G1 F401.3 X196.629 Y182.565 E993.1048
G1 F402 X196.014 Y181.672 E993.15863
G1 F400.7 X195.629 Y180.664 E993.21237
G1 X195.501 Y179.584 E993.26654
G1 X195.629 Y178.508 E993.32051
G1 X196.014 Y177.496 E993.37444
G1 F401.3 X196.63 Y176.604 E993.42834
G1 F400 X197.444 Y175.882 E993.48262
G1 X198.402 Y175.378 E993.53663
G1 F401.3 X199.46 Y175.119 E993.59079
G1 X200.54 Y175.119 E993.64449
G1 X201.597 Y175.378 E993.6986
G1 F400.7 X202.552 Y175.881 E993.75236
G1 F401.3 X203.367 Y176.603 E993.8065
G1 F402 X203.982 Y177.496 E993.86033
G1 F400.7 X204.367 Y178.508 E993.91426
G1 F402.7 X204.497 Y179.584 E993.96797
G1 F403.4 X204.367 Y180.664 E994.02179
G1 F402 X203.982 Y181.672 E994.07535
G1 F403.4 X203.368 Y182.566 E994.12901
G1 X202.553 Y183.289 E994.18291
G1 F401.3 X201.597 Y183.79 E994.23658
G1 F402 X200.54 Y184.051 E994.29062
;TIME_ELAPSED:2234.783218
;LAYER:437
;note -- min layer time used
M204 S3000
M205 X10 Y10
;MESH:15_7_1.stl
G0 F6000 X200.54 Y184.051 Z88.69
M204 S1800
M205 X8 Y8
;TYPE:WALL-OUTER
G1 F404 X199.46 Y184.051 E994.34397
G1 F402.7 X198.402 Y183.79 E994.39797
G1 F400.7 X197.444 Y183.288 E994.45184
G1 F401.3 X196.629 Y182.565 E994.50601
G1 F402 X196.014 Y181.672 E994.55984
G1 F400.7 X195.629 Y180.664 E994.61358
G1 X195.501 Y179.584 E994.66775
G1 X195.629 Y178.508 E994.72172
G1 X196.014 Y177.496 E994.77565
G1 F401.3 X196.63 Y176.604 E994.82955
G1 F400 X197.444 Y175.882 E994.88383
G1 X198.402 Y175.378 E994.93784
G1 F401.3 X199.46 Y175.119 E994.992
G1 X200.54 Y175.119 E995.0457
G1 X201.597 Y175.378 E995.09981
G1 F400.7 X202.552 Y175.881 E995.15357
G1 F401.3 X203.367 Y176.603 E995.20771
G1 F402 X203.982 Y177.496 E995.26154
G1 F400.7 X204.367 Y178.508 E995.31547
G1 F402.7 X204.497 Y179.584 E995.36918
G1 F403.4 X204.367 Y180.664 E995.423
G1 F402 X203.982 Y181.672 E995.47656
G1 F403.4 X203.368 Y182.566 E995.53022
G1 X202.553 Y183.289 E995.58412
G1 F401.3 X201.597 Y183.79 E995.63779
G1 F402 X200.54 Y184.051 E995.69183
;TIME_ELAPSED:2239.087011
;LAYER:438
;note -- min layer time used
M204 S3000
M205 X10 Y10
;MESH:15_7_1.stl
G0 F6000 X200.54 Y184.051 Z88.89
M204 S1800
M205 X8 Y8
;TYPE:WALL-OUTER
G1 F404 X199.46 Y184.051 E995.74518
G1 F402.7 X198.402 Y183.79 E995.79918
G1 F400.7 X197.444 Y183.288 E995.85305
G1 F401.3 X196.629 Y182.565 E995.90722
G1 F402 X196.014 Y181.672 E995.96105
G1 F400.7 X195.629 Y180.664 E996.01479
G1 X195.501 Y179.584 E996.06896
G1 X195.629 Y178.508 E996.12293
G1 X196.014 Y177.496 E996.17686
G1 F401.3 X196.63 Y176.604 E996.23076
G1 F400 X197.444 Y175.882 E996.28504
G1 X198.402 Y175.378 E996.33905
G1 F401.3 X199.46 Y175.119 E996.39321
G1 X200.54 Y175.119 E996.44691
G1 X201.597 Y175.378 E996.50102
G1 F400.7 X202.552 Y175.881 E996.55478
G1 F401.3 X203.367 Y176.603 E996.60892
G1 F402 X203.982 Y177.496 E996.66275
G1 F400.7 X204.367 Y178.508 E996.71668
G1 F402.7 X204.497 Y179.584 E996.77039
G1 F403.4 X204.367 Y180.664 E996.82421
G1 F402 X203.982 Y181.672 E996.87777
G1 F403.4 X203.368 Y182.566 E996.93143
G1 X202.553 Y183.289 E996.98533
G1 F401.3 X201.597 Y183.79 E997.039
G1 F402 X200.54 Y184.051 E997.09304
;TIME_ELAPSED:2243.390803
;LAYER:439
;note -- min layer time used
M204 S3000
M205 X10 Y10
;MESH:15_7_1.stl
G0 F6000 X200.54 Y184.051 Z89.09
M204 S1800
M205 X8 Y8
;TYPE:WALL-OUTER
G1 F404 X199.46 Y184.051 E997.14639
G1 F402.7 X198.402 Y183.79 E997.20039
G1 F400.7 X197.444 Y183.288 E997.25426
G1 F401.3 X196.629 Y182.565 E997.30843
G1 F402 X196.014 Y181.672 E997.36226
G1 F400.7 X195.629 Y180.664 E997.416
G1 X195.501 Y179.584 E997.47017
G1 X195.629 Y178.508 E997.52414
G1 X196.014 Y177.496 E997.57807
G1 F401.3 X196.63 Y176.604 E997.63197
G1 F400 X197.444 Y175.882 E997.68625
G1 X198.402 Y175.378 E997.74026
G1 F401.3 X199.46 Y175.119 E997.79442
G1 X200.54 Y175.119 E997.84812
G1 X201.597 Y175.378 E997.90224
G1 F400.7 X202.552 Y175.881 E997.956
G1 F401.3 X203.367 Y176.603 E998.01014
G1 F402 X203.982 Y177.496 E998.06396
G1 F400.7 X204.367 Y178.508 E998.11789
G1 F402.7 X204.497 Y179.584 E998.1716
G1 F403.4 X204.367 Y180.664 E998.22542
G1 F402 X203.982 Y181.672 E998.27898
G1 F403.4 X203.368 Y182.566 E998.33264
G1 X202.553 Y183.289 E998.38654
G1 F401.3 X201.597 Y183.79 E998.44021
G1 F402 X200.54 Y184.051 E998.49426
;TIME_ELAPSED:2247.694595
;LAYER:440
;note -- min layer time used
M204 S3000
M205 X10 Y10
;MESH:15_7_1.stl
G0 F6000 X200.54 Y184.051 Z89.29
M204 S1800
M205 X8 Y8
;TYPE:WALL-OUTER
G1 F404 X199.46 Y184.051 E998.5476
G1 F402.7 X198.402 Y183.79 E998.6016
G1 F400.7 X197.444 Y183.288 E998.65547
G1 F401.3 X196.629 Y182.565 E998.70964
G1 F402 X196.014 Y181.672 E998.76347
G1 F400.7 X195.629 Y180.664 E998.81721
G1 X195.501 Y179.584 E998.87138
G1 X195.629 Y178.508 E998.92535
G1 X196.014 Y177.496 E998.97928
G1 F401.3 X196.63 Y176.604 E999.03318
G1 F400 X197.444 Y175.882 E999.08746
G1 X198.402 Y175.378 E999.14147
G1 F401.3 X199.46 Y175.119 E999.19563
G1 X200.54 Y175.119 E999.24933
G1 X201.597 Y175.378 E999.30345
G1 F400.7 X202.552 Y175.881 E999.35721
G1 F401.3 X203.367 Y176.603 E999.41135
G1 F402 X203.982 Y177.496 E999.46517
G1 F400.7 X204.367 Y178.508 E999.5191
G1 F402.7 X204.497 Y179.584 E999.57281
G1 F403.4 X204.367 Y180.664 E999.62663
G1 F402 X203.982 Y181.672 E999.68019
G1 F403.4 X203.368 Y182.566 E999.73385
G1 X202.553 Y183.289 E999.78775
G1 F401.3 X201.597 Y183.79 E999.84142
G1 F402 X200.54 Y184.051 E999.89547
;TIME_ELAPSED:2251.998387
;LAYER:441
;note -- min layer time used
M204 S3000
M205 X10 Y10
;MESH:15_7_1.stl
G0 F6000 X200.54 Y184.051 Z89.49
M204 S1800
M205 X8 Y8
;TYPE:WALL-OUTER
G1 F404 X199.46 Y184.051 E999.94881
G1 F402.7 X198.402 Y183.79 E1000.00281
G1 F400.7 X197.444 Y183.288 E1000.05668
G1 F401.3 X196.629 Y182.565 E1000.11085
G1 F402 X196.014 Y181.672 E1000.16468
G1 F400.7 X195.629 Y180.664 E1000.21842
G1 X195.501 Y179.584 E1000.27259
G1 X195.629 Y178.508 E1000.32656
G1 X196.014 Y177.496 E1000.38049
G1 F401.3 X196.63 Y176.604 E1000.43439
G1 F400 X197.444 Y175.882 E1000.48868
G1 X198.402 Y175.378 E1000.54268
G1 F401.3 X199.46 Y175.119 E1000.59684
G1 X200.54 Y175.119 E1000.65054
G1 X201.597 Y175.378 E1000.70466
G1 F400.7 X202.552 Y175.881 E1000.75842
G1 F401.3 X203.367 Y176.603 E1000.81256
G1 F402 X203.982 Y177.496 E1000.86638
G1 F400.7 X204.367 Y178.508 E1000.92031
G1 F402.7 X204.497 Y179.584 E1000.97402
G1 F403.4 X204.367 Y180.664 E1001.02784
G1 F402 X203.982 Y181.672 E1001.0814
G1 F403.4 X203.368 Y182.566 E1001.13506
G1 X202.553 Y183.289 E1001.18896
G1 F401.3 X201.597 Y183.79 E1001.24263
G1 F402 X200.54 Y184.051 E1001.29668
;TIME_ELAPSED:2256.302179
;LAYER:442
;note -- min layer time used
M204 S3000
M205 X10 Y10
;MESH:15_7_1.stl
G0 F6000 X200.54 Y184.051 Z89.69
M204 S1800
M205 X8 Y8
;TYPE:WALL-OUTER
G1 F404 X199.46 Y184.051 E1001.35002
G1 F402.7 X198.402 Y183.79 E1001.40402
G1 F400.7 X197.444 Y183.288 E1001.45789
G1 F401.3 X196.629 Y182.565 E1001.51207
G1 F402 X196.014 Y181.672 E1001.56589
G1 F400.7 X195.629 Y180.664 E1001.61963
G1 X195.501 Y179.584 E1001.6738
G1 X195.629 Y178.508 E1001.72777
G1 X196.014 Y177.496 E1001.7817
G1 F401.3 X196.63 Y176.604 E1001.8356
G1 F400 X197.444 Y175.882 E1001.88989
G1 X198.402 Y175.378 E1001.94389
G1 F401.3 X199.46 Y175.119 E1001.99805
G1 X200.54 Y175.119 E1002.05176
G1 X201.597 Y175.378 E1002.10587
G1 F400.7 X202.552 Y175.881 E1002.15963
G1 F401.3 X203.367 Y176.603 E1002.21377
G1 F402 X203.982 Y177.496 E1002.26759
G1 F400.7 X204.367 Y178.508 E1002.32152
G1 F402.7 X204.497 Y179.584 E1002.37523
G1 F403.4 X204.367 Y180.664 E1002.42905
G1 F402 X203.982 Y181.672 E1002.48262
G1 F403.4 X203.368 Y182.566 E1002.53627
G1 X202.553 Y183.289 E1002.59017
G1 F401.3 X201.597 Y183.79 E1002.64384
G1 F402 X200.54 Y184.051 E1002.69789
;TIME_ELAPSED:2260.605971
;LAYER:443
;note -- min layer time used
M204 S3000
M205 X10 Y10
;MESH:15_7_1.stl
G0 F6000 X200.54 Y184.051 Z89.89
M204 S1800
M205 X8 Y8
;TYPE:WALL-OUTER
G1 F404 X199.46 Y184.051 E1002.75123
G1 F402.7 X198.402 Y183.79 E1002.80523
G1 F400.7 X197.444 Y183.288 E1002.8591
G1 F401.3 X196.629 Y182.565 E1002.91328
G1 F402 X196.014 Y181.672 E1002.9671
G1 F400.7 X195.629 Y180.664 E1003.02084
G1 X195.501 Y179.584 E1003.07501
G1 X195.629 Y178.508 E1003.12898
G1 X196.014 Y177.496 E1003.18291
G1 F401.3 X196.63 Y176.604 E1003.23681
G1 F400 X197.444 Y175.882 E1003.2911
G1 X198.402 Y175.378 E1003.3451
G1 F401.3 X199.46 Y175.119 E1003.39926
G1 X200.54 Y175.119 E1003.45297
G1 X201.597 Y175.378 E1003.50708
G1 F400.7 X202.552 Y175.881 E1003.56084
G1 F401.3 X203.367 Y176.603 E1003.61498
G1 F402 X203.982 Y177.496 E1003.6688
G1 F400.7 X204.367 Y178.508 E1003.72273
G1 F402.7 X204.497 Y179.584 E1003.77644
G1 F403.4 X204.367 Y180.664 E1003.83026
G1 F402 X203.982 Y181.672 E1003.88383
G1 F403.4 X203.368 Y182.566 E1003.93748
G1 X202.553 Y183.289 E1003.99138
G1 F401.3 X201.597 Y183.79 E1004.04505
G1 F402 X200.54 Y184.051 E1004.0991
;TIME_ELAPSED:2264.909764
;LAYER:444
;note -- min layer time used
M204 S3000
M205 X10 Y10
;MESH:15_7_1.stl
G0 F6000 X200.54 Y184.051 Z90.09
M204 S1800
M205 X8 Y8
;TYPE:WALL-OUTER
G1 F404 X199.46 Y184.051 E1004.15244
G1 F402.7 X198.402 Y183.79 E1004.20645
G1 F400.7 X197.444 Y183.288 E1004.26031
G1 F401.3 X196.629 Y182.565 E1004.31449
G1 F402 X196.014 Y181.672 E1004.36831
G1 F400.7 X195.629 Y180.664 E1004.42205
G1 X195.501 Y179.584 E1004.47622
G1 X195.629 Y178.508 E1004.53019
G1 X196.014 Y177.496 E1004.58412
G1 F401.3 X196.63 Y176.604 E1004.63802
G1 F400 X197.444 Y175.882 E1004.69231
G1 X198.402 Y175.378 E1004.74631
G1 F401.3 X199.46 Y175.119 E1004.80048
G1 X200.54 Y175.119 E1004.85418
G1 X201.597 Y175.378 E1004.90829
G1 F400.7 X202.552 Y175.881 E1004.96205
G1 F401.3 X203.367 Y176.603 E1005.01619
G1 F402 X203.982 Y177.496 E1005.07001
G1 F400.7 X204.367 Y178.508 E1005.12394
G1 F402.7 X204.497 Y179.584 E1005.17766
G1 F403.4 X204.367 Y180.664 E1005.23147
G1 F402 X203.982 Y181.672 E1005.28504
G1 F403.4 X203.368 Y182.566 E1005.33869
G1 X202.553 Y183.289 E1005.3926
G1 F401.3 X201.597 Y183.79 E1005.44626
G1 F402 X200.54 Y184.051 E1005.50031
;TIME_ELAPSED:2269.213556
;LAYER:445
;note -- min layer time used
M204 S3000
M205 X10 Y10
;MESH:15_7_1.stl
G0 F6000 X200.54 Y184.051 Z90.29
M204 S1800
M205 X8 Y8
;TYPE:WALL-OUTER
G1 F404 X199.46 Y184.051 E1005.55365
G1 F402.7 X198.402 Y183.79 E1005.60766
G1 F400.7 X197.444 Y183.288 E1005.66153
G1 F401.3 X196.629 Y182.565 E1005.7157
G1 F402 X196.014 Y181.672 E1005.76952
G1 F400.7 X195.629 Y180.664 E1005.82327
G1 X195.501 Y179.584 E1005.87743
G1 X195.629 Y178.508 E1005.9314
G1 X196.014 Y177.496 E1005.98533
G1 F401.3 X196.63 Y176.604 E1006.03924
G1 F400 X197.444 Y175.882 E1006.09352
G1 X198.402 Y175.378 E1006.14752
G1 F401.3 X199.46 Y175.119 E1006.20169
G1 X200.54 Y175.119 E1006.25539
G1 X201.597 Y175.378 E1006.3095
G1 F400.7 X202.552 Y175.881 E1006.36326
G1 F401.3 X203.367 Y176.603 E1006.4174
G1 F402 X203.982 Y177.496 E1006.47123
G1 F400.7 X204.367 Y178.508 E1006.52515
G1 F402.7 X204.497 Y179.584 E1006.57887
G1 F403.4 X204.367 Y180.664 E1006.63268
G1 F402 X203.982 Y181.672 E1006.68625
G1 F403.4 X203.368 Y182.566 E1006.7399
G1 X202.553 Y183.289 E1006.79381
G1 F401.3 X201.597 Y183.79 E1006.84747
G1 F402 X200.54 Y184.051 E1006.90152
;TIME_ELAPSED:2273.517348
;LAYER:446
;note -- min layer time used
M204 S3000
M205 X10 Y10
;MESH:15_7_1.stl
G0 F6000 X200.54 Y184.051 Z90.49
M204 S1800
M205 X8 Y8
;TYPE:WALL-OUTER
G1 F404 X199.46 Y184.051 E1006.95486
G1 F402.7 X198.402 Y183.79 E1007.00887
G1 F400.7 X197.444 Y183.288 E1007.06274
G1 F401.3 X196.629 Y182.565 E1007.11691
G1 F402 X196.014 Y181.672 E1007.17073
G1 F400.7 X195.629 Y180.664 E1007.22448
G1 X195.501 Y179.584 E1007.27864
G1 X195.629 Y178.508 E1007.33261
G1 X196.014 Y177.496 E1007.38654
G1 F401.3 X196.63 Y176.604 E1007.44045
G1 F400 X197.444 Y175.882 E1007.49473
G1 X198.402 Y175.378 E1007.54874
G1 F401.3 X199.46 Y175.119 E1007.6029
G1 X200.54 Y175.119 E1007.6566
G1 X201.597 Y175.378 E1007.71071
G1 F400.7 X202.552 Y175.881 E1007.76447
G1 F401.3 X203.367 Y176.603 E1007.81861
G1 F402 X203.982 Y177.496 E1007.87244
G1 F400.7 X204.367 Y178.508 E1007.92637
G1 F402.7 X204.497 Y179.584 E1007.98008
G1 F403.4 X204.367 Y180.664 E1008.0339
G1 F402 X203.982 Y181.672 E1008.08746
G1 F403.4 X203.368 Y182.566 E1008.14112
G1 X202.553 Y183.289 E1008.19502
G1 F401.3 X201.597 Y183.79 E1008.24869
G1 F402 X200.54 Y184.051 E1008.30273
;TIME_ELAPSED:2277.821140
;LAYER:447
;note -- min layer time used
M204 S3000
M205 X10 Y10
;MESH:15_7_1.stl
G0 F6000 X200.54 Y184.051 Z90.69
M204 S1800
M205 X8 Y8
;TYPE:WALL-OUTER
G1 F404 X199.46 Y184.051 E1008.35607
G1 F402.7 X198.402 Y183.79 E1008.41008
G1 F400.7 X197.444 Y183.288 E1008.46395
G1 F401.3 X196.629 Y182.565 E1008.51812
G1 F402 X196.014 Y181.672 E1008.57194
G1 F400.7 X195.629 Y180.664 E1008.62569
G1 X195.501 Y179.584 E1008.67986
G1 X195.629 Y178.508 E1008.73383
G1 X196.014 Y177.496 E1008.78775
G1 F401.3 X196.63 Y176.604 E1008.84166
G1 F400 X197.444 Y175.882 E1008.89594
G1 X198.402 Y175.378 E1008.94995
G1 F401.3 X199.46 Y175.119 E1009.00411
G1 X200.54 Y175.119 E1009.05781
G1 X201.597 Y175.378 E1009.11192
G1 F400.7 X202.552 Y175.881 E1009.16568
G1 F401.3 X203.367 Y176.603 E1009.21982
G1 F402 X203.982 Y177.496 E1009.27365
G1 F400.7 X204.367 Y178.508 E1009.32758
G1 F402.7 X204.497 Y179.584 E1009.38129
G1 F403.4 X204.367 Y180.664 E1009.43511
G1 F402 X203.982 Y181.672 E1009.48867
G1 F403.4 X203.368 Y182.566 E1009.54233
G1 X202.553 Y183.289 E1009.59623
G1 F401.3 X201.597 Y183.79 E1009.6499
G1 F402 X200.54 Y184.051 E1009.70394
;TIME_ELAPSED:2282.124932
;LAYER:448
;note -- min layer time used
M204 S3000
M205 X10 Y10
;MESH:15_7_1.stl
G0 F6000 X200.54 Y184.051 Z90.89
M204 S1800
M205 X8 Y8
;TYPE:WALL-OUTER
G1 F404 X199.46 Y184.051 E1009.75728
G1 F402.7 X198.402 Y183.79 E1009.81129
G1 F400.7 X197.444 Y183.288 E1009.86516
G1 F401.3 X196.629 Y182.565 E1009.91933
G1 F402 X196.014 Y181.672 E1009.97316
G1 F400.7 X195.629 Y180.664 E1010.0269
G1 X195.501 Y179.584 E1010.08107
G1 X195.629 Y178.508 E1010.13504
G1 X196.014 Y177.496 E1010.18897
G1 F401.3 X196.63 Y176.604 E1010.24287
G1 F400 X197.444 Y175.882 E1010.29715
G1 X198.402 Y175.378 E1010.35116
G1 F401.3 X199.46 Y175.119 E1010.40532
G1 X200.54 Y175.119 E1010.45902
G1 X201.597 Y175.378 E1010.51313
G1 F400.7 X202.552 Y175.881 E1010.56689
G1 F401.3 X203.367 Y176.603 E1010.62103
G1 F402 X203.982 Y177.496 E1010.67486
G1 F400.7 X204.367 Y178.508 E1010.72879
G1 F402.7 X204.497 Y179.584 E1010.7825
G1 F403.4 X204.367 Y180.664 E1010.83632
G1 F402 X203.982 Y181.672 E1010.88988
G1 F403.4 X203.368 Y182.566 E1010.94354
G1 X202.553 Y183.289 E1010.99744
G1 F401.3 X201.597 Y183.79 E1011.05111
G1 F402 X200.54 Y184.051 E1011.10515
;TIME_ELAPSED:2286.428724
;LAYER:449
;note -- min layer time used
M204 S3000
M205 X10 Y10
;MESH:15_7_1.stl
G0 F6000 X200.54 Y184.051 Z91.09
M204 S1800
M205 X8 Y8
;TYPE:WALL-OUTER
G1 F404 X199.46 Y184.051 E1011.1585
G1 F402.7 X198.402 Y183.79 E1011.2125
G1 F400.7 X197.444 Y183.288 E1011.26637
G1 F401.3 X196.629 Y182.565 E1011.32054
G1 F402 X196.014 Y181.672 E1011.37437
G1 F400.7 X195.629 Y180.664 E1011.42811
G1 X195.501 Y179.584 E1011.48228
G1 X195.629 Y178.508 E1011.53625
G1 X196.014 Y177.496 E1011.59018
G1 F401.3 X196.63 Y176.604 E1011.64408
G1 F400 X197.444 Y175.882 E1011.69836
G1 X198.402 Y175.378 E1011.75237
G1 F401.3 X199.46 Y175.119 E1011.80653
G1 X200.54 Y175.119 E1011.86023
G1 X201.597 Y175.378 E1011.91434
G1 F400.7 X202.552 Y175.881 E1011.9681
G1 F401.3 X203.367 Y176.603 E1012.02224
G1 F402 X203.982 Y177.496 E1012.07607
G1 F400.7 X204.367 Y178.508 E1012.13
G1 F402.7 X204.497 Y179.584 E1012.18371
G1 F403.4 X204.367 Y180.664 E1012.23753
G1 F402 X203.982 Y181.672 E1012.29109
G1 F403.4 X203.368 Y182.566 E1012.34475
G1 X202.553 Y183.289 E1012.39865
G1 F401.3 X201.597 Y183.79 E1012.45232
G1 F402 X200.54 Y184.051 E1012.50636
;TIME_ELAPSED:2290.732516
;LAYER:450
;note -- min layer time used
M204 S3000
M205 X10 Y10
;MESH:15_7_1.stl
G0 F6000 X200.54 Y184.051 Z91.29
M204 S1800
M205 X8 Y8
;TYPE:WALL-OUTER
G1 F404 X199.46 Y184.051 E1012.55971
G1 F402.7 X198.402 Y183.79 E1012.61371
G1 F400.7 X197.444 Y183.288 E1012.66758
G1 F401.3 X196.629 Y182.565 E1012.72175
G1 F402 X196.014 Y181.672 E1012.77558
G1 F400.7 X195.629 Y180.664 E1012.82932
G1 X195.501 Y179.584 E1012.88349
G1 X195.629 Y178.508 E1012.93746
G1 X196.014 Y177.496 E1012.99139
G1 F401.3 X196.63 Y176.604 E1013.04529
G1 F400 X197.444 Y175.882 E1013.09957
G1 X198.402 Y175.378 E1013.15358
G1 F401.3 X199.46 Y175.119 E1013.20774
G1 X200.54 Y175.119 E1013.26144
G1 X201.597 Y175.378 E1013.31556
G1 F400.7 X202.552 Y175.881 E1013.36932
G1 F401.3 X203.367 Y176.603 E1013.42346
G1 F402 X203.982 Y177.496 E1013.47728
G1 F400.7 X204.367 Y178.508 E1013.53121
G1 F402.7 X204.497 Y179.584 E1013.58492
G1 F403.4 X204.367 Y180.664 E1013.63874
G1 F402 X203.982 Y181.672 E1013.6923
G1 F403.4 X203.368 Y182.566 E1013.74596
G1 X202.553 Y183.289 E1013.79986
G1 F401.3 X201.597 Y183.79 E1013.85353
G1 F402 X200.54 Y184.051 E1013.90757
;TIME_ELAPSED:2295.036309
;LAYER:451
;note -- min layer time used
M204 S3000
M205 X10 Y10
;MESH:15_7_1.stl
G0 F6000 X200.54 Y184.051 Z91.49
M204 S1800
M205 X8 Y8
;TYPE:WALL-OUTER
G1 F404 X199.46 Y184.051 E1013.96092
G1 F402.7 X198.402 Y183.79 E1014.01492
G1 F400.7 X197.444 Y183.288 E1014.06879
G1 F401.3 X196.629 Y182.565 E1014.12296
G1 F402 X196.014 Y181.672 E1014.17679
G1 F400.7 X195.629 Y180.664 E1014.23053
G1 X195.501 Y179.584 E1014.2847
G1 X195.629 Y178.508 E1014.33867
G1 X196.014 Y177.496 E1014.3926
G1 F401.3 X196.63 Y176.604 E1014.4465
G1 F400 X197.444 Y175.882 E1014.50078
G1 X198.402 Y175.378 E1014.55479
G1 F401.3 X199.46 Y175.119 E1014.60895
G1 X200.54 Y175.119 E1014.66265
G1 X201.597 Y175.378 E1014.71677
G1 F400.7 X202.552 Y175.881 E1014.77053
G1 F401.3 X203.367 Y176.603 E1014.82467
G1 F402 X203.982 Y177.496 E1014.87849
G1 F400.7 X204.367 Y178.508 E1014.93242
G1 F402.7 X204.497 Y179.584 E1014.98613
G1 F403.4 X204.367 Y180.664 E1015.03995
G1 F402 X203.982 Y181.672 E1015.09351
G1 F403.4 X203.368 Y182.566 E1015.14717
G1 X202.553 Y183.289 E1015.20107
G1 F401.3 X201.597 Y183.79 E1015.25474
G1 F402 X200.54 Y184.051 E1015.30879
;TIME_ELAPSED:2299.340101
;LAYER:452
;note -- min layer time used
M204 S3000
M205 X10 Y10
;MESH:15_7_1.stl
G0 F6000 X200.54 Y184.051 Z91.69
M204 S1800
M205 X8 Y8
;TYPE:WALL-OUTER
G1 F404 X199.46 Y184.051 E1015.36213
G1 F402.7 X198.402 Y183.79 E1015.41613
G1 F400.7 X197.444 Y183.288 E1015.47
G1 F401.3 X196.629 Y182.565 E1015.52417
G1 F402 X196.014 Y181.672 E1015.578
G1 F400.7 X195.629 Y180.664 E1015.63174
G1 X195.501 Y179.584 E1015.68591
G1 X195.629 Y178.508 E1015.73988
G1 X196.014 Y177.496 E1015.79381
G1 F401.3 X196.63 Y176.604 E1015.84771
G1 F400 X197.444 Y175.882 E1015.902
G1 X198.402 Y175.378 E1015.956
G1 F401.3 X199.46 Y175.119 E1016.01016
G1 X200.54 Y175.119 E1016.06386
G1 X201.597 Y175.378 E1016.11798
G1 F400.7 X202.552 Y175.881 E1016.17174
G1 F401.3 X203.367 Y176.603 E1016.22588
G1 F402 X203.982 Y177.496 E1016.2797
G1 F400.7 X204.367 Y178.508 E1016.33363
G1 F402.7 X204.497 Y179.584 E1016.38734
G1 F403.4 X204.367 Y180.664 E1016.44116
G1 F402 X203.982 Y181.672 E1016.49472
G1 F403.4 X203.368 Y182.566 E1016.54838
G1 X202.553 Y183.289 E1016.60228
G1 F401.3 X201.597 Y183.79 E1016.65595
G1 F402 X200.54 Y184.051 E1016.71
;TIME_ELAPSED:2303.643893
;LAYER:453
;note -- min layer time used
M204 S3000
M205 X10 Y10
;MESH:15_7_1.stl
G0 F6000 X200.54 Y184.051 Z91.89
M204 S1800
M205 X8 Y8
;TYPE:WALL-OUTER
G1 F404 X199.46 Y184.051 E1016.76334
G1 F402.7 X198.402 Y183.79 E1016.81734
G1 F400.7 X197.444 Y183.288 E1016.87121
G1 F401.3 X196.629 Y182.565 E1016.92539
G1 F402 X196.014 Y181.672 E1016.97921
G1 F400.7 X195.629 Y180.664 E1017.03295
G1 X195.501 Y179.584 E1017.08712
G1 X195.629 Y178.508 E1017.14109
G1 X196.014 Y177.496 E1017.19502
G1 F401.3 X196.63 Y176.604 E1017.24892
G1 F400 X197.444 Y175.882 E1017.30321
G1 X198.402 Y175.378 E1017.35721
G1 F401.3 X199.46 Y175.119 E1017.41137
G1 X200.54 Y175.119 E1017.46507
G1 X201.597 Y175.378 E1017.51919
G1 F400.7 X202.552 Y175.881 E1017.57295
G1 F401.3 X203.367 Y176.603 E1017.62709
G1 F402 X203.982 Y177.496 E1017.68091
G1 F400.7 X204.367 Y178.508 E1017.73484
G1 F402.7 X204.497 Y179.584 E1017.78855
G1 F403.4 X204.367 Y180.664 E1017.84237
G1 F402 X203.982 Y181.672 E1017.89593
G1 F403.4 X203.368 Y182.566 E1017.94959
G1 X202.553 Y183.289 E1018.00349
G1 F401.3 X201.597 Y183.79 E1018.05716
G1 F402 X200.54 Y184.051 E1018.11121
;TIME_ELAPSED:2307.947685
;LAYER:454
;note -- min layer time used
M204 S3000
M205 X10 Y10
;MESH:15_7_1.stl
G0 F6000 X200.54 Y184.051 Z92.09
M204 S1800
M205 X8 Y8
;TYPE:WALL-OUTER
G1 F404 X199.46 Y184.051 E1018.16455
G1 F402.7 X198.402 Y183.79 E1018.21855
G1 F400.7 X197.444 Y183.288 E1018.27242
G1 F401.3 X196.629 Y182.565 E1018.3266
G1 F402 X196.014 Y181.672 E1018.38042
G1 F400.7 X195.629 Y180.664 E1018.43416
G1 X195.501 Y179.584 E1018.48833
G1 X195.629 Y178.508 E1018.5423
G1 X196.014 Y177.496 E1018.59623
G1 F401.3 X196.63 Y176.604 E1018.65013
G1 F400 X197.444 Y175.882 E1018.70442
G1 X198.402 Y175.378 E1018.75842
G1 F401.3 X199.46 Y175.119 E1018.81258
G1 X200.54 Y175.119 E1018.86629
G1 X201.597 Y175.378 E1018.9204
G1 F400.7 X202.552 Y175.881 E1018.97416
G1 F401.3 X203.367 Y176.603 E1019.0283
G1 F402 X203.982 Y177.496 E1019.08212
G1 F400.7 X204.367 Y178.508 E1019.13605
G1 F402.7 X204.497 Y179.584 E1019.18976
G1 F403.4 X204.367 Y180.664 E1019.24358
G1 F402 X203.982 Y181.672 E1019.29715
G1 F403.4 X203.368 Y182.566 E1019.3508
G1 X202.553 Y183.289 E1019.4047
G1 F401.3 X201.597 Y183.79 E1019.45837
G1 F402 X200.54 Y184.051 E1019.51242
;TIME_ELAPSED:2312.251477
;LAYER:455
;note -- min layer time used
M204 S3000
M205 X10 Y10
;MESH:15_7_1.stl
G0 F6000 X200.54 Y184.051 Z92.29
M204 S1800
M205 X8 Y8
;TYPE:WALL-OUTER
G1 F404 X199.46 Y184.051 E1019.56576
G1 F402.7 X198.402 Y183.79 E1019.61976
G1 F400.7 X197.444 Y183.288 E1019.67363
G1 F401.3 X196.629 Y182.565 E1019.72781
G1 F402 X196.014 Y181.672 E1019.78163
G1 F400.7 X195.629 Y180.664 E1019.83537
G1 X195.501 Y179.584 E1019.88954
G1 X195.629 Y178.508 E1019.94351
G1 X196.014 Y177.496 E1019.99744
G1 F401.3 X196.63 Y176.604 E1020.05134
G1 F400 X197.444 Y175.882 E1020.10563
G1 X198.402 Y175.378 E1020.15963
G1 F401.3 X199.46 Y175.119 E1020.21379
G1 X200.54 Y175.119 E1020.2675
G1 X201.597 Y175.378 E1020.32161
G1 F400.7 X202.552 Y175.881 E1020.37537
G1 F401.3 X203.367 Y176.603 E1020.42951
G1 F402 X203.982 Y177.496 E1020.48333
G1 F400.7 X204.367 Y178.508 E1020.53726
G1 F402.7 X204.497 Y179.584 E1020.59097
G1 F403.4 X204.367 Y180.664 E1020.64479
G1 F402 X203.982 Y181.672 E1020.69836
G1 F403.4 X203.368 Y182.566 E1020.75201
G1 X202.553 Y183.289 E1020.80591
G1 F401.3 X201.597 Y183.79 E1020.85958
G1 F402 X200.54 Y184.051 E1020.91363
;TIME_ELAPSED:2316.555269
;LAYER:456
;note -- min layer time used
M204 S3000
M205 X10 Y10
;MESH:15_7_1.stl
G0 F6000 X200.54 Y184.051 Z92.49
M204 S1800
M205 X8 Y8
;TYPE:WALL-OUTER
G1 F404 X199.46 Y184.051 E1020.96697
G1 F402.7 X198.402 Y183.79 E1021.02098
G1 F400.7 X197.444 Y183.288 E1021.07484
G1 F401.3 X196.629 Y182.565 E1021.12902
G1 F402 X196.014 Y181.672 E1021.18284
G1 F400.7 X195.629 Y180.664 E1021.23659
G1 X195.501 Y179.584 E1021.29075
G1 X195.629 Y178.508 E1021.34472
G1 X196.014 Y177.496 E1021.39865
G1 F401.3 X196.63 Y176.604 E1021.45255
G1 F400 X197.444 Y175.882 E1021.50684
G1 X198.402 Y175.378 E1021.56084
G1 F401.3 X199.46 Y175.119 E1021.61501
G1 X200.54 Y175.119 E1021.66871
G1 X201.597 Y175.378 E1021.72282
G1 F400.7 X202.552 Y175.881 E1021.77658
G1 F401.3 X203.367 Y176.603 E1021.83072
G1 F402 X203.982 Y177.496 E1021.88454
G1 F400.7 X204.367 Y178.508 E1021.93847
G1 F402.7 X204.497 Y179.584 E1021.99219
G1 F403.4 X204.367 Y180.664 E1022.046
G1 F402 X203.982 Y181.672 E1022.09957
G1 F403.4 X203.368 Y182.566 E1022.15322
G1 X202.553 Y183.289 E1022.20713
G1 F401.3 X201.597 Y183.79 E1022.26079
G1 F402 X200.54 Y184.051 E1022.31484
;TIME_ELAPSED:2320.859062
;LAYER:457
;note -- min layer time used
M204 S3000
M205 X10 Y10
;MESH:15_7_1.stl
G0 F6000 X200.54 Y184.051 Z92.69
M204 S1800
M205 X8 Y8
;TYPE:WALL-OUTER
G1 F404 X199.46 Y184.051 E1022.36818
G1 F402.7 X198.402 Y183.79 E1022.42219
G1 F400.7 X197.444 Y183.288 E1022.47606
G1 F401.3 X196.629 Y182.565 E1022.53023
G1 F402 X196.014 Y181.672 E1022.58405
G1 F400.7 X195.629 Y180.664 E1022.6378
G1 X195.501 Y179.584 E1022.69196
G1 X195.629 Y178.508 E1022.74593
G1 X196.014 Y177.496 E1022.79986
G1 F401.3 X196.63 Y176.604 E1022.85377
G1 F400 X197.444 Y175.882 E1022.90805
G1 X198.402 Y175.378 E1022.96205
G1 F401.3 X199.46 Y175.119 E1023.01622
G1 X200.54 Y175.119 E1023.06992
G1 X201.597 Y175.378 E1023.12403
G1 F400.7 X202.552 Y175.881 E1023.17779
G1 F401.3 X203.367 Y176.603 E1023.23193
G1 F402 X203.982 Y177.496 E1023.28576
G1 F400.7 X204.367 Y178.508 E1023.33968
G1 F402.7 X204.497 Y179.584 E1023.3934
G1 F403.4 X204.367 Y180.664 E1023.44721
G1 F402 X203.982 Y181.672 E1023.50078
G1 F403.4 X203.368 Y182.566 E1023.55444
G1 X202.553 Y183.289 E1023.60834
G1 F401.3 X201.597 Y183.79 E1023.662
G1 F402 X200.54 Y184.051 E1023.71605
;TIME_ELAPSED:2325.162854
;LAYER:458
;note -- min layer time used
M204 S3000
M205 X10 Y10
;MESH:15_7_1.stl
G0 F6000 X200.54 Y184.051 Z92.89
M204 S1800
M205 X8 Y8
;TYPE:WALL-OUTER
G1 F404 X199.46 Y184.051 E1023.76939
G1 F402.7 X198.402 Y183.79 E1023.8234
G1 F400.7 X197.444 Y183.288 E1023.87727
G1 F401.3 X196.629 Y182.565 E1023.93144
G1 F402 X196.014 Y181.672 E1023.98526
G1 F400.7 X195.629 Y180.664 E1024.03901
G1 X195.501 Y179.584 E1024.09318
G1 X195.629 Y178.508 E1024.14715
G1 X196.014 Y177.496 E1024.20107
G1 F401.3 X196.63 Y176.604 E1024.25498
G1 F400 X197.444 Y175.882 E1024.30926
G1 X198.402 Y175.378 E1024.36327
G1 F401.3 X199.46 Y175.119 E1024.41743
G1 X200.54 Y175.119 E1024.47113
G1 X201.597 Y175.378 E1024.52524
G1 F400.7 X202.552 Y175.881 E1024.579
G1 F401.3 X203.367 Y176.603 E1024.63314
G1 F402 X203.982 Y177.496 E1024.68697
G1 F400.7 X204.367 Y178.508 E1024.7409
G1 F402.7 X204.497 Y179.584 E1024.79461
G1 F403.4 X204.367 Y180.664 E1024.84843
G1 F402 X203.982 Y181.672 E1024.90199
G1 F403.4 X203.368 Y182.566 E1024.95565
G1 X202.553 Y183.289 E1025.00955
G1 F401.3 X201.597 Y183.79 E1025.06322
G1 F402 X200.54 Y184.051 E1025.11726
;TIME_ELAPSED:2329.466646
;LAYER:459
;note -- min layer time used
M204 S3000
M205 X10 Y10
;MESH:15_7_1.stl
G0 F6000 X200.54 Y184.051 Z93.09
M204 S1800
M205 X8 Y8
;TYPE:WALL-OUTER
G1 F404 X199.46 Y184.051 E1025.1706
G1 F402.7 X198.402 Y183.79 E1025.22461
G1 F400.7 X197.444 Y183.288 E1025.27848
G1 F401.3 X196.629 Y182.565 E1025.33265
G1 F402 X196.014 Y181.672 E1025.38647
G1 F400.7 X195.629 Y180.664 E1025.44022
G1 X195.501 Y179.584 E1025.49439
G1 X195.629 Y178.508 E1025.54836
G1 X196.014 Y177.496 E1025.60229
G1 F401.3 X196.63 Y176.604 E1025.65619
G1 F400 X197.444 Y175.882 E1025.71047
G1 X198.402 Y175.378 E1025.76448
G1 F401.3 X199.46 Y175.119 E1025.81864
G1 X200.54 Y175.119 E1025.87234
G1 X201.597 Y175.378 E1025.92645
G1 F400.7 X202.552 Y175.881 E1025.98021
G1 F401.3 X203.367 Y176.603 E1026.03435
G1 F402 X203.982 Y177.496 E1026.08818
G1 F400.7 X204.367 Y178.508 E1026.14211
G1 F402.7 X204.497 Y179.584 E1026.19582
G1 F403.4 X204.367 Y180.664 E1026.24964
G1 F402 X203.982 Y181.672 E1026.3032
G1 F403.4 X203.368 Y182.566 E1026.35686
G1 X202.553 Y183.289 E1026.41076
G1 F401.3 X201.597 Y183.79 E1026.46443
G1 F402 X200.54 Y184.051 E1026.51847
;TIME_ELAPSED:2333.770438
;LAYER:460
;note -- min layer time used
M204 S3000
M205 X10 Y10
;MESH:15_7_1.stl
G0 F6000 X200.54 Y184.051 Z93.29
M204 S1800
M205 X8 Y8
;TYPE:WALL-OUTER
G1 F404 X199.46 Y184.051 E1026.57182
G1 F402.7 X198.402 Y183.79 E1026.62582
G1 F400.7 X197.444 Y183.288 E1026.67969
G1 F401.3 X196.629 Y182.565 E1026.73386
G1 F402 X196.014 Y181.672 E1026.78769
G1 F400.7 X195.629 Y180.664 E1026.84143
G1 X195.501 Y179.584 E1026.8956
G1 X195.629 Y178.508 E1026.94957
G1 X196.014 Y177.496 E1027.0035
G1 F401.3 X196.63 Y176.604 E1027.0574
G1 F400 X197.444 Y175.882 E1027.11168
G1 X198.402 Y175.378 E1027.16569
G1 F401.3 X199.46 Y175.119 E1027.21985
G1 X200.54 Y175.119 E1027.27355
G1 X201.597 Y175.378 E1027.32766
G1 F400.7 X202.552 Y175.881 E1027.38142
G1 F401.3 X203.367 Y176.603 E1027.43556
G1 F402 X203.982 Y177.496 E1027.48939
G1 F400.7 X204.367 Y178.508 E1027.54332
G1 F402.7 X204.497 Y179.584 E1027.59703
G1 F403.4 X204.367 Y180.664 E1027.65085
G1 F402 X203.982 Y181.672 E1027.70441
G1 F403.4 X203.368 Y182.566 E1027.75807
G1 X202.553 Y183.289 E1027.81197
G1 F401.3 X201.597 Y183.79 E1027.86564
G1 F402 X200.54 Y184.051 E1027.91968
;TIME_ELAPSED:2338.074230
;LAYER:461
;note -- min layer time used
M204 S3000
M205 X10 Y10
;MESH:15_7_1.stl
G0 F6000 X200.54 Y184.051 Z93.49
M204 S1800
M205 X8 Y8
;TYPE:WALL-OUTER
G1 F404 X199.46 Y184.051 E1027.97303
G1 F402.7 X198.402 Y183.79 E1028.02703
G1 F400.7 X197.444 Y183.288 E1028.0809
G1 F401.3 X196.629 Y182.565 E1028.13507
G1 F402 X196.014 Y181.672 E1028.1889
G1 F400.7 X195.629 Y180.664 E1028.24264
G1 X195.501 Y179.584 E1028.29681
G1 X195.629 Y178.508 E1028.35078
G1 X196.014 Y177.496 E1028.40471
G1 F401.3 X196.63 Y176.604 E1028.45861
G1 F400 X197.444 Y175.882 E1028.51289
G1 X198.402 Y175.378 E1028.5669
G1 F401.3 X199.46 Y175.119 E1028.62106
G1 X200.54 Y175.119 E1028.67476
G1 X201.597 Y175.378 E1028.72887
G1 F400.7 X202.552 Y175.881 E1028.78263
G1 F401.3 X203.367 Y176.603 E1028.83677
G1 F402 X203.982 Y177.496 E1028.8906
G1 F400.7 X204.367 Y178.508 E1028.94453
G1 F402.7 X204.497 Y179.584 E1028.99824
G1 F403.4 X204.367 Y180.664 E1029.05206
G1 F402 X203.982 Y181.672 E1029.10562
G1 F403.4 X203.368 Y182.566 E1029.15928
G1 X202.553 Y183.289 E1029.21318
G1 F401.3 X201.597 Y183.79 E1029.26685
G1 F402 X200.54 Y184.051 E1029.32089
;TIME_ELAPSED:2342.378022
;LAYER:462
;note -- min layer time used
M204 S3000
M205 X10 Y10
;MESH:15_7_1.stl
G0 F6000 X200.54 Y184.051 Z93.69
M204 S1800
M205 X8 Y8
;TYPE:WALL-OUTER
G1 F404 X199.46 Y184.051 E1029.37424
G1 F402.7 X198.402 Y183.79 E1029.42824
G1 F400.7 X197.444 Y183.288 E1029.48211
G1 F401.3 X196.629 Y182.565 E1029.53628
G1 F402 X196.014 Y181.672 E1029.59011
G1 F400.7 X195.629 Y180.664 E1029.64385
G1 X195.501 Y179.584 E1029.69802
G1 X195.629 Y178.508 E1029.75199
G1 X196.014 Y177.496 E1029.80592
G1 F401.3 X196.63 Y176.604 E1029.85982
G1 F400 X197.444 Y175.882 E1029.9141
G1 X198.402 Y175.378 E1029.96811
G1 F401.3 X199.46 Y175.119 E1030.02227
G1 X200.54 Y175.119 E1030.07597
G1 X201.597 Y175.378 E1030.13009
G1 F400.7 X202.552 Y175.881 E1030.18385
G1 F401.3 X203.367 Y176.603 E1030.23799
G1 F402 X203.982 Y177.496 E1030.29181
G1 F400.7 X204.367 Y178.508 E1030.34574
G1 F402.7 X204.497 Y179.584 E1030.39945
G1 F403.4 X204.367 Y180.664 E1030.45327
G1 F402 X203.982 Y181.672 E1030.50683
G1 F403.4 X203.368 Y182.566 E1030.56049
G1 X202.553 Y183.289 E1030.61439
G1 F401.3 X201.597 Y183.79 E1030.66806
G1 F402 X200.54 Y184.051 E1030.72211
;TIME_ELAPSED:2346.681815
;LAYER:463
;note -- min layer time used
M204 S3000
M205 X10 Y10
;MESH:15_7_1.stl
G0 F6000 X200.54 Y184.051 Z93.89
M204 S1800
M205 X8 Y8
;TYPE:WALL-OUTER
G1 F404 X199.46 Y184.051 E1030.77545
G1 F402.7 X198.402 Y183.79 E1030.82945
G1 F400.7 X197.444 Y183.288 E1030.88332
G1 F401.3 X196.629 Y182.565 E1030.93749
G1 F402 X196.014 Y181.672 E1030.99132
G1 F400.7 X195.629 Y180.664 E1031.04506
G1 X195.501 Y179.584 E1031.09923
G1 X195.629 Y178.508 E1031.1532
G1 X196.014 Y177.496 E1031.20713
G1 F401.3 X196.63 Y176.604 E1031.26103
G1 F400 X197.444 Y175.882 E1031.31531
G1 X198.402 Y175.378 E1031.36932
G1 F401.3 X199.46 Y175.119 E1031.42348
G1 X200.54 Y175.119 E1031.47718
G1 X201.597 Y175.378 E1031.5313
G1 F400.7 X202.552 Y175.881 E1031.58506
G1 F401.3 X203.367 Y176.603 E1031.6392
G1 F402 X203.982 Y177.496 E1031.69302
G1 F400.7 X204.367 Y178.508 E1031.74695
G1 F402.7 X204.497 Y179.584 E1031.80066
G1 F403.4 X204.367 Y180.664 E1031.85448
G1 F402 X203.982 Y181.672 E1031.90804
G1 F403.4 X203.368 Y182.566 E1031.9617
G1 X202.553 Y183.289 E1032.0156
G1 F401.3 X201.597 Y183.79 E1032.06927
G1 F402 X200.54 Y184.051 E1032.12332
;TIME_ELAPSED:2350.985607
;LAYER:464
;note -- min layer time used
M204 S3000
M205 X10 Y10
;MESH:15_7_1.stl
G0 F6000 X200.54 Y184.051 Z94.09
M204 S1800
M205 X8 Y8
;TYPE:WALL-OUTER
G1 F404 X199.46 Y184.051 E1032.17666
G1 F402.7 X198.402 Y183.79 E1032.23066
G1 F400.7 X197.444 Y183.288 E1032.28453
G1 F401.3 X196.629 Y182.565 E1032.3387
G1 F402 X196.014 Y181.672 E1032.39253
G1 F400.7 X195.629 Y180.664 E1032.44627
G1 X195.501 Y179.584 E1032.50044
G1 X195.629 Y178.508 E1032.55441
G1 X196.014 Y177.496 E1032.60834
G1 F401.3 X196.63 Y176.604 E1032.66224
G1 F400 X197.444 Y175.882 E1032.71653
G1 X198.402 Y175.378 E1032.77053
G1 F401.3 X199.46 Y175.119 E1032.82469
G1 X200.54 Y175.119 E1032.87839
G1 X201.597 Y175.378 E1032.93251
G1 F400.7 X202.552 Y175.881 E1032.98627
G1 F401.3 X203.367 Y176.603 E1033.04041
G1 F402 X203.982 Y177.496 E1033.09423
G1 F400.7 X204.367 Y178.508 E1033.14816
G1 F402.7 X204.497 Y179.584 E1033.20187
G1 F403.4 X204.367 Y180.664 E1033.25569
G1 F402 X203.982 Y181.672 E1033.30925
G1 F403.4 X203.368 Y182.566 E1033.36291
G1 X202.553 Y183.289 E1033.41681
G1 F401.3 X201.597 Y183.79 E1033.47048
G1 F402 X200.54 Y184.051 E1033.52453
;TIME_ELAPSED:2355.289399
;LAYER:465
;note -- min layer time used
M204 S3000
M205 X10 Y10
;MESH:15_7_1.stl
G0 F6000 X200.54 Y184.051 Z94.29
M204 S1800
M205 X8 Y8
;TYPE:WALL-OUTER
G1 F404 X199.46 Y184.051 E1033.57787
G1 F402.7 X198.402 Y183.79 E1033.63187
G1 F400.7 X197.444 Y183.288 E1033.68574
G1 F401.3 X196.629 Y182.565 E1033.73992
G1 F402 X196.014 Y181.672 E1033.79374
G1 F400.7 X195.629 Y180.664 E1033.84748
G1 X195.501 Y179.584 E1033.90165
G1 X195.629 Y178.508 E1033.95562
G1 X196.014 Y177.496 E1034.00955
G1 F401.3 X196.63 Y176.604 E1034.06345
G1 F400 X197.444 Y175.882 E1034.11774
G1 X198.402 Y175.378 E1034.17174
G1 F401.3 X199.46 Y175.119 E1034.2259
G1 X200.54 Y175.119 E1034.2796
G1 X201.597 Y175.378 E1034.33372
G1 F400.7 X202.552 Y175.881 E1034.38748
G1 F401.3 X203.367 Y176.603 E1034.44162
G1 F402 X203.982 Y177.496 E1034.49544
G1 F400.7 X204.367 Y178.508 E1034.54937
G1 F402.7 X204.497 Y179.584 E1034.60308
G1 F403.4 X204.367 Y180.664 E1034.6569
G1 F402 X203.982 Y181.672 E1034.71047
G1 F403.4 X203.368 Y182.566 E1034.76412
G1 X202.553 Y183.289 E1034.81802
G1 F401.3 X201.597 Y183.79 E1034.87169
G1 F402 X200.54 Y184.051 E1034.92574
;TIME_ELAPSED:2359.593191
;LAYER:466
;note -- min layer time used
M204 S3000
M205 X10 Y10
;MESH:15_7_1.stl
G0 F6000 X200.54 Y184.051 Z94.49
M204 S1800
M205 X8 Y8
;TYPE:WALL-OUTER
G1 F404 X199.46 Y184.051 E1034.97908
G1 F402.7 X198.402 Y183.79 E1035.03308
G1 F400.7 X197.444 Y183.288 E1035.08695
G1 F401.3 X196.629 Y182.565 E1035.14113
G1 F402 X196.014 Y181.672 E1035.19495
G1 F400.7 X195.629 Y180.664 E1035.24869
G1 X195.501 Y179.584 E1035.30286
G1 X195.629 Y178.508 E1035.35683
G1 X196.014 Y177.496 E1035.41076
G1 F401.3 X196.63 Y176.604 E1035.46466
G1 F400 X197.444 Y175.882 E1035.51895
G1 X198.402 Y175.378 E1035.57295
G1 F401.3 X199.46 Y175.119 E1035.62711
G1 X200.54 Y175.119 E1035.68082
G1 X201.597 Y175.378 E1035.73493
G1 F400.7 X202.552 Y175.881 E1035.78869
G1 F401.3 X203.367 Y176.603 E1035.84283
G1 F402 X203.982 Y177.496 E1035.89665
G1 F400.7 X204.367 Y178.508 E1035.95058
G1 F402.7 X204.497 Y179.584 E1036.00429
G1 F403.4 X204.367 Y180.664 E1036.05811
G1 F402 X203.982 Y181.672 E1036.11168
G1 F403.4 X203.368 Y182.566 E1036.16533
G1 X202.553 Y183.289 E1036.21923
G1 F401.3 X201.597 Y183.79 E1036.2729
G1 F402 X200.54 Y184.051 E1036.32695
;TIME_ELAPSED:2363.896983
;LAYER:467
;note -- min layer time used
M204 S3000
M205 X10 Y10
;MESH:15_7_1.stl
G0 F6000 X200.54 Y184.051 Z94.69
M204 S1800
M205 X8 Y8
;TYPE:WALL-OUTER
G1 F404 X199.46 Y184.051 E1036.38029
G1 F402.7 X198.402 Y183.79 E1036.4343
G1 F400.7 X197.444 Y183.288 E1036.48816
G1 F401.3 X196.629 Y182.565 E1036.54234
G1 F402 X196.014 Y181.672 E1036.59616
G1 F400.7 X195.629 Y180.664 E1036.6499
G1 X195.501 Y179.584 E1036.70407
G1 X195.629 Y178.508 E1036.75804
G1 X196.014 Y177.496 E1036.81197
G1 F401.3 X196.63 Y176.604 E1036.86587
G1 F400 X197.444 Y175.882 E1036.92016
G1 X198.402 Y175.378 E1036.97416
G1 F401.3 X199.46 Y175.119 E1037.02832
G1 X200.54 Y175.119 E1037.08203
G1 X201.597 Y175.378 E1037.13614
G1 F400.7 X202.552 Y175.881 E1037.1899
G1 F401.3 X203.367 Y176.603 E1037.24404
G1 F402 X203.982 Y177.496 E1037.29786
G1 F400.7 X204.367 Y178.508 E1037.35179
G1 F402.7 X204.497 Y179.584 E1037.40551
G1 F403.4 X204.367 Y180.664 E1037.45932
G1 F402 X203.982 Y181.672 E1037.51289
G1 F403.4 X203.368 Y182.566 E1037.56654
G1 X202.553 Y183.289 E1037.62045
G1 F401.3 X201.597 Y183.79 E1037.67411
G1 F402 X200.54 Y184.051 E1037.72816
;TIME_ELAPSED:2368.200775
;LAYER:468
;note -- min layer time used
M204 S3000
M205 X10 Y10
;MESH:15_7_1.stl
G0 F6000 X200.54 Y184.051 Z94.89
M204 S1800
M205 X8 Y8
;TYPE:WALL-OUTER
G1 F404 X199.46 Y184.051 E1037.7815
G1 F402.7 X198.402 Y183.79 E1037.83551
G1 F400.7 X197.444 Y183.288 E1037.88938
G1 F401.3 X196.629 Y182.565 E1037.94355
G1 F402 X196.014 Y181.672 E1037.99737
G1 F400.7 X195.629 Y180.664 E1038.05112
G1 X195.501 Y179.584 E1038.10528
G1 X195.629 Y178.508 E1038.15925
G1 X196.014 Y177.496 E1038.21318
G1 F401.3 X196.63 Y176.604 E1038.26709
G1 F400 X197.444 Y175.882 E1038.32137
G1 X198.402 Y175.378 E1038.37537
G1 F401.3 X199.46 Y175.119 E1038.42954
G1 X200.54 Y175.119 E1038.48324
G1 X201.597 Y175.378 E1038.53735
G1 F400.7 X202.552 Y175.881 E1038.59111
G1 F401.3 X203.367 Y176.603 E1038.64525
G1 F402 X203.982 Y177.496 E1038.69908
G1 F400.7 X204.367 Y178.508 E1038.753
G1 F402.7 X204.497 Y179.584 E1038.80672
G1 F403.4 X204.367 Y180.664 E1038.86053
G1 F402 X203.982 Y181.672 E1038.9141
G1 F403.4 X203.368 Y182.566 E1038.96775
G1 X202.553 Y183.289 E1039.02166
G1 F401.3 X201.597 Y183.79 E1039.07532
G1 F402 X200.54 Y184.051 E1039.12937
;TIME_ELAPSED:2372.504568
;LAYER:469
;note -- min layer time used
M204 S3000
M205 X10 Y10
;MESH:15_7_1.stl
G0 F6000 X200.54 Y184.051 Z95.09
M204 S1800
M205 X8 Y8
;TYPE:WALL-OUTER
G1 F404 X199.46 Y184.051 E1039.18271
G1 F402.7 X198.402 Y183.79 E1039.23672
G1 F400.7 X197.444 Y183.288 E1039.29059
G1 F401.3 X196.629 Y182.565 E1039.34476
G1 F402 X196.014 Y181.672 E1039.39858
G1 F400.7 X195.629 Y180.664 E1039.45233
G1 X195.501 Y179.584 E1039.50649
G1 X195.629 Y178.508 E1039.56046
G1 X196.014 Y177.496 E1039.61439
G1 F401.3 X196.63 Y176.604 E1039.6683
G1 F400 X197.444 Y175.882 E1039.72258
G1 X198.402 Y175.378 E1039.77659
G1 F401.3 X199.46 Y175.119 E1039.83075
G1 X200.54 Y175.119 E1039.88445
G1 X201.597 Y175.378 E1039.93856
G1 F400.7 X202.552 Y175.881 E1039.99232
G1 F401.3 X203.367 Y176.603 E1040.04646
G1 F402 X203.982 Y177.496 E1040.10029
G1 F400.7 X204.367 Y178.508 E1040.15422
G1 F402.7 X204.497 Y179.584 E1040.20793
G1 F403.4 X204.367 Y180.664 E1040.26175
G1 F402 X203.982 Y181.672 E1040.31531
G1 F403.4 X203.368 Y182.566 E1040.36897
G1 X202.553 Y183.289 E1040.42287
G1 F401.3 X201.597 Y183.79 E1040.47654
G1 F402 X200.54 Y184.051 E1040.53058
;TIME_ELAPSED:2376.808360
;LAYER:470
;note -- min layer time used
M204 S3000
M205 X10 Y10
;MESH:15_7_1.stl
G0 F6000 X200.54 Y184.051 Z95.29
M204 S1800
M205 X8 Y8
;TYPE:WALL-OUTER
G1 F404 X199.46 Y184.051 E1040.58392
G1 F402.7 X198.402 Y183.79 E1040.63793
G1 F400.7 X197.444 Y183.288 E1040.6918
G1 F401.3 X196.629 Y182.565 E1040.74597
G1 F402 X196.014 Y181.672 E1040.79979
G1 F400.7 X195.629 Y180.664 E1040.85354
G1 X195.501 Y179.584 E1040.90771
G1 X195.629 Y178.508 E1040.96168
G1 X196.014 Y177.496 E1041.0156
G1 F401.3 X196.63 Y176.604 E1041.06951
G1 F400 X197.444 Y175.882 E1041.12379
G1 X198.402 Y175.378 E1041.1778
G1 F401.3 X199.46 Y175.119 E1041.23196
G1 X200.54 Y175.119 E1041.28566
G1 X201.597 Y175.378 E1041.33977
G1 F400.7 X202.552 Y175.881 E1041.39353
G1 F401.3 X203.367 Y176.603 E1041.44767
G1 F402 X203.982 Y177.496 E1041.5015
G1 F400.7 X204.367 Y178.508 E1041.55543
G1 F402.7 X204.497 Y179.584 E1041.60914
G1 F403.4 X204.367 Y180.664 E1041.66296
G1 F402 X203.982 Y181.672 E1041.71652
G1 F403.4 X203.368 Y182.566 E1041.77018
G1 X202.553 Y183.289 E1041.82408
G1 F401.3 X201.597 Y183.79 E1041.87775
G1 F402 X200.54 Y184.051 E1041.93179
;TIME_ELAPSED:2381.112152
;LAYER:471
;note -- min layer time used
M204 S3000
M205 X10 Y10
;MESH:15_7_1.stl
G0 F6000 X200.54 Y184.051 Z95.49
M204 S1800
M205 X8 Y8
;TYPE:WALL-OUTER
G1 F404 X199.46 Y184.051 E1041.98513
G1 F402.7 X198.402 Y183.79 E1042.03914
G1 F400.7 X197.444 Y183.288 E1042.09301
G1 F401.3 X196.629 Y182.565 E1042.14718
G1 F402 X196.014 Y181.672 E1042.20101
G1 F400.7 X195.629 Y180.664 E1042.25475
G1 X195.501 Y179.584 E1042.30892
G1 X195.629 Y178.508 E1042.36289
G1 X196.014 Y177.496 E1042.41682
G1 F401.3 X196.63 Y176.604 E1042.47072
G1 F400 X197.444 Y175.882 E1042.525
G1 X198.402 Y175.378 E1042.57901
G1 F401.3 X199.46 Y175.119 E1042.63317
G1 X200.54 Y175.119 E1042.68687
G1 X201.597 Y175.378 E1042.74098
G1 F400.7 X202.552 Y175.881 E1042.79474
G1 F401.3 X203.367 Y176.603 E1042.84888
G1 F402 X203.982 Y177.496 E1042.90271
G1 F400.7 X204.367 Y178.508 E1042.95664
G1 F402.7 X204.497 Y179.584 E1043.01035
G1 F403.4 X204.367 Y180.664 E1043.06417
G1 F402 X203.982 Y181.672 E1043.11773
G1 F403.4 X203.368 Y182.566 E1043.17139
G1 X202.553 Y183.289 E1043.22529
G1 F401.3 X201.597 Y183.79 E1043.27896
G1 F402 X200.54 Y184.051 E1043.333
;TIME_ELAPSED:2385.415944
;LAYER:472
;note -- min layer time used
M204 S3000
M205 X10 Y10
;MESH:15_7_1.stl
G0 F6000 X200.54 Y184.051 Z95.69
M204 S1800
M205 X8 Y8
;TYPE:WALL-OUTER
G1 F404 X199.46 Y184.051 E1043.38635
G1 F402.7 X198.402 Y183.79 E1043.44035
G1 F400.7 X197.444 Y183.288 E1043.49422
G1 F401.3 X196.629 Y182.565 E1043.54839
G1 F402 X196.014 Y181.672 E1043.60222
G1 F400.7 X195.629 Y180.664 E1043.65596
G1 X195.501 Y179.584 E1043.71013
G1 X195.629 Y178.508 E1043.7641
G1 X196.014 Y177.496 E1043.81803
G1 F401.3 X196.63 Y176.604 E1043.87193
G1 F400 X197.444 Y175.882 E1043.92621
G1 X198.402 Y175.378 E1043.98022
G1 F401.3 X199.46 Y175.119 E1044.03438
G1 X200.54 Y175.119 E1044.08808
G1 X201.597 Y175.378 E1044.14219
G1 F400.7 X202.552 Y175.881 E1044.19595
G1 F401.3 X203.367 Y176.603 E1044.25009
G1 F402 X203.982 Y177.496 E1044.30392
G1 F400.7 X204.367 Y178.508 E1044.35785
G1 F402.7 X204.497 Y179.584 E1044.41156
G1 F403.4 X204.367 Y180.664 E1044.46538
G1 F402 X203.982 Y181.672 E1044.51894
G1 F403.4 X203.368 Y182.566 E1044.5726
G1 X202.553 Y183.289 E1044.6265
G1 F401.3 X201.597 Y183.79 E1044.68017
G1 F402 X200.54 Y184.051 E1044.73421
;TIME_ELAPSED:2389.719736
;LAYER:473
;note -- min layer time used
M204 S3000
M205 X10 Y10
;MESH:15_7_1.stl
G0 F6000 X200.54 Y184.051 Z95.89
M204 S1800
M205 X8 Y8
;TYPE:WALL-OUTER
G1 F404 X199.46 Y184.051 E1044.78756
G1 F402.7 X198.402 Y183.79 E1044.84156
G1 F400.7 X197.444 Y183.288 E1044.89543
G1 F401.3 X196.629 Y182.565 E1044.9496
G1 F402 X196.014 Y181.672 E1045.00343
G1 F400.7 X195.629 Y180.664 E1045.05717
G1 X195.501 Y179.584 E1045.11134
G1 X195.629 Y178.508 E1045.16531
G1 X196.014 Y177.496 E1045.21924
G1 F401.3 X196.63 Y176.604 E1045.27314
G1 F400 X197.444 Y175.882 E1045.32742
G1 X198.402 Y175.378 E1045.38143
G1 F401.3 X199.46 Y175.119 E1045.43559
G1 X200.54 Y175.119 E1045.48929
G1 X201.597 Y175.378 E1045.5434
G1 F400.7 X202.552 Y175.881 E1045.59717
G1 F401.3 X203.367 Y176.603 E1045.6513
G1 F402 X203.982 Y177.496 E1045.70513
G1 F400.7 X204.367 Y178.508 E1045.75906
G1 F402.7 X204.497 Y179.584 E1045.81277
G1 F403.4 X204.367 Y180.664 E1045.86659
G1 F402 X203.982 Y181.672 E1045.92015
G1 F403.4 X203.368 Y182.566 E1045.97381
G1 X202.553 Y183.289 E1046.02771
G1 F401.3 X201.597 Y183.79 E1046.08138
G1 F402 X200.54 Y184.051 E1046.13542
;TIME_ELAPSED:2394.023528
;LAYER:474
;note -- min layer time used
M204 S3000
M205 X10 Y10
;MESH:15_7_1.stl
G0 F6000 X200.54 Y184.051 Z96.09
M204 S1800
M205 X8 Y8
;TYPE:WALL-OUTER
G1 F404 X199.46 Y184.051 E1046.18877
G1 F402.7 X198.402 Y183.79 E1046.24277
G1 F400.7 X197.444 Y183.288 E1046.29664
G1 F401.3 X196.629 Y182.565 E1046.35081
G1 F402 X196.014 Y181.672 E1046.40464
G1 F400.7 X195.629 Y180.664 E1046.45838
G1 X195.501 Y179.584 E1046.51255
G1 X195.629 Y178.508 E1046.56652
G1 X196.014 Y177.496 E1046.62045
G1 F401.3 X196.63 Y176.604 E1046.67435
G1 F400 X197.444 Y175.882 E1046.72863
G1 X198.402 Y175.378 E1046.78264
G1 F401.3 X199.46 Y175.119 E1046.8368
G1 X200.54 Y175.119 E1046.8905
G1 X201.597 Y175.378 E1046.94462
G1 F400.7 X202.552 Y175.881 E1046.99838
G1 F401.3 X203.367 Y176.603 E1047.05252
G1 F402 X203.982 Y177.496 E1047.10634
G1 F400.7 X204.367 Y178.508 E1047.16027
G1 F402.7 X204.497 Y179.584 E1047.21398
G1 F403.4 X204.367 Y180.664 E1047.2678
G1 F402 X203.982 Y181.672 E1047.32136
G1 F403.4 X203.368 Y182.566 E1047.37502
G1 X202.553 Y183.289 E1047.42892
G1 F401.3 X201.597 Y183.79 E1047.48259
G1 F402 X200.54 Y184.051 E1047.53664
;TIME_ELAPSED:2398.327321
;LAYER:475
;note -- min layer time used
M204 S3000
M205 X10 Y10
;MESH:15_7_1.stl
G0 F6000 X200.54 Y184.051 Z96.29
M204 S1800
M205 X8 Y8
;TYPE:WALL-OUTER
G1 F404 X199.46 Y184.051 E1047.58998
G1 F402.7 X198.402 Y183.79 E1047.64398
G1 F400.7 X197.444 Y183.288 E1047.69785
G1 F401.3 X196.629 Y182.565 E1047.75202
G1 F402 X196.014 Y181.672 E1047.80585
G1 F400.7 X195.629 Y180.664 E1047.85959
G1 X195.501 Y179.584 E1047.91376
G1 X195.629 Y178.508 E1047.96773
G1 X196.014 Y177.496 E1048.02166
G1 F401.3 X196.63 Y176.604 E1048.07556
G1 F400 X197.444 Y175.882 E1048.12984
G1 X198.402 Y175.378 E1048.18385
G1 F401.3 X199.46 Y175.119 E1048.23801
G1 X200.54 Y175.119 E1048.29171
G1 X201.597 Y175.378 E1048.34583
G1 F400.7 X202.552 Y175.881 E1048.39959
G1 F401.3 X203.367 Y176.603 E1048.45373
G1 F402 X203.982 Y177.496 E1048.50755
G1 F400.7 X204.367 Y178.508 E1048.56148
G1 F402.7 X204.497 Y179.584 E1048.61519
G1 F403.4 X204.367 Y180.664 E1048.66901
G1 F402 X203.982 Y181.672 E1048.72257
G1 F403.4 X203.368 Y182.566 E1048.77623
G1 X202.553 Y183.289 E1048.83013
G1 F401.3 X201.597 Y183.79 E1048.8838
G1 F402 X200.54 Y184.051 E1048.93785
;TIME_ELAPSED:2402.631113
;LAYER:476
;note -- min layer time used
M204 S3000
M205 X10 Y10
;MESH:15_7_1.stl
G0 F6000 X200.54 Y184.051 Z96.49
M204 S1800
M205 X8 Y8
;TYPE:WALL-OUTER
G1 F404 X199.46 Y184.051 E1048.99119
G1 F402.7 X198.402 Y183.79 E1049.04519
G1 F400.7 X197.444 Y183.288 E1049.09906
G1 F401.3 X196.629 Y182.565 E1049.15323
G1 F402 X196.014 Y181.672 E1049.20706
G1 F400.7 X195.629 Y180.664 E1049.2608
G1 X195.501 Y179.584 E1049.31497
G1 X195.629 Y178.508 E1049.36894
G1 X196.014 Y177.496 E1049.42287
G1 F401.3 X196.63 Y176.604 E1049.47677
G1 F400 X197.444 Y175.882 E1049.53106
G1 X198.402 Y175.378 E1049.58506
G1 F401.3 X199.46 Y175.119 E1049.63922
G1 X200.54 Y175.119 E1049.69292
G1 X201.597 Y175.378 E1049.74704
G1 F400.7 X202.552 Y175.881 E1049.8008
G1 F401.3 X203.367 Y176.603 E1049.85494
G1 F402 X203.982 Y177.496 E1049.90876
G1 F400.7 X204.367 Y178.508 E1049.96269
G1 F402.7 X204.497 Y179.584 E1050.0164
G1 F403.4 X204.367 Y180.664 E1050.07022
G1 F402 X203.982 Y181.672 E1050.12378
G1 F403.4 X203.368 Y182.566 E1050.17744
G1 X202.553 Y183.289 E1050.23134
G1 F401.3 X201.597 Y183.79 E1050.28501
G1 F402 X200.54 Y184.051 E1050.33906
;TIME_ELAPSED:2406.934905
;LAYER:477
;note -- min layer time used
M204 S3000
M205 X10 Y10
;MESH:15_7_1.stl
G0 F6000 X200.54 Y184.051 Z96.69
M204 S1800
M205 X8 Y8
;TYPE:WALL-OUTER
G1 F404 X199.46 Y184.051 E1050.3924
G1 F402.7 X198.402 Y183.79 E1050.4464
G1 F400.7 X197.444 Y183.288 E1050.50027
G1 F401.3 X196.629 Y182.565 E1050.55445
G1 F402 X196.014 Y181.672 E1050.60827
G1 F400.7 X195.629 Y180.664 E1050.66201
G1 X195.501 Y179.584 E1050.71618
G1 X195.629 Y178.508 E1050.77015
G1 X196.014 Y177.496 E1050.82408
G1 F401.3 X196.63 Y176.604 E1050.87798
G1 F400 X197.444 Y175.882 E1050.93227
G1 X198.402 Y175.378 E1050.98627
G1 F401.3 X199.46 Y175.119 E1051.04043
G1 X200.54 Y175.119 E1051.09414
G1 X201.597 Y175.378 E1051.14825
G1 F400.7 X202.552 Y175.881 E1051.20201
G1 F401.3 X203.367 Y176.603 E1051.25615
G1 F402 X203.982 Y177.496 E1051.30997
G1 F400.7 X204.367 Y178.508 E1051.3639
G1 F402.7 X204.497 Y179.584 E1051.41761
G1 F403.4 X204.367 Y180.664 E1051.47143
G1 F402 X203.982 Y181.672 E1051.525
G1 F403.4 X203.368 Y182.566 E1051.57865
G1 X202.553 Y183.289 E1051.63255
G1 F401.3 X201.597 Y183.79 E1051.68622
G1 F402 X200.54 Y184.051 E1051.74027
;TIME_ELAPSED:2411.238697
;LAYER:478
;note -- min layer time used
M204 S3000
M205 X10 Y10
;MESH:15_7_1.stl
G0 F6000 X200.54 Y184.051 Z96.89
M204 S1800
M205 X8 Y8
;TYPE:WALL-OUTER
G1 F404 X199.46 Y184.051 E1051.79361
G1 F402.7 X198.402 Y183.79 E1051.84761
G1 F400.7 X197.444 Y183.288 E1051.90148
G1 F401.3 X196.629 Y182.565 E1051.95566
G1 F402 X196.014 Y181.672 E1052.00948
G1 F400.7 X195.629 Y180.664 E1052.06322
G1 X195.501 Y179.584 E1052.11739
G1 X195.629 Y178.508 E1052.17136
G1 X196.014 Y177.496 E1052.22529
G1 F401.3 X196.63 Y176.604 E1052.27919
G1 F400 X197.444 Y175.882 E1052.33348
G1 X198.402 Y175.378 E1052.38748
G1 F401.3 X199.46 Y175.119 E1052.44164
G1 X200.54 Y175.119 E1052.49535
G1 X201.597 Y175.378 E1052.54946
G1 F400.7 X202.552 Y175.881 E1052.60322
G1 F401.3 X203.367 Y176.603 E1052.65736
G1 F402 X203.982 Y177.496 E1052.71118
G1 F400.7 X204.367 Y178.508 E1052.76511
G1 F402.7 X204.497 Y179.584 E1052.81882
G1 F403.4 X204.367 Y180.664 E1052.87264
G1 F402 X203.982 Y181.672 E1052.92621
G1 F403.4 X203.368 Y182.566 E1052.97986
G1 X202.553 Y183.289 E1053.03376
G1 F401.3 X201.597 Y183.79 E1053.08743
G1 F402 X200.54 Y184.051 E1053.14148
;TIME_ELAPSED:2415.542489
;LAYER:479
;note -- min layer time used
M204 S3000
M205 X10 Y10
;MESH:15_7_1.stl
G0 F6000 X200.54 Y184.051 Z97.09
M204 S1800
M205 X8 Y8
;TYPE:WALL-OUTER
G1 F404 X199.46 Y184.051 E1053.19482
G1 F402.7 X198.402 Y183.79 E1053.24883
G1 F400.7 X197.444 Y183.288 E1053.30269
G1 F401.3 X196.629 Y182.565 E1053.35687
G1 F402 X196.014 Y181.672 E1053.41069
G1 F400.7 X195.629 Y180.664 E1053.46444
G1 X195.501 Y179.584 E1053.5186
G1 X195.629 Y178.508 E1053.57257
G1 X196.014 Y177.496 E1053.6265
G1 F401.3 X196.63 Y176.604 E1053.6804
G1 F400 X197.444 Y175.882 E1053.73469
G1 X198.402 Y175.378 E1053.78869
G1 F401.3 X199.46 Y175.119 E1053.84286
G1 X200.54 Y175.119 E1053.89656
G1 X201.597 Y175.378 E1053.95067
G1 F400.7 X202.552 Y175.881 E1054.00443
G1 F401.3 X203.367 Y176.603 E1054.05857
G1 F402 X203.982 Y177.496 E1054.11239
G1 F400.7 X204.367 Y178.508 E1054.16632
G1 F402.7 X204.497 Y179.584 E1054.22004
G1 F403.4 X204.367 Y180.664 E1054.27385
G1 F402 X203.982 Y181.672 E1054.32742
G1 F403.4 X203.368 Y182.566 E1054.38107
G1 X202.553 Y183.289 E1054.43498
G1 F401.3 X201.597 Y183.79 E1054.48864
G1 F402 X200.54 Y184.051 E1054.54269
;TIME_ELAPSED:2419.846281
;LAYER:480
;note -- min layer time used
M204 S3000
M205 X10 Y10
;MESH:15_7_1.stl
G0 F6000 X200.54 Y184.051 Z97.29
M204 S1800
M205 X8 Y8
;TYPE:WALL-OUTER
G1 F404 X199.46 Y184.051 E1054.59603
G1 F402.7 X198.402 Y183.79 E1054.65004
G1 F400.7 X197.444 Y183.288 E1054.70391
G1 F401.3 X196.629 Y182.565 E1054.75808
G1 F402 X196.014 Y181.672 E1054.8119
G1 F400.7 X195.629 Y180.664 E1054.86565
G1 X195.501 Y179.584 E1054.91981
G1 X195.629 Y178.508 E1054.97378
G1 X196.014 Y177.496 E1055.02771
G1 F401.3 X196.63 Y176.604 E1055.08162
G1 F400 X197.444 Y175.882 E1055.1359
G1 X198.402 Y175.378 E1055.1899
G1 F401.3 X199.46 Y175.119 E1055.24407
G1 X200.54 Y175.119 E1055.29777
G1 X201.597 Y175.378 E1055.35188
G1 F400.7 X202.552 Y175.881 E1055.40564
G1 F401.3 X203.367 Y176.603 E1055.45978
G1 F402 X203.982 Y177.496 E1055.51361
G1 F400.7 X204.367 Y178.508 E1055.56753
G1 F402.7 X204.497 Y179.584 E1055.62125
G1 F403.4 X204.367 Y180.664 E1055.67506
G1 F402 X203.982 Y181.672 E1055.72863
G1 F403.4 X203.368 Y182.566 E1055.78229
G1 X202.553 Y183.289 E1055.83619
G1 F401.3 X201.597 Y183.79 E1055.88985
G1 F402 X200.54 Y184.051 E1055.9439
;TIME_ELAPSED:2424.150074
;LAYER:481
;note -- min layer time used
M204 S3000
M205 X10 Y10
;MESH:15_7_1.stl
G0 F6000 X200.54 Y184.051 Z97.49
M204 S1800
M205 X8 Y8
;TYPE:WALL-OUTER
G1 F404 X199.46 Y184.051 E1055.99724
G1 F402.7 X198.402 Y183.79 E1056.05125
G1 F400.7 X197.444 Y183.288 E1056.10512
G1 F401.3 X196.629 Y182.565 E1056.15929
G1 F402 X196.014 Y181.672 E1056.21311
G1 F400.7 X195.629 Y180.664 E1056.26686
G1 X195.501 Y179.584 E1056.32103
G1 X195.629 Y178.508 E1056.375
G1 X196.014 Y177.496 E1056.42892
G1 F401.3 X196.63 Y176.604 E1056.48283
G1 F400 X197.444 Y175.882 E1056.53711
G1 X198.402 Y175.378 E1056.59112
G1 F401.3 X199.46 Y175.119 E1056.64528
G1 X200.54 Y175.119 E1056.69898
G1 X201.597 Y175.378 E1056.75309
G1 F400.7 X202.552 Y175.881 E1056.80685
G1 F401.3 X203.367 Y176.603 E1056.86099
G1 F402 X203.982 Y177.496 E1056.91482
G1 F400.7 X204.367 Y178.508 E1056.96875
G1 F402.7 X204.497 Y179.584 E1057.02246
G1 F403.4 X204.367 Y180.664 E1057.07628
G1 F402 X203.982 Y181.672 E1057.12984
G1 F403.4 X203.368 Y182.566 E1057.1835
G1 X202.553 Y183.289 E1057.2374
G1 F401.3 X201.597 Y183.79 E1057.29107
G1 F402 X200.54 Y184.051 E1057.34511
;TIME_ELAPSED:2428.453866
;LAYER:482
;note -- min layer time used
M204 S3000
M205 X10 Y10
;MESH:15_7_1.stl
G0 F6000 X200.54 Y184.051 Z97.69
M204 S1800
M205 X8 Y8
;TYPE:WALL-OUTER
G1 F404 X199.46 Y184.051 E1057.39845
G1 F402.7 X198.402 Y183.79 E1057.45246
G1 F400.7 X197.444 Y183.288 E1057.50633
G1 F401.3 X196.629 Y182.565 E1057.5605
G1 F402 X196.014 Y181.672 E1057.61432
G1 F400.7 X195.629 Y180.664 E1057.66807
G1 X195.501 Y179.584 E1057.72224
G1 X195.629 Y178.508 E1057.77621
G1 X196.014 Y177.496 E1057.83014
G1 F401.3 X196.63 Y176.604 E1057.88404
G1 F400 X197.444 Y175.882 E1057.93832
G1 X198.402 Y175.378 E1057.99233
G1 F401.3 X199.46 Y175.119 E1058.04649
G1 X200.54 Y175.119 E1058.10019
G1 X201.597 Y175.378 E1058.1543
G1 F400.7 X202.552 Y175.881 E1058.20806
G1 F401.3 X203.367 Y176.603 E1058.2622
G1 F402 X203.982 Y177.496 E1058.31603
G1 F400.7 X204.367 Y178.508 E1058.36996
G1 F402.7 X204.497 Y179.584 E1058.42367
G1 F403.4 X204.367 Y180.664 E1058.47749
G1 F402 X203.982 Y181.672 E1058.53105
G1 F403.4 X203.368 Y182.566 E1058.58471
G1 X202.553 Y183.289 E1058.63861
G1 F401.3 X201.597 Y183.79 E1058.69228
G1 F402 X200.54 Y184.051 E1058.74632
;TIME_ELAPSED:2432.757658
;LAYER:483
;note -- min layer time used
M204 S3000
M205 X10 Y10
;MESH:15_7_1.stl
G0 F6000 X200.54 Y184.051 Z97.89
M204 S1800
M205 X8 Y8
;TYPE:WALL-OUTER
G1 F404 X199.46 Y184.051 E1058.79967
G1 F402.7 X198.402 Y183.79 E1058.85367
G1 F400.7 X197.444 Y183.288 E1058.90754
G1 F401.3 X196.629 Y182.565 E1058.96171
G1 F402 X196.014 Y181.672 E1059.01554
G1 F400.7 X195.629 Y180.664 E1059.06928
G1 X195.501 Y179.584 E1059.12345
G1 X195.629 Y178.508 E1059.17742
G1 X196.014 Y177.496 E1059.23135
G1 F401.3 X196.63 Y176.604 E1059.28525
G1 F400 X197.444 Y175.882 E1059.33953
G1 X198.402 Y175.378 E1059.39354
G1 F401.3 X199.46 Y175.119 E1059.4477
G1 X200.54 Y175.119 E1059.5014
G1 X201.597 Y175.378 E1059.55551
G1 F400.7 X202.552 Y175.881 E1059.60927
G1 F401.3 X203.367 Y176.603 E1059.66341
G1 F402 X203.982 Y177.496 E1059.71724
G1 F400.7 X204.367 Y178.508 E1059.77117
G1 F402.7 X204.497 Y179.584 E1059.82488
G1 F403.4 X204.367 Y180.664 E1059.8787
G1 F402 X203.982 Y181.672 E1059.93226
G1 F403.4 X203.368 Y182.566 E1059.98592
G1 X202.553 Y183.289 E1060.03982
G1 F401.3 X201.597 Y183.79 E1060.09349
G1 F402 X200.54 Y184.051 E1060.14753
;TIME_ELAPSED:2437.061450
;LAYER:484
;note -- min layer time used
M204 S3000
M205 X10 Y10
;MESH:15_7_1.stl
G0 F6000 X200.54 Y184.051 Z98.09
M204 S1800
M205 X8 Y8
;TYPE:WALL-OUTER
G1 F404 X199.46 Y184.051 E1060.20088
G1 F402.7 X198.402 Y183.79 E1060.25488
G1 F400.7 X197.444 Y183.288 E1060.30875
G1 F401.3 X196.629 Y182.565 E1060.36292
G1 F402 X196.014 Y181.672 E1060.41675
G1 F400.7 X195.629 Y180.664 E1060.47049
G1 X195.501 Y179.584 E1060.52466
G1 X195.629 Y178.508 E1060.57863
G1 X196.014 Y177.496 E1060.63256
G1 F401.3 X196.63 Y176.604 E1060.68646
G1 F400 X197.444 Y175.882 E1060.74074
G1 X198.402 Y175.378 E1060.79475
G1 F401.3 X199.46 Y175.119 E1060.84891
G1 X200.54 Y175.119 E1060.90261
G1 X201.597 Y175.378 E1060.95672
G1 F400.7 X202.552 Y175.881 E1061.01048
G1 F401.3 X203.367 Y176.603 E1061.06462
G1 F402 X203.982 Y177.496 E1061.11845
G1 F400.7 X204.367 Y178.508 E1061.17238
G1 F402.7 X204.497 Y179.584 E1061.22609
G1 F403.4 X204.367 Y180.664 E1061.27991
G1 F402 X203.982 Y181.672 E1061.33347
G1 F403.4 X203.368 Y182.566 E1061.38713
G1 X202.553 Y183.289 E1061.44103
G1 F401.3 X201.597 Y183.79 E1061.4947
G1 F402 X200.54 Y184.051 E1061.54874
;TIME_ELAPSED:2441.365242
;LAYER:485
;note -- min layer time used
M204 S3000
M205 X10 Y10
;MESH:15_7_1.stl
G0 F6000 X200.54 Y184.051 Z98.29
M204 S1800
M205 X8 Y8
;TYPE:WALL-OUTER
G1 F404 X199.46 Y184.051 E1061.60209
G1 F402.7 X198.402 Y183.79 E1061.65609
G1 F400.7 X197.444 Y183.288 E1061.70996
G1 F401.3 X196.629 Y182.565 E1061.76413
G1 F402 X196.014 Y181.672 E1061.81796
G1 F400.7 X195.629 Y180.664 E1061.8717
G1 X195.501 Y179.584 E1061.92587
G1 X195.629 Y178.508 E1061.97984
G1 X196.014 Y177.496 E1062.03377
G1 F401.3 X196.63 Y176.604 E1062.08767
G1 F400 X197.444 Y175.882 E1062.14195
G1 X198.402 Y175.378 E1062.19596
G1 F401.3 X199.46 Y175.119 E1062.25012
G1 X200.54 Y175.119 E1062.30382
G1 X201.597 Y175.378 E1062.35794
G1 F400.7 X202.552 Y175.881 E1062.4117
G1 F401.3 X203.367 Y176.603 E1062.46584
G1 F402 X203.982 Y177.496 E1062.51966
G1 F400.7 X204.367 Y178.508 E1062.57359
G1 F402.7 X204.497 Y179.584 E1062.6273
G1 F403.4 X204.367 Y180.664 E1062.68112
G1 F402 X203.982 Y181.672 E1062.73468
G1 F403.4 X203.368 Y182.566 E1062.78834
G1 X202.553 Y183.289 E1062.84224
G1 F401.3 X201.597 Y183.79 E1062.89591
G1 F402 X200.54 Y184.051 E1062.94996
;TIME_ELAPSED:2445.669034
;LAYER:486
;note -- min layer time used
M204 S3000
M205 X10 Y10
;MESH:15_7_1.stl
G0 F6000 X200.54 Y184.051 Z98.49
M204 S1800
M205 X8 Y8
;TYPE:WALL-OUTER
G1 F404 X199.46 Y184.051 E1063.0033
G1 F402.7 X198.402 Y183.79 E1063.0573
G1 F400.7 X197.444 Y183.288 E1063.11117
G1 F401.3 X196.629 Y182.565 E1063.16534
G1 F402 X196.014 Y181.672 E1063.21917
G1 F400.7 X195.629 Y180.664 E1063.27291
G1 X195.501 Y179.584 E1063.32708
G1 X195.629 Y178.508 E1063.38105
G1 X196.014 Y177.496 E1063.43498
G1 F401.3 X196.63 Y176.604 E1063.48888
G1 F400 X197.444 Y175.882 E1063.54316
G1 X198.402 Y175.378 E1063.59717
G1 F401.3 X199.46 Y175.119 E1063.65133
G1 X200.54 Y175.119 E1063.70503
G1 X201.597 Y175.378 E1063.75915
G1 F400.7 X202.552 Y175.881 E1063.81291
G1 F401.3 X203.367 Y176.603 E1063.86705
G1 F402 X203.982 Y177.496 E1063.92087
G1 F400.7 X204.367 Y178.508 E1063.9748
G1 F402.7 X204.497 Y179.584 E1064.02851
G1 F403.4 X204.367 Y180.664 E1064.08233
G1 F402 X203.982 Y181.672 E1064.13589
G1 F403.4 X203.368 Y182.566 E1064.18955
G1 X202.553 Y183.289 E1064.24345
G1 F401.3 X201.597 Y183.79 E1064.29712
G1 F402 X200.54 Y184.051 E1064.35117
;TIME_ELAPSED:2449.972826
;LAYER:487
;note -- min layer time used
M204 S3000
M205 X10 Y10
;MESH:15_7_1.stl
G0 F6000 X200.54 Y184.051 Z98.69
M204 S1800
M205 X8 Y8
;TYPE:WALL-OUTER
G1 F404 X199.46 Y184.051 E1064.40451
G1 F402.7 X198.402 Y183.79 E1064.45851
G1 F400.7 X197.444 Y183.288 E1064.51238
G1 F401.3 X196.629 Y182.565 E1064.56655
G1 F402 X196.014 Y181.672 E1064.62038
G1 F400.7 X195.629 Y180.664 E1064.67412
G1 X195.501 Y179.584 E1064.72829
G1 X195.629 Y178.508 E1064.78226
G1 X196.014 Y177.496 E1064.83619
G1 F401.3 X196.63 Y176.604 E1064.89009
G1 F400 X197.444 Y175.882 E1064.94438
G1 X198.402 Y175.378 E1064.99838
G1 F401.3 X199.46 Y175.119 E1065.05254
G1 X200.54 Y175.119 E1065.10624
G1 X201.597 Y175.378 E1065.16036
G1 F400.7 X202.552 Y175.881 E1065.21412
G1 F401.3 X203.367 Y176.603 E1065.26826
G1 F402 X203.982 Y177.496 E1065.32208
G1 F400.7 X204.367 Y178.508 E1065.37601
G1 F402.7 X204.497 Y179.584 E1065.42972
G1 F403.4 X204.367 Y180.664 E1065.48354
G1 F402 X203.982 Y181.672 E1065.5371
G1 F403.4 X203.368 Y182.566 E1065.59076
G1 X202.553 Y183.289 E1065.64466
G1 F401.3 X201.597 Y183.79 E1065.69833
G1 F402 X200.54 Y184.051 E1065.75238
;TIME_ELAPSED:2454.276619
;LAYER:488
;note -- min layer time used
M204 S3000
M205 X10 Y10
;MESH:15_7_1.stl
G0 F6000 X200.54 Y184.051 Z98.89
M204 S1800
M205 X8 Y8
;TYPE:WALL-OUTER
G1 F404 X199.46 Y184.051 E1065.80572
G1 F402.7 X198.402 Y183.79 E1065.85972
G1 F400.7 X197.444 Y183.288 E1065.91359
G1 F401.3 X196.629 Y182.565 E1065.96777
G1 F402 X196.014 Y181.672 E1066.02159
G1 F400.7 X195.629 Y180.664 E1066.07533
G1 X195.501 Y179.584 E1066.1295
G1 X195.629 Y178.508 E1066.18347
G1 X196.014 Y177.496 E1066.2374
G1 F401.3 X196.63 Y176.604 E1066.2913
G1 F400 X197.444 Y175.882 E1066.34559
G1 X198.402 Y175.378 E1066.39959
G1 F401.3 X199.46 Y175.119 E1066.45375
G1 X200.54 Y175.119 E1066.50745
G1 X201.597 Y175.378 E1066.56157
G1 F400.7 X202.552 Y175.881 E1066.61533
G1 F401.3 X203.367 Y176.603 E1066.66947
G1 F402 X203.982 Y177.496 E1066.72329
G1 F400.7 X204.367 Y178.508 E1066.77722
G1 F402.7 X204.497 Y179.584 E1066.83093
G1 F403.4 X204.367 Y180.664 E1066.88475
G1 F402 X203.982 Y181.672 E1066.93832
G1 F403.4 X203.368 Y182.566 E1066.99197
G1 X202.553 Y183.289 E1067.04587
G1 F401.3 X201.597 Y183.79 E1067.09954
G1 F402 X200.54 Y184.051 E1067.15359
;TIME_ELAPSED:2458.580411
;LAYER:489
;note -- min layer time used
M204 S3000
M205 X10 Y10
;MESH:15_7_1.stl
G0 F6000 X200.54 Y184.051 Z99.09
M204 S1800
M205 X8 Y8
;TYPE:WALL-OUTER
G1 F404 X199.46 Y184.051 E1067.20693
G1 F402.7 X198.402 Y183.79 E1067.26093
G1 F400.7 X197.444 Y183.288 E1067.3148
G1 F401.3 X196.629 Y182.565 E1067.36898
G1 F402 X196.014 Y181.672 E1067.4228
G1 F400.7 X195.629 Y180.664 E1067.47654
G1 X195.501 Y179.584 E1067.53071
G1 X195.629 Y178.508 E1067.58468
G1 X196.014 Y177.496 E1067.63861
G1 F401.3 X196.63 Y176.604 E1067.69251
G1 F400 X197.444 Y175.882 E1067.7468
G1 X198.402 Y175.378 E1067.8008
G1 F401.3 X199.46 Y175.119 E1067.85496
G1 X200.54 Y175.119 E1067.90867
G1 X201.597 Y175.378 E1067.96278
G1 F400.7 X202.552 Y175.881 E1068.01654
G1 F401.3 X203.367 Y176.603 E1068.07068
G1 F402 X203.982 Y177.496 E1068.1245
G1 F400.7 X204.367 Y178.508 E1068.17843
G1 F402.7 X204.497 Y179.584 E1068.23214
G1 F403.4 X204.367 Y180.664 E1068.28596
G1 F402 X203.982 Y181.672 E1068.33953
G1 F403.4 X203.368 Y182.566 E1068.39318
G1 X202.553 Y183.289 E1068.44708
G1 F401.3 X201.597 Y183.79 E1068.50075
G1 F402 X200.54 Y184.051 E1068.5548
;TIME_ELAPSED:2462.884203
;LAYER:490
;note -- min layer time used
M204 S3000
M205 X10 Y10
;MESH:15_7_1.stl
G0 F6000 X200.54 Y184.051 Z99.29
M204 S1800
M205 X8 Y8
;TYPE:WALL-OUTER
G1 F404 X199.46 Y184.051 E1068.60814
G1 F402.7 X198.402 Y183.79 E1068.66214
G1 F400.7 X197.444 Y183.288 E1068.71601
G1 F401.3 X196.629 Y182.565 E1068.77019
G1 F402 X196.014 Y181.672 E1068.82401
G1 F400.7 X195.629 Y180.664 E1068.87775
G1 X195.501 Y179.584 E1068.93192
G1 X195.629 Y178.508 E1068.98589
G1 X196.014 Y177.496 E1069.03982
G1 F401.3 X196.63 Y176.604 E1069.09372
G1 F400 X197.444 Y175.882 E1069.14801
G1 X198.402 Y175.378 E1069.20201
G1 F401.3 X199.46 Y175.119 E1069.25617
G1 X200.54 Y175.119 E1069.30988
G1 X201.597 Y175.378 E1069.36399
G1 F400.7 X202.552 Y175.881 E1069.41775
G1 F401.3 X203.367 Y176.603 E1069.47189
G1 F402 X203.982 Y177.496 E1069.52571
G1 F400.7 X204.367 Y178.508 E1069.57964
G1 F402.7 X204.497 Y179.584 E1069.63336
G1 F403.4 X204.367 Y180.664 E1069.68717
G1 F402 X203.982 Y181.672 E1069.74074
G1 F403.4 X203.368 Y182.566 E1069.79439
G1 X202.553 Y183.289 E1069.8483
G1 F401.3 X201.597 Y183.79 E1069.90196
G1 F402 X200.54 Y184.051 E1069.95601
;TIME_ELAPSED:2467.187995
;LAYER:491
;note -- min layer time used
M204 S3000
M205 X10 Y10
;MESH:15_7_1.stl
G0 F6000 X200.54 Y184.051 Z99.49
M204 S1800
M205 X8 Y8
;TYPE:WALL-OUTER
G1 F404 X199.46 Y184.051 E1070.00935
G1 F402.7 X198.402 Y183.79 E1070.06336
G1 F400.7 X197.444 Y183.288 E1070.11723
G1 F401.3 X196.629 Y182.565 E1070.1714
G1 F402 X196.014 Y181.672 E1070.22522
G1 F400.7 X195.629 Y180.664 E1070.27897
G1 X195.501 Y179.584 E1070.33313
G1 X195.629 Y178.508 E1070.3871
G1 X196.014 Y177.496 E1070.44103
G1 F401.3 X196.63 Y176.604 E1070.49494
G1 F400 X197.444 Y175.882 E1070.54922
G1 X198.402 Y175.378 E1070.60322
G1 F401.3 X199.46 Y175.119 E1070.65739
G1 X200.54 Y175.119 E1070.71109
G1 X201.597 Y175.378 E1070.7652
G1 F400.7 X202.552 Y175.881 E1070.81896
G1 F401.3 X203.367 Y176.603 E1070.8731
G1 F402 X203.982 Y177.496 E1070.92693
G1 F400.7 X204.367 Y178.508 E1070.98085
G1 F402.7 X204.497 Y179.584 E1071.03457
G1 F403.4 X204.367 Y180.664 E1071.08838
G1 F402 X203.982 Y181.672 E1071.14195
G1 F403.4 X203.368 Y182.566 E1071.1956
G1 X202.553 Y183.289 E1071.24951
G1 F401.3 X201.597 Y183.79 E1071.30317
G1 F402 X200.54 Y184.051 E1071.35722
;TIME_ELAPSED:2471.491787
;LAYER:492
;note -- min layer time used
M204 S3000
M205 X10 Y10
;MESH:15_7_1.stl
G0 F6000 X200.54 Y184.051 Z99.69
M204 S1800
M205 X8 Y8
;TYPE:WALL-OUTER
G1 F404 X199.46 Y184.051 E1071.41056
G1 F402.7 X198.402 Y183.79 E1071.46457
G1 F400.7 X197.444 Y183.288 E1071.51844
G1 F401.3 X196.629 Y182.565 E1071.57261
G1 F402 X196.014 Y181.672 E1071.62643
G1 F400.7 X195.629 Y180.664 E1071.68018
G1 X195.501 Y179.584 E1071.73434
G1 X195.629 Y178.508 E1071.78831
G1 X196.014 Y177.496 E1071.84224
G1 F401.3 X196.63 Y176.604 E1071.89615
G1 F400 X197.444 Y175.882 E1071.95043
G1 X198.402 Y175.378 E1072.00444
G1 F401.3 X199.46 Y175.119 E1072.0586
G1 X200.54 Y175.119 E1072.1123
G1 X201.597 Y175.378 E1072.16641
G1 F400.7 X202.552 Y175.881 E1072.22017
G1 F401.3 X203.367 Y176.603 E1072.27431
G1 F402 X203.982 Y177.496 E1072.32814
G1 F400.7 X204.367 Y178.508 E1072.38207
G1 F402.7 X204.497 Y179.584 E1072.43578
G1 F403.4 X204.367 Y180.664 E1072.4896
G1 F402 X203.982 Y181.672 E1072.54316
G1 F403.4 X203.368 Y182.566 E1072.59682
G1 X202.553 Y183.289 E1072.65072
G1 F401.3 X201.597 Y183.79 E1072.70438
G1 F402 X200.54 Y184.051 E1072.75843
;TIME_ELAPSED:2475.795579
;LAYER:493
;note -- min layer time used
M204 S3000
M205 X10 Y10
;MESH:15_7_1.stl
G0 F6000 X200.54 Y184.051 Z99.89
M204 S1800
M205 X8 Y8
;TYPE:WALL-OUTER
G1 F404 X199.46 Y184.051 E1072.81177
G1 F402.7 X198.402 Y183.79 E1072.86578
G1 F400.7 X197.444 Y183.288 E1072.91965
G1 F401.3 X196.629 Y182.565 E1072.97382
G1 F402 X196.014 Y181.672 E1073.02764
G1 F400.7 X195.629 Y180.664 E1073.08139
G1 X195.501 Y179.584 E1073.13556
G1 X195.629 Y178.508 E1073.18953
G1 X196.014 Y177.496 E1073.24345
G1 F401.3 X196.63 Y176.604 E1073.29736
G1 F400 X197.444 Y175.882 E1073.35164
G1 X198.402 Y175.378 E1073.40565
G1 F401.3 X199.46 Y175.119 E1073.45981
G1 X200.54 Y175.119 E1073.51351
G1 X201.597 Y175.378 E1073.56762
G1 F400.7 X202.552 Y175.881 E1073.62138
G1 F401.3 X203.367 Y176.603 E1073.67552
G1 F402 X203.982 Y177.496 E1073.72935
G1 F400.7 X204.367 Y178.508 E1073.78328
G1 F402.7 X204.497 Y179.584 E1073.83699
G1 F403.4 X204.367 Y180.664 E1073.89081
G1 F402 X203.982 Y181.672 E1073.94437
G1 F403.4 X203.368 Y182.566 E1073.99803
G1 X202.553 Y183.289 E1074.05193
G1 F401.3 X201.597 Y183.79 E1074.1056
G1 F402 X200.54 Y184.051 E1074.15964
;TIME_ELAPSED:2480.099372
;LAYER:494
;note -- min layer time used
M204 S3000
M205 X10 Y10
;MESH:15_7_1.stl
G0 F6000 X200.54 Y184.051 Z100.09
M204 S1800
M205 X8 Y8
;TYPE:WALL-OUTER
G1 F404 X199.46 Y184.051 E1074.21298
G1 F402.7 X198.402 Y183.79 E1074.26699
G1 F400.7 X197.444 Y183.288 E1074.32086
G1 F401.3 X196.629 Y182.565 E1074.37503
G1 F402 X196.014 Y181.672 E1074.42886
G1 F400.7 X195.629 Y180.664 E1074.4826
G1 X195.501 Y179.584 E1074.53677
G1 X195.629 Y178.508 E1074.59074
G1 X196.014 Y177.496 E1074.64467
G1 F401.3 X196.63 Y176.604 E1074.69857
G1 F400 X197.444 Y175.882 E1074.75285
G1 X198.402 Y175.378 E1074.80686
G1 F401.3 X199.46 Y175.119 E1074.86102
G1 X200.54 Y175.119 E1074.91472
G1 X201.597 Y175.378 E1074.96883
G1 F400.7 X202.552 Y175.881 E1075.02259
G1 F401.3 X203.367 Y176.603 E1075.07673
G1 F402 X203.982 Y177.496 E1075.13056
G1 F400.7 X204.367 Y178.508 E1075.18449
G1 F402.7 X204.497 Y179.584 E1075.2382
G1 F403.4 X204.367 Y180.664 E1075.29202
G1 F402 X203.982 Y181.672 E1075.34558
G1 F403.4 X203.368 Y182.566 E1075.39924
G1 X202.553 Y183.289 E1075.45314
G1 F401.3 X201.597 Y183.79 E1075.50681
G1 F402 X200.54 Y184.051 E1075.56085
;TIME_ELAPSED:2484.403164
;LAYER:495
;note -- min layer time used
M204 S3000
M205 X10 Y10
;MESH:15_7_1.stl
G0 F6000 X200.54 Y184.051 Z100.29
M204 S1800
M205 X8 Y8
;TYPE:WALL-OUTER
G1 F404 X199.46 Y184.051 E1075.6142
G1 F402.7 X198.402 Y183.79 E1075.6682
G1 F400.7 X197.444 Y183.288 E1075.72207
G1 F401.3 X196.629 Y182.565 E1075.77624
G1 F402 X196.014 Y181.672 E1075.83007
G1 F400.7 X195.629 Y180.664 E1075.88381
G1 X195.501 Y179.584 E1075.93798
G1 X195.629 Y178.508 E1075.99195
G1 X196.014 Y177.496 E1076.04588
G1 F401.3 X196.63 Y176.604 E1076.09978
G1 F400 X197.444 Y175.882 E1076.15406
G1 X198.402 Y175.378 E1076.20807
G1 F401.3 X199.46 Y175.119 E1076.26223
G1 X200.54 Y175.119 E1076.31593
G1 X201.597 Y175.378 E1076.37004
G1 F400.7 X202.552 Y175.881 E1076.4238
G1 F401.3 X203.367 Y176.603 E1076.47794
G1 F402 X203.982 Y177.496 E1076.53177
G1 F400.7 X204.367 Y178.508 E1076.5857
G1 F402.7 X204.497 Y179.584 E1076.63941
G1 F403.4 X204.367 Y180.664 E1076.69323
G1 F402 X203.982 Y181.672 E1076.74679
G1 F403.4 X203.368 Y182.566 E1076.80045
G1 X202.553 Y183.289 E1076.85435
G1 F401.3 X201.597 Y183.79 E1076.90802
G1 F402 X200.54 Y184.051 E1076.96206
;TIME_ELAPSED:2488.706956
;LAYER:496
;note -- min layer time used
M204 S3000
M205 X10 Y10
;MESH:15_7_1.stl
G0 F6000 X200.54 Y184.051 Z100.49
M204 S1800
M205 X8 Y8
;TYPE:WALL-OUTER
G1 F404 X199.46 Y184.051 E1077.01541
G1 F402.7 X198.402 Y183.79 E1077.06941
G1 F400.7 X197.444 Y183.288 E1077.12328
G1 F401.3 X196.629 Y182.565 E1077.17745
G1 F402 X196.014 Y181.672 E1077.23128
G1 F400.7 X195.629 Y180.664 E1077.28502
G1 X195.501 Y179.584 E1077.33919
G1 X195.629 Y178.508 E1077.39316
G1 X196.014 Y177.496 E1077.44709
G1 F401.3 X196.63 Y176.604 E1077.50099
G1 F400 X197.444 Y175.882 E1077.55527
G1 X198.402 Y175.378 E1077.60928
G1 F401.3 X199.46 Y175.119 E1077.66344
G1 X200.54 Y175.119 E1077.71714
G1 X201.597 Y175.378 E1077.77125
G1 F400.7 X202.552 Y175.881 E1077.82501
G1 F401.3 X203.367 Y176.603 E1077.87915
G1 F402 X203.982 Y177.496 E1077.93298
G1 F400.7 X204.367 Y178.508 E1077.98691
G1 F402.7 X204.497 Y179.584 E1078.04062
G1 F403.4 X204.367 Y180.664 E1078.09444
G1 F402 X203.982 Y181.672 E1078.148
G1 F403.4 X203.368 Y182.566 E1078.20166
G1 X202.553 Y183.289 E1078.25556
G1 F401.3 X201.597 Y183.79 E1078.30923
G1 F402 X200.54 Y184.051 E1078.36327
;TIME_ELAPSED:2493.010748
;LAYER:497
;note -- min layer time used
M204 S3000
M205 X10 Y10
;MESH:15_7_1.stl
G0 F6000 X200.54 Y184.051 Z100.69
M204 S1800
M205 X8 Y8
;TYPE:WALL-OUTER
G1 F404 X199.46 Y184.051 E1078.41662
G1 F402.7 X198.402 Y183.79 E1078.47062
G1 F400.7 X197.444 Y183.288 E1078.52449
G1 F401.3 X196.629 Y182.565 E1078.57866
G1 F402 X196.014 Y181.672 E1078.63249
G1 F400.7 X195.629 Y180.664 E1078.68623
G1 X195.501 Y179.584 E1078.7404
G1 X195.629 Y178.508 E1078.79437
G1 X196.014 Y177.496 E1078.8483
G1 F401.3 X196.63 Y176.604 E1078.9022
G1 F400 X197.444 Y175.882 E1078.95648
G1 X198.402 Y175.378 E1079.01049
G1 F401.3 X199.46 Y175.119 E1079.06465
G1 X200.54 Y175.119 E1079.11835
G1 X201.597 Y175.378 E1079.17247
G1 F400.7 X202.552 Y175.881 E1079.22623
G1 F401.3 X203.367 Y176.603 E1079.28037
G1 F402 X203.982 Y177.496 E1079.33419
G1 F400.7 X204.367 Y178.508 E1079.38812
G1 F402.7 X204.497 Y179.584 E1079.44183
G1 F403.4 X204.367 Y180.664 E1079.49565
G1 F402 X203.982 Y181.672 E1079.54921
G1 F403.4 X203.368 Y182.566 E1079.60287
G1 X202.553 Y183.289 E1079.65677
G1 F401.3 X201.597 Y183.79 E1079.71044
G1 F402 X200.54 Y184.051 E1079.76449
;TIME_ELAPSED:2497.314540
;LAYER:498
;note -- min layer time used
M204 S3000
M205 X10 Y10
;MESH:15_7_1.stl
G0 F6000 X200.54 Y184.051 Z100.89
M204 S1800
M205 X8 Y8
;TYPE:WALL-OUTER
G1 F404 X199.46 Y184.051 E1079.81783
G1 F402.7 X198.402 Y183.79 E1079.87183
G1 F400.7 X197.444 Y183.288 E1079.9257
G1 F401.3 X196.629 Y182.565 E1079.97987
G1 F402 X196.014 Y181.672 E1080.0337
G1 F400.7 X195.629 Y180.664 E1080.08744
G1 X195.501 Y179.584 E1080.14161
G1 X195.629 Y178.508 E1080.19558
G1 X196.014 Y177.496 E1080.24951
G1 F401.3 X196.63 Y176.604 E1080.30341
G1 F400 X197.444 Y175.882 E1080.35769
G1 X198.402 Y175.378 E1080.4117
G1 F401.3 X199.46 Y175.119 E1080.46586
G1 X200.54 Y175.119 E1080.51956
G1 X201.597 Y175.378 E1080.57368
G1 F400.7 X202.552 Y175.881 E1080.62744
G1 F401.3 X203.367 Y176.603 E1080.68158
G1 F402 X203.982 Y177.496 E1080.7354
G1 F400.7 X204.367 Y178.508 E1080.78933
G1 F402.7 X204.497 Y179.584 E1080.84304
G1 F403.4 X204.367 Y180.664 E1080.89686
G1 F402 X203.982 Y181.672 E1080.95042
G1 F403.4 X203.368 Y182.566 E1081.00408
G1 X202.553 Y183.289 E1081.05798
G1 F401.3 X201.597 Y183.79 E1081.11165
G1 F402 X200.54 Y184.051 E1081.1657
;TIME_ELAPSED:2501.618332
;LAYER:499
;note -- min layer time used
M204 S3000
M205 X10 Y10
;MESH:15_7_1.stl
G0 F6000 X200.54 Y184.051 Z101.09
M204 S1800
M205 X8 Y8
;TYPE:WALL-OUTER
G1 F404 X199.46 Y184.051 E1081.21904
G1 F402.7 X198.402 Y183.79 E1081.27304
G1 F400.7 X197.444 Y183.288 E1081.32691
G1 F401.3 X196.629 Y182.565 E1081.38108
G1 F402 X196.014 Y181.672 E1081.43491
G1 F400.7 X195.629 Y180.664 E1081.48865
G1 X195.501 Y179.584 E1081.54282
G1 X195.629 Y178.508 E1081.59679
G1 X196.014 Y177.496 E1081.65072
G1 F401.3 X196.63 Y176.604 E1081.70462
G1 F400 X197.444 Y175.882 E1081.75891
G1 X198.402 Y175.378 E1081.81291
G1 F401.3 X199.46 Y175.119 E1081.86707
G1 X200.54 Y175.119 E1081.92077
G1 X201.597 Y175.378 E1081.97489
G1 F400.7 X202.552 Y175.881 E1082.02865
G1 F401.3 X203.367 Y176.603 E1082.08279
G1 F402 X203.982 Y177.496 E1082.13661
G1 F400.7 X204.367 Y178.508 E1082.19054
G1 F402.7 X204.497 Y179.584 E1082.24425
G1 F403.4 X204.367 Y180.664 E1082.29807
G1 F402 X203.982 Y181.672 E1082.35163
G1 F403.4 X203.368 Y182.566 E1082.40529
G1 X202.553 Y183.289 E1082.45919
G1 F401.3 X201.597 Y183.79 E1082.51286
G1 F402 X200.54 Y184.051 E1082.56691
M204 S3000
M205 X10 Y10
;MESH:NONMESH
G0 F600 X200.54 Y184.051 Z101.29
G0 F6000 X200.54 Y184.05
;TIME_ELAPSED:2505.990323
;LAYER:500
;note -- min layer time used
M204 S1800
M205 X8 Y8
;TYPE:WALL-OUTER
;MESH:15_7_1.stl
G1 F403.4 X199.46 Y184.051 E1082.62034
G1 F402.7 X198.402 Y183.79 E1082.67434
G1 F400.7 X197.444 Y183.288 E1082.72821
G1 F401.3 X196.629 Y182.565 E1082.78239
G1 F402 X196.014 Y181.672 E1082.83621
G1 F400.7 X195.629 Y180.664 E1082.88995
G1 X195.501 Y179.584 E1082.94412
G1 X195.629 Y178.508 E1082.99809
G1 X196.014 Y177.496 E1083.05202
G1 F401.3 X196.63 Y176.604 E1083.10592
G1 F400 X197.444 Y175.882 E1083.16021
G1 X198.402 Y175.378 E1083.21421
G1 F401.3 X199.46 Y175.119 E1083.26837
G1 X200.54 Y175.119 E1083.32208
G1 X201.597 Y175.378 E1083.37619
G1 F400.7 X202.552 Y175.881 E1083.42995
G1 F401.3 X203.367 Y176.603 E1083.48409
G1 F402 X203.982 Y177.496 E1083.53791
G1 F400.7 X204.367 Y178.508 E1083.59184
G1 F402.7 X204.497 Y179.592 E1083.64595
G1 F403.4 X204.367 Y180.664 E1083.69937
G1 F402 X203.982 Y181.672 E1083.75294
G1 F403.4 X203.368 Y182.566 E1083.80659
G1 X202.553 Y183.289 E1083.86049
G1 F401.3 X201.597 Y183.79 E1083.91416
G1 X200.54 Y184.05 E1083.96829
M204 S3000
M205 X10 Y10
;MESH:NONMESH
G0 F600 X200.54 Y184.05 Z101.49
G0 F6000 X200.54 Y184.049
;TIME_ELAPSED:2510.274050
;LAYER:501
;note -- min layer time used
M204 S1800
M205 X8 Y8
;TYPE:WALL-OUTER
;MESH:15_7_1.stl
G1 F402.7 X199.46 Y184.051 E1084.02181
G1 X198.402 Y183.79 E1084.07581
G1 F400.7 X197.444 Y183.288 E1084.12968
G1 F401.3 X196.629 Y182.565 E1084.18386
G1 F402 X196.014 Y181.672 E1084.23768
G1 F400.7 X195.629 Y180.664 E1084.29142
G1 X195.501 Y179.584 E1084.34559
G1 X195.629 Y178.508 E1084.39956
G1 X196.014 Y177.496 E1084.45349
G1 F401.3 X196.63 Y176.604 E1084.50739
G1 F400 X197.444 Y175.882 E1084.56168
G1 X198.402 Y175.378 E1084.61568
G1 F401.3 X199.46 Y175.119 E1084.66984
G1 X200.544 Y175.119 E1084.72374
G1 X201.597 Y175.378 E1084.77766
G1 F400.7 X202.552 Y175.881 E1084.83142
G1 F401.3 X203.367 Y176.603 E1084.88556
G1 F402 X203.982 Y177.496 E1084.93939
G1 F400.7 X204.367 Y178.508 E1084.99332
G1 F402.7 X204.497 Y179.592 E1085.04742
G1 F403.4 X204.367 Y180.664 E1085.10085
G1 F402 X203.982 Y181.672 E1085.15441
G1 F403.4 X203.368 Y182.566 E1085.20807
G1 X202.553 Y183.289 E1085.26197
G1 F401.3 X201.597 Y183.79 E1085.31564
G1 F400.7 X200.54 Y184.049 E1085.36984
M204 S3000
M205 X10 Y10
;MESH:NONMESH
G0 F600 X200.54 Y184.049 Z101.69
G0 F6000 X200.54 Y184.051
;TIME_ELAPSED:2514.554543
;LAYER:502
;note -- min layer time used
M204 S1800
M205 X8 Y8
;TYPE:WALL-OUTER
;MESH:15_7_1.stl
G1 F404 X199.46 Y184.051 E1085.42318
G1 F403.4 X198.398 Y183.787 E1085.47732
G1 F401.3 X197.443 Y183.288 E1085.5309
G1 X196.629 Y182.565 E1085.58504
G1 F402.7 X196.013 Y181.672 E1085.6388
G1 F401.3 X195.63 Y180.664 E1085.69242
G1 F400.7 X195.501 Y179.584 E1085.74659
G1 X195.629 Y178.508 E1085.80056
G1 X196.014 Y177.496 E1085.85449
G1 F401.3 X196.63 Y176.604 E1085.90839
G1 F400 X197.444 Y175.882 E1085.96268
G1 F399.3 X198.403 Y175.379 E1086.01679
G1 F400.7 X199.46 Y175.119 E1086.07101
G1 X200.544 Y175.12 E1086.125
G1 X201.597 Y175.378 E1086.179
G1 X202.552 Y175.881 E1086.23276
G1 F401.3 X203.367 Y176.603 E1086.2869
G1 F402 X203.982 Y177.496 E1086.34072
G1 F400.7 X204.367 Y178.508 E1086.39465
G1 F402.7 X204.497 Y179.588 E1086.44856
G1 F403.4 X204.367 Y180.664 E1086.50218
G1 F402 X203.982 Y181.672 E1086.55575
G1 F402.7 X203.367 Y182.565 E1086.60948
G1 X202.553 Y183.289 E1086.66347
G1 F400.7 X201.597 Y183.789 E1086.7172
G1 F401.3 X200.54 Y184.051 E1086.77135
;TIME_ELAPSED:2518.770468
;LAYER:503
;note -- min layer time used
M204 S3000
M205 X10 Y10
;MESH:15_7_1.stl
G0 F6000 X200.54 Y184.051 Z101.89
M204 S1800
M205 X8 Y8
;TYPE:WALL-OUTER
G1 F404 X199.46 Y184.051 E1086.82469
G1 F402 X198.399 Y183.79 E1086.87893
G1 F400 X197.444 Y183.288 E1086.93276
G1 F401.3 X196.629 Y182.565 E1086.98693
G1 F402.7 X196.013 Y181.672 E1087.0407
G1 F401.3 X195.63 Y180.664 E1087.09431
G1 F400.7 X195.501 Y179.584 E1087.14849
G1 X195.629 Y178.508 E1087.20246
G1 X196.014 Y177.496 E1087.25639
G1 F402 X196.629 Y176.603 E1087.31021
G1 F401.3 X197.444 Y175.881 E1087.36435
G1 F400 X198.403 Y175.38 E1087.41833
G1 F400.7 X199.46 Y175.119 E1087.47256
G1 F401.3 X200.54 Y175.119 E1087.52626
G1 X201.597 Y175.378 E1087.58037
G1 F400.7 X202.552 Y175.881 E1087.63413
G1 F401.3 X203.367 Y176.603 E1087.68827
G1 F402 X203.982 Y177.496 E1087.7421
G1 F400.7 X204.367 Y178.508 E1087.79603
G1 F402.7 X204.497 Y179.588 E1087.84994
G1 X204.366 Y180.664 E1087.90365
G1 F401.3 X203.982 Y181.672 E1087.95729
G1 F402.7 X203.363 Y182.569 E1088.0113
G1 X202.553 Y183.289 E1088.06501
G1 F401.3 X201.597 Y183.79 E1088.11868
G1 F402 X200.54 Y184.051 E1088.17272
;TIME_ELAPSED:2523.074739
;LAYER:504
;note -- min layer time used
M204 S3000
M205 X10 Y10
;MESH:15_7_1.stl
G0 F6000 X200.54 Y184.051 Z102.09
M204 S1800
M205 X8 Y8
;TYPE:WALL-OUTER
G1 F404 X199.46 Y184.051 E1088.22606
G1 F402.7 X198.402 Y183.79 E1088.28007
G1 F400.7 X197.444 Y183.288 E1088.33394
G1 F401.3 X196.629 Y182.565 E1088.38811
G1 F402 X196.014 Y181.672 E1088.44194
G1 F400.7 X195.629 Y180.664 E1088.49568
G1 X195.501 Y179.584 E1088.54985
G1 X195.629 Y178.508 E1088.60382
G1 X196.014 Y177.496 E1088.65775
G1 F401.3 X196.63 Y176.604 E1088.71165
G1 F400 X197.444 Y175.882 E1088.76593
G1 X198.402 Y175.378 E1088.81994
G1 F401.3 X199.46 Y175.119 E1088.8741
G1 X200.54 Y175.119 E1088.9278
G1 X201.597 Y175.378 E1088.98191
G1 F400.7 X202.552 Y175.881 E1089.03567
G1 F401.3 X203.367 Y176.603 E1089.08981
G1 F402 X203.982 Y177.496 E1089.14364
G1 F400.7 X204.367 Y178.508 E1089.19757
G1 F402.7 X204.497 Y179.584 E1089.25128
G1 F403.4 X204.367 Y180.664 E1089.3051
G1 F402 X203.982 Y181.672 E1089.35866
G1 F403.4 X203.368 Y182.566 E1089.41232
G1 X202.553 Y183.289 E1089.46622
G1 F401.3 X201.597 Y183.79 E1089.51989
G1 F402 X200.54 Y184.051 E1089.57393
;TIME_ELAPSED:2527.378531
G1 F2400 E1083.57393
M140 S0
M204 S4000
M205 X20 Y20
M107
G91 ;Change to relative positioning mode for filament retraction and nozzle lifting
G1 F200 E-4;Retract the filament a bit before lifting the nozzle
G1 F1000 Z5;Lift nozzle 5mm
G90 ;Change to absolute positioning mode to prepare for part rermoval
G1 X0 Y400 ;Move the print to max y pos for part rermoval
M104 S0 ; Turn off hotend
M106 S0 ; Turn off cooling fan
M140 S0 ; Turn off bed
M84 ; Disable motors

M82 ;absolute extrusion mode
M104 S0
;End of Gcode
;SETTING_3 {"global_quality": "[general]\\nversion = 4\\nname = eSun White 0.4 2
;SETTING_3 10\\ndefinition = anycubic_chiron\\n\\n[metadata]\\ntype = quality_ch
;SETTING_3 anges\\nquality_type = normal\\nsetting_version = 23\\n\\n[values]\\n
;SETTING_3 adhesion_type = raft\\nsupport_structure = tree\\n\\n", "extruder_qua
;SETTING_3 lity": ["[general]\\nversion = 4\\nname = eSun White 0.4 210\\ndefini
;SETTING_3 tion = anycubic_chiron\\n\\n[metadata]\\ntype = quality_changes\\nqua
;SETTING_3 lity_type = normal\\nintent_category = default\\nposition = 0\\nsetti
;SETTING_3 ng_version = 23\\n\\n[values]\\ninfill_sparse_density = 15\\nmaterial
;SETTING_3 _print_temperature = 220.0\\nsupport_angle = 75.0\\n\\n"]}
