solid 
 facet normal  0.000000e+00  1.000000e+00  0.000000e+00
   outer loop
     vertex -6.375000e+00  7.750000e+00  1.760000e+00
     vertex -6.950000e+00  7.750000e+00  1.260000e+00
     vertex -6.950000e+00  7.750000e+00  1.760000e+00
   endloop
 endfacet
 facet normal  1.796131e-31  1.000000e+00 -3.640075e-16
   outer loop
     vertex -5.925000e+00  7.750000e+00  1.760000e+00
     vertex -6.375000e+00  7.750000e+00  1.760000e+00
     vertex -6.375000e+00  7.750000e+00  4.200000e+00
   endloop
 endfacet
 facet normal -3.640698e-16  1.000000e+00  5.536893e-16
   outer loop
     vertex -1.486042e+01  7.750000e+00  4.900000e+00
     vertex -1.592500e+01  7.750000e+00  4.200000e+00
     vertex -1.730000e+01  7.750000e+00  4.900000e+00
   endloop
 endfacet
 facet normal  0.000000e+00  1.000000e+00 -3.640075e-16
   outer loop
     vertex -5.925000e+00  7.750000e+00  1.760000e+00
     vertex -6.375000e+00  7.750000e+00  4.200000e+00
     vertex -5.925000e+00  7.750000e+00  4.200000e+00
   endloop
 endfacet
 facet normal  0.000000e+00  1.000000e+00  0.000000e+00
   outer loop
     vertex -1.387500e+01  7.750000e+00  4.200000e+00
     vertex -1.592500e+01  7.750000e+00  4.200000e+00
     vertex -1.486042e+01  7.750000e+00  4.900000e+00
   endloop
 endfacet
 facet normal -8.312609e-16  1.000000e+00 -3.640075e-16
   outer loop
     vertex -1.592500e+01  7.750000e+00  1.760000e+00
     vertex -1.730000e+01  7.750000e+00  4.900000e+00
     vertex -1.592500e+01  7.750000e+00  4.200000e+00
   endloop
 endfacet
 facet normal  0.000000e+00  1.000000e+00  0.000000e+00
   outer loop
     vertex -2.439583e+00  7.750000e+00  4.900000e+00
     vertex -5.925000e+00  7.750000e+00  4.200000e+00
     vertex -8.650000e+00  7.750000e+00  4.900000e+00
   endloop
 endfacet
 facet normal  0.000000e+00  1.000000e+00  0.000000e+00
   outer loop
     vertex -2.439583e+00  7.750000e+00  4.900000e+00
     vertex -3.425000e+00  7.750000e+00  4.200000e+00
     vertex -3.875000e+00  7.750000e+00  4.200000e+00
   endloop
 endfacet
 facet normal  0.000000e+00  1.000000e+00  0.000000e+00
   outer loop
     vertex -1.342500e+01  7.750000e+00  4.200000e+00
     vertex -1.387500e+01  7.750000e+00  4.200000e+00
     vertex -1.486042e+01  7.750000e+00  4.900000e+00
   endloop
 endfacet
 facet normal  0.000000e+00  1.000000e+00  0.000000e+00
   outer loop
     vertex -2.439583e+00  7.750000e+00  4.900000e+00
     vertex -3.875000e+00  7.750000e+00  4.200000e+00
     vertex -5.925000e+00  7.750000e+00  4.200000e+00
   endloop
 endfacet
 facet normal  0.000000e+00  1.000000e+00  0.000000e+00
   outer loop
     vertex -1.730000e+01  7.750000e+00  0.000000e+00
     vertex -1.730000e+01  7.750000e+00  4.900000e+00
     vertex -1.592500e+01  7.750000e+00  1.760000e+00
   endloop
 endfacet
 facet normal  0.000000e+00  1.000000e+00  0.000000e+00
   outer loop
     vertex -5.350000e+00  7.750000e+00  1.260000e+00
     vertex -6.375000e+00  7.750000e+00  1.760000e+00
     vertex -5.925000e+00  7.750000e+00  1.760000e+00
   endloop
 endfacet
 facet normal  0.000000e+00  1.000000e+00 -0.000000e+00
   outer loop
     vertex -1.535000e+01  7.750000e+00  1.260000e+00
     vertex -1.592500e+01  7.750000e+00  1.760000e+00
     vertex -1.535000e+01  7.750000e+00  1.760000e+00
   endloop
 endfacet
 facet normal  0.000000e+00  1.000000e+00  0.000000e+00
   outer loop
     vertex -5.350000e+00  7.750000e+00  1.260000e+00
     vertex -6.950000e+00  7.750000e+00  1.260000e+00
     vertex -6.375000e+00  7.750000e+00  1.760000e+00
   endloop
 endfacet
 facet normal  0.000000e+00  1.000000e+00  0.000000e+00
   outer loop
     vertex -1.535000e+01  7.750000e+00  1.260000e+00
     vertex -1.730000e+01  7.750000e+00  0.000000e+00
     vertex -1.592500e+01  7.750000e+00  1.760000e+00
   endloop
 endfacet
 facet normal  0.000000e+00  1.000000e+00 -0.000000e+00
   outer loop
     vertex -5.350000e+00  7.750000e+00  1.260000e+00
     vertex -5.925000e+00  7.750000e+00  1.760000e+00
     vertex -5.350000e+00  7.750000e+00  1.760000e+00
   endloop
 endfacet
 facet normal  0.000000e+00  1.000000e+00  0.000000e+00
   outer loop
     vertex -1.445000e+01  7.750000e+00  1.260000e+00
     vertex -1.730000e+01  7.750000e+00  0.000000e+00
     vertex -1.535000e+01  7.750000e+00  1.260000e+00
   endloop
 endfacet
 facet normal  0.000000e+00  1.000000e+00  0.000000e+00
   outer loop
     vertex -1.387500e+01  7.750000e+00  1.760000e+00
     vertex -1.445000e+01  7.750000e+00  1.260000e+00
     vertex -1.445000e+01  7.750000e+00  1.760000e+00
   endloop
 endfacet
 facet normal  0.000000e+00  1.000000e+00  0.000000e+00
   outer loop
     vertex -1.137500e+01  7.750000e+00  4.200000e+00
     vertex -1.342500e+01  7.750000e+00  4.200000e+00
     vertex -1.486042e+01  7.750000e+00  4.900000e+00
   endloop
 endfacet
 facet normal  0.000000e+00  1.000000e+00  0.000000e+00
   outer loop
     vertex -3.875000e+00  7.750000e+00  1.760000e+00
     vertex -4.450000e+00  7.750000e+00  1.260000e+00
     vertex -4.450000e+00  7.750000e+00  1.760000e+00
   endloop
 endfacet
 facet normal  1.796131e-31  1.000000e+00 -3.640075e-16
   outer loop
     vertex -1.342500e+01  7.750000e+00  1.760000e+00
     vertex -1.387500e+01  7.750000e+00  1.760000e+00
     vertex -1.387500e+01  7.750000e+00  4.200000e+00
   endloop
 endfacet
 facet normal  0.000000e+00  1.000000e+00  0.000000e+00
   outer loop
     vertex -1.375000e+00  7.750000e+00  4.200000e+00
     vertex -3.425000e+00  7.750000e+00  4.200000e+00
     vertex -2.439583e+00  7.750000e+00  4.900000e+00
   endloop
 endfacet
 facet normal  0.000000e+00  1.000000e+00 -3.640075e-16
   outer loop
     vertex -1.342500e+01  7.750000e+00  1.760000e+00
     vertex -1.387500e+01  7.750000e+00  4.200000e+00
     vertex -1.342500e+01  7.750000e+00  4.200000e+00
   endloop
 endfacet
 facet normal  0.000000e+00  1.000000e+00 -3.640075e-16
   outer loop
     vertex -3.425000e+00  7.750000e+00  1.760000e+00
     vertex -3.875000e+00  7.750000e+00  4.200000e+00
     vertex -3.425000e+00  7.750000e+00  4.200000e+00
   endloop
 endfacet
 facet normal  1.796131e-31  1.000000e+00 -3.640075e-16
   outer loop
     vertex -3.425000e+00  7.750000e+00  1.760000e+00
     vertex -3.875000e+00  7.750000e+00  1.760000e+00
     vertex -3.875000e+00  7.750000e+00  4.200000e+00
   endloop
 endfacet
 facet normal  3.640698e-16  1.000000e+00  5.536893e-16
   outer loop
     vertex  0.000000e+00  7.750000e+00  4.900000e+00
     vertex -1.375000e+00  7.750000e+00  4.200000e+00
     vertex -2.439583e+00  7.750000e+00  4.900000e+00
   endloop
 endfacet
 facet normal  0.000000e+00  1.000000e+00 -0.000000e+00
   outer loop
     vertex -1.285000e+01  7.750000e+00  1.260000e+00
     vertex -1.342500e+01  7.750000e+00  1.760000e+00
     vertex -1.285000e+01  7.750000e+00  1.760000e+00
   endloop
 endfacet
 facet normal  0.000000e+00  1.000000e+00  0.000000e+00
   outer loop
     vertex -1.285000e+01  7.750000e+00  1.260000e+00
     vertex -1.445000e+01  7.750000e+00  1.260000e+00
     vertex -1.387500e+01  7.750000e+00  1.760000e+00
   endloop
 endfacet
 facet normal  0.000000e+00  1.000000e+00  0.000000e+00
   outer loop
     vertex -1.285000e+01  7.750000e+00  1.260000e+00
     vertex -1.730000e+01  7.750000e+00  0.000000e+00
     vertex -1.445000e+01  7.750000e+00  1.260000e+00
   endloop
 endfacet
 facet normal  0.000000e+00  1.000000e+00  0.000000e+00
   outer loop
     vertex -1.285000e+01  7.750000e+00  1.260000e+00
     vertex -1.387500e+01  7.750000e+00  1.760000e+00
     vertex -1.342500e+01  7.750000e+00  1.760000e+00
   endloop
 endfacet
 facet normal  0.000000e+00  1.000000e+00 -0.000000e+00
   outer loop
     vertex -2.850000e+00  7.750000e+00  1.260000e+00
     vertex -3.425000e+00  7.750000e+00  1.760000e+00
     vertex -2.850000e+00  7.750000e+00  1.760000e+00
   endloop
 endfacet
 facet normal  0.000000e+00  1.000000e+00  0.000000e+00
   outer loop
     vertex -2.850000e+00  7.750000e+00  1.260000e+00
     vertex -4.450000e+00  7.750000e+00  1.260000e+00
     vertex -3.875000e+00  7.750000e+00  1.760000e+00
   endloop
 endfacet
 facet normal  0.000000e+00  1.000000e+00  0.000000e+00
   outer loop
     vertex -2.850000e+00  7.750000e+00  1.260000e+00
     vertex -3.875000e+00  7.750000e+00  1.760000e+00
     vertex -3.425000e+00  7.750000e+00  1.760000e+00
   endloop
 endfacet
 facet normal  0.000000e+00  1.000000e+00  0.000000e+00
   outer loop
     vertex -8.650000e+00  7.750000e+00  4.900000e+00
     vertex -1.137500e+01  7.750000e+00  4.200000e+00
     vertex -1.486042e+01  7.750000e+00  4.900000e+00
   endloop
 endfacet
 facet normal  0.000000e+00  1.000000e+00  0.000000e+00
   outer loop
     vertex -8.650000e+00  7.750000e+00  4.900000e+00
     vertex -1.092500e+01  7.750000e+00  4.200000e+00
     vertex -1.137500e+01  7.750000e+00  4.200000e+00
   endloop
 endfacet
 facet normal  0.000000e+00  1.000000e+00  0.000000e+00
   outer loop
     vertex -1.137500e+01  7.750000e+00  1.760000e+00
     vertex -1.195000e+01  7.750000e+00  1.260000e+00
     vertex -1.195000e+01  7.750000e+00  1.760000e+00
   endloop
 endfacet
 facet normal  0.000000e+00  1.000000e+00  0.000000e+00
   outer loop
     vertex -1.375000e+00  7.750000e+00  1.760000e+00
     vertex -1.950000e+00  7.750000e+00  1.260000e+00
     vertex -1.950000e+00  7.750000e+00  1.760000e+00
   endloop
 endfacet
 facet normal  8.312609e-16  1.000000e+00 -3.640075e-16
   outer loop
     vertex -1.375000e+00  7.750000e+00  1.760000e+00
     vertex -1.375000e+00  7.750000e+00  4.200000e+00
     vertex  0.000000e+00  7.750000e+00  4.900000e+00
   endloop
 endfacet
 facet normal  0.000000e+00  1.000000e+00 -0.000000e+00
   outer loop
     vertex -8.875000e+00  7.750000e+00  4.200000e+00
     vertex -1.092500e+01  7.750000e+00  4.200000e+00
     vertex -8.650000e+00  7.750000e+00  4.900000e+00
   endloop
 endfacet
 facet normal  0.000000e+00  1.000000e+00  0.000000e+00
   outer loop
     vertex  0.000000e+00  7.750000e+00  0.000000e+00
     vertex -2.850000e+00  7.750000e+00  1.260000e+00
     vertex -1.950000e+00  7.750000e+00  1.260000e+00
   endloop
 endfacet
 facet normal  0.000000e+00  1.000000e+00  0.000000e+00
   outer loop
     vertex  0.000000e+00  7.750000e+00  0.000000e+00
     vertex -4.450000e+00  7.750000e+00  1.260000e+00
     vertex -2.850000e+00  7.750000e+00  1.260000e+00
   endloop
 endfacet
 facet normal  1.796131e-31  1.000000e+00 -3.640075e-16
   outer loop
     vertex -1.092500e+01  7.750000e+00  1.760000e+00
     vertex -1.137500e+01  7.750000e+00  1.760000e+00
     vertex -1.137500e+01  7.750000e+00  4.200000e+00
   endloop
 endfacet
 facet normal  0.000000e+00  1.000000e+00  0.000000e+00
   outer loop
     vertex  0.000000e+00  7.750000e+00  0.000000e+00
     vertex -1.950000e+00  7.750000e+00  1.260000e+00
     vertex -1.375000e+00  7.750000e+00  1.760000e+00
   endloop
 endfacet
 facet normal  0.000000e+00  1.000000e+00 -3.640075e-16
   outer loop
     vertex -1.092500e+01  7.750000e+00  1.760000e+00
     vertex -1.137500e+01  7.750000e+00  4.200000e+00
     vertex -1.092500e+01  7.750000e+00  4.200000e+00
   endloop
 endfacet
 facet normal  0.000000e+00  1.000000e+00 -0.000000e+00
   outer loop
     vertex  0.000000e+00  7.750000e+00  0.000000e+00
     vertex -1.375000e+00  7.750000e+00  1.760000e+00
     vertex  0.000000e+00  7.750000e+00  4.900000e+00
   endloop
 endfacet
 facet normal  0.000000e+00  1.000000e+00  0.000000e+00
   outer loop
     vertex  0.000000e+00  7.750000e+00  0.000000e+00
     vertex -1.730000e+01  7.750000e+00  0.000000e+00
     vertex -1.285000e+01  7.750000e+00  1.260000e+00
   endloop
 endfacet
 facet normal  0.000000e+00  1.000000e+00  0.000000e+00
   outer loop
     vertex -8.425000e+00  7.750000e+00  4.200000e+00
     vertex -8.875000e+00  7.750000e+00  4.200000e+00
     vertex -8.650000e+00  7.750000e+00  4.900000e+00
   endloop
 endfacet
 facet normal  0.000000e+00  1.000000e+00  0.000000e+00
   outer loop
     vertex  0.000000e+00  7.750000e+00  0.000000e+00
     vertex -1.285000e+01  7.750000e+00  1.260000e+00
     vertex -1.195000e+01  7.750000e+00  1.260000e+00
   endloop
 endfacet
 facet normal  0.000000e+00  1.000000e+00  0.000000e+00
   outer loop
     vertex  0.000000e+00  7.750000e+00  0.000000e+00
     vertex -1.195000e+01  7.750000e+00  1.260000e+00
     vertex -1.035000e+01  7.750000e+00  1.260000e+00
   endloop
 endfacet
 facet normal  0.000000e+00  1.000000e+00  0.000000e+00
   outer loop
     vertex  0.000000e+00  7.750000e+00  0.000000e+00
     vertex -1.035000e+01  7.750000e+00  1.260000e+00
     vertex -9.450000e+00  7.750000e+00  1.260000e+00
   endloop
 endfacet
 facet normal  0.000000e+00  1.000000e+00  0.000000e+00
   outer loop
     vertex  0.000000e+00  7.750000e+00  0.000000e+00
     vertex -9.450000e+00  7.750000e+00  1.260000e+00
     vertex -7.850000e+00  7.750000e+00  1.260000e+00
   endloop
 endfacet
 facet normal  0.000000e+00  1.000000e+00  0.000000e+00
   outer loop
     vertex  0.000000e+00  7.750000e+00  0.000000e+00
     vertex -7.850000e+00  7.750000e+00  1.260000e+00
     vertex -6.950000e+00  7.750000e+00  1.260000e+00
   endloop
 endfacet
 facet normal  0.000000e+00  1.000000e+00  0.000000e+00
   outer loop
     vertex  0.000000e+00  7.750000e+00  0.000000e+00
     vertex -6.950000e+00  7.750000e+00  1.260000e+00
     vertex -5.350000e+00  7.750000e+00  1.260000e+00
   endloop
 endfacet
 facet normal  0.000000e+00  1.000000e+00  0.000000e+00
   outer loop
     vertex  0.000000e+00  7.750000e+00  0.000000e+00
     vertex -5.350000e+00  7.750000e+00  1.260000e+00
     vertex -4.450000e+00  7.750000e+00  1.260000e+00
   endloop
 endfacet
 facet normal  0.000000e+00  1.000000e+00  0.000000e+00
   outer loop
     vertex -1.035000e+01  7.750000e+00  1.260000e+00
     vertex -1.137500e+01  7.750000e+00  1.760000e+00
     vertex -1.092500e+01  7.750000e+00  1.760000e+00
   endloop
 endfacet
 facet normal  0.000000e+00  1.000000e+00 -0.000000e+00
   outer loop
     vertex -1.035000e+01  7.750000e+00  1.260000e+00
     vertex -1.092500e+01  7.750000e+00  1.760000e+00
     vertex -1.035000e+01  7.750000e+00  1.760000e+00
   endloop
 endfacet
 facet normal  0.000000e+00  1.000000e+00  0.000000e+00
   outer loop
     vertex -1.035000e+01  7.750000e+00  1.260000e+00
     vertex -1.195000e+01  7.750000e+00  1.260000e+00
     vertex -1.137500e+01  7.750000e+00  1.760000e+00
   endloop
 endfacet
 facet normal  0.000000e+00  1.000000e+00  0.000000e+00
   outer loop
     vertex -8.875000e+00  7.750000e+00  1.760000e+00
     vertex -9.450000e+00  7.750000e+00  1.260000e+00
     vertex -9.450000e+00  7.750000e+00  1.760000e+00
   endloop
 endfacet
 facet normal  0.000000e+00  1.000000e+00  0.000000e+00
   outer loop
     vertex -6.375000e+00  7.750000e+00  4.200000e+00
     vertex -8.425000e+00  7.750000e+00  4.200000e+00
     vertex -8.650000e+00  7.750000e+00  4.900000e+00
   endloop
 endfacet
 facet normal  0.000000e+00  1.000000e+00 -3.640075e-16
   outer loop
     vertex -8.425000e+00  7.750000e+00  1.760000e+00
     vertex -8.875000e+00  7.750000e+00  4.200000e+00
     vertex -8.425000e+00  7.750000e+00  4.200000e+00
   endloop
 endfacet
 facet normal  1.796131e-31  1.000000e+00 -3.640075e-16
   outer loop
     vertex -8.425000e+00  7.750000e+00  1.760000e+00
     vertex -8.875000e+00  7.750000e+00  1.760000e+00
     vertex -8.875000e+00  7.750000e+00  4.200000e+00
   endloop
 endfacet
 facet normal  0.000000e+00  1.000000e+00  0.000000e+00
   outer loop
     vertex -5.925000e+00  7.750000e+00  4.200000e+00
     vertex -6.375000e+00  7.750000e+00  4.200000e+00
     vertex -8.650000e+00  7.750000e+00  4.900000e+00
   endloop
 endfacet
 facet normal  0.000000e+00  1.000000e+00  0.000000e+00
   outer loop
     vertex -7.850000e+00  7.750000e+00  1.260000e+00
     vertex -9.450000e+00  7.750000e+00  1.260000e+00
     vertex -8.875000e+00  7.750000e+00  1.760000e+00
   endloop
 endfacet
 facet normal  0.000000e+00  1.000000e+00 -0.000000e+00
   outer loop
     vertex -7.850000e+00  7.750000e+00  1.260000e+00
     vertex -8.425000e+00  7.750000e+00  1.760000e+00
     vertex -7.850000e+00  7.750000e+00  1.760000e+00
   endloop
 endfacet
 facet normal  0.000000e+00  1.000000e+00  0.000000e+00
   outer loop
     vertex -7.850000e+00  7.750000e+00  1.260000e+00
     vertex -8.875000e+00  7.750000e+00  1.760000e+00
     vertex -8.425000e+00  7.750000e+00  1.760000e+00
   endloop
 endfacet
 facet normal  0.000000e+00  1.929013e-15 -1.000000e+00
   outer loop
     vertex -1.730000e+01  7.750000e+00  0.000000e+00
     vertex -1.110223e-16  6.950000e+00 -1.543210e-15
     vertex -1.730000e+01  6.950000e+00 -1.543210e-15
   endloop
 endfacet
 facet normal  0.000000e+00  1.929013e-15 -1.000000e+00
   outer loop
     vertex -1.730000e+01  7.750000e+00  0.000000e+00
     vertex  0.000000e+00  7.750000e+00  0.000000e+00
     vertex -1.110223e-16  6.950000e+00 -1.543210e-15
   endloop
 endfacet
 facet normal -1.000000e+00 -0.000000e+00  0.000000e+00
   outer loop
     vertex -1.730000e+01  7.750000e+00  0.000000e+00
     vertex -1.730000e+01  6.950000e+00 -1.543210e-15
     vertex -1.730000e+01  6.950000e+00  4.900000e+00
   endloop
 endfacet
 facet normal -1.000000e+00  0.000000e+00  0.000000e+00
   outer loop
     vertex -1.730000e+01  7.750000e+00  0.000000e+00
     vertex -1.730000e+01  6.950000e+00  4.900000e+00
     vertex -1.730000e+01  7.750000e+00  4.900000e+00
   endloop
 endfacet
 facet normal  1.000000e+00 -1.387779e-16  0.000000e+00
   outer loop
     vertex  0.000000e+00  7.750000e+00  0.000000e+00
     vertex  0.000000e+00  7.750000e+00  4.900000e+00
     vertex -1.110223e-16  6.950000e+00  4.900000e+00
   endloop
 endfacet
 facet normal  1.000000e+00 -1.387779e-16  2.515500e-32
   outer loop
     vertex -1.110223e-16  6.950000e+00 -1.543210e-15
     vertex  0.000000e+00  7.750000e+00  0.000000e+00
     vertex -1.110223e-16  6.950000e+00  4.900000e+00
   endloop
 endfacet
 facet normal  0.000000e+00  0.000000e+00  1.000000e+00
   outer loop
     vertex -8.000000e-01  6.950000e+00  4.900000e+00
     vertex -1.110223e-16  6.950000e+00  4.900000e+00
     vertex  0.000000e+00  7.750000e+00  4.900000e+00
   endloop
 endfacet
 facet normal  0.000000e+00  0.000000e+00  1.000000e+00
   outer loop
     vertex -2.439583e+00  7.750000e+00  4.900000e+00
     vertex -8.000000e-01  6.950000e+00  4.900000e+00
     vertex  0.000000e+00  7.750000e+00  4.900000e+00
   endloop
 endfacet
 facet normal  1.350114e-16  2.577498e-16  1.000000e+00
   outer loop
     vertex -2.220097e+00  4.247964e+00  4.900000e+00
     vertex -1.801077e+00  4.028478e+00  4.900000e+00
     vertex -8.000000e-01  6.950000e+00  4.900000e+00
   endloop
 endfacet
 facet normal  6.068253e-16  4.934839e-16  1.000000e+00
   outer loop
     vertex -8.000000e-01  1.088019e-15  4.900000e+00
     vertex -1.801077e+00  3.030813e+00  4.900000e+00
     vertex -2.339816e+00  1.893475e+00  4.900000e+00
   endloop
 endfacet
 facet normal -0.000000e+00  0.000000e+00  1.000000e+00
   outer loop
     vertex -2.978322e+00  1.893475e+00  4.900000e+00
     vertex -8.000000e-01  1.088019e-15  4.900000e+00
     vertex -2.339816e+00  1.893475e+00  4.900000e+00
   endloop
 endfacet
 facet normal -0.000000e+00  0.000000e+00  1.000000e+00
   outer loop
     vertex -1.730000e+01  7.750000e+00  4.900000e+00
     vertex -1.650000e+01  6.950000e+00  4.900000e+00
     vertex -1.486042e+01  7.750000e+00  4.900000e+00
   endloop
 endfacet
 facet normal  0.000000e+00  0.000000e+00  1.000000e+00
   outer loop
     vertex -1.730000e+01  6.950000e+00  4.900000e+00
     vertex -1.650000e+01  6.950000e+00  4.900000e+00
     vertex -1.730000e+01  7.750000e+00  4.900000e+00
   endloop
 endfacet
 facet normal -1.350114e-16  2.577498e-16  1.000000e+00
   outer loop
     vertex -1.549892e+01  4.028478e+00  4.900000e+00
     vertex -1.507990e+01  4.247964e+00  4.900000e+00
     vertex -1.650000e+01  6.950000e+00  4.900000e+00
   endloop
 endfacet
 facet normal -0.000000e+00  0.000000e+00  1.000000e+00
   outer loop
     vertex -1.432168e+01  1.893475e+00  4.900000e+00
     vertex -8.000000e-01  1.088019e-15  4.900000e+00
     vertex -2.978322e+00  1.893475e+00  4.900000e+00
   endloop
 endfacet
 facet normal -0.000000e+00  3.546842e-16  1.000000e+00
   outer loop
     vertex -1.432168e+01  1.893475e+00  4.900000e+00
     vertex -2.978322e+00  1.893475e+00  4.900000e+00
     vertex -8.650000e+00  6.901752e+00  4.900000e+00
   endloop
 endfacet
 facet normal -6.068253e-16  4.934839e-16  1.000000e+00
   outer loop
     vertex -1.650000e+01  1.088019e-15  4.900000e+00
     vertex -1.496018e+01  1.893475e+00  4.900000e+00
     vertex -1.549892e+01  3.030813e+00  4.900000e+00
   endloop
 endfacet
 facet normal  0.000000e+00  0.000000e+00  1.000000e+00
   outer loop
     vertex -1.650000e+01  1.088019e-15  4.900000e+00
     vertex -1.432168e+01  1.893475e+00  4.900000e+00
     vertex -1.496018e+01  1.893475e+00  4.900000e+00
   endloop
 endfacet
 facet normal  0.000000e+00  0.000000e+00  1.000000e+00
   outer loop
     vertex -1.650000e+01  1.088019e-15  4.900000e+00
     vertex -8.000000e-01  1.088019e-15  4.900000e+00
     vertex -1.432168e+01  1.893475e+00  4.900000e+00
   endloop
 endfacet
 facet normal  1.413118e-16  2.555909e-16  1.000000e+00
   outer loop
     vertex -8.000000e-01  1.088019e-15  4.900000e+00
     vertex -8.000000e-01  6.950000e+00  4.900000e+00
     vertex -1.801077e+00  4.028478e+00  4.900000e+00
   endloop
 endfacet
 facet normal -8.872229e-16  0.000000e+00  1.000000e+00
   outer loop
     vertex -8.000000e-01  1.088019e-15  4.900000e+00
     vertex -1.801077e+00  4.028478e+00  4.900000e+00
     vertex -1.801077e+00  3.030813e+00  4.900000e+00
   endloop
 endfacet
 facet normal  1.134080e-16  2.555909e-16  1.000000e+00
   outer loop
     vertex -1.650000e+01  6.950000e+00  4.900000e+00
     vertex -1.650000e+01  1.088019e-15  4.900000e+00
     vertex -1.549892e+01  3.030813e+00  4.900000e+00
   endloop
 endfacet
 facet normal -8.872229e-16  0.000000e+00  1.000000e+00
   outer loop
     vertex -1.650000e+01  6.950000e+00  4.900000e+00
     vertex -1.549892e+01  3.030813e+00  4.900000e+00
     vertex -1.549892e+01  4.028478e+00  4.900000e+00
   endloop
 endfacet
 facet normal -1.276510e-16  2.616181e-16  1.000000e+00
   outer loop
     vertex -1.507990e+01  4.247964e+00  4.900000e+00
     vertex -1.486042e+01  7.750000e+00  4.900000e+00
     vertex -1.650000e+01  6.950000e+00  4.900000e+00
   endloop
 endfacet
 facet normal -0.000000e+00  3.546842e-16  1.000000e+00
   outer loop
     vertex -1.432168e+01  6.901752e+00  4.900000e+00
     vertex -1.432168e+01  1.893475e+00  4.900000e+00
     vertex -8.650000e+00  6.901752e+00  4.900000e+00
   endloop
 endfacet
 facet normal  0.000000e+00  3.546842e-16  1.000000e+00
   outer loop
     vertex -2.978322e+00  1.893475e+00  4.900000e+00
     vertex -2.978322e+00  6.901752e+00  4.900000e+00
     vertex -8.650000e+00  6.901752e+00  4.900000e+00
   endloop
 endfacet
 facet normal  1.276510e-16  2.616181e-16  1.000000e+00
   outer loop
     vertex -2.439583e+00  7.750000e+00  4.900000e+00
     vertex -2.220097e+00  4.247964e+00  4.900000e+00
     vertex -8.000000e-01  6.950000e+00  4.900000e+00
   endloop
 endfacet
 facet normal  0.000000e+00  1.000000e+00  0.000000e+00
   outer loop
     vertex -1.486042e+01  7.750000e+00  4.900000e+00
     vertex -8.650000e+00  7.750000e+00  5.700000e+00
     vertex -8.650000e+00  7.750000e+00  4.900000e+00
   endloop
 endfacet
 facet normal  0.000000e+00  1.000000e+00  0.000000e+00
   outer loop
     vertex -1.486042e+01  7.750000e+00  4.900000e+00
     vertex -1.486042e+01  7.750000e+00  5.700000e+00
     vertex -8.650000e+00  7.750000e+00  5.700000e+00
   endloop
 endfacet
 facet normal  0.000000e+00  1.000000e+00  0.000000e+00
   outer loop
     vertex -2.439583e+00  7.750000e+00  4.900000e+00
     vertex -8.650000e+00  7.750000e+00  4.900000e+00
     vertex -8.650000e+00  7.750000e+00  5.700000e+00
   endloop
 endfacet
 facet normal  0.000000e+00  1.000000e+00 -0.000000e+00
   outer loop
     vertex -2.439583e+00  7.750000e+00  4.900000e+00
     vertex -8.650000e+00  7.750000e+00  5.700000e+00
     vertex -2.439583e+00  7.750000e+00  5.700000e+00
   endloop
 endfacet
 facet normal -1.000000e+00  0.000000e+00  0.000000e+00
   outer loop
     vertex -6.375000e+00  7.750000e+00  4.200000e+00
     vertex -6.375000e+00  7.750000e+00  1.760000e+00
     vertex -6.375000e+00  5.000000e-01  1.760000e+00
   endloop
 endfacet
 facet normal -1.000000e+00 -0.000000e+00  0.000000e+00
   outer loop
     vertex -6.375000e+00  7.750000e+00  4.200000e+00
     vertex -6.375000e+00  5.000000e-01  1.760000e+00
     vertex -6.375000e+00  5.000000e-01  4.200000e+00
   endloop
 endfacet
 facet normal  1.300713e-31  1.644775e-16  1.000000e+00
   outer loop
     vertex -6.936559e+00  3.200000e+00  1.760000e+00
     vertex -6.936559e+00  5.000000e-01  1.760000e+00
     vertex -6.375000e+00  5.000000e-01  1.760000e+00
   endloop
 endfacet
 facet normal -2.579727e-29  2.440051e-16  1.000000e+00
   outer loop
     vertex -6.950000e+00  7.750000e+00  1.760000e+00
     vertex -6.950000e+00  3.200000e+00  1.760000e+00
     vertex -6.936559e+00  3.200000e+00  1.760000e+00
   endloop
 endfacet
 facet normal  0.000000e+00  2.440051e-16  1.000000e+00
   outer loop
     vertex -6.375000e+00  7.750000e+00  1.760000e+00
     vertex -6.950000e+00  7.750000e+00  1.760000e+00
     vertex -6.936559e+00  3.200000e+00  1.760000e+00
   endloop
 endfacet
 facet normal  2.399716e-16  2.143879e-16  1.000000e+00
   outer loop
     vertex -6.375000e+00  5.000000e-01  1.760000e+00
     vertex -6.375000e+00  7.750000e+00  1.760000e+00
     vertex -6.936559e+00  3.200000e+00  1.760000e+00
   endloop
 endfacet
 facet normal  0.000000e+00 -2.450147e-16 -1.000000e+00
   outer loop
     vertex -8.425000e+00  7.750000e+00  4.200000e+00
     vertex -6.375000e+00  7.750000e+00  4.200000e+00
     vertex -6.375000e+00  5.000000e-01  4.200000e+00
   endloop
 endfacet
 facet normal  0.000000e+00 -2.450147e-16 -1.000000e+00
   outer loop
     vertex -8.425000e+00  7.750000e+00  4.200000e+00
     vertex -6.375000e+00  5.000000e-01  4.200000e+00
     vertex -8.425000e+00  5.000000e-01  4.200000e+00
   endloop
 endfacet
 facet normal -1.000000e+00 -0.000000e+00  0.000000e+00
   outer loop
     vertex -6.950000e+00  7.750000e+00  1.760000e+00
     vertex -6.950000e+00  3.200000e+00  1.260000e+00
     vertex -6.950000e+00  3.200000e+00  1.760000e+00
   endloop
 endfacet
 facet normal -1.000000e+00  0.000000e+00 -0.000000e+00
   outer loop
     vertex -6.950000e+00  7.750000e+00  1.760000e+00
     vertex -6.950000e+00  7.750000e+00  1.260000e+00
     vertex -6.950000e+00  3.200000e+00  1.260000e+00
   endloop
 endfacet
 facet normal  1.000000e+00  0.000000e+00 -0.000000e+00
   outer loop
     vertex -8.425000e+00  7.750000e+00  1.760000e+00
     vertex -8.425000e+00  7.750000e+00  4.200000e+00
     vertex -8.425000e+00  5.000000e-01  4.200000e+00
   endloop
 endfacet
 facet normal  1.000000e+00  0.000000e+00  0.000000e+00
   outer loop
     vertex -8.425000e+00  7.750000e+00  1.760000e+00
     vertex -8.425000e+00  5.000000e-01  4.200000e+00
     vertex -8.425000e+00  5.000000e-01  1.760000e+00
   endloop
 endfacet
 facet normal  0.000000e+00  2.440051e-16  1.000000e+00
   outer loop
     vertex -6.950000e+00  7.750000e+00  1.260000e+00
     vertex -7.850000e+00  3.200000e+00  1.260000e+00
     vertex -6.950000e+00  3.200000e+00  1.260000e+00
   endloop
 endfacet
 facet normal  0.000000e+00  2.440051e-16  1.000000e+00
   outer loop
     vertex -6.950000e+00  7.750000e+00  1.260000e+00
     vertex -7.850000e+00  7.750000e+00  1.260000e+00
     vertex -7.850000e+00  3.200000e+00  1.260000e+00
   endloop
 endfacet
 facet normal  3.954077e-16  1.644775e-16  1.000000e+00
   outer loop
     vertex -7.863441e+00  3.200000e+00  1.760000e+00
     vertex -8.425000e+00  5.000000e-01  1.760000e+00
     vertex -7.863441e+00  5.000000e-01  1.760000e+00
   endloop
 endfacet
 facet normal  0.000000e+00  2.440051e-16  1.000000e+00
   outer loop
     vertex -7.850000e+00  7.750000e+00  1.760000e+00
     vertex -7.863441e+00  3.200000e+00  1.760000e+00
     vertex -7.850000e+00  3.200000e+00  1.760000e+00
   endloop
 endfacet
 facet normal  3.861645e-16  2.428643e-16  1.000000e+00
   outer loop
     vertex -7.850000e+00  7.750000e+00  1.760000e+00
     vertex -8.425000e+00  7.750000e+00  1.760000e+00
     vertex -7.863441e+00  3.200000e+00  1.760000e+00
   endloop
 endfacet
 facet normal  1.554361e-16  2.143879e-16  1.000000e+00
   outer loop
     vertex -8.425000e+00  7.750000e+00  1.760000e+00
     vertex -8.425000e+00  5.000000e-01  1.760000e+00
     vertex -7.863441e+00  3.200000e+00  1.760000e+00
   endloop
 endfacet
 facet normal  1.000000e+00  0.000000e+00  0.000000e+00
   outer loop
     vertex -7.850000e+00  7.750000e+00  1.260000e+00
     vertex -7.850000e+00  3.200000e+00  1.760000e+00
     vertex -7.850000e+00  3.200000e+00  1.260000e+00
   endloop
 endfacet
 facet normal  1.000000e+00  0.000000e+00 -0.000000e+00
   outer loop
     vertex -7.850000e+00  7.750000e+00  1.260000e+00
     vertex -7.850000e+00  7.750000e+00  1.760000e+00
     vertex -7.850000e+00  3.200000e+00  1.760000e+00
   endloop
 endfacet
 facet normal -1.000000e+00  0.000000e+00  0.000000e+00
   outer loop
     vertex -8.875000e+00  7.750000e+00  4.200000e+00
     vertex -8.875000e+00  7.750000e+00  1.760000e+00
     vertex -8.875000e+00  5.000000e-01  1.760000e+00
   endloop
 endfacet
 facet normal -1.000000e+00 -0.000000e+00  0.000000e+00
   outer loop
     vertex -8.875000e+00  7.750000e+00  4.200000e+00
     vertex -8.875000e+00  5.000000e-01  1.760000e+00
     vertex -8.875000e+00  5.000000e-01  4.200000e+00
   endloop
 endfacet
 facet normal  1.300713e-31  1.644775e-16  1.000000e+00
   outer loop
     vertex -9.436559e+00  3.200000e+00  1.760000e+00
     vertex -9.436559e+00  5.000000e-01  1.760000e+00
     vertex -8.875000e+00  5.000000e-01  1.760000e+00
   endloop
 endfacet
 facet normal -2.579727e-29  2.440051e-16  1.000000e+00
   outer loop
     vertex -9.450000e+00  7.750000e+00  1.760000e+00
     vertex -9.450000e+00  3.200000e+00  1.760000e+00
     vertex -9.436559e+00  3.200000e+00  1.760000e+00
   endloop
 endfacet
 facet normal  0.000000e+00  2.440051e-16  1.000000e+00
   outer loop
     vertex -8.875000e+00  7.750000e+00  1.760000e+00
     vertex -9.450000e+00  7.750000e+00  1.760000e+00
     vertex -9.436559e+00  3.200000e+00  1.760000e+00
   endloop
 endfacet
 facet normal  2.399716e-16  2.143879e-16  1.000000e+00
   outer loop
     vertex -8.875000e+00  5.000000e-01  1.760000e+00
     vertex -8.875000e+00  7.750000e+00  1.760000e+00
     vertex -9.436559e+00  3.200000e+00  1.760000e+00
   endloop
 endfacet
 facet normal  0.000000e+00 -2.450147e-16 -1.000000e+00
   outer loop
     vertex -1.092500e+01  7.750000e+00  4.200000e+00
     vertex -8.875000e+00  7.750000e+00  4.200000e+00
     vertex -8.875000e+00  5.000000e-01  4.200000e+00
   endloop
 endfacet
 facet normal  0.000000e+00 -2.450147e-16 -1.000000e+00
   outer loop
     vertex -1.092500e+01  7.750000e+00  4.200000e+00
     vertex -8.875000e+00  5.000000e-01  4.200000e+00
     vertex -1.092500e+01  5.000000e-01  4.200000e+00
   endloop
 endfacet
 facet normal -1.000000e+00 -0.000000e+00  0.000000e+00
   outer loop
     vertex -9.450000e+00  7.750000e+00  1.760000e+00
     vertex -9.450000e+00  3.200000e+00  1.260000e+00
     vertex -9.450000e+00  3.200000e+00  1.760000e+00
   endloop
 endfacet
 facet normal -1.000000e+00  0.000000e+00 -0.000000e+00
   outer loop
     vertex -9.450000e+00  7.750000e+00  1.760000e+00
     vertex -9.450000e+00  7.750000e+00  1.260000e+00
     vertex -9.450000e+00  3.200000e+00  1.260000e+00
   endloop
 endfacet
 facet normal  1.000000e+00  0.000000e+00 -0.000000e+00
   outer loop
     vertex -1.092500e+01  7.750000e+00  1.760000e+00
     vertex -1.092500e+01  7.750000e+00  4.200000e+00
     vertex -1.092500e+01  5.000000e-01  4.200000e+00
   endloop
 endfacet
 facet normal  1.000000e+00  0.000000e+00  0.000000e+00
   outer loop
     vertex -1.092500e+01  7.750000e+00  1.760000e+00
     vertex -1.092500e+01  5.000000e-01  4.200000e+00
     vertex -1.092500e+01  5.000000e-01  1.760000e+00
   endloop
 endfacet
 facet normal  0.000000e+00  2.440051e-16  1.000000e+00
   outer loop
     vertex -9.450000e+00  7.750000e+00  1.260000e+00
     vertex -1.035000e+01  3.200000e+00  1.260000e+00
     vertex -9.450000e+00  3.200000e+00  1.260000e+00
   endloop
 endfacet
 facet normal  0.000000e+00  2.440051e-16  1.000000e+00
   outer loop
     vertex -9.450000e+00  7.750000e+00  1.260000e+00
     vertex -1.035000e+01  7.750000e+00  1.260000e+00
     vertex -1.035000e+01  3.200000e+00  1.260000e+00
   endloop
 endfacet
 facet normal  3.954077e-16  1.644775e-16  1.000000e+00
   outer loop
     vertex -1.036344e+01  3.200000e+00  1.760000e+00
     vertex -1.092500e+01  5.000000e-01  1.760000e+00
     vertex -1.036344e+01  5.000000e-01  1.760000e+00
   endloop
 endfacet
 facet normal  0.000000e+00  2.440051e-16  1.000000e+00
   outer loop
     vertex -1.035000e+01  7.750000e+00  1.760000e+00
     vertex -1.036344e+01  3.200000e+00  1.760000e+00
     vertex -1.035000e+01  3.200000e+00  1.760000e+00
   endloop
 endfacet
 facet normal  3.861645e-16  2.428643e-16  1.000000e+00
   outer loop
     vertex -1.035000e+01  7.750000e+00  1.760000e+00
     vertex -1.092500e+01  7.750000e+00  1.760000e+00
     vertex -1.036344e+01  3.200000e+00  1.760000e+00
   endloop
 endfacet
 facet normal  1.554361e-16  2.143879e-16  1.000000e+00
   outer loop
     vertex -1.092500e+01  7.750000e+00  1.760000e+00
     vertex -1.092500e+01  5.000000e-01  1.760000e+00
     vertex -1.036344e+01  3.200000e+00  1.760000e+00
   endloop
 endfacet
 facet normal  1.000000e+00  0.000000e+00  0.000000e+00
   outer loop
     vertex -1.035000e+01  7.750000e+00  1.260000e+00
     vertex -1.035000e+01  3.200000e+00  1.760000e+00
     vertex -1.035000e+01  3.200000e+00  1.260000e+00
   endloop
 endfacet
 facet normal  1.000000e+00  0.000000e+00 -0.000000e+00
   outer loop
     vertex -1.035000e+01  7.750000e+00  1.260000e+00
     vertex -1.035000e+01  7.750000e+00  1.760000e+00
     vertex -1.035000e+01  3.200000e+00  1.760000e+00
   endloop
 endfacet
 facet normal -1.000000e+00  0.000000e+00  0.000000e+00
   outer loop
     vertex -1.387500e+01  7.750000e+00  4.200000e+00
     vertex -1.387500e+01  7.750000e+00  1.760000e+00
     vertex -1.387500e+01  5.000000e-01  1.760000e+00
   endloop
 endfacet
 facet normal -1.000000e+00 -0.000000e+00  0.000000e+00
   outer loop
     vertex -1.387500e+01  7.750000e+00  4.200000e+00
     vertex -1.387500e+01  5.000000e-01  1.760000e+00
     vertex -1.387500e+01  5.000000e-01  4.200000e+00
   endloop
 endfacet
 facet normal  1.300713e-31  1.644775e-16  1.000000e+00
   outer loop
     vertex -1.443656e+01  3.200000e+00  1.760000e+00
     vertex -1.443656e+01  5.000000e-01  1.760000e+00
     vertex -1.387500e+01  5.000000e-01  1.760000e+00
   endloop
 endfacet
 facet normal -2.579727e-29  2.440051e-16  1.000000e+00
   outer loop
     vertex -1.445000e+01  7.750000e+00  1.760000e+00
     vertex -1.445000e+01  3.200000e+00  1.760000e+00
     vertex -1.443656e+01  3.200000e+00  1.760000e+00
   endloop
 endfacet
 facet normal  0.000000e+00  2.440051e-16  1.000000e+00
   outer loop
     vertex -1.387500e+01  7.750000e+00  1.760000e+00
     vertex -1.445000e+01  7.750000e+00  1.760000e+00
     vertex -1.443656e+01  3.200000e+00  1.760000e+00
   endloop
 endfacet
 facet normal  2.399716e-16  2.143879e-16  1.000000e+00
   outer loop
     vertex -1.387500e+01  5.000000e-01  1.760000e+00
     vertex -1.387500e+01  7.750000e+00  1.760000e+00
     vertex -1.443656e+01  3.200000e+00  1.760000e+00
   endloop
 endfacet
 facet normal -1.000000e+00 -0.000000e+00  0.000000e+00
   outer loop
     vertex -1.445000e+01  7.750000e+00  1.760000e+00
     vertex -1.445000e+01  3.200000e+00  1.260000e+00
     vertex -1.445000e+01  3.200000e+00  1.760000e+00
   endloop
 endfacet
 facet normal -1.000000e+00  0.000000e+00 -0.000000e+00
   outer loop
     vertex -1.445000e+01  7.750000e+00  1.760000e+00
     vertex -1.445000e+01  7.750000e+00  1.260000e+00
     vertex -1.445000e+01  3.200000e+00  1.260000e+00
   endloop
 endfacet
 facet normal  0.000000e+00  2.440051e-16  1.000000e+00
   outer loop
     vertex -1.445000e+01  7.750000e+00  1.260000e+00
     vertex -1.535000e+01  3.200000e+00  1.260000e+00
     vertex -1.445000e+01  3.200000e+00  1.260000e+00
   endloop
 endfacet
 facet normal  0.000000e+00  2.440051e-16  1.000000e+00
   outer loop
     vertex -1.445000e+01  7.750000e+00  1.260000e+00
     vertex -1.535000e+01  7.750000e+00  1.260000e+00
     vertex -1.535000e+01  3.200000e+00  1.260000e+00
   endloop
 endfacet
 facet normal  1.000000e+00  0.000000e+00  0.000000e+00
   outer loop
     vertex -1.535000e+01  7.750000e+00  1.260000e+00
     vertex -1.535000e+01  3.200000e+00  1.760000e+00
     vertex -1.535000e+01  3.200000e+00  1.260000e+00
   endloop
 endfacet
 facet normal  1.000000e+00  0.000000e+00 -0.000000e+00
   outer loop
     vertex -1.535000e+01  7.750000e+00  1.260000e+00
     vertex -1.535000e+01  7.750000e+00  1.760000e+00
     vertex -1.535000e+01  3.200000e+00  1.760000e+00
   endloop
 endfacet
 facet normal  3.954077e-16  1.644775e-16  1.000000e+00
   outer loop
     vertex -1.536344e+01  3.200000e+00  1.760000e+00
     vertex -1.592500e+01  5.000000e-01  1.760000e+00
     vertex -1.536344e+01  5.000000e-01  1.760000e+00
   endloop
 endfacet
 facet normal  0.000000e+00  2.440051e-16  1.000000e+00
   outer loop
     vertex -1.535000e+01  7.750000e+00  1.760000e+00
     vertex -1.536344e+01  3.200000e+00  1.760000e+00
     vertex -1.535000e+01  3.200000e+00  1.760000e+00
   endloop
 endfacet
 facet normal  3.861645e-16  2.428643e-16  1.000000e+00
   outer loop
     vertex -1.535000e+01  7.750000e+00  1.760000e+00
     vertex -1.592500e+01  7.750000e+00  1.760000e+00
     vertex -1.536344e+01  3.200000e+00  1.760000e+00
   endloop
 endfacet
 facet normal  1.554361e-16  2.143879e-16  1.000000e+00
   outer loop
     vertex -1.592500e+01  7.750000e+00  1.760000e+00
     vertex -1.592500e+01  5.000000e-01  1.760000e+00
     vertex -1.536344e+01  3.200000e+00  1.760000e+00
   endloop
 endfacet
 facet normal  1.000000e+00  0.000000e+00 -0.000000e+00
   outer loop
     vertex -1.592500e+01  7.750000e+00  1.760000e+00
     vertex -1.592500e+01  7.750000e+00  4.200000e+00
     vertex -1.592500e+01  5.000000e-01  4.200000e+00
   endloop
 endfacet
 facet normal  1.000000e+00  0.000000e+00  0.000000e+00
   outer loop
     vertex -1.592500e+01  7.750000e+00  1.760000e+00
     vertex -1.592500e+01  5.000000e-01  4.200000e+00
     vertex -1.592500e+01  5.000000e-01  1.760000e+00
   endloop
 endfacet
 facet normal  0.000000e+00 -2.450147e-16 -1.000000e+00
   outer loop
     vertex -1.592500e+01  7.750000e+00  4.200000e+00
     vertex -1.387500e+01  7.750000e+00  4.200000e+00
     vertex -1.387500e+01  5.000000e-01  4.200000e+00
   endloop
 endfacet
 facet normal  0.000000e+00 -2.450147e-16 -1.000000e+00
   outer loop
     vertex -1.592500e+01  7.750000e+00  4.200000e+00
     vertex -1.387500e+01  5.000000e-01  4.200000e+00
     vertex -1.592500e+01  5.000000e-01  4.200000e+00
   endloop
 endfacet
 facet normal -1.000000e+00  0.000000e+00  0.000000e+00
   outer loop
     vertex -1.137500e+01  7.750000e+00  4.200000e+00
     vertex -1.137500e+01  7.750000e+00  1.760000e+00
     vertex -1.137500e+01  5.000000e-01  1.760000e+00
   endloop
 endfacet
 facet normal -1.000000e+00 -0.000000e+00  0.000000e+00
   outer loop
     vertex -1.137500e+01  7.750000e+00  4.200000e+00
     vertex -1.137500e+01  5.000000e-01  1.760000e+00
     vertex -1.137500e+01  5.000000e-01  4.200000e+00
   endloop
 endfacet
 facet normal  1.300713e-31  1.644775e-16  1.000000e+00
   outer loop
     vertex -1.193656e+01  3.200000e+00  1.760000e+00
     vertex -1.193656e+01  5.000000e-01  1.760000e+00
     vertex -1.137500e+01  5.000000e-01  1.760000e+00
   endloop
 endfacet
 facet normal -2.579727e-29  2.440051e-16  1.000000e+00
   outer loop
     vertex -1.195000e+01  7.750000e+00  1.760000e+00
     vertex -1.195000e+01  3.200000e+00  1.760000e+00
     vertex -1.193656e+01  3.200000e+00  1.760000e+00
   endloop
 endfacet
 facet normal  0.000000e+00  2.440051e-16  1.000000e+00
   outer loop
     vertex -1.137500e+01  7.750000e+00  1.760000e+00
     vertex -1.195000e+01  7.750000e+00  1.760000e+00
     vertex -1.193656e+01  3.200000e+00  1.760000e+00
   endloop
 endfacet
 facet normal  2.399716e-16  2.143879e-16  1.000000e+00
   outer loop
     vertex -1.137500e+01  5.000000e-01  1.760000e+00
     vertex -1.137500e+01  7.750000e+00  1.760000e+00
     vertex -1.193656e+01  3.200000e+00  1.760000e+00
   endloop
 endfacet
 facet normal  0.000000e+00 -2.450147e-16 -1.000000e+00
   outer loop
     vertex -1.342500e+01  7.750000e+00  4.200000e+00
     vertex -1.137500e+01  7.750000e+00  4.200000e+00
     vertex -1.137500e+01  5.000000e-01  4.200000e+00
   endloop
 endfacet
 facet normal  0.000000e+00 -2.450147e-16 -1.000000e+00
   outer loop
     vertex -1.342500e+01  7.750000e+00  4.200000e+00
     vertex -1.137500e+01  5.000000e-01  4.200000e+00
     vertex -1.342500e+01  5.000000e-01  4.200000e+00
   endloop
 endfacet
 facet normal -1.000000e+00 -0.000000e+00  0.000000e+00
   outer loop
     vertex -1.195000e+01  7.750000e+00  1.760000e+00
     vertex -1.195000e+01  3.200000e+00  1.260000e+00
     vertex -1.195000e+01  3.200000e+00  1.760000e+00
   endloop
 endfacet
 facet normal -1.000000e+00  0.000000e+00 -0.000000e+00
   outer loop
     vertex -1.195000e+01  7.750000e+00  1.760000e+00
     vertex -1.195000e+01  7.750000e+00  1.260000e+00
     vertex -1.195000e+01  3.200000e+00  1.260000e+00
   endloop
 endfacet
 facet normal  1.000000e+00  0.000000e+00 -0.000000e+00
   outer loop
     vertex -1.342500e+01  7.750000e+00  1.760000e+00
     vertex -1.342500e+01  7.750000e+00  4.200000e+00
     vertex -1.342500e+01  5.000000e-01  4.200000e+00
   endloop
 endfacet
 facet normal  1.000000e+00  0.000000e+00  0.000000e+00
   outer loop
     vertex -1.342500e+01  7.750000e+00  1.760000e+00
     vertex -1.342500e+01  5.000000e-01  4.200000e+00
     vertex -1.342500e+01  5.000000e-01  1.760000e+00
   endloop
 endfacet
 facet normal  0.000000e+00  2.440051e-16  1.000000e+00
   outer loop
     vertex -1.195000e+01  7.750000e+00  1.260000e+00
     vertex -1.285000e+01  3.200000e+00  1.260000e+00
     vertex -1.195000e+01  3.200000e+00  1.260000e+00
   endloop
 endfacet
 facet normal  0.000000e+00  2.440051e-16  1.000000e+00
   outer loop
     vertex -1.195000e+01  7.750000e+00  1.260000e+00
     vertex -1.285000e+01  7.750000e+00  1.260000e+00
     vertex -1.285000e+01  3.200000e+00  1.260000e+00
   endloop
 endfacet
 facet normal  3.954077e-16  1.644775e-16  1.000000e+00
   outer loop
     vertex -1.286344e+01  3.200000e+00  1.760000e+00
     vertex -1.342500e+01  5.000000e-01  1.760000e+00
     vertex -1.286344e+01  5.000000e-01  1.760000e+00
   endloop
 endfacet
 facet normal  0.000000e+00  2.440051e-16  1.000000e+00
   outer loop
     vertex -1.285000e+01  7.750000e+00  1.760000e+00
     vertex -1.286344e+01  3.200000e+00  1.760000e+00
     vertex -1.285000e+01  3.200000e+00  1.760000e+00
   endloop
 endfacet
 facet normal  3.861645e-16  2.428643e-16  1.000000e+00
   outer loop
     vertex -1.285000e+01  7.750000e+00  1.760000e+00
     vertex -1.342500e+01  7.750000e+00  1.760000e+00
     vertex -1.286344e+01  3.200000e+00  1.760000e+00
   endloop
 endfacet
 facet normal  1.554361e-16  2.143879e-16  1.000000e+00
   outer loop
     vertex -1.342500e+01  7.750000e+00  1.760000e+00
     vertex -1.342500e+01  5.000000e-01  1.760000e+00
     vertex -1.286344e+01  3.200000e+00  1.760000e+00
   endloop
 endfacet
 facet normal  1.000000e+00  0.000000e+00  0.000000e+00
   outer loop
     vertex -1.285000e+01  7.750000e+00  1.260000e+00
     vertex -1.285000e+01  3.200000e+00  1.760000e+00
     vertex -1.285000e+01  3.200000e+00  1.260000e+00
   endloop
 endfacet
 facet normal  1.000000e+00  0.000000e+00 -0.000000e+00
   outer loop
     vertex -1.285000e+01  7.750000e+00  1.260000e+00
     vertex -1.285000e+01  7.750000e+00  1.760000e+00
     vertex -1.285000e+01  3.200000e+00  1.760000e+00
   endloop
 endfacet
 facet normal -1.000000e+00  0.000000e+00  0.000000e+00
   outer loop
     vertex -1.375000e+00  7.750000e+00  4.200000e+00
     vertex -1.375000e+00  7.750000e+00  1.760000e+00
     vertex -1.375000e+00  5.000000e-01  1.760000e+00
   endloop
 endfacet
 facet normal -1.000000e+00 -0.000000e+00  0.000000e+00
   outer loop
     vertex -1.375000e+00  7.750000e+00  4.200000e+00
     vertex -1.375000e+00  5.000000e-01  1.760000e+00
     vertex -1.375000e+00  5.000000e-01  4.200000e+00
   endloop
 endfacet
 facet normal  1.300713e-31  1.644775e-16  1.000000e+00
   outer loop
     vertex -1.936559e+00  3.200000e+00  1.760000e+00
     vertex -1.936559e+00  5.000000e-01  1.760000e+00
     vertex -1.375000e+00  5.000000e-01  1.760000e+00
   endloop
 endfacet
 facet normal -2.579727e-29  2.440051e-16  1.000000e+00
   outer loop
     vertex -1.950000e+00  7.750000e+00  1.760000e+00
     vertex -1.950000e+00  3.200000e+00  1.760000e+00
     vertex -1.936559e+00  3.200000e+00  1.760000e+00
   endloop
 endfacet
 facet normal  0.000000e+00  2.440051e-16  1.000000e+00
   outer loop
     vertex -1.375000e+00  7.750000e+00  1.760000e+00
     vertex -1.950000e+00  7.750000e+00  1.760000e+00
     vertex -1.936559e+00  3.200000e+00  1.760000e+00
   endloop
 endfacet
 facet normal  2.399716e-16  2.143879e-16  1.000000e+00
   outer loop
     vertex -1.375000e+00  5.000000e-01  1.760000e+00
     vertex -1.375000e+00  7.750000e+00  1.760000e+00
     vertex -1.936559e+00  3.200000e+00  1.760000e+00
   endloop
 endfacet
 facet normal  0.000000e+00 -2.450147e-16 -1.000000e+00
   outer loop
     vertex -3.425000e+00  7.750000e+00  4.200000e+00
     vertex -1.375000e+00  7.750000e+00  4.200000e+00
     vertex -1.375000e+00  5.000000e-01  4.200000e+00
   endloop
 endfacet
 facet normal  0.000000e+00 -2.450147e-16 -1.000000e+00
   outer loop
     vertex -3.425000e+00  7.750000e+00  4.200000e+00
     vertex -1.375000e+00  5.000000e-01  4.200000e+00
     vertex -3.425000e+00  5.000000e-01  4.200000e+00
   endloop
 endfacet
 facet normal -1.000000e+00 -0.000000e+00  0.000000e+00
   outer loop
     vertex -1.950000e+00  7.750000e+00  1.760000e+00
     vertex -1.950000e+00  3.200000e+00  1.260000e+00
     vertex -1.950000e+00  3.200000e+00  1.760000e+00
   endloop
 endfacet
 facet normal -1.000000e+00  0.000000e+00 -0.000000e+00
   outer loop
     vertex -1.950000e+00  7.750000e+00  1.760000e+00
     vertex -1.950000e+00  7.750000e+00  1.260000e+00
     vertex -1.950000e+00  3.200000e+00  1.260000e+00
   endloop
 endfacet
 facet normal  1.000000e+00  0.000000e+00 -0.000000e+00
   outer loop
     vertex -3.425000e+00  7.750000e+00  1.760000e+00
     vertex -3.425000e+00  7.750000e+00  4.200000e+00
     vertex -3.425000e+00  5.000000e-01  4.200000e+00
   endloop
 endfacet
 facet normal  1.000000e+00  0.000000e+00  0.000000e+00
   outer loop
     vertex -3.425000e+00  7.750000e+00  1.760000e+00
     vertex -3.425000e+00  5.000000e-01  4.200000e+00
     vertex -3.425000e+00  5.000000e-01  1.760000e+00
   endloop
 endfacet
 facet normal  0.000000e+00  2.440051e-16  1.000000e+00
   outer loop
     vertex -1.950000e+00  7.750000e+00  1.260000e+00
     vertex -2.850000e+00  3.200000e+00  1.260000e+00
     vertex -1.950000e+00  3.200000e+00  1.260000e+00
   endloop
 endfacet
 facet normal  0.000000e+00  2.440051e-16  1.000000e+00
   outer loop
     vertex -1.950000e+00  7.750000e+00  1.260000e+00
     vertex -2.850000e+00  7.750000e+00  1.260000e+00
     vertex -2.850000e+00  3.200000e+00  1.260000e+00
   endloop
 endfacet
 facet normal  3.954077e-16  1.644775e-16  1.000000e+00
   outer loop
     vertex -2.863441e+00  3.200000e+00  1.760000e+00
     vertex -3.425000e+00  5.000000e-01  1.760000e+00
     vertex -2.863441e+00  5.000000e-01  1.760000e+00
   endloop
 endfacet
 facet normal  0.000000e+00  2.440051e-16  1.000000e+00
   outer loop
     vertex -2.850000e+00  7.750000e+00  1.760000e+00
     vertex -2.863441e+00  3.200000e+00  1.760000e+00
     vertex -2.850000e+00  3.200000e+00  1.760000e+00
   endloop
 endfacet
 facet normal  3.861645e-16  2.428643e-16  1.000000e+00
   outer loop
     vertex -2.850000e+00  7.750000e+00  1.760000e+00
     vertex -3.425000e+00  7.750000e+00  1.760000e+00
     vertex -2.863441e+00  3.200000e+00  1.760000e+00
   endloop
 endfacet
 facet normal  1.554361e-16  2.143879e-16  1.000000e+00
   outer loop
     vertex -3.425000e+00  7.750000e+00  1.760000e+00
     vertex -3.425000e+00  5.000000e-01  1.760000e+00
     vertex -2.863441e+00  3.200000e+00  1.760000e+00
   endloop
 endfacet
 facet normal  1.000000e+00  0.000000e+00  0.000000e+00
   outer loop
     vertex -2.850000e+00  7.750000e+00  1.260000e+00
     vertex -2.850000e+00  3.200000e+00  1.760000e+00
     vertex -2.850000e+00  3.200000e+00  1.260000e+00
   endloop
 endfacet
 facet normal  1.000000e+00  0.000000e+00 -0.000000e+00
   outer loop
     vertex -2.850000e+00  7.750000e+00  1.260000e+00
     vertex -2.850000e+00  7.750000e+00  1.760000e+00
     vertex -2.850000e+00  3.200000e+00  1.760000e+00
   endloop
 endfacet
 facet normal -1.000000e+00  0.000000e+00  0.000000e+00
   outer loop
     vertex -3.875000e+00  7.750000e+00  4.200000e+00
     vertex -3.875000e+00  7.750000e+00  1.760000e+00
     vertex -3.875000e+00  5.000000e-01  1.760000e+00
   endloop
 endfacet
 facet normal -1.000000e+00 -0.000000e+00  0.000000e+00
   outer loop
     vertex -3.875000e+00  7.750000e+00  4.200000e+00
     vertex -3.875000e+00  5.000000e-01  1.760000e+00
     vertex -3.875000e+00  5.000000e-01  4.200000e+00
   endloop
 endfacet
 facet normal  1.300713e-31  1.644775e-16  1.000000e+00
   outer loop
     vertex -4.436559e+00  3.200000e+00  1.760000e+00
     vertex -4.436559e+00  5.000000e-01  1.760000e+00
     vertex -3.875000e+00  5.000000e-01  1.760000e+00
   endloop
 endfacet
 facet normal -2.579727e-29  2.440051e-16  1.000000e+00
   outer loop
     vertex -4.450000e+00  7.750000e+00  1.760000e+00
     vertex -4.450000e+00  3.200000e+00  1.760000e+00
     vertex -4.436559e+00  3.200000e+00  1.760000e+00
   endloop
 endfacet
 facet normal  0.000000e+00  2.440051e-16  1.000000e+00
   outer loop
     vertex -3.875000e+00  7.750000e+00  1.760000e+00
     vertex -4.450000e+00  7.750000e+00  1.760000e+00
     vertex -4.436559e+00  3.200000e+00  1.760000e+00
   endloop
 endfacet
 facet normal  2.399716e-16  2.143879e-16  1.000000e+00
   outer loop
     vertex -3.875000e+00  5.000000e-01  1.760000e+00
     vertex -3.875000e+00  7.750000e+00  1.760000e+00
     vertex -4.436559e+00  3.200000e+00  1.760000e+00
   endloop
 endfacet
 facet normal  0.000000e+00 -2.450147e-16 -1.000000e+00
   outer loop
     vertex -5.925000e+00  7.750000e+00  4.200000e+00
     vertex -3.875000e+00  7.750000e+00  4.200000e+00
     vertex -3.875000e+00  5.000000e-01  4.200000e+00
   endloop
 endfacet
 facet normal  0.000000e+00 -2.450147e-16 -1.000000e+00
   outer loop
     vertex -5.925000e+00  7.750000e+00  4.200000e+00
     vertex -3.875000e+00  5.000000e-01  4.200000e+00
     vertex -5.925000e+00  5.000000e-01  4.200000e+00
   endloop
 endfacet
 facet normal -1.000000e+00 -0.000000e+00  0.000000e+00
   outer loop
     vertex -4.450000e+00  7.750000e+00  1.760000e+00
     vertex -4.450000e+00  3.200000e+00  1.260000e+00
     vertex -4.450000e+00  3.200000e+00  1.760000e+00
   endloop
 endfacet
 facet normal -1.000000e+00  0.000000e+00 -0.000000e+00
   outer loop
     vertex -4.450000e+00  7.750000e+00  1.760000e+00
     vertex -4.450000e+00  7.750000e+00  1.260000e+00
     vertex -4.450000e+00  3.200000e+00  1.260000e+00
   endloop
 endfacet
 facet normal  1.000000e+00  0.000000e+00 -0.000000e+00
   outer loop
     vertex -5.925000e+00  7.750000e+00  1.760000e+00
     vertex -5.925000e+00  7.750000e+00  4.200000e+00
     vertex -5.925000e+00  5.000000e-01  4.200000e+00
   endloop
 endfacet
 facet normal  1.000000e+00  0.000000e+00  0.000000e+00
   outer loop
     vertex -5.925000e+00  7.750000e+00  1.760000e+00
     vertex -5.925000e+00  5.000000e-01  4.200000e+00
     vertex -5.925000e+00  5.000000e-01  1.760000e+00
   endloop
 endfacet
 facet normal  0.000000e+00  2.440051e-16  1.000000e+00
   outer loop
     vertex -4.450000e+00  7.750000e+00  1.260000e+00
     vertex -5.350000e+00  3.200000e+00  1.260000e+00
     vertex -4.450000e+00  3.200000e+00  1.260000e+00
   endloop
 endfacet
 facet normal  0.000000e+00  2.440051e-16  1.000000e+00
   outer loop
     vertex -4.450000e+00  7.750000e+00  1.260000e+00
     vertex -5.350000e+00  7.750000e+00  1.260000e+00
     vertex -5.350000e+00  3.200000e+00  1.260000e+00
   endloop
 endfacet
 facet normal  3.954077e-16  1.644775e-16  1.000000e+00
   outer loop
     vertex -5.363441e+00  3.200000e+00  1.760000e+00
     vertex -5.925000e+00  5.000000e-01  1.760000e+00
     vertex -5.363441e+00  5.000000e-01  1.760000e+00
   endloop
 endfacet
 facet normal  0.000000e+00  2.440051e-16  1.000000e+00
   outer loop
     vertex -5.350000e+00  7.750000e+00  1.760000e+00
     vertex -5.363441e+00  3.200000e+00  1.760000e+00
     vertex -5.350000e+00  3.200000e+00  1.760000e+00
   endloop
 endfacet
 facet normal  3.861645e-16  2.428643e-16  1.000000e+00
   outer loop
     vertex -5.350000e+00  7.750000e+00  1.760000e+00
     vertex -5.925000e+00  7.750000e+00  1.760000e+00
     vertex -5.363441e+00  3.200000e+00  1.760000e+00
   endloop
 endfacet
 facet normal  1.554361e-16  2.143879e-16  1.000000e+00
   outer loop
     vertex -5.925000e+00  7.750000e+00  1.760000e+00
     vertex -5.925000e+00  5.000000e-01  1.760000e+00
     vertex -5.363441e+00  3.200000e+00  1.760000e+00
   endloop
 endfacet
 facet normal  1.000000e+00  0.000000e+00  0.000000e+00
   outer loop
     vertex -5.350000e+00  7.750000e+00  1.260000e+00
     vertex -5.350000e+00  3.200000e+00  1.760000e+00
     vertex -5.350000e+00  3.200000e+00  1.260000e+00
   endloop
 endfacet
 facet normal  1.000000e+00  0.000000e+00 -0.000000e+00
   outer loop
     vertex -5.350000e+00  7.750000e+00  1.260000e+00
     vertex -5.350000e+00  7.750000e+00  1.760000e+00
     vertex -5.350000e+00  3.200000e+00  1.760000e+00
   endloop
 endfacet
 facet normal -1.812609e-16 -1.000000e+00  1.812609e-16
   outer loop
     vertex -1.730000e+01  6.950000e+00  4.900000e+00
     vertex -1.730000e+01  6.950000e+00 -1.543210e-15
     vertex -1.650000e+01  6.950000e+00  8.000000e-01
   endloop
 endfacet
 facet normal  0.000000e+00 -1.000000e+00  2.166289e-16
   outer loop
     vertex -1.650000e+01  6.950000e+00  4.900000e+00
     vertex -1.730000e+01  6.950000e+00  4.900000e+00
     vertex -1.650000e+01  6.950000e+00  8.000000e-01
   endloop
 endfacet
 facet normal  0.000000e+00 -1.000000e+00  0.000000e+00
   outer loop
     vertex -1.110223e-16  6.950000e+00 -1.543210e-15
     vertex -1.650000e+01  6.950000e+00  8.000000e-01
     vertex -1.730000e+01  6.950000e+00 -1.543210e-15
   endloop
 endfacet
 facet normal -0.000000e+00 -1.000000e+00 -0.000000e+00
   outer loop
     vertex -8.000000e-01  6.950000e+00  8.000000e-01
     vertex -1.650000e+01  6.950000e+00  8.000000e-01
     vertex -1.110223e-16  6.950000e+00 -1.543210e-15
   endloop
 endfacet
 facet normal  0.000000e+00 -1.000000e+00  2.166289e-16
   outer loop
     vertex -1.110223e-16  6.950000e+00  4.900000e+00
     vertex -8.000000e-01  6.950000e+00  4.900000e+00
     vertex -8.000000e-01  6.950000e+00  8.000000e-01
   endloop
 endfacet
 facet normal  1.812609e-16 -1.000000e+00  1.812609e-16
   outer loop
     vertex -1.110223e-16  6.950000e+00  4.900000e+00
     vertex -8.000000e-01  6.950000e+00  8.000000e-01
     vertex -1.110223e-16  6.950000e+00 -1.543210e-15
   endloop
 endfacet
 facet normal  1.000000e+00  0.000000e+00  0.000000e+00
   outer loop
     vertex -8.000000e-01  1.776357e-16  8.000000e-01
     vertex -8.000000e-01  6.950000e+00  4.900000e+00
     vertex -8.000000e-01  1.088019e-15  4.900000e+00
   endloop
 endfacet
 facet normal  1.000000e+00 -0.000000e+00  0.000000e+00
   outer loop
     vertex -8.000000e-01  1.776357e-16  8.000000e-01
     vertex -8.000000e-01  6.950000e+00  8.000000e-01
     vertex -8.000000e-01  6.950000e+00  4.900000e+00
   endloop
 endfacet
 facet normal  0.000000e+00 -1.000000e+00  2.220446e-16
   outer loop
     vertex -1.194000e+01  3.947307e-16  1.777709e+00
     vertex -1.036000e+01  3.947307e-16  1.777709e+00
     vertex -1.040000e+01  6.217249e-16  2.800000e+00
   endloop
 endfacet
 facet normal  0.000000e+00 -1.000000e+00  2.220446e-16
   outer loop
     vertex -1.194000e+01  3.947307e-16  1.777709e+00
     vertex -1.040000e+01  6.217249e-16  2.800000e+00
     vertex -1.190000e+01  6.217249e-16  2.800000e+00
   endloop
 endfacet
 facet normal  0.000000e+00 -1.000000e+00  2.220446e-16
   outer loop
     vertex -1.194000e+01  3.947307e-16  1.777709e+00
     vertex -1.055000e+01  1.776357e-16  8.000000e-01
     vertex -1.036000e+01  3.947307e-16  1.777709e+00
   endloop
 endfacet
 facet normal  0.000000e+00 -1.000000e+00  2.220446e-16
   outer loop
     vertex -1.900000e+00  6.217249e-16  2.800000e+00
     vertex -8.000000e-01  1.088019e-15  4.900000e+00
     vertex -1.900000e+00  8.437695e-16  3.800000e+00
   endloop
 endfacet
 facet normal  0.000000e+00 -1.000000e+00  2.220446e-16
   outer loop
     vertex -2.900000e+00  8.437695e-16  3.800000e+00
     vertex -1.900000e+00  8.437695e-16  3.800000e+00
     vertex -8.000000e-01  1.088019e-15  4.900000e+00
   endloop
 endfacet
 facet normal  0.000000e+00 -1.000000e+00  2.220446e-16
   outer loop
     vertex -1.175000e+01  1.776357e-16  8.000000e-01
     vertex -1.055000e+01  1.776357e-16  8.000000e-01
     vertex -1.194000e+01  3.947307e-16  1.777709e+00
   endloop
 endfacet
 facet normal  0.000000e+00 -1.000000e+00  2.220446e-16
   outer loop
     vertex -8.000000e-01  1.776357e-16  8.000000e-01
     vertex -8.000000e-01  1.088019e-15  4.900000e+00
     vertex -1.900000e+00  6.217249e-16  2.800000e+00
   endloop
 endfacet
 facet normal  0.000000e+00 -1.000000e+00  2.220446e-16
   outer loop
     vertex -1.286000e+01  3.947307e-16  1.777709e+00
     vertex -1.194000e+01  3.947307e-16  1.777709e+00
     vertex -1.190000e+01  6.217249e-16  2.800000e+00
   endloop
 endfacet
 facet normal  0.000000e+00 -1.000000e+00  2.220446e-16
   outer loop
     vertex -1.940000e+00  3.947307e-16  1.777709e+00
     vertex -1.900000e+00  6.217249e-16  2.800000e+00
     vertex -2.900000e+00  6.217249e-16  2.800000e+00
   endloop
 endfacet
 facet normal  0.000000e+00 -1.000000e+00  2.220446e-16
   outer loop
     vertex -1.286000e+01  3.947307e-16  1.777709e+00
     vertex -1.190000e+01  6.217249e-16  2.800000e+00
     vertex -1.290000e+01  6.217249e-16  2.800000e+00
   endloop
 endfacet
 facet normal  0.000000e+00 -1.000000e+00  2.220446e-16
   outer loop
     vertex -1.940000e+00  3.947307e-16  1.777709e+00
     vertex -8.000000e-01  1.776357e-16  8.000000e-01
     vertex -1.900000e+00  6.217249e-16  2.800000e+00
   endloop
 endfacet
 facet normal  0.000000e+00 -1.000000e+00  2.220446e-16
   outer loop
     vertex -1.650000e+01  1.088019e-15  4.900000e+00
     vertex -9.400000e+00  8.437695e-16  3.800000e+00
     vertex -8.000000e-01  1.088019e-15  4.900000e+00
   endloop
 endfacet
 facet normal  0.000000e+00 -1.000000e+00  2.220446e-16
   outer loop
     vertex -4.400000e+00  8.437695e-16  3.800000e+00
     vertex -2.900000e+00  8.437695e-16  3.800000e+00
     vertex -8.000000e-01  1.088019e-15  4.900000e+00
   endloop
 endfacet
 facet normal  0.000000e+00 -1.000000e+00  2.220446e-16
   outer loop
     vertex -1.650000e+01  1.088019e-15  4.900000e+00
     vertex -1.190000e+01  8.437695e-16  3.800000e+00
     vertex -1.040000e+01  8.437695e-16  3.800000e+00
   endloop
 endfacet
 facet normal  0.000000e+00 -1.000000e+00  2.220446e-16
   outer loop
     vertex -1.650000e+01  1.088019e-15  4.900000e+00
     vertex -1.440000e+01  8.437695e-16  3.800000e+00
     vertex -1.290000e+01  8.437695e-16  3.800000e+00
   endloop
 endfacet
 facet normal  0.000000e+00 -1.000000e+00  2.220446e-16
   outer loop
     vertex -1.650000e+01  1.088019e-15  4.900000e+00
     vertex -1.040000e+01  8.437695e-16  3.800000e+00
     vertex -9.400000e+00  8.437695e-16  3.800000e+00
   endloop
 endfacet
 facet normal  0.000000e+00 -1.000000e+00  2.220446e-16
   outer loop
     vertex -1.650000e+01  1.088019e-15  4.900000e+00
     vertex -1.540000e+01  8.437695e-16  3.800000e+00
     vertex -1.440000e+01  8.437695e-16  3.800000e+00
   endloop
 endfacet
 facet normal  0.000000e+00 -1.000000e+00  2.220446e-16
   outer loop
     vertex -1.650000e+01  1.088019e-15  4.900000e+00
     vertex -1.290000e+01  8.437695e-16  3.800000e+00
     vertex -1.190000e+01  8.437695e-16  3.800000e+00
   endloop
 endfacet
 facet normal  0.000000e+00 -1.000000e+00  2.220446e-16
   outer loop
     vertex -1.750000e+00  1.776357e-16  8.000000e-01
     vertex -8.000000e-01  1.776357e-16  8.000000e-01
     vertex -1.940000e+00  3.947307e-16  1.777709e+00
   endloop
 endfacet
 facet normal  0.000000e+00 -1.000000e+00  2.220446e-16
   outer loop
     vertex -1.440000e+01  6.217249e-16  2.800000e+00
     vertex -1.290000e+01  8.437695e-16  3.800000e+00
     vertex -1.440000e+01  8.437695e-16  3.800000e+00
   endloop
 endfacet
 facet normal  0.000000e+00 -1.000000e+00  2.220446e-16
   outer loop
     vertex -2.860000e+00  3.947307e-16  1.777709e+00
     vertex -1.940000e+00  3.947307e-16  1.777709e+00
     vertex -2.900000e+00  6.217249e-16  2.800000e+00
   endloop
 endfacet
 facet normal  0.000000e+00 -1.000000e+00  2.220446e-16
   outer loop
     vertex -4.400000e+00  6.217249e-16  2.800000e+00
     vertex -2.900000e+00  6.217249e-16  2.800000e+00
     vertex -2.900000e+00  8.437695e-16  3.800000e+00
   endloop
 endfacet
 facet normal  0.000000e+00 -1.000000e+00  2.220446e-16
   outer loop
     vertex -1.440000e+01  6.217249e-16  2.800000e+00
     vertex -1.290000e+01  6.217249e-16  2.800000e+00
     vertex -1.290000e+01  8.437695e-16  3.800000e+00
   endloop
 endfacet
 facet normal  0.000000e+00 -1.000000e+00  2.220446e-16
   outer loop
     vertex -4.400000e+00  6.217249e-16  2.800000e+00
     vertex -2.900000e+00  8.437695e-16  3.800000e+00
     vertex -4.400000e+00  8.437695e-16  3.800000e+00
   endloop
 endfacet
 facet normal  0.000000e+00 -1.000000e+00  2.220446e-16
   outer loop
     vertex -4.400000e+00  6.217249e-16  2.800000e+00
     vertex -2.860000e+00  3.947307e-16  1.777709e+00
     vertex -2.900000e+00  6.217249e-16  2.800000e+00
   endloop
 endfacet
 facet normal  0.000000e+00 -1.000000e+00  2.220446e-16
   outer loop
     vertex -5.400000e+00  8.437695e-16  3.800000e+00
     vertex -4.400000e+00  8.437695e-16  3.800000e+00
     vertex -8.000000e-01  1.088019e-15  4.900000e+00
   endloop
 endfacet
 facet normal  0.000000e+00 -1.000000e+00  2.220446e-16
   outer loop
     vertex -1.540000e+01  6.217249e-16  2.800000e+00
     vertex -1.540000e+01  8.437695e-16  3.800000e+00
     vertex -1.650000e+01  1.088019e-15  4.900000e+00
   endloop
 endfacet
 facet normal  0.000000e+00 -1.000000e+00  2.220446e-16
   outer loop
     vertex -1.444000e+01  3.947307e-16  1.777709e+00
     vertex -1.305000e+01  1.776357e-16  8.000000e-01
     vertex -1.286000e+01  3.947307e-16  1.777709e+00
   endloop
 endfacet
 facet normal  0.000000e+00 -1.000000e+00  2.220446e-16
   outer loop
     vertex -1.444000e+01  3.947307e-16  1.777709e+00
     vertex -1.286000e+01  3.947307e-16  1.777709e+00
     vertex -1.290000e+01  6.217249e-16  2.800000e+00
   endloop
 endfacet
 facet normal  0.000000e+00 -1.000000e+00  2.220446e-16
   outer loop
     vertex -1.444000e+01  3.947307e-16  1.777709e+00
     vertex -1.290000e+01  6.217249e-16  2.800000e+00
     vertex -1.440000e+01  6.217249e-16  2.800000e+00
   endloop
 endfacet
 facet normal  0.000000e+00 -1.000000e+00  2.220446e-16
   outer loop
     vertex -1.425000e+01  1.776357e-16  8.000000e-01
     vertex -1.305000e+01  1.776357e-16  8.000000e-01
     vertex -1.444000e+01  3.947307e-16  1.777709e+00
   endloop
 endfacet
 facet normal  0.000000e+00 -1.000000e+00  2.220446e-16
   outer loop
     vertex -4.440000e+00  3.947307e-16  1.777709e+00
     vertex -2.860000e+00  3.947307e-16  1.777709e+00
     vertex -4.400000e+00  6.217249e-16  2.800000e+00
   endloop
 endfacet
 facet normal  0.000000e+00 -1.000000e+00  2.220446e-16
   outer loop
     vertex -1.536000e+01  3.947307e-16  1.777709e+00
     vertex -1.440000e+01  6.217249e-16  2.800000e+00
     vertex -1.540000e+01  6.217249e-16  2.800000e+00
   endloop
 endfacet
 facet normal  0.000000e+00 -1.000000e+00  2.220446e-16
   outer loop
     vertex -1.536000e+01  3.947307e-16  1.777709e+00
     vertex -1.444000e+01  3.947307e-16  1.777709e+00
     vertex -1.440000e+01  6.217249e-16  2.800000e+00
   endloop
 endfacet
 facet normal  0.000000e+00 -1.000000e+00  2.220446e-16
   outer loop
     vertex -6.900000e+00  8.437695e-16  3.800000e+00
     vertex -5.400000e+00  8.437695e-16  3.800000e+00
     vertex -8.000000e-01  1.088019e-15  4.900000e+00
   endloop
 endfacet
 facet normal  0.000000e+00 -1.000000e+00  2.220446e-16
   outer loop
     vertex -4.250000e+00  1.776357e-16  8.000000e-01
     vertex -3.050000e+00  1.776357e-16  8.000000e-01
     vertex -2.860000e+00  3.947307e-16  1.777709e+00
   endloop
 endfacet
 facet normal  0.000000e+00 -1.000000e+00  2.220446e-16
   outer loop
     vertex -4.250000e+00  1.776357e-16  8.000000e-01
     vertex -2.860000e+00  3.947307e-16  1.777709e+00
     vertex -4.440000e+00  3.947307e-16  1.777709e+00
   endloop
 endfacet
 facet normal  0.000000e+00 -1.000000e+00  2.220446e-16
   outer loop
     vertex -1.650000e+01  1.776357e-16  8.000000e-01
     vertex -1.555000e+01  1.776357e-16  8.000000e-01
     vertex -1.536000e+01  3.947307e-16  1.777709e+00
   endloop
 endfacet
 facet normal  0.000000e+00 -1.000000e+00  2.220446e-16
   outer loop
     vertex -5.360000e+00  3.947307e-16  1.777709e+00
     vertex -4.400000e+00  6.217249e-16  2.800000e+00
     vertex -5.400000e+00  6.217249e-16  2.800000e+00
   endloop
 endfacet
 facet normal  0.000000e+00 -1.000000e+00  2.220446e-16
   outer loop
     vertex -1.650000e+01  1.776357e-16  8.000000e-01
     vertex -1.540000e+01  6.217249e-16  2.800000e+00
     vertex -1.650000e+01  1.088019e-15  4.900000e+00
   endloop
 endfacet
 facet normal  0.000000e+00 -1.000000e+00  2.220446e-16
   outer loop
     vertex -1.650000e+01  1.776357e-16  8.000000e-01
     vertex -1.536000e+01  3.947307e-16  1.777709e+00
     vertex -1.540000e+01  6.217249e-16  2.800000e+00
   endloop
 endfacet
 facet normal  0.000000e+00 -1.000000e+00  2.220446e-16
   outer loop
     vertex -5.360000e+00  3.947307e-16  1.777709e+00
     vertex -4.440000e+00  3.947307e-16  1.777709e+00
     vertex -4.400000e+00  6.217249e-16  2.800000e+00
   endloop
 endfacet
 facet normal  0.000000e+00 -1.000000e+00  2.220446e-16
   outer loop
     vertex -7.900000e+00  8.437695e-16  3.800000e+00
     vertex -6.900000e+00  8.437695e-16  3.800000e+00
     vertex -8.000000e-01  1.088019e-15  4.900000e+00
   endloop
 endfacet
 facet normal  0.000000e+00 -1.000000e+00  2.220446e-16
   outer loop
     vertex -6.900000e+00  6.217249e-16  2.800000e+00
     vertex -5.400000e+00  6.217249e-16  2.800000e+00
     vertex -5.400000e+00  8.437695e-16  3.800000e+00
   endloop
 endfacet
 facet normal  0.000000e+00 -1.000000e+00  2.220446e-16
   outer loop
     vertex -6.900000e+00  6.217249e-16  2.800000e+00
     vertex -5.400000e+00  8.437695e-16  3.800000e+00
     vertex -6.900000e+00  8.437695e-16  3.800000e+00
   endloop
 endfacet
 facet normal  0.000000e+00 -1.000000e+00  2.220446e-16
   outer loop
     vertex -6.940000e+00  3.947307e-16  1.777709e+00
     vertex -5.360000e+00  3.947307e-16  1.777709e+00
     vertex -5.400000e+00  6.217249e-16  2.800000e+00
   endloop
 endfacet
 facet normal  0.000000e+00 -1.000000e+00  2.220446e-16
   outer loop
     vertex -6.940000e+00  3.947307e-16  1.777709e+00
     vertex -5.400000e+00  6.217249e-16  2.800000e+00
     vertex -6.900000e+00  6.217249e-16  2.800000e+00
   endloop
 endfacet
 facet normal  0.000000e+00 -1.000000e+00  2.220446e-16
   outer loop
     vertex -9.400000e+00  8.437695e-16  3.800000e+00
     vertex -7.900000e+00  8.437695e-16  3.800000e+00
     vertex -8.000000e-01  1.088019e-15  4.900000e+00
   endloop
 endfacet
 facet normal  0.000000e+00 -1.000000e+00  2.220446e-16
   outer loop
     vertex -6.750000e+00  1.776357e-16  8.000000e-01
     vertex -5.550000e+00  1.776357e-16  8.000000e-01
     vertex -5.360000e+00  3.947307e-16  1.777709e+00
   endloop
 endfacet
 facet normal  0.000000e+00 -1.000000e+00  2.220446e-16
   outer loop
     vertex -6.750000e+00  1.776357e-16  8.000000e-01
     vertex -5.360000e+00  3.947307e-16  1.777709e+00
     vertex -6.940000e+00  3.947307e-16  1.777709e+00
   endloop
 endfacet
 facet normal  0.000000e+00 -1.000000e+00  2.220446e-16
   outer loop
     vertex -7.860000e+00  3.947307e-16  1.777709e+00
     vertex -6.900000e+00  6.217249e-16  2.800000e+00
     vertex -7.900000e+00  6.217249e-16  2.800000e+00
   endloop
 endfacet
 facet normal  0.000000e+00 -1.000000e+00  2.220446e-16
   outer loop
     vertex -7.860000e+00  3.947307e-16  1.777709e+00
     vertex -6.940000e+00  3.947307e-16  1.777709e+00
     vertex -6.900000e+00  6.217249e-16  2.800000e+00
   endloop
 endfacet
 facet normal  0.000000e+00 -1.000000e+00  2.220446e-16
   outer loop
     vertex -9.400000e+00  6.217249e-16  2.800000e+00
     vertex -7.900000e+00  8.437695e-16  3.800000e+00
     vertex -9.400000e+00  8.437695e-16  3.800000e+00
   endloop
 endfacet
 facet normal  0.000000e+00 -1.000000e+00  2.220446e-16
   outer loop
     vertex -9.400000e+00  6.217249e-16  2.800000e+00
     vertex -7.900000e+00  6.217249e-16  2.800000e+00
     vertex -7.900000e+00  8.437695e-16  3.800000e+00
   endloop
 endfacet
 facet normal  0.000000e+00 -1.000000e+00  2.220446e-16
   outer loop
     vertex -9.440000e+00  3.947307e-16  1.777709e+00
     vertex -7.860000e+00  3.947307e-16  1.777709e+00
     vertex -7.900000e+00  6.217249e-16  2.800000e+00
   endloop
 endfacet
 facet normal  0.000000e+00 -1.000000e+00  2.220446e-16
   outer loop
     vertex -9.440000e+00  3.947307e-16  1.777709e+00
     vertex -8.050000e+00  1.776357e-16  8.000000e-01
     vertex -7.860000e+00  3.947307e-16  1.777709e+00
   endloop
 endfacet
 facet normal  0.000000e+00 -1.000000e+00  2.220446e-16
   outer loop
     vertex -9.440000e+00  3.947307e-16  1.777709e+00
     vertex -7.900000e+00  6.217249e-16  2.800000e+00
     vertex -9.400000e+00  6.217249e-16  2.800000e+00
   endloop
 endfacet
 facet normal  0.000000e+00 -1.000000e+00  2.220446e-16
   outer loop
     vertex -9.250000e+00  1.776357e-16  8.000000e-01
     vertex -8.050000e+00  1.776357e-16  8.000000e-01
     vertex -9.440000e+00  3.947307e-16  1.777709e+00
   endloop
 endfacet
 facet normal  0.000000e+00 -1.000000e+00  2.220446e-16
   outer loop
     vertex -1.036000e+01  3.947307e-16  1.777709e+00
     vertex -9.440000e+00  3.947307e-16  1.777709e+00
     vertex -9.400000e+00  6.217249e-16  2.800000e+00
   endloop
 endfacet
 facet normal  0.000000e+00 -1.000000e+00  2.220446e-16
   outer loop
     vertex -1.036000e+01  3.947307e-16  1.777709e+00
     vertex -9.400000e+00  6.217249e-16  2.800000e+00
     vertex -1.040000e+01  6.217249e-16  2.800000e+00
   endloop
 endfacet
 facet normal  0.000000e+00 -1.000000e+00  2.220446e-16
   outer loop
     vertex -1.190000e+01  6.217249e-16  2.800000e+00
     vertex -1.040000e+01  8.437695e-16  3.800000e+00
     vertex -1.190000e+01  8.437695e-16  3.800000e+00
   endloop
 endfacet
 facet normal  0.000000e+00 -1.000000e+00  2.220446e-16
   outer loop
     vertex -1.190000e+01  6.217249e-16  2.800000e+00
     vertex -1.040000e+01  6.217249e-16  2.800000e+00
     vertex -1.040000e+01  8.437695e-16  3.800000e+00
   endloop
 endfacet
 facet normal -1.000000e+00  0.000000e+00 -0.000000e+00
   outer loop
     vertex -1.650000e+01  1.088019e-15  4.900000e+00
     vertex -1.650000e+01  6.950000e+00  8.000000e-01
     vertex -1.650000e+01  1.776357e-16  8.000000e-01
   endloop
 endfacet
 facet normal -1.000000e+00  0.000000e+00  0.000000e+00
   outer loop
     vertex -1.650000e+01  1.088019e-15  4.900000e+00
     vertex -1.650000e+01  6.950000e+00  4.900000e+00
     vertex -1.650000e+01  6.950000e+00  8.000000e-01
   endloop
 endfacet
 facet normal -9.980418e-01  6.255110e-02  0.000000e+00
   outer loop
     vertex -1.507990e+01  4.247964e+00  4.900000e+00
     vertex -1.486042e+01  7.750000e+00  5.700000e+00
     vertex -1.486042e+01  7.750000e+00  4.900000e+00
   endloop
 endfacet
 facet normal -9.980418e-01  6.255110e-02  0.000000e+00
   outer loop
     vertex -1.507990e+01  4.247964e+00  4.900000e+00
     vertex -1.507990e+01  4.247964e+00  5.700000e+00
     vertex -1.486042e+01  7.750000e+00  5.700000e+00
   endloop
 endfacet
 facet normal -4.640059e-01  8.858321e-01  0.000000e+00
   outer loop
     vertex -1.549892e+01  4.028478e+00  4.900000e+00
     vertex -1.507990e+01  4.247964e+00  5.700000e+00
     vertex -1.507990e+01  4.247964e+00  4.900000e+00
   endloop
 endfacet
 facet normal -4.640059e-01  8.858321e-01  0.000000e+00
   outer loop
     vertex -1.549892e+01  4.028478e+00  4.900000e+00
     vertex -1.549892e+01  4.028478e+00  5.700000e+00
     vertex -1.507990e+01  4.247964e+00  5.700000e+00
   endloop
 endfacet
 facet normal -1.000000e+00  0.000000e+00  0.000000e+00
   outer loop
     vertex -1.549892e+01  3.030813e+00  4.900000e+00
     vertex -1.549892e+01  4.028478e+00  5.700000e+00
     vertex -1.549892e+01  4.028478e+00  4.900000e+00
   endloop
 endfacet
 facet normal -1.000000e+00  0.000000e+00  0.000000e+00
   outer loop
     vertex -1.549892e+01  3.030813e+00  4.900000e+00
     vertex -1.549892e+01  3.030813e+00  5.700000e+00
     vertex -1.549892e+01  4.028478e+00  5.700000e+00
   endloop
 endfacet
 facet normal -9.037379e-01 -4.280863e-01  0.000000e+00
   outer loop
     vertex -1.496018e+01  1.893475e+00  5.700000e+00
     vertex -1.549892e+01  3.030813e+00  5.700000e+00
     vertex -1.549892e+01  3.030813e+00  4.900000e+00
   endloop
 endfacet
 facet normal -9.037379e-01 -4.280863e-01  1.188178e-16
   outer loop
     vertex -1.496018e+01  1.893475e+00  4.900000e+00
     vertex -1.496018e+01  1.893475e+00  5.700000e+00
     vertex -1.549892e+01  3.030813e+00  4.900000e+00
   endloop
 endfacet
 facet normal  0.000000e+00 -1.000000e+00  2.775558e-16
   outer loop
     vertex -1.432168e+01  1.893475e+00  4.900000e+00
     vertex -1.496018e+01  1.893475e+00  5.700000e+00
     vertex -1.496018e+01  1.893475e+00  4.900000e+00
   endloop
 endfacet
 facet normal  0.000000e+00 -1.000000e+00  2.775558e-16
   outer loop
     vertex -1.432168e+01  1.893475e+00  4.900000e+00
     vertex -1.432168e+01  1.893475e+00  5.700000e+00
     vertex -1.496018e+01  1.893475e+00  5.700000e+00
   endloop
 endfacet
 facet normal  1.000000e+00  0.000000e+00  0.000000e+00
   outer loop
     vertex -1.432168e+01  6.901752e+00  4.900000e+00
     vertex -1.432168e+01  1.893475e+00  5.700000e+00
     vertex -1.432168e+01  1.893475e+00  4.900000e+00
   endloop
 endfacet
 facet normal  1.000000e+00  0.000000e+00 -0.000000e+00
   outer loop
     vertex -1.432168e+01  6.901752e+00  4.900000e+00
     vertex -1.432168e+01  6.901752e+00  5.700000e+00
     vertex -1.432168e+01  1.893475e+00  5.700000e+00
   endloop
 endfacet
 facet normal  0.000000e+00 -1.000000e+00  0.000000e+00
   outer loop
     vertex -8.650000e+00  6.901752e+00  4.900000e+00
     vertex -1.432168e+01  6.901752e+00  5.700000e+00
     vertex -1.432168e+01  6.901752e+00  4.900000e+00
   endloop
 endfacet
 facet normal  0.000000e+00 -1.000000e+00  0.000000e+00
   outer loop
     vertex -8.650000e+00  6.901752e+00  4.900000e+00
     vertex -8.650000e+00  6.901752e+00  5.700000e+00
     vertex -1.432168e+01  6.901752e+00  5.700000e+00
   endloop
 endfacet
 facet normal  0.000000e+00 -1.000000e+00  0.000000e+00
   outer loop
     vertex -8.650000e+00  6.901752e+00  4.900000e+00
     vertex -2.978322e+00  6.901752e+00  4.900000e+00
     vertex -2.978322e+00  6.901752e+00  5.700000e+00
   endloop
 endfacet
 facet normal  0.000000e+00 -1.000000e+00  0.000000e+00
   outer loop
     vertex -8.650000e+00  6.901752e+00  4.900000e+00
     vertex -2.978322e+00  6.901752e+00  5.700000e+00
     vertex -8.650000e+00  6.901752e+00  5.700000e+00
   endloop
 endfacet
 facet normal -1.000000e+00  0.000000e+00  0.000000e+00
   outer loop
     vertex -2.978322e+00  6.901752e+00  4.900000e+00
     vertex -2.978322e+00  1.893475e+00  4.900000e+00
     vertex -2.978322e+00  1.893475e+00  5.700000e+00
   endloop
 endfacet
 facet normal -1.000000e+00  0.000000e+00  0.000000e+00
   outer loop
     vertex -2.978322e+00  6.901752e+00  4.900000e+00
     vertex -2.978322e+00  1.893475e+00  5.700000e+00
     vertex -2.978322e+00  6.901752e+00  5.700000e+00
   endloop
 endfacet
 facet normal  0.000000e+00 -1.000000e+00  2.775558e-16
   outer loop
     vertex -2.978322e+00  1.893475e+00  4.900000e+00
     vertex -2.339816e+00  1.893475e+00  4.900000e+00
     vertex -2.339816e+00  1.893475e+00  5.700000e+00
   endloop
 endfacet
 facet normal  0.000000e+00 -1.000000e+00  2.775558e-16
   outer loop
     vertex -2.978322e+00  1.893475e+00  4.900000e+00
     vertex -2.339816e+00  1.893475e+00  5.700000e+00
     vertex -2.978322e+00  1.893475e+00  5.700000e+00
   endloop
 endfacet
 facet normal  9.037379e-01 -4.280863e-01  0.000000e+00
   outer loop
     vertex -2.339816e+00  1.893475e+00  4.900000e+00
     vertex -1.801077e+00  3.030813e+00  4.900000e+00
     vertex -1.801077e+00  3.030813e+00  5.700000e+00
   endloop
 endfacet
 facet normal  9.037379e-01 -4.280863e-01  1.188178e-16
   outer loop
     vertex -2.339816e+00  1.893475e+00  4.900000e+00
     vertex -1.801077e+00  3.030813e+00  5.700000e+00
     vertex -2.339816e+00  1.893475e+00  5.700000e+00
   endloop
 endfacet
 facet normal  1.000000e+00  0.000000e+00  0.000000e+00
   outer loop
     vertex -1.801077e+00  3.030813e+00  4.900000e+00
     vertex -1.801077e+00  4.028478e+00  4.900000e+00
     vertex -1.801077e+00  4.028478e+00  5.700000e+00
   endloop
 endfacet
 facet normal  1.000000e+00  0.000000e+00  0.000000e+00
   outer loop
     vertex -1.801077e+00  3.030813e+00  4.900000e+00
     vertex -1.801077e+00  4.028478e+00  5.700000e+00
     vertex -1.801077e+00  3.030813e+00  5.700000e+00
   endloop
 endfacet
 facet normal  4.640059e-01  8.858321e-01  0.000000e+00
   outer loop
     vertex -1.801077e+00  4.028478e+00  4.900000e+00
     vertex -2.220097e+00  4.247964e+00  4.900000e+00
     vertex -2.220097e+00  4.247964e+00  5.700000e+00
   endloop
 endfacet
 facet normal  4.640059e-01  8.858321e-01 -0.000000e+00
   outer loop
     vertex -1.801077e+00  4.028478e+00  4.900000e+00
     vertex -2.220097e+00  4.247964e+00  5.700000e+00
     vertex -1.801077e+00  4.028478e+00  5.700000e+00
   endloop
 endfacet
 facet normal  9.980418e-01  6.255110e-02  0.000000e+00
   outer loop
     vertex -2.220097e+00  4.247964e+00  4.900000e+00
     vertex -2.439583e+00  7.750000e+00  4.900000e+00
     vertex -2.439583e+00  7.750000e+00  5.700000e+00
   endloop
 endfacet
 facet normal  9.980418e-01  6.255110e-02 -0.000000e+00
   outer loop
     vertex -2.220097e+00  4.247964e+00  4.900000e+00
     vertex -2.439583e+00  7.750000e+00  5.700000e+00
     vertex -2.220097e+00  4.247964e+00  5.700000e+00
   endloop
 endfacet
 facet normal  0.000000e+00  0.000000e+00  1.000000e+00
   outer loop
     vertex -1.549892e+01  3.030813e+00  5.700000e+00
     vertex -1.507990e+01  4.247964e+00  5.700000e+00
     vertex -1.549892e+01  4.028478e+00  5.700000e+00
   endloop
 endfacet
 facet normal  0.000000e+00  0.000000e+00  1.000000e+00
   outer loop
     vertex -8.650000e+00  7.750000e+00  5.700000e+00
     vertex -1.486042e+01  7.750000e+00  5.700000e+00
     vertex -1.432168e+01  6.901752e+00  5.700000e+00
   endloop
 endfacet
 facet normal  0.000000e+00  1.561855e-15  1.000000e+00
   outer loop
     vertex -1.432168e+01  1.893475e+00  5.700000e+00
     vertex -1.549892e+01  3.030813e+00  5.700000e+00
     vertex -1.496018e+01  1.893475e+00  5.700000e+00
   endloop
 endfacet
 facet normal -1.132311e-15  3.898129e-16  1.000000e+00
   outer loop
     vertex -1.432168e+01  1.893475e+00  5.700000e+00
     vertex -1.507990e+01  4.247964e+00  5.700000e+00
     vertex -1.549892e+01  3.030813e+00  5.700000e+00
   endloop
 endfacet
 facet normal  0.000000e+00 -0.000000e+00  1.000000e+00
   outer loop
     vertex -8.650000e+00  6.901752e+00  5.700000e+00
     vertex -8.650000e+00  7.750000e+00  5.700000e+00
     vertex -1.432168e+01  6.901752e+00  5.700000e+00
   endloop
 endfacet
 facet normal  0.000000e+00  0.000000e+00  1.000000e+00
   outer loop
     vertex -1.486042e+01  7.750000e+00  5.700000e+00
     vertex -1.507990e+01  4.247964e+00  5.700000e+00
     vertex -1.432168e+01  6.901752e+00  5.700000e+00
   endloop
 endfacet
 facet normal -1.241395e-15  3.546842e-16  1.000000e+00
   outer loop
     vertex -1.432168e+01  1.893475e+00  5.700000e+00
     vertex -1.432168e+01  6.901752e+00  5.700000e+00
     vertex -1.507990e+01  4.247964e+00  5.700000e+00
   endloop
 endfacet
 facet normal  0.000000e+00 -0.000000e+00  1.000000e+00
   outer loop
     vertex -1.801077e+00  3.030813e+00  5.700000e+00
     vertex -1.801077e+00  4.028478e+00  5.700000e+00
     vertex -2.220097e+00  4.247964e+00  5.700000e+00
   endloop
 endfacet
 facet normal -0.000000e+00  0.000000e+00  1.000000e+00
   outer loop
     vertex -8.650000e+00  7.750000e+00  5.700000e+00
     vertex -2.978322e+00  6.901752e+00  5.700000e+00
     vertex -2.439583e+00  7.750000e+00  5.700000e+00
   endloop
 endfacet
 facet normal -0.000000e+00  1.561855e-15  1.000000e+00
   outer loop
     vertex -2.978322e+00  1.893475e+00  5.700000e+00
     vertex -2.339816e+00  1.893475e+00  5.700000e+00
     vertex -1.801077e+00  3.030813e+00  5.700000e+00
   endloop
 endfacet
 facet normal  1.132311e-15  3.898129e-16  1.000000e+00
   outer loop
     vertex -2.978322e+00  1.893475e+00  5.700000e+00
     vertex -1.801077e+00  3.030813e+00  5.700000e+00
     vertex -2.220097e+00  4.247964e+00  5.700000e+00
   endloop
 endfacet
 facet normal  0.000000e+00  0.000000e+00  1.000000e+00
   outer loop
     vertex -8.650000e+00  6.901752e+00  5.700000e+00
     vertex -2.978322e+00  6.901752e+00  5.700000e+00
     vertex -8.650000e+00  7.750000e+00  5.700000e+00
   endloop
 endfacet
 facet normal  0.000000e+00  0.000000e+00  1.000000e+00
   outer loop
     vertex -2.439583e+00  7.750000e+00  5.700000e+00
     vertex -2.978322e+00  6.901752e+00  5.700000e+00
     vertex -2.220097e+00  4.247964e+00  5.700000e+00
   endloop
 endfacet
 facet normal  1.241395e-15  3.546842e-16  1.000000e+00
   outer loop
     vertex -2.978322e+00  1.893475e+00  5.700000e+00
     vertex -2.220097e+00  4.247964e+00  5.700000e+00
     vertex -2.978322e+00  6.901752e+00  5.700000e+00
   endloop
 endfacet
 facet normal -1.184238e-15  1.000000e+00 -4.440892e-16
   outer loop
     vertex -7.900000e+00  5.000000e-01  2.800000e+00
     vertex -8.425000e+00  5.000000e-01  4.200000e+00
     vertex -7.900000e+00  5.000000e-01  3.800000e+00
   endloop
 endfacet
 facet normal  0.000000e+00  1.000000e+00  1.110223e-15
   outer loop
     vertex -6.375000e+00  5.000000e-01  4.200000e+00
     vertex -6.900000e+00  5.000000e-01  3.800000e+00
     vertex -7.900000e+00  5.000000e-01  3.800000e+00
   endloop
 endfacet
 facet normal  0.000000e+00  1.000000e+00  1.110223e-15
   outer loop
     vertex -6.375000e+00  5.000000e-01  4.200000e+00
     vertex -7.900000e+00  5.000000e-01  3.800000e+00
     vertex -8.425000e+00  5.000000e-01  4.200000e+00
   endloop
 endfacet
 facet normal -9.706868e-16  1.000000e+00 -3.640075e-16
   outer loop
     vertex -8.425000e+00  5.000000e-01  1.760000e+00
     vertex -8.425000e+00  5.000000e-01  4.200000e+00
     vertex -7.900000e+00  5.000000e-01  2.800000e+00
   endloop
 endfacet
 facet normal  1.184238e-15  1.000000e+00 -4.440892e-16
   outer loop
     vertex -6.900000e+00  5.000000e-01  2.800000e+00
     vertex -6.900000e+00  5.000000e-01  3.800000e+00
     vertex -6.375000e+00  5.000000e-01  4.200000e+00
   endloop
 endfacet
 facet normal -9.710955e-16  1.000000e+00 -3.638012e-16
   outer loop
     vertex -7.860000e+00  5.000000e-01  1.777709e+00
     vertex -8.425000e+00  5.000000e-01  1.760000e+00
     vertex -7.900000e+00  5.000000e-01  2.800000e+00
   endloop
 endfacet
 facet normal -7.908155e-16  1.000000e+00 -6.115578e-15
   outer loop
     vertex -7.863441e+00  5.000000e-01  1.760000e+00
     vertex -8.425000e+00  5.000000e-01  1.760000e+00
     vertex -7.860000e+00  5.000000e-01  1.777709e+00
   endloop
 endfacet
 facet normal  0.000000e+00  1.000000e+00 -3.258044e-16
   outer loop
     vertex -6.940000e+00  5.000000e-01  1.777709e+00
     vertex -7.900000e+00  5.000000e-01  2.800000e+00
     vertex -6.900000e+00  5.000000e-01  2.800000e+00
   endloop
 endfacet
 facet normal  0.000000e+00  1.000000e+00 -3.258044e-16
   outer loop
     vertex -6.940000e+00  5.000000e-01  1.777709e+00
     vertex -7.860000e+00  5.000000e-01  1.777709e+00
     vertex -7.900000e+00  5.000000e-01  2.800000e+00
   endloop
 endfacet
 facet normal  7.908155e-16  1.000000e+00 -6.115578e-15
   outer loop
     vertex -6.375000e+00  5.000000e-01  1.760000e+00
     vertex -6.936559e+00  5.000000e-01  1.760000e+00
     vertex -6.940000e+00  5.000000e-01  1.777709e+00
   endloop
 endfacet
 facet normal  9.710955e-16  1.000000e+00 -3.638012e-16
   outer loop
     vertex -6.375000e+00  5.000000e-01  1.760000e+00
     vertex -6.940000e+00  5.000000e-01  1.777709e+00
     vertex -6.900000e+00  5.000000e-01  2.800000e+00
   endloop
 endfacet
 facet normal  9.706868e-16  1.000000e+00 -3.640075e-16
   outer loop
     vertex -6.375000e+00  5.000000e-01  1.760000e+00
     vertex -6.900000e+00  5.000000e-01  2.800000e+00
     vertex -6.375000e+00  5.000000e-01  4.200000e+00
   endloop
 endfacet
 facet normal -9.816361e-01 -3.542903e-16 -1.907632e-01
   outer loop
     vertex -6.936559e+00  5.000000e-01  1.760000e+00
     vertex -6.936559e+00  3.200000e+00  1.760000e+00
     vertex -6.750000e+00  3.200000e+00  8.000000e-01
   endloop
 endfacet
 facet normal -9.816361e-01 -8.471586e-17 -1.907632e-01
   outer loop
     vertex -6.940000e+00  3.947307e-16  1.777709e+00
     vertex -6.940000e+00  5.000000e-01  1.777709e+00
     vertex -6.936559e+00  5.000000e-01  1.760000e+00
   endloop
 endfacet
 facet normal -9.816361e-01  1.003214e-15 -1.907632e-01
   outer loop
     vertex -6.750000e+00  1.776357e-16  8.000000e-01
     vertex -6.940000e+00  3.947307e-16  1.777709e+00
     vertex -6.936559e+00  5.000000e-01  1.760000e+00
   endloop
 endfacet
 facet normal -9.816361e-01 -3.971056e-17 -1.907632e-01
   outer loop
     vertex -6.750000e+00  1.776357e-16  8.000000e-01
     vertex -6.936559e+00  5.000000e-01  1.760000e+00
     vertex -6.750000e+00  3.200000e+00  8.000000e-01
   endloop
 endfacet
 facet normal  0.000000e+00 -1.000000e+00 -0.000000e+00
   outer loop
     vertex -7.863441e+00  3.200000e+00  1.760000e+00
     vertex -8.050000e+00  3.200000e+00  8.000000e-01
     vertex -7.850000e+00  3.200000e+00  1.260000e+00
   endloop
 endfacet
 facet normal -0.000000e+00 -1.000000e+00 -0.000000e+00
   outer loop
     vertex -7.850000e+00  3.200000e+00  1.760000e+00
     vertex -7.863441e+00  3.200000e+00  1.760000e+00
     vertex -7.850000e+00  3.200000e+00  1.260000e+00
   endloop
 endfacet
 facet normal  0.000000e+00 -1.000000e+00 -0.000000e+00
   outer loop
     vertex -6.950000e+00  3.200000e+00  1.260000e+00
     vertex -8.050000e+00  3.200000e+00  8.000000e-01
     vertex -6.750000e+00  3.200000e+00  8.000000e-01
   endloop
 endfacet
 facet normal -0.000000e+00 -1.000000e+00  0.000000e+00
   outer loop
     vertex -6.950000e+00  3.200000e+00  1.260000e+00
     vertex -7.850000e+00  3.200000e+00  1.260000e+00
     vertex -8.050000e+00  3.200000e+00  8.000000e-01
   endloop
 endfacet
 facet normal  3.303885e-14 -1.000000e+00  0.000000e+00
   outer loop
     vertex -6.936559e+00  3.200000e+00  1.760000e+00
     vertex -6.950000e+00  3.200000e+00  1.760000e+00
     vertex -6.950000e+00  3.200000e+00  1.260000e+00
   endloop
 endfacet
 facet normal  1.923857e-15 -1.000000e+00  8.364597e-16
   outer loop
     vertex -6.936559e+00  3.200000e+00  1.760000e+00
     vertex -6.950000e+00  3.200000e+00  1.260000e+00
     vertex -6.750000e+00  3.200000e+00  8.000000e-01
   endloop
 endfacet
 facet normal  9.816361e-01 -3.137624e-17 -1.907632e-01
   outer loop
     vertex -7.863441e+00  5.000000e-01  1.760000e+00
     vertex -8.050000e+00  3.200000e+00  8.000000e-01
     vertex -7.863441e+00  3.200000e+00  1.760000e+00
   endloop
 endfacet
 facet normal  9.816361e-01 -4.434550e-17 -1.907632e-01
   outer loop
     vertex -7.863441e+00  5.000000e-01  1.760000e+00
     vertex -8.050000e+00  1.776357e-16  8.000000e-01
     vertex -8.050000e+00  3.200000e+00  8.000000e-01
   endloop
 endfacet
 facet normal  9.816361e-01 -8.471586e-17 -1.907632e-01
   outer loop
     vertex -7.860000e+00  3.947307e-16  1.777709e+00
     vertex -7.863441e+00  5.000000e-01  1.760000e+00
     vertex -7.860000e+00  5.000000e-01  1.777709e+00
   endloop
 endfacet
 facet normal  9.816361e-01  2.719651e-15 -1.907632e-01
   outer loop
     vertex -7.860000e+00  3.947307e-16  1.777709e+00
     vertex -8.050000e+00  1.776357e-16  8.000000e-01
     vertex -7.863441e+00  5.000000e-01  1.760000e+00
   endloop
 endfacet
 facet normal -1.184238e-15  1.000000e+00 -4.440892e-16
   outer loop
     vertex -1.040000e+01  5.000000e-01  2.800000e+00
     vertex -1.092500e+01  5.000000e-01  4.200000e+00
     vertex -1.040000e+01  5.000000e-01  3.800000e+00
   endloop
 endfacet
 facet normal  0.000000e+00  1.000000e+00  1.110223e-15
   outer loop
     vertex -8.875000e+00  5.000000e-01  4.200000e+00
     vertex -9.400000e+00  5.000000e-01  3.800000e+00
     vertex -1.040000e+01  5.000000e-01  3.800000e+00
   endloop
 endfacet
 facet normal  0.000000e+00  1.000000e+00  1.110223e-15
   outer loop
     vertex -8.875000e+00  5.000000e-01  4.200000e+00
     vertex -1.040000e+01  5.000000e-01  3.800000e+00
     vertex -1.092500e+01  5.000000e-01  4.200000e+00
   endloop
 endfacet
 facet normal -9.706868e-16  1.000000e+00 -3.640075e-16
   outer loop
     vertex -1.092500e+01  5.000000e-01  1.760000e+00
     vertex -1.092500e+01  5.000000e-01  4.200000e+00
     vertex -1.040000e+01  5.000000e-01  2.800000e+00
   endloop
 endfacet
 facet normal  1.184238e-15  1.000000e+00 -4.440892e-16
   outer loop
     vertex -9.400000e+00  5.000000e-01  2.800000e+00
     vertex -9.400000e+00  5.000000e-01  3.800000e+00
     vertex -8.875000e+00  5.000000e-01  4.200000e+00
   endloop
 endfacet
 facet normal -9.710955e-16  1.000000e+00 -3.638012e-16
   outer loop
     vertex -1.036000e+01  5.000000e-01  1.777709e+00
     vertex -1.092500e+01  5.000000e-01  1.760000e+00
     vertex -1.040000e+01  5.000000e-01  2.800000e+00
   endloop
 endfacet
 facet normal -7.908155e-16  1.000000e+00 -6.115578e-15
   outer loop
     vertex -1.036344e+01  5.000000e-01  1.760000e+00
     vertex -1.092500e+01  5.000000e-01  1.760000e+00
     vertex -1.036000e+01  5.000000e-01  1.777709e+00
   endloop
 endfacet
 facet normal  0.000000e+00  1.000000e+00 -3.258044e-16
   outer loop
     vertex -9.440000e+00  5.000000e-01  1.777709e+00
     vertex -1.040000e+01  5.000000e-01  2.800000e+00
     vertex -9.400000e+00  5.000000e-01  2.800000e+00
   endloop
 endfacet
 facet normal  0.000000e+00  1.000000e+00 -3.258044e-16
   outer loop
     vertex -9.440000e+00  5.000000e-01  1.777709e+00
     vertex -1.036000e+01  5.000000e-01  1.777709e+00
     vertex -1.040000e+01  5.000000e-01  2.800000e+00
   endloop
 endfacet
 facet normal  7.908155e-16  1.000000e+00 -6.115578e-15
   outer loop
     vertex -8.875000e+00  5.000000e-01  1.760000e+00
     vertex -9.436559e+00  5.000000e-01  1.760000e+00
     vertex -9.440000e+00  5.000000e-01  1.777709e+00
   endloop
 endfacet
 facet normal  9.710955e-16  1.000000e+00 -3.638012e-16
   outer loop
     vertex -8.875000e+00  5.000000e-01  1.760000e+00
     vertex -9.440000e+00  5.000000e-01  1.777709e+00
     vertex -9.400000e+00  5.000000e-01  2.800000e+00
   endloop
 endfacet
 facet normal  9.706868e-16  1.000000e+00 -3.640075e-16
   outer loop
     vertex -8.875000e+00  5.000000e-01  1.760000e+00
     vertex -9.400000e+00  5.000000e-01  2.800000e+00
     vertex -8.875000e+00  5.000000e-01  4.200000e+00
   endloop
 endfacet
 facet normal -9.816361e-01 -6.772044e-16 -1.907632e-01
   outer loop
     vertex -9.436559e+00  5.000000e-01  1.760000e+00
     vertex -9.436559e+00  3.200000e+00  1.760000e+00
     vertex -9.250000e+00  3.200000e+00  8.000000e-01
   endloop
 endfacet
 facet normal -9.816361e-01 -8.471586e-17 -1.907632e-01
   outer loop
     vertex -9.440000e+00  3.947307e-16  1.777709e+00
     vertex -9.440000e+00  5.000000e-01  1.777709e+00
     vertex -9.436559e+00  5.000000e-01  1.760000e+00
   endloop
 endfacet
 facet normal -9.816361e-01  2.786706e-15 -1.907632e-01
   outer loop
     vertex -9.250000e+00  1.776357e-16  8.000000e-01
     vertex -9.440000e+00  3.947307e-16  1.777709e+00
     vertex -9.436559e+00  5.000000e-01  1.760000e+00
   endloop
 endfacet
 facet normal -9.816361e-01 -3.971056e-17 -1.907632e-01
   outer loop
     vertex -9.250000e+00  1.776357e-16  8.000000e-01
     vertex -9.436559e+00  5.000000e-01  1.760000e+00
     vertex -9.250000e+00  3.200000e+00  8.000000e-01
   endloop
 endfacet
 facet normal  0.000000e+00 -1.000000e+00 -0.000000e+00
   outer loop
     vertex -1.036344e+01  3.200000e+00  1.760000e+00
     vertex -1.055000e+01  3.200000e+00  8.000000e-01
     vertex -1.035000e+01  3.200000e+00  1.260000e+00
   endloop
 endfacet
 facet normal -0.000000e+00 -1.000000e+00 -0.000000e+00
   outer loop
     vertex -1.035000e+01  3.200000e+00  1.760000e+00
     vertex -1.036344e+01  3.200000e+00  1.760000e+00
     vertex -1.035000e+01  3.200000e+00  1.260000e+00
   endloop
 endfacet
 facet normal  0.000000e+00 -1.000000e+00 -0.000000e+00
   outer loop
     vertex -9.450000e+00  3.200000e+00  1.260000e+00
     vertex -1.055000e+01  3.200000e+00  8.000000e-01
     vertex -9.250000e+00  3.200000e+00  8.000000e-01
   endloop
 endfacet
 facet normal -0.000000e+00 -1.000000e+00  0.000000e+00
   outer loop
     vertex -9.450000e+00  3.200000e+00  1.260000e+00
     vertex -1.035000e+01  3.200000e+00  1.260000e+00
     vertex -1.055000e+01  3.200000e+00  8.000000e-01
   endloop
 endfacet
 facet normal  3.303885e-14 -1.000000e+00  0.000000e+00
   outer loop
     vertex -9.436559e+00  3.200000e+00  1.760000e+00
     vertex -9.450000e+00  3.200000e+00  1.760000e+00
     vertex -9.450000e+00  3.200000e+00  1.260000e+00
   endloop
 endfacet
 facet normal  1.923857e-15 -1.000000e+00  8.364597e-16
   outer loop
     vertex -9.436559e+00  3.200000e+00  1.760000e+00
     vertex -9.450000e+00  3.200000e+00  1.260000e+00
     vertex -9.250000e+00  3.200000e+00  8.000000e-01
   endloop
 endfacet
 facet normal  9.816361e-01 -3.137624e-17 -1.907632e-01
   outer loop
     vertex -1.036344e+01  5.000000e-01  1.760000e+00
     vertex -1.055000e+01  3.200000e+00  8.000000e-01
     vertex -1.036344e+01  3.200000e+00  1.760000e+00
   endloop
 endfacet
 facet normal  9.816361e-01 -4.434550e-17 -1.907632e-01
   outer loop
     vertex -1.036344e+01  5.000000e-01  1.760000e+00
     vertex -1.055000e+01  1.776357e-16  8.000000e-01
     vertex -1.055000e+01  3.200000e+00  8.000000e-01
   endloop
 endfacet
 facet normal  9.816361e-01 -8.471586e-17 -1.907632e-01
   outer loop
     vertex -1.036000e+01  3.947307e-16  1.777709e+00
     vertex -1.036344e+01  5.000000e-01  1.760000e+00
     vertex -1.036000e+01  5.000000e-01  1.777709e+00
   endloop
 endfacet
 facet normal  9.816361e-01  2.719651e-15 -1.907632e-01
   outer loop
     vertex -1.036000e+01  3.947307e-16  1.777709e+00
     vertex -1.055000e+01  1.776357e-16  8.000000e-01
     vertex -1.036344e+01  5.000000e-01  1.760000e+00
   endloop
 endfacet
 facet normal -1.184238e-15  1.000000e+00 -4.440892e-16
   outer loop
     vertex -1.540000e+01  5.000000e-01  2.800000e+00
     vertex -1.592500e+01  5.000000e-01  4.200000e+00
     vertex -1.540000e+01  5.000000e-01  3.800000e+00
   endloop
 endfacet
 facet normal  0.000000e+00  1.000000e+00  1.110223e-15
   outer loop
     vertex -1.387500e+01  5.000000e-01  4.200000e+00
     vertex -1.440000e+01  5.000000e-01  3.800000e+00
     vertex -1.540000e+01  5.000000e-01  3.800000e+00
   endloop
 endfacet
 facet normal  0.000000e+00  1.000000e+00  1.110223e-15
   outer loop
     vertex -1.387500e+01  5.000000e-01  4.200000e+00
     vertex -1.540000e+01  5.000000e-01  3.800000e+00
     vertex -1.592500e+01  5.000000e-01  4.200000e+00
   endloop
 endfacet
 facet normal -9.706868e-16  1.000000e+00 -3.640075e-16
   outer loop
     vertex -1.592500e+01  5.000000e-01  1.760000e+00
     vertex -1.592500e+01  5.000000e-01  4.200000e+00
     vertex -1.540000e+01  5.000000e-01  2.800000e+00
   endloop
 endfacet
 facet normal  1.184238e-15  1.000000e+00 -4.440892e-16
   outer loop
     vertex -1.440000e+01  5.000000e-01  2.800000e+00
     vertex -1.440000e+01  5.000000e-01  3.800000e+00
     vertex -1.387500e+01  5.000000e-01  4.200000e+00
   endloop
 endfacet
 facet normal -9.710955e-16  1.000000e+00 -3.638012e-16
   outer loop
     vertex -1.536000e+01  5.000000e-01  1.777709e+00
     vertex -1.592500e+01  5.000000e-01  1.760000e+00
     vertex -1.540000e+01  5.000000e-01  2.800000e+00
   endloop
 endfacet
 facet normal -7.908155e-16  1.000000e+00 -6.115578e-15
   outer loop
     vertex -1.536344e+01  5.000000e-01  1.760000e+00
     vertex -1.592500e+01  5.000000e-01  1.760000e+00
     vertex -1.536000e+01  5.000000e-01  1.777709e+00
   endloop
 endfacet
 facet normal  0.000000e+00  1.000000e+00 -3.258044e-16
   outer loop
     vertex -1.444000e+01  5.000000e-01  1.777709e+00
     vertex -1.540000e+01  5.000000e-01  2.800000e+00
     vertex -1.440000e+01  5.000000e-01  2.800000e+00
   endloop
 endfacet
 facet normal  0.000000e+00  1.000000e+00 -3.258044e-16
   outer loop
     vertex -1.444000e+01  5.000000e-01  1.777709e+00
     vertex -1.536000e+01  5.000000e-01  1.777709e+00
     vertex -1.540000e+01  5.000000e-01  2.800000e+00
   endloop
 endfacet
 facet normal  7.908155e-16  1.000000e+00 -6.115578e-15
   outer loop
     vertex -1.387500e+01  5.000000e-01  1.760000e+00
     vertex -1.443656e+01  5.000000e-01  1.760000e+00
     vertex -1.444000e+01  5.000000e-01  1.777709e+00
   endloop
 endfacet
 facet normal  9.710955e-16  1.000000e+00 -3.638012e-16
   outer loop
     vertex -1.387500e+01  5.000000e-01  1.760000e+00
     vertex -1.444000e+01  5.000000e-01  1.777709e+00
     vertex -1.440000e+01  5.000000e-01  2.800000e+00
   endloop
 endfacet
 facet normal  9.706868e-16  1.000000e+00 -3.640075e-16
   outer loop
     vertex -1.387500e+01  5.000000e-01  1.760000e+00
     vertex -1.440000e+01  5.000000e-01  2.800000e+00
     vertex -1.387500e+01  5.000000e-01  4.200000e+00
   endloop
 endfacet
 facet normal -9.816361e-01 -3.137624e-17 -1.907632e-01
   outer loop
     vertex -1.443656e+01  5.000000e-01  1.760000e+00
     vertex -1.443656e+01  3.200000e+00  1.760000e+00
     vertex -1.425000e+01  3.200000e+00  8.000000e-01
   endloop
 endfacet
 facet normal -9.816361e-01 -8.471586e-17 -1.907632e-01
   outer loop
     vertex -1.444000e+01  3.947307e-16  1.777709e+00
     vertex -1.444000e+01  5.000000e-01  1.777709e+00
     vertex -1.443656e+01  5.000000e-01  1.760000e+00
   endloop
 endfacet
 facet normal -9.816361e-01 -7.245435e-16 -1.907632e-01
   outer loop
     vertex -1.425000e+01  1.776357e-16  8.000000e-01
     vertex -1.444000e+01  3.947307e-16  1.777709e+00
     vertex -1.443656e+01  5.000000e-01  1.760000e+00
   endloop
 endfacet
 facet normal -9.816361e-01 -3.971056e-17 -1.907632e-01
   outer loop
     vertex -1.425000e+01  1.776357e-16  8.000000e-01
     vertex -1.443656e+01  5.000000e-01  1.760000e+00
     vertex -1.425000e+01  3.200000e+00  8.000000e-01
   endloop
 endfacet
 facet normal  0.000000e+00 -1.000000e+00 -0.000000e+00
   outer loop
     vertex -1.536344e+01  3.200000e+00  1.760000e+00
     vertex -1.555000e+01  3.200000e+00  8.000000e-01
     vertex -1.535000e+01  3.200000e+00  1.260000e+00
   endloop
 endfacet
 facet normal -0.000000e+00 -1.000000e+00 -0.000000e+00
   outer loop
     vertex -1.535000e+01  3.200000e+00  1.760000e+00
     vertex -1.536344e+01  3.200000e+00  1.760000e+00
     vertex -1.535000e+01  3.200000e+00  1.260000e+00
   endloop
 endfacet
 facet normal  0.000000e+00 -1.000000e+00 -0.000000e+00
   outer loop
     vertex -1.445000e+01  3.200000e+00  1.260000e+00
     vertex -1.555000e+01  3.200000e+00  8.000000e-01
     vertex -1.425000e+01  3.200000e+00  8.000000e-01
   endloop
 endfacet
 facet normal -0.000000e+00 -1.000000e+00  0.000000e+00
   outer loop
     vertex -1.445000e+01  3.200000e+00  1.260000e+00
     vertex -1.535000e+01  3.200000e+00  1.260000e+00
     vertex -1.555000e+01  3.200000e+00  8.000000e-01
   endloop
 endfacet
 facet normal  3.303885e-14 -1.000000e+00  0.000000e+00
   outer loop
     vertex -1.443656e+01  3.200000e+00  1.760000e+00
     vertex -1.445000e+01  3.200000e+00  1.760000e+00
     vertex -1.445000e+01  3.200000e+00  1.260000e+00
   endloop
 endfacet
 facet normal  1.923857e-15 -1.000000e+00  8.364597e-16
   outer loop
     vertex -1.443656e+01  3.200000e+00  1.760000e+00
     vertex -1.445000e+01  3.200000e+00  1.260000e+00
     vertex -1.425000e+01  3.200000e+00  8.000000e-01
   endloop
 endfacet
 facet normal  9.816361e-01 -6.772044e-16 -1.907632e-01
   outer loop
     vertex -1.536344e+01  5.000000e-01  1.760000e+00
     vertex -1.555000e+01  3.200000e+00  8.000000e-01
     vertex -1.536344e+01  3.200000e+00  1.760000e+00
   endloop
 endfacet
 facet normal  9.816361e-01 -3.547640e-17 -1.907632e-01
   outer loop
     vertex -1.536344e+01  5.000000e-01  1.760000e+00
     vertex -1.555000e+01  1.776357e-16  8.000000e-01
     vertex -1.555000e+01  3.200000e+00  8.000000e-01
   endloop
 endfacet
 facet normal  9.816361e-01 -8.471586e-17 -1.907632e-01
   outer loop
     vertex -1.536000e+01  3.947307e-16  1.777709e+00
     vertex -1.536344e+01  5.000000e-01  1.760000e+00
     vertex -1.536000e+01  5.000000e-01  1.777709e+00
   endloop
 endfacet
 facet normal  9.816361e-01  6.206517e-15 -1.907632e-01
   outer loop
     vertex -1.536000e+01  3.947307e-16  1.777709e+00
     vertex -1.555000e+01  1.776357e-16  8.000000e-01
     vertex -1.536344e+01  5.000000e-01  1.760000e+00
   endloop
 endfacet
 facet normal -1.184238e-15  1.000000e+00 -4.440892e-16
   outer loop
     vertex -1.290000e+01  5.000000e-01  2.800000e+00
     vertex -1.342500e+01  5.000000e-01  4.200000e+00
     vertex -1.290000e+01  5.000000e-01  3.800000e+00
   endloop
 endfacet
 facet normal  0.000000e+00  1.000000e+00  1.110223e-15
   outer loop
     vertex -1.137500e+01  5.000000e-01  4.200000e+00
     vertex -1.190000e+01  5.000000e-01  3.800000e+00
     vertex -1.290000e+01  5.000000e-01  3.800000e+00
   endloop
 endfacet
 facet normal  0.000000e+00  1.000000e+00  1.110223e-15
   outer loop
     vertex -1.137500e+01  5.000000e-01  4.200000e+00
     vertex -1.290000e+01  5.000000e-01  3.800000e+00
     vertex -1.342500e+01  5.000000e-01  4.200000e+00
   endloop
 endfacet
 facet normal -9.706868e-16  1.000000e+00 -3.640075e-16
   outer loop
     vertex -1.342500e+01  5.000000e-01  1.760000e+00
     vertex -1.342500e+01  5.000000e-01  4.200000e+00
     vertex -1.290000e+01  5.000000e-01  2.800000e+00
   endloop
 endfacet
 facet normal  1.184238e-15  1.000000e+00 -4.440892e-16
   outer loop
     vertex -1.190000e+01  5.000000e-01  2.800000e+00
     vertex -1.190000e+01  5.000000e-01  3.800000e+00
     vertex -1.137500e+01  5.000000e-01  4.200000e+00
   endloop
 endfacet
 facet normal -9.710955e-16  1.000000e+00 -3.638012e-16
   outer loop
     vertex -1.286000e+01  5.000000e-01  1.777709e+00
     vertex -1.342500e+01  5.000000e-01  1.760000e+00
     vertex -1.290000e+01  5.000000e-01  2.800000e+00
   endloop
 endfacet
 facet normal -7.908155e-16  1.000000e+00 -6.115578e-15
   outer loop
     vertex -1.286344e+01  5.000000e-01  1.760000e+00
     vertex -1.342500e+01  5.000000e-01  1.760000e+00
     vertex -1.286000e+01  5.000000e-01  1.777709e+00
   endloop
 endfacet
 facet normal  0.000000e+00  1.000000e+00 -3.258044e-16
   outer loop
     vertex -1.194000e+01  5.000000e-01  1.777709e+00
     vertex -1.290000e+01  5.000000e-01  2.800000e+00
     vertex -1.190000e+01  5.000000e-01  2.800000e+00
   endloop
 endfacet
 facet normal  0.000000e+00  1.000000e+00 -3.258044e-16
   outer loop
     vertex -1.194000e+01  5.000000e-01  1.777709e+00
     vertex -1.286000e+01  5.000000e-01  1.777709e+00
     vertex -1.290000e+01  5.000000e-01  2.800000e+00
   endloop
 endfacet
 facet normal  7.908155e-16  1.000000e+00 -6.115578e-15
   outer loop
     vertex -1.137500e+01  5.000000e-01  1.760000e+00
     vertex -1.193656e+01  5.000000e-01  1.760000e+00
     vertex -1.194000e+01  5.000000e-01  1.777709e+00
   endloop
 endfacet
 facet normal  9.710955e-16  1.000000e+00 -3.638012e-16
   outer loop
     vertex -1.137500e+01  5.000000e-01  1.760000e+00
     vertex -1.194000e+01  5.000000e-01  1.777709e+00
     vertex -1.190000e+01  5.000000e-01  2.800000e+00
   endloop
 endfacet
 facet normal  9.706868e-16  1.000000e+00 -3.640075e-16
   outer loop
     vertex -1.137500e+01  5.000000e-01  1.760000e+00
     vertex -1.190000e+01  5.000000e-01  2.800000e+00
     vertex -1.137500e+01  5.000000e-01  4.200000e+00
   endloop
 endfacet
 facet normal -9.816361e-01 -6.772044e-16 -1.907632e-01
   outer loop
     vertex -1.193656e+01  5.000000e-01  1.760000e+00
     vertex -1.193656e+01  3.200000e+00  1.760000e+00
     vertex -1.175000e+01  3.200000e+00  8.000000e-01
   endloop
 endfacet
 facet normal -9.816361e-01 -8.471586e-17 -1.907632e-01
   outer loop
     vertex -1.194000e+01  3.947307e-16  1.777709e+00
     vertex -1.194000e+01  5.000000e-01  1.777709e+00
     vertex -1.193656e+01  5.000000e-01  1.760000e+00
   endloop
 endfacet
 facet normal -9.816361e-01  2.786706e-15 -1.907632e-01
   outer loop
     vertex -1.175000e+01  1.776357e-16  8.000000e-01
     vertex -1.194000e+01  3.947307e-16  1.777709e+00
     vertex -1.193656e+01  5.000000e-01  1.760000e+00
   endloop
 endfacet
 facet normal -9.816361e-01 -3.971056e-17 -1.907632e-01
   outer loop
     vertex -1.175000e+01  1.776357e-16  8.000000e-01
     vertex -1.193656e+01  5.000000e-01  1.760000e+00
     vertex -1.175000e+01  3.200000e+00  8.000000e-01
   endloop
 endfacet
 facet normal  0.000000e+00 -1.000000e+00 -0.000000e+00
   outer loop
     vertex -1.286344e+01  3.200000e+00  1.760000e+00
     vertex -1.305000e+01  3.200000e+00  8.000000e-01
     vertex -1.285000e+01  3.200000e+00  1.260000e+00
   endloop
 endfacet
 facet normal -0.000000e+00 -1.000000e+00 -0.000000e+00
   outer loop
     vertex -1.285000e+01  3.200000e+00  1.760000e+00
     vertex -1.286344e+01  3.200000e+00  1.760000e+00
     vertex -1.285000e+01  3.200000e+00  1.260000e+00
   endloop
 endfacet
 facet normal  0.000000e+00 -1.000000e+00 -0.000000e+00
   outer loop
     vertex -1.195000e+01  3.200000e+00  1.260000e+00
     vertex -1.305000e+01  3.200000e+00  8.000000e-01
     vertex -1.175000e+01  3.200000e+00  8.000000e-01
   endloop
 endfacet
 facet normal -0.000000e+00 -1.000000e+00  0.000000e+00
   outer loop
     vertex -1.195000e+01  3.200000e+00  1.260000e+00
     vertex -1.285000e+01  3.200000e+00  1.260000e+00
     vertex -1.305000e+01  3.200000e+00  8.000000e-01
   endloop
 endfacet
 facet normal  3.303885e-14 -1.000000e+00  0.000000e+00
   outer loop
     vertex -1.193656e+01  3.200000e+00  1.760000e+00
     vertex -1.195000e+01  3.200000e+00  1.760000e+00
     vertex -1.195000e+01  3.200000e+00  1.260000e+00
   endloop
 endfacet
 facet normal  1.923857e-15 -1.000000e+00  8.364597e-16
   outer loop
     vertex -1.193656e+01  3.200000e+00  1.760000e+00
     vertex -1.195000e+01  3.200000e+00  1.260000e+00
     vertex -1.175000e+01  3.200000e+00  8.000000e-01
   endloop
 endfacet
 facet normal  9.816361e-01 -6.772044e-16 -1.907632e-01
   outer loop
     vertex -1.286344e+01  5.000000e-01  1.760000e+00
     vertex -1.305000e+01  3.200000e+00  8.000000e-01
     vertex -1.286344e+01  3.200000e+00  1.760000e+00
   endloop
 endfacet
 facet normal  9.816361e-01 -3.547640e-17 -1.907632e-01
   outer loop
     vertex -1.286344e+01  5.000000e-01  1.760000e+00
     vertex -1.305000e+01  1.776357e-16  8.000000e-01
     vertex -1.305000e+01  3.200000e+00  8.000000e-01
   endloop
 endfacet
 facet normal  9.816361e-01 -8.471586e-17 -1.907632e-01
   outer loop
     vertex -1.286000e+01  3.947307e-16  1.777709e+00
     vertex -1.286344e+01  5.000000e-01  1.760000e+00
     vertex -1.286000e+01  5.000000e-01  1.777709e+00
   endloop
 endfacet
 facet normal  9.816361e-01  6.206517e-15 -1.907632e-01
   outer loop
     vertex -1.286000e+01  3.947307e-16  1.777709e+00
     vertex -1.305000e+01  1.776357e-16  8.000000e-01
     vertex -1.286344e+01  5.000000e-01  1.760000e+00
   endloop
 endfacet
 facet normal -1.184238e-15  1.000000e+00 -4.440892e-16
   outer loop
     vertex -2.900000e+00  5.000000e-01  2.800000e+00
     vertex -3.425000e+00  5.000000e-01  4.200000e+00
     vertex -2.900000e+00  5.000000e-01  3.800000e+00
   endloop
 endfacet
 facet normal  0.000000e+00  1.000000e+00  1.110223e-15
   outer loop
     vertex -1.375000e+00  5.000000e-01  4.200000e+00
     vertex -1.900000e+00  5.000000e-01  3.800000e+00
     vertex -2.900000e+00  5.000000e-01  3.800000e+00
   endloop
 endfacet
 facet normal  0.000000e+00  1.000000e+00  1.110223e-15
   outer loop
     vertex -1.375000e+00  5.000000e-01  4.200000e+00
     vertex -2.900000e+00  5.000000e-01  3.800000e+00
     vertex -3.425000e+00  5.000000e-01  4.200000e+00
   endloop
 endfacet
 facet normal -9.706868e-16  1.000000e+00 -3.640075e-16
   outer loop
     vertex -3.425000e+00  5.000000e-01  1.760000e+00
     vertex -3.425000e+00  5.000000e-01  4.200000e+00
     vertex -2.900000e+00  5.000000e-01  2.800000e+00
   endloop
 endfacet
 facet normal  1.184238e-15  1.000000e+00 -4.440892e-16
   outer loop
     vertex -1.900000e+00  5.000000e-01  2.800000e+00
     vertex -1.900000e+00  5.000000e-01  3.800000e+00
     vertex -1.375000e+00  5.000000e-01  4.200000e+00
   endloop
 endfacet
 facet normal -9.710955e-16  1.000000e+00 -3.638012e-16
   outer loop
     vertex -2.860000e+00  5.000000e-01  1.777709e+00
     vertex -3.425000e+00  5.000000e-01  1.760000e+00
     vertex -2.900000e+00  5.000000e-01  2.800000e+00
   endloop
 endfacet
 facet normal -7.908155e-16  1.000000e+00 -6.115578e-15
   outer loop
     vertex -2.863441e+00  5.000000e-01  1.760000e+00
     vertex -3.425000e+00  5.000000e-01  1.760000e+00
     vertex -2.860000e+00  5.000000e-01  1.777709e+00
   endloop
 endfacet
 facet normal  0.000000e+00  1.000000e+00 -3.258044e-16
   outer loop
     vertex -1.940000e+00  5.000000e-01  1.777709e+00
     vertex -2.900000e+00  5.000000e-01  2.800000e+00
     vertex -1.900000e+00  5.000000e-01  2.800000e+00
   endloop
 endfacet
 facet normal  0.000000e+00  1.000000e+00 -3.258044e-16
   outer loop
     vertex -1.940000e+00  5.000000e-01  1.777709e+00
     vertex -2.860000e+00  5.000000e-01  1.777709e+00
     vertex -2.900000e+00  5.000000e-01  2.800000e+00
   endloop
 endfacet
 facet normal  7.908155e-16  1.000000e+00 -6.115578e-15
   outer loop
     vertex -1.375000e+00  5.000000e-01  1.760000e+00
     vertex -1.936559e+00  5.000000e-01  1.760000e+00
     vertex -1.940000e+00  5.000000e-01  1.777709e+00
   endloop
 endfacet
 facet normal  9.710955e-16  1.000000e+00 -3.638012e-16
   outer loop
     vertex -1.375000e+00  5.000000e-01  1.760000e+00
     vertex -1.940000e+00  5.000000e-01  1.777709e+00
     vertex -1.900000e+00  5.000000e-01  2.800000e+00
   endloop
 endfacet
 facet normal  9.706868e-16  1.000000e+00 -3.640075e-16
   outer loop
     vertex -1.375000e+00  5.000000e-01  1.760000e+00
     vertex -1.900000e+00  5.000000e-01  2.800000e+00
     vertex -1.375000e+00  5.000000e-01  4.200000e+00
   endloop
 endfacet
 facet normal -9.816361e-01 -3.137624e-17 -1.907632e-01
   outer loop
     vertex -1.936559e+00  5.000000e-01  1.760000e+00
     vertex -1.936559e+00  3.200000e+00  1.760000e+00
     vertex -1.750000e+00  3.200000e+00  8.000000e-01
   endloop
 endfacet
 facet normal -9.816361e-01 -8.471586e-17 -1.907632e-01
   outer loop
     vertex -1.940000e+00  3.947307e-16  1.777709e+00
     vertex -1.940000e+00  5.000000e-01  1.777709e+00
     vertex -1.936559e+00  5.000000e-01  1.760000e+00
   endloop
 endfacet
 facet normal -9.816361e-01 -2.786706e-16 -1.907632e-01
   outer loop
     vertex -1.750000e+00  1.776357e-16  8.000000e-01
     vertex -1.940000e+00  3.947307e-16  1.777709e+00
     vertex -1.936559e+00  5.000000e-01  1.760000e+00
   endloop
 endfacet
 facet normal -9.816361e-01 -3.971056e-17 -1.907632e-01
   outer loop
     vertex -1.750000e+00  1.776357e-16  8.000000e-01
     vertex -1.936559e+00  5.000000e-01  1.760000e+00
     vertex -1.750000e+00  3.200000e+00  8.000000e-01
   endloop
 endfacet
 facet normal  0.000000e+00 -1.000000e+00 -0.000000e+00
   outer loop
     vertex -2.863441e+00  3.200000e+00  1.760000e+00
     vertex -3.050000e+00  3.200000e+00  8.000000e-01
     vertex -2.850000e+00  3.200000e+00  1.260000e+00
   endloop
 endfacet
 facet normal -0.000000e+00 -1.000000e+00 -0.000000e+00
   outer loop
     vertex -2.850000e+00  3.200000e+00  1.760000e+00
     vertex -2.863441e+00  3.200000e+00  1.760000e+00
     vertex -2.850000e+00  3.200000e+00  1.260000e+00
   endloop
 endfacet
 facet normal  0.000000e+00 -1.000000e+00 -0.000000e+00
   outer loop
     vertex -1.950000e+00  3.200000e+00  1.260000e+00
     vertex -3.050000e+00  3.200000e+00  8.000000e-01
     vertex -1.750000e+00  3.200000e+00  8.000000e-01
   endloop
 endfacet
 facet normal -0.000000e+00 -1.000000e+00  0.000000e+00
   outer loop
     vertex -1.950000e+00  3.200000e+00  1.260000e+00
     vertex -2.850000e+00  3.200000e+00  1.260000e+00
     vertex -3.050000e+00  3.200000e+00  8.000000e-01
   endloop
 endfacet
 facet normal  3.303885e-14 -1.000000e+00  0.000000e+00
   outer loop
     vertex -1.936559e+00  3.200000e+00  1.760000e+00
     vertex -1.950000e+00  3.200000e+00  1.760000e+00
     vertex -1.950000e+00  3.200000e+00  1.260000e+00
   endloop
 endfacet
 facet normal  1.923857e-15 -1.000000e+00  8.364597e-16
   outer loop
     vertex -1.936559e+00  3.200000e+00  1.760000e+00
     vertex -1.950000e+00  3.200000e+00  1.260000e+00
     vertex -1.750000e+00  3.200000e+00  8.000000e-01
   endloop
 endfacet
 facet normal  9.816361e-01 -3.137624e-17 -1.907632e-01
   outer loop
     vertex -2.863441e+00  5.000000e-01  1.760000e+00
     vertex -3.050000e+00  3.200000e+00  8.000000e-01
     vertex -2.863441e+00  3.200000e+00  1.760000e+00
   endloop
 endfacet
 facet normal  9.816361e-01 -4.434550e-17 -1.907632e-01
   outer loop
     vertex -2.863441e+00  5.000000e-01  1.760000e+00
     vertex -3.050000e+00  1.776357e-16  8.000000e-01
     vertex -3.050000e+00  3.200000e+00  8.000000e-01
   endloop
 endfacet
 facet normal  9.816361e-01 -8.471586e-17 -1.907632e-01
   outer loop
     vertex -2.860000e+00  3.947307e-16  1.777709e+00
     vertex -2.863441e+00  5.000000e-01  1.760000e+00
     vertex -2.860000e+00  5.000000e-01  1.777709e+00
   endloop
 endfacet
 facet normal  9.816361e-01  1.506563e-16 -1.907632e-01
   outer loop
     vertex -2.860000e+00  3.947307e-16  1.777709e+00
     vertex -3.050000e+00  1.776357e-16  8.000000e-01
     vertex -2.863441e+00  5.000000e-01  1.760000e+00
   endloop
 endfacet
 facet normal -1.184238e-15  1.000000e+00 -4.440892e-16
   outer loop
     vertex -5.400000e+00  5.000000e-01  2.800000e+00
     vertex -5.925000e+00  5.000000e-01  4.200000e+00
     vertex -5.400000e+00  5.000000e-01  3.800000e+00
   endloop
 endfacet
 facet normal  0.000000e+00  1.000000e+00  1.110223e-15
   outer loop
     vertex -3.875000e+00  5.000000e-01  4.200000e+00
     vertex -4.400000e+00  5.000000e-01  3.800000e+00
     vertex -5.400000e+00  5.000000e-01  3.800000e+00
   endloop
 endfacet
 facet normal  0.000000e+00  1.000000e+00  1.110223e-15
   outer loop
     vertex -3.875000e+00  5.000000e-01  4.200000e+00
     vertex -5.400000e+00  5.000000e-01  3.800000e+00
     vertex -5.925000e+00  5.000000e-01  4.200000e+00
   endloop
 endfacet
 facet normal -9.706868e-16  1.000000e+00 -3.640075e-16
   outer loop
     vertex -5.925000e+00  5.000000e-01  1.760000e+00
     vertex -5.925000e+00  5.000000e-01  4.200000e+00
     vertex -5.400000e+00  5.000000e-01  2.800000e+00
   endloop
 endfacet
 facet normal  1.184238e-15  1.000000e+00 -4.440892e-16
   outer loop
     vertex -4.400000e+00  5.000000e-01  2.800000e+00
     vertex -4.400000e+00  5.000000e-01  3.800000e+00
     vertex -3.875000e+00  5.000000e-01  4.200000e+00
   endloop
 endfacet
 facet normal -9.710955e-16  1.000000e+00 -3.638012e-16
   outer loop
     vertex -5.360000e+00  5.000000e-01  1.777709e+00
     vertex -5.925000e+00  5.000000e-01  1.760000e+00
     vertex -5.400000e+00  5.000000e-01  2.800000e+00
   endloop
 endfacet
 facet normal -7.908155e-16  1.000000e+00 -6.115578e-15
   outer loop
     vertex -5.363441e+00  5.000000e-01  1.760000e+00
     vertex -5.925000e+00  5.000000e-01  1.760000e+00
     vertex -5.360000e+00  5.000000e-01  1.777709e+00
   endloop
 endfacet
 facet normal  0.000000e+00  1.000000e+00 -3.258044e-16
   outer loop
     vertex -4.440000e+00  5.000000e-01  1.777709e+00
     vertex -5.400000e+00  5.000000e-01  2.800000e+00
     vertex -4.400000e+00  5.000000e-01  2.800000e+00
   endloop
 endfacet
 facet normal  0.000000e+00  1.000000e+00 -3.258044e-16
   outer loop
     vertex -4.440000e+00  5.000000e-01  1.777709e+00
     vertex -5.360000e+00  5.000000e-01  1.777709e+00
     vertex -5.400000e+00  5.000000e-01  2.800000e+00
   endloop
 endfacet
 facet normal  7.908155e-16  1.000000e+00 -6.115578e-15
   outer loop
     vertex -3.875000e+00  5.000000e-01  1.760000e+00
     vertex -4.436559e+00  5.000000e-01  1.760000e+00
     vertex -4.440000e+00  5.000000e-01  1.777709e+00
   endloop
 endfacet
 facet normal  9.710955e-16  1.000000e+00 -3.638012e-16
   outer loop
     vertex -3.875000e+00  5.000000e-01  1.760000e+00
     vertex -4.440000e+00  5.000000e-01  1.777709e+00
     vertex -4.400000e+00  5.000000e-01  2.800000e+00
   endloop
 endfacet
 facet normal  9.706868e-16  1.000000e+00 -3.640075e-16
   outer loop
     vertex -3.875000e+00  5.000000e-01  1.760000e+00
     vertex -4.400000e+00  5.000000e-01  2.800000e+00
     vertex -3.875000e+00  5.000000e-01  4.200000e+00
   endloop
 endfacet
 facet normal -9.816361e-01 -3.137624e-17 -1.907632e-01
   outer loop
     vertex -4.436559e+00  5.000000e-01  1.760000e+00
     vertex -4.436559e+00  3.200000e+00  1.760000e+00
     vertex -4.250000e+00  3.200000e+00  8.000000e-01
   endloop
 endfacet
 facet normal -9.816361e-01 -8.471586e-17 -1.907632e-01
   outer loop
     vertex -4.440000e+00  3.947307e-16  1.777709e+00
     vertex -4.440000e+00  5.000000e-01  1.777709e+00
     vertex -4.436559e+00  5.000000e-01  1.760000e+00
   endloop
 endfacet
 facet normal -9.816361e-01 -7.245435e-16 -1.907632e-01
   outer loop
     vertex -4.250000e+00  1.776357e-16  8.000000e-01
     vertex -4.440000e+00  3.947307e-16  1.777709e+00
     vertex -4.436559e+00  5.000000e-01  1.760000e+00
   endloop
 endfacet
 facet normal -9.816361e-01 -3.971056e-17 -1.907632e-01
   outer loop
     vertex -4.250000e+00  1.776357e-16  8.000000e-01
     vertex -4.436559e+00  5.000000e-01  1.760000e+00
     vertex -4.250000e+00  3.200000e+00  8.000000e-01
   endloop
 endfacet
 facet normal  0.000000e+00 -1.000000e+00 -0.000000e+00
   outer loop
     vertex -5.363441e+00  3.200000e+00  1.760000e+00
     vertex -5.550000e+00  3.200000e+00  8.000000e-01
     vertex -5.350000e+00  3.200000e+00  1.260000e+00
   endloop
 endfacet
 facet normal -0.000000e+00 -1.000000e+00 -0.000000e+00
   outer loop
     vertex -5.350000e+00  3.200000e+00  1.760000e+00
     vertex -5.363441e+00  3.200000e+00  1.760000e+00
     vertex -5.350000e+00  3.200000e+00  1.260000e+00
   endloop
 endfacet
 facet normal  0.000000e+00 -1.000000e+00 -0.000000e+00
   outer loop
     vertex -4.450000e+00  3.200000e+00  1.260000e+00
     vertex -5.550000e+00  3.200000e+00  8.000000e-01
     vertex -4.250000e+00  3.200000e+00  8.000000e-01
   endloop
 endfacet
 facet normal -0.000000e+00 -1.000000e+00  0.000000e+00
   outer loop
     vertex -4.450000e+00  3.200000e+00  1.260000e+00
     vertex -5.350000e+00  3.200000e+00  1.260000e+00
     vertex -5.550000e+00  3.200000e+00  8.000000e-01
   endloop
 endfacet
 facet normal  3.303885e-14 -1.000000e+00  0.000000e+00
   outer loop
     vertex -4.436559e+00  3.200000e+00  1.760000e+00
     vertex -4.450000e+00  3.200000e+00  1.760000e+00
     vertex -4.450000e+00  3.200000e+00  1.260000e+00
   endloop
 endfacet
 facet normal  1.923857e-15 -1.000000e+00  8.364597e-16
   outer loop
     vertex -4.436559e+00  3.200000e+00  1.760000e+00
     vertex -4.450000e+00  3.200000e+00  1.260000e+00
     vertex -4.250000e+00  3.200000e+00  8.000000e-01
   endloop
 endfacet
 facet normal  9.816361e-01 -3.137624e-17 -1.907632e-01
   outer loop
     vertex -5.363441e+00  5.000000e-01  1.760000e+00
     vertex -5.550000e+00  3.200000e+00  8.000000e-01
     vertex -5.363441e+00  3.200000e+00  1.760000e+00
   endloop
 endfacet
 facet normal  9.816361e-01 -4.434550e-17 -1.907632e-01
   outer loop
     vertex -5.363441e+00  5.000000e-01  1.760000e+00
     vertex -5.550000e+00  1.776357e-16  8.000000e-01
     vertex -5.550000e+00  3.200000e+00  8.000000e-01
   endloop
 endfacet
 facet normal  9.816361e-01 -8.471586e-17 -1.907632e-01
   outer loop
     vertex -5.360000e+00  3.947307e-16  1.777709e+00
     vertex -5.363441e+00  5.000000e-01  1.760000e+00
     vertex -5.360000e+00  5.000000e-01  1.777709e+00
   endloop
 endfacet
 facet normal  9.816361e-01  1.006698e-15 -1.907632e-01
   outer loop
     vertex -5.360000e+00  3.947307e-16  1.777709e+00
     vertex -5.550000e+00  1.776357e-16  8.000000e-01
     vertex -5.363441e+00  5.000000e-01  1.760000e+00
   endloop
 endfacet
 facet normal  0.000000e+00 -2.368476e-16 -1.000000e+00
   outer loop
     vertex -3.050000e+00  3.200000e+00  8.000000e-01
     vertex -8.000000e-01  6.950000e+00  8.000000e-01
     vertex -1.750000e+00  3.200000e+00  8.000000e-01
   endloop
 endfacet
 facet normal -5.212709e-17 -2.236420e-16 -1.000000e+00
   outer loop
     vertex -8.000000e-01  1.776357e-16  8.000000e-01
     vertex -1.750000e+00  3.200000e+00  8.000000e-01
     vertex -8.000000e-01  6.950000e+00  8.000000e-01
   endloop
 endfacet
 facet normal  0.000000e+00 -2.368476e-16 -1.000000e+00
   outer loop
     vertex -4.250000e+00  3.200000e+00  8.000000e-01
     vertex -8.000000e-01  6.950000e+00  8.000000e-01
     vertex -3.050000e+00  3.200000e+00  8.000000e-01
   endloop
 endfacet
 facet normal  0.000000e+00 -2.081668e-16 -1.000000e+00
   outer loop
     vertex -1.750000e+00  1.776357e-16  8.000000e-01
     vertex -1.750000e+00  3.200000e+00  8.000000e-01
     vertex -8.000000e-01  1.776357e-16  8.000000e-01
   endloop
 endfacet
 facet normal  0.000000e+00 -2.368476e-16 -1.000000e+00
   outer loop
     vertex -5.550000e+00  3.200000e+00  8.000000e-01
     vertex -8.000000e-01  6.950000e+00  8.000000e-01
     vertex -4.250000e+00  3.200000e+00  8.000000e-01
   endloop
 endfacet
 facet normal  0.000000e+00 -2.368476e-16 -1.000000e+00
   outer loop
     vertex -6.750000e+00  3.200000e+00  8.000000e-01
     vertex -8.000000e-01  6.950000e+00  8.000000e-01
     vertex -5.550000e+00  3.200000e+00  8.000000e-01
   endloop
 endfacet
 facet normal  0.000000e+00 -2.081668e-16 -1.000000e+00
   outer loop
     vertex -4.250000e+00  1.776357e-16  8.000000e-01
     vertex -3.050000e+00  3.200000e+00  8.000000e-01
     vertex -3.050000e+00  1.776357e-16  8.000000e-01
   endloop
 endfacet
 facet normal  0.000000e+00 -2.081668e-16 -1.000000e+00
   outer loop
     vertex -4.250000e+00  1.776357e-16  8.000000e-01
     vertex -4.250000e+00  3.200000e+00  8.000000e-01
     vertex -3.050000e+00  3.200000e+00  8.000000e-01
   endloop
 endfacet
 facet normal  0.000000e+00 -2.368476e-16 -1.000000e+00
   outer loop
     vertex -8.050000e+00  3.200000e+00  8.000000e-01
     vertex -8.000000e-01  6.950000e+00  8.000000e-01
     vertex -6.750000e+00  3.200000e+00  8.000000e-01
   endloop
 endfacet
 facet normal  0.000000e+00 -2.081668e-16 -1.000000e+00
   outer loop
     vertex -6.750000e+00  1.776357e-16  8.000000e-01
     vertex -5.550000e+00  3.200000e+00  8.000000e-01
     vertex -5.550000e+00  1.776357e-16  8.000000e-01
   endloop
 endfacet
 facet normal  0.000000e+00 -2.081668e-16 -1.000000e+00
   outer loop
     vertex -6.750000e+00  1.776357e-16  8.000000e-01
     vertex -6.750000e+00  3.200000e+00  8.000000e-01
     vertex -5.550000e+00  3.200000e+00  8.000000e-01
   endloop
 endfacet
 facet normal  0.000000e+00 -2.081668e-16 -1.000000e+00
   outer loop
     vertex -9.250000e+00  1.776357e-16  8.000000e-01
     vertex -8.050000e+00  3.200000e+00  8.000000e-01
     vertex -8.050000e+00  1.776357e-16  8.000000e-01
   endloop
 endfacet
 facet normal  0.000000e+00 -2.081668e-16 -1.000000e+00
   outer loop
     vertex -9.250000e+00  1.776357e-16  8.000000e-01
     vertex -9.250000e+00  3.200000e+00  8.000000e-01
     vertex -8.050000e+00  3.200000e+00  8.000000e-01
   endloop
 endfacet
 facet normal  0.000000e+00 -1.776357e-16 -1.000000e+00
   outer loop
     vertex -1.650000e+01  6.950000e+00  8.000000e-01
     vertex -9.250000e+00  3.200000e+00  8.000000e-01
     vertex -1.055000e+01  3.200000e+00  8.000000e-01
   endloop
 endfacet
 facet normal -1.414297e-17 -2.095045e-16 -1.000000e+00
   outer loop
     vertex -1.650000e+01  6.950000e+00  8.000000e-01
     vertex -8.000000e-01  6.950000e+00  8.000000e-01
     vertex -8.050000e+00  3.200000e+00  8.000000e-01
   endloop
 endfacet
 facet normal  0.000000e+00 -1.776357e-16 -1.000000e+00
   outer loop
     vertex -1.650000e+01  6.950000e+00  8.000000e-01
     vertex -8.050000e+00  3.200000e+00  8.000000e-01
     vertex -9.250000e+00  3.200000e+00  8.000000e-01
   endloop
 endfacet
 facet normal  0.000000e+00 -1.776357e-16 -1.000000e+00
   outer loop
     vertex -1.650000e+01  6.950000e+00  8.000000e-01
     vertex -1.055000e+01  3.200000e+00  8.000000e-01
     vertex -1.175000e+01  3.200000e+00  8.000000e-01
   endloop
 endfacet
 facet normal  0.000000e+00 -1.776357e-16 -1.000000e+00
   outer loop
     vertex -1.305000e+01  3.200000e+00  8.000000e-01
     vertex -1.650000e+01  6.950000e+00  8.000000e-01
     vertex -1.175000e+01  3.200000e+00  8.000000e-01
   endloop
 endfacet
 facet normal  0.000000e+00 -1.776357e-16 -1.000000e+00
   outer loop
     vertex -1.425000e+01  3.200000e+00  8.000000e-01
     vertex -1.650000e+01  6.950000e+00  8.000000e-01
     vertex -1.305000e+01  3.200000e+00  8.000000e-01
   endloop
 endfacet
 facet normal  0.000000e+00 -2.081668e-16 -1.000000e+00
   outer loop
     vertex -1.175000e+01  1.776357e-16  8.000000e-01
     vertex -1.055000e+01  3.200000e+00  8.000000e-01
     vertex -1.055000e+01  1.776357e-16  8.000000e-01
   endloop
 endfacet
 facet normal  0.000000e+00 -2.081668e-16 -1.000000e+00
   outer loop
     vertex -1.175000e+01  1.776357e-16  8.000000e-01
     vertex -1.175000e+01  3.200000e+00  8.000000e-01
     vertex -1.055000e+01  3.200000e+00  8.000000e-01
   endloop
 endfacet
 facet normal  0.000000e+00 -1.776357e-16 -1.000000e+00
   outer loop
     vertex -1.555000e+01  3.200000e+00  8.000000e-01
     vertex -1.650000e+01  6.950000e+00  8.000000e-01
     vertex -1.425000e+01  3.200000e+00  8.000000e-01
   endloop
 endfacet
 facet normal  0.000000e+00 -2.081668e-16 -1.000000e+00
   outer loop
     vertex -1.425000e+01  1.776357e-16  8.000000e-01
     vertex -1.305000e+01  3.200000e+00  8.000000e-01
     vertex -1.305000e+01  1.776357e-16  8.000000e-01
   endloop
 endfacet
 facet normal  0.000000e+00 -2.081668e-16 -1.000000e+00
   outer loop
     vertex -1.425000e+01  1.776357e-16  8.000000e-01
     vertex -1.425000e+01  3.200000e+00  8.000000e-01
     vertex -1.305000e+01  3.200000e+00  8.000000e-01
   endloop
 endfacet
 facet normal -2.337312e-16 -2.081668e-16 -1.000000e+00
   outer loop
     vertex -1.650000e+01  1.776357e-16  8.000000e-01
     vertex -1.555000e+01  3.200000e+00  8.000000e-01
     vertex -1.555000e+01  1.776357e-16  8.000000e-01
   endloop
 endfacet
 facet normal -1.816041e-16 -2.236420e-16 -1.000000e+00
   outer loop
     vertex -1.650000e+01  1.776357e-16  8.000000e-01
     vertex -1.650000e+01  6.950000e+00  8.000000e-01
     vertex -1.555000e+01  3.200000e+00  8.000000e-01
   endloop
 endfacet
 facet normal  0.000000e+00 -4.440892e-16 -1.000000e+00
   outer loop
     vertex -1.940000e+00  3.947307e-16  1.777709e+00
     vertex -2.860000e+00  5.000000e-01  1.777709e+00
     vertex -1.940000e+00  5.000000e-01  1.777709e+00
   endloop
 endfacet
 facet normal -0.000000e+00 -4.440892e-16 -1.000000e+00
   outer loop
     vertex -1.940000e+00  3.947307e-16  1.777709e+00
     vertex -2.860000e+00  3.947307e-16  1.777709e+00
     vertex -2.860000e+00  5.000000e-01  1.777709e+00
   endloop
 endfacet
 facet normal  0.000000e+00 -4.440892e-16 -1.000000e+00
   outer loop
     vertex -4.440000e+00  3.947307e-16  1.777709e+00
     vertex -5.360000e+00  5.000000e-01  1.777709e+00
     vertex -4.440000e+00  5.000000e-01  1.777709e+00
   endloop
 endfacet
 facet normal -0.000000e+00 -4.440892e-16 -1.000000e+00
   outer loop
     vertex -4.440000e+00  3.947307e-16  1.777709e+00
     vertex -5.360000e+00  3.947307e-16  1.777709e+00
     vertex -5.360000e+00  5.000000e-01  1.777709e+00
   endloop
 endfacet
 facet normal  0.000000e+00 -4.440892e-16 -1.000000e+00
   outer loop
     vertex -6.940000e+00  3.947307e-16  1.777709e+00
     vertex -7.860000e+00  5.000000e-01  1.777709e+00
     vertex -6.940000e+00  5.000000e-01  1.777709e+00
   endloop
 endfacet
 facet normal -0.000000e+00 -4.440892e-16 -1.000000e+00
   outer loop
     vertex -6.940000e+00  3.947307e-16  1.777709e+00
     vertex -7.860000e+00  3.947307e-16  1.777709e+00
     vertex -7.860000e+00  5.000000e-01  1.777709e+00
   endloop
 endfacet
 facet normal  0.000000e+00 -4.440892e-16 -1.000000e+00
   outer loop
     vertex -9.440000e+00  3.947307e-16  1.777709e+00
     vertex -1.036000e+01  5.000000e-01  1.777709e+00
     vertex -9.440000e+00  5.000000e-01  1.777709e+00
   endloop
 endfacet
 facet normal -0.000000e+00 -4.440892e-16 -1.000000e+00
   outer loop
     vertex -9.440000e+00  3.947307e-16  1.777709e+00
     vertex -1.036000e+01  3.947307e-16  1.777709e+00
     vertex -1.036000e+01  5.000000e-01  1.777709e+00
   endloop
 endfacet
 facet normal  0.000000e+00 -4.440892e-16 -1.000000e+00
   outer loop
     vertex -1.194000e+01  3.947307e-16  1.777709e+00
     vertex -1.286000e+01  5.000000e-01  1.777709e+00
     vertex -1.194000e+01  5.000000e-01  1.777709e+00
   endloop
 endfacet
 facet normal -0.000000e+00 -4.440892e-16 -1.000000e+00
   outer loop
     vertex -1.194000e+01  3.947307e-16  1.777709e+00
     vertex -1.286000e+01  3.947307e-16  1.777709e+00
     vertex -1.286000e+01  5.000000e-01  1.777709e+00
   endloop
 endfacet
 facet normal  0.000000e+00 -4.440892e-16 -1.000000e+00
   outer loop
     vertex -1.444000e+01  3.947307e-16  1.777709e+00
     vertex -1.536000e+01  5.000000e-01  1.777709e+00
     vertex -1.444000e+01  5.000000e-01  1.777709e+00
   endloop
 endfacet
 facet normal -0.000000e+00 -4.440892e-16 -1.000000e+00
   outer loop
     vertex -1.444000e+01  3.947307e-16  1.777709e+00
     vertex -1.536000e+01  3.947307e-16  1.777709e+00
     vertex -1.536000e+01  5.000000e-01  1.777709e+00
   endloop
 endfacet
 facet normal  1.000000e+00 -0.000000e+00  0.000000e+00
   outer loop
     vertex -7.900000e+00  8.437695e-16  3.800000e+00
     vertex -7.900000e+00  5.000000e-01  2.800000e+00
     vertex -7.900000e+00  5.000000e-01  3.800000e+00
   endloop
 endfacet
 facet normal  1.000000e+00  0.000000e+00  0.000000e+00
   outer loop
     vertex -7.900000e+00  8.437695e-16  3.800000e+00
     vertex -7.900000e+00  6.217249e-16  2.800000e+00
     vertex -7.900000e+00  5.000000e-01  2.800000e+00
   endloop
 endfacet
 facet normal  0.000000e+00  0.000000e+00  1.000000e+00
   outer loop
     vertex -7.900000e+00  6.217249e-16  2.800000e+00
     vertex -6.900000e+00  5.000000e-01  2.800000e+00
     vertex -7.900000e+00  5.000000e-01  2.800000e+00
   endloop
 endfacet
 facet normal  0.000000e+00  0.000000e+00  1.000000e+00
   outer loop
     vertex -7.900000e+00  6.217249e-16  2.800000e+00
     vertex -6.900000e+00  6.217249e-16  2.800000e+00
     vertex -6.900000e+00  5.000000e-01  2.800000e+00
   endloop
 endfacet
 facet normal  0.000000e+00  0.000000e+00 -1.000000e+00
   outer loop
     vertex -6.900000e+00  8.437695e-16  3.800000e+00
     vertex -7.900000e+00  5.000000e-01  3.800000e+00
     vertex -6.900000e+00  5.000000e-01  3.800000e+00
   endloop
 endfacet
 facet normal  0.000000e+00  0.000000e+00 -1.000000e+00
   outer loop
     vertex -6.900000e+00  8.437695e-16  3.800000e+00
     vertex -7.900000e+00  8.437695e-16  3.800000e+00
     vertex -7.900000e+00  5.000000e-01  3.800000e+00
   endloop
 endfacet
 facet normal -1.000000e+00  0.000000e+00  0.000000e+00
   outer loop
     vertex -6.900000e+00  6.217249e-16  2.800000e+00
     vertex -6.900000e+00  5.000000e-01  3.800000e+00
     vertex -6.900000e+00  5.000000e-01  2.800000e+00
   endloop
 endfacet
 facet normal -1.000000e+00  0.000000e+00  0.000000e+00
   outer loop
     vertex -6.900000e+00  6.217249e-16  2.800000e+00
     vertex -6.900000e+00  8.437695e-16  3.800000e+00
     vertex -6.900000e+00  5.000000e-01  3.800000e+00
   endloop
 endfacet
 facet normal  1.000000e+00 -0.000000e+00  0.000000e+00
   outer loop
     vertex -1.040000e+01  8.437695e-16  3.800000e+00
     vertex -1.040000e+01  5.000000e-01  2.800000e+00
     vertex -1.040000e+01  5.000000e-01  3.800000e+00
   endloop
 endfacet
 facet normal  1.000000e+00  0.000000e+00  0.000000e+00
   outer loop
     vertex -1.040000e+01  8.437695e-16  3.800000e+00
     vertex -1.040000e+01  6.217249e-16  2.800000e+00
     vertex -1.040000e+01  5.000000e-01  2.800000e+00
   endloop
 endfacet
 facet normal  0.000000e+00  0.000000e+00  1.000000e+00
   outer loop
     vertex -1.040000e+01  6.217249e-16  2.800000e+00
     vertex -9.400000e+00  5.000000e-01  2.800000e+00
     vertex -1.040000e+01  5.000000e-01  2.800000e+00
   endloop
 endfacet
 facet normal  0.000000e+00  0.000000e+00  1.000000e+00
   outer loop
     vertex -1.040000e+01  6.217249e-16  2.800000e+00
     vertex -9.400000e+00  6.217249e-16  2.800000e+00
     vertex -9.400000e+00  5.000000e-01  2.800000e+00
   endloop
 endfacet
 facet normal  0.000000e+00  0.000000e+00 -1.000000e+00
   outer loop
     vertex -9.400000e+00  8.437695e-16  3.800000e+00
     vertex -1.040000e+01  5.000000e-01  3.800000e+00
     vertex -9.400000e+00  5.000000e-01  3.800000e+00
   endloop
 endfacet
 facet normal  0.000000e+00  0.000000e+00 -1.000000e+00
   outer loop
     vertex -9.400000e+00  8.437695e-16  3.800000e+00
     vertex -1.040000e+01  8.437695e-16  3.800000e+00
     vertex -1.040000e+01  5.000000e-01  3.800000e+00
   endloop
 endfacet
 facet normal -1.000000e+00  0.000000e+00  0.000000e+00
   outer loop
     vertex -9.400000e+00  6.217249e-16  2.800000e+00
     vertex -9.400000e+00  5.000000e-01  3.800000e+00
     vertex -9.400000e+00  5.000000e-01  2.800000e+00
   endloop
 endfacet
 facet normal -1.000000e+00  0.000000e+00  0.000000e+00
   outer loop
     vertex -9.400000e+00  6.217249e-16  2.800000e+00
     vertex -9.400000e+00  8.437695e-16  3.800000e+00
     vertex -9.400000e+00  5.000000e-01  3.800000e+00
   endloop
 endfacet
 facet normal  1.000000e+00 -0.000000e+00  0.000000e+00
   outer loop
     vertex -1.540000e+01  8.437695e-16  3.800000e+00
     vertex -1.540000e+01  5.000000e-01  2.800000e+00
     vertex -1.540000e+01  5.000000e-01  3.800000e+00
   endloop
 endfacet
 facet normal  1.000000e+00  0.000000e+00  0.000000e+00
   outer loop
     vertex -1.540000e+01  8.437695e-16  3.800000e+00
     vertex -1.540000e+01  6.217249e-16  2.800000e+00
     vertex -1.540000e+01  5.000000e-01  2.800000e+00
   endloop
 endfacet
 facet normal  0.000000e+00  0.000000e+00  1.000000e+00
   outer loop
     vertex -1.540000e+01  6.217249e-16  2.800000e+00
     vertex -1.440000e+01  5.000000e-01  2.800000e+00
     vertex -1.540000e+01  5.000000e-01  2.800000e+00
   endloop
 endfacet
 facet normal  0.000000e+00  0.000000e+00  1.000000e+00
   outer loop
     vertex -1.540000e+01  6.217249e-16  2.800000e+00
     vertex -1.440000e+01  6.217249e-16  2.800000e+00
     vertex -1.440000e+01  5.000000e-01  2.800000e+00
   endloop
 endfacet
 facet normal -1.000000e+00  0.000000e+00  0.000000e+00
   outer loop
     vertex -1.440000e+01  6.217249e-16  2.800000e+00
     vertex -1.440000e+01  5.000000e-01  3.800000e+00
     vertex -1.440000e+01  5.000000e-01  2.800000e+00
   endloop
 endfacet
 facet normal -1.000000e+00  0.000000e+00  0.000000e+00
   outer loop
     vertex -1.440000e+01  6.217249e-16  2.800000e+00
     vertex -1.440000e+01  8.437695e-16  3.800000e+00
     vertex -1.440000e+01  5.000000e-01  3.800000e+00
   endloop
 endfacet
 facet normal  0.000000e+00  0.000000e+00 -1.000000e+00
   outer loop
     vertex -1.440000e+01  8.437695e-16  3.800000e+00
     vertex -1.540000e+01  5.000000e-01  3.800000e+00
     vertex -1.440000e+01  5.000000e-01  3.800000e+00
   endloop
 endfacet
 facet normal  0.000000e+00  0.000000e+00 -1.000000e+00
   outer loop
     vertex -1.440000e+01  8.437695e-16  3.800000e+00
     vertex -1.540000e+01  8.437695e-16  3.800000e+00
     vertex -1.540000e+01  5.000000e-01  3.800000e+00
   endloop
 endfacet
 facet normal  1.000000e+00 -0.000000e+00  0.000000e+00
   outer loop
     vertex -1.290000e+01  8.437695e-16  3.800000e+00
     vertex -1.290000e+01  5.000000e-01  2.800000e+00
     vertex -1.290000e+01  5.000000e-01  3.800000e+00
   endloop
 endfacet
 facet normal  1.000000e+00  0.000000e+00  0.000000e+00
   outer loop
     vertex -1.290000e+01  8.437695e-16  3.800000e+00
     vertex -1.290000e+01  6.217249e-16  2.800000e+00
     vertex -1.290000e+01  5.000000e-01  2.800000e+00
   endloop
 endfacet
 facet normal  0.000000e+00  0.000000e+00  1.000000e+00
   outer loop
     vertex -1.290000e+01  6.217249e-16  2.800000e+00
     vertex -1.190000e+01  5.000000e-01  2.800000e+00
     vertex -1.290000e+01  5.000000e-01  2.800000e+00
   endloop
 endfacet
 facet normal  0.000000e+00  0.000000e+00  1.000000e+00
   outer loop
     vertex -1.290000e+01  6.217249e-16  2.800000e+00
     vertex -1.190000e+01  6.217249e-16  2.800000e+00
     vertex -1.190000e+01  5.000000e-01  2.800000e+00
   endloop
 endfacet
 facet normal  0.000000e+00  0.000000e+00 -1.000000e+00
   outer loop
     vertex -1.190000e+01  8.437695e-16  3.800000e+00
     vertex -1.290000e+01  5.000000e-01  3.800000e+00
     vertex -1.190000e+01  5.000000e-01  3.800000e+00
   endloop
 endfacet
 facet normal  0.000000e+00  0.000000e+00 -1.000000e+00
   outer loop
     vertex -1.190000e+01  8.437695e-16  3.800000e+00
     vertex -1.290000e+01  8.437695e-16  3.800000e+00
     vertex -1.290000e+01  5.000000e-01  3.800000e+00
   endloop
 endfacet
 facet normal -1.000000e+00  0.000000e+00  0.000000e+00
   outer loop
     vertex -1.190000e+01  6.217249e-16  2.800000e+00
     vertex -1.190000e+01  5.000000e-01  3.800000e+00
     vertex -1.190000e+01  5.000000e-01  2.800000e+00
   endloop
 endfacet
 facet normal -1.000000e+00  0.000000e+00  0.000000e+00
   outer loop
     vertex -1.190000e+01  6.217249e-16  2.800000e+00
     vertex -1.190000e+01  8.437695e-16  3.800000e+00
     vertex -1.190000e+01  5.000000e-01  3.800000e+00
   endloop
 endfacet
 facet normal  1.000000e+00 -0.000000e+00  0.000000e+00
   outer loop
     vertex -2.900000e+00  8.437695e-16  3.800000e+00
     vertex -2.900000e+00  5.000000e-01  2.800000e+00
     vertex -2.900000e+00  5.000000e-01  3.800000e+00
   endloop
 endfacet
 facet normal  1.000000e+00  0.000000e+00  0.000000e+00
   outer loop
     vertex -2.900000e+00  8.437695e-16  3.800000e+00
     vertex -2.900000e+00  6.217249e-16  2.800000e+00
     vertex -2.900000e+00  5.000000e-01  2.800000e+00
   endloop
 endfacet
 facet normal  0.000000e+00  0.000000e+00  1.000000e+00
   outer loop
     vertex -2.900000e+00  6.217249e-16  2.800000e+00
     vertex -1.900000e+00  5.000000e-01  2.800000e+00
     vertex -2.900000e+00  5.000000e-01  2.800000e+00
   endloop
 endfacet
 facet normal  0.000000e+00  0.000000e+00  1.000000e+00
   outer loop
     vertex -2.900000e+00  6.217249e-16  2.800000e+00
     vertex -1.900000e+00  6.217249e-16  2.800000e+00
     vertex -1.900000e+00  5.000000e-01  2.800000e+00
   endloop
 endfacet
 facet normal  0.000000e+00  0.000000e+00 -1.000000e+00
   outer loop
     vertex -1.900000e+00  8.437695e-16  3.800000e+00
     vertex -2.900000e+00  5.000000e-01  3.800000e+00
     vertex -1.900000e+00  5.000000e-01  3.800000e+00
   endloop
 endfacet
 facet normal  0.000000e+00  0.000000e+00 -1.000000e+00
   outer loop
     vertex -1.900000e+00  8.437695e-16  3.800000e+00
     vertex -2.900000e+00  8.437695e-16  3.800000e+00
     vertex -2.900000e+00  5.000000e-01  3.800000e+00
   endloop
 endfacet
 facet normal -1.000000e+00  0.000000e+00  0.000000e+00
   outer loop
     vertex -1.900000e+00  6.217249e-16  2.800000e+00
     vertex -1.900000e+00  5.000000e-01  3.800000e+00
     vertex -1.900000e+00  5.000000e-01  2.800000e+00
   endloop
 endfacet
 facet normal -1.000000e+00  0.000000e+00  0.000000e+00
   outer loop
     vertex -1.900000e+00  6.217249e-16  2.800000e+00
     vertex -1.900000e+00  8.437695e-16  3.800000e+00
     vertex -1.900000e+00  5.000000e-01  3.800000e+00
   endloop
 endfacet
 facet normal  1.000000e+00 -0.000000e+00  0.000000e+00
   outer loop
     vertex -5.400000e+00  8.437695e-16  3.800000e+00
     vertex -5.400000e+00  5.000000e-01  2.800000e+00
     vertex -5.400000e+00  5.000000e-01  3.800000e+00
   endloop
 endfacet
 facet normal  1.000000e+00  0.000000e+00  0.000000e+00
   outer loop
     vertex -5.400000e+00  8.437695e-16  3.800000e+00
     vertex -5.400000e+00  6.217249e-16  2.800000e+00
     vertex -5.400000e+00  5.000000e-01  2.800000e+00
   endloop
 endfacet
 facet normal  0.000000e+00  0.000000e+00  1.000000e+00
   outer loop
     vertex -5.400000e+00  6.217249e-16  2.800000e+00
     vertex -4.400000e+00  5.000000e-01  2.800000e+00
     vertex -5.400000e+00  5.000000e-01  2.800000e+00
   endloop
 endfacet
 facet normal  0.000000e+00  0.000000e+00  1.000000e+00
   outer loop
     vertex -5.400000e+00  6.217249e-16  2.800000e+00
     vertex -4.400000e+00  6.217249e-16  2.800000e+00
     vertex -4.400000e+00  5.000000e-01  2.800000e+00
   endloop
 endfacet
 facet normal  0.000000e+00  0.000000e+00 -1.000000e+00
   outer loop
     vertex -4.400000e+00  8.437695e-16  3.800000e+00
     vertex -5.400000e+00  5.000000e-01  3.800000e+00
     vertex -4.400000e+00  5.000000e-01  3.800000e+00
   endloop
 endfacet
 facet normal  0.000000e+00  0.000000e+00 -1.000000e+00
   outer loop
     vertex -4.400000e+00  8.437695e-16  3.800000e+00
     vertex -5.400000e+00  8.437695e-16  3.800000e+00
     vertex -5.400000e+00  5.000000e-01  3.800000e+00
   endloop
 endfacet
 facet normal -1.000000e+00  0.000000e+00  0.000000e+00
   outer loop
     vertex -4.400000e+00  6.217249e-16  2.800000e+00
     vertex -4.400000e+00  5.000000e-01  3.800000e+00
     vertex -4.400000e+00  5.000000e-01  2.800000e+00
   endloop
 endfacet
 facet normal -1.000000e+00  0.000000e+00  0.000000e+00
   outer loop
     vertex -4.400000e+00  6.217249e-16  2.800000e+00
     vertex -4.400000e+00  8.437695e-16  3.800000e+00
     vertex -4.400000e+00  5.000000e-01  3.800000e+00
   endloop
 endfacet
endsolid
